{
  "type": "FeatureCollection",
  "features": [
    {
      "type": "Feature",
      "geometry": {
        "type": "Point",
        "coordinates": [
          2.3421039325199855,
          41.608652154303385
        ]
      },
      "properties": {
        "id": "n_5d6c938dce6c436166000261",
        "map": "f_5d6c88c031894200135e3777",
        "neighbors": [
          {
            "id": "n_602fe78aedfe25725f00000a",
            "weight": 0
          },
          {
            "id": "n_602fe7a9edfe25725f00000d",
            "weight": 0
          },
          {
            "id": "n_6058972a2d417e3b92000000",
            "weight": 0
          }
        ],
        "space": [],
        "flags": [
          1
        ]
      }
    },
    {
      "type": "Feature",
      "geometry": {
        "type": "Point",
        "coordinates": [
          2.342304379731677,
          41.608839090399826
        ]
      },
      "properties": {
        "id": "n_5d6c9393ce6c436166000262",
        "map": "f_5d6c88c031894200135e3777",
        "neighbors": [
          {
            "id": "n_5d6c957ace6c43616600027a",
            "weight": 0
          },
          {
            "id": "n_5d6c957ece6c43616600027b",
            "weight": 0
          },
          {
            "id": "n_5ec79bcd7e79207f6f000000",
            "weight": 0
          },
          {
            "id": "n_64818bf94b48b3953607d8a7",
            "weight": 0
          }
        ],
        "space": [],
        "flags": [
          1
        ]
      }
    },
    {
      "type": "Feature",
      "geometry": {
        "type": "Point",
        "coordinates": [
          2.342492729703387,
          41.609204737646856
        ]
      },
      "properties": {
        "id": "n_5d6c939bce6c436166000263",
        "map": "f_5d6c88c031894200135e3777",
        "neighbors": [
          {
            "id": "n_5d6c95b1ce6c436166000288",
            "weight": 0
          },
          {
            "id": "n_5ec79c0e7e79207f6f000002",
            "weight": 0
          },
          {
            "id": "n_64803e1bf30f1c6cd8c445b1",
            "weight": 0
          }
        ],
        "space": [],
        "flags": [
          1
        ]
      }
    },
    {
      "type": "Feature",
      "geometry": {
        "type": "Point",
        "coordinates": [
          2.343011107959306,
          41.60969508692378
        ]
      },
      "properties": {
        "id": "n_5d6c93a8ce6c436166000264",
        "map": "f_5d6c88c031894200135e3777",
        "externalId": "NODE-2PE16CWR",
        "neighbors": [
          {
            "id": "n_5d6c9628ce6c4361660002a8",
            "weight": 0
          },
          {
            "id": "n_64803ef7f30f1c6cd8c445be",
            "weight": 0
          }
        ],
        "space": [],
        "flags": [
          1
        ]
      }
    },
    {
      "type": "Feature",
      "geometry": {
        "type": "Point",
        "coordinates": [
          2.3430527379519535,
          41.60993605368184
        ]
      },
      "properties": {
        "id": "n_5d6c93b5ce6c436166000265",
        "map": "f_5d6c88c031894200135e3777",
        "neighbors": [
          {
            "id": "n_5d6c9636ce6c4361660002ae",
            "weight": 0
          },
          {
            "id": "n_5d6c963dce6c4361660002b1",
            "weight": 0
          },
          {
            "id": "n_5ec79c827e79207f6f000009",
            "weight": 0
          }
        ],
        "space": [],
        "flags": [
          1
        ]
      }
    },
    {
      "type": "Feature",
      "geometry": {
        "type": "Point",
        "coordinates": [
          2.343212189818451,
          41.61016953216962
        ]
      },
      "properties": {
        "id": "n_5d6c93bace6c436166000266",
        "map": "f_5d6c88c031894200135e3777",
        "externalId": "NODE-3VMAX75B",
        "neighbors": [
          {
            "id": "n_5d6c964dce6c4361660002b6",
            "weight": 0
          },
          {
            "id": "n_5ec79ca17e79207f6f00000b",
            "weight": 0
          },
          {
            "id": "n_5d920f79e48bb31640000533",
            "weight": 0
          },
          {
            "id": "n_64805103833f038658c66303",
            "weight": 0
          },
          {
            "id": "n_6a4768be380c4f105bde4185",
            "weight": 0
          }
        ],
        "space": [],
        "flags": [
          1
        ]
      }
    },
    {
      "type": "Feature",
      "geometry": {
        "type": "Point",
        "coordinates": [
          2.3433495708106866,
          41.61038471748781
        ]
      },
      "properties": {
        "id": "n_5d6c93e4ce6c43616600026a",
        "map": "f_5d6c88c031894200135e3777",
        "neighbors": [
          {
            "id": "n_5d6c9678ce6c4361660002bf",
            "weight": 0
          },
          {
            "id": "n_5d6c967ece6c4361660002c1",
            "weight": 0
          },
          {
            "id": "n_5d6c9681ce6c4361660002c2",
            "weight": 0
          }
        ],
        "space": [],
        "flags": [
          1
        ]
      }
    },
    {
      "type": "Feature",
      "geometry": {
        "type": "Point",
        "coordinates": [
          2.3432371862287624,
          41.610278515227286
        ]
      },
      "properties": {
        "id": "n_5d6c93ebce6c43616600026b",
        "map": "f_5d6c88c031894200135e3777",
        "neighbors": [
          {
            "id": "n_5d6c965bce6c4361660002ba",
            "weight": 0
          },
          {
            "id": "n_5d6c9660ce6c4361660002bb",
            "weight": 0
          },
          {
            "id": "n_64803f11f30f1c6cd8c445c0",
            "weight": 0
          }
        ],
        "space": [],
        "flags": [
          1
        ]
      }
    },
    {
      "type": "Feature",
      "geometry": {
        "type": "Point",
        "coordinates": [
          2.3440666180809733,
          41.61106306760144
        ]
      },
      "properties": {
        "id": "n_5d6c93f9ce6c43616600026c",
        "map": "f_5d6c88c031894200135e3777",
        "neighbors": [
          {
            "id": "n_5d6c9718ce6c4361660002f1",
            "weight": 0
          },
          {
            "id": "n_5d6c9729ce6c4361660002f3",
            "weight": 0
          },
          {
            "id": "n_5d6c9747ce6c4361660002f4",
            "weight": 0
          }
        ],
        "space": [],
        "flags": [
          1
        ]
      }
    },
    {
      "type": "Feature",
      "geometry": {
        "type": "Point",
        "coordinates": [
          2.3442119337501204,
          41.611402102568825
        ]
      },
      "properties": {
        "id": "n_5d6c941cce6c43616600026d",
        "map": "f_5d6c88c031894200135e3777",
        "neighbors": [
          {
            "id": "n_5d6c976bce6c436166000301",
            "weight": 0
          },
          {
            "id": "n_5d6c9774ce6c436166000303",
            "weight": 0
          },
          {
            "id": "n_5d6c9777ce6c436166000304",
            "weight": 0
          },
          {
            "id": "n_5d6c979dce6c43616600030d",
            "weight": 0
          }
        ],
        "space": [],
        "flags": [
          1
        ]
      }
    },
    {
      "type": "Feature",
      "geometry": {
        "type": "Point",
        "coordinates": [
          2.345218287919698,
          41.61228706562641
        ]
      },
      "properties": {
        "id": "n_5d6c9426ce6c43616600026e",
        "map": "f_5d6c88c031894200135e3777",
        "neighbors": [
          {
            "id": "n_5d6c9811ce6c43616600032c",
            "weight": 0
          },
          {
            "id": "n_5d6c9846ce6c436166000333",
            "weight": 0
          }
        ],
        "space": [],
        "flags": [
          1
        ]
      }
    },
    {
      "type": "Feature",
      "geometry": {
        "type": "Point",
        "coordinates": [
          2.344721165769991,
          41.612641848218786
        ]
      },
      "properties": {
        "id": "n_5d6c9445ce6c436166000271",
        "map": "f_5d6c88c031894200135e3777",
        "neighbors": [
          {
            "id": "n_5d6c98a2ce6c43616600034b",
            "weight": 0
          },
          {
            "id": "n_5d6c98acce6c43616600034d",
            "weight": 0
          },
          {
            "id": "n_5d920f4be48bb3164000052b",
            "weight": 0
          },
          {
            "id": "n_64803f7bf30f1c6cd8c445d0",
            "weight": 0
          }
        ],
        "space": [],
        "flags": [
          1
        ]
      }
    },
    {
      "type": "Feature",
      "geometry": {
        "type": "Point",
        "coordinates": [
          2.345236890532412,
          41.613345868718966
        ]
      },
      "properties": {
        "id": "n_5d6c944cce6c436166000272",
        "map": "f_5d6c88c031894200135e3777",
        "neighbors": [
          {
            "id": "n_5d6c990ace6c43616600036b",
            "weight": 0
          },
          {
            "id": "n_5d6c990dce6c43616600036c",
            "weight": 0
          },
          {
            "id": "n_5d6c98fece6c436166000368",
            "weight": 0
          }
        ],
        "space": [],
        "flags": [
          1
        ]
      }
    },
    {
      "type": "Feature",
      "geometry": {
        "type": "Point",
        "coordinates": [
          2.3452785311965023,
          41.61358683467382
        ]
      },
      "properties": {
        "id": "n_5d6c9452ce6c436166000273",
        "map": "f_5d6c88c031894200135e3777",
        "neighbors": [
          {
            "id": "n_5ec79e317e79207f6f00002b",
            "weight": 0
          }
        ],
        "space": [],
        "flags": [
          1
        ]
      }
    },
    {
      "type": "Feature",
      "geometry": {
        "type": "Point",
        "coordinates": [
          2.3420029164565257,
          41.608788263924204
        ]
      },
      "properties": {
        "id": "n_5d6c9560ce6c436166000274",
        "map": "f_5d6c88c031894200135e3777",
        "externalId": null,
        "neighbors": [
          {
            "id": "n_6058972a2d417e3b92000000",
            "weight": 0
          }
        ],
        "space": [
          "s_5d6c8935ce6c436166000063"
        ],
        "flags": [
          1
        ]
      }
    },
    {
      "type": "Feature",
      "geometry": {
        "type": "Point",
        "coordinates": [
          2.3422506803685796,
          41.60878984582804
        ]
      },
      "properties": {
        "id": "n_5d6c9566ce6c436166000275",
        "map": "f_5d6c88c031894200135e3777",
        "externalId": "NODE-HGFPLE5N",
        "neighbors": [
          {
            "id": "n_5d6c9568ce6c436166000276",
            "weight": 0
          },
          {
            "id": "n_5d6c956cce6c436166000277",
            "weight": 0
          },
          {
            "id": "n_64818bfd4b48b3953607d8a9",
            "weight": 0
          },
          {
            "id": "n_6818a2dfe048630be02f74dd",
            "weight": 0
          }
        ],
        "space": [],
        "flags": [
          1
        ]
      }
    },
    {
      "type": "Feature",
      "geometry": {
        "type": "Point",
        "coordinates": [
          2.3421641799610438,
          41.608844182330785
        ]
      },
      "properties": {
        "id": "n_5d6c9568ce6c436166000276",
        "map": "f_5d6c88c031894200135e3777",
        "externalId": null,
        "neighbors": [
          {
            "id": "n_5d6c9566ce6c436166000275",
            "weight": 0
          }
        ],
        "space": [
          "s_5d6c8935ce6c436166000067"
        ],
        "flags": [
          1
        ]
      }
    },
    {
      "type": "Feature",
      "geometry": {
        "type": "Point",
        "coordinates": [
          2.3423308757627717,
          41.608739203455826
        ]
      },
      "properties": {
        "id": "n_5d6c956cce6c436166000277",
        "map": "f_5d6c88c031894200135e3777",
        "externalId": null,
        "neighbors": [
          {
            "id": "n_5d6c9566ce6c436166000275",
            "weight": 0
          }
        ],
        "space": [
          "s_5d6c8935ce6c436166000081"
        ],
        "flags": [
          1
        ]
      }
    },
    {
      "type": "Feature",
      "geometry": {
        "type": "Point",
        "coordinates": [
          2.342162378430726,
          41.60870684535382
        ]
      },
      "properties": {
        "id": "n_5d6c956fce6c436166000278",
        "map": "f_5d6c88c031894200135e3777",
        "neighbors": [
          {
            "id": "n_5d6c9571ce6c436166000279",
            "weight": 0
          },
          {
            "id": "n_6058972a2d417e3b92000000",
            "weight": 0
          },
          {
            "id": "n_64803df4f30f1c6cd8c445ae",
            "weight": 0
          }
        ],
        "space": [],
        "flags": [
          1
        ]
      }
    },
    {
      "type": "Feature",
      "geometry": {
        "type": "Point",
        "coordinates": [
          2.3422454484188013,
          41.6086577515849
        ]
      },
      "properties": {
        "id": "n_5d6c9571ce6c436166000279",
        "map": "f_5d6c88c031894200135e3777",
        "externalId": null,
        "neighbors": [
          {
            "id": "n_5d6c956fce6c436166000278",
            "weight": 0
          }
        ],
        "space": [
          "s_5e26f18c7e79207ae7000001"
        ],
        "flags": [
          1
        ]
      }
    },
    {
      "type": "Feature",
      "geometry": {
        "type": "Point",
        "coordinates": [
          2.3422207561096178,
          41.60889255005987
        ]
      },
      "properties": {
        "id": "n_5d6c957ace6c43616600027a",
        "map": "f_5d6c88c031894200135e3777",
        "externalId": null,
        "neighbors": [
          {
            "id": "n_5d6c9393ce6c436166000262",
            "weight": 0
          }
        ],
        "space": [
          "s_5d6c8935ce6c436166000066"
        ],
        "flags": [
          1
        ]
      }
    },
    {
      "type": "Feature",
      "geometry": {
        "type": "Point",
        "coordinates": [
          2.342385361901879,
          41.60878779051523
        ]
      },
      "properties": {
        "id": "n_5d6c957ece6c43616600027b",
        "map": "f_5d6c88c031894200135e3777",
        "externalId": null,
        "neighbors": [
          {
            "id": "n_5d6c9393ce6c436166000262",
            "weight": 0
          }
        ],
        "space": [
          "s_5d6c8935ce6c436166000082"
        ],
        "flags": [
          1
        ]
      }
    },
    {
      "type": "Feature",
      "geometry": {
        "type": "Point",
        "coordinates": [
          2.342337692103604,
          41.6089037606412
        ]
      },
      "properties": {
        "id": "n_5d6c9583ce6c43616600027c",
        "map": "f_5d6c88c031894200135e3777",
        "neighbors": [
          {
            "id": "n_5d6c9585ce6c43616600027d",
            "weight": 0
          },
          {
            "id": "n_5d6c958ece6c43616600027e",
            "weight": 0
          },
          {
            "id": "n_5ec79bcd7e79207f6f000000",
            "weight": 0
          }
        ],
        "space": [],
        "flags": [
          1
        ]
      }
    },
    {
      "type": "Feature",
      "geometry": {
        "type": "Point",
        "coordinates": [
          2.342403409414801,
          41.6088857295226
        ]
      },
      "properties": {
        "id": "n_5d6c9585ce6c43616600027d",
        "map": "f_5d6c88c031894200135e3777",
        "externalId": null,
        "neighbors": [
          {
            "id": "n_5d6c9583ce6c43616600027c",
            "weight": 0
          }
        ],
        "space": [
          "s_5d6c8935ce6c436166000087"
        ],
        "flags": [
          1
        ]
      }
    },
    {
      "type": "Feature",
      "geometry": {
        "type": "Point",
        "coordinates": [
          2.3423538933305506,
          41.60893521248684
        ]
      },
      "properties": {
        "id": "n_5d6c958ece6c43616600027e",
        "map": "f_5d6c88c031894200135e3777",
        "neighbors": [
          {
            "id": "n_5d6c9583ce6c43616600027c",
            "weight": 0
          },
          {
            "id": "n_5d6c958fce6c43616600027f",
            "weight": 0
          },
          {
            "id": "n_5d6c9592ce6c436166000280",
            "weight": 0
          }
        ],
        "space": [],
        "flags": [
          1
        ]
      }
    },
    {
      "type": "Feature",
      "geometry": {
        "type": "Point",
        "coordinates": [
          2.3422892265271282,
          41.60895108622931
        ]
      },
      "properties": {
        "id": "n_5d6c958fce6c43616600027f",
        "map": "f_5d6c88c031894200135e3777",
        "externalId": null,
        "neighbors": [
          {
            "id": "n_5d6c958ece6c43616600027e",
            "weight": 0
          }
        ],
        "space": [
          "s_5d6c8935ce6c436166000002"
        ],
        "flags": [
          1
        ]
      }
    },
    {
      "type": "Feature",
      "geometry": {
        "type": "Point",
        "coordinates": [
          2.3423730621600583,
          41.60897242537076
        ]
      },
      "properties": {
        "id": "n_5d6c9592ce6c436166000280",
        "map": "f_5d6c88c031894200135e3777",
        "neighbors": [
          {
            "id": "n_5d6c958ece6c43616600027e",
            "weight": 0
          },
          {
            "id": "n_5d6c9594ce6c436166000281",
            "weight": 0
          },
          {
            "id": "n_5d6c95a1ce6c436166000282",
            "weight": 0
          }
        ],
        "space": [],
        "flags": [
          1
        ]
      }
    },
    {
      "type": "Feature",
      "geometry": {
        "type": "Point",
        "coordinates": [
          2.3424358005595973,
          41.60895600625758
        ]
      },
      "properties": {
        "id": "n_5d6c9594ce6c436166000281",
        "map": "f_5d6c88c031894200135e3777",
        "externalId": null,
        "neighbors": [
          {
            "id": "n_5d6c9592ce6c436166000280",
            "weight": 0
          }
        ],
        "space": [
          "s_5d6c8935ce6c436166000086"
        ],
        "flags": [
          1
        ]
      }
    },
    {
      "type": "Feature",
      "geometry": {
        "type": "Point",
        "coordinates": [
          2.342389434247109,
          41.60900420883854
        ]
      },
      "properties": {
        "id": "n_5d6c95a1ce6c436166000282",
        "map": "f_5d6c88c031894200135e3777",
        "neighbors": [
          {
            "id": "n_5d6c9592ce6c436166000280",
            "weight": 0
          },
          {
            "id": "n_5d6c95a3ce6c436166000283",
            "weight": 0
          },
          {
            "id": "n_5d6c95a6ce6c436166000284",
            "weight": 0
          }
        ],
        "space": [],
        "flags": [
          1
        ]
      }
    },
    {
      "type": "Feature",
      "geometry": {
        "type": "Point",
        "coordinates": [
          2.342328343962673,
          41.60902005373031
        ]
      },
      "properties": {
        "id": "n_5d6c95a3ce6c436166000283",
        "map": "f_5d6c88c031894200135e3777",
        "externalId": null,
        "neighbors": [
          {
            "id": "n_5d6c95a1ce6c436166000282",
            "weight": 0
          }
        ],
        "space": [
          "s_5d6c8935ce6c43616600006a"
        ],
        "flags": [
          1
        ]
      }
    },
    {
      "type": "Feature",
      "geometry": {
        "type": "Point",
        "coordinates": [
          2.342411968205008,
          41.60904795441732
        ]
      },
      "properties": {
        "id": "n_5d6c95a6ce6c436166000284",
        "map": "f_5d6c88c031894200135e3777",
        "neighbors": [
          {
            "id": "n_5d6c95a1ce6c436166000282",
            "weight": 0
          },
          {
            "id": "n_5d6c95a8ce6c436166000285",
            "weight": 0
          },
          {
            "id": "n_5d6c95abce6c436166000286",
            "weight": 0
          }
        ],
        "space": [],
        "flags": [
          1
        ]
      }
    },
    {
      "type": "Feature",
      "geometry": {
        "type": "Point",
        "coordinates": [
          2.342471053652811,
          41.60903249217168
        ]
      },
      "properties": {
        "id": "n_5d6c95a8ce6c436166000285",
        "map": "f_5d6c88c031894200135e3777",
        "externalId": null,
        "neighbors": [
          {
            "id": "n_5d6c95a6ce6c436166000284",
            "weight": 0
          }
        ],
        "space": [
          "s_5d6c8935ce6c436166000085"
        ],
        "flags": [
          1
        ]
      }
    },
    {
      "type": "Feature",
      "geometry": {
        "type": "Point",
        "coordinates": [
          2.3424284332449545,
          41.609079918255965
        ]
      },
      "properties": {
        "id": "n_5d6c95abce6c436166000286",
        "map": "f_5d6c88c031894200135e3777",
        "neighbors": [
          {
            "id": "n_5d6c95a6ce6c436166000284",
            "weight": 0
          },
          {
            "id": "n_5d6c95acce6c436166000287",
            "weight": 0
          },
          {
            "id": "n_5d6c95bfce6c43616600028b",
            "weight": 0
          }
        ],
        "space": [],
        "flags": [
          1
        ]
      }
    },
    {
      "type": "Feature",
      "geometry": {
        "type": "Point",
        "coordinates": [
          2.3423703657564663,
          41.60909414169289
        ]
      },
      "properties": {
        "id": "n_5d6c95acce6c436166000287",
        "map": "f_5d6c88c031894200135e3777",
        "externalId": null,
        "neighbors": [
          {
            "id": "n_5d6c95abce6c436166000286",
            "weight": 0
          }
        ],
        "space": [
          "s_5d6c8935ce6c436166000068"
        ],
        "flags": [
          1
        ]
      }
    },
    {
      "type": "Feature",
      "geometry": {
        "type": "Point",
        "coordinates": [
          2.3424678148262843,
          41.609156370195514
        ]
      },
      "properties": {
        "id": "n_5d6c95b1ce6c436166000288",
        "map": "f_5d6c88c031894200135e3777",
        "externalId": null,
        "neighbors": [
          {
            "id": "n_5d6c939bce6c436166000263",
            "weight": 0
          },
          {
            "id": "n_5d6c95b1ce6c436166000288",
            "weight": 0
          },
          {
            "id": "n_5d6c95bbce6c436166000289",
            "weight": 0
          },
          {
            "id": "n_5d6c95bfce6c43616600028b",
            "weight": 0
          },
          {
            "id": "n_5ec79c0e7e79207f6f000002",
            "weight": 0
          }
        ],
        "space": [],
        "flags": [
          1
        ]
      }
    },
    {
      "type": "Feature",
      "geometry": {
        "type": "Point",
        "coordinates": [
          2.3424142223286193,
          41.6091714643265
        ]
      },
      "properties": {
        "id": "n_5d6c95bbce6c436166000289",
        "map": "f_5d6c88c031894200135e3777",
        "externalId": null,
        "neighbors": [
          {
            "id": "n_5d6c95b1ce6c436166000288",
            "weight": 0
          }
        ],
        "space": [
          "s_5d6c8935ce6c436166000069"
        ],
        "flags": [
          1
        ]
      }
    },
    {
      "type": "Feature",
      "geometry": {
        "type": "Point",
        "coordinates": [
          2.3424527871670486,
          41.609127196842074
        ]
      },
      "properties": {
        "id": "n_5d6c95bfce6c43616600028b",
        "map": "f_5d6c88c031894200135e3777",
        "neighbors": [
          {
            "id": "n_5d6c95abce6c436166000286",
            "weight": 0
          },
          {
            "id": "n_5d6c95b1ce6c436166000288",
            "weight": 0
          },
          {
            "id": "n_5d6c95c0ce6c43616600028c",
            "weight": 0
          }
        ],
        "space": [],
        "flags": [
          1
        ]
      }
    },
    {
      "type": "Feature",
      "geometry": {
        "type": "Point",
        "coordinates": [
          2.342508843500547,
          41.60911448167278
        ]
      },
      "properties": {
        "id": "n_5d6c95c0ce6c43616600028c",
        "map": "f_5d6c88c031894200135e3777",
        "externalId": null,
        "neighbors": [
          {
            "id": "n_5d6c95bfce6c43616600028b",
            "weight": 0
          }
        ],
        "space": [
          "s_5d6c8935ce6c436166000084"
        ],
        "flags": [
          1
        ]
      }
    },
    {
      "type": "Feature",
      "geometry": {
        "type": "Point",
        "coordinates": [
          2.34252082180146,
          41.60923131104146
        ]
      },
      "properties": {
        "id": "n_5d6c95c3ce6c43616600028d",
        "map": "f_5d6c88c031894200135e3777",
        "neighbors": [
          {
            "id": "n_5d6c95c4ce6c43616600028e",
            "weight": 0
          },
          {
            "id": "n_5d6c95cace6c43616600028f",
            "weight": 0
          },
          {
            "id": "n_64803e1bf30f1c6cd8c445b1",
            "weight": 0
          }
        ],
        "space": [],
        "flags": [
          1
        ]
      }
    },
    {
      "type": "Feature",
      "geometry": {
        "type": "Point",
        "coordinates": [
          2.3425705662238054,
          41.609202974722535
        ]
      },
      "properties": {
        "id": "n_5d6c95c4ce6c43616600028e",
        "map": "f_5d6c88c031894200135e3777",
        "externalId": null,
        "neighbors": [
          {
            "id": "n_5d6c95c3ce6c43616600028d",
            "weight": 0
          }
        ],
        "space": [
          "s_5d6c8935ce6c436166000083"
        ],
        "flags": [
          1
        ]
      }
    },
    {
      "type": "Feature",
      "geometry": {
        "type": "Point",
        "coordinates": [
          2.3425553801351575,
          41.60926400105728
        ]
      },
      "properties": {
        "id": "n_5d6c95cace6c43616600028f",
        "map": "f_5d6c88c031894200135e3777",
        "externalId": null,
        "neighbors": [
          {
            "id": "n_5d6c95c3ce6c43616600028d",
            "weight": 0
          },
          {
            "id": "n_5d6c95cace6c43616600028f",
            "weight": 0
          },
          {
            "id": "n_5d6c95cdce6c436166000290",
            "weight": 0
          },
          {
            "id": "n_5d6c95d6ce6c436166000291",
            "weight": 0
          }
        ],
        "space": [],
        "flags": [
          1
        ]
      }
    },
    {
      "type": "Feature",
      "geometry": {
        "type": "Point",
        "coordinates": [
          2.3425023087982066,
          41.60929430354928
        ]
      },
      "properties": {
        "id": "n_5d6c95cdce6c436166000290",
        "map": "f_5d6c88c031894200135e3777",
        "externalId": null,
        "neighbors": [
          {
            "id": "n_5d6c95cace6c43616600028f",
            "weight": 0
          }
        ],
        "space": [
          "s_5d6c8935ce6c436166000077"
        ],
        "flags": [
          1
        ]
      }
    },
    {
      "type": "Feature",
      "geometry": {
        "type": "Point",
        "coordinates": [
          2.34257542398475,
          41.609282961261705
        ]
      },
      "properties": {
        "id": "n_5d6c95d6ce6c436166000291",
        "map": "f_5d6c88c031894200135e3777",
        "externalId": null,
        "neighbors": [
          {
            "id": "n_5d6c95cace6c43616600028f",
            "weight": 0
          },
          {
            "id": "n_5d6c95d8ce6c436166000292",
            "weight": 0
          },
          {
            "id": "n_5d6c95dece6c436166000293",
            "weight": 0
          }
        ],
        "space": [],
        "flags": [
          1
        ]
      }
    },
    {
      "type": "Feature",
      "geometry": {
        "type": "Point",
        "coordinates": [
          2.3426298437163626,
          41.609251757888416
        ]
      },
      "properties": {
        "id": "n_5d6c95d8ce6c436166000292",
        "map": "f_5d6c88c031894200135e3777",
        "externalId": null,
        "neighbors": [
          {
            "id": "n_5d6c95d6ce6c436166000291",
            "weight": 0
          }
        ],
        "space": [
          "s_5d6c8935ce6c436166000089"
        ],
        "flags": [
          1
        ]
      }
    },
    {
      "type": "Feature",
      "geometry": {
        "type": "Point",
        "coordinates": [
          2.3426369001346194,
          41.60934111369076
        ]
      },
      "properties": {
        "id": "n_5d6c95dece6c436166000293",
        "map": "f_5d6c88c031894200135e3777",
        "externalId": null,
        "neighbors": [
          {
            "id": "n_5d6c95d6ce6c436166000291",
            "weight": 0
          },
          {
            "id": "n_5d6c95e1ce6c436166000294",
            "weight": 0
          },
          {
            "id": "n_5d6c95e4ce6c436166000295",
            "weight": 0
          },
          {
            "id": "n_5d6c95e8ce6c436166000296",
            "weight": 0
          }
        ],
        "space": [],
        "flags": [
          1
        ]
      }
    },
    {
      "type": "Feature",
      "geometry": {
        "type": "Point",
        "coordinates": [
          2.34269598881291,
          41.609306192713255
        ]
      },
      "properties": {
        "id": "n_5d6c95e1ce6c436166000294",
        "map": "f_5d6c88c031894200135e3777",
        "externalId": null,
        "neighbors": [
          {
            "id": "n_5d6c95dece6c436166000293",
            "weight": 0
          }
        ],
        "space": [
          "s_5d6c8935ce6c436166000088"
        ],
        "flags": [
          1
        ]
      }
    },
    {
      "type": "Feature",
      "geometry": {
        "type": "Point",
        "coordinates": [
          2.3425820130930677,
          41.60937146526748
        ]
      },
      "properties": {
        "id": "n_5d6c95e4ce6c436166000295",
        "map": "f_5d6c88c031894200135e3777",
        "externalId": null,
        "neighbors": [
          {
            "id": "n_5d6c95dece6c436166000293",
            "weight": 0
          }
        ],
        "space": [
          "s_5d6c8935ce6c436166000076"
        ],
        "flags": [
          1
        ]
      }
    },
    {
      "type": "Feature",
      "geometry": {
        "type": "Point",
        "coordinates": [
          2.342694018845706,
          41.60939514414354
        ]
      },
      "properties": {
        "id": "n_5d6c95e8ce6c436166000296",
        "map": "f_5d6c88c031894200135e3777",
        "neighbors": [
          {
            "id": "n_5d6c95dece6c436166000293",
            "weight": 0
          },
          {
            "id": "n_5d6c95e9ce6c436166000297",
            "weight": 0
          },
          {
            "id": "n_5d6c95f0ce6c436166000298",
            "weight": 0
          },
          {
            "id": "n_5ec79c617e79207f6f000007",
            "weight": 0
          }
        ],
        "space": [],
        "flags": [
          1
        ]
      }
    },
    {
      "type": "Feature",
      "geometry": {
        "type": "Point",
        "coordinates": [
          2.342638976545155,
          41.60942661143169
        ]
      },
      "properties": {
        "id": "n_5d6c95e9ce6c436166000297",
        "map": "f_5d6c88c031894200135e3777",
        "externalId": null,
        "neighbors": [
          {
            "id": "n_5d6c95e8ce6c436166000296",
            "weight": 0
          }
        ],
        "space": [
          "s_5d6c8935ce6c436166000075"
        ],
        "flags": [
          1
        ]
      }
    },
    {
      "type": "Feature",
      "geometry": {
        "type": "Point",
        "coordinates": [
          2.3427452900879904,
          41.60936590540474
        ]
      },
      "properties": {
        "id": "n_5d6c95f0ce6c436166000298",
        "map": "f_5d6c88c031894200135e3777",
        "externalId": null,
        "neighbors": [
          {
            "id": "n_5d6c95e8ce6c436166000296",
            "weight": 0
          }
        ],
        "space": [
          "s_5d6c8935ce6c43616600006e"
        ],
        "flags": [
          1
        ]
      }
    },
    {
      "type": "Feature",
      "geometry": {
        "type": "Point",
        "coordinates": [
          2.3427410184268287,
          41.60943960249199
        ]
      },
      "properties": {
        "id": "n_5d6c95f5ce6c436166000299",
        "map": "f_5d6c88c031894200135e3777",
        "neighbors": [
          {
            "id": "n_5d6c95f6ce6c43616600029a",
            "weight": 0
          },
          {
            "id": "n_5d6c95face6c43616600029b",
            "weight": 0
          },
          {
            "id": "n_5ec79c617e79207f6f000007",
            "weight": 0
          }
        ],
        "space": [],
        "flags": [
          1
        ]
      }
    },
    {
      "type": "Feature",
      "geometry": {
        "type": "Point",
        "coordinates": [
          2.3427909607022936,
          41.609411137093204
        ]
      },
      "properties": {
        "id": "n_5d6c95f6ce6c43616600029a",
        "map": "f_5d6c88c031894200135e3777",
        "externalId": null,
        "neighbors": [
          {
            "id": "n_5d6c95f5ce6c436166000299",
            "weight": 0
          }
        ],
        "space": [
          "s_5d6c8935ce6c43616600006f"
        ],
        "flags": [
          1
        ]
      }
    },
    {
      "type": "Feature",
      "geometry": {
        "type": "Point",
        "coordinates": [
          2.3427778288423737,
          41.60946434309149
        ]
      },
      "properties": {
        "id": "n_5d6c95face6c43616600029b",
        "map": "f_5d6c88c031894200135e3777",
        "neighbors": [
          {
            "id": "n_5d6c95f5ce6c436166000299",
            "weight": 0
          },
          {
            "id": "n_5d6c95fbce6c43616600029c",
            "weight": 0
          },
          {
            "id": "n_5d6c9601ce6c43616600029d",
            "weight": 0
          },
          {
            "id": "n_6448d548fff074478f6e5aaa",
            "weight": 0
          }
        ],
        "space": [],
        "flags": [
          1
        ]
      }
    },
    {
      "type": "Feature",
      "geometry": {
        "type": "Point",
        "coordinates": [
          2.3428359748921617,
          41.609455718586155
        ]
      },
      "properties": {
        "id": "n_5d6c95fbce6c43616600029c",
        "map": "f_5d6c88c031894200135e3777",
        "externalId": null,
        "neighbors": [
          {
            "id": "n_5d6c95face6c43616600029b",
            "weight": 0
          }
        ],
        "space": [
          "s_5d6c8935ce6c436166000070"
        ],
        "flags": [
          1
        ]
      }
    },
    {
      "type": "Feature",
      "geometry": {
        "type": "Point",
        "coordinates": [
          2.3428446942024808,
          41.609537672310594
        ]
      },
      "properties": {
        "id": "n_5d6c9601ce6c43616600029d",
        "map": "f_5d6c88c031894200135e3777",
        "neighbors": [
          {
            "id": "n_5d6c95face6c43616600029b",
            "weight": 0
          },
          {
            "id": "n_5d6c9602ce6c43616600029e",
            "weight": 0
          },
          {
            "id": "n_5d6c9615ce6c4361660002a3",
            "weight": 0
          },
          {
            "id": "n_5ec79c357e79207f6f000004",
            "weight": 0
          }
        ],
        "space": [],
        "flags": [
          1
        ]
      }
    },
    {
      "type": "Feature",
      "geometry": {
        "type": "Point",
        "coordinates": [
          2.3427521993313407,
          41.609589149281256
        ]
      },
      "properties": {
        "id": "n_5d6c9602ce6c43616600029e",
        "map": "f_5d6c88c031894200135e3777",
        "externalId": null,
        "neighbors": [
          {
            "id": "n_5d6c9601ce6c43616600029d",
            "weight": 0
          }
        ],
        "space": [
          "s_5d6c8935ce6c436166000074"
        ],
        "flags": [
          1
        ]
      }
    },
    {
      "type": "Feature",
      "geometry": {
        "type": "Point",
        "coordinates": [
          2.3430343511040412,
          41.60942744686965
        ]
      },
      "properties": {
        "id": "n_5d6c960cce6c4361660002a0",
        "map": "f_5d6c88c031894200135e3777",
        "externalId": "NODE-M5Y1H3UM",
        "neighbors": [
          {
            "id": "n_5d6c960dce6c4361660002a1",
            "weight": 0
          },
          {
            "id": "n_5ec79c357e79207f6f000004",
            "weight": 0
          }
        ],
        "space": [],
        "flags": [
          1
        ]
      }
    },
    {
      "type": "Feature",
      "geometry": {
        "type": "Point",
        "coordinates": [
          2.3429896130060754,
          41.609383795249585
        ]
      },
      "properties": {
        "id": "n_5d6c960dce6c4361660002a1",
        "map": "f_5d6c88c031894200135e3777",
        "externalId": null,
        "neighbors": [
          {
            "id": "n_5d6c960cce6c4361660002a0",
            "weight": 0
          }
        ],
        "space": [
          "s_5d6c8935ce6c43616600007f"
        ],
        "flags": [
          1
        ]
      }
    },
    {
      "type": "Feature",
      "geometry": {
        "type": "Point",
        "coordinates": [
          2.3429233449708624,
          41.60960997946323
        ]
      },
      "properties": {
        "id": "n_5d6c9615ce6c4361660002a3",
        "map": "f_5d6c88c031894200135e3777",
        "externalId": null,
        "neighbors": [
          {
            "id": "n_5d6c9601ce6c43616600029d",
            "weight": 0
          },
          {
            "id": "n_641af1a0409d138844159c16",
            "weight": 0
          },
          {
            "id": "n_64871fabe1ffe1d5226819c5",
            "weight": 0
          }
        ],
        "space": [],
        "flags": [
          1
        ]
      }
    },
    {
      "type": "Feature",
      "geometry": {
        "type": "Point",
        "coordinates": [
          2.342972379934338,
          41.609657293682474
        ]
      },
      "properties": {
        "id": "n_5d6c9624ce6c4361660002a6",
        "map": "f_5d6c88c031894200135e3777",
        "neighbors": [
          {
            "id": "n_5d6c9625ce6c4361660002a7",
            "weight": 0
          },
          {
            "id": "n_637c970adce9afdbb9f0b517",
            "weight": 0
          },
          {
            "id": "n_64803ef7f30f1c6cd8c445be",
            "weight": 0
          }
        ],
        "space": [],
        "flags": [
          1
        ]
      }
    },
    {
      "type": "Feature",
      "geometry": {
        "type": "Point",
        "coordinates": [
          2.3429091003889018,
          41.609696550508566
        ]
      },
      "properties": {
        "id": "n_5d6c9625ce6c4361660002a7",
        "map": "f_5d6c88c031894200135e3777",
        "externalId": null,
        "neighbors": [
          {
            "id": "n_5d6c9624ce6c4361660002a6",
            "weight": 0
          }
        ],
        "space": [
          "s_5d6c8935ce6c436166000073"
        ],
        "flags": [
          1
        ]
      }
    },
    {
      "type": "Feature",
      "geometry": {
        "type": "Point",
        "coordinates": [
          2.3430195441181345,
          41.609743918174125
        ]
      },
      "properties": {
        "id": "n_5d6c9628ce6c4361660002a8",
        "map": "f_5d6c88c031894200135e3777",
        "neighbors": [
          {
            "id": "n_5d6c93a8ce6c436166000264",
            "weight": 0
          },
          {
            "id": "n_5d6c962ace6c4361660002a9",
            "weight": 0
          },
          {
            "id": "n_5d6c962cce6c4361660002aa",
            "weight": 0
          }
        ],
        "space": [],
        "flags": [
          1
        ]
      }
    },
    {
      "type": "Feature",
      "geometry": {
        "type": "Point",
        "coordinates": [
          2.3430916479866544,
          41.60973565734705
        ]
      },
      "properties": {
        "id": "n_5d6c962ace6c4361660002a9",
        "map": "f_5d6c88c031894200135e3777",
        "externalId": null,
        "neighbors": [
          {
            "id": "n_5d6c9628ce6c4361660002a8",
            "weight": 0
          }
        ],
        "space": [
          "s_5d6c8935ce6c436166000078"
        ],
        "flags": [
          1
        ]
      }
    },
    {
      "type": "Feature",
      "geometry": {
        "type": "Point",
        "coordinates": [
          2.343026964019167,
          41.60978686694335
        ]
      },
      "properties": {
        "id": "n_5d6c962cce6c4361660002aa",
        "map": "f_5d6c88c031894200135e3777",
        "neighbors": [
          {
            "id": "n_5d6c9628ce6c4361660002a8",
            "weight": 0
          },
          {
            "id": "n_5d6c962ece6c4361660002ab",
            "weight": 0
          },
          {
            "id": "n_5d6c9631ce6c4361660002ac",
            "weight": 0
          }
        ],
        "space": [],
        "flags": [
          1
        ]
      }
    },
    {
      "type": "Feature",
      "geometry": {
        "type": "Point",
        "coordinates": [
          2.3429670548025374,
          41.609796543886944
        ]
      },
      "properties": {
        "id": "n_5d6c962ece6c4361660002ab",
        "map": "f_5d6c88c031894200135e3777",
        "externalId": null,
        "neighbors": [
          {
            "id": "n_5d6c962cce6c4361660002aa",
            "weight": 0
          }
        ],
        "space": [
          "s_5d6c8935ce6c436166000072"
        ],
        "flags": [
          1
        ]
      }
    },
    {
      "type": "Feature",
      "geometry": {
        "type": "Point",
        "coordinates": [
          2.343033306480565,
          41.60982357889342
        ]
      },
      "properties": {
        "id": "n_5d6c9631ce6c4361660002ac",
        "map": "f_5d6c88c031894200135e3777",
        "neighbors": [
          {
            "id": "n_5d6c962cce6c4361660002aa",
            "weight": 0
          },
          {
            "id": "n_5d6c9632ce6c4361660002ad",
            "weight": 0
          },
          {
            "id": "n_648735942e543c1e4b573a8a",
            "weight": 0
          }
        ],
        "space": [],
        "flags": [
          1
        ]
      }
    },
    {
      "type": "Feature",
      "geometry": {
        "type": "Point",
        "coordinates": [
          2.34309971964148,
          41.60981472162415
        ]
      },
      "properties": {
        "id": "n_5d6c9632ce6c4361660002ad",
        "map": "f_5d6c88c031894200135e3777",
        "externalId": null,
        "neighbors": [
          {
            "id": "n_5d6c9631ce6c4361660002ac",
            "weight": 0
          }
        ],
        "space": [
          "s_5d6c8935ce6c436166000079"
        ],
        "flags": [
          1
        ]
      }
    },
    {
      "type": "Feature",
      "geometry": {
        "type": "Point",
        "coordinates": [
          2.343044350681522,
          41.60988750592787
        ]
      },
      "properties": {
        "id": "n_5d6c9636ce6c4361660002ae",
        "map": "f_5d6c88c031894200135e3777",
        "neighbors": [
          {
            "id": "n_5d6c93b5ce6c436166000265",
            "weight": 0
          },
          {
            "id": "n_5d6c9637ce6c4361660002af",
            "weight": 0
          },
          {
            "id": "n_5d6c9639ce6c4361660002b0",
            "weight": 0
          },
          {
            "id": "n_648735942e543c1e4b573a8a",
            "weight": 0
          }
        ],
        "space": [],
        "flags": [
          1
        ]
      }
    },
    {
      "type": "Feature",
      "geometry": {
        "type": "Point",
        "coordinates": [
          2.342986330015852,
          41.60989138025104
        ]
      },
      "properties": {
        "id": "n_5d6c9637ce6c4361660002af",
        "map": "f_5d6c88c031894200135e3777",
        "externalId": null,
        "neighbors": [
          {
            "id": "n_5d6c9636ce6c4361660002ae",
            "weight": 0
          }
        ],
        "space": [
          "s_5d6c8935ce6c436166000071"
        ],
        "flags": [
          1
        ]
      }
    },
    {
      "type": "Feature",
      "geometry": {
        "type": "Point",
        "coordinates": [
          2.3431066827341005,
          41.60988292704616
        ]
      },
      "properties": {
        "id": "n_5d6c9639ce6c4361660002b0",
        "map": "f_5d6c88c031894200135e3777",
        "externalId": null,
        "neighbors": [
          {
            "id": "n_5d6c9636ce6c4361660002ae",
            "weight": 0
          }
        ],
        "space": [
          "s_5d6c8935ce6c43616600007a"
        ],
        "flags": [
          1
        ]
      }
    },
    {
      "type": "Feature",
      "geometry": {
        "type": "Point",
        "coordinates": [
          2.3430819519933634,
          41.60997911880726
        ]
      },
      "properties": {
        "id": "n_5d6c963dce6c4361660002b1",
        "map": "f_5d6c88c031894200135e3777",
        "neighbors": [
          {
            "id": "n_5d6c93b5ce6c436166000265",
            "weight": 0
          },
          {
            "id": "n_5d6c963ece6c4361660002b2",
            "weight": 0
          },
          {
            "id": "n_5d6c9643ce6c4361660002b3",
            "weight": 0
          },
          {
            "id": "n_5d6c9647ce6c4361660002b4",
            "weight": 0
          }
        ],
        "space": [],
        "flags": [
          1
        ]
      }
    },
    {
      "type": "Feature",
      "geometry": {
        "type": "Point",
        "coordinates": [
          2.343139341535828,
          41.60995816881736
        ]
      },
      "properties": {
        "id": "n_5d6c963ece6c4361660002b2",
        "map": "f_5d6c88c031894200135e3777",
        "externalId": null,
        "neighbors": [
          {
            "id": "n_5d6c963dce6c4361660002b1",
            "weight": 0
          }
        ],
        "space": [
          "s_5d6c8935ce6c43616600007b"
        ],
        "flags": [
          1
        ]
      }
    },
    {
      "type": "Feature",
      "geometry": {
        "type": "Point",
        "coordinates": [
          2.3430284978716194,
          41.60999711969179
        ]
      },
      "properties": {
        "id": "n_5d6c9643ce6c4361660002b3",
        "map": "f_5d6c88c031894200135e3777",
        "externalId": null,
        "neighbors": [
          {
            "id": "n_5d6c963dce6c4361660002b1",
            "weight": 0
          }
        ],
        "space": [
          "s_5d6c8935ce6c436166000065"
        ],
        "flags": [
          1
        ]
      }
    },
    {
      "type": "Feature",
      "geometry": {
        "type": "Point",
        "coordinates": [
          2.343128616317512,
          41.610047907682095
        ]
      },
      "properties": {
        "id": "n_5d6c9647ce6c4361660002b4",
        "map": "f_5d6c88c031894200135e3777",
        "neighbors": [
          {
            "id": "n_5d6c963dce6c4361660002b1",
            "weight": 0
          },
          {
            "id": "n_5d6c9648ce6c4361660002b5",
            "weight": 0
          },
          {
            "id": "n_5d6c964dce6c4361660002b6",
            "weight": 0
          }
        ],
        "space": [],
        "flags": [
          1
        ]
      }
    },
    {
      "type": "Feature",
      "geometry": {
        "type": "Point",
        "coordinates": [
          2.3431863498822505,
          41.610025229686045
        ]
      },
      "properties": {
        "id": "n_5d6c9648ce6c4361660002b5",
        "map": "f_5d6c88c031894200135e3777",
        "externalId": null,
        "neighbors": [
          {
            "id": "n_5d6c9647ce6c4361660002b4",
            "weight": 0
          }
        ],
        "space": [
          "s_5d6c8935ce6c43616600007c"
        ],
        "flags": [
          1
        ]
      }
    },
    {
      "type": "Feature",
      "geometry": {
        "type": "Point",
        "coordinates": [
          2.34316174829587,
          41.61009674813707
        ]
      },
      "properties": {
        "id": "n_5d6c964dce6c4361660002b6",
        "map": "f_5d6c88c031894200135e3777",
        "neighbors": [
          {
            "id": "n_5d6c93bace6c436166000266",
            "weight": 0
          },
          {
            "id": "n_5d6c9647ce6c4361660002b4",
            "weight": 0
          },
          {
            "id": "n_5d6c964ece6c4361660002b7",
            "weight": 0
          },
          {
            "id": "n_5d6c9652ce6c4361660002b8",
            "weight": 0
          }
        ],
        "space": [],
        "flags": [
          1
        ]
      }
    },
    {
      "type": "Feature",
      "geometry": {
        "type": "Point",
        "coordinates": [
          2.3432204249686417,
          41.61007384020752
        ]
      },
      "properties": {
        "id": "n_5d6c964ece6c4361660002b7",
        "map": "f_5d6c88c031894200135e3777",
        "externalId": null,
        "neighbors": [
          {
            "id": "n_5d6c964dce6c4361660002b6",
            "weight": 0
          }
        ],
        "space": [
          "s_5d6c8935ce6c43616600007d"
        ],
        "flags": [
          1
        ]
      }
    },
    {
      "type": "Feature",
      "geometry": {
        "type": "Point",
        "coordinates": [
          2.343108848149288,
          41.61011747348094
        ]
      },
      "properties": {
        "id": "n_5d6c9652ce6c4361660002b8",
        "map": "f_5d6c88c031894200135e3777",
        "externalId": null,
        "neighbors": [
          {
            "id": "n_5d6c964dce6c4361660002b6",
            "weight": 0
          }
        ],
        "space": [
          "s_5d6c8935ce6c436166000064"
        ],
        "flags": [
          1
        ]
      }
    },
    {
      "type": "Feature",
      "geometry": {
        "type": "Point",
        "coordinates": [
          2.3433177048444445,
          41.610233053808244
        ]
      },
      "properties": {
        "id": "n_5d6c9657ce6c4361660002b9",
        "map": "f_5d6c88c031894200135e3777",
        "externalId": null,
        "neighbors": [
          {
            "id": "n_5d6c965bce6c4361660002ba",
            "weight": 0
          }
        ],
        "space": [
          "s_5d6c8935ce6c43616600006b"
        ],
        "flags": [
          1
        ]
      }
    },
    {
      "type": "Feature",
      "geometry": {
        "type": "Point",
        "coordinates": [
          2.3432718368744316,
          41.61025903112377
        ]
      },
      "properties": {
        "id": "n_5d6c965bce6c4361660002ba",
        "map": "f_5d6c88c031894200135e3777",
        "neighbors": [
          {
            "id": "n_5d6c93ebce6c43616600026b",
            "weight": 0
          },
          {
            "id": "n_5d6c9657ce6c4361660002b9",
            "weight": 0
          }
        ],
        "space": [],
        "flags": [
          1
        ]
      }
    },
    {
      "type": "Feature",
      "geometry": {
        "type": "Point",
        "coordinates": [
          2.3432752240458328,
          41.61031446062003
        ]
      },
      "properties": {
        "id": "n_5d6c9660ce6c4361660002bb",
        "map": "f_5d6c88c031894200135e3777",
        "neighbors": [
          {
            "id": "n_5d6c93ebce6c43616600026b",
            "weight": 0
          },
          {
            "id": "n_5d6c966ace6c4361660002bd",
            "weight": 0
          },
          {
            "id": "n_5d6c9678ce6c4361660002bf",
            "weight": 0
          }
        ],
        "space": [],
        "flags": [
          1
        ]
      }
    },
    {
      "type": "Feature",
      "geometry": {
        "type": "Point",
        "coordinates": [
          2.3431824405653296,
          41.610367170373166
        ]
      },
      "properties": {
        "id": "n_5d6c966ace6c4361660002bd",
        "map": "f_5d6c88c031894200135e3777",
        "neighbors": [
          {
            "id": "n_5d6c9660ce6c4361660002bb",
            "weight": 0
          },
          {
            "id": "n_5d6c9672ce6c4361660002be",
            "weight": 0
          }
        ],
        "space": [],
        "flags": [
          1
        ]
      }
    },
    {
      "type": "Feature",
      "geometry": {
        "type": "Point",
        "coordinates": [
          2.3431190139265605,
          41.6103085185603
        ]
      },
      "properties": {
        "id": "n_5d6c9672ce6c4361660002be",
        "map": "f_5d6c88c031894200135e3777",
        "externalId": null,
        "neighbors": [
          {
            "id": "n_5d6c966ace6c4361660002bd",
            "weight": 0
          }
        ],
        "space": [
          "s_5d7a5bbf5d99b82d1a000001"
        ],
        "flags": [
          1
        ]
      }
    },
    {
      "type": "Feature",
      "geometry": {
        "type": "Point",
        "coordinates": [
          2.3433099980714656,
          41.610346492378234
        ]
      },
      "properties": {
        "id": "n_5d6c9678ce6c4361660002bf",
        "map": "f_5d6c88c031894200135e3777",
        "externalId": "NODE-VGMIXMMR",
        "neighbors": [
          {
            "id": "n_5d6c93e4ce6c43616600026a",
            "weight": 0
          },
          {
            "id": "n_5d6c9660ce6c4361660002bb",
            "weight": 0
          },
          {
            "id": "n_65f456c6539171e3d6e87503",
            "weight": 0
          }
        ],
        "space": [],
        "flags": [
          1
        ]
      }
    },
    {
      "type": "Feature",
      "geometry": {
        "type": "Point",
        "coordinates": [
          2.3433058738098955,
          41.61041001100484
        ]
      },
      "properties": {
        "id": "n_5d6c967ece6c4361660002c1",
        "map": "f_5d6c88c031894200135e3777",
        "externalId": null,
        "neighbors": [
          {
            "id": "n_5d6c93e4ce6c43616600026a",
            "weight": 0
          },
          {
            "id": "n_5d6c967ece6c4361660002c1",
            "weight": 0
          }
        ],
        "space": [
          "s_5d6c8935ce6c43616600003f"
        ],
        "flags": [
          1
        ]
      }
    },
    {
      "type": "Feature",
      "geometry": {
        "type": "Point",
        "coordinates": [
          2.3433817301517355,
          41.61041510764599
        ]
      },
      "properties": {
        "id": "n_5d6c9681ce6c4361660002c2",
        "map": "f_5d6c88c031894200135e3777",
        "neighbors": [
          {
            "id": "n_5d6c93e4ce6c43616600026a",
            "weight": 0
          },
          {
            "id": "n_5d6c9682ce6c4361660002c3",
            "weight": 0
          },
          {
            "id": "n_5d6c9685ce6c4361660002c4",
            "weight": 0
          }
        ],
        "space": [],
        "flags": [
          1
        ]
      }
    },
    {
      "type": "Feature",
      "geometry": {
        "type": "Point",
        "coordinates": [
          2.3434324320886595,
          41.61038726772989
        ]
      },
      "properties": {
        "id": "n_5d6c9682ce6c4361660002c3",
        "map": "f_5d6c88c031894200135e3777",
        "externalId": null,
        "neighbors": [
          {
            "id": "n_5d6c9681ce6c4361660002c2",
            "weight": 0
          }
        ],
        "space": [
          "s_5d8e27b8e48bb33a560021bd"
        ],
        "flags": [
          1
        ]
      }
    },
    {
      "type": "Feature",
      "geometry": {
        "type": "Point",
        "coordinates": [
          2.34343636652105,
          41.61046673821677
        ]
      },
      "properties": {
        "id": "n_5d6c9685ce6c4361660002c4",
        "map": "f_5d6c88c031894200135e3777",
        "neighbors": [
          {
            "id": "n_5d6c9681ce6c4361660002c2",
            "weight": 0
          },
          {
            "id": "n_5d6c9686ce6c4361660002c5",
            "weight": 0
          },
          {
            "id": "n_5d6c968ace6c4361660002c6",
            "weight": 0
          },
          {
            "id": "n_5d6c968cce6c4361660002c7",
            "weight": 0
          }
        ],
        "space": [],
        "flags": [
          1
        ]
      }
    },
    {
      "type": "Feature",
      "geometry": {
        "type": "Point",
        "coordinates": [
          2.343395770026597,
          41.61048966829508
        ]
      },
      "properties": {
        "id": "n_5d6c9686ce6c4361660002c5",
        "map": "f_5d6c88c031894200135e3777",
        "externalId": null,
        "neighbors": [
          {
            "id": "n_5d6c9685ce6c4361660002c4",
            "weight": 0
          }
        ],
        "space": [
          "s_5d6c8935ce6c43616600003e"
        ],
        "flags": [
          1
        ]
      }
    },
    {
      "type": "Feature",
      "geometry": {
        "type": "Point",
        "coordinates": [
          2.3434867199271645,
          41.61043805109288
        ]
      },
      "properties": {
        "id": "n_5d6c968ace6c4361660002c6",
        "map": "f_5d6c88c031894200135e3777",
        "externalId": null,
        "neighbors": [
          {
            "id": "n_5d6c9685ce6c4361660002c4",
            "weight": 0
          }
        ],
        "space": [
          "s_5d6c8935ce6c436166000045"
        ],
        "flags": [
          1
        ]
      }
    },
    {
      "type": "Feature",
      "geometry": {
        "type": "Point",
        "coordinates": [
          2.3434945258565647,
          41.61052169781988
        ]
      },
      "properties": {
        "id": "n_5d6c968cce6c4361660002c7",
        "map": "f_5d6c88c031894200135e3777",
        "neighbors": [
          {
            "id": "n_5d6c9685ce6c4361660002c4",
            "weight": 0
          },
          {
            "id": "n_5d6c968ece6c4361660002c8",
            "weight": 0
          },
          {
            "id": "n_5d6c9693ce6c4361660002c9",
            "weight": 0
          }
        ],
        "space": [],
        "flags": [
          1
        ]
      }
    },
    {
      "type": "Feature",
      "geometry": {
        "type": "Point",
        "coordinates": [
          2.3435459326712906,
          41.6104934413208
        ]
      },
      "properties": {
        "id": "n_5d6c968ece6c4361660002c8",
        "map": "f_5d6c88c031894200135e3777",
        "externalId": null,
        "neighbors": [
          {
            "id": "n_5d6c968cce6c4361660002c7",
            "weight": 0
          }
        ],
        "space": [
          "s_5d6c8935ce6c436166000046"
        ],
        "flags": [
          1
        ]
      }
    },
    {
      "type": "Feature",
      "geometry": {
        "type": "Point",
        "coordinates": [
          2.343526339533195,
          41.610551761162235
        ]
      },
      "properties": {
        "id": "n_5d6c9693ce6c4361660002c9",
        "map": "f_5d6c88c031894200135e3777",
        "neighbors": [
          {
            "id": "n_5d6c968cce6c4361660002c7",
            "weight": 0
          },
          {
            "id": "n_5d6c9695ce6c4361660002ca",
            "weight": 0
          },
          {
            "id": "n_5d6c9699ce6c4361660002cb",
            "weight": 0
          }
        ],
        "space": [],
        "flags": [
          1
        ]
      }
    },
    {
      "type": "Feature",
      "geometry": {
        "type": "Point",
        "coordinates": [
          2.343460228339743,
          41.61058977028534
        ]
      },
      "properties": {
        "id": "n_5d6c9695ce6c4361660002ca",
        "map": "f_5d6c88c031894200135e3777",
        "externalId": null,
        "neighbors": [
          {
            "id": "n_5d6c9693ce6c4361660002c9",
            "weight": 0
          },
          {
            "id": "n_5d6c9695ce6c4361660002ca",
            "weight": 0
          }
        ],
        "space": [
          "s_5d6c8935ce6c43616600003d"
        ],
        "flags": [
          1
        ]
      }
    },
    {
      "type": "Feature",
      "geometry": {
        "type": "Point",
        "coordinates": [
          2.343580305105989,
          41.61060272620262
        ]
      },
      "properties": {
        "id": "n_5d6c9699ce6c4361660002cb",
        "map": "f_5d6c88c031894200135e3777",
        "neighbors": [
          {
            "id": "n_5d6c9693ce6c4361660002c9",
            "weight": 0
          },
          {
            "id": "n_5d6c969bce6c4361660002cc",
            "weight": 0
          },
          {
            "id": "n_5d6c969fce6c4361660002cd",
            "weight": 0
          },
          {
            "id": "n_5d6c96a3ce6c4361660002ce",
            "weight": 0
          }
        ],
        "space": [],
        "flags": [
          1
        ]
      }
    },
    {
      "type": "Feature",
      "geometry": {
        "type": "Point",
        "coordinates": [
          2.343515990349088,
          41.61063967007361
        ]
      },
      "properties": {
        "id": "n_5d6c969bce6c4361660002cc",
        "map": "f_5d6c88c031894200135e3777",
        "externalId": null,
        "neighbors": [
          {
            "id": "n_5d6c9699ce6c4361660002cb",
            "weight": 0
          }
        ],
        "space": [
          "s_5d6c8935ce6c43616600003c"
        ],
        "flags": [
          1
        ]
      }
    },
    {
      "type": "Feature",
      "geometry": {
        "type": "Point",
        "coordinates": [
          2.3436325148033825,
          41.610573994992336
        ]
      },
      "properties": {
        "id": "n_5d6c969fce6c4361660002cd",
        "map": "f_5d6c88c031894200135e3777",
        "externalId": null,
        "neighbors": [
          {
            "id": "n_5d6c9699ce6c4361660002cb",
            "weight": 0
          }
        ],
        "space": [
          "s_5d6c8935ce6c436166000047"
        ],
        "flags": [
          1
        ]
      }
    },
    {
      "type": "Feature",
      "geometry": {
        "type": "Point",
        "coordinates": [
          2.3436445847278864,
          41.61066343168406
        ]
      },
      "properties": {
        "id": "n_5d6c96a3ce6c4361660002ce",
        "map": "f_5d6c88c031894200135e3777",
        "neighbors": [
          {
            "id": "n_5d6c9699ce6c4361660002cb",
            "weight": 0
          },
          {
            "id": "n_5d6c96a4ce6c4361660002cf",
            "weight": 0
          },
          {
            "id": "n_5d6c96a8ce6c4361660002d0",
            "weight": 0
          },
          {
            "id": "n_64803f2cf30f1c6cd8c445c4",
            "weight": 0
          }
        ],
        "space": [],
        "flags": [
          1
        ]
      }
    },
    {
      "type": "Feature",
      "geometry": {
        "type": "Point",
        "coordinates": [
          2.343582326206351,
          41.6106990319529
        ]
      },
      "properties": {
        "id": "n_5d6c96a4ce6c4361660002cf",
        "map": "f_5d6c88c031894200135e3777",
        "externalId": null,
        "neighbors": [
          {
            "id": "n_5d6c96a3ce6c4361660002ce",
            "weight": 0
          }
        ],
        "space": [
          "s_5d6c8935ce6c436166000030"
        ],
        "flags": [
          1
        ]
      }
    },
    {
      "type": "Feature",
      "geometry": {
        "type": "Point",
        "coordinates": [
          2.343694880272989,
          41.610634839684636
        ]
      },
      "properties": {
        "id": "n_5d6c96a8ce6c4361660002d0",
        "map": "f_5d6c88c031894200135e3777",
        "externalId": null,
        "neighbors": [
          {
            "id": "n_5d6c96a3ce6c4361660002ce",
            "weight": 0
          }
        ],
        "space": [
          "s_5d6c8935ce6c436166000048"
        ],
        "flags": [
          1
        ]
      }
    },
    {
      "type": "Feature",
      "geometry": {
        "type": "Point",
        "coordinates": [
          2.3437053632015714,
          41.61072099069578
        ]
      },
      "properties": {
        "id": "n_5d6c96adce6c4361660002d1",
        "map": "f_5d6c88c031894200135e3777",
        "neighbors": [
          {
            "id": "n_5d6c96aece6c4361660002d2",
            "weight": 0
          },
          {
            "id": "n_5d6c96b1ce6c4361660002d3",
            "weight": 0
          },
          {
            "id": "n_5f22df557e7920081c000017",
            "weight": 0
          },
          {
            "id": "n_64803f2cf30f1c6cd8c445c4",
            "weight": 0
          }
        ],
        "space": [],
        "flags": [
          1
        ]
      }
    },
    {
      "type": "Feature",
      "geometry": {
        "type": "Point",
        "coordinates": [
          2.3437545175598413,
          41.61069302258181
        ]
      },
      "properties": {
        "id": "n_5d6c96aece6c4361660002d2",
        "map": "f_5d6c88c031894200135e3777",
        "externalId": null,
        "neighbors": [
          {
            "id": "n_5d6c96adce6c4361660002d1",
            "weight": 0
          }
        ],
        "space": [
          "s_5d6c8935ce6c436166000049"
        ],
        "flags": [
          1
        ]
      }
    },
    {
      "type": "Feature",
      "geometry": {
        "type": "Point",
        "coordinates": [
          2.3436452712219458,
          41.610755359338015
        ]
      },
      "properties": {
        "id": "n_5d6c96b1ce6c4361660002d3",
        "map": "f_5d6c88c031894200135e3777",
        "externalId": null,
        "neighbors": [
          {
            "id": "n_5d6c96adce6c4361660002d1",
            "weight": 0
          }
        ],
        "space": [
          "s_5d6c8935ce6c43616600003b"
        ],
        "flags": [
          1
        ]
      }
    },
    {
      "type": "Feature",
      "geometry": {
        "type": "Point",
        "coordinates": [
          2.3437592349484984,
          41.610772008720424
        ]
      },
      "properties": {
        "id": "n_5d6c96b8ce6c4361660002d4",
        "map": "f_5d6c88c031894200135e3777",
        "neighbors": [
          {
            "id": "n_5d6c96b9ce6c4361660002d5",
            "weight": 0
          },
          {
            "id": "n_5ec79ce87e79207f6f00000f",
            "weight": 0
          },
          {
            "id": "n_5f22df557e7920081c000017",
            "weight": 0
          }
        ],
        "space": [],
        "flags": [
          1
        ]
      }
    },
    {
      "type": "Feature",
      "geometry": {
        "type": "Point",
        "coordinates": [
          2.343808073924551,
          41.61074527273816
        ]
      },
      "properties": {
        "id": "n_5d6c96b9ce6c4361660002d5",
        "map": "f_5d6c88c031894200135e3777",
        "externalId": null,
        "neighbors": [
          {
            "id": "n_5d6c96b8ce6c4361660002d4",
            "weight": 0
          }
        ],
        "space": [
          "s_5d6c8935ce6c43616600004a"
        ],
        "flags": [
          1
        ]
      }
    },
    {
      "type": "Feature",
      "geometry": {
        "type": "Point",
        "coordinates": [
          2.3438182236254517,
          41.61082744412082
        ]
      },
      "properties": {
        "id": "n_5d6c96bdce6c4361660002d6",
        "map": "f_5d6c88c031894200135e3777",
        "neighbors": [
          {
            "id": "n_5d6c96bfce6c4361660002d7",
            "weight": 0
          },
          {
            "id": "n_5d6c96c1ce6c4361660002d8",
            "weight": 0
          },
          {
            "id": "n_5ec79ce87e79207f6f00000f",
            "weight": 0
          }
        ],
        "space": [],
        "flags": [
          1
        ]
      }
    },
    {
      "type": "Feature",
      "geometry": {
        "type": "Point",
        "coordinates": [
          2.343752132851203,
          41.610864378883925
        ]
      },
      "properties": {
        "id": "n_5d6c96bfce6c4361660002d7",
        "map": "f_5d6c88c031894200135e3777",
        "externalId": null,
        "neighbors": [
          {
            "id": "n_5d6c96bdce6c4361660002d6",
            "weight": 0
          }
        ],
        "space": [
          "s_5d6c8935ce6c43616600003a"
        ],
        "flags": [
          1
        ]
      }
    },
    {
      "type": "Feature",
      "geometry": {
        "type": "Point",
        "coordinates": [
          2.3438766249384475,
          41.610883179928564
        ]
      },
      "properties": {
        "id": "n_5d6c96c1ce6c4361660002d8",
        "map": "f_5d6c88c031894200135e3777",
        "neighbors": [
          {
            "id": "n_5d6c96bdce6c4361660002d6",
            "weight": 0
          },
          {
            "id": "n_5d6c96c2ce6c4361660002d9",
            "weight": 0
          },
          {
            "id": "n_5d6c96c4ce6c4361660002da",
            "weight": 0
          },
          {
            "id": "n_5d6c96eace6c4361660002e0",
            "weight": 0
          }
        ],
        "space": [],
        "flags": [
          1
        ]
      }
    },
    {
      "type": "Feature",
      "geometry": {
        "type": "Point",
        "coordinates": [
          2.3438233132544437,
          41.61091468246801
        ]
      },
      "properties": {
        "id": "n_5d6c96c2ce6c4361660002d9",
        "map": "f_5d6c88c031894200135e3777",
        "externalId": null,
        "neighbors": [
          {
            "id": "n_5d6c96c1ce6c4361660002d8",
            "weight": 0
          }
        ],
        "space": [
          "s_5d6c8935ce6c436166000039"
        ],
        "flags": [
          1
        ]
      }
    },
    {
      "type": "Feature",
      "geometry": {
        "type": "Point",
        "coordinates": [
          2.343936039733904,
          41.61093944696671
        ]
      },
      "properties": {
        "id": "n_5d6c96c4ce6c4361660002da",
        "map": "f_5d6c88c031894200135e3777",
        "neighbors": [
          {
            "id": "n_5d6c96c1ce6c4361660002d8",
            "weight": 0
          },
          {
            "id": "n_5d6c96c6ce6c4361660002db",
            "weight": 0
          },
          {
            "id": "n_5d6c96ccce6c4361660002dc",
            "weight": 0
          }
        ],
        "space": [],
        "flags": [
          1
        ]
      }
    },
    {
      "type": "Feature",
      "geometry": {
        "type": "Point",
        "coordinates": [
          2.343884087802299,
          41.610969067085954
        ]
      },
      "properties": {
        "id": "n_5d6c96c6ce6c4361660002db",
        "map": "f_5d6c88c031894200135e3777",
        "externalId": null,
        "neighbors": [
          {
            "id": "n_5d6c96c4ce6c4361660002da",
            "weight": 0
          }
        ],
        "space": [
          "s_5d6c8935ce6c436166000038"
        ],
        "flags": [
          1
        ]
      }
    },
    {
      "type": "Feature",
      "geometry": {
        "type": "Point",
        "coordinates": [
          2.343993206796951,
          41.61099358526187
        ]
      },
      "properties": {
        "id": "n_5d6c96ccce6c4361660002dc",
        "map": "f_5d6c88c031894200135e3777",
        "neighbors": [
          {
            "id": "n_5d6c96c4ce6c4361660002da",
            "weight": 0
          },
          {
            "id": "n_5d6c96cece6c4361660002dd",
            "weight": 0
          },
          {
            "id": "n_5d6c96d2ce6c4361660002de",
            "weight": 0
          },
          {
            "id": "n_5d6c9718ce6c4361660002f1",
            "weight": 0
          }
        ],
        "space": [],
        "flags": [
          1
        ]
      }
    },
    {
      "type": "Feature",
      "geometry": {
        "type": "Point",
        "coordinates": [
          2.3439439908330373,
          41.611022671698365
        ]
      },
      "properties": {
        "id": "n_5d6c96cece6c4361660002dd",
        "map": "f_5d6c88c031894200135e3777",
        "externalId": null,
        "neighbors": [
          {
            "id": "n_5d6c96ccce6c4361660002dc",
            "weight": 0
          }
        ],
        "space": [
          "s_5d6c8935ce6c436166000037"
        ],
        "flags": [
          1
        ]
      }
    },
    {
      "type": "Feature",
      "geometry": {
        "type": "Point",
        "coordinates": [
          2.3440587607930268,
          41.61095484299309
        ]
      },
      "properties": {
        "id": "n_5d6c96d2ce6c4361660002de",
        "map": "f_5d6c88c031894200135e3777",
        "externalId": null,
        "neighbors": [
          {
            "id": "n_5d6c96ccce6c4361660002dc",
            "weight": 0
          }
        ],
        "space": [
          "s_5d6c8935ce6c436166000053"
        ],
        "flags": [
          1
        ]
      }
    },
    {
      "type": "Feature",
      "geometry": {
        "type": "Point",
        "coordinates": [
          2.344401198060827,
          41.61057320016929
        ]
      },
      "properties": {
        "id": "n_5d6c96d9ce6c4361660002df",
        "map": "f_5d6c88c031894200135e3777",
        "neighbors": [
          {
            "id": "n_5d6c970cce6c4361660002ec",
            "weight": 0
          },
          {
            "id": "n_5ec79d1a7e79207f6f000012",
            "weight": 0
          }
        ],
        "space": [],
        "flags": [
          1
        ]
      }
    },
    {
      "type": "Feature",
      "geometry": {
        "type": "Point",
        "coordinates": [
          2.3439957347516174,
          41.610812572730666
        ]
      },
      "properties": {
        "id": "n_5d6c96eace6c4361660002e0",
        "map": "f_5d6c88c031894200135e3777",
        "externalId": "NODE-ND1B62UL",
        "neighbors": [
          {
            "id": "n_5d6c96c1ce6c4361660002d8",
            "weight": 0
          },
          {
            "id": "n_5d6c96eece6c4361660002e2",
            "weight": 0
          },
          {
            "id": "n_5d6c96f2ce6c4361660002e3",
            "weight": 0
          }
        ],
        "space": [],
        "flags": [
          1
        ]
      }
    },
    {
      "type": "Feature",
      "geometry": {
        "type": "Point",
        "coordinates": [
          2.343901733547956,
          41.61072231991811
        ]
      },
      "properties": {
        "id": "n_5d6c96eece6c4361660002e2",
        "map": "f_5d6c88c031894200135e3777",
        "externalId": null,
        "neighbors": [
          {
            "id": "n_5d6c96eace6c4361660002e0",
            "weight": 0
          }
        ],
        "space": [
          "s_5d6c8935ce6c43616600004a"
        ],
        "flags": [
          1
        ]
      }
    },
    {
      "type": "Feature",
      "geometry": {
        "type": "Point",
        "coordinates": [
          2.3440623374375136,
          41.61077343966246
        ]
      },
      "properties": {
        "id": "n_5d6c96f2ce6c4361660002e3",
        "map": "f_5d6c88c031894200135e3777",
        "neighbors": [
          {
            "id": "n_5d6c96eace6c4361660002e0",
            "weight": 0
          },
          {
            "id": "n_5d6c96f3ce6c4361660002e4",
            "weight": 0
          },
          {
            "id": "n_64818c084b48b3953607d8ab",
            "weight": 0
          }
        ],
        "space": [],
        "flags": [
          1
        ]
      }
    },
    {
      "type": "Feature",
      "geometry": {
        "type": "Point",
        "coordinates": [
          2.344166035717166,
          41.61087152565466
        ]
      },
      "properties": {
        "id": "n_5d6c96f3ce6c4361660002e4",
        "map": "f_5d6c88c031894200135e3777",
        "externalId": null,
        "neighbors": [
          {
            "id": "n_5d6c96f2ce6c4361660002e3",
            "weight": 0
          }
        ],
        "space": [
          "s_5d6c8935ce6c436166000051"
        ],
        "flags": [
          1
        ]
      }
    },
    {
      "type": "Feature",
      "geometry": {
        "type": "Point",
        "coordinates": [
          2.3441169925190413,
          41.610741143037316
        ]
      },
      "properties": {
        "id": "n_5d6c96f7ce6c4361660002e5",
        "map": "f_5d6c88c031894200135e3777",
        "neighbors": [
          {
            "id": "n_5d6c96fdce6c4361660002e6",
            "weight": 0
          },
          {
            "id": "n_5d6c9709ce6c4361660002ea",
            "weight": 0
          },
          {
            "id": "n_64818c084b48b3953607d8ab",
            "weight": 0
          }
        ],
        "space": [],
        "flags": [
          1
        ]
      }
    },
    {
      "type": "Feature",
      "geometry": {
        "type": "Point",
        "coordinates": [
          2.3442206878699445,
          41.61083922618029
        ]
      },
      "properties": {
        "id": "n_5d6c96fdce6c4361660002e6",
        "map": "f_5d6c88c031894200135e3777",
        "externalId": null,
        "neighbors": [
          {
            "id": "n_5d6c96f7ce6c4361660002e5",
            "weight": 0
          }
        ],
        "space": [
          "s_5d6c8935ce6c436166000050"
        ],
        "flags": [
          1
        ]
      }
    },
    {
      "type": "Feature",
      "geometry": {
        "type": "Point",
        "coordinates": [
          2.3442590954749023,
          41.61065717169079
        ]
      },
      "properties": {
        "id": "n_5d6c9702ce6c4361660002e7",
        "map": "f_5d6c88c031894200135e3777",
        "neighbors": [
          {
            "id": "n_5d6c9708ce6c4361660002e9",
            "weight": 0
          },
          {
            "id": "n_5ec79d017e79207f6f000010",
            "weight": 0
          },
          {
            "id": "n_5d6c970cce6c4361660002ec",
            "weight": 0
          }
        ],
        "space": [],
        "flags": [
          1
        ]
      }
    },
    {
      "type": "Feature",
      "geometry": {
        "type": "Point",
        "coordinates": [
          2.3442423549146088,
          41.61074144177875
        ]
      },
      "properties": {
        "id": "n_5d6c9706ce6c4361660002e8",
        "map": "f_5d6c88c031894200135e3777",
        "externalId": null,
        "neighbors": [
          {
            "id": "n_5d6c9709ce6c4361660002ea",
            "weight": 0
          }
        ],
        "space": [
          "s_5d6c8ca2ce6c43616600025e"
        ],
        "flags": [
          1
        ]
      }
    },
    {
      "type": "Feature",
      "geometry": {
        "type": "Point",
        "coordinates": [
          2.344207263268756,
          41.610608144708856
        ]
      },
      "properties": {
        "id": "n_5d6c9708ce6c4361660002e9",
        "map": "f_5d6c88c031894200135e3777",
        "externalId": null,
        "neighbors": [
          {
            "id": "n_5d6c9702ce6c4361660002e7",
            "weight": 0
          }
        ],
        "space": [
          "s_5d6c8935ce6c43616600004c"
        ],
        "flags": [
          1
        ]
      }
    },
    {
      "type": "Feature",
      "geometry": {
        "type": "Point",
        "coordinates": [
          2.344193509541243,
          41.61069592771863
        ]
      },
      "properties": {
        "id": "n_5d6c9709ce6c4361660002ea",
        "map": "f_5d6c88c031894200135e3777",
        "neighbors": [
          {
            "id": "n_5d6c96f7ce6c4361660002e5",
            "weight": 0
          },
          {
            "id": "n_5d6c970ace6c4361660002eb",
            "weight": 0
          },
          {
            "id": "n_5d6c9706ce6c4361660002e8",
            "weight": 0
          },
          {
            "id": "n_5ec79d017e79207f6f000010",
            "weight": 0
          }
        ],
        "space": [],
        "flags": [
          1
        ]
      }
    },
    {
      "type": "Feature",
      "geometry": {
        "type": "Point",
        "coordinates": [
          2.344141680905704,
          41.61064690406738
        ]
      },
      "properties": {
        "id": "n_5d6c970ace6c4361660002eb",
        "map": "f_5d6c88c031894200135e3777",
        "externalId": null,
        "neighbors": [
          {
            "id": "n_5d6c9709ce6c4361660002ea",
            "weight": 0
          }
        ],
        "space": [
          "s_5d6c8935ce6c43616600004b"
        ],
        "flags": [
          1
        ]
      }
    },
    {
      "type": "Feature",
      "geometry": {
        "type": "Point",
        "coordinates": [
          2.3443172935280763,
          41.61062255211744
        ]
      },
      "properties": {
        "id": "n_5d6c970cce6c4361660002ec",
        "map": "f_5d6c88c031894200135e3777",
        "neighbors": [
          {
            "id": "n_5d6c96d9ce6c4361660002df",
            "weight": 0
          },
          {
            "id": "n_5d6c970dce6c4361660002ed",
            "weight": 0
          },
          {
            "id": "n_5d924bb65d99b80905000213",
            "weight": 0
          },
          {
            "id": "n_5d6c9702ce6c4361660002e7",
            "weight": 0
          }
        ],
        "space": [],
        "flags": [
          1
        ]
      }
    },
    {
      "type": "Feature",
      "geometry": {
        "type": "Point",
        "coordinates": [
          2.3442947062969055,
          41.61055646550619
        ]
      },
      "properties": {
        "id": "n_5d6c970dce6c4361660002ed",
        "map": "f_5d6c88c031894200135e3777",
        "externalId": null,
        "neighbors": [
          {
            "id": "n_5d6c970cce6c4361660002ec",
            "weight": 0
          }
        ],
        "space": [
          "s_5d6c8935ce6c436166000062"
        ],
        "flags": [
          1
        ]
      }
    },
    {
      "type": "Feature",
      "geometry": {
        "type": "Point",
        "coordinates": [
          2.3445826842867,
          41.61074452703474
        ]
      },
      "properties": {
        "id": "n_5d6c9712ce6c4361660002ef",
        "map": "f_5d6c88c031894200135e3777",
        "neighbors": [
          {
            "id": "n_5dd524217e79203640000211",
            "weight": 0
          },
          {
            "id": "n_5dde6ab17e79200ad3000324",
            "weight": 0
          }
        ],
        "space": [],
        "flags": [
          1
        ]
      }
    },
    {
      "type": "Feature",
      "geometry": {
        "type": "Point",
        "coordinates": [
          2.3445148998946372,
          41.61073651927669
        ]
      },
      "properties": {
        "id": "n_5d6c9713ce6c4361660002f0",
        "map": "f_5d6c88c031894200135e3777",
        "externalId": null,
        "neighbors": [
          {
            "id": "n_5dd524217e79203640000211",
            "weight": 0
          }
        ],
        "space": [
          "s_5dd64eda7e79204052000003"
        ],
        "flags": [
          1
        ]
      }
    },
    {
      "type": "Feature",
      "geometry": {
        "type": "Point",
        "coordinates": [
          2.3440320580176603,
          41.61103037803824
        ]
      },
      "properties": {
        "id": "n_5d6c9718ce6c4361660002f1",
        "map": "f_5d6c88c031894200135e3777",
        "neighbors": [
          {
            "id": "n_5d6c93f9ce6c43616600026c",
            "weight": 0
          },
          {
            "id": "n_5d6c96ccce6c4361660002dc",
            "weight": 0
          },
          {
            "id": "n_5d6c971bce6c4361660002f2",
            "weight": 0
          }
        ],
        "space": [],
        "flags": [
          1
        ]
      }
    },
    {
      "type": "Feature",
      "geometry": {
        "type": "Point",
        "coordinates": [
          2.344097640836413,
          41.61099161874199
        ]
      },
      "properties": {
        "id": "n_5d6c971bce6c4361660002f2",
        "map": "f_5d6c88c031894200135e3777",
        "externalId": null,
        "neighbors": [
          {
            "id": "n_5d6c9718ce6c4361660002f1",
            "weight": 0
          }
        ],
        "space": [
          "s_5d6c8935ce6c436166000054"
        ],
        "flags": [
          1
        ]
      }
    },
    {
      "type": "Feature",
      "geometry": {
        "type": "Point",
        "coordinates": [
          2.3441385504957832,
          41.611047112943695
        ]
      },
      "properties": {
        "id": "n_5d6c9729ce6c4361660002f3",
        "map": "f_5d6c88c031894200135e3777",
        "externalId": null,
        "neighbors": [
          {
            "id": "n_5d6c93f9ce6c43616600026c",
            "weight": 0
          }
        ],
        "space": [
          "s_5d6c8935ce6c436166000055"
        ],
        "flags": [
          1
        ]
      }
    },
    {
      "type": "Feature",
      "geometry": {
        "type": "Point",
        "coordinates": [
          2.3440848238330596,
          41.61110554351912
        ]
      },
      "properties": {
        "id": "n_5d6c9747ce6c4361660002f4",
        "map": "f_5d6c88c031894200135e3777",
        "neighbors": [
          {
            "id": "n_5d6c93f9ce6c43616600026c",
            "weight": 0
          },
          {
            "id": "n_5d6c9749ce6c4361660002f5",
            "weight": 0
          },
          {
            "id": "n_64803f3df30f1c6cd8c445c6",
            "weight": 0
          }
        ],
        "space": [],
        "flags": [
          1
        ]
      }
    },
    {
      "type": "Feature",
      "geometry": {
        "type": "Point",
        "coordinates": [
          2.3440219995156197,
          41.6111205960929
        ]
      },
      "properties": {
        "id": "n_5d6c9749ce6c4361660002f5",
        "map": "f_5d6c88c031894200135e3777",
        "externalId": null,
        "neighbors": [
          {
            "id": "n_5d6c9747ce6c4361660002f4",
            "weight": 0
          }
        ],
        "space": [
          "s_5d6c8935ce6c43616600002f"
        ],
        "flags": [
          1
        ]
      }
    },
    {
      "type": "Feature",
      "geometry": {
        "type": "Point",
        "coordinates": [
          2.344106171660433,
          41.61115535015111
        ]
      },
      "properties": {
        "id": "n_5d6c9751ce6c4361660002f8",
        "map": "f_5d6c88c031894200135e3777",
        "neighbors": [
          {
            "id": "n_5d6c9753ce6c4361660002f9",
            "weight": 0
          },
          {
            "id": "n_5d6c9755ce6c4361660002fa",
            "weight": 0
          },
          {
            "id": "n_5d6c9757ce6c4361660002fb",
            "weight": 0
          },
          {
            "id": "n_64803f3df30f1c6cd8c445c6",
            "weight": 0
          }
        ],
        "space": [],
        "flags": [
          1
        ]
      }
    },
    {
      "type": "Feature",
      "geometry": {
        "type": "Point",
        "coordinates": [
          2.3440444622950865,
          41.611168984715924
        ]
      },
      "properties": {
        "id": "n_5d6c9753ce6c4361660002f9",
        "map": "f_5d6c88c031894200135e3777",
        "externalId": null,
        "neighbors": [
          {
            "id": "n_5d6c9751ce6c4361660002f8",
            "weight": 0
          }
        ],
        "space": [
          "s_5d6c8935ce6c436166000036"
        ],
        "flags": [
          1
        ]
      }
    },
    {
      "type": "Feature",
      "geometry": {
        "type": "Point",
        "coordinates": [
          2.3441709915763056,
          41.611140304351736
        ]
      },
      "properties": {
        "id": "n_5d6c9755ce6c4361660002fa",
        "map": "f_5d6c88c031894200135e3777",
        "externalId": null,
        "neighbors": [
          {
            "id": "n_5d6c9751ce6c4361660002f8",
            "weight": 0
          }
        ],
        "space": [
          "s_5d6c8935ce6c436166000056"
        ],
        "flags": [
          1
        ]
      }
    },
    {
      "type": "Feature",
      "geometry": {
        "type": "Point",
        "coordinates": [
          2.3441362300598,
          41.611225479288024
        ]
      },
      "properties": {
        "id": "n_5d6c9757ce6c4361660002fb",
        "map": "f_5d6c88c031894200135e3777",
        "neighbors": [
          {
            "id": "n_5d6c9751ce6c4361660002f8",
            "weight": 0
          },
          {
            "id": "n_5d6c9758ce6c4361660002fc",
            "weight": 0
          },
          {
            "id": "n_5d6c975cce6c4361660002fd",
            "weight": 0
          },
          {
            "id": "n_6480af62e98d0628ef359871",
            "weight": 0
          }
        ],
        "space": [],
        "flags": [
          1
        ]
      }
    },
    {
      "type": "Feature",
      "geometry": {
        "type": "Point",
        "coordinates": [
          2.344196083443858,
          41.61121238395685
        ]
      },
      "properties": {
        "id": "n_5d6c9758ce6c4361660002fc",
        "map": "f_5d6c88c031894200135e3777",
        "externalId": null,
        "neighbors": [
          {
            "id": "n_5d6c9757ce6c4361660002fb",
            "weight": 0
          }
        ],
        "space": [
          "s_5d6c8935ce6c436166000057"
        ],
        "flags": [
          1
        ]
      }
    },
    {
      "type": "Feature",
      "geometry": {
        "type": "Point",
        "coordinates": [
          2.3440768204582314,
          41.611238689532314
        ]
      },
      "properties": {
        "id": "n_5d6c975cce6c4361660002fd",
        "map": "f_5d6c88c031894200135e3777",
        "externalId": null,
        "neighbors": [
          {
            "id": "n_5d6c9757ce6c4361660002fb",
            "weight": 0
          }
        ],
        "space": [
          "s_5d6c8935ce6c436166000035"
        ],
        "flags": [
          1
        ]
      }
    },
    {
      "type": "Feature",
      "geometry": {
        "type": "Point",
        "coordinates": [
          2.3441709771008226,
          41.6113055916405
        ]
      },
      "properties": {
        "id": "n_5d6c9767ce6c4361660002ff",
        "map": "f_5d6c88c031894200135e3777",
        "neighbors": [
          {
            "id": "n_5d6c9768ce6c436166000300",
            "weight": 0
          },
          {
            "id": "n_5d6c976bce6c436166000301",
            "weight": 0
          },
          {
            "id": "n_5ec79d817e79207f6f000016",
            "weight": 0
          }
        ],
        "space": [],
        "flags": [
          1
        ]
      }
    },
    {
      "type": "Feature",
      "geometry": {
        "type": "Point",
        "coordinates": [
          2.3442250395943307,
          41.61129556400287
        ]
      },
      "properties": {
        "id": "n_5d6c9768ce6c436166000300",
        "map": "f_5d6c88c031894200135e3777",
        "externalId": null,
        "neighbors": [
          {
            "id": "n_5d6c9767ce6c4361660002ff",
            "weight": 0
          }
        ],
        "space": [
          "s_5d6c8935ce6c436166000058"
        ],
        "flags": [
          1
        ]
      }
    },
    {
      "type": "Feature",
      "geometry": {
        "type": "Point",
        "coordinates": [
          2.344181059027154,
          41.61133006928293
        ]
      },
      "properties": {
        "id": "n_5d6c976bce6c436166000301",
        "map": "f_5d6c88c031894200135e3777",
        "neighbors": [
          {
            "id": "n_5d6c941cce6c43616600026d",
            "weight": 0
          },
          {
            "id": "n_5d6c9767ce6c4361660002ff",
            "weight": 0
          },
          {
            "id": "n_5d6c976dce6c436166000302",
            "weight": 0
          }
        ],
        "space": [],
        "flags": [
          1
        ]
      }
    },
    {
      "type": "Feature",
      "geometry": {
        "type": "Point",
        "coordinates": [
          2.3441289345723626,
          41.61134173882742
        ]
      },
      "properties": {
        "id": "n_5d6c976dce6c436166000302",
        "map": "f_5d6c88c031894200135e3777",
        "externalId": null,
        "neighbors": [
          {
            "id": "n_5d6c976bce6c436166000301",
            "weight": 0
          }
        ],
        "space": [
          "s_5d6c8935ce6c436166000034"
        ],
        "flags": [
          1
        ]
      }
    },
    {
      "type": "Feature",
      "geometry": {
        "type": "Point",
        "coordinates": [
          2.3441576637705066,
          41.61141349668926
        ]
      },
      "properties": {
        "id": "n_5d6c9774ce6c436166000303",
        "map": "f_5d6c88c031894200135e3777",
        "externalId": null,
        "neighbors": [
          {
            "id": "n_5d6c941cce6c43616600026d",
            "weight": 0
          }
        ],
        "space": [
          "s_5d6c8935ce6c436166000033"
        ],
        "flags": [
          1
        ]
      }
    },
    {
      "type": "Feature",
      "geometry": {
        "type": "Point",
        "coordinates": [
          2.3442727491430393,
          41.61136084940912
        ]
      },
      "properties": {
        "id": "n_5d6c9777ce6c436166000304",
        "map": "f_5d6c88c031894200135e3777",
        "externalId": null,
        "neighbors": [
          {
            "id": "n_5d6c941cce6c43616600026d",
            "weight": 0
          }
        ],
        "space": [
          "s_5d6c8935ce6c436166000059"
        ],
        "flags": [
          1
        ]
      }
    },
    {
      "type": "Feature",
      "geometry": {
        "type": "Point",
        "coordinates": [
          2.34428431105694,
          41.611456207735
        ]
      },
      "properties": {
        "id": "n_5d6c9779ce6c436166000305",
        "map": "f_5d6c88c031894200135e3777",
        "neighbors": [
          {
            "id": "n_5d6c977ace6c436166000306",
            "weight": 0
          },
          {
            "id": "n_5d6c979dce6c43616600030d",
            "weight": 0
          },
          {
            "id": "n_64b4f55cbdcf084825e888ab",
            "weight": 0
          }
        ],
        "space": [],
        "flags": [
          1
        ]
      }
    },
    {
      "type": "Feature",
      "geometry": {
        "type": "Point",
        "coordinates": [
          2.3443406305201733,
          41.6114129089446
        ]
      },
      "properties": {
        "id": "n_5d6c977ace6c436166000306",
        "map": "f_5d6c88c031894200135e3777",
        "externalId": null,
        "neighbors": [
          {
            "id": "n_5d6c9779ce6c436166000305",
            "weight": 0
          }
        ],
        "space": [
          "s_5d6c8935ce6c43616600005a"
        ],
        "flags": [
          1
        ]
      }
    },
    {
      "type": "Feature",
      "geometry": {
        "type": "Point",
        "coordinates": [
          2.3444229499485894,
          41.61147604113338
        ]
      },
      "properties": {
        "id": "n_5d6c978cce6c43616600030b",
        "map": "f_5d6c88c031894200135e3777",
        "externalId": null,
        "neighbors": [
          {
            "id": "n_5d8cd381e48bb33a56000112",
            "weight": 0
          }
        ],
        "space": [
          "s_5d6c8935ce6c43616600005b"
        ],
        "flags": [
          1
        ]
      }
    },
    {
      "type": "Feature",
      "geometry": {
        "type": "Point",
        "coordinates": [
          2.3442681899886777,
          41.61158768734047
        ]
      },
      "properties": {
        "id": "n_5d6c9792ce6c43616600030c",
        "map": "f_5d6c88c031894200135e3777",
        "externalId": null,
        "neighbors": [
          {
            "id": "n_5d8cd381e48bb33a56000112",
            "weight": 0
          }
        ],
        "space": [
          "s_5d6c8935ce6c436166000031"
        ],
        "flags": [
          1
        ]
      }
    },
    {
      "type": "Feature",
      "geometry": {
        "type": "Point",
        "coordinates": [
          2.3442579784302304,
          41.61143652297376
        ]
      },
      "properties": {
        "id": "n_5d6c979dce6c43616600030d",
        "map": "f_5d6c88c031894200135e3777",
        "neighbors": [
          {
            "id": "n_5d6c941cce6c43616600026d",
            "weight": 0
          },
          {
            "id": "n_5d6c9779ce6c436166000305",
            "weight": 0
          },
          {
            "id": "n_5d6c979ece6c43616600030e",
            "weight": 0
          }
        ],
        "space": [],
        "flags": [
          1
        ]
      }
    },
    {
      "type": "Feature",
      "geometry": {
        "type": "Point",
        "coordinates": [
          2.3441863606685382,
          41.611485173707536
        ]
      },
      "properties": {
        "id": "n_5d6c979ece6c43616600030e",
        "map": "f_5d6c88c031894200135e3777",
        "externalId": null,
        "neighbors": [
          {
            "id": "n_5d6c979dce6c43616600030d",
            "weight": 0
          }
        ],
        "space": [
          "s_5d6c8935ce6c436166000032"
        ],
        "flags": [
          1
        ]
      }
    },
    {
      "type": "Feature",
      "geometry": {
        "type": "Point",
        "coordinates": [
          2.344402651317682,
          41.61171218134888
        ]
      },
      "properties": {
        "id": "n_5d6c97a8ce6c436166000311",
        "map": "f_5d6c88c031894200135e3777",
        "externalId": "NODE-UVM8BQ5M",
        "neighbors": [
          {
            "id": "n_674ec98fbfdc0161987d1e6e",
            "weight": 0
          }
        ],
        "space": [
          "s_5d6c8935ce6c43616600002e"
        ],
        "flags": [
          1
        ]
      }
    },
    {
      "type": "Feature",
      "geometry": {
        "type": "Point",
        "coordinates": [
          2.344478720480284,
          41.611601362524674
        ]
      },
      "properties": {
        "id": "n_5d6c97abce6c436166000312",
        "map": "f_5d6c88c031894200135e3777",
        "externalId": "NODE-5T9SPUAA",
        "neighbors": [
          {
            "id": "n_5d6c97acce6c436166000313",
            "weight": 0
          },
          {
            "id": "n_5d6c97abce6c436166000312",
            "weight": 0
          },
          {
            "id": "n_64818c194b48b3953607d8ae",
            "weight": 0
          },
          {
            "id": "n_674ec98fbfdc0161987d1e6e",
            "weight": 0
          }
        ],
        "space": [],
        "flags": [
          1
        ]
      }
    },
    {
      "type": "Feature",
      "geometry": {
        "type": "Point",
        "coordinates": [
          2.3445562627381484,
          41.611547036782596
        ]
      },
      "properties": {
        "id": "n_5d6c97acce6c436166000313",
        "map": "f_5d6c88c031894200135e3777",
        "externalId": null,
        "neighbors": [
          {
            "id": "n_5d6c97abce6c436166000312",
            "weight": 0
          }
        ],
        "space": [
          "s_5d8cd369e48bb33a56000111"
        ],
        "flags": [
          1
        ]
      }
    },
    {
      "type": "Feature",
      "geometry": {
        "type": "Point",
        "coordinates": [
          2.34458843387498,
          41.6116835512026
        ]
      },
      "properties": {
        "id": "n_5d6c97b1ce6c436166000314",
        "map": "f_5d6c88c031894200135e3777",
        "externalId": "NODE-3NYJD3IK",
        "neighbors": [
          {
            "id": "n_5d6c97b2ce6c436166000315",
            "weight": 0
          },
          {
            "id": "n_5d6c97b6ce6c436166000316",
            "weight": 0
          },
          {
            "id": "n_674ec98fbfdc0161987d1e6e",
            "weight": 0
          }
        ],
        "space": [],
        "flags": [
          1
        ]
      }
    },
    {
      "type": "Feature",
      "geometry": {
        "type": "Point",
        "coordinates": [
          2.344659516554634,
          41.61162938474931
        ]
      },
      "properties": {
        "id": "n_5d6c97b2ce6c436166000315",
        "map": "f_5d6c88c031894200135e3777",
        "externalId": null,
        "neighbors": [
          {
            "id": "n_5d6c97b1ce6c436166000314",
            "weight": 0
          }
        ],
        "space": [
          "s_5d6c8935ce6c43616600005e"
        ],
        "flags": [
          1
        ]
      }
    },
    {
      "type": "Feature",
      "geometry": {
        "type": "Point",
        "coordinates": [
          2.344656446389821,
          41.61173439283636
        ]
      },
      "properties": {
        "id": "n_5d6c97b6ce6c436166000316",
        "map": "f_5d6c88c031894200135e3777",
        "neighbors": [
          {
            "id": "n_5d6c97b1ce6c436166000314",
            "weight": 0
          },
          {
            "id": "n_5d6c97b7ce6c436166000317",
            "weight": 0
          },
          {
            "id": "n_5d6c97bdce6c43616600031a",
            "weight": 0
          }
        ],
        "space": [],
        "flags": [
          1
        ]
      }
    },
    {
      "type": "Feature",
      "geometry": {
        "type": "Point",
        "coordinates": [
          2.344726875549587,
          41.61168228460511
        ]
      },
      "properties": {
        "id": "n_5d6c97b7ce6c436166000317",
        "map": "f_5d6c88c031894200135e3777",
        "externalId": null,
        "neighbors": [
          {
            "id": "n_5d6c97b6ce6c436166000316",
            "weight": 0
          }
        ],
        "space": [
          "s_5d6c8935ce6c43616600005f"
        ],
        "flags": [
          1
        ]
      }
    },
    {
      "type": "Feature",
      "geometry": {
        "type": "Point",
        "coordinates": [
          2.3447202938880904,
          41.611782120871254
        ]
      },
      "properties": {
        "id": "n_5d6c97bbce6c436166000318",
        "map": "f_5d6c88c031894200135e3777",
        "neighbors": [
          {
            "id": "n_5d6c97bcce6c436166000319",
            "weight": 0
          },
          {
            "id": "n_5d6c97bdce6c43616600031a",
            "weight": 0
          },
          {
            "id": "n_5d920f59e48bb3164000052d",
            "weight": 0
          }
        ],
        "space": [],
        "flags": [
          1
        ]
      }
    },
    {
      "type": "Feature",
      "geometry": {
        "type": "Point",
        "coordinates": [
          2.3447902273004533,
          41.611732037288306
        ]
      },
      "properties": {
        "id": "n_5d6c97bcce6c436166000319",
        "map": "f_5d6c88c031894200135e3777",
        "externalId": null,
        "neighbors": [
          {
            "id": "n_5d6c97bbce6c436166000318",
            "weight": 0
          }
        ],
        "space": [
          "s_5d6c8935ce6c436166000060"
        ],
        "flags": [
          1
        ]
      }
    },
    {
      "type": "Feature",
      "geometry": {
        "type": "Point",
        "coordinates": [
          2.3446907768021585,
          41.611760055924236
        ]
      },
      "properties": {
        "id": "n_5d6c97bdce6c43616600031a",
        "map": "f_5d6c88c031894200135e3777",
        "neighbors": [
          {
            "id": "n_5d6c97b6ce6c436166000316",
            "weight": 0
          },
          {
            "id": "n_5d6c97bbce6c436166000318",
            "weight": 0
          },
          {
            "id": "n_5d6c97bfce6c43616600031b",
            "weight": 0
          }
        ],
        "space": [],
        "flags": [
          1
        ]
      }
    },
    {
      "type": "Feature",
      "geometry": {
        "type": "Point",
        "coordinates": [
          2.3446514633154316,
          41.61178769296397
        ]
      },
      "properties": {
        "id": "n_5d6c97bfce6c43616600031b",
        "map": "f_5d6c88c031894200135e3777",
        "externalId": null,
        "neighbors": [
          {
            "id": "n_5d6c97bdce6c43616600031a",
            "weight": 0
          }
        ],
        "space": [
          "s_5d6c8935ce6c43616600002d"
        ],
        "flags": [
          1
        ]
      }
    },
    {
      "type": "Feature",
      "geometry": {
        "type": "Point",
        "coordinates": [
          2.344773086229273,
          41.611821584744725
        ]
      },
      "properties": {
        "id": "n_5d6c97c4ce6c43616600031c",
        "map": "f_5d6c88c031894200135e3777",
        "neighbors": [
          {
            "id": "n_5d6c97c6ce6c43616600031d",
            "weight": 0
          },
          {
            "id": "n_5d6c97cbce6c43616600031e",
            "weight": 0
          },
          {
            "id": "n_5ec79dae7e79207f6f00001d",
            "weight": 0
          },
          {
            "id": "n_64803f60f30f1c6cd8c445c9",
            "weight": 0
          }
        ],
        "space": [],
        "flags": [
          1
        ]
      }
    },
    {
      "type": "Feature",
      "geometry": {
        "type": "Point",
        "coordinates": [
          2.344840329888658,
          41.61177138479108
        ]
      },
      "properties": {
        "id": "n_5d6c97c6ce6c43616600031d",
        "map": "f_5d6c88c031894200135e3777",
        "externalId": null,
        "neighbors": [
          {
            "id": "n_5d6c97c4ce6c43616600031c",
            "weight": 0
          }
        ],
        "space": [
          "s_5d6c8935ce6c436166000061"
        ],
        "flags": [
          1
        ]
      }
    },
    {
      "type": "Feature",
      "geometry": {
        "type": "Point",
        "coordinates": [
          2.344733986573051,
          41.61185240473861
        ]
      },
      "properties": {
        "id": "n_5d6c97cbce6c43616600031e",
        "map": "f_5d6c88c031894200135e3777",
        "externalId": null,
        "neighbors": [
          {
            "id": "n_5d6c97c4ce6c43616600031c",
            "weight": 0
          }
        ],
        "space": [
          "s_5d6c8935ce6c43616600002c"
        ],
        "flags": [
          1
        ]
      }
    },
    {
      "type": "Feature",
      "geometry": {
        "type": "Point",
        "coordinates": [
          2.344852377069576,
          41.6118808727375
        ]
      },
      "properties": {
        "id": "n_5d6c97cece6c43616600031f",
        "map": "f_5d6c88c031894200135e3777",
        "neighbors": [
          {
            "id": "n_5d6c97cfce6c436166000320",
            "weight": 0
          },
          {
            "id": "n_5d6c97d0ce6c436166000321",
            "weight": 0
          },
          {
            "id": "n_5ec79dae7e79207f6f00001d",
            "weight": 0
          }
        ],
        "space": [],
        "flags": [
          1
        ]
      }
    },
    {
      "type": "Feature",
      "geometry": {
        "type": "Point",
        "coordinates": [
          2.344808105222,
          41.61191022430733
        ]
      },
      "properties": {
        "id": "n_5d6c97cfce6c436166000320",
        "map": "f_5d6c88c031894200135e3777",
        "externalId": null,
        "neighbors": [
          {
            "id": "n_5d6c97cece6c43616600031f",
            "weight": 0
          }
        ],
        "space": [
          "s_5d6c8935ce6c43616600002b"
        ],
        "flags": [
          1
        ]
      }
    },
    {
      "type": "Feature",
      "geometry": {
        "type": "Point",
        "coordinates": [
          2.344912525669406,
          41.611925819599804
        ]
      },
      "properties": {
        "id": "n_5d6c97d0ce6c436166000321",
        "map": "f_5d6c88c031894200135e3777",
        "neighbors": [
          {
            "id": "n_5d6c97cece6c43616600031f",
            "weight": 0
          },
          {
            "id": "n_5d6c97d2ce6c436166000322",
            "weight": 0
          },
          {
            "id": "n_5d6c97d5ce6c436166000323",
            "weight": 0
          },
          {
            "id": "n_5d6c97d9ce6c436166000324",
            "weight": 0
          }
        ],
        "space": [],
        "flags": [
          1
        ]
      }
    },
    {
      "type": "Feature",
      "geometry": {
        "type": "Point",
        "coordinates": [
          2.3448686009947943,
          41.61195796412789
        ]
      },
      "properties": {
        "id": "n_5d6c97d2ce6c436166000322",
        "map": "f_5d6c88c031894200135e3777",
        "externalId": null,
        "neighbors": [
          {
            "id": "n_5d6c97d0ce6c436166000321",
            "weight": 0
          }
        ],
        "space": [
          "s_5d6c8935ce6c43616600002a"
        ],
        "flags": [
          1
        ]
      }
    },
    {
      "type": "Feature",
      "geometry": {
        "type": "Point",
        "coordinates": [
          2.344953198210595,
          41.61189695524808
        ]
      },
      "properties": {
        "id": "n_5d6c97d5ce6c436166000323",
        "map": "f_5d6c88c031894200135e3777",
        "externalId": null,
        "neighbors": [
          {
            "id": "n_5d6c97d0ce6c436166000321",
            "weight": 0
          }
        ],
        "space": [
          "s_5d6c8935ce6c436166000040"
        ],
        "flags": [
          1
        ]
      }
    },
    {
      "type": "Feature",
      "geometry": {
        "type": "Point",
        "coordinates": [
          2.3450398216766426,
          41.612020976460194
        ]
      },
      "properties": {
        "id": "n_5d6c97d9ce6c436166000324",
        "map": "f_5d6c88c031894200135e3777",
        "neighbors": [
          {
            "id": "n_5d6c97d0ce6c436166000321",
            "weight": 0
          },
          {
            "id": "n_5d6c97dace6c436166000325",
            "weight": 0
          },
          {
            "id": "n_5ec79dba7e79207f6f000020",
            "weight": 0
          }
        ],
        "space": [],
        "flags": [
          1
        ]
      }
    },
    {
      "type": "Feature",
      "geometry": {
        "type": "Point",
        "coordinates": [
          2.3449927949585363,
          41.612055351754
        ]
      },
      "properties": {
        "id": "n_5d6c97dace6c436166000325",
        "map": "f_5d6c88c031894200135e3777",
        "externalId": null,
        "neighbors": [
          {
            "id": "n_5d6c97d9ce6c436166000324",
            "weight": 0
          }
        ],
        "space": [
          "s_5d6c8935ce6c436166000029"
        ],
        "flags": [
          1
        ]
      }
    },
    {
      "type": "Feature",
      "geometry": {
        "type": "Point",
        "coordinates": [
          2.345155526609664,
          41.61210746834541
        ]
      },
      "properties": {
        "id": "n_5d6c97ddce6c436166000326",
        "map": "f_5d6c88c031894200135e3777",
        "neighbors": [
          {
            "id": "n_5d6c97dece6c436166000327",
            "weight": 0
          },
          {
            "id": "n_5d6c9808ce6c43616600032b",
            "weight": 0
          },
          {
            "id": "n_5ec79dba7e79207f6f000020",
            "weight": 0
          }
        ],
        "space": [],
        "flags": [
          1
        ]
      }
    },
    {
      "type": "Feature",
      "geometry": {
        "type": "Point",
        "coordinates": [
          2.345047682014332,
          41.61218533724808
        ]
      },
      "properties": {
        "id": "n_5d6c97dece6c436166000327",
        "map": "f_5d6c88c031894200135e3777",
        "externalId": null,
        "neighbors": [
          {
            "id": "n_5d6c97ddce6c436166000326",
            "weight": 0
          }
        ],
        "space": [
          "s_5d6c8935ce6c436166000028"
        ],
        "flags": [
          1
        ]
      }
    },
    {
      "type": "Feature",
      "geometry": {
        "type": "Point",
        "coordinates": [
          2.345200067091603,
          41.61211146080299
        ]
      },
      "properties": {
        "id": "n_5d6c9808ce6c43616600032b",
        "map": "f_5d6c88c031894200135e3777",
        "externalId": "NODE-R61RVQDC",
        "neighbors": [
          {
            "id": "n_5d6c97ddce6c436166000326",
            "weight": 0
          },
          {
            "id": "n_5d6c9808ce6c43616600032b",
            "weight": 0
          },
          {
            "id": "n_5d6c9830ce6c436166000330",
            "weight": 0
          }
        ],
        "space": [],
        "flags": [
          1
        ]
      }
    },
    {
      "type": "Feature",
      "geometry": {
        "type": "Point",
        "coordinates": [
          2.3453274814636442,
          41.61220912291517
        ]
      },
      "properties": {
        "id": "n_5d6c9811ce6c43616600032c",
        "map": "f_5d6c88c031894200135e3777",
        "neighbors": [
          {
            "id": "n_5d6c9426ce6c43616600026e",
            "weight": 0
          },
          {
            "id": "n_5d6c981ace6c43616600032d",
            "weight": 0
          },
          {
            "id": "n_5d6c9830ce6c436166000330",
            "weight": 0
          },
          {
            "id": "n_5d6c9834ce6c436166000332",
            "weight": 0
          }
        ],
        "space": [],
        "flags": [
          1
        ]
      }
    },
    {
      "type": "Feature",
      "geometry": {
        "type": "Point",
        "coordinates": [
          2.3454342791944134,
          41.612132916629584
        ]
      },
      "properties": {
        "id": "n_5d6c981ace6c43616600032d",
        "map": "f_5d6c88c031894200135e3777",
        "externalId": null,
        "neighbors": [
          {
            "id": "n_5d6c9811ce6c43616600032c",
            "weight": 0
          }
        ],
        "space": [
          "s_5d6c8935ce6c436166000004"
        ],
        "flags": [
          1
        ]
      }
    },
    {
      "type": "Feature",
      "geometry": {
        "type": "Point",
        "coordinates": [
          2.3452387473563925,
          41.61214349839526
        ]
      },
      "properties": {
        "id": "n_5d6c9830ce6c436166000330",
        "map": "f_5d6c88c031894200135e3777",
        "neighbors": [
          {
            "id": "n_5d6c9808ce6c43616600032b",
            "weight": 0
          },
          {
            "id": "n_5d6c9811ce6c43616600032c",
            "weight": 0
          },
          {
            "id": "n_5d6c9831ce6c436166000331",
            "weight": 0
          }
        ],
        "space": [],
        "flags": [
          1
        ]
      }
    },
    {
      "type": "Feature",
      "geometry": {
        "type": "Point",
        "coordinates": [
          2.345346410206207,
          41.61206055839675
        ]
      },
      "properties": {
        "id": "n_5d6c9831ce6c436166000331",
        "map": "f_5d6c88c031894200135e3777",
        "externalId": null,
        "neighbors": [
          {
            "id": "n_5d6c9830ce6c436166000330",
            "weight": 0
          }
        ],
        "space": [
          "s_5d6c8935ce6c436166000003"
        ],
        "flags": [
          1
        ]
      }
    },
    {
      "type": "Feature",
      "geometry": {
        "type": "Point",
        "coordinates": [
          2.3454374024340616,
          41.61229041618907
        ]
      },
      "properties": {
        "id": "n_5d6c9834ce6c436166000332",
        "map": "f_5d6c88c031894200135e3777",
        "externalId": null,
        "neighbors": [
          {
            "id": "n_5d6c9811ce6c43616600032c",
            "weight": 0
          }
        ],
        "space": [
          "s_5d6c8935ce6c436166000008"
        ],
        "flags": [
          1
        ]
      }
    },
    {
      "type": "Feature",
      "geometry": {
        "type": "Point",
        "coordinates": [
          2.3451760889999638,
          41.61231718208539
        ]
      },
      "properties": {
        "id": "n_5d6c9846ce6c436166000333",
        "map": "f_5d6c88c031894200135e3777",
        "neighbors": [
          {
            "id": "n_5d6c9426ce6c43616600026e",
            "weight": 0
          },
          {
            "id": "n_5d6c984ece6c436166000335",
            "weight": 0
          },
          {
            "id": "n_5d6c9850ce6c436166000336",
            "weight": 0
          },
          {
            "id": "n_5d6c9859ce6c436166000337",
            "weight": 0
          }
        ],
        "space": [],
        "flags": [
          1
        ]
      }
    },
    {
      "type": "Feature",
      "geometry": {
        "type": "Point",
        "coordinates": [
          2.3451244188954945,
          41.612276275367314
        ]
      },
      "properties": {
        "id": "n_5d6c984ece6c436166000335",
        "map": "f_5d6c88c031894200135e3777",
        "externalId": null,
        "neighbors": [
          {
            "id": "n_5d6c9846ce6c436166000333",
            "weight": 0
          }
        ],
        "space": [
          "s_5d6c8935ce6c436166000027"
        ],
        "flags": [
          1
        ]
      }
    },
    {
      "type": "Feature",
      "geometry": {
        "type": "Point",
        "coordinates": [
          2.345245183688662,
          41.61237168434702
        ]
      },
      "properties": {
        "id": "n_5d6c9850ce6c436166000336",
        "map": "f_5d6c88c031894200135e3777",
        "externalId": null,
        "neighbors": [
          {
            "id": "n_5d6c9846ce6c436166000333",
            "weight": 0
          }
        ],
        "space": [
          "s_5d6c8935ce6c436166000009"
        ],
        "flags": [
          1
        ]
      }
    },
    {
      "type": "Feature",
      "geometry": {
        "type": "Point",
        "coordinates": [
          2.3451055743878824,
          41.6123675067462
        ]
      },
      "properties": {
        "id": "n_5d6c9859ce6c436166000337",
        "map": "f_5d6c88c031894200135e3777",
        "neighbors": [
          {
            "id": "n_5d6c9846ce6c436166000333",
            "weight": 0
          },
          {
            "id": "n_5d6c985ace6c436166000338",
            "weight": 0
          },
          {
            "id": "n_5d6c985dce6c436166000339",
            "weight": 0
          },
          {
            "id": "n_64803f73f30f1c6cd8c445cd",
            "weight": 0
          }
        ],
        "space": [],
        "flags": [
          1
        ]
      }
    },
    {
      "type": "Feature",
      "geometry": {
        "type": "Point",
        "coordinates": [
          2.34505563422464,
          41.61232819795899
        ]
      },
      "properties": {
        "id": "n_5d6c985ace6c436166000338",
        "map": "f_5d6c88c031894200135e3777",
        "externalId": null,
        "neighbors": [
          {
            "id": "n_5d6c9859ce6c436166000337",
            "weight": 0
          }
        ],
        "space": [
          "s_5d6c8935ce6c436166000026"
        ],
        "flags": [
          1
        ]
      }
    },
    {
      "type": "Feature",
      "geometry": {
        "type": "Point",
        "coordinates": [
          2.345173912826782,
          41.612420912849856
        ]
      },
      "properties": {
        "id": "n_5d6c985dce6c436166000339",
        "map": "f_5d6c88c031894200135e3777",
        "externalId": null,
        "neighbors": [
          {
            "id": "n_5d6c9859ce6c436166000337",
            "weight": 0
          }
        ],
        "space": [
          "s_5d6c8935ce6c436166000007"
        ],
        "flags": [
          1
        ]
      }
    },
    {
      "type": "Feature",
      "geometry": {
        "type": "Point",
        "coordinates": [
          2.345032061933778,
          41.61241997076861
        ]
      },
      "properties": {
        "id": "n_5d6c985fce6c43616600033a",
        "map": "f_5d6c88c031894200135e3777",
        "neighbors": [
          {
            "id": "n_5d6c9860ce6c43616600033b",
            "weight": 0
          },
          {
            "id": "n_5d6c9865ce6c43616600033c",
            "weight": 0
          },
          {
            "id": "n_5ec79dcc7e79207f6f000022",
            "weight": 0
          },
          {
            "id": "n_64803f73f30f1c6cd8c445cd",
            "weight": 0
          }
        ],
        "space": [],
        "flags": [
          1
        ]
      }
    },
    {
      "type": "Feature",
      "geometry": {
        "type": "Point",
        "coordinates": [
          2.3450985450248076,
          41.61247297107839
        ]
      },
      "properties": {
        "id": "n_5d6c9860ce6c43616600033b",
        "map": "f_5d6c88c031894200135e3777",
        "externalId": null,
        "neighbors": [
          {
            "id": "n_5d6c985fce6c43616600033a",
            "weight": 0
          }
        ],
        "space": [
          "s_5d6c8935ce6c436166000006"
        ],
        "flags": [
          1
        ]
      }
    },
    {
      "type": "Feature",
      "geometry": {
        "type": "Point",
        "coordinates": [
          2.3449833100479083,
          41.61238279223718
        ]
      },
      "properties": {
        "id": "n_5d6c9865ce6c43616600033c",
        "map": "f_5d6c88c031894200135e3777",
        "externalId": null,
        "neighbors": [
          {
            "id": "n_5d6c985fce6c43616600033a",
            "weight": 0
          }
        ],
        "space": [
          "s_5d6c8935ce6c436166000025"
        ],
        "flags": [
          1
        ]
      }
    },
    {
      "type": "Feature",
      "geometry": {
        "type": "Point",
        "coordinates": [
          2.3449537255349506,
          41.61247587737572
        ]
      },
      "properties": {
        "id": "n_5d6c9869ce6c43616600033d",
        "map": "f_5d6c88c031894200135e3777",
        "externalId": null,
        "neighbors": [
          {
            "id": "n_5d6c9869ce6c43616600033d",
            "weight": 0
          },
          {
            "id": "n_5d6c986bce6c43616600033e",
            "weight": 0
          },
          {
            "id": "n_5d6c9870ce6c43616600033f",
            "weight": 0
          },
          {
            "id": "n_5d6c9879ce6c436166000341",
            "weight": 0
          },
          {
            "id": "n_5ec79dcc7e79207f6f000022",
            "weight": 0
          }
        ],
        "space": [],
        "flags": [
          1
        ]
      }
    },
    {
      "type": "Feature",
      "geometry": {
        "type": "Point",
        "coordinates": [
          2.3450096516363477,
          41.612519249291594
        ]
      },
      "properties": {
        "id": "n_5d6c986bce6c43616600033e",
        "map": "f_5d6c88c031894200135e3777",
        "externalId": null,
        "neighbors": [
          {
            "id": "n_5d6c9869ce6c43616600033d",
            "weight": 0
          }
        ],
        "space": [
          "s_5d6c8935ce6c43616600000f"
        ],
        "flags": [
          1
        ]
      }
    },
    {
      "type": "Feature",
      "geometry": {
        "type": "Point",
        "coordinates": [
          2.3448878292285773,
          41.61242552745181
        ]
      },
      "properties": {
        "id": "n_5d6c9870ce6c43616600033f",
        "map": "f_5d6c88c031894200135e3777",
        "externalId": null,
        "neighbors": [
          {
            "id": "n_5d6c9869ce6c43616600033d",
            "weight": 0
          }
        ],
        "space": [
          "s_5d6c8935ce6c436166000024"
        ],
        "flags": [
          1
        ]
      }
    },
    {
      "type": "Feature",
      "geometry": {
        "type": "Point",
        "coordinates": [
          2.344907358378091,
          41.6125089683133
        ]
      },
      "properties": {
        "id": "n_5d6c9879ce6c436166000341",
        "map": "f_5d6c88c031894200135e3777",
        "externalId": null,
        "neighbors": [
          {
            "id": "n_5d6c9879ce6c436166000341",
            "weight": 0
          },
          {
            "id": "n_5d6c987cce6c436166000342",
            "weight": 0
          },
          {
            "id": "n_5d6c9881ce6c436166000343",
            "weight": 0
          },
          {
            "id": "n_5d6c9869ce6c43616600033d",
            "weight": 0
          },
          {
            "id": "n_64818c244b48b3953607d8b2",
            "weight": 0
          }
        ],
        "space": [],
        "flags": [
          1
        ]
      }
    },
    {
      "type": "Feature",
      "geometry": {
        "type": "Point",
        "coordinates": [
          2.3449634617567408,
          41.612551940498015
        ]
      },
      "properties": {
        "id": "n_5d6c987cce6c436166000342",
        "map": "f_5d6c88c031894200135e3777",
        "externalId": null,
        "neighbors": [
          {
            "id": "n_5d6c9879ce6c436166000341",
            "weight": 0
          }
        ],
        "space": [
          "s_5d6c8935ce6c43616600000e"
        ],
        "flags": [
          1
        ]
      }
    },
    {
      "type": "Feature",
      "geometry": {
        "type": "Point",
        "coordinates": [
          2.344841522020528,
          41.61245834091548
        ]
      },
      "properties": {
        "id": "n_5d6c9881ce6c436166000343",
        "map": "f_5d6c88c031894200135e3777",
        "externalId": null,
        "neighbors": [
          {
            "id": "n_5d6c9879ce6c436166000341",
            "weight": 0
          }
        ],
        "space": [
          "s_5d6c8935ce6c436166000023"
        ],
        "flags": [
          1
        ]
      }
    },
    {
      "type": "Feature",
      "geometry": {
        "type": "Point",
        "coordinates": [
          2.344834191708639,
          41.612559805046295
        ]
      },
      "properties": {
        "id": "n_5d6c988cce6c436166000346",
        "map": "f_5d6c88c031894200135e3777",
        "externalId": null,
        "neighbors": [
          {
            "id": "n_5d6c988cce6c436166000346",
            "weight": 0
          },
          {
            "id": "n_5d6c9890ce6c436166000347",
            "weight": 0
          },
          {
            "id": "n_5d6c9893ce6c436166000348",
            "weight": 0
          },
          {
            "id": "n_5d6c98a2ce6c43616600034b",
            "weight": 0
          },
          {
            "id": "n_64818c214b48b3953607d8b0",
            "weight": 0
          }
        ],
        "space": [],
        "flags": [
          1
        ]
      }
    },
    {
      "type": "Feature",
      "geometry": {
        "type": "Point",
        "coordinates": [
          2.3448936504904516,
          41.612601349806106
        ]
      },
      "properties": {
        "id": "n_5d6c9890ce6c436166000347",
        "map": "f_5d6c88c031894200135e3777",
        "externalId": null,
        "neighbors": [
          {
            "id": "n_5d6c988cce6c436166000346",
            "weight": 0
          }
        ],
        "space": [
          "s_5d6c8935ce6c43616600000d"
        ],
        "flags": [
          1
        ]
      }
    },
    {
      "type": "Feature",
      "geometry": {
        "type": "Point",
        "coordinates": [
          2.344771015539281,
          41.61250830197633
        ]
      },
      "properties": {
        "id": "n_5d6c9893ce6c436166000348",
        "map": "f_5d6c88c031894200135e3777",
        "externalId": null,
        "neighbors": [
          {
            "id": "n_5d6c988cce6c436166000346",
            "weight": 0
          }
        ],
        "space": [
          "s_5d6c8935ce6c436166000022"
        ],
        "flags": [
          1
        ]
      }
    },
    {
      "type": "Feature",
      "geometry": {
        "type": "Point",
        "coordinates": [
          2.3447552251235364,
          41.61261754117496
        ]
      },
      "properties": {
        "id": "n_5d6c98a2ce6c43616600034b",
        "map": "f_5d6c88c031894200135e3777",
        "neighbors": [
          {
            "id": "n_5d6c9445ce6c436166000271",
            "weight": 0
          },
          {
            "id": "n_5d6c98a3ce6c43616600034c",
            "weight": 0
          },
          {
            "id": "n_5d6c988cce6c436166000346",
            "weight": 0
          }
        ],
        "space": [],
        "flags": [
          1
        ]
      }
    },
    {
      "type": "Feature",
      "geometry": {
        "type": "Point",
        "coordinates": [
          2.3446876313249456,
          41.61256738807412
        ]
      },
      "properties": {
        "id": "n_5d6c98a3ce6c43616600034c",
        "map": "f_5d6c88c031894200135e3777",
        "externalId": null,
        "neighbors": [
          {
            "id": "n_5d6c98a2ce6c43616600034b",
            "weight": 0
          }
        ],
        "space": [
          "s_5d6c8935ce6c436166000021"
        ],
        "flags": [
          1
        ]
      }
    },
    {
      "type": "Feature",
      "geometry": {
        "type": "Point",
        "coordinates": [
          2.344658934484687,
          41.61266550536851
        ]
      },
      "properties": {
        "id": "n_5d6c98acce6c43616600034d",
        "map": "f_5d6c88c031894200135e3777",
        "externalId": null,
        "neighbors": [
          {
            "id": "n_5d6c9445ce6c436166000271",
            "weight": 0
          }
        ],
        "space": [
          "s_6995ee8d65aab3fbee5bbc3d"
        ],
        "flags": [
          1
        ]
      }
    },
    {
      "type": "Feature",
      "geometry": {
        "type": "Point",
        "coordinates": [
          2.344757101614875,
          41.61269090513588
        ]
      },
      "properties": {
        "id": "n_5d6c98b2ce6c43616600034e",
        "map": "f_5d6c88c031894200135e3777",
        "neighbors": [
          {
            "id": "n_5d6c98b3ce6c43616600034f",
            "weight": 0
          },
          {
            "id": "n_5ec79de87e79207f6f000023",
            "weight": 0
          },
          {
            "id": "n_64803f7bf30f1c6cd8c445d0",
            "weight": 0
          }
        ],
        "space": [],
        "flags": [
          1
        ]
      }
    },
    {
      "type": "Feature",
      "geometry": {
        "type": "Point",
        "coordinates": [
          2.344822581522199,
          41.612664397903906
        ]
      },
      "properties": {
        "id": "n_5d6c98b3ce6c43616600034f",
        "map": "f_5d6c88c031894200135e3777",
        "externalId": null,
        "neighbors": [
          {
            "id": "n_5d6c98b2ce6c43616600034e",
            "weight": 0
          }
        ],
        "space": [
          "s_5d6c8935ce6c43616600000c"
        ],
        "flags": [
          1
        ]
      }
    },
    {
      "type": "Feature",
      "geometry": {
        "type": "Point",
        "coordinates": [
          2.3448427926646316,
          41.61281073550161
        ]
      },
      "properties": {
        "id": "n_5d6c98c6ce6c436166000352",
        "map": "f_5d6c88c031894200135e3777",
        "neighbors": [
          {
            "id": "n_5d6c98c7ce6c436166000353",
            "weight": 0
          },
          {
            "id": "n_5d6c98ccce6c436166000354",
            "weight": 0
          },
          {
            "id": "n_5ec79de87e79207f6f000023",
            "weight": 0
          },
          {
            "id": "n_5d6c98d2ce6c436166000357",
            "weight": 0
          }
        ],
        "space": [],
        "flags": [
          1
        ]
      }
    },
    {
      "type": "Feature",
      "geometry": {
        "type": "Point",
        "coordinates": [
          2.3447667983381377,
          41.61284502453587
        ]
      },
      "properties": {
        "id": "n_5d6c98c7ce6c436166000353",
        "map": "f_5d6c88c031894200135e3777",
        "externalId": null,
        "neighbors": [
          {
            "id": "n_5d6c98c6ce6c436166000352",
            "weight": 0
          }
        ],
        "space": [
          "s_5d6c8935ce6c43616600001e"
        ],
        "flags": [
          1
        ]
      }
    },
    {
      "type": "Feature",
      "geometry": {
        "type": "Point",
        "coordinates": [
          2.344862039637987,
          41.612716501508004
        ]
      },
      "properties": {
        "id": "n_5d6c98ccce6c436166000354",
        "map": "f_5d6c88c031894200135e3777",
        "externalId": null,
        "neighbors": [
          {
            "id": "n_5d6c98c6ce6c436166000352",
            "weight": 0
          }
        ],
        "space": [
          "s_5d6c8935ce6c43616600000b"
        ],
        "flags": [
          1
        ]
      }
    },
    {
      "type": "Feature",
      "geometry": {
        "type": "Point",
        "coordinates": [
          2.3448922857886547,
          41.612875447650694
        ]
      },
      "properties": {
        "id": "n_5d6c98d2ce6c436166000357",
        "map": "f_5d6c88c031894200135e3777",
        "neighbors": [
          {
            "id": "n_5d6c98d8ce6c436166000359",
            "weight": 0
          },
          {
            "id": "n_5d6c98dcce6c43616600035a",
            "weight": 0
          },
          {
            "id": "n_5d6c98c6ce6c436166000352",
            "weight": 0
          }
        ],
        "space": [],
        "flags": [
          1
        ]
      }
    },
    {
      "type": "Feature",
      "geometry": {
        "type": "Point",
        "coordinates": [
          2.3449449573134067,
          41.61285483555673
        ]
      },
      "properties": {
        "id": "n_5d6c98d8ce6c436166000359",
        "map": "f_5d6c88c031894200135e3777",
        "externalId": null,
        "neighbors": [
          {
            "id": "n_5d6c98d2ce6c436166000357",
            "weight": 0
          }
        ],
        "space": [
          "s_5d6c8935ce6c43616600000a"
        ],
        "flags": [
          1
        ]
      }
    },
    {
      "type": "Feature",
      "geometry": {
        "type": "Point",
        "coordinates": [
          2.34501458569454,
          41.61304240055744
        ]
      },
      "properties": {
        "id": "n_5d6c98dcce6c43616600035a",
        "map": "f_5d6c88c031894200135e3777",
        "externalId": "NODE-3P9LWM1M",
        "neighbors": [
          {
            "id": "n_5d6c98d2ce6c436166000357",
            "weight": 0
          },
          {
            "id": "n_5d6c98dece6c43616600035b",
            "weight": 0
          },
          {
            "id": "n_5d6c98e2ce6c43616600035c",
            "weight": 0
          },
          {
            "id": "n_69ea2ab9b1be529941c1c147",
            "weight": 0
          }
        ],
        "space": [],
        "flags": [
          1
        ]
      }
    },
    {
      "type": "Feature",
      "geometry": {
        "type": "Point",
        "coordinates": [
          2.3451080256642913,
          41.613005605341506
        ]
      },
      "properties": {
        "id": "n_5d6c98dece6c43616600035b",
        "map": "f_5d6c88c031894200135e3777",
        "externalId": null,
        "neighbors": [
          {
            "id": "n_5d6c98dcce6c43616600035a",
            "weight": 0
          }
        ],
        "space": [
          "s_5d6c8935ce6c436166000010"
        ],
        "flags": [
          1
        ]
      }
    },
    {
      "type": "Feature",
      "geometry": {
        "type": "Point",
        "coordinates": [
          2.344924314813883,
          41.61307912122075
        ]
      },
      "properties": {
        "id": "n_5d6c98e2ce6c43616600035c",
        "map": "f_5d6c88c031894200135e3777",
        "externalId": null,
        "neighbors": [
          {
            "id": "n_5d6c98dcce6c43616600035a",
            "weight": 0
          }
        ],
        "space": [
          "s_5d6c8935ce6c43616600001b"
        ],
        "flags": [
          1
        ]
      }
    },
    {
      "type": "Feature",
      "geometry": {
        "type": "Point",
        "coordinates": [
          2.344924314813883,
          41.61307912122075
        ]
      },
      "properties": {
        "id": "n_5d6c98e2ce6c43616600035d",
        "map": "f_5d6c88c031894200135e3777",
        "externalId": null,
        "neighbors": [],
        "space": [
          "s_5d6c8935ce6c43616600001b"
        ],
        "flags": [
          1
        ]
      }
    },
    {
      "type": "Feature",
      "geometry": {
        "type": "Point",
        "coordinates": [
          2.3451114312772203,
          41.61317143598032
        ]
      },
      "properties": {
        "id": "n_5d6c98e5ce6c43616600035e",
        "map": "f_5d6c88c031894200135e3777",
        "externalId": "NODE-ZEQCI8W6",
        "neighbors": [
          {
            "id": "n_5d6c98e7ce6c43616600035f",
            "weight": 0
          },
          {
            "id": "n_5d6c98e9ce6c436166000360",
            "weight": 0
          },
          {
            "id": "n_5d920f40e48bb31640000529",
            "weight": 0
          },
          {
            "id": "n_668cf19ca6b4d27951e815e9",
            "weight": 0
          }
        ],
        "space": [],
        "flags": [
          1
        ]
      }
    },
    {
      "type": "Feature",
      "geometry": {
        "type": "Point",
        "coordinates": [
          2.3450111975235273,
          41.61321102077082
        ]
      },
      "properties": {
        "id": "n_5d6c98e7ce6c43616600035f",
        "map": "f_5d6c88c031894200135e3777",
        "externalId": "NODE-RQSJ9ZTQ",
        "neighbors": [
          {
            "id": "n_5d6c98e5ce6c43616600035e",
            "weight": 0
          }
        ],
        "space": [
          "s_5d6c8935ce6c43616600001a"
        ],
        "flags": [
          1
        ]
      }
    },
    {
      "type": "Feature",
      "geometry": {
        "type": "Point",
        "coordinates": [
          2.34521481711866,
          41.61312945701335
        ]
      },
      "properties": {
        "id": "n_5d6c98e9ce6c436166000360",
        "map": "f_5d6c88c031894200135e3777",
        "externalId": null,
        "neighbors": [
          {
            "id": "n_5d6c98e5ce6c43616600035e",
            "weight": 0
          }
        ],
        "space": [
          "s_5d6c8935ce6c436166000011"
        ],
        "flags": [
          1
        ]
      }
    },
    {
      "type": "Feature",
      "geometry": {
        "type": "Point",
        "coordinates": [
          2.345160181839724,
          41.61324115411321
        ]
      },
      "properties": {
        "id": "n_5d6c98ebce6c436166000361",
        "map": "f_5d6c88c031894200135e3777",
        "neighbors": [
          {
            "id": "n_5d6c98ecce6c436166000362",
            "weight": 0
          },
          {
            "id": "n_5d6c98eece6c436166000363",
            "weight": 0
          },
          {
            "id": "n_5d920f40e48bb31640000529",
            "weight": 0
          }
        ],
        "space": [],
        "flags": [
          1
        ]
      }
    },
    {
      "type": "Feature",
      "geometry": {
        "type": "Point",
        "coordinates": [
          2.3450932755215614,
          41.613267149849044
        ]
      },
      "properties": {
        "id": "n_5d6c98ecce6c436166000362",
        "map": "f_5d6c88c031894200135e3777",
        "externalId": null,
        "neighbors": [
          {
            "id": "n_5d6c98ebce6c436166000361",
            "weight": 0
          }
        ],
        "space": [
          "s_5d6c8935ce6c436166000019"
        ],
        "flags": [
          1
        ]
      }
    },
    {
      "type": "Feature",
      "geometry": {
        "type": "Point",
        "coordinates": [
          2.3451737693961134,
          41.61325861812031
        ]
      },
      "properties": {
        "id": "n_5d6c98eece6c436166000363",
        "map": "f_5d6c88c031894200135e3777",
        "neighbors": [
          {
            "id": "n_5d6c98ebce6c436166000361",
            "weight": 0
          },
          {
            "id": "n_5d6c98efce6c436166000364",
            "weight": 0
          },
          {
            "id": "n_5d6c98fece6c436166000368",
            "weight": 0
          }
        ],
        "space": [],
        "flags": [
          1
        ]
      }
    },
    {
      "type": "Feature",
      "geometry": {
        "type": "Point",
        "coordinates": [
          2.345241008999572,
          41.61323083084334
        ]
      },
      "properties": {
        "id": "n_5d6c98efce6c436166000364",
        "map": "f_5d6c88c031894200135e3777",
        "externalId": null,
        "neighbors": [
          {
            "id": "n_5d6c98eece6c436166000363",
            "weight": 0
          }
        ],
        "space": [
          "s_5d6c8935ce6c436166000012"
        ],
        "flags": [
          1
        ]
      }
    },
    {
      "type": "Feature",
      "geometry": {
        "type": "Point",
        "coordinates": [
          2.345207179833046,
          41.613305000991616
        ]
      },
      "properties": {
        "id": "n_5d6c98fece6c436166000368",
        "map": "f_5d6c88c031894200135e3777",
        "externalId": null,
        "neighbors": [
          {
            "id": "n_5d6c98fece6c436166000368",
            "weight": 0
          },
          {
            "id": "n_5d6c9902ce6c436166000369",
            "weight": 0
          },
          {
            "id": "n_5d6c9907ce6c43616600036a",
            "weight": 0
          },
          {
            "id": "n_5d6c98eece6c436166000363",
            "weight": 0
          },
          {
            "id": "n_5d6c944cce6c436166000272",
            "weight": 0
          }
        ],
        "space": [],
        "flags": [
          1
        ]
      }
    },
    {
      "type": "Feature",
      "geometry": {
        "type": "Point",
        "coordinates": [
          2.3452746800553914,
          41.6132757749006
        ]
      },
      "properties": {
        "id": "n_5d6c9902ce6c436166000369",
        "map": "f_5d6c88c031894200135e3777",
        "externalId": null,
        "neighbors": [
          {
            "id": "n_5d6c98fece6c436166000368",
            "weight": 0
          }
        ],
        "space": [
          "s_5d6c8935ce6c436166000013"
        ],
        "flags": [
          1
        ]
      }
    },
    {
      "type": "Feature",
      "geometry": {
        "type": "Point",
        "coordinates": [
          2.345137672789185,
          41.61333333150783
        ]
      },
      "properties": {
        "id": "n_5d6c9907ce6c43616600036a",
        "map": "f_5d6c88c031894200135e3777",
        "externalId": null,
        "neighbors": [
          {
            "id": "n_5d6c98fece6c436166000368",
            "weight": 0
          }
        ],
        "space": [
          "s_5d6c8935ce6c436166000018"
        ],
        "flags": [
          1
        ]
      }
    },
    {
      "type": "Feature",
      "geometry": {
        "type": "Point",
        "coordinates": [
          2.3453066515550987,
          41.61331845032674
        ]
      },
      "properties": {
        "id": "n_5d6c990ace6c43616600036b",
        "map": "f_5d6c88c031894200135e3777",
        "externalId": null,
        "neighbors": [
          {
            "id": "n_5d6c944cce6c436166000272",
            "weight": 0
          }
        ],
        "space": [
          "s_5d6c8935ce6c436166000014"
        ],
        "flags": [
          1
        ]
      }
    },
    {
      "type": "Feature",
      "geometry": {
        "type": "Point",
        "coordinates": [
          2.345243793565468,
          41.6133858152764
        ]
      },
      "properties": {
        "id": "n_5d6c990dce6c43616600036c",
        "map": "f_5d6c88c031894200135e3777",
        "neighbors": [
          {
            "id": "n_5d6c944cce6c436166000272",
            "weight": 0
          },
          {
            "id": "n_5d6c990fce6c43616600036d",
            "weight": 0
          },
          {
            "id": "n_5d6c9911ce6c43616600036e",
            "weight": 0
          },
          {
            "id": "n_5d6c9913ce6c43616600036f",
            "weight": 0
          }
        ],
        "space": [],
        "flags": [
          1
        ]
      }
    },
    {
      "type": "Feature",
      "geometry": {
        "type": "Point",
        "coordinates": [
          2.3451675547173743,
          41.61339389997857
        ]
      },
      "properties": {
        "id": "n_5d6c990fce6c43616600036d",
        "map": "f_5d6c88c031894200135e3777",
        "externalId": null,
        "neighbors": [
          {
            "id": "n_5d6c990dce6c43616600036c",
            "weight": 0
          }
        ],
        "space": [
          "s_5d6c8935ce6c436166000017"
        ],
        "flags": [
          1
        ]
      }
    },
    {
      "type": "Feature",
      "geometry": {
        "type": "Point",
        "coordinates": [
          2.345327689103423,
          41.61337468510214
        ]
      },
      "properties": {
        "id": "n_5d6c9911ce6c43616600036e",
        "map": "f_5d6c88c031894200135e3777",
        "externalId": null,
        "neighbors": [
          {
            "id": "n_5d6c990dce6c43616600036c",
            "weight": 0
          }
        ],
        "space": [
          "s_5d6c8935ce6c436166000015"
        ],
        "flags": [
          1
        ]
      }
    },
    {
      "type": "Feature",
      "geometry": {
        "type": "Point",
        "coordinates": [
          2.3452634871381957,
          41.61349977801345
        ]
      },
      "properties": {
        "id": "n_5d6c9913ce6c43616600036f",
        "map": "f_5d6c88c031894200135e3777",
        "neighbors": [
          {
            "id": "n_5d6c990dce6c43616600036c",
            "weight": 0
          },
          {
            "id": "n_5d6c9914ce6c436166000370",
            "weight": 0
          },
          {
            "id": "n_5d6c9916ce6c436166000371",
            "weight": 0
          },
          {
            "id": "n_648084e270b6f2e8eeb95d50",
            "weight": 0
          }
        ],
        "space": [],
        "flags": [
          1
        ]
      }
    },
    {
      "type": "Feature",
      "geometry": {
        "type": "Point",
        "coordinates": [
          2.3451884165002435,
          41.61350904685469
        ]
      },
      "properties": {
        "id": "n_5d6c9914ce6c436166000370",
        "map": "f_5d6c88c031894200135e3777",
        "externalId": null,
        "neighbors": [
          {
            "id": "n_5d6c9913ce6c43616600036f",
            "weight": 0
          }
        ],
        "space": [
          "s_5d6c8935ce6c436166000016"
        ],
        "flags": [
          1
        ]
      }
    },
    {
      "type": "Feature",
      "geometry": {
        "type": "Point",
        "coordinates": [
          2.345344545301984,
          41.61349007478331
        ]
      },
      "properties": {
        "id": "n_5d6c9916ce6c436166000371",
        "map": "f_5d6c88c031894200135e3777",
        "externalId": null,
        "neighbors": [
          {
            "id": "n_5d6c9913ce6c43616600036f",
            "weight": 0
          }
        ],
        "space": [
          "s_5d6c8935ce6c436166000020"
        ],
        "flags": [
          1
        ]
      }
    },
    {
      "type": "Feature",
      "geometry": {
        "type": "Point",
        "coordinates": [
          2.3430372601573266,
          41.608841509218784
        ]
      },
      "properties": {
        "id": "n_5d790b955d99b832ce000002",
        "map": "f_5d6c88c031894200135e3777",
        "externalId": null,
        "neighbors": [],
        "space": [
          "s_5d6c8935ce6c43616600012c"
        ],
        "flags": [
          1
        ]
      }
    },
    {
      "type": "Feature",
      "geometry": {
        "type": "Point",
        "coordinates": [
          2.3437305309198795,
          41.60958329753968
        ]
      },
      "properties": {
        "id": "n_5d790b975d99b832ce000004",
        "map": "f_5d6c88c031894200135e3777",
        "externalId": null,
        "neighbors": [],
        "space": [
          "s_5d6c8935ce6c43616600012a"
        ],
        "flags": [
          1
        ]
      }
    },
    {
      "type": "Feature",
      "geometry": {
        "type": "Point",
        "coordinates": [
          2.3443594292230707,
          41.61018891985099
        ]
      },
      "properties": {
        "id": "n_5d790b9b5d99b832ce000006",
        "map": "f_5d6c88c031894200135e3777",
        "externalId": null,
        "neighbors": [],
        "space": [
          "s_5d6c8935ce6c436166000129"
        ],
        "flags": [
          1
        ]
      }
    },
    {
      "type": "Feature",
      "geometry": {
        "type": "Point",
        "coordinates": [
          2.344935074681132,
          41.61074953334675
        ]
      },
      "properties": {
        "id": "n_5d790b9e5d99b832ce000008",
        "map": "f_5d6c88c031894200135e3777",
        "externalId": null,
        "neighbors": [],
        "space": [
          "s_5d6c8935ce6c436166000128"
        ],
        "flags": [
          1
        ]
      }
    },
    {
      "type": "Feature",
      "geometry": {
        "type": "Point",
        "coordinates": [
          2.345322186057125,
          41.61137908400562
        ]
      },
      "properties": {
        "id": "n_5d790ba15d99b832ce00000a",
        "map": "f_5d6c88c031894200135e3777",
        "externalId": null,
        "neighbors": [],
        "space": [
          "s_5d6c8935ce6c436166000127"
        ],
        "flags": [
          1
        ]
      }
    },
    {
      "type": "Feature",
      "geometry": {
        "type": "Point",
        "coordinates": [
          2.34436708548631,
          41.611518617547524
        ]
      },
      "properties": {
        "id": "n_5d8cd381e48bb33a56000112",
        "map": "f_5d6c88c031894200135e3777",
        "neighbors": [
          {
            "id": "n_5d6c978cce6c43616600030b",
            "weight": 0
          },
          {
            "id": "n_5d6c9792ce6c43616600030c",
            "weight": 0
          },
          {
            "id": "n_5ec79d907e79207f6f000019",
            "weight": 0
          },
          {
            "id": "n_64b4f55cbdcf084825e888ab",
            "weight": 0
          }
        ],
        "space": [],
        "flags": [
          1
        ]
      }
    },
    {
      "type": "Feature",
      "geometry": {
        "type": "Point",
        "coordinates": [
          2.3451350458677434,
          41.61320684106757
        ]
      },
      "properties": {
        "id": "n_5d920f40e48bb31640000529",
        "map": "f_5d6c88c031894200135e3777",
        "neighbors": [
          {
            "id": "n_5d6c98e5ce6c43616600035e",
            "weight": 0
          },
          {
            "id": "n_5d6c98ebce6c436166000361",
            "weight": 0
          },
          {
            "id": "n_5ec79e237e79207f6f00002a",
            "weight": 0
          }
        ],
        "space": [],
        "flags": [
          1
        ]
      }
    },
    {
      "type": "Feature",
      "geometry": {
        "type": "Point",
        "coordinates": [
          2.3449285583388453,
          41.6132853631562
        ]
      },
      "properties": {
        "id": "n_5d920f41e48bb3164000052a",
        "map": "f_5d6c88c031894200135e3777",
        "externalId": null,
        "neighbors": [
          {
            "id": "n_5ec79e237e79207f6f00002a",
            "weight": 0
          }
        ],
        "space": [
          "s_5d8cd9b5e48bb33a5600032c"
        ],
        "flags": [
          1
        ]
      }
    },
    {
      "type": "Feature",
      "geometry": {
        "type": "Point",
        "coordinates": [
          2.344592618671797,
          41.612597405620086
        ]
      },
      "properties": {
        "id": "n_5d920f4be48bb3164000052b",
        "map": "f_5d6c88c031894200135e3777",
        "externalId": "NODE-B9V57LKS",
        "neighbors": [
          {
            "id": "n_5d6c9445ce6c436166000271",
            "weight": 0
          },
          {
            "id": "n_5d920f4ce48bb3164000052c",
            "weight": 0
          }
        ],
        "space": [],
        "flags": [
          1
        ]
      }
    },
    {
      "type": "Feature",
      "geometry": {
        "type": "Point",
        "coordinates": [
          2.3446001826986844,
          41.6125568256327
        ]
      },
      "properties": {
        "id": "n_5d920f4ce48bb3164000052c",
        "map": "f_5d6c88c031894200135e3777",
        "externalId": null,
        "neighbors": [
          {
            "id": "n_5d920f4be48bb3164000052b",
            "weight": 0
          }
        ],
        "space": [
          "s_5d8e4428e48bb33a560024d3"
        ],
        "flags": [
          1
        ]
      }
    },
    {
      "type": "Feature",
      "geometry": {
        "type": "Point",
        "coordinates": [
          2.344728913858194,
          41.611788564590185
        ]
      },
      "properties": {
        "id": "n_5d920f59e48bb3164000052d",
        "map": "f_5d6c88c031894200135e3777",
        "neighbors": [
          {
            "id": "n_5d6c97bbce6c436166000318",
            "weight": 0
          },
          {
            "id": "n_5ec79d9a7e79207f6f00001b",
            "weight": 0
          },
          {
            "id": "n_64803f60f30f1c6cd8c445c9",
            "weight": 0
          }
        ],
        "space": [],
        "flags": [
          1
        ]
      }
    },
    {
      "type": "Feature",
      "geometry": {
        "type": "Point",
        "coordinates": [
          2.344535643764849,
          41.611927315740004
        ]
      },
      "properties": {
        "id": "n_5d920f5ae48bb3164000052e",
        "map": "f_5d6c88c031894200135e3777",
        "externalId": null,
        "neighbors": [
          {
            "id": "n_5ec79d9a7e79207f6f00001b",
            "weight": 0
          }
        ],
        "space": [
          "s_5d8e2499e48bb33a56001678"
        ],
        "flags": [
          1
        ]
      }
    },
    {
      "type": "Feature",
      "geometry": {
        "type": "Point",
        "coordinates": [
          2.343424363065704,
          41.610142408230395
        ]
      },
      "properties": {
        "id": "n_5d920f79e48bb31640000533",
        "map": "f_5d6c88c031894200135e3777",
        "externalId": null,
        "neighbors": [
          {
            "id": "n_5d6c93bace6c436166000266",
            "weight": 0
          }
        ],
        "space": [
          "s_5d8cdda6e48bb33a5600076e"
        ],
        "flags": [
          1
        ]
      }
    },
    {
      "type": "Feature",
      "geometry": {
        "type": "Point",
        "coordinates": [
          2.345453552379482,
          41.61444872183011
        ]
      },
      "properties": {
        "id": "n_5d924b4c5d99b80905000212",
        "map": "f_5d6c88c031894200135e3777",
        "externalId": null,
        "neighbors": [],
        "space": [
          "s_5d8d059ce48bb33a56000773"
        ],
        "flags": [
          1
        ]
      }
    },
    {
      "type": "Feature",
      "geometry": {
        "type": "Point",
        "coordinates": [
          2.3443748463595604,
          41.61067564606265
        ]
      },
      "properties": {
        "id": "n_5d924bb65d99b80905000213",
        "map": "f_5d6c88c031894200135e3777",
        "externalId": null,
        "neighbors": [
          {
            "id": "n_5d6c970cce6c4361660002ec",
            "weight": 0
          },
          {
            "id": "n_5d924bb65d99b80905000213",
            "weight": 0
          }
        ],
        "space": [
          "s_5d8cd0c0e48bb33a56000000"
        ],
        "flags": [
          1
        ]
      }
    },
    {
      "type": "Feature",
      "geometry": {
        "type": "Point",
        "coordinates": [
          2.3413767107500965,
          41.60761122357367
        ]
      },
      "properties": {
        "id": "n_5d974d755d99b84013000000",
        "map": "f_5d6c88c031894200135e3777",
        "externalId": null,
        "neighbors": [],
        "space": [
          "s_5d8e1e77e48bb33a56000d05"
        ],
        "flags": [
          1
        ]
      }
    },
    {
      "type": "Feature",
      "geometry": {
        "type": "Point",
        "coordinates": [
          2.3416443740195216,
          41.60785457278111
        ]
      },
      "properties": {
        "id": "n_5d974d8b5d99b84013000001",
        "map": "f_5d6c88c031894200135e3777",
        "externalId": null,
        "neighbors": [],
        "space": [],
        "flags": [
          1
        ]
      }
    },
    {
      "type": "Feature",
      "geometry": {
        "type": "Point",
        "coordinates": [
          2.344551442726225,
          41.6107159845043
        ]
      },
      "properties": {
        "id": "n_5dd524217e79203640000211",
        "map": "f_5d6c88c031894200135e3777",
        "neighbors": [
          {
            "id": "n_5d6c9712ce6c4361660002ef",
            "weight": 0
          },
          {
            "id": "n_5d6c9713ce6c4361660002f0",
            "weight": 0
          },
          {
            "id": "n_5ec79d1a7e79207f6f000012",
            "weight": 0
          }
        ],
        "space": [],
        "flags": [
          1
        ]
      }
    },
    {
      "type": "Feature",
      "geometry": {
        "type": "Point",
        "coordinates": [
          2.344541850483962,
          41.61076839452661
        ]
      },
      "properties": {
        "id": "n_5dde6ab17e79200ad3000324",
        "map": "f_5d6c88c031894200135e3777",
        "externalId": null,
        "neighbors": [
          {
            "id": "n_5d6c9712ce6c4361660002ef",
            "weight": 0
          }
        ],
        "space": [
          "s_5dd64eda7e79204052000002"
        ],
        "flags": [
          1
        ]
      }
    },
    {
      "type": "Feature",
      "geometry": {
        "type": "Point",
        "coordinates": [
          2.3423215330704292,
          41.608871443794534
        ]
      },
      "properties": {
        "id": "n_5ec79bcd7e79207f6f000000",
        "map": "f_5d6c88c031894200135e3777",
        "neighbors": [
          {
            "id": "n_5d6c9393ce6c436166000262",
            "weight": 0
          },
          {
            "id": "n_5d6c9583ce6c43616600027c",
            "weight": 0
          }
        ],
        "space": [],
        "flags": [
          1
        ]
      }
    },
    {
      "type": "Feature",
      "geometry": {
        "type": "Point",
        "coordinates": [
          2.3424327581411126,
          41.60920512530677
        ]
      },
      "properties": {
        "id": "n_5ec79c0e7e79207f6f000002",
        "map": "f_5d6c88c031894200135e3777",
        "neighbors": [
          {
            "id": "n_5d6c95b1ce6c436166000288",
            "weight": 0
          },
          {
            "id": "n_5d6c939bce6c436166000263",
            "weight": 0
          }
        ],
        "space": [],
        "flags": [
          1
        ]
      }
    },
    {
      "type": "Feature",
      "geometry": {
        "type": "Point",
        "coordinates": [
          2.34293478516533,
          41.60948471944336
        ]
      },
      "properties": {
        "id": "n_5ec79c357e79207f6f000004",
        "map": "f_5d6c88c031894200135e3777",
        "externalId": "NODE-HCLA3NCO",
        "neighbors": [
          {
            "id": "n_5d6c9601ce6c43616600029d",
            "weight": 0
          },
          {
            "id": "n_5d6c960cce6c4361660002a0",
            "weight": 0
          },
          {
            "id": "n_641af1a0409d138844159c16",
            "weight": 0
          }
        ],
        "space": [],
        "flags": [
          1
        ]
      }
    },
    {
      "type": "Feature",
      "geometry": {
        "type": "Point",
        "coordinates": [
          2.342711829951403,
          41.60941199222536
        ]
      },
      "properties": {
        "id": "n_5ec79c617e79207f6f000007",
        "map": "f_5d6c88c031894200135e3777",
        "neighbors": [
          {
            "id": "n_5d6c95e8ce6c436166000296",
            "weight": 0
          },
          {
            "id": "n_5d6c95f5ce6c436166000299",
            "weight": 0
          }
        ],
        "space": [],
        "flags": [
          1
        ]
      }
    },
    {
      "type": "Feature",
      "geometry": {
        "type": "Point",
        "coordinates": [
          2.343017182058616,
          41.609952817847955
        ]
      },
      "properties": {
        "id": "n_5ec79c827e79207f6f000009",
        "map": "f_5d6c88c031894200135e3777",
        "neighbors": [
          {
            "id": "n_5d6c93b5ce6c436166000265",
            "weight": 0
          }
        ],
        "space": [],
        "flags": [
          1
        ]
      }
    },
    {
      "type": "Feature",
      "geometry": {
        "type": "Point",
        "coordinates": [
          2.343160278501495,
          41.610174185515326
        ]
      },
      "properties": {
        "id": "n_5ec79ca17e79207f6f00000b",
        "map": "f_5d6c88c031894200135e3777",
        "neighbors": [
          {
            "id": "n_5d6c93bace6c436166000266",
            "weight": 0
          }
        ],
        "space": [],
        "flags": [
          1
        ]
      }
    },
    {
      "type": "Feature",
      "geometry": {
        "type": "Point",
        "coordinates": [
          2.3437924661208958,
          41.61080442437134
        ]
      },
      "properties": {
        "id": "n_5ec79ce87e79207f6f00000f",
        "map": "f_5d6c88c031894200135e3777",
        "neighbors": [
          {
            "id": "n_5d6c96b8ce6c4361660002d4",
            "weight": 0
          },
          {
            "id": "n_5d6c96bdce6c4361660002d6",
            "weight": 0
          }
        ],
        "space": [],
        "flags": [
          1
        ]
      }
    },
    {
      "type": "Feature",
      "geometry": {
        "type": "Point",
        "coordinates": [
          2.3442250003420333,
          41.61067733385752
        ]
      },
      "properties": {
        "id": "n_5ec79d017e79207f6f000010",
        "map": "f_5d6c88c031894200135e3777",
        "neighbors": [
          {
            "id": "n_5d6c9702ce6c4361660002e7",
            "weight": 0
          },
          {
            "id": "n_5d6c9709ce6c4361660002ea",
            "weight": 0
          }
        ],
        "space": [],
        "flags": [
          1
        ]
      }
    },
    {
      "type": "Feature",
      "geometry": {
        "type": "Point",
        "coordinates": [
          2.344526559434108,
          41.61069244812436
        ]
      },
      "properties": {
        "id": "n_5ec79d1a7e79207f6f000012",
        "map": "f_5d6c88c031894200135e3777",
        "neighbors": [
          {
            "id": "n_5d6c96d9ce6c4361660002df",
            "weight": 0
          },
          {
            "id": "n_5dd524217e79203640000211",
            "weight": 0
          },
          {
            "id": "n_5ec79d217e79207f6f000013",
            "weight": 0
          }
        ],
        "space": [],
        "flags": [
          1
        ]
      }
    },
    {
      "type": "Feature",
      "geometry": {
        "type": "Point",
        "coordinates": [
          2.3445003265408,
          41.61070795194483
        ]
      },
      "properties": {
        "id": "n_5ec79d217e79207f6f000013",
        "map": "f_5d6c88c031894200135e3777",
        "neighbors": [
          {
            "id": "n_5ec79d1a7e79207f6f000012",
            "weight": 0
          }
        ],
        "space": [],
        "flags": [
          1
        ]
      }
    },
    {
      "type": "Feature",
      "geometry": {
        "type": "Point",
        "coordinates": [
          2.344156136370547,
          41.611271922473534
        ]
      },
      "properties": {
        "id": "n_5ec79d817e79207f6f000016",
        "map": "f_5d6c88c031894200135e3777",
        "neighbors": [
          {
            "id": "n_5d6c9767ce6c4361660002ff",
            "weight": 0
          },
          {
            "id": "n_6480af62e98d0628ef359871",
            "weight": 0
          }
        ],
        "space": [],
        "flags": [
          1
        ]
      }
    },
    {
      "type": "Feature",
      "geometry": {
        "type": "Point",
        "coordinates": [
          2.344409019468059,
          41.61154969946709
        ]
      },
      "properties": {
        "id": "n_5ec79d907e79207f6f000019",
        "map": "f_5d6c88c031894200135e3777",
        "neighbors": [
          {
            "id": "n_5d8cd381e48bb33a56000112",
            "weight": 0
          },
          {
            "id": "n_64818c194b48b3953607d8ae",
            "weight": 0
          }
        ],
        "space": [],
        "flags": [
          1
        ]
      }
    },
    {
      "type": "Feature",
      "geometry": {
        "type": "Point",
        "coordinates": [
          2.3445799009862522,
          41.61189554300045
        ]
      },
      "properties": {
        "id": "n_5ec79d9a7e79207f6f00001b",
        "map": "f_5d6c88c031894200135e3777",
        "neighbors": [
          {
            "id": "n_5d920f59e48bb3164000052d",
            "weight": 0
          },
          {
            "id": "n_5d920f5ae48bb3164000052e",
            "weight": 0
          }
        ],
        "space": [],
        "flags": [
          1
        ]
      }
    },
    {
      "type": "Feature",
      "geometry": {
        "type": "Point",
        "coordinates": [
          2.3448092817876742,
          41.6118486491607
        ]
      },
      "properties": {
        "id": "n_5ec79dae7e79207f6f00001d",
        "map": "f_5d6c88c031894200135e3777",
        "neighbors": [
          {
            "id": "n_5d6c97c4ce6c43616600031c",
            "weight": 0
          },
          {
            "id": "n_5d6c97cece6c43616600031f",
            "weight": 0
          }
        ],
        "space": [],
        "flags": [
          1
        ]
      }
    },
    {
      "type": "Feature",
      "geometry": {
        "type": "Point",
        "coordinates": [
          2.3451214565649576,
          41.612082000263996
        ]
      },
      "properties": {
        "id": "n_5ec79dba7e79207f6f000020",
        "map": "f_5d6c88c031894200135e3777",
        "neighbors": [
          {
            "id": "n_5d6c97d9ce6c436166000324",
            "weight": 0
          },
          {
            "id": "n_5d6c97ddce6c436166000326",
            "weight": 0
          }
        ],
        "space": [],
        "flags": [
          1
        ]
      }
    },
    {
      "type": "Feature",
      "geometry": {
        "type": "Point",
        "coordinates": [
          2.344993309041629,
          41.61244762765084
        ]
      },
      "properties": {
        "id": "n_5ec79dcc7e79207f6f000022",
        "map": "f_5d6c88c031894200135e3777",
        "neighbors": [
          {
            "id": "n_5d6c985fce6c43616600033a",
            "weight": 0
          },
          {
            "id": "n_5d6c9869ce6c43616600033d",
            "weight": 0
          }
        ],
        "space": [],
        "flags": [
          1
        ]
      }
    },
    {
      "type": "Feature",
      "geometry": {
        "type": "Point",
        "coordinates": [
          2.3447732159524444,
          41.61271290320402
        ]
      },
      "properties": {
        "id": "n_5ec79de87e79207f6f000023",
        "map": "f_5d6c88c031894200135e3777",
        "neighbors": [
          {
            "id": "n_5d6c98b2ce6c43616600034e",
            "weight": 0
          },
          {
            "id": "n_5d6c98c6ce6c436166000352",
            "weight": 0
          }
        ],
        "space": [],
        "flags": [
          1
        ]
      }
    },
    {
      "type": "Feature",
      "geometry": {
        "type": "Point",
        "coordinates": [
          2.3449675701005552,
          41.613269204256696
        ]
      },
      "properties": {
        "id": "n_5ec79e237e79207f6f00002a",
        "map": "f_5d6c88c031894200135e3777",
        "neighbors": [
          {
            "id": "n_5d920f40e48bb31640000529",
            "weight": 0
          },
          {
            "id": "n_5d920f41e48bb3164000052a",
            "weight": 0
          }
        ],
        "space": [],
        "flags": [
          1
        ]
      }
    },
    {
      "type": "Feature",
      "geometry": {
        "type": "Point",
        "coordinates": [
          2.3452728555659625,
          41.61354450997106
        ]
      },
      "properties": {
        "id": "n_5ec79e317e79207f6f00002b",
        "map": "f_5d6c88c031894200135e3777",
        "neighbors": [
          {
            "id": "n_5d6c9452ce6c436166000273",
            "weight": 0
          },
          {
            "id": "n_648084e270b6f2e8eeb95d50",
            "weight": 0
          }
        ],
        "space": [],
        "flags": [
          1
        ]
      }
    },
    {
      "type": "Feature",
      "geometry": {
        "type": "Point",
        "coordinates": [
          2.3437422378974557,
          41.61075523425907
        ]
      },
      "properties": {
        "id": "n_5f22df557e7920081c000017",
        "map": "f_5d6c88c031894200135e3777",
        "neighbors": [
          {
            "id": "n_5d6c96adce6c4361660002d1",
            "weight": 0
          },
          {
            "id": "n_5d6c96b8ce6c4361660002d4",
            "weight": 0
          },
          {
            "id": "n_5f22df557e7920081c000017",
            "weight": 0
          }
        ],
        "space": [],
        "flags": [
          1
        ]
      }
    },
    {
      "type": "Feature",
      "geometry": {
        "type": "Point",
        "coordinates": [
          2.342180007121759,
          41.60860719478742
        ]
      },
      "properties": {
        "id": "n_602fe78aedfe25725f00000a",
        "map": "f_5d6c88c031894200135e3777",
        "externalId": null,
        "neighbors": [
          {
            "id": "n_5d6c938dce6c436166000261",
            "weight": 0
          }
        ],
        "space": [
          "s_602fdfa5edfe257d65000014"
        ],
        "flags": [
          1
        ]
      }
    },
    {
      "type": "Feature",
      "geometry": {
        "type": "Point",
        "coordinates": [
          2.3416928604986205,
          41.60826330576967
        ]
      },
      "properties": {
        "id": "n_602fe7a6edfe25725f00000c",
        "map": "f_5d6c88c031894200135e3777",
        "externalId": null,
        "neighbors": [
          {
            "id": "n_602fe8abedfe25725f00003c",
            "weight": 0
          }
        ],
        "space": [
          "s_602fdfa5edfe257d65000011"
        ],
        "flags": [
          1
        ]
      }
    },
    {
      "type": "Feature",
      "geometry": {
        "type": "Point",
        "coordinates": [
          2.342047075463869,
          41.60859838048284
        ]
      },
      "properties": {
        "id": "n_602fe7a9edfe25725f00000d",
        "map": "f_5d6c88c031894200135e3777",
        "neighbors": [
          {
            "id": "n_5d6c938dce6c436166000261",
            "weight": 0
          },
          {
            "id": "n_602fe7acedfe25725f00000f",
            "weight": 0
          },
          {
            "id": "n_64803debf30f1c6cd8c445ac",
            "weight": 0
          }
        ],
        "space": [],
        "flags": [
          1
        ]
      }
    },
    {
      "type": "Feature",
      "geometry": {
        "type": "Point",
        "coordinates": [
          2.3421290523753724,
          41.60854993276685
        ]
      },
      "properties": {
        "id": "n_602fe7acedfe25725f00000f",
        "map": "f_5d6c88c031894200135e3777",
        "externalId": null,
        "neighbors": [
          {
            "id": "n_602fe7a9edfe25725f00000d",
            "weight": 0
          }
        ],
        "space": [
          "s_602fdfa5edfe257d65000013"
        ],
        "flags": [
          1
        ]
      }
    },
    {
      "type": "Feature",
      "geometry": {
        "type": "Point",
        "coordinates": [
          2.3419779245411534,
          41.608528287614575
        ]
      },
      "properties": {
        "id": "n_602fe7b7edfe25725f000012",
        "map": "f_5d6c88c031894200135e3777",
        "neighbors": [
          {
            "id": "n_602fe7b8edfe25725f000013",
            "weight": 0
          },
          {
            "id": "n_603134b27e79204ff600001b",
            "weight": 0
          },
          {
            "id": "n_6479dc6bc5b230794ee5c62a",
            "weight": 0
          },
          {
            "id": "n_64803debf30f1c6cd8c445ac",
            "weight": 0
          }
        ],
        "space": [],
        "flags": [
          1
        ]
      }
    },
    {
      "type": "Feature",
      "geometry": {
        "type": "Point",
        "coordinates": [
          2.341889867739212,
          41.60858002020782
        ]
      },
      "properties": {
        "id": "n_602fe7b8edfe25725f000013",
        "map": "f_5d6c88c031894200135e3777",
        "externalId": null,
        "neighbors": [
          {
            "id": "n_602fe7b7edfe25725f000012",
            "weight": 0
          }
        ],
        "space": [
          "s_602fdfa5edfe257d6500000c"
        ],
        "flags": [
          1
        ]
      }
    },
    {
      "type": "Feature",
      "geometry": {
        "type": "Point",
        "coordinates": [
          2.3418742872162777,
          41.60843492953908
        ]
      },
      "properties": {
        "id": "n_602fe7bbedfe25725f000014",
        "map": "f_5d6c88c031894200135e3777",
        "neighbors": [
          {
            "id": "n_602fe7bcedfe25725f000015",
            "weight": 0
          },
          {
            "id": "n_602fe7d1edfe25725f000016",
            "weight": 0
          },
          {
            "id": "n_6479dc6bc5b230794ee5c62a",
            "weight": 0
          }
        ],
        "space": [],
        "flags": [
          1
        ]
      }
    },
    {
      "type": "Feature",
      "geometry": {
        "type": "Point",
        "coordinates": [
          2.341819635925496,
          41.60846722790222
        ]
      },
      "properties": {
        "id": "n_602fe7bcedfe25725f000015",
        "map": "f_5d6c88c031894200135e3777",
        "externalId": null,
        "neighbors": [
          {
            "id": "n_602fe7bbedfe25725f000014",
            "weight": 0
          }
        ],
        "space": [
          "s_602fdfa5edfe257d65000000"
        ],
        "flags": [
          1
        ]
      }
    },
    {
      "type": "Feature",
      "geometry": {
        "type": "Point",
        "coordinates": [
          2.3418094918491597,
          41.60837363536846
        ]
      },
      "properties": {
        "id": "n_602fe7d1edfe25725f000016",
        "map": "f_5d6c88c031894200135e3777",
        "neighbors": [
          {
            "id": "n_602fe7bbedfe25725f000014",
            "weight": 0
          },
          {
            "id": "n_602fe7d3edfe25725f000017",
            "weight": 0
          },
          {
            "id": "n_602fe8abedfe25725f00003c",
            "weight": 0
          },
          {
            "id": "n_608172e42d417e0392000004",
            "weight": 0
          }
        ],
        "space": [],
        "flags": [
          1
        ]
      }
    },
    {
      "type": "Feature",
      "geometry": {
        "type": "Point",
        "coordinates": [
          2.3417603057074534,
          41.60840270386884
        ]
      },
      "properties": {
        "id": "n_602fe7d3edfe25725f000017",
        "map": "f_5d6c88c031894200135e3777",
        "externalId": null,
        "neighbors": [
          {
            "id": "n_602fe7d1edfe25725f000016",
            "weight": 0
          }
        ],
        "space": [
          "s_602fdfa5edfe257d65000010"
        ],
        "flags": [
          1
        ]
      }
    },
    {
      "type": "Feature",
      "geometry": {
        "type": "Point",
        "coordinates": [
          2.341709614964766,
          41.60834635237125
        ]
      },
      "properties": {
        "id": "n_602fe7daedfe25725f000019",
        "map": "f_5d6c88c031894200135e3777",
        "externalId": null,
        "neighbors": [
          {
            "id": "n_602fe8abedfe25725f00003c",
            "weight": 0
          }
        ],
        "space": [
          "s_602fdfa5edfe257d65000009"
        ],
        "flags": [
          1
        ]
      }
    },
    {
      "type": "Feature",
      "geometry": {
        "type": "Point",
        "coordinates": [
          2.3417803023627672,
          41.608211628472276
        ]
      },
      "properties": {
        "id": "n_602fe7e0edfe25725f00001b",
        "map": "f_5d6c88c031894200135e3777",
        "externalId": null,
        "neighbors": [
          {
            "id": "n_608172db2d417e0392000003",
            "weight": 0
          }
        ],
        "space": [
          "s_602fdfa5edfe257d65000012"
        ],
        "flags": [
          1
        ]
      }
    },
    {
      "type": "Feature",
      "geometry": {
        "type": "Point",
        "coordinates": [
          2.342000606465784,
          41.60842002855966
        ]
      },
      "properties": {
        "id": "n_602fe7e7edfe25725f00001c",
        "map": "f_5d6c88c031894200135e3777",
        "externalId": null,
        "neighbors": [
          {
            "id": "n_602fe7f3edfe25725f00001f",
            "weight": 0
          }
        ],
        "space": [
          "s_60312fc17e79204ff6000004"
        ],
        "flags": [
          1
        ]
      }
    },
    {
      "type": "Feature",
      "geometry": {
        "type": "Point",
        "coordinates": [
          2.341896933769419,
          41.60832195798268
        ]
      },
      "properties": {
        "id": "n_602fe7f3edfe25725f00001f",
        "map": "f_5d6c88c031894200135e3777",
        "neighbors": [
          {
            "id": "n_602fe7e7edfe25725f00001c",
            "weight": 0
          },
          {
            "id": "n_605897a12d417e3b92000003",
            "weight": 0
          },
          {
            "id": "n_608172db2d417e0392000003",
            "weight": 0
          },
          {
            "id": "n_608172e42d417e0392000004",
            "weight": 0
          }
        ],
        "space": [],
        "flags": [
          1
        ]
      }
    },
    {
      "type": "Feature",
      "geometry": {
        "type": "Point",
        "coordinates": [
          2.3421331606703717,
          41.60809603978375
        ]
      },
      "properties": {
        "id": "n_602fe7faedfe25725f000020",
        "map": "f_5d6c88c031894200135e3777",
        "externalId": null,
        "neighbors": [
          {
            "id": "n_602fe82aedfe25725f000025",
            "weight": 0
          }
        ],
        "space": [
          "s_602fdfa5edfe257d65000005"
        ],
        "flags": [
          1
        ]
      }
    },
    {
      "type": "Feature",
      "geometry": {
        "type": "Point",
        "coordinates": [
          2.342064847069187,
          41.60813641288688
        ]
      },
      "properties": {
        "id": "n_602fe82aedfe25725f000025",
        "map": "f_5d6c88c031894200135e3777",
        "neighbors": [
          {
            "id": "n_602fe7faedfe25725f000020",
            "weight": 0
          },
          {
            "id": "n_602fe882edfe25725f000035",
            "weight": 0
          }
        ],
        "space": [],
        "flags": [
          1
        ]
      }
    },
    {
      "type": "Feature",
      "geometry": {
        "type": "Point",
        "coordinates": [
          2.3419296367114906,
          41.608100730581405
        ]
      },
      "properties": {
        "id": "n_602fe82cedfe25725f000026",
        "map": "f_5d6c88c031894200135e3777",
        "externalId": null,
        "neighbors": [
          {
            "id": "n_602fe82cedfe25725f000026",
            "weight": 0
          },
          {
            "id": "n_602fe897edfe25725f000039",
            "weight": 0
          }
        ],
        "space": [
          "s_602fdfa5edfe257d65000006"
        ],
        "flags": [
          1
        ]
      }
    },
    {
      "type": "Feature",
      "geometry": {
        "type": "Point",
        "coordinates": [
          2.342093941502142,
          41.608369048079716
        ]
      },
      "properties": {
        "id": "n_602fe83cedfe25725f00002a",
        "map": "f_5d6c88c031894200135e3777",
        "externalId": null,
        "neighbors": [
          {
            "id": "n_602fe896edfe25725f000038",
            "weight": 0
          }
        ],
        "space": [
          "s_602fdfa5edfe257d65000015"
        ],
        "flags": [
          1
        ]
      }
    },
    {
      "type": "Feature",
      "geometry": {
        "type": "Point",
        "coordinates": [
          2.342377499800181,
          41.60843098821509
        ]
      },
      "properties": {
        "id": "n_602fe841edfe25725f00002b",
        "map": "f_5d6c88c031894200135e3777",
        "neighbors": [
          {
            "id": "n_602fe846edfe25725f00002c",
            "weight": 0
          },
          {
            "id": "n_6081727f2d417e0392000000",
            "weight": 0
          },
          {
            "id": "n_6218a2227e79200e7f000002",
            "weight": 0
          },
          {
            "id": "n_6480afaee98d0628ef359876",
            "weight": 0
          }
        ],
        "space": [],
        "flags": [
          1
        ]
      }
    },
    {
      "type": "Feature",
      "geometry": {
        "type": "Point",
        "coordinates": [
          2.3423062348390244,
          41.60847310558627
        ]
      },
      "properties": {
        "id": "n_602fe846edfe25725f00002c",
        "map": "f_5d6c88c031894200135e3777",
        "externalId": null,
        "neighbors": [
          {
            "id": "n_602fe841edfe25725f00002b",
            "weight": 0
          }
        ],
        "space": [
          "s_6218a2037e79200e7f000001"
        ],
        "flags": [
          1
        ]
      }
    },
    {
      "type": "Feature",
      "geometry": {
        "type": "Point",
        "coordinates": [
          2.342332668735198,
          41.608389761297175
        ]
      },
      "properties": {
        "id": "n_602fe84bedfe25725f00002d",
        "map": "f_5d6c88c031894200135e3777",
        "neighbors": [
          {
            "id": "n_602fe864edfe25725f000031",
            "weight": 0
          },
          {
            "id": "n_602fe84bedfe25725f00002d",
            "weight": 0
          },
          {
            "id": "n_603f524f7e79204da0000004",
            "weight": 0
          },
          {
            "id": "n_6480afaee98d0628ef359876",
            "weight": 0
          }
        ],
        "space": [],
        "flags": [
          1
        ]
      }
    },
    {
      "type": "Feature",
      "geometry": {
        "type": "Point",
        "coordinates": [
          2.342260028182642,
          41.60832188059947
        ]
      },
      "properties": {
        "id": "n_602fe864edfe25725f000031",
        "map": "f_5d6c88c031894200135e3777",
        "neighbors": [
          {
            "id": "n_602fe865edfe25725f000032",
            "weight": 0
          },
          {
            "id": "n_602fe87bedfe25725f000033",
            "weight": 0
          },
          {
            "id": "n_602fe84bedfe25725f00002d",
            "weight": 0
          }
        ],
        "space": [],
        "flags": [
          1
        ]
      }
    },
    {
      "type": "Feature",
      "geometry": {
        "type": "Point",
        "coordinates": [
          2.342336976700554,
          41.60827640420307
        ]
      },
      "properties": {
        "id": "n_602fe865edfe25725f000032",
        "map": "f_5d6c88c031894200135e3777",
        "externalId": null,
        "neighbors": [
          {
            "id": "n_602fe864edfe25725f000031",
            "weight": 0
          }
        ],
        "space": [
          "s_602fdfa5edfe257d65000002"
        ],
        "flags": [
          1
        ]
      }
    },
    {
      "type": "Feature",
      "geometry": {
        "type": "Point",
        "coordinates": [
          2.3421857985288455,
          41.608250828374956
        ]
      },
      "properties": {
        "id": "n_602fe87bedfe25725f000033",
        "map": "f_5d6c88c031894200135e3777",
        "neighbors": [
          {
            "id": "n_602fe864edfe25725f000031",
            "weight": 0
          },
          {
            "id": "n_602fe87dedfe25725f000034",
            "weight": 0
          },
          {
            "id": "n_602fe882edfe25725f000035",
            "weight": 0
          }
        ],
        "space": [],
        "flags": [
          1
        ]
      }
    },
    {
      "type": "Feature",
      "geometry": {
        "type": "Point",
        "coordinates": [
          2.3422513796312643,
          41.60821207012799
        ]
      },
      "properties": {
        "id": "n_602fe87dedfe25725f000034",
        "map": "f_5d6c88c031894200135e3777",
        "externalId": null,
        "neighbors": [
          {
            "id": "n_602fe87bedfe25725f000033",
            "weight": 0
          }
        ],
        "space": [
          "s_602fdfa5edfe257d65000003"
        ],
        "flags": [
          1
        ]
      }
    },
    {
      "type": "Feature",
      "geometry": {
        "type": "Point",
        "coordinates": [
          2.3421210030506745,
          41.60818953437926
        ]
      },
      "properties": {
        "id": "n_602fe882edfe25725f000035",
        "map": "f_5d6c88c031894200135e3777",
        "neighbors": [
          {
            "id": "n_602fe82aedfe25725f000025",
            "weight": 0
          },
          {
            "id": "n_602fe87bedfe25725f000033",
            "weight": 0
          },
          {
            "id": "n_602fe886edfe25725f000037",
            "weight": 0
          },
          {
            "id": "n_602fe897edfe25725f000039",
            "weight": 0
          }
        ],
        "space": [],
        "flags": [
          1
        ]
      }
    },
    {
      "type": "Feature",
      "geometry": {
        "type": "Point",
        "coordinates": [
          2.342186584129715,
          41.60815077616911
        ]
      },
      "properties": {
        "id": "n_602fe886edfe25725f000037",
        "map": "f_5d6c88c031894200135e3777",
        "externalId": null,
        "neighbors": [
          {
            "id": "n_602fe882edfe25725f000035",
            "weight": 0
          }
        ],
        "space": [
          "s_602fdfa5edfe257d65000004"
        ],
        "flags": [
          1
        ]
      }
    },
    {
      "type": "Feature",
      "geometry": {
        "type": "Point",
        "coordinates": [
          2.341986964926045,
          41.60826958012368
        ]
      },
      "properties": {
        "id": "n_602fe896edfe25725f000038",
        "map": "f_5d6c88c031894200135e3777",
        "neighbors": [
          {
            "id": "n_602fe897edfe25725f000039",
            "weight": 0
          },
          {
            "id": "n_602fe83cedfe25725f00002a",
            "weight": 0
          },
          {
            "id": "n_605897a12d417e3b92000003",
            "weight": 0
          },
          {
            "id": "n_62ac8daacba17019d7f6e336",
            "weight": 0
          }
        ],
        "space": [],
        "flags": [
          1
        ]
      }
    },
    {
      "type": "Feature",
      "geometry": {
        "type": "Point",
        "coordinates": [
          2.3420617146458835,
          41.60822617112103
        ]
      },
      "properties": {
        "id": "n_602fe897edfe25725f000039",
        "map": "f_5d6c88c031894200135e3777",
        "neighbors": [
          {
            "id": "n_602fe896edfe25725f000038",
            "weight": 0
          },
          {
            "id": "n_602fe882edfe25725f000035",
            "weight": 0
          },
          {
            "id": "n_602fe82cedfe25725f000026",
            "weight": 0
          }
        ],
        "space": [],
        "flags": [
          1
        ]
      }
    },
    {
      "type": "Feature",
      "geometry": {
        "type": "Point",
        "coordinates": [
          2.341753335963918,
          41.60832051372448
        ]
      },
      "properties": {
        "id": "n_602fe8abedfe25725f00003c",
        "map": "f_5d6c88c031894200135e3777",
        "neighbors": [
          {
            "id": "n_602fe7a6edfe25725f00000c",
            "weight": 0
          },
          {
            "id": "n_602fe7d1edfe25725f000016",
            "weight": 0
          },
          {
            "id": "n_602fe7daedfe25725f000019",
            "weight": 0
          },
          {
            "id": "n_608172d42d417e0392000002",
            "weight": 0
          }
        ],
        "space": [],
        "flags": [
          1
        ]
      }
    },
    {
      "type": "Feature",
      "geometry": {
        "type": "Point",
        "coordinates": [
          2.342059505354551,
          41.60847976590087
        ]
      },
      "properties": {
        "id": "n_603134b27e79204ff600001b",
        "map": "f_5d6c88c031894200135e3777",
        "externalId": null,
        "neighbors": [
          {
            "id": "n_602fe7b7edfe25725f000012",
            "weight": 0
          }
        ],
        "space": [
          "s_60312ff27e79204ff6000006"
        ],
        "flags": [
          1
        ]
      }
    },
    {
      "type": "Feature",
      "geometry": {
        "type": "Point",
        "coordinates": [
          2.3424161512740604,
          41.608342287776374
        ]
      },
      "properties": {
        "id": "n_603f524f7e79204da0000004",
        "map": "f_5d6c88c031894200135e3777",
        "externalId": null,
        "neighbors": [
          {
            "id": "n_602fe84bedfe25725f00002d",
            "weight": 0
          }
        ],
        "space": [
          "s_6031676a7e7920457300011a"
        ],
        "flags": [
          1
        ]
      }
    },
    {
      "type": "Feature",
      "geometry": {
        "type": "Point",
        "coordinates": [
          2.342153691531524,
          41.60869923081971
        ]
      },
      "properties": {
        "id": "n_6058972a2d417e3b92000000",
        "map": "f_5d6c88c031894200135e3777",
        "neighbors": [
          {
            "id": "n_5d6c9560ce6c436166000274",
            "weight": 0
          },
          {
            "id": "n_5d6c938dce6c436166000261",
            "weight": 0
          },
          {
            "id": "n_5d6c956fce6c436166000278",
            "weight": 0
          }
        ],
        "space": [],
        "flags": [
          1
        ]
      }
    },
    {
      "type": "Feature",
      "geometry": {
        "type": "Point",
        "coordinates": [
          2.3419406546770163,
          41.60829611926497
        ]
      },
      "properties": {
        "id": "n_605897a12d417e3b92000003",
        "map": "f_5d6c88c031894200135e3777",
        "neighbors": [
          {
            "id": "n_602fe7f3edfe25725f00001f",
            "weight": 0
          },
          {
            "id": "n_602fe896edfe25725f000038",
            "weight": 0
          }
        ],
        "space": [],
        "flags": [
          1
        ]
      }
    },
    {
      "type": "Feature",
      "geometry": {
        "type": "Point",
        "coordinates": [
          2.3424736148252747,
          41.60837205987829
        ]
      },
      "properties": {
        "id": "n_6081727f2d417e0392000000",
        "map": "f_5d6c88c031894200135e3777",
        "externalId": null,
        "neighbors": [
          {
            "id": "n_602fe841edfe25725f00002b",
            "weight": 0
          }
        ],
        "space": [
          "s_6031319d7e79204ff600000e"
        ],
        "flags": [
          1
        ]
      }
    },
    {
      "type": "Feature",
      "geometry": {
        "type": "Point",
        "coordinates": [
          2.3417935339973566,
          41.60829649427702
        ]
      },
      "properties": {
        "id": "n_608172d42d417e0392000002",
        "map": "f_5d6c88c031894200135e3777",
        "externalId": null,
        "neighbors": [
          {
            "id": "n_608172db2d417e0392000003",
            "weight": 0
          },
          {
            "id": "n_608172d42d417e0392000002",
            "weight": 0
          },
          {
            "id": "n_602fe8abedfe25725f00003c",
            "weight": 0
          }
        ],
        "space": [],
        "flags": [
          1
        ]
      }
    },
    {
      "type": "Feature",
      "geometry": {
        "type": "Point",
        "coordinates": [
          2.3418417076238516,
          41.60826802547958
        ]
      },
      "properties": {
        "id": "n_608172db2d417e0392000003",
        "map": "f_5d6c88c031894200135e3777",
        "neighbors": [
          {
            "id": "n_608172d42d417e0392000002",
            "weight": 0
          },
          {
            "id": "n_602fe7e0edfe25725f00001b",
            "weight": 0
          },
          {
            "id": "n_602fe7f3edfe25725f00001f",
            "weight": 0
          }
        ],
        "space": [],
        "flags": [
          1
        ]
      }
    },
    {
      "type": "Feature",
      "geometry": {
        "type": "Point",
        "coordinates": [
          2.341852037699424,
          41.60834902645694
        ]
      },
      "properties": {
        "id": "n_608172e42d417e0392000004",
        "map": "f_5d6c88c031894200135e3777",
        "neighbors": [
          {
            "id": "n_602fe7d1edfe25725f000016",
            "weight": 0
          },
          {
            "id": "n_602fe7f3edfe25725f00001f",
            "weight": 0
          }
        ],
        "space": [],
        "flags": [
          1
        ]
      }
    },
    {
      "type": "Feature",
      "geometry": {
        "type": "Point",
        "coordinates": [
          2.342426492480617,
          41.60847665834627
        ]
      },
      "properties": {
        "id": "n_6218a2227e79200e7f000002",
        "map": "f_5d6c88c031894200135e3777",
        "neighbors": [
          {
            "id": "n_602fe841edfe25725f00002b",
            "weight": 0
          },
          {
            "id": "n_6218a2377e79200e7f000005",
            "weight": 0
          }
        ],
        "space": [],
        "flags": [
          1
        ]
      }
    },
    {
      "type": "Feature",
      "geometry": {
        "type": "Point",
        "coordinates": [
          2.342348161540929,
          41.608520827209105
        ]
      },
      "properties": {
        "id": "n_6218a2377e79200e7f000005",
        "map": "f_5d6c88c031894200135e3777",
        "externalId": null,
        "neighbors": [
          {
            "id": "n_6218a2227e79200e7f000002",
            "weight": 0
          }
        ],
        "space": [
          "s_6218a2037e79200e7f000000"
        ],
        "flags": [
          1
        ]
      }
    },
    {
      "type": "Feature",
      "geometry": {
        "type": "Point",
        "coordinates": [
          2.341702549576028,
          41.608005025784486
        ]
      },
      "properties": {
        "id": "n_62ac8daacba17019d7f6e336",
        "map": "f_5d6c88c031894200135e3777",
        "neighbors": [
          {
            "id": "n_62ac8daccba17019d7f6e337",
            "weight": 0
          },
          {
            "id": "n_602fe896edfe25725f000038",
            "weight": 0
          }
        ],
        "space": [],
        "flags": [
          1
        ]
      }
    },
    {
      "type": "Feature",
      "geometry": {
        "type": "Point",
        "coordinates": [
          2.3414689434023495,
          41.607784039349475
        ]
      },
      "properties": {
        "id": "n_62ac8daccba17019d7f6e337",
        "map": "f_5d6c88c031894200135e3777",
        "externalId": "NODE-2XTI0GUT",
        "neighbors": [
          {
            "id": "n_62ac8daacba17019d7f6e336",
            "weight": 0
          }
        ],
        "space": [
          "s_62ac8d6fcba17019d7f6e335"
        ],
        "flags": [
          1
        ]
      }
    },
    {
      "type": "Feature",
      "geometry": {
        "type": "Point",
        "coordinates": [
          2.34295569868432,
          41.60964267412375
        ]
      },
      "properties": {
        "id": "n_637c970adce9afdbb9f0b517",
        "map": "f_5d6c88c031894200135e3777",
        "externalId": "NODE-EF89T5C7",
        "neighbors": [
          {
            "id": "n_5d6c9624ce6c4361660002a6",
            "weight": 0
          },
          {
            "id": "n_64871fabe1ffe1d5226819c5",
            "weight": 0
          }
        ],
        "space": [],
        "flags": [
          1
        ]
      }
    },
    {
      "type": "Feature",
      "geometry": {
        "type": "Point",
        "coordinates": [
          2.343013762256542,
          41.60955808180155
        ]
      },
      "properties": {
        "id": "n_641af1a0409d138844159c16",
        "map": "f_5d6c88c031894200135e3777",
        "externalId": "NODE-AGUUETSI",
        "neighbors": [
          {
            "id": "n_5d6c9615ce6c4361660002a3",
            "weight": 0
          },
          {
            "id": "n_5ec79c357e79207f6f000004",
            "weight": 0
          }
        ],
        "space": [
          "s_68beeae97e117765adc79896"
        ],
        "flags": [
          1
        ]
      }
    },
    {
      "type": "Feature",
      "geometry": {
        "type": "Point",
        "coordinates": [
          2.3427581242659143,
          41.60949643719587
        ]
      },
      "properties": {
        "id": "n_6448d548fff074478f6e5aaa",
        "map": "f_5d6c88c031894200135e3777",
        "externalId": null,
        "neighbors": [
          {
            "id": "n_5d6c95face6c43616600029b",
            "weight": 0
          }
        ],
        "space": [
          "s_6448d500fff074478f6e5aa6"
        ],
        "flags": [
          1
        ]
      }
    },
    {
      "type": "Feature",
      "geometry": {
        "type": "Point",
        "coordinates": [
          2.341918094194331,
          41.608475697363104
        ]
      },
      "properties": {
        "id": "n_6479dc6bc5b230794ee5c62a",
        "map": "f_5d6c88c031894200135e3777",
        "neighbors": [
          {
            "id": "n_602fe7bbedfe25725f000014",
            "weight": 0
          },
          {
            "id": "n_602fe7b7edfe25725f000012",
            "weight": 0
          }
        ],
        "space": [],
        "flags": [
          1
        ]
      }
    },
    {
      "type": "Feature",
      "geometry": {
        "type": "Point",
        "coordinates": [
          2.3419913124815883,
          41.60854185787822
        ]
      },
      "properties": {
        "id": "n_64803debf30f1c6cd8c445ac",
        "map": "f_5d6c88c031894200135e3777",
        "neighbors": [
          {
            "id": "n_602fe7a9edfe25725f00000d",
            "weight": 0
          },
          {
            "id": "n_602fe7b7edfe25725f000012",
            "weight": 0
          }
        ],
        "space": [],
        "flags": [
          1
        ]
      }
    },
    {
      "type": "Feature",
      "geometry": {
        "type": "Point",
        "coordinates": [
          2.3421842624671436,
          41.608724186784414
        ]
      },
      "properties": {
        "id": "n_64803df4f30f1c6cd8c445ae",
        "map": "f_5d6c88c031894200135e3777",
        "externalId": "NODE-4VFIJAHF",
        "neighbors": [
          {
            "id": "n_5d6c956fce6c436166000278",
            "weight": 0
          },
          {
            "id": "n_6818a2dfe048630be02f74dd",
            "weight": 0
          }
        ],
        "space": [],
        "flags": [
          1
        ]
      }
    },
    {
      "type": "Feature",
      "geometry": {
        "type": "Point",
        "coordinates": [
          2.342504714019623,
          41.6092167787086
        ]
      },
      "properties": {
        "id": "n_64803e1bf30f1c6cd8c445b1",
        "map": "f_5d6c88c031894200135e3777",
        "neighbors": [
          {
            "id": "n_5d6c939bce6c436166000263",
            "weight": 0
          },
          {
            "id": "n_5d6c95c3ce6c43616600028d",
            "weight": 0
          }
        ],
        "space": [],
        "flags": [
          1
        ]
      }
    },
    {
      "type": "Feature",
      "geometry": {
        "type": "Point",
        "coordinates": [
          2.3429879844179275,
          41.60967356620673
        ]
      },
      "properties": {
        "id": "n_64803ef7f30f1c6cd8c445be",
        "map": "f_5d6c88c031894200135e3777",
        "neighbors": [
          {
            "id": "n_5d6c93a8ce6c436166000264",
            "weight": 0
          },
          {
            "id": "n_5d6c9624ce6c4361660002a6",
            "weight": 0
          }
        ],
        "space": [],
        "flags": [
          1
        ]
      }
    },
    {
      "type": "Feature",
      "geometry": {
        "type": "Point",
        "coordinates": [
          2.343221721133751,
          41.61021108819843
        ]
      },
      "properties": {
        "id": "n_64803f11f30f1c6cd8c445c0",
        "map": "f_5d6c88c031894200135e3777",
        "neighbors": [
          {
            "id": "n_5d6c93ebce6c43616600026b",
            "weight": 0
          },
          {
            "id": "n_64805103833f038658c66303",
            "weight": 0
          }
        ],
        "space": [],
        "flags": [
          1
        ]
      }
    },
    {
      "type": "Feature",
      "geometry": {
        "type": "Point",
        "coordinates": [
          2.343658446512186,
          41.61067701746164
        ]
      },
      "properties": {
        "id": "n_64803f2cf30f1c6cd8c445c4",
        "map": "f_5d6c88c031894200135e3777",
        "neighbors": [
          {
            "id": "n_5d6c96a3ce6c4361660002ce",
            "weight": 0
          },
          {
            "id": "n_5d6c96adce6c4361660002d1",
            "weight": 0
          }
        ],
        "space": [],
        "flags": [
          1
        ]
      }
    },
    {
      "type": "Feature",
      "geometry": {
        "type": "Point",
        "coordinates": [
          2.3440893583600984,
          41.61111612313018
        ]
      },
      "properties": {
        "id": "n_64803f3df30f1c6cd8c445c6",
        "map": "f_5d6c88c031894200135e3777",
        "neighbors": [
          {
            "id": "n_5d6c9747ce6c4361660002f4",
            "weight": 0
          },
          {
            "id": "n_5d6c9751ce6c4361660002f8",
            "weight": 0
          },
          {
            "id": "n_64803f3df30f1c6cd8c445c6",
            "weight": 0
          }
        ],
        "space": [],
        "flags": [
          1
        ]
      }
    },
    {
      "type": "Feature",
      "geometry": {
        "type": "Point",
        "coordinates": [
          2.3447493173542124,
          41.61180381679703
        ]
      },
      "properties": {
        "id": "n_64803f60f30f1c6cd8c445c9",
        "map": "f_5d6c88c031894200135e3777",
        "neighbors": [
          {
            "id": "n_5d6c97c4ce6c43616600031c",
            "weight": 0
          },
          {
            "id": "n_5d920f59e48bb3164000052d",
            "weight": 0
          }
        ],
        "space": [],
        "flags": [
          1
        ]
      }
    },
    {
      "type": "Feature",
      "geometry": {
        "type": "Point",
        "coordinates": [
          2.3450544691182413,
          41.6124039793484
        ]
      },
      "properties": {
        "id": "n_64803f73f30f1c6cd8c445cd",
        "map": "f_5d6c88c031894200135e3777",
        "neighbors": [
          {
            "id": "n_5d6c9859ce6c436166000337",
            "weight": 0
          },
          {
            "id": "n_5d6c985fce6c43616600033a",
            "weight": 0
          }
        ],
        "space": [],
        "flags": [
          1
        ]
      }
    },
    {
      "type": "Feature",
      "geometry": {
        "type": "Point",
        "coordinates": [
          2.344732556572147,
          41.61265739804088
        ]
      },
      "properties": {
        "id": "n_64803f7bf30f1c6cd8c445d0",
        "map": "f_5d6c88c031894200135e3777",
        "neighbors": [
          {
            "id": "n_5d6c9445ce6c436166000271",
            "weight": 0
          },
          {
            "id": "n_5d6c98b2ce6c43616600034e",
            "weight": 0
          }
        ],
        "space": [],
        "flags": [
          1
        ]
      }
    },
    {
      "type": "Feature",
      "geometry": {
        "type": "Point",
        "coordinates": [
          2.3432199093753994,
          41.610203188926654
        ]
      },
      "properties": {
        "id": "n_64805103833f038658c66303",
        "map": "f_5d6c88c031894200135e3777",
        "neighbors": [
          {
            "id": "n_5d6c93bace6c436166000266",
            "weight": 0
          },
          {
            "id": "n_64803f11f30f1c6cd8c445c0",
            "weight": 0
          }
        ],
        "space": [],
        "flags": [
          1
        ]
      }
    },
    {
      "type": "Feature",
      "geometry": {
        "type": "Point",
        "coordinates": [
          2.345267259632125,
          41.6135177907543
        ]
      },
      "properties": {
        "id": "n_648084e270b6f2e8eeb95d50",
        "map": "f_5d6c88c031894200135e3777",
        "neighbors": [
          {
            "id": "n_5d6c9913ce6c43616600036f",
            "weight": 0
          },
          {
            "id": "n_5ec79e317e79207f6f00002b",
            "weight": 0
          }
        ],
        "space": [],
        "flags": [
          1
        ]
      }
    },
    {
      "type": "Feature",
      "geometry": {
        "type": "Point",
        "coordinates": [
          2.344149938189742,
          41.611257461524595
        ]
      },
      "properties": {
        "id": "n_6480af62e98d0628ef359871",
        "map": "f_5d6c88c031894200135e3777",
        "neighbors": [
          {
            "id": "n_5d6c9757ce6c4361660002fb",
            "weight": 0
          },
          {
            "id": "n_5ec79d817e79207f6f000016",
            "weight": 0
          }
        ],
        "space": [],
        "flags": [
          1
        ]
      }
    },
    {
      "type": "Feature",
      "geometry": {
        "type": "Point",
        "coordinates": [
          2.342347614690021,
          41.608403505713106
        ]
      },
      "properties": {
        "id": "n_6480afaee98d0628ef359876",
        "map": "f_5d6c88c031894200135e3777",
        "neighbors": [
          {
            "id": "n_602fe841edfe25725f00002b",
            "weight": 0
          },
          {
            "id": "n_602fe84bedfe25725f00002d",
            "weight": 0
          }
        ],
        "space": [],
        "flags": [
          1
        ]
      }
    },
    {
      "type": "Feature",
      "geometry": {
        "type": "Point",
        "coordinates": [
          2.3422757672922603,
          41.6088140403944
        ]
      },
      "properties": {
        "id": "n_64818bf94b48b3953607d8a7",
        "map": "f_5d6c88c031894200135e3777",
        "externalId": "NODE-6O0PJRVQ",
        "neighbors": [
          {
            "id": "n_5d6c9393ce6c436166000262",
            "weight": 0
          },
          {
            "id": "n_64818bfd4b48b3953607d8a9",
            "weight": 0
          }
        ],
        "space": [],
        "flags": [
          1
        ]
      }
    },
    {
      "type": "Feature",
      "geometry": {
        "type": "Point",
        "coordinates": [
          2.3422652811869145,
          41.60880323541172
        ]
      },
      "properties": {
        "id": "n_64818bfd4b48b3953607d8a9",
        "map": "f_5d6c88c031894200135e3777",
        "externalId": "NODE-61KC9TD9",
        "neighbors": [
          {
            "id": "n_5d6c9566ce6c436166000275",
            "weight": 0
          },
          {
            "id": "n_64818bf94b48b3953607d8a7",
            "weight": 0
          }
        ],
        "space": [],
        "flags": [
          1
        ]
      }
    },
    {
      "type": "Feature",
      "geometry": {
        "type": "Point",
        "coordinates": [
          2.3440911103249604,
          41.61075643727487
        ]
      },
      "properties": {
        "id": "n_64818c084b48b3953607d8ab",
        "map": "f_5d6c88c031894200135e3777",
        "neighbors": [
          {
            "id": "n_5d6c96f2ce6c4361660002e3",
            "weight": 0
          },
          {
            "id": "n_5d6c96f7ce6c4361660002e5",
            "weight": 0
          }
        ],
        "space": [],
        "flags": [
          1
        ]
      }
    },
    {
      "type": "Feature",
      "geometry": {
        "type": "Point",
        "coordinates": [
          2.3444300700529426,
          41.61156530240766
        ]
      },
      "properties": {
        "id": "n_64818c194b48b3953607d8ae",
        "map": "f_5d6c88c031894200135e3777",
        "externalId": "NODE-W4DF13H8",
        "neighbors": [
          {
            "id": "n_5d6c97abce6c436166000312",
            "weight": 0
          },
          {
            "id": "n_5ec79d907e79207f6f000019",
            "weight": 0
          },
          {
            "id": "n_690221f95a82f582d5d15a12",
            "weight": 0
          }
        ],
        "space": [],
        "flags": [
          1
        ]
      }
    },
    {
      "type": "Feature",
      "geometry": {
        "type": "Point",
        "coordinates": [
          2.3448569368485925,
          41.61254400162398
        ]
      },
      "properties": {
        "id": "n_64818c214b48b3953607d8b0",
        "map": "f_5d6c88c031894200135e3777",
        "neighbors": [
          {
            "id": "n_5d6c988cce6c436166000346",
            "weight": 0
          },
          {
            "id": "n_64818c244b48b3953607d8b2",
            "weight": 0
          }
        ],
        "space": [],
        "flags": [
          1
        ]
      }
    },
    {
      "type": "Feature",
      "geometry": {
        "type": "Point",
        "coordinates": [
          2.344872059223906,
          41.61253349451328
        ]
      },
      "properties": {
        "id": "n_64818c244b48b3953607d8b2",
        "map": "f_5d6c88c031894200135e3777",
        "neighbors": [
          {
            "id": "n_5d6c9879ce6c436166000341",
            "weight": 0
          },
          {
            "id": "n_64818c214b48b3953607d8b0",
            "weight": 0
          }
        ],
        "space": [],
        "flags": [
          1
        ]
      }
    },
    {
      "type": "Feature",
      "geometry": {
        "type": "Point",
        "coordinates": [
          2.342942382809362,
          41.60962921796097
        ]
      },
      "properties": {
        "id": "n_64871fabe1ffe1d5226819c5",
        "map": "f_5d6c88c031894200135e3777",
        "neighbors": [
          {
            "id": "n_5d6c9615ce6c4361660002a3",
            "weight": 0
          },
          {
            "id": "n_637c970adce9afdbb9f0b517",
            "weight": 0
          }
        ],
        "space": [],
        "flags": [
          1
        ]
      }
    },
    {
      "type": "Feature",
      "geometry": {
        "type": "Point",
        "coordinates": [
          2.3430119561965776,
          41.60983669775109
        ]
      },
      "properties": {
        "id": "n_648735922e543c1e4b573a89",
        "map": "f_5d6c88c031894200135e3777",
        "externalId": null,
        "neighbors": [
          {
            "id": "n_648735942e543c1e4b573a8a",
            "weight": 0
          }
        ],
        "space": [],
        "flags": [
          1
        ]
      }
    },
    {
      "type": "Feature",
      "geometry": {
        "type": "Point",
        "coordinates": [
          2.3430350567726848,
          41.60983371009976
        ]
      },
      "properties": {
        "id": "n_648735942e543c1e4b573a8a",
        "map": "f_5d6c88c031894200135e3777",
        "neighbors": [
          {
            "id": "n_648735922e543c1e4b573a89",
            "weight": 0
          },
          {
            "id": "n_5d6c9631ce6c4361660002ac",
            "weight": 0
          },
          {
            "id": "n_5d6c9636ce6c4361660002ae",
            "weight": 0
          }
        ],
        "space": [],
        "flags": [
          1
        ]
      }
    },
    {
      "type": "Feature",
      "geometry": {
        "type": "Point",
        "coordinates": [
          2.344352393273514,
          41.61150753995042
        ]
      },
      "properties": {
        "id": "n_64b4f55cbdcf084825e888ab",
        "map": "f_5d6c88c031894200135e3777",
        "neighbors": [
          {
            "id": "n_5d6c9779ce6c436166000305",
            "weight": 0
          },
          {
            "id": "n_5d8cd381e48bb33a56000112",
            "weight": 0
          }
        ],
        "space": [],
        "flags": [
          1
        ]
      }
    },
    {
      "type": "Feature",
      "geometry": {
        "type": "Point",
        "coordinates": [
          2.34339064585415,
          41.610299361166916
        ]
      },
      "properties": {
        "id": "n_65f456c6539171e3d6e87503",
        "map": "f_5d6c88c031894200135e3777",
        "externalId": "NODE-LDV8NTGA",
        "neighbors": [
          {
            "id": "n_5d6c9678ce6c4361660002bf",
            "weight": 0
          }
        ],
        "space": [
          "s_5fd8a6787e79201c5e000002"
        ],
        "flags": [
          1
        ]
      }
    },
    {
      "type": "Feature",
      "geometry": {
        "type": "Point",
        "coordinates": [
          2.345090227890873,
          41.613144661944254
        ]
      },
      "properties": {
        "id": "n_668cf19ca6b4d27951e815e9",
        "map": "f_5d6c88c031894200135e3777",
        "externalId": "NODE-PWW9QT6R",
        "neighbors": [
          {
            "id": "n_668cf19ca6b4d27951e815e9",
            "weight": 0
          },
          {
            "id": "n_5d6c98e5ce6c43616600035e",
            "weight": 0
          },
          {
            "id": "n_69ea2ab9b1be529941c1c147",
            "weight": 0
          }
        ],
        "space": [],
        "flags": [
          1
        ]
      }
    },
    {
      "type": "Feature",
      "geometry": {
        "type": "Point",
        "coordinates": [
          2.3445173992967763,
          41.611630555798484
        ]
      },
      "properties": {
        "id": "n_674ec98fbfdc0161987d1e6e",
        "map": "f_5d6c88c031894200135e3777",
        "externalId": "NODE-YH1DE19R",
        "neighbors": [
          {
            "id": "n_5d6c97a8ce6c436166000311",
            "weight": 0
          },
          {
            "id": "n_5d6c97b1ce6c436166000314",
            "weight": 0
          },
          {
            "id": "n_5d6c97abce6c436166000312",
            "weight": 0
          }
        ],
        "space": [],
        "flags": [
          1
        ]
      }
    },
    {
      "type": "Feature",
      "geometry": {
        "type": "Point",
        "coordinates": [
          2.3422043972492954,
          41.6087807982533
        ]
      },
      "properties": {
        "id": "n_6818a2dde048630be02f74dc",
        "map": "f_5d6c88c031894200135e3777",
        "externalId": "NODE-9NCG8DIR",
        "neighbors": [
          {
            "id": "n_6818a2dfe048630be02f74dd",
            "weight": 0
          }
        ],
        "space": [
          "s_6818a2c9e048630be02f74db"
        ],
        "flags": [
          1
        ]
      }
    },
    {
      "type": "Feature",
      "geometry": {
        "type": "Point",
        "coordinates": [
          2.3422253833794593,
          41.608768395614945
        ]
      },
      "properties": {
        "id": "n_6818a2dfe048630be02f74dd",
        "map": "f_5d6c88c031894200135e3777",
        "externalId": "NODE-IVS02464",
        "neighbors": [
          {
            "id": "n_6818a2dde048630be02f74dc",
            "weight": 0
          },
          {
            "id": "n_5d6c9566ce6c436166000275",
            "weight": 0
          },
          {
            "id": "n_64803df4f30f1c6cd8c445ae",
            "weight": 0
          }
        ],
        "space": [],
        "flags": [
          1
        ]
      }
    },
    {
      "type": "Feature",
      "geometry": {
        "type": "Point",
        "coordinates": [
          2.3443633700924815,
          41.61159304921261
        ]
      },
      "properties": {
        "id": "n_690221f95a82f582d5d15a12",
        "map": "f_5d6c88c031894200135e3777",
        "externalId": "NODE-MOM0AY2X",
        "neighbors": [
          {
            "id": "n_64818c194b48b3953607d8ae",
            "weight": 0
          }
        ],
        "space": [],
        "flags": [
          1
        ]
      }
    },
    {
      "type": "Feature",
      "geometry": {
        "type": "Point",
        "coordinates": [
          2.3451572950456936,
          41.613070484384366
        ]
      },
      "properties": {
        "id": "n_69ea2ab8b1be529941c1c146",
        "map": "f_5d6c88c031894200135e3777",
        "externalId": "NODE-UPW05CM4",
        "neighbors": [
          {
            "id": "n_69ea2ab9b1be529941c1c147",
            "weight": 0
          }
        ],
        "space": [
          "s_69ea2a9db1be529941c1c145"
        ],
        "flags": [
          1
        ]
      }
    },
    {
      "type": "Feature",
      "geometry": {
        "type": "Point",
        "coordinates": [
          2.3450629078622187,
          41.61310820746692
        ]
      },
      "properties": {
        "id": "n_69ea2ab9b1be529941c1c147",
        "map": "f_5d6c88c031894200135e3777",
        "externalId": "NODE-J1MJCRQN",
        "neighbors": [
          {
            "id": "n_69ea2ab8b1be529941c1c146",
            "weight": 0
          },
          {
            "id": "n_5d6c98dcce6c43616600035a",
            "weight": 0
          },
          {
            "id": "n_668cf19ca6b4d27951e815e9",
            "weight": 0
          }
        ],
        "space": [],
        "flags": [
          1
        ]
      }
    },
    {
      "type": "Feature",
      "geometry": {
        "type": "Point",
        "coordinates": [
          2.3432806157140047,
          41.61014555823741
        ]
      },
      "properties": {
        "id": "n_6a4768be380c4f105bde4185",
        "map": "f_5d6c88c031894200135e3777",
        "externalId": "NODE-4G8W3VTV",
        "neighbors": [
          {
            "id": "n_5d6c93bace6c436166000266",
            "weight": 0
          }
        ],
        "space": [
          "s_6a4768a2380c4f105bde4184"
        ],
        "flags": [
          1
        ]
      }
    }
  ]
}
