{
  "type": "FeatureCollection",
  "features": [
    {
      "type": "Feature",
      "geometry": {
        "type": "Polygon",
        "coordinates": [
          [
            [
              2.3422078564666866,
              41.60902393679356
            ],
            [
              2.3421532677411117,
              41.60897732494373
            ],
            [
              2.34226221696631,
              41.60890846423092
            ],
            [
              2.34233416298753,
              41.60897308557712
            ],
            [
              2.3422078564666866,
              41.60902393679356
            ]
          ]
        ]
      },
      "properties": {
        "id": "s_5d6c8935ce6c436166000002",
        "externalId": "unit71",
        "destinationNodes": [
          "n_5d6c958fce6c43616600027f"
        ],
        "center": [
          2.3422393760404097,
          41.60897070288634
        ],
        "details": {
          "description": "",
          "name": "",
          "images": []
        }
      }
    },
    {
      "type": "Feature",
      "geometry": {
        "type": "Polygon",
        "coordinates": [
          [
            [
              2.3452905706172316,
              41.61203757309929
            ],
            [
              2.3454018659419686,
              41.61195738558123
            ],
            [
              2.3454693563621043,
              41.612010029173874
            ],
            [
              2.3453577924742803,
              41.61209000245013
            ],
            [
              2.3452905706172316,
              41.61203757309929
            ]
          ]
        ]
      },
      "properties": {
        "id": "s_5d6c8935ce6c436166000003",
        "externalId": "unit146",
        "destinationNodes": [
          "n_5d6c9831ce6c436166000331"
        ],
        "center": [
          2.345379896348896,
          41.61202374757613
        ],
        "details": {
          "description": "Golden Goose is a collective founded on the passion for perfect imperfections, creations that are authentic and unique.",
          "name": "Golden Goose",
          "images": [
            {
              "url": "https://cdn.mappedin.com/5d370acd5f0d982c8a5241a6/2ab5b1a25cfc1eb2148dcdde30faca7a8678c506.png",
              "altText": "Logo for Golden Goose"
            }
          ]
        }
      }
    },
    {
      "type": "Feature",
      "geometry": {
        "type": "Polygon",
        "coordinates": [
          [
            [
              2.3453577924742803,
              41.61209000245013
            ],
            [
              2.3454693563621043,
              41.612010029173874
            ],
            [
              2.345509725009258,
              41.61198109874067
            ],
            [
              2.345668946166702,
              41.61210530101058
            ],
            [
              2.3455170108996963,
              41.612214217553834
            ],
            [
              2.3453577924742803,
              41.61209000245013
            ]
          ]
        ]
      },
      "properties": {
        "id": "s_5d6c8935ce6c436166000004",
        "externalId": "unit145",
        "destinationNodes": [
          "n_5d6c981ace6c43616600032d"
        ],
        "center": [
          2.3455045661824085,
          41.61208012978582
        ],
        "details": {
          "description": "Max Mara was founded as a menswear business in post-war Italy by Achille Maramotti, who soon found himself making clothes for women who loved high fashion but couldn’t afford it.",
          "name": "Max Mara",
          "images": [
            {
              "url": "https://cdn.mappedin.com/5d370acd5f0d982c8a5241a6/b6bd1d53da075739de4fabee746159b023573e4e.svg",
              "altText": "Logo for Max Mara"
            }
          ]
        }
      }
    },
    {
      "type": "Feature",
      "geometry": {
        "type": "Polygon",
        "coordinates": [
          [
            [
              2.3451349651712765,
              41.61243448371779
            ],
            [
              2.3451884062781847,
              41.61247715470048
            ],
            [
              2.3451089911267884,
              41.61253406413936
            ],
            [
              2.345054969683544,
              41.61249178959389
            ],
            [
              2.3451349651712765,
              41.61243448371779
            ]
          ]
        ]
      },
      "properties": {
        "id": "s_5d6c8935ce6c436166000006",
        "externalId": "unit139",
        "destinationNodes": [
          "n_5d6c9860ce6c43616600033b"
        ],
        "center": [
          2.3451218330649484,
          41.61248437303788
        ],
        "details": {
          "description": "Discover the irreverent Parisian maison, created for spontaneous women who live and dress with instinctive creativity and bohemian sophistication.",
          "name": "Isabel Marant",
          "images": [
            {
              "url": "https://cdn.mappedin.com/5d370acd5f0d982c8a5241a6/ae2de903530a735be357b343e8d13977e3f867f0.svg",
              "altText": "Logo for Isabel Marant"
            }
          ]
        }
      }
    },
    {
      "type": "Feature",
      "geometry": {
        "type": "Polygon",
        "coordinates": [
          [
            [
              2.3451089911267884,
              41.61253406413936
            ],
            [
              2.3451884062781847,
              41.61247715470048
            ],
            [
              2.3451349651712765,
              41.61243448371779
            ],
            [
              2.3451963504983144,
              41.612390556716676
            ],
            [
              2.345331927473461,
              41.612496534988594
            ],
            [
              2.3451905106214697,
              41.61259786342654
            ],
            [
              2.3451089911267884,
              41.61253406413936
            ]
          ]
        ]
      },
      "properties": {
        "id": "s_5d6c8935ce6c436166000007",
        "externalId": "unit140",
        "destinationNodes": [
          "n_5d6c985dce6c436166000339"
        ],
        "center": [
          2.345191858528249,
          41.61248844294824
        ],
        "details": {
          "description": "PHILIPP PLEIN creates beautiful clothing, accessories and interior design collections that embody a contemporary and cosmopolitan lifestyle.",
          "name": "Philipp Plein",
          "images": [
            {
              "url": "https://cdn.mappedin.com/5d370acd5f0d982c8a5241a6/5d86ad460b01a557dce62cf053219f0c117745e5.png",
              "altText": "Logo for Philipp Plein"
            }
          ]
        }
      }
    },
    {
      "type": "Feature",
      "geometry": {
        "type": "Polygon",
        "coordinates": [
          [
            [
              2.3454066751883276,
              41.612442776899414
            ],
            [
              2.3453066397415636,
              41.61236474396664
            ],
            [
              2.3455170108996963,
              41.612214217553834
            ],
            [
              2.3456740242043286,
              41.61233635759702
            ],
            [
              2.3454635777465556,
              41.6124871627295
            ],
            [
              2.3453887105718043,
              41.61254061954327
            ],
            [
              2.345331966928526,
              41.61249656521058
            ],
            [
              2.3454066751883276,
              41.612442776899414
            ]
          ]
        ]
      },
      "properties": {
        "id": "s_5d6c8935ce6c436166000008",
        "externalId": "unit142-143-144",
        "destinationNodes": [
          "n_5d6c9834ce6c436166000332"
        ],
        "center": [
          2.3454412293258287,
          41.61241177764289
        ],
        "details": {
          "description": "Discover Prada, Church's, Miu Miu & Car Shoe. Visit the Prada store at La Roca Village, near Barcelona, and discover ready-to-wear handbags, purses, footwear, accessories, eyewear, fragrances and leather goods.",
          "name": "Prada",
          "images": [
            {
              "url": "https://cdn.mappedin.com/5d370acd5f0d982c8a5241a6/6af9c407543634fe141702b7c4b538c056435526.svg",
              "altText": "Logo for Prada"
            }
          ]
        }
      }
    },
    {
      "type": "Feature",
      "geometry": {
        "type": "Polygon",
        "coordinates": [
          [
            [
              2.3451963504983144,
              41.612390556716676
            ],
            [
              2.3452711309622996,
              41.61233704493105
            ],
            [
              2.3453066397415636,
              41.61236474396664
            ],
            [
              2.3454066751883276,
              41.612442776899414
            ],
            [
              2.345331927473461,
              41.612496534988594
            ],
            [
              2.3451963504983144,
              41.612390556716676
            ]
          ]
        ]
      },
      "properties": {
        "id": "s_5d6c8935ce6c436166000009",
        "externalId": "unit141",
        "destinationNodes": [
          "n_5d6c9850ce6c436166000336"
        ],
        "center": [
          2.3453025447727933,
          41.61240633150048
        ],
        "details": {
          "description": "The iconic Montblanc emblem is a symbol of excellence – the pinnacle of luxury writing instruments, timepieces, leather, accessories, fragrances and sunglasses.",
          "name": "Montblanc",
          "images": [
            {
              "url": "https://cdn.mappedin.com/5d370acd5f0d982c8a5241a6/c67d335aa636e432de29bd70d54ded2057a6b148.jpeg",
              "altText": "Logo for Montblanc"
            }
          ]
        }
      }
    },
    {
      "type": "Feature",
      "geometry": {
        "type": "Polygon",
        "coordinates": [
          [
            [
              2.3450135719682033,
              41.61297535937742
            ],
            [
              2.344851667130368,
              41.61276157556589
            ],
            [
              2.344975240473391,
              41.61270928596304
            ],
            [
              2.345044550277254,
              41.6126799506189
            ],
            [
              2.345206537481744,
              41.6128938454465
            ],
            [
              2.3450135719682033,
              41.61297535937742
            ]
          ]
        ]
      },
      "properties": {
        "id": "s_5d6c8935ce6c43616600000a",
        "externalId": "unit133",
        "destinationNodes": [
          "n_5d6c98d8ce6c436166000359"
        ],
        "center": [
          2.345018313466192,
          41.612804003394345
        ],
        "details": {
          "description": "A world-famous icon renowned for outstanding craftsmanship and luxurious materials, Gucci follows the vision of Creative Director, Alessandro Michele.",
          "name": "Gucci",
          "images": [
            {
              "url": "https://cdn.mappedin.com/5d370acd5f0d982c8a5241a6/ce98588386891b0a062ca6239b70d96877ddcc7c.svg",
              "altText": "Logo for Gucci"
            }
          ]
        }
      }
    },
    {
      "type": "Feature",
      "geometry": {
        "type": "Polygon",
        "coordinates": [
          [
            [
              2.344873073130595,
              41.612752472513876
            ],
            [
              2.3448324250657517,
              41.61269879884962
            ],
            [
              2.344931271310131,
              41.61265677266198
            ],
            [
              2.344940459654605,
              41.61266394192183
            ],
            [
              2.344975240473391,
              41.61270928596304
            ],
            [
              2.344873073130595,
              41.612752472513876
            ]
          ]
        ]
      },
      "properties": {
        "id": "s_5d6c8935ce6c43616600000b",
        "externalId": "unit134",
        "destinationNodes": [
          "n_5d6c98ccce6c436166000354"
        ],
        "center": [
          2.3449104939268945,
          41.61269625438207
        ],
        "details": {
          "description": "The world's best-selling sunglasses brand was born in 1937 when Bausch & Lomb created anti-glare shades for the US Army Air Corps.",
          "name": "Ray-Ban®",
          "images": [
            {
              "url": "https://cdn.mappedin.com/5d370acd5f0d982c8a5241a6/13bbce7a4a36153e9e00dd81427046d00dad505d.png",
              "altText": "Logo for Ray-Ban®"
            }
          ]
        }
      }
    },
    {
      "type": "Feature",
      "geometry": {
        "type": "Polygon",
        "coordinates": [
          [
            [
              2.3448324250657517,
              41.61269879884962
            ],
            [
              2.3447900427197603,
              41.6126428422857
            ],
            [
              2.344870012902635,
              41.61260897994375
            ],
            [
              2.344931271310131,
              41.61265677266198
            ],
            [
              2.3448324250657517,
              41.61269879884962
            ]
          ]
        ]
      },
      "properties": {
        "id": "s_5d6c8935ce6c43616600000c",
        "externalId": "unit135",
        "destinationNodes": [
          "n_5d6c98b3ce6c43616600034f"
        ],
        "center": [
          2.3448559379995695,
          41.61265184843526
        ],
        "details": {
          "description": "Pandora jewellery is genuine, contemporary and feminine and inspire women to express their individuality.",
          "name": "Pandora",
          "images": [
            {
              "url": "https://cdn.mappedin.com/5d370acd5f0d982c8a5241a6/7aea58322df7cedd16b2308585fc9c33d8b00d2c.png",
              "altText": "Logo for Pandora"
            }
          ]
        }
      }
    },
    {
      "type": "Feature",
      "geometry": {
        "type": "Polygon",
        "coordinates": [
          [
            [
              2.344931271310131,
              41.61265677266198
            ],
            [
              2.344870012902635,
              41.61260897994375
            ],
            [
              2.3448660156829164,
              41.61260572320287
            ],
            [
              2.344925097640973,
              41.612563380352
            ],
            [
              2.345015825066347,
              41.61263486769683
            ],
            [
              2.344957126606533,
              41.61267694141069
            ],
            [
              2.344940497537399,
              41.61266397148073
            ],
            [
              2.344940459654605,
              41.61266394192183
            ],
            [
              2.344931271310131,
              41.61265677266198
            ]
          ]
        ]
      },
      "properties": {
        "id": "s_5d6c8935ce6c43616600000d",
        "externalId": "unit136",
        "destinationNodes": [
          "n_5d6c9890ce6c436166000347"
        ],
        "center": [
          2.3449307883001924,
          41.61263432233383
        ],
        "details": {
          "name": "TWOJEYS",
          "images": [
            {
              "url": "https://cdn.mappedin.com/5d370acd5f0d982c8a5241a6/b833a4af1b0565998c19593f5b1276603d8bd1c9.webp",
              "altText": "Logo for TWOJEYS"
            }
          ]
        }
      }
    },
    {
      "type": "Feature",
      "geometry": {
        "type": "Polygon",
        "coordinates": [
          [
            [
              2.344925097640973,
              41.612563380352
            ],
            [
              2.344975580311123,
              41.612527203142754
            ],
            [
              2.3450667351341483,
              41.612598395843975
            ],
            [
              2.345015825066347,
              41.61263486769683
            ],
            [
              2.344925097640973,
              41.612563380352
            ]
          ]
        ]
      },
      "properties": {
        "id": "s_5d6c8935ce6c43616600000e",
        "externalId": "unit137",
        "destinationNodes": [
          "n_5d6c987cce6c436166000342"
        ],
        "center": [
          2.3449958095381476,
          41.612580961758894
        ],
        "details": {
          "description": "Hour Passion is a specialist multi-brand watch boutique, housing some of the most exciting and globally revered Swiss Made brands.",
          "name": "Hour Passion",
          "images": [
            {
              "url": "https://cdn.mappedin.com/5d370acd5f0d982c8a5241a6/0a453f74637e150cec0a522eca099554dae96502.png",
              "altText": "Logo for Hour Passion"
            }
          ]
        }
      }
    },
    {
      "type": "Feature",
      "geometry": {
        "type": "Polygon",
        "coordinates": [
          [
            [
              2.344975580311123,
              41.612527203142754
            ],
            [
              2.345029226663007,
              41.612488763491754
            ],
            [
              2.3450434711292507,
              41.612499859765705
            ],
            [
              2.3451204721388565,
              41.612559880793235
            ],
            [
              2.3450667351341483,
              41.612598395843975
            ],
            [
              2.344975580311123,
              41.612527203142754
            ]
          ]
        ]
      },
      "properties": {
        "id": "s_5d6c8935ce6c43616600000f",
        "externalId": "unit138",
        "destinationNodes": [
          "n_5d6c986bce6c43616600033e"
        ],
        "center": [
          2.3450470970752773,
          41.612534820607486
        ],
        "details": {
          "description": "International tradition dating back more than 280 years. In 2011 ZWILLING celebrated 280 years of existence. The white and red ZWILLING logo has become a well-known emblem of a sophisticated lifestyle.",
          "name": "ZWILLING",
          "images": [
            {
              "url": "https://cdn.mappedin.com/5d370acd5f0d982c8a5241a6/c41ce7da738db2de7d455a252ad83f0747deff6f.png",
              "altText": "Logo for ZWILLING"
            }
          ]
        }
      }
    },
    {
      "type": "Feature",
      "geometry": {
        "type": "Polygon",
        "coordinates": [
          [
            [
              2.345268302400406,
              41.612986523013575
            ],
            [
              2.3451221578073445,
              41.613048133217504
            ],
            [
              2.3450642308387115,
              41.61297157452102
            ],
            [
              2.3452570091830887,
              41.61288997853847
            ],
            [
              2.345315171739407,
              41.61296676750298
            ],
            [
              2.345268302400406,
              41.612986523013575
            ]
          ]
        ]
      },
      "properties": {
        "id": "s_5d6c8935ce6c436166000010",
        "externalId": "unit132",
        "destinationNodes": [
          "n_5d6c98dece6c43616600035b"
        ],
        "center": [
          2.3452053743937915,
          41.61297259535871
        ],
        "details": {
          "description": "The Venezuelan-born fashion designer launched this lifestyle brand in 2008, which includes womenswear, eyewear, handbags and jewellery.",
          "name": "CH Carolina Herrera",
          "images": [
            {
              "url": "https://cdn.mappedin.com/5d370acd5f0d982c8a5241a6/b01ce298acd64e3b3c6d67e4fe59c907fa754724.png",
              "altText": "Logo for CH Carolina Herrera"
            }
          ]
        }
      }
    },
    {
      "type": "Feature",
      "geometry": {
        "type": "Polygon",
        "coordinates": [
          [
            [
              2.345228610779994,
              41.613170447858025
            ],
            [
              2.3451756835565085,
              41.61310057454108
            ],
            [
              2.3453685360867307,
              41.61301894675476
            ],
            [
              2.3454215416695634,
              41.613088942850005
            ],
            [
              2.345228610779994,
              41.613170447858025
            ]
          ]
        ]
      },
      "properties": {
        "id": "s_5d6c8935ce6c436166000011",
        "externalId": "unit131",
        "destinationNodes": [
          "n_5d6c98e9ce6c436166000360"
        ],
        "center": [
          2.345298593023199,
          41.613094728000966
        ],
        "details": {
          "description": "This Spanish fashion designer and gifted fabric expert creates subtle, understated, contemporary clothing.",
          "name": "Purificación García",
          "images": [
            {
              "url": "https://cdn.mappedin.com/5d370acd5f0d982c8a5241a6/06936d1b2337d3743a825527e4ab71b2fe83cc96.svg",
              "altText": "Logo for Purificación García"
            }
          ]
        }
      }
    },
    {
      "type": "Feature",
      "geometry": {
        "type": "Polygon",
        "coordinates": [
          [
            [
              2.34524028418459,
              41.61325498046545
            ],
            [
              2.345204861070437,
              41.61320797059199
            ],
            [
              2.3453976997096073,
              41.613126329349775
            ],
            [
              2.3454338503394268,
              41.61317406752356
            ],
            [
              2.34524028418459,
              41.61325498046545
            ]
          ]
        ]
      },
      "properties": {
        "id": "s_5d6c8935ce6c436166000012",
        "externalId": "unit130",
        "destinationNodes": [
          "n_5d6c98efce6c436166000364"
        ],
        "center": [
          2.3453191738260153,
          41.613190836982696
        ],
        "details": {
          "description": "Discover the project made ‘from Madrid and with love’ that’s become a leading choice of streetwear for Gen Z fashion fans.",
          "name": "Scuffers",
          "images": [
            {
              "url": "https://cdn.mappedin.com/5d370acd5f0d982c8a5241a6/6641e8aadf63ff9b90363493dcd2d17d35b4ee85.webp",
              "altText": "Logo for Scuffers"
            }
          ]
        }
      }
    },
    {
      "type": "Feature",
      "geometry": {
        "type": "Polygon",
        "coordinates": [
          [
            [
              2.345276338113978,
              41.613302828719576
            ],
            [
              2.34524028418459,
              41.61325498046545
            ],
            [
              2.3454338503394268,
              41.61317406752356
            ],
            [
              2.345469744013177,
              41.61322146844051
            ],
            [
              2.345276338113978,
              41.613302828719576
            ]
          ]
        ]
      },
      "properties": {
        "id": "s_5d6c8935ce6c436166000013",
        "externalId": "unit129",
        "destinationNodes": [
          "n_5d6c9902ce6c436166000369"
        ],
        "center": [
          2.345355054162793,
          41.613238336287274
        ],
        "details": {
          "description": "This American classic has been at the heart of the casual movement providing men with quality products for every occasion.",
          "name": "Dockers",
          "images": [
            {
              "url": "https://cdn.mappedin.com/5d370acd5f0d982c8a5241a6/0ad8523531027b46f92c90d7b01a97ebc11cf017.svg",
              "altText": "Logo for Dockers"
            }
          ]
        }
      }
    },
    {
      "type": "Feature",
      "geometry": {
        "type": "Polygon",
        "coordinates": [
          [
            [
              2.345524320980244,
              41.61331275720053
            ],
            [
              2.3454190402294923,
              41.613323795617276
            ],
            [
              2.3453045152814838,
              41.61333579252565
            ],
            [
              2.345301426483422,
              41.613336112798635
            ],
            [
              2.345276338113978,
              41.613302828719576
            ],
            [
              2.345469744013177,
              41.61322146844051
            ],
            [
              2.345537811882425,
              41.61331134104007
            ],
            [
              2.345524320980244,
              41.61331275720053
            ]
          ]
        ]
      },
      "properties": {
        "id": "s_5d6c8935ce6c436166000014",
        "externalId": "unit128",
        "destinationNodes": [
          "n_5d6c990ace6c43616600036b"
        ],
        "center": [
          2.3454047424263176,
          41.613306299477465
        ],
        "details": {
          "description": "With its abundant prints, vibrant color combinations and cultural influences from all over the world, Kenzo offers a luxuriant and versatile world where spontaneity takes control. Welcome to the urban jungle!",
          "name": "Kenzo",
          "images": [
            {
              "url": "https://cdn.mappedin.com/5d370acd5f0d982c8a5241a6/34ba7ec5a448eaa80f0d2d3ad1130a87bee7aed5.png",
              "altText": "Logo for Kenzo"
            }
          ]
        }
      }
    },
    {
      "type": "Feature",
      "geometry": {
        "type": "Polygon",
        "coordinates": [
          [
            [
              2.345319743937405,
              41.61341670880408
            ],
            [
              2.3453045152814838,
              41.61333579252565
            ],
            [
              2.3454190402294923,
              41.613323795617276
            ],
            [
              2.3454341672446297,
              41.61340476094362
            ],
            [
              2.345319743937405,
              41.61341670880408
            ]
          ]
        ]
      },
      "properties": {
        "id": "s_5d6c8935ce6c436166000015",
        "externalId": "unit127",
        "destinationNodes": [
          "n_5d6c9911ce6c43616600036e"
        ],
        "center": [
          2.3453693666732525,
          41.61337026447266
        ],
        "details": {
          "description": "A sharp-eyed observer of the privileged bathers on the French Riviera beach fashioned the first ever boxer short swimming trunks from the chequered cloth on his café table.",
          "name": "Vilebrequin",
          "images": [
            {
              "url": "https://cdn.mappedin.com/5d370acd5f0d982c8a5241a6/43ed0c85f822718477ea76c834864cec6e5b105a.png",
              "altText": "Logo for Vilebrequin"
            }
          ]
        }
      }
    },
    {
      "type": "Feature",
      "geometry": {
        "type": "Polygon",
        "coordinates": [
          [
            [
              2.3449937609457723,
              41.61359867499227
            ],
            [
              2.3449591391590747,
              41.613426796768735
            ],
            [
              2.345027401263913,
              41.61342102187002
            ],
            [
              2.345064306574592,
              41.61344005630759
            ],
            [
              2.3451901507506387,
              41.613429867666866
            ],
            [
              2.3452191707911805,
              41.613573305488245
            ],
            [
              2.3449937609457723,
              41.61359867499227
            ]
          ]
        ]
      },
      "properties": {
        "id": "s_5d6c8935ce6c436166000016",
        "externalId": "unit125",
        "destinationNodes": [
          "n_5d6c9914ce6c436166000370"
        ],
        "center": [
          2.3450756549141953,
          41.61348162051562
        ],
        "details": {
          "description": "Diesel is never just a pair of jeans. It’s a statement on individuality and self-expression, a battle cry for innovation, artistry and technical expertise, and a belief that passion is the greatest muse.",
          "name": "Diesel",
          "images": [
            {
              "url": "https://cdn.mappedin.com/5d370acd5f0d982c8a5241a6/eebe8ad8d788571d5d033f2d7b45d57b83417126.svg",
              "altText": "Logo for Diesel"
            }
          ]
        }
      }
    },
    {
      "type": "Feature",
      "geometry": {
        "type": "Polygon",
        "coordinates": [
          [
            [
              2.345064306574592,
              41.61344005630759
            ],
            [
              2.345027401263913,
              41.61342102187002
            ],
            [
              2.3449591391590747,
              41.613426796768735
            ],
            [
              2.344950932395716,
              41.61338604222768
            ],
            [
              2.345176190335816,
              41.613360825435244
            ],
            [
              2.3451901507506387,
              41.613429867666866
            ],
            [
              2.345064306574592,
              41.61344005630759
            ]
          ]
        ]
      },
      "properties": {
        "id": "s_5d6c8935ce6c436166000017",
        "externalId": "unit124",
        "destinationNodes": [
          "n_5d6c990fce6c43616600036d"
        ],
        "center": [
          2.3450613534132922,
          41.61341076837936
        ],
        "details": {
          "description": "Claudie Pierlot is more than just a look. It’s uninhibited, it’s natural, it’s spontaneous. Just like its founder. Claudie Pierlot means strong pieces, boyish details and an attitude to remember.",
          "name": "Claudie Pierlot",
          "images": [
            {
              "url": "https://cdn.mappedin.com/5d370acd5f0d982c8a5241a6/ecd4f4173331f022527182a42c9670a3d39b9c9f.png",
              "altText": "Logo for Claudie Pierlot"
            }
          ]
        }
      }
    },
    {
      "type": "Feature",
      "geometry": {
        "type": "Polygon",
        "coordinates": [
          [
            [
              2.3450173991793553,
              41.613378555869545
            ],
            [
              2.3449914098673768,
              41.613339769692615
            ],
            [
              2.3451243886985176,
              41.61329006375846
            ],
            [
              2.345176190335816,
              41.613360825435244
            ],
            [
              2.3450173991793553,
              41.613378555869545
            ]
          ]
        ]
      },
      "properties": {
        "id": "s_5d6c8935ce6c436166000018",
        "externalId": "unit123",
        "destinationNodes": [
          "n_5d6c9907ce6c43616600036a"
        ],
        "center": [
          2.3450773470202666,
          41.61334230368897
        ],
        "details": {
          "description": "The Clarins brand was born in 1954, founded by Jacques Courtin-Clarins when he opened his first beauty spa on rue Tronchet in Paris. Jacques Courtin-Clarins formulated the first face and body oils, which are 100% natural, based on pure plant extracts.",
          "name": "Clarins",
          "images": [
            {
              "url": "https://cdn.mappedin.com/5d370acd5f0d982c8a5241a6/172db751a4682fa117e05b092dbc9315a1f98006.png",
              "altText": "Logo for Clarins"
            }
          ]
        }
      }
    },
    {
      "type": "Feature",
      "geometry": {
        "type": "Polygon",
        "coordinates": [
          [
            [
              2.3449914098673768,
              41.613339769692615
            ],
            [
              2.3449649165685598,
              41.61330022052788
            ],
            [
              2.344953740253315,
              41.613283538881426
            ],
            [
              2.3450840341629,
              41.61323493194568
            ],
            [
              2.3451243886985176,
              41.61329006375846
            ],
            [
              2.3449914098673768,
              41.613339769692615
            ]
          ]
        ]
      },
      "properties": {
        "id": "s_5d6c8935ce6c436166000019",
        "externalId": "unit122",
        "destinationNodes": [
          "n_5d6c98ecce6c436166000362"
        ],
        "center": [
          2.3450236979101335,
          41.61328970496121
        ],
        "details": {
          "description": "UGG is recognised as a premium lifestyle brand that encompasses footwear, apparel, outerwear, accessories and handbags.",
          "name": "UGG®",
          "images": [
            {
              "url": "https://cdn.mappedin.com/5d370acd5f0d982c8a5241a6/11feacbab629afd50400eaf82ab08db542d9878e.png",
              "altText": "Logo for UGG®"
            }
          ]
        }
      }
    },
    {
      "type": "Feature",
      "geometry": {
        "type": "Polygon",
        "coordinates": [
          [
            [
              2.3449383682188403,
              41.61327020915489
            ],
            [
              2.344927263276126,
              41.61327420896641
            ],
            [
              2.344919249494637,
              41.61327721270274
            ],
            [
              2.344840941891691,
              41.61330656402052
            ],
            [
              2.3447998733319455,
              41.61324633834785
            ],
            [
              2.3449982163419754,
              41.61317191923648
            ],
            [
              2.345038534604472,
              41.61323257640828
            ],
            [
              2.3449383682188403,
              41.61327020915489
            ]
          ]
        ]
      },
      "properties": {
        "id": "s_5d6c8935ce6c43616600001a",
        "externalId": "unit121",
        "destinationNodes": [
          "n_5d6c98e7ce6c43616600035f"
        ],
        "center": [
          2.3449232067370986,
          41.613254146976736
        ],
        "details": {
          "description": "Founded in 1994, Carhartt Work In Progress (WIP) develops its own collections based on original Carhartt workwear.",
          "name": "Carhartt WIP",
          "images": [
            {
              "url": "https://cdn.mappedin.com/5d370acd5f0d982c8a5241a6/fa7032da7771afd6af5c492063236f87d5c70e14.png",
              "altText": "Logo for Carhartt WIP"
            }
          ]
        }
      }
    },
    {
      "type": "Feature",
      "geometry": {
        "type": "Polygon",
        "coordinates": [
          [
            [
              2.3449586240155185,
              41.613103038350836
            ],
            [
              2.344757370126753,
              41.613188384848776
            ],
            [
              2.344748343861776,
              41.61319221146254
            ],
            [
              2.344618439854095,
              41.61302068188873
            ],
            [
              2.3446741834839373,
              41.61299708660245
            ],
            [
              2.344720070312213,
              41.61305678942685
            ],
            [
              2.344874581987924,
              41.61299154430372
            ],
            [
              2.3449586240155185,
              41.613103038350836
            ]
          ]
        ]
      },
      "properties": {
        "id": "s_5d6c8935ce6c43616600001b",
        "externalId": "unit120",
        "destinationNodes": [
          "n_5d6c98e2ce6c43616600035c",
          "n_5d6c98e2ce6c43616600035d"
        ],
        "center": [
          2.3447645162346022,
          41.61307853384055
        ],
        "details": {
          "description": "An elegant and sophisticated family Delicatessen in which you will discover the true simplicity of a land rich in history and flavour.",
          "name": "Andreu",
          "images": [
            {
              "url": "https://cdn.mappedin.com/5d370acd5f0d982c8a5241a6/f46d8831bec9f4edf47a6d57f42bb8287892e24c.png",
              "altText": "Logo for Andreu"
            }
          ]
        }
      }
    },
    {
      "type": "Feature",
      "geometry": {
        "type": "Polygon",
        "coordinates": [
          [
            [
              2.344720070312213,
              41.61305678942685
            ],
            [
              2.3445295239331765,
              41.61280606303723
            ],
            [
              2.344722450336082,
              41.6127236597385
            ],
            [
              2.3449136498894254,
              41.61297554008423
            ],
            [
              2.344720070312213,
              41.61305678942685
            ]
          ]
        ]
      },
      "properties": {
        "id": "s_5d6c8935ce6c43616600001e",
        "externalId": "unit117",
        "destinationNodes": [
          "n_5d6c98c7ce6c436166000353"
        ],
        "center": [
          2.3447214236177243,
          41.6128905130717
        ],
        "details": {
          "description": "Dolce & Gabbana is authentic, unconventional and expressive.",
          "name": "Dolce & Gabbana",
          "images": [
            {
              "url": "https://cdn.mappedin.com/5d370acd5f0d982c8a5241a6/f22424f047ff1fda9859baf0c1dccdaf65b8726f.svg",
              "altText": "Logo for Dolce & Gabbana"
            }
          ]
        }
      }
    },
    {
      "type": "Feature",
      "geometry": {
        "type": "Polygon",
        "coordinates": [
          [
            [
              2.3455703897559004,
              41.613559563769954
            ],
            [
              2.3453510016352004,
              41.61358267795926
            ],
            [
              2.345319743937405,
              41.61341670880408
            ],
            [
              2.3454341672446297,
              41.61340476094362
            ],
            [
              2.3454190402294923,
              41.613323795617276
            ],
            [
              2.345524320980244,
              41.61331275720053
            ],
            [
              2.3455708340303296,
              41.61355951475859
            ],
            [
              2.3455703897559004,
              41.613559563769954
            ]
          ]
        ]
      },
      "properties": {
        "id": "s_5d6c8935ce6c436166000020",
        "externalId": "unit126",
        "destinationNodes": [
          "n_5d6c9916ce6c436166000371"
        ],
        "center": [
          2.345455642544743,
          41.613451397007616
        ],
        "details": {
          "description": "Under Armour's mission is to make all athletes better through passion, design and the relentless pursuit of innovation.",
          "name": "Under Armour",
          "images": [
            {
              "url": "https://cdn.mappedin.com/5d370acd5f0d982c8a5241a6/940ccdfbe34a6fb2c9b07c224af8e8bfc01c21be.jpeg",
              "altText": "Logo for Under Armour"
            }
          ]
        }
      }
    },
    {
      "type": "Feature",
      "geometry": {
        "type": "Polygon",
        "coordinates": [
          [
            [
              2.3445605139081627,
              41.61251953788544
            ],
            [
              2.3445325246419824,
              41.61249766951233
            ],
            [
              2.34460255714592,
              41.61244747444313
            ],
            [
              2.344734324629676,
              41.612550415242566
            ],
            [
              2.34466427634466,
              41.61260060862133
            ],
            [
              2.3445605139081627,
              41.61251953788544
            ]
          ]
        ]
      },
      "properties": {
        "id": "s_5d6c8935ce6c436166000021",
        "externalId": "unit115",
        "destinationNodes": [
          "n_5d6c98a3ce6c43616600034c"
        ],
        "center": [
          2.3446188393340797,
          41.612523141140954
        ],
        "details": {
          "description": "Not a wardrobe for the models in the magazine but for the everyday cool girls, those you can see in the streets, always moving.",
          "name": "IRO Paris",
          "images": [
            {
              "url": "https://cdn.mappedin.com/5d370acd5f0d982c8a5241a6/a6515c2195791043dd5a40c7dc38bb3fe9975cfa.jpeg",
              "altText": "Logo for IRO Paris"
            }
          ]
        }
      }
    },
    {
      "type": "Feature",
      "geometry": {
        "type": "Polygon",
        "coordinates": [
          [
            [
              2.34460255714592,
              41.61244747444313
            ],
            [
              2.3446725960764137,
              41.61239728584228
            ],
            [
              2.3448037663694143,
              41.612500655662885
            ],
            [
              2.344734324629676,
              41.612550415242566
            ],
            [
              2.34460255714592,
              41.61244747444313
            ]
          ]
        ]
      },
      "properties": {
        "id": "s_5d6c8935ce6c436166000022",
        "externalId": "unit114",
        "destinationNodes": [
          "n_5d6c9893ce6c436166000348"
        ],
        "center": [
          2.3447033110553557,
          41.61247395779772
        ],
        "details": {
          "description": "Zadig & Voltaire is all about casual-chic: it is a state of mind, a musical inclination, fashion as a bold statement. With rock’n’roll in its blood and art as its inspiration, the brand has naturally become a “concept store” ahead of its time.",
          "name": "Zadig&Voltaire",
          "images": [
            {
              "url": "https://cdn.mappedin.com/5d370acd5f0d982c8a5241a6/81dac3835d1340538d2c77f92c464225552b6350.png",
              "altText": "Logo for Zadig&Voltaire"
            }
          ]
        }
      }
    },
    {
      "type": "Feature",
      "geometry": {
        "type": "Polygon",
        "coordinates": [
          [
            [
              2.3446725960764137,
              41.61239728584228
            ],
            [
              2.344742637115627,
              41.612347085514955
            ],
            [
              2.3448743953511344,
              41.612450030983034
            ],
            [
              2.3448037663694143,
              41.612500655662885
            ],
            [
              2.3446725960764137,
              41.61239728584228
            ]
          ]
        ]
      },
      "properties": {
        "id": "s_5d6c8935ce6c436166000023",
        "externalId": "unit113",
        "destinationNodes": [
          "n_5d6c9881ce6c436166000343"
        ],
        "center": [
          2.3447733487281472,
          41.61242376450079
        ],
        "details": {
          "description": "LIU·JO's creative philosophy focuses on enhancing the femininity and natural beauty of every woman, with a refined, glamorous style that is always open to personal interpretation, with the brand offering a total look, from dresses to shoes and accessories.",
          "name": "LIU·JO",
          "images": [
            {
              "url": "https://cdn.mappedin.com/5d370acd5f0d982c8a5241a6/c588fe07e76031ec1c0f84be7fa7adda102fa9cd.png",
              "altText": "Logo for LIU·JO"
            }
          ]
        }
      }
    },
    {
      "type": "Feature",
      "geometry": {
        "type": "Polygon",
        "coordinates": [
          [
            [
              2.344742637115627,
              41.612347085514955
            ],
            [
              2.3448126761661494,
              41.6122968971488
            ],
            [
              2.3449444370958443,
              41.612399840055666
            ],
            [
              2.3448743953511344,
              41.612450030983034
            ],
            [
              2.344742637115627,
              41.612347085514955
            ]
          ]
        ]
      },
      "properties": {
        "id": "s_5d6c8935ce6c436166000024",
        "externalId": "unit112",
        "destinationNodes": [
          "n_5d6c9870ce6c43616600033f"
        ],
        "center": [
          2.3448435364321885,
          41.61237346342562
        ],
        "details": {
          "description": "Geox founder Italian wine-maker Mario Moretti Polegato got the idea for breathable shoes after a trek in the Nevada desert following a wine conference.",
          "name": "Geox",
          "images": [
            {
              "url": "https://cdn.mappedin.com/5d370acd5f0d982c8a5241a6/a5792d606a9006191d9bf70c483e3624036c690b.svg",
              "altText": "Logo for Geox"
            }
          ]
        }
      }
    },
    {
      "type": "Feature",
      "geometry": {
        "type": "Polygon",
        "coordinates": [
          [
            [
              2.3449444370958443,
              41.612399840055666
            ],
            [
              2.3448126761661494,
              41.6122968971488
            ],
            [
              2.3448829040797574,
              41.61224661842509
            ],
            [
              2.344958397793766,
              41.61230571369667
            ],
            [
              2.345029612372897,
              41.6123614599202
            ],
            [
              2.3449595672069106,
              41.61241165592015
            ],
            [
              2.3449444370958443,
              41.612399840055666
            ]
          ]
        ]
      },
      "properties": {
        "id": "s_5d6c8935ce6c436166000025",
        "externalId": "unit111",
        "destinationNodes": [
          "n_5d6c9865ce6c43616600033c"
        ],
        "center": [
          2.3449312657858874,
          41.6123370308611
        ],
        "details": {
          "description": "Founded in 2008, The Kooples is a French fashion brand part of the MF Brands Group, offering accessible luxury collections to couples with strong personalities.",
          "name": "The Kooples",
          "images": [
            {
              "url": "https://cdn.mappedin.com/5d370acd5f0d982c8a5241a6/622400d4f1f97021dc4683d96b29a8824c3a2d60.jpeg",
              "altText": "Logo for The Kooples"
            }
          ]
        }
      }
    },
    {
      "type": "Feature",
      "geometry": {
        "type": "Polygon",
        "coordinates": [
          [
            [
              2.344958397793766,
              41.61230571369667
            ],
            [
              2.3450281811713127,
              41.61225574000793
            ],
            [
              2.345099154888681,
              41.61231162144571
            ],
            [
              2.345029612372897,
              41.6123614599202
            ],
            [
              2.344958397793766,
              41.61230571369667
            ]
          ]
        ]
      },
      "properties": {
        "id": "s_5d6c8935ce6c436166000026",
        "externalId": "unit110",
        "destinationNodes": [
          "n_5d6c985ace6c436166000338"
        ],
        "center": [
          2.345028836556664,
          41.61230863376763
        ],
        "details": {
          "description": "Leading the race of time since 1860 is the tradition and expertise of this swiss watchmaker. Tag Heuer has been the timekeeping brand for Formula 1 since 1959, due to the accuracy of its chronographs.",
          "name": "TAG Heuer",
          "images": [
            {
              "url": "https://cdn.mappedin.com/5d370acd5f0d982c8a5241a6/a8938977931138b7a015b311d4a38bda819dbab8.png",
              "altText": "Logo for TAG Heuer"
            }
          ]
        }
      }
    },
    {
      "type": "Feature",
      "geometry": {
        "type": "Polygon",
        "coordinates": [
          [
            [
              2.3450281811713127,
              41.61225574000793
            ],
            [
              2.3450990102741467,
              41.612205019831464
            ],
            [
              2.3451696852779853,
              41.612261077975305
            ],
            [
              2.345099154888681,
              41.61231162144571
            ],
            [
              2.3450281811713127,
              41.61225574000793
            ]
          ]
        ]
      },
      "properties": {
        "id": "s_5d6c8935ce6c436166000027",
        "externalId": "unit109b",
        "destinationNodes": [
          "n_5d6c984ece6c436166000335"
        ],
        "center": [
          2.3450990079030314,
          41.612258364815105
        ],
        "details": {
          "description": "Formed in Bologna in 1987 by 23-year-old Marco Palmieri, Piquadro travel and business luggage is characterised by a blend of traditional Italian craftsmanship, innovation and technology.",
          "name": "Piquadro",
          "images": [
            {
              "url": "https://cdn.mappedin.com/5d370acd5f0d982c8a5241a6/b7a39f3e9b06d7c022a092754583f1c383309b5a.svg",
              "altText": "Logo for Piquadro"
            }
          ]
        }
      }
    },
    {
      "type": "Feature",
      "geometry": {
        "type": "Polygon",
        "coordinates": [
          [
            [
              2.3448829040797574,
              41.61224661842509
            ],
            [
              2.3450242365895706,
              41.61214572147733
            ],
            [
              2.3450990102741467,
              41.612205019831464
            ],
            [
              2.3450281811713127,
              41.61225574000793
            ],
            [
              2.344958397793766,
              41.61230571369667
            ],
            [
              2.3448829040797574,
              41.61224661842509
            ]
          ]
        ]
      },
      "properties": {
        "id": "s_5d6c8935ce6c436166000028",
        "externalId": "unit109a",
        "destinationNodes": [
          "n_5d6c97dece6c436166000327"
        ],
        "center": [
          2.344998545981711,
          41.6122317626877
        ],
        "details": {
          "description": "Don't miss the amazing menu specialised in sushi and sashimi, hot dishes, salads and desserts.",
          "name": "Mori Much More",
          "images": [
            {
              "url": "https://cdn.mappedin.com/5d370acd5f0d982c8a5241a6/a9495fff49e3c1da65f72ea49586d06b7dacf8bb.png",
              "altText": "Logo for Mori Much More"
            }
          ]
        }
      }
    },
    {
      "type": "Feature",
      "geometry": {
        "type": "Polygon",
        "coordinates": [
          [
            [
              2.3446974717891726,
              41.61212701818863
            ],
            [
              2.3449133757464513,
              41.611973254116045
            ],
            [
              2.345081622184907,
              41.61210475847882
            ],
            [
              2.3450242365895706,
              41.61214572147733
            ],
            [
              2.3448829040797574,
              41.61224661842509
            ],
            [
              2.3448661435713283,
              41.61225858402357
            ],
            [
              2.3446974717891726,
              41.61212701818863
            ]
          ]
        ]
      },
      "properties": {
        "id": "s_5d6c8935ce6c436166000029",
        "externalId": "unit107-108",
        "destinationNodes": [
          "n_5d6c97dace6c436166000325"
        ],
        "center": [
          2.3449109589935313,
          41.61214265911825
        ],
        "details": {
          "description": "Polo for women is the new symbol of personal expression for the young modern girl. A romantic bohemian with a cool spor tiness.",
          "name": "Polo Ralph Lauren Women",
          "images": [
            {
              "url": "https://cdn.mappedin.com/5d370acd5f0d982c8a5241a6/e310a3b2a6d065f8d80b26c2f1dc65f7fa5fceb8.svg",
              "altText": "Logo for Polo Ralph Lauren Women"
            }
          ]
        }
      }
    },
    {
      "type": "Feature",
      "geometry": {
        "type": "Polygon",
        "coordinates": [
          [
            [
              2.3447773684468096,
              41.61206956923871
            ],
            [
              2.344710271598748,
              41.61201723853532
            ],
            [
              2.344845778519556,
              41.61192050800305
            ],
            [
              2.3449133757464513,
              41.611973254116045
            ],
            [
              2.3447773684468096,
              41.61206956923871
            ]
          ]
        ]
      },
      "properties": {
        "id": "s_5d6c8935ce6c43616600002a",
        "externalId": "unit106",
        "destinationNodes": [
          "n_5d6c97d2ce6c436166000322"
        ],
        "center": [
          2.344811698577891,
          41.61199514247328
        ],
        "details": {
          "description": "\"By artists, for artists\" is the motto of the streetwear brand that goes viral among Generation Z for its provocative designs and messages, which are a clear statement of intent.",
          "name": "Nude Project",
          "images": [
            {
              "url": "https://cdn.mappedin.com/5d370acd5f0d982c8a5241a6/8438564e380812226ced0b8a528d65d7b513e65c.png",
              "altText": "Logo for Nude Project"
            }
          ]
        }
      }
    },
    {
      "type": "Feature",
      "geometry": {
        "type": "Polygon",
        "coordinates": [
          [
            [
              2.3446431068058344,
              41.61196484276985
            ],
            [
              2.3447787201727928,
              41.6118681976022
            ],
            [
              2.344845778519556,
              41.61192050800305
            ],
            [
              2.344710271598748,
              41.61201723853532
            ],
            [
              2.3446431068058344,
              41.61196484276985
            ]
          ]
        ]
      },
      "properties": {
        "id": "s_5d6c8935ce6c43616600002b",
        "externalId": "unit105",
        "destinationNodes": [
          "n_5d6c97cfce6c436166000320"
        ],
        "center": [
          2.3447444692742327,
          41.61194269672761
        ],
        "details": {
          "description": "Contemporary label Bimba y Lola blends the essence of Spain with a cool, quirky aesthetic that speaks to stylish statement-makers around the world.",
          "name": "Bimba y Lola",
          "images": [
            {
              "url": "https://cdn.mappedin.com/5d370acd5f0d982c8a5241a6/0327f3db238728d4815b7e147af6c0738daed75d.svg",
              "altText": "Logo for Bimba y Lola"
            }
          ]
        }
      }
    },
    {
      "type": "Feature",
      "geometry": {
        "type": "Polygon",
        "coordinates": [
          [
            [
              2.344575780392759,
              41.61191232951636
            ],
            [
              2.344711195684872,
              41.61181552566138
            ],
            [
              2.3447787201727928,
              41.6118681976022
            ],
            [
              2.3446431068058344,
              41.61196484276985
            ],
            [
              2.344575780392759,
              41.61191232951636
            ]
          ]
        ]
      },
      "properties": {
        "id": "s_5d6c8935ce6c43616600002c",
        "externalId": "unit104",
        "destinationNodes": [
          "n_5d6c97cbce6c43616600031e"
        ],
        "center": [
          2.344677200764065,
          41.61189022388745
        ],
        "details": {
          "description": "From its base in Norway, Helly Hansen has been making professional grade gear to help people stay and feel alive for more than 140 years.",
          "name": "Helly Hansen",
          "images": [
            {
              "url": "https://cdn.mappedin.com/5d370acd5f0d982c8a5241a6/6f2eee45839eaa88a64e517305773e6d655115fb.png",
              "altText": "Logo for Helly Hansen"
            }
          ]
        }
      }
    },
    {
      "type": "Feature",
      "geometry": {
        "type": "Polygon",
        "coordinates": [
          [
            [
              2.3445276961079276,
              41.611898855640035
            ],
            [
              2.344474799075135,
              41.61185758944662
            ],
            [
              2.3445495217153476,
              41.61180406347635
            ],
            [
              2.3446261413027205,
              41.6117491741811
            ],
            [
              2.344691896650241,
              41.61180046994803
            ],
            [
              2.3445519915607225,
              41.611900702581515
            ],
            [
              2.344540560970086,
              41.61190889180842
            ],
            [
              2.3445276961079276,
              41.611898855640035
            ]
          ]
        ]
      },
      "properties": {
        "id": "s_5d6c8935ce6c43616600002d",
        "externalId": "unit103",
        "destinationNodes": [
          "n_5d6c97bfce6c43616600031b"
        ],
        "center": [
          2.3445660867688827,
          41.61184567815458
        ],
        "details": {
          "description": "",
          "name": "",
          "images": []
        }
      }
    },
    {
      "type": "Feature",
      "geometry": {
        "type": "Polygon",
        "coordinates": [
          [
            [
              2.3442388670763576,
              41.61178220642446
            ],
            [
              2.3443864610391465,
              41.611676857502864
            ],
            [
              2.3445495217153476,
              41.61180406347635
            ],
            [
              2.3444022024582836,
              41.61190961864441
            ],
            [
              2.3442388670763576,
              41.61178220642446
            ]
          ]
        ]
      },
      "properties": {
        "id": "s_5d6c8935ce6c43616600002e",
        "externalId": "unit102",
        "destinationNodes": [
          "n_5d6c97a8ce6c436166000311"
        ],
        "center": [
          2.344394263072284,
          41.61179318651202
        ],
        "details": {
          "description": "Cèntric is a traditional Catalan restaurant with a reputation for gastronomic excellence.",
          "name": "Cèntric",
          "images": [
            {
              "url": "https://cdn.mappedin.com/5d370acd5f0d982c8a5241a6/e079e9efd304d4e04562783fe0f898364ab5f702.svg",
              "altText": "Logo for Cèntric"
            }
          ]
        }
      }
    },
    {
      "type": "Feature",
      "geometry": {
        "type": "Polygon",
        "coordinates": [
          [
            [
              2.343925633501475,
              41.61117497684794
            ],
            [
              2.3438911728734393,
              41.61109257530512
            ],
            [
              2.3439663362386867,
              41.61107529563465
            ],
            [
              2.34397756274038,
              41.61109573854349
            ],
            [
              2.3440203588238946,
              41.61108419301114
            ],
            [
              2.344049153743397,
              41.61114720752799
            ],
            [
              2.343925633501475,
              41.61117497684794
            ]
          ]
        ]
      },
      "properties": {
        "id": "s_5d6c8935ce6c43616600002f",
        "externalId": "unit95",
        "destinationNodes": [
          "n_5d6c9749ce6c4361660002f5"
        ],
        "center": [
          2.3439717029868787,
          41.611111664478386
        ],
        "details": {
          "description": "",
          "name": "",
          "images": []
        }
      }
    },
    {
      "type": "Feature",
      "geometry": {
        "type": "Polygon",
        "coordinates": [
          [
            [
              2.343458530279015,
              41.61072978979037
            ],
            [
              2.343559966960157,
              41.610666188405276
            ],
            [
              2.3436222499242922,
              41.61072142632498
            ],
            [
              2.343520996588877,
              41.610785207385504
            ],
            [
              2.343458530279015,
              41.61072978979037
            ]
          ]
        ]
      },
      "properties": {
        "id": "s_5d6c8935ce6c436166000030",
        "externalId": "unit89",
        "destinationNodes": [
          "n_5d6c96a4ce6c4361660002cf"
        ],
        "center": [
          2.343540435938085,
          41.610725652976534
        ],
        "details": {
          "description": "Official discount outlet for world-renowned brands like Aveda, Bobbi Brown, Clinique, DKNY, Estée Lauder, Lab Series, MAC Cosmetics or Origins, offering beauty products for men and women including make-up, skincare, brushes and fragrances.",
          "name": "The Cosmetics Company Store",
          "images": [
            {
              "url": "https://cdn.mappedin.com/5d370acd5f0d982c8a5241a6/e967ee9512ba5cf65b59612d90c9bbcfa3838aa7.svg",
              "altText": "Logo for The Cosmetics Company Store"
            }
          ]
        }
      }
    },
    {
      "type": "Feature",
      "geometry": {
        "type": "Polygon",
        "coordinates": [
          [
            [
              2.34414384255353,
              41.61170670555078
            ],
            [
              2.3440503486313102,
              41.61158015936609
            ],
            [
              2.344239670149506,
              41.61152649618546
            ],
            [
              2.3443182514831777,
              41.61163313075907
            ],
            [
              2.34414384255353,
              41.61170670555078
            ]
          ]
        ]
      },
      "properties": {
        "id": "s_5d6c8935ce6c436166000031",
        "externalId": "unit101",
        "destinationNodes": [
          "n_5d6c9792ce6c43616600030c"
        ],
        "center": [
          2.344188028204381,
          41.61161162296535
        ],
        "details": {
          "description": "Building on a strong heritage, every season sees Lacoste present its vision of French elegance inspired by sport: pieces worn on the courts and in the city for a thoroughly modern style.",
          "name": "Lacoste",
          "images": [
            {
              "url": "https://cdn.mappedin.com/5d370acd5f0d982c8a5241a6/19554ad02b8d002282808fa9514f3fa8d43a9897.svg",
              "altText": "Logo for Lacoste"
            }
          ]
        }
      }
    },
    {
      "type": "Feature",
      "geometry": {
        "type": "Polygon",
        "coordinates": [
          [
            [
              2.3440503486313102,
              41.61158015936609
            ],
            [
              2.3440061484909034,
              41.61159435229699
            ],
            [
              2.3439484790150735,
              41.611505315582946
            ],
            [
              2.3441858826265585,
              41.611453499850946
            ],
            [
              2.344239670149506,
              41.61152649618546
            ],
            [
              2.3440503486313102,
              41.61158015936609
            ]
          ]
        ]
      },
      "properties": {
        "id": "s_5d6c8935ce6c436166000032",
        "externalId": "unit100",
        "destinationNodes": [
          "n_5d6c979ece6c43616600030e"
        ],
        "center": [
          2.34408610578267,
          41.611531964656486
        ],
        "details": {
          "description": "Salomon creates functional clothing and equipment for sports including skiing, trail running and hiking. The brand has a history of environmental responsibility and innovation in product design.",
          "name": "Salomon",
          "images": [
            {
              "url": "https://cdn.mappedin.com/5d370acd5f0d982c8a5241a6/f16061a5ae75e30b53da271bd61c2d555dc9e3b8.svg",
              "altText": "Logo for Salomon"
            }
          ]
        }
      }
    },
    {
      "type": "Feature",
      "geometry": {
        "type": "Polygon",
        "coordinates": [
          [
            [
              2.343948448821981,
              41.61150524051164
            ],
            [
              2.34391678076158,
              41.61142416149262
            ],
            [
              2.3441541581982372,
              41.61137192642955
            ],
            [
              2.3441858826265585,
              41.611453499850946
            ],
            [
              2.343948448821981,
              41.61150524051164
            ]
          ]
        ]
      },
      "properties": {
        "id": "s_5d6c8935ce6c436166000033",
        "externalId": "unit99",
        "destinationNodes": [
          "n_5d6c9774ce6c436166000303"
        ],
        "center": [
          2.3440513176020894,
          41.61143870707119
        ],
        "details": {
          "description": "Bronx-born Klein started out with a coat shop in the York Hotel in New York City in the 1960s but by the early 70s, he was producing menswear, womenswear and award-winning underwear collections.",
          "name": "Calvin Klein Underwear",
          "images": [
            {
              "url": "https://cdn.mappedin.com/5d370acd5f0d982c8a5241a6/b515783bdf22e286ea4fcc11e3cbc497efaa14ad.svg",
              "altText": "Logo for Calvin Klein Underwear"
            }
          ]
        }
      }
    },
    {
      "type": "Feature",
      "geometry": {
        "type": "Polygon",
        "coordinates": [
          [
            [
              2.343863630411311,
              41.61143576133092
            ],
            [
              2.3438349439591524,
              41.61136230312367
            ],
            [
              2.3441256998084388,
              41.611298779180274
            ],
            [
              2.3441541581982372,
              41.61137192642955
            ],
            [
              2.343863630411311,
              41.61143576133092
            ]
          ]
        ]
      },
      "properties": {
        "id": "s_5d6c8935ce6c436166000034",
        "externalId": "unit98",
        "destinationNodes": [
          "n_5d6c976dce6c436166000302"
        ],
        "center": [
          2.3439946080942846,
          41.611367192516106
        ],
        "details": {
          "description": "The home of British menswear, Hackett London collections are built around impeccable tailoring, complemented by luxurious casualwear.",
          "name": "Hackett London",
          "images": [
            {
              "url": "https://cdn.mappedin.com/5d370acd5f0d982c8a5241a6/24e3821b0825e4882737d50bf97925a81b996650.svg",
              "altText": "Logo for Hackett London"
            }
          ]
        }
      }
    },
    {
      "type": "Feature",
      "geometry": {
        "type": "Polygon",
        "coordinates": [
          [
            [
              2.3437651696185604,
              41.61124817970225
            ],
            [
              2.3439412268634445,
              41.611210152721874
            ],
            [
              2.343956588350008,
              41.611245392551034
            ],
            [
              2.344081577304413,
              41.61121816909846
            ],
            [
              2.344111755859459,
              41.611284192942634
            ],
            [
              2.3438118755138304,
              41.61134959747101
            ],
            [
              2.3437651696185604,
              41.61124817970225
            ]
          ]
        ]
      },
      "properties": {
        "id": "s_5d6c8935ce6c436166000035",
        "externalId": "unit97",
        "destinationNodes": [
          "n_5d6c975cce6c4361660002fd"
        ],
        "center": [
          2.343944698918286,
          41.61125928074788
        ],
        "details": {
          "description": "The jeans brand known for both its innovative fit and ground-breaking advertising campaigns, which launched the international careers of the likes of Kate Moss and Mark Wahlberg.",
          "name": "Calvin Klein Jeans",
          "images": [
            {
              "url": "https://cdn.mappedin.com/5d370acd5f0d982c8a5241a6/efb5fd9411af23a68914049a23c201f61e969caa.svg",
              "altText": "Logo for Calvin Klein Jeans"
            }
          ]
        }
      }
    },
    {
      "type": "Feature",
      "geometry": {
        "type": "Polygon",
        "coordinates": [
          [
            [
              2.343956588350008,
              41.611245392551034
            ],
            [
              2.3439412268634445,
              41.611210152721874
            ],
            [
              2.3437651696185604,
              41.61124817970225
            ],
            [
              2.343749692749685,
              41.611214537729694
            ],
            [
              2.343925633501475,
              41.61117497684794
            ],
            [
              2.344049153743397,
              41.61114720752799
            ],
            [
              2.344081577304413,
              41.61121816909846
            ],
            [
              2.343956588350008,
              41.611245392551034
            ]
          ]
        ]
      },
      "properties": {
        "id": "s_5d6c8935ce6c436166000036",
        "externalId": "unit96",
        "destinationNodes": [
          "n_5d6c9753ce6c4361660002f9"
        ],
        "center": [
          2.3439241488758547,
          41.611208373739885
        ],
        "details": {
          "description": "Pick up official merchandise for one of the most adored soccer teams in the world, including the new, official Nike strips.",
          "name": "Barça Store",
          "images": [
            {
              "url": "https://cdn.mappedin.com/5d370acd5f0d982c8a5241a6/f3b39c012128f2018ff03704d92b40aaaf25f32e.svg",
              "altText": "Logo for Barça Store"
            }
          ]
        }
      }
    },
    {
      "type": "Feature",
      "geometry": {
        "type": "Polygon",
        "coordinates": [
          [
            [
              2.3439663362386867,
              41.61107529563465
            ],
            [
              2.3438911728734393,
              41.61109257530512
            ],
            [
              2.343925633501475,
              41.61117497684794
            ],
            [
              2.343749692749685,
              41.611214537729694
            ],
            [
              2.3437054170216944,
              41.61111829710037
            ],
            [
              2.3439184057623956,
              41.61098411473658
            ],
            [
              2.344009793388856,
              41.611061058813625
            ],
            [
              2.3440203588238946,
              41.61108419301114
            ],
            [
              2.34397756274038,
              41.61109573854349
            ],
            [
              2.3439663362386867,
              41.61107529563465
            ]
          ]
        ]
      },
      "properties": {
        "id": "s_5d6c8935ce6c436166000037",
        "externalId": "unit94",
        "destinationNodes": [
          "n_5d6c96cece6c4361660002dd"
        ],
        "center": [
          2.343907152566723,
          41.61110008752474
        ],
        "details": {
          "description": "Zegna is an icon of Italian craftsmanship, combining world-leading fabrics with visionary design.",
          "name": "Zegna",
          "images": [
            {
              "url": "https://cdn.mappedin.com/5d370acd5f0d982c8a5241a6/f786987256bd136b11979595215deaa1cecc8aef.png",
              "altText": "Logo for Zegna"
            }
          ]
        }
      }
    },
    {
      "type": "Feature",
      "geometry": {
        "type": "Polygon",
        "coordinates": [
          [
            [
              2.343651660565367,
              41.61107060769123
            ],
            [
              2.343864541278992,
              41.61093634082148
            ],
            [
              2.3439184057623956,
              41.61098411473658
            ],
            [
              2.3437054170216944,
              41.61111829710037
            ],
            [
              2.343651660565367,
              41.61107060769123
            ]
          ]
        ]
      },
      "properties": {
        "id": "s_5d6c8935ce6c436166000038",
        "externalId": "unit93",
        "destinationNodes": [
          "n_5d6c96c6ce6c4361660002db"
        ],
        "center": [
          2.343785006157112,
          41.61102734008742
        ],
        "details": {
          "description": "TOUS is a happy go lucky brand for those that are young at heart. Its endearing icon, the bear, is loved the world over.",
          "name": "TOUS",
          "images": [
            {
              "url": "https://cdn.mappedin.com/5d370acd5f0d982c8a5241a6/b6e1929d4fb05ddabd4b4c4869d2692fec85b847.svg",
              "altText": "Logo for TOUS"
            }
          ]
        }
      }
    },
    {
      "type": "Feature",
      "geometry": {
        "type": "Polygon",
        "coordinates": [
          [
            [
              2.3435801078598195,
              41.61100713354613
            ],
            [
              2.343793600522377,
              41.610873418794036
            ],
            [
              2.343864541278992,
              41.61093634082148
            ],
            [
              2.343651660565367,
              41.61107060769123
            ],
            [
              2.3435801078598195,
              41.61100713354613
            ]
          ]
        ]
      },
      "properties": {
        "id": "s_5d6c8935ce6c436166000039",
        "externalId": "unit92",
        "destinationNodes": [
          "n_5d6c96c2ce6c4361660002d9"
        ],
        "center": [
          2.3437224775566388,
          41.610971875213224
        ],
        "details": {
          "description": "LOEWE began as a cooperative of leather artisans in the center of Madrid in 1846 giving life to one of the world’s original luxury houses.",
          "name": "Loewe",
          "images": [
            {
              "url": "https://cdn.mappedin.com/5d370acd5f0d982c8a5241a6/17d2828ad4116c0426a5300c5067dc1b84270c28.svg",
              "altText": "Logo for Loewe"
            }
          ]
        }
      }
    },
    {
      "type": "Feature",
      "geometry": {
        "type": "Polygon",
        "coordinates": [
          [
            [
              2.343526071510088,
              41.6109592060588
            ],
            [
              2.3437390142172876,
              41.610824998160126
            ],
            [
              2.343793600522377,
              41.610873418794036
            ],
            [
              2.3435801078598195,
              41.61100713354613
            ],
            [
              2.343526071510088,
              41.6109592060588
            ]
          ]
        ]
      },
      "properties": {
        "id": "s_5d6c8935ce6c43616600003a",
        "externalId": "unit91",
        "destinationNodes": [
          "n_5d6c96bfce6c4361660002d7"
        ],
        "center": [
          2.343659698527393,
          41.61091618913977
        ],
        "details": {
          "description": "Cole Haan, the iconic American brand known for its innovative blend of style and comfort, is opening its first boutique at La Roca Village in Barcelona, offering timeless footwear, bags, and accessories crafted for modern living.",
          "name": "Cole Haan",
          "images": [
            {
              "url": "https://cdn.mappedin.com/5d370acd5f0d982c8a5241a6/eaa5e675866268f0f97bc7df984919e0b73b1acd.png",
              "altText": "Logo for Cole Haan"
            }
          ]
        }
      }
    },
    {
      "type": "Feature",
      "geometry": {
        "type": "Polygon",
        "coordinates": [
          [
            [
              2.3433465727941947,
              41.61079998276556
            ],
            [
              2.343458530279015,
              41.61072978979037
            ],
            [
              2.343520996588877,
              41.610785207385504
            ],
            [
              2.3436222499242922,
              41.61072142632498
            ],
            [
              2.3437390142172876,
              41.610824998160126
            ],
            [
              2.343526071510088,
              41.6109592060588
            ],
            [
              2.3433465727941947,
              41.61079998276556
            ]
          ]
        ]
      },
      "properties": {
        "id": "s_5d6c8935ce6c43616600003b",
        "externalId": "unit90",
        "destinationNodes": [
          "n_5d6c96b1ce6c4361660002d3"
        ],
        "center": [
          2.3435355725522924,
          41.61080343508089
        ],
        "details": {
          "description": "A globally recognised lifestyle brand, Tommy Hilfiger’s signature flag logo symbolises high-end quality that customers worldwide associate with luxury and quintessential American prep.",
          "name": "Tommy Hilfiger",
          "images": [
            {
              "url": "https://cdn.mappedin.com/5d370acd5f0d982c8a5241a6/e25093c966174f6bb2ae8d117597c92da31e6f4d.svg",
              "altText": "Logo for Tommy Hilfiger"
            }
          ]
        }
      }
    },
    {
      "type": "Feature",
      "geometry": {
        "type": "Polygon",
        "coordinates": [
          [
            [
              2.343216552283279,
              41.61068465680582
            ],
            [
              2.343278798428074,
              41.610645416062354
            ],
            [
              2.3433453502946797,
              41.610704483626655
            ],
            [
              2.3434961628360353,
              41.610609586512254
            ],
            [
              2.343559966960157,
              41.610666188405276
            ],
            [
              2.343458530279015,
              41.61072978979037
            ],
            [
              2.3433465727941947,
              41.61079998276556
            ],
            [
              2.343216552283279,
              41.61068465680582
            ]
          ]
        ]
      },
      "properties": {
        "id": "s_5d6c8935ce6c43616600003c",
        "externalId": "unit88",
        "destinationNodes": [
          "n_5d6c969bce6c4361660002cc"
        ],
        "center": [
          2.343385990553634,
          41.610691443424045
        ],
        "details": {
          "description": "Salvatore Ferragamo, moved to America from Italy in 1914, eventually ending up in Hollywood where his repair and shoe-making business began to attract Hollywood stars and movie-makers.",
          "name": "Ferragamo",
          "images": [
            {
              "url": "https://cdn.mappedin.com/5d370acd5f0d982c8a5241a6/56fe5db953f85a68e93288d11ecdd3749395e2f5.svg",
              "altText": "Logo for Ferragamo"
            }
          ]
        }
      }
    },
    {
      "type": "Feature",
      "geometry": {
        "type": "Polygon",
        "coordinates": [
          [
            [
              2.343278798428074,
              41.610645416062354
            ],
            [
              2.3434294808914307,
              41.61055043638879
            ],
            [
              2.3434961628360353,
              41.610609586512254
            ],
            [
              2.3433453502946797,
              41.610704483626655
            ],
            [
              2.343278798428074,
              41.610645416062354
            ]
          ]
        ]
      },
      "properties": {
        "id": "s_5d6c8935ce6c43616600003d",
        "externalId": "unit87",
        "destinationNodes": [
          "n_5d6c9695ce6c4361660002ca"
        ],
        "center": [
          2.343387448112555,
          41.610627480647516
        ],
        "details": {
          "description": "Parisian girls love Maje, home of sleek leather leggings, romantic blouses, cashmere dresses and fitted silk t-shirts.",
          "name": "Maje",
          "images": [
            {
              "url": "https://cdn.mappedin.com/5d370acd5f0d982c8a5241a6/8c26aacc3f46a0abf478553810912e25d37e52f1.png",
              "altText": "Logo for Maje"
            }
          ]
        }
      }
    },
    {
      "type": "Feature",
      "geometry": {
        "type": "Polygon",
        "coordinates": [
          [
            [
              2.3431852138726548,
              41.61058136548954
            ],
            [
              2.343381267925183,
              41.61045788266705
            ],
            [
              2.3434408766368304,
              41.61051103312293
            ],
            [
              2.3432451922671738,
              41.6106345770612
            ],
            [
              2.3431852138726548,
              41.61058136548954
            ]
          ]
        ]
      },
      "properties": {
        "id": "s_5d6c8935ce6c43616600003e",
        "externalId": "unit86",
        "destinationNodes": [
          "n_5d6c9686ce6c4361660002c5"
        ],
        "center": [
          2.3433131376754606,
          41.61054621458518
        ],
        "details": {
          "description": "Puma is one of the world’s leading sports brands, designing, developing, selling and marketing footwear, clothing and accessories.",
          "name": "Puma",
          "images": [
            {
              "url": "https://cdn.mappedin.com/5d370acd5f0d982c8a5241a6/1f5fe624943b60a108268b63ab039ab4a92e2237.svg",
              "altText": "Logo for Puma"
            }
          ]
        }
      }
    },
    {
      "type": "Feature",
      "geometry": {
        "type": "Polygon",
        "coordinates": [
          [
            [
              2.3432694057445294,
              41.61035891767843
            ],
            [
              2.343381267925183,
              41.61045788266705
            ],
            [
              2.343185156556017,
              41.61058131463872
            ],
            [
              2.343073703318396,
              41.610482422168765
            ],
            [
              2.3432694057445294,
              41.61035891767843
            ]
          ]
        ]
      },
      "properties": {
        "id": "s_5d6c8935ce6c43616600003f",
        "externalId": "unit85",
        "destinationNodes": [
          "n_5d6c967ece6c4361660002c1"
        ],
        "center": [
          2.343227383386031,
          41.61047013428824
        ],
        "details": {
          "description": "Valentino is synonymous of inclusiveness, uniqueness and creativity.",
          "name": "Valentino",
          "images": [
            {
              "url": "https://cdn.mappedin.com/5d370acd5f0d982c8a5241a6/de002e4c1d19614c9c83b432480f9d2ae4422178.png",
              "altText": "Logo for Valentino"
            }
          ]
        }
      }
    },
    {
      "type": "Feature",
      "geometry": {
        "type": "Polygon",
        "coordinates": [
          [
            [
              2.344832050463276,
              41.611819247542314
            ],
            [
              2.3450075145992453,
              41.61169370781697
            ],
            [
              2.345061346141108,
              41.61173570056585
            ],
            [
              2.3451267625236656,
              41.61168882760301
            ],
            [
              2.345264653025756,
              41.611796390674485
            ],
            [
              2.3451992366027916,
              41.61184326378511
            ],
            [
              2.3452898564485194,
              41.61191396444175
            ],
            [
              2.345114535226147,
              41.61203960179405
            ],
            [
              2.344832050463276,
              41.611819247542314
            ]
          ]
        ]
      },
      "properties": {
        "id": "s_5d6c8935ce6c436166000040",
        "externalId": "unit1",
        "destinationNodes": [
          "n_5d6c97d5ce6c436166000323"
        ],
        "center": [
          2.3451119943788137,
          41.61181633802794
        ],
        "details": {
          "description": "Authentic and iconic, Polo Ralph Lauren Men is the original symbol of the modern preppy lifestyle.",
          "name": "Polo Ralph Lauren Men & Children",
          "images": [
            {
              "url": "https://cdn.mappedin.com/5d370acd5f0d982c8a5241a6/e310a3b2a6d065f8d80b26c2f1dc65f7fa5fceb8.svg",
              "altText": "Logo for Polo Ralph Lauren Men & Children"
            }
          ]
        }
      }
    },
    {
      "type": "Feature",
      "geometry": {
        "type": "Polygon",
        "coordinates": [
          [
            [
              2.343503775202967,
              41.610472897075745
            ],
            [
              2.343446369100637,
              41.61041726260728
            ],
            [
              2.343666597421763,
              41.610290082862264
            ],
            [
              2.3437238790070523,
              41.61034546151861
            ],
            [
              2.343503775202967,
              41.610472897075745
            ]
          ]
        ]
      },
      "properties": {
        "id": "s_5d6c8935ce6c436166000045",
        "externalId": "unit33",
        "destinationNodes": [
          "n_5d6c968ace6c4361660002c6"
        ],
        "center": [
          2.3435851551831046,
          41.61038142601598
        ],
        "details": {
          "description": "Furla is a premium accessories brand whose style codes are defined by an upbeat and inspiring Italian lifestyle. A fusion of contemporary design, top quality craftsmanship and an upbeat edge that make the difference.",
          "name": "Furla",
          "images": [
            {
              "url": "https://cdn.mappedin.com/5d370acd5f0d982c8a5241a6/36f99bdf2b75dcc419459f1250cae9b7ff6dedfb.svg",
              "altText": "Logo for Furla"
            }
          ]
        }
      }
    },
    {
      "type": "Feature",
      "geometry": {
        "type": "Polygon",
        "coordinates": [
          [
            [
              2.3435563309962464,
              41.61052383450355
            ],
            [
              2.343503775202967,
              41.610472897075745
            ],
            [
              2.3437238790070523,
              41.61034546151861
            ],
            [
              2.3437764131290355,
              41.61039624184517
            ],
            [
              2.3435563309962464,
              41.61052383450355
            ]
          ]
        ]
      },
      "properties": {
        "id": "s_5d6c8935ce6c436166000046",
        "externalId": "unit32",
        "destinationNodes": [
          "n_5d6c968ece6c4361660002c8"
        ],
        "center": [
          2.3436400995838254,
          41.61043460873577
        ],
        "details": {
          "description": "It is the sports brand of the moment. In addition to being the great reference in athletics, New Balance triumphs off the track with their shoes fresh foam collection, fuelcell and 800 series. Discover the new boutique in the Village.",
          "name": "New Balance",
          "images": [
            {
              "url": "https://cdn.mappedin.com/5d370acd5f0d982c8a5241a6/9e251c7c71418d7f1aee10b1efeadd788627ad2f.jpeg",
              "altText": "Logo for New Balance"
            }
          ]
        }
      }
    },
    {
      "type": "Feature",
      "geometry": {
        "type": "Polygon",
        "coordinates": [
          [
            [
              2.3436461427186157,
              41.61061054241261
            ],
            [
              2.343584309203549,
              41.61055088513695
            ],
            [
              2.343725582258429,
              41.6104688708249
            ],
            [
              2.343787269338329,
              41.61052955880782
            ],
            [
              2.3436461427186157,
              41.61061054241261
            ]
          ]
        ]
      },
      "properties": {
        "id": "s_5d6c8935ce6c436166000047",
        "externalId": "unit31",
        "destinationNodes": [
          "n_5d6c969fce6c4361660002cd"
        ],
        "center": [
          2.3436858258797306,
          41.61053996429557
        ],
        "details": {
          "description": "Building on a strong heritage, every season sees Lacoste present its vision of French elegance inspired by sport: pieces worn on the courts and in the city for a thoroughly modern style.",
          "name": "Lacoste",
          "images": [
            {
              "url": "https://cdn.mappedin.com/5d370acd5f0d982c8a5241a6/19554ad02b8d002282808fa9514f3fa8d43a9897.svg",
              "altText": "Logo for Lacoste"
            }
          ]
        }
      }
    },
    {
      "type": "Feature",
      "geometry": {
        "type": "Polygon",
        "coordinates": [
          [
            [
              2.3438042930699363,
              41.610423191025376
            ],
            [
              2.3439327660908735,
              41.610547393201735
            ],
            [
              2.343890469476633,
              41.61057190853209
            ],
            [
              2.3437128277512604,
              41.61067489583825
            ],
            [
              2.3436461427186157,
              41.61061054241261
            ],
            [
              2.343787269338329,
              41.61052955880782
            ],
            [
              2.343725582258429,
              41.6104688708249
            ],
            [
              2.3438042930699363,
              41.610423191025376
            ]
          ]
        ]
      },
      "properties": {
        "id": "s_5d6c8935ce6c436166000048",
        "externalId": "unit30",
        "destinationNodes": [
          "n_5d6c96a8ce6c4361660002d0"
        ],
        "center": [
          2.343785621529154,
          41.610546622948966
        ],
        "details": {
          "description": "",
          "name": "",
          "images": []
        }
      }
    },
    {
      "type": "Feature",
      "geometry": {
        "type": "Polygon",
        "coordinates": [
          [
            [
              2.3437666622128432,
              41.610726840985066
            ],
            [
              2.3437128277512604,
              41.61067489583825
            ],
            [
              2.343890469476633,
              41.61057190853209
            ],
            [
              2.343945529176733,
              41.61062398874405
            ],
            [
              2.3437666622128432,
              41.610726840985066
            ]
          ]
        ]
      },
      "properties": {
        "id": "s_5d6c8935ce6c436166000049",
        "externalId": "unit29",
        "destinationNodes": [
          "n_5d6c96aece6c4361660002d2"
        ],
        "center": [
          2.343828872154367,
          41.610649408524864
        ],
        "details": {
          "description": "Inspira offers a wide range of fragrances and cosmetics from the finest international fashion houses: Paco Rabanne, Carolina Herrera, Nina Ricci, Prada, Valentino and Comme des Garçons.",
          "name": "Inspira",
          "images": [
            {
              "url": "https://cdn.mappedin.com/5d370acd5f0d982c8a5241a6/53514ca073244eca16991dbbca516ede10f64e71.svg",
              "altText": "Logo for Inspira"
            }
          ]
        }
      }
    },
    {
      "type": "Feature",
      "geometry": {
        "type": "Polygon",
        "coordinates": [
          [
            [
              2.343821644029466,
              41.61077988239105
            ],
            [
              2.3437666622128432,
              41.610726840985066
            ],
            [
              2.343945529176733,
              41.61062398874405
            ],
            [
              2.3439608496298736,
              41.61061481832658
            ],
            [
              2.3439272142462304,
              41.61058225088058
            ],
            [
              2.3439820738738746,
              41.61055034933918
            ],
            [
              2.344070638854133,
              41.61063588188319
            ],
            [
              2.343821644029466,
              41.61077988239105
            ]
          ]
        ]
      },
      "properties": {
        "id": "s_5d6c8935ce6c43616600004a",
        "externalId": "unit28",
        "destinationNodes": [
          "n_5d6c96b9ce6c4361660002d5",
          "n_5d6c96eece6c4361660002e2"
        ],
        "center": [
          2.3439249445747365,
          41.61064485893568
        ],
        "details": {
          "description": "Atmósferas Mordisco is a project that recovers the spirit of the first Mordisco, which opened its doors in Barcelona in 1987, and connects to the memory and culture of the city.",
          "name": "Atmósferas Mordisco",
          "images": [
            {
              "url": "https://cdn.mappedin.com/5d370acd5f0d982c8a5241a6/e4c49b77cf45f234da45db6bed2a5dda7c158d26.jpeg",
              "altText": "Logo for Atmósferas Mordisco"
            }
          ]
        }
      }
    },
    {
      "type": "Feature",
      "geometry": {
        "type": "Polygon",
        "coordinates": [
          [
            [
              2.344192174262467,
              41.61063291298021
            ],
            [
              2.344113935870305,
              41.610678003631186
            ],
            [
              2.3439820738738746,
              41.61055034933918
            ],
            [
              2.344060217388241,
              41.610505154258114
            ],
            [
              2.344192174262467,
              41.61063291298021
            ]
          ]
        ]
      },
      "properties": {
        "id": "s_5d6c8935ce6c43616600004b",
        "externalId": "unit27",
        "destinationNodes": [
          "n_5d6c970ace6c4361660002eb"
        ],
        "center": [
          2.344087100348722,
          41.61059160505217
        ],
        "details": {
          "description": "Founded in Barcelona, TINY creates premium childrenswear and womenswear with a contemporary, timeless spirit. Discover the world of TINY at La Roca Village.",
          "name": "TINY",
          "images": [
            {
              "url": "https://cdn.mappedin.com/5d370acd5f0d982c8a5241a6/831e5085a64369d99c98240e000a296fa8deb585.svg",
              "altText": "Logo for TINY"
            }
          ]
        }
      }
    },
    {
      "type": "Feature",
      "geometry": {
        "type": "Polygon",
        "coordinates": [
          [
            [
              2.344192174262467,
              41.61063291298021
            ],
            [
              2.344060217388241,
              41.610505154258114
            ],
            [
              2.3440918635612813,
              41.610486855092695
            ],
            [
              2.3441578916799144,
              41.61055089566818
            ],
            [
              2.344203385256569,
              41.61052458221591
            ],
            [
              2.344269075472012,
              41.61058832982737
            ],
            [
              2.344192174262467,
              41.61063291298021
            ]
          ]
        ]
      },
      "properties": {
        "id": "s_5d6c8935ce6c43616600004c",
        "externalId": "unit26",
        "destinationNodes": [
          "n_5d6c9708ce6c4361660002e9"
        ],
        "center": [
          2.3441624346034144,
          41.610548121673745
        ],
        "details": {
          "description": "Villeroy & Boch is a prestigious brand leader in the world in porcelain products. Since its creation in 1748, Villeroy & Boch has been a benchmark in table culture.",
          "name": "Villeroy & Boch",
          "images": [
            {
              "url": "https://cdn.mappedin.com/5d370acd5f0d982c8a5241a6/9ddf31584eda383bb9ea6b40f9f7e151284cf5cc.svg",
              "altText": "Logo for Villeroy & Boch"
            }
          ]
        }
      }
    },
    {
      "type": "Feature",
      "geometry": {
        "type": "Polygon",
        "coordinates": [
          [
            [
              2.3442955819192446,
              41.610908830611
            ],
            [
              2.344266627542496,
              41.610881443423686
            ],
            [
              2.3442325891647373,
              41.610901135080496
            ],
            [
              2.3441750341092846,
              41.61084541850338
            ],
            [
              2.3442431111105577,
              41.6108060454303
            ],
            [
              2.3442436235025284,
              41.61080653924957
            ],
            [
              2.3443291132553794,
              41.61088943858953
            ],
            [
              2.3442955819192446,
              41.610908830611
            ]
          ]
        ]
      },
      "properties": {
        "id": "s_5d6c8935ce6c436166000050",
        "externalId": "unit19-20",
        "destinationNodes": [
          "n_5d6c96fdce6c4361660002e6"
        ],
        "center": [
          2.3442550972291754,
          41.61086269298399
        ],
        "details": {
          "description": "A passion that began more than 170 years ago. The pastry chef David Sprüngli and his son Rudolf opened a small bakery in Zurich and began offering solid-shaped chocolate for the first time.",
          "name": "Lindt",
          "images": [
            {
              "url": "https://cdn.mappedin.com/5d370acd5f0d982c8a5241a6/b70034ac0a671eda1e935f642f2b8cb25008fdc1.png",
              "altText": "Logo for Lindt"
            }
          ]
        }
      }
    },
    {
      "type": "Feature",
      "geometry": {
        "type": "Polygon",
        "coordinates": [
          [
            [
              2.344212421079892,
              41.61095692710056
            ],
            [
              2.344172363394024,
              41.610918308616824
            ],
            [
              2.3441324842133247,
              41.61087984992715
            ],
            [
              2.344131972273706,
              41.61087935584021
            ],
            [
              2.3441319587165275,
              41.61087934259076
            ],
            [
              2.3441266271240653,
              41.610874197133306
            ],
            [
              2.344126110575297,
              41.61087370571518
            ],
            [
              2.3441750341092846,
              41.61084541850338
            ],
            [
              2.3442325891647373,
              41.610901135080496
            ],
            [
              2.344266627542496,
              41.610881443423686
            ],
            [
              2.3442955819192446,
              41.610908830611
            ],
            [
              2.344212421079892,
              41.61095692710056
            ]
          ]
        ]
      },
      "properties": {
        "id": "s_5d6c8935ce6c436166000051",
        "externalId": "unit18",
        "destinationNodes": [
          "n_5d6c96f3ce6c4361660002e4"
        ],
        "center": [
          2.344182160919327,
          41.61089077404933
        ],
        "details": {
          "description": "The durability of this iconic brand’s products means they are handed down from generation to generation, becoming part of a family’s domestic heritage.",
          "name": "Le Creuset",
          "images": [
            {
              "url": "https://cdn.mappedin.com/5d370acd5f0d982c8a5241a6/44d04fe94e498bea6ea11cf6aef0b2fe025a760c.svg",
              "altText": "Logo for Le Creuset"
            }
          ]
        }
      }
    },
    {
      "type": "Feature",
      "geometry": {
        "type": "Polygon",
        "coordinates": [
          [
            [
              2.3440659132758084,
              41.61098006250343
            ],
            [
              2.344025767592341,
              41.6109412516135
            ],
            [
              2.344025287982993,
              41.610940791408254
            ],
            [
              2.3440777475550822,
              41.610910552899455
            ],
            [
              2.344131972273706,
              41.61087935584021
            ],
            [
              2.344172363394024,
              41.610918308616824
            ],
            [
              2.3441616499007734,
              41.61092478887153
            ],
            [
              2.3440659132758084,
              41.61098006250343
            ]
          ]
        ]
      },
      "properties": {
        "id": "s_5d6c8935ce6c436166000053",
        "externalId": "unit16",
        "destinationNodes": [
          "n_5d6c96d2ce6c4361660002de"
        ],
        "center": [
          2.3440943859963896,
          41.6109278731076
        ],
        "details": {
          "description": "The world's best-selling sunglasses brand was born in 1937 when Bausch & Lomb created anti-glare shades for the US Army Air Corps.",
          "name": "Sunglass Hut",
          "images": [
            {
              "url": "https://cdn.mappedin.com/5d370acd5f0d982c8a5241a6/13bbce7a4a36153e9e00dd81427046d00dad505d.png",
              "altText": "Logo for Sunglass Hut"
            }
          ]
        }
      }
    },
    {
      "type": "Feature",
      "geometry": {
        "type": "Polygon",
        "coordinates": [
          [
            [
              2.344109795864835,
              41.61102863687371
            ],
            [
              2.3441055260011763,
              41.611018424743335
            ],
            [
              2.3440659132758084,
              41.61098006250343
            ],
            [
              2.3441616499007734,
              41.61092478887153
            ],
            [
              2.344172363394024,
              41.610918308616824
            ],
            [
              2.3442528394859488,
              41.610995991184325
            ],
            [
              2.344109795864835,
              41.61102863687371
            ]
          ]
        ]
      },
      "properties": {
        "id": "s_5d6c8935ce6c436166000054",
        "externalId": "unit15",
        "destinationNodes": [
          "n_5d6c971bce6c4361660002f2"
        ],
        "center": [
          2.3441446813204276,
          41.610977702132196
        ],
        "details": {
          "description": "Since the founding of the first Castañer workshop in 1927, the company has focused its efforts on turning a humble, popular sandal into a sophisticated product intrinsically linked to design and fashion.",
          "name": "Castañer",
          "images": [
            {
              "url": "https://cdn.mappedin.com/5d370acd5f0d982c8a5241a6/d3e9bb5cc5d09e7dfa4c9f080d79833932974e8e.png",
              "altText": "Logo for Castañer"
            }
          ]
        }
      }
    },
    {
      "type": "Feature",
      "geometry": {
        "type": "Polygon",
        "coordinates": [
          [
            [
              2.344123369865738,
              41.61106198942361
            ],
            [
              2.344109795864835,
              41.61102863687371
            ],
            [
              2.3442965024290463,
              41.61098592918396
            ],
            [
              2.3443099450964646,
              41.611018840904855
            ],
            [
              2.344123369865738,
              41.61106198942361
            ]
          ]
        ]
      },
      "properties": {
        "id": "s_5d6c8935ce6c436166000055",
        "externalId": "unit14",
        "destinationNodes": [
          "n_5d6c9729ce6c4361660002f3"
        ],
        "center": [
          2.3442099033140207,
          41.61102384909653
        ],
        "details": {
          "description": "This Spanish underwear brand offers soft cotton boxers in a multitude of colours, bold swim shorts and women's lingerie and swimwear.",
          "name": "Punto Blanco",
          "images": [
            {
              "url": "https://cdn.mappedin.com/5d370acd5f0d982c8a5241a6/9257d46ee8a557e64fd3831ade9748bd84e9dbe4.svg",
              "altText": "Logo for Punto Blanco"
            }
          ]
        }
      }
    },
    {
      "type": "Feature",
      "geometry": {
        "type": "Polygon",
        "coordinates": [
          [
            [
              2.344174004591107,
              41.61118627863957
            ],
            [
              2.344123369865738,
              41.61106198942361
            ],
            [
              2.3443099450964646,
              41.611018840904855
            ],
            [
              2.3442965024290463,
              41.61098592918396
            ],
            [
              2.344349464494831,
              41.61097361193319
            ],
            [
              2.344414498758718,
              41.61113059585181
            ],
            [
              2.344174004591107,
              41.61118627863957
            ]
          ]
        ]
      },
      "properties": {
        "id": "s_5d6c8935ce6c436166000056",
        "externalId": "unit13",
        "destinationNodes": [
          "n_5d6c9755ce6c4361660002fa"
        ],
        "center": [
          2.344277964205984,
          41.6110595409895
        ],
        "details": {
          "description": "Coach is a modern American fashion brand with a rich heritage rooted in quality and craftsmanship.",
          "name": "Coach",
          "images": [
            {
              "url": "https://cdn.mappedin.com/5d370acd5f0d982c8a5241a6/3f39d42ab55a281058280c56aae8874bc26d01d5.svg",
              "altText": "Logo for Coach"
            }
          ]
        }
      }
    },
    {
      "type": "Feature",
      "geometry": {
        "type": "Polygon",
        "coordinates": [
          [
            [
              2.3441939402101895,
              41.61123523869786
            ],
            [
              2.344174004591107,
              41.61118627863957
            ],
            [
              2.344414498758718,
              41.61113059585181
            ],
            [
              2.344434748599023,
              41.61117947659555
            ],
            [
              2.3441939402101895,
              41.61123523869786
            ]
          ]
        ]
      },
      "properties": {
        "id": "s_5d6c8935ce6c436166000057",
        "externalId": "unit12",
        "destinationNodes": [
          "n_5d6c9758ce6c4361660002fc"
        ],
        "center": [
          2.3443042980397593,
          41.6111828974462
        ],
        "details": {
          "description": "Vans, makers of the original skate shoe since 1966, create authentic performance board shoes plus street-meets-beach attire.",
          "name": "Vans®",
          "images": [
            {
              "url": "https://cdn.mappedin.com/5d370acd5f0d982c8a5241a6/70a088f1aaee72a2444d2fbc8af3404aa20402c5.svg",
              "altText": "Logo for Vans®"
            }
          ]
        }
      }
    },
    {
      "type": "Feature",
      "geometry": {
        "type": "Polygon",
        "coordinates": [
          [
            [
              2.3442326904910473,
              41.61135005240277
            ],
            [
              2.3441916165415737,
              41.61125099543684
            ],
            [
              2.3444111635957867,
              41.61120001062138
            ],
            [
              2.3444251994410306,
              41.61124615946979
            ],
            [
              2.3442326904910473,
              41.61135005240277
            ]
          ]
        ]
      },
      "properties": {
        "id": "s_5d6c8935ce6c436166000058",
        "externalId": "unit11",
        "destinationNodes": [
          "n_5d6c9768ce6c436166000300"
        ],
        "center": [
          2.3443151675173595,
          41.6112618044827
        ],
        "details": {
          "description": "",
          "name": "",
          "images": []
        }
      }
    },
    {
      "type": "Feature",
      "geometry": {
        "type": "Polygon",
        "coordinates": [
          [
            [
              2.3442326904910473,
              41.61135005240277
            ],
            [
              2.3444251994410306,
              41.61124615946979
            ],
            [
              2.3444696156586207,
              41.61128083293957
            ],
            [
              2.34429972512755,
              41.61140239801507
            ],
            [
              2.3442326904910473,
              41.61135005240277
            ]
          ]
        ]
      },
      "properties": {
        "id": "s_5d6c8935ce6c436166000059",
        "externalId": "unit10",
        "destinationNodes": [
          "n_5d6c9777ce6c436166000304"
        ],
        "center": [
          2.3443568076795622,
          41.6113198607068
        ],
        "details": {
          "description": "Scalpers delivers strong and uncompromising style for men, giving them access to everything that makes them successful and unique.",
          "name": "Scalpers",
          "images": [
            {
              "url": "https://cdn.mappedin.com/5d370acd5f0d982c8a5241a6/d330cd97ee02af4c9938877f8bdc47a7d28587d5.svg",
              "altText": "Logo for Scalpers"
            }
          ]
        }
      }
    },
    {
      "type": "Feature",
      "geometry": {
        "type": "Polygon",
        "coordinates": [
          [
            [
              2.34429972512755,
              41.61140239801507
            ],
            [
              2.3445240418916287,
              41.611241867053096
            ],
            [
              2.3445974491654664,
              41.61129912498529
            ],
            [
              2.344373457291064,
              41.611459963291196
            ],
            [
              2.34429972512755,
              41.61140239801507
            ]
          ]
        ]
      },
      "properties": {
        "id": "s_5d6c8935ce6c43616600005a",
        "externalId": "unit9",
        "destinationNodes": [
          "n_5d6c977ace6c436166000306"
        ],
        "center": [
          2.344448668368927,
          41.611350838336165
        ],
        "details": {
          "description": "Columbia Sportswear Company has been making gear so that Pacific Northwesterners can enjoy the outdoors apparel.",
          "name": "Columbia",
          "images": [
            {
              "url": "https://cdn.mappedin.com/5d370acd5f0d982c8a5241a6/0c24c580934819399387920bb4dd1f04135553d6.svg",
              "altText": "Logo for Columbia"
            }
          ]
        }
      }
    },
    {
      "type": "Feature",
      "geometry": {
        "type": "Polygon",
        "coordinates": [
          [
            [
              2.344373457291064,
              41.611459963291196
            ],
            [
              2.3445974491654664,
              41.61129912498529
            ],
            [
              2.3446778839804705,
              41.611361875193076
            ],
            [
              2.3444536591179777,
              41.61152258560253
            ],
            [
              2.344373457291064,
              41.611459963291196
            ]
          ]
        ]
      },
      "properties": {
        "id": "s_5d6c8935ce6c43616600005b",
        "externalId": "unit8",
        "destinationNodes": [
          "n_5d6c978cce6c43616600030b"
        ],
        "center": [
          2.3445256123887446,
          41.61141088726802
        ],
        "details": {
          "description": "Known for its clean lines and sophisticated aesthetic, Sandro is a leading Parisian brand featuring refined and versatile men’s and women’s collections.",
          "name": "Sandro",
          "images": [
            {
              "url": "https://cdn.mappedin.com/5d370acd5f0d982c8a5241a6/8fcf2c235677ef8e43c5977fbd7e44976b1b1ffa.png",
              "altText": "Logo for Sandro"
            }
          ]
        }
      }
    },
    {
      "type": "Feature",
      "geometry": {
        "type": "Polygon",
        "coordinates": [
          [
            [
              2.344610824030442,
              41.61160796438908
            ],
            [
              2.344808347615923,
              41.611465573706845
            ],
            [
              2.344880883335275,
              41.61152216752932
            ],
            [
              2.344682962162807,
              41.61166424127914
            ],
            [
              2.344610824030442,
              41.61160796438908
            ]
          ]
        ]
      },
      "properties": {
        "id": "s_5d6c8935ce6c43616600005e",
        "externalId": "unit5",
        "destinationNodes": [
          "n_5d6c97b2ce6c436166000315"
        ],
        "center": [
          2.344745754286112,
          41.611564986726094
        ],
        "details": {
          "description": "LOLA CASADEMUNT designs fashion for women with attitude. Her dream is to make them feel empowered with head-to-toe looks from her clothing, footwear, accessories and jewellery collections.",
          "name": "Lola Casademunt",
          "images": [
            {
              "url": "https://cdn.mappedin.com/5d370acd5f0d982c8a5241a6/0bd9c7d5e4832abdf7b0d3b9cffa5eea157cda68.png",
              "altText": "Logo for Lola Casademunt"
            }
          ]
        }
      }
    },
    {
      "type": "Feature",
      "geometry": {
        "type": "Polygon",
        "coordinates": [
          [
            [
              2.344682962162807,
              41.61166424127914
            ],
            [
              2.344880883335275,
              41.61152216752932
            ],
            [
              2.3449477080283576,
              41.611574286619124
            ],
            [
              2.3449066223369104,
              41.611603735398816
            ],
            [
              2.344749625468448,
              41.611716254560605
            ],
            [
              2.344682962162807,
              41.61166424127914
            ]
          ]
        ]
      },
      "properties": {
        "id": "s_5d6c8935ce6c43616600005f",
        "externalId": "unit4",
        "destinationNodes": [
          "n_5d6c97b7ce6c436166000317"
        ],
        "center": [
          2.34483356026636,
          41.611616137077405
        ],
        "details": {
          "description": "Founded in 1949, Japanese sports performance brand ASICS is renowned for high-quality running shoes, technical running clothing and knowledgeable staff who will advise on the correct shoe for your specific running style.",
          "name": "ASICS",
          "images": [
            {
              "url": "https://cdn.mappedin.com/5d370acd5f0d982c8a5241a6/3876986d64012d37fc4e6e95aec8368114369294.svg",
              "altText": "Logo for ASICS"
            }
          ]
        }
      }
    },
    {
      "type": "Feature",
      "geometry": {
        "type": "Polygon",
        "coordinates": [
          [
            [
              2.344749625468448,
              41.611716254560605
            ],
            [
              2.3449066223369104,
              41.611603735398816
            ],
            [
              2.3449604309752297,
              41.611645706727806
            ],
            [
              2.3448037012113887,
              41.61175843305497
            ],
            [
              2.344749625468448,
              41.611716254560605
            ]
          ]
        ]
      },
      "properties": {
        "id": "s_5d6c8935ce6c436166000060",
        "externalId": "unit3",
        "destinationNodes": [
          "n_5d6c97bcce6c436166000319"
        ],
        "center": [
          2.344855094997994,
          41.61168103243555
        ],
        "details": {
          "description": "Founded in Barcelona in 1978, SIMORRA is a fashion brand that uses materials as its source of inspiration.",
          "name": "Simorra",
          "images": [
            {
              "url": "https://cdn.mappedin.com/5d370acd5f0d982c8a5241a6/9e57045f85e790ec39a740bb58ec37b931e9c704.webp",
              "altText": "Logo for Simorra"
            }
          ]
        }
      }
    },
    {
      "type": "Feature",
      "geometry": {
        "type": "Polygon",
        "coordinates": [
          [
            [
              2.3448037012113887,
              41.61175843305497
            ],
            [
              2.3449604309752297,
              41.611645706727806
            ],
            [
              2.3450150484272094,
              41.61168830870169
            ],
            [
              2.3450075145992453,
              41.61169370781697
            ],
            [
              2.3448580554871334,
              41.61180083999389
            ],
            [
              2.3448037012113887,
              41.61175843305497
            ]
          ]
        ]
      },
      "properties": {
        "id": "s_5d6c8935ce6c436166000061",
        "externalId": "unit2",
        "destinationNodes": [
          "n_5d6c97c6ce6c43616600031d"
        ],
        "center": [
          2.3449289501400417,
          41.611717399259064
        ],
        "details": {
          "description": "Replay, the leading Italian denim and casualwear brand, creates garments that show off the wearer’s unique and distinctive personality.",
          "name": "Replay",
          "images": [
            {
              "url": "https://cdn.mappedin.com/5d370acd5f0d982c8a5241a6/631b8781c67a73c58228f169e602cf8c407dcdea.svg",
              "altText": "Logo for Replay"
            }
          ]
        }
      }
    },
    {
      "type": "Feature",
      "geometry": {
        "type": "Polygon",
        "coordinates": [
          [
            [
              2.344269075472012,
              41.61058832982737
            ],
            [
              2.344203385256569,
              41.61052458221591
            ],
            [
              2.3441578916799144,
              41.61055089566818
            ],
            [
              2.3440918635612813,
              41.610486855092695
            ],
            [
              2.3441582221979207,
              41.61044846703198
            ],
            [
              2.3441766530730392,
              41.610437813318626
            ],
            [
              2.3442098353048646,
              41.61041862876288
            ],
            [
              2.3443417661858157,
              41.610545925788045
            ],
            [
              2.344269075472012,
              41.61058832982737
            ]
          ]
        ]
      },
      "properties": {
        "id": "s_5d6c8935ce6c436166000062",
        "externalId": "unit25",
        "destinationNodes": [
          "n_5d6c970dce6c4361660002ed"
        ],
        "center": [
          2.344201086591428,
          41.610500187213205
        ],
        "details": {
          "description": "Smart, hard-wearing luggage from a firm that began in 1910, when American Jesse Schwayder started producing trunks for turn-of-the-century travellers.",
          "name": "Samsonite",
          "images": [
            {
              "url": "https://cdn.mappedin.com/5d370acd5f0d982c8a5241a6/bd549fdb93e8c0595fd44bfd673e7280ac0a6d03.svg",
              "altText": "Logo for Samsonite"
            }
          ]
        }
      }
    },
    {
      "type": "Feature",
      "geometry": {
        "type": "Polygon",
        "coordinates": [
          [
            [
              2.3418553504013246,
              41.608796828676255
            ],
            [
              2.341855878588944,
              41.60879650824392
            ],
            [
              2.341849506066979,
              41.608790507193625
            ],
            [
              2.342014629139119,
              41.608686072280584
            ],
            [
              2.342141723739636,
              41.60880023582968
            ],
            [
              2.3419762996486124,
              41.60890411846619
            ],
            [
              2.3418553504013246,
              41.608796828676255
            ]
          ]
        ]
      },
      "properties": {
        "id": "s_5d6c8935ce6c436166000063",
        "externalId": "unit68",
        "destinationNodes": [
          "n_5d6c9560ce6c436166000274"
        ],
        "center": [
          2.341948897930769,
          41.60879571178171
        ],
        "details": {
          "description": "Since 1873, Levi’s® jeans have been a blank canvas for self-expression. Always original, today the brand continues to evolve through its innovative spirit.",
          "name": "Levi’s®",
          "images": [
            {
              "url": "https://cdn.mappedin.com/5d370acd5f0d982c8a5241a6/58795a7d441a60dc1fa504cc6de550101332359f.svg",
              "altText": "Logo for Levi’s®"
            }
          ]
        }
      }
    },
    {
      "type": "Feature",
      "geometry": {
        "type": "Polygon",
        "coordinates": [
          [
            [
              2.3430616742362793,
              41.610199852996026
            ],
            [
              2.342976145591466,
              41.610231422059044
            ],
            [
              2.342888506420706,
              41.61009801844361
            ],
            [
              2.343071345730429,
              41.610030541036075
            ],
            [
              2.343158985142714,
              41.61016394479943
            ],
            [
              2.3430616742362793,
              41.610199852996026
            ]
          ]
        ]
      },
      "properties": {
        "id": "s_5d6c8935ce6c436166000064",
        "externalId": "unit84",
        "destinationNodes": [
          "n_5d6c9652ce6c4361660002b8"
        ],
        "center": [
          2.3430313314243194,
          41.61014475586684
        ],
        "details": {
          "description": "Versace designs, manufactures, distributes and retails fashion and lifestyle products including haute couture, woman and man ready-to-wear, jewellery, watches, accessories, fragances and furniture.",
          "name": "Versace",
          "images": [
            {
              "url": "https://cdn.mappedin.com/5d370acd5f0d982c8a5241a6/ec50720e27471e85b7f61b3cd3f3799360b42e86.svg",
              "altText": "Logo for Versace"
            }
          ]
        }
      }
    },
    {
      "type": "Feature",
      "geometry": {
        "type": "Polygon",
        "coordinates": [
          [
            [
              2.342888506420706,
              41.61009801844361
            ],
            [
              2.3428448590800897,
              41.61003158653687
            ],
            [
              2.3430278649070484,
              41.60996436133982
            ],
            [
              2.343071345730429,
              41.610030541036075
            ],
            [
              2.342888506420706,
              41.61009801844361
            ]
          ]
        ]
      },
      "properties": {
        "id": "s_5d6c8935ce6c436166000065",
        "externalId": "unit83",
        "destinationNodes": [
          "n_5d6c9643ce6c4361660002b3"
        ],
        "center": [
          2.342958144034568,
          41.6100311268391
        ],
        "details": {
          "description": "Founded in London in 1996, Jimmy Choo is an iconic luxury fashion brand defined by an empowered sense of glamour and a confident sense of style.",
          "name": "Jimmy Choo",
          "images": [
            {
              "url": "https://cdn.mappedin.com/5d370acd5f0d982c8a5241a6/c1124e1f8b7f5b30cda1f6916e0f8c1eb56a3972.png",
              "altText": "Logo for Jimmy Choo"
            }
          ]
        }
      }
    },
    {
      "type": "Feature",
      "geometry": {
        "type": "Polygon",
        "coordinates": [
          [
            [
              2.342033045572665,
              41.60897596730532
            ],
            [
              2.342212273027794,
              41.6088636004944
            ],
            [
              2.34226221696631,
              41.60890846423092
            ],
            [
              2.3421532677411117,
              41.60897732494373
            ],
            [
              2.342083967586535,
              41.609021126958766
            ],
            [
              2.342033045572665,
              41.60897596730532
            ]
          ]
        ]
      },
      "properties": {
        "id": "s_5d6c8935ce6c436166000066",
        "externalId": "unit70",
        "destinationNodes": [
          "n_5d6c957ace6c43616600027a"
        ],
        "center": [
          2.342148954178883,
          41.60894929678663
        ],
        "details": {
          "name": "Birkenstock",
          "images": [
            {
              "url": "https://cdn.mappedin.com/5d370acd5f0d982c8a5241a6/2092bcc0d4ef6e80e35ceb6ea437dd1f7c04f0a3.svg",
              "altText": "Logo for Birkenstock"
            }
          ]
        }
      }
    },
    {
      "type": "Feature",
      "geometry": {
        "type": "Polygon",
        "coordinates": [
          [
            [
              2.3419762996486124,
              41.60890411846619
            ],
            [
              2.342141723739636,
              41.60880023582968
            ],
            [
              2.342212273027794,
              41.6088636004944
            ],
            [
              2.3420472157553225,
              41.608967022017126
            ],
            [
              2.3419762996486124,
              41.60890411846619
            ]
          ]
        ]
      },
      "properties": {
        "id": "s_5d6c8935ce6c436166000067",
        "externalId": "unit69",
        "destinationNodes": [
          "n_5d6c9568ce6c436166000276"
        ],
        "center": [
          2.3420943780428414,
          41.60888374420185
        ],
        "details": {
          "description": "With its sights set on various cities around the world, the Spanish streetwear brand designs genderless garments with a nostalgic touch.",
          "name": "Cold Culture",
          "images": [
            {
              "url": "https://cdn.mappedin.com/5d370acd5f0d982c8a5241a6/7cbd5500d62af714a99f79c7bdb37094564ae51e.webp",
              "altText": "Logo for Cold Culture"
            }
          ]
        }
      }
    },
    {
      "type": "Feature",
      "geometry": {
        "type": "Polygon",
        "coordinates": [
          [
            [
              2.342224188639904,
              41.60924444638939
            ],
            [
              2.3421535548658046,
              41.60910564708378
            ],
            [
              2.342365041231653,
              41.60904945348846
            ],
            [
              2.3424041556845085,
              41.60912243035098
            ],
            [
              2.342257557931905,
              41.609161170386955
            ],
            [
              2.3422889269277354,
              41.609227358344874
            ],
            [
              2.342224188639904,
              41.60924444638939
            ]
          ]
        ]
      },
      "properties": {
        "id": "s_5d6c8935ce6c436166000068",
        "externalId": "unit73",
        "destinationNodes": [
          "n_5d6c95acce6c436166000287"
        ],
        "center": [
          2.342282237546918,
          41.60915175100741
        ],
        "details": {
          "description": "The company offers the most technically advanced products in the market to accomplished climbers, mountaineers, snow-sport athletes, endurance athletes, and explorers.",
          "name": "The North Face",
          "images": [
            {
              "url": "https://cdn.mappedin.com/5d370acd5f0d982c8a5241a6/03e5dfd66df92243e69832b8c4a04c0dd30f4eec.png",
              "altText": "Logo for The North Face"
            }
          ]
        }
      }
    },
    {
      "type": "Feature",
      "geometry": {
        "type": "Polygon",
        "coordinates": [
          [
            [
              2.3422889269277354,
              41.609227358344874
            ],
            [
              2.342257557931905,
              41.609161170386955
            ],
            [
              2.3424041556845085,
              41.60912243035098
            ],
            [
              2.342439150751675,
              41.60918770764291
            ],
            [
              2.3422889269277354,
              41.609227358344874
            ]
          ]
        ]
      },
      "properties": {
        "id": "s_5d6c8935ce6c436166000069",
        "externalId": "unit74",
        "destinationNodes": [
          "n_5d6c95bbce6c436166000289"
        ],
        "center": [
          2.342347447823956,
          41.609174666681426
        ],
        "details": {
          "description": "Effortless femininity and an instantly recognisable Mediterranean spirit",
          "name": "eseOese",
          "images": [
            {
              "url": "https://cdn.mappedin.com/5d370acd5f0d982c8a5241a6/cd0ee259883c39e14fef1887115c18fe9f9a9b2a.png",
              "altText": "Logo for eseOese"
            }
          ]
        }
      }
    },
    {
      "type": "Feature",
      "geometry": {
        "type": "Polygon",
        "coordinates": [
          [
            [
              2.3421535548658046,
              41.60910564708378
            ],
            [
              2.3421324263531065,
              41.60906411721814
            ],
            [
              2.342083967586535,
              41.609021126958766
            ],
            [
              2.3421532677411117,
              41.60897732494373
            ],
            [
              2.3422078564666866,
              41.60902393679356
            ],
            [
              2.34233416298753,
              41.60897308557712
            ],
            [
              2.342365041231653,
              41.60904945348846
            ],
            [
              2.3421535548658046,
              41.60910564708378
            ]
          ]
        ]
      },
      "properties": {
        "id": "s_5d6c8935ce6c43616600006a",
        "externalId": "unit72",
        "destinationNodes": [
          "n_5d6c95a3ce6c436166000283"
        ],
        "center": [
          2.342204325318918,
          41.60903067029479
        ],
        "details": {
          "description": "Founded in 1949, GANT has inspired the world with its iconic American East Coast style for over seven decades.",
          "name": "GANT",
          "images": [
            {
              "url": "https://cdn.mappedin.com/5d370acd5f0d982c8a5241a6/34c55ca7eb5117fcf4534149f553d6e6db771cfc.jpeg",
              "altText": "Logo for GANT"
            }
          ]
        }
      }
    },
    {
      "type": "Feature",
      "geometry": {
        "type": "Polygon",
        "coordinates": [
          [
            [
              2.3433292345939147,
              41.610265469744355
            ],
            [
              2.3432773279242336,
              41.610215285478105
            ],
            [
              2.343276841590075,
              41.610214818781635
            ],
            [
              2.3433980813123134,
              41.610144143941916
            ],
            [
              2.3433984853733754,
              41.61014453167674
            ],
            [
              2.3434507393532757,
              41.61019504207143
            ],
            [
              2.3433292345939147,
              41.610265469744355
            ]
          ]
        ]
      },
      "properties": {
        "id": "s_5d6c8935ce6c43616600006b",
        "externalId": "unit38",
        "destinationNodes": [
          "n_5d6c9657ce6c4361660002b9"
        ],
        "center": [
          2.343355118357865,
          41.6101965486157
        ],
        "details": {
          "description": "Stylish, sporty footwear from the Barcelona-based brand, famous internationally for its X logo.",
          "name": "Munich",
          "images": [
            {
              "url": "https://cdn.mappedin.com/5d370acd5f0d982c8a5241a6/889487b55bfc897e6b0ce79d672a0c42223e8522.svg",
              "altText": "Logo for Munich"
            }
          ]
        }
      }
    },
    {
      "type": "Feature",
      "geometry": {
        "type": "Polygon",
        "coordinates": [
          [
            [
              2.3427078497505307,
              41.60935018300191
            ],
            [
              2.342716078126888,
              41.60934532008162
            ],
            [
              2.34278849771919,
              41.6093025204827
            ],
            [
              2.342833762531278,
              41.609345337826326
            ],
            [
              2.3427531173309393,
              41.609392998725
            ],
            [
              2.3427083681062437,
              41.60935067335129
            ],
            [
              2.3427078497505307,
              41.60935018300191
            ]
          ]
        ]
      },
      "properties": {
        "id": "s_5d6c8935ce6c43616600006e",
        "externalId": "unit53",
        "destinationNodes": [
          "n_5d6c95f0ce6c436166000298"
        ],
        "center": [
          2.3427512789275116,
          41.609347838911475
        ],
        "details": {
          "name": "HOFF",
          "images": [
            {
              "url": "https://cdn.mappedin.com/5d370acd5f0d982c8a5241a6/09be6cf96716b6ce155d1e2d37647ed61d0556fa.png",
              "altText": "Logo for HOFF"
            }
          ]
        }
      }
    },
    {
      "type": "Feature",
      "geometry": {
        "type": "Polygon",
        "coordinates": [
          [
            [
              2.3427531173309393,
              41.609392998725
            ],
            [
              2.342833762531278,
              41.609345337826326
            ],
            [
              2.3428868099250617,
              41.60939551685251
            ],
            [
              2.3428061651042986,
              41.60944317755001
            ],
            [
              2.342753808514473,
              41.60939365251627
            ],
            [
              2.3427531173309393,
              41.609392998725
            ]
          ]
        ]
      },
      "properties": {
        "id": "s_5d6c8935ce6c43616600006f",
        "externalId": "unit52",
        "destinationNodes": [
          "n_5d6c95f6ce6c43616600029a"
        ],
        "center": [
          2.3428067326812103,
          41.60939413669403
        ],
        "details": {
          "description": "UNOde50 was founded in the late 1990s by a group of designers who resolved to establish a brand of fashion jewellery and accessories that would break all existing moulds.",
          "name": "UNOde50",
          "images": [
            {
              "url": "https://cdn.mappedin.com/5d370acd5f0d982c8a5241a6/6804d7e547ee95871d534bb2ce5a4249d9020574.svg",
              "altText": "Logo for UNOde50"
            }
          ]
        }
      }
    },
    {
      "type": "Feature",
      "geometry": {
        "type": "Polygon",
        "coordinates": [
          [
            [
              2.342847304279034,
              41.609482091164296
            ],
            [
              2.3428068562854096,
              41.60944383134305
            ],
            [
              2.3428061651042986,
              41.60944317755001
            ],
            [
              2.3428868099250617,
              41.60939551685251
            ],
            [
              2.342928117763812,
              41.60943459103149
            ],
            [
              2.342847304279034,
              41.609482091164296
            ]
          ]
        ]
      },
      "properties": {
        "id": "s_5d6c8935ce6c436166000070",
        "externalId": "unit51",
        "destinationNodes": [
          "n_5d6c95fbce6c43616600029c"
        ],
        "center": [
          2.342855050671523,
          41.60943984158827
        ],
        "details": {
          "name": "PDPAOLA",
          "images": [
            {
              "url": "https://cdn.mappedin.com/5d370acd5f0d982c8a5241a6/0b16b138cffba89a23f26c4a83990d31b1d98e04.jpeg",
              "altText": "Logo for PDPAOLA"
            }
          ]
        }
      }
    },
    {
      "type": "Feature",
      "geometry": {
        "type": "Polygon",
        "coordinates": [
          [
            [
              2.343010910429774,
              41.609940168105524
            ],
            [
              2.3427809438747014,
              41.609958064940656
            ],
            [
              2.342770798054383,
              41.60988601556391
            ],
            [
              2.3428834908666474,
              41.6098771710523
            ],
            [
              2.3428805001857222,
              41.609858107395375
            ],
            [
              2.342989049140097,
              41.60984182185128
            ],
            [
              2.343010910429774,
              41.609940168105524
            ]
          ]
        ]
      },
      "properties": {
        "id": "s_5d6c8935ce6c436166000071",
        "externalId": "unit82b",
        "destinationNodes": [
          "n_5d6c9637ce6c4361660002af"
        ],
        "center": [
          2.342885948758554,
          41.609893558151505
        ],
        "details": {
          "description": "Longchamp’s handbags, luggage and accessories have a worldwide reputation for craftsmanship and quality, which now extends to shoes and ready-to-wear collections.",
          "name": "Longchamp",
          "images": [
            {
              "url": "https://cdn.mappedin.com/5d370acd5f0d982c8a5241a6/587c0bd1184973daa9bdc85dfb0d116fa15bb6bc.png",
              "altText": "Logo for Longchamp"
            }
          ]
        }
      }
    },
    {
      "type": "Feature",
      "geometry": {
        "type": "Polygon",
        "coordinates": [
          [
            [
              2.3428805001857222,
              41.609858107395375
            ],
            [
              2.342870208582212,
              41.609792209692394
            ],
            [
              2.3429645388714953,
              41.609732813809934
            ],
            [
              2.342989049140097,
              41.60984182185128
            ],
            [
              2.3428805001857222,
              41.609858107395375
            ]
          ]
        ]
      },
      "properties": {
        "id": "s_5d6c8935ce6c436166000072",
        "externalId": "unit82a",
        "destinationNodes": [
          "n_5d6c962ece6c4361660002ab"
        ],
        "center": [
          2.3429260741948816,
          41.60980623818725
        ],
        "details": {
          "description": "\"The sun, the products of the soil and a love of nature are the essence of my Provence\". All produced using high quality, traceable, natural ingredients.",
          "name": "L’Occitane en Provence",
          "images": [
            {
              "url": "https://cdn.mappedin.com/5d370acd5f0d982c8a5241a6/b0e10fdd72a890c46c0a9a3e517c57a153a7e251.svg",
              "altText": "Logo for L’Occitane en Provence"
            }
          ]
        }
      }
    },
    {
      "type": "Feature",
      "geometry": {
        "type": "Polygon",
        "coordinates": [
          [
            [
              2.3428136030361513,
              41.60974199812418
            ],
            [
              2.342891543380921,
              41.609692871739185
            ],
            [
              2.3429078866023403,
              41.60968258503587
            ],
            [
              2.3429645700424833,
              41.60973252303574
            ],
            [
              2.3429645388714953,
              41.609732813809934
            ],
            [
              2.342870208582212,
              41.609792209692394
            ],
            [
              2.3428136030361513,
              41.60974199812418
            ]
          ]
        ]
      },
      "properties": {
        "id": "s_5d6c8935ce6c436166000073",
        "externalId": "unit81",
        "destinationNodes": [
          "n_5d6c9625ce6c4361660002a7"
        ],
        "center": [
          2.3429020584192672,
          41.60972916690621
        ],
        "details": {
          "description": "Ecoalf arose in 2009 from my frustration with the excessive use of the world’s natural resources and the amount of waste produced by industrialized countries.",
          "name": "Ecoalf",
          "images": [
            {
              "url": "https://cdn.mappedin.com/5d370acd5f0d982c8a5241a6/d84da985f41d3150ff926f7b933b8194fc3384f9.jpeg",
              "altText": "Logo for Ecoalf"
            }
          ]
        }
      }
    },
    {
      "type": "Feature",
      "geometry": {
        "type": "Polygon",
        "coordinates": [
          [
            [
              2.3424744893719742,
              41.60962227275378
            ],
            [
              2.342671646046661,
              41.60949799008068
            ],
            [
              2.34287899217039,
              41.60968191695111
            ],
            [
              2.34268194312332,
              41.60980630638844
            ],
            [
              2.3424744893719742,
              41.60962227275378
            ]
          ]
        ]
      },
      "properties": {
        "id": "s_5d6c8935ce6c436166000074",
        "externalId": "unit79-80",
        "destinationNodes": [
          "n_5d6c9602ce6c43616600029e"
        ],
        "center": [
          2.3426767676780864,
          41.609652121543505
        ],
        "details": {
          "description": "Burberry is a British brand with a heritage of innovation, craftsmanship and design. The brand has a global reputation for functionality with a unique British sensibility.",
          "name": "Burberry",
          "images": [
            {
              "url": "https://cdn.mappedin.com/5d370acd5f0d982c8a5241a6/9637769a11667bdf46745396e757393f9d2611cb.png",
              "altText": "Logo for Burberry"
            }
          ]
        }
      }
    },
    {
      "type": "Feature",
      "geometry": {
        "type": "Polygon",
        "coordinates": [
          [
            [
              2.3424859911194633,
              41.60957207098528
            ],
            [
              2.3424227718913033,
              41.60951097056142
            ],
            [
              2.3426263837419334,
              41.6093930811241
            ],
            [
              2.3426893022438042,
              41.60945389177261
            ],
            [
              2.3424859911194633,
              41.60957207098528
            ]
          ]
        ]
      },
      "properties": {
        "id": "s_5d6c8935ce6c436166000075",
        "externalId": "unit78",
        "destinationNodes": [
          "n_5d6c95e9ce6c436166000297"
        ],
        "center": [
          2.342556112249126,
          41.60948250361085
        ],
        "details": {
          "description": "Founded in 1982, Stone Island is the symbol of extreme research in fibers and textiles, applied to an innovative design. The Italian man sportswear brand developed an unique capacity to work on the finished garment, via continuous experimentation with dyes and treatments.",
          "name": "Stone Island",
          "images": [
            {
              "url": "https://cdn.mappedin.com/5d370acd5f0d982c8a5241a6/d0568b2211264e7d442d4a473544fd87c839ce77.svg",
              "altText": "Logo for Stone Island"
            }
          ]
        }
      }
    },
    {
      "type": "Feature",
      "geometry": {
        "type": "Polygon",
        "coordinates": [
          [
            [
              2.3424227718913033,
              41.60951097056142
            ],
            [
              2.342357608236812,
              41.60944797083409
            ],
            [
              2.342375576517401,
              41.60943742575668
            ],
            [
              2.342561223991721,
              41.60933010034853
            ],
            [
              2.3426263837419334,
              41.6093930811241
            ],
            [
              2.3424227718913033,
              41.60951097056142
            ]
          ]
        ]
      },
      "properties": {
        "id": "s_5d6c8935ce6c436166000076",
        "externalId": "unit77",
        "destinationNodes": [
          "n_5d6c95e4ce6c436166000295"
        ],
        "center": [
          2.342468712875834,
          41.60942390972497
        ],
        "details": {
          "description": "Sexy, adventurous, trend-setting apparel and accessories for men and women from the American brand started by four entrepreneurial Moroccan brothers in 1981.",
          "name": "Guess",
          "images": [
            {
              "url": "https://cdn.mappedin.com/5d370acd5f0d982c8a5241a6/3502feb1c3e3fb855d77079ae20de7a4a0549ba0.svg",
              "altText": "Logo for Guess"
            }
          ]
        }
      }
    },
    {
      "type": "Feature",
      "geometry": {
        "type": "Polygon",
        "coordinates": [
          [
            [
              2.342375576517401,
              41.60943742575668
            ],
            [
              2.34226192309729,
              41.60932756615012
            ],
            [
              2.3424469033247917,
              41.60922045443881
            ],
            [
              2.342447122920048,
              41.60922032700329
            ],
            [
              2.3424472553724818,
              41.60922025008582
            ],
            [
              2.342561223991721,
              41.60933010034853
            ],
            [
              2.342375576517401,
              41.60943742575668
            ]
          ]
        ]
      },
      "properties": {
        "id": "s_5d6c8935ce6c436166000077",
        "externalId": "unit75-76",
        "destinationNodes": [
          "n_5d6c95cdce6c436166000290"
        ],
        "center": [
          2.3424233342039558,
          41.609292687297206
        ],
        "details": {
          "description": "Michael Kors is a world-renowned, award-winning designer of luxury accessories and ready-to-wear.",
          "name": "Michael Kors",
          "images": [
            {
              "url": "https://cdn.mappedin.com/5d370acd5f0d982c8a5241a6/0c61788fbed5ccada97670712ce1e7f4e4e0587c.svg",
              "altText": "Logo for Michael Kors"
            }
          ]
        }
      }
    },
    {
      "type": "Feature",
      "geometry": {
        "type": "Polygon",
        "coordinates": [
          [
            [
              2.343072790362581,
              41.60977916975162
            ],
            [
              2.3430597113699796,
              41.60969817775393
            ],
            [
              2.3430720456296923,
              41.609696890215304
            ],
            [
              2.3430900376400765,
              41.609694999633234
            ],
            [
              2.3432509781336215,
              41.60968048024215
            ],
            [
              2.3432640423432547,
              41.60976135286026
            ],
            [
              2.343072790362581,
              41.60977916975162
            ]
          ]
        ]
      },
      "properties": {
        "id": "s_5d6c8935ce6c436166000078",
        "externalId": "unit44",
        "destinationNodes": [
          "n_5d6c962ace6c4361660002a9"
        ],
        "center": [
          2.343134934246534,
          41.60971851174275
        ],
        "details": {
          "description": "Now with a fully-fledged collection that spans womenswear, menswear, childrenswear and even perfume, Adolfo Domínguez is the epitome of refined elegance and quality.",
          "name": "Adolfo Domínguez",
          "images": [
            {
              "url": "https://cdn.mappedin.com/5d370acd5f0d982c8a5241a6/c4b3d784fd11f05289147aaf05e2fa5eb90753d6.svg",
              "altText": "Logo for Adolfo Domínguez"
            }
          ]
        }
      }
    },
    {
      "type": "Feature",
      "geometry": {
        "type": "Polygon",
        "coordinates": [
          [
            [
              2.3430851138456825,
              41.60985519917935
            ],
            [
              2.343072790362581,
              41.60977916975162
            ],
            [
              2.3432640423432547,
              41.60976135286026
            ],
            [
              2.3432764532153874,
              41.60983829932571
            ],
            [
              2.3430851138456825,
              41.60985519917935
            ]
          ]
        ]
      },
      "properties": {
        "id": "s_5d6c8935ce6c436166000079",
        "externalId": "unit43",
        "destinationNodes": [
          "n_5d6c9632ce6c4361660002ad"
        ],
        "center": [
          2.3431745999417264,
          41.60980850527923
        ],
        "details": {
          "description": "Pinko started out as a workspace for a number of leading womenswear clothing firms but, the two entrepreneurs at the heart of the project decided to put their expertise to good use and launched a collection of their own.",
          "name": "PINKO",
          "images": [
            {
              "url": "https://cdn.mappedin.com/5d370acd5f0d982c8a5241a6/285c4115c0863bffde9cf8e8cd8be9d55cdf991d.svg",
              "altText": "Logo for PINKO"
            }
          ]
        }
      }
    },
    {
      "type": "Feature",
      "geometry": {
        "type": "Polygon",
        "coordinates": [
          [
            [
              2.3430956306749815,
              41.60992067930585
            ],
            [
              2.3430851138456825,
              41.60985519917935
            ],
            [
              2.3432764532153874,
              41.60983829932571
            ],
            [
              2.343286919531623,
              41.609903084871654
            ],
            [
              2.3430956306749815,
              41.60992067930585
            ]
          ]
        ]
      },
      "properties": {
        "id": "s_5d6c8935ce6c43616600007a",
        "externalId": "unit42",
        "destinationNodes": [
          "n_5d6c9639ce6c4361660002b0"
        ],
        "center": [
          2.3431860293169184,
          41.60987931567064
        ],
        "details": {
          "description": "Today GUESS designs, markets, distributes and licenses a lifestyle collection of contemporary apparel, denim, handbags, watches, footwear and other related consumer products.",
          "name": "Guess Accessories",
          "images": [
            {
              "url": "https://cdn.mappedin.com/5d370acd5f0d982c8a5241a6/276c5cb1d7e2d519e005610e80e401b30b6f0e1b.svg",
              "altText": "Logo for Guess Accessories"
            }
          ]
        }
      }
    },
    {
      "type": "Feature",
      "geometry": {
        "type": "Polygon",
        "coordinates": [
          [
            [
              2.343150749957455,
              41.60999915516538
            ],
            [
              2.3430956306749815,
              41.60992067930585
            ],
            [
              2.343286919531623,
              41.609903084871654
            ],
            [
              2.3433086855029295,
              41.60993380670848
            ],
            [
              2.343150749957455,
              41.60999915516538
            ]
          ]
        ]
      },
      "properties": {
        "id": "s_5d6c8935ce6c43616600007b",
        "externalId": "unit41",
        "destinationNodes": [
          "n_5d6c963ece6c4361660002b2"
        ],
        "center": [
          2.3432104964167473,
          41.60993918151284
        ],
        "details": {
          "description": "Popular brand of casualwear for men and women from the Catalan family-owned label.",
          "name": "Old Ridel",
          "images": [
            {
              "url": "https://cdn.mappedin.com/5d370acd5f0d982c8a5241a6/8d94d29132f6fa0ea9f3445549029f290d94e632.svg",
              "altText": "Logo for Old Ridel"
            }
          ]
        }
      }
    },
    {
      "type": "Feature",
      "geometry": {
        "type": "Polygon",
        "coordinates": [
          [
            [
              2.3431923024321293,
              41.61005832646404
            ],
            [
              2.343150749957455,
              41.60999915516538
            ],
            [
              2.3433086855029295,
              41.60993380670848
            ],
            [
              2.3433336438722088,
              41.60996899957499
            ],
            [
              2.343348228961854,
              41.60998752653964
            ],
            [
              2.3431923024321293,
              41.61005832646404
            ]
          ]
        ]
      },
      "properties": {
        "id": "s_5d6c8935ce6c43616600007c",
        "externalId": "unit40",
        "destinationNodes": [
          "n_5d6c9648ce6c4361660002b5"
        ],
        "center": [
          2.3432667221453154,
          41.609989562890505
        ],
        "details": {
          "description": "Luxury, femininity and sustainability",
          "name": "Stella McCartney",
          "images": [
            {
              "url": "https://cdn.mappedin.com/5d370acd5f0d982c8a5241a6/d9c837599c11221ce6f19608db3500476ce77983.png",
              "altText": "Logo for Stella McCartney"
            }
          ]
        }
      }
    },
    {
      "type": "Feature",
      "geometry": {
        "type": "Polygon",
        "coordinates": [
          [
            [
              2.343227153538702,
              41.6101079569201
            ],
            [
              2.3431923024321293,
              41.61005832646404
            ],
            [
              2.343348228961854,
              41.60998752653964
            ],
            [
              2.3433700288607753,
              41.610008737686314
            ],
            [
              2.343386788196534,
              41.610025044390206
            ],
            [
              2.3434670897763312,
              41.61010317705112
            ],
            [
              2.3433980813123134,
              41.610144143941916
            ],
            [
              2.3433977978975236,
              41.61014387573622
            ],
            [
              2.343310079784213,
              41.610060902615736
            ],
            [
              2.3433095613968082,
              41.61006041226897
            ],
            [
              2.343227153538702,
              41.6101079569201
            ]
          ]
        ]
      },
      "properties": {
        "id": "s_5d6c8935ce6c43616600007d",
        "externalId": "unit39",
        "destinationNodes": [
          "n_5d6c964ece6c4361660002b7"
        ],
        "center": [
          2.3433407112157183,
          41.610070010361426
        ],
        "details": {
          "description": "Starbucks is the largest coffeehouse chain in the world, each store providing the perfect place to enjoy a coffee, hot or cold drink, and a light bite.",
          "name": "Starbucks",
          "images": [
            {
              "url": "https://cdn.mappedin.com/5d370acd5f0d982c8a5241a6/a4bde28e308b7740eeb85a11169febbc0c2c2061.png",
              "altText": "Logo for Starbucks"
            }
          ]
        }
      }
    },
    {
      "type": "Feature",
      "geometry": {
        "type": "Polygon",
        "coordinates": [
          [
            [
              2.3428868099250617,
              41.60939551685251
            ],
            [
              2.342833762531278,
              41.609345337826326
            ],
            [
              2.34278849771919,
              41.6093025204827
            ],
            [
              2.3429232291874103,
              41.60922289463228
            ],
            [
              2.342939925143198,
              41.609213027346314
            ],
            [
              2.3429406163223243,
              41.609213681139046
            ],
            [
              2.343079378477531,
              41.609344936045574
            ],
            [
              2.342928117763812,
              41.60943459103149
            ],
            [
              2.3428868099250617,
              41.60939551685251
            ]
          ]
        ]
      },
      "properties": {
        "id": "s_5d6c8935ce6c43616600007f",
        "externalId": "unit49-50",
        "destinationNodes": [
          "n_5d6c960dce6c4361660002a1"
        ],
        "center": [
          2.3429150421337255,
          41.60930906316953
        ],
        "details": {
          "description": "Under Armour's mission is to make all athletes better through passion, design and the relentless pursuit of innovation.",
          "name": "Under Armour",
          "images": [
            {
              "url": "https://cdn.mappedin.com/5d370acd5f0d982c8a5241a6/940ccdfbe34a6fb2c9b07c224af8e8bfc01c21be.jpeg",
              "altText": "Logo for Under Armour"
            }
          ]
        }
      }
    },
    {
      "type": "Feature",
      "geometry": {
        "type": "Polygon",
        "coordinates": [
          [
            [
              2.342277890767391,
              41.608717552744366
            ],
            [
              2.342434966748568,
              41.60861858168101
            ],
            [
              2.3425012287044686,
              41.60868126126334
            ],
            [
              2.3423464994539036,
              41.608778473669695
            ],
            [
              2.342277890767391,
              41.608717552744366
            ]
          ]
        ]
      },
      "properties": {
        "id": "s_5d6c8935ce6c436166000081",
        "externalId": "unit62",
        "destinationNodes": [
          "n_5d6c956cce6c436166000277"
        ],
        "center": [
          2.342390146418583,
          41.608698967339606
        ],
        "details": {
          "description": "Over the past couple of years, the brand has grown and evolved its creative roots and the Dsquared2 aesthetic is continuously influenced by international inspirations and cultures.",
          "name": "Dsquared2",
          "images": [
            {
              "url": "https://cdn.mappedin.com/5d370acd5f0d982c8a5241a6/48f8fedbee91f517eb3069fde33d3ff3bb15a661.png",
              "altText": "Logo for Dsquared2"
            }
          ]
        }
      }
    },
    {
      "type": "Feature",
      "geometry": {
        "type": "Polygon",
        "coordinates": [
          [
            [
              2.342409979062295,
              41.608834841325624
            ],
            [
              2.3423464994539036,
              41.608778473669695
            ],
            [
              2.3425012287044686,
              41.60868126126334
            ],
            [
              2.342562093528007,
              41.60873883421178
            ],
            [
              2.3425621142961526,
              41.60873885384116
            ],
            [
              2.342562356424654,
              41.608739082510276
            ],
            [
              2.342409979062295,
              41.608834841325624
            ]
          ]
        ]
      },
      "properties": {
        "id": "s_5d6c8935ce6c436166000082",
        "externalId": "unit61",
        "destinationNodes": [
          "n_5d6c957ece6c43616600027b"
        ],
        "center": [
          2.3424907119115805,
          41.60875189113698
        ],
        "details": {
          "description": "To be the leading global travel lifestyle brand, providing our customers with beautiful and world-class business and travel products designed to uncomplicated and upgrade all aspects of their life on the move.",
          "name": "Tumi",
          "images": [
            {
              "url": "https://cdn.mappedin.com/5d370acd5f0d982c8a5241a6/00299c95154d18353a5b867847d7e5bf70076267.jpeg",
              "altText": "Logo for Tumi"
            }
          ]
        }
      }
    },
    {
      "type": "Feature",
      "geometry": {
        "type": "Polygon",
        "coordinates": [
          [
            [
              2.3425145958563323,
              41.60916958158858
            ],
            [
              2.3427452971811924,
              41.60906253594688
            ],
            [
              2.3427508504023975,
              41.609068437237994
            ],
            [
              2.342789884458803,
              41.60910307638395
            ],
            [
              2.3425864397691623,
              41.60923159673456
            ],
            [
              2.3425145958563323,
              41.60916958158858
            ]
          ]
        ]
      },
      "properties": {
        "id": "s_5d6c8935ce6c436166000083",
        "externalId": "unit56",
        "destinationNodes": [
          "n_5d6c95c4ce6c43616600028e"
        ],
        "center": [
          2.3426774135335777,
          41.6091270455784
        ],
        "details": {
          "description": "Designed for young, urban women, Brownie’s designs are infused with the essence of the Mediterranean.",
          "name": "Brownie",
          "images": [
            {
              "url": "https://cdn.mappedin.com/5d370acd5f0d982c8a5241a6/f3e8375c1ff04e35b13cbafb0c2564ebeac199cf.jpeg",
              "altText": "Logo for Brownie"
            }
          ]
        }
      }
    },
    {
      "type": "Feature",
      "geometry": {
        "type": "Polygon",
        "coordinates": [
          [
            [
              2.3425145958563323,
              41.60916958158858
            ],
            [
              2.3424725026009727,
              41.609083216958595
            ],
            [
              2.3427006947646247,
              41.609015120517654
            ],
            [
              2.3427452971811924,
              41.60906253594688
            ],
            [
              2.3425145958563323,
              41.60916958158858
            ]
          ]
        ]
      },
      "properties": {
        "id": "s_5d6c8935ce6c436166000084",
        "externalId": "unit57",
        "destinationNodes": [
          "n_5d6c95c0ce6c43616600028c"
        ],
        "center": [
          2.3426082726007804,
          41.60908261375293
        ],
        "details": {
          "description": "Italian ease, everyday elegance",
          "name": "Eleventy",
          "images": [
            {
              "url": "https://cdn.mappedin.com/5d370acd5f0d982c8a5241a6/ad7c947d0717d6a9ad12f65364a4524efd4dc817.png",
              "altText": "Logo for Eleventy"
            }
          ]
        }
      }
    },
    {
      "type": "Feature",
      "geometry": {
        "type": "Polygon",
        "coordinates": [
          [
            [
              2.3424725026009727,
              41.609083216958595
            ],
            [
              2.3424265754661513,
              41.60898900544015
            ],
            [
              2.3426449500189483,
              41.608927178568706
            ],
            [
              2.3426716057507315,
              41.60892333430923
            ],
            [
              2.3427006947646247,
              41.609015120517654
            ],
            [
              2.3424725026009727,
              41.609083216958595
            ]
          ]
        ]
      },
      "properties": {
        "id": "s_5d6c8935ce6c436166000085",
        "externalId": "unit58",
        "destinationNodes": [
          "n_5d6c95a8ce6c436166000285"
        ],
        "center": [
          2.3425832657202856,
          41.60898757115886
        ],
        "details": {
          "description": "Founded in New York City in 2004, Tory Burch has redefined American luxury with a global point of view. The company’s purpose is to empower women and women entrepreneurs.",
          "name": "Tory Burch",
          "images": [
            {
              "url": "https://cdn.mappedin.com/5d370acd5f0d982c8a5241a6/0614625f7505679f1b9814fc4b97c87e9bbaaccf.jpeg",
              "altText": "Logo for Tory Burch"
            }
          ]
        }
      }
    },
    {
      "type": "Feature",
      "geometry": {
        "type": "Polygon",
        "coordinates": [
          [
            [
              2.3424265754661513,
              41.60898900544015
            ],
            [
              2.3423965576350025,
              41.60892741514778
            ],
            [
              2.342620248671893,
              41.60886376341157
            ],
            [
              2.3426449500189483,
              41.608927178568706
            ],
            [
              2.3424265754661513,
              41.60898900544015
            ]
          ]
        ]
      },
      "properties": {
        "id": "s_5d6c8935ce6c436166000086",
        "externalId": "unit59",
        "destinationNodes": [
          "n_5d6c9594ce6c436166000281"
        ],
        "center": [
          2.342522082947999,
          41.60892684064205
        ],
        "details": {
          "name": "Boggi Milano",
          "images": [
            {
              "url": "https://cdn.mappedin.com/5d370acd5f0d982c8a5241a6/265b2f7ba078c6a81fb0b3a2844405a075205c90.png",
              "altText": "Logo for Boggi Milano"
            }
          ]
        }
      }
    },
    {
      "type": "Feature",
      "geometry": {
        "type": "Polygon",
        "coordinates": [
          [
            [
              2.3423965576350025,
              41.60892741514778
            ],
            [
              2.342362957725622,
              41.608858498373166
            ],
            [
              2.3425936038205553,
              41.60879537829799
            ],
            [
              2.342620248671893,
              41.60886376341157
            ],
            [
              2.3423965576350025,
              41.60892741514778
            ]
          ]
        ]
      },
      "properties": {
        "id": "s_5d6c8935ce6c436166000087",
        "externalId": "unit60",
        "destinationNodes": [
          "n_5d6c9585ce6c43616600027d"
        ],
        "center": [
          2.3424933419632685,
          41.608861263807626
        ],
        "details": {
          "description": "Camper is a contemporary footwear brand from Mallorca, Spain. Founded in 1975, this family business builds on its rich shoemaking heritage to create unique designs.",
          "name": "Camper",
          "images": [
            {
              "url": "https://cdn.mappedin.com/5d370acd5f0d982c8a5241a6/317f3d497be33c347c1b952708eea9773e27894e.svg",
              "altText": "Logo for Camper"
            }
          ]
        }
      }
    },
    {
      "type": "Feature",
      "geometry": {
        "type": "Polygon",
        "coordinates": [
          [
            [
              2.3426393883783385,
              41.60927731958016
            ],
            [
              2.3428423717054487,
              41.609149634696436
            ],
            [
              2.342896035806928,
              41.609197229030684
            ],
            [
              2.3426940497316346,
              41.60932450524492
            ],
            [
              2.3426393883783385,
              41.60927731958016
            ]
          ]
        ]
      },
      "properties": {
        "id": "s_5d6c8935ce6c436166000088",
        "externalId": "unit54",
        "destinationNodes": [
          "n_5d6c95e1ce6c436166000294"
        ],
        "center": [
          2.3427679614055874,
          41.60923717213805
        ],
        "details": {
          "description": "Napapijri was born in 1987 in the shadow of Europe’s highest peak, Mont Blanc, where an Italian manufacturer of travel bags gave outdoor apparel a new meaning by combining innovative materials and close attention to style.",
          "name": "Napapijri",
          "images": [
            {
              "url": "https://cdn.mappedin.com/5d370acd5f0d982c8a5241a6/6ba27772e2788e0f3e4ce737a1b8b64f92e3caf2.svg",
              "altText": "Logo for Napapijri"
            }
          ]
        }
      }
    },
    {
      "type": "Feature",
      "geometry": {
        "type": "Polygon",
        "coordinates": [
          [
            [
              2.3425864397691623,
              41.60923159673456
            ],
            [
              2.342789884458803,
              41.60910307638395
            ],
            [
              2.3428423717054487,
              41.609149634696436
            ],
            [
              2.3426393883783385,
              41.60927731958016
            ],
            [
              2.3425864397691623,
              41.60923159673456
            ]
          ]
        ]
      },
      "properties": {
        "id": "s_5d6c8935ce6c436166000089",
        "externalId": "unit55",
        "destinationNodes": [
          "n_5d6c95d8ce6c436166000292"
        ],
        "center": [
          2.342714521077938,
          41.609190406848775
        ],
        "details": {
          "description": "Set up in the 1970s by three Kenyan brothers who sold their jeans from a Saturday stall at the Portobello Road market, Pepe swiftly became the UK's most successful denim brand, sold in over 60 markets.",
          "name": "Pepe Jeans",
          "images": [
            {
              "url": "https://cdn.mappedin.com/5d370acd5f0d982c8a5241a6/e677152df13eac8dd7b58eba4148c48f3be4217e.svg",
              "altText": "Logo for Pepe Jeans"
            }
          ]
        }
      }
    },
    {
      "type": "Feature",
      "geometry": {
        "type": "Polygon",
        "coordinates": [
          [
            [
              2.3452329394582203,
              41.612172936541484
            ],
            [
              2.3452356169926922,
              41.61217099776137
            ],
            [
              2.3452376618874684,
              41.61216876737917
            ],
            [
              2.345239061976469,
              41.612166323129344
            ],
            [
              2.3452398050922554,
              41.61216374274504
            ],
            [
              2.34523987894414,
              41.612161103514914
            ],
            [
              2.3452392717040995,
              41.61215848349309
            ],
            [
              2.3452379709904774,
              41.61215596053928
            ],
            [
              2.345235964299913,
              41.612153612068894
            ],
            [
              2.345233371373017,
              41.612151610065325
            ],
            [
              2.3452303883805428,
              41.612150081344716
            ],
            [
              2.3452271189549307,
              41.6121490346846
            ],
            [
              2.3452236672801554,
              41.61214847905496
            ],
            [
              2.3452201373259376,
              41.61214842355238
            ],
            [
              2.3452166331859434,
              41.61214887771863
            ],
            [
              2.3452132584932595,
              41.61214985033193
            ],
            [
              2.3452101172176087,
              41.61215135048895
            ],
            [
              2.3452074398974245,
              41.612153289141844
            ],
            [
              2.345205395002094,
              41.612155519523505
            ],
            [
              2.3452039949127435,
              41.612157963773576
            ],
            [
              2.345203252132035,
              41.612160544477206
            ],
            [
              2.3452031782779605,
              41.61216318370667
            ],
            [
              2.3452037855174543,
              41.612165803728175
            ],
            [
              2.3452050862290634,
              41.61216832668287
            ],
            [
              2.3452070927062882,
              41.61217067528057
            ],
            [
              2.345209685845808,
              41.61217267715796
            ],
            [
              2.345212668839711,
              41.612174205878574
            ],
            [
              2.34521593826549,
              41.612175252539615
            ],
            [
              2.345219389942322,
              41.61217580817015
            ],
            [
              2.3452229195615946,
              41.61217586335319
            ],
            [
              2.3452264237023193,
              41.612175409186094
            ],
            [
              2.345229798396142,
              41.612174436572396
            ],
            [
              2.3452329394582203,
              41.612172936541484
            ]
          ]
        ]
      },
      "properties": {
        "id": "s_5d6c8935ce6c4361660000b3",
        "destinationNodes": [],
        "center": [
          2.3452215285245495,
          41.61216214354958
        ],
        "details": {
          "description": "",
          "name": "",
          "images": []
        }
      }
    },
    {
      "type": "Feature",
      "geometry": {
        "type": "Polygon",
        "coordinates": [
          [
            [
              2.3452577395627126,
              41.612067899452306
            ],
            [
              2.3452581268761326,
              41.612069815379655
            ],
            [
              2.3452582618473605,
              41.61207188044245
            ],
            [
              2.3452579444573223,
              41.61207390578101
            ],
            [
              2.3452569769769442,
              41.612075702739524
            ],
            [
              2.3452555571350313,
              41.612077459974955
            ],
            [
              2.34525373936701,
              41.61207884083684
            ],
            [
              2.345251270957886,
              41.612079993125676
            ],
            [
              2.345245642219437,
              41.61208086731436
            ],
            [
              2.3452428567918977,
              41.612084046278795
            ],
            [
              2.345241343809272,
              41.612084940458274
            ],
            [
              2.345237971777304,
              41.61208601368579
            ],
            [
              2.3452356091471476,
              41.61208649139015
            ],
            [
              2.3452330998293447,
              41.6120864432011
            ],
            [
              2.345230390490789,
              41.61208620615329
            ],
            [
              2.345227986793415,
              41.612085481917816
            ],
            [
              2.3452258349214232,
              41.612084609370854
            ],
            [
              2.3452237365969286,
              41.612083399662616
            ],
            [
              2.3452221425287156,
              41.612081891936796
            ],
            [
              2.345220031811771,
              41.61208222075802
            ],
            [
              2.3452179743058292,
              41.612082212098414
            ],
            [
              2.345215969333848,
              41.61208186532023
            ],
            [
              2.3452120644058474,
              41.61208049711165
            ],
            [
              2.345210164538404,
              41.61207947511051
            ],
            [
              2.345208516923092,
              41.61207830454575
            ],
            [
              2.345207373653483,
              41.612076835392244
            ],
            [
              2.345205990007097,
              41.61207397709608
            ],
            [
              2.3452057096657852,
              41.612071386399094
            ],
            [
              2.345205920549018,
              41.61207003659382
            ],
            [
              2.3452072469151384,
              41.61206741598416
            ],
            [
              2.3452081086170016,
              41.61206629361016
            ],
            [
              2.3452065135369335,
              41.61206478492633
            ],
            [
              2.345205423511661,
              41.612062979308256
            ],
            [
              2.3452050365378554,
              41.612061063700445
            ],
            [
              2.3452049015683545,
              41.61205899863757
            ],
            [
              2.345205218621977,
              41.61205697297945
            ],
            [
              2.3452061864408322,
              41.61205517634041
            ],
            [
              2.3452076059462827,
              41.612053418786545
            ],
            [
              2.345209423713884,
              41.61205203792474
            ],
            [
              2.3452118921233764,
              41.61205088563745
            ],
            [
              2.345217521411223,
              41.61205001164285
            ],
            [
              2.345220306624994,
              41.61204683280629
            ],
            [
              2.3452218196070183,
              41.61204593862708
            ],
            [
              2.345225191636468,
              41.6120448653994
            ],
            [
              2.3452280057392856,
              41.61204442690593
            ],
            [
              2.3452307673071546,
              41.61204432653261
            ],
            [
              2.3452334764298977,
              41.612044563705865
            ],
            [
              2.345235880001855,
              41.61204528749608
            ],
            [
              2.3452382306666273,
              41.612046348069214
            ],
            [
              2.345240077077193,
              41.61204770666005
            ],
            [
              2.3452418177414183,
              41.61204974085124
            ],
            [
              2.3452423101581426,
              41.612050981556905
            ],
            [
              2.345245417207892,
              41.61205159510295
            ],
            [
              2.3452484715989246,
              41.61205254632397
            ],
            [
              2.345250969289167,
              41.61205413310922
            ],
            [
              2.3452521654313077,
              41.61205526446227
            ],
            [
              2.3452536537555138,
              41.61205744778888
            ],
            [
              2.345254731605196,
              41.61206079181009
            ],
            [
              2.3452540959008794,
              41.612064840958666
            ],
            [
              2.345255238957101,
              41.61206631023831
            ],
            [
              2.3452577395627126,
              41.612067899452306
            ]
          ]
        ]
      },
      "properties": {
        "id": "s_5d6c8935ce6c4361660000e0",
        "destinationNodes": [],
        "center": [
          2.345229894216013,
          41.61206627812353
        ],
        "details": {
          "description": "",
          "name": "",
          "images": []
        }
      }
    },
    {
      "type": "Feature",
      "geometry": {
        "type": "Polygon",
        "coordinates": [
          [
            [
              2.345175593207706,
              41.612133270798594
            ],
            [
              2.3451759801817613,
              41.612135186407166
            ],
            [
              2.3451761151513706,
              41.61213725146954
            ],
            [
              2.3451757983089303,
              41.612139277001994
            ],
            [
              2.3451748302754765,
              41.61214107376635
            ],
            [
              2.345173410767205,
              41.61214283131982
            ],
            [
              2.345171593208073,
              41.61214421205484
            ],
            [
              2.3451691245824904,
              41.612145364467494
            ],
            [
              2.345163495499032,
              41.61214623833364
            ],
            [
              2.3451607100639307,
              41.61214941729544
            ],
            [
              2.345159197079507,
              41.612150311473336
            ],
            [
              2.3451558250427555,
              41.61215138469844
            ],
            [
              2.34515346274604,
              41.61215186272069
            ],
            [
              2.345150953089312,
              41.61215181421029
            ],
            [
              2.345148244298995,
              41.61215157735349
            ],
            [
              2.3451458403867425,
              41.612150853242404
            ],
            [
              2.3451436881754897,
              41.61214998037539
            ],
            [
              2.3451415900646473,
              41.61214877053904
            ],
            [
              2.345139995996739,
              41.61214726281207
            ],
            [
              2.3451378854018805,
              41.612147592077605
            ],
            [
              2.3451358275556733,
              41.612147583098
            ],
            [
              2.3451338229202934,
              41.61214723663693
            ],
            [
              2.345129917651196,
              41.61214586810637
            ],
            [
              2.345128018120445,
              41.61214484642293
            ],
            [
              2.3451263701676366,
              41.61214367553795
            ],
            [
              2.34512522689874,
              41.61214220638364
            ],
            [
              2.345123843255466,
              41.61213934808597
            ],
            [
              2.345123562916986,
              41.61213675738996
            ],
            [
              2.3451237740156983,
              41.61213540745756
            ],
            [
              2.34512510051027,
              41.612132787295145
            ],
            [
              2.3451259622146186,
              41.6121316649206
            ],
            [
              2.345124367134855,
              41.61213015623563
            ],
            [
              2.3451232771114685,
              41.61212835061744
            ],
            [
              2.3451228898017016,
              41.61212643468964
            ],
            [
              2.3451227548338194,
              41.612124369627196
            ],
            [
              2.3451230722285334,
              41.612122344287855
            ],
            [
              2.3451240397133404,
              41.61212054733045
            ],
            [
              2.34512545955891,
              41.612118790097156
            ],
            [
              2.345127277331678,
              41.61211740923678
            ],
            [
              2.345129745744448,
              41.612116256950586
            ],
            [
              2.3451353750382373,
              41.6121153829605
            ],
            [
              2.3451381599224357,
              41.612112203806355
            ],
            [
              2.345139672907132,
              41.61211130962825
            ],
            [
              2.34514304515473,
              41.61211023627685
            ],
            [
              2.345145859384727,
              41.61210979823169
            ],
            [
              2.3451486206183887,
              41.612109697540134
            ],
            [
              2.345151329744266,
              41.612109934715974
            ],
            [
              2.345153733655055,
              41.61211065882695
            ],
            [
              2.3451560843208585,
              41.612111719401746
            ],
            [
              2.34515793073,
              41.612113077993754
            ],
            [
              2.3451596713949643,
              41.61211511218632
            ],
            [
              2.3451601634726,
              41.61211635257265
            ],
            [
              2.345163270738772,
              41.61211696599544
            ],
            [
              2.345166324917633,
              41.612117917344094
            ],
            [
              2.3451688226090774,
              41.61211950413177
            ],
            [
              2.345170018750989,
              41.61212063548568
            ],
            [
              2.345171507073232,
              41.612122818812686
            ],
            [
              2.345172585257066,
              41.61212616315372
            ],
            [
              2.345171949210323,
              41.61213021198345
            ],
            [
              2.3451730924791967,
              41.61213168113781
            ],
            [
              2.345175593207706,
              41.612133270798594
            ]
          ]
        ]
      },
      "properties": {
        "id": "s_5d6c8935ce6c4361660000e1",
        "destinationNodes": [],
        "center": [
          2.34514774767656,
          41.612131649250195
        ],
        "details": {
          "description": "",
          "name": "",
          "images": []
        }
      }
    },
    {
      "type": "Feature",
      "geometry": {
        "type": "Polygon",
        "coordinates": [
          [
            [
              2.3453731941518963,
              41.61215688789418
            ],
            [
              2.3453735814692798,
              41.61215880382114
            ],
            [
              2.3453737164452644,
              41.61216086888329
            ],
            [
              2.345373399270903,
              41.61216289409658
            ],
            [
              2.3453724315797344,
              41.61216469118283
            ],
            [
              2.345371011739191,
              41.61216644841851
            ],
            [
              2.345369194184314,
              41.61216782915728
            ],
            [
              2.3453667257740314,
              41.612168981447404
            ],
            [
              2.345361096477825,
              41.6121698554493
            ],
            [
              2.3453583116028156,
              41.61217303460947
            ],
            [
              2.3453567984063386,
              41.61217392891655
            ],
            [
              2.3453534263716405,
              41.612175002147445
            ],
            [
              2.34535106373908,
              41.61217547985417
            ],
            [
              2.345348554417729,
              41.61217543166764
            ],
            [
              2.34534584528925,
              41.612175194495926
            ],
            [
              2.3453434413738994,
              41.61217447038894
            ],
            [
              2.345341289496503,
              41.612173597844645
            ],
            [
              2.3453391913803125,
              41.61217238801241
            ],
            [
              2.3453375973072017,
              41.612170880288176
            ],
            [
              2.345335486375261,
              41.61217120923829
            ],
            [
              2.3453334288664656,
              41.61217120058074
            ],
            [
              2.345331423891281,
              41.61217085380339
            ],
            [
              2.3453275189545706,
              41.61216948559923
            ],
            [
              2.3453256192960406,
              41.612168463473886
            ],
            [
              2.3453239711256786,
              41.61216729271783
            ],
            [
              2.3453228284025447,
              41.61216582375841
            ],
            [
              2.345321444411816,
              41.61216296514458
            ],
            [
              2.345321163852116,
              41.61216037457399
            ],
            [
              2.3453213752839064,
              41.612159024961436
            ],
            [
              2.3453227014338016,
              41.61215640447655
            ],
            [
              2.345323563134844,
              41.6121552821017
            ],
            [
              2.3453219680498756,
              41.61215377341946
            ],
            [
              2.3453208782341064,
              41.612151967675864
            ],
            [
              2.3453204912563383,
              41.61215005206843
            ],
            [
              2.3453203562820804,
              41.612147987006225
            ],
            [
              2.3453206731200242,
              41.61214596147337
            ],
            [
              2.345321641149489,
              41.61214416470778
            ],
            [
              2.3453230604403874,
              41.6121424072786
            ],
            [
              2.3453248782095906,
              41.6121410264151
            ],
            [
              2.3453273466188604,
              41.61213987412521
            ],
            [
              2.3453329759129082,
              41.61213900012496
            ],
            [
              2.345335761125706,
              41.61213582128511
            ],
            [
              2.3453372741073424,
              41.612134927104904
            ],
            [
              2.3453406463528874,
              41.61213385374775
            ],
            [
              2.345343460458801,
              41.61213341525146
            ],
            [
              2.3453462218178114,
              41.61213331500096
            ],
            [
              2.345348930606523,
              41.61213355185298
            ],
            [
              2.3453513345204104,
              41.61213427595984
            ],
            [
              2.345353685191889,
              41.61213533653075
            ],
            [
              2.3453555316058683,
              41.61213669511959
            ],
            [
              2.345357272277701,
              41.61213872930918
            ],
            [
              2.3453577649099984,
              41.61213996988762
            ],
            [
              2.345360871964258,
              41.61214058343104
            ],
            [
              2.345363926148717,
              41.61214153477461
            ],
            [
              2.3453664238450624,
              41.612143121558525
            ],
            [
              2.345367619652868,
              41.61214425259069
            ],
            [
              2.345369108321228,
              41.612146436234326
            ],
            [
              2.345370186391747,
              41.61214978012836
            ],
            [
              2.345369550480253,
              41.61215382940484
            ],
            [
              2.3453706934169105,
              41.612155298237035
            ],
            [
              2.3453731941518963,
              41.61215688789418
            ]
          ]
        ]
      },
      "properties": {
        "id": "s_5d6c8935ce6c4361660000e2",
        "destinationNodes": [],
        "center": [
          2.3453453487995857,
          41.61215526651184
        ],
        "details": {
          "description": "",
          "name": "",
          "images": []
        }
      }
    },
    {
      "type": "Feature",
      "geometry": {
        "type": "Polygon",
        "coordinates": [
          [
            [
              2.3452910474641318,
              41.612222259003104
            ],
            [
              2.345291434778594,
              41.612224174930844
            ],
            [
              2.3452915697520855,
              41.61222623999309
            ],
            [
              2.3452912529128334,
              41.61222826552586
            ],
            [
              2.3452902848812607,
              41.61223006229119
            ],
            [
              2.345288865250222,
              41.61223181940093
            ],
            [
              2.3452870478158827,
              41.612233200582395
            ],
            [
              2.345284579064129,
              41.61223435255288
            ],
            [
              2.3452789500984235,
              41.61223522686982
            ],
            [
              2.3452761648794085,
              41.61223840570779
            ],
            [
              2.345274651893624,
              41.6122392998877
            ],
            [
              2.3452712796407775,
              41.61224037324227
            ],
            [
              2.3452689175550225,
              41.61224085114078
            ],
            [
              2.345266407681381,
              41.612240802759004
            ],
            [
              2.345263698549585,
              41.61224056558587
            ],
            [
              2.345261294970039,
              41.612239841796246
            ],
            [
              2.345259142754254,
              41.612238968931365
            ],
            [
              2.3452570446374783,
              41.612237759097624
            ],
            [
              2.345255450564672,
              41.61223625137228
            ],
            [
              2.3452533401817304,
              41.6122365805133
            ],
            [
              2.3452512821193037,
              41.61223657166187
            ],
            [
              2.3452492776939025,
              41.61223622507668
            ],
            [
              2.3452453722044777,
              41.61223485667561
            ],
            [
              2.345243472882643,
              41.61223383486797
            ],
            [
              2.345241824924591,
              41.612232663985154
            ],
            [
              2.3452406816523617,
              41.61223119483148
            ],
            [
              2.3452392980011885,
              41.612228336535715
            ],
            [
              2.34523901744432,
              41.61222574596609
            ],
            [
              2.345239228540908,
              41.61222439603347
            ],
            [
              2.3452405550326194,
              41.612221775869735
            ],
            [
              2.3452414163988293,
              41.612220653175264
            ],
            [
              2.3452398216514836,
              41.61221914481096
            ],
            [
              2.3452387318367256,
              41.61221733906775
            ],
            [
              2.345238344522995,
              41.61221542314034
            ],
            [
              2.3452382095521047,
              41.61221335807751
            ],
            [
              2.3452385267293927,
              41.612211332864455
            ],
            [
              2.345239494425683,
              41.612209535779996
            ],
            [
              2.345240914056701,
              41.612207778671376
            ],
            [
              2.345242731829505,
              41.61220639780919
            ],
            [
              2.345245200243618,
              41.61220524552053
            ],
            [
              2.3452508292062904,
              41.61220437120576
            ],
            [
              2.3452536144259586,
              41.61220119236789
            ],
            [
              2.345255127624505,
              41.612200298062156
            ],
            [
              2.3452584996621617,
              41.612199224834136
            ],
            [
              2.345261314108804,
              41.6121987866589
            ],
            [
              2.345264075131856,
              41.6121986860912
            ],
            [
              2.3452667844752595,
              41.612198923138216
            ],
            [
              2.345269188390661,
              41.61219964724678
            ],
            [
              2.345271538848241,
              41.612200707945334
            ],
            [
              2.345273384925043,
              41.61220206621645
            ],
            [
              2.345275125933368,
              41.612204100726316
            ],
            [
              2.3452756182272667,
              41.61220534098606
            ],
            [
              2.345278725285459,
              41.61220595453184
            ],
            [
              2.3452817794702363,
              41.612206905877436
            ],
            [
              2.3452842771679663,
              41.61220849266261
            ],
            [
              2.3452854733135533,
              41.61220962401532
            ],
            [
              2.3452869616424485,
              41.612211807341495
            ],
            [
              2.3452880397091103,
              41.61221515123565
            ],
            [
              2.3452874037926907,
              41.612219200511156
            ],
            [
              2.3452885470657714,
              41.61222066966438
            ],
            [
              2.3452910474641318,
              41.612222259003104
            ]
          ]
        ]
      },
      "properties": {
        "id": "s_5d6c8935ce6c4361660000e3",
        "destinationNodes": [],
        "center": [
          2.345263202257926,
          41.61222063771539
        ],
        "details": {
          "description": "",
          "name": "",
          "images": []
        }
      }
    },
    {
      "type": "Feature",
      "geometry": {
        "type": "Polygon",
        "coordinates": [
          [
            [
              2.345357170203178,
              41.61227275587545
            ],
            [
              2.345357557520782,
              41.61227467180247
            ],
            [
              2.345357692157611,
              41.612276736545454
            ],
            [
              2.345357375321062,
              41.61227876207788
            ],
            [
              2.3453564076270177,
              41.61228055916334
            ],
            [
              2.3453549877833053,
              41.612282316399984
            ],
            [
              2.345353170225004,
              41.612283697137336
            ],
            [
              2.3453507018098176,
              41.6122848494283
            ],
            [
              2.345345072503283,
              41.61228572342941
            ],
            [
              2.345342287623357,
              41.612288902588666
            ],
            [
              2.34534077442394,
              41.61228979689556
            ],
            [
              2.3453374020455993,
              41.61229086980693
            ],
            [
              2.3453350397459958,
              41.61229134783238
            ],
            [
              2.3453325300821386,
              41.61229129932578
            ],
            [
              2.345329821285988,
              41.612291062473915
            ],
            [
              2.3453274173665,
              41.612290338366606
            ],
            [
              2.34532526514901,
              41.61228946550245
            ],
            [
              2.3453231670293513,
              41.61228825566991
            ],
            [
              2.3453215729530608,
              41.61228674794481
            ],
            [
              2.3453194623545652,
              41.61228707721367
            ],
            [
              2.3453174048420764,
              41.612287068555844
            ],
            [
              2.345315399863193,
              41.61228672177938
            ],
            [
              2.3453114949206832,
              41.61228535357416
            ],
            [
              2.345309595258995,
              41.61228433144855
            ],
            [
              2.3453079470850877,
              41.61228316069277
            ],
            [
              2.345306804361141,
              41.6122816917327
            ],
            [
              2.3453054203686357,
              41.612278833118665
            ],
            [
              2.3453051398090756,
              41.61227624254804
            ],
            [
              2.3453053512415805,
              41.612274892935524
            ],
            [
              2.3453066773945084,
              41.61227227245081
            ],
            [
              2.345307539097378,
              41.612271150076076
            ],
            [
              2.345305944009919,
              41.61226964139362
            ],
            [
              2.3453048541917654,
              41.61226783565039
            ],
            [
              2.3453044666624034,
              41.61226591984931
            ],
            [
              2.345304332240665,
              41.61226385498016
            ],
            [
              2.3453046490788063,
              41.61226182944787
            ],
            [
              2.345305616897966,
              41.61226003280799
            ],
            [
              2.3453070364043396,
              41.61225827525342
            ],
            [
              2.3453088541764595,
              41.61225689438953
            ],
            [
              2.345311322592015,
              41.61225574210012
            ],
            [
              2.3453169518963906,
              41.612254868100656
            ],
            [
              2.345319736776096,
              41.612251688941996
            ],
            [
              2.3453212497615468,
              41.61225079476148
            ],
            [
              2.3453246223514252,
              41.612249721724496
            ],
            [
              2.3453274362491383,
              41.6122492833547
            ],
            [
              2.3453301978256236,
              41.61224918297899
            ],
            [
              2.345332906620017,
              41.61224941983088
            ],
            [
              2.345335310538042,
              41.61225014393806
            ],
            [
              2.3453376612119134,
              41.61225120450917
            ],
            [
              2.3453395076295633,
              41.61225256309893
            ],
            [
              2.3453412483033267,
              41.61225459728811
            ],
            [
              2.3453417407235277,
              41.61225583799336
            ],
            [
              2.3453448479974544,
              41.612256451410616
            ],
            [
              2.345347902186289,
              41.6122574027551
            ],
            [
              2.34535039988691,
              41.6122589895382
            ],
            [
              2.3453515956972733,
              41.61226012057118
            ],
            [
              2.345353084029572,
              41.6122623038965
            ],
            [
              2.345354162225152,
              41.61226564823584
            ],
            [
              2.3453535261877394,
              41.612269697065905
            ],
            [
              2.3453546694632212,
              41.61227116621847
            ],
            [
              2.345357170203178,
              41.61227275587545
            ]
          ]
        ]
      },
      "properties": {
        "id": "s_5d6c8935ce6c4361660000e4",
        "destinationNodes": [],
        "center": [
          2.345329324721125,
          41.61227113444129
        ],
        "details": {
          "description": "",
          "name": "",
          "images": []
        }
      }
    },
    {
      "type": "Feature",
      "geometry": {
        "type": "Polygon",
        "coordinates": [
          [
            [
              2.345443485847357,
              41.61220830018576
            ],
            [
              2.345443872829127,
              41.61221021579278
            ],
            [
              2.345444007806595,
              41.61221228085537
            ],
            [
              2.3454436909730725,
              41.612214306388026
            ],
            [
              2.3454427229450805,
              41.61221610315516
            ],
            [
              2.3454413034433315,
              41.612217860711404
            ],
            [
              2.3454394856751466,
              41.61221924157738
            ],
            [
              2.3454370172632775,
              41.612220393869535
            ],
            [
              2.345431388177775,
              41.61222126774824
            ],
            [
              2.3454286027526363,
              41.612224446716496
            ],
            [
              2.345427089769292,
              41.612225340898426
            ],
            [
              2.3454237177337673,
              41.61222641413201
            ],
            [
              2.3454213554371632,
              41.61222689215923
            ],
            [
              2.3454188457764404,
              41.61222684365517
            ],
            [
              2.345416136982863,
              41.61222660680416
            ],
            [
              2.3454137330639333,
              41.61222588269916
            ],
            [
              2.345411580847426,
              41.61222500983662
            ],
            [
              2.345409482514881,
              41.61222380013176
            ],
            [
              2.345407888438166,
              41.61222229240784
            ],
            [
              2.3454057780562754,
              41.61222262155283
            ],
            [
              2.34540372020782,
              41.61222261257683
            ],
            [
              2.3454017155686704,
              41.61222226612041
            ],
            [
              2.3453978102900375,
              41.61222089759956
            ],
            [
              2.345395910752835,
              41.61221987592054
            ],
            [
              2.345394262793247,
              41.612218705039375
            ],
            [
              2.3453931195169186,
              41.61221723588772
            ],
            [
              2.345391735859291,
              41.61221437759378
            ],
            [
              2.3453914555099087,
              41.61221178689726
            ],
            [
              2.3453916666030774,
              41.61221043696553
            ],
            [
              2.345392993088493,
              41.61220781679887
            ],
            [
              2.3453938547889996,
              41.61220669442349
            ],
            [
              2.3453922597011156,
              41.61220518574223
            ],
            [
              2.345391169668271,
              41.612203380125905
            ],
            [
              2.3453907823500972,
              41.612201464199025
            ],
            [
              2.3453906473743555,
              41.61219939913638
            ],
            [
              2.3453909647617195,
              41.61219737379694
            ],
            [
              2.3453919322393144,
              41.612195576837806
            ],
            [
              2.345393352080112,
              41.6121938196007
            ],
            [
              2.3453951698492594,
              41.6121924387361
            ],
            [
              2.3453976382592407,
              41.612191286444705
            ],
            [
              2.345403267556822,
              41.612190412441045
            ],
            [
              2.345406052430366,
              41.612187233279776
            ],
            [
              2.3454075654122333,
              41.61218633909866
            ],
            [
              2.3454109376599876,
              41.6121852657401
            ],
            [
              2.3454137518916216,
              41.612184827687244
            ],
            [
              2.3454165131278937,
              41.612184726990435
            ],
            [
              2.345419222257216,
              41.612184964159326
            ],
            [
              2.345421626173809,
              41.612185688264724
            ],
            [
              2.3454239768483163,
              41.6121867488342
            ],
            [
              2.345425823265247,
              41.61218810742192
            ],
            [
              2.3454275639406843,
              41.61219014161046
            ],
            [
              2.345428056023169,
              41.612191381996155
            ],
            [
              2.345431163294812,
              41.612191995411074
            ],
            [
              2.3454342174827416,
              41.61219294675277
            ],
            [
              2.345436715182115,
              41.612194533534534
            ],
            [
              2.345437911330117,
              41.61219566488565
            ],
            [
              2.3454393996647234,
              41.61219784820935
            ],
            [
              2.3454404778628266,
              41.61220119254838
            ],
            [
              2.3454398418314666,
              41.61220524137894
            ],
            [
              2.345440985108646,
              41.61220671053013
            ],
            [
              2.345443485847357,
              41.61220830018576
            ]
          ]
        ]
      },
      "properties": {
        "id": "s_5d6c8935ce6c4361660000e5",
        "destinationNodes": [],
        "center": [
          2.3454156402656867,
          41.61220667870826
        ],
        "details": {
          "description": "",
          "name": "",
          "images": []
        }
      }
    },
    {
      "type": "Feature",
      "geometry": {
        "type": "Polygon",
        "coordinates": [
          [
            [
              2.34583351418383,
              41.61277460355027
            ],
            [
              2.3458339015185965,
              41.612776519475695
            ],
            [
              2.345834036172413,
              41.612778584218766
            ],
            [
              2.3458337191349923,
              41.61278060987861
            ],
            [
              2.345832751322732,
              41.6127824065229
            ],
            [
              2.3458313318182746,
              41.61278416408446
            ],
            [
              2.345829514042665,
              41.612785544955415
            ],
            [
              2.345827045616785,
              41.612786697256574
            ],
            [
              2.3458214164862747,
              41.61278757115482
            ],
            [
              2.345818631056781,
              41.61279075013198
            ],
            [
              2.345817118065561,
              41.61279164431901
            ],
            [
              2.3458137460062316,
              41.612792717563345
            ],
            [
              2.3458113836924714,
              41.612793195599195
            ],
            [
              2.3458088740087315,
              41.61279314710297
            ],
            [
              2.345806164976393,
              41.61279291038837
            ],
            [
              2.3458037612462204,
              41.61279218616489
            ],
            [
              2.345801609005541,
              41.61279131330962
            ],
            [
              2.3457995106465677,
              41.61279010361119
            ],
            [
              2.345797916547432,
              41.612788595893335
            ],
            [
              2.3457958061483133,
              41.612788925044796
            ],
            [
              2.3457937482824294,
              41.612788916076404
            ],
            [
              2.345791743622711,
              41.61278856962726
            ],
            [
              2.345787838639026,
              41.61278720143751
            ],
            [
              2.3457859387416446,
              41.61278617944585
            ],
            [
              2.3457842907596347,
              41.61278500857078
            ],
            [
              2.34578314746526,
              41.61278353942247
            ],
            [
              2.345781763778201,
              41.6127806811332
            ],
            [
              2.345781483411382,
              41.61277809043828
            ],
            [
              2.3457816946222,
              41.612776740951
            ],
            [
              2.345783020979458,
              41.612774120334706
            ],
            [
              2.345783882680051,
              41.612772997955766
            ],
            [
              2.345782287569041,
              41.61277148927989
            ],
            [
              2.3457811975163994,
              41.61276968366792
            ],
            [
              2.3457808101832396,
              41.61276776774233
            ],
            [
              2.3457806751938253,
              41.61276570268014
            ],
            [
              2.345780992570162,
              41.61276367733949
            ],
            [
              2.345781960046259,
              41.61276188037658
            ],
            [
              2.3457833798888954,
              41.61276012313467
            ],
            [
              2.3457851976647763,
              41.61275874226444
            ],
            [
              2.3457876660903336,
              41.61275758996419
            ],
            [
              2.3457932954320504,
              41.612756715941494
            ],
            [
              2.3457960803106346,
              41.61275353677199
            ],
            [
              2.345797593301252,
              41.61275264258524
            ],
            [
              2.3458009653587553,
              41.61275156934138
            ],
            [
              2.3458037798258116,
              41.61275113115292
            ],
            [
              2.3458065414223483,
              41.612751030765175
            ],
            [
              2.3458092502402557,
              41.61275126760651
            ],
            [
              2.345811654182331,
              41.612751991703774
            ],
            [
              2.345814004882323,
              41.61275305226518
            ],
            [
              2.3458158513245535,
              41.61275441084614
            ],
            [
              2.3458175920266986,
              41.61275644502932
            ],
            [
              2.3458180841218774,
              41.61275768541283
            ],
            [
              2.345821191211835,
              41.612758298944
            ],
            [
              2.3458242456441303,
              41.61275925014914
            ],
            [
              2.3458267437139164,
              41.61276083724162
            ],
            [
              2.3458279395419357,
              41.61276196826966
            ],
            [
              2.345829427901937,
              41.61276415158885
            ],
            [
              2.345830506129912,
              41.61276749592306
            ],
            [
              2.3458298701181435,
              41.61277154475643
            ],
            [
              2.345831013200004,
              41.612773014030374
            ],
            [
              2.34583351418383,
              41.61277460355027
            ]
          ]
        ]
      },
      "properties": {
        "id": "s_5d6c8935ce6c4361660000e6",
        "destinationNodes": [],
        "center": [
          2.3458056683548745,
          41.612772982206565
        ],
        "details": {
          "description": "",
          "name": "",
          "images": []
        }
      }
    },
    {
      "type": "Feature",
      "geometry": {
        "type": "Polygon",
        "coordinates": [
          [
            [
              2.3446163532112805,
              41.61172370474635
            ],
            [
              2.344616740503584,
              41.61172562067584
            ],
            [
              2.3446168754535583,
              41.61172768573938
            ],
            [
              2.344616558150883,
              41.61172971101365
            ],
            [
              2.3446155905519923,
              41.61173150802933
            ],
            [
              2.344614170700183,
              41.611733265256866
            ],
            [
              2.344612353033938,
              41.611734646046116
            ],
            [
              2.344609884627402,
              41.6117357983207
            ],
            [
              2.344604255696056,
              41.61173667260473
            ],
            [
              2.3446014704644424,
              41.61173985142694
            ],
            [
              2.3445999573751903,
              41.61174074566054
            ],
            [
              2.344596585244553,
              41.61174181893301
            ],
            [
              2.344594222728061,
              41.61174229656172
            ],
            [
              2.3445917134250003,
              41.6117422483582
            ],
            [
              2.34458900420994,
              41.61174201123228
            ],
            [
              2.344586600319228,
              41.61174128710954
            ],
            [
              2.3445844485732024,
              41.61174041448809
            ],
            [
              2.3445823503786136,
              41.61173920470514
            ],
            [
              2.3445807563332064,
              41.6117376969698
            ],
            [
              2.344578645519138,
              41.611738025842484
            ],
            [
              2.3445765880233864,
              41.61173801717196
            ],
            [
              2.344574583066426,
              41.61173767038212
            ],
            [
              2.344570678171991,
              41.61173630215234
            ],
            [
              2.3445687784315283,
              41.61173528007759
            ],
            [
              2.3445671307299647,
              41.61173410956672
            ],
            [
              2.3445659875877456,
              41.61173264034382
            ],
            [
              2.3445646039780375,
              41.61172978203944
            ],
            [
              2.344564323449742,
              41.61172719146753
            ],
            [
              2.3445645345586357,
              41.611725841537314
            ],
            [
              2.344565860837054,
              41.61172322099807
            ],
            [
              2.3445667225463533,
              41.61172209862834
            ],
            [
              2.3445651274891066,
              41.611720589935
            ],
            [
              2.3445640375949766,
              41.611718784248474
            ],
            [
              2.3445636506415917,
              41.61171686863784
            ],
            [
              2.34456351569247,
              41.61171480357475
            ],
            [
              2.344563832552743,
              41.61171277804464
            ],
            [
              2.3445648005967885,
              41.61171098128539
            ],
            [
              2.344566220005458,
              41.611709223802464
            ],
            [
              2.3445680377779654,
              41.611707842950246
            ],
            [
              2.3445705061857445,
              41.61170669067668
            ],
            [
              2.3445761353446883,
              41.61170581677692
            ],
            [
              2.344578920682071,
              41.61170263789162
            ],
            [
              2.3445804336640386,
              41.61170174372134
            ],
            [
              2.3445838057944153,
              41.61170067044947
            ],
            [
              2.344586619885703,
              41.611700231972165
            ],
            [
              2.344589381334028,
              41.611700131676734
            ],
            [
              2.344592090439083,
              41.611700368865556
            ],
            [
              2.3445944939918935,
              41.611701092668625
            ],
            [
              2.344596844526895,
              41.611702153317864
            ],
            [
              2.3445986910199084,
              41.61170351185641
            ],
            [
              2.3446004315488116,
              41.61170554611983
            ],
            [
              2.3446009241639363,
              41.611706786702136
            ],
            [
              2.344604031191007,
              41.61170740026543
            ],
            [
              2.3446070853429206,
              41.611708351629545
            ],
            [
              2.344609583109866,
              41.61170993836614
            ],
            [
              2.344610779234374,
              41.61171106972584
            ],
            [
              2.3446122674231225,
              41.61171325312324
            ],
            [
              2.3446133454464766,
              41.61171659702371
            ],
            [
              2.3446127094917433,
              41.61172064629602
            ],
            [
              2.344613852741496,
              41.61172211545539
            ],
            [
              2.3446163532112805,
              41.61172370474635
            ]
          ]
        ]
      },
      "properties": {
        "id": "s_5d6c8935ce6c4361660000e7",
        "destinationNodes": [],
        "center": [
          2.3445885080465603,
          41.61172208325243
        ],
        "details": {
          "description": "",
          "name": "",
          "images": []
        }
      }
    },
    {
      "type": "Feature",
      "geometry": {
        "type": "Polygon",
        "coordinates": [
          [
            [
              2.3444446891242507,
              41.61165409484875
            ],
            [
              2.344445076411038,
              41.61165601077883
            ],
            [
              2.3444452113562453,
              41.61165807584206
            ],
            [
              2.3444448940492135,
              41.611660101116506
            ],
            [
              2.344443926446585,
              41.611661898130734
            ],
            [
              2.3444425066983134,
              41.61166365529311
            ],
            [
              2.3444406889236733,
              41.61166503614271
            ],
            [
              2.3444382205158605,
              41.61166618841415
            ],
            [
              2.3444325913585065,
              41.61166706230719
            ],
            [
              2.344429806352069,
              41.61167024150734
            ],
            [
              2.3444282933678777,
              41.61167113567616
            ],
            [
              2.344424921238023,
              41.611672208943624
            ],
            [
              2.3444225587236835,
              41.61167268656828
            ],
            [
              2.344420049315211,
              41.61167263842395
            ],
            [
              2.344417340105271,
              41.61167240129414
            ],
            [
              2.344414936324888,
              41.61167167710529
            ],
            [
              2.344412784477698,
              41.61167080454318
            ],
            [
              2.3444106862885934,
              41.6116695947571
            ],
            [
              2.3444090922489185,
              41.6116680870194
            ],
            [
              2.3444069815420603,
              41.611668415826415
            ],
            [
              2.3444049240494262,
              41.6116684071523
            ],
            [
              2.344402919095552,
              41.611668060359484
            ],
            [
              2.3443990141015987,
              41.6116666921863
            ],
            [
              2.3443971143659064,
              41.611665670108714
            ],
            [
              2.344395466776609,
              41.611664499533
            ],
            [
              2.3443943235328515,
              41.611663030371446
            ],
            [
              2.3443929399313683,
              41.61166017206552
            ],
            [
              2.3443926591805155,
              41.61165758111058
            ],
            [
              2.344392870523402,
              41.61165623156278
            ],
            [
              2.344394196807363,
              41.6116536110255
            ],
            [
              2.3443950585171534,
              41.611652488656915
            ],
            [
              2.344393463466334,
              41.611650979961865
            ],
            [
              2.3443923735781858,
              41.61164917427371
            ],
            [
              2.3443919866311904,
              41.611647258661996
            ],
            [
              2.3443918516877096,
              41.6116451935987
            ],
            [
              2.3443921686590223,
              41.61164316800536
            ],
            [
              2.3443931366001225,
              41.6116413713106
            ],
            [
              2.344394556011937,
              41.61163961382979
            ],
            [
              2.3443963737868487,
              41.61163823298091
            ],
            [
              2.344398842193465,
              41.61163708071088
            ],
            [
              2.3444044714562167,
              41.61163620675593
            ],
            [
              2.3444072566930627,
              41.61163302793848
            ],
            [
              2.3444087697824596,
              41.61163213370741
            ],
            [
              2.344412141804497,
              41.61163106050413
            ],
            [
              2.3444149558947887,
              41.61163062203049
            ],
            [
              2.34441771733971,
              41.611630521738505
            ],
            [
              2.344420426548583,
              41.61163075886897
            ],
            [
              2.3444228300959997,
              41.61163148267612
            ],
            [
              2.344425180626517,
              41.61163254332834
            ],
            [
              2.3444270270065495,
              41.61163390193204
            ],
            [
              2.344428767635534,
              41.61163593613564
            ],
            [
              2.344429260140144,
              41.611637176781734
            ],
            [
              2.3444323672680363,
              41.611637790287126
            ],
            [
              2.3444354214143055,
              41.611638741654595
            ],
            [
              2.344437919068342,
              41.61164032845862
            ],
            [
              2.3444391151885493,
              41.61164145982009
            ],
            [
              2.344440603476563,
              41.611643643156675
            ],
            [
              2.3444416813822992,
              41.6116469871223
            ],
            [
              2.3444410455250324,
              41.61165103633009
            ],
            [
              2.344442188325648,
              41.611652505235185
            ],
            [
              2.3444446891242507,
              41.61165409484875
            ]
          ]
        ]
      },
      "properties": {
        "id": "s_5d6c8935ce6c4361660000e8",
        "destinationNodes": [],
        "center": [
          2.3444168440172892,
          41.611652473274475
        ],
        "details": {
          "description": "",
          "name": "",
          "images": []
        }
      }
    },
    {
      "type": "Feature",
      "geometry": {
        "type": "Polygon",
        "coordinates": [
          [
            [
              2.3438182576894406,
              41.61081134159695
            ],
            [
              2.343818644783909,
              41.610813257369585
            ],
            [
              2.343818779706608,
              41.6108153224329
            ],
            [
              2.343818462659386,
              41.610817347802104
            ],
            [
              2.343817494776614,
              41.610819144714604
            ],
            [
              2.3438160753051585,
              41.61082090196575
            ],
            [
              2.343814257540856,
              41.61082228280547
            ],
            [
              2.343811789154974,
              41.610823435063
            ],
            [
              2.343806159955117,
              41.61082430898904
            ],
            [
              2.343803374892218,
              41.610827487951504
            ],
            [
              2.343801861919983,
              41.61082838211159
            ],
            [
              2.343798489717077,
              41.61082945542379
            ],
            [
              2.3437961275034227,
              41.610829933132635
            ],
            [
              2.3437936178528673,
              41.6108298848782
            ],
            [
              2.343790908955957,
              41.61082964783015
            ],
            [
              2.343788505108203,
              41.610828923690796
            ],
            [
              2.3437863531280727,
              41.61082805095799
            ],
            [
              2.3437842550848087,
              41.61082684109747
            ],
            [
              2.3437826610812924,
              41.61082533335176
            ],
            [
              2.3437805505683413,
              41.61082566230633
            ],
            [
              2.343778492932454,
              41.61082565346138
            ],
            [
              2.343776488176792,
              41.61082530681722
            ],
            [
              2.343772583141151,
              41.61082393868652
            ],
            [
              2.3437706835468832,
              41.6108229165356
            ],
            [
              2.3437690358211354,
              41.610821745790744
            ],
            [
              2.3437678926065812,
              41.61082027662298
            ],
            [
              2.3437665090509316,
              41.61081741830956
            ],
            [
              2.343766228559531,
              41.61081482773519
            ],
            [
              2.343766439850792,
              41.61081347796596
            ],
            [
              2.343767766036194,
              41.61081085749893
            ],
            [
              2.3437686277463188,
              41.610809735135696
            ],
            [
              2.3437670327302973,
              41.6108082264313
            ],
            [
              2.343765942981479,
              41.610806420673676
            ],
            [
              2.3437655558886163,
              41.61080450490086
            ],
            [
              2.343765420966953,
              41.61080243983683
            ],
            [
              2.3437657380164576,
              41.61080041446843
            ],
            [
              2.343766705900391,
              41.610798617556355
            ],
            [
              2.343768125372701,
              41.610796860305804
            ],
            [
              2.3437699431365835,
              41.61079547946616
            ],
            [
              2.343772411522834,
              41.61079432721018
            ],
            [
              2.343778040720532,
              41.610793453285794
            ],
            [
              2.3437808257825195,
              41.61079027432328
            ],
            [
              2.343782338967515,
              41.610789380037374
            ],
            [
              2.343785710955923,
              41.61078830685239
            ],
            [
              2.343788525182361,
              41.61078786855355
            ],
            [
              2.3437912863175385,
              41.61078776818074
            ],
            [
              2.343793995594706,
              41.61078800526221
            ],
            [
              2.3437963992732196,
              41.61078872924142
            ],
            [
              2.343798749655864,
              41.61078978997061
            ],
            [
              2.343800595998581,
              41.61079114858433
            ],
            [
              2.3438023365850715,
              41.61079318279738
            ],
            [
              2.3438028290085366,
              41.61079442322293
            ],
            [
              2.3438059359831986,
              41.61079503680824
            ],
            [
              2.3438089900810195,
              41.61079598819294
            ],
            [
              2.343811487687017,
              41.61079757501052
            ],
            [
              2.3438126837799196,
              41.61079870637784
            ],
            [
              2.3438141720272863,
              41.61080088972249
            ],
            [
              2.3438152501633644,
              41.61080423379058
            ],
            [
              2.3438146139988727,
              41.610808282898965
            ],
            [
              2.343815757044936,
              41.61080975190608
            ],
            [
              2.3438182576894406,
              41.61081134159695
            ]
          ]
        ]
      },
      "properties": {
        "id": "s_5d6c8935ce6c4361660000ea",
        "destinationNodes": [],
        "center": [
          2.343790412936289,
          41.61080971976502
        ],
        "details": {
          "description": "",
          "name": "",
          "images": []
        }
      }
    },
    {
      "type": "Feature",
      "geometry": {
        "type": "Polygon",
        "coordinates": [
          [
            [
              2.343725749040239,
              41.61072383885203
            ],
            [
              2.3437261363000865,
              41.61072575478452
            ],
            [
              2.343726271050989,
              41.610727819688414
            ],
            [
              2.343725954169945,
              41.61072984521688
            ],
            [
              2.3437249862859075,
              41.610731642128606
            ],
            [
              2.3437235666452065,
              41.6107333992191
            ],
            [
              2.3437217490507316,
              41.610734780217534
            ],
            [
              2.3437192804972033,
              41.61073593231291
            ],
            [
              2.3437136514723798,
              41.61073680639396
            ],
            [
              2.34371086640939,
              41.61073998535484
            ],
            [
              2.3437093534379256,
              41.610740879513735
            ],
            [
              2.343705981068712,
              41.61074195266305
            ],
            [
              2.3437036190262277,
              41.61074243052952
            ],
            [
              2.343701109210495,
              41.61074238211355
            ],
            [
              2.3436984003175985,
              41.61074214506333
            ],
            [
              2.3436959966427957,
              41.610741421081556
            ],
            [
              2.3436938444981843,
              41.610740548187515
            ],
            [
              2.343691746459501,
              41.6107393383253
            ],
            [
              2.343690152459618,
              41.61073783057767
            ],
            [
              2.3436880421184005,
              41.610738159690726
            ],
            [
              2.3436859844853166,
              41.610738150844135
            ],
            [
              2.3436839797328712,
              41.610737804198344
            ],
            [
              2.3436800745358375,
              41.610736435905
            ],
            [
              2.343678175114264,
              41.61073541391207
            ],
            [
              2.3436765272237787,
              41.61073424300638
            ],
            [
              2.3436753841815334,
              41.61073277399723
            ],
            [
              2.343674000463208,
              41.610729915523166
            ],
            [
              2.3436737199759032,
              41.61072732494857
            ],
            [
              2.3436739312688135,
              41.61072597517951
            ],
            [
              2.343675257624826,
              41.61072335487307
            ],
            [
              2.3436761191667403,
              41.610722232351
            ],
            [
              2.3436745243243884,
              41.610720723805514
            ],
            [
              2.343673434578947,
              41.61071891804636
            ],
            [
              2.343673047320705,
              41.6107170021137
            ],
            [
              2.3436729125708378,
              41.610714937209075
            ],
            [
              2.3436732294541653,
              41.61071291168142
            ],
            [
              2.3436741973386717,
              41.610711114769465
            ],
            [
              2.3436756169809185,
              41.61070935768024
            ],
            [
              2.3436774347443157,
              41.61070797684205
            ],
            [
              2.343679903128871,
              41.61070682458805
            ],
            [
              2.3436855321515355,
              41.610705950508645
            ],
            [
              2.343688317214304,
              41.61070277154837
            ],
            [
              2.343689830398529,
              41.61070187726366
            ],
            [
              2.3436932025525534,
              41.61070080424092
            ],
            [
              2.343696016775803,
              41.61070036594434
            ],
            [
              2.3436987779073792,
              41.610700265573726
            ],
            [
              2.343701487011881,
              41.610700502497856
            ],
            [
              2.343703890854747,
              41.61070122663851
            ],
            [
              2.343706241064031,
              41.61070228721006
            ],
            [
              2.343708087402295,
              41.61070364582527
            ],
            [
              2.3437098281521584,
              41.61070568019925
            ],
            [
              2.3437103205731766,
              41.610706920625184
            ],
            [
              2.3437134275427436,
              41.61070753421297
            ],
            [
              2.343716481635058,
              41.610708485600135
            ],
            [
              2.343718979235392,
              41.61071007241971
            ],
            [
              2.3437201751563985,
              41.61071120362846
            ],
            [
              2.343721663398616,
              41.61071338697432
            ],
            [
              2.343722741528435,
              41.61071673104327
            ],
            [
              2.3437221053590003,
              41.610720780151134
            ],
            [
              2.343723248570748,
              41.61072224931936
            ],
            [
              2.343725749040239,
              41.61072383885203
            ]
          ]
        ]
      },
      "properties": {
        "id": "s_5d6c8935ce6c4361660000eb",
        "destinationNodes": [],
        "center": [
          2.3436979044143538,
          41.61072221708023
        ],
        "details": {
          "description": "",
          "name": "",
          "images": []
        }
      }
    },
    {
      "type": "Feature",
      "geometry": {
        "type": "Polygon",
        "coordinates": [
          [
            [
              2.343624592297565,
              41.61062815562981
            ],
            [
              2.343624979553834,
              41.61063007156264
            ],
            [
              2.3436251143012985,
              41.61063213646664
            ],
            [
              2.3436247972488964,
              41.610634161835314
            ],
            [
              2.3436238293634775,
              41.6106359587462
            ],
            [
              2.3436224098907776,
              41.61063771599497
            ],
            [
              2.3436205921274906,
              41.61063909683163
            ],
            [
              2.343618123745159,
              41.61064024908502
            ],
            [
              2.3436124947273145,
              41.61064112316114
            ],
            [
              2.343609709663471,
              41.61064430211959
            ],
            [
              2.343608196692848,
              41.61064519627714
            ],
            [
              2.343604824326954,
              41.61064626942349
            ],
            [
              2.3436024621185725,
              41.61064674712838
            ],
            [
              2.3435999524752886,
              41.61064669886972
            ],
            [
              2.3435972435867822,
              41.61064646181715
            ],
            [
              2.3435948397480284,
              41.61064573767374
            ],
            [
              2.343592687776629,
              41.61064486493731
            ],
            [
              2.3435905897429556,
              41.61064365507328
            ],
            [
              2.3435889957478007,
              41.61064214732425
            ],
            [
              2.343586885239856,
              41.610642476275274
            ],
            [
              2.3435848277791793,
              41.61064246758706
            ],
            [
              2.3435828228616002,
              41.61064212077999
            ],
            [
              2.343578917841155,
              41.61064075264275
            ],
            [
              2.343577018255351,
              41.61063973048862
            ],
            [
              2.343575370537797,
              41.61063855974102
            ],
            [
              2.3435742273308997,
              41.61063709057134
            ],
            [
              2.3435728437877605,
              41.61063423225559
            ],
            [
              2.343572563304934,
              41.61063164168074
            ],
            [
              2.3435727745996475,
              41.610630291911875
            ],
            [
              2.343574100789151,
              41.61062767144706
            ],
            [
              2.343574962500198,
              41.610626549085275
            ],
            [
              2.343573367493235,
              41.6106250403782
            ],
            [
              2.3435722777529326,
              41.61062323461876
            ],
            [
              2.3435718906669214,
              41.61062131884528
            ],
            [
              2.343571755920492,
              41.61061925394055
            ],
            [
              2.343572072806526,
              41.610617228413155
            ],
            [
              2.3435730406924145,
              41.61061543150206
            ],
            [
              2.343574460335311,
              41.61061367441408
            ],
            [
              2.343576277929527,
              41.61061229341795
            ],
            [
              2.343578746480878,
              41.61061114132564
            ],
            [
              2.3435843754965644,
              41.61061026725117
            ],
            [
              2.343587160560187,
              41.61060708829334
            ],
            [
              2.34358867374357,
              41.61060619400996
            ],
            [
              2.3435920458942756,
              41.610605120990165
            ],
            [
              2.3435948601140386,
              41.61060468269606
            ],
            [
              2.3435976212416763,
              41.61060458232787
            ],
            [
              2.343600330341788,
              41.61060481925437
            ],
            [
              2.343602734011302,
              41.6106055432376
            ],
            [
              2.343605084383397,
              41.61060660397009
            ],
            [
              2.343606930717483,
              41.61060796258757
            ],
            [
              2.3436086712922326,
              41.61060999680288
            ],
            [
              2.343609163879917,
              41.61061123738944
            ],
            [
              2.3436122706752633,
              41.61061185082043
            ],
            [
              2.343615324761556,
              41.61061280221026
            ],
            [
              2.3436178225243474,
              41.61061438919157
            ],
            [
              2.3436190184418058,
              41.61061552040136
            ],
            [
              2.343620506678392,
              41.61061770374851
            ],
            [
              2.343621584801369,
              41.61062104781841
            ],
            [
              2.343620948625836,
              41.61062509692507
            ],
            [
              2.343622091833585,
              41.61062656609428
            ],
            [
              2.343624592297565,
              41.61062815562981
            ]
          ]
        ]
      },
      "properties": {
        "id": "s_5d6c8935ce6c4361660000ec",
        "destinationNodes": [],
        "center": [
          2.3435967476676587,
          41.610626533788334
        ],
        "details": {
          "description": "",
          "name": "",
          "images": []
        }
      }
    },
    {
      "type": "Feature",
      "geometry": {
        "type": "Polygon",
        "coordinates": [
          [
            [
              2.3428937407034036,
              41.60957819680749
            ],
            [
              2.342894127931663,
              41.609580112742755
            ],
            [
              2.3428942626526648,
              41.60958217764814
            ],
            [
              2.3428939457519973,
              41.60958420317382
            ],
            [
              2.3428929776924514,
              41.60958599991957
            ],
            [
              2.342891558009584,
              41.60958775728544
            ],
            [
              2.342889740261112,
              41.609589138110074
            ],
            [
              2.342887271905026,
              41.60959029034835
            ],
            [
              2.3428816431822534,
              41.60959116426271
            ],
            [
              2.342878857914544,
              41.60959434332846
            ],
            [
              2.3428773449575404,
              41.60959523747694
            ],
            [
              2.3428739728484262,
              41.60959631047649
            ],
            [
              2.342871610460593,
              41.60959678829198
            ],
            [
              2.342869101072062,
              41.60959673989136
            ],
            [
              2.3428663922294555,
              41.60959650282213
            ],
            [
              2.3428639886066764,
              41.60959577882303
            ],
            [
              2.3428618365124176,
              41.60959490591294
            ],
            [
              2.342859738313238,
              41.609593696161696
            ],
            [
              2.3428581444454317,
              41.60959218848233
            ],
            [
              2.3428560339672346,
              41.609592517420516
            ],
            [
              2.3428539763723712,
              41.609592508559224
            ],
            [
              2.3428519716591247,
              41.6095921618995
            ],
            [
              2.342848066846957,
              41.60959079353051
            ],
            [
              2.3428461671753045,
              41.60958977157087
            ],
            [
              2.342844519412634,
              41.60958860073356
            ],
            [
              2.342843376326186,
              41.6095871316359
            ],
            [
              2.342841992752935,
              41.609584273230965
            ],
            [
              2.3428417125180756,
              41.6095816825289
            ],
            [
              2.3428419238246425,
              41.60958033276137
            ],
            [
              2.3428432501065743,
              41.60957771238473
            ],
            [
              2.3428441117312984,
              41.60957658994796
            ],
            [
              2.342842516852403,
              41.609575081311235
            ],
            [
              2.3428414269360607,
              41.60957327567148
            ],
            [
              2.3428410397937314,
              41.60957135981578
            ],
            [
              2.342840904989441,
              41.60956929482992
            ],
            [
              2.342841222274399,
              41.609567269338484
            ],
            [
              2.3428421899524072,
              41.60956547255908
            ],
            [
              2.3428436096361285,
              41.60956371519382
            ],
            [
              2.3428454273848716,
              41.60956233436992
            ],
            [
              2.342847895740636,
              41.60956118213254
            ],
            [
              2.342853524758933,
              41.60956030817348
            ],
            [
              2.3428563098130613,
              41.60955712923445
            ],
            [
              2.3428578227694628,
              41.60955623508625
            ],
            [
              2.3428611950064786,
              41.60955516188196
            ],
            [
              2.342864008972044,
              41.60955472373176
            ],
            [
              2.3428667702676753,
              41.60955462325483
            ],
            [
              2.3428694791935394,
              41.60955486040448
            ],
            [
              2.342871882899179,
              41.60955558448321
            ],
            [
              2.342874233434362,
              41.6095566451045
            ],
            [
              2.3428760796395567,
              41.60955800365339
            ],
            [
              2.3428778202463785,
              41.60956003796
            ],
            [
              2.3428783124299843,
              41.60956127851625
            ],
            [
              2.342881419550696,
              41.60956189199983
            ],
            [
              2.3428844735756287,
              41.60956284340952
            ],
            [
              2.3428869711113247,
              41.609564430245946
            ],
            [
              2.342888167081517,
              41.60956556154373
            ],
            [
              2.3428896552682694,
              41.60956774490083
            ],
            [
              2.3428907331224518,
              41.60957108910365
            ],
            [
              2.3428900972099553,
              41.609575138159435
            ],
            [
              2.3428912402981292,
              41.60957660725614
            ],
            [
              2.3428937407034036,
              41.60957819680749
            ]
          ]
        ]
      },
      "properties": {
        "id": "s_5d6c8935ce6c4361660000ed",
        "destinationNodes": [],
        "center": [
          2.3428658964725426,
          41.609576574858245
        ],
        "details": {
          "description": "",
          "name": "",
          "images": []
        }
      }
    },
    {
      "type": "Feature",
      "geometry": {
        "type": "Polygon",
        "coordinates": [
          [
            [
              2.3431987149389175,
              41.610380118049825
            ],
            [
              2.343199102011525,
              41.61038203382507
            ],
            [
              2.34319923691418,
              41.61038409888976
            ],
            [
              2.3431989197422536,
              41.61038612431965
            ],
            [
              2.343197951955374,
              41.61038792116392
            ],
            [
              2.3431965322631685,
              41.61038967853354
            ],
            [
              2.343194714605127,
              41.61039105930111
            ],
            [
              2.343192246223988,
              41.61039221154473
            ],
            [
              2.3431866170533664,
              41.61039308544054
            ],
            [
              2.343183831979244,
              41.61039626438872
            ],
            [
              2.3431823189018544,
              41.61039715860373
            ],
            [
              2.343178946817172,
              41.610398231834125
            ],
            [
              2.343176584508038,
              41.610398709593326
            ],
            [
              2.3431740750887764,
              41.61039866119999
            ],
            [
              2.3431713659362283,
              41.61039842404026
            ],
            [
              2.3431689622801475,
              41.61039770004752
            ],
            [
              2.3431668104294654,
              41.6103968272401
            ],
            [
              2.3431647123051644,
              41.61039561743139
            ],
            [
              2.3431631183267836,
              41.61039410967711
            ],
            [
              2.3431610077172262,
              41.61039443868392
            ],
            [
              2.3431589500960515,
              41.61039442982741
            ],
            [
              2.34315694535712,
              41.61039408317247
            ],
            [
              2.343153040405436,
              41.6103927147352
            ],
            [
              2.343151140895651,
              41.61039169279663
            ],
            [
              2.343149492916831,
              41.610390521946464
            ],
            [
              2.3431483499993586,
              41.61038905286905
            ],
            [
              2.343146966311761,
              41.61038619438867
            ],
            [
              2.343146685847115,
              41.61038360381277
            ],
            [
              2.343146897149927,
              41.61038225404471
            ],
            [
              2.343148223626962,
              41.61037963368126
            ],
            [
              2.3431490853421058,
              41.610378511322644
            ],
            [
              2.3431474903512357,
              41.610377002609695
            ],
            [
              2.3431464005203635,
              41.61037519690927
            ],
            [
              2.3431460134484876,
              41.61037328113437
            ],
            [
              2.3431458785475594,
              41.610371216069616
            ],
            [
              2.3431461956143966,
              41.61036919070292
            ],
            [
              2.343147163509118,
              41.61036739379605
            ],
            [
              2.343148583095497,
              41.610365636490066
            ],
            [
              2.343150400860491,
              41.61036425566018
            ],
            [
              2.3431528692413073,
              41.610363103417455
            ],
            [
              2.3431584981337483,
              41.61036222942615
            ],
            [
              2.3431612834836715,
              41.61035905057574
            ],
            [
              2.3431627964537776,
              41.610358156424034
            ],
            [
              2.3431661685366336,
              41.61035708319411
            ],
            [
              2.34316898274847,
              41.61035664491039
            ],
            [
              2.3431717439728352,
              41.61035654448934
            ],
            [
              2.3431744528476046,
              41.61035678155193
            ],
            [
              2.3431768566708713,
              41.61035750570408
            ],
            [
              2.343179207241163,
              41.61035856631863
            ],
            [
              2.343181053559181,
              41.61035992494294
            ],
            [
              2.343182794113808,
              41.61036195916466
            ],
            [
              2.343183286416078,
              41.61036319965655
            ],
            [
              2.343186393364079,
              41.61036381325854
            ],
            [
              2.3431894474323474,
              41.61036476465964
            ],
            [
              2.3431919451130896,
              41.61036635142758
            ],
            [
              2.3431931410184825,
              41.6103674826418
            ],
            [
              2.3431946292969,
              41.61036966621702
            ],
            [
              2.34319570739278,
              41.610373010291404
            ],
            [
              2.3431950711945273,
              41.61037705939586
            ],
            [
              2.3431962142188407,
              41.610378528409115
            ],
            [
              2.3431987149389175,
              41.610380118049825
            ]
          ]
        ]
      },
      "properties": {
        "id": "s_5d6c8935ce6c4361660000ee",
        "destinationNodes": [],
        "center": [
          2.3431708702723943,
          41.610378496097574
        ],
        "details": {
          "description": "",
          "name": "",
          "images": []
        }
      }
    },
    {
      "type": "Feature",
      "geometry": {
        "type": "Polygon",
        "coordinates": [
          [
            [
              2.3431225272387266,
              41.61039926025779
            ],
            [
              2.34312291447871,
              41.6104011761923
            ],
            [
              2.343123049208751,
              41.610403241097416
            ],
            [
              2.3431227320350296,
              41.61040526652776
            ],
            [
              2.343121764245741,
              41.61040706337138
            ],
            [
              2.3431203445510387,
              41.610408820740055
            ],
            [
              2.343118526890136,
              41.610410201505786
            ],
            [
              2.343116058507595,
              41.61041135374842
            ],
            [
              2.34311042950292,
              41.610412227800055
            ],
            [
              2.343107644425092,
              41.610415406745865
            ],
            [
              2.3431061313453223,
              41.6104163009604
            ],
            [
              2.3431027590897227,
              41.61041737402904
            ],
            [
              2.343100396779324,
              41.61041785178668
            ],
            [
              2.343097887359558,
              41.61041780339052
            ],
            [
              2.343095178374952,
              41.61041756638969
            ],
            [
              2.3430927745503634,
              41.61041684223584
            ],
            [
              2.3430906227000734,
              41.61041596942702
            ],
            [
              2.3430885245765793,
              41.6104147596169
            ],
            [
              2.343086930598815,
              41.61041325186092
            ],
            [
              2.3430848199891168,
              41.61041358086583
            ],
            [
              2.343082762535808,
              41.61041357216865
            ],
            [
              2.343080757628042,
              41.61041322535286
            ],
            [
              2.343076852845464,
              41.610411857072535
            ],
            [
              2.343074953167674,
              41.610410834973194
            ],
            [
              2.3430733053583963,
              41.61040966428146
            ],
            [
              2.343072162273671,
              41.61040819504376
            ],
            [
              2.3430707787585616,
              41.61040533672147
            ],
            [
              2.3430704982960178,
              41.61040274614592
            ],
            [
              2.343070709600487,
              41.61040139637797
            ],
            [
              2.3430720359123605,
              41.6103987758559
            ],
            [
              2.34307289762996,
              41.61039765349734
            ],
            [
              2.343071302640399,
              41.61039614478334
            ],
            [
              2.343070212810461,
              41.610394339082696
            ],
            [
              2.343069825740733,
              41.610392423307545
            ],
            [
              2.343069691011544,
              41.610390358402874
            ],
            [
              2.343070007911527,
              41.610388332876205
            ],
            [
              2.343070975808657,
              41.610386535969965
            ],
            [
              2.343072395566182,
              41.61038477882447
            ],
            [
              2.3430742131646967,
              41.61038339783625
            ],
            [
              2.3430766817171302,
              41.61038224575417
            ],
            [
              2.34308231061209,
              41.61038137176774
            ],
            [
              2.3430850957972535,
              41.61037819275898
            ],
            [
              2.343086608768865,
              41.610377298608284
            ],
            [
              2.343089981023513,
              41.610376225539596
            ],
            [
              2.343092795235827,
              41.61037578725825
            ],
            [
              2.3430955564611304,
              41.610375686839035
            ],
            [
              2.3430982653364234,
              41.610375923903405
            ],
            [
              2.3431006689917737,
              41.61037664789709
            ],
            [
              2.343103019454646,
              41.610377708577424
            ],
            [
              2.343104865877597,
              41.610379067139235
            ],
            [
              2.343106606324348,
              41.610381101425816
            ],
            [
              2.3431070988999387,
              41.610382342013864
            ],
            [
              2.3431102056803614,
              41.610382955457844
            ],
            [
              2.3431132597475384,
              41.610383906861486
            ],
            [
              2.3431157575957973,
              41.6103854937906
            ],
            [
              2.3431169535002083,
              41.6103866250056
            ],
            [
              2.3431184416078406,
              41.610388808422286
            ],
            [
              2.343119519700965,
              41.61039215249687
            ],
            [
              2.3431188834961763,
              41.61039620160077
            ],
            [
              2.343120026688434,
              41.610397670774965
            ],
            [
              2.3431225272387266,
              41.61039926025779
            ]
          ]
        ]
      },
      "properties": {
        "id": "s_5d6c8935ce6c4361660000ef",
        "destinationNodes": [],
        "center": [
          2.3430946826271013,
          41.610397638350285
        ],
        "details": {
          "description": "",
          "name": "",
          "images": []
        }
      }
    },
    {
      "type": "Feature",
      "geometry": {
        "type": "Polygon",
        "coordinates": [
          [
            [
              2.344200485280928,
              41.61080208037658
            ],
            [
              2.3442008723851266,
              41.610803996147794
            ],
            [
              2.3442010073207324,
              41.61080606121132
            ],
            [
              2.344200690285557,
              41.610808086581564
            ],
            [
              2.3441997224135704,
              41.610809883497275
            ],
            [
              2.344198302739369,
              41.61081164087923
            ],
            [
              2.344196485197745,
              41.61081302159835
            ],
            [
              2.3441940168181707,
              41.61081417386459
            ],
            [
              2.3441883876242997,
              41.610815047809254
            ],
            [
              2.3441856025815104,
              41.610818226780424
            ],
            [
              2.344184089400555,
              41.61081912107215
            ],
            [
              2.3441807174178546,
              41.61082019426943
            ],
            [
              2.3441783549940074,
              41.61082067211218
            ],
            [
              2.3441758455577633,
              41.61082062373944
            ],
            [
              2.3441731366589624,
              41.610820386700894
            ],
            [
              2.344170732807263,
              41.61081966256949
            ],
            [
              2.344168580823145,
              41.6108187898433
            ],
            [
              2.344166482773014,
              41.61081757998972
            ],
            [
              2.344164888760102,
              41.610816072248646
            ],
            [
              2.344162778035167,
              41.61081640133682
            ],
            [
              2.344160720400213,
              41.610816392499345
            ],
            [
              2.3441587156427848,
              41.610816045861796
            ],
            [
              2.3441548108138344,
              41.61081467761744
            ],
            [
              2.3441529112137838,
              41.610813655472796
            ],
            [
              2.344151263267099,
              41.61081248486003
            ],
            [
              2.34415012025824,
              41.610811015569446
            ],
            [
              2.344148736472492,
              41.61080815738668
            ],
            [
              2.3441484561782695,
              41.610805566687674
            ],
            [
              2.344148667462377,
              41.610804216917224
            ],
            [
              2.344149993631188,
              41.61080159644632
            ],
            [
              2.3441508553354127,
              41.61080047407971
            ],
            [
              2.3441492603106813,
              41.6107989653806
            ],
            [
              2.3441481703370837,
              41.61079715975321
            ],
            [
              2.3441477832329256,
              41.61079524398166
            ],
            [
              2.3441476485124078,
              41.61079317879199
            ],
            [
              2.3441479655498667,
              41.61079115342253
            ],
            [
              2.3441489332096523,
              41.61078935663335
            ],
            [
              2.344150352884708,
              41.61078759925201
            ],
            [
              2.3441521706401485,
              41.610786218406346
            ],
            [
              2.344154639020092,
              41.61078506614167
            ],
            [
              2.344160268210929,
              41.610784192199155
            ],
            [
              2.344163053253681,
              41.6107810132274
            ],
            [
              2.3441645662206727,
              41.61078011906208
            ],
            [
              2.3441679384156,
              41.610779045739825
            ],
            [
              2.3441707524248008,
              41.61077860755828
            ],
            [
              2.3441735137723487,
              41.61077850705023
            ],
            [
              2.3441762228371705,
              41.61077874424881
            ],
            [
              2.3441786265196285,
              41.610779468220066
            ],
            [
              2.3441809771208915,
              41.61078052881473
            ],
            [
              2.3441828234720843,
              41.610781887422995
            ],
            [
              2.344184564069686,
              41.610783921629626
            ],
            [
              2.3441850562877597,
              41.61078516218028
            ],
            [
              2.3441881634798474,
              41.610785775628685
            ],
            [
              2.344191217581993,
              41.610786727003784
            ],
            [
              2.344193715197033,
              41.610788313813096
            ],
            [
              2.3441949112964675,
              41.61078944517646
            ],
            [
              2.344196399556558,
              41.61079162851618
            ],
            [
              2.3441974774989327,
              41.61079497270679
            ],
            [
              2.344196841571886,
              41.61079902169119
            ],
            [
              2.3441979846264887,
              41.61080049069452
            ],
            [
              2.344200485280928,
              41.61080208037658
            ]
          ]
        ]
      },
      "properties": {
        "id": "s_5d6c8935ce6c4361660000f0",
        "destinationNodes": [],
        "center": [
          2.3441726404610415,
          41.61080045867291
        ],
        "details": {
          "description": "",
          "name": "",
          "images": []
        }
      }
    },
    {
      "type": "Feature",
      "geometry": {
        "type": "Polygon",
        "coordinates": [
          [
            [
              2.3440467516845,
              41.61089293693871
            ],
            [
              2.3440471387846786,
              41.61089485271045
            ],
            [
              2.3440472737155535,
              41.61089691777415
            ],
            [
              2.3440469564617428,
              41.61089894327007
            ],
            [
              2.344045988797473,
              41.6109007400584
            ],
            [
              2.344044569117085,
              41.61090249743845
            ],
            [
              2.3440427513553734,
              41.610903878281775
            ],
            [
              2.344040282970451,
              41.610905030544195
            ],
            [
              2.344034653979932,
              41.610905904355285
            ],
            [
              2.3440318687114075,
              41.610909083449364
            ],
            [
              2.3440303557404265,
              41.610909977612444
            ],
            [
              2.3440269837504197,
              41.61091105080523
            ],
            [
              2.3440246213221063,
              41.610911528644834
            ],
            [
              2.344022111882443,
              41.61091148026876
            ],
            [
              2.34401940276703,
              41.610911243352696
            ],
            [
              2.344016999127033,
              41.610910519092
            ],
            [
              2.3440148471410893,
              41.610909646363446
            ],
            [
              2.344012748877524,
              41.610908436633174
            ],
            [
              2.3440111548659597,
              41.61090692888998
            ],
            [
              2.3440090443515045,
              41.61090725784872
            ],
            [
              2.344006986713674,
              41.610907249008505
            ],
            [
              2.3440049819542486,
              41.610906902368306
            ],
            [
              2.3440010771221846,
              41.610905534119254
            ],
            [
              2.3439991773085316,
              41.61090451209818
            ],
            [
              2.3439975295765523,
              41.61090334135659
            ],
            [
              2.343996386355348,
              41.6109018721911
            ],
            [
              2.3439950027878242,
              41.61089901388042
            ],
            [
              2.3439947225002555,
              41.61089642318048
            ],
            [
              2.3439949335736405,
              41.61089507353695
            ],
            [
              2.3439962599648005,
              41.61089245294121
            ],
            [
              2.3439971216729134,
              41.61089133057574
            ],
            [
              2.3439955266495307,
              41.6108898218745
            ],
            [
              2.343994436678701,
              41.610888016245646
            ],
            [
              2.343994049578563,
              41.61088610047359
            ],
            [
              2.343993914649415,
              41.610884035409825
            ],
            [
              2.343994231905509,
              41.610882009914704
            ],
            [
              2.343995199570939,
              41.61088021312682
            ],
            [
              2.3439966192521826,
              41.61087845574736
            ],
            [
              2.3439984370134734,
              41.61087707490412
            ],
            [
              2.344000905399639,
              41.610875922642734
            ],
            [
              2.3440065346004872,
              41.61087504870771
            ],
            [
              2.344009319654737,
              41.61087186973968
            ],
            [
              2.3440108326251163,
              41.61087097557688
            ],
            [
              2.3440142046139876,
              41.610869902385225
            ],
            [
              2.3440170188424334,
              41.61086946408081
            ],
            [
              2.34401978019411,
              41.61086936357644
            ],
            [
              2.3440224892621817,
              41.61086960077863
            ],
            [
              2.3440248929463,
              41.61087032475308
            ],
            [
              2.344027243548346,
              41.61087138535088
            ],
            [
              2.3440290898989016,
              41.61087274396161
            ],
            [
              2.3440308304941073,
              41.61087477817055
            ],
            [
              2.344031322709918,
              41.61087601872187
            ],
            [
              2.344034429690683,
              41.61087663230103
            ],
            [
              2.3440374840090996,
              41.610877583553574
            ],
            [
              2.3440399816238764,
              41.61087917036621
            ],
            [
              2.3440411777223,
              41.61088030173116
            ],
            [
              2.344042665979283,
              41.61088248507288
            ],
            [
              2.344043743915207,
              41.61088582926492
            ],
            [
              2.3440431079776154,
              41.610889878248464
            ],
            [
              2.344044250816965,
              41.61089134737942
            ],
            [
              2.3440467516845,
              41.61089293693871
            ]
          ]
        ]
      },
      "properties": {
        "id": "s_5d6c8935ce6c4361660000f1",
        "destinationNodes": [],
        "center": [
          2.3440189067792883,
          41.61089131522749
        ],
        "details": {
          "description": "",
          "name": "",
          "images": []
        }
      }
    },
    {
      "type": "Feature",
      "geometry": {
        "type": "Polygon",
        "coordinates": [
          [
            [
              2.3441234793442964,
              41.610847590946044
            ],
            [
              2.344123866447356,
              41.61084950671702
            ],
            [
              2.3441240013797175,
              41.61085157178114
            ],
            [
              2.344123684342775,
              41.610853597150644
            ],
            [
              2.344122716467086,
              41.61085539406624
            ],
            [
              2.344121297004022,
              41.61085715132063
            ],
            [
              2.344119479245231,
              41.61085853216516
            ],
            [
              2.34411701086254,
              41.61085968442973
            ],
            [
              2.344111381664529,
              41.61086055837014
            ],
            [
              2.344108596615106,
              41.610863737339976
            ],
            [
              2.3441070836453775,
              41.61086463150458
            ],
            [
              2.344103711445655,
              41.610865704825706
            ],
            [
              2.3441013492338074,
              41.61086618254026
            ],
            [
              2.344098839581614,
              41.61086613429247
            ],
            [
              2.344096130681185,
              41.61086589725212
            ],
            [
              2.3440937268286546,
              41.61086517311911
            ],
            [
              2.3440915748440596,
              41.61086430039147
            ],
            [
              2.344089476793893,
              41.61086309053651
            ],
            [
              2.344087882781656,
              41.610861582794364
            ],
            [
              2.344085772268201,
              41.61086191175504
            ],
            [
              2.3440837146326805,
              41.61086190291566
            ],
            [
              2.3440817098742524,
              41.610861556276795
            ],
            [
              2.3440778048299435,
              41.61086018815643
            ],
            [
              2.3440759052297726,
              41.61085916601053
            ],
            [
              2.3440742574975597,
              41.610857995270045
            ],
            [
              2.344073114275411,
              41.6108565261053
            ],
            [
              2.3440717307054606,
              41.61085366779553
            ],
            [
              2.344071450201645,
              41.6108510772219
            ],
            [
              2.344071661486639,
              41.61084972745212
            ],
            [
              2.344072987660388,
              41.61084710698159
            ],
            [
              2.3440738493656856,
              41.61084598461606
            ],
            [
              2.3440722543416297,
              41.6108444759159
            ],
            [
              2.3440711645827808,
              41.61084267016166
            ],
            [
              2.344070777480636,
              41.61084075438986
            ],
            [
              2.344070642550001,
              41.610838689325675
            ],
            [
              2.3440709595892266,
              41.61083666395695
            ],
            [
              2.344071927466076,
              41.6108348670418
            ],
            [
              2.3440733469299944,
              41.61083310978803
            ],
            [
              2.3440751646883657,
              41.61083172894357
            ],
            [
              2.344077633071426,
              41.610830576680556
            ],
            [
              2.3440832622681516,
              41.61082970274127
            ],
            [
              2.344086047315789,
              41.610826523771905
            ],
            [
              2.3440875604982776,
              41.61082562948148
            ],
            [
              2.344090932483503,
              41.61082455628759
            ],
            [
              2.344093746709449,
              41.6108241179813
            ],
            [
              2.344096507844828,
              41.6108240176017
            ],
            [
              2.3440992171255144,
              41.61082425467548
            ],
            [
              2.3441016208079293,
              41.61082497864885
            ],
            [
              2.3441039711962226,
              41.61082603937118
            ],
            [
              2.3441058175479705,
              41.61082739798016
            ],
            [
              2.344107558143498,
              41.61082943218847
            ],
            [
              2.3441080505738,
              41.61083067261336
            ],
            [
              2.3441111575539852,
              41.610831286189935
            ],
            [
              2.34411421165715,
              41.61083223756707
            ],
            [
              2.3441167092729325,
              41.61083382437753
            ],
            [
              2.3441179053718604,
              41.610834955741694
            ],
            [
              2.3441193936295193,
              41.61083713908292
            ],
            [
              2.3441204717820256,
              41.61084048314816
            ],
            [
              2.3441198356372093,
              41.6108445322577
            ],
            [
              2.344120978690865,
              41.610846001261805
            ],
            [
              2.3441234793442964,
              41.610847590946044
            ]
          ]
        ]
      },
      "properties": {
        "id": "s_5d6c8935ce6c4361660000f2",
        "destinationNodes": [],
        "center": [
          2.3440956345674455,
          41.610845969187885
        ],
        "details": {
          "description": "",
          "name": "",
          "images": []
        }
      }
    },
    {
      "type": "Feature",
      "geometry": {
        "type": "Polygon",
        "coordinates": [
          [
            [
              2.3440907198373213,
              41.61069424648504
            ],
            [
              2.3440911069384875,
              41.61069616225611
            ],
            [
              2.3440912418694797,
              41.610698227320285
            ],
            [
              2.3440909248322623,
              41.6107002526897
            ],
            [
              2.344089956957961,
              41.61070204960502
            ],
            [
              2.3440885372831426,
              41.61070380698561
            ],
            [
              2.344086719742207,
              41.610705187703005
            ],
            [
              2.3440842513647984,
              41.61070633996689
            ],
            [
              2.3440786221797247,
              41.6107072139057
            ],
            [
              2.3440758371353065,
              41.61071039287474
            ],
            [
              2.3440743239553585,
              41.61071128716502
            ],
            [
              2.3440709519764686,
              41.610712360359074
            ],
            [
              2.344068589556632,
              41.61071283819906
            ],
            [
              2.34406608012379,
              41.61071278982447
            ],
            [
              2.3440633712299213,
              41.61071255278335
            ],
            [
              2.3440609673834722,
              41.61071182864966
            ],
            [
              2.3440588154044364,
              41.61071095592141
            ],
            [
              2.344056717359871,
              41.610709746065844
            ],
            [
              2.344055123352189,
              41.61070823832325
            ],
            [
              2.3440530126302224,
              41.61070856740942
            ],
            [
              2.344050954999598,
              41.61070855856947
            ],
            [
              2.344048950245236,
              41.61070821193055
            ],
            [
              2.3440450452557977,
              41.61070684352227
            ],
            [
              2.3440431458293136,
              41.610705821535355
            ],
            [
              2.344041497888067,
              41.610704650921676
            ],
            [
              2.3440403548836186,
              41.610703181629994
            ],
            [
              2.344038971149066,
              41.610700323159655
            ],
            [
              2.344038690647924,
              41.610697732586594
            ],
            [
              2.34403890193241,
              41.610696382816215
            ],
            [
              2.3440402282736805,
              41.610693762506244
            ],
            [
              2.34404108997681,
              41.61069264014031
            ],
            [
              2.3440394949580026,
              41.610691131440355
            ],
            [
              2.3440384052026615,
              41.61068932568581
            ],
            [
              2.34403801810241,
              41.61068740991389
            ],
            [
              2.3440378831731445,
              41.61068534484967
            ],
            [
              2.344038200211954,
              41.61068331948039
            ],
            [
              2.344039168087416,
              41.6106815225655
            ],
            [
              2.3440405875497268,
              41.61067976531161
            ],
            [
              2.344042405304296,
              41.61067838446884
            ],
            [
              2.344044873681382,
              41.610677232205866
            ],
            [
              2.3440505028651715,
              41.61067635826818
            ],
            [
              2.344053287908494,
              41.610673179300264
            ],
            [
              2.344054800874478,
              41.61067228513637
            ],
            [
              2.3440581730655947,
              41.61067121181734
            ],
            [
              2.3440609872850735,
              41.61067077351185
            ],
            [
              2.34406374841325,
              41.61067067313238
            ],
            [
              2.344066457474705,
              41.61067091033369
            ],
            [
              2.344068861151039,
              41.610671634307735
            ],
            [
              2.3440712117465674,
              41.61067269490464
            ],
            [
              2.3440730580925453,
              41.61067405351348
            ],
            [
              2.344074798683593,
              41.610676087722936
            ],
            [
              2.3440752908980413,
              41.61067732827341
            ],
            [
              2.3440783980845827,
              41.61067794172543
            ],
            [
              2.3440814521793127,
              41.610678893102786
            ],
            [
              2.3440839497883528,
              41.610680479913945
            ],
            [
              2.3440851458845535,
              41.6106816112791
            ],
            [
              2.3440866341375663,
              41.61068379462075
            ],
            [
              2.3440877120717576,
              41.61068713881174
            ],
            [
              2.3440870761397585,
              41.610691187795005
            ],
            [
              2.344088219190642,
              41.61069265680009
            ],
            [
              2.3440907198373213,
              41.61069424648504
            ]
          ]
        ]
      },
      "properties": {
        "id": "s_5d6c8935ce6c4361660000f3",
        "destinationNodes": [],
        "center": [
          2.344062875073344,
          41.6106926247334
        ],
        "details": {
          "description": "",
          "name": "",
          "images": []
        }
      }
    },
    {
      "type": "Feature",
      "geometry": {
        "type": "Polygon",
        "coordinates": [
          [
            [
              2.343936986343269,
              41.610785102900934
            ],
            [
              2.343937373440415,
              41.61078701867254
            ],
            [
              2.343937508366676,
              41.61078908373689
            ],
            [
              2.3439371913241858,
              41.61079110910588
            ],
            [
              2.3439362234442394,
              41.61079290601991
            ],
            [
              2.3439348037632337,
              41.610794663398615
            ],
            [
              2.3439329860030855,
              41.610796044239684
            ],
            [
              2.343930517619454,
              41.61079719650027
            ],
            [
              2.343924888637732,
              41.61079807030549
            ],
            [
              2.3439221033684534,
              41.61080124939693
            ],
            [
              2.3439205903976053,
              41.61080214355908
            ],
            [
              2.3439172184114097,
              41.61080321674865
            ],
            [
              2.343914855987107,
              41.6108036945855
            ],
            [
              2.343912346550846,
              41.610803646207565
            ],
            [
              2.343909637654601,
              41.6108034091623
            ],
            [
              2.3439072338056173,
              41.610802685025924
            ],
            [
              2.34390508182563,
              41.61080181229482
            ],
            [
              2.3439029835676313,
              41.61080060256255
            ],
            [
              2.343901389561297,
              41.61079909481783
            ],
            [
              2.3438992790489355,
              41.610799423775084
            ],
            [
              2.343897221415434,
              41.610799414932416
            ],
            [
              2.343895216659075,
              41.61079906829081
            ],
            [
              2.343891311667398,
              41.61079769987734
            ],
            [
              2.3438894120273117,
              41.61079667801398
            ],
            [
              2.3438877643007703,
              41.61079550727149
            ],
            [
              2.3438866210839766,
              41.610794038104906
            ],
            [
              2.3438852373542867,
              41.61079117963272
            ],
            [
              2.3438849570722855,
              41.61078858893319
            ],
            [
              2.343885168360286,
              41.610787239163095
            ],
            [
              2.3438864947096687,
              41.610784618854886
            ],
            [
              2.343887356416686,
              41.6107834964901
            ],
            [
              2.343885761399228,
              41.61078198778801
            ],
            [
              2.3438846714332926,
              41.610780182158116
            ],
            [
              2.3438842843370615,
              41.610778266385694
            ],
            [
              2.343884149412527,
              41.610776201321286
            ],
            [
              2.343884466670846,
              41.61077417582581
            ],
            [
              2.3438854343377162,
              41.61077237903884
            ],
            [
              2.3438868540195767,
              41.61077062166074
            ],
            [
              2.3438886717808702,
              41.61076924081988
            ],
            [
              2.3438911401633047,
              41.6107680885607
            ],
            [
              2.3438967693571047,
              41.61076721463052
            ],
            [
              2.343899554411925,
              41.610764035666314
            ],
            [
              2.343901067382171,
              41.61076314150442
            ],
            [
              2.343904439580595,
              41.610762068189885
            ],
            [
              2.34390725359172,
              41.610761630014245
            ],
            [
              2.3439100149373857,
              41.61076152951235
            ],
            [
              2.3439127240020916,
              41.610761766717275
            ],
            [
              2.343915127680085,
              41.61076249069452
            ],
            [
              2.343917478277272,
              41.61076355129404
            ],
            [
              2.3439193246217376,
              41.61076490990586
            ],
            [
              2.3439210652112643,
              41.610766944117124
            ],
            [
              2.343921557422575,
              41.61076818466877
            ],
            [
              2.34392466461203,
              41.610768798124916
            ],
            [
              2.3439277187096694,
              41.61076974950582
            ],
            [
              2.343930216317571,
              41.61077133632084
            ],
            [
              2.3439314124127604,
              41.61077246768757
            ],
            [
              2.3439329006635408,
              41.610774651030695
            ],
            [
              2.3439339785904068,
              41.61077799522364
            ],
            [
              2.3439333426478632,
              41.61078204420607
            ],
            [
              2.3439344854834934,
              41.61078351333876
            ],
            [
              2.343936986343269,
              41.610785102900934
            ]
          ]
        ]
      },
      "properties": {
        "id": "s_5d6c8935ce6c4361660000f4",
        "destinationNodes": [],
        "center": [
          2.3439091414942714,
          41.61078348114156
        ],
        "details": {
          "description": "",
          "name": "",
          "images": []
        }
      }
    },
    {
      "type": "Feature",
      "geometry": {
        "type": "Polygon",
        "coordinates": [
          [
            [
              2.34401371395197,
              41.61073975698125
            ],
            [
              2.344014101051122,
              41.61074167275259
            ],
            [
              2.3440142359806186,
              41.610743737816335
            ],
            [
              2.3440139189398863,
              41.61074576318607
            ],
            [
              2.3440129510636316,
              41.610747560100215
            ],
            [
              2.3440115315990755,
              41.61074931735376
            ],
            [
              2.3440097138409732,
              41.61075069819657
            ],
            [
              2.3440072454613223,
              41.61075185045827
            ],
            [
              2.344001616270359,
              41.610752724393855
            ],
            [
              2.343998831220182,
              41.61075590336103
            ],
            [
              2.343997318252336,
              41.610756797523685
            ],
            [
              2.3439939460555497,
              41.610757870842114
            ],
            [
              2.343991583846838,
              41.610758348554434
            ],
            [
              2.3439890741989213,
              41.61075830030426
            ],
            [
              2.343986365304299,
              41.61075806326079
            ],
            [
              2.3439839614561437,
              41.610757339126025
            ],
            [
              2.3439818094766314,
              41.610756466396346
            ],
            [
              2.34397971143203,
              41.61075525653937
            ],
            [
              2.3439781174250234,
              41.61075374879571
            ],
            [
              2.3439760069145366,
              41.61075407775438
            ],
            [
              2.3439739492824705,
              41.61075406891306
            ],
            [
              2.3439719445279836,
              41.61075372227227
            ],
            [
              2.343968039323187,
              41.61075235398802
            ],
            [
              2.343966139896583,
              41.610751331999836
            ],
            [
              2.3439644921698073,
              41.61075016125842
            ],
            [
              2.3439633489520704,
              41.61074869209261
            ],
            [
              2.343961965219953,
              41.610745833621344
            ],
            [
              2.3439616847217053,
              41.6107432430481
            ],
            [
              2.3439618960079516,
              41.61074189327786
            ],
            [
              2.343963222353286,
              41.61073927296877
            ],
            [
              2.3439640840583627,
              41.61073815060341
            ],
            [
              2.3439624890402313,
              41.610736641902385
            ],
            [
              2.3439613992862762,
              41.610734836147124
            ],
            [
              2.3439610121889136,
              41.61073292037443
            ],
            [
              2.3439608772611433,
              41.61073085531063
            ],
            [
              2.3439611943034686,
              41.610728829941046
            ],
            [
              2.3439621621808833,
              41.61072703302733
            ],
            [
              2.343963581859656,
              41.610725275648285
            ],
            [
              2.3439653994046674,
              41.6107238949323
            ],
            [
              2.343967867783996,
              41.610722742671506
            ],
            [
              2.3439734969728,
              41.61072186873758
            ],
            [
              2.343976282021882,
              41.61071868977152
            ],
            [
              2.343977795203363,
              41.61071779548252
            ],
            [
              2.3439811671847774,
              41.61071672229183
            ],
            [
              2.3439839814067653,
              41.610716283988225
            ],
            [
              2.343986742537009,
              41.6107161836106
            ],
            [
              2.343989451813454,
              41.61071642068762
            ],
            [
              2.343991855490619,
              41.610717144663276
            ],
            [
              2.343994205874053,
              41.610718205387315
            ],
            [
              2.3439960522188374,
              41.610719563997925
            ],
            [
              2.343997792809559,
              41.61072159820801
            ],
            [
              2.343998285236236,
              41.61072283863271
            ],
            [
              2.3440013922100005,
              41.61072345221342
            ],
            [
              2.344004446306624,
              41.6107244035923
            ],
            [
              2.3440069441280196,
              41.610725990279555
            ],
            [
              2.3440081402237136,
              41.6107271216455
            ],
            [
              2.3440096282626826,
              41.61072930511373
            ],
            [
              2.34401070640613,
              41.61073264917986
            ],
            [
              2.344010070255487,
              41.6107366982888
            ],
            [
              2.3440112133054236,
              41.610738167294635
            ],
            [
              2.34401371395197,
              41.61073975698125
            ]
          ]
        ]
      },
      "properties": {
        "id": "s_5d6c8935ce6c4361660000f5",
        "destinationNodes": [],
        "center": [
          2.343985869223858,
          41.610738135179375
        ],
        "details": {
          "description": "",
          "name": "",
          "images": []
        }
      }
    },
    {
      "type": "Feature",
      "geometry": {
        "type": "Polygon",
        "coordinates": [
          [
            [
              2.3452667684768014,
              41.61206868970471
            ],
            [
              2.3452675008446815,
              41.6120713198055
            ],
            [
              2.345267330232023,
              41.61207387046733
            ],
            [
              2.3452667082682574,
              41.612076382363114
            ],
            [
              2.3452653831303767,
              41.612079003805164
            ],
            [
              2.345263206691252,
              41.61208120819336
            ],
            [
              2.3452608323458417,
              41.61208322506721
            ],
            [
              2.3452576070012197,
              41.612084824189125
            ],
            [
              2.34525282709085,
              41.61208611637502
            ],
            [
              2.3452507161268903,
              41.61208644430601
            ],
            [
              2.34524949762099,
              41.61208839065932
            ],
            [
              2.3452470711332682,
              41.61209074438284
            ],
            [
              2.3452458104919915,
              41.61209148942745
            ],
            [
              2.3452400237220945,
              41.61209337822706
            ],
            [
              2.3452367052363527,
              41.61209411429262
            ],
            [
              2.345233492192592,
              41.61209417545607
            ],
            [
              2.3452303318971417,
              41.61209389837311
            ],
            [
              2.3452272246321337,
              41.612093284952785
            ],
            [
              2.3452242235383305,
              41.61209199567899
            ],
            [
              2.345221726274191,
              41.61209040863979
            ],
            [
              2.3452195337970827,
              41.61208833491788
            ],
            [
              2.345216519884934,
              41.6120885844263
            ],
            [
              2.345213559059862,
              41.612088496008674
            ],
            [
              2.345210650589278,
              41.6120880706143
            ],
            [
              2.3452082466778172,
              41.61208734650502
            ],
            [
              2.3452058962254085,
              41.61208628580518
            ],
            [
              2.3452035984312407,
              41.612084887430754
            ],
            [
              2.345201552551963,
              41.61208334017365
            ],
            [
              2.3451998118872264,
              41.612081305982365
            ],
            [
              2.3451987220752266,
              41.612079500238146
            ],
            [
              2.345198082848737,
              41.6120777331932
            ],
            [
              2.3451975080335226,
              41.61207409032248
            ],
            [
              2.3451978250883254,
              41.61207206466388
            ],
            [
              2.345199508900648,
              41.61206861969781
            ],
            [
              2.3452006761881985,
              41.61206701172449
            ],
            [
              2.3451988816383693,
              41.61206531437474
            ],
            [
              2.3451974457613405,
              41.612062793499625
            ],
            [
              2.345196713396231,
              41.61206016339955
            ],
            [
              2.3451968840116453,
              41.612057612737836
            ],
            [
              2.3451975056399403,
              41.612055100522724
            ],
            [
              2.34519883078078,
              41.6120524790821
            ],
            [
              2.345201007221135,
              41.612050274695115
            ],
            [
              2.34520338190452,
              41.612048258141556
            ],
            [
              2.3452066069113413,
              41.6120466587021
            ],
            [
              2.345211386819713,
              41.612045366518124
            ],
            [
              2.345214853552362,
              41.61204515749729
            ],
            [
              2.3452154629124635,
              41.612044184258075
            ],
            [
              2.345218697892377,
              41.61204104564159
            ],
            [
              2.3452197061907993,
              41.61204044973266
            ],
            [
              2.345225745421783,
              41.612038412244345
            ],
            [
              2.345229263036005,
              41.61203786452452
            ],
            [
              2.34523292758539,
              41.612037843589405
            ],
            [
              2.3452362865487686,
              41.612038308254164
            ],
            [
              2.3452397925363786,
              41.612039299130565
            ],
            [
              2.3452425421402414,
              41.612040737034455
            ],
            [
              2.345245238658896,
              41.612042512864406
            ],
            [
              2.3452473786013255,
              41.612044924705536
            ],
            [
              2.3452482172981526,
              41.61204688041527
            ],
            [
              2.3452504742722913,
              41.61204707773943
            ],
            [
              2.3452526787125216,
              41.612047613183265
            ],
            [
              2.3452565836402672,
              41.61204898138996
            ],
            [
              2.345258483294184,
              41.61205000351644
            ],
            [
              2.345260131460361,
              41.61205117427345
            ],
            [
              2.345261526734659,
              41.61205249397241
            ],
            [
              2.345263613592784,
              41.61205524373936
            ],
            [
              2.345264305354715,
              41.6120566726642
            ],
            [
              2.345265224926444,
              41.61206103040559
            ],
            [
              2.345264139154211,
              41.61206504003237
            ],
            [
              2.3452654818943284,
              41.612066697850366
            ],
            [
              2.3452667684768014,
              41.61206868970471
            ]
          ]
        ]
      },
      "properties": {
        "id": "s_5d6c8935ce6c4361660000f6",
        "destinationNodes": [],
        "center": [
          2.345230928676571,
          41.61206684502034
        ],
        "details": {
          "description": "",
          "name": "",
          "images": []
        }
      }
    },
    {
      "type": "Feature",
      "geometry": {
        "type": "Polygon",
        "coordinates": [
          [
            [
              2.345184621793312,
              41.61213406073901
            ],
            [
              2.345185354158768,
              41.61213669083918
            ],
            [
              2.3451851835418145,
              41.6121392415014
            ],
            [
              2.345184561912229,
              41.61214175371644
            ],
            [
              2.3451832364325327,
              41.612144374837335
            ],
            [
              2.3451810603257135,
              41.612146579543044
            ],
            [
              2.345178685638011,
              41.612148596096134
            ],
            [
              2.345175460626093,
              41.61215019553546
            ],
            [
              2.345170680371225,
              41.61215148739824
            ],
            [
              2.3451685696180733,
              41.612151815201635
            ],
            [
              2.3451673508942212,
              41.61215376168071
            ],
            [
              2.34516492473836,
              41.612156115721525
            ],
            [
              2.345163664095732,
              41.61215686076473
            ],
            [
              2.345157877192738,
              41.61215874911558
            ],
            [
              2.34515455882734,
              41.612159485624574
            ],
            [
              2.3451513456564754,
              41.61215954633943
            ],
            [
              2.3451481851439366,
              41.61215926938084
            ],
            [
              2.3451450780907996,
              41.61215865583168
            ],
            [
              2.345142076781358,
              41.612157366682375
            ],
            [
              2.345139579516709,
              41.61215577964139
            ],
            [
              2.3451373870400194,
              41.61215370591791
            ],
            [
              2.3451343731253735,
              41.61215395542368
            ],
            [
              2.345131412633856,
              41.612153867323514
            ],
            [
              2.345128504037788,
              41.6121534414814
            ],
            [
              2.3451261001248134,
              41.612152717370414
            ],
            [
              2.3451237494580086,
              41.612151656795
            ],
            [
              2.3451214518766577,
              41.61215025829284
            ],
            [
              2.345119405783912,
              41.61214871116039
            ],
            [
              2.3451176653333663,
              41.61214667684176
            ],
            [
              2.345116575309197,
              41.612144871222846
            ],
            [
              2.3451159362976743,
              41.61214310405137
            ],
            [
              2.3451153614865166,
              41.612139461180234
            ],
            [
              2.345115678329981,
              41.61213743564847
            ],
            [
              2.3451173624857136,
              41.61213399100264
            ],
            [
              2.345118529440052,
              41.61213238271059
            ],
            [
              2.3451167348912567,
              41.61213068536022
            ],
            [
              2.3451152990151085,
              41.612128164484616
            ],
            [
              2.3451145666527893,
              41.61212553438283
            ],
            [
              2.3451147374849883,
              41.612122983595135
            ],
            [
              2.3451153589037483,
              41.61212047150657
            ],
            [
              2.34511668459995,
              41.612117850259835
            ],
            [
              2.345118860494636,
              41.612115645681456
            ],
            [
              2.3451212351829955,
              41.61211362912959
            ],
            [
              2.3451244601951218,
              41.61211202969242
            ],
            [
              2.3451292404464255,
              41.61211073783142
            ],
            [
              2.3451327068455363,
              41.612110528494
            ],
            [
              2.3451333162074945,
              41.61210955525523
            ],
            [
              2.345136551532,
              41.612106416960096
            ],
            [
              2.3451375598322035,
              41.61210582105187
            ],
            [
              2.3451435987354587,
              41.612103783248294
            ],
            [
              2.3451471169053164,
              41.612103235724575
            ],
            [
              2.345150781119558,
              41.61210321447289
            ],
            [
              2.345154139873259,
              41.61210367926561
            ],
            [
              2.345157646077216,
              41.61210467001906
            ],
            [
              2.3451603958059866,
              41.612106108370064
            ],
            [
              2.3451630925384777,
              41.612107884075826
            ],
            [
              2.345165231928631,
              41.61211029572488
            ],
            [
              2.345166070622944,
              41.61211225143574
            ],
            [
              2.3451683275999926,
              41.61211244876098
            ],
            [
              2.3451705320417755,
              41.61211298420638
            ],
            [
              2.3451744369717353,
              41.61211435241587
            ],
            [
              2.3451763368396406,
              41.61211537441759
            ],
            [
              2.345177984792633,
              41.61211654530186
            ],
            [
              2.345179380403981,
              41.61211786532088
            ],
            [
              2.345181466922528,
              41.61212061477078
            ],
            [
              2.345182159021349,
              41.612122044015805
            ],
            [
              2.3451830782504524,
              41.61212640143816
            ],
            [
              2.345181992810206,
              41.61213041138271
            ],
            [
              2.345183335548698,
              41.61213206920216
            ],
            [
              2.345184621793312,
              41.61213406073901
            ]
          ]
        ]
      },
      "properties": {
        "id": "s_5d6c8935ce6c4361660000f7",
        "destinationNodes": [],
        "center": [
          2.3451487821045287,
          41.612132216085065
        ],
        "details": {
          "description": "",
          "name": "",
          "images": []
        }
      }
    },
    {
      "type": "Feature",
      "geometry": {
        "type": "Polygon",
        "coordinates": [
          [
            [
              2.3453822229559003,
              41.61215767769239
            ],
            [
              2.3453829551161336,
              41.61216030791857
            ],
            [
              2.3453827845071142,
              41.612162858579914
            ],
            [
              2.3453821628849973,
              41.61216537079603
            ],
            [
              2.34538083774998,
              41.61216799223939
            ],
            [
              2.3453786613117993,
              41.61217019662978
            ],
            [
              2.3453762866287136,
              41.61217221318629
            ],
            [
              2.345373061620514,
              41.61217381263115
            ],
            [
              2.3453682817067376,
              41.61217510482129
            ],
            [
              2.345366170953817,
              41.6121754326283
            ],
            [
              2.345364952235481,
              41.61217737910946
            ],
            [
              2.3453625257486244,
              41.612179732835386
            ],
            [
              2.345361265106942,
              41.61218047788127
            ],
            [
              2.3453554785458075,
              41.61218236656057
            ],
            [
              2.345352159843441,
              41.612183102755544
            ],
            [
              2.3453489466722774,
              41.61218316347656
            ],
            [
              2.3453457864950518,
              41.61218288684242
            ],
            [
              2.345342679438023,
              41.61218227329909
            ],
            [
              2.3453396781244082,
              41.6121809841544
            ],
            [
              2.345337180853983,
              41.61217939711771
            ],
            [
              2.3453349880328203,
              41.61217732307893
            ],
            [
              2.3453319746683343,
              41.61217757278397
            ],
            [
              2.3453290136249634,
              41.612177484494765
            ],
            [
              2.3453261050256518,
              41.61217705865814
            ],
            [
              2.3453237014477715,
              41.61217633486981
            ],
            [
              2.345321350776858,
              41.612175274298416
            ],
            [
              2.345319053190382,
              41.61217387580019
            ],
            [
              2.3453170073055123,
              41.612172328545135
            ],
            [
              2.345315266634733,
              41.61217029435559
            ],
            [
              2.3453141766046337,
              41.61216848873854
            ],
            [
              2.345313537587464,
              41.61216672156816
            ],
            [
              2.3453129627649356,
              41.61216307869801
            ],
            [
              2.345313279602312,
              41.6121610531657
            ],
            [
              2.345314963410791,
              41.61215760819794
            ],
            [
              2.345316130697949,
              41.61215600022295
            ],
            [
              2.345314336143297,
              41.612154302875645
            ],
            [
              2.3453128999208914,
              41.6121517816828
            ],
            [
              2.3453121675502473,
              41.612149151582265
            ],
            [
              2.3453123383753867,
              41.61214660079494
            ],
            [
              2.34531296033736,
              41.61214408889825
            ],
            [
              2.3453142854753364,
              41.61214146745631
            ],
            [
              2.3453164617013837,
              41.612139263193235
            ],
            [
              2.345318836260481,
              41.61213724619215
            ],
            [
              2.3453220613928427,
              41.61213564719463
            ],
            [
              2.345326841304621,
              41.61213435500638
            ],
            [
              2.345330308041678,
              41.612134145982075
            ],
            [
              2.34533091706356,
              41.61213317242321
            ],
            [
              2.345334152379637,
              41.61213003412254
            ],
            [
              2.3453351606783834,
              41.61212943821259
            ],
            [
              2.3453412001282894,
              41.612127400591625
            ],
            [
              2.3453447177463844,
              41.61212685286828
            ],
            [
              2.345348382299912,
              41.61212683193002
            ],
            [
              2.345351741056267,
              41.612127296716984
            ],
            [
              2.3453552472645427,
              41.61212828746444
            ],
            [
              2.3453579966607165,
              41.61212972549103
            ],
            [
              2.3453606933996336,
              41.612131501192174
            ],
            [
              2.345362833349332,
              41.61213391303117
            ],
            [
              2.34536367149926,
              41.612135868547625
            ],
            [
              2.3453659288150583,
              41.612136066188064
            ],
            [
              2.345368133259288,
              41.6121366016297
            ],
            [
              2.345372038194869,
              41.612137969832496
            ],
            [
              2.3453739380666003,
              41.61213899183095
            ],
            [
              2.345375585686464,
              41.61214016239336
            ],
            [
              2.345376981302367,
              41.612141482409996
            ],
            [
              2.345379068043647,
              41.612144231729054
            ],
            [
              2.3453797599328614,
              41.61214566109952
            ],
            [
              2.3453806795136587,
              41.61215001883999
            ],
            [
              2.3453795937479796,
              41.61215402846734
            ],
            [
              2.3453809364920417,
              41.612155686284495
            ],
            [
              2.3453822229559003,
              41.61215767769239
            ]
          ]
        ]
      },
      "properties": {
        "id": "s_5d6c8935ce6c4361660000f8",
        "destinationNodes": [],
        "center": [
          2.3453463832312917,
          41.612155833373734
        ],
        "details": {
          "description": "",
          "name": "",
          "images": []
        }
      }
    },
    {
      "type": "Feature",
      "geometry": {
        "type": "Polygon",
        "coordinates": [
          [
            [
              2.3453000766134156,
              41.61222304912794
            ],
            [
              2.34530080898528,
              41.61222567922803
            ],
            [
              2.345300638158601,
              41.61222823001587
            ],
            [
              2.345300016533529,
              41.61223074223101
            ],
            [
              2.3452986910558216,
              41.61223336335376
            ],
            [
              2.3452965151640024,
              41.61223556793618
            ],
            [
              2.345294140262578,
              41.612237584617105
            ],
            [
              2.3452909154624377,
              41.61223918393356
            ],
            [
              2.3452861349899234,
              41.61224047592723
            ],
            [
              2.345284024235138,
              41.61224080373338
            ],
            [
              2.3452828055139627,
              41.61224275021315
            ],
            [
              2.345280379357403,
              41.61224510425626
            ],
            [
              2.345279118714369,
              41.612245849300734
            ],
            [
              2.3452733318067724,
              41.61224773765738
            ],
            [
              2.3452700136523537,
              41.61224847404307
            ],
            [
              2.345266800262926,
              41.61224853488775
            ],
            [
              2.3452636397455318,
              41.612248257932336
            ],
            [
              2.34526053268701,
              41.61224764438628
            ],
            [
              2.3452575313719954,
              41.61224635523945
            ],
            [
              2.3452550343144254,
              41.61224476807488
            ],
            [
              2.345252841830999,
              41.6122426943536
            ],
            [
              2.3452498279124585,
              41.61224294386353
            ],
            [
              2.345246867202644,
              41.61224285589178
            ],
            [
              2.345243958601801,
              41.61224243005258
            ],
            [
              2.3452415546842142,
              41.612241705944
            ],
            [
              2.3452392040122687,
              41.612240645370946
            ],
            [
              2.3452369064252445,
              41.61223924687107
            ],
            [
              2.3452348605409634,
              41.61223769961522
            ],
            [
              2.34523311987032,
              41.61223566542379
            ],
            [
              2.345232029842106,
              41.612233859806615
            ],
            [
              2.3452313908265388,
              41.61223209263578
            ],
            [
              2.3452308160073763,
              41.612228449764565
            ],
            [
              2.345231132847652,
              41.612226424232475
            ],
            [
              2.3452328166630987,
              41.612222979265404
            ],
            [
              2.3452339841659766,
              41.61222137116566
            ],
            [
              2.3452321896116675,
              41.612219673817066
            ],
            [
              2.3452307535156622,
              41.612217153069004
            ],
            [
              2.345230021147625,
              41.612214522967946
            ],
            [
              2.3452301919761855,
              41.61221197218075
            ],
            [
              2.34523081360467,
              41.61220945996545
            ],
            [
              2.3452321387466357,
              41.6122068385238
            ],
            [
              2.3452343149776955,
              41.612204634262284
            ],
            [
              2.3452366898797767,
              41.6122026175826
            ],
            [
              2.345239914679434,
              41.612201018267655
            ],
            [
              2.3452446948110657,
              41.61219972595671
            ],
            [
              2.3452481615525933,
              41.612199516935526
            ],
            [
              2.3452487709138334,
              41.612198543694966
            ],
            [
              2.3452520056856283,
              41.61219540520418
            ],
            [
              2.3452530139861554,
              41.61219480929494
            ],
            [
              2.3452590534447766,
              41.612192771678274
            ],
            [
              2.345262571405143,
              41.61219222427714
            ],
            [
              2.345266235625093,
              41.61219220302243
            ],
            [
              2.3452695945969326,
              41.61219266768504
            ],
            [
              2.3452731005941354,
              41.61219365856109
            ],
            [
              2.345275849991955,
              41.6121950965903
            ],
            [
              2.345278547068663,
              41.6121968726124
            ],
            [
              2.345280686679449,
              41.61219928413322
            ],
            [
              2.345281525165055,
              41.61220123996933
            ],
            [
              2.3452837821455703,
              41.61220143729233
            ],
            [
              2.3452859865913522,
              41.61220197273551
            ],
            [
              2.3452898915291485,
              41.612203340941086
            ],
            [
              2.3452917914015035,
              41.61220436294092
            ],
            [
              2.345293439358865,
              41.61220553382353
            ],
            [
              2.345294834637183,
              41.61220685352211
            ],
            [
              2.3452969217150867,
              41.612209603162356
            ],
            [
              2.3452976132651715,
              41.612211032213615
            ],
            [
              2.3452985328413525,
              41.61221538995474
            ],
            [
              2.345297447407477,
              41.612219399901015
            ],
            [
              2.3452987898127793,
              41.61222105739944
            ],
            [
              2.3453000766134156,
              41.61222304912794
            ]
          ]
        ]
      },
      "properties": {
        "id": "s_5d6c8935ce6c4361660000f9",
        "destinationNodes": [],
        "center": [
          2.345264236676616,
          41.61222120455783
        ],
        "details": {
          "description": "",
          "name": "",
          "images": []
        }
      }
    },
    {
      "type": "Feature",
      "geometry": {
        "type": "Polygon",
        "coordinates": [
          [
            [
              2.345366199023204,
              41.61227354567492
            ],
            [
              2.3453669311840994,
              41.6122761759012
            ],
            [
              2.3453667605741404,
              41.61227872656253
            ],
            [
              2.3453661389502827,
              41.61228123877853
            ],
            [
              2.3453648138122345,
              41.61228386022172
            ],
            [
              2.3453626373695973,
              41.6122860646118
            ],
            [
              2.3453602626817456,
              41.612288081167996
            ],
            [
              2.345357037667356,
              41.61228968061239
            ],
            [
              2.3453522577437984,
              41.6122909728024
            ],
            [
              2.3453501466496864,
              41.61229130029006
            ],
            [
              2.3453489282668714,
              41.61229324708959
            ],
            [
              2.345346501774198,
              41.61229560081569
            ],
            [
              2.3453452411309406,
              41.61229634586088
            ],
            [
              2.345339454220933,
              41.612298234219665
            ],
            [
              2.3453361358504328,
              41.612298970733896
            ],
            [
              2.3453329226726085,
              41.61229903145497
            ],
            [
              2.345329762490649,
              41.61229875481988
            ],
            [
              2.3453266554281926,
              41.61229814127612
            ],
            [
              2.345323654109506,
              41.612296852131024
            ],
            [
              2.3453211564976706,
              41.61229526477492
            ],
            [
              2.345318964010403,
              41.6122931910549
            ],
            [
              2.345315950640442,
              41.61229344075952
            ],
            [
              2.345312989591775,
              41.612293352469884
            ],
            [
              2.345310080987344,
              41.612292926632875
            ],
            [
              2.3453076774053265,
              41.6122922028442
            ],
            [
              2.345305326729579,
              41.61229114227301
            ],
            [
              2.3453030291393233,
              41.61228974377446
            ],
            [
              2.3453009830384897,
              41.61228819664587
            ],
            [
              2.3452992422397525,
              41.61228616200963
            ],
            [
              2.3452981525461536,
              41.61228435671213
            ],
            [
              2.345297513529149,
              41.612282589541145
            ],
            [
              2.3452969383676088,
              41.61227894635173
            ],
            [
              2.345297255544941,
              41.61227692113866
            ],
            [
              2.3452989393572996,
              41.612273476171126
            ],
            [
              2.34530010630876,
              41.612271867877766
            ],
            [
              2.3452983120879334,
              41.6122701708486
            ],
            [
              2.3452968758651402,
              41.61226764965569
            ],
            [
              2.3452961434929587,
              41.61226501955557
            ],
            [
              2.345296314319913,
              41.61226246876775
            ],
            [
              2.345296936069389,
              41.61225995699778
            ],
            [
              2.34529826142376,
              41.612257335429916
            ],
            [
              2.345300437654264,
              41.61225513116715
            ],
            [
              2.345302812218127,
              41.61225311416639
            ],
            [
              2.345306037018669,
              41.6122515148496
            ],
            [
              2.345310817278238,
              41.61225022298122
            ],
            [
              2.3453142836842553,
              41.61225001363833
            ],
            [
              2.3453148930447916,
              41.61224904039861
            ],
            [
              2.3453181283674587,
              41.61224590209839
            ],
            [
              2.3453191366681643,
              41.61224530618859
            ],
            [
              2.345325175577867,
              41.61224326837601
            ],
            [
              2.3453286937530993,
              41.61224272084611
            ],
            [
              2.345332358314089,
              41.612242699907846
            ],
            [
              2.345335717075487,
              41.6122431646958
            ],
            [
              2.345339223289123,
              41.612244155443065
            ],
            [
              2.3453419726905693,
              41.61224559347071
            ],
            [
              2.34534466943389,
              41.61224736917223
            ],
            [
              2.345346809048823,
              41.61224978069182
            ],
            [
              2.3453476475386554,
              41.61225173652759
            ],
            [
              2.345349904857585,
              41.612251934168846
            ],
            [
              2.3453521089683225,
              41.61225246929173
            ],
            [
              2.345356014247897,
              41.6122538378141
            ],
            [
              2.3453579137854677,
              41.6122548594938
            ],
            [
              2.34535956174532,
              41.61225603037548
            ],
            [
              2.3453609573634018,
              41.61225735039229
            ],
            [
              2.3453630441077475,
              41.61226009971164
            ],
            [
              2.345363735998724,
              41.6122615290817
            ],
            [
              2.345364655580091,
              41.6122658868223
            ],
            [
              2.345363569810592,
              41.61226989645001
            ],
            [
              2.345364912557529,
              41.61227155426684
            ],
            [
              2.345366199023204,
              41.61227354567492
            ]
          ]
        ]
      },
      "properties": {
        "id": "s_5d6c8935ce6c4361660000fa",
        "destinationNodes": [],
        "center": [
          2.345330359166258,
          41.61227170130146
        ],
        "details": {
          "description": "",
          "name": "",
          "images": []
        }
      }
    },
    {
      "type": "Feature",
      "geometry": {
        "type": "Polygon",
        "coordinates": [
          [
            [
              2.345452514446054,
              41.61220909010457
            ],
            [
              2.3454532468231015,
              41.6122117202042
            ],
            [
              2.3454530762167254,
              41.61221427086564
            ],
            [
              2.3454524545968503,
              41.612216783082125
            ],
            [
              2.3454511291263143,
              41.61221940420727
            ],
            [
              2.3454489530261204,
              41.61222160891802
            ],
            [
              2.34544657834334,
              41.61222362547598
            ],
            [
              2.345443353334313,
              41.612225224922796
            ],
            [
              2.3454385730808154,
              41.61222651679681
            ],
            [
              2.345436462112332,
              41.612226844731715
            ],
            [
              2.345435243609384,
              41.61222879108699
            ],
            [
              2.345432817460478,
              41.61223114513346
            ],
            [
              2.345431556818603,
              41.612231890180105
            ],
            [
              2.34542576970354,
              41.61223377866932
            ],
            [
              2.3454224515507045,
              41.612234515059924
            ],
            [
              2.345419238162117,
              41.61223457590885
            ],
            [
              2.34541607785899,
              41.61223429883098
            ],
            [
              2.345412970798817,
              41.61223368528955
            ],
            [
              2.345409969481405,
              41.61223239614668
            ],
            [
              2.345407472207951,
              41.61223080911216
            ],
            [
              2.3454052797201,
              41.61222873539378
            ],
            [
              2.34540226580211,
              41.61222898490705
            ],
            [
              2.3453993053076574,
              41.61222889681324
            ],
            [
              2.3453963967055635,
              41.612228470978394
            ],
            [
              2.3453939927876597,
              41.61222774687248
            ],
            [
              2.3453916421121517,
              41.612226686302385
            ],
            [
              2.345389344309647,
              41.61222528793231
            ],
            [
              2.3453872984214605,
              41.612223740678495
            ],
            [
              2.345385557746387,
              41.61222170648936
            ],
            [
              2.345384467927506,
              41.61221990074754
            ],
            [
              2.3453838289087754,
              41.612218133577024
            ],
            [
              2.34538325386689,
              41.61221449083319
            ],
            [
              2.345383570917241,
              41.61221246517473
            ],
            [
              2.3453852550606267,
              41.612209020524986
            ],
            [
              2.3453864220087697,
              41.61220741223075
            ],
            [
              2.345384627450146,
              41.612205714883885
            ],
            [
              2.3453831915627332,
              41.61220319401109
            ],
            [
              2.345382459187765,
              41.61220056391152
            ],
            [
              2.3453826300111356,
              41.61219801312357
            ],
            [
              2.3453832514193103,
              41.61219550103407
            ],
            [
              2.3453845771061688,
              41.61219287978428
            ],
            [
              2.345386752993538,
              41.61219067520018
            ],
            [
              2.345389127676976,
              41.612188658643454
            ],
            [
              2.34539235268552,
              41.612187059198156
            ],
            [
              2.3453971329385843,
              41.6121857673262
            ],
            [
              2.345400599340858,
              41.61218555798072
            ],
            [
              2.345401208699483,
              41.61218458474053
            ],
            [
              2.345404444014718,
              41.612181446437894
            ],
            [
              2.345405452313619,
              41.61218085052734
            ],
            [
              2.345411491214561,
              41.61217881271025
            ],
            [
              2.3454150093855457,
              41.61217826517771
            ],
            [
              2.3454186736055265,
              41.61217824391766
            ],
            [
              2.345422032363499,
              41.61217870870245
            ],
            [
              2.3454255383622846,
              41.61217969957386
            ],
            [
              2.345428288313591,
              41.612181137792376
            ],
            [
              2.3454309850565926,
              41.612182913491885
            ],
            [
              2.3454331244592503,
              41.61218532513597
            ],
            [
              2.345433963164226,
              41.612187280845006
            ],
            [
              2.3454362201438452,
              41.61218747816554
            ],
            [
              2.3454384245904154,
              41.61218801360582
            ],
            [
              2.345442329530599,
              41.61218938180624
            ],
            [
              2.3454442294049587,
              41.61219040380355
            ],
            [
              2.3454458773647304,
              41.61219157468399
            ],
            [
              2.345447272983184,
              41.61219289469976
            ],
            [
              2.3454493595164507,
              41.612195644144315
            ],
            [
              2.3454500516220125,
              41.61219707338774
            ],
            [
              2.345450970870281,
              41.61220143080795
            ],
            [
              2.3454498854445505,
              41.612205440755524
            ],
            [
              2.3454512281923643,
              41.61220709857137
            ],
            [
              2.345452514446054,
              41.61220909010457
            ]
          ]
        ]
      },
      "properties": {
        "id": "s_5d6c8935ce6c4361660000fb",
        "destinationNodes": [],
        "center": [
          2.3454166746862244,
          41.6122072455473
        ],
        "details": {
          "description": "",
          "name": "",
          "images": []
        }
      }
    },
    {
      "type": "Feature",
      "geometry": {
        "type": "Polygon",
        "coordinates": [
          [
            [
              2.3458425428672567,
              41.61277539343922
            ],
            [
              2.3458432752666383,
              41.612778023536386
            ],
            [
              2.3458431046741888,
              41.61278057419839
            ],
            [
              2.345842483064048,
              41.61278308641698
            ],
            [
              2.3458411575970346,
              41.612785707545946
            ],
            [
              2.34583898149176,
              41.61278791226471
            ],
            [
              2.3458366068003262,
              41.61278992883069
            ],
            [
              2.3458333817726587,
              41.61279152828841
            ],
            [
              2.345828601483442,
              41.61279282017844
            ],
            [
              2.3458264904999746,
              41.61279314812063
            ],
            [
              2.3458252723354236,
              41.61279509479907
            ],
            [
              2.345822845842129,
              41.612797448534685
            ],
            [
              2.345821585193692,
              41.6127981935856
            ],
            [
              2.345815798039244,
              41.61280008209436
            ],
            [
              2.3458124798617317,
              41.61280081849619
            ],
            [
              2.3458092664453014,
              41.61280087935596
            ],
            [
              2.345806106112755,
              41.61280060228878
            ],
            [
              2.345802998808229,
              41.61279998888396
            ],
            [
              2.3457999976700386,
              41.61279869962513
            ],
            [
              2.345797500364373,
              41.61279711259841
            ],
            [
              2.345795307844734,
              41.61279503888742
            ],
            [
              2.3457922939024844,
              41.61279528841153
            ],
            [
              2.345789333380818,
              41.61279520032708
            ],
            [
              2.345786424537249,
              41.61279477462817
            ],
            [
              2.345784020593863,
              41.612794050530376
            ],
            [
              2.345781670105361,
              41.61279298984278
            ],
            [
              2.3457793722735367,
              41.61279159147981
            ],
            [
              2.3457773263587245,
              41.61279004423358
            ],
            [
              2.3457755856560683,
              41.61278801005032
            ],
            [
              2.3457744958167006,
              41.61278620431219
            ],
            [
              2.3457738569056326,
              41.61278443758898
            ],
            [
              2.345773281712712,
              41.612780794401935
            ],
            [
              2.345773599090921,
              41.61277876906144
            ],
            [
              2.345775282890247,
              41.612775324086314
            ],
            [
              2.3457764498389087,
              41.61277371578814
            ],
            [
              2.3457746552549583,
              41.61277201844799
            ],
            [
              2.345773219339696,
              41.612769497580054
            ],
            [
              2.3457724869423933,
              41.612766867482975
            ],
            [
              2.3457726575375992,
              41.612764316821064
            ],
            [
              2.3457732791502783,
              41.61276180460285
            ],
            [
              2.345774604618868,
              41.61275918347401
            ],
            [
              2.345776780726065,
              41.61275697875712
            ],
            [
              2.3457791554181564,
              41.61275496219235
            ],
            [
              2.34578238044534,
              41.61275336273616
            ],
            [
              2.345787160731867,
              41.612752070847385
            ],
            [
              2.3457906271639977,
              41.61275186149084
            ],
            [
              2.3457912365213955,
              41.61275088824795
            ],
            [
              2.345794471846056,
              41.61274774993437
            ],
            [
              2.3457954801502052,
              41.61274715402041
            ],
            [
              2.3458015190925314,
              41.61274511618357
            ],
            [
              2.3458050370777257,
              41.612744568765244
            ],
            [
              2.3458087016670706,
              41.612744547811836
            ],
            [
              2.3458120603333814,
              41.61274501214014
            ],
            [
              2.345815566706262,
              41.61274600331874
            ],
            [
              2.345818316353083,
              41.61274744120891
            ],
            [
              2.345821012917132,
              41.6127492170254
            ],
            [
              2.3458231525665205,
              41.61275162853616
            ],
            [
              2.345823991289994,
              41.61275358424172
            ],
            [
              2.3458262486286356,
              41.61275378187432
            ],
            [
              2.3458284527597812,
              41.61275431698744
            ],
            [
              2.3458323580805356,
              41.61275568549436
            ],
            [
              2.345834257427065,
              41.612756707292306
            ],
            [
              2.3458359056217493,
              41.61275787804109
            ],
            [
              2.3458373012604374,
              41.61275919805214
            ],
            [
              2.3458393878279566,
              41.61276194748898
            ],
            [
              2.345840079948237,
              41.61276337673008
            ],
            [
              2.345840999230926,
              41.61276773414718
            ],
            [
              2.3458399138206056,
              41.612771744099064
            ],
            [
              2.3458412565902322,
              41.61277340191035
            ],
            [
              2.3458425428672567,
              41.61277539343922
            ]
          ]
        ]
      },
      "properties": {
        "id": "s_5d6c8935ce6c4361660000fc",
        "destinationNodes": [],
        "center": [
          2.3458067027847096,
          41.612773549053564
        ],
        "details": {
          "description": "",
          "name": "",
          "images": []
        }
      }
    },
    {
      "type": "Feature",
      "geometry": {
        "type": "Polygon",
        "coordinates": [
          [
            [
              2.3446253821751437,
              41.61172449498638
            ],
            [
              2.3446261144071565,
              41.6117271251538
            ],
            [
              2.344625943662491,
              41.61172967587824
            ],
            [
              2.3446253217846245,
              41.611732187707
            ],
            [
              2.344623996521067,
              41.611734809204734
            ],
            [
              2.344621820178319,
              41.611737013517796
            ],
            [
              2.3446194458255234,
              41.611739030378445
            ],
            [
              2.34461622048221,
              41.61174062948244
            ],
            [
              2.3446114405844964,
              41.61174192164175
            ],
            [
              2.3446093297352215,
              41.611742249497965
            ],
            [
              2.344608111003106,
              41.611744195970616
            ],
            [
              2.3446056846107353,
              41.611746549618104
            ],
            [
              2.344604423862969,
              41.61174729471825
            ],
            [
              2.3445986373176586,
              41.611749183360104
            ],
            [
              2.344595318735622,
              41.61174991947026
            ],
            [
              2.344592105815954,
              41.6117499805523
            ],
            [
              2.344588945432564,
              41.61174970351535
            ],
            [
              2.344585838296917,
              41.61174909001469
            ],
            [
              2.3445828370185824,
              41.61174780085031
            ],
            [
              2.34458033989023,
              41.61174621373418
            ],
            [
              2.3445781474454392,
              41.611744140000084
            ],
            [
              2.344575133653573,
              41.61174438942871
            ],
            [
              2.3445721727384963,
              41.611744301057676
            ],
            [
              2.3445692643943423,
              41.61174387558409
            ],
            [
              2.344566860503783,
              41.61174315146094
            ],
            [
              2.3445645099677805,
              41.61174209081109
            ],
            [
              2.3445622123064593,
              41.61174069236083
            ],
            [
              2.344560166452608,
              41.61173914509288
            ],
            [
              2.34455842581826,
              41.6117371108914
            ],
            [
              2.3445573359233474,
              41.611735305204164
            ],
            [
              2.344556696824521,
              41.611733538092636
            ],
            [
              2.3445561220477202,
              41.61172989521922
            ],
            [
              2.344556438907609,
              41.61172786968848
            ],
            [
              2.3445581227452004,
              41.61172442473176
            ],
            [
              2.344559290150068,
              41.61172281670138
            ],
            [
              2.3445574956266904,
              41.61172111934164
            ],
            [
              2.3445560597815143,
              41.611718598459085
            ],
            [
              2.344555327446464,
              41.61171596835492
            ],
            [
              2.3445554981938863,
              41.61171341763058
            ],
            [
              2.3445561198438427,
              41.61171090541893
            ],
            [
              2.3445574450036775,
              41.61170828398567
            ],
            [
              2.344559621347656,
              41.61170607967383
            ],
            [
              2.3445619961451034,
              41.611704063070434
            ],
            [
              2.344565221043938,
              41.61170246371194
            ],
            [
              2.3445700010454615,
              41.611701171492
            ],
            [
              2.3445734676550094,
              41.61170096255347
            ],
            [
              2.3445740770215364,
              41.611699989317664
            ],
            [
              2.3445773120153963,
              41.611696850719156
            ],
            [
              2.344578320314364,
              41.61169625481582
            ],
            [
              2.3445843596409395,
              41.61169421729751
            ],
            [
              2.344587877241839,
              41.61169366959724
            ],
            [
              2.3445915417710044,
              41.61169364868301
            ],
            [
              2.344594900606033,
              41.61169411342897
            ],
            [
              2.344598406671766,
              41.61169510426179
            ],
            [
              2.3446011561399773,
              41.61169654224402
            ],
            [
              2.3446038527332695,
              41.6116983180259
            ],
            [
              2.3446059926403,
              41.61170072987893
            ],
            [
              2.344606831098967,
              41.61170268571996
            ],
            [
              2.344609088166658,
              41.61170288299309
            ],
            [
              2.3446112925898017,
              41.611703418449174
            ],
            [
              2.344615197483107,
              41.61170478667757
            ],
            [
              2.3446170972234075,
              41.61170580875156
            ],
            [
              2.344618745155785,
              41.611706979643806
            ],
            [
              2.3446201404095164,
              41.61170829935054
            ],
            [
              2.3446222274425295,
              41.611711049003
            ],
            [
              2.344622919079879,
              41.61171247799474
            ],
            [
              2.3446238386033724,
              41.611716835741234
            ],
            [
              2.3446227527970644,
              41.61172084536198
            ],
            [
              2.3446240955135336,
              41.61172250318744
            ],
            [
              2.3446253821751437,
              41.61172449498638
            ]
          ]
        ]
      },
      "properties": {
        "id": "s_5d6c8935ce6c4361660000fd",
        "destinationNodes": [],
        "center": [
          2.3445895425030883,
          41.61172265015094
        ],
        "details": {
          "description": "",
          "name": "",
          "images": []
        }
      }
    },
    {
      "type": "Feature",
      "geometry": {
        "type": "Polygon",
        "coordinates": [
          [
            [
              2.3444537177405222,
              41.611654884783306
            ],
            [
              2.3444544504087386,
              41.61165751520781
            ],
            [
              2.344454279319467,
              41.61166006561231
            ],
            [
              2.3444536576660333,
              41.6116625778234
            ],
            [
              2.344452332503611,
              41.611665199256116
            ],
            [
              2.344450156157346,
              41.61166740356594
            ],
            [
              2.34444778135706,
              41.6116694201664
            ],
            [
              2.3444445564576566,
              41.611671019522255
            ],
            [
              2.344439776455854,
              41.61167231173699
            ],
            [
              2.344437665607111,
              41.61167263959059
            ],
            [
              2.3444364469778125,
              41.611674585998365
            ],
            [
              2.3444340204759886,
              41.61167693970477
            ],
            [
              2.3444327598334085,
              41.61167768474051
            ],
            [
              2.3444269731828165,
              41.61167957343565
            ],
            [
              2.3444236547097757,
              41.61168030947848
            ],
            [
              2.344420441685855,
              41.61168037061929
            ],
            [
              2.3444172813074875,
              41.61168009357712
            ],
            [
              2.344414174282817,
              41.611679480008135
            ],
            [
              2.3444111730118427,
              41.61167819083995
            ],
            [
              2.3444086758904086,
              41.61167660372011
            ],
            [
              2.3444064831155003,
              41.61167452966305
            ],
            [
              2.344403469557543,
              41.611674779469936
            ],
            [
              2.34440050864433,
              41.611674691094365
            ],
            [
              2.3443976003060127,
              41.611674265616585
            ],
            [
              2.3443951965266567,
              41.6116735414268
            ],
            [
              2.344392845887765,
              41.611672480836376
            ],
            [
              2.3443905482333363,
              41.61167108238336
            ],
            [
              2.3443885023866846,
              41.61166953511185
            ],
            [
              2.3443867617580625,
              41.61166750090763
            ],
            [
              2.344385671869823,
              41.611665695219415
            ],
            [
              2.344385032883945,
              41.611663928043384
            ],
            [
              2.344384458010777,
              41.611660285232176
            ],
            [
              2.344384774982396,
              41.61165825963885
            ],
            [
              2.3443864588273384,
              41.61165481468463
            ],
            [
              2.3443876262343504,
              41.611653206656506
            ],
            [
              2.344385831717427,
              41.6116515092941
            ],
            [
              2.3443843957747013,
              41.611648988471934
            ],
            [
              2.3443836631094377,
              41.61164635804698
            ],
            [
              2.344383834200591,
              41.61164380764311
            ],
            [
              2.344384455856563,
              41.611641295432385
            ],
            [
              2.344385781021252,
              41.61163867400047
            ],
            [
              2.344387957368748,
              41.61163646969185
            ],
            [
              2.344390332169691,
              41.611634453092634
            ],
            [
              2.344393557068611,
              41.6116328537383
            ],
            [
              2.3443983370692894,
              41.611631561524945
            ],
            [
              2.344401803783026,
              41.61163135252917
            ],
            [
              2.344402412813483,
              41.61163037897456
            ],
            [
              2.344405648042834,
              41.61162724076298
            ],
            [
              2.344406656342299,
              41.611626644861126
            ],
            [
              2.344412695668471,
              41.611624607352454
            ],
            [
              2.344416213266158,
              41.61162405965793
            ],
            [
              2.344419877898981,
              41.6116240386856
            ],
            [
              2.3444232367275823,
              41.6116245034364
            ],
            [
              2.3444267426809042,
              41.61162549433817
            ],
            [
              2.3444294922490045,
              41.61162693226144
            ],
            [
              2.3444321888346606,
              41.61162870804733
            ],
            [
              2.34443432862559,
              41.611631119965935
            ],
            [
              2.3444351668483936,
              41.61163307542558
            ],
            [
              2.3444374241435697,
              41.61163327308534
            ],
            [
              2.3444396285629097,
              41.6116338085447
            ],
            [
              2.3444435335550424,
              41.611635176715865
            ],
            [
              2.3444454331838904,
              41.611636198855734
            ],
            [
              2.344447080880745,
              41.61163736936834
            ],
            [
              2.3444484764667695,
              41.61163868939619
            ],
            [
              2.3444505633828405,
              41.61164143911414
            ],
            [
              2.344451255016332,
              41.611642868107566
            ],
            [
              2.3444521745272358,
              41.61164722585543
            ],
            [
              2.3444510887114296,
              41.611651235474554
            ],
            [
              2.344452431422038,
              41.61165289330201
            ],
            [
              2.3444537177405222,
              41.611654884783306
            ]
          ]
        ]
      },
      "properties": {
        "id": "s_5d6c8935ce6c4361660000fe",
        "destinationNodes": [],
        "center": [
          2.344417878452851,
          41.611653040151126
        ],
        "details": {
          "description": "",
          "name": "",
          "images": []
        }
      }
    },
    {
      "type": "Feature",
      "geometry": {
        "type": "Polygon",
        "coordinates": [
          [
            [
              2.3438272862860803,
              41.610812131516795
            ],
            [
              2.3438280187505285,
              41.61081476178577
            ],
            [
              2.3438278477006933,
              41.61081731241189
            ],
            [
              2.343827226030984,
              41.61081982461962
            ],
            [
              2.3438259006926376,
              41.6108224458851
            ],
            [
              2.343823724628731,
              41.61082465027959
            ],
            [
              2.3438213497332043,
              41.6108266669302
            ],
            [
              2.34381812496708,
              41.6108282662055
            ],
            [
              2.343813344738967,
              41.610829558298335
            ],
            [
              2.3438112340221715,
              41.6108298860769
            ],
            [
              2.343810015282335,
              41.61083183254162
            ],
            [
              2.3438075889580055,
              41.61083418639439
            ],
            [
              2.343806328325533,
              41.610834931422765
            ],
            [
              2.3438005416700425,
              41.610836819865085
            ],
            [
              2.3437972234011664,
              41.610837556048764
            ],
            [
              2.34379401025085,
              41.61083761701211
            ],
            [
              2.343790849808905,
              41.610837340016346
            ],
            [
              2.343787742831658,
              41.61083672642998
            ],
            [
              2.3437847416115374,
              41.610835437246024
            ],
            [
              2.3437822446448204,
              41.610833850049566
            ],
            [
              2.343780052088044,
              41.6108317761408
            ],
            [
              2.343777038398561,
              41.610832025770605
            ],
            [
              2.3437740775875504,
              41.6108319376022
            ],
            [
              2.3437711692278236,
              41.61083151188593
            ],
            [
              2.343768765380222,
              41.61083078774615
            ],
            [
              2.3437664147839046,
              41.61082972714308
            ],
            [
              2.343764117279064,
              41.610828328613906
            ],
            [
              2.3437620714748566,
              41.61082678133192
            ],
            [
              2.3437603308887294,
              41.61082474711827
            ],
            [
              2.3437592409248915,
              41.610822941486546
            ],
            [
              2.343758602132992,
              41.61082117446772
            ],
            [
              2.3437580272409244,
              41.610817531429646
            ],
            [
              2.34375834428917,
              41.61081550606113
            ],
            [
              2.3437600281455695,
              41.610812061116064
            ],
            [
              2.3437611954918514,
              41.61081045287118
            ],
            [
              2.3437594010155465,
              41.6108087554997
            ],
            [
              2.343757965008505,
              41.61080623473329
            ],
            [
              2.3437572325478846,
              41.61080360446337
            ],
            [
              2.343757403599601,
              41.61080105383786
            ],
            [
              2.3437580252718484,
              41.61079854163051
            ],
            [
              2.3437593506133356,
              41.610795920365284
            ],
            [
              2.343761526678474,
              41.61079371597202
            ],
            [
              2.343763901574657,
              41.61079169932262
            ],
            [
              2.343767126340298,
              41.610790100048845
            ],
            [
              2.3437719065655385,
              41.61078880795845
            ],
            [
              2.343775373066672,
              41.61078859882133
            ],
            [
              2.3437759822679705,
              41.61078762543019
            ],
            [
              2.3437792173788514,
              41.61078448729922
            ],
            [
              2.343780225670931,
              41.61078389140285
            ],
            [
              2.3437862648753307,
              41.61078185370374
            ],
            [
              2.3437897826026,
              41.61078130618797
            ],
            [
              2.3437934469108526,
              41.61078128513891
            ],
            [
              2.343796805799308,
              41.61078174984504
            ],
            [
              2.343800311864982,
              41.61078274092586
            ],
            [
              2.343803061383381,
              41.61078417886288
            ],
            [
              2.343805757809882,
              41.610785954726474
            ],
            [
              2.3438078974881544,
              41.61078836643478
            ],
            [
              2.343808735742113,
              41.61079032212207
            ],
            [
              2.343810993006063,
              41.61079051979291
            ],
            [
              2.3438131972227527,
              41.61079105510472
            ],
            [
              2.343817102257265,
              41.610792423234024
            ],
            [
              2.3438190018513696,
              41.610793445384196
            ],
            [
              2.3438206495773017,
              41.61079461612833
            ],
            [
              2.3438220451322747,
              41.61079593616377
            ],
            [
              2.343824131931533,
              41.610798685670986
            ],
            [
              2.343824823604082,
              41.610800114890736
            ],
            [
              2.3438257428913096,
              41.610804472483416
            ],
            [
              2.3438246572200927,
              41.61080848225682
            ],
            [
              2.343825999897059,
              41.61081014009159
            ],
            [
              2.3438272862860803,
              41.610812131516795
            ]
          ]
        ]
      },
      "properties": {
        "id": "s_5d6c8935ce6c436166000100",
        "destinationNodes": [],
        "center": [
          2.343791447338231,
          41.61081028663415
        ],
        "details": {
          "description": "",
          "name": "",
          "images": []
        }
      }
    },
    {
      "type": "Feature",
      "geometry": {
        "type": "Polygon",
        "coordinates": [
          [
            [
              2.3437347777921507,
              41.61072462893865
            ],
            [
              2.343735510083181,
              41.61072725904868
            ],
            [
              2.3437353391992635,
              41.610729809834844
            ],
            [
              2.3437347173574516,
              41.610732321881905
            ],
            [
              2.343733392185796,
              41.61073494330584
            ],
            [
              2.3437312159530275,
              41.610737147539055
            ],
            [
              2.343728841227173,
              41.610739164347954
            ],
            [
              2.343725616462438,
              41.61074076362001
            ],
            [
              2.3437208362389566,
              41.61074205570902
            ],
            [
              2.343718725355902,
              41.610742383326354
            ],
            [
              2.343717506783579,
              41.61074432994963
            ],
            [
              2.3437150802905133,
              41.610746683640926
            ],
            [
              2.343713819658682,
              41.610747428668304
            ],
            [
              2.343708033008333,
              41.61074931710598
            ],
            [
              2.343704714742902,
              41.610750053287
            ],
            [
              2.3437015015968568,
              41.610750114247764
            ],
            [
              2.343698341328247,
              41.610749837408996
            ],
            [
              2.3436952343567854,
              41.61074922382079
            ],
            [
              2.3436922331418937,
              41.610747934633764
            ],
            [
              2.3436897360121884,
              41.6107463472758
            ],
            [
              2.3436875436300113,
              41.61074427352477
            ],
            [
              2.34368452994495,
              41.610744523152846
            ],
            [
              2.3436815691373902,
              41.610744434981406
            ],
            [
              2.3436786606135676,
              41.61074400910326
            ],
            [
              2.3436762569389162,
              41.610743285121096
            ],
            [
              2.343673906347309,
              41.610742224516144
            ],
            [
              2.3436716088475897,
              41.610740825985104
            ],
            [
              2.3436695630483766,
              41.61073927870151
            ],
            [
              2.3436678222988765,
              41.61073724432693
            ],
            [
              2.3436667325084484,
              41.6107354388545
            ],
            [
              2.343666093550607,
              41.61073367167499
            ],
            [
              2.343665518664544,
              41.61073002863646
            ],
            [
              2.3436658357152633,
              41.61072800326819
            ],
            [
              2.34366751957432,
              41.61072455832447
            ],
            [
              2.343668686921325,
              41.610722950080515
            ],
            [
              2.3436668926185393,
              41.61072125286712
            ],
            [
              2.3436654564484094,
              41.61071873194003
            ],
            [
              2.3436647241612056,
              41.610716101829055
            ],
            [
              2.343664895047697,
              41.610713551044164
            ],
            [
              2.3436655168913547,
              41.610711038996826
            ],
            [
              2.3436668420661526,
              41.61070841757315
            ],
            [
              2.3436690183001514,
              41.61070621334116
            ],
            [
              2.3436713930273543,
              41.61070419653415
            ],
            [
              2.3436746177909145,
              41.61070259726295
            ],
            [
              2.343679398011524,
              41.61070130517638
            ],
            [
              2.343682864508255,
              41.610701096042035
            ],
            [
              2.3436834738787744,
              41.61070012281091
            ],
            [
              2.3436867088211164,
              41.61069698452301
            ],
            [
              2.343687717112683,
              41.61069638862746
            ],
            [
              2.343693756311813,
              41.61069435093317
            ],
            [
              2.343697274035096,
              41.61069380342023
            ],
            [
              2.343700938507751,
              41.610693782534284
            ],
            [
              2.343704297390293,
              41.61069424724246
            ],
            [
              2.3437078032811387,
              41.610695238166564
            ],
            [
              2.343710552794437,
              41.61069667610646
            ],
            [
              2.343713249383385,
              41.610698452131714
            ],
            [
              2.343715388885954,
              41.61070086368156
            ],
            [
              2.3437162273046224,
              41.61070281952905
            ],
            [
              2.3437184843972667,
              41.61070301704284
            ],
            [
              2.343720688609508,
              41.61070355235576
            ],
            [
              2.3437245938061038,
              41.61070492064837
            ],
            [
              2.3437264932268236,
              41.61070594263989
            ],
            [
              2.343728141117493,
              41.61070711354486
            ],
            [
              2.3437295365000286,
              41.610708433421884
            ],
            [
              2.343731623293204,
              41.61071118293144
            ],
            [
              2.3437323149620743,
              41.61071261215109
            ],
            [
              2.343733234411149,
              41.61071696990468
            ],
            [
              2.343732148566311,
              41.61072097951705
            ],
            [
              2.343733491239079,
              41.61072263735287
            ],
            [
              2.3437347777921507,
              41.61072462893865
            ]
          ]
        ]
      },
      "properties": {
        "id": "s_5d6c8935ce6c436166000101",
        "destinationNodes": [],
        "center": [
          2.343698938800354,
          41.61072278393721
        ],
        "details": {
          "description": "",
          "name": "",
          "images": []
        }
      }
    },
    {
      "type": "Feature",
      "geometry": {
        "type": "Polygon",
        "coordinates": [
          [
            [
              2.3436336210348463,
              41.61062894572436
            ],
            [
              2.3436343533206663,
              41.610631575835015
            ],
            [
              2.343634182432311,
              41.61063412662039
            ],
            [
              2.343633560588173,
              41.61063663866756
            ],
            [
              2.3436322354143724,
              41.61063926009032
            ],
            [
              2.343630059181375,
              41.61064146432163
            ],
            [
              2.343627684455189,
              41.610643481127795
            ],
            [
              2.3436244596934204,
              41.61064508039768
            ],
            [
              2.3436196794750024,
              41.61064637248249
            ],
            [
              2.3436175685945653,
              41.61064670009797
            ],
            [
              2.343616350020997,
              41.6106486467202
            ],
            [
              2.3436139235278395,
              41.61065100040935
            ],
            [
              2.3436126628967098,
              41.61065174543562
            ],
            [
              2.343606876251982,
              41.610653633868225
            ],
            [
              2.3436035579903183,
              41.61065437004635
            ],
            [
              2.343600344848943,
              41.61065443100429
            ],
            [
              2.3435971845854553,
              41.61065415416274
            ],
            [
              2.343594077619564,
              41.61065354057182
            ],
            [
              2.3435910762424945,
              41.61065225122264
            ],
            [
              2.3435885792876334,
              41.61065066402201
            ],
            [
              2.34358638691196,
              41.61064859026907
            ],
            [
              2.343583373230286,
              41.61064883989384
            ],
            [
              2.3435804122592963,
              41.61064875156093
            ],
            [
              2.3435775039091067,
              41.61064832583976
            ],
            [
              2.343575100070505,
              41.61064760169595
            ],
            [
              2.343572749652698,
              41.61064654124847
            ],
            [
              2.34357045215858,
              41.61064514271543
            ],
            [
              2.343568406195485,
              41.610643595269856
            ],
            [
              2.343566665621099,
              41.61064156105393
            ],
            [
              2.3435655756657776,
              41.61063975542037
            ],
            [
              2.343564936880997,
              41.61063798840048
            ],
            [
              2.3435643620014988,
              41.61063434536144
            ],
            [
              2.3435646790549245,
              41.61063231999346
            ],
            [
              2.3435663629168855,
              41.61062887505121
            ],
            [
              2.343567530264681,
              41.61062726680829
            ],
            [
              2.3435657357985678,
              41.610625569433786
            ],
            [
              2.343564299803172,
              41.610623048664976
            ],
            [
              2.343563567521179,
              41.61062041855335
            ],
            [
              2.343563738410725,
              41.61061786776796
            ],
            [
              2.34356436008875,
              41.610615355561634
            ],
            [
              2.343565685435034,
              41.6106127342993
            ],
            [
              2.343567861500611,
              41.61061052990968
            ],
            [
              2.343570236395414,
              41.61060851326363
            ],
            [
              2.34357346115739,
              41.61060691399591
            ],
            [
              2.3435782413729354,
              41.610605621913535
            ],
            [
              2.3435817078648533,
              41.61060541278223
            ],
            [
              2.343582317235995,
              41.61060443955164
            ],
            [
              2.34358555217846,
              41.61060130126657
            ],
            [
              2.3435865604694657,
              41.610600705371894
            ],
            [
              2.3435925996628337,
              41.61059866768292
            ],
            [
              2.343596117381758,
              41.61059812017305
            ],
            [
              2.34359978184901,
              41.61059809929032
            ],
            [
              2.3436031407258415,
              41.610598564001435
            ],
            [
              2.343606646609933,
              41.610599554928626
            ],
            [
              2.3436093961168982,
              41.61060099287092
            ],
            [
              2.343612092530411,
              41.61060276873902
            ],
            [
              2.343614232194675,
              41.610605180450264
            ],
            [
              2.343615070609033,
              41.61060713629848
            ],
            [
              2.3436173276980203,
              41.61060733381425
            ],
            [
              2.343619531906153,
              41.6106078691291
            ],
            [
              2.34362343709481,
              41.61060923742514
            ],
            [
              2.34362533651111,
              41.61061025941832
            ],
            [
              2.343626984397499,
              41.610611430324745
            ],
            [
              2.343628379775895,
              41.61061275020299
            ],
            [
              2.343630466561664,
              41.61061549971437
            ],
            [
              2.343631158227267,
              41.61061692893463
            ],
            [
              2.3436320776681443,
              41.61062128668903
            ],
            [
              2.3436309918186287,
              41.610625296300434
            ],
            [
              2.343632334486806,
              41.610626954137444
            ],
            [
              2.3436336210348463,
              41.61062894572436
            ]
          ]
        ]
      },
      "properties": {
        "id": "s_5d6c8935ce6c436166000102",
        "destinationNodes": [],
        "center": [
          2.343597782077023,
          41.61062710067062
        ],
        "details": {
          "description": "",
          "name": "",
          "images": []
        }
      }
    },
    {
      "type": "Feature",
      "geometry": {
        "type": "Polygon",
        "coordinates": [
          [
            [
              2.342902769070551,
              41.609578987085825
            ],
            [
              2.342903501314654,
              41.60958161720112
            ],
            [
              2.3429033306144142,
              41.6095841678588
            ],
            [
              2.342902708751937,
              41.60958667990203
            ],
            [
              2.3429013835691292,
              41.60958930131692
            ],
            [
              2.342899207133217,
              41.60959150566055
            ],
            [
              2.3428968326361916,
              41.609593522325575
            ],
            [
              2.3428936076954283,
              41.60959512170112
            ],
            [
              2.342888827753532,
              41.60959641362956
            ],
            [
              2.3428867166903786,
              41.60959674135779
            ],
            [
              2.342885498328823,
              41.609598687845676
            ],
            [
              2.3428830718476163,
              41.60960104151998
            ],
            [
              2.342881811228563,
              41.60960178653828
            ],
            [
              2.3428760244434437,
              41.60960367505915
            ],
            [
              2.3428727062281367,
              41.60960441121691
            ],
            [
              2.3428694931374925,
              41.609604472155006
            ],
            [
              2.3428663331428106,
              41.609604195166845
            ],
            [
              2.3428632262335647,
              41.60960358155676
            ],
            [
              2.3428602249208264,
              41.60960229218806
            ],
            [
              2.3428577278112264,
              41.609600705097705
            ],
            [
              2.3428555354947305,
              41.60959863133086
            ],
            [
              2.3428525217740797,
              41.609598880857305
            ],
            [
              2.3428495612342894,
              41.60959879253908
            ],
            [
              2.3428466528528094,
              41.60959836671921
            ],
            [
              2.3428442491458594,
              41.60959764263995
            ],
            [
              2.3428418986088,
              41.60959658201858
            ],
            [
              2.3428396009545596,
              41.609595183597065
            ],
            [
              2.3428375552109433,
              41.60959363629807
            ],
            [
              2.342835814687933,
              41.60959160207111
            ],
            [
              2.3428347249841686,
              41.60958979630455
            ],
            [
              2.3428340861456647,
              41.60958802919969
            ],
            [
              2.342833511103254,
              41.609584386284276
            ],
            [
              2.3428338283887014,
              41.609582360791684
            ],
            [
              2.3428355122622877,
              41.60957891586009
            ],
            [
              2.3428366793950697,
              41.60957730775118
            ],
            [
              2.342834885061716,
              41.60957561044507
            ],
            [
              2.3428334492472893,
              41.60957308946131
            ],
            [
              2.3428327170070133,
              41.60957045934504
            ],
            [
              2.3428328879226776,
              41.609567908560734
            ],
            [
              2.342833509490701,
              41.60956539656487
            ],
            [
              2.342834834973459,
              41.609562775104415
            ],
            [
              2.3428370111129175,
              41.60956057080833
            ],
            [
              2.342839385694233,
              41.60955855422366
            ],
            [
              2.342842610635204,
              41.60955695485027
            ],
            [
              2.3428473905742275,
              41.60955566292425
            ],
            [
              2.342850857012096,
              41.6095554538149
            ],
            [
              2.3428514663852207,
              41.609554480587676
            ],
            [
              2.3428547015230774,
              41.609551342197506
            ],
            [
              2.342855709804424,
              41.60955074630922
            ],
            [
              2.3428617487092267,
              41.60954870878458
            ],
            [
              2.342865266674785,
              41.609548161250665
            ],
            [
              2.3428689309991846,
              41.60954814031086
            ],
            [
              2.3428722895175254,
              41.60954860509009
            ],
            [
              2.3428757954185273,
              41.609549596118725
            ],
            [
              2.3428785448635767,
              41.60955103407896
            ],
            [
              2.342881241510767,
              41.60955280991781
            ],
            [
              2.3428833808152,
              41.609555221688936
            ],
            [
              2.3428842194079875,
              41.609557177415866
            ],
            [
              2.342886476457127,
              41.60955737494643
            ],
            [
              2.34288868062332,
              41.60955791027523
            ],
            [
              2.3428925854352323,
              41.609559278642344
            ],
            [
              2.3428944851074136,
              41.60956030060188
            ],
            [
              2.3428961328687024,
              41.60956147143831
            ],
            [
              2.3428975282937574,
              41.609562791405175
            ],
            [
              2.342899614801925,
              41.609565541055346
            ],
            [
              2.34290030665413,
              41.60956697015454
            ],
            [
              2.342901225945655,
              41.60957132783436
            ],
            [
              2.342900140152708,
              41.609575337518656
            ],
            [
              2.3429014827802495,
              41.609576995364165
            ],
            [
              2.342902769070551,
              41.609578987085825
            ]
          ]
        ]
      },
      "properties": {
        "id": "s_5d6c8935ce6c436166000103",
        "destinationNodes": [],
        "center": [
          2.342866930844585,
          41.60957714173528
        ],
        "details": {
          "description": "",
          "name": "",
          "images": []
        }
      }
    },
    {
      "type": "Feature",
      "geometry": {
        "type": "Polygon",
        "coordinates": [
          [
            [
              2.343207743360063,
              41.61038090808173
            ],
            [
              2.343208475519023,
              41.61038353825815
            ],
            [
              2.3432083047211654,
              41.61038608897983
            ],
            [
              2.343207683138165,
              41.61038860112118
            ],
            [
              2.3432063576768227,
              41.610391222442594
            ],
            [
              2.3432041814987343,
              41.61039342688896
            ],
            [
              2.3432018068130773,
              41.610395443400726
            ],
            [
              2.3431985818406615,
              41.61039704278429
            ],
            [
              2.3431938018454552,
              41.61039833472535
            ],
            [
              2.34319169103294,
              41.610398662555646
            ],
            [
              2.343190472282556,
              41.61040060901383
            ],
            [
              2.3431880460585197,
              41.61040296279053
            ],
            [
              2.3431867853197628,
              41.610403707875705
            ],
            [
              2.3431809986856917,
              41.61040559628643
            ],
            [
              2.3431776803252453,
              41.61040633251535
            ],
            [
              2.3431744671329793,
              41.61040639323937
            ],
            [
              2.343171306991026,
              41.61040611632261
            ],
            [
              2.343168199933576,
              41.610405502783784
            ],
            [
              2.343165198746082,
              41.610404213582534
            ],
            [
              2.343162701704619,
              41.61040262643573
            ],
            [
              2.343160509182417,
              41.61040055251517
            ],
            [
              2.3431574956164885,
              41.6104008020663
            ],
            [
              2.3431545349336718,
              41.61040071381842
            ],
            [
              2.3431516263221446,
              41.610400287990046
            ],
            [
              2.343149222666216,
              41.6103995639969
            ],
            [
              2.3431468722024786,
              41.61039850331816
            ],
            [
              2.343144574618872,
              41.6103971048402
            ],
            [
              2.3431425288432,
              41.61039555754725
            ],
            [
              2.343140788288245,
              41.61039352332425
            ],
            [
              2.34313969845659,
              41.6103917176231
            ],
            [
              2.3431390594099097,
              41.61038995050374
            ],
            [
              2.343138484725139,
              41.610386307623266
            ],
            [
              2.3431388016229424,
              41.610384282096405
            ],
            [
              2.3431404855011717,
              41.61038083716037
            ],
            [
              2.3431416529161897,
              41.61037922914485
            ],
            [
              2.3431398584681817,
              41.610377531763724
            ],
            [
              2.343138422540537,
              41.61037501070348
            ],
            [
              2.343137690277849,
              41.61037238058965
            ],
            [
              2.343137861077771,
              41.61036982986742
            ],
            [
              2.343138482939331,
              41.61036731782359
            ],
            [
              2.343139808296259,
              41.610364696566016
            ],
            [
              2.3431419844747037,
              41.61036249212136
            ],
            [
              2.3431443592685732,
              41.61036047554726
            ],
            [
              2.343147584133824,
              41.61035887622826
            ],
            [
              2.3431523642337133,
              41.61035758422606
            ],
            [
              2.343155830607693,
              41.61035737517124
            ],
            [
              2.3431564398135767,
              41.61035640178274
            ],
            [
              2.343159675146334,
              41.61035326354303
            ],
            [
              2.3431606834373966,
              41.61035266765207
            ],
            [
              2.3431667225143156,
              41.61035063004843
            ],
            [
              2.343170240223329,
              41.61035008255155
            ],
            [
              2.343173904507981,
              41.61035006152281
            ],
            [
              2.343177263262148,
              41.610350526309375
            ],
            [
              2.3431807692328994,
              41.61035151718645
            ],
            [
              2.3431835187817676,
              41.61035295536147
            ],
            [
              2.3431862152798697,
              41.61035473117647
            ],
            [
              2.343188354919986,
              41.61035714289561
            ],
            [
              2.3431891931495583,
              41.610359098587395
            ],
            [
              2.3431914503345532,
              41.61035929604778
            ],
            [
              2.3431936547000163,
              41.61035983153096
            ],
            [
              2.3431975594819225,
              41.61036119980732
            ],
            [
              2.3431994592668755,
              41.61036222184161
            ],
            [
              2.343201106970549,
              41.61036339259458
            ],
            [
              2.343202502503516,
              41.6103647126375
            ],
            [
              2.3432045888810973,
              41.61036746212315
            ],
            [
              2.343205280916617,
              41.61036889137939
            ],
            [
              2.34320620015654,
              41.61037324897765
            ],
            [
              2.343205114454253,
              41.61037725874408
            ],
            [
              2.3432064569367994,
              41.61037891642701
            ],
            [
              2.343207743360063,
              41.61038090808173
            ]
          ]
        ]
      },
      "properties": {
        "id": "s_5d6c8935ce6c436166000104",
        "destinationNodes": [],
        "center": [
          2.3431719046539454,
          41.61037906297085
        ],
        "details": {
          "description": "",
          "name": "",
          "images": []
        }
      }
    },
    {
      "type": "Feature",
      "geometry": {
        "type": "Polygon",
        "coordinates": [
          [
            [
              2.343131555830267,
              41.61040005045519
            ],
            [
              2.3431322879863377,
              41.61040268063208
            ],
            [
              2.343132117186108,
              41.610405231354314
            ],
            [
              2.343131495431491,
              41.610407743334555
            ],
            [
              2.343130170134434,
              41.61041036481513
            ],
            [
              2.343127993785322,
              41.61041256910001
            ],
            [
              2.3431256192659187,
              41.61041458577039
            ],
            [
              2.343122394289092,
              41.6104161851517
            ],
            [
              2.3431176142909416,
              41.61041747708961
            ],
            [
              2.3431155033087636,
              41.61041780475897
            ],
            [
              2.343114284725243,
              41.610419751375375
            ],
            [
              2.343111858328183,
              41.61042210499146
            ],
            [
              2.343110597589047,
              41.61042285007528
            ],
            [
              2.3431048109501535,
              41.6104247384827
            ],
            [
              2.3431014925878535,
              41.61042547470943
            ],
            [
              2.343098279564086,
              41.61042553559034
            ],
            [
              2.343095119420647,
              41.610425258672
            ],
            [
              2.3430920123638748,
              41.610424645130614
            ],
            [
              2.343089011007489,
              41.610423355768376
            ],
            [
              2.343086513967159,
              41.61042176861993
            ],
            [
              2.3430843216154047,
              41.61041969485745
            ],
            [
              2.3430813080498534,
              41.61041994440672
            ],
            [
              2.3430783471960477,
              41.61041985599723
            ],
            [
              2.3430754387528094,
              41.610419430326445
            ],
            [
              2.3430730349283735,
              41.610418706172176
            ],
            [
              2.3430706846338407,
              41.610417645651424
            ],
            [
              2.3430683870520777,
              41.610416247171436
            ],
            [
              2.3430663411081034,
              41.61041469971812
            ],
            [
              2.343064600555908,
              41.610412665493456
            ],
            [
              2.343063510725188,
              41.61041085979211
            ],
            [
              2.343062871849745,
              41.610409092832484
            ],
            [
              2.3430622970006403,
              41.61040544979094
            ],
            [
              2.343062614068704,
              41.61040342442434
            ],
            [
              2.3430642979515017,
              41.61039997948942
            ],
            [
              2.3430654652009912,
              41.61039837131462
            ],
            [
              2.343063670754455,
              41.610396673932314
            ],
            [
              2.343062234997136,
              41.61039415303116
            ],
            [
              2.343061502738211,
              41.61039152291635
            ],
            [
              2.3430616735410132,
              41.610388972195395
            ],
            [
              2.3430622952363844,
              41.61038645999179
            ],
            [
              2.343063620597676,
              41.61038383873457
            ],
            [
              2.3430657967793693,
              41.61038163429135
            ],
            [
              2.343068171575451,
              41.61037961771934
            ],
            [
              2.343071396444422,
              41.610378018401946
            ],
            [
              2.343076176546381,
              41.61037672640343
            ],
            [
              2.343079642920945,
              41.61037651735024
            ],
            [
              2.3430802522983734,
              41.610375544121794
            ],
            [
              2.3430834874662736,
              41.61037240572522
            ],
            [
              2.3430844957583394,
              41.61037180983493
            ],
            [
              2.3430905348394564,
              41.61036977223526
            ],
            [
              2.34309405255016,
              41.61036922474072
            ],
            [
              2.343097717005448,
              41.610369203873404
            ],
            [
              2.343101075759188,
              41.610369668662706
            ],
            [
              2.343104581730684,
              41.61037065954157
            ],
            [
              2.343107331109146,
              41.6103720975594
            ],
            [
              2.3431100276059516,
              41.610373873376176
            ],
            [
              2.343112167243854,
              41.61037628509673
            ],
            [
              2.343113005640889,
              41.61037824094809
            ],
            [
              2.3431152628261374,
              41.610378438411146
            ],
            [
              2.3431174670222825,
              41.610378973735564
            ],
            [
              2.3431213719730715,
              41.610380342174714
            ],
            [
              2.343123271481359,
              41.61038136411311
            ],
            [
              2.343124919352788,
              41.61038253502669
            ],
            [
              2.3431263147159607,
              41.61038385491102
            ],
            [
              2.3431284014738005,
              41.61038660443096
            ],
            [
              2.3431290932325073,
              41.61038803359117
            ],
            [
              2.3431300126362062,
              41.610392391349585
            ],
            [
              2.3431289267593374,
              41.610396400956276
            ],
            [
              2.343130269409848,
              41.610398058799106
            ],
            [
              2.343131555830267,
              41.61040005045519
            ]
          ]
        ]
      },
      "properties": {
        "id": "s_5d6c8935ce6c436166000105",
        "destinationNodes": [],
        "center": [
          2.3430957170249864,
          41.61039820523913
        ],
        "details": {
          "description": "",
          "name": "",
          "images": []
        }
      }
    },
    {
      "type": "Feature",
      "geometry": {
        "type": "Polygon",
        "coordinates": [
          [
            [
              2.3442095136667156,
              41.61080287039315
            ],
            [
              2.3442102461466425,
              41.61080550065969
            ],
            [
              2.34421007549396,
              41.61080805131981
            ],
            [
              2.3442094536714464,
              41.61081056336956
            ],
            [
              2.3442081283479475,
              41.61081318463994
            ],
            [
              2.344205952084052,
              41.610815389167726
            ],
            [
              2.344203577414177,
              41.61081740570011
            ],
            [
              2.34420035244463,
              41.61081900511218
            ],
            [
              2.344195572438221,
              41.61082029709475
            ],
            [
              2.34419346172367,
              41.6108206248803
            ],
            [
              2.3441922431650695,
              41.61082257150808
            ],
            [
              2.3441898166855077,
              41.610824925209876
            ],
            [
              2.34418855605763,
              41.61082567024244
            ],
            [
              2.344182769413469,
              41.61082755870326
            ],
            [
              2.3441794509367604,
              41.61082829502468
            ],
            [
              2.3441762380006286,
              41.61082835587258
            ],
            [
              2.344173077557496,
              41.61082807888726
            ],
            [
              2.344169970577059,
              41.6108274653112
            ],
            [
              2.344166969349915,
              41.61082617613601
            ],
            [
              2.3441644721606067,
              41.6108245890751
            ],
            [
              2.3441622795918566,
              41.610822515173574
            ],
            [
              2.3441592661176474,
              41.61082276468729
            ],
            [
              2.3441563053065395,
              41.61082267652869
            ],
            [
              2.3441533969455826,
              41.61082225082151
            ],
            [
              2.344150993093161,
              41.610821526690216
            ],
            [
              2.3441486424902056,
              41.61082046609429
            ],
            [
              2.3441463449780997,
              41.61081906757337
            ],
            [
              2.344144298950965,
              41.610817520423616
            ],
            [
              2.344142558566397,
              41.610815486089635
            ],
            [
              2.3441414685927078,
              41.610813680462165
            ],
            [
              2.344140829789739,
              41.610811913444806
            ],
            [
              2.3441402548768595,
              41.61080827040929
            ],
            [
              2.344140571913934,
              41.61080624503921
            ],
            [
              2.3441422557496803,
              41.610802800088564
            ],
            [
              2.3441434228720293,
              41.61080119196643
            ],
            [
              2.344141628385233,
              41.61079949460022
            ],
            [
              2.344140192576824,
              41.61079697371248
            ],
            [
              2.344139460101416,
              41.61079434344565
            ],
            [
              2.3441396311373035,
              41.610791792818915
            ],
            [
              2.3441402525812154,
              41.6107892807356
            ],
            [
              2.3441415781210337,
              41.61078665934055
            ],
            [
              2.344143754172798,
              41.61078445494007
            ],
            [
              2.344146128842639,
              41.610782438408265
            ],
            [
              2.344149353812394,
              41.610780838998366
            ],
            [
              2.34415413381593,
              41.610779547018225
            ],
            [
              2.344157600315327,
              41.61077933786961
            ],
            [
              2.344158209511645,
              41.61077836447596
            ],
            [
              2.344161444815955,
              41.61077522620867
            ],
            [
              2.3441624531043592,
              41.61077463030898
            ],
            [
              2.344168492082456,
              41.61077259271594
            ],
            [
              2.344172010018647,
              41.610772045061786
            ],
            [
              2.3441756743278153,
              41.61077202400073
            ],
            [
              2.3441790330043055,
              41.61077248882234
            ],
            [
              2.344182539288893,
              41.61077347976429
            ],
            [
              2.344185288601872,
              41.61077491781948
            ],
            [
              2.34418798525187,
              41.61077669354803
            ],
            [
              2.3441901249441246,
              41.61077910524924
            ],
            [
              2.3441909632104254,
              41.61078106093324
            ],
            [
              2.344193220474348,
              41.61078125859712
            ],
            [
              2.3441954246938925,
              41.61078179390163
            ],
            [
              2.3441993295225885,
              41.61078316214411
            ],
            [
              2.3442012293358387,
              41.61078418416189
            ],
            [
              2.344202877068471,
              41.610785354900564
            ],
            [
              2.3442042726310652,
              41.61078667493136
            ],
            [
              2.344206359447189,
              41.610789424431154
            ],
            [
              2.3442070511281075,
              41.61079085364862
            ],
            [
              2.3442079704410226,
              41.61079521123826
            ],
            [
              2.344206884793719,
              41.61079922101527
            ],
            [
              2.344208227480316,
              41.61080087884557
            ],
            [
              2.3442095136667156,
              41.61080287039315
            ]
          ]
        ]
      },
      "properties": {
        "id": "s_5d6c8935ce6c436166000106",
        "destinationNodes": [],
        "center": [
          2.344173674872639,
          41.6108010255422
        ],
        "details": {
          "description": "",
          "name": "",
          "images": []
        }
      }
    },
    {
      "type": "Feature",
      "geometry": {
        "type": "Polygon",
        "coordinates": [
          [
            [
              2.344055780081121,
              41.610893726967305
            ],
            [
              2.344056512555812,
              41.61089635723483
            ],
            [
              2.3440563418968106,
              41.610898907894715
            ],
            [
              2.3440557200674346,
              41.61090141994365
            ],
            [
              2.344054394735823,
              41.610904041212244
            ],
            [
              2.344052218463609,
              41.61090624573714
            ],
            [
              2.344049843785584,
              41.61090826226636
            ],
            [
              2.344046618807684,
              41.61090986167415
            ],
            [
              2.3440418387914628,
              41.61091115365034
            ],
            [
              2.3440397278597964,
              41.61091148155919
            ],
            [
              2.344038509508203,
              41.61091342805924
            ],
            [
              2.3440360830196147,
              41.610915781757804
            ],
            [
              2.344034822388186,
              41.61091652678868
            ],
            [
              2.344029035518012,
              41.61091841536789
            ],
            [
              2.344025717248238,
              41.61091915155881
            ],
            [
              2.344022504094073,
              41.6109192125285
            ],
            [
              2.344019343860512,
              41.6109189354129
            ],
            [
              2.3440162366637987,
              41.610918321958785
            ],
            [
              2.3440132356479877,
              41.610917032654015
            ],
            [
              2.344010738459819,
              41.610915445589264
            ],
            [
              2.344008545892923,
              41.61091337168481
            ],
            [
              2.3440055322005127,
              41.61091362132061
            ],
            [
              2.3440025715988067,
              41.61091353303196
            ],
            [
              2.343999663020531,
              41.610913107447544
            ],
            [
              2.3439972591673244,
              41.610912383312524
            ],
            [
              2.3439949087769487,
              41.61091132258736
            ],
            [
              2.3439926110515765,
              41.61090992418947
            ],
            [
              2.3439905652386104,
              41.61090837691091
            ],
            [
              2.3439888246430756,
              41.61090634270071
            ],
            [
              2.343987734885517,
              41.61090453694568
            ],
            [
              2.343987095872497,
              41.61090277005358
            ],
            [
              2.3439865209674893,
              41.61089912701729
            ],
            [
              2.343986838222324,
              41.61089710152205
            ],
            [
              2.343988522068652,
              41.610893656573644
            ],
            [
              2.3439896891973513,
              41.610892048452556
            ],
            [
              2.3439878947120727,
              41.61089035108395
            ],
            [
              2.343986458907649,
              41.61088783019431
            ],
            [
              2.343985726437477,
              41.61088519992649
            ],
            [
              2.3439858972663212,
              41.61088264942608
            ],
            [
              2.3439865189304565,
              41.6108801372175
            ],
            [
              2.3439878442650266,
              41.610877515950314
            ],
            [
              2.343990020538471,
              41.61087531142664
            ],
            [
              2.3439923952164623,
              41.610873294898
            ],
            [
              2.3439956201945704,
              41.610871695492385
            ],
            [
              2.3440004002079182,
              41.61087040351862
            ],
            [
              2.3440038667126957,
              41.61087019437462
            ],
            [
              2.344004475911316,
              41.6108692209823
            ],
            [
              2.344007711228536,
              41.610866082718815
            ],
            [
              2.3440087195197807,
              41.61086548682045
            ],
            [
              2.3440147585112387,
              41.61086344923546
            ],
            [
              2.344018276240327,
              41.61086290171209
            ],
            [
              2.3440219405538314,
              41.61086288065641
            ],
            [
              2.3440252994481816,
              41.61086334535591
            ],
            [
              2.344028805521109,
              41.61086433642913
            ],
            [
              2.3440315550487703,
              41.610865774361365
            ],
            [
              2.3440342514849726,
              41.61086755021961
            ],
            [
              2.3440363911744933,
              41.61086996192368
            ],
            [
              2.344037229649802,
              41.610871917483216
            ],
            [
              2.3440394869173073,
              41.61087211514959
            ],
            [
              2.344041691138681,
              41.610872650457026
            ],
            [
              2.344045595969616,
              41.6108740187047
            ],
            [
              2.344047495569744,
              41.610875040851106
            ],
            [
              2.344049143515269,
              41.61087621146589
            ],
            [
              2.344050539076683,
              41.610877531498545
            ],
            [
              2.3440526256749576,
              41.61088028112774
            ],
            [
              2.3440533175668063,
              41.61088171022002
            ],
            [
              2.344054236870632,
              41.61088606781089
            ],
            [
              2.3440531512131186,
              41.610890077585935
            ],
            [
              2.3440544938967816,
              41.610891735418534
            ],
            [
              2.344055780081121,
              41.610893726967305
            ]
          ]
        ]
      },
      "properties": {
        "id": "s_5d6c8935ce6c436166000107",
        "destinationNodes": [],
        "center": [
          2.344019941178968,
          41.610891882105264
        ],
        "details": {
          "description": "",
          "name": "",
          "images": []
        }
      }
    },
    {
      "type": "Feature",
      "geometry": {
        "type": "Polygon",
        "coordinates": [
          [
            [
              2.344132507949747,
              41.61084838084203
            ],
            [
              2.344133240426177,
              41.61085101110956
            ],
            [
              2.3441330695578415,
              41.61085356189515
            ],
            [
              2.344132447731016,
              41.610856073945
            ],
            [
              2.344131122403453,
              41.6108586952145
            ],
            [
              2.344128946348753,
              41.61086089961474
            ],
            [
              2.3441265714614343,
              41.61086291627164
            ],
            [
              2.344123346701065,
              41.61086451555546
            ],
            [
              2.3441185664763786,
              41.610865807660936
            ],
            [
              2.344116455759948,
              41.61086613544508
            ],
            [
              2.3441152371981637,
              41.610868082072045
            ],
            [
              2.3441128107140803,
              41.61087043577223
            ],
            [
              2.3441115500844245,
              41.61087118080393
            ],
            [
              2.3441057634348006,
              41.610873069260386
            ],
            [
              2.344102445168235,
              41.61087380545351
            ],
            [
              2.344099232015527,
              41.610873866425855
            ],
            [
              2.3440960715713697,
              41.61087358943794
            ],
            [
              2.344092964588599,
              41.61087297586031
            ],
            [
              2.344089963360876,
              41.610871686683105
            ],
            [
              2.344087466385937,
              41.61087009949393
            ],
            [
              2.344085273818116,
              41.61086802559093
            ],
            [
              2.3440822601272466,
              41.61086827522926
            ],
            [
              2.344079299315029,
              41.610868187068164
            ],
            [
              2.344076390951654,
              41.610867761359565
            ],
            [
              2.3440739870992755,
              41.61086703722614
            ],
            [
              2.344071636495054,
              41.61086597662917
            ],
            [
              2.344069338982996,
              41.610864578106714
            ],
            [
              2.344067293169627,
              41.61086303082949
            ],
            [
              2.3440655525728973,
              41.610860996620445
            ],
            [
              2.344064462600594,
              41.61085919099225
            ],
            [
              2.3440638238001585,
              41.610857423973954
            ],
            [
              2.3440632488903477,
              41.61085378093858
            ],
            [
              2.3440635659300626,
              41.61085175556871
            ],
            [
              2.3440652497711096,
              41.61084831061918
            ],
            [
              2.344066417109564,
              41.610846702371724
            ],
            [
              2.3440646226235278,
              41.61084500500432
            ],
            [
              2.344063186604627,
              41.61084248424121
            ],
            [
              2.344062454130967,
              41.6108398539744
            ],
            [
              2.3440626251708947,
              41.61083730334727
            ],
            [
              2.3440632468307308,
              41.61083479113877
            ],
            [
              2.3440645721612516,
              41.61083216987071
            ],
            [
              2.3440667482171826,
              41.610829965471694
            ],
            [
              2.3440691231044677,
              41.61082794881536
            ],
            [
              2.3440723478650445,
              41.61082634953371
            ],
            [
              2.3440771280877324,
              41.610825057430155
            ],
            [
              2.3440805945898244,
              41.610824848283855
            ],
            [
              2.344081203786859,
              41.61082387489111
            ],
            [
              2.344084438883836,
              41.610820736752096
            ],
            [
              2.3440854471745376,
              41.61082014085255
            ],
            [
              2.3440914863718145,
              41.610818103137966
            ],
            [
              2.344095004097779,
              41.61081755561226
            ],
            [
              2.344098668409557,
              41.61081753455363
            ],
            [
              2.344102027301224,
              41.6108179992514
            ],
            [
              2.344105533373741,
              41.61081899032179
            ],
            [
              2.344108282900305,
              41.610820428252715
            ],
            [
              2.3441109793367234,
              41.610822204109155
            ],
            [
              2.3441131190276088,
              41.610824615811794
            ],
            [
              2.3441139572921657,
              41.610826571496354
            ],
            [
              2.3441162145574457,
              41.61082676916175
            ],
            [
              2.3441184187779065,
              41.61082730446772
            ],
            [
              2.344122323821086,
              41.61082867258671
            ],
            [
              2.3441242234210944,
              41.61082969473186
            ],
            [
              2.3441258711534916,
              41.61083086547162
            ],
            [
              2.3441272667154944,
              41.610832185503355
            ],
            [
              2.3441293535298082,
              41.61083493500455
            ],
            [
              2.344130045209509,
              41.610836364222465
            ],
            [
              2.3441309645178707,
              41.610840721812714
            ],
            [
              2.3441298788650156,
              41.610844731589005
            ],
            [
              2.344131221550581,
              41.610846389420196
            ],
            [
              2.344132507949747,
              41.61084838084203
            ]
          ]
        ]
      },
      "properties": {
        "id": "s_5d6c8935ce6c436166000108",
        "destinationNodes": [],
        "center": [
          2.3440966689772935,
          41.61084653605897
        ],
        "details": {
          "description": "",
          "name": "",
          "images": []
        }
      }
    },
    {
      "type": "Feature",
      "geometry": {
        "type": "Polygon",
        "coordinates": [
          [
            [
              2.3440997484209096,
              41.610695036383575
            ],
            [
              2.3441004806809005,
              41.61069766677742
            ],
            [
              2.344100309856384,
              41.61070021727733
            ],
            [
              2.3440996881984137,
              41.61070272948654
            ],
            [
              2.34409836287267,
              41.61070535075566
            ],
            [
              2.344096186608661,
              41.610707555281394
            ],
            [
              2.344093811939324,
              41.610709571811505
            ],
            [
              2.344090586972446,
              41.61071117122051
            ],
            [
              2.344085806971829,
              41.610712463198546
            ],
            [
              2.344083696260249,
              41.610712790982085
            ],
            [
              2.3440824775317197,
              41.61071473744917
            ],
            [
              2.3440800512208613,
              41.61071709130818
            ],
            [
              2.344078790593824,
              41.61071783633954
            ],
            [
              2.344073003956996,
              41.61071972479435
            ],
            [
              2.3440696854845817,
              41.61072046111262
            ],
            [
              2.3440664725528424,
              41.61072052195796
            ],
            [
              2.3440633121163383,
              41.61072024496914
            ],
            [
              2.344060205141265,
              41.61071963139063
            ],
            [
              2.344057203921331,
              41.61071834221259
            ],
            [
              2.3440547067397723,
              41.610716755148786
            ],
            [
              2.344052514177525,
              41.610714681244524
            ],
            [
              2.3440495007077455,
              41.610714930756544
            ],
            [
              2.34404653990192,
              41.61071484259395
            ],
            [
              2.3440436313777138,
              41.61071441672566
            ],
            [
              2.3440412277000693,
              41.610713692751084
            ],
            [
              2.3440388771019736,
              41.61071263215343
            ],
            [
              2.3440365795960876,
              41.610711233630326
            ],
            [
              2.3440345335750057,
              41.610709686478636
            ],
            [
              2.3440327931968086,
              41.610707652143
            ],
            [
              2.344031703228014,
              41.61070584651449
            ],
            [
              2.3440310642613422,
              41.61070407933648
            ],
            [
              2.3440304895234005,
              41.61070043646047
            ],
            [
              2.344030806394739,
              41.61069841093115
            ],
            [
              2.344032490402185,
              41.61069496614164
            ],
            [
              2.3440336575253196,
              41.61069335802061
            ],
            [
              2.3440318630444112,
              41.610691660652705
            ],
            [
              2.3440304272435664,
              41.61068913976308
            ],
            [
              2.3440296947722925,
              41.6106865094954
            ],
            [
              2.3440298656451484,
              41.61068395870946
            ],
            [
              2.3440304874743094,
              41.61068144666015
            ],
            [
              2.344031812802137,
              41.61067882539298
            ],
            [
              2.344033988854015,
              41.61067662099457
            ],
            [
              2.344036363736679,
              41.61067460433893
            ],
            [
              2.3440395884904026,
              41.61067300505819
            ],
            [
              2.344044368489022,
              41.61067171308208
            ],
            [
              2.3440478349829803,
              41.61067150393677
            ],
            [
              2.344048444179062,
              41.610670530544205
            ],
            [
              2.3440516794841786,
              41.61066739227949
            ],
            [
              2.3440526877719114,
              41.610666796380734
            ],
            [
              2.3440587269567428,
              41.61066475866737
            ],
            [
              2.34406224467444,
              41.610664211143806
            ],
            [
              2.344065908976827,
              41.61066419008557
            ],
            [
              2.3440692676469124,
              41.6106646549104
            ],
            [
              2.3440727737553004,
              41.61066564569615
            ],
            [
              2.3440755232298893,
              41.61066708391347
            ],
            [
              2.344078219873232,
              41.610668859644086
            ],
            [
              2.3440803595569317,
              41.61067127134785
            ],
            [
              2.344081197818503,
              41.610673227032656
            ],
            [
              2.3440834549096645,
              41.61067342453915
            ],
            [
              2.3440856592941404,
              41.61067396000475
            ],
            [
              2.3440895641131063,
              41.61067532825146
            ],
            [
              2.3440914639214414,
              41.61067635027106
            ],
            [
              2.3440931116502015,
              41.61067752101078
            ],
            [
              2.344094507208217,
              41.610678841042926
            ],
            [
              2.3440965938466474,
              41.61068159038568
            ],
            [
              2.3440972856926297,
              41.61068301976333
            ],
            [
              2.344098204996593,
              41.61068737735383
            ],
            [
              2.3440971193442808,
              41.61069138712982
            ],
            [
              2.344098462025813,
              41.610693044961394
            ],
            [
              2.3440997484209096,
              41.610695036383575
            ]
          ]
        ]
      },
      "properties": {
        "id": "s_5d6c8935ce6c436166000109",
        "destinationNodes": [],
        "center": [
          2.3440639094662723,
          41.610693191596894
        ],
        "details": {
          "description": "",
          "name": "",
          "images": []
        }
      }
    },
    {
      "type": "Feature",
      "geometry": {
        "type": "Polygon",
        "coordinates": [
          [
            [
              2.3439460147234534,
              41.610785892938125
            ],
            [
              2.3439467471924442,
              41.61078852320633
            ],
            [
              2.34394657636161,
              41.61079107370604
            ],
            [
              2.343945954696777,
              41.61079358591441
            ],
            [
              2.3439446293629205,
              41.610796207181764
            ],
            [
              2.3439424530905932,
              41.61079841170458
            ],
            [
              2.343940078413106,
              41.61080042823154
            ],
            [
              2.343936853437875,
              41.610802027636254
            ],
            [
              2.3439320734274465,
              41.6108033196079
            ],
            [
              2.34392996249875,
              41.610803647514736
            ],
            [
              2.3439287439772287,
              41.61080559385412
            ],
            [
              2.3439263176573433,
              41.610807947709894
            ],
            [
              2.3439250570267545,
              41.61080869273955
            ],
            [
              2.343919270163915,
              41.61081058131276
            ],
            [
              2.3439159518984343,
              41.61081131750052
            ],
            [
              2.3439127387486622,
              41.61081137846766
            ],
            [
              2.3439095785217297,
              41.610811101348546
            ],
            [
              2.3439064715437428,
              41.610810487765896
            ],
            [
              2.343903470322654,
              41.610809198583844
            ],
            [
              2.3439009731413605,
              41.61080761151672
            ],
            [
              2.3438987805809672,
              41.610805537609544
            ],
            [
              2.3438957668929867,
              41.610805787243635
            ],
            [
              2.3438928062956887,
              41.61080569895152
            ],
            [
              2.3438898975559126,
              41.61080527320493
            ],
            [
              2.3438874940899708,
              41.61080454910107
            ],
            [
              2.3438851434910917,
              41.61080348850028
            ],
            [
              2.3438828457719403,
              41.610802090100215
            ],
            [
              2.3438807999650266,
              41.61080054281969
            ],
            [
              2.343879059375863,
              41.610798508607836
            ],
            [
              2.343877969623199,
              41.61079670285178
            ],
            [
              2.3438773306598386,
              41.61079493567292
            ],
            [
              2.343876755716406,
              41.61079129292224
            ],
            [
              2.3438770728063796,
              41.61078926726726
            ],
            [
              2.343878756824407,
              41.610785822479976
            ],
            [
              2.3438799239530175,
              41.6107842143605
            ],
            [
              2.3438781294736266,
              41.61078251699019
            ],
            [
              2.343876693676767,
              41.610779996098664
            ],
            [
              2.343875961210729,
              41.61077736583001
            ],
            [
              2.3438761320890293,
              41.610774815044806
            ],
            [
              2.3438767537116902,
              41.61077230312244
            ],
            [
              2.3438780792618674,
              41.61076968173041
            ],
            [
              2.3438802553220635,
              41.6107674773349
            ],
            [
              2.343882629999516,
              41.61076546080852
            ],
            [
              2.3438858549749555,
              41.61076386140598
            ],
            [
              2.343890634982511,
              41.61076256943676
            ],
            [
              2.3438941014818497,
              41.610762360296064
            ],
            [
              2.343894710681983,
              41.610761386903796
            ],
            [
              2.3438979459982607,
              41.61075824864389
            ],
            [
              2.343898954289708,
              41.61075765274599
            ],
            [
              2.343904993273664,
              41.610755615167264
            ],
            [
              2.343908510998495,
              41.61075506764789
            ],
            [
              2.3439121755194554,
              41.61075504646844
            ],
            [
              2.343915534193163,
              41.61075551129773
            ],
            [
              2.343919040090767,
              41.61075650221425
            ],
            [
              2.343921789779162,
              41.61075794030915
            ],
            [
              2.3439244864211974,
              41.61075971604386
            ],
            [
              2.3439266258896754,
              41.61076212787605
            ],
            [
              2.343927464361129,
              41.61076408343587
            ],
            [
              2.3439297214549986,
              41.61076428094538
            ],
            [
              2.343931925840429,
              41.610764816414445
            ],
            [
              2.3439358306625087,
              41.61076618466584
            ],
            [
              2.343937730471084,
              41.610767206687946
            ],
            [
              2.3439393781985007,
              41.61076837743038
            ],
            [
              2.3439407737553353,
              41.61076969746438
            ],
            [
              2.343942860177665,
              41.61077244693552
            ],
            [
              2.343943552234578,
              41.610773876187984
            ],
            [
              2.3439444715294515,
              41.61077823377971
            ],
            [
              2.343943385866056,
              41.61078224355425
            ],
            [
              2.3439447285455275,
              41.61078390138762
            ],
            [
              2.3439460147234534,
              41.610785892938125
            ]
          ]
        ]
      },
      "properties": {
        "id": "s_5d6c8935ce6c43616600010a",
        "destinationNodes": [],
        "center": [
          2.343910175887346,
          41.6107840480064
        ],
        "details": {
          "description": "",
          "name": "",
          "images": []
        }
      }
    },
    {
      "type": "Feature",
      "geometry": {
        "type": "Polygon",
        "coordinates": [
          [
            [
              2.344022742540984,
              41.61074054688583
            ],
            [
              2.3440234750125883,
              41.61074317715356
            ],
            [
              2.3440233039706713,
              41.61074572777997
            ],
            [
              2.3440226823092627,
              41.61074823998874
            ],
            [
              2.3440213569794555,
              41.61075086125699
            ],
            [
              2.344019180924642,
              41.61075306565517
            ],
            [
              2.344016806037861,
              41.6107550823098
            ],
            [
              2.344013581281035,
              41.61075668159005
            ],
            [
              2.344008801062141,
              41.610757973690966
            ],
            [
              2.3440066903486807,
              41.61075830147311
            ],
            [
              2.344005471616094,
              41.61076024793991
            ],
            [
              2.3440030453015885,
              41.61076260179678
            ],
            [
              2.3440017846718977,
              41.61076334682781
            ],
            [
              2.3439959980287335,
              41.610765235278755
            ],
            [
              2.3439926797664614,
              41.61076597146871
            ],
            [
              2.343989466619021,
              41.610766032438015
            ],
            [
              2.343986306180618,
              41.610765755447076
            ],
            [
              2.343983199204085,
              41.610765141866494
            ],
            [
              2.3439801979835724,
              41.61076385268646
            ],
            [
              2.3439777010155085,
              41.610762265494884
            ],
            [
              2.3439755084541902,
              41.61076019158915
            ],
            [
              2.343972494768625,
              41.61076044122527
            ],
            [
              2.343969533960815,
              41.61076035306069
            ],
            [
              2.3439666254350655,
              41.610759927190465
            ],
            [
              2.3439642217565893,
              41.610759203214286
            ],
            [
              2.343961871158976,
              41.61075814261456
            ],
            [
              2.343959573653139,
              41.610756744089905
            ],
            [
              2.343957527844948,
              41.610755196811276
            ],
            [
              2.3439557872554637,
              41.61075316260005
            ],
            [
              2.3439546972880554,
              41.61075135697081
            ],
            [
              2.3439540583221676,
              41.6107495897929
            ],
            [
              2.343953483588169,
              41.610745946916495
            ],
            [
              2.3439538004621485,
              41.6107439213874
            ],
            [
              2.343955484474894,
              41.61074047659899
            ],
            [
              2.3439566518150086,
              41.61073886835214
            ],
            [
              2.3439548573348605,
              41.61073717098303
            ],
            [
              2.343953421321775,
              41.61073465021907
            ],
            [
              2.343952688853124,
              41.610732019950895
            ],
            [
              2.3439528597291455,
              41.610729469165065
            ],
            [
              2.3439534815617433,
              41.610726957116185
            ],
            [
              2.3439548068945095,
              41.61072433584938
            ],
            [
              2.343956982950554,
              41.61072213145241
            ],
            [
              2.3439593578373006,
              41.61072011479836
            ],
            [
              2.3439625828085706,
              41.61071851539368
            ],
            [
              2.34396736281123,
              41.610717223421275
            ],
            [
              2.3439708293078834,
              41.610717014278265
            ],
            [
              2.343971438505556,
              41.61071604088612
            ],
            [
              2.3439746736033396,
              41.610712902749654
            ],
            [
              2.343975681892495,
              41.610712306851596
            ],
            [
              2.343981721084019,
              41.61071026914223
            ],
            [
              2.3439852388057263,
              41.61070972162052
            ],
            [
              2.343988903109849,
              41.610709700565245
            ],
            [
              2.343992261995985,
              41.61071016526569
            ],
            [
              2.3439957678914283,
              41.61071115618041
            ],
            [
              2.343998517580476,
              41.610712594272954
            ],
            [
              2.3440012140093653,
              41.610714370131966
            ],
            [
              2.3440033536916953,
              41.610716781837155
            ],
            [
              2.344004191951524,
              41.61071873752252
            ],
            [
              2.3440064490440418,
              41.61071893503053
            ],
            [
              2.344008653429434,
              41.61071947049761
            ],
            [
              2.3440125584628833,
              41.610720838620814
            ],
            [
              2.344014458057977,
              41.61072186076778
            ],
            [
              2.344016105786502,
              41.6107230315086
            ],
            [
              2.344017501343926,
              41.61072435154167
            ],
            [
              2.3440195879805468,
              41.61072710088583
            ],
            [
              2.344020279825311,
              41.61072853026393
            ],
            [
              2.3440211991247213,
              41.61073288785506
            ],
            [
              2.3440201134668572,
              41.610736897630304
            ],
            [
              2.3440214561473574,
              41.61073855546279
            ],
            [
              2.344022742540984,
              41.61074054688583
            ]
          ]
        ]
      },
      "properties": {
        "id": "s_5d6c8935ce6c43616600010b",
        "destinationNodes": [],
        "center": [
          2.343986903612968,
          41.61073870204582
        ],
        "details": {
          "description": "",
          "name": "",
          "images": []
        }
      }
    },
    {
      "type": "Feature",
      "geometry": {
        "type": "Polygon",
        "coordinates": [
          [
            [
              2.3456366724094657,
              41.61261505408137
            ],
            [
              2.345725392552659,
              41.61256714459748
            ],
            [
              2.3457488951358374,
              41.61254751598166
            ],
            [
              2.3457676897129796,
              41.61252365953632
            ],
            [
              2.345782261431623,
              41.61249768443075
            ],
            [
              2.3457930954815422,
              41.61247170085093
            ],
            [
              2.345800677477714,
              41.612447818730466
            ],
            [
              2.3458054919315194,
              41.612428147614686
            ],
            [
              2.345808025347847,
              41.61241479794984
            ],
            [
              2.3458087616851677,
              41.61240987908782
            ],
            [
              2.345829902992264,
              41.61202929513831
            ],
            [
              2.3458286356191933,
              41.61202471707796
            ],
            [
              2.345826437819123,
              41.612020052981705
            ],
            [
              2.3458234079549287,
              41.61201535519894
            ],
            [
              2.3458196448840374,
              41.61201067786246
            ],
            [
              2.345815246756578,
              41.61200607344836
            ],
            [
              2.3458103136241593,
              41.61200159590206
            ],
            [
              2.345804942870145,
              41.611997297634346
            ],
            [
              2.3457992339951788,
              41.61199323239888
            ],
            [
              2.345778357701785,
              41.61241263608327
            ],
            [
              2.345777966967841,
              41.61241683308993
            ],
            [
              2.3457779637955567,
              41.6124168613089
            ],
            [
              2.345776326936315,
              41.61242831234779
            ],
            [
              2.345776320928253,
              41.61242834616691
            ],
            [
              2.3457726948394892,
              41.612445406376686
            ],
            [
              2.3457663057840445,
              41.612466443278876
            ],
            [
              2.345756425236967,
              41.61248975479093
            ],
            [
              2.345742309941673,
              41.61251367268375
            ],
            [
              2.34572320530839,
              41.61253652222946
            ],
            [
              2.3457231913338417,
              41.612536535919034
            ],
            [
              2.3456983958917714,
              41.61255664850255
            ],
            [
              2.345574821688498,
              41.612618208842164
            ],
            [
              2.345583845117187,
              41.61261967459935
            ],
            [
              2.3455929411714185,
              41.61262023690599
            ],
            [
              2.3456019542004767,
              41.61262011535183
            ],
            [
              2.345610568639817,
              41.61261948917609
            ],
            [
              2.345618469904365,
              41.61261853755648
            ],
            [
              2.3456253424300075,
              41.61261743973119
            ],
            [
              2.3456366724094657,
              41.61261505408137
            ]
          ]
        ]
      },
      "properties": {
        "id": "s_5d6c8935ce6c436166000118",
        "destinationNodes": [],
        "center": [
          2.3457450562499913,
          41.61239482566961
        ],
        "details": {
          "description": "",
          "name": "",
          "images": []
        }
      }
    },
    {
      "type": "Feature",
      "geometry": {
        "type": "Polygon",
        "coordinates": [
          [
            [
              2.3443141922868285,
              41.609726952569865
            ],
            [
              2.344316153680979,
              41.60972298668971
            ],
            [
              2.3443174713290587,
              41.609719055300296
            ],
            [
              2.3443182426881886,
              41.60971523385106
            ],
            [
              2.344318565806318,
              41.60971159769724
            ],
            [
              2.344318537543768,
              41.60970822237958
            ],
            [
              2.3443178185317466,
              41.609702555486045
            ],
            [
              2.3443173224775307,
              41.60970041493406
            ],
            [
              2.3426969652403615,
              41.608165751060795
            ],
            [
              2.3425307087601213,
              41.608021906175416
            ],
            [
              2.3425115328064936,
              41.60803323922754
            ],
            [
              2.34267778927231,
              41.608177084141076
            ],
            [
              2.3443141922868285,
              41.609726952569865
            ]
          ]
        ]
      },
      "properties": {
        "id": "s_5d6c8935ce6c436166000119",
        "destinationNodes": [],
        "center": [
          2.343746275035308,
          41.60917541662605
        ],
        "details": {
          "description": "",
          "name": "",
          "images": []
        }
      }
    },
    {
      "type": "Feature",
      "geometry": {
        "type": "Polygon",
        "coordinates": [
          [
            [
              2.3457954282711717,
              41.61360916736348
            ],
            [
              2.345768298911243,
              41.61310080440572
            ],
            [
              2.3457649262099394,
              41.613078559676715
            ],
            [
              2.3457596436898718,
              41.6130594728273
            ],
            [
              2.3457531782241383,
              41.61304348411017
            ],
            [
              2.34574625760817,
              41.61303053530597
            ],
            [
              2.345739608822504,
              41.613020566602984
            ],
            [
              2.3457339594296926,
              41.61301351940179
            ],
            [
              2.3457285603931863,
              41.613007946226375
            ],
            [
              2.3457172263195005,
              41.61300015210943
            ],
            [
              2.345709215661843,
              41.61299502016396
            ],
            [
              2.345699395294268,
              41.612989059306564
            ],
            [
              2.3456879500208387,
              41.61298253274699
            ],
            [
              2.3456750634178647,
              41.61297570286314
            ],
            [
              2.345660920183902,
              41.61296883292793
            ],
            [
              2.345648007627096,
              41.61296364503738
            ],
            [
              2.3456354911257256,
              41.61295793571516
            ],
            [
              2.345623394443687,
              41.612951715296866
            ],
            [
              2.3456117415377986,
              41.61294499348359
            ],
            [
              2.3456005556032284,
              41.61293777990916
            ],
            [
              2.3455898605991585,
              41.61293008427428
            ],
            [
              2.3455796799495707,
              41.612921916595916
            ],
            [
              2.345570037614442,
              41.61291328657427
            ],
            [
              2.345554340281354,
              41.612896855757334
            ],
            [
              2.3455410165266297,
              41.61287955071266
            ],
            [
              2.3455301096573713,
              41.61286148589666
            ],
            [
              2.3455216633180673,
              41.61284277608228
            ],
            [
              2.34551572113355,
              41.612823535537515
            ],
            [
              2.3455123263053763,
              41.61280387877914
            ],
            [
              2.34551152224566,
              41.612783920199284
            ],
            [
              2.3455133523656846,
              41.612763774189176
            ],
            [
              2.3455155148223916,
              41.61275259828393
            ],
            [
              2.3455184695404725,
              41.61274160460366
            ],
            [
              2.345520872380534,
              41.612734386976506
            ],
            [
              2.345514370611431,
              41.61268738121421
            ],
            [
              2.3455089106542357,
              41.61269605432259
            ],
            [
              2.3455039480917947,
              41.6127049088767
            ],
            [
              2.3454995301752586,
              41.612713897810615
            ],
            [
              2.345499511125856,
              41.61271393922338
            ],
            [
              2.345495570266059,
              41.61272312689859
            ],
            [
              2.3454921553838526,
              41.61273246762805
            ],
            [
              2.3454892620922383,
              41.612741950381725
            ],
            [
              2.345486916916809,
              41.61275156555308
            ],
            [
              2.3454851194612756,
              41.61276128609126
            ],
            [
              2.345485117091635,
              41.61276130354313
            ],
            [
              2.345483088104639,
              41.61278355731611
            ],
            [
              2.3454839820925932,
              41.61280560557139
            ],
            [
              2.345483983968447,
              41.61280562311999
            ],
            [
              2.345487728149216,
              41.612827310388624
            ],
            [
              2.345487730662698,
              41.61282732084663
            ],
            [
              2.345494306026359,
              41.61284857460333
            ],
            [
              2.34549431290775,
              41.61284859274175
            ],
            [
              2.3455036248502705,
              41.612869222959496
            ],
            [
              2.3455036353203234,
              41.61286924287142
            ],
            [
              2.345515672749454,
              41.61288920287233
            ],
            [
              2.3455303904461253,
              41.612908319625745
            ],
            [
              2.345547730349084,
              41.61292647019635
            ],
            [
              2.345557599990271,
              41.612935327743294
            ],
            [
              2.3455576298291807,
              41.6129353533166
            ],
            [
              2.3455679689735107,
              41.612943755183764
            ],
            [
              2.3455788372419613,
              41.612951730186566
            ],
            [
              2.3455901773015,
              41.61295924948284
            ],
            [
              2.345601967380003,
              41.61296630363565
            ],
            [
              2.3456141866106,
              41.6129728842282
            ],
            [
              2.3456268140226513,
              41.6129789829082
            ],
            [
              2.345639903376694,
              41.61298462132617
            ],
            [
              2.3456442749871567,
              41.61298697056695
            ],
            [
              2.345654240856989,
              41.612992977185016
            ],
            [
              2.3456680386644018,
              41.6130025725346
            ],
            [
              2.3456680520764666,
              41.61300258267997
            ],
            [
              2.3456839732271293,
              41.61301571997627
            ],
            [
              2.3457002498919595,
              41.61303233594754
            ],
            [
              2.3457151394517486,
              41.61305236729844
            ],
            [
              2.34572689698427,
              41.61307575392867
            ],
            [
              2.3457337774559996,
              41.6131024358044
            ],
            [
              2.3457627926404996,
              41.61361025777836
            ],
            [
              2.3457954282711717,
              41.61360916736348
            ]
          ]
        ]
      },
      "properties": {
        "id": "s_5d6c8935ce6c43616600011a",
        "destinationNodes": [],
        "center": [
          2.345596347736793,
          41.61292079192514
        ],
        "details": {
          "description": "",
          "name": "",
          "images": []
        }
      }
    },
    {
      "type": "Feature",
      "geometry": {
        "type": "Polygon",
        "coordinates": [
          [
            [
              2.345814043592818,
              41.611819461214296
            ],
            [
              2.345807827010758,
              41.611777417748456
            ],
            [
              2.345788964429138,
              41.61167129354303
            ],
            [
              2.345774691648275,
              41.611603579585974
            ],
            [
              2.345757137697736,
              41.61153109906417
            ],
            [
              2.345736263524015,
              41.611457603511674
            ],
            [
              2.3457120284153326,
              41.611386843882606
            ],
            [
              2.3456852349065143,
              41.61131928886915
            ],
            [
              2.3456305268607065,
              41.611193705594985
            ],
            [
              2.3455833606980483,
              41.61109417930042
            ],
            [
              2.345550475603136,
              41.61102880547773
            ],
            [
              2.3455478510926215,
              41.61102562655846
            ],
            [
              2.3455445425045025,
              41.61102209359816
            ],
            [
              2.3455398782600616,
              41.61101765636111
            ],
            [
              2.3455338399182706,
              41.61101260843823
            ],
            [
              2.3455264089500636,
              41.61100724399284
            ],
            [
              2.345517567005293,
              41.61100185604463
            ],
            [
              2.3455072862503106,
              41.610996743736436
            ],
            [
              2.3455318838241053,
              41.61104268377204
            ],
            [
              2.3455902700830573,
              41.611158872665314
            ],
            [
              2.34562491215881,
              41.61123317087044
            ],
            [
              2.345659334805988,
              41.61131286363797
            ],
            [
              2.3456906493631027,
              41.61139389490706
            ],
            [
              2.345715967051183,
              41.61147220918996
            ],
            [
              2.345730982594068,
              41.611529110037814
            ],
            [
              2.345744139358992,
              41.61158592352912
            ],
            [
              2.3457441435900908,
              41.61158594339001
            ],
            [
              2.3457652311422525,
              41.611694503944754
            ],
            [
              2.345779896962271,
              41.61178838746319
            ],
            [
              2.3457799020521835,
              41.611788423304574
            ],
            [
              2.345788814700185,
              41.61185800817325
            ],
            [
              2.3457945610567967,
              41.61185712252255
            ],
            [
              2.3458002348253104,
              41.611855478893
            ],
            [
              2.3458055012562684,
              41.611852893878314
            ],
            [
              2.3458100271686253,
              41.611849185221125
            ],
            [
              2.3458134786107525,
              41.61184417059903
            ],
            [
              2.345815520837668,
              41.61183766660448
            ],
            [
              2.3458158206646877,
              41.61182949098149
            ],
            [
              2.345814043592818,
              41.611819461214296
            ]
          ]
        ]
      },
      "properties": {
        "id": "s_5d6c8935ce6c43616600011b",
        "destinationNodes": [],
        "center": [
          2.3456936631703678,
          41.61145623973969
        ],
        "details": {
          "description": "",
          "name": "",
          "images": []
        }
      }
    },
    {
      "type": "Feature",
      "geometry": {
        "type": "Polygon",
        "coordinates": [
          [
            [
              2.3454363067254493,
              41.610877425632324
            ],
            [
              2.345438006938772,
              41.6108691817618
            ],
            [
              2.345438919166253,
              41.61086198922189
            ],
            [
              2.3454392168192153,
              41.610855862747535
            ],
            [
              2.3454390726687286,
              41.61085081745728
            ],
            [
              2.345438659448815,
              41.6108468674484
            ],
            [
              2.345437535652462,
              41.61084173876312
            ],
            [
              2.3453797113649193,
              41.61076381462363
            ],
            [
              2.345322709648756,
              41.61069120295223
            ],
            [
              2.3452686538218197,
              41.610625469520144
            ],
            [
              2.3451778694932024,
              41.6105208948022
            ],
            [
              2.345116852989258,
              41.6104547362046
            ],
            [
              2.344423289060882,
              41.60980353675825
            ],
            [
              2.344417673236332,
              41.60979878718618
            ],
            [
              2.3444116880049637,
              41.60979506588501
            ],
            [
              2.344405456518595,
              41.609792265577525
            ],
            [
              2.3443991026562694,
              41.60979027803617
            ],
            [
              2.3443927499509463,
              41.609788996017706
            ],
            [
              2.3443865220243385,
              41.609788311707014
            ],
            [
              2.344380542669291,
              41.60978811744813
            ],
            [
              2.344374935078449,
              41.60978830567858
            ],
            [
              2.3451141571813867,
              41.61048361988909
            ],
            [
              2.345161853565599,
              41.61053220033183
            ],
            [
              2.3452126588736664,
              41.610589468858805
            ],
            [
              2.3452639582554298,
              41.61065117389408
            ],
            [
              2.3453575744351065,
              41.61077088515882
            ],
            [
              2.3454363067254493,
              41.610877425632324
            ]
          ]
        ]
      },
      "properties": {
        "id": "s_5d6c8935ce6c43616600011c",
        "destinationNodes": [],
        "center": [
          2.345001372163419,
          41.61039311590625
        ],
        "details": {
          "description": "",
          "name": "",
          "images": []
        }
      }
    },
    {
      "type": "Feature",
      "geometry": {
        "type": "Polygon",
        "coordinates": [
          [
            [
              2.3451469676673113,
              41.61167594063718
            ],
            [
              2.345181276121953,
              41.61165421950967
            ],
            [
              2.345072963263431,
              41.61156210676701
            ],
            [
              2.3449118087621317,
              41.61119383751277
            ],
            [
              2.344863815318007,
              41.611205194869925
            ],
            [
              2.3450211626719284,
              41.61156705370606
            ],
            [
              2.345021169314475,
              41.611567062514055
            ],
            [
              2.3451469676673113,
              41.61167594063718
            ]
          ]
        ]
      },
      "properties": {
        "id": "s_5d6c8935ce6c436166000125",
        "destinationNodes": [],
        "center": [
          2.3450313090170343,
          41.611489345073814
        ],
        "details": {
          "description": "",
          "name": "",
          "images": []
        }
      }
    },
    {
      "type": "Feature",
      "geometry": {
        "type": "Polygon",
        "coordinates": [
          [
            [
              2.3442098353048646,
              41.61041862876288
            ],
            [
              2.3442262323034884,
              41.61040894033721
            ],
            [
              2.3433458805621843,
              41.60956780426664
            ],
            [
              2.3432965891690616,
              41.60959693549652
            ],
            [
              2.344176634870238,
              41.61043779585363
            ],
            [
              2.3442098353048646,
              41.61041862876288
            ]
          ]
        ]
      },
      "properties": {
        "id": "s_5d6c8935ce6c436166000126",
        "destinationNodes": [],
        "center": [
          2.3438510344419674,
          41.61008602094338
        ],
        "details": {
          "description": "",
          "name": "",
          "images": []
        }
      }
    },
    {
      "type": "Feature",
      "geometry": {
        "type": "Polygon",
        "coordinates": [
          [
            [
              2.345660801604855,
              41.611846280618785
            ],
            [
              2.345642592184344,
              41.61170982262858
            ],
            [
              2.34560742470835,
              41.61156851435502
            ],
            [
              2.3455612424531327,
              41.61142940096926
            ],
            [
              2.345509988964637,
              41.61129952796902
            ],
            [
              2.3454596075003336,
              41.611185940984704
            ],
            [
              2.3454160411299854,
              41.61109568521237
            ],
            [
              2.3453731143623866,
              41.61101332322316
            ],
            [
              2.3449629310451665,
              41.6111434297725
            ],
            [
              2.3450401823680234,
              41.61128846805811
            ],
            [
              2.3451008013202155,
              41.61141192695498
            ],
            [
              2.345126125060341,
              41.61146952097032
            ],
            [
              2.3451441311256453,
              41.611517932315614
            ],
            [
              2.345211471029282,
              41.611510735774296
            ],
            [
              2.34523445932091,
              41.61160336866176
            ],
            [
              2.345309971976517,
              41.61159602685194
            ],
            [
              2.3453509853137593,
              41.611713583588575
            ],
            [
              2.3455120373542533,
              41.611703182572036
            ],
            [
              2.345534464042403,
              41.61185492495648
            ],
            [
              2.345660801604855,
              41.611846280618785
            ]
          ]
        ]
      },
      "properties": {
        "id": "s_5d6c8935ce6c436166000127",
        "destinationNodes": [
          "n_5d790ba15d99b832ce00000a"
        ],
        "center": [
          2.345355703834976,
          41.611471662970395
        ],
        "details": {
          "description": "",
          "name": "Parking",
          "images": [
            {
              "url": "https://cdn.mappedin.com/5d370acd5f0d982c8a5241a6/2574c5aef46ea0861a1ba3afbdb1fd2791d673d9.svg",
              "altText": "Logo for Parking"
            }
          ]
        }
      }
    },
    {
      "type": "Feature",
      "geometry": {
        "type": "Polygon",
        "coordinates": [
          [
            [
              2.3453386321422856,
              41.61097480880997
            ],
            [
              2.3453357735736233,
              41.61096906786284
            ],
            [
              2.345326792662797,
              41.61095233711328
            ],
            [
              2.345311081563915,
              41.610925354983635
            ],
            [
              2.3452880325625713,
              41.61088886033939
            ],
            [
              2.3452570381629427,
              41.61084359191799
            ],
            [
              2.3452174898631712,
              41.610790287498105
            ],
            [
              2.345168780857523,
              41.61072968645236
            ],
            [
              2.3451103024447884,
              41.61066252667801
            ],
            [
              2.345048718184585,
              41.61059596855979
            ],
            [
              2.344991813937181,
              41.610536956808566
            ],
            [
              2.344896400013123,
              41.61044320931197
            ],
            [
              2.3448327672286666,
              41.6103845592322
            ],
            [
              2.344809621634614,
              41.61036428141959
            ],
            [
              2.3444811787990396,
              41.610558394724464
            ],
            [
              2.344595848746092,
              41.610665643545545
            ],
            [
              2.3446863878719717,
              41.6107536242674
            ],
            [
              2.3447245587250176,
              41.610792763686206
            ],
            [
              2.344752130752825,
              41.61082354965656
            ],
            [
              2.344776234037644,
              41.61085485138304
            ],
            [
              2.3448366762104755,
              41.610940926376
            ],
            [
              2.344942256650387,
              41.61110070624651
            ],
            [
              2.3453386321422856,
              41.61097480880997
            ]
          ]
        ]
      },
      "properties": {
        "id": "s_5d6c8935ce6c436166000128",
        "destinationNodes": [
          "n_5d790b9e5d99b832ce000008"
        ],
        "center": [
          2.3449876598466024,
          41.610752361676056
        ],
        "details": {
          "description": "",
          "name": "Parking",
          "images": [
            {
              "url": "https://cdn.mappedin.com/5d370acd5f0d982c8a5241a6/2574c5aef46ea0861a1ba3afbdb1fd2791d673d9.svg",
              "altText": "Logo for Parking"
            }
          ]
        }
      }
    },
    {
      "type": "Feature",
      "geometry": {
        "type": "Polygon",
        "coordinates": [
          [
            [
              2.3444460874383646,
              41.610523724601855
            ],
            [
              2.3447753610759308,
              41.61032912033939
            ],
            [
              2.344267311794483,
              41.60984384947123
            ],
            [
              2.3439340081204874,
              41.61004083461299
            ],
            [
              2.3444460874383646,
              41.610523724601855
            ]
          ]
        ]
      },
      "properties": {
        "id": "s_5d6c8935ce6c436166000129",
        "destinationNodes": [
          "n_5d790b9b5d99b832ce000006"
        ],
        "center": [
          2.3443556921073165,
          41.610184382256364
        ],
        "details": {
          "description": "",
          "name": "Parking",
          "images": [
            {
              "url": "https://cdn.mappedin.com/5d370acd5f0d982c8a5241a6/2574c5aef46ea0861a1ba3afbdb1fd2791d673d9.svg",
              "altText": "Logo for Parking"
            }
          ]
        }
      }
    },
    {
      "type": "Feature",
      "geometry": {
        "type": "Polygon",
        "coordinates": [
          [
            [
              2.3438803175163105,
              41.60998857083285
            ],
            [
              2.344212633092962,
              41.609792169759835
            ],
            [
              2.3435762146174692,
              41.60917526198962
            ],
            [
              2.34323481491652,
              41.609377030690226
            ],
            [
              2.3438803175163105,
              41.60998857083285
            ]
          ]
        ]
      },
      "properties": {
        "id": "s_5d6c8935ce6c43616600012a",
        "destinationNodes": [
          "n_5d790b975d99b832ce000004"
        ],
        "center": [
          2.3437259950358156,
          41.60958325831813
        ],
        "details": {
          "description": "",
          "name": "Parking",
          "images": [
            {
              "url": "https://cdn.mappedin.com/5d370acd5f0d982c8a5241a6/2574c5aef46ea0861a1ba3afbdb1fd2791d673d9.svg",
              "altText": "Logo for Parking"
            }
          ]
        }
      }
    },
    {
      "type": "Feature",
      "geometry": {
        "type": "Polygon",
        "coordinates": [
          [
            [
              2.343191519639742,
              41.609336076802094
            ],
            [
              2.3435329192593803,
              41.609134308229585
            ],
            [
              2.3427348489899846,
              41.60837938878937
            ],
            [
              2.3424907648000173,
              41.60852364272143
            ],
            [
              2.3430900113489748,
              41.609090492830376
            ],
            [
              2.3429926970973614,
              41.609148005615104
            ],
            [
              2.343191519639742,
              41.609336076802094
            ]
          ]
        ]
      },
      "properties": {
        "id": "s_5d6c8935ce6c43616600012c",
        "destinationNodes": [
          "n_5d790b955d99b832ce000002"
        ],
        "center": [
          2.3430054601892434,
          41.608935319164665
        ],
        "details": {
          "description": "",
          "name": "Parking",
          "images": [
            {
              "url": "https://cdn.mappedin.com/5d370acd5f0d982c8a5241a6/2574c5aef46ea0861a1ba3afbdb1fd2791d673d9.svg",
              "altText": "Logo for Parking"
            }
          ]
        }
      }
    },
    {
      "type": "Feature",
      "geometry": {
        "type": "Polygon",
        "coordinates": [
          [
            [
              2.345204598933156,
              41.61217719451626
            ],
            [
              2.345208862550821,
              41.61217937673394
            ],
            [
              2.3452135373726266,
              41.61218087140048
            ],
            [
              2.3452184734350485,
              41.61218166496204
            ],
            [
              2.3452235215739945,
              41.612181744947435
            ],
            [
              2.3452285312733196,
              41.612181097606744
            ],
            [
              2.3452333535838483,
              41.61217971034293
            ],
            [
              2.3452378386644157,
              41.612177570047194
            ],
            [
              2.3452416595207635,
              41.612174801504764
            ],
            [
              2.3452445782597406,
              41.61217161378096
            ],
            [
              2.3452465773486257,
              41.612168118903206
            ],
            [
              2.3452476385752252,
              41.6121644282615
            ],
            [
              2.3452477455094587,
              41.61216065427162
            ],
            [
              2.3452468797273816,
              41.612156908449805
            ],
            [
              2.34524502424548,
              41.61215330301615
            ],
            [
              2.3452421609800562,
              41.61214994980738
            ],
            [
              2.345238458281637,
              41.61214709270574
            ],
            [
              2.345234194665104,
              41.61214491048917
            ],
            [
              2.345229519846301,
              41.612143415822935
            ],
            [
              2.34522458378667,
              41.61214262226186
            ],
            [
              2.3452195358648398,
              41.61214254215106
            ],
            [
              2.3452145261668527,
              41.61214318949123
            ],
            [
              2.3452097038595237,
              41.61214457675374
            ],
            [
              2.345205218780133,
              41.61214671704955
            ],
            [
              2.3452013979240687,
              41.6121494855896
            ],
            [
              2.3451984791830838,
              41.61215267331283
            ],
            [
              2.3451964800936373,
              41.612156168189905
            ],
            [
              2.345195418650191,
              41.61215985895656
            ],
            [
              2.3451953117128976,
              41.6121636329464
            ],
            [
              2.345196177491196,
              41.612167378769115
            ],
            [
              2.3451980329707727,
              41.61217098420356
            ],
            [
              2.345200896022163,
              41.61217433754018
            ],
            [
              2.345204598933156,
              41.61217719451626
            ]
          ],
          [
            [
              2.3452050862290634,
              41.61216832668287
            ],
            [
              2.3452037855174543,
              41.612165803728175
            ],
            [
              2.3452031782779605,
              41.61216318370667
            ],
            [
              2.345203252132035,
              41.612160544477206
            ],
            [
              2.3452039949127435,
              41.612157963773576
            ],
            [
              2.345205395002094,
              41.612155519523505
            ],
            [
              2.3452074398974245,
              41.612153289141844
            ],
            [
              2.3452101172176087,
              41.61215135048895
            ],
            [
              2.3452132584932595,
              41.61214985033193
            ],
            [
              2.3452166331859434,
              41.61214887771863
            ],
            [
              2.3452201373259376,
              41.61214842355238
            ],
            [
              2.3452236672801554,
              41.61214847905496
            ],
            [
              2.3452271189549307,
              41.6121490346846
            ],
            [
              2.3452303883805428,
              41.612150081344716
            ],
            [
              2.345233371373017,
              41.612151610065325
            ],
            [
              2.345235964299913,
              41.612153612068894
            ],
            [
              2.3452379709904774,
              41.61215596053928
            ],
            [
              2.3452392717040995,
              41.61215848349309
            ],
            [
              2.34523987894414,
              41.612161103514914
            ],
            [
              2.3452398050922554,
              41.61216374274504
            ],
            [
              2.345239061976469,
              41.612166323129344
            ],
            [
              2.3452376618874684,
              41.61216876737917
            ],
            [
              2.3452356169926922,
              41.61217099776137
            ],
            [
              2.3452329394582203,
              41.612172936541484
            ],
            [
              2.345229798396142,
              41.612174436572396
            ],
            [
              2.3452264237023193,
              41.612175409186094
            ],
            [
              2.3452229195615946,
              41.61217586335319
            ],
            [
              2.345219389942322,
              41.61217580817015
            ],
            [
              2.34521593826549,
              41.612175252539615
            ],
            [
              2.345212668839711,
              41.612174205878574
            ],
            [
              2.345209685845808,
              41.61217267715796
            ],
            [
              2.3452070927062882,
              41.61217067528057
            ],
            [
              2.3452050862290634,
              41.61216832668287
            ]
          ]
        ]
      },
      "properties": {
        "id": "s_5d6c896fce6c43616600012f",
        "destinationNodes": [],
        "center": [
          2.3452215285881026,
          41.612162143568305
        ],
        "details": {
          "description": "",
          "name": "",
          "images": []
        }
      }
    },
    {
      "type": "Feature",
      "geometry": {
        "type": "Polygon",
        "coordinates": [
          [
            [
              2.3441906835560693,
              41.610755828869344
            ],
            [
              2.344273645821417,
              41.610707690250074
            ],
            [
              2.3444322215253584,
              41.61086072040505
            ],
            [
              2.3443491220750254,
              41.61090878106807
            ],
            [
              2.3441911973720595,
              41.61075632173309
            ],
            [
              2.3441906835560693,
              41.610755828869344
            ]
          ]
        ]
      },
      "properties": {
        "id": "s_5d6c8ca2ce6c43616600025e",
        "externalId": "unit21",
        "destinationNodes": [
          "n_5d6c9706ce6c4361660002e8"
        ],
        "center": [
          2.344287374069986,
          41.61079786846513
        ],
        "details": {
          "description": "Italian fashion house Etro was founded in 1968 by Gerolamo ‘Gimmo’ Etro, a traveller educated in economics, who formed his own textile company creating beautiful fabrics.",
          "name": "Etro",
          "images": [
            {
              "url": "https://cdn.mappedin.com/5d370acd5f0d982c8a5241a6/9a427024fa515374caab73b34fa7663f220b618c.svg",
              "altText": "Logo for Etro"
            }
          ]
        }
      }
    },
    {
      "type": "Feature",
      "geometry": {
        "type": "Polygon",
        "coordinates": [
          [
            [
              2.34298279943103,
              41.61023361337396
            ],
            [
              2.343039900551607,
              41.610380656739935
            ],
            [
              2.3431769059606546,
              41.610309285440245
            ],
            [
              2.3430657262982835,
              41.61020400603659
            ],
            [
              2.34298279943103,
              41.61023361337396
            ]
          ]
        ]
      },
      "properties": {
        "id": "s_5d7a5bbf5d99b82d1a000001",
        "externalId": "POLY-STX7IRPD",
        "destinationNodes": [
          "n_5d6c9672ce6c4361660002be"
        ],
        "center": [
          2.343066333060394,
          41.61028189039768
        ],
        "details": {
          "description": "",
          "name": "",
          "images": []
        }
      }
    },
    {
      "type": "Feature",
      "geometry": {
        "type": "Polygon",
        "coordinates": [
          [
            [
              2.344497786144486,
              41.61069350829792
            ],
            [
              2.3444541785134763,
              41.61071928068245
            ],
            [
              2.3445379605560235,
              41.61079958255464
            ],
            [
              2.3444322215253584,
              41.61086072040505
            ],
            [
              2.344273645821417,
              41.610707690250074
            ],
            [
              2.3444218579314353,
              41.61062168960895
            ],
            [
              2.344422549131055,
              41.6106223433985
            ],
            [
              2.344497786144486,
              41.61069350829792
            ]
          ]
        ]
      },
      "properties": {
        "id": "s_5d8cd0c0e48bb33a56000000",
        "externalId": "unit23-24",
        "destinationNodes": [
          "n_5d924bb65d99b80905000213"
        ],
        "center": [
          2.344434314231893,
          41.61071783074251
        ],
        "details": {
          "description": "The house of KARL LAGERFELD shares the iconic vision and design aesthetic of its founder, Karl Lagerfeld, fused with a contemporary, forward-looking spirit. The brand celebrates his colossal legacy and breathes his passion, intuition and inexhaustible creativity into the core of its DNA.",
          "name": "KARL LAGERFELD",
          "images": [
            {
              "url": "https://cdn.mappedin.com/5d370acd5f0d982c8a5241a6/aae0bf3d01cc0bd44b5dd6e736f073b1bfb3dcec.svg",
              "altText": "Logo for KARL LAGERFELD"
            }
          ]
        }
      }
    },
    {
      "type": "Feature",
      "geometry": {
        "type": "Polygon",
        "coordinates": [
          [
            [
              2.34463556482857,
              41.61139224003923
            ],
            [
              2.3447003061019718,
              41.611442913270814
            ],
            [
              2.34476795027217,
              41.61149567359408
            ],
            [
              2.344611513311102,
              41.611608619561196
            ],
            [
              2.3445431613328442,
              41.61155530048055
            ],
            [
              2.344478360840783,
              41.61150459826193
            ],
            [
              2.34463556482857,
              41.61139224003923
            ]
          ]
        ]
      },
      "properties": {
        "id": "s_5d8cd369e48bb33a56000111",
        "externalId": "unit6-7",
        "destinationNodes": [
          "n_5d6c97acce6c436166000313"
        ],
        "center": [
          2.3446228094479067,
          41.61149989086797
        ],
        "details": {
          "description": "Tod’s, synonymous for its refined, understated luxury, impeccable taste and enviable quality, symbolises the best that Made in Italy can offer.",
          "name": "TOD'S",
          "images": [
            {
              "url": "https://cdn.mappedin.com/5d370acd5f0d982c8a5241a6/a4d25b7bfca9f563677ee18f3ccb95027ec46bf6.svg",
              "altText": "Logo for TOD'S"
            }
          ]
        }
      }
    },
    {
      "type": "Feature",
      "geometry": {
        "type": "Polygon",
        "coordinates": [
          [
            [
              2.344880833411302,
              41.61333257486668
            ],
            [
              2.3448596434389954,
              41.61329963156251
            ],
            [
              2.344919249494637,
              41.61327721270274
            ],
            [
              2.3449383682188403,
              41.61327020915489
            ],
            [
              2.3449489023914425,
              41.613285548167944
            ],
            [
              2.344953740253315,
              41.613283538881426
            ],
            [
              2.3449649165685598,
              41.61330022052788
            ],
            [
              2.344880833411302,
              41.61333257486668
            ]
          ]
        ]
      },
      "properties": {
        "id": "s_5d8cd9b5e48bb33a5600032c",
        "externalId": "POLY-HXGMEC7M",
        "destinationNodes": [
          "n_5d920f41e48bb3164000052a"
        ],
        "center": [
          2.344923664825299,
          41.61329270512344
        ],
        "details": {
          "description": "",
          "name": "Contemplation Room",
          "images": [
            {
              "url": "https://cdn.mappedin.com/5d370acd5f0d982c8a5241a6/272621aeb6567ea5afdbb194db217211a725e84b.svg",
              "altText": "Logo for Contemplation Room"
            }
          ]
        }
      }
    },
    {
      "type": "Feature",
      "geometry": {
        "type": "Polygon",
        "coordinates": [
          [
            [
              2.3434670897763312,
              41.61010317705112
            ],
            [
              2.3433980813123134,
              41.610144143941916
            ],
            [
              2.3433984853733754,
              41.61014453167674
            ],
            [
              2.3434507393532757,
              41.61019504207143
            ],
            [
              2.343520890299734,
              41.610154165548195
            ],
            [
              2.3434670897763312,
              41.61010317705112
            ]
          ]
        ]
      },
      "properties": {
        "id": "s_5d8cdda6e48bb33a5600076e",
        "externalId": "POLY-R92X3VCI",
        "destinationNodes": [
          "n_5d920f79e48bb31640000533"
        ],
        "center": [
          2.343447057223006,
          41.61014821205788
        ],
        "details": {
          "description": "",
          "name": "Toilets",
          "images": [
            {
              "url": "https://cdn.mappedin.com/5d370acd5f0d982c8a5241a6/d1a02baa77d9dbc27c893229ebea65b58b02b618.svg",
              "altText": "Logo for Toilets"
            }
          ]
        }
      }
    },
    {
      "type": "Feature",
      "geometry": {
        "type": "Polygon",
        "coordinates": [
          [
            [
              2.3458336534716637,
              41.614283885179404
            ],
            [
              2.345845730911613,
              41.61428211905392
            ],
            [
              2.3458489261287023,
              41.614281374064234
            ],
            [
              2.345851938724249,
              41.61428018959574
            ],
            [
              2.3458545770504093,
              41.61427863864956
            ],
            [
              2.3458567886051283,
              41.61427677222541
            ],
            [
              2.345858520798931,
              41.6142746413747
            ],
            [
              2.3458597210423657,
              41.61427229714885
            ],
            [
              2.3458603365203072,
              41.61426979052016
            ],
            [
              2.345860314730792,
              41.61426717248838
            ],
            [
              2.345810436194854,
              41.613874489774716
            ],
            [
              2.3457993489024314,
              41.613677593136735
            ],
            [
              2.3457990712012076,
              41.61367677802359
            ],
            [
              2.345798458251139,
              41.613676145213375
            ],
            [
              2.3457974996460016,
              41.613675678547736
            ],
            [
              2.34579642418221,
              41.613675514865115
            ],
            [
              2.3457651866870806,
              41.6136763418641
            ],
            [
              2.345768936725644,
              41.613778125358515
            ],
            [
              2.3458336534716637,
              41.614283885179404
            ]
          ]
        ]
      },
      "properties": {
        "id": "s_5d8d059ce48bb33a5600076f",
        "destinationNodes": [],
        "center": [
          2.345825881654152,
          41.614026530393566
        ],
        "details": {
          "description": "",
          "name": "",
          "images": []
        }
      }
    },
    {
      "type": "Feature",
      "geometry": {
        "type": "Polygon",
        "coordinates": [
          [
            [
              2.3460457506829715,
              41.6150806207938
            ],
            [
              2.34604565238566,
              41.615080190766136
            ],
            [
              2.3458959668289707,
              41.61441730089494
            ],
            [
              2.345894859470142,
              41.61441422366265
            ],
            [
              2.3458930126613016,
              41.614411297466596
            ],
            [
              2.3458905374213823,
              41.61440870283201
            ],
            [
              2.345887513636047,
              41.61440648709242
            ],
            [
              2.3458840214166155,
              41.614404697660405
            ],
            [
              2.345880140754442,
              41.614403381700726
            ],
            [
              2.34587595158588,
              41.614402586729355
            ],
            [
              2.3458715340587863,
              41.61440235992478
            ],
            [
              2.345854261964136,
              41.614402688139656
            ],
            [
              2.3460191697134674,
              41.61508921227278
            ],
            [
              2.3460263747102337,
              41.61508754653357
            ],
            [
              2.3460331680912585,
              41.61508557052506
            ],
            [
              2.346039551389452,
              41.61508329442018
            ],
            [
              2.3460457506829715,
              41.6150806207938
            ]
          ]
        ]
      },
      "properties": {
        "id": "s_5d8d059ce48bb33a56000770",
        "destinationNodes": [],
        "center": [
          2.3459398416731716,
          41.61466126008844
        ],
        "details": {
          "description": "",
          "name": "",
          "images": []
        }
      }
    },
    {
      "type": "Feature",
      "geometry": {
        "type": "Polygon",
        "coordinates": [
          [
            [
              2.3459250258897693,
              41.615035113768435
            ],
            [
              2.3456517638024703,
              41.61368154820802
            ],
            [
              2.3450470463038093,
              41.613712060629375
            ],
            [
              2.3449389042332554,
              41.61371648236851
            ],
            [
              2.3449502385229883,
              41.61374886688791
            ],
            [
              2.3449502469969845,
              41.61374890074833
            ],
            [
              2.344966629342915,
              41.613855131212006
            ],
            [
              2.3449666313058235,
              41.61385514415291
            ],
            [
              2.3449830465096,
              41.61396511196084
            ],
            [
              2.3449967816830326,
              41.61406028357176
            ],
            [
              2.345008910814671,
              41.61414804979355
            ],
            [
              2.3450181800625955,
              41.61421925673063
            ],
            [
              2.3450253554246765,
              41.61427951443486
            ],
            [
              2.345028040384144,
              41.614304595091525
            ],
            [
              2.3450302037644675,
              41.614327124815425
            ],
            [
              2.3450317878079394,
              41.61434677294643
            ],
            [
              2.3450333975160498,
              41.61437528056761
            ],
            [
              2.345034299365352,
              41.61438687330863
            ],
            [
              2.3450354664336412,
              41.61439844879047
            ],
            [
              2.3450369037238943,
              41.614410003950304
            ],
            [
              2.3450386164647874,
              41.614421535804404
            ],
            [
              2.345040524481054,
              41.61443258161889
            ],
            [
              2.345042789698359,
              41.61444405692786
            ],
            [
              2.345045244585109,
              41.61445504650826
            ],
            [
              2.3450453495096975,
              41.61445550404272
            ],
            [
              2.345161292790266,
              41.614948303227486
            ],
            [
              2.345241198245339,
              41.61522062097117
            ],
            [
              2.3452425021583134,
              41.61522333114866
            ],
            [
              2.345245612080512,
              41.61522889099398
            ],
            [
              2.3452493582963685,
              41.61523410106766
            ],
            [
              2.345253697528872,
              41.61523894379252
            ],
            [
              2.3452590126686963,
              41.61524375644018
            ],
            [
              2.345264435247806,
              41.615247780786
            ],
            [
              2.345270812947575,
              41.6152516680425
            ],
            [
              2.345277113675054,
              41.615254802362266
            ],
            [
              2.3452843314265657,
              41.61525768655705
            ],
            [
              2.3452918981536213,
              41.61526001841777
            ],
            [
              2.3452991405735224,
              41.61526166256301
            ],
            [
              2.3453072094231553,
              41.61526287333488
            ],
            [
              2.345314812662574,
              41.61526344686016
            ],
            [
              2.34532316121337,
              41.61526345882116
            ],
            [
              2.345330920022424,
              41.615262889897316
            ],
            [
              2.3453386810596735,
              41.61526174953038
            ],
            [
              2.345347034927428,
              41.61525984247417
            ],
            [
              2.345705217359095,
              41.615147064119945
            ],
            [
              2.3458167761595683,
              41.61511638326434
            ],
            [
              2.3458319023295098,
              41.61511251090649
            ],
            [
              2.345847171370461,
              41.61510901057989
            ],
            [
              2.345862576414085,
              41.61510588456645
            ],
            [
              2.3458774737226213,
              41.615103241334296
            ],
            [
              2.3458930941186766,
              41.6151008642114
            ],
            [
              2.3459088106107893,
              41.61509887614681
            ],
            [
              2.345924612383055,
              41.61509728227382
            ],
            [
              2.3459403833380956,
              41.61509610030946
            ],
            [
              2.3459250258897693,
              41.615035113768435
            ]
          ]
        ]
      },
      "properties": {
        "id": "s_5d8d059ce48bb33a56000773",
        "destinationNodes": [
          "n_5d924b4c5d99b80905000212"
        ],
        "center": [
          2.345292252361745,
          41.61472808025632
        ],
        "details": {
          "description": "",
          "name": "Parking",
          "images": [
            {
              "url": "https://cdn.mappedin.com/5d370acd5f0d982c8a5241a6/2574c5aef46ea0861a1ba3afbdb1fd2791d673d9.svg",
              "altText": "Logo for Parking"
            }
          ]
        }
      }
    },
    {
      "type": "Feature",
      "geometry": {
        "type": "Polygon",
        "coordinates": [
          [
            [
              2.345572243830024,
              41.613562930893615
            ],
            [
              2.345570954623723,
              41.61356305542637
            ],
            [
              2.3455702558723472,
              41.61355890047784
            ],
            [
              2.345570693102376,
              41.61355864207684
            ],
            [
              2.3455242676462187,
              41.613312748575275
            ],
            [
              2.3455378225821812,
              41.61331132392778
            ],
            [
              2.3454339200592993,
              41.613174079330335
            ],
            [
              2.3453975775998805,
              41.61312640172342
            ],
            [
              2.345244084651686,
              41.61319140770007
            ],
            [
              2.34522863261893,
              41.61317047665089
            ],
            [
              2.345421527655413,
              41.61308898287713
            ],
            [
              2.345368525629826,
              41.61301896330921
            ],
            [
              2.3453582378811415,
              41.61302334366057
            ],
            [
              2.3452570091830887,
              41.61288997853847
            ],
            [
              2.3450642308387115,
              41.61297157452102
            ],
            [
              2.3450540986911235,
              41.61295822832967
            ],
            [
              2.345206537481744,
              41.6128938454465
            ],
            [
              2.3450444859843405,
              41.6126799568711
            ],
            [
              2.34497521522183,
              41.61270931653211
            ],
            [
              2.344940497537399,
              41.61266397148073
            ],
            [
              2.3449571892457395,
              41.61267694671743
            ],
            [
              2.34512041863688,
              41.61255987008655
            ],
            [
              2.3450434711292507,
              41.612499859765705
            ],
            [
              2.345054969683544,
              41.61249178959389
            ],
            [
              2.3451905734553375,
              41.61259786872113
            ],
            [
              2.345331966928526,
              41.61249656521058
            ],
            [
              2.345388726856256,
              41.61254056748971
            ],
            [
              2.345463581177485,
              41.612487192549665
            ],
            [
              2.345674074871747,
              41.61233633812968
            ],
            [
              2.345517012505645,
              41.612214259034175
            ],
            [
              2.3456689652781515,
              41.61210533214504
            ],
            [
              2.3457237772346917,
              41.612148573841566
            ],
            [
              2.3456683431720347,
              41.61210474374164
            ],
            [
              2.345671743487757,
              41.61210177804545
            ],
            [
              2.3457293611661165,
              41.61214686713671
            ],
            [
              2.345725498918288,
              41.612336328008304
            ],
            [
              2.3452853928132145,
              41.612649654065706
            ],
            [
              2.345267770423707,
              41.61277745316645
            ],
            [
              2.345601628590656,
              41.61323271598588
            ],
            [
              2.3456396078173283,
              41.61347680254522
            ],
            [
              2.3456383378484533,
              41.61349454996896
            ],
            [
              2.345631752813253,
              41.61351076443945
            ],
            [
              2.3456216482676173,
              41.61352512839944
            ],
            [
              2.345609469986107,
              41.6135375310128
            ],
            [
              2.3455968569584686,
              41.613547641024965
            ],
            [
              2.3455856555490384,
              41.61355532331668
            ],
            [
              2.3455771732874604,
              41.61356033629714
            ],
            [
              2.345572243830024,
              41.613562930893615
            ]
          ]
        ]
      },
      "properties": {
        "id": "s_5d8e1bd8e48bb33a5600088b",
        "destinationNodes": [],
        "center": [
          2.345411186953065,
          41.61291789167636
        ],
        "details": {
          "description": "",
          "name": "",
          "images": []
        }
      }
    },
    {
      "type": "Feature",
      "geometry": {
        "type": "Polygon",
        "coordinates": [
          [
            [
              2.343497907578797,
              41.61027608584008
            ],
            [
              2.343427723262695,
              41.61020834702515
            ],
            [
              2.343520890299734,
              41.610154165548195
            ],
            [
              2.3434670897763312,
              41.61010317705112
            ],
            [
              2.343386788196534,
              41.610025044390206
            ],
            [
              2.3433700288607753,
              41.610008737686314
            ],
            [
              2.343348228961854,
              41.60998752653964
            ],
            [
              2.3433336438722088,
              41.60996899957499
            ],
            [
              2.3432869891876353,
              41.60990309681926
            ],
            [
              2.3432509781336215,
              41.60968048024215
            ],
            [
              2.3430899996867143,
              41.60969499011225
            ],
            [
              2.3430720026057585,
              41.609696915618905
            ],
            [
              2.3430720456296923,
              41.609696890215304
            ],
            [
              2.3430720900737803,
              41.60969686396179
            ],
            [
              2.3432571877590447,
              41.60958757786925
            ],
            [
              2.3441582221979207,
              41.61044846703198
            ],
            [
              2.343927148199667,
              41.610582268596076
            ],
            [
              2.3439608496298736,
              41.61061481832658
            ],
            [
              2.343945529176733,
              41.61062398874405
            ],
            [
              2.343890469476633,
              41.61057190853209
            ],
            [
              2.3439327660908735,
              41.610547393201735
            ],
            [
              2.3438042930699363,
              41.610423191025376
            ],
            [
              2.343725582258429,
              41.6104688708249
            ],
            [
              2.3435842517298355,
              41.61055089783669
            ],
            [
              2.343556262674799,
              41.61052388556245
            ],
            [
              2.3437762858549234,
              41.61039629574612
            ],
            [
              2.3436163187845542,
              41.61024162384978
            ],
            [
              2.343520045410323,
              41.61029740593551
            ],
            [
              2.343497907578797,
              41.61027608584008
            ]
          ]
        ]
      },
      "properties": {
        "id": "s_5d8e1bd8e48bb33a5600088e",
        "destinationNodes": [],
        "center": [
          2.343530414944275,
          41.610177854060986
        ],
        "details": {
          "description": "",
          "name": "",
          "images": []
        }
      }
    },
    {
      "type": "Feature",
      "geometry": {
        "type": "Polygon",
        "coordinates": [
          [
            [
              2.34500753519199,
              41.61169367327986
            ],
            [
              2.3450150453805922,
              41.61168827865348
            ],
            [
              2.3449066223369104,
              41.611603735398816
            ],
            [
              2.34494766116793,
              41.61157428225797
            ],
            [
              2.344808271304083,
              41.61146555500697
            ],
            [
              2.344767236791545,
              41.611495011804074
            ],
            [
              2.34463556482857,
              41.61139224003923
            ],
            [
              2.3446779293146647,
              41.611361891037774
            ],
            [
              2.3445974491654664,
              41.61129912498529
            ],
            [
              2.3445240418916287,
              41.611241867053096
            ],
            [
              2.344469631378044,
              41.61128082168945
            ],
            [
              2.344425130143218,
              41.61124614720609
            ],
            [
              2.3444111635957867,
              41.61120001062138
            ],
            [
              2.3441996910729626,
              41.61124914450227
            ],
            [
              2.3441940025241523,
              41.611235297310905
            ],
            [
              2.3444348422566423,
              41.61117953795046
            ],
            [
              2.3443496210169865,
              41.610973678876206
            ],
            [
              2.344252954000864,
              41.610996072268144
            ],
            [
              2.3442124903616244,
              41.61095699243617
            ],
            [
              2.3443291457613373,
              41.61088953613705
            ],
            [
              2.3443491356680157,
              41.61090884720806
            ],
            [
              2.3445054864382393,
              41.61081846159981
            ],
            [
              2.3445467907409583,
              41.610856747096804
            ],
            [
              2.344547490426451,
              41.610857395770665
            ],
            [
              2.3446756853120867,
              41.610976223055985
            ],
            [
              2.3448334453213557,
              41.61121346615993
            ],
            [
              2.344994924244666,
              41.61157704964806
            ],
            [
              2.3451266784435214,
              41.61168890903961
            ],
            [
              2.345061346141108,
              41.61173570056585
            ],
            [
              2.34500753519199,
              41.61169367327986
            ]
          ]
        ]
      },
      "properties": {
        "id": "s_5d8e1bd8e48bb33a5600088f",
        "destinationNodes": [],
        "center": [
          2.3446140349041866,
          41.61126398960894
        ],
        "details": {
          "description": "",
          "name": "",
          "images": []
        }
      }
    },
    {
      "type": "Feature",
      "geometry": {
        "type": "Polygon",
        "coordinates": [
          [
            [
              2.3426940989703295,
              41.60932452927702
            ],
            [
              2.3428962044472255,
              41.609197331134794
            ],
            [
              2.3429232291874103,
              41.60922289463228
            ],
            [
              2.34278849771919,
              41.6093025204827
            ],
            [
              2.342716078126888,
              41.60934532008162
            ],
            [
              2.3426940989703295,
              41.60932452927702
            ]
          ]
        ]
      },
      "properties": {
        "id": "s_5d8e1bd8e48bb33a56000890",
        "destinationNodes": [],
        "center": [
          2.3428036216902086,
          41.60927851912168
        ],
        "details": {
          "description": "",
          "name": "",
          "images": []
        }
      }
    },
    {
      "type": "Feature",
      "geometry": {
        "type": "Polygon",
        "coordinates": [
          [
            [
              2.345572243830024,
              41.613562930893615
            ],
            [
              2.345570954623723,
              41.61356305542637
            ],
            [
              2.3455703897559004,
              41.613559563769954
            ],
            [
              2.3453510016352004,
              41.61358267795926
            ],
            [
              2.345319743937405,
              41.61341670880408
            ],
            [
              2.3453044970453107,
              41.61333576438146
            ],
            [
              2.345301430609376,
              41.6133360894042
            ],
            [
              2.345204908114298,
              41.6132079745341
            ],
            [
              2.345244084651686,
              41.61319140770007
            ],
            [
              2.34522863261893,
              41.61317047665089
            ],
            [
              2.345228610779994,
              41.613170447858025
            ],
            [
              2.3451756124135277,
              41.61310057405273
            ],
            [
              2.3453582378811415,
              41.61302334366057
            ],
            [
              2.345315280530306,
              41.61296672164728
            ],
            [
              2.345315171739407,
              41.61296676750298
            ],
            [
              2.345268302400406,
              41.612986523013575
            ],
            [
              2.3451221578073445,
              41.613048133217504
            ],
            [
              2.3450540986911235,
              41.61295822832967
            ],
            [
              2.345013559760972,
              41.61297538785903
            ],
            [
              2.3448517299401668,
              41.61276158077191
            ],
            [
              2.344873033186672,
              41.612752487814355
            ],
            [
              2.344790005834074,
              41.61264285791188
            ],
            [
              2.3447900427197603,
              41.6126428422857
            ],
            [
              2.3448699821021792,
              41.6126089771907
            ],
            [
              2.344865968821745,
              41.61260571884167
            ],
            [
              2.345029179875895,
              41.61248875939815
            ],
            [
              2.3450434711292507,
              41.612499859765705
            ],
            [
              2.345054969683544,
              41.61249178959389
            ],
            [
              2.3452711573562213,
              41.61233703957064
            ],
            [
              2.345306661252372,
              41.61236471031254
            ],
            [
              2.345517012505645,
              41.612214259034175
            ],
            [
              2.3452905706172316,
              41.61203757309929
            ],
            [
              2.345401842212427,
              41.6119573670598
            ],
            [
              2.3454018659419686,
              41.61195738558123
            ],
            [
              2.345469305791167,
              41.61201002210738
            ],
            [
              2.345509778066097,
              41.61198110993096
            ],
            [
              2.3456689652781515,
              41.61210533214504
            ],
            [
              2.345729227953154,
              41.61215278854785
            ],
            [
              2.345725498918288,
              41.612336328008304
            ],
            [
              2.3452853928132145,
              41.612649654065706
            ],
            [
              2.345267770423707,
              41.61277745316645
            ],
            [
              2.345601628590656,
              41.61323271598588
            ],
            [
              2.3456396078173283,
              41.61347680254522
            ],
            [
              2.3456383378484533,
              41.61349454996896
            ],
            [
              2.345631752813253,
              41.61351076443945
            ],
            [
              2.3456216482676173,
              41.61352512839944
            ],
            [
              2.345609469986107,
              41.6135375310128
            ],
            [
              2.3455968569584686,
              41.613547641024965
            ],
            [
              2.3455856555490384,
              41.61355532331668
            ],
            [
              2.3455771732874604,
              41.61356033629714
            ],
            [
              2.345572243830024,
              41.613562930893615
            ]
          ]
        ]
      },
      "properties": {
        "id": "s_5d8e1d54e48bb33a560009bc",
        "destinationNodes": [],
        "center": [
          2.3453206896473477,
          41.61289878931717
        ],
        "details": {
          "description": "",
          "name": "",
          "images": []
        }
      }
    },
    {
      "type": "Feature",
      "geometry": {
        "type": "Polygon",
        "coordinates": [
          [
            [
              2.344269075472012,
              41.61058832982737
            ],
            [
              2.344192174262467,
              41.61063291298021
            ],
            [
              2.344114088535169,
              41.6106781894973
            ],
            [
              2.344070758798646,
              41.610636129577514
            ],
            [
              2.343821644029466,
              41.61077988239105
            ],
            [
              2.3437666622128432,
              41.610726840985066
            ],
            [
              2.3435842517298355,
              41.61055089783669
            ],
            [
              2.3435563309962464,
              41.61052383450355
            ],
            [
              2.343503775202967,
              41.610472897075745
            ],
            [
              2.343446369100637,
              41.61041726260728
            ],
            [
              2.3433944401892437,
              41.61036693184052
            ],
            [
              2.3433939473265633,
              41.61036645837037
            ],
            [
              2.343418887816261,
              41.610351740007594
            ],
            [
              2.343399656323032,
              41.61033355295157
            ],
            [
              2.3433292345939147,
              41.610265469744355
            ],
            [
              2.3432773279242336,
              41.610215285478105
            ],
            [
              2.343276841590075,
              41.610214818781635
            ],
            [
              2.343397604230007,
              41.610144404628876
            ],
            [
              2.3433095007627625,
              41.61006039504139
            ],
            [
              2.343227225129979,
              41.610107957246846
            ],
            [
              2.343150749957455,
              41.60999915516538
            ],
            [
              2.3430956113614765,
              41.6099207011973
            ],
            [
              2.343059668391039,
              41.609698150092356
            ],
            [
              2.3430720900737803,
              41.60969686396179
            ],
            [
              2.342918444087644,
              41.60955152693113
            ],
            [
              2.3431492052592,
              41.609415148438565
            ],
            [
              2.3431498964338684,
              41.60941580223521
            ],
            [
              2.3433027334837075,
              41.609560373465335
            ],
            [
              2.3432571877590447,
              41.60958757786925
            ],
            [
              2.3441582221979207,
              41.61044846703198
            ],
            [
              2.3441766530730392,
              41.610437813318626
            ],
            [
              2.3442098353048646,
              41.61041862876288
            ],
            [
              2.3443417661858157,
              41.610545925788045
            ],
            [
              2.344269075472012,
              41.61058832982737
            ]
          ]
        ]
      },
      "properties": {
        "id": "s_5d8e1d54e48bb33a560009bf",
        "externalId": "POLY-FS8IO3YE",
        "destinationNodes": [],
        "center": [
          2.3435391472665223,
          41.61021607047366
        ],
        "details": {
          "description": "",
          "name": "",
          "images": []
        }
      }
    },
    {
      "type": "Feature",
      "geometry": {
        "type": "Polygon",
        "coordinates": [
          [
            [
              2.345114535226147,
              41.61203960179405
            ],
            [
              2.3448321080586068,
              41.61181923456239
            ],
            [
              2.344857838827893,
              41.611800703782826
            ],
            [
              2.344749625468448,
              41.611716254560605
            ],
            [
              2.344682962162807,
              41.61166424127914
            ],
            [
              2.344478605183374,
              41.61150476196222
            ],
            [
              2.3444534849386307,
              41.611522423148486
            ],
            [
              2.344373457291064,
              41.611459963291196
            ],
            [
              2.3442325796362704,
              41.61134993681505
            ],
            [
              2.344191616297244,
              41.611251048488626
            ],
            [
              2.3441996910729626,
              41.61124914450227
            ],
            [
              2.344123369865738,
              41.61106198942361
            ],
            [
              2.3441055260011763,
              41.611018424743335
            ],
            [
              2.344025767592341,
              41.6109412516135
            ],
            [
              2.344025287982993,
              41.610940791408254
            ],
            [
              2.3441319587165275,
              41.61087934259076
            ],
            [
              2.344126102748289,
              41.610873667782414
            ],
            [
              2.3442428455310003,
              41.610806159891425
            ],
            [
              2.3441911973720595,
              41.61075632173309
            ],
            [
              2.3441906835560693,
              41.610755828869344
            ],
            [
              2.3444218653600224,
              41.61062164258136
            ],
            [
              2.3445821551296584,
              41.61077325614684
            ],
            [
              2.3445379605560235,
              41.61079958255464
            ],
            [
              2.3445054864382393,
              41.61081846159981
            ],
            [
              2.3445467907409583,
              41.610856747096804
            ],
            [
              2.344547490426451,
              41.610857395770665
            ],
            [
              2.3446756853120867,
              41.610976223055985
            ],
            [
              2.344833288756839,
              41.611213452460916
            ],
            [
              2.344994924244666,
              41.61157704964806
            ],
            [
              2.3451266784435214,
              41.61168890903961
            ],
            [
              2.345264599439568,
              41.61179638001799
            ],
            [
              2.3451992488364906,
              41.611843288610906
            ],
            [
              2.3452896837357105,
              41.611913800949345
            ],
            [
              2.345114535226147,
              41.61203960179405
            ]
          ]
        ]
      },
      "properties": {
        "id": "s_5d8e1d54e48bb33a560009c0",
        "destinationNodes": [],
        "center": [
          2.3445410636651483,
          41.61124688732654
        ],
        "details": {
          "description": "",
          "name": "",
          "images": []
        }
      }
    },
    {
      "type": "Feature",
      "geometry": {
        "type": "Polygon",
        "coordinates": [
          [
            [
              2.3440696860587393,
              41.610641968786446
            ],
            [
              2.3441131032417615,
              41.61068397702752
            ],
            [
              2.344349772494075,
              41.61054686658339
            ],
            [
              2.344211037539136,
              41.610412683399744
            ],
            [
              2.3441592064131886,
              41.610442678467294
            ],
            [
              2.3432650157709447,
              41.60958826292654
            ],
            [
              2.343310748163934,
              41.60956123508522
            ],
            [
              2.343150118806654,
              41.60940929285536
            ],
            [
              2.3429105263236725,
              41.609550891336305
            ],
            [
              2.3430616172286167,
              41.609693811498964
            ],
            [
              2.343053550979573,
              41.6096946481821
            ],
            [
              2.343090257414533,
              41.609921953243976
            ],
            [
              2.3432252778903524,
              41.6101143132322
            ],
            [
              2.3433085845249306,
              41.61006624794433
            ],
            [
              2.3433897761492144,
              41.61014371958057
            ],
            [
              2.343269025424046,
              41.61021402037146
            ],
            [
              2.3433952841542083,
              41.61033613687938
            ],
            [
              2.343411181459457,
              41.61035117416747
            ],
            [
              2.343386140175547,
              41.61036565473907
            ],
            [
              2.343579966997202,
              41.61055343009279
            ],
            [
              2.3438207596051908,
              41.61078589714588
            ],
            [
              2.3440696860587393,
              41.610641968786446
            ]
          ],
          [
            [
              2.3435607222933976,
              41.610521249949876
            ],
            [
              2.3434016906229918,
              41.61036719357227
            ],
            [
              2.343426906790763,
              41.610352609640145
            ],
            [
              2.343404028491506,
              41.61033096902362
            ],
            [
              2.34328466327545,
              41.61021550754198
            ],
            [
              2.3434055014294737,
              41.61014515505615
            ],
            [
              2.34331057356181,
              41.610054555839525
            ],
            [
              2.343229015807744,
              41.610101587560266
            ],
            [
              2.3431010527512632,
              41.60991939747202
            ],
            [
              2.343065854920859,
              41.609701717382
            ],
            [
              2.3430823879838996,
              41.6097000197379
            ],
            [
              2.3429261823313734,
              41.609552261497406
            ],
            [
              2.3431482863203925,
              41.609420998658706
            ],
            [
              2.343295092145888,
              41.60955986497629
            ],
            [
              2.343249447189792,
              41.609586841132966
            ],
            [
              2.344157304961086,
              41.610454318907586
            ],
            [
              2.344208961211574,
              41.61042442719924
            ],
            [
              2.3443341345377937,
              41.61054537955721
            ],
            [
              2.344115092151866,
              41.610672284908844
            ],
            [
              2.3440716749754182,
              41.61063027666851
            ],
            [
              2.343822748571422,
              41.610774205032236
            ],
            [
              2.3435607222933976,
              41.610521249949876
            ]
          ]
        ]
      },
      "properties": {
        "id": "s_5d8e1d95e48bb33a56000be2",
        "destinationNodes": [],
        "center": [
          2.3435031418843035,
          41.61014546868715
        ],
        "details": {
          "description": "",
          "name": "",
          "images": []
        }
      }
    },
    {
      "type": "Feature",
      "geometry": {
        "type": "Polygon",
        "coordinates": [
          [
            [
              2.34445354357662,
              41.61152849660396
            ],
            [
              2.344478315291759,
              41.611510669672434
            ],
            [
              2.3448500275239867,
              41.61180057067761
            ],
            [
              2.344824188146813,
              41.61181913490289
            ],
            [
              2.345114355119706,
              41.61204547631838
            ],
            [
              2.345297678929598,
              41.61191407912531
            ],
            [
              2.345207168751829,
              41.61184338824465
            ],
            [
              2.3452725193492485,
              41.61179647964726
            ],
            [
              2.3451278851831945,
              41.61168373418969
            ],
            [
              2.344999775823646,
              41.611574926245886
            ],
            [
              2.344838541179545,
              41.611211835459436
            ],
            [
              2.3446804033620583,
              41.61097396580143
            ],
            [
              2.3445134014862337,
              41.61081909523715
            ],
            [
              2.3445414157584055,
              41.61080285732062
            ],
            [
              2.344589983299505,
              41.61077394111426
            ],
            [
              2.3444228506247775,
              41.610615855048486
            ],
            [
              2.344182909225343,
              41.61075511188753
            ],
            [
              2.34423501736093,
              41.61080547490045
            ],
            [
              2.3441182745712665,
              41.610872982783526
            ],
            [
              2.3441241314491412,
              41.61087865706379
            ],
            [
              2.344017481084916,
              41.610939987630815
            ],
            [
              2.344100670796109,
              41.611020421985735
            ],
            [
              2.3441926623658076,
              41.61124639356043
            ],
            [
              2.3441846750342092,
              41.61124824586715
            ],
            [
              2.3442277651754964,
              41.61135216673804
            ],
            [
              2.34445354357662,
              41.61152849660396
            ]
          ],
          [
            [
              2.344198575884361,
              41.61125373405148
            ],
            [
              2.34420656321624,
              41.6112518817438
            ],
            [
              2.3441106410088683,
              41.611016547958336
            ],
            [
              2.3440330316858673,
              41.61094152637896
            ],
            [
              2.344139856924894,
              41.610880092439324
            ],
            [
              2.344133912601988,
              41.610874469838954
            ],
            [
              2.344250655377977,
              41.61080696194007
            ],
            [
              2.3441984781090137,
              41.61075653355517
            ],
            [
              2.344420949215145,
              41.61062749549312
            ],
            [
              2.344574326959979,
              41.61077257117889
            ],
            [
              2.3445345037227034,
              41.610796319437235
            ],
            [
              2.3444975194535536,
              41.61081764621307
            ],
            [
              2.3446709678330144,
              41.61097847996636
            ],
            [
              2.34482819289839,
              41.61121508316117
            ],
            [
              2.3449899071770113,
              41.61157916522387
            ],
            [
              2.3451261446008487,
              41.61169485473269
            ],
            [
              2.345126494376188,
              41.61169464801323
            ],
            [
              2.3452567669737796,
              41.611796228708215
            ],
            [
              2.3451914163651604,
              41.61184313729668
            ],
            [
              2.3452819265253146,
              41.61191382818969
            ],
            [
              2.3451146907803126,
              41.61203369887601
            ],
            [
              2.344839940526192,
              41.611819385900986
            ],
            [
              2.3448658490206955,
              41.611800887050826
            ],
            [
              2.344478738509802,
              41.61149884055252
            ],
            [
              2.3444538102341492,
              41.611516653784626
            ],
            [
              2.3442375647168463,
              41.6113478624462
            ],
            [
              2.344198575884361,
              41.61125373405148
            ]
          ]
        ]
      },
      "properties": {
        "id": "s_5d8e1dafe48bb33a56000be3",
        "destinationNodes": [],
        "center": [
          2.34459523657193,
          41.61128161729724
        ],
        "details": {
          "description": "",
          "name": "",
          "images": []
        }
      }
    },
    {
      "type": "Feature",
      "geometry": {
        "type": "Polygon",
        "coordinates": [
          [
            [
              2.3455656004225207,
              41.6135643075879
            ],
            [
              2.3455662525332017,
              41.61356774648794
            ],
            [
              2.345574319233963,
              41.61356690962916
            ],
            [
              2.3455807169520764,
              41.61356355352744
            ],
            [
              2.3455893741057823,
              41.613558437186306
            ],
            [
              2.3456010127451625,
              41.61355049649308
            ],
            [
              2.345613924753668,
              41.613539997322896
            ],
            [
              2.34562629624816,
              41.613527374290165
            ],
            [
              2.3456369804329906,
              41.61351234907296
            ],
            [
              2.345643850287729,
              41.6134953288911
            ],
            [
              2.3456451468997868,
              41.613476397185075
            ],
            [
              2.3456070702091685,
              41.61323141214244
            ],
            [
              2.3452734518595206,
              41.61277664496905
            ],
            [
              2.3452907910801786,
              41.61265166896681
            ],
            [
              2.3457310029380074,
              41.612338174150054
            ],
            [
              2.3457348443659223,
              41.61215138133773
            ],
            [
              2.3457332545365315,
              41.61214987764104
            ],
            [
              2.345727716374088,
              41.61214571461527
            ],
            [
              2.345672991861287,
              41.612102421240344
            ],
            [
              2.345509912237348,
              41.6119751878475
            ],
            [
              2.345469508150287,
              41.61200416607481
            ],
            [
              2.3454020445775066,
              41.61195151102736
            ],
            [
              2.345282737556663,
              41.612037425652304
            ],
            [
              2.345509179988526,
              41.61221410774153
            ],
            [
              2.345306863627367,
              41.61235885428027
            ],
            [
              2.3452712887121905,
              41.612331119521606
            ],
            [
              2.345043674857818,
              41.61249400278045
            ],
            [
              2.345029382276469,
              41.612482903366356
            ],
            [
              2.344858223703906,
              41.61260551582519
            ],
            [
              2.3448611818219236,
              41.612607910553194
            ],
            [
              2.3447824794575043,
              41.61264125066638
            ],
            [
              2.3448654613993916,
              41.612750916063796
            ],
            [
              2.344844117230997,
              41.612760024734484
            ],
            [
              2.345011478531274,
              41.612981079505545
            ],
            [
              2.345052017465556,
              41.61296391997692
            ],
            [
              2.3451200788103352,
              41.61305382781482
            ],
            [
              2.3453131993275096,
              41.61297241329923
            ],
            [
              2.3453506251288614,
              41.61302178765656
            ],
            [
              2.3451680871022433,
              41.61309896635678
            ],
            [
              2.3452237947880916,
              41.613172485940666
            ],
            [
              2.345236559328098,
              41.613189800008584
            ],
            [
              2.345197295343927,
              41.61320641851996
            ],
            [
              2.3452984183036705,
              41.613340631641876
            ],
            [
              2.3452997949519787,
              41.61334045543217
            ],
            [
              2.3453462112442347,
              41.61358741624781
            ],
            [
              2.3455656004225207,
              41.6135643075879
            ]
          ],
          [
            [
              2.3453091991379584,
              41.613331073330556
            ],
            [
              2.345304355468746,
              41.61333159884645
            ],
            [
              2.3452124334392175,
              41.613209582227654
            ],
            [
              2.3452516974214146,
              41.613192963711114
            ],
            [
              2.345233470449468,
              41.613168467360914
            ],
            [
              2.345183225170884,
              41.61310213006829
            ],
            [
              2.345366619320933,
              41.61302455160203
            ],
            [
              2.345362817524182,
              41.61302095579342
            ],
            [
              2.3453173617327345,
              41.61296102999527
            ],
            [
              2.3451242412548923,
              41.61304244451783
            ],
            [
              2.345056179916323,
              41.612952536682364
            ],
            [
              2.3450156409903022,
              41.61296969621247
            ],
            [
              2.3448592552042067,
              41.6127631884885
            ],
            [
              2.3448807559397764,
              41.61275409351397
            ],
            [
              2.344797617399817,
              41.61264441442848
            ],
            [
              2.344878869828,
              41.61260999214788
            ],
            [
              2.3448738013849058,
              41.61260587017799
            ],
            [
              2.3450290465979555,
              41.61249468080848
            ],
            [
              2.345043270059159,
              41.61250571484408
            ],
            [
              2.345270953078631,
              41.61234289696444
            ],
            [
              2.345306528000159,
              41.6123706317232
            ],
            [
              2.3455249324670207,
              41.61221435864613
            ],
            [
              2.3452984899911313,
              41.6120376765878
            ],
            [
              2.34540170896979,
              41.61196328847057
            ],
            [
              2.345469172554614,
              41.61201594351822
            ],
            [
              2.3455095766492025,
              41.61198696529102
            ],
            [
              2.3456648695717517,
              41.612108177671445
            ],
            [
              2.345723644021213,
              41.6121544952527
            ],
            [
              2.3457199074546566,
              41.61233453354662
            ],
            [
              2.345280063669677,
              41.61264770454275
            ],
            [
              2.3452620706657665,
              41.61277837842193
            ],
            [
              2.345596186971923,
              41.61323401982908
            ],
            [
              2.3456340362534767,
              41.61347690841007
            ],
            [
              2.345632737963443,
              41.613493822726845
            ],
            [
              2.3456266126396663,
              41.613509128125465
            ],
            [
              2.3456169128414777,
              41.61352293418877
            ],
            [
              2.345605120986408,
              41.61353489596386
            ],
            [
              2.345593032634417,
              41.613544695894255
            ],
            [
              2.3455820244386407,
              41.613552157766755
            ],
            [
              2.3455752910971897,
              41.61355613714283
            ],
            [
              2.34557509204847,
              41.61355487378441
            ],
            [
              2.3453557029056693,
              41.61357798246237
            ],
            [
              2.3453091991379584,
              41.613331073330556
            ]
          ]
        ]
      },
      "properties": {
        "id": "s_5d8e1dc9e48bb33a56000be5",
        "destinationNodes": [],
        "center": [
          2.3453447441365367,
          41.612882895206454
        ],
        "details": {
          "description": "",
          "name": "",
          "images": []
        }
      }
    },
    {
      "type": "Feature",
      "geometry": {
        "type": "Polygon",
        "coordinates": [
          [
            [
              2.34583363515029,
              41.61428400223785
            ],
            [
              2.3457689184042962,
              41.61377824241696
            ],
            [
              2.345765168365755,
              41.61367645892255
            ],
            [
              2.3457360720561344,
              41.61367729524556
            ],
            [
              2.3456517638024703,
              41.61368154820802
            ],
            [
              2.3457746724817587,
              41.614290591366
            ],
            [
              2.3458083163014387,
              41.614287067653436
            ],
            [
              2.34583363515029,
              41.61428400223785
            ]
          ]
        ]
      },
      "properties": {
        "id": "s_5d8e1e16e48bb33a56000ced",
        "destinationNodes": [],
        "center": [
          2.345762649508878,
          41.61395360086434
        ],
        "details": {
          "description": "",
          "name": "",
          "images": []
        }
      }
    },
    {
      "type": "Feature",
      "geometry": {
        "type": "Polygon",
        "coordinates": [
          [
            [
              2.3456983998228127,
              41.612556625120135
            ],
            [
              2.3457231913338417,
              41.612536535919034
            ],
            [
              2.34572320530839,
              41.61253652222946
            ],
            [
              2.345742342665629,
              41.612513657701214
            ],
            [
              2.3457564036314973,
              41.612489731665676
            ],
            [
              2.345766316380864,
              41.61246645133276
            ],
            [
              2.3457726255845235,
              41.612445406952084
            ],
            [
              2.345776320928253,
              41.61242834616691
            ],
            [
              2.345776326936315,
              41.61242831234779
            ],
            [
              2.3457779637955567,
              41.6124168613089
            ],
            [
              2.345777966967841,
              41.61241683308993
            ],
            [
              2.3457783125985925,
              41.61241261999883
            ],
            [
              2.3457991997390266,
              41.61199319973655
            ],
            [
              2.3457932751693913,
              41.61198947755234
            ],
            [
              2.345787226515129,
              41.611986041165075
            ],
            [
              2.3457811920219487,
              41.61198302133096
            ],
            [
              2.3457751025668556,
              41.61198035267187
            ],
            [
              2.345769234641228,
              41.6119782967002
            ],
            [
              2.3457636065657237,
              41.611976736357526
            ],
            [
              2.3457582000193393,
              41.61197578870233
            ],
            [
              2.3457534155787485,
              41.611975429449835
            ],
            [
              2.345745174191885,
              41.611976369681805
            ],
            [
              2.3457385592717888,
              41.61197857949294
            ],
            [
              2.3457335566581055,
              41.611981642330086
            ],
            [
              2.3457299081804326,
              41.61198517962251
            ],
            [
              2.345727304866557,
              41.611988630362866
            ],
            [
              2.3457257142356567,
              41.61199169505621
            ],
            [
              2.3457247681919364,
              41.611994697482295
            ],
            [
              2.3457236449747016,
              41.61203381677828
            ],
            [
              2.345742097432827,
              41.61204723795754
            ],
            [
              2.345755456478792,
              41.61205973887403
            ],
            [
              2.34576455990566,
              41.61207103684293
            ],
            [
              2.3457703146303635,
              41.6120809145567
            ],
            [
              2.3457734018809346,
              41.612089075631445
            ],
            [
              2.345774659452982,
              41.61209523738071
            ],
            [
              2.3457748376989174,
              41.612099168798245
            ],
            [
              2.34576446669286,
              41.61233528742284
            ],
            [
              2.3457612113303448,
              41.612346453434455
            ],
            [
              2.3457555241707415,
              41.61235693204804
            ],
            [
              2.345748155569303,
              41.61236649225708
            ],
            [
              2.345740081572775,
              41.61237498213106
            ],
            [
              2.3457323148706224,
              41.61238201562284
            ],
            [
              2.3457256058200513,
              41.61238736172648
            ],
            [
              2.3455741546627915,
              41.61249662927926
            ],
            [
              2.3454526190933014,
              41.61257801803443
            ],
            [
              2.345451577257213,
              41.61258213936215
            ],
            [
              2.345452058625458,
              41.61258514801117
            ],
            [
              2.345453888308662,
              41.612587147341685
            ],
            [
              2.3454564725149716,
              41.612588382056046
            ],
            [
              2.34545930489723,
              41.6125890451765
            ],
            [
              2.345461809985056,
              41.612589264347086
            ],
            [
              2.3454796345819724,
              41.61258945921713
            ],
            [
              2.345494591823662,
              41.61259124247082
            ],
            [
              2.3455089835920697,
              41.612594103532224
            ],
            [
              2.3455226899627366,
              41.612597794586634
            ],
            [
              2.345535052183503,
              41.612601961346996
            ],
            [
              2.3455459686505917,
              41.612606238940465
            ],
            [
              2.3455550246238,
              41.612610235098096
            ],
            [
              2.345564753510164,
              41.6126150020956
            ],
            [
              2.3455713676848435,
              41.61261736068458
            ],
            [
              2.3455748080205194,
              41.612618195652665
            ],
            [
              2.3456983998228127,
              41.612556625120135
            ]
          ]
        ]
      },
      "properties": {
        "id": "s_5d8e1e16e48bb33a56000cee",
        "destinationNodes": [],
        "center": [
          2.3456819001119387,
          41.61231387147908
        ],
        "details": {
          "description": "",
          "name": "",
          "images": []
        }
      }
    },
    {
      "type": "Feature",
      "geometry": {
        "type": "Polygon",
        "coordinates": [
          [
            [
              2.345429927802195,
              41.61089673715915
            ],
            [
              2.345433662835231,
              41.61088656241683
            ],
            [
              2.345436362715331,
              41.6108774243891
            ],
            [
              2.34531314457508,
              41.610713036473214
            ],
            [
              2.3452639454319493,
              41.61065118105762
            ],
            [
              2.345212656098741,
              41.61058949871567
            ],
            [
              2.345161872349824,
              41.610532191720054
            ],
            [
              2.3451141716156347,
              41.61048357940635
            ],
            [
              2.3443749563793124,
              41.60978827182241
            ],
            [
              2.344366802693631,
              41.60978916027663
            ],
            [
              2.3443577887398024,
              41.609790982076746
            ],
            [
              2.3451019297058653,
              41.610490814585646
            ],
            [
              2.3451526492600023,
              41.610542954227164
            ],
            [
              2.3452070147968,
              41.61060526174102
            ],
            [
              2.3452618126471614,
              41.61067241283145
            ],
            [
              2.345359813818599,
              41.61080018270519
            ],
            [
              2.345429927802195,
              41.61089673715915
            ]
          ]
        ]
      },
      "properties": {
        "id": "s_5d8e1e16e48bb33a56000cef",
        "destinationNodes": [],
        "center": [
          2.3450967819665722,
          41.610506890725276
        ],
        "details": {
          "description": "",
          "name": "",
          "images": []
        }
      }
    },
    {
      "type": "Feature",
      "geometry": {
        "type": "Polygon",
        "coordinates": [
          [
            [
              2.345788851257011,
              41.611858029101334
            ],
            [
              2.3457799020521835,
              41.611788423304574
            ],
            [
              2.345779896962271,
              41.61178838746319
            ],
            [
              2.3457652503317252,
              41.611694466252985
            ],
            [
              2.3457441435900908,
              41.61158594339001
            ],
            [
              2.345744139358992,
              41.61158592352912
            ],
            [
              2.345730974753621,
              41.611529138843345
            ],
            [
              2.345715994947532,
              41.61147223544355
            ],
            [
              2.3456907200632644,
              41.611393902917605
            ],
            [
              2.345659286731047,
              41.61131283634277
            ],
            [
              2.3456249353850342,
              41.61123317571243
            ],
            [
              2.3455902984975685,
              41.61115888917295
            ],
            [
              2.3455319137589226,
              41.61104265466875
            ],
            [
              2.3455072739330856,
              41.610996772179355
            ],
            [
              2.3454992916545145,
              41.610993522575036
            ],
            [
              2.3454905407145152,
              41.61099062103304
            ],
            [
              2.3454843739180724,
              41.61098895420412
            ],
            [
              2.3455220794103857,
              41.611060364745846
            ],
            [
              2.345583449728846,
              41.6111843954616
            ],
            [
              2.345617068113891,
              41.611257584271904
            ],
            [
              2.3456496022935918,
              41.61133364474155
            ],
            [
              2.3456785721927256,
              41.61140915603429
            ],
            [
              2.3457016542836833,
              41.61148071101395
            ],
            [
              2.345715030911791,
              41.61153112577508
            ],
            [
              2.3457269618288086,
              41.61158165137133
            ],
            [
              2.3457468104516273,
              41.611679444241744
            ],
            [
              2.3457613050131307,
              41.61176733510996
            ],
            [
              2.345773481119808,
              41.61185787100632
            ],
            [
              2.3457800061016862,
              41.611858263874566
            ],
            [
              2.345788851257011,
              41.611858029101334
            ]
          ]
        ]
      },
      "properties": {
        "id": "s_5d8e1e16e48bb33a56000cf0",
        "destinationNodes": [],
        "center": [
          2.34566840721929,
          41.611428118061454
        ],
        "details": {
          "description": "",
          "name": "",
          "images": []
        }
      }
    },
    {
      "type": "Feature",
      "geometry": {
        "type": "Polygon",
        "coordinates": [
          [
            [
              2.3458926984907094,
              41.61289104278597
            ],
            [
              2.345918468796625,
              41.61287241287806
            ],
            [
              2.3459380804150833,
              41.61285104893967
            ],
            [
              2.345951529346343,
              41.61282748471696
            ],
            [
              2.3459586504199237,
              41.61280277344723
            ],
            [
              2.345959196388549,
              41.61278360426567
            ],
            [
              2.3459593706159403,
              41.61277738367637
            ],
            [
              2.345953543201226,
              41.612752251646384
            ],
            [
              2.345941076636744,
              41.61272796272011
            ],
            [
              2.345921755239581,
              41.61270538798517
            ],
            [
              2.345896906528062,
              41.61268618617395
            ],
            [
              2.345868175311113,
              41.612671509802325
            ],
            [
              2.3458368141312897,
              41.61266146844863
            ],
            [
              2.345803605824183,
              41.612656130599206
            ],
            [
              2.345769733805118,
              41.61265554045628
            ],
            [
              2.3457360317102043,
              41.61265994894482
            ],
            [
              2.3457037012751343,
              41.612669283211
            ],
            [
              2.345673437889676,
              41.612683663425685
            ],
            [
              2.3456477366427926,
              41.61270235859166
            ],
            [
              2.345628124899697,
              41.612723722419084
            ],
            [
              2.3456146068258112,
              41.612747221299166
            ],
            [
              2.3456075546893143,
              41.6127719978428
            ],
            [
              2.3456068344119467,
              41.61279738768291
            ],
            [
              2.34561266169566,
              41.61282251973041
            ],
            [
              2.345625128154759,
              41.61284680869216
            ],
            [
              2.345644380366781,
              41.612869318098596
            ],
            [
              2.3456692981974205,
              41.612888585342354
            ],
            [
              2.3456980294658116,
              41.61290326176348
            ],
            [
              2.345729390741588,
              41.61291330315489
            ],
            [
              2.34576259917495,
              41.61291864102567
            ],
            [
              2.3457964022081996,
              41.61291916579259
            ],
            [
              2.34583017355835,
              41.6129148226645
            ],
            [
              2.3458522724195214,
              41.61290844307735
            ],
            [
              2.3458625040981813,
              41.61290548836287
            ],
            [
              2.3458926984907094,
              41.61289104278597
            ]
          ]
        ]
      },
      "properties": {
        "id": "s_5d8e1e16e48bb33a56000cf1",
        "destinationNodes": [],
        "center": [
          2.345790308046361,
          41.612790827343076
        ],
        "details": {
          "description": "",
          "name": "",
          "images": []
        }
      }
    },
    {
      "type": "Feature",
      "geometry": {
        "type": "Polygon",
        "coordinates": [
          [
            [
              2.345762829369704,
              41.61361027860516
            ],
            [
              2.3457338349423966,
              41.61310242278593
            ],
            [
              2.34572690576303,
              41.61307571108273
            ],
            [
              2.3457151629424806,
              41.61305237540826
            ],
            [
              2.3457002088178087,
              41.61303231862259
            ],
            [
              2.3456839222185866,
              41.613015705098746
            ],
            [
              2.3456680520764666,
              41.61300258267997
            ],
            [
              2.3456680386644018,
              41.6130025725346
            ],
            [
              2.3456542264663525,
              41.61299299398865
            ],
            [
              2.3456442984680415,
              41.61298696364038
            ],
            [
              2.345639825416156,
              41.61298461438986
            ],
            [
              2.3456268126817874,
              41.61297902613017
            ],
            [
              2.345614204694581,
              41.61297287997279
            ],
            [
              2.3456019831333297,
              41.61296629297628
            ],
            [
              2.345590147998165,
              41.612959265140766
            ],
            [
              2.3455787867343796,
              41.61295174478617
            ],
            [
              2.345567968465767,
              41.612943797290825
            ],
            [
              2.3455576298291807,
              41.6129353533166
            ],
            [
              2.345557599990271,
              41.612935327743294
            ],
            [
              2.3455477535431144,
              41.61292642474382
            ],
            [
              2.345530346872888,
              41.61290834859317
            ],
            [
              2.3455156468492318,
              41.61288920396683
            ],
            [
              2.3455036353203234,
              41.61286924287142
            ],
            [
              2.3455036248502705,
              41.612869222959496
            ],
            [
              2.34549431290775,
              41.61284859274175
            ],
            [
              2.345494306026359,
              41.61284857460333
            ],
            [
              2.345487730662698,
              41.61282732084663
            ],
            [
              2.345487728149216,
              41.612827310388624
            ],
            [
              2.345483983968447,
              41.61280562311999
            ],
            [
              2.3454839820925932,
              41.61280560557139
            ],
            [
              2.345483064508216,
              41.61278353329278
            ],
            [
              2.345485117091635,
              41.61276130354313
            ],
            [
              2.3454851194612756,
              41.61276128609126
            ],
            [
              2.345486882874459,
              41.61275153214166
            ],
            [
              2.3454892620922383,
              41.612741950381725
            ],
            [
              2.3454921670124635,
              41.612732474656816
            ],
            [
              2.345495529877892,
              41.612723157303364
            ],
            [
              2.345499511125856,
              41.61271393922338
            ],
            [
              2.3454995301752586,
              41.612713897810615
            ],
            [
              2.3455039480917947,
              41.6127049088767
            ],
            [
              2.345508902239064,
              41.61269602651435
            ],
            [
              2.345514370611431,
              41.61268738121421
            ],
            [
              2.3455105928015056,
              41.61268015513879
            ],
            [
              2.34550107793426,
              41.61267249965856
            ],
            [
              2.345487170834568,
              41.6126655278539
            ],
            [
              2.3454701157227134,
              41.61266041653215
            ],
            [
              2.3454512950634343,
              41.61265847325767
            ],
            [
              2.3454320913192466,
              41.61266100559556
            ],
            [
              2.345413592136378,
              41.61266917665698
            ],
            [
              2.345397354865084,
              41.612684190648515
            ],
            [
              2.345385785487583,
              41.61270335086893
            ],
            [
              2.3453799441706233,
              41.61272241893414
            ],
            [
              2.345378513413048,
              41.61274068626864
            ],
            [
              2.345380194033796,
              41.61275732723784
            ],
            [
              2.3453837376515256,
              41.6127716986436
            ],
            [
              2.34538777595829,
              41.61278290947277
            ],
            [
              2.3453925038328904,
              41.612792756695875
            ],
            [
              2.345536509106772,
              41.61299319660757
            ],
            [
              2.3455634932350655,
              41.61303323239369
            ],
            [
              2.345583337645366,
              41.61306463388762
            ],
            [
              2.345599369448628,
              41.61309605780209
            ],
            [
              2.3456163390565843,
              41.61313670068234
            ],
            [
              2.345633539403559,
              41.61318347480359
            ],
            [
              2.3456500194037964,
              41.61323333042382
            ],
            [
              2.345664689717067,
              41.61328308704525
            ],
            [
              2.3456769123849392,
              41.61332972232262
            ],
            [
              2.3456857363054575,
              41.61337018651512
            ],
            [
              2.3456900721255227,
              41.61340129912565
            ],
            [
              2.345690799323565,
              41.61342859551918
            ],
            [
              2.345689590231577,
              41.613458629714835
            ],
            [
              2.3456868945595697,
              41.613489542475435
            ],
            [
              2.3456831253756185,
              41.613519708680634
            ],
            [
              2.3456788015163115,
              41.613547334471384
            ],
            [
              2.3456744051767973,
              41.61357086010555
            ],
            [
              2.3456704551963607,
              41.61358849172424
            ],
            [
              2.3456655865979466,
              41.613603373096055
            ],
            [
              2.3456653642544056,
              41.61360732879826
            ],
            [
              2.3456661771027862,
              41.61361024778371
            ],
            [
              2.345667657037705,
              41.61361245383194
            ],
            [
              2.3456694034721375,
              41.613613971227416
            ],
            [
              2.3456711723895234,
              41.613614837952554
            ],
            [
              2.345672977949908,
              41.613615470560774
            ],
            [
              2.345762829369704,
              41.61361027860516
            ]
          ]
        ]
      },
      "properties": {
        "id": "s_5d8e1e16e48bb33a56000cf2",
        "destinationNodes": [],
        "center": [
          2.3455667447356014,
          41.61301618839835
        ],
        "details": {
          "description": "",
          "name": "",
          "images": []
        }
      }
    },
    {
      "type": "Feature",
      "geometry": {
        "type": "Polygon",
        "coordinates": [
          [
            [
              2.3449948506615543,
              41.61157698720582
            ],
            [
              2.344994924244666,
              41.61157704964806
            ],
            [
              2.345126765887348,
              41.61168885735974
            ],
            [
              2.345146955416846,
              41.61167596914348
            ],
            [
              2.345021169314475,
              41.611567062514055
            ],
            [
              2.3450211626719284,
              41.61156705370606
            ],
            [
              2.344863782277255,
              41.61120520371159
            ],
            [
              2.344833288756839,
              41.611213452460916
            ],
            [
              2.3449948506615543,
              41.61157698720582
            ]
          ]
        ]
      },
      "properties": {
        "id": "s_5d8e1e16e48bb33a56000cf3",
        "destinationNodes": [],
        "center": [
          2.345000362403864,
          41.61150895446871
        ],
        "details": {
          "description": "",
          "name": "",
          "images": []
        }
      }
    },
    {
      "type": "Feature",
      "geometry": {
        "type": "Polygon",
        "coordinates": [
          [
            [
              2.3452504037053847,
              41.61527676425567
            ],
            [
              2.3453273754132167,
              41.61526331548042
            ],
            [
              2.345320776858362,
              41.6152636210954
            ],
            [
              2.345313676884776,
              41.61526349748141
            ],
            [
              2.34530720111799,
              41.615262976081006
            ],
            [
              2.3453003056671227,
              41.61526198235698
            ],
            [
              2.3452940830637496,
              41.61526068012297
            ],
            [
              2.3452875314481862,
              41.615258864728204
            ],
            [
              2.3452812137239465,
              41.615256641072136
            ],
            [
              2.345275622281666,
              41.61525423752296
            ],
            [
              2.3452698604541546,
              41.61525126563004
            ],
            [
              2.3452648464467067,
              41.615248193748336
            ],
            [
              2.3452597799156227,
              41.615244522006286
            ],
            [
              2.3452554719964476,
              41.61524082633239
            ],
            [
              2.345251548818925,
              41.61523684719616
            ],
            [
              2.3452480398989572,
              41.61523259477426
            ],
            [
              2.3452449749598028,
              41.615228079439504
            ],
            [
              2.3452425021583134,
              41.61522333114866
            ],
            [
              2.3452411107968163,
              41.61522067265112
            ],
            [
              2.3451612053420483,
              41.61494835490738
            ],
            [
              2.3450453495096975,
              41.61445550404272
            ],
            [
              2.345045244585109,
              41.61445504650826
            ],
            [
              2.345042789698359,
              41.61444405692786
            ],
            [
              2.345040514734463,
              41.6144325724005
            ],
            [
              2.3450385985614783,
              41.61442151887137
            ],
            [
              2.3450368780786186,
              41.61440997969487
            ],
            [
              2.345035436157015,
              41.614398420154664
            ],
            [
              2.345034269987353,
              41.61438684552276
            ],
            [
              2.3450333771242655,
              41.61437526128095
            ],
            [
              2.345031795480777,
              41.614346780203434
            ],
            [
              2.3450302177967686,
              41.61432713808727
            ],
            [
              2.345028059669911,
              41.61430461333212
            ],
            [
              2.345025378857909,
              41.61427953659818
            ],
            [
              2.3450182089566396,
              41.61421928405885
            ],
            [
              2.3450089415750393,
              41.61414807888701
            ],
            [
              2.3449968103004997,
              41.61406031063847
            ],
            [
              2.3449830693205866,
              41.61396513353576
            ],
            [
              2.3449666313058235,
              41.61385514415291
            ],
            [
              2.344966629342915,
              41.613855131212006
            ],
            [
              2.3449502469969845,
              41.61374890074833
            ],
            [
              2.3449502385229883,
              41.61374886688791
            ],
            [
              2.344911524873867,
              41.61363790620799
            ],
            [
              2.344909481986564,
              41.61363422695578
            ],
            [
              2.3449050048245392,
              41.61362125711924
            ],
            [
              2.344903964664431,
              41.61361624166174
            ],
            [
              2.3449017969304013,
              41.61361083061615
            ],
            [
              2.3448467958921917,
              41.61347347378993
            ],
            [
              2.3442936972521125,
              41.612637878715155
            ],
            [
              2.344348361846971,
              41.61232364033201
            ],
            [
              2.343554131666468,
              41.61121169941077
            ],
            [
              2.3432608576098,
              41.61093429414601
            ],
            [
              2.3427046156710767,
              41.61002324042076
            ],
            [
              2.341586006540546,
              41.60858771937183
            ],
            [
              2.3414570871210003,
              41.60818716441858
            ],
            [
              2.3414569032154806,
              41.60818659413809
            ],
            [
              2.3414545403785993,
              41.60817978816586
            ],
            [
              2.3414518990396282,
              41.60817305378376
            ],
            [
              2.341448982611417,
              41.60816639529533
            ],
            [
              2.3414455178016698,
              41.60815927791049
            ],
            [
              2.341445512466106,
              41.60815926747525
            ],
            [
              2.3414420400655094,
              41.60815279332143
            ],
            [
              2.3414420318206544,
              41.608152778640935
            ],
            [
              2.3414379741187408,
              41.608145868952285
            ],
            [
              2.3414379622328334,
              41.60814584960175
            ],
            [
              2.341433602400305,
              41.608139054125296
            ],
            [
              2.3414335865575486,
              41.608139030418826
            ],
            [
              2.3414292990187593,
              41.608132865292845
            ],
            [
              2.3414292795258342,
              41.60813283829734
            ],
            [
              2.341424718185087,
              41.60812674926887
            ],
            [
              2.341419522061793,
              41.60812030409796
            ],
            [
              2.3414194962654675,
              41.608120273310064
            ],
            [
              2.3414144459739643,
              41.608114442861876
            ],
            [
              2.34141441865125,
              41.608114412401356
            ],
            [
              2.341408672054455,
              41.60810822264201
            ],
            [
              2.341408644745546,
              41.60810819421182
            ],
            [
              2.341403091878372,
              41.60810260479121
            ],
            [
              2.341403066584358,
              41.60810258016607
            ],
            [
              2.3413967788903105,
              41.60809665798171
            ],
            [
              2.3413967586753324,
              41.608096639556265
            ],
            [
              2.3413907079312386,
              41.60809130162205
            ],
            [
              2.341390695439248,
              41.608091290947236
            ],
            [
              2.3413844017807444,
              41.60808608018711
            ],
            [
              2.3413838700377796,
              41.608085648421124
            ],
            [
              2.3409491548002355,
              41.607738845984514
            ],
            [
              2.340944549956151,
              41.607734866536404
            ],
            [
              2.340940369534983,
              41.60773070074051
            ],
            [
              2.3409366166166254,
              41.60772636642847
            ],
            [
              2.340933036831218,
              41.60772150107016
            ],
            [
              2.340930184016932,
              41.60771687212025
            ],
            [
              2.3409275865021755,
              41.60771172910632
            ],
            [
              2.3409256469395983,
              41.60770688219802
            ],
            [
              2.340924045681204,
              41.607701544511116
            ],
            [
              2.3409230323105614,
              41.60769655612773
            ],
            [
              2.3409224414690613,
              41.60769110664702
            ],
            [
              2.3409223816359206,
              41.607685631858445
            ],
            [
              2.3409228010863163,
              41.60768057512425
            ],
            [
              2.3409237730272503,
              41.60767511465073
            ],
            [
              2.3409251514587144,
              41.60767010940852
            ],
            [
              2.3409269946137794,
              41.60766515606023
            ],
            [
              2.3409295196685633,
              41.60765986897904
            ],
            [
              2.340913551296989,
              41.6076846227418
            ],
            [
              2.3409103129468365,
              41.60768997476703
            ],
            [
              2.3409073525510165,
              41.607695382094235
            ],
            [
              2.3409046689682667,
              41.60770083934309
            ],
            [
              2.3409022612322112,
              41.607706341029896
            ],
            [
              2.3409001281832644,
              41.60771188189136
            ],
            [
              2.3408982689241666,
              41.60771745650914
            ],
            [
              2.340896682262878,
              41.60772305932044
            ],
            [
              2.34089517438097,
              41.60772962461368
            ],
            [
              2.340894174781027,
              41.60773527033018
            ],
            [
              2.340893444483443,
              41.60774092727972
            ],
            [
              2.340892931451886,
              41.60774753391483
            ],
            [
              2.3408927810054423,
              41.607753196709126
            ],
            [
              2.3408928965334534,
              41.607758853476454
            ],
            [
              2.3408932769454496,
              41.6077644990189
            ],
            [
              2.3408939211001774,
              41.60777012795605
            ],
            [
              2.34089500475736,
              41.60777666670159
            ],
            [
              2.340896216968164,
              41.60778224100122
            ],
            [
              2.340897960343681,
              41.6077887012129
            ],
            [
              2.34089973562364,
              41.60779419546002
            ],
            [
              2.340901769095089,
              41.60779964419627
            ],
            [
              2.340904466288628,
              41.607805936516215
            ],
            [
              2.3409070556006286,
              41.607811268256484
            ],
            [
              2.340909899652072,
              41.60781653751162
            ],
            [
              2.3409129974765697,
              41.607821738797874
            ],
            [
              2.3409169310323503,
              41.607827713881356
            ],
            [
              2.340920575125486,
              41.607832749334705
            ],
            [
              2.340924469696148,
              41.60783769985859
            ],
            [
              2.340928613552265,
              41.607842559890194
            ],
            [
              2.3409330057965443,
              41.60784732401113
            ],
            [
              2.3409376454880277,
              41.60785198757349
            ],
            [
              2.3409425326529165,
              41.607856544399596
            ],
            [
              2.3409485407897694,
              41.60786171696935
            ],
            [
              2.341182292097016,
              41.60805434305201
            ],
            [
              2.341196274665923,
              41.6080662513787
            ],
            [
              2.34120977672943,
              41.608078441679815
            ],
            [
              2.341222797815631,
              41.60809089635226
            ],
            [
              2.3412363455018426,
              41.60810467963377
            ],
            [
              2.3412493119862394,
              41.60811875923612
            ],
            [
              2.341260753599174,
              41.608132003008095
            ],
            [
              2.341271686479739,
              41.6081454861252
            ],
            [
              2.3412829467446894,
              41.60816033558551
            ],
            [
              2.341292794400623,
              41.608174272069704
            ],
            [
              2.341302867215353,
              41.60818959736077
            ],
            [
              2.341312304575876,
              41.60820515831024
            ],
            [
              2.3413204565967285,
              41.608219714561265
            ],
            [
              2.3413280535780805,
              41.608234451375694
            ],
            [
              2.341335653733743,
              41.60825060405526
            ],
            [
              2.3413420894951997,
              41.60826568509468
            ],
            [
              2.341348415832939,
              41.60828219337325
            ],
            [
              2.341464913435989,
              41.608604595967996
            ],
            [
              2.341468642356858,
              41.60861376854566
            ],
            [
              2.34147311501763,
              41.6086227278569
            ],
            [
              2.34147842745429,
              41.60863162598301
            ],
            [
              2.3414845952851344,
              41.60864042840993
            ],
            [
              2.3425603101766073,
              41.61006527086725
            ],
            [
              2.342567707182319,
              41.61007531282198
            ],
            [
              2.3425750537225114,
              41.61008590321309
            ],
            [
              2.342582041215474,
              41.61009660294094
            ],
            [
              2.3425888021859747,
              41.61010761875106
            ],
            [
              2.3430599589769736,
              41.61089922870144
            ],
            [
              2.343065073064574,
              41.610907482889594
            ],
            [
              2.3430704878406146,
              41.610915628284026
            ],
            [
              2.343076203723643,
              41.610923658425186
            ],
            [
              2.3430819624183314,
              41.61093125302082
            ],
            [
              2.3430882504298842,
              41.61093904096671
            ],
            [
              2.3430948284159645,
              41.61094669153882
            ],
            [
              2.343101685512732,
              41.61095420669059
            ],
            [
              2.3431088297406424,
              41.61096157213216
            ],
            [
              2.343421420945478,
              41.6112758043547
            ],
            [
              2.3434282520617407,
              41.61128291453463
            ],
            [
              2.3434348735883743,
              41.611290335125084
            ],
            [
              2.3434411382470626,
              41.61129792550446
            ],
            [
              2.343447050362476,
              41.61130568312862
            ],
            [
              2.3441879569845687,
              41.61230941980795
            ],
            [
              2.344189867643,
              41.61231216289966
            ],
            [
              2.3441921765721996,
              41.61231547784241
            ],
            [
              2.3441960541382905,
              41.612321640808055
            ],
            [
              2.3441995878665614,
              41.61232790053636
            ],
            [
              2.3442030259860136,
              41.6123347816948
            ],
            [
              2.344205837641402,
              41.612341216927994
            ],
            [
              2.344208489261319,
              41.61234826896259
            ],
            [
              2.3442107284436906,
              41.61235539467012
            ],
            [
              2.344212427428459,
              41.61236202878128
            ],
            [
              2.3442137712753732,
              41.61236870865066
            ],
            [
              2.3442148242464214,
              41.612375987465086
            ],
            [
              2.3442154560214883,
              41.6123833000872
            ],
            [
              2.344215663317571,
              41.612390071314515
            ],
            [
              2.344215508011494,
              41.612396854362416
            ],
            [
              2.3442149284191225,
              41.612404206526584
            ],
            [
              2.3442140117741905,
              41.61241098804217
            ],
            [
              2.3442126029968127,
              41.612418319387984
            ],
            [
              2.344199990578403,
              41.61247449959481
            ],
            [
              2.3441813208143047,
              41.612557660973756
            ],
            [
              2.3441802673679284,
              41.61256303262313
            ],
            [
              2.344179488231052,
              41.61256841298546
            ],
            [
              2.3441789781287405,
              41.612573802386486
            ],
            [
              2.3441787299746966,
              41.61257964144028
            ],
            [
              2.344178777795144,
              41.61258502288615
            ],
            [
              2.344179133697596,
              41.612590843704425
            ],
            [
              2.3441797294849076,
              41.61259619888011
            ],
            [
              2.3441806841570814,
              41.61260197337523
            ],
            [
              2.344181827720876,
              41.612607272706626
            ],
            [
              2.344183367744661,
              41.61261297831984
            ],
            [
              2.3441850567539286,
              41.61261820388495
            ],
            [
              2.3441871730413206,
              41.6126238151447
            ],
            [
              2.3441893994373935,
              41.61262893697462
            ],
            [
              2.3441920912483396,
              41.61263442344823
            ],
            [
              2.344194845016867,
              41.61263942281513
            ],
            [
              2.3441981065063073,
              41.61264476245987
            ],
            [
              2.3447098499928436,
              41.61343546320269
            ],
            [
              2.344715023637866,
              41.61344386505851
            ],
            [
              2.3447195995054484,
              41.613452051341234
            ],
            [
              2.3447239594706155,
              41.61346070121195
            ],
            [
              2.34472790363852,
              41.613469459050165
            ],
            [
              2.34473142350535,
              41.61347831308232
            ],
            [
              2.3447344048709984,
              41.613486898757756
            ],
            [
              2.3447370937904193,
              41.613495920488944
            ],
            [
              2.3447394318836725,
              41.61350537411842
            ],
            [
              2.3448260944282993,
              41.61389724185252
            ],
            [
              2.345097279010197,
              41.61519951594313
            ],
            [
              2.345098510337682,
              41.615204358313285
            ],
            [
              2.3451000603232455,
              41.615209093547996
            ],
            [
              2.345101908388158,
              41.61521371771389
            ],
            [
              2.345104050352272,
              41.615218228551974
            ],
            [
              2.3451064740085954,
              41.6152226165865
            ],
            [
              2.345109171415487,
              41.61522687680453
            ],
            [
              2.3451121289295513,
              41.61523101181192
            ],
            [
              2.345115343871625,
              41.615235007732366
            ],
            [
              2.3451188034263915,
              41.615238860689885
            ],
            [
              2.345122498371962,
              41.6152425714422
            ],
            [
              2.345126417551639,
              41.61524613088607
            ],
            [
              2.345131259739723,
              41.61525008956576
            ],
            [
              2.345135631383215,
              41.61525330822234
            ],
            [
              2.3451409846325735,
              41.61525685513007
            ],
            [
              2.345146585831811,
              41.61526016617291
            ],
            [
              2.345151574817319,
              41.61526281551239
            ],
            [
              2.345157601886772,
              41.61526567908242
            ],
            [
              2.3451629282655704,
              41.61526793016227
            ],
            [
              2.345169329805324,
              41.61527031536503
            ],
            [
              2.345174961567192,
              41.61527214087629
            ],
            [
              2.3451816827581418,
              41.615274020829766
            ],
            [
              2.3451875629925736,
              41.61527540324133
            ],
            [
              2.345193549870638,
              41.61527657794268
            ],
            [
              2.3451996201250447,
              41.61527753115784
            ],
            [
              2.3452057806052986,
              41.61527826491947
            ],
            [
              2.3452120115583543,
              41.61527876965826
            ],
            [
              2.345218308311428,
              41.61527904246937
            ],
            [
              2.345224658359144,
              41.615279080771245
            ],
            [
              2.3452310496299402,
              41.61527887504842
            ],
            [
              2.3452374816441726,
              41.615278426610466
            ],
            [
              2.3452439387078763,
              41.61527772350096
            ],
            [
              2.3452504037053847,
              41.61527676425567
            ]
          ]
        ]
      },
      "properties": {
        "id": "s_5d8e1e16e48bb33a56000cf4",
        "destinationNodes": [],
        "center": [
          2.3431690427034915,
          41.611276254554184
        ],
        "details": {
          "description": "",
          "name": "",
          "images": []
        }
      }
    },
    {
      "type": "Feature",
      "geometry": {
        "type": "Polygon",
        "coordinates": [
          [
            [
              2.3417389928827332,
              41.60762274227244
            ],
            [
              2.341721343120491,
              41.60758493685052
            ],
            [
              2.341718676443272,
              41.60757871729681
            ],
            [
              2.341716338979603,
              41.60757215063792
            ],
            [
              2.3417144521597346,
              41.60756550938961
            ],
            [
              2.3417130171510103,
              41.60755880890215
            ],
            [
              2.3417120353281096,
              41.607552064721936
            ],
            [
              2.3417115080332485,
              41.6075452920959
            ],
            [
              2.3417114365536604,
              41.607538506622106
            ],
            [
              2.3417118222315576,
              41.60753172354745
            ],
            [
              2.3417154893342436,
              41.60749258942683
            ],
            [
              2.3416497762977406,
              41.6074655252625
            ],
            [
              2.341646058250972,
              41.60746377279067
            ],
            [
              2.3416424329493464,
              41.60746151308779
            ],
            [
              2.341604344851763,
              41.607435158780454
            ],
            [
              2.3415675322277436,
              41.60745691487459
            ],
            [
              2.341635087353514,
              41.6075190738207
            ],
            [
              2.341584220754134,
              41.60755051667146
            ],
            [
              2.3416649870097954,
              41.60762691943828
            ],
            [
              2.3416678504241664,
              41.607629215983955
            ],
            [
              2.341671226555119,
              41.60763120771092
            ],
            [
              2.3416749294459986,
              41.607632774750385
            ],
            [
              2.341678883730989,
              41.6076339007753
            ],
            [
              2.3416830137494693,
              41.60763456931409
            ],
            [
              2.341687244029818,
              41.60763476420844
            ],
            [
              2.3416914988422746,
              41.60763446892142
            ],
            [
              2.341695702890083,
              41.60763366719139
            ],
            [
              2.3417389928827332,
              41.60762274227244
            ]
          ]
        ]
      },
      "properties": {
        "id": "s_5d8e1e16e48bb33a56000cf5",
        "destinationNodes": [],
        "center": [
          2.341678885243726,
          41.60756248167948
        ],
        "details": {
          "description": "",
          "name": "",
          "images": []
        }
      }
    },
    {
      "type": "Feature",
      "geometry": {
        "type": "Polygon",
        "coordinates": [
          [
            [
              2.3417541527817383,
              41.607416944769774
            ],
            [
              2.3417573383625694,
              41.607410134559714
            ],
            [
              2.3417607607387905,
              41.60740369524769
            ],
            [
              2.3417643738875284,
              41.607397622271336
            ],
            [
              2.341768474748594,
              41.607391417847786
            ],
            [
              2.3417729157246567,
              41.60738534607424
            ],
            [
              2.3417776925173905,
              41.60737941565204
            ],
            [
              2.3417825902914644,
              41.60737386349321
            ],
            [
              2.3417882370915946,
              41.607368013553256
            ],
            [
              2.3417980964475373,
              41.60735825629326
            ],
            [
              2.3415043300979343,
              41.607126723471744
            ],
            [
              2.3414107686348533,
              41.60718201795369
            ],
            [
              2.3414526421255863,
              41.60722162900868
            ],
            [
              2.341456023418373,
              41.607224253546015
            ],
            [
              2.3414578973277744,
              41.60722535951321
            ],
            [
              2.341460044134778,
              41.607226400015314
            ],
            [
              2.34146445120522,
              41.60722793223049
            ],
            [
              2.3414691203916442,
              41.607228835341445
            ],
            [
              2.3414739276675025,
              41.60722909416068
            ],
            [
              2.341478748831348,
              41.60722869360399
            ],
            [
              2.3414812201729456,
              41.60722821978832
            ],
            [
              2.341483459889071,
              41.607227618783405
            ],
            [
              2.341487936726669,
              41.60722585456313
            ],
            [
              2.3415062633940447,
              41.607216957210824
            ],
            [
              2.341508792603514,
              41.60721585581351
            ],
            [
              2.3415114021841097,
              41.60721494656389
            ],
            [
              2.3415140758584188,
              41.60721422750323
            ],
            [
              2.3415170256265534,
              41.60721366076454
            ],
            [
              2.341519780348125,
              41.6072133312456
            ],
            [
              2.3415227794570574,
              41.60721318171007
            ],
            [
              2.341525773844227,
              41.607213245293416
            ],
            [
              2.3415285157924837,
              41.60721349099748
            ],
            [
              2.3415312197398994,
              41.60721391403808
            ],
            [
              2.3415340870120063,
              41.60721457006879
            ],
            [
              2.3415368696900494,
              41.60721542937909
            ],
            [
              2.3415393453015683,
              41.607216400586395
            ],
            [
              2.3415419068932923,
              41.60721764316459
            ],
            [
              2.3415441429020523,
              41.60721896386163
            ],
            [
              2.3415462388153667,
              41.60722044904283
            ],
            [
              2.3415483321741832,
              41.60722224145359
            ],
            [
              2.3416572488485135,
              41.607325276318605
            ],
            [
              2.3416587020091946,
              41.60732682906038
            ],
            [
              2.341659918336226,
              41.60732845208566
            ],
            [
              2.3416609000712283,
              41.60733013259716
            ],
            [
              2.3416616495432616,
              41.60733185774594
            ],
            [
              2.341662168906504,
              41.607333614786405
            ],
            [
              2.341662474762201,
              41.607335539437706
            ],
            [
              2.341662516454785,
              41.60733747021679
            ],
            [
              2.341662296757348,
              41.60733939093173
            ],
            [
              2.3416618187053064,
              41.60734128523554
            ],
            [
              2.341661085228311,
              41.607343136949964
            ],
            [
              2.3416600992052254,
              41.60734492971431
            ],
            [
              2.3416589675773904,
              41.60734651821336
            ],
            [
              2.341657625477019,
              41.607348029907904
            ],
            [
              2.341656075477174,
              41.607349451911
            ],
            [
              2.3416543196446025,
              41.60735077152875
            ],
            [
              2.3416521881229904,
              41.6073520706623
            ],
            [
              2.341646025615834,
              41.607355386996105
            ],
            [
              2.3416439435081315,
              41.607356682207765
            ],
            [
              2.341642096570785,
              41.60735810325722
            ],
            [
              2.341640486560092,
              41.60735963487215
            ],
            [
              2.341639115458025,
              41.607361261859346
            ],
            [
              2.341637984965909,
              41.607362969297625
            ],
            [
              2.341637034126037,
              41.60736489210979
            ],
            [
              2.34163637031196,
              41.6073668720843
            ],
            [
              2.341635995866462,
              41.607368890202984
            ],
            [
              2.341635913118197,
              41.60737092703112
            ],
            [
              2.341636124584836,
              41.60737296344716
            ],
            [
              2.3416366325075932,
              41.60737498006808
            ],
            [
              2.3416373665371086,
              41.607376807397905
            ],
            [
              2.3416383569854062,
              41.60737858633106
            ],
            [
              2.341639605797814,
              41.607380301908435
            ],
            [
              2.3416411148180845,
              41.60738193880601
            ],
            [
              2.341643045319466,
              41.607383605773066
            ],
            [
              2.3416684156037433,
              41.60740302199409
            ],
            [
              2.341672347928346,
              41.60740554055439
            ],
            [
              2.341676738331743,
              41.607407547788185
            ],
            [
              2.3416815268281823,
              41.6074089995831
            ],
            [
              2.341686547894178,
              41.607409840690366
            ],
            [
              2.3417541527817383,
              41.607416944769774
            ]
          ]
        ]
      },
      "properties": {
        "id": "s_5d8e1e16e48bb33a56000cf6",
        "destinationNodes": [],
        "center": [
          2.3416106911293384,
          41.607309245088665
        ],
        "details": {
          "description": "",
          "name": "",
          "images": []
        }
      }
    },
    {
      "type": "Feature",
      "geometry": {
        "type": "Polygon",
        "coordinates": [
          [
            [
              2.344297891565022,
              41.60974171740524
            ],
            [
              2.344303400401371,
              41.60973846161311
            ],
            [
              2.344305747180648,
              41.60973664971991
            ],
            [
              2.3443078682799934,
              41.60973475874797
            ],
            [
              2.344311484235078,
              41.609730922005106
            ],
            [
              2.344314248266755,
              41.60972695138457
            ],
            [
              2.3426778940728177,
              41.608177075330076
            ],
            [
              2.3425116357468223,
              41.60803324211001
            ],
            [
              2.3423730545573673,
              41.60792499698212
            ],
            [
              2.3423882001621203,
              41.607915939667336
            ],
            [
              2.3421603053765767,
              41.60774667723208
            ],
            [
              2.3421550904708583,
              41.607743053766946
            ],
            [
              2.342149631265089,
              41.60773969323286
            ],
            [
              2.342143945414925,
              41.60773659942967
            ],
            [
              2.3421375504309028,
              41.60773355314279
            ],
            [
              2.342131448916937,
              41.607731027183874
            ],
            [
              2.34212464501652,
              41.60772860498417
            ],
            [
              2.342117661310277,
              41.607726514251
            ],
            [
              2.3421110744288556,
              41.607724882762874
            ],
            [
              2.3421043710087823,
              41.60772354152608
            ],
            [
              2.3420969978123587,
              41.60772242063993
            ],
            [
              2.3420895308822023,
              41.60772164961139
            ],
            [
              2.3420825744862372,
              41.60772125267306
            ],
            [
              2.342074990168623,
              41.607721168092404
            ],
            [
              2.3420679636130566,
              41.607721412906336
            ],
            [
              2.3420609306751246,
              41.60772197167461
            ],
            [
              2.342053324562667,
              41.6077229355801
            ],
            [
              2.3419613485553596,
              41.60773698282303
            ],
            [
              2.3419527378270706,
              41.60773800676208
            ],
            [
              2.3419437348053296,
              41.60773849335608
            ],
            [
              2.3419347475691765,
              41.607738393064594
            ],
            [
              2.341925826175759,
              41.607737711040265
            ],
            [
              2.3419170211702123,
              41.607736452359845
            ],
            [
              2.3419083827662197,
              41.60773462218975
            ],
            [
              2.341899961439772,
              41.607732225541376
            ],
            [
              2.3418918074045174,
              41.607729267581156
            ],
            [
              2.341841887127233,
              41.60770924461462
            ],
            [
              2.3418337434403917,
              41.60770576342579
            ],
            [
              2.3418255294753263,
              41.60770184670671
            ],
            [
              2.3418176003758058,
              41.60769764212801
            ],
            [
              2.3418099670420522,
              41.607693158119545
            ],
            [
              2.3418029272367185,
              41.60768859867781
            ],
            [
              2.341795904749749,
              41.607683592090595
            ],
            [
              2.3417892097348134,
              41.60767833163208
            ],
            [
              2.3417826059416664,
              41.607672600534684
            ],
            [
              2.341758027692083,
              41.607682447425255
            ],
            [
              2.3417553160706386,
              41.60768365609329
            ],
            [
              2.341752887476382,
              41.60768495912971
            ],
            [
              2.341750595898827,
              41.60768645185538
            ],
            [
              2.3417484146940484,
              41.60768815341596
            ],
            [
              2.3417464556353873,
              41.60768999254882
            ],
            [
              2.341744730689237,
              41.60769195718923
            ],
            [
              2.3417432521534343,
              41.607694035182796
            ],
            [
              2.3417420320818247,
              41.60769621441315
            ],
            [
              2.341741082634028,
              41.60769848259515
            ],
            [
              2.34174039456832,
              41.60770092815365
            ],
            [
              2.341740148257948,
              41.60770333156997
            ],
            [
              2.3417404108690745,
              41.60770579347472
            ],
            [
              2.3417411753637767,
              41.60770817281543
            ],
            [
              2.3417424140023027,
              41.60771042883622
            ],
            [
              2.3417440985568967,
              41.60771252085716
            ],
            [
              2.3417462011129,
              41.60771440822577
            ],
            [
              2.341748693529967,
              41.607716050210364
            ],
            [
              2.341751547893405,
              41.60771740615847
            ],
            [
              2.341887343075119,
              41.607770018046196
            ],
            [
              2.3418917408186526,
              41.60777142512617
            ],
            [
              2.341896338153689,
              41.60777240427825
            ],
            [
              2.34190106485701,
              41.6077729271068
            ],
            [
              2.341905755229982,
              41.60777296937829
            ],
            [
              2.3420769260952183,
              41.60776661565615
            ],
            [
              2.342083821944894,
              41.60776664365562
            ],
            [
              2.3420909059855344,
              41.6077672430487
            ],
            [
              2.3420978312141862,
              41.607768404229326
            ],
            [
              2.342104539790329,
              41.6077701068869
            ],
            [
              2.342110973334637,
              41.60777233060432
            ],
            [
              2.342117073711751,
              41.60777505492656
            ],
            [
              2.3421227826988407,
              41.60777825945027
            ],
            [
              2.3421280422112667,
              41.60778192390285
            ],
            [
              2.3424763237231523,
              41.60805453652386
            ],
            [
              2.34424339079724,
              41.60974365272055
            ],
            [
              2.3442476928626634,
              41.60974557177176
            ],
            [
              2.344252676140551,
              41.60974719444736
            ],
            [
              2.3442592799959234,
              41.60974860294608
            ],
            [
              2.3442673520407324,
              41.60974924995596
            ],
            [
              2.3442765650028172,
              41.60974869152356
            ],
            [
              2.3442868539352517,
              41.6097463286578
            ],
            [
              2.344297891565022,
              41.60974171740524
            ]
          ]
        ]
      },
      "properties": {
        "id": "s_5d8e1e16e48bb33a56000cf7",
        "destinationNodes": [],
        "center": [
          2.342316180883083,
          41.608047397108116
        ],
        "details": {
          "description": "",
          "name": "",
          "images": []
        }
      }
    },
    {
      "type": "Feature",
      "geometry": {
        "type": "Polygon",
        "coordinates": [
          [
            [
              2.3460191697134674,
              41.61508921227278
            ],
            [
              2.345854261964136,
              41.614402688139656
            ],
            [
              2.3458302306114156,
              41.614403611635
            ],
            [
              2.3457975044857426,
              41.61440329982038
            ],
            [
              2.345924945575526,
              41.615035188321954
            ],
            [
              2.3459403833380956,
              41.61509610030946
            ],
            [
              2.345957695537497,
              41.61509530814937
            ],
            [
              2.3459750977133105,
              41.615094968385165
            ],
            [
              2.345987437096482,
              41.61509491868097
            ],
            [
              2.345990737251681,
              41.61509473208848
            ],
            [
              2.3459934517014602,
              41.615094319356956
            ],
            [
              2.3460191697134674,
              41.61508921227278
            ]
          ]
        ]
      },
      "properties": {
        "id": "s_5d8e1e16e48bb33a56000cf8",
        "destinationNodes": [],
        "center": [
          2.345933719544438,
          41.61490039519638
        ],
        "details": {
          "description": "",
          "name": "",
          "images": []
        }
      }
    },
    {
      "type": "Feature",
      "geometry": {
        "type": "Polygon",
        "coordinates": [
          [
            [
              2.3441582221979207,
              41.61044846703198
            ],
            [
              2.343278852494381,
              41.60960821459393
            ],
            [
              2.343278316740513,
              41.60960770268373
            ],
            [
              2.3432965949521734,
              41.60959690028249
            ],
            [
              2.344176634870238,
              41.61043779585363
            ],
            [
              2.3441582221979207,
              41.61044846703198
            ]
          ]
        ]
      },
      "properties": {
        "id": "s_5d8e1e16e48bb33a56000cf9",
        "destinationNodes": [],
        "center": [
          2.343637724251045,
          41.60993981608915
        ],
        "details": {
          "description": "",
          "name": "",
          "images": []
        }
      }
    },
    {
      "type": "Feature",
      "geometry": {
        "type": "Polygon",
        "coordinates": [
          [
            [
              2.3433039104602114,
              41.61008292619063
            ],
            [
              2.3433634214015444,
              41.6101392179876
            ],
            [
              2.3432911933212752,
              41.610181904430874
            ],
            [
              2.343231682403588,
              41.61012561259666
            ],
            [
              2.3433039104602114,
              41.61008292619063
            ]
          ]
        ]
      },
      "properties": {
        "id": "s_5d8e1e16e48bb33a56000cfa",
        "destinationNodes": [],
        "center": [
          2.343297551896655,
          41.610132415301436
        ],
        "details": {
          "description": "",
          "name": "",
          "images": []
        }
      }
    },
    {
      "type": "Feature",
      "geometry": {
        "type": "Polygon",
        "coordinates": [
          [
            [
              2.343177721469293,
              41.610309621769076
            ],
            [
              2.3430616742362793,
              41.610199852996026
            ],
            [
              2.343090634489838,
              41.610189212480684
            ],
            [
              2.343202467979369,
              41.61029499678222
            ],
            [
              2.343177721469293,
              41.610309621769076
            ]
          ]
        ]
      },
      "properties": {
        "id": "s_5d8e1e16e48bb33a56000cfb",
        "destinationNodes": [],
        "center": [
          2.343133124543695,
          41.610248421007
        ],
        "details": {
          "description": "",
          "name": "",
          "images": []
        }
      }
    },
    {
      "type": "Feature",
      "geometry": {
        "type": "Polygon",
        "coordinates": [
          [
            [
              2.3432455958581406,
              41.61037382456397
            ],
            [
              2.3432278323848705,
              41.6103570220034
            ],
            [
              2.343252316571259,
              41.610342552041125
            ],
            [
              2.343269533739933,
              41.61035883746204
            ],
            [
              2.3432694057445294,
              41.61035891767843
            ],
            [
              2.3432455958581406,
              41.61037382456397
            ]
          ]
        ]
      },
      "properties": {
        "id": "s_5d8e1e16e48bb33a56000cfc",
        "destinationNodes": [],
        "center": [
          2.3432529368597463,
          41.61035823074979
        ],
        "details": {
          "description": "",
          "name": "",
          "images": []
        }
      }
    },
    {
      "type": "Feature",
      "geometry": {
        "type": "Polygon",
        "coordinates": [
          [
            [
              2.345268302400406,
              41.612986523013575
            ],
            [
              2.34531510563949,
              41.61296682500729
            ],
            [
              2.345358150435692,
              41.613023395340605
            ],
            [
              2.3453113237973535,
              41.61304320871365
            ],
            [
              2.345268302400406,
              41.612986523013575
            ]
          ]
        ]
      },
      "properties": {
        "id": "s_5d8e1e16e48bb33a56000cfd",
        "destinationNodes": [],
        "center": [
          2.345313220568235,
          41.61300498801878
        ],
        "details": {
          "description": "",
          "name": "",
          "images": []
        }
      }
    },
    {
      "type": "Feature",
      "geometry": {
        "type": "Polygon",
        "coordinates": [
          [
            [
              2.3415428021520452,
              41.60810744116849
            ],
            [
              2.3415396876450107,
              41.60809993207081
            ],
            [
              2.341535854296665,
              41.60809228766842
            ],
            [
              2.34153143198325,
              41.60808484209004
            ],
            [
              2.3415264327862557,
              41.60807761294644
            ],
            [
              2.341520868681384,
              41.608070618017116
            ],
            [
              2.3415147518008683,
              41.608063875095255
            ],
            [
              2.341508094364359,
              41.60805740192237
            ],
            [
              2.3415009082783684,
              41.60805121621257
            ],
            [
              2.341079997745804,
              41.60770940177636
            ],
            [
              2.3410756783902977,
              41.60770631130281
            ],
            [
              2.341071048686925,
              41.607703647604396
            ],
            [
              2.3410661545849525,
              41.60770140912612
            ],
            [
              2.3410610421901827,
              41.607699594326746
            ],
            [
              2.341055757539293,
              41.607698201599646
            ],
            [
              2.341049891389641,
              41.60769716729527
            ],
            [
              2.34104393550328,
              41.60769662452473
            ],
            [
              2.341037948384732,
              41.60769657111155
            ],
            [
              2.341031988570976,
              41.60769700517876
            ],
            [
              2.3410261145482063,
              41.60769792466694
            ],
            [
              2.3410203847151854,
              41.607699327568376
            ],
            [
              2.341015274355477,
              41.607701049846085
            ],
            [
              2.3410103826669415,
              41.6077031807141
            ],
            [
              2.341005755911941,
              41.607705718644944
            ],
            [
              2.3410014399015178,
              41.60770866195301
            ],
            [
              2.3409971683145794,
              41.60771230622996
            ],
            [
              2.340961175531459,
              41.60774706809499
            ],
            [
              2.340960282784885,
              41.60774770191977
            ],
            [
              2.3413838700377796,
              41.608085648421124
            ],
            [
              2.3413844017807444,
              41.60808608018711
            ],
            [
              2.341390695439248,
              41.608091290947236
            ],
            [
              2.3413907079312386,
              41.60809130162205
            ],
            [
              2.3413967586753324,
              41.608096639556265
            ],
            [
              2.3413967788903105,
              41.60809665798171
            ],
            [
              2.341403066584358,
              41.60810258016607
            ],
            [
              2.341403091878372,
              41.60810260479121
            ],
            [
              2.341408644745546,
              41.60810819421182
            ],
            [
              2.341408672054455,
              41.60810822264201
            ],
            [
              2.34141441865125,
              41.608114412401356
            ],
            [
              2.3414144459739643,
              41.608114442861876
            ],
            [
              2.3414194962654675,
              41.608120273310064
            ],
            [
              2.341419522061793,
              41.60812030409796
            ],
            [
              2.3414243577277136,
              41.608126272923585
            ],
            [
              2.341424718185087,
              41.60812674926887
            ],
            [
              2.3414292795258342,
              41.60813283829734
            ],
            [
              2.3414292990187593,
              41.608132865292845
            ],
            [
              2.3414335865575486,
              41.608139030418826
            ],
            [
              2.341433602400305,
              41.608139054125296
            ],
            [
              2.3414379622328334,
              41.60814584960175
            ],
            [
              2.3414379741187408,
              41.608145868952285
            ],
            [
              2.3414420318206544,
              41.608152778640935
            ],
            [
              2.3414420400655094,
              41.60815279332143
            ],
            [
              2.341445512466106,
              41.60815926747525
            ],
            [
              2.3414455178016698,
              41.60815927791049
            ],
            [
              2.341448982611417,
              41.60816639529533
            ],
            [
              2.3414518990396282,
              41.60817305378376
            ],
            [
              2.3414539540741357,
              41.6081794292146
            ],
            [
              2.341454816619323,
              41.608185956960746
            ],
            [
              2.3414534839458594,
              41.6081939589234
            ],
            [
              2.341536584303943,
              41.60814843616031
            ],
            [
              2.341552338404526,
              41.60813911175455
            ],
            [
              2.341547888738612,
              41.60812112652735
            ],
            [
              2.3415428021520452,
              41.60810744116849
            ]
          ]
        ]
      },
      "properties": {
        "id": "s_5d8e1e77e48bb33a56000d03",
        "destinationNodes": [],
        "center": [
          2.3413234299085897,
          41.60799343336652
        ],
        "details": {
          "description": "",
          "name": "",
          "images": []
        }
      }
    },
    {
      "type": "Feature",
      "geometry": {
        "type": "Polygon",
        "coordinates": [
          [
            [
              2.3415842024269615,
              41.60755063372923
            ],
            [
              2.3416350690264425,
              41.60751919087849
            ],
            [
              2.3415675139005674,
              41.60745703193238
            ],
            [
              2.3416043265246596,
              41.60743527583824
            ],
            [
              2.341472679511132,
              41.60731329603731
            ],
            [
              2.34147114864425,
              41.60731204299489
            ],
            [
              2.341469485493103,
              41.60731094610204
            ],
            [
              2.341467707724257,
              41.607310005540505
            ],
            [
              2.341465832811067,
              41.60730922171251
            ],
            [
              2.3414638781944266,
              41.60730859472072
            ],
            [
              2.3414616913440565,
              41.60730809276187
            ],
            [
              2.341459454006896,
              41.60730777541229
            ],
            [
              2.341457188426228,
              41.60730764301709
            ],
            [
              2.3414549170202155,
              41.60730769581795
            ],
            [
              2.341452662013813,
              41.60730793427705
            ],
            [
              2.3414504457743983,
              41.60730835845364
            ],
            [
              2.3414465313333523,
              41.60730963074302
            ],
            [
              2.3414446960011164,
              41.60731050529892
            ],
            [
              2.3414429653021642,
              41.60731153918038
            ],
            [
              2.3414412289594013,
              41.60731283920134
            ],
            [
              2.3414109411497703,
              41.607338110916594
            ],
            [
              2.3414090496438376,
              41.60733985764524
            ],
            [
              2.341407381803357,
              41.60734169016536
            ],
            [
              2.3414059382693715,
              41.607343597794156
            ],
            [
              2.341404628517627,
              41.607345736539344
            ],
            [
              2.341403654519369,
              41.60734776566147
            ],
            [
              2.3414028549653843,
              41.60735001047334
            ],
            [
              2.3414023218620845,
              41.60735229029664
            ],
            [
              2.341402067227641,
              41.60735441383221
            ],
            [
              2.3414020492493197,
              41.60735672213323
            ],
            [
              2.341402271472877,
              41.60735884842912
            ],
            [
              2.3414027717022363,
              41.60736113409703
            ],
            [
              2.3414034738004594,
              41.607363216011805
            ],
            [
              2.341404495389315,
              41.60736542800116
            ],
            [
              2.3414056801531964,
              41.60736741831428
            ],
            [
              2.3414070977069206,
              41.607369347958
            ],
            [
              2.3414088967503246,
              41.607371357332084
            ],
            [
              2.3415842024269615,
              41.60755063372923
            ]
          ]
        ]
      },
      "properties": {
        "id": "s_5d8e1e77e48bb33a56000d04",
        "destinationNodes": [],
        "center": [
          2.3414486269897736,
          41.60734987025002
        ],
        "details": {
          "description": "",
          "name": "",
          "images": []
        }
      }
    },
    {
      "type": "Feature",
      "geometry": {
        "type": "Polygon",
        "coordinates": [
          [
            [
              2.341607743033627,
              41.607641726936755
            ],
            [
              2.3413848947459766,
              41.607418123993554
            ],
            [
              2.3413820905870777,
              41.60741566804173
            ],
            [
              2.341379014089908,
              41.60741351623306
            ],
            [
              2.3413757009840026,
              41.60741166944041
            ],
            [
              2.3413721874177646,
              41.607410128395394
            ],
            [
              2.341368509383033,
              41.60740889381589
            ],
            [
              2.3413643807844786,
              41.60740790310255
            ],
            [
              2.3413601470068035,
              41.60740727400116
            ],
            [
              2.341355853839832,
              41.607407007494025
            ],
            [
              2.3413515470042707,
              41.60740710449798
            ],
            [
              2.341347272289939,
              41.60740756599529
            ],
            [
              2.341343075330103,
              41.60740839295452
            ],
            [
              2.3413393098488964,
              41.607409481597635
            ],
            [
              2.341335685652692,
              41.607410883178716
            ],
            [
              2.3413322386275537,
              41.6074125985844
            ],
            [
              2.3413290047653224,
              41.60741462853266
            ],
            [
              2.341325783850139,
              41.607417183447645
            ],
            [
              2.3411291617055796,
              41.60759422268408
            ],
            [
              2.3411265107242794,
              41.60759690443649
            ],
            [
              2.341124247691576,
              41.607599712348375
            ],
            [
              2.341122370432859,
              41.6076026263535
            ],
            [
              2.341120770271496,
              41.60760587936545
            ],
            [
              2.341119691236524,
              41.60760894921378
            ],
            [
              2.341118951190787,
              41.607612323616216
            ],
            [
              2.3411186620530873,
              41.60761546159964
            ],
            [
              2.3411187734730894,
              41.60761886212108
            ],
            [
              2.3411193241206063,
              41.607622238674075
            ],
            [
              2.3411202201928503,
              41.60762531208279
            ],
            [
              2.341121608908771,
              41.60762857023821
            ],
            [
              2.3411232744794717,
              41.60763149035285
            ],
            [
              2.341125492351551,
              41.60763453499419
            ],
            [
              2.3411279192507446,
              41.607637214120224
            ],
            [
              2.3411307088490774,
              41.60763974634931
            ],
            [
              2.3411341378432233,
              41.60764230043242
            ],
            [
              2.341342975678934,
              41.60778277418017
            ],
            [
              2.3413474357450497,
              41.60778548501828
            ],
            [
              2.3413521210868686,
              41.60778787353195
            ],
            [
              2.3413570033368876,
              41.60778993895861
            ],
            [
              2.3413624818572543,
              41.60779181059184
            ],
            [
              2.3413676833987513,
              41.60779319952938
            ],
            [
              2.3413734412189715,
              41.607794335876335
            ],
            [
              2.341378839141888,
              41.60779504373649
            ],
            [
              2.3413847429966617,
              41.60779543995513
            ],
            [
              2.3413906701896057,
              41.607795449420244
            ],
            [
              2.341396131116458,
              41.607795113762926
            ],
            [
              2.3414020020263986,
              41.60779437583266
            ],
            [
              2.3414073494536836,
              41.60779334805205
            ],
            [
              2.341413030796962,
              41.60779185800157
            ],
            [
              2.34141814170881,
              41.60779013367829
            ],
            [
              2.3414230955698456,
              41.607788073440474
            ],
            [
              2.3414282520012812,
              41.60778546135624
            ],
            [
              2.3415981733759903,
              41.607690785116986
            ],
            [
              2.3416017335234725,
              41.60768856211948
            ],
            [
              2.3416049303758926,
              41.607686134550526
            ],
            [
              2.34160775971911,
              41.60768352476514
            ],
            [
              2.3416104048169526,
              41.60768051759163
            ],
            [
              2.3416124541370236,
              41.60767759971436
            ],
            [
              2.3416142438559637,
              41.60767431113776
            ],
            [
              2.3416155806333774,
              41.60767091771013
            ],
            [
              2.341616407526554,
              41.60766771673865
            ],
            [
              2.34161685722776,
              41.60766420128512
            ],
            [
              2.3416168558441397,
              41.60766093606106
            ],
            [
              2.34161639785376,
              41.6076574033949
            ],
            [
              2.341615548999081,
              41.60765417066828
            ],
            [
              2.341614162526865,
              41.60765072570612
            ],
            [
              2.3416124470068627,
              41.60764762222687
            ],
            [
              2.341610308591303,
              41.60764461528529
            ],
            [
              2.341607743033627,
              41.607641726936755
            ]
          ]
        ]
      },
      "properties": {
        "id": "s_5d8e1e77e48bb33a56000d05",
        "destinationNodes": [
          "n_5d974d755d99b84013000000"
        ],
        "center": [
          2.3413689106964024,
          41.60762199350325
        ],
        "details": {
          "description": "",
          "name": "Parking",
          "images": [
            {
              "url": "https://cdn.mappedin.com/5d370acd5f0d982c8a5241a6/2574c5aef46ea0861a1ba3afbdb1fd2791d673d9.svg",
              "altText": "Logo for Parking"
            }
          ]
        }
      }
    },
    {
      "type": "Feature",
      "geometry": {
        "type": "Polygon",
        "coordinates": [
          [
            [
              2.341843933318327,
              41.60764382537707
            ],
            [
              2.3418726613806027,
              41.60765850275061
            ],
            [
              2.3419040195113054,
              41.6076685451816
            ],
            [
              2.341937224928345,
              41.607673884153215
            ],
            [
              2.341971025182351,
              41.60767441004068
            ],
            [
              2.342004794044506,
              41.60767006803207
            ],
            [
              2.3420371225094563,
              41.60766073480215
            ],
            [
              2.3420673152347593,
              41.60764629016078
            ],
            [
              2.3420930846194836,
              41.607627661172515
            ],
            [
              2.3421126959841274,
              41.60760629794587
            ],
            [
              2.3421261451419864,
              41.60758273409573
            ],
            [
              2.342130632069623,
              41.60756335361749
            ],
            [
              2.341944964612183,
              41.607410794051674
            ],
            [
              2.3419443745804127,
              41.607410783820335
            ],
            [
              2.341910674963974,
              41.60741519119167
            ],
            [
              2.3418783466037696,
              41.60742452438615
            ],
            [
              2.34184808482591,
              41.607438903597625
            ],
            [
              2.3418223845598582,
              41.607457597911655
            ],
            [
              2.3418027731442836,
              41.60747896108897
            ],
            [
              2.341789254775909,
              41.607502459520944
            ],
            [
              2.3417822017434915,
              41.607527235830815
            ],
            [
              2.3417814800190664,
              41.60755262564703
            ],
            [
              2.341787305338704,
              41.607577757887704
            ],
            [
              2.3417997693439685,
              41.60760204726269
            ],
            [
              2.341819018656012,
              41.607624557307304
            ],
            [
              2.341843933318327,
              41.60764382537707
            ]
          ]
        ]
      },
      "properties": {
        "id": "s_5d8e2054e48bb33a5600113d",
        "destinationNodes": [],
        "center": [
          2.3419204514836967,
          41.60756398987338
        ],
        "details": {
          "description": "",
          "name": "",
          "images": []
        }
      }
    },
    {
      "type": "Feature",
      "geometry": {
        "type": "Polygon",
        "coordinates": [
          [
            [
              2.3445255728238705,
              41.611987967474015
            ],
            [
              2.3445971493262134,
              41.61193525563288
            ],
            [
              2.344564544945995,
              41.61191030795422
            ],
            [
              2.3445519915607225,
              41.611900702581515
            ],
            [
              2.344540560970086,
              41.61190889180842
            ],
            [
              2.3445276961079276,
              41.611898855640035
            ],
            [
              2.3444664595882827,
              41.611942806165494
            ],
            [
              2.3445255728238705,
              41.611987967474015
            ]
          ]
        ]
      },
      "properties": {
        "id": "s_5d8e2499e48bb33a56001678",
        "externalId": "POLY-D0BPV2FN",
        "destinationNodes": [
          "n_5d920f5ae48bb3164000052e"
        ],
        "center": [
          2.344539139331871,
          41.611926398179506
        ],
        "details": {
          "description": "",
          "name": "",
          "images": []
        }
      }
    },
    {
      "type": "Feature",
      "geometry": {
        "type": "Polygon",
        "coordinates": [
          [
            [
              2.34198560774856,
              41.60754008511775
            ],
            [
              2.341985994937614,
              41.607542001056075
            ],
            [
              2.341986129794621,
              41.60754406612269
            ],
            [
              2.341985812324126,
              41.60754609145226
            ],
            [
              2.341984844820502,
              41.607547888383344
            ],
            [
              2.341983424989106,
              41.607549645578516
            ],
            [
              2.341981607278621,
              41.60755102638885
            ],
            [
              2.3419791389842923,
              41.60755217860769
            ],
            [
              2.3419735105965493,
              41.60755305263678
            ],
            [
              2.3419707252032547,
              41.60755623152224
            ],
            [
              2.34196921228146,
              41.60755712565881
            ],
            [
              2.341965840431718,
              41.60755819879071
            ],
            [
              2.34196347794315,
              41.607558676428084
            ],
            [
              2.341960968803906,
              41.60755862816789
            ],
            [
              2.341958259667527,
              41.607558391043256
            ],
            [
              2.3419558561755904,
              41.607557666739616
            ],
            [
              2.341953704498885,
              41.60755679413164
            ],
            [
              2.3419516063830206,
              41.6075555843639
            ],
            [
              2.3419500125031636,
              41.60755407659288
            ],
            [
              2.341947901917679,
              41.60755440535426
            ],
            [
              2.3419458445565806,
              41.6075543966363
            ],
            [
              2.341943839742907,
              41.60755404980128
            ],
            [
              2.341939935158372,
              41.60755268148196
            ],
            [
              2.3419380354761086,
              41.607551659426946
            ],
            [
              2.341936388035809,
              41.607550488815484
            ],
            [
              2.34193524492096,
              41.607549019629566
            ],
            [
              2.341933861516667,
              41.60754616129416
            ],
            [
              2.3419335813264404,
              41.60754357058923
            ],
            [
              2.3419337922633394,
              41.60754222078993
            ],
            [
              2.3419351186692965,
              41.60753960021787
            ],
            [
              2.3419359803676123,
              41.60753847786831
            ],
            [
              2.3419343854760197,
              41.60753696913925
            ],
            [
              2.3419332956188375,
              41.607535163490276
            ],
            [
              2.3419329087693574,
              41.60753324787148
            ],
            [
              2.3419327739140767,
              41.60753118280479
            ],
            [
              2.3419330910481952,
              41.60752915715566
            ],
            [
              2.3419340588902573,
              41.607527360544076
            ],
            [
              2.3419354783852295,
              41.60752560303045
            ],
            [
              2.341937296095295,
              41.607524222220185
            ],
            [
              2.3419397643899926,
              41.6075230700029
            ],
            [
              2.3419453933270837,
              41.6075221961679
            ],
            [
              2.341948178506619,
              41.60751901741031
            ],
            [
              2.341949691427811,
              41.60751812327401
            ],
            [
              2.3419530632750365,
              41.60751705014194
            ],
            [
              2.3419558772025897,
              41.607516611728265
            ],
            [
              2.341958638581732,
              41.60751651143326
            ],
            [
              2.3419613475023073,
              41.60751674868332
            ],
            [
              2.341963750868859,
              41.60751747254168
            ],
            [
              2.341966101314855,
              41.607518533181484
            ],
            [
              2.3419679475269195,
              41.60751989182466
            ],
            [
              2.3419696879657965,
              41.60752192606521
            ],
            [
              2.3419701802850277,
              41.607523166784844
            ],
            [
              2.3419732870855903,
              41.60752378041897
            ],
            [
              2.3419763412140036,
              41.60752473172662
            ],
            [
              2.3419788386484606,
              41.60752631858269
            ],
            [
              2.3419800346492643,
              41.60752744996965
            ],
            [
              2.3419815227582665,
              41.607529633338466
            ],
            [
              2.3419826003626802,
              41.60753297739024
            ],
            [
              2.341981964497592,
              41.60753702652078
            ],
            [
              2.341983107399063,
              41.60753849583284
            ],
            [
              2.34198560774856,
              41.60754008511775
            ]
          ]
        ]
      },
      "properties": {
        "id": "s_5d8e2556e48bb33a56001a8c",
        "destinationNodes": [],
        "center": [
          2.3419577644384044,
          41.6075384629994
        ],
        "details": {
          "description": "",
          "name": "",
          "images": []
        }
      }
    },
    {
      "type": "Feature",
      "geometry": {
        "type": "Polygon",
        "coordinates": [
          [
            [
              2.3419946359888772,
              41.60754087562616
            ],
            [
              2.341995368171948,
              41.60754350574774
            ],
            [
              2.341995197441885,
              41.60754605640472
            ],
            [
              2.341994575394359,
              41.60754856828286
            ],
            [
              2.341993250216512,
              41.60755118968733
            ],
            [
              2.341991073818325,
              41.60755339401383
            ],
            [
              2.3419886995372527,
              41.60755541082035
            ],
            [
              2.3419854743378856,
              41.60755700985082
            ],
            [
              2.3419806946974457,
              41.607558301901165
            ],
            [
              2.341978583865009,
              41.607558629772306
            ],
            [
              2.3419773653459024,
              41.60756057609107
            ],
            [
              2.341974938909092,
              41.60756292974577
            ],
            [
              2.3419736783185012,
              41.607563674754644
            ],
            [
              2.341967891858938,
              41.60756556339016
            ],
            [
              2.3419645735687653,
              41.60756629936163
            ],
            [
              2.341961360747407,
              41.60756636043397
            ],
            [
              2.341958200687815,
              41.60756608326141
            ],
            [
              2.341955093672003,
              41.60756546975297
            ],
            [
              2.341952092854226,
              41.607564180394085
            ],
            [
              2.341949595845856,
              41.60756259328408
            ],
            [
              2.3419474036278114,
              41.6075605195
            ],
            [
              2.341944389914536,
              41.60756076892295
            ],
            [
              2.341941429301752,
              41.607560680421386
            ],
            [
              2.3419385210568744,
              41.607560254944524
            ],
            [
              2.3419361173508597,
              41.6075595307671
            ],
            [
              2.3419337671172187,
              41.60755847000061
            ],
            [
              2.3419314695552504,
              41.607557071561025
            ],
            [
              2.341929423898044,
              41.60755552424592
            ],
            [
              2.341927683458656,
              41.607553490005266
            ],
            [
              2.3419265938147373,
              41.60755168423014
            ],
            [
              2.341925954722743,
              41.60754991716708
            ],
            [
              2.3419253801326505,
              41.60754627428007
            ],
            [
              2.34192569726795,
              41.60754424863044
            ],
            [
              2.3419273811368355,
              41.60754080371211
            ],
            [
              2.3419285484240238,
              41.607539195771906
            ],
            [
              2.3419267540862387,
              41.60753749837125
            ],
            [
              2.3419253184378537,
              41.607534977455444
            ],
            [
              2.341924586257553,
              41.6075323473346
            ],
            [
              2.3419247569903714,
              41.60752979667771
            ],
            [
              2.3419253787024656,
              41.607527284480234
            ],
            [
              2.3419267038832703,
              41.60752466307719
            ],
            [
              2.341928880282688,
              41.60752245875191
            ],
            [
              2.341931254901694,
              41.60752044226568
            ],
            [
              2.3419344797633004,
              41.60751884291766
            ],
            [
              2.3419392594017423,
              41.60751755086923
            ],
            [
              2.3419427259016836,
              41.60751734194669
            ],
            [
              2.3419433352683834,
              41.60751636872477
            ],
            [
              2.3419465701804545,
              41.60751323020002
            ],
            [
              2.341947578438337,
              41.607512634319654
            ],
            [
              2.341953617348811,
              41.60751059700259
            ],
            [
              2.341957134743935,
              41.60751004938251
            ],
            [
              2.341960799037188,
              41.60751002855131
            ],
            [
              2.341964157741251,
              41.6075104933113
            ],
            [
              2.341967663432536,
              41.60751148428711
            ],
            [
              2.3419704127704835,
              41.60751292226897
            ],
            [
              2.3419731090098095,
              41.60751469817538
            ],
            [
              2.341975248679711,
              41.6075171100772
            ],
            [
              2.3419760872184745,
              41.60751906581071
            ],
            [
              2.341978344024201,
              41.60751926319887
            ],
            [
              2.3419805482825544,
              41.60751979870519
            ],
            [
              2.3419844528668348,
              41.607521167022625
            ],
            [
              2.3419863523355806,
              41.60752218920296
            ],
            [
              2.3419880003266975,
              41.6075233600067
            ],
            [
              2.341989395436129,
              41.60752467974524
            ],
            [
              2.3419914820083116,
              41.607527429571356
            ],
            [
              2.3419921736492113,
              41.60752885851581
            ],
            [
              2.3419930929353603,
              41.607533216283265
            ],
            [
              2.3419920070359486,
              41.60753722587927
            ],
            [
              2.341993349597736,
              41.607538883735344
            ],
            [
              2.3419946359888772,
              41.60754087562616
            ]
          ]
        ]
      },
      "properties": {
        "id": "s_5d8e2556e48bb33a56001a8d",
        "destinationNodes": [],
        "center": [
          2.3419587987976045,
          41.60753902992556
        ],
        "details": {
          "description": "",
          "name": "",
          "images": []
        }
      }
    },
    {
      "type": "Feature",
      "geometry": {
        "type": "Polygon",
        "coordinates": [
          [
            [
              2.3434263056772546,
              41.61039772969269
            ],
            [
              2.3433944401892437,
              41.61036693184052
            ],
            [
              2.3433939473265633,
              41.61036645837037
            ],
            [
              2.343443140803244,
              41.61033796962725
            ],
            [
              2.343445725419592,
              41.61034046822695
            ],
            [
              2.343520045410323,
              41.61029740593551
            ],
            [
              2.3436163187845542,
              41.61024162384978
            ],
            [
              2.343666597421763,
              41.610290082862264
            ],
            [
              2.343446369100637,
              41.61041726260728
            ],
            [
              2.343426988377578,
              41.61039838837957
            ],
            [
              2.3434263056772546,
              41.61039772969269
            ]
          ]
        ]
      },
      "properties": {
        "id": "s_5d8e27b8e48bb33a560021bd",
        "externalId": "unit34",
        "destinationNodes": [
          "n_5d6c9682ce6c4361660002c3"
        ],
        "center": [
          2.343477987851075,
          41.61034543213921
        ],
        "details": {
          "description": "Dr. Martens is a British footwear and accessories brand founded in Northamptonshire, England.",
          "name": "Dr. Martens™",
          "images": [
            {
              "url": "https://cdn.mappedin.com/5d370acd5f0d982c8a5241a6/a236d0451a8953b29402f75a87c41a26155856b6.png",
              "altText": "Logo for Dr. Martens™"
            }
          ]
        }
      }
    },
    {
      "type": "Feature",
      "geometry": {
        "type": "Polygon",
        "coordinates": [
          [
            [
              2.3444414178285617,
              41.61263624378746
            ],
            [
              2.3446039592548593,
              41.612567439292846
            ],
            [
              2.3446149655670085,
              41.61256209828781
            ],
            [
              2.3445605139081627,
              41.61251953788544
            ],
            [
              2.3444066085206994,
              41.61258942934257
            ],
            [
              2.3444414178285617,
              41.61263624378746
            ]
          ]
        ]
      },
      "properties": {
        "id": "s_5d8e4428e48bb33a560024d3",
        "externalId": "POLY-J5VCSRC1",
        "destinationNodes": [
          "n_5d920f4ce48bb3164000052c"
        ],
        "center": [
          2.3445254930158583,
          41.612574949719225
        ],
        "details": {
          "description": "",
          "name": "Toilets",
          "images": [
            {
              "url": "https://cdn.mappedin.com/5d370acd5f0d982c8a5241a6/d1a02baa77d9dbc27c893229ebea65b58b02b618.svg",
              "altText": "Logo for Toilets"
            }
          ]
        }
      }
    },
    {
      "type": "Feature",
      "geometry": {
        "type": "Polygon",
        "coordinates": [
          [
            [
              2.3445081701171913,
              41.610771204980985
            ],
            [
              2.344551444149004,
              41.610744726581025
            ],
            [
              2.3445819593921526,
              41.61077312753963
            ],
            [
              2.3445379605560235,
              41.61079958255464
            ],
            [
              2.3445081701171913,
              41.610771204980985
            ]
          ]
        ]
      },
      "properties": {
        "id": "s_5dd64eda7e79204052000002",
        "externalId": "x00",
        "destinationNodes": [
          "n_5dde6ab17e79200ad3000324"
        ],
        "center": [
          2.344544883553593,
          41.61077216041407
        ],
        "details": {
          "description": "CREATE transforms home appliances into design pieces that truly belong in the home. Combining innovative technology, everyday functionality and contemporary design, each collection is created to blend seamlessly into modern interiors. From kitchen appliances to home essentials, CREATE proves that great design can elevate everyday living while bringing style and practicality to every space.",
          "name": "Create",
          "images": [
            {
              "url": "https://cdn.mappedin.com/5d370acd5f0d982c8a5241a6/7ab4096707b9a2789ffe5a0b9fa7355b47b3a6d1.webp",
              "altText": "Logo for Create"
            }
          ]
        }
      }
    },
    {
      "type": "Feature",
      "geometry": {
        "type": "Polygon",
        "coordinates": [
          [
            [
              2.3444536496523263,
              41.61072012439971
            ],
            [
              2.3444972573977934,
              41.61069435194821
            ],
            [
              2.344551444149004,
              41.610744726581025
            ],
            [
              2.3445081701171913,
              41.610771204980985
            ],
            [
              2.3444536496523263,
              41.61072012439971
            ]
          ]
        ]
      },
      "properties": {
        "id": "s_5dd64eda7e79204052000003",
        "externalId": "x01",
        "destinationNodes": [
          "n_5d6c9713ce6c4361660002f0"
        ],
        "center": [
          2.3445026303290786,
          41.61073260197748
        ],
        "details": {
          "description": "",
          "name": "Concierge Services",
          "images": [
            {
              "url": "https://cdn.mappedin.com/5d370acd5f0d982c8a5241a6/ca5108f78cadf26816050e5d04d22af10fff4b14.svg",
              "altText": "Logo for Concierge Services"
            }
          ]
        }
      }
    },
    {
      "type": "Feature",
      "geometry": {
        "type": "Polygon",
        "coordinates": [
          [
            [
              2.3422112858855475,
              41.60865839482917
            ],
            [
              2.3423707075806988,
              41.60855779907502
            ],
            [
              2.3424347939527252,
              41.608618418234386
            ],
            [
              2.342277890767391,
              41.608717552744366
            ],
            [
              2.3422112858855475,
              41.60865839482917
            ]
          ]
        ]
      },
      "properties": {
        "id": "s_5e26f18c7e79207ae7000001",
        "externalId": "unit63",
        "destinationNodes": [
          "n_5d6c9571ce6c436166000279"
        ],
        "center": [
          2.3423236695465905,
          41.608638041220736
        ],
        "details": {
          "description": "Founded in 1984 in New York City, Marc Jacobs has been leading fashion for four decades. Beloved for icons like The Tote Bag and The Snapshot, the brand’s runway-to-reality fashion rooted in the self-expression and style credentials of its iconic founder.",
          "name": "Marc Jacobs",
          "images": [
            {
              "url": "https://cdn.mappedin.com/5d370acd5f0d982c8a5241a6/ab425f8fb4e65f886ca00e0f862e793193038f98.png",
              "altText": "Logo for Marc Jacobs"
            }
          ]
        }
      }
    },
    {
      "type": "Feature",
      "geometry": {
        "type": "Polygon",
        "coordinates": [
          [
            [
              2.343427723262695,
              41.61020834702515
            ],
            [
              2.3434662933305175,
              41.61024481709355
            ],
            [
              2.34352096402985,
              41.61029746837605
            ],
            [
              2.3434466441892825,
              41.61034053081229
            ],
            [
              2.3434440595728963,
              41.61033803221259
            ],
            [
              2.3434199766467274,
              41.61035196762925
            ],
            [
              2.3433674446595387,
              41.61030157897448
            ],
            [
              2.3433292345939147,
              41.610265469744355
            ],
            [
              2.343427723262695,
              41.61020834702515
            ]
          ]
        ]
      },
      "properties": {
        "id": "s_5fd8a6787e79201c5e000002",
        "externalId": "unit35-36-37",
        "destinationNodes": [
          "n_65f456c6539171e3d6e87503"
        ],
        "center": [
          2.343427792535678,
          41.61029352648347
        ],
        "details": {
          "description": "This world-renowned luxury brand, founded by a young Czech glasscutter in 1895, offers collectable crystal in myriad forms, including jewellery, figurines and vases.",
          "name": "Swarovski",
          "images": [
            {
              "url": "https://cdn.mappedin.com/5d370acd5f0d982c8a5241a6/0bd0f3d1ab0b811b3baf8bf4444f0b941f323d8b.jpeg",
              "altText": "Logo for Swarovski"
            }
          ]
        }
      }
    },
    {
      "type": "Feature",
      "geometry": {
        "type": "Polygon",
        "coordinates": [
          [
            [
              2.341655635019058,
              41.608515424302254
            ],
            [
              2.3418229430335464,
              41.60841639849483
            ],
            [
              2.3418236348005403,
              41.608417051935106
            ],
            [
              2.341824160900781,
              41.608417548888795
            ],
            [
              2.341824852635446,
              41.60841820234818
            ],
            [
              2.3418830504738772,
              41.60847317606492
            ],
            [
              2.341853480475841,
              41.60849068255522
            ],
            [
              2.341715754238149,
              41.608572204402016
            ],
            [
              2.341655635019058,
              41.608515424302254
            ]
          ]
        ]
      },
      "properties": {
        "id": "s_602fdfa5edfe257d65000000",
        "externalId": "unit158",
        "destinationNodes": [
          "n_602fe7bcedfe25725f000015"
        ],
        "center": [
          2.3418004389471547,
          41.608465086123914
        ],
        "details": {
          "description": "Combines luxury home and body cosmetics. Made with natural ingredients, our products are inspired by authentic eastern rituals linked with nature and developed by the world’s best perfumers.",
          "name": "Rituals",
          "images": [
            {
              "url": "https://cdn.mappedin.com/5d370acd5f0d982c8a5241a6/e0d6a4243ccff4547803bf8973b93a5930954064.png",
              "altText": "Logo for Rituals"
            }
          ]
        }
      }
    },
    {
      "type": "Feature",
      "geometry": {
        "type": "Polygon",
        "coordinates": [
          [
            [
              2.3422487009992095,
              41.60825482685669
            ],
            [
              2.342252198658196,
              41.60825275974923
            ],
            [
              2.3423932766235094,
              41.608169382835555
            ],
            [
              2.3424920466019366,
              41.6082580709802
            ],
            [
              2.342347981502706,
              41.608343245129724
            ],
            [
              2.3422487009992095,
              41.60825482685669
            ]
          ]
        ]
      },
      "properties": {
        "id": "s_602fdfa5edfe257d65000002",
        "externalId": "unit168-169",
        "destinationNodes": [
          "n_602fe865edfe25725f000032"
        ],
        "center": [
          2.3423468408771115,
          41.608255657110284
        ],
        "details": {
          "description": "Rugged, environmentally conscious gear for men, women and children, with roots in 1950s New England. The company has expanded into clothing and accessories.",
          "name": "Timberland",
          "images": [
            {
              "url": "https://cdn.mappedin.com/5d370acd5f0d982c8a5241a6/95083b2bed181fa22ff7880e1177d2b2dfade199.svg",
              "altText": "Logo for Timberland"
            }
          ]
        }
      }
    },
    {
      "type": "Feature",
      "geometry": {
        "type": "Polygon",
        "coordinates": [
          [
            [
              2.3421930892591725,
              41.60819731516889
            ],
            [
              2.34233758281062,
              41.60811178690576
            ],
            [
              2.3423967742732312,
              41.60816731572369
            ],
            [
              2.3423932766235094,
              41.608169382835555
            ],
            [
              2.342252198658196,
              41.60825275974923
            ],
            [
              2.3421930892591725,
              41.60819731516889
            ]
          ]
        ]
      },
      "properties": {
        "id": "s_602fdfa5edfe257d65000003",
        "externalId": "unit167",
        "destinationNodes": [
          "n_602fe87dedfe25725f000034"
        ],
        "center": [
          2.3423145843249458,
          41.60817971207663
        ],
        "details": {
          "description": "",
          "name": "",
          "images": []
        }
      }
    },
    {
      "type": "Feature",
      "geometry": {
        "type": "Polygon",
        "coordinates": [
          [
            [
              2.342135530834884,
              41.60814255803538
            ],
            [
              2.3422801063574825,
              41.608057114156026
            ],
            [
              2.34233758281062,
              41.60811178690576
            ],
            [
              2.3421930892591725,
              41.60819731516889
            ],
            [
              2.342135530834884,
              41.60814255803538
            ]
          ]
        ]
      },
      "properties": {
        "id": "s_602fdfa5edfe257d65000004",
        "externalId": "unit166",
        "destinationNodes": [
          "n_602fe886edfe25725f000037"
        ],
        "center": [
          2.3422365773155396,
          41.60812719356652
        ],
        "details": {
          "description": "Founded in 1978 by the eponymous stylist and entrepreneur, Brunello Cucinelli’s success is rooted in the history and legacy of great craftsmanship as well as in modern design.",
          "name": "Brunello Cucinelli",
          "images": [
            {
              "url": "https://cdn.mappedin.com/5d370acd5f0d982c8a5241a6/f66b74fb4b15f1b81e8d9997e8d4a12438a09f6d.png",
              "altText": "Logo for Brunello Cucinelli"
            }
          ]
        }
      }
    },
    {
      "type": "Feature",
      "geometry": {
        "type": "Polygon",
        "coordinates": [
          [
            [
              2.3420772236074545,
              41.60808787170299
            ],
            [
              2.342081594422087,
              41.60808528663964
            ],
            [
              2.3422173451341055,
              41.608004934639084
            ],
            [
              2.3422217159368124,
              41.60800234956978
            ],
            [
              2.3422801063574825,
              41.608057114156026
            ],
            [
              2.342135530834884,
              41.60814255803538
            ],
            [
              2.3420772236074545,
              41.60808787170299
            ]
          ]
        ]
      },
      "properties": {
        "id": "s_602fdfa5edfe257d65000005",
        "externalId": "unit165",
        "destinationNodes": [
          "n_602fe7faedfe25725f000020"
        ],
        "center": [
          2.3421689193821376,
          41.60806335245715
        ],
        "details": {
          "description": "KIDS AROUND is a store dedicated to famous brands from kids designers.",
          "name": "Kids around",
          "images": [
            {
              "url": "https://cdn.mappedin.com/5d370acd5f0d982c8a5241a6/71fd10abca28f479f811c70f8389de77a4f920f9.svg",
              "altText": "Logo for Kids around"
            }
          ]
        }
      }
    },
    {
      "type": "Feature",
      "geometry": {
        "type": "Polygon",
        "coordinates": [
          [
            [
              2.341763337682457,
              41.60802485884903
            ],
            [
              2.3419118282841365,
              41.607931641767266
            ],
            [
              2.3419125195896977,
              41.60793229547612
            ],
            [
              2.342044588799044,
              41.60805703976752
            ],
            [
              2.3420578763316193,
              41.60806958496818
            ],
            [
              2.3420613322547994,
              41.60807285249319
            ],
            [
              2.341905929844665,
              41.60815953185325
            ],
            [
              2.341763337682457,
              41.60802485884903
            ]
          ]
        ]
      },
      "properties": {
        "id": "s_602fdfa5edfe257d65000006",
        "externalId": "unit163-164",
        "destinationNodes": [
          "n_602fe82cedfe25725f000026"
        ],
        "center": [
          2.3419510589694883,
          41.60803540073922
        ],
        "details": {
          "description": "Moncler is synonymous with quality outerwear and most famous for its celebrated down jackets.",
          "name": "Moncler",
          "images": [
            {
              "url": "https://cdn.mappedin.com/5d370acd5f0d982c8a5241a6/049bddc006f1735815595e2d71740d96c24fc2da.png",
              "altText": "Logo for Moncler"
            }
          ]
        }
      }
    },
    {
      "type": "Feature",
      "geometry": {
        "type": "Polygon",
        "coordinates": [
          [
            [
              2.341539774361901,
              41.60840598818159
            ],
            [
              2.341707085479915,
              41.60830696064325
            ],
            [
              2.3417077770925965,
              41.60830761417296
            ],
            [
              2.341765111011755,
              41.608361771106125
            ],
            [
              2.3415978057835676,
              41.6084607952196
            ],
            [
              2.341539774361901,
              41.60840598818159
            ]
          ]
        ]
      },
      "properties": {
        "id": "s_602fdfa5edfe257d65000009",
        "externalId": "unit160",
        "destinationNodes": [
          "n_602fe7daedfe25725f000019"
        ],
        "center": [
          2.341663510745947,
          41.608368625864706
        ],
        "details": {
          "description": "Established in 1976 and originally inspired by the founder’s love of the sea.",
          "name": "Paul & Shark",
          "images": [
            {
              "url": "https://cdn.mappedin.com/5d370acd5f0d982c8a5241a6/692b2dcdd33043796fbf624f14b399a1397a7e32.png",
              "altText": "Logo for Paul & Shark"
            }
          ]
        }
      }
    },
    {
      "type": "Feature",
      "geometry": {
        "type": "Polygon",
        "coordinates": [
          [
            [
              2.341676374150688,
              41.608595510540404
            ],
            [
              2.341715754238149,
              41.608572204402016
            ],
            [
              2.341853480475841,
              41.60849068255522
            ],
            [
              2.3418541721085884,
              41.608491336074245
            ],
            [
              2.3419115155290657,
              41.60854549903652
            ],
            [
              2.3419122073387473,
              41.60854615245131
            ],
            [
              2.3419693445025302,
              41.6086001177576
            ],
            [
              2.341970036311635,
              41.60860077117308
            ],
            [
              2.342029455729386,
              41.60865689318989
            ],
            [
              2.3420014981278676,
              41.60867343890543
            ],
            [
              2.3418523487577265,
              41.60876172074609
            ],
            [
              2.3417922354876732,
              41.60870494645919
            ],
            [
              2.3417344154303503,
              41.60865033311438
            ],
            [
              2.341676374150688,
              41.608595510540404
            ]
          ]
        ]
      },
      "properties": {
        "id": "s_602fdfa5edfe257d6500000c",
        "externalId": "unit155-156-157",
        "destinationNodes": [
          "n_602fe7b8edfe25725f000013"
        ],
        "center": [
          2.341867141399096,
          41.60860689280041
        ],
        "details": {
          "description": "If you’re looking for the perfect sports outfit, adidas will gear you up from head to toe with its high-technology performance products.",
          "name": "adidas",
          "images": [
            {
              "url": "https://cdn.mappedin.com/5d370acd5f0d982c8a5241a6/e468378bf3367598ad59e193adc487eecb0003aa.png",
              "altText": "Logo for adidas"
            }
          ]
        }
      }
    },
    {
      "type": "Feature",
      "geometry": {
        "type": "Polygon",
        "coordinates": [
          [
            [
              2.341765111011755,
              41.608361771106125
            ],
            [
              2.3417658027506536,
              41.608362424561584
            ],
            [
              2.3418229430335464,
              41.60841639849483
            ],
            [
              2.3418236348005403,
              41.608417051935106
            ],
            [
              2.341824160900781,
              41.608417548888795
            ],
            [
              2.3416555668796106,
              41.608515390231204
            ],
            [
              2.3415977867995865,
              41.60846073206967
            ],
            [
              2.341765111011755,
              41.608361771106125
            ]
          ]
        ]
      },
      "properties": {
        "id": "s_602fdfa5edfe257d65000010",
        "externalId": "unit159",
        "destinationNodes": [
          "n_602fe7d3edfe25725f000017"
        ],
        "center": [
          2.341750715168068,
          41.60842161675533
        ],
        "details": {
          "description": "Italian luxury brand Moschino was founded in 1983 by Franco Moschino and rose to the forefront of the international fashion scene through the ironic, tongue-in-cheek designs.",
          "name": "Moschino",
          "images": [
            {
              "url": "https://cdn.mappedin.com/5d370acd5f0d982c8a5241a6/624d6931164bfd5bc7da104e7204401263ff3f7c.png",
              "altText": "Logo for Moschino"
            }
          ]
        }
      }
    },
    {
      "type": "Feature",
      "geometry": {
        "type": "Polygon",
        "coordinates": [
          [
            [
              2.3416134858027253,
              41.60810826799812
            ],
            [
              2.34176280453775,
              41.60824951945439
            ],
            [
              2.3416893808225505,
              41.608292981176994
            ],
            [
              2.3415400171571865,
              41.60815168716525
            ],
            [
              2.3416134858027253,
              41.60810826799812
            ]
          ]
        ]
      },
      "properties": {
        "id": "s_602fdfa5edfe257d65000011",
        "externalId": "unit161",
        "destinationNodes": [
          "n_602fe7a6edfe25725f00000c"
        ],
        "center": [
          2.341651422080053,
          41.60820061394869
        ],
        "details": {
          "description": "Balenciaga defined the concept of modernity and elegance through the mastery of tailoring techniques and use of innovative fabrics.",
          "name": "Balenciaga",
          "images": [
            {
              "url": "https://cdn.mappedin.com/5d370acd5f0d982c8a5241a6/a292b00194a0cc53a78e49a5c13769a71d7d5557.jpeg",
              "altText": "Logo for Balenciaga"
            }
          ]
        }
      }
    },
    {
      "type": "Feature",
      "geometry": {
        "type": "Polygon",
        "coordinates": [
          [
            [
              2.3416964088078007,
              41.60805922413073
            ],
            [
              2.341845751821748,
              41.608200498321935
            ],
            [
              2.34176280453775,
              41.60824951945439
            ],
            [
              2.3416134858027253,
              41.60810826799812
            ],
            [
              2.3416964088078007,
              41.60805922413073
            ]
          ]
        ]
      },
      "properties": {
        "id": "s_602fdfa5edfe257d65000012",
        "externalId": "unit162",
        "destinationNodes": [
          "n_602fe7e0edfe25725f00001b"
        ],
        "center": [
          2.341729612742506,
          41.608154377476296
        ],
        "details": {
          "description": "Under the creative direction of Anthony Vaccarello, appointed in April 2016, the House offers today a broad range of women’s and men’s ready-to-wear products, leather goods, shoes, jewellery and eyewear.",
          "name": "Saint Laurent",
          "images": [
            {
              "url": "https://cdn.mappedin.com/5d370acd5f0d982c8a5241a6/505a2968d6e2cdd9702f632467bb71c1059ca5f9.jpeg",
              "altText": "Logo for Saint Laurent"
            }
          ]
        }
      }
    },
    {
      "type": "Feature",
      "geometry": {
        "type": "Polygon",
        "coordinates": [
          [
            [
              2.34219005909895,
              41.60846705325257
            ],
            [
              2.3422488211424084,
              41.60852263953018
            ],
            [
              2.3421325148321417,
              41.60859137583965
            ],
            [
              2.3420737528326883,
              41.60853578950753
            ],
            [
              2.34219005909895,
              41.60846705325257
            ]
          ]
        ]
      },
      "properties": {
        "id": "s_602fdfa5edfe257d65000013",
        "externalId": "unit172",
        "destinationNodes": [
          "n_602fe7acedfe25725f00000f"
        ],
        "center": [
          2.3421612869765474,
          41.60852921453248
        ],
        "details": {
          "description": "The brainchild of childhood friends who were looking for unfussy, everyday, chic clothes. The simple, stylish wardrobe staples have attracted many fashion insiders who want to wear them too.",
          "name": "ba&sh",
          "images": [
            {
              "url": "https://cdn.mappedin.com/5d370acd5f0d982c8a5241a6/90a4d63c282b6762c858a58d016efdb7159faa5f.svg",
              "altText": "Logo for ba&sh"
            }
          ]
        }
      }
    },
    {
      "type": "Feature",
      "geometry": {
        "type": "Polygon",
        "coordinates": [
          [
            [
              2.3422488211424084,
              41.60852263953018
            ],
            [
              2.342306090364876,
              41.608576813544616
            ],
            [
              2.3421897839576284,
              41.608645549947475
            ],
            [
              2.3421325148321417,
              41.60859137583965
            ],
            [
              2.3422488211424084,
              41.60852263953018
            ]
          ]
        ]
      },
      "properties": {
        "id": "s_602fdfa5edfe257d65000014",
        "externalId": "unit171",
        "destinationNodes": [
          "n_602fe78aedfe25725f00000a"
        ],
        "center": [
          2.3422193025742635,
          41.60858409471548
        ],
        "details": {
          "description": "Since 1979 Textura has been filling homes with original, high quality furnishings. The Barcelona brand focuses on light, colour and fresh simplicity and prides itself on its very personal customer service.",
          "name": "Textura",
          "images": [
            {
              "url": "https://cdn.mappedin.com/5d370acd5f0d982c8a5241a6/8e77d09dd189cda8d2ff3e5618babf3e43b909d5.svg",
              "altText": "Logo for Textura"
            }
          ]
        }
      }
    },
    {
      "type": "Feature",
      "geometry": {
        "type": "Polygon",
        "coordinates": [
          [
            [
              2.3421656048528896,
              41.60829906462764
            ],
            [
              2.3422681928544242,
              41.60839757947001
            ],
            [
              2.342246510475086,
              41.608410412022415
            ],
            [
              2.3422002773055137,
              41.60843777161001
            ],
            [
              2.342128537075174,
              41.608480212432134
            ],
            [
              2.34208259041573,
              41.60843674879497
            ],
            [
              2.3420215326975486,
              41.60837899060305
            ],
            [
              2.3421656048528896,
              41.60829906462764
            ]
          ]
        ]
      },
      "properties": {
        "id": "s_602fdfa5edfe257d65000015",
        "externalId": "unit174-175",
        "destinationNodes": [
          "n_602fe83cedfe25725f00002a"
        ],
        "center": [
          2.342159035096624,
          41.60840582565146
        ],
        "details": {
          "description": "A unique place where good food, with top quality ingredients and proximity, all homemade, is the priority.",
          "name": "Corso Iluzione",
          "images": [
            {
              "url": "https://cdn.mappedin.com/5d370acd5f0d982c8a5241a6/832265d017fe7c2131bc0d5f066d85d2c09e6b03.svg",
              "altText": "Logo for Corso Iluzione"
            }
          ]
        }
      }
    },
    {
      "type": "Feature",
      "geometry": {
        "type": "Polygon",
        "coordinates": [
          [
            [
              2.342081594422087,
              41.60808528663964
            ],
            [
              2.3422173451341055,
              41.608004934639084
            ],
            [
              2.3421823910014843,
              41.60797117043842
            ],
            [
              2.342044588799044,
              41.60805703976752
            ],
            [
              2.3420578763316193,
              41.60806958496818
            ],
            [
              2.342062248577483,
              41.60806699960014
            ],
            [
              2.342081594422087,
              41.60808528663964
            ]
          ]
        ]
      },
      "properties": {
        "id": "s_602fdfa5edfe257d65000023",
        "destinationNodes": [],
        "center": [
          2.342107674044304,
          41.608042502675495
        ],
        "details": {
          "description": "",
          "name": "",
          "images": []
        }
      }
    },
    {
      "type": "Feature",
      "geometry": {
        "type": "Polygon",
        "coordinates": [
          [
            [
              2.342441515155215,
              41.60836811538732
            ],
            [
              2.3424004624530017,
              41.60839241996225
            ],
            [
              2.3420620244976296,
              41.608073505646864
            ],
            [
              2.3420613322547994,
              41.60807285249319
            ],
            [
              2.341995381368666,
              41.60811189241707
            ],
            [
              2.341905013290505,
              41.608165384872684
            ],
            [
              2.3417562014522417,
              41.60802482723944
            ],
            [
              2.3417555098762044,
              41.608024173689856
            ],
            [
              2.3418458862020053,
              41.607970676430185
            ],
            [
              2.3419118282841365,
              41.607931641767266
            ],
            [
              2.3419125195896977,
              41.60793229547612
            ],
            [
              2.3420410106516085,
              41.6080538441956
            ],
            [
              2.342183261222287,
              41.60796520668269
            ],
            [
              2.342565017609801,
              41.6083266006063
            ],
            [
              2.3424620754492613,
              41.60838752444253
            ],
            [
              2.342442206973609,
              41.60836876879584
            ],
            [
              2.342441515155215,
              41.60836811538732
            ]
          ]
        ]
      },
      "properties": {
        "id": "s_602fdfa5edfe257d65000026",
        "destinationNodes": [],
        "center": [
          2.3421088278956668,
          41.60813560813157
        ],
        "details": {
          "description": "",
          "name": "",
          "images": []
        }
      }
    },
    {
      "type": "Feature",
      "geometry": {
        "type": "Polygon",
        "coordinates": [
          [
            [
              2.342847304279034,
              41.609482091164296
            ],
            [
              2.3428068562854096,
              41.60944383134305
            ],
            [
              2.3428061651042986,
              41.60944317755001
            ],
            [
              2.342753808514473,
              41.60939365251627
            ],
            [
              2.3427531173309393,
              41.609392998725
            ],
            [
              2.3427083681062437,
              41.60935067335129
            ],
            [
              2.3427078497505307,
              41.60935018300191
            ],
            [
              2.342716078126888,
              41.60934532008162
            ],
            [
              2.3426945682417406,
              41.60932499535635
            ],
            [
              2.3426940497316346,
              41.60932450524492
            ],
            [
              2.342514660470619,
              41.60916957518524
            ],
            [
              2.3423629943351756,
              41.608858519256756
            ],
            [
              2.3424158868959433,
              41.60884404395208
            ],
            [
              2.342409979062295,
              41.608834841325624
            ],
            [
              2.3423464994539036,
              41.608778473669695
            ],
            [
              2.342277890767391,
              41.608717552744366
            ],
            [
              2.342211259246181,
              41.60865840582449
            ],
            [
              2.3421897839576284,
              41.608645549947475
            ],
            [
              2.3421457873014284,
              41.608603960844285
            ],
            [
              2.342145095831717,
              41.60860330722714
            ],
            [
              2.3419523004354397,
              41.60842107488099
            ],
            [
              2.3419516090588393,
              41.60842042120996
            ],
            [
              2.3420215096793653,
              41.60837904263531
            ],
            [
              2.342093186215553,
              41.60833661583673
            ],
            [
              2.3421665146696595,
              41.60829321149062
            ],
            [
              2.3421672062728565,
              41.60829386502584
            ],
            [
              2.342273616776243,
              41.60839436479699
            ],
            [
              2.3422681928544242,
              41.60839757947001
            ],
            [
              2.3422688856448297,
              41.60839823229788
            ],
            [
              2.3429581102338304,
              41.609045700115374
            ],
            [
              2.3428227499080756,
              41.60912569790813
            ],
            [
              2.342818465213691,
              41.609128230143135
            ],
            [
              2.342895978744778,
              41.60919725209433
            ],
            [
              2.3429232291874103,
              41.60922289463228
            ],
            [
              2.342939925143198,
              41.609213027346314
            ],
            [
              2.3429406163223243,
              41.609213681139046
            ],
            [
              2.343079378477531,
              41.609344936045574
            ],
            [
              2.342928117763812,
              41.60943459103149
            ],
            [
              2.342847304279034,
              41.609482091164296
            ]
          ]
        ]
      },
      "properties": {
        "id": "s_602fdfa5edfe257d6500002a",
        "destinationNodes": [],
        "center": [
          2.3425257261946135,
          41.60894279148452
        ],
        "details": {
          "description": "",
          "name": "",
          "images": []
        }
      }
    },
    {
      "type": "Feature",
      "geometry": {
        "type": "Polygon",
        "coordinates": [
          [
            [
              2.345032973128353,
              41.61363557439382
            ],
            [
              2.344994464253592,
              41.61359915202979
            ],
            [
              2.3452196893280175,
              41.61357379576339
            ],
            [
              2.3451767058508985,
              41.61336131696407
            ],
            [
              2.3450845526959894,
              41.613235422221436
            ],
            [
              2.3450485556995595,
              41.61324885475362
            ],
            [
              2.34495426561126,
              41.61328403580965
            ],
            [
              2.344949361387921,
              41.61328603368915
            ],
            [
              2.3449388866677987,
              41.61327069953258
            ],
            [
              2.345039053023517,
              41.61323306675141
            ],
            [
              2.3449987348030747,
              41.613172409554466
            ],
            [
              2.3448003917562827,
              41.613246828687934
            ],
            [
              2.3447578888906193,
              41.61318887557004
            ],
            [
              2.3449594380573604,
              41.61310340502845
            ],
            [
              2.344875095344703,
              41.612992036767444
            ],
            [
              2.3449136498894254,
              41.61297554008423
            ],
            [
              2.3446044777712474,
              41.612567929574226
            ],
            [
              2.3446155742938086,
              41.612562540254764
            ],
            [
              2.344664794163677,
              41.612601098348335
            ],
            [
              2.3449449527064674,
              41.61240033243067
            ],
            [
              2.344960084347173,
              41.6124121471883
            ],
            [
              2.345170203803897,
              41.612261568250666
            ],
            [
              2.345024924579814,
              41.6121463459215
            ],
            [
              2.3450823073917175,
              41.61210512394322
            ],
            [
              2.3448464697382647,
              41.61192116178953
            ],
            [
              2.3447117142037173,
              41.6118160159388
            ],
            [
              2.3445718846356094,
              41.61191598112739
            ],
            [
              2.344552510572291,
              41.611901192359944
            ],
            [
              2.3446803842601036,
              41.61180957956069
            ],
            [
              2.344692415062136,
              41.6118009602886
            ],
            [
              2.3446268852037404,
              41.611749839318854
            ],
            [
              2.3445500441242477,
              41.611804557745614
            ],
            [
              2.3443871387982185,
              41.61167747583606
            ],
            [
              2.344239386259921,
              41.61178269686871
            ],
            [
              2.344144578275179,
              41.611707163509436
            ],
            [
              2.34431876999757,
              41.61163362103826
            ],
            [
              2.344186401138501,
              41.611453990130734
            ],
            [
              2.34412621831868,
              41.61129926946033
            ],
            [
              2.344118134317799,
              41.61130103033373
            ],
            [
              2.34411227396003,
              41.6112846821783
            ],
            [
              2.3440103083301627,
              41.61106154588503
            ],
            [
              2.343919096961671,
              41.61098476852863
            ],
            [
              2.3434084443981464,
              41.61053233880117
            ],
            [
              2.343441575893299,
              41.61051142000314
            ],
            [
              2.343381959113376,
              41.61045853646231
            ],
            [
              2.343270272242114,
              41.61035946154276
            ],
            [
              2.3430739809013907,
              41.61048273636724
            ],
            [
              2.342976664084392,
              41.610231912344275
            ],
            [
              2.3431595036364867,
              41.610164435083824
            ],
            [
              2.34302838339822,
              41.60996485162482
            ],
            [
              2.3430114597472875,
              41.609940658671846
            ],
            [
              2.3429652612186813,
              41.60973317683351
            ],
            [
              2.3429087972441236,
              41.60968310441192
            ],
            [
              2.342892066069594,
              41.60969334300783
            ],
            [
              2.342891543380921,
              41.609692871739185
            ],
            [
              2.3426723372173774,
              41.609498643880215
            ],
            [
              2.3426717614079378,
              41.60949813425948
            ],
            [
              2.3426495350476206,
              41.60947844532963
            ],
            [
              2.3426492459837753,
              41.60947818084027
            ],
            [
              2.342689989281876,
              41.60945454796747
            ],
            [
              2.3426893022438042,
              41.60945389177261
            ],
            [
              2.342447122920048,
              41.60922032700329
            ],
            [
              2.3424193649182192,
              41.609193558395425
            ],
            [
              2.342439545460893,
              41.60918822999061
            ],
            [
              2.3423655540968378,
              41.60905023392893
            ],
            [
              2.3423346638491322,
              41.60897384121113
            ],
            [
              2.3420151273602396,
              41.60868689614204
            ],
            [
              2.342002189282959,
              41.60867409270895
            ],
            [
              2.3420301470480998,
              41.60865754689661
            ],
            [
              2.342029455729386,
              41.60865689318989
            ],
            [
              2.341970036311635,
              41.60860077117308
            ],
            [
              2.3419693445025302,
              41.6086001177576
            ],
            [
              2.3419122073387473,
              41.60854615245131
            ],
            [
              2.3419115155290657,
              41.60854549903652
            ],
            [
              2.3418541721085884,
              41.608491336074245
            ],
            [
              2.3418837417786458,
              41.608473829778724
            ],
            [
              2.3418830504738772,
              41.60847317606492
            ],
            [
              2.341824852635446,
              41.60841820234818
            ],
            [
              2.341824160900781,
              41.608417548888795
            ],
            [
              2.3418236348005403,
              41.608417051935106
            ],
            [
              2.3418229430335464,
              41.60841639849483
            ],
            [
              2.3417658027506536,
              41.608362424561584
            ],
            [
              2.341765111011755,
              41.608361771106125
            ],
            [
              2.3417077770925965,
              41.60830761417296
            ],
            [
              2.3416901627259334,
              41.608293613213775
            ],
            [
              2.341846488755973,
              41.60820108788374
            ],
            [
              2.3416935121013602,
              41.608056617699134
            ],
            [
              2.3415530295493405,
              41.60813976556076
            ],
            [
              2.3415485798831885,
              41.6081217803336
            ],
            [
              2.3418934204337187,
              41.607916123316805
            ],
            [
              2.3419125195896977,
              41.60793229547612
            ],
            [
              2.34184657734799,
              41.607971330234655
            ],
            [
              2.3417562014522417,
              41.60802482723944
            ],
            [
              2.341905013290505,
              41.608165384872684
            ],
            [
              2.3419057046551557,
              41.60816603854916
            ],
            [
              2.3419960725176785,
              41.60811254622063
            ],
            [
              2.3420620244976296,
              41.608073505646864
            ],
            [
              2.3424004624530017,
              41.60839241996225
            ],
            [
              2.342401153937214,
              41.608393073568436
            ],
            [
              2.342442206973609,
              41.60836876879584
            ],
            [
              2.3424620754492613,
              41.60838752444253
            ],
            [
              2.342462766826309,
              41.608388178113074
            ],
            [
              2.3425657087668865,
              41.60832725440644
            ],
            [
              2.3425798185365276,
              41.60834062841603
            ],
            [
              2.3423510463926984,
              41.60847583253381
            ],
            [
              2.342350105684511,
              41.60847494390467
            ],
            [
              2.3422688856448297,
              41.60839823229788
            ],
            [
              2.342274308156701,
              41.60839501846556
            ],
            [
              2.342273616776243,
              41.60839436479699
            ],
            [
              2.3421672062728565,
              41.60829386502584
            ],
            [
              2.3420938773679647,
              41.60833726963971
            ],
            [
              2.3420222011034486,
              41.608379696278
            ],
            [
              2.3419523004354397,
              41.60842107488099
            ],
            [
              2.342145095831717,
              41.60860330722714
            ],
            [
              2.3421457873014284,
              41.608603960844285
            ],
            [
              2.3421897839576284,
              41.608645549947475
            ],
            [
              2.3421904751746636,
              41.60864620371421
            ],
            [
              2.3422119504032364,
              41.60865905962677
            ],
            [
              2.342278581925755,
              41.60871820654623
            ],
            [
              2.342347190613616,
              41.608779127471145
            ],
            [
              2.3424106702232548,
              41.60883549512671
            ],
            [
              2.342416338403643,
              41.608844403921786
            ],
            [
              2.3423634762028525,
              41.60885898866114
            ],
            [
              2.3425151143372154,
              41.609170071875866
            ],
            [
              2.342587130936161,
              41.60923225053459
            ],
            [
              2.3426945682417406,
              41.60932499535635
            ],
            [
              2.3427165789477633,
              41.60934582079396
            ],
            [
              2.3427083681062437,
              41.60935067335129
            ],
            [
              2.3427531173309393,
              41.609392998725
            ],
            [
              2.342753808514473,
              41.60939365251627
            ],
            [
              2.3428061651042986,
              41.60944317755001
            ],
            [
              2.3428068562854096,
              41.60944383134305
            ],
            [
              2.342847304279034,
              41.609482091164296
            ],
            [
              2.3428479954539836,
              41.6094827449612
            ],
            [
              2.3430800696533627,
              41.609345589841105
            ],
            [
              2.343079378477531,
              41.609344936045574
            ],
            [
              2.3429406163223243,
              41.609213681139046
            ],
            [
              2.342923712439172,
              41.60922340572743
            ],
            [
              2.3428967269766967,
              41.60919788282886
            ],
            [
              2.342935226196273,
              41.60917494922317
            ],
            [
              2.3433492670812,
              41.609566599542866
            ],
            [
              2.343278852494381,
              41.60960821459393
            ],
            [
              2.343278316740513,
              41.60960770268373
            ],
            [
              2.3432577271332655,
              41.609588034492695
            ],
            [
              2.343303424661488,
              41.60956102726107
            ],
            [
              2.3433027334837075,
              41.609560373465335
            ],
            [
              2.3431498964338684,
              41.60941580223521
            ],
            [
              2.342918923317815,
              41.609552047540845
            ],
            [
              2.3430051541978694,
              41.60963361540342
            ],
            [
              2.343005845373419,
              41.60963426920094
            ],
            [
              2.343071866582291,
              41.60969671990894
            ],
            [
              2.3430720456296923,
              41.609696890215304
            ],
            [
              2.3430725577591924,
              41.60969737370606
            ],
            [
              2.343060229859254,
              41.60969866803877
            ],
            [
              2.3430961490596367,
              41.60992116965358
            ],
            [
              2.3432276720325427,
              41.6101084472042
            ],
            [
              2.343310079784213,
              41.610060902615736
            ],
            [
              2.3433977978975236,
              41.61014387573622
            ],
            [
              2.3433980813123134,
              41.610144143941916
            ],
            [
              2.3433984853733754,
              41.61014453167674
            ],
            [
              2.3432773279242336,
              41.610215285478105
            ],
            [
              2.343418887816261,
              41.610351740007594
            ],
            [
              2.3434195763103265,
              41.61035239536465
            ],
            [
              2.3433944401892437,
              41.61036693184052
            ],
            [
              2.3434263056772546,
              41.61039772969269
            ],
            [
              2.343426988377578,
              41.61039838837957
            ],
            [
              2.343821644029466,
              41.61077988239105
            ],
            [
              2.3438223329047023,
              41.61078053752555
            ],
            [
              2.34407133005122,
              41.61063653567432
            ],
            [
              2.344114627068282,
              41.61067865742205
            ],
            [
              2.3443424550620864,
              41.6105465809205
            ],
            [
              2.3443417661858157,
              41.610545925788045
            ],
            [
              2.3442106739439934,
              41.61041919543699
            ],
            [
              2.344243146332362,
              41.61039974076859
            ],
            [
              2.344657963327702,
              41.610792105545926
            ],
            [
              2.344547490426451,
              41.610857395770665
            ],
            [
              2.3445467907409583,
              41.610856747096804
            ],
            [
              2.3445061258939566,
              41.61081903975069
            ],
            [
              2.3445826505897713,
              41.610773781331325
            ],
            [
              2.3445819593921526,
              41.61077312753963
            ],
            [
              2.3444984773456445,
              41.61069416208701
            ],
            [
              2.344497786144486,
              41.61069350829792
            ],
            [
              2.344422549131055,
              41.6106223433985
            ],
            [
              2.3441911973720595,
              41.61075632173309
            ],
            [
              2.3442431111105577,
              41.6108060454303
            ],
            [
              2.3442436235025284,
              41.61080653924957
            ],
            [
              2.3441266271240653,
              41.610874197133306
            ],
            [
              2.3441319587165275,
              41.61087934259076
            ],
            [
              2.344131972273706,
              41.61087935584021
            ],
            [
              2.3441324842133247,
              41.61087984992715
            ],
            [
              2.344025767592341,
              41.6109412516135
            ],
            [
              2.3441062172027154,
              41.61101907853427
            ],
            [
              2.344200164281377,
              41.611249619229426
            ],
            [
              2.3441921351586137,
              41.611251485653554
            ],
            [
              2.3442332708426497,
              41.611350590605205
            ],
            [
              2.3444541761490973,
              41.61152307693733
            ],
            [
              2.344479052051311,
              41.61150525205063
            ],
            [
              2.344611513311102,
              41.611608619561196
            ],
            [
              2.344683653377119,
              41.6116648950666
            ],
            [
              2.344750316683993,
              41.61171690834767
            ],
            [
              2.34485853004544,
              41.611801357569234
            ],
            [
              2.3448325689830694,
              41.6118197378192
            ],
            [
              2.3451150551196376,
              41.61204009107528
            ],
            [
              2.345290374958846,
              41.61191445473317
            ],
            [
              2.3451997550188874,
              41.6118437541234
            ],
            [
              2.345265171548654,
              41.61179688094941
            ],
            [
              2.345127281044651,
              41.61168931787856
            ],
            [
              2.3451817947497555,
              41.61165470972192
            ],
            [
              2.3456805568511814,
              41.612058751400056
            ],
            [
              2.3456873128195697,
              41.61206643405105
            ],
            [
              2.3456894507355592,
              41.61207442185935
            ],
            [
              2.3456881151372744,
              41.61208230552348
            ],
            [
              2.3456844555881062,
              41.612089666544804
            ],
            [
              2.3456796149028256,
              41.61209610727443
            ],
            [
              2.345674741769379,
              41.612101215439786
            ],
            [
              2.345669464695156,
              41.612105791283696
            ],
            [
              2.345510469292184,
              41.611981763713466
            ],
            [
              2.345469871132238,
              41.61201051666534
            ],
            [
              2.345402390042331,
              41.61195787186266
            ],
            [
              2.3452910902733155,
              41.61203805565092
            ],
            [
              2.3453584836999943,
              41.612090656233555
            ],
            [
              2.345517485656522,
              41.61221474265735
            ],
            [
              2.3453071581478597,
              41.61236523432806
            ],
            [
              2.345271848583705,
              41.6123376933546
            ],
            [
              2.345044004630672,
              41.61250036229002
            ],
            [
              2.345029745082998,
              41.61248925383079
            ],
            [
              2.3448665342092903,
              41.6126062134796
            ],
            [
              2.344870493446865,
              41.612609484933145
            ],
            [
              2.344790558076647,
              41.612643328175636
            ],
            [
              2.344873724414572,
              41.61275314160067
            ],
            [
              2.344852185657886,
              41.61276206584268
            ],
            [
              2.3450141015728834,
              41.61297584423368
            ],
            [
              2.3450546153180882,
              41.61295873051932
            ],
            [
              2.345064852257373,
              41.612972258206405
            ],
            [
              2.3451226453165837,
              41.61304863561387
            ],
            [
              2.3452688575678313,
              41.6129869975257
            ],
            [
              2.3453118755845384,
              41.613043636801926
            ],
            [
              2.345176202089214,
              41.61310106481641
            ],
            [
              2.345244601622692,
              41.61319185646944
            ],
            [
              2.345205379604228,
              41.61320846086719
            ],
            [
              2.3453019450189774,
              41.61333660307341
            ],
            [
              2.3453050344441198,
              41.61333628614575
            ],
            [
              2.3453514861308338,
              41.61358317293641
            ],
            [
              2.345571352569729,
              41.61356000503215
            ],
            [
              2.345576725452506,
              41.61358849703056
            ],
            [
              2.345032973128353,
              41.61363557439382
            ]
          ]
        ]
      },
      "properties": {
        "id": "s_602fdfa5edfe257d6500002d",
        "externalId": "POLY-ZNGXUJVF",
        "destinationNodes": [],
        "center": [
          2.343672342780275,
          41.61054084079501
        ],
        "details": {
          "description": "",
          "name": "",
          "images": []
        }
      }
    },
    {
      "type": "Feature",
      "geometry": {
        "type": "Polygon",
        "coordinates": [
          [
            [
              2.3418109885493057,
              41.607873463919404
            ],
            [
              2.341822200687877,
              41.60786446169962
            ],
            [
              2.3418269877810043,
              41.60785459557972
            ],
            [
              2.3418268696066713,
              41.60784450165093
            ],
            [
              2.3418233655161247,
              41.607834816256556
            ],
            [
              2.3418179950600613,
              41.60782617560415
            ],
            [
              2.341812277597621,
              41.6078192160479
            ],
            [
              2.3418077329059344,
              41.60781457367869
            ],
            [
              2.341742765163387,
              41.60775317941295
            ],
            [
              2.3417383209309914,
              41.60774943233069
            ],
            [
              2.3417335046734964,
              41.60774608568075
            ],
            [
              2.3417283475183455,
              41.60774314233242
            ],
            [
              2.341722435039528,
              41.607740411709635
            ],
            [
              2.3417167156548047,
              41.6077383211371
            ],
            [
              2.3417102996693955,
              41.60773652541728
            ],
            [
              2.3417042152420042,
              41.607735298614166
            ],
            [
              2.3416974904635848,
              41.60773446088805
            ],
            [
              2.341690688725412,
              41.607734114712336
            ],
            [
              2.3416843759206363,
              41.607734244511015
            ],
            [
              2.3416775786360495,
              41.60773488360265
            ],
            [
              2.3416713683973405,
              41.60773593005031
            ],
            [
              2.3416647564406836,
              41.60773756441146
            ],
            [
              2.3416588296034186,
              41.6077395374707
            ],
            [
              2.341653085284093,
              41.60774196569422
            ],
            [
              2.341647149089403,
              41.60774511274851
            ],
            [
              2.3415137049262573,
              41.60782397722066
            ],
            [
              2.341510102939032,
              41.6078262546955
            ],
            [
              2.341506682737411,
              41.60782863720212
            ],
            [
              2.3415004008838984,
              41.60783368811767
            ],
            [
              2.3414948892088114,
              41.60783909126153
            ],
            [
              2.3414924178925824,
              41.60784190088204
            ],
            [
              2.341489778633097,
              41.60784527708994
            ],
            [
              2.3414858585773337,
              41.60785125862998
            ],
            [
              2.341484194490647,
              41.60785433478379
            ],
            [
              2.341482496537353,
              41.60785798328512
            ],
            [
              2.3414802129970114,
              41.60786435732488
            ],
            [
              2.3414793659876043,
              41.60786758792565
            ],
            [
              2.3414786433996175,
              41.60787139296084
            ],
            [
              2.341478171033864,
              41.607875220115524
            ],
            [
              2.3414779973628272,
              41.60787850954609
            ],
            [
              2.341478250123118,
              41.60788510551864
            ],
            [
              2.3414787750087944,
              41.60788894880685
            ],
            [
              2.341479443970467,
              41.60789222884906
            ],
            [
              2.341481410208874,
              41.60789872577075
            ],
            [
              2.341482935278066,
              41.60790246656098
            ],
            [
              2.341484471836122,
              41.60790562696107
            ],
            [
              2.341488165491551,
              41.607911835897056
            ],
            [
              2.3414927172541193,
              41.60791783516666
            ],
            [
              2.3414953090564468,
              41.60792074369444
            ],
            [
              2.341498600761551,
              41.60792404591954
            ],
            [
              2.341555785930413,
              41.60797814189207
            ],
            [
              2.3415679816174144,
              41.60798473276786
            ],
            [
              2.3415817945766113,
              41.6079873438734
            ],
            [
              2.341596224948832,
              41.607986931106396
            ],
            [
              2.34161027330044,
              41.60798445011391
            ],
            [
              2.3416229399849056,
              41.60798085666775
            ],
            [
              2.3416332253502525,
              41.60797710653124
            ],
            [
              2.3416426531354047,
              41.607972959552484
            ],
            [
              2.3418109885493057,
              41.607873463919404
            ]
          ]
        ]
      },
      "properties": {
        "id": "s_602fdfa5edfe257d65000030",
        "destinationNodes": [],
        "center": [
          2.3416106244758264,
          41.60784433744574
        ],
        "details": {
          "description": "",
          "name": "",
          "images": []
        }
      }
    },
    {
      "type": "Feature",
      "geometry": {
        "type": "Polygon",
        "coordinates": [
          [
            [
              2.3426898040363895,
              41.60932718611177
            ],
            [
              2.3427082502910324,
              41.609344635020754
            ],
            [
              2.3427000307721078,
              41.609349492705505
            ],
            [
              2.342846559001027,
              41.60948809807398
            ],
            [
              2.343087375070791,
              41.60934577653219
            ],
            [
              2.3429408466477497,
              41.6092071714695
            ],
            [
              2.3429241344234657,
              41.609217048364876
            ],
            [
              2.3429004195972367,
              41.609194733763154
            ],
            [
              2.342826425013257,
              41.60912883754094
            ],
            [
              2.342965938693393,
              41.60904638511181
            ],
            [
              2.3422760193183616,
              41.608398258337644
            ],
            [
              2.3422814423233502,
              41.60839504246804
            ],
            [
              2.3421674252553744,
              41.608287357769456
            ],
            [
              2.3419437818877418,
              41.608419739675085
            ],
            [
              2.342185805535953,
              41.60864850679819
            ],
            [
              2.342207349796587,
              41.60866140314064
            ],
            [
              2.3424054329120154,
              41.6088372697499
            ],
            [
              2.3424082380453752,
              41.60884170029301
            ],
            [
              2.342355852077072,
              41.608856036646124
            ],
            [
              2.3425097759548037,
              41.60917172288385
            ],
            [
              2.3426898040363895,
              41.60932718611177
            ]
          ],
          [
            [
              2.342370136058594,
              41.608861001950636
            ],
            [
              2.3424235360039023,
              41.60884638844358
            ],
            [
              2.342414889240736,
              41.60883272834453
            ],
            [
              2.342215169954241,
              41.608655408516356
            ],
            [
              2.3421937617287476,
              41.60864259361046
            ],
            [
              2.3419594356167903,
              41.60842110284015
            ],
            [
              2.3421656048528896,
              41.60829906462764
            ],
            [
              2.3422657912522182,
              41.60839368711081
            ],
            [
              2.342260368246564,
              41.608396902979685
            ],
            [
              2.3429502828076143,
              41.609045014956095
            ],
            [
              2.342810506100878,
              41.60912762280426
            ],
            [
              2.342891666938495,
              41.60919989245671
            ],
            [
              2.342922324103248,
              41.60922874104353
            ],
            [
              2.3429390141292554,
              41.60921887726952
            ],
            [
              2.343071719109777,
              41.60934440639294
            ],
            [
              2.342848391543942,
              41.60947639227542
            ],
            [
              2.342715686726462,
              41.60935086289516
            ],
            [
              2.342723906244382,
              41.609346005209304
            ],
            [
              2.342698312171643,
              41.60932180151657
            ],
            [
              2.3425195452231673,
              41.609167427578974
            ],
            [
              2.342370136058594,
              41.608861001950636
            ]
          ]
        ]
      },
      "properties": {
        "id": "s_602fe076edfe257d65000034",
        "destinationNodes": [],
        "center": [
          2.342567273867666,
          41.60895855813196
        ],
        "details": {
          "description": "",
          "name": "",
          "images": []
        }
      }
    },
    {
      "type": "Feature",
      "geometry": {
        "type": "Polygon",
        "coordinates": [
          [
            [
              2.3419040971681406,
              41.60817123763684
            ],
            [
              2.34206041593195,
              41.60807870538621
            ],
            [
              2.342399563973272,
              41.60839826230911
            ],
            [
              2.342440598845034,
              41.60837396828955
            ],
            [
              2.3424611593786526,
              41.60839337720851
            ],
            [
              2.3425728367277063,
              41.608327290872154
            ],
            [
              2.3421841245245236,
              41.60795923638239
            ],
            [
              2.342041837123067,
              41.608047906305025
            ],
            [
              2.341912744618378,
              41.60792578887541
            ],
            [
              2.341747682070118,
              41.608023488530165
            ],
            [
              2.3419040971681406,
              41.60817123763684
            ]
          ],
          [
            [
              2.341910911949729,
              41.607937494659105
            ],
            [
              2.342040184179998,
              41.60805978208617
            ],
            [
              2.342044588799044,
              41.60805703976752
            ],
            [
              2.3421823910014843,
              41.60797117043842
            ],
            [
              2.3425571985305367,
              41.608325910317184
            ],
            [
              2.3424629919507334,
              41.60838167140693
            ],
            [
              2.3424424226770797,
              41.60836226767039
            ],
            [
              2.3424013615556287,
              41.608386577208925
            ],
            [
              2.342062248577483,
              41.60806699960014
            ],
            [
              2.3420578763316193,
              41.60806958496818
            ],
            [
              2.341905929844665,
              41.60815953185325
            ],
            [
              2.341763337682457,
              41.60802485884903
            ],
            [
              2.341910911949729,
              41.607937494659105
            ]
          ]
        ]
      },
      "properties": {
        "id": "s_602fe0acedfe257d65000035",
        "destinationNodes": [],
        "center": [
          2.3421616592473318,
          41.60815918866457
        ],
        "details": {
          "description": "",
          "name": "",
          "images": []
        }
      }
    },
    {
      "type": "Feature",
      "geometry": {
        "type": "Polygon",
        "coordinates": [
          [
            [
              2.3449951290483178,
              41.613606922970014
            ],
            [
              2.3449943852647075,
              41.61360289652645
            ],
            [
              2.3452252785163874,
              41.613576902719515
            ],
            [
              2.3451812843316047,
              41.61335962156108
            ],
            [
              2.345086135298341,
              41.61322950427689
            ],
            [
              2.3449512586739982,
              41.6132798556048
            ],
            [
              2.3449458948184763,
              41.61327204470343
            ],
            [
              2.3450459783238746,
              41.61323444314054
            ],
            [
              2.34500071618574,
              41.61316631921925
            ],
            [
              2.3448021767014118,
              41.613240811409014
            ],
            [
              2.344764899368892,
              41.61318998325756
            ],
            [
              2.3449662144808436,
              41.613104607454446
            ],
            [
              2.3448818559557068,
              41.61299310433615
            ],
            [
              2.3449205304354224,
              41.612976727650526
            ],
            [
              2.34461119687772,
              41.61256891791923
            ],
            [
              2.3446139150631224,
              41.612567600929566
            ],
            [
              2.3446639490394263,
              41.61260661570252
            ],
            [
              2.34494407285213,
              41.612405900412284
            ],
            [
              2.3449592142116114,
              41.612417667758294
            ],
            [
              2.3451772759938314,
              41.61226133537109
            ],
            [
              2.345031871359946,
              41.61214597848088
            ],
            [
              2.345089517109093,
              41.61210489484688
            ],
            [
              2.3447111475262212,
              41.611809765960665
            ],
            [
              2.344563392980334,
              41.61191532708243
            ],
            [
              2.344589288461693,
              41.61193519484567
            ],
            [
              2.3445254279581085,
              41.611982195948904
            ],
            [
              2.3444741595793643,
              41.611943028153014
            ],
            [
              2.344527314646925,
              41.611904883122065
            ],
            [
              2.3445401763341627,
              41.61191491246841
            ],
            [
              2.3445559110734813,
              41.61190364198069
            ],
            [
              2.34469955702879,
              41.61180072507486
            ],
            [
              2.3446261477819363,
              41.6117434231709
            ],
            [
              2.344549469912852,
              41.611798300297885
            ],
            [
              2.3443863976655166,
              41.61167106894578
            ],
            [
              2.344238849925839,
              41.611776428463266
            ],
            [
              2.3441527306133376,
              41.61170778761317
            ],
            [
              2.3443255376378724,
              41.61163485193509
            ],
            [
              2.3441908331897756,
              41.61145203940811
            ],
            [
              2.344129324841911,
              41.611293791232086
            ],
            [
              2.3441213082178165,
              41.6112954905013
            ],
            [
              2.344116805578082,
              41.6112830087243
            ],
            [
              2.344014489540928,
              41.61105905016633
            ],
            [
              2.34392234871124,
              41.61098151208005
            ],
            [
              2.3434300619639465,
              41.610544823577214
            ],
            [
              2.3434297165440987,
              41.61054502771794
            ],
            [
              2.343415596829081,
              41.61053247838061
            ],
            [
              2.343448717737122,
              41.6105115233862
            ],
            [
              2.343270067841231,
              41.61035303884959
            ],
            [
              2.3430762350142538,
              41.61047504687236
            ],
            [
              2.3429825448214983,
              41.610233721312966
            ],
            [
              2.3431661858450084,
              41.61016594828954
            ],
            [
              2.343032552152964,
              41.609962568944006
            ],
            [
              2.3430160429633347,
              41.60993895472918
            ],
            [
              2.342969780920442,
              41.60973099790469
            ],
            [
              2.342908553747021,
              41.609676713281786
            ],
            [
              2.34289200340292,
              41.60968713189847
            ],
            [
              2.3426564921673987,
              41.60947842993344
            ],
            [
              2.3426971334294016,
              41.60945494084241
            ],
            [
              2.3424482150048522,
              41.60921436756017
            ],
            [
              2.3424478619045632,
              41.609214576239424
            ],
            [
              2.342427780760243,
              41.60919519875971
            ],
            [
              2.3424463350481877,
              41.609190333625925
            ],
            [
              2.3423701301403064,
              41.60904820615332
            ],
            [
              2.342338979651356,
              41.60897117156801
            ],
            [
              2.3420188082060083,
              41.60868365650733
            ],
            [
              2.34200922851974,
              41.60867417651919
            ],
            [
              2.3420372854280105,
              41.6086575738886
            ],
            [
              2.3418613082500257,
              41.608491363683775
            ],
            [
              2.3418908784452594,
              41.6084738558342
            ],
            [
              2.3417111447587704,
              41.608304105468775
            ],
            [
              2.34169768981495,
              41.60829341048
            ],
            [
              2.3418536258542955,
              41.60820111470637
            ],
            [
              2.3416972046935634,
              41.608053369270465
            ],
            [
              2.3416928209560126,
              41.608055963893754
            ],
            [
              2.341552338404526,
              41.60813911175455
            ],
            [
              2.341536584303943,
              41.60814843616031
            ],
            [
              2.3414534839458594,
              41.6081939589234
            ],
            [
              2.3415805612140934,
              41.60858941742202
            ],
            [
              2.3426994430298795,
              41.61002528947006
            ],
            [
              2.343255848370361,
              41.61093661188258
            ],
            [
              2.3435492336553567,
              41.61121412237974
            ],
            [
              2.344342386345489,
              41.61232455589709
            ],
            [
              2.3442878038844865,
              41.61263878970503
            ],
            [
              2.3448413720582457,
              41.613475134098046
            ],
            [
              2.3448975805995422,
              41.61361550684246
            ],
            [
              2.3449951290483178,
              41.613606922970014
            ]
          ],
          [
            [
              2.3448517812783485,
              41.613472070730495
            ],
            [
              2.344299292850033,
              41.612637358028515
            ],
            [
              2.3443538992183273,
              41.61232298348982
            ],
            [
              2.3435585940348806,
              41.611209537116835
            ],
            [
              2.343265430127594,
              41.610932236062155
            ],
            [
              2.342709352053312,
              41.610021451062195
            ],
            [
              2.3415910150914545,
              41.608586280382816
            ],
            [
              2.3414660542485257,
              41.608197404502036
            ],
            [
              2.341543427134706,
              41.60815501477537
            ],
            [
              2.3416953830216443,
              41.608065076306545
            ],
            [
              2.341837968427414,
              41.60819975322578
            ],
            [
              2.3416812535896785,
              41.6082925092283
            ],
            [
              2.3417028582015473,
              41.60830968117521
            ],
            [
              2.3418752223020927,
              41.608472495635006
            ],
            [
              2.3418456526200777,
              41.60849000265782
            ],
            [
              2.3420216275493715,
              41.608656212112706
            ],
            [
              2.3419937651755354,
              41.608672698214384
            ],
            [
              2.342010067246556,
              41.608688830627734
            ],
            [
              2.34232896606123,
              41.60897520357066
            ],
            [
              2.342359599758004,
              41.609050960537566
            ],
            [
              2.34243165537618,
              41.60918535108793
            ],
            [
              2.342409496504452,
              41.609191161812134
            ],
            [
              2.3424459443301466,
              41.60922633224593
            ],
            [
              2.3424462910262074,
              41.60922612735158
            ],
            [
              2.3426814933825444,
              41.60945344660306
            ],
            [
              2.342640471550985,
              41.60947715645104
            ],
            [
              2.342890665140288,
              41.60969886820806
            ],
            [
              2.342907212924665,
              41.60968845110628
            ],
            [
              2.3429592875820657,
              41.60973462151069
            ],
            [
              2.3430053400756856,
              41.609941634696796
            ],
            [
              2.3430226355106942,
              41.60996637455246
            ],
            [
              2.343151275987829,
              41.61016215725397
            ],
            [
              2.34296923671591,
              41.610229338936065
            ],
            [
              2.3430703062857745,
              41.61048967246237
            ],
            [
              2.343268724419955,
              41.61036477876316
            ],
            [
              2.343433026198397,
              41.61051053464158
            ],
            [
              2.3433999133986045,
              41.61053148483793
            ],
            [
              2.343428146236764,
              41.61055657859077
            ],
            [
              2.343428500195551,
              41.610556369403625
            ],
            [
              2.3439139301164493,
              41.61098697500822
            ],
            [
              2.344004667486697,
              41.61106333259324
            ],
            [
              2.3441061976123585,
              41.61128557138589
            ],
            [
              2.3441134782107667,
              41.61130581225052
            ],
            [
              2.344121711264792,
              41.61130406702708
            ],
            [
              2.3441804737559693,
              41.61145525189747
            ],
            [
              2.3443104516710207,
              41.611631648833495
            ],
            [
              2.344134888156521,
              41.611705747759785
            ],
            [
              2.344238414822434,
              41.611788262919006
            ],
            [
              2.344386049347142,
              41.61168284175561
            ],
            [
              2.3445491303296406,
              41.61181007937411
            ],
            [
              2.3446258058994838,
              41.6117552046525
            ],
            [
              2.3446837988028837,
              41.61180047232871
            ],
            [
              2.344540509734515,
              41.61190313082252
            ],
            [
              2.344527642223072,
              41.611893096621024
            ],
            [
              2.344458322166603,
              41.611942842903794
            ],
            [
              2.344525280799643,
              41.61199399823583
            ],
            [
              2.3446050109329795,
              41.61193531729497
            ],
            [
              2.344579285368802,
              41.61191557941412
            ],
            [
              2.344710805272581,
              41.61182154248366
            ],
            [
              2.3450737357055393,
              41.61210462883436
            ],
            [
              2.3450161590890928,
              41.6121456643364
            ],
            [
              2.345161585831806,
              41.61226103824737
            ],
            [
              2.3449595319190473,
              41.612405894305176
            ],
            [
              2.3449443927656963,
              41.61239412773166
            ],
            [
              2.3446642819940053,
              41.612594834308474
            ],
            [
              2.34461558393889,
              41.612556859991585
            ],
            [
              2.3445963187275844,
              41.61256619773907
            ],
            [
              2.3449053338258876,
              41.61297358566337
            ],
            [
              2.344866669165235,
              41.61298995653975
            ],
            [
              2.344951030924483,
              41.61310146603855
            ],
            [
              2.344749842880372,
              41.6131867874613
            ],
            [
              2.3447975703544692,
              41.613251864016895
            ],
            [
              2.3449957163554234,
              41.6131775193367
            ],
            [
              2.3450310908293512,
              41.61323070970976
            ],
            [
              2.3449308430387235,
              41.61326837307737
            ],
            [
              2.3449465528695557,
              41.6132912491833
            ],
            [
              2.344956086456891,
              41.61328736814205
            ],
            [
              2.3450815064640453,
              41.61324054739167
            ],
            [
              2.3451705587520557,
              41.613362327307094
            ],
            [
              2.3452125875618246,
              41.61356990420961
            ],
            [
              2.3449928692008775,
              41.61359463951303
            ],
            [
              2.3449816726084287,
              41.613595457483
            ],
            [
              2.3449824752293216,
              41.613599645223516
            ],
            [
              2.3449055739869937,
              41.613606412298736
            ],
            [
              2.3448517812783485,
              41.613472070730495
            ]
          ]
        ]
      },
      "properties": {
        "id": "s_602fe0b8edfe257d65000036",
        "destinationNodes": [],
        "center": [
          2.3437274393196885,
          41.61108266178492
        ],
        "details": {
          "description": "",
          "name": "",
          "images": []
        }
      }
    },
    {
      "type": "Feature",
      "geometry": {
        "type": "Polygon",
        "coordinates": [
          [
            [
              2.3417628492789144,
              41.608249561795624
            ],
            [
              2.341689471578081,
              41.60829295940839
            ],
            [
              2.341707085479915,
              41.60830696064325
            ],
            [
              2.3417077770925965,
              41.60830761417296
            ],
            [
              2.341765111011755,
              41.608361771106125
            ],
            [
              2.3417658027506536,
              41.608362424561584
            ],
            [
              2.3418229430335464,
              41.60841639849483
            ],
            [
              2.3418236348005403,
              41.608417051935106
            ],
            [
              2.341824160900781,
              41.608417548888795
            ],
            [
              2.341824852635446,
              41.60841820234818
            ],
            [
              2.3418830504738772,
              41.60847317606492
            ],
            [
              2.341853480475841,
              41.60849068255522
            ],
            [
              2.3418541721085884,
              41.608491336074245
            ],
            [
              2.3419115155290657,
              41.60854549903652
            ],
            [
              2.3419122073387473,
              41.60854615245131
            ],
            [
              2.3419693445025302,
              41.6086001177576
            ],
            [
              2.341970036311635,
              41.60860077117308
            ],
            [
              2.342029455729386,
              41.60865689318989
            ],
            [
              2.3420014981278676,
              41.60867343890543
            ],
            [
              2.34201443620488,
              41.60868624233859
            ],
            [
              2.3423339726874604,
              41.60897318740958
            ],
            [
              2.342364862934035,
              41.60904958012758
            ],
            [
              2.3424388542958616,
              41.6091875761897
            ],
            [
              2.3424389950432563,
              41.609187842197635
            ],
            [
              2.3424186387156007,
              41.60919318036598
            ],
            [
              2.3424469033247917,
              41.60922045443881
            ],
            [
              2.342447122920048,
              41.60922032700329
            ],
            [
              2.3424472553724818,
              41.60922025008582
            ],
            [
              2.3426893121655614,
              41.60945419252958
            ],
            [
              2.3426484814319544,
              41.60947779344497
            ],
            [
              2.342891543380921,
              41.609692871739185
            ],
            [
              2.3429078866023403,
              41.60968258503587
            ],
            [
              2.3429645388714953,
              41.609732813809934
            ],
            [
              2.343010691519967,
              41.60994029471345
            ],
            [
              2.343027613334594,
              41.609964499383885
            ],
            [
              2.34315873032039,
              41.61016405286491
            ],
            [
              2.3429758907685696,
              41.61023153012413
            ],
            [
              2.343073486860793,
              41.610482228585276
            ],
            [
              2.3432694057445294,
              41.61035891767843
            ],
            [
              2.3434408766368304,
              41.61051103312293
            ],
            [
              2.3434077545179703,
              41.610531981702465
            ],
            [
              2.3434289317282393,
              41.610550803473146
            ],
            [
              2.3434292814171194,
              41.610550596809475
            ],
            [
              2.3439181447344395,
              41.610984247920875
            ],
            [
              2.3440095783453225,
              41.611061191220365
            ],
            [
              2.3441115313820857,
              41.61128435596169
            ],
            [
              2.344117392325934,
              41.61130065086332
            ],
            [
              2.3441255178398537,
              41.611298929256
            ],
            [
              2.3441856534725645,
              41.611453645653164
            ],
            [
              2.3443179949914783,
              41.61163325070417
            ],
            [
              2.34414380938488,
              41.611706767686236
            ],
            [
              2.344238631947772,
              41.61178234594365
            ],
            [
              2.344386223719272,
              41.61167695522486
            ],
            [
              2.3445493004585742,
              41.611804190155034
            ],
            [
              2.34462597684038,
              41.611749313911375
            ],
            [
              2.3446916780394256,
              41.611800599146875
            ],
            [
              2.344540342571964,
              41.61190902088087
            ],
            [
              2.3445274780981373,
              41.61189898955224
            ],
            [
              2.3444662410871207,
              41.611942935402645
            ],
            [
              2.344525354254934,
              41.61198809664721
            ],
            [
              2.3445971493262134,
              41.61193525563288
            ],
            [
              2.3445713361249094,
              41.61191545543117
            ],
            [
              2.344710977287408,
              41.61181565473415
            ],
            [
              2.345081622184907,
              41.61210475847882
            ],
            [
              2.3450240150997654,
              41.6121458209637
            ],
            [
              2.345169430450746,
              41.612261186045224
            ],
            [
              2.3449593730649068,
              41.612411781031994
            ],
            [
              2.344944232809711,
              41.61240001407204
            ],
            [
              2.3448037663694143,
              41.612500655662885
            ],
            [
              2.344734324629676,
              41.612550415242566
            ],
            [
              2.34466427634466,
              41.61260060862133
            ],
            [
              2.3446147498383922,
              41.61256223077963
            ],
            [
              2.344603758353525,
              41.61256755802267
            ],
            [
              2.3449129321308155,
              41.61297515665752
            ],
            [
              2.3448742621327674,
              41.61299153069033
            ],
            [
              2.3449586240155185,
              41.613103038350836
            ],
            [
              2.3447573821707173,
              41.61318839916594
            ],
            [
              2.3447998733319455,
              41.61324633834785
            ],
            [
              2.3449982163419754,
              41.61317191923648
            ],
            [
              2.345038534604472,
              41.61323257640828
            ],
            [
              2.3449383682188403,
              41.61327020915489
            ],
            [
              2.3449489023914425,
              41.613285548167944
            ],
            [
              2.3449535215889044,
              41.61328366790263
            ],
            [
              2.3450838210947595,
              41.61323502570821
            ],
            [
              2.3451759210811005,
              41.613360973669764
            ],
            [
              2.345218933465591,
              41.61357340321196
            ],
            [
              2.344993555301763,
              41.613598775776396
            ],
            [
              2.344988016112759,
              41.61359918095247
            ],
            [
              2.3449888021388086,
              41.61360328409726
            ],
            [
              2.3449015774175037,
              41.61361096001581
            ],
            [
              2.3448465773437577,
              41.613473603053144
            ],
            [
              2.3442935476920006,
              41.61263807322816
            ],
            [
              2.344348143208803,
              41.61232376944081
            ],
            [
              2.34355391304639,
              41.6112118286648
            ],
            [
              2.3432606389562056,
              41.61093442336747
            ],
            [
              2.3427043970802632,
              41.61002336950112
            ],
            [
              2.3416183485946043,
              41.60862964344505
            ],
            [
              2.3415857878569972,
              41.60858784862329
            ],
            [
              2.341459769096679,
              41.60819568171255
            ],
            [
              2.3415399929857794,
              41.60815166429968
            ],
            [
              2.3416964088078007,
              41.60805922413073
            ],
            [
              2.341845751821748,
              41.608200498321935
            ],
            [
              2.3417628492789144,
              41.608249561795624
            ]
          ]
        ]
      },
      "properties": {
        "id": "s_602fe1fcedfe25725f000001",
        "destinationNodes": [],
        "center": [
          2.343490179385966,
          41.610761763645975
        ],
        "details": {
          "description": "",
          "name": "",
          "images": []
        }
      }
    },
    {
      "type": "Feature",
      "geometry": {
        "type": "Polygon",
        "coordinates": [
          [
            [
              2.345572243830024,
              41.613562930893615
            ],
            [
              2.345570954623723,
              41.61356305542637
            ],
            [
              2.3455703897559004,
              41.613559563769954
            ],
            [
              2.3453510016352004,
              41.61358267795926
            ],
            [
              2.345319743937405,
              41.61341670880408
            ],
            [
              2.3453044970453107,
              41.61333576438146
            ],
            [
              2.345301430609376,
              41.6133360894042
            ],
            [
              2.345204908114298,
              41.6132079745341
            ],
            [
              2.345244084651686,
              41.61319140770007
            ],
            [
              2.34522863261893,
              41.61317047665089
            ],
            [
              2.345228610779994,
              41.613170447858025
            ],
            [
              2.3451756124135277,
              41.61310057405273
            ],
            [
              2.3453582378811415,
              41.61302334366057
            ],
            [
              2.345315280530306,
              41.61296672164728
            ],
            [
              2.345315171739407,
              41.61296676750298
            ],
            [
              2.345268302400406,
              41.612986523013575
            ],
            [
              2.3451221578073445,
              41.613048133217504
            ],
            [
              2.3450540986911235,
              41.61295822832967
            ],
            [
              2.345013559760972,
              41.61297538785903
            ],
            [
              2.3448517299401668,
              41.61276158077191
            ],
            [
              2.344873033186672,
              41.612752487814355
            ],
            [
              2.344790005834074,
              41.61264285791188
            ],
            [
              2.3447900427197603,
              41.6126428422857
            ],
            [
              2.3448699821021792,
              41.6126089771907
            ],
            [
              2.344865968821745,
              41.61260571884167
            ],
            [
              2.345029179875895,
              41.61248875939815
            ],
            [
              2.3450434711292507,
              41.612499859765705
            ],
            [
              2.345054969683544,
              41.61249178959389
            ],
            [
              2.3452711573562213,
              41.61233703957064
            ],
            [
              2.345306661252372,
              41.61236471031254
            ],
            [
              2.345517012505645,
              41.612214259034175
            ],
            [
              2.3452905706172316,
              41.61203757309929
            ],
            [
              2.345401842212427,
              41.6119573670598
            ],
            [
              2.3454018659419686,
              41.61195738558123
            ],
            [
              2.345469305791167,
              41.61201002210738
            ],
            [
              2.345509778066097,
              41.61198110993096
            ],
            [
              2.3456689652781515,
              41.61210533214504
            ],
            [
              2.345729227953154,
              41.61215278854785
            ],
            [
              2.345725498918288,
              41.612336328008304
            ],
            [
              2.3452853928132145,
              41.612649654065706
            ],
            [
              2.345267770423707,
              41.61277745316645
            ],
            [
              2.345601628590656,
              41.61323271598588
            ],
            [
              2.3456396078173283,
              41.61347680254522
            ],
            [
              2.3456383378484533,
              41.61349454996896
            ],
            [
              2.345631752813253,
              41.61351076443945
            ],
            [
              2.3456216482676173,
              41.61352512839944
            ],
            [
              2.345609469986107,
              41.6135375310128
            ],
            [
              2.3455968569584686,
              41.613547641024965
            ],
            [
              2.3455856555490384,
              41.61355532331668
            ],
            [
              2.3455771732874604,
              41.61356033629714
            ],
            [
              2.345572243830024,
              41.613562930893615
            ]
          ]
        ]
      },
      "properties": {
        "id": "s_602fe245edfe25725f000002",
        "destinationNodes": [],
        "center": [
          2.3453206896473477,
          41.61289878931717
        ],
        "details": {
          "description": "",
          "name": "",
          "images": []
        }
      }
    },
    {
      "type": "Feature",
      "geometry": {
        "type": "Polygon",
        "coordinates": [
          [
            [
              2.344269075472012,
              41.61058832982737
            ],
            [
              2.344192174262467,
              41.61063291298021
            ],
            [
              2.344114088535169,
              41.6106781894973
            ],
            [
              2.344070758798646,
              41.610636129577514
            ],
            [
              2.343821644029466,
              41.61077988239105
            ],
            [
              2.3437666622128432,
              41.610726840985066
            ],
            [
              2.3435842517298355,
              41.61055089783669
            ],
            [
              2.3435563309962464,
              41.61052383450355
            ],
            [
              2.343503775202967,
              41.610472897075745
            ],
            [
              2.343446369100637,
              41.61041726260728
            ],
            [
              2.3433944401892437,
              41.61036693184052
            ],
            [
              2.3433939473265633,
              41.61036645837037
            ],
            [
              2.343418887816261,
              41.610351740007594
            ],
            [
              2.343399656323032,
              41.61033355295157
            ],
            [
              2.3433292345939147,
              41.610265469744355
            ],
            [
              2.3432773279242336,
              41.610215285478105
            ],
            [
              2.343276841590075,
              41.610214818781635
            ],
            [
              2.343397604230007,
              41.610144404628876
            ],
            [
              2.3433095007627625,
              41.61006039504139
            ],
            [
              2.343227225129979,
              41.610107957246846
            ],
            [
              2.343150749957455,
              41.60999915516538
            ],
            [
              2.3430956113614765,
              41.6099207011973
            ],
            [
              2.343059668391039,
              41.609698150092356
            ],
            [
              2.3430720900737803,
              41.60969686396179
            ],
            [
              2.342918444087644,
              41.60955152693113
            ],
            [
              2.3431492052592,
              41.609415148438565
            ],
            [
              2.3431498964338684,
              41.60941580223521
            ],
            [
              2.3433027334837075,
              41.609560373465335
            ],
            [
              2.3432571877590447,
              41.60958757786925
            ],
            [
              2.3441582221979207,
              41.61044846703198
            ],
            [
              2.3441766530730392,
              41.610437813318626
            ],
            [
              2.3442098353048646,
              41.61041862876288
            ],
            [
              2.3443417661858157,
              41.610545925788045
            ],
            [
              2.344269075472012,
              41.61058832982737
            ]
          ]
        ]
      },
      "properties": {
        "id": "s_602fe245edfe25725f000003",
        "externalId": "POLY-4IG1ZA3K",
        "destinationNodes": [],
        "center": [
          2.3435391472665223,
          41.61021607047366
        ],
        "details": {
          "description": "",
          "name": "",
          "images": []
        }
      }
    },
    {
      "type": "Feature",
      "geometry": {
        "type": "Polygon",
        "coordinates": [
          [
            [
              2.345114535226147,
              41.61203960179405
            ],
            [
              2.3448321080586068,
              41.61181923456239
            ],
            [
              2.344857838827893,
              41.611800703782826
            ],
            [
              2.344749625468448,
              41.611716254560605
            ],
            [
              2.344682962162807,
              41.61166424127914
            ],
            [
              2.344478605183374,
              41.61150476196222
            ],
            [
              2.3444534849386307,
              41.611522423148486
            ],
            [
              2.344373457291064,
              41.611459963291196
            ],
            [
              2.3442325796362704,
              41.61134993681505
            ],
            [
              2.344191616297244,
              41.611251048488626
            ],
            [
              2.3441996910729626,
              41.61124914450227
            ],
            [
              2.344123369865738,
              41.61106198942361
            ],
            [
              2.3441055260011763,
              41.611018424743335
            ],
            [
              2.344025767592341,
              41.6109412516135
            ],
            [
              2.344025287982993,
              41.610940791408254
            ],
            [
              2.3441319587165275,
              41.61087934259076
            ],
            [
              2.344126102748289,
              41.610873667782414
            ],
            [
              2.3442428455310003,
              41.610806159891425
            ],
            [
              2.3441911973720595,
              41.61075632173309
            ],
            [
              2.3441906835560693,
              41.610755828869344
            ],
            [
              2.3444218653600224,
              41.61062164258136
            ],
            [
              2.3445821551296584,
              41.61077325614684
            ],
            [
              2.3445379605560235,
              41.61079958255464
            ],
            [
              2.3445054864382393,
              41.61081846159981
            ],
            [
              2.3445467907409583,
              41.610856747096804
            ],
            [
              2.344547490426451,
              41.610857395770665
            ],
            [
              2.3446756853120867,
              41.610976223055985
            ],
            [
              2.344833288756839,
              41.611213452460916
            ],
            [
              2.344994924244666,
              41.61157704964806
            ],
            [
              2.3451266784435214,
              41.61168890903961
            ],
            [
              2.345264599439568,
              41.61179638001799
            ],
            [
              2.3451992488364906,
              41.611843288610906
            ],
            [
              2.3452896837357105,
              41.611913800949345
            ],
            [
              2.345114535226147,
              41.61203960179405
            ]
          ]
        ]
      },
      "properties": {
        "id": "s_602fe245edfe25725f000004",
        "destinationNodes": [],
        "center": [
          2.3445410636651483,
          41.61124688732654
        ],
        "details": {
          "description": "",
          "name": "",
          "images": []
        }
      }
    },
    {
      "type": "Feature",
      "geometry": {
        "type": "Polygon",
        "coordinates": [
          [
            [
              2.342847304279034,
              41.609482091164296
            ],
            [
              2.3428068562854096,
              41.60944383134305
            ],
            [
              2.3428061651042986,
              41.60944317755001
            ],
            [
              2.342753808514473,
              41.60939365251627
            ],
            [
              2.3427531173309393,
              41.609392998725
            ],
            [
              2.3427083681062437,
              41.60935067335129
            ],
            [
              2.3427078497505307,
              41.60935018300191
            ],
            [
              2.342716078126888,
              41.60934532008162
            ],
            [
              2.3426945682417406,
              41.60932499535635
            ],
            [
              2.3426940497316346,
              41.60932450524492
            ],
            [
              2.342514660470619,
              41.60916957518524
            ],
            [
              2.3423629943351756,
              41.608858519256756
            ],
            [
              2.3424158868959433,
              41.60884404395208
            ],
            [
              2.342409979062295,
              41.608834841325624
            ],
            [
              2.3423464994539036,
              41.608778473669695
            ],
            [
              2.342277890767391,
              41.608717552744366
            ],
            [
              2.342211259246181,
              41.60865840582449
            ],
            [
              2.3421897839576284,
              41.608645549947475
            ],
            [
              2.3421457873014284,
              41.608603960844285
            ],
            [
              2.342145095831717,
              41.60860330722714
            ],
            [
              2.3419523004354397,
              41.60842107488099
            ],
            [
              2.3419516090588393,
              41.60842042120996
            ],
            [
              2.3420215096793653,
              41.60837904263531
            ],
            [
              2.342093186215553,
              41.60833661583673
            ],
            [
              2.3421665146696595,
              41.60829321149062
            ],
            [
              2.3421672062728565,
              41.60829386502584
            ],
            [
              2.342273616776243,
              41.60839436479699
            ],
            [
              2.3422681928544242,
              41.60839757947001
            ],
            [
              2.3422688856448297,
              41.60839823229788
            ],
            [
              2.3429581102338304,
              41.609045700115374
            ],
            [
              2.3428227499080756,
              41.60912569790813
            ],
            [
              2.342818465213691,
              41.609128230143135
            ],
            [
              2.342895978744778,
              41.60919725209433
            ],
            [
              2.3429232291874103,
              41.60922289463228
            ],
            [
              2.342939925143198,
              41.609213027346314
            ],
            [
              2.3429406163223243,
              41.609213681139046
            ],
            [
              2.343079378477531,
              41.609344936045574
            ],
            [
              2.342928117763812,
              41.60943459103149
            ],
            [
              2.342847304279034,
              41.609482091164296
            ]
          ]
        ]
      },
      "properties": {
        "id": "s_602fe245edfe25725f000005",
        "destinationNodes": [],
        "center": [
          2.3425257261946135,
          41.60894279148452
        ],
        "details": {
          "description": "",
          "name": "",
          "images": []
        }
      }
    },
    {
      "type": "Feature",
      "geometry": {
        "type": "Polygon",
        "coordinates": [
          [
            [
              2.342441515155215,
              41.60836811538732
            ],
            [
              2.3424004624530017,
              41.60839241996225
            ],
            [
              2.3420620244976296,
              41.608073505646864
            ],
            [
              2.3420613322547994,
              41.60807285249319
            ],
            [
              2.341995381368666,
              41.60811189241707
            ],
            [
              2.341905013290505,
              41.608165384872684
            ],
            [
              2.3417562014522417,
              41.60802482723944
            ],
            [
              2.3417555098762044,
              41.608024173689856
            ],
            [
              2.3418458862020053,
              41.607970676430185
            ],
            [
              2.3419118282841365,
              41.607931641767266
            ],
            [
              2.3419125195896977,
              41.60793229547612
            ],
            [
              2.3420410106516085,
              41.6080538441956
            ],
            [
              2.342183261222287,
              41.60796520668269
            ],
            [
              2.342565017609801,
              41.6083266006063
            ],
            [
              2.3424620754492613,
              41.60838752444253
            ],
            [
              2.342442206973609,
              41.60836876879584
            ],
            [
              2.342441515155215,
              41.60836811538732
            ]
          ]
        ]
      },
      "properties": {
        "id": "s_602fe245edfe25725f000006",
        "destinationNodes": [],
        "center": [
          2.3421088278956668,
          41.60813560813157
        ],
        "details": {
          "description": "",
          "name": "",
          "images": []
        }
      }
    },
    {
      "type": "Feature",
      "geometry": {
        "type": "Polygon",
        "coordinates": [
          [
            [
              2.3417628492789144,
              41.608249561795624
            ],
            [
              2.341689471578081,
              41.60829295940839
            ],
            [
              2.341707085479915,
              41.60830696064325
            ],
            [
              2.3417077770925965,
              41.60830761417296
            ],
            [
              2.341765111011755,
              41.608361771106125
            ],
            [
              2.3417658027506536,
              41.608362424561584
            ],
            [
              2.3418229430335464,
              41.60841639849483
            ],
            [
              2.3418236348005403,
              41.608417051935106
            ],
            [
              2.341824160900781,
              41.608417548888795
            ],
            [
              2.341824852635446,
              41.60841820234818
            ],
            [
              2.3418830504738772,
              41.60847317606492
            ],
            [
              2.341853480475841,
              41.60849068255522
            ],
            [
              2.3418541721085884,
              41.608491336074245
            ],
            [
              2.3419115155290657,
              41.60854549903652
            ],
            [
              2.3419122073387473,
              41.60854615245131
            ],
            [
              2.3419693445025302,
              41.6086001177576
            ],
            [
              2.341970036311635,
              41.60860077117308
            ],
            [
              2.342029455729386,
              41.60865689318989
            ],
            [
              2.3420014981278676,
              41.60867343890543
            ],
            [
              2.34201443620488,
              41.60868624233859
            ],
            [
              2.3423339726874604,
              41.60897318740958
            ],
            [
              2.342364862934035,
              41.60904958012758
            ],
            [
              2.3424388542958616,
              41.6091875761897
            ],
            [
              2.3424389950432563,
              41.609187842197635
            ],
            [
              2.3424186387156007,
              41.60919318036598
            ],
            [
              2.3424469033247917,
              41.60922045443881
            ],
            [
              2.342447122920048,
              41.60922032700329
            ],
            [
              2.3424472553724818,
              41.60922025008582
            ],
            [
              2.3426893121655614,
              41.60945419252958
            ],
            [
              2.3426484814319544,
              41.60947779344497
            ],
            [
              2.342891543380921,
              41.609692871739185
            ],
            [
              2.3429078866023403,
              41.60968258503587
            ],
            [
              2.3429645388714953,
              41.609732813809934
            ],
            [
              2.343010691519967,
              41.60994029471345
            ],
            [
              2.343027613334594,
              41.609964499383885
            ],
            [
              2.34315873032039,
              41.61016405286491
            ],
            [
              2.3429758907685696,
              41.61023153012413
            ],
            [
              2.343073486860793,
              41.610482228585276
            ],
            [
              2.3432694057445294,
              41.61035891767843
            ],
            [
              2.3434408766368304,
              41.61051103312293
            ],
            [
              2.3434077545179703,
              41.610531981702465
            ],
            [
              2.3434289317282393,
              41.610550803473146
            ],
            [
              2.3434292814171194,
              41.610550596809475
            ],
            [
              2.3439181447344395,
              41.610984247920875
            ],
            [
              2.3440095783453225,
              41.611061191220365
            ],
            [
              2.3441115313820857,
              41.61128435596169
            ],
            [
              2.344117392325934,
              41.61130065086332
            ],
            [
              2.3441255178398537,
              41.611298929256
            ],
            [
              2.3441856534725645,
              41.611453645653164
            ],
            [
              2.3443179949914783,
              41.61163325070417
            ],
            [
              2.34414380938488,
              41.611706767686236
            ],
            [
              2.344238631947772,
              41.61178234594365
            ],
            [
              2.344386223719272,
              41.61167695522486
            ],
            [
              2.3445493004585742,
              41.611804190155034
            ],
            [
              2.34462597684038,
              41.611749313911375
            ],
            [
              2.3446916780394256,
              41.611800599146875
            ],
            [
              2.344540342571964,
              41.61190902088087
            ],
            [
              2.3445274780981373,
              41.61189898955224
            ],
            [
              2.3444662410871207,
              41.611942935402645
            ],
            [
              2.344525354254934,
              41.61198809664721
            ],
            [
              2.3445971493262134,
              41.61193525563288
            ],
            [
              2.3445713361249094,
              41.61191545543117
            ],
            [
              2.344710977287408,
              41.61181565473415
            ],
            [
              2.345081622184907,
              41.61210475847882
            ],
            [
              2.3450240150997654,
              41.6121458209637
            ],
            [
              2.345169430450746,
              41.612261186045224
            ],
            [
              2.3449593730649068,
              41.612411781031994
            ],
            [
              2.344944232809711,
              41.61240001407204
            ],
            [
              2.3448037663694143,
              41.612500655662885
            ],
            [
              2.344734324629676,
              41.612550415242566
            ],
            [
              2.34466427634466,
              41.61260060862133
            ],
            [
              2.3446147498383922,
              41.61256223077963
            ],
            [
              2.344603758353525,
              41.61256755802267
            ],
            [
              2.3449129321308155,
              41.61297515665752
            ],
            [
              2.3448742621327674,
              41.61299153069033
            ],
            [
              2.3449586240155185,
              41.613103038350836
            ],
            [
              2.3447573821707173,
              41.61318839916594
            ],
            [
              2.3447998733319455,
              41.61324633834785
            ],
            [
              2.3449982163419754,
              41.61317191923648
            ],
            [
              2.345038534604472,
              41.61323257640828
            ],
            [
              2.3449383682188403,
              41.61327020915489
            ],
            [
              2.3449489023914425,
              41.613285548167944
            ],
            [
              2.3449535215889044,
              41.61328366790263
            ],
            [
              2.3450838210947595,
              41.61323502570821
            ],
            [
              2.3451759210811005,
              41.613360973669764
            ],
            [
              2.345218933465591,
              41.61357340321196
            ],
            [
              2.344993555301763,
              41.613598775776396
            ],
            [
              2.344988016112759,
              41.61359918095247
            ],
            [
              2.3449888021388086,
              41.61360328409726
            ],
            [
              2.3449015774175037,
              41.61361096001581
            ],
            [
              2.3448465773437577,
              41.613473603053144
            ],
            [
              2.3442935476920006,
              41.61263807322816
            ],
            [
              2.344348143208803,
              41.61232376944081
            ],
            [
              2.34355391304639,
              41.6112118286648
            ],
            [
              2.3432606389562056,
              41.61093442336747
            ],
            [
              2.3427043970802632,
              41.61002336950112
            ],
            [
              2.3416183485946043,
              41.60862964344505
            ],
            [
              2.3415857878569972,
              41.60858784862329
            ],
            [
              2.341459769096679,
              41.60819568171255
            ],
            [
              2.3415399929857794,
              41.60815166429968
            ],
            [
              2.3416964088078007,
              41.60805922413073
            ],
            [
              2.341845751821748,
              41.608200498321935
            ],
            [
              2.3417628492789144,
              41.608249561795624
            ]
          ]
        ]
      },
      "properties": {
        "id": "s_602fe245edfe25725f000007",
        "destinationNodes": [],
        "center": [
          2.343490179385966,
          41.610761763645975
        ],
        "details": {
          "description": "",
          "name": "",
          "images": []
        }
      }
    },
    {
      "type": "Feature",
      "geometry": {
        "type": "Polygon",
        "coordinates": [
          [
            [
              2.342402754808138,
              41.60852466729525
            ],
            [
              2.342605892832325,
              41.608712524595525
            ],
            [
              2.3429581102338304,
              41.609045700115374
            ],
            [
              2.3428227499080756,
              41.60912569790813
            ],
            [
              2.3429004195972367,
              41.609194733763154
            ],
            [
              2.342896135330249,
              41.609197265754965
            ],
            [
              2.3427508504023975,
              41.609068437237994
            ],
            [
              2.3427452971811924,
              41.60906253594688
            ],
            [
              2.3427007212698525,
              41.609015104905204
            ],
            [
              2.3426716057507315,
              41.60892333430923
            ],
            [
              2.3426449765165454,
              41.60892716288322
            ],
            [
              2.3425936315878046,
              41.60879540436801
            ],
            [
              2.3424158361014653,
              41.60884386154215
            ],
            [
              2.3424101590040434,
              41.60883500053135
            ],
            [
              2.342562356424654,
              41.608739082510276
            ],
            [
              2.3425621142961526,
              41.60873885384116
            ],
            [
              2.342562093528007,
              41.60873883421178
            ],
            [
              2.3425012287044686,
              41.60868126126334
            ],
            [
              2.342434966748568,
              41.60861858168101
            ],
            [
              2.3424347939527252,
              41.608618418234386
            ],
            [
              2.3423707075806988,
              41.60855779907502
            ],
            [
              2.3422111107586407,
              41.60865823863131
            ],
            [
              2.3421897839576284,
              41.608645549947475
            ],
            [
              2.342306090364876,
              41.608576813544616
            ],
            [
              2.3422488211424084,
              41.60852263953018
            ],
            [
              2.34219005909895,
              41.60846705325257
            ],
            [
              2.3421436561701254,
              41.60849441338751
            ],
            [
              2.3421286078100274,
              41.60848020248578
            ],
            [
              2.3422002773055137,
              41.60843777161001
            ],
            [
              2.342246510475086,
              41.608410412022415
            ],
            [
              2.342296036869771,
              41.608457194538055
            ],
            [
              2.3422454427549217,
              41.60848714858221
            ],
            [
              2.3422782928898105,
              41.60851817659188
            ],
            [
              2.342330464452341,
              41.608567454369705
            ],
            [
              2.342402754808138,
              41.60852466729525
            ]
          ]
        ]
      },
      "properties": {
        "id": "s_602fe4b8edfe25725f000008",
        "destinationNodes": [],
        "center": [
          2.342469486935567,
          41.6087260979549
        ],
        "details": {
          "description": "",
          "name": "",
          "images": []
        }
      }
    },
    {
      "type": "Feature",
      "geometry": {
        "type": "Polygon",
        "coordinates": [
          [
            [
              2.341655635019058,
              41.608515424302254
            ],
            [
              2.341715754238149,
              41.608572204402016
            ],
            [
              2.341676374150688,
              41.608595510540404
            ],
            [
              2.3417344154303503,
              41.60865033311438
            ],
            [
              2.3417922354876732,
              41.60870494645919
            ],
            [
              2.3418523487577265,
              41.60876172074609
            ],
            [
              2.3420014981278676,
              41.60867343890543
            ],
            [
              2.34201443620488,
              41.60868624233859
            ],
            [
              2.341849506066979,
              41.608790507193625
            ],
            [
              2.341855878588944,
              41.60879650824392
            ],
            [
              2.3418553504013246,
              41.608796828676255
            ],
            [
              2.3420471561399467,
              41.608967099755816
            ],
            [
              2.342033045572665,
              41.60897596730532
            ],
            [
              2.3421324210970362,
              41.609064152275394
            ],
            [
              2.342224188639904,
              41.60924444638939
            ],
            [
              2.3424189260390764,
              41.60919311675688
            ],
            [
              2.342447122920048,
              41.60922032700329
            ],
            [
              2.3424469033247917,
              41.60922045443881
            ],
            [
              2.3422620222176667,
              41.60932759258375
            ],
            [
              2.342375576517401,
              41.60943742575668
            ],
            [
              2.342357608236812,
              41.60944797083409
            ],
            [
              2.3424227718913033,
              41.60951097056142
            ],
            [
              2.34248606880094,
              41.609572184365454
            ],
            [
              2.3426488438773516,
              41.609477791529976
            ],
            [
              2.3426717614079378,
              41.60949813425948
            ],
            [
              2.3424746384745854,
              41.60962238656144
            ],
            [
              2.342682137185431,
              41.609806435951036
            ],
            [
              2.3428026531661494,
              41.609730538136894
            ],
            [
              2.342879190872569,
              41.60968211809873
            ],
            [
              2.342891543380921,
              41.609692871739185
            ],
            [
              2.3428137727083187,
              41.60974213151952
            ],
            [
              2.342870423399978,
              41.6097923588876
            ],
            [
              2.3428837003780476,
              41.60987735538693
            ],
            [
              2.3427709866567397,
              41.609886180252396
            ],
            [
              2.342781126974275,
              41.609958264780445
            ],
            [
              2.343011117413776,
              41.60994036159295
            ],
            [
              2.343028039348143,
              41.609964566244734
            ],
            [
              2.3428450803647323,
              41.61003179565797
            ],
            [
              2.3429763167568898,
              41.61023159715723
            ],
            [
              2.343073703318396,
              41.610482422168765
            ],
            [
              2.343185156556017,
              41.61058131463872
            ],
            [
              2.3431852138726548,
              41.61058136548954
            ],
            [
              2.3432451922671738,
              41.6106345770612
            ],
            [
              2.3434081140087573,
              41.610531981603785
            ],
            [
              2.343429375933231,
              41.610550753407765
            ],
            [
              2.343216838886723,
              41.61068475289259
            ],
            [
              2.3437057710320714,
              41.61111847026468
            ],
            [
              2.343765595443021,
              41.61124830005111
            ],
            [
              2.3438118755138304,
              41.61134959747101
            ],
            [
              2.344111755859459,
              41.611284192942634
            ],
            [
              2.3441176984909,
              41.61130047002521
            ],
            [
              2.3438350492152447,
              41.611362241125384
            ],
            [
              2.34386370225414,
              41.611435708083846
            ],
            [
              2.343916783098448,
              41.611424096311595
            ],
            [
              2.343948448821981,
              41.61150524051164
            ],
            [
              2.3440060774958975,
              41.61159429839987
            ],
            [
              2.3440503486313102,
              41.61158015936609
            ],
            [
              2.3441438870658775,
              41.61170650971874
            ],
            [
              2.3442388670763576,
              41.61178220642446
            ],
            [
              2.3444022024582836,
              41.61190961864441
            ],
            [
              2.344474799075135,
              41.61185758944662
            ],
            [
              2.3445276961079276,
              41.611898855640035
            ],
            [
              2.3445236701365966,
              41.611901771396596
            ],
            [
              2.3444664595882827,
              41.611942806165494
            ],
            [
              2.3445255728238705,
              41.611987967474015
            ],
            [
              2.3445971493262134,
              41.61193525563288
            ],
            [
              2.3445713361249094,
              41.61191545543117
            ],
            [
              2.344575780392759,
              41.61191232951636
            ],
            [
              2.3446431068058344,
              41.61196484276985
            ],
            [
              2.344710271598748,
              41.61201723853532
            ],
            [
              2.3447773684468096,
              41.61206956923871
            ],
            [
              2.3446974717891726,
              41.61212701818863
            ],
            [
              2.3448660346821963,
              41.612258521191116
            ],
            [
              2.3445325394604835,
              41.61249757558425
            ],
            [
              2.3445605139081627,
              41.61251953788544
            ],
            [
              2.3444066085206994,
              41.61258942934257
            ],
            [
              2.3444414178285617,
              41.61263624378746
            ],
            [
              2.344410732563971,
              41.612649127909755
            ],
            [
              2.3445832596263214,
              41.61287701915088
            ],
            [
              2.344674100669012,
              41.61299700794536
            ],
            [
              2.3446183485312377,
              41.61302060857095
            ],
            [
              2.344748343861776,
              41.61319221146254
            ],
            [
              2.3447573821707173,
              41.61318839916594
            ],
            [
              2.3447997576484982,
              41.613246215315
            ],
            [
              2.344840941891691,
              41.61330656402052
            ],
            [
              2.3448596434389954,
              41.61329963156251
            ],
            [
              2.344880833411302,
              41.61333257486668
            ],
            [
              2.3449649165685598,
              41.61330022052788
            ],
            [
              2.345017288729969,
              41.61337845101046
            ],
            [
              2.3449508863990434,
              41.61338593133264
            ],
            [
              2.3449937046166096,
              41.61359858109627
            ],
            [
              2.3449880963957526,
              41.61359892104658
            ],
            [
              2.3449890208042317,
              41.61360315507599
            ],
            [
              2.344901726910296,
              41.61361076543796
            ],
            [
              2.3448467958921917,
              41.61347347378993
            ],
            [
              2.3442936972521125,
              41.612637878715155
            ],
            [
              2.344348361846971,
              41.61232364033201
            ],
            [
              2.343554131666468,
              41.61121169941077
            ],
            [
              2.3432608576098,
              41.61093429414601
            ],
            [
              2.3427046156710767,
              41.61002324042076
            ],
            [
              2.3416183485946043,
              41.60862964344505
            ],
            [
              2.3415857878569972,
              41.60858784862329
            ],
            [
              2.341459769096679,
              41.60819568171255
            ],
            [
              2.3415399681246294,
              41.608151748074604
            ],
            [
              2.341543427134706,
              41.60815501477537
            ],
            [
              2.341689471578081,
              41.60829295940839
            ],
            [
              2.341707085479915,
              41.60830696064325
            ],
            [
              2.341539774361901,
              41.60840598818159
            ],
            [
              2.3415978057835676,
              41.6084607952196
            ],
            [
              2.341655635019058,
              41.608515424302254
            ]
          ]
        ]
      },
      "properties": {
        "id": "s_602fe4e8edfe25725f000009",
        "destinationNodes": [],
        "center": [
          2.3433808891040457,
          41.61078639263237
        ],
        "details": {
          "description": "",
          "name": "",
          "images": []
        }
      }
    },
    {
      "type": "Feature",
      "geometry": {
        "type": "Polygon",
        "coordinates": [
          [
            [
              2.342011807454723,
              41.608479504226594
            ],
            [
              2.34208259041573,
              41.60843674879497
            ],
            [
              2.3420222011034486,
              41.608379696278
            ],
            [
              2.3420215096793653,
              41.60837904263531
            ],
            [
              2.3419516090588393,
              41.60842042120996
            ],
            [
              2.342011807454723,
              41.608479504226594
            ]
          ]
        ]
      },
      "properties": {
        "id": "s_60312fc17e79204ff6000004",
        "externalId": "unit173a",
        "destinationNodes": [
          "n_602fe7e7edfe25725f00001c"
        ],
        "center": [
          2.342017943542421,
          41.60841908262897
        ],
        "details": {
          "name": "Shiseido",
          "images": [
            {
              "url": "https://cdn.mappedin.com/5d370acd5f0d982c8a5241a6/160ba580c7850e10e83478c3f8359faac3265c65.png",
              "altText": "Logo for Shiseido"
            }
          ]
        }
      }
    },
    {
      "type": "Feature",
      "geometry": {
        "type": "Polygon",
        "coordinates": [
          [
            [
              2.3420737528326883,
              41.60853578950753
            ],
            [
              2.3421435057494815,
              41.60849650980791
            ],
            [
              2.3420817081006535,
              41.60843812561547
            ],
            [
              2.342011807454723,
              41.608479504226594
            ],
            [
              2.3420737528326883,
              41.60853578950753
            ]
          ]
        ]
      },
      "properties": {
        "id": "s_60312ff27e79204ff6000006",
        "externalId": "unit173b",
        "destinationNodes": [
          "n_603134b27e79204ff600001b"
        ],
        "center": [
          2.3420776935343866,
          41.60848748228938
        ],
        "details": {
          "description": "Etnia Barcelona is much more than an eyewear brand. It stands for colour, art, culture, rebellion, tradition and, above all, the city in which it was born: Barcelona.",
          "name": "Etnia Barcelona",
          "images": [
            {
              "url": "https://cdn.mappedin.com/5d370acd5f0d982c8a5241a6/8b7d03ba08759fc8beca38204272c07fc2194373.jpeg",
              "altText": "Logo for Etnia Barcelona"
            }
          ]
        }
      }
    },
    {
      "type": "Feature",
      "geometry": {
        "type": "Polygon",
        "coordinates": [
          [
            [
              2.3424620754492613,
              41.60838752444253
            ],
            [
              2.342565017609801,
              41.6083266006063
            ],
            [
              2.3425468976280754,
              41.60830958353065
            ],
            [
              2.342441515155215,
              41.60836811538732
            ],
            [
              2.342442206973609,
              41.60836876879584
            ],
            [
              2.3424620754492613,
              41.60838752444253
            ]
          ]
        ]
      },
      "properties": {
        "id": "s_6031319d7e79204ff600000e",
        "externalId": "unit170b",
        "destinationNodes": [
          "n_6081727f2d417e0392000000"
        ],
        "center": [
          2.3424915425631925,
          41.608352118552524
        ],
        "details": {
          "description": "Renowned ice cream expert FARGGI 1957 continuously delights with its traditional recipes passed down through generations.",
          "name": "Farggi",
          "images": [
            {
              "url": "https://cdn.mappedin.com/5d370acd5f0d982c8a5241a6/b0b58d242b85ed852730b048060d7d501f94e55a.png",
              "altText": "Logo for Farggi"
            }
          ]
        }
      }
    },
    {
      "type": "Feature",
      "geometry": {
        "type": "Polygon",
        "coordinates": [
          [
            [
              2.3424004624530017,
              41.60839241996225
            ],
            [
              2.342441515155215,
              41.60836811538732
            ],
            [
              2.3424424096957175,
              41.60836868000991
            ],
            [
              2.3425468976280754,
              41.60830958353065
            ],
            [
              2.3424920466019366,
              41.6082580709802
            ],
            [
              2.342347981502706,
              41.608343245129724
            ],
            [
              2.3424004624530017,
              41.60839241996225
            ]
          ]
        ]
      },
      "properties": {
        "id": "s_6031676a7e7920457300011a",
        "externalId": "unit170a",
        "destinationNodes": [
          "n_603f524f7e79204da0000004"
        ],
        "center": [
          2.3424452188394422,
          41.60834001916668
        ],
        "details": {
          "name": "Dyson",
          "images": [
            {
              "url": "https://cdn.mappedin.com/5d370acd5f0d982c8a5241a6/826c416187582c4c251bea06467221bbc7d29449.png",
              "altText": "Logo for Dyson"
            }
          ]
        }
      }
    },
    {
      "type": "Feature",
      "geometry": {
        "type": "Polygon",
        "coordinates": [
          [
            [
              2.3424004624530017,
              41.60839241996225
            ],
            [
              2.3425468976280754,
              41.60830958353065
            ],
            [
              2.3424424096957175,
              41.60836868000991
            ],
            [
              2.3424004624530017,
              41.60839241996225
            ]
          ]
        ]
      },
      "properties": {
        "id": "s_6031676a7e7920457300011b",
        "externalId": "",
        "destinationNodes": [],
        "center": [
          2.3424632565922647,
          41.608356894500936
        ],
        "details": {
          "description": "",
          "name": "",
          "images": []
        }
      }
    },
    {
      "type": "Feature",
      "geometry": {
        "type": "Polygon",
        "coordinates": [
          [
            [
              2.342330464452341,
              41.608567454369705
            ],
            [
              2.342402754808138,
              41.60852466729525
            ],
            [
              2.3423510463926984,
              41.60847583253381
            ],
            [
              2.342350105684511,
              41.60847494390467
            ],
            [
              2.3422782928898105,
              41.60851817659188
            ],
            [
              2.342330464452341,
              41.608567454369705
            ]
          ]
        ]
      },
      "properties": {
        "id": "s_6218a2037e79200e7f000000",
        "externalId": "unit5059",
        "destinationNodes": [
          "n_6218a2377e79200e7f000005"
        ],
        "center": [
          2.3423425328455,
          41.60851221493906
        ],
        "details": {
          "description": "",
          "name": "",
          "images": []
        }
      }
    },
    {
      "type": "Feature",
      "geometry": {
        "type": "Polygon",
        "coordinates": [
          [
            [
              2.3422782928898105,
              41.60851817659188
            ],
            [
              2.342350105684511,
              41.60847494390467
            ],
            [
              2.3422688856448297,
              41.60839823229788
            ],
            [
              2.3422681928544242,
              41.60839757947001
            ],
            [
              2.342246510475086,
              41.608410412022415
            ],
            [
              2.342296036869771,
              41.608457194538055
            ],
            [
              2.3422454427549217,
              41.60848714858221
            ],
            [
              2.3422782928898105,
              41.60851817659188
            ]
          ]
        ]
      },
      "properties": {
        "id": "s_6218a2037e79200e7f000001",
        "externalId": "POLY-2R9REDNQ",
        "destinationNodes": [
          "n_602fe846edfe25725f00002c"
        ],
        "center": [
          2.3422790667390503,
          41.608449098201014
        ],
        "details": {
          "description": "",
          "name": "",
          "images": []
        }
      }
    },
    {
      "type": "Feature",
      "geometry": {
        "type": "Polygon",
        "coordinates": [
          [
            [
              2.341354247976313,
              41.60775976033716
            ],
            [
              2.3414057162893247,
              41.607730051284456
            ],
            [
              2.3414538090609347,
              41.60770162889876
            ],
            [
              2.3415247872279723,
              41.607768829069386
            ],
            [
              2.341424067232252,
              41.60782676025192
            ],
            [
              2.341354247976313,
              41.60775976033716
            ]
          ]
        ]
      },
      "properties": {
        "id": "s_62ac8d6fcba17019d7f6e335",
        "externalId": "POLY-10G0DF2V",
        "destinationNodes": [
          "n_62ac8daccba17019d7f6e337"
        ],
        "center": [
          2.341432525557359,
          41.607757405968336
        ],
        "details": {
          "name": "Shopping Express®",
          "images": [
            {
              "url": "https://cdn.mappedin.com/5d370acd5f0d982c8a5241a6/ac5497e5ca58e5c79546a340608c357fa3108213.jpeg",
              "altText": "Logo for Shopping Express®"
            }
          ]
        }
      }
    },
    {
      "type": "Feature",
      "geometry": {
        "type": "Polygon",
        "coordinates": [
          [
            [
              2.3427377361276878,
              41.609493614571846
            ],
            [
              2.342759113786873,
              41.609481246091065
            ],
            [
              2.3427778212341264,
              41.60949860601741
            ],
            [
              2.3427563977587686,
              41.609511267146594
            ],
            [
              2.3427377361276878,
              41.609493614571846
            ]
          ]
        ]
      },
      "properties": {
        "id": "s_6448d500fff074478f6e5aa6",
        "externalId": "unit601",
        "destinationNodes": [
          "n_6448d548fff074478f6e5aaa"
        ],
        "center": [
          2.342757767226864,
          41.60949618345673
        ],
        "details": {
          "description": "Cool off during your shopping day at the Village's new pop-up.",
          "name": "WAFF",
          "images": []
        }
      }
    },
    {
      "type": "Feature",
      "geometry": {
        "type": "Polygon",
        "coordinates": [
          [
            [
              2.3421793689111965,
              41.60877593777902
            ],
            [
              2.342205509944734,
              41.60876101977557
            ],
            [
              2.3422347218602915,
              41.60878730889002
            ],
            [
              2.3422085808228568,
              41.60880222690007
            ],
            [
              2.3421793689111965,
              41.60877593777902
            ]
          ]
        ]
      },
      "properties": {
        "id": "s_6818a2c9e048630be02f74db",
        "externalId": "unit543",
        "destinationNodes": [
          "n_6818a2dde048630be02f74dc"
        ],
        "center": [
          2.34220704538477,
          41.60878162333617
        ],
        "details": {
          "description": "Gassó Artesans is a family business with six generations of experience in the world of gourmet pastries. The mission is to maintain the tradition, quality and excellence of the products, while also taking care of innovation.",
          "name": "Gassó Artesans",
          "images": [
            {
              "url": "https://cdn.mappedin.com/5d370acd5f0d982c8a5241a6/6ba91041a28dfec9ffa84464a78c2bd5e8ab8894.jpeg",
              "altText": "Logo for Gassó Artesans"
            }
          ]
        }
      }
    },
    {
      "type": "Feature",
      "geometry": {
        "type": "Polygon",
        "coordinates": [
          [
            [
              2.3452376797669525,
              41.611984594930725
            ],
            [
              2.3452686516416503,
              41.611964165776634
            ],
            [
              2.3452997983549166,
              41.61198824993192
            ],
            [
              2.3452686432609893,
              41.61200984967805
            ],
            [
              2.3452376797669525,
              41.611984594930725
            ]
          ]
        ]
      },
      "properties": {
        "id": "s_6878fc1a17348f6df5dc0ef6",
        "externalId": "unit0085",
        "destinationNodes": [],
        "center": [
          2.345268693256127,
          41.61198671507933
        ],
        "details": {
          "description": "",
          "name": "",
          "images": []
        }
      }
    },
    {
      "type": "Feature",
      "geometry": {
        "type": "Polygon",
        "coordinates": [
          [
            [
              2.3431498964338684,
              41.60941580223521
            ],
            [
              2.3431492052592,
              41.609415148438565
            ],
            [
              2.342918444087644,
              41.60955152693113
            ],
            [
              2.3430051541978694,
              41.60963361540342
            ],
            [
              2.343005845373419,
              41.60963426920094
            ],
            [
              2.343071866582291,
              41.60969671990894
            ],
            [
              2.3431797869861786,
              41.60963330030224
            ],
            [
              2.3433027334837075,
              41.609560373465335
            ],
            [
              2.3431498964338684,
              41.60941580223521
            ]
          ]
        ]
      },
      "properties": {
        "id": "s_68beeae97e117765adc79896",
        "externalId": "unit46-47-48",
        "destinationNodes": [
          "n_641af1a0409d138844159c16"
        ],
        "center": [
          2.343097866550522,
          41.60956759448572
        ],
        "details": {
          "description": "BOSS epitomises authentic, understated luxury. The men’s collection offers modern, refined business eveningwear and premium leisurewear.",
          "name": "BOSS",
          "images": [
            {
              "url": "https://cdn.mappedin.com/5d370acd5f0d982c8a5241a6/48a29b6207b0e24eb1b0661a54c10ec3f1f4644e.png",
              "altText": "Logo for BOSS"
            }
          ]
        }
      }
    },
    {
      "type": "Feature",
      "geometry": {
        "type": "Polygon",
        "coordinates": [
          [
            [
              2.344325794413166,
              41.61158976129038
            ],
            [
              2.3443667100019354,
              41.61156664261341
            ],
            [
              2.3443998881006687,
              41.61159802449809
            ],
            [
              2.3443598469473774,
              41.61162062639396
            ],
            [
              2.344325794413166,
              41.61158976129038
            ]
          ]
        ]
      },
      "properties": {
        "id": "s_690221cf5a82f582d5d15a11",
        "externalId": "p135",
        "destinationNodes": [],
        "center": [
          2.344363059865787,
          41.61159376369896
        ],
        "details": {
          "description": "",
          "name": "",
          "images": []
        }
      }
    },
    {
      "type": "Feature",
      "geometry": {
        "type": "Polygon",
        "coordinates": [
          [
            [
              2.3446295734459914,
              41.61260120948105
            ],
            [
              2.3446039592548593,
              41.612567439292846
            ],
            [
              2.3444414178285617,
              41.61263624378746
            ],
            [
              2.3444107402809746,
              41.6126492296846
            ],
            [
              2.3444358758724615,
              41.61268241695172
            ],
            [
              2.3446295734459914,
              41.61260120948105
            ]
          ]
        ]
      },
      "properties": {
        "id": "s_6995ee8d65aab3fbee5bbc3c",
        "externalId": "unit116B",
        "destinationNodes": [],
        "center": [
          2.3445043133365697,
          41.61262730783953
        ],
        "details": {
          "description": "",
          "name": "",
          "images": []
        }
      }
    },
    {
      "type": "Feature",
      "geometry": {
        "type": "Polygon",
        "coordinates": [
          [
            [
              2.344722450336082,
              41.6127236597385
            ],
            [
              2.3446295734459914,
              41.61260120948105
            ],
            [
              2.3444358758724615,
              41.61268241695172
            ],
            [
              2.3445295239331765,
              41.61280606303723
            ],
            [
              2.344722450336082,
              41.6127236597385
            ]
          ]
        ]
      },
      "properties": {
        "id": "s_6995ee8d65aab3fbee5bbc3d",
        "externalId": "unit116",
        "destinationNodes": [
          "n_5d6c98acce6c43616600034d"
        ],
        "center": [
          2.344579355896928,
          41.61270333730212
        ],
        "details": {
          "description": "Its name inspired by a brightly plumed oriental duck symbolising happiness and loyalty, this Italian company sells an extensive range of top quality luggage and bags.",
          "name": "Mandarina Duck",
          "images": [
            {
              "url": "https://cdn.mappedin.com/5d370acd5f0d982c8a5241a6/bebdda03aa9754866a2a910368745ed92516bd85.svg",
              "altText": "Logo for Mandarina Duck"
            }
          ]
        }
      }
    },
    {
      "type": "Feature",
      "geometry": {
        "type": "Polygon",
        "coordinates": [
          [
            [
              2.3451252549568364,
              41.61306313463924
            ],
            [
              2.3451707149470584,
              41.61304387718167
            ],
            [
              2.3451964723941767,
              41.613077865190974
            ],
            [
              2.345151012388566,
              41.61309712265817
            ],
            [
              2.3451252549568364,
              41.61306313463924
            ]
          ]
        ]
      },
      "properties": {
        "id": "s_69ea2a9db1be529941c1c145",
        "externalId": "POLY-1WMX1ASW",
        "destinationNodes": [
          "n_69ea2ab8b1be529941c1c146"
        ],
        "center": [
          2.3451608636716594,
          41.61307049991751
        ],
        "details": {
          "description": "Halal and cosmopolitan street food that reinterprets kebab culture from a contemporary perspective.",
          "name": "Nomad Flow",
          "images": [
            {
              "url": "https://cdn.mappedin.com/5d370acd5f0d982c8a5241a6/c7ffd924bb03a575a76aacaa9e6a4d7a84b1d9a8.svg",
              "altText": "Logo for Nomad Flow"
            }
          ]
        }
      }
    },
    {
      "type": "Feature",
      "geometry": {
        "type": "Polygon",
        "coordinates": [
          [
            [
              2.3434992298243564,
              41.61037116083604
            ],
            [
              2.3435195250343996,
              41.61035810416777
            ],
            [
              2.343538370373788,
              41.610374586035135
            ],
            [
              2.3435180751623736,
              41.61038764270672
            ],
            [
              2.3434992298243564,
              41.61037116083604
            ]
          ]
        ]
      },
      "properties": {
        "id": "s_6a47689d380c4f105bde4183",
        "externalId": "unit11822",
        "destinationNodes": [],
        "center": [
          2.3435188000987295,
          41.61037287343642
        ],
        "details": {
          "description": "",
          "name": "",
          "images": []
        }
      }
    },
    {
      "type": "Feature",
      "geometry": {
        "type": "Polygon",
        "coordinates": [
          [
            [
              2.343260262707156,
              41.61014377709008
            ],
            [
              2.3432805578940323,
              41.61013072046384
            ],
            [
              2.3432994031059393,
              41.61014720237023
            ],
            [
              2.3432791079176916,
              41.61016025899979
            ],
            [
              2.343260262707156,
              41.61014377709008
            ]
          ]
        ]
      },
      "properties": {
        "id": "s_6a4768a2380c4f105bde4184",
        "externalId": "unit11822",
        "destinationNodes": [
          "n_6a4768be380c4f105bde4185"
        ],
        "center": [
          2.343279832906205,
          41.61014548973099
        ],
        "details": {
          "description": "Beauty rituals inspired by the excellence of Japanese skincare, meticulously crafted to nurture the skin and reveal its most radiant luminosity",
          "name": "Clé de Peau",
          "images": [
            {
              "url": "https://cdn.mappedin.com/5d370acd5f0d982c8a5241a6/7940b75a25a8abe179d08dc147813b964eae3f55.png",
              "altText": "Logo for Clé de Peau"
            }
          ]
        }
      }
    },
    {
      "type": "Feature",
      "geometry": {
        "type": "Point",
        "coordinates": [
          2.344592618671797,
          41.612597405620086
        ]
      },
      "properties": {
        "id": "s_754a10d5e47bba22",
        "externalId": "unit126",
        "destinationNodes": [
          "n_5d920f4be48bb3164000052b"
        ],
        "kind": "poi",
        "details": {
          "description": "A world leader in fashion and accessory design with his brands Emporio Armani and Armani Jeans. His style is synonymous with luxury and contemporary elegance, modernity and sophistication.",
          "images": [
            {
              "url": "https://cdn.mappedin.com/5d370acd5f0d982c8a5241a6/a0d887587736a8a99441ccbfd489448a1df35b9a.png",
              "altText": "Logo for Armani"
            }
          ],
          "name": "Armani"
        }
      }
    },
    {
      "type": "Feature",
      "geometry": {
        "type": "Point",
        "coordinates": [
          2.3423062348390244,
          41.60847310558627
        ]
      },
      "properties": {
        "id": "s_6824948074c71107",
        "externalId": "x2",
        "destinationNodes": [
          "n_602fe846edfe25725f00002c"
        ],
        "kind": "poi",
        "details": {
          "description": "",
          "images": [
            {
              "url": "https://cdn.mappedin.com/5d370acd5f0d982c8a5241a6/ca5108f78cadf26816050e5d04d22af10fff4b14.svg",
              "altText": "Logo for Concierge Services"
            }
          ],
          "name": "Concierge Services"
        }
      }
    },
    {
      "type": "Feature",
      "geometry": {
        "type": "Point",
        "coordinates": [
          2.3416443740195216,
          41.60785457278111
        ]
      },
      "properties": {
        "id": "s_85b1a8ac5ee8cb2f",
        "externalId": "x9",
        "destinationNodes": [
          "n_5d974d8b5d99b84013000001"
        ],
        "kind": "poi",
        "details": {
          "description": "",
          "images": [
            {
              "url": "https://cdn.mappedin.com/5d370acd5f0d982c8a5241a6/2574c5aef46ea0861a1ba3afbdb1fd2791d673d9.svg",
              "altText": "Logo for Parking"
            }
          ],
          "name": "Parking"
        }
      }
    },
    {
      "type": "Feature",
      "geometry": {
        "type": "Point",
        "coordinates": [
          2.3443633700924815,
          41.61159304921261
        ]
      },
      "properties": {
        "id": "s_2fea1ee50115f17f",
        "externalId": "p135",
        "destinationNodes": [
          "n_690221f95a82f582d5d15a12"
        ],
        "kind": "poi",
        "details": {
          "description": "Ice creams to cool off with: Dino by Cèntric PLS",
          "images": [
            {
              "url": "https://cdn.mappedin.com/5d370acd5f0d982c8a5241a6/30b67b870449e82d1d0efc93c6ecc20d777a851e.png",
              "altText": "Logo for Dino"
            }
          ],
          "name": "Dino"
        }
      }
    }
  ]
}
