{
  "type": "FeatureCollection",
  "features": [
    {
      "type": "Feature",
      "properties": {
        "id": "f_5d67417131894200135e375d",
        "externalId": "MAP-YJDGR3IH",
        "elevation": 0,
        "name": "Village Map",
        "shortName": "Map"
      },
      "geometry": {
        "type": "MultiPolygon",
        "coordinates": [
          [
            [
              [
                -3.904174513217614,
                40.51835110181051
              ],
              [
                -3.9041741573244213,
                40.51834347281195
              ],
              [
                -3.9041731481039754,
                40.518335854595136
              ],
              [
                -3.904171512720159,
                40.5183282530412
              ],
              [
                -3.904169278496623,
                40.518320674022235
              ],
              [
                -3.904166472594968,
                40.51831312347201
              ],
              [
                -3.9041631223550444,
                40.518305607348836
              ],
              [
                -3.9041592549221953,
                40.51829813150024
              ],
              [
                -3.9041548976362392,
                40.51829070188451
              ],
              [
                -3.9041500776587177,
                40.518283324435394
              ],
              [
                -3.904144822248359,
                40.51827600498801
              ],
              [
                -3.904139158631503,
                40.518268749513034
              ],
              [
                -3.904131546632175,
                40.51825977907253
              ],
              [
                -3.9041250641819296,
                40.51825268911585
              ],
              [
                -3.9041165147926082,
                40.518243944340725
              ],
              [
                -3.904109351390584,
                40.51823704982932
              ],
              [
                -3.904100037044167,
                40.518228568020525
              ],
              [
                -3.9040903721921723,
                40.51822024858017
              ],
              [
                -3.904080410022877,
                40.51821210288316
              ],
              [
                -3.904070203789428,
                40.51820414264934
              ],
              [
                -3.9040577089205697,
                40.518194851289294
              ],
              [
                -3.9040471529063008,
                40.518187339596125
              ],
              [
                -3.904034392912448,
                40.51817862000436
              ],
              [
                -3.90402161850557,
                40.51817024054489
              ],
              [
                -3.904008921589907,
                40.51816222118572
              ],
              [
                -3.903994329170966,
                40.51815334694776
              ],
              [
                -3.9039801133091245,
                40.51814502172883
              ],
              [
                -3.9039645151612707,
                40.518136220035444
              ],
              [
                -3.903949817499044,
                40.51812822400221
              ],
              [
                -3.9039346303865243,
                40.518120250484785
              ],
              [
                -3.903918443174241,
                40.51811206942431
              ],
              [
                -3.903903411277253,
                40.518104777978586
              ],
              [
                -3.903890284866027,
                40.51809871061332
              ],
              [
                -3.9018523660974904,
                40.51704320048133
              ],
              [
                -3.901839808449284,
                40.5170372865777
              ],
              [
                -3.9018276571905557,
                40.51703202436471
              ],
              [
                -3.9018159060914903,
                40.51702739185333
              ],
              [
                -3.9018045486486206,
                40.51702336709183
              ],
              [
                -3.901793578715035,
                40.51701992817767
              ],
              [
                -3.9017829900142043,
                40.51701705313444
              ],
              [
                -3.9017727761561996,
                40.51701471999799
              ],
              [
                -3.901762930945612,
                40.5170129069151
              ],
              [
                -3.9017534480249565,
                40.51701159178612
              ],
              [
                -3.901744321020624,
                40.517010752733185
              ],
              [
                -3.9017355437858954,
                40.517010367853686
              ],
              [
                -3.9017312843495175,
                40.5170103389214
              ],
              [
                -3.901725054394609,
                40.517010491998725
              ],
              [
                -3.901717040941953,
                40.51701104869505
              ],
              [
                -3.9017131581095765,
                40.517011471986464
              ],
              [
                -3.9017074863790056,
                40.51701228034499
              ],
              [
                -3.9017002049215415,
                40.51701366750289
              ],
              [
                -3.901696682702558,
                40.517014487559436
              ],
              [
                -3.9016915454048773,
                40.51701586781418
              ],
              [
                -3.9016882166179556,
                40.51701688418818
              ],
              [
                -3.9016833658032133,
                40.51701854620626
              ],
              [
                -3.9016802256316967,
                40.51701974191029
              ],
              [
                -3.9016756540181325,
                40.51702165990873
              ],
              [
                -3.901668397513688,
                40.51702516597872
              ],
              [
                -3.901664257124738,
                40.51702744015421
              ],
              [
                -3.901660273640558,
                40.5170298309348
              ],
              [
                -3.9016539757770943,
                40.51703404937128
              ],
              [
                -3.9016503976182655,
                40.51703670573741
              ],
              [
                -3.9016469664879163,
                40.51703944467217
              ],
              [
                -3.9016436799046788,
                40.51704225698584
              ],
              [
                -3.9016405351440957,
                40.517045133427075
              ],
              [
                -3.901634660290302,
                40.517051041588424
              ],
              [
                -3.901631925039882,
                40.51705405481818
              ],
              [
                -3.901628481591792,
                40.51705811287554
              ],
              [
                -3.901622997742033,
                40.517065264406824
              ],
              [
                -3.9016201631788308,
                40.517069341702665
              ],
              [
                -3.901617538233943,
                40.51707338481073
              ],
              [
                -3.9016128919651534,
                40.51708128079142
              ],
              [
                -3.9016085742783275,
                40.51708967676408
              ],
              [
                -3.9016045037159013,
                40.51709888635989
              ],
              [
                -3.90160123538255,
                40.517107689654246
              ],
              [
                -3.9015998443857782,
                40.51711209040192
              ],
              [
                -3.9015988831454416,
                40.517115623198876
              ],
              [
                -3.901661354296845,
                40.51715124416605
              ],
              [
                -3.901687829712602,
                40.51712439884668
              ],
              [
                -3.9016421085746225,
                40.51709856106604
              ],
              [
                -3.9016436285899667,
                40.51709536128406
              ],
              [
                -3.9016456154859163,
                40.51709176932238
              ],
              [
                -3.9016479924514504,
                40.517087967799135
              ],
              [
                -3.9016504374289958,
                40.51708446132295
              ],
              [
                -3.901653005033619,
                40.51708112428086
              ],
              [
                -3.901655957602188,
                40.517077646517194
              ],
              [
                -3.9016588674227535,
                40.517074538320905
              ],
              [
                -3.901662091095416,
                40.51707141408183
              ],
              [
                -3.901665110754412,
                40.517068755877325
              ],
              [
                -3.901668373156192,
                40.5170661441834
              ],
              [
                -3.9016718839298368,
                40.517063606150714
              ],
              [
                -3.9016750033850793,
                40.517061566662164
              ],
              [
                -3.9016789840961335,
                40.517059233424135
              ],
              [
                -3.9016825029336797,
                40.51705740239805
              ],
              [
                -3.9016862085424426,
                40.51705569106538
              ],
              [
                -3.9016901041992624,
                40.51705411499706
              ],
              [
                -3.901694193018953,
                40.517052689825675
              ],
              [
                -3.9016976054236236,
                40.5170516687595
              ],
              [
                -3.901702050381478,
                40.517050554428074
              ],
              [
                -3.9017057518269564,
                40.51704980226382
              ],
              [
                -3.9017105632891727,
                40.5170490492548
              ],
              [
                -3.901714562194848,
                40.51704860643506
              ],
              [
                -3.901718696006971,
                40.51704831402692
              ],
              [
                -3.9017229664126627,
                40.51704818007454
              ],
              [
                -3.9017273750179924,
                40.517048212498935
              ],
              [
                -3.9017319235586934,
                40.517048419294944
              ],
              [
                -3.9017366136084646,
                40.51704880851912
              ],
              [
                -3.9017414468868243,
                40.51704938808009
              ],
              [
                -3.901746425016084,
                40.51705016598507
              ],
              [
                -3.901751549731994,
                40.51705115022895
              ],
              [
                -3.9017568226406554,
                40.51705234873271
              ],
              [
                -3.901762245439282,
                40.517053769590895
              ],
              [
                -3.90307506139656,
                40.51774212616061
              ],
              [
                -3.903885355605797,
                40.51816421143948
              ],
              [
                -3.904097834536866,
                40.5183046762028
              ],
              [
                -3.904081946557669,
                40.51842874092908
              ],
              [
                -3.902941539990291,
                40.519213246064815
              ],
              [
                -3.9029415290748335,
                40.51921325282721
              ],
              [
                -3.902934191233207,
                40.5192173388734
              ],
              [
                -3.9029252865318025,
                40.51922205193562
              ],
              [
                -3.902915216529405,
                40.519227159703995
              ],
              [
                -3.902905333467079,
                40.51923198139507
              ],
              [
                -3.9028953606110264,
                40.519236675311284
              ],
              [
                -3.9028843154217756,
                40.51924168804668
              ],
              [
                -3.90287380567141,
                40.519246286525046
              ],
              [
                -3.902862537641185,
                40.51925103930599
              ],
              [
                -3.9028522980254117,
                40.519255204197435
              ],
              [
                -3.9028415414695554,
                40.51925942521145
              ],
              [
                -3.9028302863603566,
                40.51926367610558
              ],
              [
                -3.9028205395288835,
                40.519267222209564
              ],
              [
                -3.9028084182512015,
                40.519271459140235
              ],
              [
                -3.9027979755620965,
                40.519274956702226
              ],
              [
                -3.902787233644277,
                40.519278407824316
              ],
              [
                -3.902776203254437,
                40.51928179708139
              ],
              [
                -3.902764894971093,
                40.51928510933167
              ],
              [
                -3.9027556554577427,
                40.51928769342018
              ],
              [
                -3.902743874029696,
                40.51929082854714
              ],
              [
                -3.902734269870956,
                40.51929325108147
              ],
              [
                -3.9027220499012563,
                40.5192961595202
              ],
              [
                -3.902712108799089,
                40.519298381013485
              ],
              [
                -3.902702026766052,
                40.51930050039951
              ],
              [
                -3.9026918092777567,
                40.51930250986714
              ],
              [
                -3.9026814619232577,
                40.519304401592926
              ],
              [
                -3.902670990080971,
                40.51930616786433
              ],
              [
                -3.9026603993075124,
                40.51930780068542
              ],
              [
                -3.902649694932709,
                40.51930929239292
              ],
              [
                -3.902638882529415,
                40.51931063507718
              ],
              [
                -3.902627967508453,
                40.51931182089011
              ],
              [
                -3.9026169554265406,
                40.51931284214379
              ],
              [
                -3.902605851689645,
                40.51931369095504
              ],
              [
                -3.9023613462713738,
                40.51934011929361
              ],
              [
                -3.9023585331355686,
                40.51934065857656
              ],
              [
                -3.9023553509885565,
                40.51934099776675
              ],
              [
                -3.9023522322258883,
                40.51934107861593
              ],
              [
                -3.902349219387251,
                40.51934090296628
              ],
              [
                -3.902346509699928,
                40.51934050239002
              ],
              [
                -3.9023439823705326,
                40.519339884565866
              ],
              [
                -3.90234146596322,
                40.5193389848905
              ],
              [
                -3.9023392307877818,
                40.51933788805884
              ],
              [
                -3.902337294536699,
                40.5193366474967
              ],
              [
                -3.902335458601136,
                40.519335143697965
              ],
              [
                -3.9023337509464744,
                40.51933335426272
              ],
              [
                -3.9023323634162397,
                40.519331505775945
              ],
              [
                -3.9023311188875645,
                40.51932939821078
              ],
              [
                -3.9023300369653557,
                40.519327015796094
              ],
              [
                -3.9023291372869613,
                40.51932434293324
              ],
              [
                -3.9023176757580003,
                40.51927178693578
              ],
              [
                -3.902221153953007,
                40.51928228203612
              ],
              [
                -3.9022269646715277,
                40.519315502334095
              ],
              [
                -3.902228417351855,
                40.51932380740823
              ],
              [
                -3.902229870032057,
                40.51933211248285
              ],
              [
                -3.902230256328304,
                40.51933432096595
              ],
              [
                -3.9022299084548013,
                40.519338851547396
              ],
              [
                -3.9022292867691815,
                40.519341191124596
              ],
              [
                -3.9022281291278893,
                40.51934309217389
              ],
              [
                -3.9022269750654255,
                40.51934455489427
              ],
              [
                -3.9022246336431743,
                40.519346517846564
              ],
              [
                -3.902222585515527,
                40.519347993137906
              ],
              [
                -3.9022198861633184,
                40.51934911945207
              ],
              [
                -3.902214080280874,
                40.51935060956646
              ],
              [
                -3.9021978628419,
                40.519352246421356
              ],
              [
                -3.902162950284971,
                40.51935577020079
              ],
              [
                -3.9020931251607505,
                40.5193628177285
              ],
              [
                -3.9019534748687525,
                40.51937691265734
              ],
              [
                -3.9016741741081016,
                40.51940510201118
              ],
              [
                -3.9011155718821384,
                40.51946147870146
              ],
              [
                -3.900967672925311,
                40.51948158105275
              ],
              [
                -3.900964396732165,
                40.51948233842998
              ],
              [
                -3.900960165230963,
                40.51948311527344
              ],
              [
                -3.900955779732426,
                40.51948375345891
              ],
              [
                -3.900951304637808,
                40.519484256588036
              ],
              [
                -3.9009462053377972,
                40.51948466531747
              ],
              [
                -3.9009415042656608,
                40.519484896996765
              ],
              [
                -3.9009364140730938,
                40.51948499820188
              ],
              [
                -3.9009320753153642,
                40.519484965307754
              ],
              [
                -3.9009227306251093,
                40.51948453181206
              ],
              [
                -3.900917745283418,
                40.51948410098909
              ],
              [
                -3.900912565134198,
                40.519483507170335
              ],
              [
                -3.900903062011404,
                40.51948203067972
              ],
              [
                -3.9008973991861136,
                40.5194809109407
              ],
              [
                -3.9008930489989,
                40.51947992792025
              ],
              [
                -3.90088410254302,
                40.519477565725026
              ],
              [
                -3.9008748569776035,
                40.51947463288103
              ],
              [
                -3.900870132911574,
                40.519472936515704
              ],
              [
                -3.9008653470367225,
                40.51947107835806
              ],
              [
                -3.9008572453510624,
                40.51946760457612
              ],
              [
                -3.9008523161888093,
                40.5194652838268
              ],
              [
                -3.900847341353609,
                40.51946277783982
              ],
              [
                -3.9008389600352085,
                40.51945817242926
              ],
              [
                -3.9008304838149646,
                40.51945300536284
              ],
              [
                -3.90082193289514,
                40.51944724712144
              ],
              [
                -3.9008133274131764,
                40.519440868149
              ],
              [
                -3.900806417352782,
                40.51943529827771
              ],
              [
                -3.9007977645000316,
                40.51942772766676
              ],
              [
                -3.9007908425515723,
                40.51942116614188
              ],
              [
                -3.9007822075520555,
                40.51941230818946
              ],
              [
                -3.9007753261249007,
                40.51940467856443
              ],
              [
                -3.9007684793074917,
                40.519396549627615
              ],
              [
                -3.9007616776789678,
                40.519387906237554
              ],
              [
                -3.900754931380946,
                40.5193787333883
              ],
              [
                -3.900748250798074,
                40.51936901582751
              ],
              [
                -3.9007416462340077,
                40.519358738487675
              ],
              [
                -3.9007351279275673,
                40.51934788626428
              ],
              [
                -3.900728706344441,
                40.519336444028205
              ],
              [
                -3.9007223917720464,
                40.51932439662568
              ],
              [
                -3.9007161944654083,
                40.51931172903843
              ],
              [
                -3.900711629631744,
                40.5193018122064
              ],
              [
                -3.900687620608927,
                40.51924665943962
              ],
              [
                -3.900668004909312,
                40.51920023977575
              ],
              [
                -3.900650121817517,
                40.519156567416005
              ],
              [
                -3.9006342684521953,
                40.51911642366748
              ],
              [
                -3.900626736083364,
                40.519096735197316
              ],
              [
                -3.9006194349451286,
                40.519077165197
              ],
              [
                -3.9006131070072905,
                40.5190597227691
              ],
              [
                -3.900607243335741,
                40.51904304928357
              ],
              [
                -3.900601672446349,
                40.519026599330786
              ],
              [
                -3.9005968292352247,
                40.51901160442858
              ],
              [
                -3.9005927905293523,
                40.518998292977145
              ],
              [
                -3.900590062376935,
                40.518988379342495
              ],
              [
                -3.900510058539072,
                40.51892869709174
              ],
              [
                -3.9003951494568656,
                40.518976387961615
              ],
              [
                -3.9004032032219396,
                40.518993566527485
              ],
              [
                -3.9004102043179905,
                40.5190090131991
              ],
              [
                -3.9004169702349007,
                40.51902440835455
              ],
              [
                -3.9004242110054634,
                40.51904140862601
              ],
              [
                -3.900431159013825,
                40.51905824911509
              ],
              [
                -3.9004378131150457,
                40.51907487912874
              ],
              [
                -3.900444791570528,
                40.519092868656905
              ],
              [
                -3.900451411213749,
                40.51911047499056
              ],
              [
                -3.900458221591247,
                40.51912916559547
              ],
              [
                -3.9004646007665524,
                40.51914723250781
              ],
              [
                -3.9004710226107444,
                40.51916599967186
              ],
              [
                -3.9004769332454297,
                40.51918382093332
              ],
              [
                -3.900482723790539,
                40.51920182772261
              ],
              [
                -3.900488607361478,
                40.51922072767552
              ],
              [
                -3.9004942843601746,
                40.51923960111702
              ],
              [
                -3.9004996374740126,
                40.51925804321698
              ],
              [
                -3.9005029793095347,
                40.519270228895
              ],
              [
                -3.9005057509000944,
                40.51928117242703
              ],
              [
                -3.900508634747823,
                40.519293472529824
              ],
              [
                -3.9005111871514093,
                40.519305236825865
              ],
              [
                -3.9005136343659754,
                40.519317395075845
              ],
              [
                -3.9005161667469146,
                40.51933101108922
              ],
              [
                -3.900518394774429,
                40.51934399010325
              ],
              [
                -3.900520689751293,
                40.51935849525409
              ],
              [
                -3.9005246023401074,
                40.5193864886657
              ],
              [
                -3.9005264008021747,
                40.51940107635174
              ],
              [
                -3.900528230475733,
                40.51941732416182
              ],
              [
                -3.900531401954562,
                40.51944986952263
              ],
              [
                -3.9005342159456107,
                40.51948553055881
              ],
              [
                -3.9005355492633824,
                40.519495089528135
              ],
              [
                -3.90053756082713,
                40.519506085727336
              ],
              [
                -3.9005400003037716,
                40.51951703712047
              ],
              [
                -3.900542828736948,
                40.51952779201417
              ],
              [
                -3.9005458238353468,
                40.519537632462715
              ],
              [
                -3.9005490715417035,
                40.51954697959816
              ],
              [
                -3.9005528343070277,
                40.51955648302713
              ],
              [
                -3.900556730301549,
                40.51956513055541
              ],
              [
                -3.900560645369567,
                40.5195728223991
              ],
              [
                -3.900564966593463,
                40.51958034209612
              ],
              [
                -3.9005697125925907,
                40.51958760649001
              ],
              [
                -3.9005743026510316,
                40.51959378234572
              ],
              [
                -3.900579255808334,
                40.51959963256323
              ],
              [
                -3.900584584935907,
                40.51960509880983
              ],
              [
                -3.900587394554404,
                40.51960766971583
              ],
              [
                -3.9005903030347895,
                40.519610122826705
              ],
              [
                -3.9005956356199687,
                40.51961411014692
              ],
              [
                -3.9006001508595167,
                40.51961704106187
              ],
              [
                -3.900603407534814,
                40.51961895672076
              ],
              [
                -3.900606720773815,
                40.51962074571971
              ],
              [
                -3.9006106579040374,
                40.519622672976105
              ],
              [
                -3.900614093875979,
                40.51962418772382
              ],
              [
                -3.9006175864926296,
                40.51962557593477
              ],
              [
                -3.9006217327238333,
                40.519627035506595
              ],
              [
                -3.900625348073314,
                40.51962814946627
              ],
              [
                -3.900629020051227,
                40.51962913680293
              ],
              [
                -3.900632748608948,
                40.51962999756588
              ],
              [
                -3.900636533859894,
                40.51963073174274
              ],
              [
                -3.9006403756906103,
                40.519631339345864
              ],
              [
                -3.9006442742145104,
                40.51963182036292
              ],
              [
                -3.900648229318139,
                40.519632174806205
              ],
              [
                -3.9006522411149107,
                40.51963240266341
              ],
              [
                -3.9006569930722317,
                40.51963250847271
              ],
              [
                -3.9006611275366088,
                40.51963246204158
              ],
              [
                -3.9006653186454496,
                40.51963228907362
              ],
              [
                -3.9006702798325055,
                40.51963192727199
              ],
              [
                -3.900678964078061,
                40.51963090617316
              ],
              [
                -3.9006841344783374,
                40.519630076674325
              ],
              [
                -3.9006931774605436,
                40.5196282539126
              ],
              [
                -3.900697783869429,
                40.519627152621716
              ],
              [
                -3.9007032295864645,
                40.51962570779717
              ],
              [
                -3.900712744447263,
                40.51962283013849
              ],
              [
                -3.9007224858522034,
                40.51961944615972
              ],
              [
                -3.900733294718975,
                40.51961520879419
              ],
              [
                -3.9007729119504595,
                40.519604291762136
              ],
              [
                -3.9008148851589493,
                40.519592979656004
              ],
              [
                -3.900852113365447,
                40.51958317785653
              ],
              [
                -3.9008874687378623,
                40.519574124179684
              ],
              [
                -3.900917242384329,
                40.519566763303146
              ],
              [
                -3.900943711784985,
                40.51956051613911
              ],
              [
                -3.9009661900939894,
                40.519555557988745
              ],
              [
                -3.9009843159804083,
                40.51955196668156
              ],
              [
                -3.9010012844375836,
                40.519549370037424
              ],
              [
                -3.901030824023133,
                40.519545383041105
              ],
              [
                -3.901072805191227,
                40.51953995179031
              ],
              [
                -3.9011260102070846,
                40.51953321975491
              ],
              [
                -3.9012707775796986,
                40.51951525012788
              ],
              [
                -3.9014603214193055,
                40.51949205712831
              ],
              [
                -3.9016980977897067,
                40.5194632134078
              ],
              [
                -3.901995228806047,
                40.51942738794325
              ],
              [
                -3.9023269556376365,
                40.51938757413579
              ],
              [
                -3.902679078746856,
                40.51934547770023
              ],
              [
                -3.902688130549285,
                40.519344681520785
              ],
              [
                -3.9026970598985686,
                40.51934372825135
              ],
              [
                -3.9027059806523345,
                40.51934261118706
              ],
              [
                -3.9027148854713,
                40.519341338077695
              ],
              [
                -3.902723766837922,
                40.519339916648356
              ],
              [
                -3.9027326174777586,
                40.51933835468577
              ],
              [
                -3.902741429954259,
                40.519336659730264
              ],
              [
                -3.902750196895783,
                40.51933483966714
              ],
              [
                -3.9027675644765005,
                40.51933085494601
              ],
              [
                -3.902776150372365,
                40.5193287057506
              ],
              [
                -3.9027867763053243,
                40.5193258876154
              ],
              [
                -3.902805561178582,
                40.51932049188061
              ],
              [
                -3.902823834800296,
                40.51931475588466
              ],
              [
                -3.9028434369432112,
                40.51930809032153
              ],
              [
                -3.902852926242723,
                40.51930467843132
              ],
              [
                -3.902864012492081,
                40.51930054238507
              ],
              [
                -3.9028834052030286,
                40.519292924106246
              ],
              [
                -3.9029030314514226,
                40.519284721741215
              ],
              [
                -3.9029236520727513,
                40.51927556634914
              ],
              [
                -3.9029438287043994,
                40.51926605444979
              ],
              [
                -3.902953420110557,
                40.51926132650771
              ],
              [
                -3.90296327167359,
                40.5192563158782
              ],
              [
                -3.902972062522657,
                40.51925169043036
              ],
              [
                -3.902979388307451,
                40.51924767830964
              ],
              [
                -3.9038997017142227,
                40.518646890663405
              ],
              [
                -3.9039124416726017,
                40.51863880464426
              ],
              [
                -3.903927005784257,
                40.51862921608552
              ],
              [
                -3.9039426874572998,
                40.51861856156933
              ],
              [
                -3.9039573987990015,
                40.51860826745538
              ],
              [
                -3.9039716345258326,
                40.51859802576623
              ],
              [
                -3.9039867408762863,
                40.51858684097769
              ],
              [
                -3.904000506852383,
                40.51857634396631
              ],
              [
                -3.904014635795499,
                40.5185652405636
              ],
              [
                -3.904026927954325,
                40.518555281682886
              ],
              [
                -3.904039293456124,
                40.5185449510475
              ],
              [
                -3.904051643310295,
                40.518534282622205
              ],
              [
                -3.904061858406378,
                40.51852515872978
              ],
              [
                -3.9040739476826474,
                40.518513959422705
              ],
              [
                -3.9040838206922945,
                40.51850444079993
              ],
              [
                -3.9040934557036633,
                40.51849477422187
              ],
              [
                -3.904102800962405,
                40.5184849793084
              ],
              [
                -3.9041118049249333,
                40.518475075876395
              ],
              [
                -3.9041187277229557,
                40.51846708817137
              ],
              [
                -3.904126987240783,
                40.518457038842676
              ],
              [
                -3.9041332475428967,
                40.51844895995074
              ],
              [
                -3.9041405953953796,
                40.51843882862538
              ],
              [
                -3.90414605944135,
                40.518430709567994
              ],
              [
                -3.9041511267013926,
                40.51842258909134
              ],
              [
                -3.9041557706503505,
                40.51841447725181
              ],
              [
                -3.9041599649251135,
                40.51840638404424
              ],
              [
                -3.90416368301678,
                40.518398319611315
              ],
              [
                -3.904166898643327,
                40.518390294071004
              ],
              [
                -3.9041695852148237,
                40.51838231744279
              ],
              [
                -3.90417171638444,
                40.51837439980769
              ],
              [
                -3.9041732657567585,
                40.518366551296076
              ],
              [
                -3.9041742068553114,
                40.51835878191503
              ],
              [
                -3.904174513217614,
                40.51835110181051
              ]
            ]
          ],
          [
            [
              [
                -3.9037814262311086,
                40.51860614088034
              ],
              [
                -3.903781361524456,
                40.518603400933536
              ],
              [
                -3.9037806659181387,
                40.51860090173181
              ],
              [
                -3.903779274207014,
                40.51859830614793
              ],
              [
                -3.9037773136375375,
                40.51859628738523
              ],
              [
                -3.903774910048614,
                40.51859431685386
              ],
              [
                -3.9037716841208474,
                40.51859277905615
              ],
              [
                -3.9037690905042393,
                40.51859220230655
              ],
              [
                -3.903768774045111,
                40.51859051986921
              ],
              [
                -3.9037680144862383,
                40.51858888561823
              ],
              [
                -3.903766116368373,
                40.518586001423316
              ],
              [
                -3.9037647243277904,
                40.518584607392015
              ],
              [
                -3.9037631429847535,
                40.518583405438626
              ],
              [
                -3.903761371706867,
                40.51858239595483
              ],
              [
                -3.9037577026802683,
                40.51858090634307
              ],
              [
                -3.9037558054070316,
                40.518580425733965
              ],
              [
                -3.903753718515178,
                40.51858013739904
              ],
              [
                -3.903750050741827,
                40.518579849865844
              ],
              [
                -3.903748280637411,
                40.5185800424152
              ],
              [
                -3.9037448040530967,
                40.518580764116045
              ],
              [
                -3.903744297566659,
                40.518580475459984
              ],
              [
                -3.9037430961616115,
                40.51858009147393
              ],
              [
                -3.903742589675187,
                40.518579802817875
              ],
              [
                -3.9037399377376683,
                40.51857889211117
              ],
              [
                -3.9037364599797066,
                40.51857841177804
              ],
              [
                -3.9037331092321215,
                40.51857860488811
              ],
              [
                -3.9037298207631106,
                40.518579133833256
              ],
              [
                -3.90372640629913,
                40.518580191654294
              ],
              [
                -3.9037235616287456,
                40.518581874927776
              ],
              [
                -3.903720968697592,
                40.518583702048666
              ],
              [
                -3.9037189461931026,
                40.51858615385586
              ],
              [
                -3.903717367249983,
                40.518589760232075
              ],
              [
                -3.9037169891843977,
                40.51859134681332
              ],
              [
                -3.9037144596529423,
                40.51859230753919
              ],
              [
                -3.9037114248081926,
                40.51859418164253
              ],
              [
                -3.9037104764742065,
                40.51859514325128
              ],
              [
                -3.90370813802356,
                40.518599517760265
              ],
              [
                -3.9037072532199746,
                40.518602017282106
              ],
              [
                -3.903707254062842,
                40.51860442086847
              ],
              [
                -3.9037076977679632,
                40.51860677650968
              ],
              [
                -3.903708582990479,
                40.518609083437724
              ],
              [
                -3.903710354175939,
                40.518611294234816
              ],
              [
                -3.9037125045998797,
                40.51861312048403
              ],
              [
                -3.9037152874272976,
                40.51861470646954
              ],
              [
                -3.9037150351062526,
                40.5186169657729
              ],
              [
                -3.903715225805451,
                40.518619176844624
              ],
              [
                -3.903715858814193,
                40.518621340407485
              ],
              [
                -3.9037168716154813,
                40.51862311898688
              ],
              [
                -3.9037183260128914,
                40.51862484889864
              ],
              [
                -3.903720223194306,
                40.51862653082048
              ],
              [
                -3.903722309757504,
                40.51862802070865
              ],
              [
                -3.9037250292782044,
                40.518629269896664
              ],
              [
                -3.903727431773038,
                40.51863003843994
              ],
              [
                -3.9037297718312622,
                40.51863047105869
              ],
              [
                -3.9037323015881085,
                40.51863071144871
              ],
              [
                -3.903734578100937,
                40.51863080751024
              ],
              [
                -3.9037372340900878,
                40.518630518784505
              ],
              [
                -3.9037393839091905,
                40.51862994120671
              ],
              [
                -3.9037417227937765,
                40.51862917179152
              ],
              [
                -3.9037438088302805,
                40.51862825789788
              ],
              [
                -3.9037460864377405,
                40.51862955594784
              ],
              [
                -3.903749438204079,
                40.51863056515621
              ],
              [
                -3.903752916202024,
                40.51863104524845
              ],
              [
                -3.903756266714989,
                40.51863085237831
              ],
              [
                -3.9037595554228637,
                40.518630323191545
              ],
              [
                -3.903762969889037,
                40.51862926537039
              ],
              [
                -3.903765814560929,
                40.518627582095455
              ],
              [
                -3.903768407254887,
                40.51862575521454
              ],
              [
                -3.9037704297587625,
                40.5186233034065
              ],
              [
                -3.9037720089374863,
                40.518619696788555
              ],
              [
                -3.9037721966826915,
                40.51861709996625
              ],
              [
                -3.9037734615673174,
                40.518616619482195
              ],
              [
                -3.9037775081315753,
                40.51861412061025
              ],
              [
                -3.903778266608368,
                40.518613351515306
              ],
              [
                -3.90378079459464,
                40.518608784686464
              ],
              [
                -3.9037814262311086,
                40.51860614088034
              ]
            ]
          ],
          [
            [
              [
                -3.9036536746723884,
                40.518629861203436
              ],
              [
                -3.9036536100493793,
                40.51862712130127
              ],
              [
                -3.9036529143696197,
                40.5186246220536
              ],
              [
                -3.903651522661814,
                40.51862202646831
              ],
              [
                -3.903649562175718,
                40.518620007748396
              ],
              [
                -3.9036471585094716,
                40.51861803716943
              ],
              [
                -3.9036439325841426,
                40.51861649936853
              ],
              [
                -3.9036413390466462,
                40.5186159226603
              ],
              [
                -3.9036410225115192,
                40.51861424017751
              ],
              [
                -3.9036402629561398,
                40.51861260592609
              ],
              [
                -3.9036383648419646,
                40.518609721729206
              ],
              [
                -3.9036369728831257,
                40.51860832774095
              ],
              [
                -3.9036353914633755,
                40.5186071257411
              ],
              [
                -3.903633620186137,
                40.518606116254986
              ],
              [
                -3.9036299512408195,
                40.51860462668464
              ],
              [
                -3.9036280539673425,
                40.51860414607395
              ],
              [
                -3.9036259670746514,
                40.518603857736345
              ],
              [
                -3.9036222992221057,
                40.518603570154404
              ],
              [
                -3.9036205291166968,
                40.51860376270181
              ],
              [
                -3.9036170525296146,
                40.518604484397954
              ],
              [
                -3.9036165461226413,
                40.51860419578643
              ],
              [
                -3.903615344639456,
                40.51860381175433
              ],
              [
                -3.903614838232495,
                40.518603523142794
              ],
              [
                -3.9036121862946387,
                40.5186026124333
              ],
              [
                -3.9036087085368476,
                40.518602132095836
              ],
              [
                -3.90360535770813,
                40.51860232515763
              ],
              [
                -3.9036020692375963,
                40.51860285409953
              ],
              [
                -3.903598654651637,
                40.5186039120362
              ],
              [
                -3.9035958099765526,
                40.51860559530703
              ],
              [
                -3.9035932172786705,
                40.51860742218408
              ],
              [
                -3.903591194847886,
                40.51860987403413
              ],
              [
                -3.9035896156596652,
                40.5186134806496
              ],
              [
                -3.903589237630908,
                40.5186150670646
              ],
              [
                -3.9035867079776487,
                40.51861602790843
              ],
              [
                -3.903583673128254,
                40.51861790200844
              ],
              [
                -3.903582724910691,
                40.51861886349589
              ],
              [
                -3.903580386649052,
                40.518623237926626
              ],
              [
                -3.9035795016428683,
                40.51862573752353
              ],
              [
                -3.903579502480507,
                40.518628141109524
              ],
              [
                -3.903579946300375,
                40.51863049663048
              ],
              [
                -3.903580831479957,
                40.5186328037252
              ],
              [
                -3.903582602661182,
                40.51863501452388
              ],
              [
                -3.9035847531220647,
                40.51863684061098
              ],
              [
                -3.90358753602589,
                40.51863842664428
              ],
              [
                -3.903587283502766,
                40.51864068602252
              ],
              [
                -3.9035874740798744,
                40.51864289721508
              ],
              [
                -3.9035881072817538,
                40.51864506070309
              ],
              [
                -3.903589120119511,
                40.518646839118276
              ],
              [
                -3.903590574277602,
                40.518648569272514
              ],
              [
                -3.903592471456321,
                40.51865025119557
              ],
              [
                -3.9035945582157514,
                40.51865174101123
              ],
              [
                -3.9035972775367003,
                40.51865299027707
              ],
              [
                -3.9035996800310815,
                40.51865375882384
              ],
              [
                -3.9036020204049384,
                40.518654191249375
              ],
              [
                -3.9036045499645358,
                40.518654431717344
              ],
              [
                -3.9036068263600434,
                40.51865452790201
              ],
              [
                -3.903609482469763,
                40.518654239058456
              ],
              [
                -3.9036116321709997,
                40.51865366160341
              ],
              [
                -3.9036139712560507,
                40.518652892115114
              ],
              [
                -3.9036160570973495,
                40.51865197829896
              ],
              [
                -3.9036183347828826,
                40.51865327639686
              ],
              [
                -3.9036216867054425,
                40.51865428532346
              ],
              [
                -3.9036251645857583,
                40.518654765540155
              ],
              [
                -3.903628515297313,
                40.518654572598166
              ],
              [
                -3.903631803810323,
                40.518654043490564
              ],
              [
                -3.903635218280206,
                40.51865298567268
              ],
              [
                -3.903638063034919,
                40.51865130244645
              ],
              [
                -3.903640655733114,
                40.518649475567535
              ],
              [
                -3.9036426782818765,
                40.51864702359639
              ],
              [
                -3.9036442573500887,
                40.51864341710081
              ],
              [
                -3.903644445297993,
                40.51864082020353
              ],
              [
                -3.903645710064904,
                40.51864033984161
              ],
              [
                -3.9036497565567485,
                40.518637840928555
              ],
              [
                -3.903650514916197,
                40.51863707195519
              ],
              [
                -3.903653043109751,
                40.51863250505396
              ],
              [
                -3.9036536746723884,
                40.518629861203436
              ]
            ]
          ],
          [
            [
              [
                -3.9035876417835533,
                40.51869761943616
              ],
              [
                -3.9035875770840853,
                40.5186948794889
              ],
              [
                -3.903586881366098,
                40.518692380406634
              ],
              [
                -3.9035854897785214,
                40.51868978469981
              ],
              [
                -3.903583529212853,
                40.5186877659342
              ],
              [
                -3.9035811255466046,
                40.51868579535337
              ],
              [
                -3.9035778996195294,
                40.51868425755064
              ],
              [
                -3.903575306079493,
                40.51868368084142
              ],
              [
                -3.903574989506205,
                40.518681998523796
              ],
              [
                -3.9035742299516674,
                40.51868036427192
              ],
              [
                -3.903572331957493,
                40.51867747995322
              ],
              [
                -3.903570939919041,
                40.51867608591959
              ],
              [
                -3.903569358459376,
                40.51867488408416
              ],
              [
                -3.9035675871813424,
                40.51867387459704
              ],
              [
                -3.903563918273284,
                40.51867238485928
              ],
              [
                -3.903562020998848,
                40.51867190424702
              ],
              [
                -3.903559933985254,
                40.51867161602897
              ],
              [
                -3.903556266248362,
                40.51867132832419
              ],
              [
                -3.9035544962200674,
                40.518671520915674
              ],
              [
                -3.9035510196282743,
                40.51867224261033
              ],
              [
                -3.90355051314198,
                40.51867195395344
              ],
              [
                -3.9035493117370517,
                40.51867156996574
              ],
              [
                -3.9035488052507703,
                40.51867128130883
              ],
              [
                -3.9035461533122655,
                40.518670370597704
              ],
              [
                -3.9035426754317055,
                40.51866989037864
              ],
              [
                -3.9035393247191386,
                40.518670083318156
              ],
              [
                -3.903536036204611,
                40.51867061242314
              ],
              [
                -3.9035326217322655,
                40.5186716702381
              ],
              [
                -3.903529777053134,
                40.51867335350683
              ],
              [
                -3.9035271841526606,
                40.51867518045807
              ],
              [
                -3.903525161717417,
                40.518677632306954
              ],
              [
                -3.9035235826431265,
                40.51868123880078
              ],
              [
                -3.9035232046910306,
                40.518682825261145
              ],
              [
                -3.903520674955662,
                40.51868378605796
              ],
              [
                -3.9035176401799605,
                40.518685660201804
              ],
              [
                -3.9035166918423863,
                40.518686621808484
              ],
              [
                -3.903514353494496,
                40.51869099619331
              ],
              [
                -3.9035134686831268,
                40.518693495714054
              ],
              [
                -3.9035134694004543,
                40.518695899420656
              ],
              [
                -3.903513913217803,
                40.51869825494149
              ],
              [
                -3.903514798316428,
                40.518700561992134
              ],
              [
                -3.9035165696158582,
                40.51870277267157
              ],
              [
                -3.9035187200381025,
                40.51870459892473
              ],
              [
                -3.903521502864085,
                40.51870618491454
              ],
              [
                -3.903521250536166,
                40.51870844421746
              ],
              [
                -3.903521441111289,
                40.51871065541013
              ],
              [
                -3.9035220742325847,
                40.51871281885342
              ],
              [
                -3.903523087030113,
                40.51871459743452
              ],
              [
                -3.903524541306563,
                40.51871632746933
              ],
              [
                -3.903526438485057,
                40.51871800939396
              ],
              [
                -3.903528525047443,
                40.518719499285986
              ],
              [
                -3.903531244567596,
                40.518720748478174
              ],
              [
                -3.903533646985042,
                40.51872151698076
              ],
              [
                -3.9035359872422455,
                40.51872194952788
              ],
              [
                -3.903538517001848,
                40.518722189922116
              ],
              [
                -3.9035407933995616,
                40.518722286108066
              ],
              [
                -3.9035434495117642,
                40.51872199726652
              ],
              [
                -3.903545599137136,
                40.518721419767125
              ],
              [
                -3.9035479382248233,
                40.51872065028066
              ],
              [
                -3.903550024148223,
                40.51871973651076
              ],
              [
                -3.9035523017556866,
                40.51872103456489
              ],
              [
                -3.9035556536416265,
                40.51872204365824
              ],
              [
                -3.903559131643577,
                40.51872252375666
              ],
              [
                -3.9035624821610235,
                40.51872233089174
              ],
              [
                -3.903565770756971,
                40.51872180183109
              ],
              [
                -3.9035691853488053,
                40.51872074389503
              ],
              [
                -3.9035720300294448,
                40.51871906062484
              ],
              [
                -3.9035746227322217,
                40.51871723374827
              ],
              [
                -3.9035766452459444,
                40.51871478194359
              ],
              [
                -3.903578224437249,
                40.5187111753283
              ],
              [
                -3.9035784121902157,
                40.51870857850631
              ],
              [
                -3.9035796770779565,
                40.51870809802436
              ],
              [
                -3.9035837235363675,
                40.51870559927942
              ],
              [
                -3.9035844820164174,
                40.518704830185754
              ],
              [
                -3.903587010019341,
                40.51870026336113
              ],
              [
                -3.9035876417835533,
                40.51869761943616
              ]
            ]
          ],
          [
            [
              [
                -3.903404370221181,
                40.51827205642183
              ],
              [
                -3.90335589084751,
                40.518180638062766
              ],
              [
                -3.9032449934020983,
                40.51811743426794
              ],
              [
                -3.903248367508477,
                40.518113240617005
              ],
              [
                -3.903251925215159,
                40.518108228689385
              ],
              [
                -3.9032543553793255,
                40.518105764516534
              ],
              [
                -3.9028844780906646,
                40.51789495937493
              ],
              [
                -3.902882047919778,
                40.51789742353833
              ],
              [
                -3.9028395071445394,
                40.51787317800189
              ],
              [
                -3.9028378708780607,
                40.51787249125148
              ],
              [
                -3.902835932241692,
                40.517871845330724
              ],
              [
                -3.902833950142999,
                40.51787133353446
              ],
              [
                -3.902831952715291,
                40.51787096142703
              ],
              [
                -3.9028300771055022,
                40.51787074366162
              ],
              [
                -3.9028282480682903,
                40.51787065836982
              ],
              [
                -3.9028263342303817,
                40.51787071050975
              ],
              [
                -3.9028245371180015,
                40.5178709003862
              ],
              [
                -3.9028228856516494,
                40.51787120483522
              ],
              [
                -3.9028212130067685,
                40.51787165141308
              ],
              [
                -3.902819529817445,
                40.517872255110746
              ],
              [
                -3.9028180334746407,
                40.51787293581422
              ],
              [
                -3.902816544799352,
                40.51787376307746
              ],
              [
                -3.902815071167399,
                40.517874747493934
              ],
              [
                -3.9028123750326222,
                40.51787705345483
              ],
              [
                -3.902809891676976,
                40.517879999636875
              ],
              [
                -3.9028090874439387,
                40.517881325152025
              ],
              [
                -3.9028084944825734,
                40.517882608950075
              ],
              [
                -3.902808096571234,
                40.517883849407134
              ],
              [
                -3.90280786154495,
                40.5178851911667
              ],
              [
                -3.9028078294244115,
                40.5178864738157
              ],
              [
                -3.902807976744148,
                40.51788769506601
              ],
              [
                -3.902808322865966,
                40.51788897719477
              ],
              [
                -3.9028088883800476,
                40.51789029306008
              ],
              [
                -3.9028096063916746,
                40.5178915058424
              ],
              [
                -3.902810513610782,
                40.51789270636574
              ],
              [
                -3.90281166384868,
                40.51789393854042
              ],
              [
                -3.9028129924585153,
                40.51789511409637
              ],
              [
                -3.902814482761157,
                40.5178962157521
              ],
              [
                -3.9028584633824446,
                40.517921337969206
              ],
              [
                -3.9028301395393834,
                40.51795005799782
              ],
              [
                -3.9028168754685213,
                40.51794194386999
              ],
              [
                -3.90281423881482,
                40.517944421541394
              ],
              [
                -3.9027851439405414,
                40.51792783930203
              ],
              [
                -3.902783110295284,
                40.517926837923476
              ],
              [
                -3.9027810648511596,
                40.51792612789536
              ],
              [
                -3.9027790154524653,
                40.51792568782944
              ],
              [
                -3.9027769704235227,
                40.51792549644944
              ],
              [
                -3.9027749377807384,
                40.51792553238055
              ],
              [
                -3.9027726757658883,
                40.51792581803987
              ],
              [
                -3.9027704510937133,
                40.51792633414823
              ],
              [
                -3.9027682753435853,
                40.51792705027575
              ],
              [
                -3.9027659290685137,
                40.5179280437429
              ],
              [
                -3.9027634530438395,
                40.517929328858926
              ],
              [
                -3.9027611072457664,
                40.51793076163888
              ],
              [
                -3.902758721444188,
                40.51793242813077
              ],
              [
                -3.9027562017836983,
                40.5179344151851
              ],
              [
                -3.9027537231047456,
                40.517936602814046
              ],
              [
                -3.9027513208410425,
                40.5179389624816
              ],
              [
                -3.902749315969876,
                40.517941166873335
              ],
              [
                -3.90238316276904,
                40.51831243831995
              ],
              [
                -3.9023608778652075,
                40.518335034543064
              ],
              [
                -3.9023576364024635,
                40.51833318710632
              ],
              [
                -3.90207892960307,
                40.51861578578061
              ],
              [
                -3.902075064478968,
                40.518619553932254
              ],
              [
                -3.9020714238266345,
                40.51862283857126
              ],
              [
                -3.902067714081024,
                40.518625936867544
              ],
              [
                -3.9020636181262103,
                40.51862908256923
              ],
              [
                -3.902059767078843,
                40.518631791315535
              ],
              [
                -3.9020555200105074,
                40.51863451408364
              ],
              [
                -3.9020515311614328,
                40.51863683157946
              ],
              [
                -3.902047136787495,
                40.518639129503946
              ],
              [
                -3.902043013782593,
                40.51864105390089
              ],
              [
                -3.9020384759109836,
                40.51864292507181
              ],
              [
                -3.9020342223151587,
                40.5186444547063
              ],
              [
                -3.902029544932086,
                40.518645897238244
              ],
              [
                -3.902025164342633,
                40.51864703031118
              ],
              [
                -3.902020351256053,
                40.518648042294146
              ],
              [
                -3.9020158471568456,
                40.51864877701877
              ],
              [
                -3.9020112850316977,
                40.51864931992943
              ],
              [
                -3.9020059303534342,
                40.51864970729125
              ],
              [
                -3.902001031971993,
                40.51864983314396
              ],
              [
                -3.90199621790821,
                40.51864975192527
              ],
              [
                -3.9019914991533198,
                40.518649481447234
              ],
              [
                -3.9019868864068523,
                40.51864903950963
              ],
              [
                -3.901981837474737,
                40.51864835967226
              ],
              [
                -3.9019769521451573,
                40.518647510868576
              ],
              [
                -3.9019717345651497,
                40.51864640041251
              ],
              [
                -3.901966759205437,
                40.51864514755224
              ],
              [
                -3.901961591465959,
                40.5186436464738
              ],
              [
                -3.9019567708404335,
                40.51864206154273
              ],
              [
                -3.9019519409039574,
                40.51864029146825
              ],
              [
                -3.901946919571238,
                40.518638250409694
              ],
              [
                -3.9019420612476017,
                40.51863606645225
              ],
              [
                -3.90193743638381,
                40.518633768586035
              ],
              [
                -3.9018799289145534,
                40.51860104643021
              ],
              [
                -3.9018474758011066,
                40.51863395237461
              ],
              [
                -3.9014525241095934,
                40.518408850712795
              ],
              [
                -3.9014266126009094,
                40.518435123588205
              ],
              [
                -3.9012810609438233,
                40.51835216607141
              ],
              [
                -3.9012912830595714,
                40.518342618026715
              ],
              [
                -3.9014296046591475,
                40.518421462346495
              ],
              [
                -3.9014847759852973,
                40.518365521543686
              ],
              [
                -3.901457152365637,
                40.51834977743038
              ],
              [
                -3.9014296809235476,
                40.51837763202107
              ],
              [
                -3.9011344746566166,
                40.51821087134046
              ],
              [
                -3.9011069970032475,
                40.5181953490565
              ],
              [
                -3.9011354989856053,
                40.51816644969361
              ],
              [
                -3.9010369532139886,
                40.51811028272522
              ],
              [
                -3.9010090832443303,
                40.518139403586815
              ],
              [
                -3.900973019331473,
                40.518118848615714
              ],
              [
                -3.9007866060064735,
                40.51801260018348
              ],
              [
                -3.9007680046234903,
                40.51803146063486
              ],
              [
                -3.9006920910184655,
                40.51798819260784
              ],
              [
                -3.900697899419779,
                40.517982303266706
              ],
              [
                -3.9000481864747707,
                40.517611985936234
              ],
              [
                -3.8999221273789195,
                40.51753939538585
              ],
              [
                -3.8999840792469684,
                40.51747658087711
              ],
              [
                -3.8999022287298217,
                40.517429927768895
              ],
              [
                -3.8998773671793083,
                40.51745513548851
              ],
              [
                -3.8996191810641383,
                40.517307973887924
              ],
              [
                -3.899560370117853,
                40.51727445249948
              ],
              [
                -3.8995157498702007,
                40.51724901956166
              ],
              [
                -3.8995406114802433,
                40.517223811919536
              ],
              [
                -3.899690714339135,
                40.517071619452985
              ],
              [
                -3.8995998796028175,
                40.517019844845926
              ],
              [
                -3.900153813931703,
                40.516458192428985
              ],
              [
                -3.900162863556172,
                40.51644932108691
              ],
              [
                -3.900171879931933,
                40.516441125786834
              ],
              [
                -3.9001808343707465,
                40.51643357958884
              ],
              [
                -3.900189698233837,
                40.516426655776044
              ],
              [
                -3.9001984427203897,
                40.51642032769314
              ],
              [
                -3.900208102230506,
                40.51641388741213
              ],
              [
                -3.900217533955802,
                40.51640812926758
              ],
              [
                -3.9002266971665813,
                40.51640301518578
              ],
              [
                -3.9002365140210093,
                40.51639804202029
              ],
              [
                -3.90024680495504,
                40.5163933735624
              ],
              [
                -3.9002564920769247,
                40.51638947792874
              ],
              [
                -3.900266283823594,
                40.51638602801339
              ],
              [
                -3.9002715845351412,
                40.516384366285756
              ],
              [
                -3.900276558607025,
                40.516382940876944
              ],
              [
                -3.9002818187529145,
                40.51638157821307
              ],
              [
                -3.900286598740357,
                40.516380474146544
              ],
              [
                -3.90029136650456,
                40.51637950784622
              ],
              [
                -3.9002962598160464,
                40.51637866992124
              ],
              [
                -3.9003006225211876,
                40.51637807654341
              ],
              [
                -3.900304257105571,
                40.51637773950953
              ],
              [
                -3.9004624687504665,
                40.51635824178685
              ],
              [
                -3.9008154752315316,
                40.51654576002998
              ],
              [
                -3.9007805629626424,
                40.51658115963668
              ],
              [
                -3.9008386281502823,
                40.51661425534203
              ],
              [
                -3.9008749985234563,
                40.51657737724403
              ],
              [
                -3.9014906549036774,
                40.51690440882575
              ],
              [
                -3.9014943709237833,
                40.51690791577222
              ],
              [
                -3.9014977213123148,
                40.5169113556787
              ],
              [
                -3.901500717918771,
                40.516914728281094
              ],
              [
                -3.901503372896713,
                40.51691803357787
              ],
              [
                -3.9015056981565537,
                40.516921271197994
              ],
              [
                -3.901507705625001,
                40.51692444116461
              ],
              [
                -3.9015094073583554,
                40.516927543266775
              ],
              [
                -3.901510815364317,
                40.51693057734282
              ],
              [
                -3.9015119415857615,
                40.516933543194156
              ],
              [
                -3.9015127979331914,
                40.51693644075769
              ],
              [
                -3.901513396576352,
                40.51693926981012
              ],
              [
                -3.9015138004902,
                40.51694270960876
              ],
              [
                -3.9015138627517953,
                40.51694538398836
              ],
              [
                -3.9015136343103722,
                40.51694862996374
              ],
              [
                -3.9015132209906542,
                40.51695114891133
              ],
              [
                -3.9015124359350066,
                40.51695420004372
              ],
              [
                -3.901511374400884,
                40.51695714255624
              ],
              [
                -3.9015100598852084,
                40.51695997613796
              ],
              [
                -3.9015085157066514,
                40.5169627004533
              ],
              [
                -3.9015063924869,
                40.51696582501696
              ],
              [
                -3.9015044254870066,
                40.51696830795519
              ],
              [
                -3.901501862954726,
                40.51697114194113
              ],
              [
                -3.9014991180180343,
                40.51697381668821
              ],
              [
                -3.9014962311403045,
                40.51697633162459
              ],
              [
                -3.9014927376812967,
                40.516979063208154
              ],
              [
                -3.901489170425825,
                40.51698157574193
              ],
              [
                -3.90148508539618,
                40.51698417801208
              ],
              [
                -3.901481083579909,
                40.516986491978976
              ],
              [
                -3.901476800402291,
                40.516988748894356
              ],
              [
                -3.901472072417746,
                40.51699100718391
              ],
              [
                -3.901467525034551,
                40.5169929623133
              ],
              [
                -3.901463396941597,
                40.5169945316564
              ],
              [
                -3.901341686692497,
                40.5169251643277
              ],
              [
                -3.901313982496849,
                40.51695325543838
              ],
              [
                -3.9014487393409536,
                40.51703006198178
              ],
              [
                -3.9014554084094613,
                40.51702920333733
              ],
              [
                -3.90146107431462,
                40.51702833847163
              ],
              [
                -3.9014666255448978,
                40.5170273575122
              ],
              [
                -3.9014720536891208,
                40.51702625666583
              ],
              [
                -3.9014773503685634,
                40.51702503231176
              ],
              [
                -3.9014821156701793,
                40.51702378909007
              ],
              [
                -3.901487135904857,
                40.517022316330305
              ],
              [
                -3.901491631683975,
                40.517020837501704
              ],
              [
                -3.9014959880105535,
                40.5170192410058
              ],
              [
                -3.9015001981264947,
                40.517017523837566
              ],
              [
                -3.9015042555167923,
                40.51701568305361
              ],
              [
                -3.9015081535367826,
                40.51701371563655
              ],
              [
                -3.9015118856390822,
                40.517011618778504
              ],
              [
                -3.9015154451628096,
                40.51700938937587
              ],
              [
                -3.901518825528136,
                40.5170070244483
              ],
              [
                -3.9015217611513724,
                40.51700473506869
              ],
              [
                -3.901526257406817,
                40.51700085565649
              ],
              [
                -3.9015301474860937,
                40.5169971944314
              ],
              [
                -3.9015337012510245,
                40.516993540295374
              ],
              [
                -3.901536929365081,
                40.51698989609281
              ],
              [
                -3.9015398426213865,
                40.516986264742
              ],
              [
                -3.901542451861668,
                40.51698264911196
              ],
              [
                -3.901544767814218,
                40.51697905208405
              ],
              [
                -3.9015468014341903,
                40.51697547651489
              ],
              [
                -3.9015485632878355,
                40.51697192534746
              ],
              [
                -3.9015500642654763,
                40.516968401401485
              ],
              [
                -3.9015513151602215,
                40.5169649075952
              ],
              [
                -3.9015525435753586,
                40.51696058709102
              ],
              [
                -3.901553271184059,
                40.516957171565394
              ],
              [
                -3.901553879625217,
                40.51695295807007
              ],
              [
                -3.9015541385615875,
                40.51694963547798
              ],
              [
                -3.9015541952715536,
                40.51694554717826
              ],
              [
                -3.9015539749768195,
                40.516941536339516
              ],
              [
                -3.9015534987611633,
                40.51693760858893
              ],
              [
                -3.9015527876435305,
                40.516933769516726
              ],
              [
                -3.9015516539409147,
                40.5169292876483
              ],
              [
                -3.90155050034907,
                40.5169256635274
              ],
              [
                -3.9015488967830114,
                40.51692145590577
              ],
              [
                -3.90154708847258,
                40.51691741173587
              ],
              [
                -3.9015451119455937,
                40.516913540597336
              ],
              [
                -3.901542641745139,
                40.516909256053985
              ],
              [
                -3.9015400498885247,
                40.516905235747004
              ],
              [
                -3.9015370128187037,
                40.51690098454945
              ],
              [
                -3.9015339785568903,
                40.51689712172478
              ],
              [
                -3.9015306759132997,
                40.516893268986486
              ],
              [
                -3.901526971676111,
                40.51688931507258
              ],
              [
                -3.901523354520921,
                40.516885790174015
              ],
              [
                -3.9015200220523507,
                40.51688285618859
              ],
              [
                -3.9007680335386334,
                40.51647911773306
              ],
              [
                -3.9007253957953907,
                40.516426045989334
              ],
              [
                -3.900714574940369,
                40.51642091887085
              ],
              [
                -3.900701818544748,
                40.51641506053831
              ],
              [
                -3.900687713292364,
                40.516408755414766
              ],
              [
                -3.9006607035232572,
                40.51639712402161
              ],
              [
                -3.9006460838284043,
                40.516391057945725
              ],
              [
                -3.900632420114449,
                40.51638553267547
              ],
              [
                -3.9006180269024355,
                40.51637986444048
              ],
              [
                -3.9005918863632005,
                40.516369980016535
              ],
              [
                -3.9005665923933144,
                40.516360944792794
              ],
              [
                -3.9005523738223964,
                40.51635610914292
              ],
              [
                -3.900540344706119,
                40.516352163068795
              ],
              [
                -3.9005281827976708,
                40.51634831529124
              ],
              [
                -3.9005159172697472,
                40.516344586749305
              ],
              [
                -3.9005035772787955,
                40.516340998295846
              ],
              [
                -3.9004936713064846,
                40.516338242426926
              ],
              [
                -3.900481270936478,
                40.51633495875381
              ],
              [
                -3.9004713545204774,
                40.51633247376984
              ],
              [
                -3.9004589882744267,
                40.51632956252267
              ],
              [
                -3.900449137052749,
                40.51632740254512
              ],
              [
                -3.900439339032168,
                40.51632540445867
              ],
              [
                -3.9004296092202946,
                40.51632357881908
              ],
              [
                -3.900419962559964,
                40.51632193645314
              ],
              [
                -3.900410414010169,
                40.51632048796592
              ],
              [
                -3.9004009784975127,
                40.51631924409795
              ],
              [
                -3.900391670980974,
                40.51631821545434
              ],
              [
                -3.9003825064033713,
                40.516317412861866
              ],
              [
                -3.900373499675069,
                40.516316846974895
              ],
              [
                -3.9003646658198656,
                40.51631652843543
              ],
              [
                -3.9003581628484816,
                40.51631645827299
              ],
              [
                -3.9003487021329635,
                40.516316630045765
              ],
              [
                -3.900341476442098,
                40.51631700918419
              ],
              [
                -3.9003326953626827,
                40.516317721231054
              ],
              [
                -3.9003247841750976,
                40.51631855433481
              ],
              [
                -3.9003169458128473,
                40.51631955674383
              ],
              [
                -3.9003084816644966,
                40.51632083459489
              ],
              [
                -3.9003008060793434,
                40.516322166976806
              ],
              [
                -3.9002925274780127,
                40.516323787240374
              ],
              [
                -3.9002843518901242,
                40.516325572075154
              ],
              [
                -3.900276283526917,
                40.51632751187176
              ],
              [
                -3.900268326680685,
                40.516329597143944
              ],
              [
                -3.900259837494308,
                40.516332009119324
              ],
              [
                -3.9002514896579097,
                40.51633456825454
              ],
              [
                -3.9002432885327782,
                40.51633726243928
              ],
              [
                -3.90023523954498,
                40.516340079292185
              ],
              [
                -3.900226747701578,
                40.51634323613015
              ],
              [
                -3.900218445410054,
                40.51634650593679
              ],
              [
                -3.9002103393436744,
                40.51634987342331
              ],
              [
                -3.9002004765176794,
                40.5163541770095
              ],
              [
                -3.9001913957135,
                40.51635832099645
              ],
              [
                -3.9001832004463437,
                40.51636222096169
              ],
              [
                -3.9001751846757853,
                40.51636619275093
              ],
              [
                -3.9001667035872676,
                40.51637057648371
              ],
              [
                -3.9001590618003603,
                40.516374697770914
              ],
              [
                -3.9001509858108614,
                40.51637924350198
              ],
              [
                -3.9001437180238656,
                40.516383514373516
              ],
              [
                -3.9001360471334303,
                40.51638822210305
              ],
              [
                -3.9001291534436007,
                40.5163926424605
              ],
              [
                -3.9001218877171135,
                40.5163975122256
              ],
              [
                -3.900115367962473,
                40.51640208213073
              ],
              [
                -3.9001085074486057,
                40.516407113882245
              ],
              [
                -3.9001023616292234,
                40.516411833335184
              ],
              [
                -3.9000963953551837,
                40.51641662456322
              ],
              [
                -3.900090608626505,
                40.516421487566404
              ],
              [
                -3.899577411954186,
                40.516933032343445
              ],
              [
                -3.899169978377783,
                40.51733943530005
              ],
              [
                -3.8989073400104335,
                40.51760169501416
              ],
              [
                -3.898827809677211,
                40.51768127674438
              ],
              [
                -3.8987852145515314,
                40.51772408552278
              ],
              [
                -3.898777859875662,
                40.51773176631814
              ],
              [
                -3.898772634881047,
                40.517737728126846
              ],
              [
                -3.8987679303558465,
                40.517743582803725
              ],
              [
                -3.898763728912085,
                40.517749329599184
              ],
              [
                -3.8987600131942175,
                40.517754967936035
              ],
              [
                -3.8987567657656412,
                40.517760497113976
              ],
              [
                -3.898753969254568,
                40.51776591646955
              ],
              [
                -3.8987516063378087,
                40.51777122529009
              ],
              [
                -3.898749659546344,
                40.51777642301073
              ],
              [
                -3.898748111605571,
                40.51778150886947
              ],
              [
                -3.898746945046452,
                40.51778648230146
              ],
              [
                -3.898745996767425,
                40.517792539869525
              ],
              [
                -3.898745624874137,
                40.51779725774543
              ],
              [
                -3.8987456149557214,
                40.51780299384758
              ],
              [
                -3.898745949783278,
                40.51780745292421
              ],
              [
                -3.8987467681604593,
                40.51781286333396
              ],
              [
                -3.898747999328938,
                40.51781809106995
              ],
              [
                -3.898749609160707,
                40.51782313469439
              ],
              [
                -3.898751563868095,
                40.51782799304037
              ],
              [
                -3.8987543168523233,
                40.517833576544525
              ],
              [
                -3.898756910630552,
                40.51783802258922
              ],
              [
                -3.8987603319530404,
                40.51784310754267
              ],
              [
                -3.898764034676503,
                40.517847917454496
              ],
              [
                -3.8987679602678798,
                40.517852450063984
              ],
              [
                -3.89877274348697,
                40.517857384595615
              ],
              [
                -3.8987776570241994,
                40.517861935027376
              ],
              [
                -3.8987833125097047,
                40.517866660696164
              ],
              [
                -3.898788877610094,
                40.5178708747723
              ],
              [
                -3.8987948570421422,
                40.51787499743433
              ],
              [
                -3.898801481990471,
                40.5178791368204
              ],
              [
                -3.89880787668241,
                40.51788273546877
              ],
              [
                -3.898813698547172,
                40.51788563738059
              ],
              [
                -3.899837586466954,
                40.518469233373764
              ],
              [
                -3.8998670725222397,
                40.5184864767264
              ],
              [
                -3.8999012365659795,
                40.51850702567103
              ],
              [
                -3.8999354854949395,
                40.51852814201574
              ],
              [
                -3.8999693413427625,
                40.51854952507969
              ],
              [
                -3.9000005276484733,
                40.51856969789639
              ],
              [
                -3.900030356962845,
                40.51858946047157
              ],
              [
                -3.9000609213063053,
                40.51861024123095
              ],
              [
                -3.9000889750020096,
                40.518629854968964
              ],
              [
                -3.9001141589860584,
                40.518647972240736
              ],
              [
                -3.9001390324110456,
                40.51866642113706
              ],
              [
                -3.900163354527034,
                40.51868509654196
              ],
              [
                -3.900184316685872,
                40.518701802214366
              ],
              [
                -3.900204483829171,
                40.51871853021075
              ],
              [
                -3.900214216452233,
                40.51872687952059
              ],
              [
                -3.9002236869044133,
                40.518735206734725
              ],
              [
                -3.900232874068297,
                40.51874350266557
              ],
              [
                -3.9002417568102277,
                40.518751758039315
              ],
              [
                -3.9002503139155493,
                40.51875996376696
              ],
              [
                -3.900256505443682,
                40.51876607982522
              ],
              [
                -3.900264717261208,
                40.51877450062242
              ],
              [
                -3.9002708364792023,
                40.51878107741195
              ],
              [
                -3.900276881870727,
                40.518787833687306
              ],
              [
                -3.9002828533371723,
                40.51879476246357
              ],
              [
                -3.9002887506826553,
                40.51880185654641
              ],
              [
                -3.900294573662679,
                40.51880910879072
              ],
              [
                -3.9003059960669835,
                40.518824059479215
              ],
              [
                -3.900317575974957,
                40.51884021438149
              ],
              [
                -3.900328829507011,
                40.518856898994486
              ],
              [
                -3.9003401851937207,
                40.51887474372516
              ],
              [
                -3.9003520155861544,
                40.518894441041
              ],
              [
                -3.90042253369295,
                40.51889835032036
              ],
              [
                -3.900527753303571,
                40.518851026232745
              ],
              [
                -3.900415437221474,
                40.51871255759699
              ],
              [
                -3.9004096231576963,
                40.518705905622475
              ],
              [
                -3.9004024775661006,
                40.518698016565125
              ],
              [
                -3.900394305762366,
                40.51868924951881
              ],
              [
                -3.9003862072035558,
                40.51868077827064
              ],
              [
                -3.9003687596520016,
                40.51866314354579
              ],
              [
                -3.9003503913788276,
                40.51864536257425
              ],
              [
                -3.9003324241041875,
                40.518628657839706
              ],
              [
                -3.9003142091583656,
                40.51861235968755
              ],
              [
                -3.9002943759421775,
                40.51859529622121
              ],
              [
                -3.900274982947622,
                40.518579264601144
              ],
              [
                -3.900256451188622,
                40.51856452365334
              ],
              [
                -3.900236926179732,
                40.51854958441761
              ],
              [
                -3.9002164348088892,
                40.51853454120571
              ],
              [
                -3.900197430915236,
                40.518521158229845
              ],
              [
                -3.900177703834369,
                40.51850783359133
              ],
              [
                -3.9001572724589213,
                40.51849463356463
              ],
              [
                -3.9001467985899634,
                40.518488100952986
              ],
              [
                -3.900136155827243,
                40.51848162427636
              ],
              [
                -3.8988862282023704,
                40.51774632801355
              ],
              [
                -3.8992149039088613,
                40.51741174680541
              ],
              [
                -3.8993807809488374,
                40.517242885754555
              ],
              [
                -3.8995023440589027,
                40.5173121752244
              ],
              [
                -3.8996212273216737,
                40.51737993694991
              ],
              [
                -3.8994854630182876,
                40.51751567445872
              ],
              [
                -3.899388522421324,
                40.5174598422857
              ],
              [
                -3.899121124935208,
                40.51772860691497
              ],
              [
                -3.899404511876729,
                40.51789158833069
              ],
              [
                -3.89936013444009,
                40.517935597138965
              ],
              [
                -3.8999051678870504,
                40.518250080483334
              ],
              [
                -3.900052412761646,
                40.518102285796736
              ],
              [
                -3.9000645290341938,
                40.5181091917364
              ],
              [
                -3.8999176080110307,
                40.51825664756539
              ],
              [
                -3.900467166847058,
                40.51857340445415
              ],
              [
                -3.9004426453015077,
                40.51859826734255
              ],
              [
                -3.900683932882699,
                40.51873721590791
              ],
              [
                -3.9006937122517775,
                40.518727392628485
              ],
              [
                -3.900743809813879,
                40.51876252072915
              ],
              [
                -3.9009320161904597,
                40.519000110961166
              ],
              [
                -3.9010209088674426,
                40.51919105050926
              ],
              [
                -3.9010617850071543,
                40.51929044351649
              ],
              [
                -3.9010628372665606,
                40.51929346620949
              ],
              [
                -3.9010640329047304,
                40.519296304405685
              ],
              [
                -3.9010653614542314,
                40.519298963994935
              ],
              [
                -3.901066963532843,
                40.519301690024704
              ],
              [
                -3.9010686993768497,
                40.5193042146077
              ],
              [
                -3.901070554808153,
                40.51930654544513
              ],
              [
                -3.9010725158106925,
                40.5193086901766
              ],
              [
                -3.9010747587533547,
                40.519310826693484
              ],
              [
                -3.9010770921441913,
                40.51931276101742
              ],
              [
                -3.901079700837107,
                40.51931463984671
              ],
              [
                -3.9010850787182627,
                40.519317771475784
              ],
              [
                -3.901088010682191,
                40.51931914068378
              ],
              [
                -3.901091137878565,
                40.519320384434174
              ],
              [
                -3.9010942154414034,
                40.519321416362914
              ],
              [
                -3.9010979950236737,
                40.519322452085746
              ],
              [
                -3.9011011972329315,
                40.51932315226905
              ],
              [
                -3.9011076720714604,
                40.519324130474374
              ],
              [
                -3.901111014015026,
                40.51932442621506
              ],
              [
                -3.901114404789728,
                40.51932458958046
              ],
              [
                -3.9011179397308333,
                40.519324615089076
              ],
              [
                -3.9011214099964313,
                40.51932449002868
              ],
              [
                -3.9013317667112397,
                40.519302393078235
              ],
              [
                -3.9016653186103443,
                40.51926893412792
              ],
              [
                -3.901633764975812,
                40.51908560211738
              ],
              [
                -3.9016601499223666,
                40.51908294889704
              ],
              [
                -3.901691972599747,
                40.519266357138804
              ],
              [
                -3.902335350889967,
                40.51920171210719
              ],
              [
                -3.9024534265275075,
                40.519187557365754
              ],
              [
                -3.9025808578415355,
                40.51914044298399
              ],
              [
                -3.902538076217341,
                40.51908726819294
              ],
              [
                -3.902596518454765,
                40.51906341532097
              ],
              [
                -3.9026362619737576,
                40.51901499456438
              ],
              [
                -3.9027316397825436,
                40.51906855247553
              ],
              [
                -3.90313856463733,
                40.51865016994294
              ],
              [
                -3.90310613992952,
                40.51863192123281
              ],
              [
                -3.903291526493676,
                40.51844122044002
              ],
              [
                -3.903244458988819,
                40.518414777049856
              ],
              [
                -3.903334535398678,
                40.51838355225384
              ],
              [
                -3.903404370221181,
                40.51827205642183
              ]
            ]
          ],
          [
            [
              [
                -3.90288408386633,
                40.51774790061697
              ],
              [
                -3.9028840194348504,
                40.517745160428674
              ],
              [
                -3.9028833235546148,
                40.517742661416996
              ],
              [
                -3.9028819322123236,
                40.51774006562693
              ],
              [
                -3.9028799715368754,
                40.51773804713465
              ],
              [
                -3.902877567846267,
                40.51773607649416
              ],
              [
                -3.9028743419810294,
                40.517734538671874
              ],
              [
                -3.9028717485628786,
                40.51773396199198
              ],
              [
                -3.902871431972139,
                40.51773227946204
              ],
              [
                -3.9028706724455127,
                40.51773064520556
              ],
              [
                -3.9028687743899035,
                40.517727760995584
              ],
              [
                -3.902867382544632,
                40.517726367044055
              ],
              [
                -3.902865801158837,
                40.51772516503333
              ],
              [
                -3.902864029916489,
                40.517724155535475
              ],
              [
                -3.9028603609574475,
                40.51772266589571
              ],
              [
                -3.9028584637149333,
                40.517722185271936
              ],
              [
                -3.9028563768530073,
                40.517721896920484
              ],
              [
                -3.902852709131106,
                40.517721609359285
              ],
              [
                -3.902850938967683,
                40.51772180184988
              ],
              [
                -3.902847462417566,
                40.51772252352345
              ],
              [
                -3.9028469561003076,
                40.51772223495401
              ],
              [
                -3.9028457545575974,
                40.517721850868504
              ],
              [
                -3.9028452482397036,
                40.517721562298675
              ],
              [
                -3.902842596348324,
                40.517720651571466
              ],
              [
                -3.9028391185615727,
                40.517720171165976
              ],
              [
                -3.9028357677758563,
                40.517720364205424
              ],
              [
                -3.9028324795000464,
                40.517720893215284
              ],
              [
                -3.9028290650649695,
                40.51772195100954
              ],
              [
                -3.9028262203293806,
                40.51772363421595
              ],
              [
                -3.902823627565058,
                40.5177254610312
              ],
              [
                -3.9028216048955495,
                40.517727913108324
              ],
              [
                -3.902820025924372,
                40.517731519472335
              ],
              [
                -3.902819647921481,
                40.51773310609572
              ],
              [
                -3.9028171182513667,
                40.51773406671186
              ],
              [
                -3.9028140834989884,
                40.517735940837305
              ],
              [
                -3.902813135164757,
                40.51773690243823
              ],
              [
                -3.9028107969226777,
                40.517741276688625
              ],
              [
                -3.9028099119395185,
                40.51774377648958
              ],
              [
                -3.902809912750203,
                40.51774618007593
              ],
              [
                -3.902810356496953,
                40.517748535389075
              ],
              [
                -3.9028112415193275,
                40.5177508426104
              ],
              [
                -3.902813012730963,
                40.5177530534659
              ],
              [
                -3.9028151630240013,
                40.51775487968752
              ],
              [
                -3.902817945793917,
                40.51775646569421
              ],
              [
                -3.9028176933672563,
                40.51775872495004
              ],
              [
                -3.9028178840350662,
                40.517760936023606
              ],
              [
                -3.9028185170858363,
                40.51776309963644
              ],
              [
                -3.9028195298497037,
                40.517764878223296
              ],
              [
                -3.9028209842055017,
                40.51776660814717
              ],
              [
                -3.9028228812608625,
                40.517768290037736
              ],
              [
                -3.902824967857146,
                40.5177697799875
              ],
              [
                -3.9028276872465715,
                40.517771029151106
              ],
              [
                -3.9028300897005237,
                40.51777179771383
              ],
              [
                -3.9028324298025776,
                40.51777223039528
              ],
              [
                -3.902834959523172,
                40.51777247080449
              ],
              [
                -3.90283723600622,
                40.517772566884
              ],
              [
                -3.9028398919652343,
                40.5177722781788
              ],
              [
                -3.9028420416854543,
                40.51777170057257
              ],
              [
                -3.902844380707932,
                40.51777093126525
              ],
              [
                -3.902846466571781,
                40.51777001729759
              ],
              [
                -3.9028487442915387,
                40.5177713154557
              ],
              [
                -3.9028520961589055,
                40.517772324404035
              ],
              [
                -3.9028555737897856,
                40.51777280471946
              ],
              [
                -3.902858924578553,
                40.51777261167895
              ],
              [
                -3.902862213014873,
                40.517772082758505
              ],
              [
                -3.9028656274514946,
                40.51777102496377
              ],
              [
                -3.902868472188591,
                40.51776934175591
              ],
              [
                -3.90287106479472,
                40.51776751484998
              ],
              [
                -3.90287308722643,
                40.5177650630125
              ],
              [
                -3.9028746664332137,
                40.51776145640678
              ],
              [
                -3.9028748543689558,
                40.517758859676086
              ],
              [
                -3.9028761191647288,
                40.51775837915674
              ],
              [
                -3.90288016563154,
                40.51775588027102
              ],
              [
                -3.9028809241089166,
                40.517755111181934
              ],
              [
                -3.9028834522030458,
                40.51775054441774
              ],
              [
                -3.90288408386633,
                40.51774790061697
              ]
            ]
          ],
          [
            [
              [
                -3.9019185905192764,
                40.51718246316789
              ],
              [
                -3.901918526285335,
                40.51717972306886
              ],
              [
                -3.901917830288777,
                40.517177223961234
              ],
              [
                -3.901916438995604,
                40.51717462815958
              ],
              [
                -3.9019144783657604,
                40.51717260965097
              ],
              [
                -3.9019120748821474,
                40.5171706390815
              ],
              [
                -3.9019088490656166,
                40.517169101231985
              ],
              [
                -3.901906255915963,
                40.51716852428991
              ],
              [
                -3.901905939114939,
                40.51716684199783
              ],
              [
                -3.9019051794594257,
                40.51716520764449
              ],
              [
                -3.9019032814615238,
                40.51716232341959
              ],
              [
                -3.9019018896479043,
                40.517160929455606
              ],
              [
                -3.901900308450936,
                40.51715972752188
              ],
              [
                -3.901898537079886,
                40.517158717919116
              ],
              [
                -3.9018948681732413,
                40.51715722824882
              ],
              [
                -3.901892971111344,
                40.51715674769991
              ],
              [
                -3.901890884112991,
                40.51715645924093
              ],
              [
                -3.9018872164261666,
                40.517156171649205
              ],
              [
                -3.9018854465120865,
                40.51715636388457
              ],
              [
                -3.901881969903026,
                40.51715708585973
              ],
              [
                -3.901881463435366,
                40.51715679719555
              ],
              [
                -3.9018802619083206,
                40.51715641310005
              ],
              [
                -3.901879755757033,
                40.517156124616164
              ],
              [
                -3.9018771037424695,
                40.51715521377722
              ],
              [
                -3.9018736261512843,
                40.517154733432825
              ],
              [
                -3.901870275231734,
                40.51715492635435
              ],
              [
                -3.9018669869760396,
                40.51715545533684
              ],
              [
                -3.901863572396833,
                40.517156513012026
              ],
              [
                -3.901860727977518,
                40.51715819637592
              ],
              [
                -3.901858135209242,
                40.517160023169104
              ],
              [
                -3.9018561127586655,
                40.5171624749889
              ],
              [
                -3.901854533352369,
                40.51716608149022
              ],
              [
                -3.901854155330302,
                40.51716766810998
              ],
              [
                -3.9018516256672036,
                40.51716862870557
              ],
              [
                -3.9018485910727456,
                40.51717050289577
              ],
              [
                -3.901847642732178,
                40.51717146448931
              ],
              [
                -3.901845304288483,
                40.517175838629214
              ],
              [
                -3.9018444192763018,
                40.5171783384233
              ],
              [
                -3.901844419894184,
                40.517180741919496
              ],
              [
                -3.90184486392028,
                40.51718309741701
              ],
              [
                -3.901845748743135,
                40.51718540455518
              ],
              [
                -3.9018475197504614,
                40.51718761533565
              ],
              [
                -3.901849670553095,
                40.517189441514475
              ],
              [
                -3.9018524532767,
                40.51719102754433
              ],
              [
                -3.901852200423781,
                40.51719328694888
              ],
              [
                -3.90185239121632,
                40.5171954981142
              ],
              [
                -3.9018530240717633,
                40.51719766164177
              ],
              [
                -3.901854037197489,
                40.51719944008709
              ],
              [
                -3.901855491121228,
                40.51720117017292
              ],
              [
                -3.901857388135882,
                40.51720285207977
              ],
              [
                -3.9018594748512885,
                40.51720434213705
              ],
              [
                -3.901862194199789,
                40.5172055913233
              ],
              [
                -3.9018645964647165,
                40.517206359815354
              ],
              [
                -3.9018669369356815,
                40.51720679236644
              ],
              [
                -3.9018694662361124,
                40.51720703294704
              ],
              [
                -3.9018717428567564,
                40.51720712913565
              ],
              [
                -3.9018743986393476,
                40.51720684036242
              ],
              [
                -3.9018765485079347,
                40.51720626286423
              ],
              [
                -3.9018788875224115,
                40.51720549357673
              ],
              [
                -3.901880973223489,
                40.51720457953543
              ],
              [
                -3.901883251063521,
                40.517205877802645
              ],
              [
                -3.9018866028882493,
                40.517206886779746
              ],
              [
                -3.901890080482719,
                40.51720736712327
              ],
              [
                -3.9018934310873385,
                40.517207174020974
              ],
              [
                -3.901896719661722,
                40.51720664521805
              ],
              [
                -3.9019001339264365,
                40.517205587360706
              ],
              [
                -3.901902978663294,
                40.517203904177016
              ],
              [
                -3.901905571432533,
                40.51720207738234
              ],
              [
                -3.9019075941196806,
                40.51719962532118
              ],
              [
                -3.9019091729692326,
                40.517196018879446
              ],
              [
                -3.901909361179107,
                40.51719342190969
              ],
              [
                -3.9019106258916407,
                40.51719294173203
              ],
              [
                -3.901914672201968,
                40.51719044278895
              ],
              [
                -3.9019154306835384,
                40.51718967370669
              ],
              [
                -3.90191795898094,
                40.51718510705405
              ],
              [
                -3.9019185905192764,
                40.51718246316789
              ]
            ]
          ],
          [
            [
              [
                -3.9018337580476676,
                40.51713441538017
              ],
              [
                -3.9018336935807016,
                40.51713167552194
              ],
              [
                -3.901832997587805,
                40.51712917641381
              ],
              [
                -3.901831606298266,
                40.51712658061077
              ],
              [
                -3.9018296459102153,
                40.51712456186061
              ],
              [
                -3.901827242430169,
                40.517122591289
              ],
              [
                -3.9018240166185447,
                40.51712105343749
              ],
              [
                -3.901821422917286,
                40.51712047655333
              ],
              [
                -3.9018211064349777,
                40.51711879444134
              ],
              [
                -3.90182034678159,
                40.51711716008795
              ],
              [
                -3.9018184490263703,
                40.51711427562066
              ],
              [
                -3.901817057215512,
                40.517112881655656
              ],
              [
                -3.9018154754671666,
                40.51711167978145
              ],
              [
                -3.901813704415671,
                40.51711067035808
              ],
              [
                -3.901810035750565,
                40.51710918044373
              ],
              [
                -3.9018081386912837,
                40.517108699893804
              ],
              [
                -3.901806051457606,
                40.5171084116738
              ],
              [
                -3.90180238401031,
                40.51710812383853
              ],
              [
                -3.90180061386007,
                40.517108316313085
              ],
              [
                -3.901797137252588,
                40.51710903828573
              ],
              [
                -3.9017966307856566,
                40.51710874962117
              ],
              [
                -3.9017954294971444,
                40.517108365284294
              ],
              [
                -3.9017949230302245,
                40.517108076619714
              ],
              [
                -3.9017922713350734,
                40.51710716595915
              ],
              [
                -3.9017887935091538,
                40.51710668585234
              ],
              [
                -3.901785442829433,
                40.51710687853041
              ],
              [
                -3.9017821543384024,
                40.517107407751865
              ],
              [
                -3.9017787397603043,
                40.51710846542455
              ],
              [
                -3.901775895023891,
                40.517110148605695
              ],
              [
                -3.90177330257152,
                40.51711197557729
              ],
              [
                -3.901771279802931,
                40.51711442721529
              ],
              [
                -3.9017697007102106,
                40.517118033896146
              ],
              [
                -3.901769322923594,
                40.517119620275125
              ],
              [
                -3.9017667930239064,
                40.51712058110936
              ],
              [
                -3.901763758112245,
                40.51712245511667
              ],
              [
                -3.9017628097711397,
                40.5171234167095
              ],
              [
                -3.901760471640593,
                40.517127791028386
              ],
              [
                -3.9017595868630686,
                40.51713029058132
              ],
              [
                -3.901759587240076,
                40.51713269431767
              ],
              [
                -3.901760031262873,
                40.51713504981549
              ],
              [
                -3.901760916082823,
                40.517137356954684
              ],
              [
                -3.9017626873231057,
                40.51713956749508
              ],
              [
                -3.901764837567856,
                40.51714139373617
              ],
              [
                -3.901767620604468,
                40.51714297994872
              ],
              [
                -3.9017673677482225,
                40.51714523935273
              ],
              [
                -3.901767558537827,
                40.51714745051819
              ],
              [
                -3.9017681916279128,
                40.51714961380609
              ],
              [
                -3.9017692041964684,
                40.51715139231197
              ],
              [
                -3.9017706584333354,
                40.51715312257916
              ],
              [
                -3.901772555445636,
                40.517154804487284
              ],
              [
                -3.901774641840654,
                40.51715629436542
              ],
              [
                -3.9017773615026323,
                40.517157543734335
              ],
              [
                -3.9017797637643796,
                40.51715831222865
              ],
              [
                -3.9017821039161134,
                40.51715874460075
              ],
              [
                -3.90178463376862,
                40.51715898512338
              ],
              [
                -3.901786909833966,
                40.517159081373855
              ],
              [
                -3.9017895661690503,
                40.51715879254188
              ],
              [
                -3.9017917157985074,
                40.517158215285875
              ],
              [
                -3.901794054733594,
                40.517157445578796
              ],
              [
                -3.9017961405136687,
                40.517156531960694
              ],
              [
                -3.9017984180340655,
                40.51715783004926
              ],
              [
                -3.9018017698544667,
                40.51715883902844
              ],
              [
                -3.9018052477628444,
                40.51715931955518
              ],
              [
                -3.9018085983653084,
                40.51715912645535
              ],
              [
                -3.9018118866216427,
                40.51715859747451
              ],
              [
                -3.901815301439443,
                40.51715753955985
              ],
              [
                -3.9018181461763923,
                40.517155856378245
              ],
              [
                -3.901820738946084,
                40.51715402958546
              ],
              [
                -3.9018227613976992,
                40.517151577766285
              ],
              [
                -3.901824340488355,
                40.51714797108471
              ],
              [
                -3.9018245284630604,
                40.5171453743557
              ],
              [
                -3.901825793175295,
                40.517144894178955
              ],
              [
                -3.9018298394860467,
                40.517142395239716
              ],
              [
                -3.901830597968533,
                40.517141626157525
              ],
              [
                -3.9018331262692523,
                40.517137059506354
              ],
              [
                -3.9018337580476676,
                40.51713441538017
              ]
            ]
          ],
          [
            [
              [
                -3.9014612325988733,
                40.51692209376118
              ],
              [
                -3.9014611678298436,
                40.516919353722564
              ],
              [
                -3.9014604724077158,
                40.51691685455188
              ],
              [
                -3.9014590808993335,
                40.51691425898537
              ],
              [
                -3.901457120212837,
                40.51691224004811
              ],
              [
                -3.901454716751353,
                40.51691026946879
              ],
              [
                -3.901451490958489,
                40.516908731606925
              ],
              [
                -3.9014488975850083,
                40.51690815489474
              ],
              [
                -3.901448581033877,
                40.51690647236091
              ],
              [
                -3.9014478214711485,
                40.5169048384259
              ],
              [
                -3.901445923737966,
                40.51690195395252
              ],
              [
                -3.9014445316224173,
                40.51690055980322
              ],
              [
                -3.9014429504397894,
                40.51689935786327
              ],
              [
                -3.901441179399512,
                40.516898348434204
              ],
              [
                -3.901437510516631,
                40.516896858749064
              ],
              [
                -3.901435613149508,
                40.51689637801187
              ],
              [
                -3.901433526241047,
                40.516896089965854
              ],
              [
                -3.901429858490608,
                40.51689580193848
              ],
              [
                -3.9014280886612616,
                40.51689599458767
              ],
              [
                -3.901424611981608,
                40.51689671612833
              ],
              [
                -3.9014241055178838,
                40.51689642746214
              ],
              [
                -3.9014229043144826,
                40.51689604354222
              ],
              [
                -3.9014223978507703,
                40.516895754876025
              ],
              [
                -3.9014197458520723,
                40.516894844026254
              ],
              [
                -3.9014162680399966,
                40.51689436390914
              ],
              [
                -3.901412917686174,
                40.51689455675677
              ],
              [
                -3.901409629123932,
                40.51689508554635
              ],
              [
                -3.9014062146294566,
                40.516896143629374
              ],
              [
                -3.901403369893186,
                40.5168978268009
              ],
              [
                -3.90140077712203,
                40.516899653584346
              ],
              [
                -3.901398754662582,
                40.51690210539616
              ],
              [
                -3.9013971755553083,
                40.51690571207146
              ],
              [
                -3.9013967974447157,
                40.516907298268904
              ],
              [
                -3.901394267864059,
                40.51690825927533
              ],
              [
                -3.9013912329511093,
                40.51691013327339
              ],
              [
                -3.9013902848453377,
                40.51691109462219
              ],
              [
                -3.9013879464607037,
                40.51691546917406
              ],
              [
                -3.9013870613557353,
                40.51691796854384
              ],
              [
                -3.9013870622729283,
                40.51692037222
              ],
              [
                -3.901387505727687,
                40.51692272777944
              ],
              [
                -3.901388391085559,
                40.51692503486128
              ],
              [
                -3.901390162070278,
                40.51692724564836
              ],
              [
                -3.9013923122985563,
                40.51692907189585
              ],
              [
                -3.901395095000534,
                40.516930657936676
              ],
              [
                -3.901394842686728,
                40.516932917280045
              ],
              [
                -3.901395032909897,
                40.516935128506304
              ],
              [
                -3.901395666302316,
                40.51693729197655
              ],
              [
                -3.901396678857783,
                40.516939070485684
              ],
              [
                -3.901398132764072,
                40.516940800577245
              ],
              [
                -3.9014000300768914,
                40.516942482672256
              ],
              [
                -3.9014021164570227,
                40.51694397255708
              ],
              [
                -3.9014048357870883,
                40.516945221754426
              ],
              [
                -3.901407238353802,
                40.51694599043627
              ],
              [
                -3.901409578495721,
                40.51694642281588
              ],
              [
                -3.901412108022522,
                40.51694666316634
              ],
              [
                -3.9014143843964812,
                40.516946759604416
              ],
              [
                -3.901417040724273,
                40.51694647078146
              ],
              [
                -3.9014191900342583,
                40.51694589335157
              ],
              [
                -3.9014215292820857,
                40.51694512383281
              ],
              [
                -3.901423615060631,
                40.516944210221396
              ],
              [
                -3.901425892566603,
                40.51694550831727
              ],
              [
                -3.9014292443712684,
                40.516946517306735
              ],
              [
                -3.9014327221867906,
                40.51694699742382
              ],
              [
                -3.9014360728588864,
                40.51694680475558
              ],
              [
                -3.9014393611077467,
                40.516946275785294
              ],
              [
                -3.901442775920125,
                40.516945217882096
              ],
              [
                -3.901445620340897,
                40.51694353452844
              ],
              [
                -3.9014482131120416,
                40.51694170774447
              ],
              [
                -3.901450235570876,
                40.516939255931796
              ],
              [
                -3.9014518149935777,
                40.51693564943597
              ],
              [
                -3.901452002665758,
                40.51693305252726
              ],
              [
                -3.901453267614328,
                40.51693257211358
              ],
              [
                -3.9014573142425086,
                40.516930073367654
              ],
              [
                -3.90145807248968,
                40.516929304528375
              ],
              [
                -3.901460600728596,
                40.51692473746452
              ],
              [
                -3.9014612325988733,
                40.51692209376118
              ]
            ]
          ],
          [
            [
              [
                -3.9013520526374803,
                40.51686196636574
              ],
              [
                -3.901351988427649,
                40.516859226266746
              ],
              [
                -3.9013512927718934,
                40.51685672733605
              ],
              [
                -3.9013499011898154,
                40.51685413134741
              ],
              [
                -3.901347940587536,
                40.51685211282911
              ],
              [
                -3.9013455371314167,
                40.51685014224751
              ],
              [
                -3.9013423113439503,
                40.51684860438263
              ],
              [
                -3.901339717973734,
                40.516848027668004
              ],
              [
                -3.901339401425627,
                40.51684634513387
              ],
              [
                -3.9013386421040748,
                40.516844710958004
              ],
              [
                -3.901336744139457,
                40.51684182672298
              ],
              [
                -3.901335352027427,
                40.51684043257238
              ],
              [
                -3.901333770848823,
                40.516839230631305
              ],
              [
                -3.9013319994947726,
                40.51683822101988
              ],
              [
                -3.9013283309346125,
                40.51683673151198
              ],
              [
                -3.9013264335699747,
                40.51683625077299
              ],
              [
                -3.901324346900392,
                40.51683596248414
              ],
              [
                -3.901320678916526,
                40.51683567469383
              ],
              [
                -3.901318909089101,
                40.51683586734171
              ],
              [
                -3.9013154324107426,
                40.51683658887873
              ],
              [
                -3.901314925947942,
                40.51683630021207
              ],
              [
                -3.901313724746244,
                40.51683591629102
              ],
              [
                -3.901313218283456,
                40.516835627624346
              ],
              [
                -3.9013105662892675,
                40.51683471677244
              ],
              [
                -3.9013070887176315,
                40.51683423641119
              ],
              [
                -3.9013037381299616,
                40.51683442949655
              ],
              [
                -3.9013004495691592,
                40.51683495828265
              ],
              [
                -3.9012970353136955,
                40.51683601612148
              ],
              [
                -3.9012941905767486,
                40.516837699290804
              ],
              [
                -3.901291597804944,
                40.51683952607182
              ],
              [
                -3.90128957510613,
                40.51684197812224
              ],
              [
                -3.9012879959152285,
                40.516845584375226
              ],
              [
                -3.9012876178815623,
                40.51684717099314
              ],
              [
                -3.901285088538796,
                40.51684813175668
              ],
              [
                -3.901282053626002,
                40.51685000575139
              ],
              [
                -3.9012811052818424,
                40.51685096734029
              ],
              [
                -3.901278766813012,
                40.51685534146914
              ],
              [
                -3.9012778817839373,
                40.5168578412589
              ],
              [
                -3.901277882697863,
                40.51686024493543
              ],
              [
                -3.901278326384927,
                40.51686260025442
              ],
              [
                -3.9012792115010613,
                40.51686490757759
              ],
              [
                -3.901280982481239,
                40.516867118366704
              ],
              [
                -3.9012831327039668,
                40.516868944615865
              ],
              [
                -3.9012859154015156,
                40.51687053065966
              ],
              [
                -3.901285663084255,
                40.5168727900028
              ],
              [
                -3.901285853540192,
                40.51687500098837
              ],
              [
                -3.901286486691333,
                40.516877164699714
              ],
              [
                -3.9012874992436437,
                40.516878943210166
              ],
              [
                -3.90128895338235,
                40.51688067306223
              ],
              [
                -3.901290850690728,
                40.51688235515902
              ],
              [
                -3.9012929370665628,
                40.51688384504582
              ],
              [
                -3.901295656392155,
                40.51688509424571
              ],
              [
                -3.9012980589554616,
                40.516885862929826
              ],
              [
                -3.901300398857391,
                40.516886295552126
              ],
              [
                -3.9013029283815324,
                40.51688653590496
              ],
              [
                -3.901305204990479,
                40.5168866321047
              ],
              [
                -3.9013078607621674,
                40.51688634334406
              ],
              [
                -3.901310010625357,
                40.51688576585637
              ],
              [
                -3.901312349635153,
                40.5168849965803
              ],
              [
                -3.901314435650989,
                40.516884082729874
              ],
              [
                -3.901316713152803,
                40.51688538082789
              ],
              [
                -3.9013200649523343,
                40.51688638982099
              ],
              [
                -3.9013235425267685,
                40.516886870181864
              ],
              [
                -3.9013268934340077,
                40.516886677276624
              ],
              [
                -3.901330181680132,
                40.51688614830907
              ],
              [
                -3.9013335959376265,
                40.51688509046928
              ],
              [
                -3.901336440675595,
                40.516883407298984
              ],
              [
                -3.901339033447389,
                40.516881580517456
              ],
              [
                -3.901341055908402,
                40.516879128706684
              ],
              [
                -3.9013426353349123,
                40.516875522211976
              ],
              [
                -3.9013428230111535,
                40.51687292530345
              ],
              [
                -3.9013440879593713,
                40.516872444890964
              ],
              [
                -3.901348134587992,
                40.51686994614883
              ],
              [
                -3.901348893072921,
                40.516869177069786
              ],
              [
                -3.9013514210798204,
                40.5168646102488
              ],
              [
                -3.9013520526374803,
                40.51686196636574
              ]
            ]
          ],
          [
            [
              [
                -3.901244476185784,
                40.51679854708712
              ],
              [
                -3.9012444117432237,
                40.51679580722857
              ],
              [
                -3.9012437157757796,
                40.51679330811691
              ],
              [
                -3.9012423245160264,
                40.51679071230681
              ],
              [
                -3.9012403641555413,
                40.51678869354668
              ],
              [
                -3.901237960704857,
                40.51678672296287
              ],
              [
                -3.9012347349229097,
                40.51678518509498
              ],
              [
                -3.9012321412397157,
                40.51678460819764
              ],
              [
                -3.901231824773777,
                40.516782926084026
              ],
              [
                -3.901231065138561,
                40.51678129172678
              ],
              [
                -3.9012291674182014,
                40.51677840724986
              ],
              [
                -3.901227775626568,
                40.516777013277775
              ],
              [
                -3.901226193896711,
                40.516775811395554
              ],
              [
                -3.9012244228629607,
                40.51677480196318
              ],
              [
                -3.9012207542293296,
                40.51677331203019
              ],
              [
                -3.9012188571837756,
                40.516772831470625
              ],
              [
                -3.9012167699630873,
                40.51677254324003
              ],
              [
                -3.9012131025366954,
                40.51677225538611
              ],
              [
                -3.9012113323936304,
                40.516772447851686
              ],
              [
                -3.901207855797221,
                40.516773169806655
              ],
              [
                -3.901207349335363,
                40.51677288113953
              ],
              [
                -3.9012061480562465,
                40.51677249679654
              ],
              [
                -3.9012056415944016,
                40.51677220812941
              ],
              [
                -3.9012029899205403,
                40.51677129745536
              ],
              [
                -3.9011995121162633,
                40.51677081733087
              ],
              [
                -3.901196161451635,
                40.51677100999194
              ],
              [
                -3.9011928729724272,
                40.51677153919669
              ],
              [
                -3.90118945840214,
                40.516772596852036
              ],
              [
                -3.9011866136651827,
                40.51677428001871
              ],
              [
                -3.9011840212097417,
                40.51677610697714
              ],
              [
                -3.901181998429738,
                40.51677855860486
              ],
              [
                -3.9011804193132273,
                40.5167821652777
              ],
              [
                -3.9011800415145594,
                40.51678375165476
              ],
              [
                -3.901177511619101,
                40.516784712476145
              ],
              [
                -3.9011744767061716,
                40.51678658646804
              ],
              [
                -3.901173528361365,
                40.516787548056065
              ],
              [
                -3.9011711902040846,
                40.516791922363055
              ],
              [
                -3.901170305409022,
                40.51679442191149
              ],
              [
                -3.9011703057649,
                40.516796825647845
              ],
              [
                -3.901170749764769,
                40.51679918114793
              ],
              [
                -3.9011716345600074,
                40.51680148829161
              ],
              [
                -3.901173405771987,
                40.51680369884101
              ],
              [
                -3.9011755559899135,
                40.51680552509301
              ],
              [
                -3.9011783389986396,
                40.51680711131972
              ],
              [
                -3.9011780861238026,
                40.51680937072243
              ],
              [
                -3.9011782768930154,
                40.51681158188885
              ],
              [
                -3.9011789099609158,
                40.516813745179974
              ],
              [
                -3.9011799225087667,
                40.51681552369101
              ],
              [
                -3.90118137672314,
                40.51681725396559
              ],
              [
                -3.9011832737111534,
                40.51681893588334
              ],
              [
                -3.901185360082624,
                40.51682042577207
              ],
              [
                -3.9011880797199963,
                40.5168216751548
              ],
              [
                -3.901190481962954,
                40.51682244366131
              ],
              [
                -3.9011928220991625,
                40.51682287604531
              ],
              [
                -3.9011953519368823,
                40.516823116580795
              ],
              [
                -3.9011976279899785,
                40.51682321284282
              ],
              [
                -3.901200284314295,
                40.51682292402434
              ],
              [
                -3.9012024339380567,
                40.516822346779264
              ],
              [
                -3.90120477286819,
                40.516821577084066
              ],
              [
                -3.9012068586458457,
                40.51682066347656
              ],
              [
                -3.9012091361434234,
                40.51682196157668
              ],
              [
                -3.901212487938164,
                40.5168229705729
              ],
              [
                -3.9012159658248953,
                40.51682345111731
              ],
              [
                -3.9012193164122695,
                40.51682325803449
              ],
              [
                -3.901222604656781,
                40.51682272907036
              ],
              [
                -3.9012260194667716,
                40.51682167117305
              ],
              [
                -3.901228864204264,
                40.51681998800589
              ],
              [
                -3.901231456977023,
                40.516818161226276
              ],
              [
                -3.901233479440056,
                40.51681570941738
              ],
              [
                -3.901235058554503,
                40.51681210274383
              ],
              [
                -3.9012352465510904,
                40.51680950601578
              ],
              [
                -3.90123651126121,
                40.516809025845454
              ],
              [
                -3.9012405575736544,
                40.51680652692678
              ],
              [
                -3.9012413160591013,
                40.51680575784842
              ],
              [
                -3.9012438443872934,
                40.5168011912101
              ],
              [
                -3.901244476185784,
                40.51679854708712
              ]
            ]
          ],
          [
            [
              [
                -3.901127946785947,
                40.516732131255125
              ],
              [
                -3.9011278820312087,
                40.516729391215826
              ],
              [
                -3.901127186622988,
                40.51672689204364
              ],
              [
                -3.9011257951319385,
                40.51672429647264
              ],
              [
                -3.9011238344599,
                40.516722277529865
              ],
              [
                -3.901121431016157,
                40.516720306943505
              ],
              [
                -3.9011182052394293,
                40.516718769072014
              ],
              [
                -3.9011156118763246,
                40.51671819235325
              ],
              [
                -3.901115295334455,
                40.5167165098185
              ],
              [
                -3.9011145357824875,
                40.51671487588081
              ],
              [
                -3.9011126380690215,
                40.51671199140198
              ],
              [
                -3.9011112459643473,
                40.51671059724869
              ],
              [
                -3.9011096647921755,
                40.51670939530419
              ],
              [
                -3.9011078937619335,
                40.51670838587004
              ],
              [
                -3.9011042248968537,
                40.51670689617436
              ],
              [
                -3.9011023275374965,
                40.516706415431706
              ],
              [
                -3.9011002406358957,
                40.516706127380196
              ],
              [
                -3.9010965728977665,
                40.51670583934179
              ],
              [
                -3.9010948030724766,
                40.5167060319859
              ],
              [
                -3.9010913263986016,
                40.516706753517056
              ],
              [
                -3.901090819937747,
                40.51670646484942
              ],
              [
                -3.9010896187396584,
                40.516706080926035
              ],
              [
                -3.9010891122788163,
                40.5167057922584
              ],
              [
                -3.9010864602926465,
                40.51670488140051
              ],
              [
                -3.9010829824928117,
                40.5167044012734
              ],
              [
                -3.901079632147524,
                40.5167045941114
              ],
              [
                -3.9010763433541356,
                40.516705123131665
              ],
              [
                -3.90107292910191,
                40.51670618096475
              ],
              [
                -3.9010700843653323,
                40.516707864128094
              ],
              [
                -3.9010674915924417,
                40.5167096909041
              ],
              [
                -3.901065469126536,
                40.51671214271011
              ],
              [
                -3.901063890005321,
                40.51671574938135
              ],
              [
                -3.901063511887915,
                40.51671733557772
              ],
              [
                -3.901060982309648,
                40.51671829657688
              ],
              [
                -3.9010579473964677,
                40.516720170565726
              ],
              [
                -3.901056999288603,
                40.516721131911794
              ],
              [
                -3.901054660888362,
                40.51672550645745
              ],
              [
                -3.9010537757733146,
                40.516728005823815
              ],
              [
                -3.901053776441532,
                40.51673040974133
              ],
              [
                -3.9010542201205105,
                40.516732765061555
              ],
              [
                -3.9010551054648914,
                40.516735072145444
              ],
              [
                -3.9010568764336013,
                40.5167372829376
              ],
              [
                -3.9010590266462226,
                40.51673910919179
              ],
              [
                -3.901061809332432,
                40.516740695240586
              ],
              [
                -3.9010615570081093,
                40.516742954583236
              ],
              [
                -3.9010617472197473,
                40.51674516581005
              ],
              [
                -3.901062380600102,
                40.51674732928162
              ],
              [
                -3.901063393143859,
                40.51674910779366
              ],
              [
                -3.9010648470369422,
                40.51675083788989
              ],
              [
                -3.9010667443365086,
                40.516752519989865
              ],
              [
                -3.901068830703323,
                40.516754009880685
              ],
              [
                -3.901071550019474,
                40.51675525908584
              ],
              [
                -3.9010739525744236,
                40.51675602777471
              ],
              [
                -3.901076292708696,
                40.51675646016092
              ],
              [
                -3.9010788225434916,
                40.51675670069895
              ],
              [
                -3.9010810985936795,
                40.51675679696377
              ],
              [
                -3.901083754915218,
                40.51675650814758
              ],
              [
                -3.901085904222632,
                40.51675593072423
              ],
              [
                -3.9010882434676564,
                40.51675516121218
              ],
              [
                -3.901090329244834,
                40.51675424760676
              ],
              [
                -3.9010926067372513,
                40.516755545708826
              ],
              [
                -3.901095958527566,
                40.51675655470877
              ],
              [
                -3.901099436330198,
                40.516757034835486
              ],
              [
                -3.901102786994407,
                40.516756842177216
              ],
              [
                -3.9011060752365796,
                40.51675631321639
              ],
              [
                -3.9011094900450263,
                40.51675525532251
              ],
              [
                -3.901112334466108,
                40.516753571977034
              ],
              [
                -3.9011149272389876,
                40.516751745200516
              ],
              [
                -3.9011169497042792,
                40.516749293393644
              ],
              [
                -3.9011185291404344,
                40.51674568690236
              ],
              [
                -3.901118716824993,
                40.51674308999419
              ],
              [
                -3.9011199817723674,
                40.51674260958414
              ],
              [
                -3.901124028164316,
                40.51674011109034
              ],
              [
                -3.9011247866503473,
                40.516739342012755
              ],
              [
                -3.901127314904804,
                40.51673477495616
              ],
              [
                -3.901127946785947,
                40.516732131255125
              ]
            ]
          ],
          [
            [
              [
                -3.9002668549751514,
                40.516011895482414
              ],
              [
                -3.9002667904934865,
                40.51600915520215
              ],
              [
                -3.900266094887,
                40.51600665626494
              ],
              [
                -3.9002647036820695,
                40.51600406044348
              ],
              [
                -3.900262742819837,
                40.516002041726644
              ],
              [
                -3.900260339426573,
                40.51600007112208
              ],
              [
                -3.9002571137048996,
                40.51599853322701
              ],
              [
                -3.900254520614088,
                40.51599795624763
              ],
              [
                -3.9002542038595545,
                40.51599627395153
              ],
              [
                -3.9002534445745667,
                40.515994639768074
              ],
              [
                -3.900251546680699,
                40.515991755515294
              ],
              [
                -3.9002501546088855,
                40.51599036135166
              ],
              [
                -3.900248573469785,
                40.51598915939581
              ],
              [
                -3.900246802470885,
                40.51598814994812
              ],
              [
                -3.900243133665,
                40.51598666022558
              ],
              [
                -3.900241236569387,
                40.515986179228356
              ],
              [
                -3.9002391496932556,
                40.515985891160966
              ],
              [
                -3.900235482078039,
                40.515985603516526
              ],
              [
                -3.900233712190126,
                40.51598579572669
              ],
              [
                -3.9002302353064966,
                40.51598651747216
              ],
              [
                -3.900229729171141,
                40.515986228981085
              ],
              [
                -3.9002285276745368,
                40.51598584486846
              ],
              [
                -3.900228021222843,
                40.51598555619706
              ],
              [
                -3.900225369514697,
                40.51598464507937
              ],
              [
                -3.900221891758391,
                40.515984164926444
              ],
              [
                -3.9002185412094295,
                40.515984357980074
              ],
              [
                -3.9002152526824143,
                40.5159848867358
              ],
              [
                -3.9002118384531186,
                40.515985944542685
              ],
              [
                -3.9002089937249975,
                40.5159876276854
              ],
              [
                -3.900206400956499,
                40.51598945444216
              ],
              [
                -3.900204378481317,
                40.515991906232664
              ],
              [
                -3.900202799330744,
                40.5159955128922
              ],
              [
                -3.900202420959354,
                40.515997099326725
              ],
              [
                -3.9001998916335934,
                40.515998060066124
              ],
              [
                -3.900196856728948,
                40.51599993403244
              ],
              [
                -3.9001959083812485,
                40.51600089561246
              ],
              [
                -3.9001935701876183,
                40.516005269899765
              ],
              [
                -3.9001926848129536,
                40.51600776950092
              ],
              [
                -3.9001926856873146,
                40.51601017317709
              ],
              [
                -3.900193129331277,
                40.516012528500596
              ],
              [
                -3.9001940143988425,
                40.51601483583205
              ],
              [
                -3.9001957853201334,
                40.516017046637366
              ],
              [
                -3.9001979357238743,
                40.51601887266651
              ],
              [
                -3.900200718359819,
                40.51602045873597
              ],
              [
                -3.9002004657720013,
                40.516022718317245
              ],
              [
                -3.9002006561903846,
                40.51602492930496
              ],
              [
                -3.9002012892984745,
                40.516027093022224
              ],
              [
                -3.9002023020456993,
                40.51602887130129
              ],
              [
                -3.9002037562177803,
                40.51603060158812
              ],
              [
                -3.9002056531585243,
                40.51603228352236
              ],
              [
                -3.90020773948379,
                40.51603377342867
              ],
              [
                -3.9002104587546835,
                40.51603502265401
              ],
              [
                -3.9002128612750844,
                40.5160357913606
              ],
              [
                -3.9002152013775313,
                40.5160362237643
              ],
              [
                -3.900217730944871,
                40.51603646456161
              ],
              [
                -3.9002200072070456,
                40.51603656060233
              ],
              [
                -3.9002226635039197,
                40.51603627180671
              ],
              [
                -3.9002248127950123,
                40.51603569439895
              ],
              [
                -3.9002271517876017,
                40.516034925144766
              ],
              [
                -3.9002292377912933,
                40.51603401131434
              ],
              [
                -3.9002315152425724,
                40.5160353094333
              ],
              [
                -3.9002348669837583,
                40.51603631845726
              ],
              [
                -3.900238344505838,
                40.516036798851154
              ],
              [
                -3.900241695374198,
                40.51603660597678
              ],
              [
                -3.9002449835871924,
                40.51603607703998
              ],
              [
                -3.9002483981348672,
                40.516035019412435
              ],
              [
                -3.90025124254766,
                40.51603333608845
              ],
              [
                -3.900253835553335,
                40.51603150909068
              ],
              [
                -3.9002558580283906,
                40.51602905729882
              ],
              [
                -3.900257437256061,
                40.51602545105938
              ],
              [
                -3.900257625209144,
                40.51602285391212
              ],
              [
                -3.900258889911912,
                40.51602237375196
              ],
              [
                -3.9002629365296677,
                40.51601987504769
              ],
              [
                -3.9002636950174288,
                40.51601910597574
              ],
              [
                -3.9002662230661933,
                40.516014539178414
              ],
              [
                -3.9002668549751514,
                40.516011895482414
              ]
            ]
          ],
          [
            [
              [
                -3.900082048762948,
                40.51634144072261
              ],
              [
                -3.9000728995115366,
                40.51633945845946
              ],
              [
                -3.9000650953555263,
                40.51633761108477
              ],
              [
                -3.900056684273278,
                40.516335454876284
              ],
              [
                -3.900048963321423,
                40.516333321268036
              ],
              [
                -3.900040649439498,
                40.51633085416139
              ],
              [
                -3.900033024882299,
                40.51632843275359
              ],
              [
                -3.9000248223148724,
                40.51632565317037
              ],
              [
                -3.900017307099797,
                40.51632294264345
              ],
              [
                -3.9000092300744664,
                40.516319848992936
              ],
              [
                -3.900001837181358,
                40.51631684789179
              ],
              [
                -3.8999945077189646,
                40.516313706800545
              ],
              [
                -3.899987244620291,
                40.51631042531235
              ],
              [
                -3.8999800508507843,
                40.51630700319281
              ],
              [
                -3.8999723394334644,
                40.51630313674304
              ],
              [
                -3.8999652999574552,
                40.516299420485545
              ],
              [
                -3.899958339112005,
                40.51629556258553
              ],
              [
                -3.8999508373354894,
                40.51629119073006
              ],
              [
                -3.8999445875439935,
                40.516287369127205
              ],
              [
                -3.8999384751688075,
                40.51628346425569
              ],
              [
                -3.8999320089970424,
                40.51627914216214
              ],
              [
                -3.899926184239835,
                40.51627506980337
              ],
              [
                -3.899920497985771,
                40.51627091995357
              ],
              [
                -3.899914950591718,
                40.516266694509895
              ],
              [
                -3.899909098157654,
                40.51626203382806
              ],
              [
                -3.899903409585834,
                40.51625728893843
              ],
              [
                -3.899898304472431,
                40.516252836426915
              ],
              [
                -3.8998929323653564,
                40.51624793648933
              ],
              [
                -3.8998881200932503,
                40.51624334487355
              ],
              [
                -3.899883448952033,
                40.51623868942853
              ],
              [
                -3.899878548264218,
                40.5162335761066
              ],
              [
                -3.899874172235203,
                40.516228793629956
              ],
              [
                -3.8998692466484273,
                40.51622314073835
              ],
              [
                -3.899842151470265,
                40.516208073764524
              ],
              [
                -3.8995504322426586,
                40.51650386369987
              ],
              [
                -3.89955877908474,
                40.516503496129225
              ],
              [
                -3.899568836053861,
                40.51650351852971
              ],
              [
                -3.8995792613529296,
                40.51650394772854
              ],
              [
                -3.8995899056210828,
                40.51650477303671
              ],
              [
                -3.8996000269731765,
                40.516505908092434
              ],
              [
                -3.899610018878192,
                40.51650736199329
              ],
              [
                -3.8996206102996687,
                40.516509270243404
              ],
              [
                -3.8996306908053766,
                40.51651144711859
              ],
              [
                -3.8996400793227317,
                40.51651380288173
              ],
              [
                -3.899649721085414,
                40.516516566823235
              ],
              [
                -3.899659571828252,
                40.51651977006612
              ],
              [
                -3.8996684675693554,
                40.51652301144309
              ],
              [
                -3.8996774620898633,
                40.516526646552904
              ],
              [
                -3.899686524248628,
                40.51653069721619
              ],
              [
                -3.8996956228235216,
                40.516535185438364
              ],
              [
                -3.899703589543971,
                40.51653948881356
              ],
              [
                -3.8997134989997253,
                40.51654537468663
              ],
              [
                -3.899721640527773,
                40.516550713157194
              ],
              [
                -3.899729174425145,
                40.51655612208636
              ],
              [
                -3.8997361240700688,
                40.51656157499783
              ],
              [
                -3.8997425126301226,
                40.51656704552614
              ],
              [
                -3.8997490578910177,
                40.51657318784879
              ],
              [
                -3.8997549554559776,
                40.51657928117612
              ],
              [
                -3.8997602383104413,
                40.51658528795581
              ],
              [
                -3.8997654274568894,
                40.516591814638204
              ],
              [
                -3.899770360260189,
                40.51659875505045
              ],
              [
                -3.8997745394010557,
                40.51660537851346
              ],
              [
                -3.8997783098247636,
                40.516612161641106
              ],
              [
                -3.89978177028688,
                40.51661937589937
              ],
              [
                -3.8997846400411054,
                40.516626524759566
              ],
              [
                -3.8997868717011026,
                40.516633506766624
              ],
              [
                -3.899787673449604,
                40.51663669968813
              ],
              [
                -3.899788194774003,
                40.516639386102426
              ],
              [
                -3.900082048762948,
                40.51634144072261
              ]
            ]
          ],
          [
            [
              [
                -3.900062531536048,
                40.51608384298647
              ],
              [
                -3.900062467062665,
                40.516081102706075
              ],
              [
                -3.900061771463048,
                40.51607860376764
              ],
              [
                -3.9000603802645353,
                40.51607600794373
              ],
              [
                -3.9000584194063506,
                40.51607398922345
              ],
              [
                -3.9000560160166753,
                40.51607201861551
              ],
              [
                -3.9000527902955797,
                40.51607048071439
              ],
              [
                -3.9000501969672032,
                40.51606990397131
              ],
              [
                -3.9000498804551316,
                40.51606822143367
              ],
              [
                -3.900049121173661,
                40.516066587248496
              ],
              [
                -3.900047223286708,
                40.516063702993236
              ],
              [
                -3.900045831534486,
                40.516062309006976
              ],
              [
                -3.9000442500803536,
                40.51606110686763
              ],
              [
                -3.90004247908263,
                40.51606009741685
              ],
              [
                -3.9000388102773473,
                40.516058607687846
              ],
              [
                -3.9000369129434906,
                40.51605812692827
              ],
              [
                -3.9000348263036724,
                40.51605783861621
              ],
              [
                -3.900031158684911,
                40.5160575509658
              ],
              [
                -3.9000293885573236,
                40.51605774341334
              ],
              [
                -3.900025911905438,
                40.5160584649117
              ],
              [
                -3.9000254057710664,
                40.516058176420096
              ],
              [
                -3.9000242042743434,
                40.51605779230537
              ],
              [
                -3.900023697822986,
                40.51605750363307
              ],
              [
                -3.9000210458764486,
                40.516056592751326
              ],
              [
                -3.9000175683555476,
                40.516056112351286
              ],
              [
                -3.900014217801917,
                40.516056305399516
              ],
              [
                -3.9000109292691127,
                40.516056834149076
              ],
              [
                -3.900007515033578,
                40.516057891950304
              ],
              [
                -3.9000046702972746,
                40.51605957508802
              ],
              [
                -3.900002077520912,
                40.516061401839714
              ],
              [
                -3.900000054798413,
                40.51606385386766
              ],
              [
                -3.899998475872343,
                40.5160674602839
              ],
              [
                -3.8999980974955495,
                40.516069046716915
              ],
              [
                -3.8999955681643086,
                40.51607000745271
              ],
              [
                -3.8999925332506953,
                40.51607188141368
              ],
              [
                -3.899991584899048,
                40.51607284299203
              ],
              [
                -3.8999892466895765,
                40.51607721727522
              ],
              [
                -3.8999883613056956,
                40.51607971687444
              ],
              [
                -3.89998836217338,
                40.51608212055098
              ],
              [
                -3.899988805810641,
                40.51608447587527
              ],
              [
                -3.8999896908714753,
                40.51608678320792
              ],
              [
                -3.899991461788578,
                40.51608899401672
              ],
              [
                -3.899993611951224,
                40.516090820289776
              ],
              [
                -3.8999963945859695,
                40.516092406364514
              ],
              [
                -3.8999961422281832,
                40.51609466570485
              ],
              [
                -3.899996332640032,
                40.5160968766929
              ],
              [
                -3.8999969657415603,
                40.51609904041091
              ],
              [
                -3.899997978247911,
                40.516100818932614
              ],
              [
                -3.899999432653468,
                40.51610254898152
              ],
              [
                -3.9000013295904736,
                40.51610423091873
              ],
              [
                -3.9000034159140857,
                40.516105720829074
              ],
              [
                -3.900006135183441,
                40.51610697005884
              ],
              [
                -3.900008537704079,
                40.51610773876966
              ],
              [
                -3.900010877571178,
                40.51610817141835
              ],
              [
                -3.9000134073776875,
                40.516108411979616
              ],
              [
                -3.9000156836413638,
                40.516108508023976
              ],
              [
                -3.900018339705266,
                40.51610821947305
              ],
              [
                -3.900020489237775,
                40.51610764182944
              ],
              [
                -3.90002282823522,
                40.51610687257937
              ],
              [
                -3.900024914244421,
                40.51610595875212
              ],
              [
                -3.900027191694187,
                40.516107256875095
              ],
              [
                -3.900030543436057,
                40.516108265905814
              ],
              [
                -3.9000340209602427,
                40.51610874630499
              ],
              [
                -3.9000373718323007,
                40.516108553436986
              ],
              [
                -3.9000406600510833,
                40.51610802450636
              ],
              [
                -3.900044074604998,
                40.51610696688446
              ],
              [
                -3.9000469193423233,
                40.516105283745794
              ],
              [
                -3.9000495118032967,
                40.516103456812274
              ],
              [
                -3.900051534287508,
                40.51610100502448
              ],
              [
                -3.9000531137650527,
                40.51609739854734
              ],
              [
                -3.900053301806062,
                40.51609480182157
              ],
              [
                -3.9000545664318413,
                40.51609432124247
              ],
              [
                -3.900058613061555,
                40.516091822545334
              ],
              [
                -3.900059371552473,
                40.516091053474696
              ],
              [
                -3.900061899617868,
                40.51608648668183
              ],
              [
                -3.900062531536048,
                40.51608384298647
              ]
            ]
          ],
          [
            [
              [
                -3.90004378441064,
                40.516020052774465
              ],
              [
                -3.9000437200167615,
                40.516017312915366
              ],
              [
                -3.9000430244185034,
                40.51601481397682
              ],
              [
                -3.900041632905691,
                40.516012217972374
              ],
              [
                -3.9000396726039606,
                40.5160101991911
              ],
              [
                -3.9000372689799354,
                40.51600822882327
              ],
              [
                -3.9000340434995264,
                40.516006690681124
              ],
              [
                -3.9000314501737785,
                40.51600611393762
              ],
              [
                -3.9000311334248043,
                40.516004431640916
              ],
              [
                -3.9000303741445124,
                40.516002797455634
              ],
              [
                -3.900028476497847,
                40.51599991295907
              ],
              [
                -3.900027084193315,
                40.51599851903326
              ],
              [
                -3.9000255030573725,
                40.51599731707398
              ],
              [
                -3.900023731745266,
                40.5159963074426
              ],
              [
                -3.9000200634979145,
                40.51599481765233
              ],
              [
                -3.900018166165998,
                40.51599433689244
              ],
              [
                -3.9000160792910568,
                40.515994048820545
              ],
              [
                -3.9000124113595165,
                40.515993760989225
              ],
              [
                -3.900010641787097,
                40.5159939533763
              ],
              [
                -3.9000071649011288,
                40.5159946751146
              ],
              [
                -3.900006658450322,
                40.51599438644222
              ],
              [
                -3.9000054575090357,
                40.51599400226749
              ],
              [
                -3.9000049510582415,
                40.515993713595115
              ],
              [
                -3.900002299114482,
                40.51599280271294
              ],
              [
                -3.899998821359349,
                40.51599232255333
              ],
              [
                -3.8999954710465268,
                40.515992515360026
              ],
              [
                -3.899992182279515,
                40.51599304434955
              ],
              [
                -3.8999887680464473,
                40.51599410215073
              ],
              [
                -3.8999859233128653,
                40.51599578528747
              ],
              [
                -3.8999833305379736,
                40.51599761203926
              ],
              [
                -3.8999813080543877,
                40.516000063825864
              ],
              [
                -3.899979728891623,
                40.516003670482355
              ],
              [
                -3.8999793505142595,
                40.516005256915804
              ],
              [
                -3.899976821185643,
                40.5160062176507
              ],
              [
                -3.8999737862743933,
                40.516008091611184
              ],
              [
                -3.8999728379233796,
                40.516009053189386
              ],
              [
                -3.8999704997149105,
                40.51601342747218
              ],
              [
                -3.8999696145683616,
                40.516015926830775
              ],
              [
                -3.899969615198185,
                40.516018330747805
              ],
              [
                -3.8999700588343647,
                40.51602068607217
              ],
              [
                -3.8999709438937122,
                40.51602299340495
              ],
              [
                -3.8999727150456995,
                40.51602520397355
              ],
              [
                -3.8999748652064383,
                40.516027030247315
              ],
              [
                -3.899977647837445,
                40.51602861632214
              ],
              [
                -3.899977395242078,
                40.51603087590291
              ],
              [
                -3.899977585653128,
                40.516033086891014
              ],
              [
                -3.899978218753448,
                40.51603525060912
              ],
              [
                -3.899979231495527,
                40.5160370288905
              ],
              [
                -3.899980685345678,
                40.51603875899981
              ],
              [
                -3.899982582596759,
                40.516040441117646
              ],
              [
                -3.8999846689179694,
                40.51604193102834
              ],
              [
                -3.8999873881843885,
                40.516043180258535
              ],
              [
                -3.899989790702525,
                40.51604394896974
              ],
              [
                -3.899992130804465,
                40.516044381378315
              ],
              [
                -3.8999946600543143,
                40.51604462199979
              ],
              [
                -3.899996936632795,
                40.51604471822521
              ],
              [
                -3.8999995926150897,
                40.5160444292539
              ],
              [
                -3.9000017422248767,
                40.51604385203146
              ],
              [
                -3.900004081457499,
                40.516043082541266
              ],
              [
                -3.9000061672272968,
                40.516042168955344
              ],
              [
                -3.900008444674533,
                40.51604346707868
              ],
              [
                -3.900011796413418,
                40.516044476109464
              ],
              [
                -3.9000152739336746,
                40.51604495650967
              ],
              [
                -3.9000186248030846,
                40.51604476364174
              ],
              [
                -3.900021913018886,
                40.516044234711636
              ],
              [
                -3.9000253272534984,
                40.516043176909974
              ],
              [
                -3.900028172225776,
                40.51604149353127
              ],
              [
                -3.900030765001143,
                40.5160396667785
              ],
              [
                -3.9000327874841156,
                40.51603721499103
              ],
              [
                -3.900034366723977,
                40.516033608754626
              ],
              [
                -3.9000345546857242,
                40.51603101160771
              ],
              [
                -3.900035819390244,
                40.51603053144999
              ],
              [
                -3.900039866016806,
                40.51602803275351
              ],
              [
                -3.9000406245072177,
                40.51602726368301
              ],
              [
                -3.9000431525714845,
                40.51602269689053
              ],
              [
                -3.90004378441064,
                40.516020052774465
              ]
            ]
          ],
          [
            [
              [
                -3.899721559275735,
                40.51665187267437
              ],
              [
                -3.8997213695599173,
                40.51664754230715
              ],
              [
                -3.899720961040576,
                40.51664309238231
              ],
              [
                -3.8997204363633093,
                40.516639304846095
              ],
              [
                -3.8997195647753484,
                40.51663467920319
              ],
              [
                -3.8997186205980943,
                40.51663076880553
              ],
              [
                -3.899717463660865,
                40.51662681804932
              ],
              [
                -3.8997160801267223,
                40.516622836754486
              ],
              [
                -3.899714456077683,
                40.51661883461775
              ],
              [
                -3.899712974507474,
                40.516615624352006
              ],
              [
                -3.899710882803159,
                40.516611609171925
              ],
              [
                -3.899709009127168,
                40.516608401056274
              ],
              [
                -3.8997064049838253,
                40.516604404276215
              ],
              [
                -3.8997041033134856,
                40.51660122350723
              ],
              [
                -3.8997015999466735,
                40.51659806303789
              ],
              [
                -3.899698887867691,
                40.51659492772271
              ],
              [
                -3.8996959599312406,
                40.516591822650284
              ],
              [
                -3.8996928089595895,
                40.51658875273673
              ],
              [
                -3.899689428018084,
                40.51658572295971
              ],
              [
                -3.899685809880382,
                40.51658273828463
              ],
              [
                -3.89968194761183,
                40.5165798036892
              ],
              [
                -3.8996778340509097,
                40.516576924175716
              ],
              [
                -3.8996734620847078,
                40.51657410469727
              ],
              [
                -3.8996700093467993,
                40.516572032506964
              ],
              [
                -3.899664052043596,
                40.51656873297885
              ],
              [
                -3.899659281502862,
                40.516566317525644
              ],
              [
                -3.899654517222552,
                40.516564097798096
              ],
              [
                -3.899649762782686,
                40.5165620675993
              ],
              [
                -3.899645022314279,
                40.516560220892394
              ],
              [
                -3.8996402995107866,
                40.51655855146813
              ],
              [
                -3.899635598422179,
                40.516557053166515
              ],
              [
                -3.8996309228067414,
                40.5165557198152
              ],
              [
                -3.8996262766172354,
                40.51655454535278
              ],
              [
                -3.8996216637902084,
                40.51655352363155
              ],
              [
                -3.899617088067728,
                40.51655264839298
              ],
              [
                -3.8996114266881294,
                40.516551751136404
              ],
              [
                -3.899606948836343,
                40.516551183273904
              ],
              [
                -3.8996014219772643,
                40.51655065069793
              ],
              [
                -3.899597061711263,
                40.516550359029615
              ],
              [
                -3.899591694125986,
                40.51655015227699
              ],
              [
                -3.899586425550578,
                40.51655010973972
              ],
              [
                -3.8995812636799636,
                40.516550219405815
              ],
              [
                -3.899576215982219,
                40.516550469287935
              ],
              [
                -3.899570320299255,
                40.51655093732417
              ],
              [
                -3.899565550644386,
                40.51655145339196
              ],
              [
                -3.8995600106122366,
                40.51655220605938
              ],
              [
                -3.899554683161496,
                40.51655308459253
              ],
              [
                -3.8995495813978343,
                40.516554068207604
              ],
              [
                -3.89954393201333,
                40.5165553210065
              ],
              [
                -3.899538628566851,
                40.51655665573879
              ],
              [
                -3.8995330176660685,
                40.516558239264995
              ],
              [
                -3.899527916731207,
                40.51655983770283
              ],
              [
                -3.899522826456031,
                40.516561592493844
              ],
              [
                -3.8995175996017117,
                40.51656357622621
              ],
              [
                -3.899512936909247,
                40.5165655276205
              ],
              [
                -3.8995090526984666,
                40.5165673387253
              ],
              [
                -3.8990577986796087,
                40.517024873189605
              ],
              [
                -3.8990569458719055,
                40.51702747826095
              ],
              [
                -3.899056200708805,
                40.51703059313637
              ],
              [
                -3.899055620124104,
                40.51703407373747
              ],
              [
                -3.899055276144328,
                40.51703745346913
              ],
              [
                -3.899055131516425,
                40.51704083150435
              ],
              [
                -3.8990551909675797,
                40.51704453757685
              ],
              [
                -3.8990554496188623,
                40.51704803161589
              ],
              [
                -3.8990559364907473,
                40.51705174419711
              ],
              [
                -3.8990565608748553,
                40.51705508879102
              ],
              [
                -3.8990573987026065,
                40.5170585730615
              ],
              [
                -3.8990584712168803,
                40.51706218748361
              ],
              [
                -3.899059559454159,
                40.51706529197776
              ],
              [
                -3.8990611171004055,
                40.5170691200242
              ],
              [
                -3.89906263922094,
                40.51707238906862
              ],
              [
                -3.8990643781748453,
                40.51707572412075
              ],
              [
                -3.899066346260616,
                40.517079119487846
              ],
              [
                -3.899070505117856,
                40.5170853655198
              ],
              [
                -3.8990731796973725,
                40.51708890028954
              ],
              [
                -3.899075517221451,
                40.5170917566919
              ],
              [
                -3.8990786966927766,
                40.51709535814097
              ],
              [
                -3.899081454045479,
                40.517098260683326
              ],
              [
                -3.8990875652289043,
                40.517104110435604
              ],
              [
                -3.899094513662129,
                40.517110000900004
              ],
              [
                -3.8991023494791297,
                40.51711590937921
              ],
              [
                -3.899106615809223,
                40.517118863205994
              ],
              [
                -3.89911112278145,
                40.51712181300342
              ],
              [
                -3.8991196079690043,
                40.517126956911284
              ],
              [
                -3.8991310305052713,
                40.51713316804695
              ],
              [
                -3.899140917184895,
                40.517137922889226
              ],
              [
                -3.899150530639666,
                40.517141996252334
              ],
              [
                -3.8991598578807682,
                40.51714543077433
              ],
              [
                -3.8991688856115077,
                40.51714826899467
              ],
              [
                -3.8991732831116286,
                40.51714947777375
              ],
              [
                -3.899178667624394,
                40.51715080223517
              ],
              [
                -3.8991828833494173,
                40.51715171909419
              ],
              [
                -3.8991880354040296,
                40.517152695416314
              ],
              [
                -3.8991969703094647,
                40.517154009125726
              ],
              [
                -3.8992017402465646,
                40.51715451089301
              ],
              [
                -3.8992063676016695,
                40.51715486294844
              ],
              [
                -3.8992108491680857,
                40.517155075628146
              ],
              [
                -3.899216030065557,
                40.51715516164146
              ],
              [
                -3.8992201797059773,
                40.51715510444384
              ],
              [
                -3.8992249529475362,
                40.51715489673802
              ],
              [
                -3.89922949602229,
                40.51715455429751
              ],
              [
                -3.8992338033428546,
                40.517154095108886
              ],
              [
                -3.8992385232352036,
                40.51715343580075
              ],
              [
                -3.8992429059164904,
                40.51715267050998
              ],
              [
                -3.899247490602738,
                40.51715170286778
              ],
              [
                -3.899251610230089,
                40.51715067662377
              ],
              [
                -3.8992556727081853,
                40.51714950532785
              ],
              [
                -3.899259788868394,
                40.517148134825476
              ],
              [
                -3.899263405509116,
                40.517146744665894
              ],
              [
                -3.8992663619090595,
                40.51714541545821
              ],
              [
                -3.8997143506514016,
                40.51669119196524
              ],
              [
                -3.899715751040276,
                40.516687642396235
              ],
              [
                -3.8997171367656134,
                40.516683461630066
              ],
              [
                -3.8997184227470667,
                40.51667884231346
              ],
              [
                -3.8997194427290687,
                40.51667440234386
              ],
              [
                -3.899720254795873,
                40.516670005920886
              ],
              [
                -3.8997209188071382,
                40.51666522763324
              ],
              [
                -3.899721333844069,
                40.51666076473102
              ],
              [
                -3.899721554151589,
                40.51665606657946
              ],
              [
                -3.899721559275735,
                40.51665187267437
              ]
            ]
          ],
          [
            [
              [
                -3.8992187412070014,
                40.51719470716945
              ],
              [
                -3.899211871105227,
                40.51719502411103
              ],
              [
                -3.899203540305493,
                40.51719498789507
              ],
              [
                -3.8991948528818674,
                40.517194585887246
              ],
              [
                -3.899185934051601,
                40.51719382810194
              ],
              [
                -3.8991774089171205,
                40.5171927932288
              ],
              [
                -3.899168950591647,
                40.51719147232207
              ],
              [
                -3.89915993832409,
                40.517189742749075
              ],
              [
                -3.899151315092408,
                40.517187772849155
              ],
              [
                -3.8991432422474808,
                40.51718564350508
              ],
              [
                -3.89913490799937,
                40.51718314752119
              ],
              [
                -3.899126344995975,
                40.517180256929514
              ],
              [
                -3.899118568038175,
                40.517177333595875
              ],
              [
                -3.8991106594163174,
                40.5171740567532
              ],
              [
                -3.8991026420730948,
                40.51717040683623
              ],
              [
                -3.899094539161849,
                40.51716636416883
              ],
              [
                -3.8990873970054776,
                40.51716248927228
              ],
              [
                -3.8990783920264334,
                40.517157160408054
              ],
              [
                -3.899070821877305,
                40.51715226953434
              ],
              [
                -3.899063656052926,
                40.517147265145844
              ],
              [
                -3.8990568871528364,
                40.517142175897746
              ],
              [
                -3.899050507987209,
                40.51713703033434
              ],
              [
                -3.89904378812148,
                40.517131209791316
              ],
              [
                -3.8990375417646272,
                40.51712539492646
              ],
              [
                -3.899031758504187,
                40.5171196263818
              ],
              [
                -3.899025863236108,
                40.51711332083252
              ],
              [
                -3.899020006942879,
                40.51710657542384
              ],
              [
                -3.8990147908091104,
                40.517100101978926
              ],
              [
                -3.899009808153878,
                40.517093437500925
              ],
              [
                -3.8990048963607964,
                40.51708631192205
              ],
              [
                -3.8990004234662767,
                40.51707921263523
              ],
              [
                -3.898996457759499,
                40.51707223992351
              ],
              [
                -3.8989935105766556,
                40.517066330394705
              ],
              [
                -3.8984606324496927,
                40.51760661261977
              ],
              [
                -3.8985255789462183,
                40.517719131042824
              ],
              [
                -3.898537232457879,
                40.517725420794164
              ],
              [
                -3.898542913993973,
                40.51772822912058
              ],
              [
                -3.898548497387645,
                40.51773082214263
              ],
              [
                -3.898553981748716,
                40.517733206512794
              ],
              [
                -3.8985593662518383,
                40.51773538892044
              ],
              [
                -3.8985646497961977,
                40.517737376128906
              ],
              [
                -3.8985698315726722,
                40.51773917491382
              ],
              [
                -3.8985749106748813,
                40.51774079184138
              ],
              [
                -3.898579886083065,
                40.517742233798124
              ],
              [
                -3.8985847570205023,
                40.51774350742415
              ],
              [
                -3.8985906971498907,
                40.51774487297786
              ],
              [
                -3.89859532934161,
                40.51774579241532
              ],
              [
                -3.8986009682430502,
                40.5177467365242
              ],
              [
                -3.898605357157441,
                40.51774733583607
              ],
              [
                -3.8986106889395655,
                40.51774790102651
              ],
              [
                -3.8986158475372106,
                40.51774827411726
              ],
              [
                -3.89862083125111,
                40.51774846822841
              ],
              [
                -3.8986256381389173,
                40.51774849641847
              ],
              [
                -3.898631170605192,
                40.51774832975652
              ],
              [
                -3.8986355822122887,
                40.51774803925321
              ],
              [
                -3.8986406351108776,
                40.517747528257985
              ],
              [
                -3.8986454219601234,
                40.517746861612636
              ],
              [
                -3.8986499396526115,
                40.51774606187385
              ],
              [
                -3.8986548660691067,
                40.51774499107207
              ],
              [
                -3.898659416913657,
                40.51774380604834
              ],
              [
                -3.8986641517359737,
                40.51774235820135
              ],
              [
                -3.8986683821031196,
                40.5177408620161
              ],
              [
                -3.898672529258235,
                40.517739188061626
              ],
              [
                -3.8986767029450284,
                40.51773726316335
              ],
              [
                -3.8986803414445754,
                40.517735340081245
              ],
              [
                -3.8986832859183145,
                40.517733527905314
              ],
              [
                -3.8992187412070014,
                40.51719470716945
              ]
            ]
          ]
        ]
      }
    }
  ]
}
