{
  "type": "FeatureCollection",
  "features": [
    {
      "type": "Feature",
      "properties": {
        "id": "f_5ad9fd551de18c4557000001",
        "externalId": "MAP-LEBU88A6",
        "elevation": 0,
        "name": "Main",
        "shortName": "Main"
      },
      "geometry": {
        "type": "MultiPolygon",
        "coordinates": [
          [
            [
              [
                8.830977283515985,
                44.73506133737985
              ],
              [
                8.830979450059669,
                44.73506060128526
              ],
              [
                8.830982304956482,
                44.7350600754829
              ],
              [
                8.830986150437301,
                44.73505947472227
              ],
              [
                8.830990898959499,
                44.73505887720445
              ],
              [
                8.830996463231513,
                44.73505836100441
              ],
              [
                8.8310027558758,
                44.7350580042389
              ],
              [
                8.831009689517607,
                44.73505788502326
              ],
              [
                8.831017060994734,
                44.735058288015416
              ],
              [
                8.831024785292032,
                44.73505939288846
              ],
              [
                8.831032952215336,
                44.7350611203064
              ],
              [
                8.831041651567725,
                44.735063390934606
              ],
              [
                8.831050973154053,
                44.73506612543606
              ],
              [
                8.831083569360759,
                44.7350763188171
              ],
              [
                8.83109696108467,
                44.73507912353141
              ],
              [
                8.831112393439472,
                44.73508026440625
              ],
              [
                8.831129361200253,
                44.73508004112088
              ],
              [
                8.831147358427001,
                44.73507875264421
              ],
              [
                8.831165879644137,
                44.73507669878203
              ],
              [
                8.83118441962202,
                44.735074179217165
              ],
              [
                8.831219532580056,
                44.735068939690066
              ],
              [
                8.831236052728935,
                44.735065680809235
              ],
              [
                8.831252404350131,
                44.73506104922531
              ],
              [
                8.831267960476143,
                44.73505560195708
              ],
              [
                8.83128209413471,
                44.7350498960222
              ],
              [
                8.831294178122523,
                44.73504448820131
              ],
              [
                8.831303585945676,
                44.7350399359876
              ],
              [
                8.831309690400142,
                44.735036796164316
              ],
              [
                8.831311864518257,
                44.73503562574805
              ],
              [
                8.83160791019342,
                44.73513745417713
              ],
              [
                8.832318373372798,
                44.73540907796267
              ],
              [
                8.832307887599084,
                44.73541921344979
              ],
              [
                8.832313249500109,
                44.7354246238286
              ],
              [
                8.832314787558179,
                44.735426320303596
              ],
              [
                8.832316373645895,
                44.73542832372883
              ],
              [
                8.83231800189624,
                44.73543075691648
              ],
              [
                8.832319665942098,
                44.735433742932685
              ],
              [
                8.832321359416357,
                44.73543740484361
              ],
              [
                8.83232307645205,
                44.735441865461404
              ],
              [
                8.8323248106821,
                44.73544724785224
              ],
              [
                8.83232561716229,
                44.73545300080118
              ],
              [
                8.832324855717157,
                44.735458405448504
              ],
              [
                8.832322976063526,
                44.73546333231835
              ],
              [
                8.832320428630098,
                44.73546765265011
              ],
              [
                8.832317663844812,
                44.73547123768217
              ],
              [
                8.832315131426046,
                44.73547395793975
              ],
              [
                8.832313281802973,
                44.7354756846623
              ],
              [
                8.832312565402834,
                44.735476289087366
              ],
              [
                8.832317009145148,
                44.73548075522323
              ],
              [
                8.831934049472602,
                44.73570919866551
              ],
              [
                8.831598666908535,
                44.73558856126107
              ],
              [
                8.831565606923776,
                44.735577508025756
              ],
              [
                8.83156609505518,
                44.735576845136656
              ],
              [
                8.831447885251364,
                44.73553432496584
              ],
              [
                8.831383854674122,
                44.73546997030955
              ],
              [
                8.83138362124947,
                44.73546926487072
              ],
              [
                8.83138348204302,
                44.73546959579148
              ],
              [
                8.831380762358807,
                44.73546686259748
              ],
              [
                8.831378158078167,
                44.735464244622065
              ],
              [
                8.83120310242128,
                44.73528830238149
              ],
              [
                8.831201006571646,
                44.73528619576771
              ],
              [
                8.831200660458904,
                44.735285847889195
              ],
              [
                8.830977283515985,
                44.73506133737985
              ]
            ]
          ],
          [
            [
              [
                8.831582080345491,
                44.734963715381575
              ],
              [
                8.831978217644416,
                44.73472595499537
              ],
              [
                8.831956687599991,
                44.73470856905359
              ],
              [
                8.831955458417253,
                44.734707694285916
              ],
              [
                8.831952442525425,
                44.73470525039543
              ],
              [
                8.831948648536065,
                44.734701507611895
              ],
              [
                8.831945083920917,
                44.73469673602864
              ],
              [
                8.83194275678482,
                44.734691206129845
              ],
              [
                8.831942675402201,
                44.73468518831424
              ],
              [
                8.831945847412124,
                44.734678952590556
              ],
              [
                8.831953281085282,
                44.73467276935852
              ],
              [
                8.832078130864076,
                44.73459839356934
              ],
              [
                8.832095983640253,
                44.73458922578685
              ],
              [
                8.83210739637554,
                44.73458370139425
              ],
              [
                8.832119994731924,
                44.734577947020775
              ],
              [
                8.832132851447998,
                44.73457256487185
              ],
              [
                8.832145038927147,
                44.73456815732195
              ],
              [
                8.832155630311174,
                44.73456532673068
              ],
              [
                8.832178326241092,
                44.73455998104286
              ],
              [
                8.832514862428399,
                44.73447361200508
              ],
              [
                8.832581416664862,
                44.73445919152613
              ],
              [
                8.832594473986116,
                44.73445379347308
              ],
              [
                8.832605600803422,
                44.734448898092374
              ],
              [
                8.832610798515724,
                44.73444644172708
              ],
              [
                8.832616826497434,
                44.73444334801239
              ],
              [
                8.832618609317656,
                44.73444256416595
              ],
              [
                8.832620500046913,
                44.73444183173593
              ],
              [
                8.832622475761651,
                44.73444114939071
              ],
              [
                8.832624513945389,
                44.73444051594941
              ],
              [
                8.832626591173328,
                44.73443993032919
              ],
              [
                8.832628684859364,
                44.73443939102898
              ],
              [
                8.83263077150811,
                44.73443889664486
              ],
              [
                8.832633679872266,
                44.734438275436155
              ],
              [
                8.832636463053543,
                44.73443773812956
              ],
              [
                8.832639055883947,
                44.734437281057744
              ],
              [
                8.83277278011232,
                44.73441790494709
              ],
              [
                8.832914503603506,
                44.73440792963568
              ],
              [
                8.832936594693583,
                44.734406800284894
              ],
              [
                8.832948751046262,
                44.73440663075257
              ],
              [
                8.83295741663407,
                44.734406962459204
              ],
              [
                8.833051193925325,
                44.734407871084485
              ],
              [
                8.833132808815357,
                44.734411753451475
              ],
              [
                8.8331313474491,
                44.73442527324488
              ],
              [
                8.833018452253885,
                44.734420530694614
              ],
              [
                8.833006602585282,
                44.73442032505901
              ],
              [
                8.83291721480263,
                44.73442219070114
              ],
              [
                8.832882288699809,
                44.73442356258385
              ],
              [
                8.832871414283028,
                44.734424295336915
              ],
              [
                8.832747024333667,
                44.734435951357824
              ],
              [
                8.832641226980908,
                44.73445107962206
              ],
              [
                8.83261583382171,
                44.73446264224528
              ],
              [
                8.832605578725488,
                44.73446708780732
              ],
              [
                8.832595694613262,
                44.73447116729257
              ],
              [
                8.832587148340306,
                44.734474386685875
              ],
              [
                8.832580906763917,
                44.73447625196561
              ],
              [
                8.83248233517234,
                44.7344979807507
              ],
              [
                8.832299898007745,
                44.73454308635528
              ],
              [
                8.832290159828498,
                44.73454568978303
              ],
              [
                8.832286872598733,
                44.73454664997019
              ],
              [
                8.832285695196338,
                44.734547030297755
              ],
              [
                8.83228471826259,
                44.73454739380746
              ],
              [
                8.832283597950994,
                44.73454785927365
              ],
              [
                8.832282344028917,
                44.73454842036453
              ],
              [
                8.83228096552923,
                44.734549070760565
              ],
              [
                8.832277873038727,
                44.73455061456385
              ],
              [
                8.832274396942243,
                44.734552441563444
              ],
              [
                8.832274383539705,
                44.73455244872384
              ],
              [
                8.832267012327083,
                44.734556516096184
              ],
              [
                8.832236186502058,
                44.734574716979466
              ],
              [
                8.832225604493258,
                44.73458121989696
              ],
              [
                8.832184629605072,
                44.734605234191335
              ],
              [
                8.832746526408515,
                44.73507855034291
              ],
              [
                8.832306629761035,
                44.73534336623341
              ],
              [
                8.83217739765764,
                44.73524143269045
              ],
              [
                8.83212791805495,
                44.735266275723504
              ],
              [
                8.831958239440485,
                44.73512155651181
              ],
              [
                8.831854277243746,
                44.73518355203119
              ],
              [
                8.831582080345491,
                44.734963715381575
              ]
            ]
          ],
          [
            [
              [
                8.833245039971525,
                44.73568637864289
              ],
              [
                8.833370426371541,
                44.735671644090715
              ],
              [
                8.833347629206274,
                44.7355639047788
              ],
              [
                8.833459700998239,
                44.73555362624481
              ],
              [
                8.833453088834654,
                44.735527050222686
              ],
              [
                8.833548637348942,
                44.73551677123759
              ],
              [
                8.833554858071212,
                44.735542155331395
              ],
              [
                8.833864896164298,
                44.735509983841595
              ],
              [
                8.833914770537605,
                44.73573640286076
              ],
              [
                8.833269839544915,
                44.735803278552154
              ],
              [
                8.833245039971525,
                44.73568637864289
              ]
            ]
          ],
          [
            [
              [
                8.833315501766023,
                44.73518387808115
              ],
              [
                8.833318543248554,
                44.73518042304898
              ],
              [
                8.833372320975318,
                44.735150550665544
              ],
              [
                8.833376934218228,
                44.735149385942925
              ],
              [
                8.83337999204905,
                44.735149689662414
              ],
              [
                8.833383874154052,
                44.73515159731053
              ],
              [
                8.83342510499556,
                44.73518788874989
              ],
              [
                8.833426942559099,
                44.735191089465324
              ],
              [
                8.833425518026429,
                44.735194997320896
              ],
              [
                8.833423828359232,
                44.7351962884397
              ],
              [
                8.83337131041849,
                44.73522621612031
              ],
              [
                8.83336660150765,
                44.73522745277656
              ],
              [
                8.833363565694821,
                44.73522716689736
              ],
              [
                8.83335969733962,
                44.73522531370392
              ],
              [
                8.833317254466408,
                44.73518892158498
              ],
              [
                8.833315501766023,
                44.73518387808115
              ]
            ]
          ],
          [
            [
              [
                8.833374657708678,
                44.73534167236212
              ],
              [
                8.833374674018316,
                44.73533988611151
              ],
              [
                8.833375163738683,
                44.735338134006845
              ],
              [
                8.833376118946243,
                44.735336468902865
              ],
              [
                8.833379396774092,
                44.73533361227773
              ],
              [
                8.833669157549819,
                44.73516497769605
              ],
              [
                8.833671974833251,
                44.73516376218829
              ],
              [
                8.833676775853947,
                44.73516296409423
              ],
              [
                8.833679211103611,
                44.73516305597929
              ],
              [
                8.833681581438714,
                44.73516346621951
              ],
              [
                8.833683819786193,
                44.735164187464754
              ],
              [
                8.833687633775986,
                44.73516653565276
              ],
              [
                8.833748240108946,
                44.735221470517544
              ],
              [
                8.83374964128422,
                44.735223040219914
              ],
              [
                8.83375098277649,
                44.73522648859463
              ],
              [
                8.833750939751264,
                44.7352282618645
              ],
              [
                8.833750431728957,
                44.73522999783685
              ],
              [
                8.83374946737268,
                44.73523164364192
              ],
              [
                8.833746202782253,
                44.73523445475729
              ],
              [
                8.833457158320078,
                44.73540175051773
              ],
              [
                8.833454413233303,
                44.73540293083312
              ],
              [
                8.833449663166437,
                44.73540373043607
              ],
              [
                8.833447246365179,
                44.735403651039405
              ],
              [
                8.833444890229796,
                44.73540326113084
              ],
              [
                8.833442660482875,
                44.735402566953226
              ],
              [
                8.833438846493173,
                44.73540029295868
              ],
              [
                8.83337752374737,
                44.73534670519162
              ],
              [
                8.833376074932962,
                44.73534513479151
              ],
              [
                8.833374657708678,
                44.73534167236212
              ]
            ]
          ],
          [
            [
              [
                8.833401911764842,
                44.73513686246713
              ],
              [
                8.833402258108775,
                44.735134679328226
              ],
              [
                8.833404903050171,
                44.7351319071535
              ],
              [
                8.833490291751275,
                44.73508297612494
              ],
              [
                8.833493416245828,
                44.73508191139366
              ],
              [
                8.833497875778084,
                44.7350820546431
              ],
              [
                8.833501642912847,
                44.73508389443731
              ],
              [
                8.833541706174465,
                44.735118991176286
              ],
              [
                8.83354350931211,
                44.73512211463937
              ],
              [
                8.833541630048348,
                44.735126373545754
              ],
              [
                8.833540463660375,
                44.73512717681621
              ],
              [
                8.83345378407047,
                44.735176070348736
              ],
              [
                8.833450741333586,
                44.735177080469015
              ],
              [
                8.833446247799412,
                44.73517691718509
              ],
              [
                8.833442493123874,
                44.735175019758856
              ],
              [
                8.833403621122308,
                44.73513998556609
              ],
              [
                8.833401911764842,
                44.73513686246713
              ]
            ]
          ],
          [
            [
              [
                8.834228048339147,
                44.73341162865127
              ],
              [
                8.834230373233646,
                44.73340509632903
              ],
              [
                8.834234408644251,
                44.733398362971464
              ],
              [
                8.834238804412335,
                44.73339170132147
              ],
              [
                8.834243283786853,
                44.73338536578464
              ],
              [
                8.83425138542485,
                44.733374692015474
              ],
              [
                8.834257240676553,
                44.73336749434581
              ],
              [
                8.834405498247758,
                44.73317693647267
              ],
              [
                8.83447765897855,
                44.733078904639314
              ],
              [
                8.834478556559192,
                44.73307639893695
              ],
              [
                8.834480937866443,
                44.73307309691155
              ],
              [
                8.834485726773801,
                44.73306827776015
              ],
              [
                8.83449376270795,
                44.73306182815912
              ],
              [
                8.834505884860521,
                44.73305363475584
              ],
              [
                8.834522933084056,
                44.73304358444891
              ],
              [
                8.83457068411703,
                44.73301879061914
              ],
              [
                8.834613369756829,
                44.7329957583456
              ],
              [
                8.83464434344034,
                44.73297805894079
              ],
              [
                8.834821228744286,
                44.73286912228156
              ],
              [
                8.834833627827958,
                44.73286281624768
              ],
              [
                8.834863538983651,
                44.73284833316953
              ],
              [
                8.834881646063417,
                44.73284010415453
              ],
              [
                8.834900032654756,
                44.73283232557602
              ],
              [
                8.834917332543837,
                44.732825829159545
              ],
              [
                8.834932179501815,
                44.732821446201385
              ],
              [
                8.83495207579076,
                44.73281791851146
              ],
              [
                8.834982687351795,
                44.73281367652083
              ],
              [
                8.835160640339515,
                44.73279367209206
              ],
              [
                8.835167098215676,
                44.73274951326264
              ],
              [
                8.835024637034918,
                44.73276552079446
              ],
              [
                8.835020064649841,
                44.73276574045753
              ],
              [
                8.83500730214661,
                44.732766656412856
              ],
              [
                8.834987781825415,
                44.73276865401969
              ],
              [
                8.834962935476968,
                44.73277211874605
              ],
              [
                8.834934195399319,
                44.73277743595116
              ],
              [
                8.834902993381062,
                44.732784991104324
              ],
              [
                8.834870761815479,
                44.73279516966444
              ],
              [
                8.834838932667594,
                44.73280835686846
              ],
              [
                8.834804649806015,
                44.73282569595714
              ],
              [
                8.834765949311254,
                44.73284682008823
              ],
              [
                8.834686377306276,
                44.73289290694497
              ],
              [
                8.834596123074773,
                44.73294781678021
              ],
              [
                8.834591156898327,
                44.73294592664969
              ],
              [
                8.834659215288859,
                44.73288873672195
              ],
              [
                8.834714673613052,
                44.732850717039476
              ],
              [
                8.834752010487277,
                44.73282643172036
              ],
              [
                8.834836532280221,
                44.73277430160663
              ],
              [
                8.834855247522254,
                44.73276333270466
              ],
              [
                8.834871339862891,
                44.732754239663905
              ],
              [
                8.834883979248232,
                44.73274754669771
              ],
              [
                8.834894578605326,
                44.73274278367391
              ],
              [
                8.834903796220424,
                44.73273885578807
              ],
              [
                8.83491873725669,
                44.73273288377988
              ],
              [
                8.83493283313415,
                44.732727652966496
              ],
              [
                8.834948744659684,
                44.73272222879879
              ],
              [
                8.834965867446071,
                44.73271702056278
              ],
              [
                8.834983599086126,
                44.73271243932732
              ],
              [
                8.83500133363563,
                44.73270889384649
              ],
              [
                8.835018468672258,
                44.732706794759785
              ],
              [
                8.835034398423211,
                44.7327065516133
              ],
              [
                8.835073899698251,
                44.732708591190004
              ],
              [
                8.8350927358083,
                44.73270913695083
              ],
              [
                8.835110744164865,
                44.732709055881436
              ],
              [
                8.83512776190736,
                44.73270811587767
              ],
              [
                8.835143625205443,
                44.73270608386103
              ],
              [
                8.835158170406029,
                44.73270272651791
              ],
              [
                8.835171234066454,
                44.732697811159674
              ],
              [
                8.835197596852696,
                44.73268589033614
              ],
              [
                8.835203772329326,
                44.732682721525784
              ],
              [
                8.83520990260704,
                44.732678959040435
              ],
              [
                8.835216744713685,
                44.73267400486138
              ],
              [
                8.83522505452243,
                44.732667261257035
              ],
              [
                8.83523558870486,
                44.732658130678686
              ],
              [
                8.83524769913663,
                44.73264608372658
              ],
              [
                8.835256843567004,
                44.73263447358189
              ],
              [
                8.835263437791223,
                44.732623661064785
              ],
              [
                8.835267899129558,
                44.73261400666761
              ],
              [
                8.835270643520811,
                44.73260587011466
              ],
              [
                8.835272087558375,
                44.73259961240865
              ],
              [
                8.835272648487992,
                44.73259559334762
              ],
              [
                8.83527303168047,
                44.73258667455407
              ],
              [
                8.835273430633027,
                44.73258150949401
              ],
              [
                8.835274542228936,
                44.73257206521343
              ],
              [
                8.835275396446379,
                44.732566818547326
              ],
              [
                8.835277628469319,
                44.732556561178505
              ],
              [
                8.83528058256789,
                44.73254699787576
              ],
              [
                8.835282426394716,
                44.73254236953103
              ],
              [
                8.835284539476254,
                44.73253793199298
              ],
              [
                8.835286938851175,
                44.73253375386162
              ],
              [
                8.835289643615642,
                44.732529902703796
              ],
              [
                8.83529267259864,
                44.73252644519757
              ],
              [
                8.835299720079764,
                44.732518793500645
              ],
              [
                8.835320047728157,
                44.73249443263195
              ],
              [
                8.835328524582522,
                44.73248548098963
              ],
              [
                8.835338837549077,
                44.73247593276668
              ],
              [
                8.835351580336097,
                44.73246567804398
              ],
              [
                8.835367343415975,
                44.73245460881881
              ],
              [
                8.835557499600203,
                44.73233647103804
              ],
              [
                8.835633212975356,
                44.73229187522795
              ],
              [
                8.835635066865692,
                44.73229057895963
              ],
              [
                8.835644531768212,
                44.73228619140879
              ],
              [
                8.835646793708513,
                44.73228617432344
              ],
              [
                8.835649552764997,
                44.73228872103417
              ],
              [
                8.835649579243372,
                44.7322907291441
              ],
              [
                8.835648614227747,
                44.73229315813036
              ],
              [
                8.83564662551183,
                44.73229605397587
              ],
              [
                8.835643580631478,
                44.73229946323136
              ],
              [
                8.835639447146146,
                44.732303431851086
              ],
              [
                8.83563419276891,
                44.73230800615054
              ],
              [
                8.835627785115793,
                44.732313232347686
              ],
              [
                8.8356198439783,
                44.73231923502382
              ],
              [
                8.835610376073058,
                44.732325901646895
              ],
              [
                8.835589059107921,
                44.73233998534435
              ],
              [
                8.835568230835957,
                44.73235300165574
              ],
              [
                8.83553460968843,
                44.732373007055834
              ],
              [
                8.835508952913681,
                44.732389298474295
              ],
              [
                8.835494681667269,
                44.732398855962415
              ],
              [
                8.835480274349125,
                44.73240895684101
              ],
              [
                8.835466351479845,
                44.73241930251818
              ],
              [
                8.83545353197499,
                44.73242959506253
              ],
              [
                8.835443946970674,
                44.73243805792888
              ],
              [
                8.835434573606399,
                44.732447097962556
              ],
              [
                8.835425467158638,
                44.73245664254462
              ],
              [
                8.835416686753986,
                44.732466618584176
              ],
              [
                8.835408289194465,
                44.732476953134736
              ],
              [
                8.835400331476107,
                44.7324875734448
              ],
              [
                8.83539287145824,
                44.73249840618319
              ],
              [
                8.835385966274247,
                44.732509378529514
              ],
              [
                8.835382763831532,
                44.732514833195985
              ],
              [
                8.835379719770655,
                44.732520293231175
              ],
              [
                8.835376840479398,
                44.73252575265103
              ],
              [
                8.835370932920243,
                44.73253798211089
              ],
              [
                8.835315271290268,
                44.73266740733539
              ],
              [
                8.835359247729208,
                44.73267129164775
              ],
              [
                8.835400192873413,
                44.73258168506614
              ],
              [
                8.835402687935607,
                44.73257525920025
              ],
              [
                8.835409486702922,
                44.73255891262434
              ],
              [
                8.835414179440543,
                44.732548392659595
              ],
              [
                8.835419563068012,
                44.73253704075953
              ],
              [
                8.835425508561631,
                44.73252540656931
              ],
              [
                8.835431887834487,
                44.732514039848425
              ],
              [
                8.835435900500078,
                44.73250753827722
              ],
              [
                8.83543999496535,
                44.732501455059044
              ],
              [
                8.83544623114568,
                44.73249337955736
              ],
              [
                8.835458225423498,
                44.73248045681398
              ],
              [
                8.835468020286505,
                44.73247041105678
              ],
              [
                8.83547442647003,
                44.732464138754004
              ],
              [
                8.835481058551439,
                44.732457942982386
              ],
              [
                8.83548802347674,
                44.732451767700375
              ],
              [
                8.835495432413188,
                44.73244555635412
              ],
              [
                8.835503391604277,
                44.73243925281632
              ],
              [
                8.83551201056171,
                44.73243279990298
              ],
              [
                8.835521397635905,
                44.73242614174383
              ],
              [
                8.835531661685629,
                44.73241922235932
              ],
              [
                8.835561723333257,
                44.73240014238154
              ],
              [
                8.835626786916153,
                44.732360955851185
              ],
              [
                8.835635694268511,
                44.73235529142378
              ],
              [
                8.835644000294057,
                44.73234951219479
              ],
              [
                8.835652930406,
                44.73234274314229
              ],
              [
                8.83566228127541,
                44.73233519771953
              ],
              [
                8.835671849573545,
                44.732327089379766
              ],
              [
                8.835681431600623,
                44.732318631616636
              ],
              [
                8.835699823431938,
                44.73230152153652
              ],
              [
                8.835822689097371,
                44.73218248041127
              ],
              [
                8.835843355716483,
                44.73216589193186
              ],
              [
                8.83585222831509,
                44.73215904898979
              ],
              [
                8.835861262470777,
                44.73215232190084
              ],
              [
                8.835869797695617,
                44.73214630770812
              ],
              [
                8.835877172953625,
                44.73214160373051
              ],
              [
                8.83588539725095,
                44.73213669744949
              ],
              [
                8.83566419974066,
                44.732346092438654
              ],
              [
                8.835656632231748,
                44.732352056557225
              ],
              [
                8.83564689596331,
                44.73235779339156
              ],
              [
                8.835512570557569,
                44.73244086471582
              ],
              [
                8.835473211934932,
                44.73247885286755
              ],
              [
                8.835468635747487,
                44.73248301951595
              ],
              [
                8.835464877851267,
                44.73248687009363
              ],
              [
                8.835460510580033,
                44.73249227622017
              ],
              [
                8.835455779377819,
                44.73249878044759
              ],
              [
                8.835450926032737,
                44.73250592599483
              ],
              [
                8.835443690380206,
                44.732517293279706
              ],
              [
                8.835437680639762,
                44.732527365759665
              ],
              [
                8.835432699829253,
                44.732537326627735
              ],
              [
                8.835373339207127,
                44.73266943211033
              ],
              [
                8.835399462901796,
                44.732672977028244
              ],
              [
                8.835470570819933,
                44.732515751677376
              ],
              [
                8.83550085186502,
                44.732521784599626
              ],
              [
                8.83552847847911,
                44.732462664554674
              ],
              [
                8.835795368527503,
                44.73230293702646
              ],
              [
                8.835779128295064,
                44.732286615532466
              ],
              [
                8.835862014653895,
                44.73223444884776
              ],
              [
                8.836009595377112,
                44.7323589622171
              ],
              [
                8.836026101852882,
                44.732349271984994
              ],
              [
                8.835880023424266,
                44.7322260021177
              ],
              [
                8.836180278357906,
                44.73204279792174
              ],
              [
                8.836564252681244,
                44.731973624669656
              ],
              [
                8.83695209158901,
                44.732296129124656
              ],
              [
                8.836923211729028,
                44.73255038486303
              ],
              [
                8.83691728116496,
                44.73260246110445
              ],
              [
                8.836474914361307,
                44.73286812154626
              ],
              [
                8.83646005805742,
                44.73285319131639
              ],
              [
                8.835785072814813,
                44.733261443712784
              ],
              [
                8.835784091167652,
                44.73326199450342
              ],
              [
                8.83583726848255,
                44.73331177180261
              ],
              [
                8.836254884098127,
                44.733058783963045
              ],
              [
                8.836280282958734,
                44.73307910880145
              ],
              [
                8.836047826027741,
                44.733222765657764
              ],
              [
                8.83601093644672,
                44.73324703239209
              ],
              [
                8.83599435567038,
                44.73325856794413
              ],
              [
                8.835978669537056,
                44.73326993671089
              ],
              [
                8.835963617269709,
                44.73328131260528
              ],
              [
                8.83587191410167,
                44.73335555362959
              ],
              [
                8.835857604359926,
                44.73336642321183
              ],
              [
                8.835844470600382,
                44.7333757005511
              ],
              [
                8.83583285991339,
                44.733382941455794
              ],
              [
                8.835730613075661,
                44.73344429642394
              ],
              [
                8.835746882515107,
                44.733490139486584
              ],
              [
                8.835778352136593,
                44.73358130802928
              ],
              [
                8.835807222934,
                44.73356438748611
              ],
              [
                8.835826250525859,
                44.73358288966343
              ],
              [
                8.83584744201465,
                44.73360191266972
              ],
              [
                8.835870021731274,
                44.7336206769703
              ],
              [
                8.835893133588243,
                44.73363873567113
              ],
              [
                8.835916155622499,
                44.73365567044207
              ],
              [
                8.835938837163088,
                44.733671022638234
              ],
              [
                8.835960184950972,
                44.73368441424556
              ],
              [
                8.835979714186632,
                44.73369535805682
              ],
              [
                8.835988823756345,
                44.73369955146829
              ],
              [
                8.835998550473319,
                44.73370767274092
              ],
              [
                8.836010781803715,
                44.73370942178134
              ],
              [
                8.836019574532253,
                44.73371143621858
              ],
              [
                8.836022885391463,
                44.73371269626435
              ],
              [
                8.836024751283762,
                44.73371395125205
              ],
              [
                8.83602767179342,
                44.7337208141129
              ],
              [
                8.836037149739267,
                44.73374791104714
              ],
              [
                8.836170825130036,
                44.733726378299025
              ],
              [
                8.83617725062725,
                44.73372622044994
              ],
              [
                8.836185000469863,
                44.73372656661693
              ],
              [
                8.836195245291535,
                44.73372755961304
              ],
              [
                8.836207533384561,
                44.733729572394026
              ],
              [
                8.836221687375625,
                44.733732840158204
              ],
              [
                8.836237449477494,
                44.73373793074418
              ],
              [
                8.836254214271552,
                44.733744855905
              ],
              [
                8.836284830274076,
                44.733759292511856
              ],
              [
                8.836297614922785,
                44.733765732104104
              ],
              [
                8.836308994812798,
                44.73377200032032
              ],
              [
                8.836319414536563,
                44.73377875068769
              ],
              [
                8.836329108221001,
                44.73378601176885
              ],
              [
                8.836338520459439,
                44.73379443709063
              ],
              [
                8.836347708005512,
                44.7338042904146
              ],
              [
                8.836356654313429,
                44.73381514165909
              ],
              [
                8.836364874582747,
                44.73382650361786
              ],
              [
                8.836372352266778,
                44.73383794620935
              ],
              [
                8.836379321492386,
                44.733849497996005
              ],
              [
                8.836385217044409,
                44.7338610044121
              ],
              [
                8.836390490630318,
                44.733872092500654
              ],
              [
                8.836394770955103,
                44.73388280257848
              ],
              [
                8.836580214872836,
                44.73440544059059
              ],
              [
                8.836604088824096,
                44.734377976999795
              ],
              [
                8.836609915888047,
                44.73438029519771
              ],
              [
                8.83658257579351,
                44.73441127686162
              ],
              [
                8.836679764001955,
                44.73439304139298
              ],
              [
                8.836681512279943,
                44.734397901054365
              ],
              [
                8.83658429931391,
                44.73441566106843
              ],
              [
                8.836627104590846,
                44.73443424170674
              ],
              [
                8.83662408517163,
                44.73443850960863
              ],
              [
                8.836586054260604,
                44.734421897781814
              ],
              [
                8.8366065864757,
                44.73447976388071
              ],
              [
                8.836590015299596,
                44.73448150963308
              ],
              [
                8.836589618954083,
                44.73448162363972
              ],
              [
                8.836587295591857,
                44.73448229081546
              ],
              [
                8.836585923908743,
                44.7344829796076
              ],
              [
                8.836584705942157,
                44.73448402960219
              ],
              [
                8.836583968694704,
                44.734485566736545
              ],
              [
                8.836583912430577,
                44.7344874016195
              ],
              [
                8.836631903766941,
                44.73461931915308
              ],
              [
                8.836626093040453,
                44.734620921837234
              ],
              [
                8.836617311920627,
                44.734622847060734
              ],
              [
                8.836610257237094,
                44.734623613092076
              ],
              [
                8.8366261704005,
                44.73466895992988
              ],
              [
                8.836622239824155,
                44.73466976462447
              ],
              [
                8.836639645199103,
                44.73472239933727
              ],
              [
                8.83660607683075,
                44.73472814975588
              ],
              [
                8.836610828299666,
                44.734741399916956
              ],
              [
                8.836440481946646,
                44.734769503650774
              ],
              [
                8.836441745506525,
                44.73477301848027
              ],
              [
                8.836346593520865,
                44.73479062115507
              ],
              [
                8.836391637410077,
                44.734918247378886
              ],
              [
                8.83659995641786,
                44.734881591380365
              ],
              [
                8.836604743121331,
                44.734881233574434
              ],
              [
                8.836610192012536,
                44.73488112777407
              ],
              [
                8.83661581117012,
                44.73488181325752
              ],
              [
                8.83662118908666,
                44.73488349666253
              ],
              [
                8.83662554295393,
                44.734886424944385
              ],
              [
                8.836628283888297,
                44.73489103994058
              ],
              [
                8.83662983050679,
                44.7348961085298
              ],
              [
                8.83663060142633,
                44.73490039759068
              ],
              [
                8.83663045947746,
                44.734903976002485
              ],
              [
                8.836629501622422,
                44.734906941206255
              ],
              [
                8.83662772786112,
                44.73490929320198
              ],
              [
                8.836625057779772,
                44.73491136463023
              ],
              [
                8.8366215315852,
                44.73491298917066
              ],
              [
                8.836610361787157,
                44.7349158215796
              ],
              [
                8.836547770278365,
                44.73492796250795
              ],
              [
                8.836545445509236,
                44.73492810697016
              ],
              [
                8.836528963977951,
                44.7349309762893
              ],
              [
                8.836516074835387,
                44.73493394139571
              ],
              [
                8.836501128149138,
                44.734937939687384
              ],
              [
                8.836484745898641,
                44.734943389490226
              ],
              [
                8.8364673963458,
                44.73495034792786
              ],
              [
                8.836450250147902,
                44.73495895781054
              ],
              [
                8.836434113774187,
                44.734968375782515
              ],
              [
                8.836420382581675,
                44.73497731665212
              ],
              [
                8.836408628515594,
                44.73498555697552
              ],
              [
                8.836399166124284,
                44.73499279267515
              ],
              [
                8.83639180148477,
                44.73499882886906
              ],
              [
                8.836382348522216,
                44.735007521132616
              ],
              [
                8.836416883922597,
                44.73502568903395
              ],
              [
                8.836429538809222,
                44.73503117100685
              ],
              [
                8.836438575319864,
                44.735034670539434
              ],
              [
                8.836445277770293,
                44.7350283823358
              ],
              [
                8.836452997162375,
                44.73502187573985
              ],
              [
                8.83646318560772,
                44.73501412932019
              ],
              [
                8.83647558531289,
                44.73500571091603
              ],
              [
                8.836490172616859,
                44.73499721692859
              ],
              [
                8.836506512350324,
                44.73498945039631
              ],
              [
                8.8365243869292,
                44.73498281283814
              ],
              [
                8.836545007220762,
                44.73497728074286
              ],
              [
                8.836568025582809,
                44.734972298024275
              ],
              [
                8.83659209397939,
                44.73496795707121
              ],
              [
                8.836615299148908,
                44.73496419570891
              ],
              [
                8.83665317899006,
                44.73495905683982
              ],
              [
                8.83668114720349,
                44.73495553405801
              ],
              [
                8.836695256649477,
                44.7349540019862
              ],
              [
                8.836713604126285,
                44.73495238761961
              ],
              [
                8.83673503552344,
                44.73495097823008
              ],
              [
                8.836758630862958,
                44.734950089651484
              ],
              [
                8.836783704299457,
                44.7349500662797
              ],
              [
                8.836809101724382,
                44.73495119538838
              ],
              [
                8.836833498760079,
                44.73495297296838
              ],
              [
                8.836856741687766,
                44.73495503781825
              ],
              [
                8.836879395734586,
                44.734957544502066
              ],
              [
                8.836902179847812,
                44.734961008785454
              ],
              [
                8.836925756218735,
                44.73496568267227
              ],
              [
                8.83694735859699,
                44.734970977794376
              ],
              [
                8.83694366821489,
                44.73496515631552
              ],
              [
                8.836949635324366,
                44.73496302538086
              ],
              [
                8.836956068163461,
                44.734973358542625
              ],
              [
                8.836978031465646,
                44.73497976470946
              ],
              [
                8.83697858010317,
                44.73497995148588
              ],
              [
                8.837003620257097,
                44.73492905784623
              ],
              [
                8.837010266842523,
                44.73493075071007
              ],
              [
                8.836984534278454,
                44.73498197850648
              ],
              [
                8.837004610435907,
                44.73498881317001
              ],
              [
                8.837022175681778,
                44.73498312337745
              ],
              [
                8.837025461895696,
                44.73498729064669
              ],
              [
                8.83701228214813,
                44.73499152838654
              ],
              [
                8.837036997201784,
                44.735000570131135
              ],
              [
                8.837060036722155,
                44.73500945912349
              ],
              [
                8.83707822332948,
                44.73501698561074
              ],
              [
                8.837092590513466,
                44.73502336127915
              ],
              [
                8.837103800463629,
                44.73502883813309
              ],
              [
                8.837112846466146,
                44.735033794177724
              ],
              [
                8.837120430917569,
                44.73503831509591
              ],
              [
                8.837159590066031,
                44.735062782809145
              ],
              [
                8.837168257677122,
                44.73506880565227
              ],
              [
                8.837176844879226,
                44.735075161135754
              ],
              [
                8.837185214503437,
                44.73508191813952
              ],
              [
                8.837214769520932,
                44.73510872437975
              ],
              [
                8.837226790671169,
                44.735118323958076
              ],
              [
                8.8372322513937,
                44.73512215774227
              ],
              [
                8.837237170539408,
                44.735125240562496
              ],
              [
                8.837241879204695,
                44.735127698419916
              ],
              [
                8.837262376452038,
                44.73513713336892
              ],
              [
                8.837270954219196,
                44.73514203228011
              ],
              [
                8.83727985598674,
                44.73514808367527
              ],
              [
                8.837288670248098,
                44.73515549419448
              ],
              [
                8.837296517230506,
                44.73516441335714
              ],
              [
                8.837303356729029,
                44.735175007483974
              ],
              [
                8.83730900191309,
                44.735186055210576
              ],
              [
                8.837317811426807,
                44.73520545089047
              ],
              [
                8.837320935550137,
                44.73521396516451
              ],
              [
                8.837323186997411,
                44.735221602474354
              ],
              [
                8.837324565768178,
                44.73522836282008
              ],
              [
                8.837325031656986,
                44.73523441252225
              ],
              [
                8.837324487699396,
                44.73523965414045
              ],
              [
                8.8373206422043,
                44.735253567946046
              ],
              [
                8.837315696993658,
                44.735265549743325
              ],
              [
                8.837336880131957,
                44.735283115908906
              ],
              [
                8.83736315512766,
                44.73528161232622
              ],
              [
                8.837367743219882,
                44.735267617879416
              ],
              [
                8.837367632074754,
                44.735261097776
              ],
              [
                8.837368495306896,
                44.73525204254417
              ],
              [
                8.837369604491679,
                44.735246955486716
              ],
              [
                8.837371181943068,
                44.735241925549786
              ],
              [
                8.837373518553594,
                44.73523724505457
              ],
              [
                8.837379653332892,
                44.73522831918648
              ],
              [
                8.837390901209426,
                44.735214195382135
              ],
              [
                8.837395054124139,
                44.73520947960727
              ],
              [
                8.837398393482486,
                44.7352066336786
              ],
              [
                8.83740489718741,
                44.735203660070624
              ],
              [
                8.837409546743519,
                44.7352033711113
              ],
              [
                8.83741819311523,
                44.73521247338654
              ],
              [
                8.837422045671632,
                44.735214484354714
              ],
              [
                8.837424112666683,
                44.7352149077167
              ],
              [
                8.837428357811781,
                44.73521379891357
              ],
              [
                8.837696624455074,
                44.73507790160007
              ],
              [
                8.83769220649521,
                44.73507730658269
              ],
              [
                8.837693169365691,
                44.735072611805506
              ],
              [
                8.837704063488186,
                44.73507413316803
              ],
              [
                8.837726101363446,
                44.735062969319976
              ],
              [
                8.837726483547048,
                44.735062703111396
              ],
              [
                8.837684937955895,
                44.73502171710651
              ],
              [
                8.83769070086538,
                44.735018818907314
              ],
              [
                8.837731254124561,
                44.73505938018321
              ],
              [
                8.837738129594113,
                44.73505459110024
              ],
              [
                8.837742686884171,
                44.73505069515469
              ],
              [
                8.83774695328003,
                44.73504650688868
              ],
              [
                8.83775069464891,
                44.73504199774273
              ],
              [
                8.837753773822637,
                44.73503723659753
              ],
              [
                8.83776011662987,
                44.735026452621845
              ],
              [
                8.837764042457621,
                44.73502068179046
              ],
              [
                8.837768985222608,
                44.735014692555296
              ],
              [
                8.837775138853477,
                44.73500867979641
              ],
              [
                8.837783205747748,
                44.73500272919185
              ],
              [
                8.837793145701287,
                44.73499700706192
              ],
              [
                8.837950453679515,
                44.73491814837577
              ],
              [
                8.837952959677704,
                44.734916705678074
              ],
              [
                8.838291956863017,
                44.73474676435691
              ],
              [
                8.838571314220822,
                44.73502748760677
              ],
              [
                8.838616112494456,
                44.735072504600474
              ],
              [
                8.838658702923206,
                44.735051116842165
              ],
              [
                8.838751359286588,
                44.73500458721984
              ],
              [
                8.838947233387826,
                44.734906223833846
              ],
              [
                8.839338592096134,
                44.73529948729712
              ],
              [
                8.83937524588505,
                44.73533631913875
              ],
              [
                8.839383585113385,
                44.73534469886828
              ],
              [
                8.839857567552546,
                44.73582097831172
              ],
              [
                8.839273949403154,
                44.736114318869234
              ],
              [
                8.83911415781741,
                44.73619464152938
              ],
              [
                8.837985491294159,
                44.736767988026315
              ],
              [
                8.83795310406171,
                44.73673544309682
              ],
              [
                8.837954322050868,
                44.73673439308769
              ],
              [
                8.83779026407699,
                44.73681677446892
              ],
              [
                8.837776667448583,
                44.73682316357151
              ],
              [
                8.837811275417947,
                44.73685649310668
              ],
              [
                8.83663568375846,
                44.73745498326256
              ],
              [
                8.836635638355347,
                44.73745500637774
              ],
              [
                8.836624096870533,
                44.73744940347518
              ],
              [
                8.836606571774372,
                44.73744212892164
              ],
              [
                8.836579463414246,
                44.73743411341045
              ],
              [
                8.836572212126697,
                44.73743220150837
              ],
              [
                8.836558132692792,
                44.737429026739804
              ],
              [
                8.83655173538033,
                44.73742816261541
              ],
              [
                8.836540666975012,
                44.73742758233762
              ],
              [
                8.836534538948143,
                44.73742700663536
              ],
              [
                8.836522209849077,
                44.73742516020971
              ],
              [
                8.836516846762963,
                44.73742406934736
              ],
              [
                8.836486239120207,
                44.73743944327481
              ],
              [
                8.83648174450271,
                44.73744170086097
              ],
              [
                8.836478455111296,
                44.73743839536421
              ],
              [
                8.83638201565006,
                44.73734148371759
              ],
              [
                8.83637883861351,
                44.7373382913187
              ],
              [
                8.836383451777083,
                44.7373359810779
              ],
              [
                8.836416641167943,
                44.73731935987588
              ],
              [
                8.836376377160116,
                44.737278898658616
              ],
              [
                8.83635544162201,
                44.737289410893446
              ],
              [
                8.8362198433421,
                44.73715335423194
              ],
              [
                8.836210851528481,
                44.737146178829434
              ],
              [
                8.836198297971169,
                44.73713728474126
              ],
              [
                8.836191141387806,
                44.73713298720755
              ],
              [
                8.83618442942276,
                44.73712934320063
              ],
              [
                8.836178235377366,
                44.73712704656389
              ],
              [
                8.83552853499784,
                44.73695789451192
              ],
              [
                8.835520548304407,
                44.73695503668757
              ],
              [
                8.835511979828023,
                44.736951594210716
              ],
              [
                8.83550144840338,
                44.73694679929505
              ],
              [
                8.835490205151544,
                44.73694046212073
              ],
              [
                8.835478678140698,
                44.73693280613569
              ],
              [
                8.83546815870289,
                44.73692347520092
              ],
              [
                8.835459502972194,
                44.73691291621315
              ],
              [
                8.835454941802034,
                44.736905785711656
              ],
              [
                8.835426757064177,
                44.736957557606274
              ],
              [
                8.835420191880718,
                44.73695571098182
              ],
              [
                8.8354511705032,
                44.73689989002019
              ],
              [
                8.835446445073881,
                44.736892502731486
              ],
              [
                8.83541070425091,
                44.73690308929718
              ],
              [
                8.835407611871037,
                44.736898847792155
              ],
              [
                8.83544371658414,
                44.73688823726901
              ],
              [
                8.835421368589941,
                44.73685330053118
              ],
              [
                8.835411208803665,
                44.73683998966328
              ],
              [
                8.835401696963894,
                44.736828983774316
              ],
              [
                8.835396848786068,
                44.73682411167015
              ],
              [
                8.83539226782796,
                44.73682012829375
              ],
              [
                8.835382703795965,
                44.73681382473914
              ],
              [
                8.835366671436812,
                44.73680536225861
              ],
              [
                8.835361220086611,
                44.73680298495089
              ],
              [
                8.835350761992842,
                44.73679888386521
              ],
              [
                8.834903006884055,
                44.73668030500739
              ],
              [
                8.834882182883927,
                44.73667570972639
              ],
              [
                8.83487069358726,
                44.73667387994192
              ],
              [
                8.834856581419555,
                44.73667292874012
              ],
              [
                8.834849396428282,
                44.736672737056686
              ],
              [
                8.834841114032377,
                44.73667309638978
              ],
              [
                8.834831556842724,
                44.736674241935994
              ],
              [
                8.83482074139461,
                44.73667660377692
              ],
              [
                8.83480862747387,
                44.73668034823186
              ],
              [
                8.83479556271523,
                44.736686031390455
              ],
              [
                8.834645137555306,
                44.736761853200385
              ],
              [
                8.83463842307445,
                44.7367642016843
              ],
              [
                8.834631360958298,
                44.7367659940773
              ],
              [
                8.834623208578442,
                44.73676731100128
              ],
              [
                8.834614772457261,
                44.73676730911294
              ],
              [
                8.834607012827922,
                44.73676550627432
              ],
              [
                8.834600776427434,
                44.736760892822936
              ],
              [
                8.834597257626966,
                44.73675301518721
              ],
              [
                8.83459434960151,
                44.736733140643594
              ],
              [
                8.834593049718213,
                44.736715088946546
              ],
              [
                8.834592492463448,
                44.736696956627675
              ],
              [
                8.8345906059063,
                44.736681829806436
              ],
              [
                8.834587690740788,
                44.73666298174616
              ],
              [
                8.834585898486132,
                44.736653944949005
              ],
              [
                8.83458392169628,
                44.73664616983174
              ],
              [
                8.834581947148886,
                44.7366408777634
              ],
              [
                8.834575947564291,
                44.73663030029524
              ],
              [
                8.834566069509671,
                44.736615825115294
              ],
              [
                8.834560031957578,
                44.73660789701484
              ],
              [
                8.834553114604855,
                44.736600118412376
              ],
              [
                8.834545414413533,
                44.73659258675054
              ],
              [
                8.834537141840835,
                44.73658592699678
              ],
              [
                8.83452886212309,
                44.73658029372591
              ],
              [
                8.834521552023505,
                44.73657563488271
              ],
              [
                8.83450925890676,
                44.73656865582301
              ],
              [
                8.834503750866638,
                44.73656601471211
              ],
              [
                8.834498493497675,
                44.736563832249054
              ],
              [
                8.83448228618497,
                44.73655808789003
              ],
              [
                8.834475971625787,
                44.73655629011995
              ],
              [
                8.834463456003178,
                44.73655322210356
              ],
              [
                8.8344495923056,
                44.736550246450896
              ],
              [
                8.834445013670482,
                44.73654874608558
              ],
              [
                8.834440087404012,
                44.736546689628966
              ],
              [
                8.834434465874846,
                44.73654352098987
              ],
              [
                8.834428754533581,
                44.7365392284241
              ],
              [
                8.834423542297918,
                44.73653337010562
              ],
              [
                8.83441949136521,
                44.7365261980529
              ],
              [
                8.834417230866872,
                44.73651710412054
              ],
              [
                8.834342638867554,
                44.7357454484779
              ],
              [
                8.834346065985182,
                44.73574124351568
              ],
              [
                8.834348582480555,
                44.73573881093508
              ],
              [
                8.834351744631471,
                44.735736200291235
              ],
              [
                8.834359563545915,
                44.735732274328235
              ],
              [
                8.834364016923034,
                44.735731396478464
              ],
              [
                8.834364068263335,
                44.735731390069134
              ],
              [
                8.834376894371442,
                44.73573087870917
              ],
              [
                8.834412437958303,
                44.73573041820402
              ],
              [
                8.83441423068772,
                44.73573098218438
              ],
              [
                8.834418123387989,
                44.73573282693402
              ],
              [
                8.834422528693125,
                44.7357370450447
              ],
              [
                8.834424184510503,
                44.73574015864044
              ],
              [
                8.83442513266536,
                44.73574421251998
              ],
              [
                8.834499571622697,
                44.73652398253401
              ],
              [
                8.83450048280202,
                44.736529214508984
              ],
              [
                8.83450048613275,
                44.73652922656387
              ],
              [
                8.834501872348358,
                44.73653291014521
              ],
              [
                8.834504282092485,
                44.73653739918324
              ],
              [
                8.834508056446387,
                44.736542225937455
              ],
              [
                8.83451334911958,
                44.73654775161295
              ],
              [
                8.834520555106264,
                44.736553339497355
              ],
              [
                8.834531072084083,
                44.73656018747017
              ],
              [
                8.834544956802578,
                44.736568559292856
              ],
              [
                8.834577458602567,
                44.73658716449856
              ],
              [
                8.834618172335967,
                44.73660948318544
              ],
              [
                8.834618221564499,
                44.736609508641955
              ],
              [
                8.83462201003372,
                44.736611263612616
              ],
              [
                8.83463202344611,
                44.736614711231546
              ],
              [
                8.834638709329834,
                44.736616468681994
              ],
              [
                8.834646218268094,
                44.73661781287072
              ],
              [
                8.83465429958866,
                44.736618285149774
              ],
              [
                8.834662444802209,
                44.73661799470709
              ],
              [
                8.834671356321316,
                44.736617027239966
              ],
              [
                8.834700820101311,
                44.73661480026236
              ],
              [
                8.834722542877309,
                44.73661368187818
              ],
              [
                8.83463534426356,
                44.73573364559629
              ],
              [
                8.834605777339208,
                44.735630127935615
              ],
              [
                8.834543622058995,
                44.7354560273528
              ],
              [
                8.834533653545394,
                44.735457379504474
              ],
              [
                8.834480283129183,
                44.73531174681245
              ],
              [
                8.834400917222826,
                44.73525369212084
              ],
              [
                8.834344521812746,
                44.734939631987764
              ],
              [
                8.834359455092613,
                44.73492921128784
              ],
              [
                8.834351055627314,
                44.73492407432317
              ],
              [
                8.834339705916516,
                44.73491618566701
              ],
              [
                8.83433810193809,
                44.734838082143625
              ],
              [
                8.834462158726792,
                44.73474568847325
              ],
              [
                8.834473782997756,
                44.7347364907427
              ],
              [
                8.834485116389537,
                44.73472700068238
              ],
              [
                8.834495964985107,
                44.73471702340672
              ],
              [
                8.834506603127085,
                44.73470642116237
              ],
              [
                8.83451669972697,
                44.7346950679405
              ],
              [
                8.834526723044151,
                44.73468302087339
              ],
              [
                8.834546131169272,
                44.734658078317324
              ],
              [
                8.834555258168166,
                44.73464575066398
              ],
              [
                8.83456342496562,
                44.734633905147476
              ],
              [
                8.83457035722033,
                44.734622679521614
              ],
              [
                8.834575973976142,
                44.73461241008161
              ],
              [
                8.834579805040716,
                44.73460345446333
              ],
              [
                8.834579825882209,
                44.73460340123107
              ],
              [
                8.834595324854726,
                44.73455929015898
              ],
              [
                8.83459786762757,
                44.73455026858995
              ],
              [
                8.83460003909961,
                44.73454128733177
              ],
              [
                8.834601779105759,
                44.73453251068487
              ],
              [
                8.83460178748058,
                44.73453245604798
              ],
              [
                8.834602783350226,
                44.7345229585343
              ],
              [
                8.834603112612072,
                44.73451212586365
              ],
              [
                8.83460244678625,
                44.7344899564877
              ],
              [
                8.834600123282556,
                44.73446467401938
              ],
              [
                8.834662238888273,
                44.734461979137144
              ],
              [
                8.834664063032497,
                44.73445857525923
              ],
              [
                8.834708718020694,
                44.734433233108376
              ],
              [
                8.834834572060307,
                44.7345342872976
              ],
              [
                8.834835276614756,
                44.73453461325435
              ],
              [
                8.834840314051307,
                44.73453695695804
              ],
              [
                8.834844504702248,
                44.73453806753733
              ],
              [
                8.834849655546952,
                44.73453869597654
              ],
              [
                8.834855419245649,
                44.73453828878012
              ],
              [
                8.834862069287473,
                44.7345367004103
              ],
              [
                8.834869121729385,
                44.734533451437656
              ],
              [
                8.835148167027334,
                44.7343677617466
              ],
              [
                8.835136047153588,
                44.734355581458956
              ],
              [
                8.835527586130631,
                44.7341253657082
              ],
              [
                8.83549200512513,
                44.73401931589725
              ],
              [
                8.835476636968078,
                44.73402454768139
              ],
              [
                8.835453981360716,
                44.73401108204096
              ],
              [
                8.835436340578312,
                44.733964411165275
              ],
              [
                8.835398573703856,
                44.73393369158566
              ],
              [
                8.835445039596415,
                44.73390647676911
              ],
              [
                8.835447571331791,
                44.73390499626911
              ],
              [
                8.835456269683126,
                44.733900920726114
              ],
              [
                8.835462217537957,
                44.73389924922339
              ],
              [
                8.835468803894289,
                44.73389842613446
              ],
              [
                8.835476142250988,
                44.73389897898301
              ],
              [
                8.835483546767378,
                44.733901252158404
              ],
              [
                8.83549018502426,
                44.73390420236263
              ],
              [
                8.835499220567995,
                44.73390872877335
              ],
              [
                8.835504319911026,
                44.733913032715016
              ],
              [
                8.835507675543084,
                44.73391909255364
              ],
              [
                8.8355095602526,
                44.73392326068048
              ],
              [
                8.835511898958348,
                44.73392953890253
              ],
              [
                8.835529636468767,
                44.73398478283891
              ],
              [
                8.835592820895291,
                44.733968691102156
              ],
              [
                8.835562944913026,
                44.733889878171965
              ],
              [
                8.835625456320184,
                44.73387841722741
              ],
              [
                8.835685770548553,
                44.73386736468708
              ],
              [
                8.835682433990192,
                44.733855742354066
              ],
              [
                8.83574784116834,
                44.733842918177785
              ],
              [
                8.835718158896608,
                44.73375675771282
              ],
              [
                8.83568731014798,
                44.73377448837055
              ],
              [
                8.835632677747299,
                44.733730251351574
              ],
              [
                8.835663073341772,
                44.733711247524816
              ],
              [
                8.835642488308086,
                44.733694454433454
              ],
              [
                8.835632953806135,
                44.73366709370473
              ],
              [
                8.835702758032276,
                44.73362561208113
              ],
              [
                8.835737186877052,
                44.73360543408791
              ],
              [
                8.835690309826754,
                44.733468481079505
              ],
              [
                8.835081010281687,
                44.73383410171884
              ],
              [
                8.835073085221534,
                44.733835997700986
              ],
              [
                8.835057054876843,
                44.733839368233895
              ],
              [
                8.835048935726514,
                44.733840808705565
              ],
              [
                8.835054821961405,
                44.73383873067572
              ],
              [
                8.835060834724993,
                44.73383624540028
              ],
              [
                8.835083785559526,
                44.73382367538919
              ],
              [
                8.83542045305372,
                44.73362157013748
              ],
              [
                8.835509362046597,
                44.73350970563023
              ],
              [
                8.835642676744323,
                44.73342981025685
              ],
              [
                8.835610659070666,
                44.73334142573038
              ],
              [
                8.835606969251884,
                44.7333421355613
              ],
              [
                8.835447707148322,
                44.73337044173388
              ],
              [
                8.835413308151537,
                44.733447854502174
              ],
              [
                8.835410518326734,
                44.7334520409083
              ],
              [
                8.835407091145091,
                44.73345652470943
              ],
              [
                8.835402362609223,
                44.733461935823655
              ],
              [
                8.835396372154602,
                44.73346777514526
              ],
              [
                8.835389160531768,
                44.73347354261595
              ],
              [
                8.835380767176588,
                44.73347873912994
              ],
              [
                8.835371232154376,
                44.733482864973276
              ],
              [
                8.835361163831868,
                44.73348553180319
              ],
              [
                8.835351364501134,
                44.73348688210715
              ],
              [
                8.835342164885084,
                44.73348721187475
              ],
              [
                8.835333895957058,
                44.73348681755438
              ],
              [
                8.835326888536441,
                44.733485995233224
              ],
              [
                8.835321473539354,
                44.73348504109604
              ],
              [
                8.835316744536273,
                44.73348392237613
              ],
              [
                8.835284576803412,
                44.73352705055156
              ],
              [
                8.835287810853355,
                44.73352947714274
              ],
              [
                8.835295184744798,
                44.73353654862347
              ],
              [
                8.835299332583853,
                44.73354172871264
              ],
              [
                8.835303205707138,
                44.73354795289336
              ],
              [
                8.8353063677988,
                44.73355518248715
              ],
              [
                8.835308381629876,
                44.733563378104876
              ],
              [
                8.835309068638013,
                44.733571489751256
              ],
              [
                8.835308602432448,
                44.73357858796286
              ],
              [
                8.835307075934566,
                44.73358481429367
              ],
              [
                8.83530458198546,
                44.73359031063032
              ],
              [
                8.835301213466522,
                44.733595218693054
              ],
              [
                8.835297063025084,
                44.733599680173576
              ],
              [
                8.835292223736543,
                44.73360383698701
              ],
              [
                8.835286788288473,
                44.73360783065872
              ],
              [
                8.835261308544277,
                44.73362542703192
              ],
              [
                8.83525527375967,
                44.73363006756465
              ],
              [
                8.835257753795172,
                44.733631056519684
              ],
              [
                8.835190921934686,
                44.7337190813199
              ],
              [
                8.835186949715473,
                44.733717525368384
              ],
              [
                8.835181620951538,
                44.73372072348492
              ],
              [
                8.835171776681786,
                44.73372595922839
              ],
              [
                8.835158106724926,
                44.73373226830419
              ],
              [
                8.835140676000668,
                44.73373906165345
              ],
              [
                8.835119549332239,
                44.73374575011949
              ],
              [
                8.835094791132214,
                44.73375174475195
              ],
              [
                8.835066466460027,
                44.73375645642213
              ],
              [
                8.835036481790873,
                44.73375823005248
              ],
              [
                8.835007191403097,
                44.73375640120753
              ],
              [
                8.834979332024862,
                44.73375186761656
              ],
              [
                8.834953639388761,
                44.73374552663156
              ],
              [
                8.834930850161578,
                44.73373827571927
              ],
              [
                8.83491170063669,
                44.73373101238724
              ],
              [
                8.83489692710583,
                44.733724634143115
              ],
              [
                8.834887265996917,
                44.73372003842563
              ],
              [
                8.834881203813689,
                44.73371676635895
              ],
              [
                8.834876452665595,
                44.733713709383984
              ],
              [
                8.834872586089492,
                44.733710790555456
              ],
              [
                8.83486580168817,
                44.7337050583801
              ],
              [
                8.834862031679819,
                44.733702091061716
              ],
              [
                8.834857441158274,
                44.73369895343082
              ],
              [
                8.834851604072469,
                44.73369556833517
              ],
              [
                8.834835625989632,
                44.73368845786553
              ],
              [
                8.834383962670929,
                44.73350880731179
              ],
              [
                8.83437743719209,
                44.73350688239449
              ],
              [
                8.834369742824263,
                44.73350385342273
              ],
              [
                8.834366298859791,
                44.73350195673102
              ],
              [
                8.834363748537822,
                44.73349986806042
              ],
              [
                8.834362560801436,
                44.7334976346973
              ],
              [
                8.83436219906603,
                44.73349490094312
              ],
              [
                8.834362064681486,
                44.73349154786588
              ],
              [
                8.83436253363322,
                44.73348797731973
              ],
              [
                8.834363981923081,
                44.73348459158884
              ],
              [
                8.834366785399176,
                44.73348179259616
              ],
              [
                8.834371319909682,
                44.733479982264605
              ],
              [
                8.834377961359742,
                44.73347956278065
              ],
              [
                8.834387085832317,
                44.73348093609542
              ],
              [
                8.834405598811966,
                44.7334868694341
              ],
              [
                8.834436999696937,
                44.73349852380865
              ],
              [
                8.834630998235726,
                44.73357619029465
              ],
              [
                8.83466752647726,
                44.73353227582978
              ],
              [
                8.83443414980778,
                44.7334383071906
              ],
              [
                8.834399185260478,
                44.73342590782092
              ],
              [
                8.834390086552544,
                44.73342529429723
              ],
              [
                8.834377528481587,
                44.73342506293192
              ],
              [
                8.834370603711834,
                44.7334253099237
              ],
              [
                8.83436382755638,
                44.73342593616363
              ],
              [
                8.834357633731702,
                44.733427044911565
              ],
              [
                8.834345131229352,
                44.73343006342848
              ],
              [
                8.834331495726454,
                44.733433548130016
              ],
              [
                8.834324647127367,
                44.73343544946669
              ],
              [
                8.83431167621419,
                44.73343953800839
              ],
              [
                8.834300084906726,
                44.733443947785204
              ],
              [
                8.834293848160684,
                44.73344609337447
              ],
              [
                8.834287326235696,
                44.73344795400632
              ],
              [
                8.834280687039398,
                44.733449334166295
              ],
              [
                8.83427409755956,
                44.73345003865571
              ],
              [
                8.83426772519557,
                44.73344987206935
              ],
              [
                8.83426173762121,
                44.733448638864225
              ],
              [
                8.83425630219575,
                44.73344614380148
              ],
              [
                8.834250869014905,
                44.73344266797288
              ],
              [
                8.83424509818646,
                44.73343864668534
              ],
              [
                8.834239471518893,
                44.733434116381574
              ],
              [
                8.83423447127224,
                44.73342911313141
              ],
              [
                8.834230579391782,
                44.73342367330883
              ],
              [
                8.834228277628654,
                44.73341783309299
              ],
              [
                8.834228048339147,
                44.73341162865127
              ]
            ],
            [
              [
                8.835556609938854,
                44.73683230108903
              ],
              [
                8.83555718203201,
                44.73683990480571
              ],
              [
                8.835569412989942,
                44.7369458445065
              ],
              [
                8.835570489007333,
                44.736948372933206
              ],
              [
                8.835573939502005,
                44.73695204716288
              ],
              [
                8.835577089691833,
                44.73695397250126
              ],
              [
                8.83558141057915,
                44.73695604065919
              ],
              [
                8.835586982586676,
                44.73695791899658
              ],
              [
                8.836286852044363,
                44.737142893668846
              ],
              [
                8.836315122832659,
                44.73717130313841
              ],
              [
                8.836448121223105,
                44.737104677100064
              ],
              [
                8.83652730264893,
                44.73718404607688
              ],
              [
                8.836621758447267,
                44.737136636935354
              ],
              [
                8.836628632589079,
                44.73713329921434
              ],
              [
                8.836633810010271,
                44.73713507200035
              ],
              [
                8.836868352333491,
                44.73719957339756
              ],
              [
                8.836922055388941,
                44.737172607576134
              ],
              [
                8.836626430735135,
                44.73709177066611
              ],
              [
                8.836524510026265,
                44.73714294791259
              ],
              [
                8.83644528892701,
                44.737063338480965
              ],
              [
                8.836304191507786,
                44.73713418710466
              ],
              [
                8.835583780760215,
                44.73694374473374
              ],
              [
                8.83557080541444,
                44.73681845135294
              ],
              [
                8.835567066320717,
                44.73681696784627
              ],
              [
                8.835563320025635,
                44.73681651061126
              ],
              [
                8.835559132343045,
                44.73681760452411
              ],
              [
                8.835559074800043,
                44.7368176195571
              ],
              [
                8.83555745465295,
                44.73682033274009
              ],
              [
                8.835556676381302,
                44.736825545785905
              ],
              [
                8.835556609938854,
                44.73683230108903
              ]
            ],
            [
              [
                8.835605693124185,
                44.733339895883454
              ],
              [
                8.835605704539534,
                44.73333992681353
              ],
              [
                8.835606173068113,
                44.733339839717786
              ],
              [
                8.835608201816205,
                44.733339449531826
              ],
              [
                8.835605693124185,
                44.733339895883454
              ]
            ]
          ],
          [
            [
              [
                8.836626567386565,
                44.73429894114102
              ],
              [
                8.836653496057425,
                44.73429223800461
              ],
              [
                8.836699076692824,
                44.734289807791214
              ],
              [
                8.836705223105643,
                44.73428955975998
              ],
              [
                8.836720455780585,
                44.734289368403516
              ],
              [
                8.836746838625016,
                44.734289570148995
              ],
              [
                8.836747003604467,
                44.73433624911721
              ],
              [
                8.836747286659785,
                44.73433809915135
              ],
              [
                8.836747966727941,
                44.734339373081355
              ],
              [
                8.836748909811433,
                44.73434017244329
              ],
              [
                8.836749981907246,
                44.73434059877601
              ],
              [
                8.836751049018819,
                44.734340753616564
              ],
              [
                8.83675197714548,
                44.73434073850411
              ],
              [
                8.836752632288347,
                44.73434065497543
              ],
              [
                8.836767513037097,
                44.73438476781482
              ],
              [
                8.836731617164816,
                44.73438452673885
              ],
              [
                8.83673122192423,
                44.734384619607646
              ],
              [
                8.8367301557202,
                44.73438478111764
              ],
              [
                8.836728597832785,
                44.73438483561742
              ],
              [
                8.836726726534453,
                44.73438460796443
              ],
              [
                8.83672472110628,
                44.73438392250825
              ],
              [
                8.836722760823886,
                44.734382603601176
              ],
              [
                8.836721023965278,
                44.734380476097954
              ],
              [
                8.836719689805095,
                44.734377364349946
              ],
              [
                8.836694409816607,
                44.73430579037635
              ],
              [
                8.836634063831742,
                44.73431612203289
              ],
              [
                8.836626567386565,
                44.73429894114102
              ]
            ]
          ],
          [
            [
              [
                8.836745443679895,
                44.73445172289252
              ],
              [
                8.836745499938859,
                44.734449888009486
              ],
              [
                8.836746259949928,
                44.73444840322984
              ],
              [
                8.836747466209856,
                44.73444734833601
              ],
              [
                8.836748856540169,
                44.73444662377682
              ],
              [
                8.836750170975659,
                44.734446174219414
              ],
              [
                8.836751150183737,
                44.7344459449047
              ],
              [
                8.836751534435471,
                44.73444588092333
              ],
              [
                8.836768117689696,
                44.734444085121766
              ],
              [
                8.836770716850696,
                44.734443803245306
              ],
              [
                8.836815760230735,
                44.73456487500704
              ],
              [
                8.836837115628802,
                44.73463080540476
              ],
              [
                8.83684048518298,
                44.73464266650331
              ],
              [
                8.836842381903217,
                44.73465087577457
              ],
              [
                8.836842688179269,
                44.734657140529464
              ],
              [
                8.836841722549497,
                44.73466402578076
              ],
              [
                8.836839606681712,
                44.734671372678186
              ],
              [
                8.836836462045763,
                44.734679023185414
              ],
              [
                8.836832409166579,
                44.734686818314415
              ],
              [
                8.836827570086239,
                44.73469460009518
              ],
              [
                8.836822065329475,
                44.73470220954133
              ],
              [
                8.836816016604894,
                44.734709488851976
              ],
              [
                8.836809789048244,
                44.734715956060946
              ],
              [
                8.836803797169148,
                44.73472129742166
              ],
              [
                8.836798224094151,
                44.734725594004615
              ],
              [
                8.836793253424087,
                44.73472892736111
              ],
              [
                8.83678906805217,
                44.7347313783252
              ],
              [
                8.836785851579934,
                44.73473302844489
              ],
              [
                8.836783787370889,
                44.73473395903115
              ],
              [
                8.836782654510232,
                44.73473426906915
              ],
              [
                8.836772360241874,
                44.73470572115202
              ],
              [
                8.836767606944342,
                44.734692537413544
              ],
              [
                8.83680118916368,
                44.73468667050589
              ],
              [
                8.836783783652452,
                44.73463403581763
              ],
              [
                8.836809847128135,
                44.7346292192047
              ],
              [
                8.836747484837593,
                44.734456700477935
              ],
              [
                8.836746341696447,
                44.73445409966505
              ],
              [
                8.836745443679895,
                44.73445172289252
              ]
            ]
          ],
          [
            [
              [
                8.837218312268828,
                44.73188229807233
              ],
              [
                8.837218337242863,
                44.73188153382574
              ],
              [
                8.837219701416245,
                44.7318787359952
              ],
              [
                8.837226301065163,
                44.73187602149436
              ],
              [
                8.83731467483675,
                44.7318722331202
              ],
              [
                8.837319516700042,
                44.73187305139825
              ],
              [
                8.837323691885581,
                44.7318779983238
              ],
              [
                8.837337187926797,
                44.732095468341065
              ],
              [
                8.837337170171322,
                44.73209623681212
              ],
              [
                8.8373358186634,
                44.732099050402425
              ],
              [
                8.837328992695305,
                44.73210178579429
              ],
              [
                8.837239051146494,
                44.732104107979225
              ],
              [
                8.837235729789084,
                44.732103720570024
              ],
              [
                8.83723296339193,
                44.73210249791802
              ],
              [
                8.837230236699606,
                44.732098298094606
              ],
              [
                8.837218312268828,
                44.73188229807233
              ]
            ]
          ],
          [
            [
              [
                8.837422602521984,
                44.73187381896402
              ],
              [
                8.837423313351783,
                44.73187131640253
              ],
              [
                8.837429316055857,
                44.731868441075235
              ],
              [
                8.837575279386739,
                44.73186104230422
              ],
              [
                8.837578803302653,
                44.73186148994645
              ],
              [
                8.837583017500997,
                44.73186595419595
              ],
              [
                8.837596815628721,
                44.73210610890676
              ],
              [
                8.837596089608672,
                44.732108589131265
              ],
              [
                8.837589937930026,
                44.73211145507498
              ],
              [
                8.837446355661113,
                44.73211628926417
              ],
              [
                8.837443573070095,
                44.732115988069175
              ],
              [
                8.837438816042553,
                44.73211140325215
              ],
              [
                8.837422602521984,
                44.73187381896402
              ]
            ]
          ]
        ]
      }
    },
    {
      "type": "Feature",
      "properties": {
        "id": "f_5afc563646495d1f70000004",
        "externalId": "MAP-Q501BRJU",
        "elevation": 1,
        "name": "Bridge",
        "shortName": "Bridge"
      },
      "geometry": {
        "type": "MultiPolygon",
        "coordinates": [
          [
            [
              [
                8.83097727602233,
                44.73506114005714
              ],
              [
                8.830979452601465,
                44.73506041258392
              ],
              [
                8.83098230341015,
                44.73505988725792
              ],
              [
                8.830986148700935,
                44.735059286394275
              ],
              [
                8.83099089812236,
                44.73505868457949
              ],
              [
                8.83099645730044,
                44.735058173031796
              ],
              [
                8.831002749601497,
                44.73505781945052
              ],
              [
                8.831009684674173,
                44.73505769842213
              ],
              [
                8.831017059330726,
                44.7350581019188
              ],
              [
                8.831024782497737,
                44.73505920717533
              ],
              [
                8.831032948549403,
                44.735060922973304
              ],
              [
                8.831041653510065,
                44.73506320110239
              ],
              [
                8.831050972363515,
                44.73506593085481
              ],
              [
                8.831083564273168,
                44.73507613270711
              ],
              [
                8.831096963890811,
                44.735078932429765
              ],
              [
                8.831112392391558,
                44.735080070582654
              ],
              [
                8.831129353564236,
                44.735079854743326
              ],
              [
                8.83114735924277,
                44.73507855922604
              ],
              [
                8.831165872063218,
                44.735076512270425
              ],
              [
                8.831184417577857,
                44.73507398130407
              ],
              [
                8.83121952582642,
                44.735068745864815
              ],
              [
                8.831236053388865,
                44.73506548917239
              ],
              [
                8.83125240705249,
                44.7350608585581
              ],
              [
                8.83126795600907,
                44.735055419137844
              ],
              [
                8.831282100909107,
                44.7350497056216
              ],
              [
                8.83129418351072,
                44.73504429690025
              ],
              [
                8.831303577030548,
                44.73503974145859
              ],
              [
                8.831309687793754,
                44.735036600383566
              ],
              [
                8.83131186158195,
                44.7350354359343
              ],
              [
                8.831607913464588,
                44.73513726694819
              ],
              [
                8.832318373052482,
                44.735408895455414
              ],
              [
                8.832307883992387,
                44.73541902770374
              ],
              [
                8.832313241565688,
                44.73542443306291
              ],
              [
                8.832314770359257,
                44.73542613498768
              ],
              [
                8.832316371254596,
                44.735428136797175
              ],
              [
                8.83231798866116,
                44.73543056868907
              ],
              [
                8.832319650945452,
                44.735433562545225
              ],
              [
                8.832321357387578,
                44.73543722101402
              ],
              [
                8.832323062092499,
                44.73544168403757
              ],
              [
                8.832324797448955,
                44.735447066865945
              ],
              [
                8.83232560072485,
                44.73545281538374
              ],
              [
                8.832324848106982,
                44.73545821992438
              ],
              [
                8.832322968144688,
                44.73546315299742
              ],
              [
                8.832320416822853,
                44.735467473337735
              ],
              [
                8.832317659822047,
                44.735471049424746
              ],
              [
                8.832315121670009,
                44.73547377039992
              ],
              [
                8.832313268047564,
                44.735475504742716
              ],
              [
                8.832312554940085,
                44.73547611118818
              ],
              [
                8.832316995470494,
                44.735480574184606
              ],
              [
                8.831934041966246,
                44.73570901047134
              ],
              [
                8.831598777726258,
                44.735588414869504
              ],
              [
                8.831565592423768,
                44.735577318553844
              ],
              [
                8.831566081910065,
                44.73557665408156
              ],
              [
                8.83144787450007,
                44.73553413450431
              ],
              [
                8.831383846516205,
                44.73546978110156
              ],
              [
                8.831383615351179,
                44.7354690839694
              ],
              [
                8.831383478093935,
                44.73546941080629
              ],
              [
                8.831380753711858,
                44.73546667256296
              ],
              [
                8.831380753708356,
                44.73546667257014
              ],
              [
                8.831203097178713,
                44.73528811214907
              ],
              [
                8.83120309718296,
                44.73528811214372
              ],
              [
                8.831201003003718,
                44.735286007309604
              ],
              [
                8.831201003002194,
                44.73528600730947
              ],
              [
                8.831200845774047,
                44.735285849279975
              ],
              [
                8.83120065397279,
                44.73528565650286
              ],
              [
                8.831200653973548,
                44.73528565650192
              ],
              [
                8.83097727602233,
                44.73506114005714
              ]
            ]
          ],
          [
            [
              [
                8.831582080840988,
                44.73496352057997
              ],
              [
                8.831978213541673,
                44.734725765448566
              ],
              [
                8.83195668867656,
                44.73470838333503
              ],
              [
                8.831955466558862,
                44.7347075064732
              ],
              [
                8.831952441326731,
                44.73470506542729
              ],
              [
                8.831948657792251,
                44.734701324687215
              ],
              [
                8.831945086506646,
                44.73469655680295
              ],
              [
                8.831942762586163,
                44.73469101652006
              ],
              [
                8.831942675971723,
                44.734684995877814
              ],
              [
                8.831945857756292,
                44.73467876625357
              ],
              [
                8.831953282511476,
                44.73467258356519
              ],
              [
                8.832078133375502,
                44.73459820855363
              ],
              [
                8.832095981262885,
                44.734589042890725
              ],
              [
                8.832107392765998,
                44.7345835179594
              ],
              [
                8.832119993155239,
                44.734577761417306
              ],
              [
                8.83213286429005,
                44.734572380369535
              ],
              [
                8.832145041205234,
                44.73456797620706
              ],
              [
                8.832155633196804,
                44.73456514226115
              ],
              [
                8.832178330242312,
                44.734559795999225
              ],
              [
                8.832514866592621,
                44.73447343000198
              ],
              [
                8.832581421078427,
                44.73445900993555
              ],
              [
                8.832594477794558,
                44.73445360868497
              ],
              [
                8.832605615300414,
                44.73444871806086
              ],
              [
                8.832610801404662,
                44.73444626029766
              ],
              [
                8.832616829729837,
                44.73444316047704
              ],
              [
                8.832618608248445,
                44.734442384401085
              ],
              [
                8.832620509504055,
                44.734441648987236
              ],
              [
                8.832622482649159,
                44.73444096515304
              ],
              [
                8.83262451396637,
                44.73444033978586
              ],
              [
                8.83262659778236,
                44.73443974650932
              ],
              [
                8.832628692944983,
                44.73443920598547
              ],
              [
                8.832630776041498,
                44.73443871535719
              ],
              [
                8.8326336743494,
                44.734438093056056
              ],
              [
                8.832636468591529,
                44.73443755223009
              ],
              [
                8.83263906109491,
                44.734437098082566
              ],
              [
                8.832772785066943,
                44.734417724629786
              ],
              [
                8.832914503983318,
                44.73440775102435
              ],
              [
                8.832936603125976,
                44.73440662089563
              ],
              [
                8.832948756146642,
                44.734406451605786
              ],
              [
                8.832957414198834,
                44.73440678044425
              ],
              [
                8.833051197393802,
                44.734407694428874
              ],
              [
                8.833132813845266,
                44.734411575528796
              ],
              [
                8.833131352300843,
                44.7344250953123
              ],
              [
                8.833018453286934,
                44.73442035045094
              ],
              [
                8.833006607504245,
                44.73442014629682
              ],
              [
                8.832917214093111,
                44.73442201104051
              ],
              [
                8.832882293578104,
                44.73442338299481
              ],
              [
                8.832871425378992,
                44.73442412001154
              ],
              [
                8.83274702905086,
                44.73443577086899
              ],
              [
                8.832641231500418,
                44.73445089842937
              ],
              [
                8.832615837183731,
                44.73446246504154
              ],
              [
                8.832605591306589,
                44.734466907988654
              ],
              [
                8.832595699497,
                44.7344709831989
              ],
              [
                8.832587159103115,
                44.734474204527565
              ],
              [
                8.832580910952636,
                44.734476070371414
              ],
              [
                8.832482338982993,
                44.734497798547466
              ],
              [
                8.832299897108587,
                44.734542903322456
              ],
              [
                8.832290167887416,
                44.73454550867746
              ],
              [
                8.832286876717603,
                44.734546459726744
              ],
              [
                8.832285698456987,
                44.73454684673921
              ],
              [
                8.832284719564898,
                44.73454720671388
              ],
              [
                8.832283605149362,
                44.734547678569925
              ],
              [
                8.832282349537177,
                44.73454823593096
              ],
              [
                8.832280962423658,
                44.73454888854152
              ],
              [
                8.832277875997262,
                44.734550438187284
              ],
              [
                8.832274399088838,
                44.7345522569497
              ],
              [
                8.832274385371388,
                44.73455226383702
              ],
              [
                8.832267014568064,
                44.73455632990943
              ],
              [
                8.83223619376057,
                44.73457453705157
              ],
              [
                8.832225607304267,
                44.73458103593832
              ],
              [
                8.832184630053138,
                44.73460505113602
              ],
              [
                8.832746522058514,
                44.735078374652
              ],
              [
                8.832306617479505,
                44.735343182255555
              ],
              [
                8.83217738812448,
                44.73524125023188
              ],
              [
                8.832127908623146,
                44.735266092720636
              ],
              [
                8.831958241788314,
                44.73512136719911
              ],
              [
                8.831854279234022,
                44.73518336898858
              ],
              [
                8.831582080840988,
                44.73496352057997
              ]
            ]
          ],
          [
            [
              [
                8.833245030058043,
                44.73568619931901
              ],
              [
                8.833370415203042,
                44.735671466327595
              ],
              [
                8.833347620444272,
                44.73556373144967
              ],
              [
                8.833459683614443,
                44.73555345132229
              ],
              [
                8.833453069958816,
                44.73552687469697
              ],
              [
                8.833548634121282,
                44.73551659312436
              ],
              [
                8.833554847994359,
                44.73554198229969
              ],
              [
                8.833864881347592,
                44.73550980724303
              ],
              [
                8.83391476663198,
                44.73573622840472
              ],
              [
                8.8332698265785,
                44.735803099408415
              ],
              [
                8.833245030058043,
                44.73568619931901
              ]
            ]
          ],
          [
            [
              [
                8.833315490782855,
                44.73518370298035
              ],
              [
                8.833318531968871,
                44.73518024716989
              ],
              [
                8.833372324557878,
                44.7351503742433
              ],
              [
                8.833376931400172,
                44.73514921556959
              ],
              [
                8.833379981490745,
                44.735149510707274
              ],
              [
                8.833383871724555,
                44.73515141515802
              ],
              [
                8.833425109959716,
                44.73518771324941
              ],
              [
                8.833426938771824,
                44.735190915753215
              ],
              [
                8.833425513310736,
                44.735194817003624
              ],
              [
                8.833423824842203,
                44.735196117761745
              ],
              [
                8.833371297262628,
                44.735226042342134
              ],
              [
                8.83336660006548,
                44.73522727560405
              ],
              [
                8.833363559666486,
                44.73522699021046
              ],
              [
                8.83335969449324,
                44.73522513162426
              ],
              [
                8.83331725013973,
                44.73518873769747
              ],
              [
                8.833315490782855,
                44.73518370298035
              ]
            ]
          ],
          [
            [
              [
                8.83337465487023,
                44.73534149064819
              ],
              [
                8.833374675121364,
                44.735339712362695
              ],
              [
                8.833375148265965,
                44.735337955096384
              ],
              [
                8.833376105042797,
                44.735336291090825
              ],
              [
                8.8333793881218,
                44.735333429843074
              ],
              [
                8.833669157560683,
                44.735164806556526
              ],
              [
                8.83367197222065,
                44.73516358328769
              ],
              [
                8.833676779579605,
                44.7351627915232
              ],
              [
                8.833679215975796,
                44.7351628833479
              ],
              [
                8.833681575958357,
                44.735163291178665
              ],
              [
                8.833683812701148,
                44.73516400930162
              ],
              [
                8.833687631488697,
                44.73516635877282
              ],
              [
                8.833748237930639,
                44.73522129516139
              ],
              [
                8.83374964071723,
                44.735222870389634
              ],
              [
                8.833750975720731,
                44.73522632083792
              ],
              [
                8.833750932068092,
                44.735228096266574
              ],
              [
                8.833750429848765,
                44.73522982430119
              ],
              [
                8.833749453693102,
                44.735231468821056
              ],
              [
                8.83374620611659,
                44.73523428304062
              ],
              [
                8.833457144978704,
                44.73540157178662
              ],
              [
                8.833454412607688,
                44.73540275372546
              ],
              [
                8.833449652052087,
                44.73540355119459
              ],
              [
                8.83344723503744,
                44.73540347885388
              ],
              [
                8.833444884742386,
                44.73540308076274
              ],
              [
                8.833442653667118,
                44.73540238901143
              ],
              [
                8.833438828482167,
                44.73540011580409
              ],
              [
                8.83337750969928,
                44.73534653061864
              ],
              [
                8.833376069789173,
                44.73534495941628
              ],
              [
                8.83337465487023,
                44.73534149064819
              ]
            ]
          ],
          [
            [
              [
                8.833401906871488,
                44.73513669015976
              ],
              [
                8.833402256124803,
                44.7351344982706
              ],
              [
                8.833404890232977,
                44.7351317290592
              ],
              [
                8.83349028654908,
                44.73508280243436
              ],
              [
                8.833493414556177,
                44.73508172870335
              ],
              [
                8.833497861884508,
                44.7350818775669
              ],
              [
                8.833501647117865,
                44.7350837178331
              ],
              [
                8.833541706533879,
                44.73511881042977
              ],
              [
                8.833543504611367,
                44.7351219406902
              ],
              [
                8.833541631440461,
                44.735126198253084
              ],
              [
                8.833540460000917,
                44.73512700561622
              ],
              [
                8.833453771202713,
                44.73517589442467
              ],
              [
                8.833450743233845,
                44.73517690331053
              ],
              [
                8.83344623937654,
                44.735176738986745
              ],
              [
                8.833442479921837,
                44.735174841935596
              ],
              [
                8.833403611289702,
                44.73513980899441
              ],
              [
                8.833401906871488,
                44.73513669015976
              ]
            ]
          ],
          [
            [
              [
                8.834228065175264,
                44.73341145666173
              ],
              [
                8.834230391513179,
                44.733404925719256
              ],
              [
                8.834234429821949,
                44.73339819273143
              ],
              [
                8.834238824989717,
                44.733391528972064
              ],
              [
                8.834243297939569,
                44.73338519147242
              ],
              [
                8.83425139800817,
                44.73337451934651
              ],
              [
                8.834257259451222,
                44.7333673239152
              ],
              [
                8.83440551953146,
                44.73317676703059
              ],
              [
                8.834477681553075,
                44.73307873567843
              ],
              [
                8.834478577774107,
                44.73307622527467
              ],
              [
                8.834480953760949,
                44.73307292800426
              ],
              [
                8.834485746059041,
                44.73306811057497
              ],
              [
                8.834493789246073,
                44.73306166078915
              ],
              [
                8.83450591789881,
                44.733053466448716
              ],
              [
                8.834522952875938,
                44.73304342224241
              ],
              [
                8.83457070685543,
                44.73301862536896
              ],
              [
                8.83461338326076,
                44.732995588962574
              ],
              [
                8.834644366806387,
                44.73297789778802
              ],
              [
                8.83482125407808,
                44.73286895560847
              ],
              [
                8.834833660407712,
                44.73286265292832
              ],
              [
                8.834863569025256,
                44.73284816089823
              ],
              [
                8.834881671048189,
                44.73283993342826
              ],
              [
                8.83490006084652,
                44.73283216057337
              ],
              [
                8.834917357990019,
                44.73282566700869
              ],
              [
                8.834932205462168,
                44.73282128026685
              ],
              [
                8.834952100494439,
                44.73281774912581
              ],
              [
                8.834982710857158,
                44.732813513521194
              ],
              [
                8.835160666662285,
                44.732793507677364
              ],
              [
                8.835167125120307,
                44.73274934889146
              ],
              [
                8.835024663730845,
                44.73276535547558
              ],
              [
                8.835020090981034,
                44.73276557660512
              ],
              [
                8.8350073238733,
                44.73276649302814
              ],
              [
                8.83498781253175,
                44.73276848715206
              ],
              [
                8.834962956233872,
                44.73277195230254
              ],
              [
                8.834934228513816,
                44.73277727374361
              ],
              [
                8.834903022972718,
                44.732784818425905
              ],
              [
                8.834870781688329,
                44.73279500202292
              ],
              [
                8.83483895880193,
                44.732808190313925
              ],
              [
                8.834804675939852,
                44.73282552175377
              ],
              [
                8.834765967182978,
                44.73284665372795
              ],
              [
                8.834686408181808,
                44.73289274008887
              ],
              [
                8.834596147375027,
                44.73294764860895
              ],
              [
                8.83459118122357,
                44.73294575844542
              ],
              [
                8.834659240366728,
                44.73288856897108
              ],
              [
                8.834714697869007,
                44.732850551636936
              ],
              [
                8.834752036384787,
                44.732826264587466
              ],
              [
                8.834836563978811,
                44.73277413232183
              ],
              [
                8.834855268950262,
                44.73276316175998
              ],
              [
                8.834871361793365,
                44.732754072725704
              ],
              [
                8.834884005076068,
                44.73274738801364
              ],
              [
                8.834894606170385,
                44.73274262012794
              ],
              [
                8.834903822813038,
                44.73273869354831
              ],
              [
                8.83491875359829,
                44.73273271601293
              ],
              [
                8.834932864906689,
                44.73272748605485
              ],
              [
                8.83494877211459,
                44.732722055721446
              ],
              [
                8.834965890362408,
                44.73271685020495
              ],
              [
                8.834983629117037,
                44.73271226832161
              ],
              [
                8.835001356696017,
                44.732708729550914
              ],
              [
                8.83501849628432,
                44.73270662582222
              ],
              [
                8.835034425896133,
                44.73270638636009
              ],
              [
                8.835073931823871,
                44.732708424287786
              ],
              [
                8.835092767358539,
                44.73270897601189
              ],
              [
                8.835110767651651,
                44.732708895020046
              ],
              [
                8.835127783964008,
                44.73270794913181
              ],
              [
                8.835143653839559,
                44.732705913054474
              ],
              [
                8.835158191409972,
                44.73270255863874
              ],
              [
                8.8351712616524,
                44.73269764681669
              ],
              [
                8.835197619808792,
                44.732685726526356
              ],
              [
                8.835203808390535,
                44.732682560549634
              ],
              [
                8.835209936698215,
                44.73267879648886
              ],
              [
                8.835216774293949,
                44.73267384333807
              ],
              [
                8.83522508104375,
                44.73266710034677
              ],
              [
                8.83523561681273,
                44.73265796676422
              ],
              [
                8.83524772324296,
                44.73264592563497
              ],
              [
                8.835256872367419,
                44.732634302749716
              ],
              [
                8.83526346170356,
                44.73262349762484
              ],
              [
                8.835267928265225,
                44.73261384610519
              ],
              [
                8.835270667915916,
                44.73260570469847
              ],
              [
                8.835272119321843,
                44.732599452257375
              ],
              [
                8.83527268236682,
                44.732595428657454
              ],
              [
                8.835273066639234,
                44.732586511867474
              ],
              [
                8.835273459943988,
                44.73258134602712
              ],
              [
                8.83527457427989,
                44.73257190190197
              ],
              [
                8.83527542117154,
                44.73256665442492
              ],
              [
                8.835277660045863,
                44.73255639720565
              ],
              [
                8.835280610711246,
                44.73254683468701
              ],
              [
                8.835282464770348,
                44.73254220665389
              ],
              [
                8.835284573279749,
                44.73253777233192
              ],
              [
                8.835286971000238,
                44.732533587330195
              ],
              [
                8.835289684650364,
                44.732529740521684
              ],
              [
                8.83529270216674,
                44.73252628180223
              ],
              [
                8.83529975767788,
                44.732518632746405
              ],
              [
                8.8353200729169,
                44.73249427182979
              ],
              [
                8.83532855119197,
                44.73248532382745
              ],
              [
                8.835338875039886,
                44.7324757705646
              ],
              [
                8.835351609431642,
                44.73246551831048
              ],
              [
                8.835367374203942,
                44.73245444578328
              ],
              [
                8.835557532216407,
                44.732336309131
              ],
              [
                8.835633246315249,
                44.73229171375619
              ],
              [
                8.835635102554443,
                44.732290416329306
              ],
              [
                8.835644562439526,
                44.73228603138992
              ],
              [
                8.835646831526509,
                44.73228601716067
              ],
              [
                8.835649590499782,
                44.732288562599464
              ],
              [
                8.835649611694697,
                44.732290568527105
              ],
              [
                8.835648651689118,
                44.7322929940983
              ],
              [
                8.83564666129134,
                44.732295893240114
              ],
              [
                8.835643618742635,
                44.73229930610417
              ],
              [
                8.835639478872173,
                44.732303269985486
              ],
              [
                8.835634225595562,
                44.73230785141182
              ],
              [
                8.835627817762814,
                44.732313071046164
              ],
              [
                8.835619883373784,
                44.73231907184843
              ],
              [
                8.835610413446242,
                44.7323257414257
              ],
              [
                8.835589088111014,
                44.732339825437975
              ],
              [
                8.835568262273984,
                44.732352840302
              ],
              [
                8.835534646668998,
                44.732372847385165
              ],
              [
                8.83550899254165,
                44.73238913427323
              ],
              [
                8.835494702853605,
                44.73239869165747
              ],
              [
                8.835480303877869,
                44.73240880075131
              ],
              [
                8.835466379751864,
                44.73241913900753
              ],
              [
                8.835453563091248,
                44.73242943260057
              ],
              [
                8.835443984966108,
                44.732437895399876
              ],
              [
                8.835434605932734,
                44.732446930413246
              ],
              [
                8.835425498594915,
                44.73245648657033
              ],
              [
                8.835416714512217,
                44.732466450304024
              ],
              [
                8.835408322267543,
                44.73247678717595
              ],
              [
                8.835400355682989,
                44.73248740713873
              ],
              [
                8.83539289138382,
                44.73249824249007
              ],
              [
                8.835385996299909,
                44.732509215783445
              ],
              [
                8.83538278524576,
                44.7325146713557
              ],
              [
                8.835379742096814,
                44.73252013029204
              ],
              [
                8.835376866853121,
                44.73252559259247
              ],
              [
                8.83537097062401,
                44.73253781785011
              ],
              [
                8.835315299274622,
                44.73266724395077
              ],
              [
                8.835359275661677,
                44.732671128555566
              ],
              [
                8.835400221986147,
                44.73258152224743
              ],
              [
                8.835402715349828,
                44.73257509729364
              ],
              [
                8.835409511137435,
                44.73255875251364
              ],
              [
                8.835414200483026,
                44.73254822923864
              ],
              [
                8.835419584903391,
                44.73253687471339
              ],
              [
                8.835425541397582,
                44.732525247536834
              ],
              [
                8.835431917878415,
                44.732513877075085
              ],
              [
                8.835435936818627,
                44.73250737286127
              ],
              [
                8.835440023136703,
                44.73250128781043
              ],
              [
                8.835446265366194,
                44.7324932141884
              ],
              [
                8.835458258719047,
                44.73248029455904
              ],
              [
                8.835468050945048,
                44.73247024835802
              ],
              [
                8.835474460278382,
                44.73246397587287
              ],
              [
                8.835481091667946,
                44.73245778184894
              ],
              [
                8.83548805484626,
                44.7324516111846
              ],
              [
                8.835495463566838,
                44.73244539214623
              ],
              [
                8.835503423540988,
                44.73243908626408
              ],
              [
                8.835512044501002,
                44.73243263843646
              ],
              [
                8.83552142648357,
                44.7324259838173
              ],
              [
                8.835531692937352,
                44.73241906041712
              ],
              [
                8.835561746327192,
                44.73239997994382
              ],
              [
                8.83562682380569,
                44.73236079881814
              ],
              [
                8.835635726361124,
                44.73235513017434
              ],
              [
                8.835644028243646,
                44.732349353996
              ],
              [
                8.835652967736197,
                44.73234258545177
              ],
              [
                8.835662324659744,
                44.732335037393334
              ],
              [
                8.835671878835477,
                44.732326922672485
              ],
              [
                8.835681466604408,
                44.73231846959838
              ],
              [
                8.8356998605553,
                44.732301356789876
              ],
              [
                8.83582272346446,
                44.73218232040774
              ],
              [
                8.835843388518718,
                44.7321657329614
              ],
              [
                8.835852260090906,
                44.73215889619197
              ],
              [
                8.835861298852137,
                44.732152165433654
              ],
              [
                8.835869828901718,
                44.73214614312277
              ],
              [
                8.835877207447062,
                44.73214144429652
              ],
              [
                8.835885430962938,
                44.73213654035821
              ],
              [
                8.835664234754717,
                44.73234592925069
              ],
              [
                8.835656657934173,
                44.73235189663132
              ],
              [
                8.835646932878047,
                44.73235762758658
              ],
              [
                8.835512601524375,
                44.73244070264637
              ],
              [
                8.835473240963927,
                44.73247868950426
              ],
              [
                8.835468666159437,
                44.732482857153755
              ],
              [
                8.835464903939362,
                44.732486704445385
              ],
              [
                8.835460535291427,
                44.7324921129519
              ],
              [
                8.835455817298861,
                44.732498617485774
              ],
              [
                8.835450956199828,
                44.7325057637783
              ],
              [
                8.835443712761423,
                44.73251713119617
              ],
              [
                8.835437710467769,
                44.732527203191005
              ],
              [
                8.835432724363768,
                44.73253715945776
              ],
              [
                8.83537336735779,
                44.73266926930678
              ],
              [
                8.835402807305819,
                44.73267326374233
              ],
              [
                8.83547280961781,
                44.73251850681211
              ],
              [
                8.835503059369719,
                44.73252453488853
              ],
              [
                8.835531398561937,
                44.73246389422629
              ],
              [
                8.835799925439805,
                44.732303189473754
              ],
              [
                8.835783646639204,
                44.732286828895646
              ],
              [
                8.835861698112277,
                44.73223769857918
              ],
              [
                8.836007037343128,
                44.732360324096724
              ],
              [
                8.83602872222912,
                44.732347593762356
              ],
              [
                8.835884769219623,
                44.73222611339255
              ],
              [
                8.836181904741322,
                44.73204481564866
              ],
              [
                8.836563091277478,
                44.73197614765608
              ],
              [
                8.836948663951292,
                44.732296772121366
              ],
              [
                8.836936109527109,
                44.73240728176879
              ],
              [
                8.836914075011942,
                44.73260112598938
              ],
              [
                8.836475567979392,
                44.73286446314266
              ],
              [
                8.836460704407521,
                44.73284952531125
              ],
              [
                8.836247291078346,
                44.732978605211706
              ],
              [
                8.836249471121027,
                44.732980428891956
              ],
              [
                8.835783980399814,
                44.73326171164577
              ],
              [
                8.83583728649567,
                44.73331160998968
              ],
              [
                8.836254908470375,
                44.73305861972911
              ],
              [
                8.836280302505967,
                44.7330789517604
              ],
              [
                8.836047842779184,
                44.733222612312446
              ],
              [
                8.836010955775967,
                44.73324687778476
              ],
              [
                8.83599436956255,
                44.73325840667424
              ],
              [
                8.835978690525826,
                44.73326977228242
              ],
              [
                8.835963645986004,
                44.73328115537297
              ],
              [
                8.83587192940383,
                44.73335539837841
              ],
              [
                8.835857624584854,
                44.7333662638603
              ],
              [
                8.835844488799784,
                44.73337553403084
              ],
              [
                8.835832878459513,
                44.733382781504325
              ],
              [
                8.835757468124452,
                44.73342803148399
              ],
              [
                8.835820550329178,
                44.73361870340708
              ],
              [
                8.835821331759904,
                44.73362077337526
              ],
              [
                8.835827989814526,
                44.73362726897953
              ],
              [
                8.83584921015647,
                44.733646321358904
              ],
              [
                8.83587170166779,
                44.733665100759325
              ],
              [
                8.835894832696297,
                44.73368317910177
              ],
              [
                8.835917989326125,
                44.73370010478793
              ],
              [
                8.83594054959791,
                44.73371545948399
              ],
              [
                8.835961909288866,
                44.73372880133686
              ],
              [
                8.83598146015419,
                44.73373970512588
              ],
              [
                8.835990539874782,
                44.73374397201342
              ],
              [
                8.836000293925945,
                44.73375207957496
              ],
              [
                8.836004049642769,
                44.733752546353024
              ],
              [
                8.836012517200574,
                44.7337538619605
              ],
              [
                8.836021411601797,
                44.73375585461792
              ],
              [
                8.836024683663672,
                44.73375707570876
              ],
              [
                8.836026482610613,
                44.73375840815583
              ],
              [
                8.836029403032235,
                44.73376527103598
              ],
              [
                8.836038895059087,
                44.73379225849663
              ],
              [
                8.836172527316343,
                44.73377080693935
              ],
              [
                8.836179083600525,
                44.73377065652726
              ],
              [
                8.836186761552554,
                44.733770951168204
              ],
              [
                8.836196959543601,
                44.733771938519446
              ],
              [
                8.836209312182476,
                44.73377393357503
              ],
              [
                8.836223496882779,
                44.73377727367386
              ],
              [
                8.836239171666898,
                44.73378227666654
              ],
              [
                8.836256027666224,
                44.73378927300435
              ],
              [
                8.83628662411031,
                44.73380369032575
              ],
              [
                8.836299346487836,
                44.73381008816955
              ],
              [
                8.836310762720622,
                44.73381645507817
              ],
              [
                8.836321165338619,
                44.73382312638603
              ],
              [
                8.83633088565567,
                44.73383047640418
              ],
              [
                8.836340208160621,
                44.73383887373073
              ],
              [
                8.836349431059482,
                44.73384868007595
              ],
              [
                8.83635839260233,
                44.73385956750006
              ],
              [
                8.836366656245692,
                44.733870849209644
              ],
              [
                8.836374201656188,
                44.73388236005994
              ],
              [
                8.836380998804414,
                44.73389392516197
              ],
              [
                8.836386984552238,
                44.73390535702623
              ],
              [
                8.836392134545028,
                44.73391650713988
              ],
              [
                8.836396446186722,
                44.733927186838365
              ],
              [
                8.836648475847744,
                44.73463709153435
              ],
              [
                8.836649740312037,
                44.7346400367701
              ],
              [
                8.836651131193525,
                44.73464699554189
              ],
              [
                8.83665076687909,
                44.73465109475156
              ],
              [
                8.836649077005774,
                44.734655143542994
              ],
              [
                8.836645632579485,
                44.73465877281294
              ],
              [
                8.836639986868324,
                44.7346616369779
              ],
              [
                8.836633504927775,
                44.734663722784276
              ],
              [
                8.836627842695789,
                44.73466530930385
              ],
              [
                8.836619055868844,
                44.734667208092894
              ],
              [
                8.836611920522424,
                44.73466805841257
              ],
              [
                8.836629301643505,
                44.73471705182869
              ],
              [
                8.836664190882798,
                44.7347123188881
              ],
              [
                8.836668351076684,
                44.73471275792975
              ],
              [
                8.83667096173577,
                44.734713624343954
              ],
              [
                8.836673790189533,
                44.73471518510751
              ],
              [
                8.836676633992253,
                44.73471762955435
              ],
              [
                8.836679239851238,
                44.7347211579378
              ],
              [
                8.836681377886798,
                44.73472597336755
              ],
              [
                8.836684830206218,
                44.73473696770884
              ],
              [
                8.836690245693086,
                44.73475659159489
              ],
              [
                8.8366912613277,
                44.73476106462432
              ],
              [
                8.83669089019033,
                44.734763895933504
              ],
              [
                8.83668943754832,
                44.73476696343717
              ],
              [
                8.836686489065704,
                44.73477003680095
              ],
              [
                8.836681587601188,
                44.73477286334573
              ],
              [
                8.836674299426585,
                44.73477519324853
              ],
              [
                8.836653610607547,
                44.73477906454303
              ],
              [
                8.836346465495133,
                44.73482973162563
              ],
              [
                8.836393310372511,
                44.7349626843569
              ],
              [
                8.83659849831107,
                44.73492652093103
              ],
              [
                8.836601723672276,
                44.734926041166666
              ],
              [
                8.836606391664104,
                44.734925626102644
              ],
              [
                8.836611885020464,
                44.7349255856913
              ],
              [
                8.836617596171534,
                44.734926239629196
              ],
              [
                8.836622944981656,
                44.73492789383736
              ],
              [
                8.836627323881151,
                44.73493086801257
              ],
              [
                8.836630129321117,
                44.734935465219735
              ],
              [
                8.836631574179748,
                44.734940555657815
              ],
              [
                8.836632261087011,
                44.7349448430426
              ],
              [
                8.836632146525027,
                44.73494840767775
              ],
              [
                8.836631216064324,
                44.73495135909945
              ],
              [
                8.836629439904153,
                44.73495377072356
              ],
              [
                8.836626793918999,
                44.73495574234203
              ],
              [
                8.836623248308163,
                44.734957347370695
              ],
              [
                8.83661878864229,
                44.73495869534562
              ],
              [
                8.836612029271526,
                44.734960233633
              ],
              [
                8.836549518203821,
                44.73497228981067
              ],
              [
                8.836547194372837,
                44.734972579913986
              ],
              [
                8.836540688776097,
                44.73497356699087
              ],
              [
                8.836530660289887,
                44.73497541703483
              ],
              [
                8.836517828333502,
                44.73497829486422
              ],
              [
                8.836502851782571,
                44.73498236647248
              ],
              [
                8.836486412925622,
                44.734987800709625
              ],
              [
                8.836469198071972,
                44.734994749794055
              ],
              [
                8.836451908902172,
                44.73500340206481
              ],
              [
                8.83643589750016,
                44.73501280094745
              ],
              [
                8.83642205880998,
                44.73502173718813
              ],
              [
                8.83641039260421,
                44.735029962482756
              ],
              [
                8.836400884938406,
                44.735037235414914
              ],
              [
                8.836393512171988,
                44.73504330482388
              ],
              [
                8.83638408084703,
                44.73505195687278
              ],
              [
                8.836418569208224,
                44.735070119290285
              ],
              [
                8.83643123207426,
                44.735075568083126
              ],
              [
                8.836440262870566,
                44.73507904129943
              ],
              [
                8.836447035648307,
                44.73507276170948
              ],
              [
                8.836454701917647,
                44.73506632572426
              ],
              [
                8.836464904189633,
                44.73505857248452
              ],
              [
                8.836477396013402,
                44.73505012258003
              ],
              [
                8.836491928571805,
                44.735041656240746
              ],
              [
                8.836508288524483,
                44.735033806657
              ],
              [
                8.836526184250578,
                44.735027231714064
              ],
              [
                8.83654678121728,
                44.73502169689931
              ],
              [
                8.83656986020562,
                44.73501671315838
              ],
              [
                8.836593852762732,
                44.73501233741989
              ],
              [
                8.83661708306669,
                44.73500862207613
              ],
              [
                8.836654904827224,
                44.735003424993444
              ],
              [
                8.83667037748495,
                44.73500158845197
              ],
              [
                8.836682829590425,
                44.734999982700984
              ],
              [
                8.836697017348516,
                44.73499842602776
              ],
              [
                8.836715284924756,
                44.73499679346985
              ],
              [
                8.836736716356624,
                44.73499538422257
              ],
              [
                8.836760391661304,
                44.734994514113616
              ],
              [
                8.836785408594546,
                44.734994475451465
              ],
              [
                8.836810829436976,
                44.73499560758496
              ],
              [
                8.836835292686395,
                44.73499741052771
              ],
              [
                8.836858500840668,
                44.73499941992316
              ],
              [
                8.836881142809103,
                44.735001976653315
              ],
              [
                8.836903897805458,
                44.73500541185541
              ],
              [
                8.83692747247819,
                44.73501004289044
              ],
              [
                8.83695253232555,
                44.735016207782415
              ],
              [
                8.836979793694052,
                44.73502423363523
              ],
              [
                8.837009935801388,
                44.735034451583616
              ],
              [
                8.837038640480548,
                44.735044982158485
              ],
              [
                8.837061713010835,
                44.735053883904
              ],
              [
                8.837079973793342,
                44.735061402448544
              ],
              [
                8.837094299753339,
                44.73506779887589
              ],
              [
                8.837105534707833,
                44.735073321668544
              ],
              [
                8.837114512778458,
                44.735078209564264
              ],
              [
                8.837122124610156,
                44.73508271675693
              ],
              [
                8.837152756873097,
                44.7351016755756
              ],
              [
                8.837161298838117,
                44.73510722084997
              ],
              [
                8.83716993563313,
                44.73511317151
              ],
              [
                8.837178532454368,
                44.735119536794514
              ],
              [
                8.83718694645649,
                44.73512635920637
              ],
              [
                8.837209845479794,
                44.73514734537163
              ],
              [
                8.837216528577825,
                44.73515315186655
              ],
              [
                8.837222761396475,
                44.73515827845879
              ],
              [
                8.837228577044925,
                44.7351627377487
              ],
              [
                8.837233965826616,
                44.73516651999229
              ],
              [
                8.837238970547064,
                44.735169647534015
              ],
              [
                8.83724360492304,
                44.73517211348604
              ],
              [
                8.837255953109185,
                44.73517761796127
              ],
              [
                8.837264035842715,
                44.7351815233703
              ],
              [
                8.837272758052306,
                44.73518642284354
              ],
              [
                8.83728168883581,
                44.735192503530016
              ],
              [
                8.837290358505967,
                44.73519991360246
              ],
              [
                8.837298303050881,
                44.73520882760983
              ],
              [
                8.837305081871676,
                44.73521942295745
              ],
              [
                8.837310717218442,
                44.73523046097726
              ],
              [
                8.837315526728373,
                44.73524062773923
              ],
              [
                8.837319510400828,
                44.73524992324347
              ],
              [
                8.837322636780453,
                44.73525837789793
              ],
              [
                8.837324878432703,
                44.73526600547851
              ],
              [
                8.837326235357127,
                44.735272805985275
              ],
              [
                8.837326695491166,
                44.735278829314325
              ],
              [
                8.83732621200789,
                44.73528406975329
              ],
              [
                8.837325102518848,
                44.735288908497985
              ],
              [
                8.837322300107687,
                44.73529795833259
              ],
              [
                8.837319492757306,
                44.735305184016575
              ],
              [
                8.837317350715002,
                44.73530995672892
              ],
              [
                8.83733856509307,
                44.73532749262699
              ],
              [
                8.837364878913597,
                44.735326028195104
              ],
              [
                8.837369428408092,
                44.73531199480253
              ],
              [
                8.837369346437534,
                44.73530550393075
              ],
              [
                8.837369602390948,
                44.735301254525474
              ],
              [
                8.837370209789405,
                44.735296448704766
              ],
              [
                8.837371264173843,
                44.73529138920645
              ],
              [
                8.837372921628836,
                44.7352863775927
              ],
              [
                8.837375291412297,
                44.73528170971335
              ],
              [
                8.8373814263136,
                44.73527278388607
              ],
              [
                8.837384668296947,
                44.73526849636619
              ],
              [
                8.837392704184204,
                44.73525858674049
              ],
              [
                8.837396821688623,
                44.735253918033166
              ],
              [
                8.837400110239592,
                44.73525108304636
              ],
              [
                8.837406622029944,
                44.73524807621753
              ],
              [
                8.83741120537415,
                44.73524776208849
              ],
              [
                8.837419913831209,
                44.73525690625358
              ],
              [
                8.837423701799747,
                44.735258935054915
              ],
              [
                8.837425757439581,
                44.73525930567835
              ],
              [
                8.837430082538708,
                44.735258215216
              ],
              [
                8.837724613094661,
                44.73510922131309
              ],
              [
                8.837727738666166,
                44.73510735954366
              ],
              [
                8.8377352737659,
                44.735102362901365
              ],
              [
                8.83773981786322,
                44.73509897048403
              ],
              [
                8.83774441399328,
                44.73509511354507
              ],
              [
                8.837748740990882,
                44.73509092413166
              ],
              [
                8.837752401775465,
                44.7350864993466
              ],
              [
                8.837753129788673,
                44.735085371231925
              ],
              [
                8.837692194726452,
                44.73507716010446
              ],
              [
                8.837693160625294,
                44.73507246650808
              ],
              [
                8.837743664657783,
                44.73507951771036
              ],
              [
                8.837684928602657,
                44.73502156732891
              ],
              [
                8.837690703425162,
                44.735018667496924
              ],
              [
                8.83774882695245,
                44.73507680855364
              ],
              [
                8.837757936883735,
                44.73504176568096
              ],
              [
                8.837764619829294,
                44.73504223846088
              ],
              [
                8.83775329798727,
                44.73508511059475
              ],
              [
                8.837755485034725,
                44.73508172158984
              ],
              [
                8.837761789203244,
                44.73507089868009
              ],
              [
                8.837765717475293,
                44.735065068234626
              ],
              [
                8.837770646605854,
                44.735059085920334
              ],
              [
                8.837776921407254,
                44.73505307085081
              ],
              [
                8.837784900408632,
                44.735047135251584
              ],
              [
                8.837794942139048,
                44.73504139134798
              ],
              [
                8.838582086393679,
                44.73464685049492
              ],
              [
                8.838611888090085,
                44.73463115443454
              ],
              [
                8.838621853542527,
                44.734629365024865
              ],
              [
                8.838628127774964,
                44.73462878624014
              ],
              [
                8.838634962742901,
                44.73462872959885
              ],
              [
                8.838641778324325,
                44.73462950103219
              ],
              [
                8.838648041223578,
                44.7346314121833
              ],
              [
                8.838653208448621,
                44.73463476495144
              ],
              [
                8.838661400020202,
                44.7346427073159
              ],
              [
                8.838902009185096,
                44.734885136862935
              ],
              [
                8.838904629413594,
                44.73489169760652
              ],
              [
                8.83890531483281,
                44.73489594196951
              ],
              [
                8.83890503605975,
                44.73490068513213
              ],
              [
                8.838903291480134,
                44.73490560907225
              ],
              [
                8.838899569783015,
                44.734910386023735
              ],
              [
                8.838893359657373,
                44.73491468822022
              ],
              [
                8.83872121419435,
                44.73500113382439
              ],
              [
                8.838713496839658,
                44.73500454158264
              ],
              [
                8.838705240986016,
                44.73500873121751
              ],
              [
                8.838695284964158,
                44.73501451988866
              ],
              [
                8.8386845546602,
                44.735021866431715
              ],
              [
                8.838673979980907,
                44.735030713050506
              ],
              [
                8.838664486813304,
                44.73504101858123
              ],
              [
                8.838657014762026,
                44.73505273497236
              ],
              [
                8.838651810955882,
                44.73506429141774
              ],
              [
                8.838648406647161,
                44.73507428662646
              ],
              [
                8.838646544529132,
                44.735082937488414
              ],
              [
                8.838645986687608,
                44.73509048038145
              ],
              [
                8.83864650892492,
                44.73509714479525
              ],
              [
                8.838647877346702,
                44.73510315047548
              ],
              [
                8.83864985805844,
                44.735108717167776
              ],
              [
                8.838652226862013,
                44.7351140743618
              ],
              [
                8.838653672830764,
                44.73511676774185
              ],
              [
                8.83863592325526,
                44.73512568091284
              ],
              [
                8.838776163389873,
                44.73526356898317
              ],
              [
                8.838872801628918,
                44.73546871198199
              ],
              [
                8.838929546098647,
                44.73552573373174
              ],
              [
                8.838932975321066,
                44.735524011704044
              ],
              [
                8.838985986704692,
                44.73557728199594
              ],
              [
                8.838986270522119,
                44.73557860079872
              ],
              [
                8.838978040384006,
                44.73558273366885
              ],
              [
                8.839002601936937,
                44.735607415141914
              ],
              [
                8.839018143183399,
                44.73559961090165
              ],
              [
                8.839417162322558,
                44.736000574427536
              ],
              [
                8.839365956945462,
                44.73602628795081
              ],
              [
                8.83937193984782,
                44.7360322999598
              ],
              [
                8.839373284109644,
                44.736031624919775
              ],
              [
                8.839423319453344,
                44.73608248815279
              ],
              [
                8.839480426938849,
                44.73605381078218
              ],
              [
                8.839430003699848,
                44.73600314234882
              ],
              [
                8.839430470075932,
                44.73600290815102
              ],
              [
                8.839055692423088,
                44.7356263045823
              ],
              [
                8.839113070182664,
                44.735597491538186
              ],
              [
                8.839081614277639,
                44.735565882132676
              ],
              [
                8.839083383540647,
                44.735566440385206
              ],
              [
                8.839085154459838,
                44.73556704164586
              ],
              [
                8.839086884228422,
                44.73556766357087
              ],
              [
                8.839088615653194,
                44.735568328503994
              ],
              [
                8.839090315624002,
                44.73556902384545
              ],
              [
                8.839091993837483,
                44.73556975933917
              ],
              [
                8.839093650293641,
                44.73557053498521
              ],
              [
                8.839095284992482,
                44.73557135078351
              ],
              [
                8.839101465025628,
                44.73557510101305
              ],
              [
                8.839107619295119,
                44.73557975558968
              ],
              [
                8.839113516497557,
                44.735584875361646
              ],
              [
                8.83911890759215,
                44.73559004469752
              ],
              [
                8.83912353786145,
                44.73559482158977
              ],
              [
                8.839127162284456,
                44.735598773774974
              ],
              [
                8.839130347286758,
                44.73560244977059
              ],
              [
                8.839476364645424,
                44.73595015260918
              ],
              [
                8.839426750504066,
                44.735975067131186
              ],
              [
                8.839460039510628,
                44.73600851804457
              ],
              [
                8.839509653666342,
                44.735983603508146
              ],
              [
                8.839515471733957,
                44.73598944986294
              ],
              [
                8.83951707927798,
                44.73599137529949
              ],
              [
                8.839520791527226,
                44.73599675934034
              ],
              [
                8.839524984411845,
                44.73600494159354
              ],
              [
                8.839527970953192,
                44.736015322484306
              ],
              [
                8.839528136775986,
                44.736027251364966
              ],
              [
                8.839523818312085,
                44.73604013151648
              ],
              [
                8.839513354355267,
                44.73605330657891
              ],
              [
                8.839495122485165,
                44.73606615916652
              ],
              [
                8.839468268727622,
                44.736080477147375
              ],
              [
                8.83927427915203,
                44.73617705862416
              ],
              [
                8.839273178238063,
                44.73617727535515
              ],
              [
                8.839270204704215,
                44.7361777602324
              ],
              [
                8.839265764384011,
                44.736178280235215
              ],
              [
                8.839260308282292,
                44.736178565046316
              ],
              [
                8.83925428906031,
                44.73617838735664
              ],
              [
                8.83924812059238,
                44.7361774808814
              ],
              [
                8.839242245843206,
                44.73617560856773
              ],
              [
                8.839237098080753,
                44.736172523618926
              ],
              [
                8.839232952608917,
                44.736169081491695
              ],
              [
                8.839229668252218,
                44.7361662152627
              ],
              [
                8.839227146386552,
                44.73616378448441
              ],
              [
                8.83922528838789,
                44.736161648709256
              ],
              [
                8.83922399161202,
                44.73615968412171
              ],
              [
                8.83922315743501,
                44.73615775027419
              ],
              [
                8.839222677536197,
                44.73615569697509
              ],
              [
                8.839222449271452,
                44.73615340040891
              ],
              [
                8.839222283207517,
                44.73615114567432
              ],
              [
                8.839221910892048,
                44.73614765008914
              ],
              [
                8.83922183282149,
                44.73614622796476
              ],
              [
                8.839221888849266,
                44.73614489924751
              ],
              [
                8.839222132187109,
                44.7361435933767
              ],
              [
                8.839222624087233,
                44.73614220652742
              ],
              [
                8.839223417761357,
                44.73614066813893
              ],
              [
                8.839224075454844,
                44.73613959259327
              ],
              [
                8.839224789672574,
                44.73613853250316
              ],
              [
                8.839225546697548,
                44.736137494756775
              ],
              [
                8.839226301358522,
                44.736136516650596
              ],
              [
                8.83922705767574,
                44.736135581552546
              ],
              [
                8.839227770477963,
                44.73613472675917
              ],
              [
                8.83922904780021,
                44.73613328160668
              ],
              [
                8.839231763765856,
                44.73613191775365
              ],
              [
                8.839230359889177,
                44.736131892062055
              ],
              [
                8.839080844416431,
                44.736206972762425
              ],
              [
                8.839083008635624,
                44.73620604672668
              ],
              [
                8.839115870919098,
                44.73623906900576
              ],
              [
                8.837987196003523,
                44.73681240800562
              ],
              [
                8.837954780084656,
                44.73677983362946
              ],
              [
                8.837956083703046,
                44.73677882831677
              ],
              [
                8.837791997087246,
                44.7368612223843
              ],
              [
                8.837778412426676,
                44.73686756150044
              ],
              [
                8.837812949741888,
                44.73690088269656
              ],
              [
                8.836637362100072,
                44.73749944662323
              ],
              [
                8.83662587152966,
                44.73749383272484
              ],
              [
                8.836614479328217,
                44.73748895853328
              ],
              [
                8.836608250492496,
                44.73748660626993
              ],
              [
                8.83660199208488,
                44.73748457572697
              ],
              [
                8.836581228544183,
                44.73747853261999
              ],
              [
                8.836573901358364,
                44.737476585724586
              ],
              [
                8.836566676101349,
                44.737474865295006
              ],
              [
                8.836559813637518,
                44.73747348876741
              ],
              [
                8.836553486849942,
                44.73747258852886
              ],
              [
                8.83654237313964,
                44.73747204606163
              ],
              [
                8.836536276702335,
                44.73747143932253
              ],
              [
                8.836529992722562,
                44.73747056142739
              ],
              [
                8.836523955660462,
                44.73746955955109
              ],
              [
                8.836510263847105,
                44.73746681909091
              ],
              [
                8.836386593169637,
                44.73734528975493
              ],
              [
                8.836441463642014,
                44.73731773851703
              ],
              [
                8.836517888246794,
                44.73727740642372
              ],
              [
                8.836484682338808,
                44.737241969897795
              ],
              [
                8.836674121463657,
                44.737146352365784
              ],
              [
                8.83670911098808,
                44.737179446595846
              ],
              [
                8.836716596977237,
                44.737175950769235
              ],
              [
                8.83672521184685,
                44.73717102594369
              ],
              [
                8.836728927668155,
                44.73716826876596
              ],
              [
                8.836731514881556,
                44.73716549376549
              ],
              [
                8.836732398062681,
                44.73716288758358
              ],
              [
                8.83673223565366,
                44.7371601196036
              ],
              [
                8.836731317946166,
                44.73715334698358
              ],
              [
                8.836730242411244,
                44.7371496200444
              ],
              [
                8.8367285557448,
                44.73714587848122
              ],
              [
                8.836726044141844,
                44.73714225887579
              ],
              [
                8.836722573736035,
                44.737138916122845
              ],
              [
                8.83671797755046,
                44.737135992516606
              ],
              [
                8.836712769751719,
                44.7371334052394
              ],
              [
                8.836702443538588,
                44.73712885799969
              ],
              [
                8.836697384957471,
                44.73712699951036
              ],
              [
                8.836687591779228,
                44.737124435019425
              ],
              [
                8.836682893601225,
                44.7371238276347
              ],
              [
                8.836664850553507,
                44.737123681232156
              ],
              [
                8.836660968995007,
                44.737124431974394
              ],
              [
                8.836656029048962,
                44.737126021025134
              ],
              [
                8.836649615167767,
                44.737128671651384
              ],
              [
                8.83664127632629,
                44.73713265415968
              ],
              [
                8.836479473368321,
                44.73721535953222
              ],
              [
                8.836473032772034,
                44.73721707371285
              ],
              [
                8.836468158117887,
                44.73721769473702
              ],
              [
                8.836461989786121,
                44.73721788397971
              ],
              [
                8.836454568700663,
                44.73721737247239
              ],
              [
                8.836445955178583,
                44.737215910734804
              ],
              [
                8.836436194165397,
                44.73721321316642
              ],
              [
                8.836417695743156,
                44.73720777167501
              ],
              [
                8.835585481344763,
                44.73698814877339
              ],
              [
                8.835572390567563,
                44.73686284102538
              ],
              [
                8.835568795995087,
                44.73686135800127
              ],
              [
                8.835565084539818,
                44.7368609565622
              ],
              [
                8.835560825505897,
                44.736862072155766
              ],
              [
                8.83555917055821,
                44.736864729718945
              ],
              [
                8.835558413977727,
                44.73686990260791
              ],
              [
                8.835558382210094,
                44.7368767135195
              ],
              [
                8.835558808045517,
                44.73688427372434
              ],
              [
                8.835571113536025,
                44.73699024845081
              ],
              [
                8.835572214588478,
                44.73699282274936
              ],
              [
                8.835575685144205,
                44.73699641384204
              ],
              [
                8.835578805508042,
                44.73699841261689
              ],
              [
                8.835583076236405,
                44.73700038907396
              ],
              [
                8.835588703093983,
                44.73700223989748
              ],
              [
                8.836284490618944,
                44.73718515176025
              ],
              [
                8.836396969501052,
                44.737298184399506
              ],
              [
                8.836377078959897,
                44.737308171718546
              ],
              [
                8.836387425098057,
                44.73731856876878
              ],
              [
                8.836357040565744,
                44.73733382525569
              ],
              [
                8.836221582803116,
                44.73719774182633
              ],
              [
                8.83621724444976,
                44.737194250362485
              ],
              [
                8.836212465964532,
                44.737190585346156
              ],
              [
                8.83620653808249,
                44.7371862407471
              ],
              [
                8.836199889100694,
                44.73718168831836
              ],
              [
                8.836192947315888,
                44.73717739981301
              ],
              [
                8.836186162784461,
                44.737173806832516
              ],
              [
                8.836179946063687,
                44.73717140464991
              ],
              [
                8.835530247418697,
                44.73700224828891
              ],
              [
                8.835522260042532,
                44.73699949305994
              ],
              [
                8.835513658494747,
                44.73699603792546
              ],
              [
                8.835503194059909,
                44.73699116549327
              ],
              [
                8.835491808031579,
                44.73698487074518
              ],
              [
                8.835480385179,
                44.73697713320593
              ],
              [
                8.83546986679509,
                44.73696794785802
              ],
              [
                8.83546117477956,
                44.736957290195726
              ],
              [
                8.83544261636539,
                44.73692821970563
              ],
              [
                8.835426726338452,
                44.736957402260295
              ],
              [
                8.835420171916224,
                44.736955549558246
              ],
              [
                8.83543872081409,
                44.7369221175902
              ],
              [
                8.835423959912061,
                44.73689899564388
              ],
              [
                8.835410682319251,
                44.73690292985888
              ],
              [
                8.835407587381452,
                44.73689868256005
              ],
              [
                8.8354209644142,
                44.736894752631535
              ],
              [
                8.835420229058622,
                44.73689375255504
              ],
              [
                8.835412943732514,
                44.73688440515999
              ],
              [
                8.835408350124574,
                44.736878879172004
              ],
              [
                8.835403474836628,
                44.736873421553184
              ],
              [
                8.83539858793427,
                44.73686851043981
              ],
              [
                8.835393967525638,
                44.736864590704336
              ],
              [
                8.83538935985499,
                44.73686136598746
              ],
              [
                8.835384401915878,
                44.73685824407812
              ],
              [
                8.835373784072248,
                44.736852411170894
              ],
              [
                8.835368336545827,
                44.73684976889046
              ],
              [
                8.835362920700842,
                44.736847344507325
              ],
              [
                8.835357612453597,
                44.73684517296752
              ],
              [
                8.83535253454808,
                44.73684329493027
              ],
              [
                8.834904661938516,
                44.73672465581141
              ],
              [
                8.834889937359069,
                44.73672135249382
              ],
              [
                8.83488384531077,
                44.73672012977673
              ],
              [
                8.834877814745559,
                44.73671905154163
              ],
              [
                8.834872424617771,
                44.736718265477904
              ],
              [
                8.834858210753744,
                44.736717336019595
              ],
              [
                8.834851179959879,
                44.73671715454102
              ],
              [
                8.834842841029328,
                44.73671749836145
              ],
              [
                8.834833205532977,
                44.736718668538
              ],
              [
                8.834822374674957,
                44.73672099418655
              ],
              [
                8.834810356003937,
                44.73672479299607
              ],
              [
                8.83479721761337,
                44.736730381481365
              ],
              [
                8.834646908411843,
                44.73680621657572
              ],
              [
                8.834640141392953,
                44.736808532925316
              ],
              [
                8.834633108336192,
                44.73681035450444
              ],
              [
                8.834624885691467,
                44.736811662804094
              ],
              [
                8.834616419759772,
                44.7368117342751
              ],
              [
                8.834608652820958,
                44.73680986200051
              ],
              [
                8.834602544894373,
                44.736805315544096
              ],
              [
                8.83459902856361,
                44.73679737824498
              ],
              [
                8.834597363956087,
                44.73678741525293
              ],
              [
                8.834596126471766,
                44.7367775300586
              ],
              [
                8.834595264766277,
                44.736768084533686
              ],
              [
                8.834594701712728,
                44.736759497333274
              ],
              [
                8.834594226684091,
                44.73674640906354
              ],
              [
                8.834594195545174,
                44.736741354092516
              ],
              [
                8.834592287424606,
                44.7367262674104
              ],
              [
                8.834589354765463,
                44.73670744285055
              ],
              [
                8.834587567365864,
                44.736698286761346
              ],
              [
                8.834585658549244,
                44.73669057984146
              ],
              [
                8.834583650960134,
                44.736685275159
              ],
              [
                8.83458111686687,
                44.73668070243841
              ],
              [
                8.8345776120099,
                44.73667476132213
              ],
              [
                8.834573178700548,
                44.73666782510871
              ],
              [
                8.83456786729335,
                44.736660233832865
              ],
              [
                8.834561714425089,
                44.73665233441689
              ],
              [
                8.834554789842198,
                44.73664448638413
              ],
              [
                8.834547126159505,
                44.73663705328881
              ],
              [
                8.834538777752536,
                44.73663035853369
              ],
              [
                8.834530623214487,
                44.73662470622789
              ],
              [
                8.834523373715761,
                44.736620046162194
              ],
              [
                8.834516887836747,
                44.73661621553961
              ],
              [
                8.834510959591286,
                44.73661306936911
              ],
              [
                8.834505466952185,
                44.736610464342334
              ],
              [
                8.83450021765122,
                44.736608248580545
              ],
              [
                8.83449503313794,
                44.736606263317455
              ],
              [
                8.834484024119494,
                44.736602497226485
              ],
              [
                8.834477728971253,
                44.736600718903226
              ],
              [
                8.834465174595408,
                44.736597611826426
              ],
              [
                8.83445129720882,
                44.73659464296935
              ],
              [
                8.83444666371927,
                44.73659317012398
              ],
              [
                8.83444183515259,
                44.7365911084299
              ],
              [
                8.834436233052896,
                44.73658795924225
              ],
              [
                8.834430481326953,
                44.73658358465302
              ],
              [
                8.834425231316793,
                44.73657783297916
              ],
              [
                8.834421171495562,
                44.73657054850695
              ],
              [
                8.834418916073236,
                44.73656158358434
              ],
              [
                8.834344285686125,
                44.73578987873492
              ],
              [
                8.834347767731634,
                44.73578564624525
              ],
              [
                8.834350323760756,
                44.735783150010484
              ],
              [
                8.834353456144408,
                44.73578061280291
              ],
              [
                8.834361236332876,
                44.73577664791441
              ],
              [
                8.83436576679454,
                44.735775805207524
              ],
              [
                8.834378625365108,
                44.735775310876505
              ],
              [
                8.83441420217977,
                44.73577486601924
              ],
              [
                8.834415958402863,
                44.73577532858307
              ],
              [
                8.834419918953012,
                44.73577724156899
              ],
              [
                8.834424189881037,
                44.73578140980509
              ],
              [
                8.834425845177732,
                44.73578458255112
              ],
              [
                8.834426848149944,
                44.73578860888662
              ],
              [
                8.834501325389196,
                44.73656842810624
              ],
              [
                8.834501317070979,
                44.73656906062822
              ],
              [
                8.834502179304918,
                44.736573669080585
              ],
              [
                8.834503569475762,
                44.736577340274685
              ],
              [
                8.834506012988502,
                44.73658173928143
              ],
              [
                8.834509741391058,
                44.73658670600365
              ],
              [
                8.834515070190255,
                44.73659208202683
              ],
              [
                8.834522260022371,
                44.73659773648669
              ],
              [
                8.834532738133897,
                44.73660454555182
              ],
              [
                8.834546755191825,
                44.73661296787096
              ],
              [
                8.834579266467765,
                44.736631583036406
              ],
              [
                8.834619849892382,
                44.73665394838728
              ],
              [
                8.834623685176455,
                44.736655632041426
              ],
              [
                8.834633766423549,
                44.73665914793712
              ],
              [
                8.834640497463823,
                44.736660868137186
              ],
              [
                8.834647981323457,
                44.73666216651076
              ],
              [
                8.834655983643662,
                44.736662766185454
              ],
              [
                8.834664217563489,
                44.73666235819915
              ],
              [
                8.834673125080451,
                44.7366614074231
              ],
              [
                8.83468290860171,
                44.736660572089754
              ],
              [
                8.83470252599815,
                44.736659241455314
              ],
              [
                8.834724295805255,
                44.73665813062781
              ],
              [
                8.834637101198153,
                44.735778022695214
              ],
              [
                8.834607494460396,
                44.73567452550246
              ],
              [
                8.834545341422746,
                44.73550042450946
              ],
              [
                8.834535372883842,
                44.73550177659496
              ],
              [
                8.834482004342453,
                44.73535614355067
              ],
              [
                8.834402639139624,
                44.735298088333174
              ],
              [
                8.834346219020436,
                44.73498399857068
              ],
              [
                8.83436119330976,
                44.73497355733347
              ],
              [
                8.834352769138075,
                44.734968522744154
              ],
              [
                8.83434143222536,
                44.734960581477516
              ],
              [
                8.834339829272787,
                44.734882477944495
              ],
              [
                8.834463893044303,
                44.73479011147483
              ],
              [
                8.834475476293264,
                44.73478093448426
              ],
              [
                8.83448679042695,
                44.734771425010585
              ],
              [
                8.834497760248258,
                44.734761445458965
              ],
              [
                8.834508328298792,
                44.73475083471505
              ],
              [
                8.834518429077097,
                44.73473946492839
              ],
              [
                8.834528372625673,
                44.734727399613305
              ],
              [
                8.834547903832423,
                44.73470249784644
              ],
              [
                8.834556933327063,
                44.73469017545874
              ],
              [
                8.8345650986337,
                44.734678286988384
              ],
              [
                8.834572106954308,
                44.73466709635519
              ],
              [
                8.834577688904078,
                44.73465687033582
              ],
              [
                8.83458155570692,
                44.73464785621817
              ],
              [
                8.834596966419502,
                44.73460365961145
              ],
              [
                8.834599597290271,
                44.73459462311013
              ],
              [
                8.834601821382101,
                44.73458567395625
              ],
              [
                8.834603530610538,
                44.73457691025879
              ],
              [
                8.83460454813715,
                44.734567368696744
              ],
              [
                8.834604855781588,
                44.7345565761799
              ],
              [
                8.834604664923198,
                44.73454530333364
              ],
              [
                8.834604112681111,
                44.73453432884507
              ],
              [
                8.834602646107468,
                44.73451641943095
              ],
              [
                8.8346018557253,
                44.73450907156384
              ],
              [
                8.834663971413335,
                44.73450637709383
              ],
              [
                8.834665781518062,
                44.73450302788989
              ],
              [
                8.834710480683908,
                44.734477661173564
              ],
              [
                8.834836315828797,
                44.734578636501105
              ],
              [
                8.8348420788335,
                44.73458136869645
              ],
              [
                8.83484623234294,
                44.734582483334464
              ],
              [
                8.834851311291564,
                44.73458306022955
              ],
              [
                8.834857185390899,
                44.7345827410325
              ],
              [
                8.834863746112193,
                44.73458112724257
              ],
              [
                8.834870853470752,
                44.734577850766264
              ],
              [
                8.835149832572736,
                44.734412197367334
              ],
              [
                8.835137712850017,
                44.73440001699944
              ],
              [
                8.835529323735257,
                44.73416976941157
              ],
              [
                8.835493702313332,
                44.734063680897656
              ],
              [
                8.835478375859964,
                44.734068951047995
              ],
              [
                8.835455720412567,
                44.73405548525741
              ],
              [
                8.83543808023055,
                44.73400881426525
              ],
              [
                8.835400313731535,
                44.73397809443543
              ],
              [
                8.835445899074958,
                44.73395155144977
              ],
              [
                8.83544921812305,
                44.73394938801809
              ],
              [
                8.83545803596573,
                44.73394526717557
              ],
              [
                8.835463966108925,
                44.733943619232015
              ],
              [
                8.835470628393677,
                44.73394283113273
              ],
              [
                8.835477816576796,
                44.73394335714629
              ],
              [
                8.835485287285763,
                44.73394565557245
              ],
              [
                8.835491968313068,
                44.733948628165805
              ],
              [
                8.835497104593175,
                44.73395106127224
              ],
              [
                8.835500952236725,
                44.73395319161092
              ],
              [
                8.835506024814007,
                44.73395748330609
              ],
              [
                8.835509461017033,
                44.7339634588325
              ],
              [
                8.835511300501219,
                44.73396766426686
              ],
              [
                8.83551371338543,
                44.73397393444207
              ],
              [
                8.83553137592355,
                44.73402918655772
              ],
              [
                8.835594576693932,
                44.734013028712596
              ],
              [
                8.83556461705634,
                44.73393431655158
              ],
              [
                8.835674585179955,
                44.733914179782644
              ],
              [
                8.83568751211721,
                44.73391180833616
              ],
              [
                8.835684105019116,
                44.73390013851891
              ],
              [
                8.835749561608093,
                44.733887260849734
              ],
              [
                8.835719553222924,
                44.733800375331015
              ],
              [
                8.835717582067641,
                44.7337987659112
              ],
              [
                8.83571402265022,
                44.73379952073836
              ],
              [
                8.835684774176984,
                44.73377588584176
              ],
              [
                8.835628535349674,
                44.733729460050476
              ],
              [
                8.835630952231918,
                44.73372803390184
              ],
              [
                8.835620746949308,
                44.73371970143602
              ],
              [
                8.835704582274161,
                44.73367003526723
              ],
              [
                8.83572322610349,
                44.73365909242232
              ],
              [
                8.835661090593304,
                44.73348586283191
              ],
              [
                8.835081018043478,
                44.73383393542781
              ],
              [
                8.83507309827403,
                44.73383583714599
              ],
              [
                8.83505706459725,
                44.7338391973898
              ],
              [
                8.835048940994358,
                44.733840646171075
              ],
              [
                8.83505483119485,
                44.733838565310045
              ],
              [
                8.835060855035241,
                44.733836081250935
              ],
              [
                8.835083791247145,
                44.733823512242324
              ],
              [
                8.835420460541345,
                44.73362140630247
              ],
              [
                8.835509380060225,
                44.733509537842124
              ],
              [
                8.835639372407186,
                44.73343160921912
              ],
              [
                8.835616355204246,
                44.733361143599716
              ],
              [
                8.835609330002715,
                44.733341557814065
              ],
              [
                8.835602859411736,
                44.7333427648596
              ],
              [
                8.835447722026515,
                44.73337029177212
              ],
              [
                8.835413325711608,
                44.73344769182833
              ],
              [
                8.835410541299213,
                44.73345188102327
              ],
              [
                8.835407106521426,
                44.73345636756329
              ],
              [
                8.835402378565261,
                44.73346176648277
              ],
              [
                8.83539638606831,
                44.73346761040458
              ],
              [
                8.835389183448603,
                44.733473375168025
              ],
              [
                8.8353807799528,
                44.73347857390732
              ],
              [
                8.83537124939087,
                44.733482701950244
              ],
              [
                8.835361191997032,
                44.73348537022209
              ],
              [
                8.835351382037516,
                44.733486715998495
              ],
              [
                8.835342190315865,
                44.73348704992192
              ],
              [
                8.83533391172343,
                44.73348664768891
              ],
              [
                8.835326903346436,
                44.7334858268298
              ],
              [
                8.83532149318392,
                44.733484875642105
              ],
              [
                8.835316761759692,
                44.73348375899071
              ],
              [
                8.835284593458942,
                44.73352688695162
              ],
              [
                8.835287827829376,
                44.73352931061084
              ],
              [
                8.83529519299794,
                44.733536381943736
              ],
              [
                8.835299349310228,
                44.733541572091966
              ],
              [
                8.835303232896864,
                44.73354779056478
              ],
              [
                8.835306390877761,
                44.73355501635067
              ],
              [
                8.835308397806257,
                44.7335632146628
              ],
              [
                8.835309087244884,
                44.733571329277225
              ],
              [
                8.835308614142278,
                44.733578420234565
              ],
              [
                8.835307096499335,
                44.73358464747434
              ],
              [
                8.835304599817546,
                44.73359013884664
              ],
              [
                8.83530122838117,
                44.73359506117865
              ],
              [
                8.835297079146768,
                44.7335995119131
              ],
              [
                8.835292228964954,
                44.7336036716525
              ],
              [
                8.83528680387934,
                44.733607667072455
              ],
              [
                8.835261325490253,
                44.73362526817824
              ],
              [
                8.835255293694965,
                44.73362990787603
              ],
              [
                8.835257771440423,
                44.73363089593879
              ],
              [
                8.835190934488109,
                44.73371891861494
              ],
              [
                8.835186965461755,
                44.733717363897874
              ],
              [
                8.835181643806447,
                44.733720558895534
              ],
              [
                8.83517179694206,
                44.73372579554948
              ],
              [
                8.83515812310174,
                44.73373210629652
              ],
              [
                8.835140692789542,
                44.73373890044706
              ],
              [
                8.835119553097398,
                44.73374558445454
              ],
              [
                8.835094807638939,
                44.733751580229644
              ],
              [
                8.835066480095595,
                44.73375629136858
              ],
              [
                8.835036501519415,
                44.73375806143628
              ],
              [
                8.835007200218415,
                44.73375623277423
              ],
              [
                8.834979347112736,
                44.733751704207904
              ],
              [
                8.8349536565994,
                44.733745359105825
              ],
              [
                8.834930872160031,
                44.73373811006997
              ],
              [
                8.834911717882877,
                44.733730850214144
              ],
              [
                8.834896931571482,
                44.73372446576466
              ],
              [
                8.83488728011529,
                44.7337198721807
              ],
              [
                8.83488122610356,
                44.73371659935326
              ],
              [
                8.83487645741495,
                44.73371354328366
              ],
              [
                8.834872607490917,
                44.73371062500115
              ],
              [
                8.834865811038087,
                44.733704890102466
              ],
              [
                8.834862043416821,
                44.733701930493844
              ],
              [
                8.834857453050677,
                44.73369878488435
              ],
              [
                8.834851618513909,
                44.733695401853375
              ],
              [
                8.8348356344284,
                44.73368828907825
              ],
              [
                8.834383979581183,
                44.73350863772217
              ],
              [
                8.834377455386031,
                44.73350671154521
              ],
              [
                8.834369751645891,
                44.73350368257239
              ],
              [
                8.834366318391366,
                44.73350178253846
              ],
              [
                8.83436377293755,
                44.73349969974959
              ],
              [
                8.83436257785928,
                44.73349746496549
              ],
              [
                8.834362216210046,
                44.733494724023544
              ],
              [
                8.834362073592148,
                44.73349137627081
              ],
              [
                8.834362551542203,
                44.733487804594105
              ],
              [
                8.834363996728925,
                44.733484419430546
              ],
              [
                8.834366806667342,
                44.73348162029886
              ],
              [
                8.834371341743148,
                44.733479810748456
              ],
              [
                8.834377976059217,
                44.73347938744107
              ],
              [
                8.834387103109846,
                44.73348076652693
              ],
              [
                8.834405614306025,
                44.733486698068376
              ],
              [
                8.834437022183481,
                44.733498355492735
              ],
              [
                8.834631014253993,
                44.73357602234716
              ],
              [
                8.834667543073706,
                44.733532108125814
              ],
              [
                8.834434167646375,
                44.733438137935686
              ],
              [
                8.834399203263045,
                44.73342573833362
              ],
              [
                8.834390096272038,
                44.73342512365211
              ],
              [
                8.834377545946955,
                44.7334248935761
              ],
              [
                8.834370616034889,
                44.73342514383294
              ],
              [
                8.834363849513359,
                44.733425765040174
              ],
              [
                8.834357651719944,
                44.73342687514788
              ],
              [
                8.834345147056565,
                44.73342989537747
              ],
              [
                8.83433151831905,
                44.733433377737285
              ],
              [
                8.834324670593498,
                44.73343528179204
              ],
              [
                8.834311703514764,
                44.73343936712608
              ],
              [
                8.834300104986275,
                44.73344377355454
              ],
              [
                8.834293872591545,
                44.73344592391734
              ],
              [
                8.834287349332152,
                44.7334477819488
              ],
              [
                8.834280700528035,
                44.73344916234986
              ],
              [
                8.834274118933145,
                44.73344986604642
              ],
              [
                8.834267746455197,
                44.73344970488274
              ],
              [
                8.83426176615284,
                44.733448470040365
              ],
              [
                8.834256319933896,
                44.73344597336363
              ],
              [
                8.834250882532942,
                44.7334424932114
              ],
              [
                8.834245116919872,
                44.73343847645366
              ],
              [
                8.834239499386205,
                44.733433946962904
              ],
              [
                8.83423449250634,
                44.73342893549937
              ],
              [
                8.834230587940873,
                44.7334235020564
              ],
              [
                8.834228299110078,
                44.73341766647603
              ],
              [
                8.834228065175264,
                44.73341145666173
              ]
            ],
            [
              [
                8.835754589208266,
                44.733429758977955
              ],
              [
                8.835816095277966,
                44.73361566465861
              ],
              [
                8.835816095278204,
                44.73361566465884
              ],
              [
                8.8357545892084,
                44.73342975897788
              ],
              [
                8.835754589208266,
                44.733429758977955
              ]
            ]
          ],
          [
            [
              [
                8.836571450202541,
                44.73441536645867
              ],
              [
                8.83660408898048,
                44.73437781761102
              ],
              [
                8.836609915440723,
                44.73438013794886
              ],
              [
                8.836582575048652,
                44.73441112460217
              ],
              [
                8.836679769782677,
                44.73439288930916
              ],
              [
                8.836681513095057,
                44.73439774219777
              ],
              [
                8.836584300156616,
                44.734415504402314
              ],
              [
                8.836627109743057,
                44.73443409124441
              ],
              [
                8.836624090529398,
                44.73443835455385
              ],
              [
                8.836571450202541,
                44.73441536645867
              ]
            ]
          ],
          [
            [
              [
                8.836626570458147,
                44.73429878304997
              ],
              [
                8.83665349814593,
                44.73429208573926
              ],
              [
                8.836699087734095,
                44.7342896513492
              ],
              [
                8.836705220989487,
                44.73428940648509
              ],
              [
                8.836720463302868,
                44.734289219867726
              ],
              [
                8.836746845207948,
                44.734289416264566
              ],
              [
                8.836747009572182,
                44.73433609523328
              ],
              [
                8.836747285751208,
                44.734337943915406
              ],
              [
                8.836747977939014,
                44.734339218376796
              ],
              [
                8.836748917512349,
                44.73434001790364
              ],
              [
                8.836749982673762,
                44.73434044749476
              ],
              [
                8.836751055646626,
                44.734340595516954
              ],
              [
                8.836751987199756,
                44.734340580744785
              ],
              [
                8.836752632122796,
                44.73434050532072
              ],
              [
                8.83675288635601,
                44.73434045072376
              ],
              [
                8.836767518365031,
                44.734384614066656
              ],
              [
                8.836731626957219,
                44.73438437051202
              ],
              [
                8.836731229879776,
                44.73438446761124
              ],
              [
                8.836730154769809,
                44.73438462753392
              ],
              [
                8.836728600050964,
                44.734384677578
              ],
              [
                8.836726727017114,
                44.73438444907293
              ],
              [
                8.836724734091955,
                44.73438376931668
              ],
              [
                8.836722763177331,
                44.73438245015038
              ],
              [
                8.836721036109891,
                44.73438032172834
              ],
              [
                8.836719690770623,
                44.73437721252374
              ],
              [
                8.836694417257577,
                44.73430563049651
              ],
              [
                8.83663406875891,
                44.73431597280676
              ],
              [
                8.836626570458147,
                44.73429878304997
              ]
            ]
          ],
          [
            [
              [
                8.8367454391583,
                44.734451566393375
              ],
              [
                8.836745506843451,
                44.734449691171555
              ],
              [
                8.836746266739155,
                44.73444824284808
              ],
              [
                8.836747470998983,
                44.734447199747756
              ],
              [
                8.836748864446953,
                44.734446470810944
              ],
              [
                8.83675017984459,
                44.73444601487408
              ],
              [
                8.836751149953413,
                44.73444579077364
              ],
              [
                8.836751538989567,
                44.73444572693838
              ],
              [
                8.836770721400514,
                44.73444364951769
              ],
              [
                8.836815763001532,
                44.73456472155515
              ],
              [
                8.83683712361389,
                44.73463065516061
              ],
              [
                8.836840487960284,
                44.73464251201121
              ],
              [
                8.836842383754112,
                44.73465072239117
              ],
              [
                8.836842689868254,
                44.73465698377718
              ],
              [
                8.836841724328409,
                44.73466386910221
              ],
              [
                8.83683961129844,
                44.73467121372716
              ],
              [
                8.83683647092141,
                44.73467886964487
              ],
              [
                8.836832417665152,
                44.73468666247199
              ],
              [
                8.83682757167287,
                44.73469444420135
              ],
              [
                8.836822066804823,
                44.734702059937945
              ],
              [
                8.83681601752919,
                44.734709335298426
              ],
              [
                8.836809788297781,
                44.73471580962953
              ],
              [
                8.836803799373047,
                44.73472114038316
              ],
              [
                8.836798227651817,
                44.734725443313955
              ],
              [
                8.836793252397317,
                44.73472877453639
              ],
              [
                8.83678906824411,
                44.734731226285305
              ],
              [
                8.836785850434483,
                44.73473287130719
              ],
              [
                8.836783793602864,
                44.73473380183692
              ],
              [
                8.836782645168883,
                44.73473411547972
              ],
              [
                8.83676760764491,
                44.73469237688631
              ],
              [
                8.836801190480726,
                44.73468651710751
              ],
              [
                8.836783785663485,
                44.734633882304166
              ],
              [
                8.836809849050985,
                44.734629065712646
              ],
              [
                8.836747490155103,
                44.734456542429335
              ],
              [
                8.836746346293562,
                44.73445394579745
              ],
              [
                8.8367454391583,
                44.734451566393375
              ]
            ]
          ],
          [
            [
              [
                8.836943664555392,
                44.734964999757906
              ],
              [
                8.83694963710418,
                44.73496287747223
              ],
              [
                8.83697044223483,
                44.734996313178705
              ],
              [
                8.837003610276456,
                44.734928907156416
              ],
              [
                8.837010265270964,
                44.73493059227236
              ],
              [
                8.836976528701463,
                44.7349977577136
              ],
              [
                8.837022175136129,
                44.73498297615952
              ],
              [
                8.837025458107034,
                44.734987143616415
              ],
              [
                8.83696916377455,
                44.735005240716724
              ],
              [
                8.836943664555392,
                44.734964999757906
              ]
            ]
          ],
          [
            [
              [
                8.837221707102266,
                44.73188205507614
              ],
              [
                8.837221762925132,
                44.73188132561801
              ],
              [
                8.83722202543488,
                44.73188063849784
              ],
              [
                8.83722245348281,
                44.7318800143793
              ],
              [
                8.837223033352695,
                44.731879460150324
              ],
              [
                8.837223751328304,
                44.73187898269881
              ],
              [
                8.83722458565236,
                44.731878622176716
              ],
              [
                8.837225526629162,
                44.73187836883991
              ],
              [
                8.837226542805736,
                44.73187825309622
              ],
              [
                8.837270734489202,
                44.73187635875668
              ],
              [
                8.837314926169773,
                44.73187446440007
              ],
              [
                8.837315980417936,
                44.73187449028042
              ],
              [
                8.837316975069697,
                44.73187466299279
              ],
              [
                8.837317877017407,
                44.73187496993693
              ],
              [
                8.837318690281567,
                44.73187539448077
              ],
              [
                8.837319358342585,
                44.73187592116785
              ],
              [
                8.837319875525235,
                44.73187652362202
              ],
              [
                8.837320228113303,
                44.73187720873122
              ],
              [
                8.837320373303399,
                44.731877954150995
              ],
              [
                8.837333867129239,
                44.73209542968732
              ],
              [
                8.837333807287074,
                44.73209617577753
              ],
              [
                8.837333554473439,
                44.73209687264208
              ],
              [
                8.837333108688325,
                44.73209752028097
              ],
              [
                8.837332505405282,
                44.73209807165432
              ],
              [
                8.837331764015826,
                44.73209854625033
              ],
              [
                8.837330906277236,
                44.73209890391701
              ],
              [
                8.837329955601547,
                44.73209914751057
              ],
              [
                8.83732890631351,
                44.73209925065486
              ],
              [
                8.837238960880715,
                44.73210157320734
              ],
              [
                8.837237924365262,
                44.73210152380635
              ],
              [
                8.837236957142393,
                44.73210133731748
              ],
              [
                8.837236068907862,
                44.7321010234848
              ],
              [
                8.837235279053159,
                44.73210060179657
              ],
              [
                8.83723462470659,
                44.73210006822108
              ],
              [
                8.837234107522827,
                44.73209946576654
              ],
              [
                8.83723377834645,
                44.732098783513294
              ],
              [
                8.837233629136378,
                44.73209805472542
              ],
              [
                8.837221707102266,
                44.73188205507614
              ]
            ]
          ],
          [
            [
              [
                8.837425994981118,
                44.73187354591569
              ],
              [
                8.837426029988228,
                44.731873002265985
              ],
              [
                8.837426215162719,
                44.73187248549741
              ],
              [
                8.837426536788382,
                44.73187200249788
              ],
              [
                8.837426963412351,
                44.73187158367532
              ],
              [
                8.83742750473036,
                44.731871238773785
              ],
              [
                8.83742812763473,
                44.73187095519304
              ],
              [
                8.837428837800735,
                44.73187075930918
              ],
              [
                8.837429594079776,
                44.731870671786034
              ],
              [
                8.837502578248987,
                44.73186697339139
              ],
              [
                8.837575562408864,
                44.73186327495028
              ],
              [
                8.83757636480089,
                44.73186329578681
              ],
              [
                8.837577105942268,
                44.73186342044734
              ],
              [
                8.837577809244944,
                44.73186365178806
              ],
              [
                8.837578408493506,
                44.73186396460849
              ],
              [
                8.837578927099903,
                44.73186436176477
              ],
              [
                8.837579322260664,
                44.73186482091259
              ],
              [
                8.837579593975788,
                44.731865342051954
              ],
              [
                8.837579699441799,
                44.73186590283852
              ],
              [
                8.837593494097709,
                44.73210606800289
              ],
              [
                8.837593445375795,
                44.7321066185406
              ],
              [
                8.837593260202047,
                44.73210713530944
              ],
              [
                8.837592928880662,
                44.73210760856534
              ],
              [
                8.837592488539917,
                44.73210803427649
              ],
              [
                8.837591933504436,
                44.73210838606674
              ],
              [
                8.837591300902506,
                44.7321086599043
              ],
              [
                8.837590594754564,
                44.73210883915713
              ],
              [
                8.837589815060609,
                44.73210892382519
              ],
              [
                8.837446250023778,
                44.73211375448602
              ],
              [
                8.837445461344577,
                44.73211372676065
              ],
              [
                8.837444724220754,
                44.73211358546723
              ],
              [
                8.837444058043866,
                44.73211335009393
              ],
              [
                8.837443458793445,
                44.7321130372728
              ],
              [
                8.837442963597788,
                44.73211264297207
              ],
              [
                8.837442578132197,
                44.732112193567886
              ],
              [
                8.837442325808711,
                44.732111691916394
              ],
              [
                8.837442206627328,
                44.73211113801763
              ],
              [
                8.837425994981118,
                44.73187354591569
              ]
            ]
          ],
          [
            [
              [
                8.839536270409756,
                44.73591836017059
              ],
              [
                8.839585651267987,
                44.73589356270038
              ],
              [
                8.839621044522467,
                44.73592912799729
              ],
              [
                8.839742480405745,
                44.73586924262502
              ],
              [
                8.839777631321539,
                44.73590456427591
              ],
              [
                8.84005265408709,
                44.735766455293216
              ],
              [
                8.840086050443105,
                44.73574800391779
              ],
              [
                8.840118371840981,
                44.735728265665934
              ],
              [
                8.84014858126425,
                44.7357083896802
              ],
              [
                8.840175641700338,
                44.73568952510414
              ],
              [
                8.840198498403252,
                44.73567284460247
              ],
              [
                8.84021611436603,
                44.73565949731997
              ],
              [
                8.840231468005776,
                44.735647432255234
              ],
              [
                8.840245279880401,
                44.73565510963828
              ],
              [
                8.840228432309932,
                44.73566831948727
              ],
              [
                8.84020431351663,
                44.7356879280993
              ],
              [
                8.840196037171001,
                44.73569424708151
              ],
              [
                8.840175845751395,
                44.73570897537006
              ],
              [
                8.840129965269892,
                44.735740783533046
              ],
              [
                8.84011787680543,
                44.73574856384261
              ],
              [
                8.840104364614575,
                44.73575664993551
              ],
              [
                8.840076819661514,
                44.735772133658564
              ],
              [
                8.84004581400838,
                44.73578852228169
              ],
              [
                8.839733069675514,
                44.735945573822804
              ],
              [
                8.839725375668118,
                44.735948984504915
              ],
              [
                8.839717475177443,
                44.735951753594925
              ],
              [
                8.839709738802926,
                44.735953943416185
              ],
              [
                8.839702541164115,
                44.735955599659995
              ],
              [
                8.839696285970971,
                44.73595679724951
              ],
              [
                8.839691347843008,
                44.73595758187621
              ],
              [
                8.839688111096487,
                44.735958008975494
              ],
              [
                8.839686946330714,
                44.73595814087098
              ],
              [
                8.839685746797818,
                44.73595821715869
              ],
              [
                8.839682136845704,
                44.735958393269726
              ],
              [
                8.83967613089814,
                44.73595855966726
              ],
              [
                8.839667772469332,
                44.7359586360461
              ],
              [
                8.839657048549343,
                44.73595852664552
              ],
              [
                8.839643983258954,
                44.73595813167224
              ],
              [
                8.839628596698981,
                44.73595736796488
              ],
              [
                8.839610899273623,
                44.735956142618065
              ],
              [
                8.8395932633023,
                44.73595336662224
              ],
              [
                8.839578047166086,
                44.735948557115606
              ],
              [
                8.839565208785674,
                44.7359424366702
              ],
              [
                8.839554735171083,
                44.73593575708964
              ],
              [
                8.839546627048504,
                44.73592926328926
              ],
              [
                8.839540861730011,
                44.73592369732845
              ],
              [
                8.839537412507418,
                44.735919817898576
              ],
              [
                8.839536270409756,
                44.73591836017059
              ]
            ]
          ]
        ]
      }
    }
  ]
}
