{
  "type": "FeatureCollection",
  "features": [
    {
      "type": "Feature",
      "geometry": {
        "type": "Point",
        "coordinates": [
          8.835612258654033,
          44.73316821326826
        ]
      },
      "properties": {
        "id": "n_5ada264f6b29165a5e000000",
        "map": "f_5ad9fd551de18c4557000001",
        "externalId": "NODE-B9S7QHXA",
        "neighbors": [
          {
            "id": "n_5ada26516b29165a5e000001",
            "weight": 0
          },
          {
            "id": "n_5afc7b2746495d53f7000034",
            "weight": 1001
          }
        ],
        "space": [
          "s_5b3105e8c8f8a5732c000027"
        ],
        "flags": [
          1
        ]
      }
    },
    {
      "type": "Feature",
      "geometry": {
        "type": "Point",
        "coordinates": [
          8.835588532574436,
          44.7331012175401
        ]
      },
      "properties": {
        "id": "n_5ada26516b29165a5e000001",
        "map": "f_5ad9fd551de18c4557000001",
        "externalId": "NODE-6Y5T9WWW",
        "neighbors": [
          {
            "id": "n_5ada264f6b29165a5e000000",
            "weight": 0
          },
          {
            "id": "n_5ada2bab6b29165a5e0000d4",
            "weight": 0
          },
          {
            "id": "n_5afc7a7546495d53f700002e",
            "weight": 0
          }
        ],
        "space": [],
        "flags": [
          1
        ]
      }
    },
    {
      "type": "Feature",
      "geometry": {
        "type": "Point",
        "coordinates": [
          8.835217375740138,
          44.73268997477388
        ]
      },
      "properties": {
        "id": "n_5ada26576b29165a5e000003",
        "map": "f_5ad9fd551de18c4557000001",
        "externalId": "NODE-K7LX3llU",
        "neighbors": [
          {
            "id": "n_5afb49d14157f063fd000005",
            "weight": 0
          },
          {
            "id": "n_65284c3ea7645701f08010b4",
            "weight": 0
          }
        ],
        "space": [],
        "flags": [
          1
        ]
      }
    },
    {
      "type": "Feature",
      "geometry": {
        "type": "Point",
        "coordinates": [
          8.83541752242436,
          44.732862845108585
        ]
      },
      "properties": {
        "id": "n_5ada265d6b29165a5e000004",
        "map": "f_5ad9fd551de18c4557000001",
        "externalId": "NODE-owAhQ2Pr",
        "neighbors": [
          {
            "id": "n_5ada2cf86b29165a5e00011b",
            "weight": 0
          },
          {
            "id": "n_5ada2dd76b29165a5e00012a",
            "weight": 0
          },
          {
            "id": "n_65284c3ea7645701f08010b4",
            "weight": 0
          }
        ],
        "space": [],
        "flags": [
          1
        ]
      }
    },
    {
      "type": "Feature",
      "geometry": {
        "type": "Point",
        "coordinates": [
          8.835641139667139,
          44.73272409063107
        ]
      },
      "properties": {
        "id": "n_5ada265e6b29165a5e000005",
        "map": "f_5ad9fd551de18c4557000001",
        "externalId": "NODE-GJCJH74R",
        "neighbors": [
          {
            "id": "n_5ada2cec6b29165a5e000118",
            "weight": 0
          },
          {
            "id": "n_5ada2cf16b29165a5e000119",
            "weight": 0
          },
          {
            "id": "n_5ada2cf86b29165a5e00011b",
            "weight": 0
          }
        ],
        "space": [],
        "flags": [
          1
        ]
      }
    },
    {
      "type": "Feature",
      "geometry": {
        "type": "Point",
        "coordinates": [
          8.835694892914473,
          44.73258890594176
        ]
      },
      "properties": {
        "id": "n_5ada26606b29165a5e000006",
        "map": "f_5ad9fd551de18c4557000001",
        "externalId": "NODE-2CXHEE2G",
        "neighbors": [
          {
            "id": "n_5ada2cd76b29165a5e000112",
            "weight": 0
          },
          {
            "id": "n_5ada2ce06b29165a5e000115",
            "weight": 0
          }
        ],
        "space": [],
        "flags": [
          1
        ]
      }
    },
    {
      "type": "Feature",
      "geometry": {
        "type": "Point",
        "coordinates": [
          8.836170525351193,
          44.732299879440696
        ]
      },
      "properties": {
        "id": "n_5ada26626b29165a5e000007",
        "map": "f_5ad9fd551de18c4557000001",
        "externalId": "NODE-WWSVADOC",
        "neighbors": [
          {
            "id": "n_5ada2c8a6b29165a5e000102",
            "weight": 0
          },
          {
            "id": "n_5ada2c8c6b29165a5e000103",
            "weight": 0
          },
          {
            "id": "n_5ada2c976b29165a5e000106",
            "weight": 0
          }
        ],
        "space": [],
        "flags": [
          1
        ]
      }
    },
    {
      "type": "Feature",
      "geometry": {
        "type": "Point",
        "coordinates": [
          8.836444273368153,
          44.732252106996846
        ]
      },
      "properties": {
        "id": "n_5ada26646b29165a5e000008",
        "map": "f_5ad9fd551de18c4557000001",
        "externalId": "NODE-XWFRUIS9",
        "neighbors": [
          {
            "id": "n_5ada2c3c6b29165a5e0000fa",
            "weight": 0
          },
          {
            "id": "n_5afb2c774157f00649000053",
            "weight": 0
          },
          {
            "id": "n_5afb2ca24157f00649000056",
            "weight": 0
          }
        ],
        "space": [],
        "flags": [
          1
        ]
      }
    },
    {
      "type": "Feature",
      "geometry": {
        "type": "Point",
        "coordinates": [
          8.836642034525541,
          44.732553017210826
        ]
      },
      "properties": {
        "id": "n_5ada26676b29165a5e000009",
        "map": "f_5ad9fd551de18c4557000001",
        "externalId": "NODE-CPDWKCR5",
        "neighbors": [
          {
            "id": "n_5ada2c166b29165a5e0000ec",
            "weight": 0
          },
          {
            "id": "n_5afb2d594157f0064900005a",
            "weight": 0
          },
          {
            "id": "n_5afb2db14157f0064900005d",
            "weight": 0
          }
        ],
        "space": [],
        "flags": [
          1
        ]
      }
    },
    {
      "type": "Feature",
      "geometry": {
        "type": "Point",
        "coordinates": [
          8.836255892593076,
          44.73262508332635
        ]
      },
      "properties": {
        "id": "n_5ada26696b29165a5e00000a",
        "map": "f_5ad9fd551de18c4557000001",
        "externalId": "NODE-BFAAJAUC",
        "neighbors": [
          {
            "id": "n_5ada266a6b29165a5e00000b",
            "weight": 0
          },
          {
            "id": "n_5ada2bed6b29165a5e0000e7",
            "weight": 0
          }
        ],
        "space": [],
        "flags": [
          1
        ]
      }
    },
    {
      "type": "Feature",
      "geometry": {
        "type": "Point",
        "coordinates": [
          8.836247178132487,
          44.732718670471066
        ]
      },
      "properties": {
        "id": "n_5ada266a6b29165a5e00000b",
        "map": "f_5ad9fd551de18c4557000001",
        "externalId": "NODE-88BUSGVN",
        "neighbors": [
          {
            "id": "n_5ada26696b29165a5e00000a",
            "weight": 0
          },
          {
            "id": "n_5ada2bd06b29165a5e0000e0",
            "weight": 0
          },
          {
            "id": "n_5ada2be06b29165a5e0000e4",
            "weight": 0
          },
          {
            "id": "n_5ada2be36b29165a5e0000e5",
            "weight": 0
          }
        ],
        "space": [],
        "flags": [
          1
        ]
      }
    },
    {
      "type": "Feature",
      "geometry": {
        "type": "Point",
        "coordinates": [
          8.835251586355568,
          44.73296224380274
        ]
      },
      "properties": {
        "id": "n_5ada26836b29165a5e00000c",
        "map": "f_5ad9fd551de18c4557000001",
        "externalId": "NODE-SFH0YLMM",
        "neighbors": [
          {
            "id": "n_5ada2dd36b29165a5e000128",
            "weight": 0
          },
          {
            "id": "n_5ada2dd76b29165a5e00012a",
            "weight": 0
          },
          {
            "id": "n_5ada2ddc6b29165a5e00012c",
            "weight": 0
          },
          {
            "id": "n_5ada2de26b29165a5e00012e",
            "weight": 0
          }
        ],
        "space": [],
        "flags": [
          1
        ]
      }
    },
    {
      "type": "Feature",
      "geometry": {
        "type": "Point",
        "coordinates": [
          8.835110847289679,
          44.73313150231803
        ]
      },
      "properties": {
        "id": "n_5ada26856b29165a5e00000d",
        "map": "f_5ad9fd551de18c4557000001",
        "externalId": "NODE-IPX63OGL",
        "neighbors": [
          {
            "id": "n_5ada2de26b29165a5e00012e",
            "weight": 0
          },
          {
            "id": "n_5ada2de86b29165a5e00012f",
            "weight": 0
          },
          {
            "id": "n_5afc980a46495d103500001e",
            "weight": 0
          }
        ],
        "space": [],
        "flags": [
          1
        ]
      }
    },
    {
      "type": "Feature",
      "geometry": {
        "type": "Point",
        "coordinates": [
          8.835351340729254,
          44.73322616809121
        ]
      },
      "properties": {
        "id": "n_5ada26876b29165a5e00000e",
        "map": "f_5ad9fd551de18c4557000001",
        "externalId": "NODE-G117XXJB",
        "neighbors": [
          {
            "id": "n_5afc980a46495d103500001e",
            "weight": 0
          },
          {
            "id": "n_5ada2ba36b29165a5e0000d2",
            "weight": 0
          }
        ],
        "space": [],
        "flags": [
          1
        ]
      }
    },
    {
      "type": "Feature",
      "geometry": {
        "type": "Point",
        "coordinates": [
          8.83587741454291,
          44.732927069593586
        ]
      },
      "properties": {
        "id": "n_5ada268f6b29165a5e00000f",
        "map": "f_5ad9fd551de18c4557000001",
        "externalId": "NODE-B7AW8CBB",
        "neighbors": [
          {
            "id": "n_5ada26946b29165a5e000010",
            "weight": 0
          },
          {
            "id": "n_5ada2bb46b29165a5e0000d8",
            "weight": 0
          },
          {
            "id": "n_5ada2bbd6b29165a5e0000da",
            "weight": 0
          },
          {
            "id": "n_5afc97f846495d103500001d",
            "weight": 0
          }
        ],
        "space": [],
        "flags": [
          1
        ]
      }
    },
    {
      "type": "Feature",
      "geometry": {
        "type": "Point",
        "coordinates": [
          8.835919507980227,
          44.732917869484446
        ]
      },
      "properties": {
        "id": "n_5ada26946b29165a5e000010",
        "map": "f_5ad9fd551de18c4557000001",
        "externalId": "NODE-SE14J4E3",
        "neighbors": [
          {
            "id": "n_5ada268f6b29165a5e00000f",
            "weight": 0
          },
          {
            "id": "n_5ada2bb96b29165a5e0000d9",
            "weight": 0
          },
          {
            "id": "n_5ada2bc66b29165a5e0000dd",
            "weight": 0
          },
          {
            "id": "n_5afc97f846495d103500001d",
            "weight": 0
          }
        ],
        "space": [],
        "flags": [
          1
        ]
      }
    },
    {
      "type": "Feature",
      "geometry": {
        "type": "Point",
        "coordinates": [
          8.836328488893063,
          44.73219713825865
        ]
      },
      "properties": {
        "id": "n_5ada26a66b29165a5e000013",
        "map": "f_5ad9fd551de18c4557000001",
        "externalId": "NODE-XLEKTRVV",
        "neighbors": [
          {
            "id": "n_5afb2c774157f00649000053",
            "weight": 0
          }
        ],
        "space": [
          "s_6932e9a9059e3deeafe12955"
        ],
        "flags": [
          1
        ]
      }
    },
    {
      "type": "Feature",
      "geometry": {
        "type": "Point",
        "coordinates": [
          8.835845685482958,
          44.73382840663722
        ]
      },
      "properties": {
        "id": "n_5ada26b06b29165a5e000015",
        "map": "f_5ad9fd551de18c4557000001",
        "externalId": "NODE-VEII4HJE",
        "neighbors": [
          {
            "id": "n_5ada26b56b29165a5e000017",
            "weight": 0
          },
          {
            "id": "n_5afc7b1a46495d53f7000031",
            "weight": 1001
          }
        ],
        "space": [
          "s_5b3104fbc8f8a5732c00001f"
        ],
        "flags": [
          1
        ]
      }
    },
    {
      "type": "Feature",
      "geometry": {
        "type": "Point",
        "coordinates": [
          8.835891433220743,
          44.73391521437379
        ]
      },
      "properties": {
        "id": "n_5ada26b56b29165a5e000017",
        "map": "f_5ad9fd551de18c4557000001",
        "externalId": "NODE-9VYBKL2W",
        "neighbors": [
          {
            "id": "n_5ada26b06b29165a5e000015",
            "weight": 0
          },
          {
            "id": "n_5ada2b456b29165a5e0000c6",
            "weight": 0
          },
          {
            "id": "n_5ada2b546b29165a5e0000cc",
            "weight": 0
          },
          {
            "id": "n_5ada2b576b29165a5e0000cd",
            "weight": 0
          },
          {
            "id": "n_609bccd0003ac91c41000002",
            "weight": 0
          }
        ],
        "space": [],
        "flags": [
          1
        ]
      }
    },
    {
      "type": "Feature",
      "geometry": {
        "type": "Point",
        "coordinates": [
          8.836131257829921,
          44.734409525434465
        ]
      },
      "properties": {
        "id": "n_5ada26c06b29165a5e000018",
        "map": "f_5ad9fd551de18c4557000001",
        "externalId": "NODE-W77BYFQU",
        "neighbors": [
          {
            "id": "n_5ada2b2a6b29165a5e0000bf",
            "weight": 0
          },
          {
            "id": "n_5ada2b406b29165a5e0000c4",
            "weight": 0
          },
          {
            "id": "n_5afc4b6346495d6f4900000c",
            "weight": 0
          },
          {
            "id": "n_5c3f0a06a7e47b56a3000001",
            "weight": 0
          }
        ],
        "space": [],
        "flags": [
          1
        ]
      }
    },
    {
      "type": "Feature",
      "geometry": {
        "type": "Point",
        "coordinates": [
          8.835221138720547,
          44.73482151614946
        ]
      },
      "properties": {
        "id": "n_5ada26ce6b29165a5e00001a",
        "map": "f_5ad9fd551de18c4557000001",
        "externalId": "NODE-2A1KEN3R",
        "neighbors": [
          {
            "id": "n_5ada2aa16b29165a5e0000b7",
            "weight": 0
          },
          {
            "id": "n_5ada2aa66b29165a5e0000b9",
            "weight": 0
          },
          {
            "id": "n_5ada2ab26b29165a5e0000bc",
            "weight": 0
          },
          {
            "id": "n_6a199262084d283cfce24271",
            "weight": 0
          }
        ],
        "space": [],
        "flags": [
          1
        ]
      }
    },
    {
      "type": "Feature",
      "geometry": {
        "type": "Point",
        "coordinates": [
          8.83509960459924,
          44.73484628000327
        ]
      },
      "properties": {
        "id": "n_5ada26d86b29165a5e00001d",
        "map": "f_5ad9fd551de18c4557000001",
        "externalId": "NODE-nbzWvG4h",
        "neighbors": [
          {
            "id": "n_6528595af9a78c7767a88463",
            "weight": 0
          },
          {
            "id": "n_6a199262084d283cfce24271",
            "weight": 0
          }
        ],
        "space": [],
        "flags": [
          1
        ]
      }
    },
    {
      "type": "Feature",
      "geometry": {
        "type": "Point",
        "coordinates": [
          8.834925441375043,
          44.73533322636623
        ]
      },
      "properties": {
        "id": "n_5ada26e06b29165a5e00001f",
        "map": "f_5ad9fd551de18c4557000001",
        "externalId": "NODE-H5JEKUBT",
        "neighbors": [
          {
            "id": "n_5ada26ef6b29165a5e000023",
            "weight": 0
          },
          {
            "id": "n_5ada3f966b29165a5e000254",
            "weight": 0
          },
          {
            "id": "n_5ada3fa56b29165a5e000259",
            "weight": 0
          }
        ],
        "space": [],
        "flags": [
          1
        ]
      }
    },
    {
      "type": "Feature",
      "geometry": {
        "type": "Point",
        "coordinates": [
          8.835043657356577,
          44.73531100461868
        ]
      },
      "properties": {
        "id": "n_5ada26e76b29165a5e000020",
        "map": "f_5ad9fd551de18c4557000001",
        "externalId": "NODE-1IVRB845",
        "neighbors": [
          {
            "id": "n_5ada26ef6b29165a5e000023",
            "weight": 0
          },
          {
            "id": "n_5ada3f9e6b29165a5e000255",
            "weight": 0
          },
          {
            "id": "n_5ada3fa16b29165a5e000257",
            "weight": 0
          }
        ],
        "space": [],
        "flags": [
          1
        ]
      }
    },
    {
      "type": "Feature",
      "geometry": {
        "type": "Point",
        "coordinates": [
          8.834995046905721,
          44.7351823958851
        ]
      },
      "properties": {
        "id": "n_5ada26e96b29165a5e000021",
        "map": "f_5ad9fd551de18c4557000001",
        "externalId": "NODE-DGJDJG2V",
        "neighbors": [
          {
            "id": "n_5ada26eb6b29165a5e000022",
            "weight": 0
          },
          {
            "id": "n_5ada3fa16b29165a5e000257",
            "weight": 0
          },
          {
            "id": "n_5ada3fbb6b29165a5e00025b",
            "weight": 0
          },
          {
            "id": "n_5ada3fe46b29165a5e000260",
            "weight": 0
          }
        ],
        "space": [],
        "flags": [
          1
        ]
      }
    },
    {
      "type": "Feature",
      "geometry": {
        "type": "Point",
        "coordinates": [
          8.834891417254337,
          44.735138803937616
        ]
      },
      "properties": {
        "id": "n_5ada26eb6b29165a5e000022",
        "map": "f_5ad9fd551de18c4557000001",
        "externalId": "NODE-GJSQ1UDT",
        "neighbors": [
          {
            "id": "n_5ada26e96b29165a5e000021",
            "weight": 0
          },
          {
            "id": "n_5ada3fc36b29165a5e00025c",
            "weight": 0
          },
          {
            "id": "n_5ada3fdb6b29165a5e00025f",
            "weight": 0
          },
          {
            "id": "n_5ada3fbb6b29165a5e00025b",
            "weight": 0
          }
        ],
        "space": [],
        "flags": [
          1
        ]
      }
    },
    {
      "type": "Feature",
      "geometry": {
        "type": "Point",
        "coordinates": [
          8.83498423437724,
          44.73532217472008
        ]
      },
      "properties": {
        "id": "n_5ada26ef6b29165a5e000023",
        "map": "f_5ad9fd551de18c4557000001",
        "externalId": "NODE-u0q-SQSk",
        "neighbors": [
          {
            "id": "n_5ada26e06b29165a5e00001f",
            "weight": 0
          },
          {
            "id": "n_5ada26e76b29165a5e000020",
            "weight": 0
          },
          {
            "id": "n_5ada3f8c6b29165a5e000252",
            "weight": 0
          }
        ],
        "space": [],
        "flags": [
          1
        ]
      }
    },
    {
      "type": "Feature",
      "geometry": {
        "type": "Point",
        "coordinates": [
          8.835197277343518,
          44.73600691113003
        ]
      },
      "properties": {
        "id": "n_5ada26f46b29165a5e000026",
        "map": "f_5ad9fd551de18c4557000001",
        "externalId": "NODE-ENFPC4EG",
        "neighbors": [
          {
            "id": "n_5ada3f096b29165a5e000237",
            "weight": 0
          },
          {
            "id": "n_5adddbff6b29160c75000000",
            "weight": 0
          },
          {
            "id": "n_5ada3e5e6b29165a5e000234",
            "weight": 0
          }
        ],
        "space": [],
        "flags": [
          1
        ]
      }
    },
    {
      "type": "Feature",
      "geometry": {
        "type": "Point",
        "coordinates": [
          8.835161518827697,
          44.73634257422566
        ]
      },
      "properties": {
        "id": "n_5ada26f76b29165a5e000027",
        "map": "f_5ad9fd551de18c4557000001",
        "externalId": "NODE-JACQ0LT1",
        "neighbors": [
          {
            "id": "n_5ada27196b29165a5e00002d",
            "weight": 0
          },
          {
            "id": "n_5ada3dc46b29165a5e00022b",
            "weight": 0
          },
          {
            "id": "n_5ada3ddc6b29165a5e000230",
            "weight": 0
          },
          {
            "id": "n_5ae875a5cde8804b3c000005",
            "weight": 0
          }
        ],
        "space": [],
        "flags": [
          1
        ]
      }
    },
    {
      "type": "Feature",
      "geometry": {
        "type": "Point",
        "coordinates": [
          8.835872144299081,
          44.73651559462577
        ]
      },
      "properties": {
        "id": "n_5ada26fd6b29165a5e000028",
        "map": "f_5ad9fd551de18c4557000001",
        "externalId": "NODE-TLPPK5WH",
        "neighbors": [
          {
            "id": "n_5ada29206b29165a5e00007d",
            "weight": 0
          },
          {
            "id": "n_5ada3a8e6b29165a5e000214",
            "weight": 0
          },
          {
            "id": "n_5ada3b096b29165a5e000215",
            "weight": 0
          },
          {
            "id": "n_5ada3bac6b29165a5e000219",
            "weight": 0
          }
        ],
        "space": [],
        "flags": [
          1
        ]
      }
    },
    {
      "type": "Feature",
      "geometry": {
        "type": "Point",
        "coordinates": [
          8.835183463910285,
          44.736145100319916
        ]
      },
      "properties": {
        "id": "n_5ada27006b29165a5e000029",
        "map": "f_5ad9fd551de18c4557000001",
        "externalId": "NODE-QVF9GGEH",
        "neighbors": [
          {
            "id": "n_5ada3dce6b29165a5e00022d",
            "weight": 0
          },
          {
            "id": "n_5ada3dcf6b29165a5e00022e",
            "weight": 0
          },
          {
            "id": "n_5ada3e586b29165a5e000232",
            "weight": 0
          },
          {
            "id": "n_5ada3e5e6b29165a5e000234",
            "weight": 0
          }
        ],
        "space": [],
        "flags": [
          1
        ]
      }
    },
    {
      "type": "Feature",
      "geometry": {
        "type": "Point",
        "coordinates": [
          8.835322893977281,
          44.73638114404923
        ]
      },
      "properties": {
        "id": "n_5ada27026b29165a5e00002a",
        "map": "f_5ad9fd551de18c4557000001",
        "externalId": "NODE-WS9G47TD",
        "neighbors": [
          {
            "id": "n_5ada3bef6b29165a5e000226",
            "weight": 0
          },
          {
            "id": "n_5ada3db66b29165a5e000228",
            "weight": 0
          },
          {
            "id": "n_5ada3dc26b29165a5e00022a",
            "weight": 0
          },
          {
            "id": "n_5ae875a5cde8804b3c000005",
            "weight": 0
          }
        ],
        "space": [],
        "flags": [
          1
        ]
      }
    },
    {
      "type": "Feature",
      "geometry": {
        "type": "Point",
        "coordinates": [
          8.834842270861532,
          44.73639851300757
        ]
      },
      "properties": {
        "id": "n_5ada27126b29165a5e00002b",
        "map": "f_5ad9fd551de18c4557000001",
        "externalId": "NODE-1ZJUMDFS",
        "neighbors": [
          {
            "id": "n_5ada27186b29165a5e00002c",
            "weight": 0
          }
        ],
        "space": [
          "s_5addeab26b29160c75000035"
        ],
        "flags": [
          1
        ]
      }
    },
    {
      "type": "Feature",
      "geometry": {
        "type": "Point",
        "coordinates": [
          8.834838003433452,
          44.73636631559507
        ]
      },
      "properties": {
        "id": "n_5ada27186b29165a5e00002c",
        "map": "f_5ad9fd551de18c4557000001",
        "externalId": "NODE-R996IC5E",
        "neighbors": [
          {
            "id": "n_5ada27126b29165a5e00002b",
            "weight": 0
          },
          {
            "id": "n_5addeab86b29160c7500003a",
            "weight": 0
          }
        ],
        "space": [],
        "flags": [
          1
        ]
      }
    },
    {
      "type": "Feature",
      "geometry": {
        "type": "Point",
        "coordinates": [
          8.835159813590884,
          44.73635378123052
        ]
      },
      "properties": {
        "id": "n_5ada27196b29165a5e00002d",
        "map": "f_5ad9fd551de18c4557000001",
        "externalId": "NODE-9FS8JYTY",
        "neighbors": [
          {
            "id": "n_5ada26f76b29165a5e000027",
            "weight": 0
          },
          {
            "id": "n_5ada272c6b29165a5e00002f",
            "weight": 0
          },
          {
            "id": "n_5ada3de66b29165a5e000231",
            "weight": 0
          }
        ],
        "space": [],
        "flags": [
          1
        ]
      }
    },
    {
      "type": "Feature",
      "geometry": {
        "type": "Point",
        "coordinates": [
          8.834922954117992,
          44.7363938023976
        ]
      },
      "properties": {
        "id": "n_5ada272b6b29165a5e00002e",
        "map": "f_5ad9fd551de18c4557000001",
        "externalId": "NODE-8O5B3IPH",
        "neighbors": [
          {
            "id": "n_5ada272c6b29165a5e00002f",
            "weight": 0
          }
        ],
        "space": [
          "s_5addeab26b29160c75000038"
        ],
        "flags": [
          1
        ]
      }
    },
    {
      "type": "Feature",
      "geometry": {
        "type": "Point",
        "coordinates": [
          8.834920144849656,
          44.736363116313385
        ]
      },
      "properties": {
        "id": "n_5ada272c6b29165a5e00002f",
        "map": "f_5ad9fd551de18c4557000001",
        "externalId": "NODE-EG3LOVOT",
        "neighbors": [
          {
            "id": "n_5ada272b6b29165a5e00002e",
            "weight": 0
          },
          {
            "id": "n_5ada27196b29165a5e00002d",
            "weight": 0
          },
          {
            "id": "n_5addeabb6b29160c7500003c",
            "weight": 0
          }
        ],
        "space": [],
        "flags": [
          1
        ]
      }
    },
    {
      "type": "Feature",
      "geometry": {
        "type": "Point",
        "coordinates": [
          8.835964607053956,
          44.73570493386538
        ]
      },
      "properties": {
        "id": "n_5ada27376b29165a5e000031",
        "map": "f_5ad9fd551de18c4557000001",
        "externalId": "NODE-1K25E6P2",
        "neighbors": [
          {
            "id": "n_5ada2e2d6b29165a5e000133",
            "weight": 0
          },
          {
            "id": "n_5ada2e376b29165a5e000134",
            "weight": 0
          },
          {
            "id": "n_5ada38bb6b29165a5e0001fd",
            "weight": 0
          },
          {
            "id": "n_5efc0221ffaae21874000501",
            "weight": 0
          }
        ],
        "space": [],
        "flags": [
          1
        ]
      }
    },
    {
      "type": "Feature",
      "geometry": {
        "type": "Point",
        "coordinates": [
          8.83592327223168,
          44.73535310179986
        ]
      },
      "properties": {
        "id": "n_5ada273a6b29165a5e000032",
        "map": "f_5ad9fd551de18c4557000001",
        "externalId": "NODE-NRU36EU3",
        "neighbors": [
          {
            "id": "n_5ada29576b29165a5e000084",
            "weight": 0
          },
          {
            "id": "n_5ada29586b29165a5e000085",
            "weight": 0
          },
          {
            "id": "n_5ada29666b29165a5e000087",
            "weight": 0
          },
          {
            "id": "n_5ada296f6b29165a5e000089",
            "weight": 0
          }
        ],
        "space": [],
        "flags": [
          1
        ]
      }
    },
    {
      "type": "Feature",
      "geometry": {
        "type": "Point",
        "coordinates": [
          8.836011764338917,
          44.73555921103567
        ]
      },
      "properties": {
        "id": "n_5ada273b6b29165a5e000033",
        "map": "f_5ad9fd551de18c4557000001",
        "externalId": "NODE-545IXIF0",
        "neighbors": [
          {
            "id": "n_5ada29536b29165a5e000082",
            "weight": 0
          },
          {
            "id": "n_5ada2e1d6b29165a5e000130",
            "weight": 0
          },
          {
            "id": "n_5ada2e286b29165a5e000132",
            "weight": 0
          },
          {
            "id": "n_609bcb80003ac91c41000001",
            "weight": 0
          }
        ],
        "space": [],
        "flags": [
          1
        ]
      }
    },
    {
      "type": "Feature",
      "geometry": {
        "type": "Point",
        "coordinates": [
          8.837136093484345,
          44.73599344237639
        ]
      },
      "properties": {
        "id": "n_5ada273f6b29165a5e000035",
        "map": "f_5ad9fd551de18c4557000001",
        "externalId": "NODE-TVF81SCR",
        "neighbors": [
          {
            "id": "n_5ada27516b29165a5e00003f",
            "weight": 0
          },
          {
            "id": "n_5ada2ea06b29165a5e000148",
            "weight": 0
          },
          {
            "id": "n_5dc07a142b36ed2369000001",
            "weight": 0
          },
          {
            "id": "n_5efc022bffaae21874000502",
            "weight": 0
          }
        ],
        "space": [],
        "flags": [
          1
        ]
      }
    },
    {
      "type": "Feature",
      "geometry": {
        "type": "Point",
        "coordinates": [
          8.836965780285203,
          44.73580272105384
        ]
      },
      "properties": {
        "id": "n_5ada27406b29165a5e000036",
        "map": "f_5ad9fd551de18c4557000001",
        "externalId": "NODE-KOLH8T3D",
        "neighbors": [
          {
            "id": "n_5ada27be6b29165a5e000056",
            "weight": 0
          },
          {
            "id": "n_5ada2e926b29165a5e000146",
            "weight": 0
          },
          {
            "id": "n_5f03e51bffaae24181000e16",
            "weight": 0
          },
          {
            "id": "n_5f06dfa1a7e47b1e74000005",
            "weight": 0
          }
        ],
        "space": [],
        "flags": [
          1
        ]
      }
    },
    {
      "type": "Feature",
      "geometry": {
        "type": "Point",
        "coordinates": [
          8.836250786517882,
          44.73594954848246
        ]
      },
      "properties": {
        "id": "n_5ada27516b29165a5e000039",
        "map": "f_5ad9fd551de18c4557000001",
        "externalId": "NODE-MZP58XH2",
        "neighbors": [
          {
            "id": "n_5ada38606b29165a5e0001ec",
            "weight": 0
          },
          {
            "id": "n_5ada38766b29165a5e0001f0",
            "weight": 0
          },
          {
            "id": "n_5ada387d6b29165a5e0001f2",
            "weight": 0
          }
        ],
        "space": [],
        "flags": [
          1
        ]
      }
    },
    {
      "type": "Feature",
      "geometry": {
        "type": "Point",
        "coordinates": [
          8.836371897831421,
          44.736003811779156
        ]
      },
      "properties": {
        "id": "n_5ada27516b29165a5e00003a",
        "map": "f_5ad9fd551de18c4557000001",
        "externalId": "NODE-k0BnauE8",
        "neighbors": [
          {
            "id": "n_5ada277d6b29165a5e000048",
            "weight": 0
          },
          {
            "id": "n_5ada38606b29165a5e0001ec",
            "weight": 0
          },
          {
            "id": "n_652859b7f9a78c7767a88469",
            "weight": 0
          }
        ],
        "space": [],
        "flags": [
          1
        ]
      }
    },
    {
      "type": "Feature",
      "geometry": {
        "type": "Point",
        "coordinates": [
          8.83650868963238,
          44.73604618273497
        ]
      },
      "properties": {
        "id": "n_5ada27516b29165a5e00003b",
        "map": "f_5ad9fd551de18c4557000001",
        "externalId": "NODE-XK2XPUSH",
        "neighbors": [
          {
            "id": "n_5ada277d6b29165a5e000048",
            "weight": 0
          },
          {
            "id": "n_5ada385c6b29165a5e0001eb",
            "weight": 0
          },
          {
            "id": "n_652859baf9a78c7767a8846a",
            "weight": 0
          }
        ],
        "space": [],
        "flags": [
          1
        ]
      }
    },
    {
      "type": "Feature",
      "geometry": {
        "type": "Point",
        "coordinates": [
          8.83662800678451,
          44.73606380583115
        ]
      },
      "properties": {
        "id": "n_5ada27516b29165a5e00003c",
        "map": "f_5ad9fd551de18c4557000001",
        "externalId": "NODE-UX62T63H",
        "neighbors": [
          {
            "id": "n_5ada38316b29165a5e0001e4",
            "weight": 0
          },
          {
            "id": "n_5ada385c6b29165a5e0001eb",
            "weight": 0
          }
        ],
        "space": [],
        "flags": [
          1
        ]
      }
    },
    {
      "type": "Feature",
      "geometry": {
        "type": "Point",
        "coordinates": [
          8.836742639206204,
          44.73606323539298
        ]
      },
      "properties": {
        "id": "n_5ada27516b29165a5e00003d",
        "map": "f_5ad9fd551de18c4557000001",
        "externalId": "NODE-JSIXHJIG",
        "neighbors": [
          {
            "id": "n_5ada38256b29165a5e0001e2",
            "weight": 0
          },
          {
            "id": "n_5ada38316b29165a5e0001e4",
            "weight": 0
          }
        ],
        "space": [],
        "flags": [
          1
        ]
      }
    },
    {
      "type": "Feature",
      "geometry": {
        "type": "Point",
        "coordinates": [
          8.837015717934804,
          44.736024418497976
        ]
      },
      "properties": {
        "id": "n_5ada27516b29165a5e00003f",
        "map": "f_5ad9fd551de18c4557000001",
        "externalId": "NODE-REI2AA51",
        "neighbors": [
          {
            "id": "n_5ada273f6b29165a5e000035",
            "weight": 0
          },
          {
            "id": "n_5ada27716b29165a5e000044",
            "weight": 0
          },
          {
            "id": "n_5ada37fc6b29165a5e0001db",
            "weight": 0
          }
        ],
        "space": [],
        "flags": [
          1
        ]
      }
    },
    {
      "type": "Feature",
      "geometry": {
        "type": "Point",
        "coordinates": [
          8.836223083759926,
          44.73561439288437
        ]
      },
      "properties": {
        "id": "n_5ada275a6b29165a5e000041",
        "map": "f_5ad9fd551de18c4557000001",
        "externalId": "NODE-5IJ07AED",
        "neighbors": [
          {
            "id": "n_5ada2e286b29165a5e000132",
            "weight": 0
          },
          {
            "id": "n_5ada2e3d6b29165a5e000136",
            "weight": 0
          }
        ],
        "space": [],
        "flags": [
          1
        ]
      }
    },
    {
      "type": "Feature",
      "geometry": {
        "type": "Point",
        "coordinates": [
          8.836616377375046,
          44.73571365574861
        ]
      },
      "properties": {
        "id": "n_5ada275f6b29165a5e000042",
        "map": "f_5ad9fd551de18c4557000001",
        "externalId": "NODE-YTCS86QB",
        "neighbors": [
          {
            "id": "n_5ada27736b29165a5e000045",
            "weight": 0
          },
          {
            "id": "n_5ada2e5d6b29165a5e00013e",
            "weight": 0
          },
          {
            "id": "n_5f03e52fffaae24181000e19",
            "weight": 0
          }
        ],
        "space": [],
        "flags": [
          1
        ]
      }
    },
    {
      "type": "Feature",
      "geometry": {
        "type": "Point",
        "coordinates": [
          8.836899932787565,
          44.73604533766711
        ]
      },
      "properties": {
        "id": "n_5ada27716b29165a5e000044",
        "map": "f_5ad9fd551de18c4557000001",
        "externalId": "NODE-A43308DM",
        "neighbors": [
          {
            "id": "n_5ada27516b29165a5e00003f",
            "weight": 0
          },
          {
            "id": "n_5ada38126b29165a5e0001df",
            "weight": 0
          },
          {
            "id": "n_5ada38256b29165a5e0001e2",
            "weight": 0
          },
          {
            "id": "n_5ada27736b29165a5e000045",
            "weight": 0
          },
          {
            "id": "n_5dc07a142b36ed2369000001",
            "weight": 0
          }
        ],
        "space": [],
        "flags": [
          1
        ]
      }
    },
    {
      "type": "Feature",
      "geometry": {
        "type": "Point",
        "coordinates": [
          8.836788020009127,
          44.73575697587999
        ]
      },
      "properties": {
        "id": "n_5ada27736b29165a5e000045",
        "map": "f_5ad9fd551de18c4557000001",
        "externalId": "NODE-VD2LJP0A",
        "neighbors": [
          {
            "id": "n_5ada275f6b29165a5e000042",
            "weight": 0
          },
          {
            "id": "n_5ada27716b29165a5e000044",
            "weight": 0
          },
          {
            "id": "n_5f03e51bffaae24181000e16",
            "weight": 0
          }
        ],
        "space": [],
        "flags": [
          1
        ]
      }
    },
    {
      "type": "Feature",
      "geometry": {
        "type": "Point",
        "coordinates": [
          8.836442659627812,
          44.735669811560676
        ]
      },
      "properties": {
        "id": "n_5ada27776b29165a5e000046",
        "map": "f_5ad9fd551de18c4557000001",
        "externalId": "NODE-2IL834EN",
        "neighbors": [
          {
            "id": "n_5ada2e5d6b29165a5e00013e",
            "weight": 0
          },
          {
            "id": "n_5ee24ad3a7e47b77450002ac",
            "weight": 0
          },
          {
            "id": "n_5ee24b69a7e47b77450002b2",
            "weight": 0
          }
        ],
        "space": [],
        "flags": [
          1
        ]
      }
    },
    {
      "type": "Feature",
      "geometry": {
        "type": "Point",
        "coordinates": [
          8.836073118106553,
          44.735827694875354
        ]
      },
      "properties": {
        "id": "n_5ada27796b29165a5e000047",
        "map": "f_5ad9fd551de18c4557000001",
        "externalId": "NODE-2JBZW37G",
        "neighbors": [
          {
            "id": "n_5ada2e426b29165a5e000138",
            "weight": 0
          },
          {
            "id": "n_5ada388c6b29165a5e0001f4",
            "weight": 0
          },
          {
            "id": "n_5ee24ad3a7e47b77450002ac",
            "weight": 0
          },
          {
            "id": "n_5ada2e376b29165a5e000134",
            "weight": 0
          },
          {
            "id": "n_5ada2e2d6b29165a5e000133",
            "weight": 0
          }
        ],
        "space": [],
        "flags": [
          1
        ]
      }
    },
    {
      "type": "Feature",
      "geometry": {
        "type": "Point",
        "coordinates": [
          8.836438705423328,
          44.73602551057033
        ]
      },
      "properties": {
        "id": "n_5ada277d6b29165a5e000048",
        "map": "f_5ad9fd551de18c4557000001",
        "externalId": "NODE-H7AJIQAR",
        "neighbors": [
          {
            "id": "n_5ada27516b29165a5e00003a",
            "weight": 0
          },
          {
            "id": "n_5ada27516b29165a5e00003b",
            "weight": 0
          },
          {
            "id": "n_5ada38666b29165a5e0001ee",
            "weight": 0
          }
        ],
        "space": [],
        "flags": [
          1
        ]
      }
    },
    {
      "type": "Feature",
      "geometry": {
        "type": "Point",
        "coordinates": [
          8.836093034478465,
          44.73667025627669
        ]
      },
      "properties": {
        "id": "n_5ada27816b29165a5e000049",
        "map": "f_5ad9fd551de18c4557000001",
        "externalId": "NODE-0STVZL5K",
        "neighbors": [
          {
            "id": "n_5ada3a606b29165a5e00020d",
            "weight": 0
          },
          {
            "id": "n_5ada3a7c6b29165a5e00020e",
            "weight": 0
          },
          {
            "id": "n_5addf8dc6b29160c7500006c",
            "weight": 0
          },
          {
            "id": "n_64ee1b960a31adac2fd94126",
            "weight": 0
          }
        ],
        "space": [],
        "flags": [
          1
        ]
      }
    },
    {
      "type": "Feature",
      "geometry": {
        "type": "Point",
        "coordinates": [
          8.836431239416232,
          44.73666962749852
        ]
      },
      "properties": {
        "id": "n_5ada27896b29165a5e00004b",
        "map": "f_5ad9fd551de18c4557000001",
        "externalId": "NODE-ED04Y19F",
        "neighbors": [
          {
            "id": "n_5ada3a3a6b29165a5e000208",
            "weight": 0
          },
          {
            "id": "n_5ada290c6b29165a5e000079",
            "weight": 0
          },
          {
            "id": "n_5addf8c46b29160c7500006a",
            "weight": 0
          }
        ],
        "space": [],
        "flags": [
          1
        ]
      }
    },
    {
      "type": "Feature",
      "geometry": {
        "type": "Point",
        "coordinates": [
          8.837027580492622,
          44.73683119382971
        ]
      },
      "properties": {
        "id": "n_5ada278b6b29165a5e00004c",
        "map": "f_5ad9fd551de18c4557000001",
        "externalId": "NODE-GBLRZCRB",
        "neighbors": [
          {
            "id": "n_5ada36006b29165a5e0001bf",
            "weight": 0
          },
          {
            "id": "n_5ada36136b29165a5e0001c4",
            "weight": 0
          },
          {
            "id": "n_5ada36936b29165a5e0001ca",
            "weight": 0
          },
          {
            "id": "n_5ada36976b29165a5e0001cb",
            "weight": 0
          },
          {
            "id": "n_5ada36ae6b29165a5e0001ce",
            "weight": 0
          },
          {
            "id": "n_5ae889e8cde8804b3c000011",
            "weight": 0
          }
        ],
        "space": [],
        "flags": [
          1
        ]
      }
    },
    {
      "type": "Feature",
      "geometry": {
        "type": "Point",
        "coordinates": [
          8.838657990338335,
          44.735965313003874
        ]
      },
      "properties": {
        "id": "n_5ada278f6b29165a5e00004d",
        "map": "f_5ad9fd551de18c4557000001",
        "externalId": "NODE-Z4BUHQ4R",
        "neighbors": [
          {
            "id": "n_5ada33ea6b29165a5e00017f",
            "weight": 0
          },
          {
            "id": "n_5ada33f16b29165a5e000182",
            "weight": 0
          },
          {
            "id": "n_5ada33f96b29165a5e000185",
            "weight": 0
          }
        ],
        "space": [],
        "flags": [
          1
        ]
      }
    },
    {
      "type": "Feature",
      "geometry": {
        "type": "Point",
        "coordinates": [
          8.837474834846873,
          44.73659638016022
        ]
      },
      "properties": {
        "id": "n_5ada27966b29165a5e00004e",
        "map": "f_5ad9fd551de18c4557000001",
        "externalId": "NODE-HWcBN97E",
        "neighbors": [
          {
            "id": "n_5ada34a96b29165a5e0001b3",
            "weight": 0
          },
          {
            "id": "n_5cdaf52ca7e47b480e000003",
            "weight": 0
          },
          {
            "id": "n_652859fbf9a78c7767a88471",
            "weight": 0
          }
        ],
        "space": [],
        "flags": [
          1
        ]
      }
    },
    {
      "type": "Feature",
      "geometry": {
        "type": "Point",
        "coordinates": [
          8.837651341869329,
          44.736558014946944
        ]
      },
      "properties": {
        "id": "n_5ada27a16b29165a5e000051",
        "map": "f_5ad9fd551de18c4557000001",
        "externalId": "NODE-F79J0FDP",
        "neighbors": [
          {
            "id": "n_5ae78957cde8807bd3000003",
            "weight": 0
          },
          {
            "id": "n_5ae86cf1cde8804b3c000002",
            "weight": 0
          },
          {
            "id": "n_5efc0264ffaae21874000504",
            "weight": 0
          }
        ],
        "space": [],
        "flags": [
          1
        ]
      }
    },
    {
      "type": "Feature",
      "geometry": {
        "type": "Point",
        "coordinates": [
          8.838549724492538,
          44.735762794595516
        ]
      },
      "properties": {
        "id": "n_5ada27b36b29165a5e000054",
        "map": "f_5ad9fd551de18c4557000001",
        "externalId": "NODE-XKS8TN4B",
        "neighbors": [
          {
            "id": "n_5ada33da6b29165a5e00017a",
            "weight": 0
          },
          {
            "id": "n_5ada33e16b29165a5e00017c",
            "weight": 0
          },
          {
            "id": "n_5ae77922cde8807bd3000001",
            "weight": 0
          },
          {
            "id": "n_5efbfe8effaae218740004ee",
            "weight": 0
          }
        ],
        "space": [],
        "flags": [
          1
        ]
      }
    },
    {
      "type": "Feature",
      "geometry": {
        "type": "Point",
        "coordinates": [
          8.838109758339794,
          44.73540736544305
        ]
      },
      "properties": {
        "id": "n_5ada27b86b29165a5e000055",
        "map": "f_5ad9fd551de18c4557000001",
        "externalId": "NODE-9JL1VRI4",
        "neighbors": [
          {
            "id": "n_5ada2f1d6b29165a5e000161",
            "weight": 0
          },
          {
            "id": "n_5ada2f2d6b29165a5e000166",
            "weight": 0
          },
          {
            "id": "n_5ada2f3b6b29165a5e000169",
            "weight": 0
          },
          {
            "id": "n_5efc02a7ffaae21874000506",
            "weight": 0
          },
          {
            "id": "n_5efc02aaffaae21874000508",
            "weight": 0
          }
        ],
        "space": [],
        "flags": [
          1
        ]
      }
    },
    {
      "type": "Feature",
      "geometry": {
        "type": "Point",
        "coordinates": [
          8.837226828095275,
          44.735868309834736
        ]
      },
      "properties": {
        "id": "n_5ada27be6b29165a5e000056",
        "map": "f_5ad9fd551de18c4557000001",
        "externalId": "NODE-cFhjMVqk",
        "neighbors": [
          {
            "id": "n_5ada27406b29165a5e000036",
            "weight": 0
          },
          {
            "id": "n_5ada2e966b29165a5e000147",
            "weight": 0
          },
          {
            "id": "n_5ada2eac6b29165a5e00014c",
            "weight": 0
          },
          {
            "id": "n_652854d5f9a78c7767a88443",
            "weight": 0
          }
        ],
        "space": [],
        "flags": [
          1
        ]
      }
    },
    {
      "type": "Feature",
      "geometry": {
        "type": "Point",
        "coordinates": [
          8.837502925190803,
          44.73572522586674
        ]
      },
      "properties": {
        "id": "n_5ada27c56b29165a5e000057",
        "map": "f_5ad9fd551de18c4557000001",
        "externalId": "NODE-RZRMDX3A",
        "neighbors": [
          {
            "id": "n_5ada2eb06b29165a5e00014e",
            "weight": 0
          },
          {
            "id": "n_5ada2eb16b29165a5e00014f",
            "weight": 0
          },
          {
            "id": "n_5ada2eb46b29165a5e000150",
            "weight": 0
          },
          {
            "id": "n_5ada2ebd6b29165a5e000151",
            "weight": 0
          },
          {
            "id": "n_5ada2ed16b29165a5e000156",
            "weight": 0
          }
        ],
        "space": [],
        "flags": [
          1
        ]
      }
    },
    {
      "type": "Feature",
      "geometry": {
        "type": "Point",
        "coordinates": [
          8.835926257381212,
          44.73557595645922
        ]
      },
      "properties": {
        "id": "n_5ada27d86b29165a5e000058",
        "map": "f_5ad9fd551de18c4557000001",
        "externalId": "NODE-HINKIBWS",
        "neighbors": [
          {
            "id": "n_5ada27e06b29165a5e000059",
            "weight": 0
          },
          {
            "id": "n_5ada29516b29165a5e000081",
            "weight": 0
          },
          {
            "id": "n_5ada38bb6b29165a5e0001fd",
            "weight": 0
          },
          {
            "id": "n_609bcb80003ac91c41000001",
            "weight": 0
          }
        ],
        "space": [],
        "flags": [
          1
        ]
      }
    },
    {
      "type": "Feature",
      "geometry": {
        "type": "Point",
        "coordinates": [
          8.83580978957116,
          44.73559560150058
        ]
      },
      "properties": {
        "id": "n_5ada27e06b29165a5e000059",
        "map": "f_5ad9fd551de18c4557000001",
        "externalId": "NODE-2MD61XJC",
        "neighbors": [
          {
            "id": "n_5ada27d86b29165a5e000058",
            "weight": 0
          }
        ],
        "space": [
          "s_5ad9fd751de18c45570000df"
        ],
        "flags": [
          1
        ]
      }
    },
    {
      "type": "Feature",
      "geometry": {
        "type": "Point",
        "coordinates": [
          8.836805065399137,
          44.73533690127199
        ]
      },
      "properties": {
        "id": "n_5ada27e76b29165a5e00005a",
        "map": "f_5ad9fd551de18c4557000001",
        "externalId": "NODE-2UQP4ARW",
        "neighbors": [
          {
            "id": "n_5afc8fe146495d103500000b",
            "weight": 0
          },
          {
            "id": "n_5afc8feb46495d103500000c",
            "weight": 0
          },
          {
            "id": "n_5b155c95e640cd7f11000004",
            "weight": 0
          }
        ],
        "space": [],
        "flags": [
          1
        ]
      }
    },
    {
      "type": "Feature",
      "geometry": {
        "type": "Point",
        "coordinates": [
          8.837016973701337,
          44.7353910959053
        ]
      },
      "properties": {
        "id": "n_5ada27e76b29165a5e00005b",
        "map": "f_5ad9fd551de18c4557000001",
        "externalId": "NODE-S3LQN6VN",
        "neighbors": [
          {
            "id": "n_5ada27ed6b29165a5e00005d",
            "weight": 0
          },
          {
            "id": "n_5afc8feb46495d103500000c",
            "weight": 0
          }
        ],
        "space": [],
        "flags": [
          1
        ]
      }
    },
    {
      "type": "Feature",
      "geometry": {
        "type": "Point",
        "coordinates": [
          8.836982867040737,
          44.73545600613181
        ]
      },
      "properties": {
        "id": "n_5ada27ea6b29165a5e00005c",
        "map": "f_5ad9fd551de18c4557000001",
        "externalId": "NODE-3K8EJ8E5",
        "neighbors": [
          {
            "id": "n_5ada27ed6b29165a5e00005d",
            "weight": 0
          }
        ],
        "space": [
          "s_5adde8c96b29160c75000022"
        ],
        "flags": [
          1
        ]
      }
    },
    {
      "type": "Feature",
      "geometry": {
        "type": "Point",
        "coordinates": [
          8.837008441852836,
          44.735407544359376
        ]
      },
      "properties": {
        "id": "n_5ada27ed6b29165a5e00005d",
        "map": "f_5ad9fd551de18c4557000001",
        "externalId": "NODE-O4U5BKE9",
        "neighbors": [
          {
            "id": "n_5ada27e76b29165a5e00005b",
            "weight": 0
          },
          {
            "id": "n_5ada27ea6b29165a5e00005c",
            "weight": 0
          },
          {
            "id": "n_5adde8db6b29160c75000025",
            "weight": 0
          }
        ],
        "space": [],
        "flags": [
          1
        ]
      }
    },
    {
      "type": "Feature",
      "geometry": {
        "type": "Point",
        "coordinates": [
          8.83708255370649,
          44.73542637924571
        ]
      },
      "properties": {
        "id": "n_5ada27ef6b29165a5e00005e",
        "map": "f_5ad9fd551de18c4557000001",
        "externalId": "NODE-BRO1BPN9",
        "neighbors": [
          {
            "id": "n_5adde8db6b29160c75000025",
            "weight": 0
          },
          {
            "id": "n_5adde8ec6b29160c75000026",
            "weight": 0
          }
        ],
        "space": [],
        "flags": [
          1
        ]
      }
    },
    {
      "type": "Feature",
      "geometry": {
        "type": "Point",
        "coordinates": [
          8.8371310782542,
          44.7354602417655
        ]
      },
      "properties": {
        "id": "n_5ada27ef6b29165a5e00005f",
        "map": "f_5ad9fd551de18c4557000001",
        "externalId": "NODE-KWQNXE1B",
        "neighbors": [
          {
            "id": "n_5adde8ec6b29160c75000026",
            "weight": 0
          }
        ],
        "space": [
          "s_5ad9fd751de18c455700005c"
        ],
        "flags": [
          1
        ]
      }
    },
    {
      "type": "Feature",
      "geometry": {
        "type": "Point",
        "coordinates": [
          8.837748032021178,
          44.735120914815795
        ]
      },
      "properties": {
        "id": "n_5ada28036b29165a5e000060",
        "map": "f_5ad9fd551de18c4557000001",
        "externalId": "NODE-DWNNPH8Q",
        "neighbors": [
          {
            "id": "n_5ada281d6b29165a5e000063",
            "weight": 0
          },
          {
            "id": "n_5b1550b6e640cd74a0000005",
            "weight": 0
          }
        ],
        "space": [],
        "flags": [
          1
        ]
      }
    },
    {
      "type": "Feature",
      "geometry": {
        "type": "Point",
        "coordinates": [
          8.838084630060148,
          44.734968511725036
        ]
      },
      "properties": {
        "id": "n_5ada28176b29165a5e000062",
        "map": "f_5ad9fd551de18c4557000001",
        "externalId": "NODE-FSN8Z5RN",
        "neighbors": [
          {
            "id": "n_5ada281d6b29165a5e00006b",
            "weight": 0
          },
          {
            "id": "n_5ada282a6b29165a5e00006e",
            "weight": 0
          },
          {
            "id": "n_5ada28326b29165a5e000071",
            "weight": 0
          }
        ],
        "space": [],
        "flags": [
          1
        ]
      }
    },
    {
      "type": "Feature",
      "geometry": {
        "type": "Point",
        "coordinates": [
          8.837801198616807,
          44.735095039566076
        ]
      },
      "properties": {
        "id": "n_5ada281d6b29165a5e000063",
        "map": "f_5ad9fd551de18c4557000001",
        "externalId": "NODE-BQ9EGDIY",
        "neighbors": [
          {
            "id": "n_5ada28036b29165a5e000060",
            "weight": 0
          },
          {
            "id": "n_5ada281d6b29165a5e000064",
            "weight": 0
          },
          {
            "id": "n_5ada2f296b29165a5e000165",
            "weight": 0
          }
        ],
        "space": [],
        "flags": [
          1
        ]
      }
    },
    {
      "type": "Feature",
      "geometry": {
        "type": "Point",
        "coordinates": [
          8.837826848932304,
          44.7350579406074
        ]
      },
      "properties": {
        "id": "n_5ada281d6b29165a5e000064",
        "map": "f_5ad9fd551de18c4557000001",
        "externalId": "NODE-MPFD3HHV",
        "neighbors": [
          {
            "id": "n_5ada281d6b29165a5e000063",
            "weight": 0
          },
          {
            "id": "n_5ada281d6b29165a5e000065",
            "weight": 0
          }
        ],
        "space": [],
        "flags": [
          1
        ]
      }
    },
    {
      "type": "Feature",
      "geometry": {
        "type": "Point",
        "coordinates": [
          8.837856096438482,
          44.73503473439709
        ]
      },
      "properties": {
        "id": "n_5ada281d6b29165a5e000065",
        "map": "f_5ad9fd551de18c4557000001",
        "externalId": "NODE-H20R380D",
        "neighbors": [
          {
            "id": "n_5ada281d6b29165a5e000064",
            "weight": 0
          },
          {
            "id": "n_5ada281d6b29165a5e000066",
            "weight": 0
          }
        ],
        "space": [],
        "flags": [
          1
        ]
      }
    },
    {
      "type": "Feature",
      "geometry": {
        "type": "Point",
        "coordinates": [
          8.837885944121439,
          44.735013497089156
        ]
      },
      "properties": {
        "id": "n_5ada281d6b29165a5e000066",
        "map": "f_5ad9fd551de18c4557000001",
        "externalId": "NODE-UXCMXJDX",
        "neighbors": [
          {
            "id": "n_5ada281d6b29165a5e000065",
            "weight": 0
          },
          {
            "id": "n_5ada281d6b29165a5e000067",
            "weight": 0
          }
        ],
        "space": [],
        "flags": [
          1
        ]
      }
    },
    {
      "type": "Feature",
      "geometry": {
        "type": "Point",
        "coordinates": [
          8.837917785921372,
          44.734997208013034
        ]
      },
      "properties": {
        "id": "n_5ada281d6b29165a5e000067",
        "map": "f_5ad9fd551de18c4557000001",
        "externalId": "NODE-WIP9LN09",
        "neighbors": [
          {
            "id": "n_5ada281d6b29165a5e000066",
            "weight": 0
          },
          {
            "id": "n_5ada281d6b29165a5e000068",
            "weight": 0
          }
        ],
        "space": [],
        "flags": [
          1
        ]
      }
    },
    {
      "type": "Feature",
      "geometry": {
        "type": "Point",
        "coordinates": [
          8.837950985481767,
          44.7349852535258
        ]
      },
      "properties": {
        "id": "n_5ada281d6b29165a5e000068",
        "map": "f_5ad9fd551de18c4557000001",
        "externalId": "NODE-9IJZ3JG3",
        "neighbors": [
          {
            "id": "n_5ada281d6b29165a5e000067",
            "weight": 0
          },
          {
            "id": "n_5ada281d6b29165a5e000069",
            "weight": 0
          }
        ],
        "space": [],
        "flags": [
          1
        ]
      }
    },
    {
      "type": "Feature",
      "geometry": {
        "type": "Point",
        "coordinates": [
          8.83798490603447,
          44.734977020191884
        ]
      },
      "properties": {
        "id": "n_5ada281d6b29165a5e000069",
        "map": "f_5ad9fd551de18c4557000001",
        "externalId": "NODE-M2A7AWXA",
        "neighbors": [
          {
            "id": "n_5ada281d6b29165a5e000068",
            "weight": 0
          },
          {
            "id": "n_5ada281d6b29165a5e00006a",
            "weight": 0
          }
        ],
        "space": [],
        "flags": [
          1
        ]
      }
    },
    {
      "type": "Feature",
      "geometry": {
        "type": "Point",
        "coordinates": [
          8.838018911319109,
          44.734971894467186
        ]
      },
      "properties": {
        "id": "n_5ada281d6b29165a5e00006a",
        "map": "f_5ad9fd551de18c4557000001",
        "externalId": "NODE-TUQP69A6",
        "neighbors": [
          {
            "id": "n_5ada281d6b29165a5e000069",
            "weight": 0
          },
          {
            "id": "n_5ada281d6b29165a5e00006b",
            "weight": 0
          }
        ],
        "space": [],
        "flags": [
          1
        ]
      }
    },
    {
      "type": "Feature",
      "geometry": {
        "type": "Point",
        "coordinates": [
          8.838052364840069,
          44.73496926277985
        ]
      },
      "properties": {
        "id": "n_5ada281d6b29165a5e00006b",
        "map": "f_5ad9fd551de18c4557000001",
        "externalId": "NODE-QOJ9R8MQ",
        "neighbors": [
          {
            "id": "n_5ada281d6b29165a5e00006a",
            "weight": 0
          },
          {
            "id": "n_5ada28176b29165a5e000062",
            "weight": 0
          }
        ],
        "space": [],
        "flags": [
          1
        ]
      }
    },
    {
      "type": "Feature",
      "geometry": {
        "type": "Point",
        "coordinates": [
          8.838159711992885,
          44.735041954333944
        ]
      },
      "properties": {
        "id": "n_5ada282a6b29165a5e00006e",
        "map": "f_5ad9fd551de18c4557000001",
        "externalId": "NODE-IHDQXRCN",
        "neighbors": [
          {
            "id": "n_5ada28176b29165a5e000062",
            "weight": 0
          }
        ],
        "space": [
          "s_5ad9fd751de18c455700015c"
        ],
        "flags": [
          1
        ]
      }
    },
    {
      "type": "Feature",
      "geometry": {
        "type": "Point",
        "coordinates": [
          8.838327458442182,
          44.73495625606374
        ]
      },
      "properties": {
        "id": "n_5ada28316b29165a5e000070",
        "map": "f_5ad9fd551de18c4557000001",
        "externalId": "NODE-753JRJMO",
        "neighbors": [
          {
            "id": "n_5ada28326b29165a5e000071",
            "weight": 0
          }
        ],
        "space": [
          "s_5ad9fd751de18c455700015d"
        ],
        "flags": [
          1
        ]
      }
    },
    {
      "type": "Feature",
      "geometry": {
        "type": "Point",
        "coordinates": [
          8.838254457611145,
          44.73488494774539
        ]
      },
      "properties": {
        "id": "n_5ada28326b29165a5e000071",
        "map": "f_5ad9fd551de18c4557000001",
        "externalId": "NODE-1BDPV1EJ",
        "neighbors": [
          {
            "id": "n_5ada28316b29165a5e000070",
            "weight": 0
          },
          {
            "id": "n_5ada28176b29165a5e000062",
            "weight": 0
          }
        ],
        "space": [],
        "flags": [
          1
        ]
      }
    },
    {
      "type": "Feature",
      "geometry": {
        "type": "Point",
        "coordinates": [
          8.835708660296783,
          44.734734062574994
        ]
      },
      "properties": {
        "id": "n_5ada28f66b29165a5e000076",
        "map": "f_5ad9fd551de18c4557000001",
        "externalId": "NODE-ML6II90Y",
        "neighbors": [
          {
            "id": "n_5ada2a836b29165a5e0000ae",
            "weight": 0
          },
          {
            "id": "n_5ada29d86b29165a5e0000a3",
            "weight": 0
          },
          {
            "id": "n_5adf361d91d0c55f86000002",
            "weight": 0
          },
          {
            "id": "n_6582d274a10a126e257ae69c",
            "weight": 0
          }
        ],
        "space": [],
        "flags": [
          1
        ]
      }
    },
    {
      "type": "Feature",
      "geometry": {
        "type": "Point",
        "coordinates": [
          8.836393559659903,
          44.73674550523767
        ]
      },
      "properties": {
        "id": "n_5ada290c6b29165a5e000079",
        "map": "f_5ad9fd551de18c4557000001",
        "externalId": "NODE-FXUU6TC5",
        "neighbors": [
          {
            "id": "n_5ada3a386b29165a5e000207",
            "weight": 0
          },
          {
            "id": "n_5ada27896b29165a5e00004b",
            "weight": 0
          },
          {
            "id": "n_5ada3a576b29165a5e00020a",
            "weight": 0
          },
          {
            "id": "n_5ada3a606b29165a5e00020d",
            "weight": 0
          }
        ],
        "space": [],
        "flags": [
          1
        ]
      }
    },
    {
      "type": "Feature",
      "geometry": {
        "type": "Point",
        "coordinates": [
          8.835764390700064,
          44.73658393320551
        ]
      },
      "properties": {
        "id": "n_5ada291a6b29165a5e00007b",
        "map": "f_5ad9fd551de18c4557000001",
        "externalId": "NODE-3XO2BHNP",
        "neighbors": [
          {
            "id": "n_5ada3ba56b29165a5e000218",
            "weight": 0
          },
          {
            "id": "n_5afc988546495d1035000028",
            "weight": 0
          }
        ],
        "space": [],
        "flags": [
          1
        ]
      }
    },
    {
      "type": "Feature",
      "geometry": {
        "type": "Point",
        "coordinates": [
          8.83582770283821,
          44.736602206715936
        ]
      },
      "properties": {
        "id": "n_5ada29206b29165a5e00007d",
        "map": "f_5ad9fd551de18c4557000001",
        "externalId": "NODE-DFCPJVUZ",
        "neighbors": [
          {
            "id": "n_5ada26fd6b29165a5e000028",
            "weight": 0
          },
          {
            "id": "n_5ada292b6b29165a5e00007e",
            "weight": 0
          },
          {
            "id": "n_5ada3a836b29165a5e000210",
            "weight": 0
          },
          {
            "id": "n_5afc988546495d1035000028",
            "weight": 0
          }
        ],
        "space": [],
        "flags": [
          1
        ]
      }
    },
    {
      "type": "Feature",
      "geometry": {
        "type": "Point",
        "coordinates": [
          8.835787092711817,
          44.73668543363235
        ]
      },
      "properties": {
        "id": "n_5ada292b6b29165a5e00007e",
        "map": "f_5ad9fd551de18c4557000001",
        "externalId": "NODE-HAN1SU1Y",
        "neighbors": [
          {
            "id": "n_5ada29206b29165a5e00007d",
            "weight": 0
          }
        ],
        "space": [
          "s_5ad9fd751de18c4557000142"
        ],
        "flags": [
          1
        ]
      }
    },
    {
      "type": "Feature",
      "geometry": {
        "type": "Point",
        "coordinates": [
          8.835799081033436,
          44.735527913858775
        ]
      },
      "properties": {
        "id": "n_5ada29506b29165a5e000080",
        "map": "f_5ad9fd551de18c4557000001",
        "externalId": "NODE-M9PNTXDQ",
        "neighbors": [
          {
            "id": "n_5ada29516b29165a5e000081",
            "weight": 0
          }
        ],
        "space": [
          "s_5ad9fd751de18c45570000e0"
        ],
        "flags": [
          1
        ]
      }
    },
    {
      "type": "Feature",
      "geometry": {
        "type": "Point",
        "coordinates": [
          8.83592447458845,
          44.73550277773624
        ]
      },
      "properties": {
        "id": "n_5ada29516b29165a5e000081",
        "map": "f_5ad9fd551de18c4557000001",
        "externalId": "NODE-ZV5L5TDJ",
        "neighbors": [
          {
            "id": "n_5ada29506b29165a5e000080",
            "weight": 0
          },
          {
            "id": "n_5ada27d86b29165a5e000058",
            "weight": 0
          },
          {
            "id": "n_5ada29536b29165a5e000082",
            "weight": 0
          },
          {
            "id": "n_5ada29576b29165a5e000084",
            "weight": 0
          }
        ],
        "space": [],
        "flags": [
          1
        ]
      }
    },
    {
      "type": "Feature",
      "geometry": {
        "type": "Point",
        "coordinates": [
          8.835982537614655,
          44.73549113849292
        ]
      },
      "properties": {
        "id": "n_5ada29536b29165a5e000082",
        "map": "f_5ad9fd551de18c4557000001",
        "externalId": "NODE-SIXVIMOH",
        "neighbors": [
          {
            "id": "n_5ada29516b29165a5e000081",
            "weight": 0
          },
          {
            "id": "n_5ada273b6b29165a5e000033",
            "weight": 0
          },
          {
            "id": "n_5ada29586b29165a5e000085",
            "weight": 0
          }
        ],
        "space": [],
        "flags": [
          1
        ]
      }
    },
    {
      "type": "Feature",
      "geometry": {
        "type": "Point",
        "coordinates": [
          8.835816672744684,
          44.735455148850015
        ]
      },
      "properties": {
        "id": "n_5ada29566b29165a5e000083",
        "map": "f_5ad9fd551de18c4557000001",
        "externalId": "NODE-IQCYVE0U",
        "neighbors": [
          {
            "id": "n_5ada29576b29165a5e000084",
            "weight": 0
          }
        ],
        "space": [
          "s_5ad9fd751de18c45570000e1"
        ],
        "flags": [
          1
        ]
      }
    },
    {
      "type": "Feature",
      "geometry": {
        "type": "Point",
        "coordinates": [
          8.835923502941892,
          44.73543343808853
        ]
      },
      "properties": {
        "id": "n_5ada29576b29165a5e000084",
        "map": "f_5ad9fd551de18c4557000001",
        "externalId": "NODE-ZXXN3HSZ",
        "neighbors": [
          {
            "id": "n_5ada29566b29165a5e000083",
            "weight": 0
          },
          {
            "id": "n_5ada273a6b29165a5e000032",
            "weight": 0
          },
          {
            "id": "n_5ada29516b29165a5e000081",
            "weight": 0
          },
          {
            "id": "n_5ada29586b29165a5e000085",
            "weight": 0
          }
        ],
        "space": [],
        "flags": [
          1
        ]
      }
    },
    {
      "type": "Feature",
      "geometry": {
        "type": "Point",
        "coordinates": [
          8.835955011571503,
          44.73542703466773
        ]
      },
      "properties": {
        "id": "n_5ada29586b29165a5e000085",
        "map": "f_5ad9fd551de18c4557000001",
        "externalId": "NODE-YF6NDY4H",
        "neighbors": [
          {
            "id": "n_5ada29576b29165a5e000084",
            "weight": 0
          },
          {
            "id": "n_5ada273a6b29165a5e000032",
            "weight": 0
          },
          {
            "id": "n_5ada29536b29165a5e000082",
            "weight": 0
          },
          {
            "id": "n_5ada295d6b29165a5e000086",
            "weight": 0
          }
        ],
        "space": [],
        "flags": [
          1
        ]
      }
    },
    {
      "type": "Feature",
      "geometry": {
        "type": "Point",
        "coordinates": [
          8.836033202921966,
          44.73541304762893
        ]
      },
      "properties": {
        "id": "n_5ada295d6b29165a5e000086",
        "map": "f_5ad9fd551de18c4557000001",
        "externalId": "NODE-M7G7GRK9",
        "neighbors": [
          {
            "id": "n_5ada29586b29165a5e000085",
            "weight": 0
          }
        ],
        "space": [
          "s_5ad9fd751de18c4557000174"
        ],
        "flags": [
          1
        ]
      }
    },
    {
      "type": "Feature",
      "geometry": {
        "type": "Point",
        "coordinates": [
          8.835822144180742,
          44.73537020362351
        ]
      },
      "properties": {
        "id": "n_5ada29666b29165a5e000087",
        "map": "f_5ad9fd551de18c4557000001",
        "externalId": "NODE-3VNXY4R0",
        "neighbors": [
          {
            "id": "n_5ada273a6b29165a5e000032",
            "weight": 0
          }
        ],
        "space": [
          "s_5ad9fd751de18c45570000e2"
        ],
        "flags": [
          1
        ]
      }
    },
    {
      "type": "Feature",
      "geometry": {
        "type": "Point",
        "coordinates": [
          8.835820076329375,
          44.735316443401544
        ]
      },
      "properties": {
        "id": "n_5ada296e6b29165a5e000088",
        "map": "f_5ad9fd551de18c4557000001",
        "externalId": "NODE-OLXCG69B",
        "neighbors": [
          {
            "id": "n_5ada296f6b29165a5e000089",
            "weight": 0
          }
        ],
        "space": [
          "s_5ad9fd751de18c45570000e3"
        ],
        "flags": [
          1
        ]
      }
    },
    {
      "type": "Feature",
      "geometry": {
        "type": "Point",
        "coordinates": [
          8.83590548818712,
          44.73530180671982
        ]
      },
      "properties": {
        "id": "n_5ada296f6b29165a5e000089",
        "map": "f_5ad9fd551de18c4557000001",
        "externalId": "NODE-457FGYY5",
        "neighbors": [
          {
            "id": "n_5ada296e6b29165a5e000088",
            "weight": 0
          },
          {
            "id": "n_5ada273a6b29165a5e000032",
            "weight": 0
          },
          {
            "id": "n_5ada29716b29165a5e00008a",
            "weight": 0
          },
          {
            "id": "n_5ada297e6b29165a5e00008c",
            "weight": 0
          }
        ],
        "space": [],
        "flags": [
          1
        ]
      }
    },
    {
      "type": "Feature",
      "geometry": {
        "type": "Point",
        "coordinates": [
          8.83600824139064,
          44.73528589081229
        ]
      },
      "properties": {
        "id": "n_5ada29716b29165a5e00008a",
        "map": "f_5ad9fd551de18c4557000001",
        "externalId": "NODE-EZHUXBS8",
        "neighbors": [
          {
            "id": "n_5ada296f6b29165a5e000089",
            "weight": 0
          }
        ],
        "space": [
          "s_5ad9fd751de18c4557000172"
        ],
        "flags": [
          1
        ]
      }
    },
    {
      "type": "Feature",
      "geometry": {
        "type": "Point",
        "coordinates": [
          8.83579731508739,
          44.73525480785494
        ]
      },
      "properties": {
        "id": "n_5ada297c6b29165a5e00008b",
        "map": "f_5ad9fd551de18c4557000001",
        "externalId": "NODE-5B5IU87B",
        "neighbors": [
          {
            "id": "n_5ada297e6b29165a5e00008c",
            "weight": 0
          }
        ],
        "space": [
          "s_5ad9fd751de18c45570000dd"
        ],
        "flags": [
          1
        ]
      }
    },
    {
      "type": "Feature",
      "geometry": {
        "type": "Point",
        "coordinates": [
          8.835883853977075,
          44.73523940635976
        ]
      },
      "properties": {
        "id": "n_5ada297e6b29165a5e00008c",
        "map": "f_5ad9fd551de18c4557000001",
        "externalId": "NODE-1RALPDZN",
        "neighbors": [
          {
            "id": "n_5ada297c6b29165a5e00008b",
            "weight": 0
          },
          {
            "id": "n_5ada296f6b29165a5e000089",
            "weight": 0
          },
          {
            "id": "n_5ada29806b29165a5e00008d",
            "weight": 0
          },
          {
            "id": "n_5ada29996b29165a5e00008f",
            "weight": 0
          }
        ],
        "space": [],
        "flags": [
          1
        ]
      }
    },
    {
      "type": "Feature",
      "geometry": {
        "type": "Point",
        "coordinates": [
          8.83598976654704,
          44.73522210285
        ]
      },
      "properties": {
        "id": "n_5ada29806b29165a5e00008d",
        "map": "f_5ad9fd551de18c4557000001",
        "externalId": "NODE-YRSUQZPH",
        "neighbors": [
          {
            "id": "n_5ada297e6b29165a5e00008c",
            "weight": 0
          }
        ],
        "space": [
          "s_5ad9fd751de18c455700017a"
        ],
        "flags": [
          1
        ]
      }
    },
    {
      "type": "Feature",
      "geometry": {
        "type": "Point",
        "coordinates": [
          8.835772780396187,
          44.735184929748335
        ]
      },
      "properties": {
        "id": "n_5ada29986b29165a5e00008e",
        "map": "f_5ad9fd551de18c4557000001",
        "externalId": "NODE-FWJUJZMC",
        "neighbors": [
          {
            "id": "n_5ada29996b29165a5e00008f",
            "weight": 0
          }
        ],
        "space": [
          "s_5ad9fd751de18c45570000e4"
        ],
        "flags": [
          1
        ]
      }
    },
    {
      "type": "Feature",
      "geometry": {
        "type": "Point",
        "coordinates": [
          8.835859375446352,
          44.73516880185201
        ]
      },
      "properties": {
        "id": "n_5ada29996b29165a5e00008f",
        "map": "f_5ad9fd551de18c4557000001",
        "externalId": "NODE-NY0K1452",
        "neighbors": [
          {
            "id": "n_5ada29986b29165a5e00008e",
            "weight": 0
          },
          {
            "id": "n_5ada297e6b29165a5e00008c",
            "weight": 0
          },
          {
            "id": "n_5ada299a6b29165a5e000090",
            "weight": 0
          },
          {
            "id": "n_5ada299f6b29165a5e000092",
            "weight": 0
          }
        ],
        "space": [],
        "flags": [
          1
        ]
      }
    },
    {
      "type": "Feature",
      "geometry": {
        "type": "Point",
        "coordinates": [
          8.835973804801503,
          44.735147919879886
        ]
      },
      "properties": {
        "id": "n_5ada299a6b29165a5e000090",
        "map": "f_5ad9fd551de18c4557000001",
        "externalId": "NODE-MI8Y8W8M",
        "neighbors": [
          {
            "id": "n_5ada29996b29165a5e00008f",
            "weight": 0
          }
        ],
        "space": [
          "s_5ad9fd751de18c455700017b"
        ],
        "flags": [
          1
        ]
      }
    },
    {
      "type": "Feature",
      "geometry": {
        "type": "Point",
        "coordinates": [
          8.835746989216187,
          44.73512024913647
        ]
      },
      "properties": {
        "id": "n_5ada299e6b29165a5e000091",
        "map": "f_5ad9fd551de18c4557000001",
        "externalId": "NODE-ZEUXKE0U",
        "neighbors": [
          {
            "id": "n_5ada299f6b29165a5e000092",
            "weight": 0
          }
        ],
        "space": [
          "s_5ad9fd751de18c45570000e5"
        ],
        "flags": [
          1
        ]
      }
    },
    {
      "type": "Feature",
      "geometry": {
        "type": "Point",
        "coordinates": [
          8.835836518570783,
          44.735102874595476
        ]
      },
      "properties": {
        "id": "n_5ada299f6b29165a5e000092",
        "map": "f_5ad9fd551de18c4557000001",
        "externalId": "NODE-RHW7MBZO",
        "neighbors": [
          {
            "id": "n_5ada299e6b29165a5e000091",
            "weight": 0
          },
          {
            "id": "n_5ada29996b29165a5e00008f",
            "weight": 0
          },
          {
            "id": "n_5ada29a06b29165a5e000093",
            "weight": 0
          },
          {
            "id": "n_5ada29a56b29165a5e000095",
            "weight": 0
          }
        ],
        "space": [],
        "flags": [
          1
        ]
      }
    },
    {
      "type": "Feature",
      "geometry": {
        "type": "Point",
        "coordinates": [
          8.83593641020818,
          44.735084499165204
        ]
      },
      "properties": {
        "id": "n_5ada29a06b29165a5e000093",
        "map": "f_5ad9fd551de18c4557000001",
        "externalId": "NODE-U8XOBVJY",
        "neighbors": [
          {
            "id": "n_5ada299f6b29165a5e000092",
            "weight": 0
          }
        ],
        "space": [
          "s_5ad9fd751de18c455700017c"
        ],
        "flags": [
          1
        ]
      }
    },
    {
      "type": "Feature",
      "geometry": {
        "type": "Point",
        "coordinates": [
          8.835724228129331,
          44.73505861357533
        ]
      },
      "properties": {
        "id": "n_5ada29a46b29165a5e000094",
        "map": "f_5ad9fd551de18c4557000001",
        "externalId": "NODE-UQA89CSI",
        "neighbors": [
          {
            "id": "n_5ada29a56b29165a5e000095",
            "weight": 0
          }
        ],
        "space": [
          "s_5ad9fd751de18c45570000e6"
        ],
        "flags": [
          1
        ]
      }
    },
    {
      "type": "Feature",
      "geometry": {
        "type": "Point",
        "coordinates": [
          8.835814945550089,
          44.73504065028522
        ]
      },
      "properties": {
        "id": "n_5ada29a56b29165a5e000095",
        "map": "f_5ad9fd551de18c4557000001",
        "externalId": "NODE-VHqHPEPp",
        "neighbors": [
          {
            "id": "n_5ada29a46b29165a5e000094",
            "weight": 0
          },
          {
            "id": "n_5ada299f6b29165a5e000092",
            "weight": 0
          },
          {
            "id": "n_5ada29a76b29165a5e000096",
            "weight": 0
          },
          {
            "id": "n_6528592df9a78c7767a88461",
            "weight": 0
          }
        ],
        "space": [],
        "flags": [
          1
        ]
      }
    },
    {
      "type": "Feature",
      "geometry": {
        "type": "Point",
        "coordinates": [
          8.83590204573989,
          44.73502412349017
        ]
      },
      "properties": {
        "id": "n_5ada29a76b29165a5e000096",
        "map": "f_5ad9fd551de18c4557000001",
        "externalId": "NODE-8RAH4VJ7",
        "neighbors": [
          {
            "id": "n_5ada29a56b29165a5e000095",
            "weight": 0
          }
        ],
        "space": [
          "s_5ad9fd751de18c4557000171"
        ],
        "flags": [
          1
        ]
      }
    },
    {
      "type": "Feature",
      "geometry": {
        "type": "Point",
        "coordinates": [
          8.835682547286108,
          44.734997345220904
        ]
      },
      "properties": {
        "id": "n_5ada29af6b29165a5e000097",
        "map": "f_5ad9fd551de18c4557000001",
        "externalId": "NODE-EEQLC7JQ",
        "neighbors": [
          {
            "id": "n_5ada29b06b29165a5e000098",
            "weight": 0
          }
        ],
        "space": [
          "s_5ad9fd751de18c45570000e7"
        ],
        "flags": [
          1
        ]
      }
    },
    {
      "type": "Feature",
      "geometry": {
        "type": "Point",
        "coordinates": [
          8.83579293834519,
          44.7349771734902
        ]
      },
      "properties": {
        "id": "n_5ada29b06b29165a5e000098",
        "map": "f_5ad9fd551de18c4557000001",
        "externalId": "NODE-OhY35Hz7",
        "neighbors": [
          {
            "id": "n_5ada29af6b29165a5e000097",
            "weight": 0
          },
          {
            "id": "n_5ada29c26b29165a5e00009f",
            "weight": 0
          },
          {
            "id": "n_6528592df9a78c7767a88461",
            "weight": 0
          }
        ],
        "space": [],
        "flags": [
          1
        ]
      }
    },
    {
      "type": "Feature",
      "geometry": {
        "type": "Point",
        "coordinates": [
          8.83551330194849,
          44.73484724374753
        ]
      },
      "properties": {
        "id": "n_5ada29b76b29165a5e00009b",
        "map": "f_5ad9fd551de18c4557000001",
        "externalId": "NODE-OW4LVH9T",
        "neighbors": [
          {
            "id": "n_5ada29b86b29165a5e00009c",
            "weight": 0
          }
        ],
        "space": [
          "s_68f794253885a068c87c2091"
        ],
        "flags": [
          1
        ]
      }
    },
    {
      "type": "Feature",
      "geometry": {
        "type": "Point",
        "coordinates": [
          8.83548764655077,
          44.7347724487442
        ]
      },
      "properties": {
        "id": "n_5ada29b86b29165a5e00009c",
        "map": "f_5ad9fd551de18c4557000001",
        "externalId": "NODE-TT0VXWNC",
        "neighbors": [
          {
            "id": "n_5ada29b76b29165a5e00009b",
            "weight": 0
          },
          {
            "id": "n_5ada2a836b29165a5e0000ae",
            "weight": 0
          },
          {
            "id": "n_5ada2a866b29165a5e0000af",
            "weight": 0
          },
          {
            "id": "n_5c3618bfa7e47b066000000c",
            "weight": 0
          }
        ],
        "space": [],
        "flags": [
          1
        ]
      }
    },
    {
      "type": "Feature",
      "geometry": {
        "type": "Point",
        "coordinates": [
          8.83559508417788,
          44.73494993266857
        ]
      },
      "properties": {
        "id": "n_5ada29c16b29165a5e00009e",
        "map": "f_5ad9fd551de18c4557000001",
        "externalId": "NODE-RZGJUVOK",
        "neighbors": [
          {
            "id": "n_5ada29c26b29165a5e00009f",
            "weight": 0
          }
        ],
        "space": [
          "s_5c597b8da7e47b23c1000016"
        ],
        "flags": [
          1
        ]
      }
    },
    {
      "type": "Feature",
      "geometry": {
        "type": "Point",
        "coordinates": [
          8.835773880314896,
          44.734922714429516
        ]
      },
      "properties": {
        "id": "n_5ada29c26b29165a5e00009f",
        "map": "f_5ad9fd551de18c4557000001",
        "externalId": "NODE-9HYTMGR1",
        "neighbors": [
          {
            "id": "n_5ada29c16b29165a5e00009e",
            "weight": 0
          },
          {
            "id": "n_5ada29b06b29165a5e000098",
            "weight": 0
          },
          {
            "id": "n_5afc983646495d1035000020",
            "weight": 0
          }
        ],
        "space": [],
        "flags": [
          1
        ]
      }
    },
    {
      "type": "Feature",
      "geometry": {
        "type": "Point",
        "coordinates": [
          8.835893636812196,
          44.73474795978699
        ]
      },
      "properties": {
        "id": "n_5ada29d76b29165a5e0000a2",
        "map": "f_5ad9fd551de18c4557000001",
        "externalId": "NODE-WSVRD6ZB",
        "neighbors": [
          {
            "id": "n_5ada29d86b29165a5e0000a3",
            "weight": 0
          }
        ],
        "space": [
          "s_5ad9fd751de18c455700016d"
        ],
        "flags": [
          1
        ]
      }
    },
    {
      "type": "Feature",
      "geometry": {
        "type": "Point",
        "coordinates": [
          8.835793712002726,
          44.73471886068292
        ]
      },
      "properties": {
        "id": "n_5ada29d86b29165a5e0000a3",
        "map": "f_5ad9fd551de18c4557000001",
        "externalId": "NODE-T6MUGC8D",
        "neighbors": [
          {
            "id": "n_5ada29d76b29165a5e0000a2",
            "weight": 0
          },
          {
            "id": "n_5ada28f66b29165a5e000076",
            "weight": 0
          },
          {
            "id": "n_5adf361d91d0c55f86000002",
            "weight": 0
          },
          {
            "id": "n_5ada2a766b29165a5e0000a9",
            "weight": 0
          }
        ],
        "space": [],
        "flags": [
          1
        ]
      }
    },
    {
      "type": "Feature",
      "geometry": {
        "type": "Point",
        "coordinates": [
          8.836078932776044,
          44.73455315838373
        ]
      },
      "properties": {
        "id": "n_5ada29e96b29165a5e0000a5",
        "map": "f_5ad9fd551de18c4557000001",
        "externalId": "NODE-GZ3V3570",
        "neighbors": [
          {
            "id": "n_5afc4ba446495d6f4900000f",
            "weight": 0
          },
          {
            "id": "n_5b05d1b1f3ea235770000000",
            "weight": 0
          },
          {
            "id": "n_5c3f0a06a7e47b56a3000001",
            "weight": 0
          }
        ],
        "space": [],
        "flags": [
          1
        ]
      }
    },
    {
      "type": "Feature",
      "geometry": {
        "type": "Point",
        "coordinates": [
          8.835984746937928,
          44.73442758676461
        ]
      },
      "properties": {
        "id": "n_5ada29f26b29165a5e0000a6",
        "map": "f_5ad9fd551de18c4557000001",
        "externalId": "NODE-BIBZL3OU",
        "neighbors": [
          {
            "id": "n_5c3f0a06a7e47b56a3000001",
            "weight": 0
          }
        ],
        "space": [
          "s_5ad9fd751de18c45570000b8"
        ],
        "flags": [
          1
        ]
      }
    },
    {
      "type": "Feature",
      "geometry": {
        "type": "Point",
        "coordinates": [
          8.835657065138616,
          44.73458526249079
        ]
      },
      "properties": {
        "id": "n_5ada2a706b29165a5e0000a7",
        "map": "f_5ad9fd551de18c4557000001",
        "externalId": "NODE-N6Z1OC8M",
        "neighbors": [
          {
            "id": "n_5ada2a7b6b29165a5e0000ab",
            "weight": 0
          },
          {
            "id": "n_5ada2a7f6b29165a5e0000ad",
            "weight": 0
          },
          {
            "id": "n_5ada2a766b29165a5e0000a9",
            "weight": 0
          },
          {
            "id": "n_6582d274a10a126e257ae69c",
            "weight": 0
          }
        ],
        "space": [],
        "flags": [
          1
        ]
      }
    },
    {
      "type": "Feature",
      "geometry": {
        "type": "Point",
        "coordinates": [
          8.835804654329197,
          44.73446111011705
        ]
      },
      "properties": {
        "id": "n_5ada2a756b29165a5e0000a8",
        "map": "f_5ad9fd551de18c4557000001",
        "externalId": "NODE-8U7FI1LC",
        "neighbors": [
          {
            "id": "n_5ada2a766b29165a5e0000a9",
            "weight": 0
          }
        ],
        "space": [
          "s_5adde0656b29160c7500000d"
        ],
        "flags": [
          1
        ]
      }
    },
    {
      "type": "Feature",
      "geometry": {
        "type": "Point",
        "coordinates": [
          8.835841460927131,
          44.73455438267853
        ]
      },
      "properties": {
        "id": "n_5ada2a766b29165a5e0000a9",
        "map": "f_5ad9fd551de18c4557000001",
        "externalId": "NODE-MDYI5YW5",
        "neighbors": [
          {
            "id": "n_5ada2a756b29165a5e0000a8",
            "weight": 0
          },
          {
            "id": "n_5ada2a706b29165a5e0000a7",
            "weight": 0
          },
          {
            "id": "n_5ada29d86b29165a5e0000a3",
            "weight": 0
          },
          {
            "id": "n_5c3f0a06a7e47b56a3000001",
            "weight": 0
          }
        ],
        "space": [],
        "flags": [
          1
        ]
      }
    },
    {
      "type": "Feature",
      "geometry": {
        "type": "Point",
        "coordinates": [
          8.835620262463438,
          44.73448837241464
        ]
      },
      "properties": {
        "id": "n_5ada2a7b6b29165a5e0000ab",
        "map": "f_5ad9fd551de18c4557000001",
        "externalId": "NODE-XTQ59322",
        "neighbors": [
          {
            "id": "n_5ada2a706b29165a5e0000a7",
            "weight": 0
          }
        ],
        "space": [
          "s_5ad9fd751de18c45570000b7"
        ],
        "flags": [
          1
        ]
      }
    },
    {
      "type": "Feature",
      "geometry": {
        "type": "Point",
        "coordinates": [
          8.83544429003328,
          44.73459639736406
        ]
      },
      "properties": {
        "id": "n_5ada2a7e6b29165a5e0000ac",
        "map": "f_5ad9fd551de18c4557000001",
        "externalId": "NODE-Q5ISLOTM",
        "neighbors": [
          {
            "id": "n_5ada2a7f6b29165a5e0000ad",
            "weight": 0
          }
        ],
        "space": [
          "s_5ad9fd751de18c45570000b6"
        ],
        "flags": [
          1
        ]
      }
    },
    {
      "type": "Feature",
      "geometry": {
        "type": "Point",
        "coordinates": [
          8.835519650323016,
          44.73465920189277
        ]
      },
      "properties": {
        "id": "n_5ada2a7f6b29165a5e0000ad",
        "map": "f_5ad9fd551de18c4557000001",
        "externalId": "NODE-IF5M9ID8",
        "neighbors": [
          {
            "id": "n_5ada2a7e6b29165a5e0000ac",
            "weight": 0
          },
          {
            "id": "n_5ada2a706b29165a5e0000a7",
            "weight": 0
          },
          {
            "id": "n_5ada2a836b29165a5e0000ae",
            "weight": 0
          },
          {
            "id": "n_5ada2a866b29165a5e0000af",
            "weight": 0
          }
        ],
        "space": [],
        "flags": [
          1
        ]
      }
    },
    {
      "type": "Feature",
      "geometry": {
        "type": "Point",
        "coordinates": [
          8.835624746472803,
          44.73474906101569
        ]
      },
      "properties": {
        "id": "n_5ada2a836b29165a5e0000ae",
        "map": "f_5ad9fd551de18c4557000001",
        "externalId": "NODE-HM3IG6C0",
        "neighbors": [
          {
            "id": "n_5ada2a7f6b29165a5e0000ad",
            "weight": 0
          },
          {
            "id": "n_5ada28f66b29165a5e000076",
            "weight": 0
          },
          {
            "id": "n_5ada29b86b29165a5e00009c",
            "weight": 0
          },
          {
            "id": "n_5adf361d91d0c55f86000002",
            "weight": 0
          }
        ],
        "space": [],
        "flags": [
          1
        ]
      }
    },
    {
      "type": "Feature",
      "geometry": {
        "type": "Point",
        "coordinates": [
          8.835432019180642,
          44.73470685108259
        ]
      },
      "properties": {
        "id": "n_5ada2a866b29165a5e0000af",
        "map": "f_5ad9fd551de18c4557000001",
        "externalId": "NODE-UI0WPQQS",
        "neighbors": [
          {
            "id": "n_5ada29b86b29165a5e00009c",
            "weight": 0
          },
          {
            "id": "n_5ada2a7f6b29165a5e0000ad",
            "weight": 0
          },
          {
            "id": "n_5ada2aa16b29165a5e0000b7",
            "weight": 0
          },
          {
            "id": "n_5b5b32f7f3ea2373c1000000",
            "weight": 0
          }
        ],
        "space": [],
        "flags": [
          1
        ]
      }
    },
    {
      "type": "Feature",
      "geometry": {
        "type": "Point",
        "coordinates": [
          8.835327726362525,
          44.73476355982258
        ]
      },
      "properties": {
        "id": "n_5ada2aa16b29165a5e0000b7",
        "map": "f_5ad9fd551de18c4557000001",
        "externalId": "NODE-Y5YI1QYU",
        "neighbors": [
          {
            "id": "n_5ada26ce6b29165a5e00001a",
            "weight": 0
          },
          {
            "id": "n_5ada2a866b29165a5e0000af",
            "weight": 0
          },
          {
            "id": "n_5ada2ab26b29165a5e0000bc",
            "weight": 0
          },
          {
            "id": "n_5b7d808fcb861429a9000002",
            "weight": 0
          }
        ],
        "space": [],
        "flags": [
          1
        ]
      }
    },
    {
      "type": "Feature",
      "geometry": {
        "type": "Point",
        "coordinates": [
          8.83524008016022,
          44.73487246584868
        ]
      },
      "properties": {
        "id": "n_5ada2aa66b29165a5e0000b9",
        "map": "f_5ad9fd551de18c4557000001",
        "externalId": "NODE-90Z0J058",
        "neighbors": [
          {
            "id": "n_5ada26ce6b29165a5e00001a",
            "weight": 0
          }
        ],
        "space": [
          "s_5ad9fd751de18c45570000db"
        ],
        "flags": [
          1
        ]
      }
    },
    {
      "type": "Feature",
      "geometry": {
        "type": "Point",
        "coordinates": [
          8.835364642118533,
          44.73485823328109
        ]
      },
      "properties": {
        "id": "n_5ada2ab16b29165a5e0000bb",
        "map": "f_5ad9fd551de18c4557000001",
        "externalId": "NODE-TLLH8Y6B",
        "neighbors": [
          {
            "id": "n_5ada2ab26b29165a5e0000bc",
            "weight": 0
          }
        ],
        "space": [
          "s_5ad9fd751de18c45570000dc"
        ],
        "flags": [
          1
        ]
      }
    },
    {
      "type": "Feature",
      "geometry": {
        "type": "Point",
        "coordinates": [
          8.835343999293768,
          44.73479867759835
        ]
      },
      "properties": {
        "id": "n_5ada2ab26b29165a5e0000bc",
        "map": "f_5ad9fd551de18c4557000001",
        "externalId": "NODE-TJJ7V64M",
        "neighbors": [
          {
            "id": "n_5ada2ab16b29165a5e0000bb",
            "weight": 0
          },
          {
            "id": "n_5ada26ce6b29165a5e00001a",
            "weight": 0
          },
          {
            "id": "n_5ada2aa16b29165a5e0000b7",
            "weight": 0
          },
          {
            "id": "n_5c3618bfa7e47b066000000c",
            "weight": 0
          }
        ],
        "space": [],
        "flags": [
          1
        ]
      }
    },
    {
      "type": "Feature",
      "geometry": {
        "type": "Point",
        "coordinates": [
          8.836010473570376,
          44.73430248473655
        ]
      },
      "properties": {
        "id": "n_5ada2b296b29165a5e0000be",
        "map": "f_5ad9fd551de18c4557000001",
        "externalId": "NODE-OOWZ3OYM",
        "neighbors": [
          {
            "id": "n_5ada2b2a6b29165a5e0000bf",
            "weight": 0
          }
        ],
        "space": [
          "s_5ad9fd751de18c45570000b8"
        ],
        "flags": [
          1
        ]
      }
    },
    {
      "type": "Feature",
      "geometry": {
        "type": "Point",
        "coordinates": [
          8.836086454834977,
          44.734290488094835
        ]
      },
      "properties": {
        "id": "n_5ada2b2a6b29165a5e0000bf",
        "map": "f_5ad9fd551de18c4557000001",
        "externalId": "NODE-GHHHVY4S",
        "neighbors": [
          {
            "id": "n_5ada2b296b29165a5e0000be",
            "weight": 0
          },
          {
            "id": "n_5ada26c06b29165a5e000018",
            "weight": 0
          },
          {
            "id": "n_5ada2b2c6b29165a5e0000c0",
            "weight": 0
          },
          {
            "id": "n_5ada2b516b29165a5e0000cb",
            "weight": 0
          }
        ],
        "space": [],
        "flags": [
          1
        ]
      }
    },
    {
      "type": "Feature",
      "geometry": {
        "type": "Point",
        "coordinates": [
          8.836171886251336,
          44.73427562212424
        ]
      },
      "properties": {
        "id": "n_5ada2b2c6b29165a5e0000c0",
        "map": "f_5ad9fd551de18c4557000001",
        "externalId": "NODE-Z6ES0OLJ",
        "neighbors": [
          {
            "id": "n_5ada2b2a6b29165a5e0000bf",
            "weight": 0
          }
        ],
        "space": [
          "s_5ad9fd751de18c45570000b4"
        ],
        "flags": [
          1
        ]
      }
    },
    {
      "type": "Feature",
      "geometry": {
        "type": "Point",
        "coordinates": [
          8.83636891894792,
          44.734558354297974
        ]
      },
      "properties": {
        "id": "n_5ada2b3d6b29165a5e0000c3",
        "map": "f_5ad9fd551de18c4557000001",
        "externalId": "NODE-1VCPVOH5",
        "neighbors": [
          {
            "id": "n_5afc4b6346495d6f4900000c",
            "weight": 0
          }
        ],
        "space": [
          "s_5ad9fd751de18c45570000f6"
        ],
        "flags": [
          1
        ]
      }
    },
    {
      "type": "Feature",
      "geometry": {
        "type": "Point",
        "coordinates": [
          8.836263621628575,
          44.73435869893122
        ]
      },
      "properties": {
        "id": "n_5ada2b406b29165a5e0000c4",
        "map": "f_5ad9fd551de18c4557000001",
        "externalId": "NODE-KKLTOA7O",
        "neighbors": [
          {
            "id": "n_5ada26c06b29165a5e000018",
            "weight": 0
          }
        ],
        "space": [
          "s_5ad9fd751de18c45570000b4"
        ],
        "flags": [
          1
        ]
      }
    },
    {
      "type": "Feature",
      "geometry": {
        "type": "Point",
        "coordinates": [
          8.836046113314586,
          44.73396083903529
        ]
      },
      "properties": {
        "id": "n_5ada2b446b29165a5e0000c5",
        "map": "f_5ad9fd551de18c4557000001",
        "externalId": "NODE-RYYRKMQX",
        "neighbors": [
          {
            "id": "n_5ada2b456b29165a5e0000c6",
            "weight": 0
          }
        ],
        "space": [
          "s_5ad9fd751de18c45570000b5"
        ],
        "flags": [
          1
        ]
      }
    },
    {
      "type": "Feature",
      "geometry": {
        "type": "Point",
        "coordinates": [
          8.835936143495346,
          44.733979527703184
        ]
      },
      "properties": {
        "id": "n_5ada2b456b29165a5e0000c6",
        "map": "f_5ad9fd551de18c4557000001",
        "externalId": "NODE-02E7P15X",
        "neighbors": [
          {
            "id": "n_5ada2b446b29165a5e0000c5",
            "weight": 0
          },
          {
            "id": "n_5ada26b56b29165a5e000017",
            "weight": 0
          },
          {
            "id": "n_5ada2b486b29165a5e0000c7",
            "weight": 0
          },
          {
            "id": "n_5ada2b4c6b29165a5e0000c9",
            "weight": 0
          }
        ],
        "space": [],
        "flags": [
          1
        ]
      }
    },
    {
      "type": "Feature",
      "geometry": {
        "type": "Point",
        "coordinates": [
          8.835853666084269,
          44.73399354413483
        ]
      },
      "properties": {
        "id": "n_5ada2b486b29165a5e0000c7",
        "map": "f_5ad9fd551de18c4557000001",
        "externalId": "NODE-M813RG41",
        "neighbors": [
          {
            "id": "n_5ada2b456b29165a5e0000c6",
            "weight": 0
          }
        ],
        "space": [
          "s_5ad9fd751de18c45570000bb"
        ],
        "flags": [
          1
        ]
      }
    },
    {
      "type": "Feature",
      "geometry": {
        "type": "Point",
        "coordinates": [
          8.835880216245442,
          44.73407190838211
        ]
      },
      "properties": {
        "id": "n_5ada2b4b6b29165a5e0000c8",
        "map": "f_5ad9fd551de18c4557000001",
        "externalId": "NODE-X0VZGGU3",
        "neighbors": [
          {
            "id": "n_5ada2b4c6b29165a5e0000c9",
            "weight": 0
          }
        ],
        "space": [
          "s_5dada1d0a7e47b18a4000000"
        ],
        "flags": [
          1
        ]
      }
    },
    {
      "type": "Feature",
      "geometry": {
        "type": "Point",
        "coordinates": [
          8.835982627361796,
          44.73405208356736
        ]
      },
      "properties": {
        "id": "n_5ada2b4c6b29165a5e0000c9",
        "map": "f_5ad9fd551de18c4557000001",
        "externalId": "NODE-3JQO7NI7",
        "neighbors": [
          {
            "id": "n_5ada2b4b6b29165a5e0000c8",
            "weight": 0
          },
          {
            "id": "n_5ada2b456b29165a5e0000c6",
            "weight": 0
          },
          {
            "id": "n_5ada2b516b29165a5e0000cb",
            "weight": 0
          }
        ],
        "space": [],
        "flags": [
          1
        ]
      }
    },
    {
      "type": "Feature",
      "geometry": {
        "type": "Point",
        "coordinates": [
          8.835949683603838,
          44.734174022177896
        ]
      },
      "properties": {
        "id": "n_5ada2b506b29165a5e0000ca",
        "map": "f_5ad9fd551de18c4557000001",
        "externalId": "NODE-P3VXWGSX",
        "neighbors": [
          {
            "id": "n_5ada2b516b29165a5e0000cb",
            "weight": 0
          }
        ],
        "space": [
          "s_5dada1d0a7e47b18a4000000"
        ],
        "flags": [
          1
        ]
      }
    },
    {
      "type": "Feature",
      "geometry": {
        "type": "Point",
        "coordinates": [
          8.836036426254386,
          44.734157566266205
        ]
      },
      "properties": {
        "id": "n_5ada2b516b29165a5e0000cb",
        "map": "f_5ad9fd551de18c4557000001",
        "externalId": "NODE-L2LGZT9K",
        "neighbors": [
          {
            "id": "n_5ada2b506b29165a5e0000ca",
            "weight": 0
          },
          {
            "id": "n_5ada2b2a6b29165a5e0000bf",
            "weight": 0
          },
          {
            "id": "n_5ada2b4c6b29165a5e0000c9",
            "weight": 0
          }
        ],
        "space": [],
        "flags": [
          1
        ]
      }
    },
    {
      "type": "Feature",
      "geometry": {
        "type": "Point",
        "coordinates": [
          8.835804669392742,
          44.733931383219534
        ]
      },
      "properties": {
        "id": "n_5ada2b546b29165a5e0000cc",
        "map": "f_5ad9fd551de18c4557000001",
        "externalId": "NODE-SDBF77NI",
        "neighbors": [
          {
            "id": "n_5ada26b56b29165a5e000017",
            "weight": 0
          }
        ],
        "space": [
          "s_5ad9fd751de18c45570000bc"
        ],
        "flags": [
          1
        ]
      }
    },
    {
      "type": "Feature",
      "geometry": {
        "type": "Point",
        "coordinates": [
          8.835997116443906,
          44.733898678202294
        ]
      },
      "properties": {
        "id": "n_5ada2b576b29165a5e0000cd",
        "map": "f_5ad9fd551de18c4557000001",
        "externalId": "NODE-T6RO1JAS",
        "neighbors": [
          {
            "id": "n_5ada26b56b29165a5e000017",
            "weight": 0
          }
        ],
        "space": [
          "s_5ad9fd751de18c45570000b3"
        ],
        "flags": [
          1
        ]
      }
    },
    {
      "type": "Feature",
      "geometry": {
        "type": "Point",
        "coordinates": [
          8.83569248877544,
          44.733741120873255
        ]
      },
      "properties": {
        "id": "n_5ada2b5c6b29165a5e0000ce",
        "map": "f_5ad9fd551de18c4557000001",
        "externalId": "NODE-CAVZQ89D",
        "neighbors": [
          {
            "id": "n_5ada2b626b29165a5e0000cf",
            "weight": 0
          },
          {
            "id": "n_5afc7b1f46495d53f7000033",
            "weight": 5001
          }
        ],
        "space": [
          "s_5ad9fd751de18c45570000b2"
        ],
        "flags": [
          1
        ]
      }
    },
    {
      "type": "Feature",
      "geometry": {
        "type": "Point",
        "coordinates": [
          8.835739194804823,
          44.7337815992247
        ]
      },
      "properties": {
        "id": "n_5ada2b626b29165a5e0000cf",
        "map": "f_5ad9fd551de18c4557000001",
        "externalId": "NODE-HIXG5T8L",
        "neighbors": [
          {
            "id": "n_5ada2b5c6b29165a5e0000ce",
            "weight": 0
          },
          {
            "id": "n_5afc982046495d103500001f",
            "weight": 0
          },
          {
            "id": "n_609bccd0003ac91c41000002",
            "weight": 0
          }
        ],
        "space": [],
        "flags": [
          1
        ]
      }
    },
    {
      "type": "Feature",
      "geometry": {
        "type": "Point",
        "coordinates": [
          8.835475009588256,
          44.733160780254096
        ]
      },
      "properties": {
        "id": "n_5ada2ba36b29165a5e0000d2",
        "map": "f_5ad9fd551de18c4557000001",
        "externalId": "NODE-8HT14F36",
        "neighbors": [
          {
            "id": "n_5ada2d3e6b29165a5e000120",
            "weight": 0
          },
          {
            "id": "n_5afc7a7546495d53f700002e",
            "weight": 0
          },
          {
            "id": "n_5ae87b8dcde8804b3c000008",
            "weight": 0
          },
          {
            "id": "n_5ada26876b29165a5e00000e",
            "weight": 0
          }
        ],
        "space": [],
        "flags": [
          1
        ]
      }
    },
    {
      "type": "Feature",
      "geometry": {
        "type": "Point",
        "coordinates": [
          8.83570677557491,
          44.733099829711236
        ]
      },
      "properties": {
        "id": "n_5ada2baa6b29165a5e0000d3",
        "map": "f_5ad9fd551de18c4557000001",
        "externalId": "NODE-CE50B1TE",
        "neighbors": [
          {
            "id": "n_5ada2bab6b29165a5e0000d4",
            "weight": 0
          }
        ],
        "space": [
          "s_5ad9fd751de18c455700009a"
        ],
        "flags": [
          1
        ]
      }
    },
    {
      "type": "Feature",
      "geometry": {
        "type": "Point",
        "coordinates": [
          8.835658055748777,
          44.73306040001514
        ]
      },
      "properties": {
        "id": "n_5ada2bab6b29165a5e0000d4",
        "map": "f_5ad9fd551de18c4557000001",
        "externalId": "NODE-AD33CX6H",
        "neighbors": [
          {
            "id": "n_5ada2baa6b29165a5e0000d3",
            "weight": 0
          },
          {
            "id": "n_5ada26516b29165a5e000001",
            "weight": 0
          },
          {
            "id": "n_5ada2baf6b29165a5e0000d6",
            "weight": 0
          }
        ],
        "space": [],
        "flags": [
          1
        ]
      }
    },
    {
      "type": "Feature",
      "geometry": {
        "type": "Point",
        "coordinates": [
          8.83578140124247,
          44.73305285785326
        ]
      },
      "properties": {
        "id": "n_5ada2baf6b29165a5e0000d5",
        "map": "f_5ad9fd551de18c4557000001",
        "externalId": "NODE-CQJ5F9DG",
        "neighbors": [
          {
            "id": "n_5ada2baf6b29165a5e0000d6",
            "weight": 0
          }
        ],
        "space": [
          "s_5ad9fd751de18c455700009b"
        ],
        "flags": [
          1
        ]
      }
    },
    {
      "type": "Feature",
      "geometry": {
        "type": "Point",
        "coordinates": [
          8.835734250194905,
          44.73301408770777
        ]
      },
      "properties": {
        "id": "n_5ada2baf6b29165a5e0000d6",
        "map": "f_5ad9fd551de18c4557000001",
        "externalId": "NODE-N4NIJRYX",
        "neighbors": [
          {
            "id": "n_5ada2baf6b29165a5e0000d5",
            "weight": 0
          },
          {
            "id": "n_5ada2bab6b29165a5e0000d4",
            "weight": 0
          },
          {
            "id": "n_5ada2bb46b29165a5e0000d8",
            "weight": 0
          }
        ],
        "space": [],
        "flags": [
          1
        ]
      }
    },
    {
      "type": "Feature",
      "geometry": {
        "type": "Point",
        "coordinates": [
          8.83585288139747,
          44.73300892671384
        ]
      },
      "properties": {
        "id": "n_5ada2bb36b29165a5e0000d7",
        "map": "f_5ad9fd551de18c4557000001",
        "externalId": "NODE-RJQ8CFZN",
        "neighbors": [
          {
            "id": "n_5ada2bb46b29165a5e0000d8",
            "weight": 0
          }
        ],
        "space": [
          "s_5ad9fd751de18c45570000ad"
        ],
        "flags": [
          1
        ]
      }
    },
    {
      "type": "Feature",
      "geometry": {
        "type": "Point",
        "coordinates": [
          8.83580610494207,
          44.73297041303042
        ]
      },
      "properties": {
        "id": "n_5ada2bb46b29165a5e0000d8",
        "map": "f_5ad9fd551de18c4557000001",
        "externalId": "NODE-8KLZPKL6",
        "neighbors": [
          {
            "id": "n_5ada2bb36b29165a5e0000d7",
            "weight": 0
          },
          {
            "id": "n_5ada268f6b29165a5e00000f",
            "weight": 0
          },
          {
            "id": "n_5ada2baf6b29165a5e0000d6",
            "weight": 0
          },
          {
            "id": "n_5ae87f50cde8804b3c00000a",
            "weight": 0
          }
        ],
        "space": [],
        "flags": [
          1
        ]
      }
    },
    {
      "type": "Feature",
      "geometry": {
        "type": "Point",
        "coordinates": [
          8.835976662947708,
          44.7329625764878
        ]
      },
      "properties": {
        "id": "n_5ada2bb96b29165a5e0000d9",
        "map": "f_5ad9fd551de18c4557000001",
        "externalId": "NODE-DBUC0M54",
        "neighbors": [
          {
            "id": "n_5ada26946b29165a5e000010",
            "weight": 0
          }
        ],
        "space": [
          "s_5ad9fd751de18c45570000ae"
        ],
        "flags": [
          1
        ]
      }
    },
    {
      "type": "Feature",
      "geometry": {
        "type": "Point",
        "coordinates": [
          8.83583058997782,
          44.73288760060702
        ]
      },
      "properties": {
        "id": "n_5ada2bbd6b29165a5e0000da",
        "map": "f_5ad9fd551de18c4557000001",
        "externalId": "NODE-0OXMN86G",
        "neighbors": [
          {
            "id": "n_5ada268f6b29165a5e00000f",
            "weight": 0
          }
        ],
        "space": [
          "s_5af9af83385af4741f000003"
        ],
        "flags": [
          1
        ]
      }
    },
    {
      "type": "Feature",
      "geometry": {
        "type": "Point",
        "coordinates": [
          8.835996109082645,
          44.73281234429781
        ]
      },
      "properties": {
        "id": "n_5ada2bc26b29165a5e0000db",
        "map": "f_5ad9fd551de18c4557000001",
        "externalId": "NODE-7UYAKVX4",
        "neighbors": [
          {
            "id": "n_5ada2bc66b29165a5e0000dd",
            "weight": 0
          }
        ],
        "space": [
          "s_5ad9fd751de18c4557000086"
        ],
        "flags": [
          1
        ]
      }
    },
    {
      "type": "Feature",
      "geometry": {
        "type": "Point",
        "coordinates": [
          8.836037873789866,
          44.73284603226388
        ]
      },
      "properties": {
        "id": "n_5ada2bc66b29165a5e0000dd",
        "map": "f_5ad9fd551de18c4557000001",
        "externalId": "NODE-6EQ5QJB5",
        "neighbors": [
          {
            "id": "n_5ada2bc26b29165a5e0000db",
            "weight": 0
          },
          {
            "id": "n_5ada26946b29165a5e000010",
            "weight": 0
          },
          {
            "id": "n_5ada2bcb6b29165a5e0000de",
            "weight": 0
          },
          {
            "id": "n_5ada2bd06b29165a5e0000e0",
            "weight": 0
          }
        ],
        "space": [],
        "flags": [
          1
        ]
      }
    },
    {
      "type": "Feature",
      "geometry": {
        "type": "Point",
        "coordinates": [
          8.83609380654183,
          44.73289114827719
        ]
      },
      "properties": {
        "id": "n_5ada2bcb6b29165a5e0000de",
        "map": "f_5ad9fd551de18c4557000001",
        "externalId": "NODE-APHI98SI",
        "neighbors": [
          {
            "id": "n_5ada2bc66b29165a5e0000dd",
            "weight": 0
          }
        ],
        "space": [
          "s_5ad9fd751de18c45570000ac"
        ],
        "flags": [
          1
        ]
      }
    },
    {
      "type": "Feature",
      "geometry": {
        "type": "Point",
        "coordinates": [
          8.836171221911426,
          44.7328436687994
        ]
      },
      "properties": {
        "id": "n_5ada2bd06b29165a5e0000df",
        "map": "f_5ad9fd551de18c4557000001",
        "externalId": "NODE-0GRREBZX",
        "neighbors": [
          {
            "id": "n_5ada2bd06b29165a5e0000e0",
            "weight": 0
          }
        ],
        "space": [
          "s_5ad9fd751de18c455700009c"
        ],
        "flags": [
          1
        ]
      }
    },
    {
      "type": "Feature",
      "geometry": {
        "type": "Point",
        "coordinates": [
          8.83611541481423,
          44.732798253605786
        ]
      },
      "properties": {
        "id": "n_5ada2bd06b29165a5e0000e0",
        "map": "f_5ad9fd551de18c4557000001",
        "externalId": "NODE-EB5CASLH",
        "neighbors": [
          {
            "id": "n_5ada2bd06b29165a5e0000df",
            "weight": 0
          },
          {
            "id": "n_5ada266a6b29165a5e00000b",
            "weight": 0
          },
          {
            "id": "n_5ada2bc66b29165a5e0000dd",
            "weight": 0
          },
          {
            "id": "n_5ada2bd16b29165a5e0000e1",
            "weight": 0
          }
        ],
        "space": [],
        "flags": [
          1
        ]
      }
    },
    {
      "type": "Feature",
      "geometry": {
        "type": "Point",
        "coordinates": [
          8.836068505077215,
          44.73276007890851
        ]
      },
      "properties": {
        "id": "n_5ada2bd16b29165a5e0000e1",
        "map": "f_5ad9fd551de18c4557000001",
        "externalId": "NODE-19XR62Y9",
        "neighbors": [
          {
            "id": "n_5ada2bd06b29165a5e0000e0",
            "weight": 0
          }
        ],
        "space": [
          "s_5ad9fd751de18c4557000087"
        ],
        "flags": [
          1
        ]
      }
    },
    {
      "type": "Feature",
      "geometry": {
        "type": "Point",
        "coordinates": [
          8.836298519757584,
          44.73276095004899
        ]
      },
      "properties": {
        "id": "n_5ada2be06b29165a5e0000e4",
        "map": "f_5ad9fd551de18c4557000001",
        "externalId": "NODE-ST8TFCNC",
        "neighbors": [
          {
            "id": "n_5ada266a6b29165a5e00000b",
            "weight": 0
          }
        ],
        "space": [
          "s_5ad9fd751de18c455700009d"
        ],
        "flags": [
          1
        ]
      }
    },
    {
      "type": "Feature",
      "geometry": {
        "type": "Point",
        "coordinates": [
          8.836191732432289,
          44.73267301111204
        ]
      },
      "properties": {
        "id": "n_5ada2be36b29165a5e0000e5",
        "map": "f_5ad9fd551de18c4557000001",
        "externalId": "NODE-5VD79ANH",
        "neighbors": [
          {
            "id": "n_5ada266a6b29165a5e00000b",
            "weight": 0
          }
        ],
        "space": [
          "s_5ad9fd751de18c4557000088"
        ],
        "flags": [
          1
        ]
      }
    },
    {
      "type": "Feature",
      "geometry": {
        "type": "Point",
        "coordinates": [
          8.836373606505804,
          44.73266844544689
        ]
      },
      "properties": {
        "id": "n_5ada2beb6b29165a5e0000e6",
        "map": "f_5ad9fd551de18c4557000001",
        "externalId": "NODE-FNZQ5L6B",
        "neighbors": [
          {
            "id": "n_5ada2bed6b29165a5e0000e7",
            "weight": 0
          }
        ],
        "space": [
          "s_5ad9fd751de18c455700009e"
        ],
        "flags": [
          1
        ]
      }
    },
    {
      "type": "Feature",
      "geometry": {
        "type": "Point",
        "coordinates": [
          8.8363511734383,
          44.73260674987282
        ]
      },
      "properties": {
        "id": "n_5ada2bed6b29165a5e0000e7",
        "map": "f_5ad9fd551de18c4557000001",
        "externalId": "NODE-R6IZTHU5",
        "neighbors": [
          {
            "id": "n_5ada2beb6b29165a5e0000e6",
            "weight": 0
          },
          {
            "id": "n_5ada26696b29165a5e00000a",
            "weight": 0
          },
          {
            "id": "n_5ada2bf06b29165a5e0000e8",
            "weight": 0
          },
          {
            "id": "n_5afb2d374157f00649000059",
            "weight": 0
          }
        ],
        "space": [],
        "flags": [
          1
        ]
      }
    },
    {
      "type": "Feature",
      "geometry": {
        "type": "Point",
        "coordinates": [
          8.836332888407364,
          44.73255646215635
        ]
      },
      "properties": {
        "id": "n_5ada2bf06b29165a5e0000e8",
        "map": "f_5ad9fd551de18c4557000001",
        "externalId": "NODE-YGTXOK6U",
        "neighbors": [
          {
            "id": "n_5ada2bed6b29165a5e0000e7",
            "weight": 0
          }
        ],
        "space": [
          "s_5ad9fd751de18c455700008c"
        ],
        "flags": [
          1
        ]
      }
    },
    {
      "type": "Feature",
      "geometry": {
        "type": "Point",
        "coordinates": [
          8.83650148470002,
          44.73267573488146
        ]
      },
      "properties": {
        "id": "n_5ada2bf66b29165a5e0000e9",
        "map": "f_5ad9fd551de18c4557000001",
        "externalId": "NODE-JDHQDGJB",
        "neighbors": [
          {
            "id": "n_5afb2d374157f00649000059",
            "weight": 0
          }
        ],
        "space": [
          "s_5ad9fd751de18c455700009f"
        ],
        "flags": [
          1
        ]
      }
    },
    {
      "type": "Feature",
      "geometry": {
        "type": "Point",
        "coordinates": [
          8.836609411864142,
          44.73267670172652
        ]
      },
      "properties": {
        "id": "n_5ada2c0c6b29165a5e0000ea",
        "map": "f_5ad9fd551de18c4557000001",
        "externalId": "NODE-QEIVR63R",
        "neighbors": [
          {
            "id": "n_5afb2db14157f0064900005d",
            "weight": 0
          }
        ],
        "space": [
          "s_5ad9fd751de18c45570000a0"
        ],
        "flags": [
          1
        ]
      }
    },
    {
      "type": "Feature",
      "geometry": {
        "type": "Point",
        "coordinates": [
          8.83671836261126,
          44.73258208535441
        ]
      },
      "properties": {
        "id": "n_5ada2c166b29165a5e0000ec",
        "map": "f_5ad9fd551de18c4557000001",
        "externalId": "NODE-RUEH28P2",
        "neighbors": [
          {
            "id": "n_5ada26676b29165a5e000009",
            "weight": 0
          }
        ],
        "space": [
          "s_5ad9fd751de18c45570000ab"
        ],
        "flags": [
          1
        ]
      }
    },
    {
      "type": "Feature",
      "geometry": {
        "type": "Point",
        "coordinates": [
          8.836716982816643,
          44.73250753024689
        ]
      },
      "properties": {
        "id": "n_5ada2c196b29165a5e0000ed",
        "map": "f_5ad9fd551de18c4557000001",
        "externalId": "NODE-IS69OJJL",
        "neighbors": [
          {
            "id": "n_5afb2d594157f0064900005a",
            "weight": 0
          }
        ],
        "space": [
          "s_5ad9fd751de18c45570000a1"
        ],
        "flags": [
          1
        ]
      }
    },
    {
      "type": "Feature",
      "geometry": {
        "type": "Point",
        "coordinates": [
          8.836704235050156,
          44.73243637767703
        ]
      },
      "properties": {
        "id": "n_5ada2c1d6b29165a5e0000ef",
        "map": "f_5ad9fd551de18c4557000001",
        "externalId": "NODE-UN2TU5EO",
        "neighbors": [
          {
            "id": "n_5afb2b3f4157f0064900004d",
            "weight": 0
          }
        ],
        "space": [
          "s_5ad9fd751de18c45570000aa"
        ],
        "flags": [
          1
        ]
      }
    },
    {
      "type": "Feature",
      "geometry": {
        "type": "Point",
        "coordinates": [
          8.836432996880145,
          44.732488023023876
        ]
      },
      "properties": {
        "id": "n_5ada2c1e6b29165a5e0000f0",
        "map": "f_5ad9fd551de18c4557000001",
        "externalId": "NODE-GJHSPRVE",
        "neighbors": [
          {
            "id": "n_5ada2c206b29165a5e0000f1",
            "weight": 0
          },
          {
            "id": "n_5ada2c266b29165a5e0000f3",
            "weight": 0
          },
          {
            "id": "n_5afb2d374157f00649000059",
            "weight": 0
          },
          {
            "id": "n_5afc97bf46495d1035000019",
            "weight": 0
          }
        ],
        "space": [],
        "flags": [
          1
        ]
      }
    },
    {
      "type": "Feature",
      "geometry": {
        "type": "Point",
        "coordinates": [
          8.836365628215463,
          44.73249892226444
        ]
      },
      "properties": {
        "id": "n_5ada2c206b29165a5e0000f1",
        "map": "f_5ad9fd551de18c4557000001",
        "externalId": "NODE-0EBTD6N2",
        "neighbors": [
          {
            "id": "n_5ada2c1e6b29165a5e0000f0",
            "weight": 0
          }
        ],
        "space": [
          "s_5ad9fd751de18c455700008c"
        ],
        "flags": [
          1
        ]
      }
    },
    {
      "type": "Feature",
      "geometry": {
        "type": "Point",
        "coordinates": [
          8.836349666739508,
          44.73242473934668
        ]
      },
      "properties": {
        "id": "n_5ada2c256b29165a5e0000f2",
        "map": "f_5ad9fd551de18c4557000001",
        "externalId": "NODE-EGMD7R6W",
        "neighbors": [
          {
            "id": "n_5ada2c266b29165a5e0000f3",
            "weight": 0
          }
        ],
        "space": [
          "s_5ad9fd751de18c4557000089"
        ],
        "flags": [
          1
        ]
      }
    },
    {
      "type": "Feature",
      "geometry": {
        "type": "Point",
        "coordinates": [
          8.836407018034008,
          44.73241380217396
        ]
      },
      "properties": {
        "id": "n_5ada2c266b29165a5e0000f3",
        "map": "f_5ad9fd551de18c4557000001",
        "externalId": "NODE-8YSFSXXW",
        "neighbors": [
          {
            "id": "n_5ada2c256b29165a5e0000f2",
            "weight": 0
          },
          {
            "id": "n_5ada2c1e6b29165a5e0000f0",
            "weight": 0
          },
          {
            "id": "n_5ada2c2f6b29165a5e0000f6",
            "weight": 0
          }
        ],
        "space": [],
        "flags": [
          1
        ]
      }
    },
    {
      "type": "Feature",
      "geometry": {
        "type": "Point",
        "coordinates": [
          8.836680291732959,
          44.73236218425314
        ]
      },
      "properties": {
        "id": "n_5ada2c2b6b29165a5e0000f4",
        "map": "f_5ad9fd551de18c4557000001",
        "externalId": "NODE-MT63JKGT",
        "neighbors": [
          {
            "id": "n_5afb2b454157f0064900004e",
            "weight": 0
          }
        ],
        "space": [
          "s_5ad9fd751de18c45570000a9"
        ],
        "flags": [
          1
        ]
      }
    },
    {
      "type": "Feature",
      "geometry": {
        "type": "Point",
        "coordinates": [
          8.836660946478876,
          44.73231472671617
        ]
      },
      "properties": {
        "id": "n_5ada2c2e6b29165a5e0000f5",
        "map": "f_5ad9fd551de18c4557000001",
        "externalId": "NODE-V4KKJG37",
        "neighbors": [
          {
            "id": "n_5afb2b474157f0064900004f",
            "weight": 0
          }
        ],
        "space": [
          "s_5ad9fd751de18c45570000a8"
        ],
        "flags": [
          1
        ]
      }
    },
    {
      "type": "Feature",
      "geometry": {
        "type": "Point",
        "coordinates": [
          8.836391400429912,
          44.73236476069611
        ]
      },
      "properties": {
        "id": "n_5ada2c2f6b29165a5e0000f6",
        "map": "f_5ad9fd551de18c4557000001",
        "externalId": "NODE-IYY6LVZU",
        "neighbors": [
          {
            "id": "n_5ada2c266b29165a5e0000f3",
            "weight": 0
          },
          {
            "id": "n_5ada2c436b29165a5e0000fd",
            "weight": 0
          },
          {
            "id": "n_5afb2c774157f00649000053",
            "weight": 0
          },
          {
            "id": "n_5afb2b474157f0064900004f",
            "weight": 0
          }
        ],
        "space": [],
        "flags": [
          1
        ]
      }
    },
    {
      "type": "Feature",
      "geometry": {
        "type": "Point",
        "coordinates": [
          8.83662547208158,
          44.7322497060338
        ]
      },
      "properties": {
        "id": "n_5ada2c336b29165a5e0000f7",
        "map": "f_5ad9fd551de18c4557000001",
        "externalId": "NODE-SX1JHRVI",
        "neighbors": [
          {
            "id": "n_5afb2c9e4157f00649000055",
            "weight": 0
          }
        ],
        "space": [
          "s_5ad9fd751de18c45570000a7"
        ],
        "flags": [
          1
        ]
      }
    },
    {
      "type": "Feature",
      "geometry": {
        "type": "Point",
        "coordinates": [
          8.836536756770807,
          44.73215940717081
        ]
      },
      "properties": {
        "id": "n_5ada2c396b29165a5e0000f9",
        "map": "f_5ad9fd551de18c4557000001",
        "externalId": "NODE-JBKM8SZC",
        "neighbors": [
          {
            "id": "n_5afb2ca24157f00649000056",
            "weight": 0
          }
        ],
        "space": [
          "s_5ad9fd751de18c45570000a6"
        ],
        "flags": [
          1
        ]
      }
    },
    {
      "type": "Feature",
      "geometry": {
        "type": "Point",
        "coordinates": [
          8.836402881402517,
          44.732142288833046
        ]
      },
      "properties": {
        "id": "n_5ada2c3c6b29165a5e0000fa",
        "map": "f_5ad9fd551de18c4557000001",
        "externalId": "NODE-KKHOCCHH",
        "neighbors": [
          {
            "id": "n_5ada26646b29165a5e000008",
            "weight": 0
          }
        ],
        "space": [
          "s_6932e9a9059e3deeafe12955"
        ],
        "flags": [
          1
        ]
      }
    },
    {
      "type": "Feature",
      "geometry": {
        "type": "Point",
        "coordinates": [
          8.836305179547892,
          44.73232834856594
        ]
      },
      "properties": {
        "id": "n_5ada2c406b29165a5e0000fb",
        "map": "f_5ad9fd551de18c4557000001",
        "externalId": "NODE-631ISKS1",
        "neighbors": [
          {
            "id": "n_5ada2c406b29165a5e0000fc",
            "weight": 0
          }
        ],
        "space": [
          "s_5ad9fd751de18c455700008b"
        ],
        "flags": [
          1
        ]
      }
    },
    {
      "type": "Feature",
      "geometry": {
        "type": "Point",
        "coordinates": [
          8.836287716016917,
          44.73227942829735
        ]
      },
      "properties": {
        "id": "n_5ada2c406b29165a5e0000fc",
        "map": "f_5ad9fd551de18c4557000001",
        "externalId": "NODE-OVEEC7R1",
        "neighbors": [
          {
            "id": "n_5ada2c406b29165a5e0000fb",
            "weight": 0
          },
          {
            "id": "n_5afc97e846495d103500001c",
            "weight": 0
          },
          {
            "id": "n_5afb2c774157f00649000053",
            "weight": 0
          }
        ],
        "space": [],
        "flags": [
          1
        ]
      }
    },
    {
      "type": "Feature",
      "geometry": {
        "type": "Point",
        "coordinates": [
          8.836323136761731,
          44.73237869642414
        ]
      },
      "properties": {
        "id": "n_5ada2c436b29165a5e0000fd",
        "map": "f_5ad9fd551de18c4557000001",
        "externalId": "NODE-18N6WK2E",
        "neighbors": [
          {
            "id": "n_5ada2c2f6b29165a5e0000f6",
            "weight": 0
          }
        ],
        "space": [
          "s_5ad9fd751de18c455700008b"
        ],
        "flags": [
          1
        ]
      }
    },
    {
      "type": "Feature",
      "geometry": {
        "type": "Point",
        "coordinates": [
          8.836187268408269,
          44.73234874365132
        ]
      },
      "properties": {
        "id": "n_5ada2c856b29165a5e000100",
        "map": "f_5ad9fd551de18c4557000001",
        "externalId": "NODE-7PTJITTL",
        "neighbors": [
          {
            "id": "n_5ada2c976b29165a5e000106",
            "weight": 0
          }
        ],
        "space": [
          "s_5ad9fd751de18c455700008a"
        ],
        "flags": [
          1
        ]
      }
    },
    {
      "type": "Feature",
      "geometry": {
        "type": "Point",
        "coordinates": [
          8.836215538440685,
          44.73223179979019
        ]
      },
      "properties": {
        "id": "n_5ada2c896b29165a5e000101",
        "map": "f_5ad9fd551de18c4557000001",
        "externalId": "NODE-M1Q1CKHU",
        "neighbors": [
          {
            "id": "n_5ada2c8a6b29165a5e000102",
            "weight": 0
          }
        ],
        "space": [
          "s_5ada2c566b29165a5e0000fe"
        ],
        "flags": [
          1
        ]
      }
    },
    {
      "type": "Feature",
      "geometry": {
        "type": "Point",
        "coordinates": [
          8.836238491129935,
          44.73228801863286
        ]
      },
      "properties": {
        "id": "n_5ada2c8a6b29165a5e000102",
        "map": "f_5ad9fd551de18c4557000001",
        "externalId": "NODE-SCK4ZL2O",
        "neighbors": [
          {
            "id": "n_5ada2c896b29165a5e000101",
            "weight": 0
          },
          {
            "id": "n_5ada26626b29165a5e000007",
            "weight": 0
          },
          {
            "id": "n_5afc97e846495d103500001c",
            "weight": 0
          }
        ],
        "space": [],
        "flags": [
          1
        ]
      }
    },
    {
      "type": "Feature",
      "geometry": {
        "type": "Point",
        "coordinates": [
          8.836133210875877,
          44.73226857525614
        ]
      },
      "properties": {
        "id": "n_5ada2c8c6b29165a5e000103",
        "map": "f_5ad9fd551de18c4557000001",
        "externalId": "NODE-K06VWI8R",
        "neighbors": [
          {
            "id": "n_5ada26626b29165a5e000007",
            "weight": 0
          }
        ],
        "space": [
          "s_5ada2c566b29165a5e0000ff"
        ],
        "flags": [
          1
        ]
      }
    },
    {
      "type": "Feature",
      "geometry": {
        "type": "Point",
        "coordinates": [
          8.83605997293344,
          44.73231448580623
        ]
      },
      "properties": {
        "id": "n_5ada2c8f6b29165a5e000104",
        "map": "f_5ad9fd551de18c4557000001",
        "externalId": "NODE-MLV87BTG",
        "neighbors": [
          {
            "id": "n_5ada2c906b29165a5e000105",
            "weight": 0
          }
        ],
        "space": [
          "s_5ad9fd751de18c45570000a2"
        ],
        "flags": [
          1
        ]
      }
    },
    {
      "type": "Feature",
      "geometry": {
        "type": "Point",
        "coordinates": [
          8.836096576385437,
          44.73234472494894
        ]
      },
      "properties": {
        "id": "n_5ada2c906b29165a5e000105",
        "map": "f_5ad9fd551de18c4557000001",
        "externalId": "NODE-KYIQVO6A",
        "neighbors": [
          {
            "id": "n_5ada2c8f6b29165a5e000104",
            "weight": 0
          },
          {
            "id": "n_5ada2c976b29165a5e000106",
            "weight": 0
          },
          {
            "id": "n_5ada2ca86b29165a5e000108",
            "weight": 0
          }
        ],
        "space": [],
        "flags": [
          1
        ]
      }
    },
    {
      "type": "Feature",
      "geometry": {
        "type": "Point",
        "coordinates": [
          8.836146636367216,
          44.73231436665583
        ]
      },
      "properties": {
        "id": "n_5ada2c976b29165a5e000106",
        "map": "f_5ad9fd551de18c4557000001",
        "externalId": "NODE-0JN0CE0F",
        "neighbors": [
          {
            "id": "n_5ada2c856b29165a5e000100",
            "weight": 100
          },
          {
            "id": "n_5ada26626b29165a5e000007",
            "weight": 0
          },
          {
            "id": "n_5ada2c906b29165a5e000105",
            "weight": 0
          }
        ],
        "space": [],
        "flags": [
          1
        ]
      }
    },
    {
      "type": "Feature",
      "geometry": {
        "type": "Point",
        "coordinates": [
          8.836044820173994,
          44.73243169229143
        ]
      },
      "properties": {
        "id": "n_5ada2ca66b29165a5e000107",
        "map": "f_5ad9fd551de18c4557000001",
        "externalId": "NODE-XYHSH5TU",
        "neighbors": [
          {
            "id": "n_5ada2ca86b29165a5e000108",
            "weight": 0
          }
        ],
        "space": [
          "s_5ad9fd751de18c4557000083"
        ],
        "flags": [
          1
        ]
      }
    },
    {
      "type": "Feature",
      "geometry": {
        "type": "Point",
        "coordinates": [
          8.836006479897897,
          44.732399362779404
        ]
      },
      "properties": {
        "id": "n_5ada2ca86b29165a5e000108",
        "map": "f_5ad9fd551de18c4557000001",
        "externalId": "NODE-8V06FFVA",
        "neighbors": [
          {
            "id": "n_5ada2ca66b29165a5e000107",
            "weight": 0
          },
          {
            "id": "n_5ada2c906b29165a5e000105",
            "weight": 0
          },
          {
            "id": "n_5ada2cac6b29165a5e000109",
            "weight": 0
          },
          {
            "id": "n_5ada2cbb6b29165a5e00010b",
            "weight": 0
          }
        ],
        "space": [],
        "flags": [
          1
        ]
      }
    },
    {
      "type": "Feature",
      "geometry": {
        "type": "Point",
        "coordinates": [
          8.835965044512102,
          44.73236443854513
        ]
      },
      "properties": {
        "id": "n_5ada2cac6b29165a5e000109",
        "map": "f_5ad9fd551de18c4557000001",
        "externalId": "NODE-XYKXOHLZ",
        "neighbors": [
          {
            "id": "n_5ada2ca86b29165a5e000108",
            "weight": 0
          }
        ],
        "space": [
          "s_5ad9fd751de18c4557000099"
        ],
        "flags": [
          1
        ]
      }
    },
    {
      "type": "Feature",
      "geometry": {
        "type": "Point",
        "coordinates": [
          8.835838226514953,
          44.73243725459345
        ]
      },
      "properties": {
        "id": "n_5ada2cb96b29165a5e00010a",
        "map": "f_5ad9fd551de18c4557000001",
        "externalId": "NODE-ROZJWKLF",
        "neighbors": [
          {
            "id": "n_5ada2cbb6b29165a5e00010b",
            "weight": 0
          }
        ],
        "space": [
          "s_5adde2c66b29160c75000020"
        ],
        "flags": [
          1
        ]
      }
    },
    {
      "type": "Feature",
      "geometry": {
        "type": "Point",
        "coordinates": [
          8.835884044878116,
          44.732473611608626
        ]
      },
      "properties": {
        "id": "n_5ada2cbb6b29165a5e00010b",
        "map": "f_5ad9fd551de18c4557000001",
        "externalId": "NODE-6KQFIDZW",
        "neighbors": [
          {
            "id": "n_5ada2cb96b29165a5e00010a",
            "weight": 0
          },
          {
            "id": "n_5ada2ca86b29165a5e000108",
            "weight": 0
          },
          {
            "id": "n_5ada2cbd6b29165a5e00010c",
            "weight": 0
          },
          {
            "id": "n_5ada2cc86b29165a5e00010e",
            "weight": 0
          }
        ],
        "space": [],
        "flags": [
          1
        ]
      }
    },
    {
      "type": "Feature",
      "geometry": {
        "type": "Point",
        "coordinates": [
          8.835929863298889,
          44.73250996860546
        ]
      },
      "properties": {
        "id": "n_5ada2cbd6b29165a5e00010c",
        "map": "f_5ad9fd551de18c4557000001",
        "externalId": "NODE-Y32WA68K",
        "neighbors": [
          {
            "id": "n_5ada2cbb6b29165a5e00010b",
            "weight": 0
          }
        ],
        "space": [
          "s_5ad9fd751de18c4557000082"
        ],
        "flags": [
          1
        ]
      }
    },
    {
      "type": "Feature",
      "geometry": {
        "type": "Point",
        "coordinates": [
          8.835741671422754,
          44.732501723426445
        ]
      },
      "properties": {
        "id": "n_5ada2cc76b29165a5e00010d",
        "map": "f_5ad9fd551de18c4557000001",
        "externalId": "NODE-4A0YPND0",
        "neighbors": [
          {
            "id": "n_5ada2cc86b29165a5e00010e",
            "weight": 0
          }
        ],
        "space": [
          "s_5adde2c36b29160c7500001f"
        ],
        "flags": [
          1
        ]
      }
    },
    {
      "type": "Feature",
      "geometry": {
        "type": "Point",
        "coordinates": [
          8.83578197353165,
          44.73253582754195
        ]
      },
      "properties": {
        "id": "n_5ada2cc86b29165a5e00010e",
        "map": "f_5ad9fd551de18c4557000001",
        "externalId": "NODE-M02RJT53",
        "neighbors": [
          {
            "id": "n_5ada2cc76b29165a5e00010d",
            "weight": 0
          },
          {
            "id": "n_5ada2cbb6b29165a5e00010b",
            "weight": 0
          },
          {
            "id": "n_5ada2cca6b29165a5e00010f",
            "weight": 0
          },
          {
            "id": "n_5ada2cd76b29165a5e000112",
            "weight": 0
          }
        ],
        "space": [],
        "flags": [
          1
        ]
      }
    },
    {
      "type": "Feature",
      "geometry": {
        "type": "Point",
        "coordinates": [
          8.835819932059158,
          44.732567454801256
        ]
      },
      "properties": {
        "id": "n_5ada2cca6b29165a5e00010f",
        "map": "f_5ad9fd551de18c4557000001",
        "externalId": "NODE-67JEBIJ4",
        "neighbors": [
          {
            "id": "n_5ada2cc86b29165a5e00010e",
            "weight": 0
          }
        ],
        "space": [
          "s_5ad9fd751de18c4557000081"
        ],
        "flags": [
          1
        ]
      }
    },
    {
      "type": "Feature",
      "geometry": {
        "type": "Point",
        "coordinates": [
          8.835670687421135,
          44.73253051869996
        ]
      },
      "properties": {
        "id": "n_5ada2ccd6b29165a5e000110",
        "map": "f_5ad9fd551de18c4557000001",
        "externalId": "NODE-BE6DQYJ2",
        "neighbors": [
          {
            "id": "n_5ada2cd76b29165a5e000112",
            "weight": 0
          }
        ],
        "space": [
          "s_5adde2bf6b29160c7500001e"
        ],
        "flags": [
          1
        ]
      }
    },
    {
      "type": "Feature",
      "geometry": {
        "type": "Point",
        "coordinates": [
          8.835719937373774,
          44.73257364056574
        ]
      },
      "properties": {
        "id": "n_5ada2cd76b29165a5e000112",
        "map": "f_5ad9fd551de18c4557000001",
        "externalId": "NODE-88OQ2YMV",
        "neighbors": [
          {
            "id": "n_5ada26606b29165a5e000006",
            "weight": 0
          },
          {
            "id": "n_5ada2cc86b29165a5e00010e",
            "weight": 0
          },
          {
            "id": "n_5ada2ccd6b29165a5e000110",
            "weight": 0
          }
        ],
        "space": [],
        "flags": [
          1
        ]
      }
    },
    {
      "type": "Feature",
      "geometry": {
        "type": "Point",
        "coordinates": [
          8.835758443342238,
          44.73263486415209
        ]
      },
      "properties": {
        "id": "n_5ada2cdf6b29165a5e000114",
        "map": "f_5ad9fd551de18c4557000001",
        "externalId": "NODE-6S89RAWT",
        "neighbors": [
          {
            "id": "n_5ada2ce06b29165a5e000115",
            "weight": 0
          }
        ],
        "space": [
          "s_5ad9fd751de18c455700007f"
        ],
        "flags": [
          1
        ]
      }
    },
    {
      "type": "Feature",
      "geometry": {
        "type": "Point",
        "coordinates": [
          8.835683699021814,
          44.73261558693325
        ]
      },
      "properties": {
        "id": "n_5ada2ce06b29165a5e000115",
        "map": "f_5ad9fd551de18c4557000001",
        "externalId": "NODE-JGOIS5CW",
        "neighbors": [
          {
            "id": "n_5ada2cdf6b29165a5e000114",
            "weight": 0
          },
          {
            "id": "n_5ada26606b29165a5e000006",
            "weight": 0
          },
          {
            "id": "n_5ada2ce46b29165a5e000116",
            "weight": 0
          },
          {
            "id": "n_5ada2cec6b29165a5e000118",
            "weight": 0
          }
        ],
        "space": [],
        "flags": [
          1
        ]
      }
    },
    {
      "type": "Feature",
      "geometry": {
        "type": "Point",
        "coordinates": [
          8.835611341772687,
          44.73259685175123
        ]
      },
      "properties": {
        "id": "n_5ada2ce46b29165a5e000116",
        "map": "f_5ad9fd551de18c4557000001",
        "externalId": "NODE-O8T0J0R0",
        "neighbors": [
          {
            "id": "n_5ada2ce06b29165a5e000115",
            "weight": 0
          }
        ],
        "space": [
          "s_5adde2ad6b29160c7500001d"
        ],
        "flags": [
          1
        ]
      }
    },
    {
      "type": "Feature",
      "geometry": {
        "type": "Point",
        "coordinates": [
          8.835574943001834,
          44.73265394511627
        ]
      },
      "properties": {
        "id": "n_5ada2ceb6b29165a5e000117",
        "map": "f_5ad9fd551de18c4557000001",
        "externalId": "NODE-F7FVQ86M",
        "neighbors": [
          {
            "id": "n_5ada2cec6b29165a5e000118",
            "weight": 0
          }
        ],
        "space": [
          "s_5ad9fd751de18c4557000094"
        ],
        "flags": [
          1
        ]
      }
    },
    {
      "type": "Feature",
      "geometry": {
        "type": "Point",
        "coordinates": [
          8.83565781859007,
          44.73267727364925
        ]
      },
      "properties": {
        "id": "n_5ada2cec6b29165a5e000118",
        "map": "f_5ad9fd551de18c4557000001",
        "externalId": "NODE-KLDNCTPQ",
        "neighbors": [
          {
            "id": "n_5ada2ceb6b29165a5e000117",
            "weight": 0
          },
          {
            "id": "n_5ada265e6b29165a5e000005",
            "weight": 0
          },
          {
            "id": "n_5ada2ce06b29165a5e000115",
            "weight": 0
          }
        ],
        "space": [],
        "flags": [
          1
        ]
      }
    },
    {
      "type": "Feature",
      "geometry": {
        "type": "Point",
        "coordinates": [
          8.835686254653794,
          44.732758061055684
        ]
      },
      "properties": {
        "id": "n_5ada2cf16b29165a5e000119",
        "map": "f_5ad9fd551de18c4557000001",
        "externalId": "NODE-6T8J9OV3",
        "neighbors": [
          {
            "id": "n_5ada265e6b29165a5e000005",
            "weight": 0
          }
        ],
        "space": [
          "s_5ad9fd751de18c4557000080"
        ],
        "flags": [
          1
        ]
      }
    },
    {
      "type": "Feature",
      "geometry": {
        "type": "Point",
        "coordinates": [
          8.835505028108486,
          44.732748418039954
        ]
      },
      "properties": {
        "id": "n_5ada2cf76b29165a5e00011a",
        "map": "f_5ad9fd551de18c4557000001",
        "externalId": "NODE-QF5C1GEG",
        "neighbors": [
          {
            "id": "n_5ada2cf86b29165a5e00011b",
            "weight": 0
          }
        ],
        "space": [
          "s_5ad9fd751de18c4557000093"
        ],
        "flags": [
          1
        ]
      }
    },
    {
      "type": "Feature",
      "geometry": {
        "type": "Point",
        "coordinates": [
          8.8355461640577,
          44.732784203908636
        ]
      },
      "properties": {
        "id": "n_5ada2cf86b29165a5e00011b",
        "map": "f_5ad9fd551de18c4557000001",
        "externalId": "NODE-A8X30QDX",
        "neighbors": [
          {
            "id": "n_5ada2cf76b29165a5e00011a",
            "weight": 0
          },
          {
            "id": "n_5ada265d6b29165a5e000004",
            "weight": 0
          },
          {
            "id": "n_5ada265e6b29165a5e000005",
            "weight": 0
          },
          {
            "id": "n_5ada2d006b29165a5e00011c",
            "weight": 0
          }
        ],
        "space": [],
        "flags": [
          1
        ]
      }
    },
    {
      "type": "Feature",
      "geometry": {
        "type": "Point",
        "coordinates": [
          8.83558320005442,
          44.732816386082966
        ]
      },
      "properties": {
        "id": "n_5ada2d006b29165a5e00011c",
        "map": "f_5ad9fd551de18c4557000001",
        "externalId": "NODE-KB8B0PIH",
        "neighbors": [
          {
            "id": "n_5ada2cf86b29165a5e00011b",
            "weight": 0
          }
        ],
        "space": [
          "s_5ad9fd751de18c455700007d"
        ],
        "flags": [
          1
        ]
      }
    },
    {
      "type": "Feature",
      "geometry": {
        "type": "Point",
        "coordinates": [
          8.835422556884804,
          44.73311599548809
        ]
      },
      "properties": {
        "id": "n_5ada2d3e6b29165a5e000120",
        "map": "f_5ad9fd551de18c4557000001",
        "externalId": "NODE-RJDP4ZI6",
        "neighbors": [
          {
            "id": "n_5ada2ba36b29165a5e0000d2",
            "weight": 0
          }
        ],
        "space": [
          "s_68f0bf7096320dc0c12f0305"
        ],
        "flags": [
          1
        ]
      }
    },
    {
      "type": "Feature",
      "geometry": {
        "type": "Point",
        "coordinates": [
          8.835203416252464,
          44.7329183209849
        ]
      },
      "properties": {
        "id": "n_5ada2dd36b29165a5e000128",
        "map": "f_5ad9fd551de18c4557000001",
        "externalId": "NODE-BI5TM6HT",
        "neighbors": [
          {
            "id": "n_5ada26836b29165a5e00000c",
            "weight": 0
          }
        ],
        "space": [
          "s_5ad9fd751de18c455700008f"
        ],
        "flags": [
          1
        ]
      }
    },
    {
      "type": "Feature",
      "geometry": {
        "type": "Point",
        "coordinates": [
          8.835276698811848,
          44.7328774775083
        ]
      },
      "properties": {
        "id": "n_5ada2dd66b29165a5e000129",
        "map": "f_5ad9fd551de18c4557000001",
        "externalId": "NODE-ROOUILBY",
        "neighbors": [
          {
            "id": "n_5ada2dd76b29165a5e00012a",
            "weight": 0
          }
        ],
        "space": [
          "s_5ad9fd751de18c4557000090"
        ],
        "flags": [
          1
        ]
      }
    },
    {
      "type": "Feature",
      "geometry": {
        "type": "Point",
        "coordinates": [
          8.835323793977613,
          44.732919043809915
        ]
      },
      "properties": {
        "id": "n_5ada2dd76b29165a5e00012a",
        "map": "f_5ad9fd551de18c4557000001",
        "externalId": "NODE-Q1WD0B83",
        "neighbors": [
          {
            "id": "n_5ada2dd66b29165a5e000129",
            "weight": 0
          },
          {
            "id": "n_5ada265d6b29165a5e000004",
            "weight": 0
          },
          {
            "id": "n_5ada26836b29165a5e00000c",
            "weight": 0
          }
        ],
        "space": [],
        "flags": [
          1
        ]
      }
    },
    {
      "type": "Feature",
      "geometry": {
        "type": "Point",
        "coordinates": [
          8.835289458336327,
          44.73299745613029
        ]
      },
      "properties": {
        "id": "n_5ada2ddc6b29165a5e00012c",
        "map": "f_5ad9fd551de18c4557000001",
        "externalId": "NODE-ZQN41YEO",
        "neighbors": [
          {
            "id": "n_5ada26836b29165a5e00000c",
            "weight": 0
          }
        ],
        "space": [
          "s_68f0bf7096320dc0c12f0305"
        ],
        "flags": [
          1
        ]
      }
    },
    {
      "type": "Feature",
      "geometry": {
        "type": "Point",
        "coordinates": [
          8.83515333753608,
          44.732973424189986
        ]
      },
      "properties": {
        "id": "n_5ada2de16b29165a5e00012d",
        "map": "f_5ad9fd551de18c4557000001",
        "externalId": "NODE-0L4M8Z8T",
        "neighbors": [
          {
            "id": "n_5ada2de26b29165a5e00012e",
            "weight": 0
          }
        ],
        "space": [
          "s_5ad9fd751de18c455700008e"
        ],
        "flags": [
          1
        ]
      }
    },
    {
      "type": "Feature",
      "geometry": {
        "type": "Point",
        "coordinates": [
          8.835211198888883,
          44.732999076578736
        ]
      },
      "properties": {
        "id": "n_5ada2de26b29165a5e00012e",
        "map": "f_5ad9fd551de18c4557000001",
        "externalId": "NODE-2OUGP5AU",
        "neighbors": [
          {
            "id": "n_5ada2de16b29165a5e00012d",
            "weight": 0
          },
          {
            "id": "n_5ada26836b29165a5e00000c",
            "weight": 0
          },
          {
            "id": "n_5ada26856b29165a5e00000d",
            "weight": 0
          }
        ],
        "space": [],
        "flags": [
          1
        ]
      }
    },
    {
      "type": "Feature",
      "geometry": {
        "type": "Point",
        "coordinates": [
          8.835049548716535,
          44.733107373143596
        ]
      },
      "properties": {
        "id": "n_5ada2de86b29165a5e00012f",
        "map": "f_5ad9fd551de18c4557000001",
        "externalId": "NODE-NIUDJFUY",
        "neighbors": [
          {
            "id": "n_5ada26856b29165a5e00000d",
            "weight": 0
          }
        ],
        "space": [
          "s_5ad9fd751de18c455700008d"
        ],
        "flags": [
          1
        ]
      }
    },
    {
      "type": "Feature",
      "geometry": {
        "type": "Point",
        "coordinates": [
          8.836065439714178,
          44.73548549723221
        ]
      },
      "properties": {
        "id": "n_5ada2e1d6b29165a5e000130",
        "map": "f_5ad9fd551de18c4557000001",
        "externalId": "NODE-VFKYIMRX",
        "neighbors": [
          {
            "id": "n_5ada273b6b29165a5e000033",
            "weight": 0
          }
        ],
        "space": [
          "s_5ad9fd751de18c4557000176"
        ],
        "flags": [
          1
        ]
      }
    },
    {
      "type": "Feature",
      "geometry": {
        "type": "Point",
        "coordinates": [
          8.836212807458246,
          44.73553022907693
        ]
      },
      "properties": {
        "id": "n_5ada2e276b29165a5e000131",
        "map": "f_5ad9fd551de18c4557000001",
        "externalId": "NODE-9G5C841P",
        "neighbors": [
          {
            "id": "n_5ada2e286b29165a5e000132",
            "weight": 0
          }
        ],
        "space": [
          "s_5ad9fd751de18c4557000179"
        ],
        "flags": [
          1
        ]
      }
    },
    {
      "type": "Feature",
      "geometry": {
        "type": "Point",
        "coordinates": [
          8.836172734274673,
          44.73560168512116
        ]
      },
      "properties": {
        "id": "n_5ada2e286b29165a5e000132",
        "map": "f_5ad9fd551de18c4557000001",
        "externalId": "NODE-SXMUX5EE",
        "neighbors": [
          {
            "id": "n_5ada2e276b29165a5e000131",
            "weight": 0
          },
          {
            "id": "n_5ada273b6b29165a5e000033",
            "weight": 0
          },
          {
            "id": "n_5ada275a6b29165a5e000041",
            "weight": 0
          },
          {
            "id": "n_5ee3347ca7e47b01d6000002",
            "weight": 0
          }
        ],
        "space": [],
        "flags": [
          1
        ]
      }
    },
    {
      "type": "Feature",
      "geometry": {
        "type": "Point",
        "coordinates": [
          8.836108595144635,
          44.7357319756281
        ]
      },
      "properties": {
        "id": "n_5ada2e2d6b29165a5e000133",
        "map": "f_5ad9fd551de18c4557000001",
        "externalId": "NODE-CNO3RY32",
        "neighbors": [
          {
            "id": "n_5ada27376b29165a5e000031",
            "weight": 0
          },
          {
            "id": "n_5ada2e376b29165a5e000134",
            "weight": 0
          },
          {
            "id": "n_5ee3347ca7e47b01d6000002",
            "weight": 0
          },
          {
            "id": "n_5ada27796b29165a5e000047",
            "weight": 0
          },
          {
            "id": "n_5ee24ad3a7e47b77450002ac",
            "weight": 0
          }
        ],
        "space": [],
        "flags": [
          1
        ]
      }
    },
    {
      "type": "Feature",
      "geometry": {
        "type": "Point",
        "coordinates": [
          8.836016375300158,
          44.735772462366164
        ]
      },
      "properties": {
        "id": "n_5ada2e376b29165a5e000134",
        "map": "f_5ad9fd551de18c4557000001",
        "externalId": "NODE-FJ0GH10F",
        "neighbors": [
          {
            "id": "n_5ada2e2d6b29165a5e000133",
            "weight": 0
          },
          {
            "id": "n_5ada27376b29165a5e000031",
            "weight": 0
          },
          {
            "id": "n_5ada38956b29165a5e0001f5",
            "weight": 0
          },
          {
            "id": "n_5ada27796b29165a5e000047",
            "weight": 0
          }
        ],
        "space": [],
        "flags": [
          1
        ]
      }
    },
    {
      "type": "Feature",
      "geometry": {
        "type": "Point",
        "coordinates": [
          8.83628111376869,
          44.73556424571527
        ]
      },
      "properties": {
        "id": "n_5ada2e3c6b29165a5e000135",
        "map": "f_5ad9fd551de18c4557000001",
        "externalId": "NODE-MVXGBSSY",
        "neighbors": [
          {
            "id": "n_5ada2e3d6b29165a5e000136",
            "weight": 0
          }
        ],
        "space": [
          "s_5ad9fd751de18c4557000173"
        ],
        "flags": [
          1
        ]
      }
    },
    {
      "type": "Feature",
      "geometry": {
        "type": "Point",
        "coordinates": [
          8.836243430863016,
          44.735619528304724
        ]
      },
      "properties": {
        "id": "n_5ada2e3d6b29165a5e000136",
        "map": "f_5ad9fd551de18c4557000001",
        "externalId": "NODE-4E8VF5U8",
        "neighbors": [
          {
            "id": "n_5ada2e3c6b29165a5e000135",
            "weight": 0
          },
          {
            "id": "n_5ada275a6b29165a5e000041",
            "weight": 0
          },
          {
            "id": "n_5f03e4c5ffaae24181000e11",
            "weight": 0
          }
        ],
        "space": [],
        "flags": [
          1
        ]
      }
    },
    {
      "type": "Feature",
      "geometry": {
        "type": "Point",
        "coordinates": [
          8.836123006970451,
          44.73587059441716
        ]
      },
      "properties": {
        "id": "n_5ada2e426b29165a5e000138",
        "map": "f_5ad9fd551de18c4557000001",
        "externalId": "NODE-ZZ2NX1RC",
        "neighbors": [
          {
            "id": "n_5ada27796b29165a5e000047",
            "weight": 0
          },
          {
            "id": "n_5ada38866b29165a5e0001f3",
            "weight": 0
          },
          {
            "id": "n_5ada387d6b29165a5e0001f2",
            "weight": 0
          }
        ],
        "space": [],
        "flags": [
          1
        ]
      }
    },
    {
      "type": "Feature",
      "geometry": {
        "type": "Point",
        "coordinates": [
          8.836411614596873,
          44.73554913111677
        ]
      },
      "properties": {
        "id": "n_5ada2e486b29165a5e000139",
        "map": "f_5ad9fd551de18c4557000001",
        "externalId": "NODE-15XJMB25",
        "neighbors": [
          {
            "id": "n_5f03e4b4ffaae24181000e0f",
            "weight": 0
          }
        ],
        "space": [
          "s_5ad9fd751de18c4557000177"
        ],
        "flags": [
          1
        ]
      }
    },
    {
      "type": "Feature",
      "geometry": {
        "type": "Point",
        "coordinates": [
          8.836725966490729,
          44.73549288345242
        ]
      },
      "properties": {
        "id": "n_5ada2e516b29165a5e00013b",
        "map": "f_5ad9fd551de18c4557000001",
        "externalId": "NODE-GRDVRUYG",
        "neighbors": [
          {
            "id": "n_5ada2e586b29165a5e00013d",
            "weight": 0
          },
          {
            "id": "n_5ada2e716b29165a5e000142",
            "weight": 0
          },
          {
            "id": "n_5afc8fe146495d103500000b",
            "weight": 0
          },
          {
            "id": "n_5f03e514ffaae24181000e15",
            "weight": 0
          },
          {
            "id": "n_5f03e52fffaae24181000e19",
            "weight": 0
          }
        ],
        "space": [],
        "flags": [
          1
        ]
      }
    },
    {
      "type": "Feature",
      "geometry": {
        "type": "Point",
        "coordinates": [
          8.836508210352218,
          44.735523459358504
        ]
      },
      "properties": {
        "id": "n_5ada2e566b29165a5e00013c",
        "map": "f_5ad9fd551de18c4557000001",
        "externalId": "NODE-MT7YHK59",
        "neighbors": [
          {
            "id": "n_5f03e4aeffaae24181000e0e",
            "weight": 0
          }
        ],
        "space": [
          "s_5ad9fd751de18c4557000178"
        ],
        "flags": [
          1
        ]
      }
    },
    {
      "type": "Feature",
      "geometry": {
        "type": "Point",
        "coordinates": [
          8.83658547769042,
          44.7355253940737
        ]
      },
      "properties": {
        "id": "n_5ada2e586b29165a5e00013d",
        "map": "f_5ad9fd551de18c4557000001",
        "externalId": "NODE-C6VDE18B",
        "neighbors": [
          {
            "id": "n_5ada2e516b29165a5e00013b",
            "weight": 0
          },
          {
            "id": "n_5f03e4aeffaae24181000e0e",
            "weight": 0
          },
          {
            "id": "n_5f03e52fffaae24181000e19",
            "weight": 0
          }
        ],
        "space": [],
        "flags": [
          1
        ]
      }
    },
    {
      "type": "Feature",
      "geometry": {
        "type": "Point",
        "coordinates": [
          8.83649232373145,
          44.735682346193315
        ]
      },
      "properties": {
        "id": "n_5ada2e5d6b29165a5e00013e",
        "map": "f_5ad9fd551de18c4557000001",
        "externalId": "NODE-WH7ZHJVJ",
        "neighbors": [
          {
            "id": "n_5ada275f6b29165a5e000042",
            "weight": 0
          },
          {
            "id": "n_5ada27776b29165a5e000046",
            "weight": 0
          }
        ],
        "space": [],
        "flags": [
          1
        ]
      }
    },
    {
      "type": "Feature",
      "geometry": {
        "type": "Point",
        "coordinates": [
          8.837033932906142,
          44.73524913817404
        ]
      },
      "properties": {
        "id": "n_5ada2e696b29165a5e000140",
        "map": "f_5ad9fd551de18c4557000001",
        "externalId": "NODE-23RMQV2A",
        "neighbors": [
          {
            "id": "n_5ada2e6a6b29165a5e000141",
            "weight": 0
          }
        ],
        "space": [
          "s_5b155be6e640cd7f11000000"
        ],
        "flags": [
          1
        ]
      }
    },
    {
      "type": "Feature",
      "geometry": {
        "type": "Point",
        "coordinates": [
          8.836867397272481,
          44.73520609810744
        ]
      },
      "properties": {
        "id": "n_5ada2e6a6b29165a5e000141",
        "map": "f_5ad9fd551de18c4557000001",
        "externalId": "NODE-C58ThbRE",
        "neighbors": [
          {
            "id": "n_5ada2e696b29165a5e000140",
            "weight": 0
          },
          {
            "id": "n_5b155c95e640cd7f11000004",
            "weight": 0
          },
          {
            "id": "n_65285a49f9a78c7767a88475",
            "weight": 0
          }
        ],
        "space": [],
        "flags": [
          1
        ]
      }
    },
    {
      "type": "Feature",
      "geometry": {
        "type": "Point",
        "coordinates": [
          8.836575244329909,
          44.73544869962141
        ]
      },
      "properties": {
        "id": "n_5ada2e716b29165a5e000142",
        "map": "f_5ad9fd551de18c4557000001",
        "externalId": "NODE-ML9CG83A",
        "neighbors": [
          {
            "id": "n_5ada2e516b29165a5e00013b",
            "weight": 0
          }
        ],
        "space": [
          "s_5ad9fd751de18c4557000178"
        ],
        "flags": [
          1
        ]
      }
    },
    {
      "type": "Feature",
      "geometry": {
        "type": "Point",
        "coordinates": [
          8.836863254275714,
          44.735628304598755
        ]
      },
      "properties": {
        "id": "n_5ada2e796b29165a5e000143",
        "map": "f_5ad9fd551de18c4557000001",
        "externalId": "NODE-26WNDBVC",
        "neighbors": [
          {
            "id": "n_5f03e525ffaae24181000e18",
            "weight": 0
          }
        ],
        "space": [
          "s_5ad9fd751de18c4557000163"
        ],
        "flags": [
          1
        ]
      }
    },
    {
      "type": "Feature",
      "geometry": {
        "type": "Point",
        "coordinates": [
          8.836916796282429,
          44.73571404989021
        ]
      },
      "properties": {
        "id": "n_5ada2e8d6b29165a5e000145",
        "map": "f_5ad9fd551de18c4557000001",
        "externalId": "NODE-Y22YG26A",
        "neighbors": [
          {
            "id": "n_5f03e520ffaae24181000e17",
            "weight": 0
          }
        ],
        "space": [
          "s_5ad9fd751de18c4557000162"
        ],
        "flags": [
          1
        ]
      }
    },
    {
      "type": "Feature",
      "geometry": {
        "type": "Point",
        "coordinates": [
          8.8369985757631,
          44.73573845060505
        ]
      },
      "properties": {
        "id": "n_5ada2e926b29165a5e000146",
        "map": "f_5ad9fd551de18c4557000001",
        "externalId": "NODE-URLWFRRR",
        "neighbors": [
          {
            "id": "n_5ada27406b29165a5e000036",
            "weight": 0
          }
        ],
        "space": [
          "s_5ad9fd751de18c4557000164"
        ],
        "flags": [
          1
        ]
      }
    },
    {
      "type": "Feature",
      "geometry": {
        "type": "Point",
        "coordinates": [
          8.837206991614021,
          44.73577992638319
        ]
      },
      "properties": {
        "id": "n_5ada2e966b29165a5e000147",
        "map": "f_5ad9fd551de18c4557000001",
        "externalId": "NODE-FTQQRO4A",
        "neighbors": [
          {
            "id": "n_5ada27be6b29165a5e000056",
            "weight": 0
          }
        ],
        "space": [
          "s_5ad9fd751de18c4557000165"
        ],
        "flags": [
          1
        ]
      }
    },
    {
      "type": "Feature",
      "geometry": {
        "type": "Point",
        "coordinates": [
          8.837243177663655,
          44.735924391041266
        ]
      },
      "properties": {
        "id": "n_5ada2ea06b29165a5e000148",
        "map": "f_5ad9fd551de18c4557000001",
        "externalId": "NODE-znz4GFwa",
        "neighbors": [
          {
            "id": "n_5ada273f6b29165a5e000035",
            "weight": 0
          },
          {
            "id": "n_5ada2ea56b29165a5e000149",
            "weight": 0
          },
          {
            "id": "n_652854d5f9a78c7767a88443",
            "weight": 0
          },
          {
            "id": "n_689482659afa732db06f6d6a",
            "weight": 0
          }
        ],
        "space": [],
        "flags": [
          1
        ]
      }
    },
    {
      "type": "Feature",
      "geometry": {
        "type": "Point",
        "coordinates": [
          8.83730802613005,
          44.73599265818388
        ]
      },
      "properties": {
        "id": "n_5ada2ea56b29165a5e000149",
        "map": "f_5ad9fd551de18c4557000001",
        "externalId": "NODE-02FN0VF5",
        "neighbors": [
          {
            "id": "n_5ada2ea06b29165a5e000148",
            "weight": 0
          }
        ],
        "space": [
          "s_689481799afa732db06f6d68"
        ],
        "flags": [
          1
        ]
      }
    },
    {
      "type": "Feature",
      "geometry": {
        "type": "Point",
        "coordinates": [
          8.837439427366315,
          44.73587783948892
        ]
      },
      "properties": {
        "id": "n_5ada2ea96b29165a5e00014a",
        "map": "f_5ad9fd551de18c4557000001",
        "externalId": "NODE-LIFVDKCP",
        "neighbors": [
          {
            "id": "n_5ada2eaa6b29165a5e00014b",
            "weight": 0
          }
        ],
        "space": [
          "s_5ad9fd751de18c4557000143"
        ],
        "flags": [
          1
        ]
      }
    },
    {
      "type": "Feature",
      "geometry": {
        "type": "Point",
        "coordinates": [
          8.837378824052978,
          44.735816939249716
        ]
      },
      "properties": {
        "id": "n_5ada2eaa6b29165a5e00014b",
        "map": "f_5ad9fd551de18c4557000001",
        "externalId": "NODE-D8L2OICE",
        "neighbors": [
          {
            "id": "n_5ada2ea96b29165a5e00014a",
            "weight": 0
          },
          {
            "id": "n_5ada2eac6b29165a5e00014c",
            "weight": 0
          },
          {
            "id": "n_5ada2eb06b29165a5e00014e",
            "weight": 0
          },
          {
            "id": "n_689482659afa732db06f6d6a",
            "weight": 0
          }
        ],
        "space": [],
        "flags": [
          1
        ]
      }
    },
    {
      "type": "Feature",
      "geometry": {
        "type": "Point",
        "coordinates": [
          8.837360643083871,
          44.73579866917171
        ]
      },
      "properties": {
        "id": "n_5ada2eac6b29165a5e00014c",
        "map": "f_5ad9fd551de18c4557000001",
        "externalId": "NODE-4RQ8YIHK",
        "neighbors": [
          {
            "id": "n_5ada2eaa6b29165a5e00014b",
            "weight": 0
          },
          {
            "id": "n_5ada27be6b29165a5e000056",
            "weight": 0
          },
          {
            "id": "n_5ada2eb16b29165a5e00014f",
            "weight": 0
          }
        ],
        "space": [],
        "flags": [
          1
        ]
      }
    },
    {
      "type": "Feature",
      "geometry": {
        "type": "Point",
        "coordinates": [
          8.837486801441132,
          44.735822084283335
        ]
      },
      "properties": {
        "id": "n_5ada2eaf6b29165a5e00014d",
        "map": "f_5ad9fd551de18c4557000001",
        "externalId": "NODE-GILBRN4H",
        "neighbors": [
          {
            "id": "n_5ada2eb06b29165a5e00014e",
            "weight": 0
          }
        ],
        "space": [
          "s_5ad9fd751de18c4557000145"
        ],
        "flags": [
          1
        ]
      }
    },
    {
      "type": "Feature",
      "geometry": {
        "type": "Point",
        "coordinates": [
          8.837438318787088,
          44.73577336411458
        ]
      },
      "properties": {
        "id": "n_5ada2eb06b29165a5e00014e",
        "map": "f_5ad9fd551de18c4557000001",
        "externalId": "NODE-NGTH2Z10",
        "neighbors": [
          {
            "id": "n_5ada2eaf6b29165a5e00014d",
            "weight": 0
          },
          {
            "id": "n_5ada27c56b29165a5e000057",
            "weight": 0
          },
          {
            "id": "n_5ada2eaa6b29165a5e00014b",
            "weight": 0
          },
          {
            "id": "n_5ada2eb16b29165a5e00014f",
            "weight": 0
          }
        ],
        "space": [],
        "flags": [
          1
        ]
      }
    },
    {
      "type": "Feature",
      "geometry": {
        "type": "Point",
        "coordinates": [
          8.83742922829855,
          44.73576422908065
        ]
      },
      "properties": {
        "id": "n_5ada2eb16b29165a5e00014f",
        "map": "f_5ad9fd551de18c4557000001",
        "externalId": "NODE-0VPFPGEU",
        "neighbors": [
          {
            "id": "n_5ada2eb06b29165a5e00014e",
            "weight": 0
          },
          {
            "id": "n_5ada27c56b29165a5e000057",
            "weight": 0
          },
          {
            "id": "n_5ada2eac6b29165a5e00014c",
            "weight": 0
          },
          {
            "id": "n_5ada2ec46b29165a5e000153",
            "weight": 0
          }
        ],
        "space": [],
        "flags": [
          1
        ]
      }
    },
    {
      "type": "Feature",
      "geometry": {
        "type": "Point",
        "coordinates": [
          8.83757090697635,
          44.73579355037247
        ]
      },
      "properties": {
        "id": "n_5ada2eb46b29165a5e000150",
        "map": "f_5ad9fd551de18c4557000001",
        "externalId": "NODE-21CY92Z1",
        "neighbors": [
          {
            "id": "n_5ada27c56b29165a5e000057",
            "weight": 0
          }
        ],
        "space": [
          "s_5ad9fd751de18c4557000147"
        ],
        "flags": [
          1
        ]
      }
    },
    {
      "type": "Feature",
      "geometry": {
        "type": "Point",
        "coordinates": [
          8.837458496660922,
          44.735680573247926
        ]
      },
      "properties": {
        "id": "n_5ada2ebd6b29165a5e000151",
        "map": "f_5ad9fd551de18c4557000001",
        "externalId": "NODE-2D6UGDC5",
        "neighbors": [
          {
            "id": "n_5ada27c56b29165a5e000057",
            "weight": 0
          }
        ],
        "space": [
          "s_5ad9fd751de18c4557000168"
        ],
        "flags": [
          1
        ]
      }
    },
    {
      "type": "Feature",
      "geometry": {
        "type": "Point",
        "coordinates": [
          8.837383775898942,
          44.73571855390022
        ]
      },
      "properties": {
        "id": "n_5ada2ec46b29165a5e000153",
        "map": "f_5ad9fd551de18c4557000001",
        "externalId": "NODE-99CJL1O7",
        "neighbors": [
          {
            "id": "n_5ada2eb16b29165a5e00014f",
            "weight": 0
          }
        ],
        "space": [
          "s_5ad9fd751de18c4557000161"
        ],
        "flags": [
          1
        ]
      }
    },
    {
      "type": "Feature",
      "geometry": {
        "type": "Point",
        "coordinates": [
          8.837652351753764,
          44.735752652610344
        ]
      },
      "properties": {
        "id": "n_5ada2ecd6b29165a5e000154",
        "map": "f_5ad9fd551de18c4557000001",
        "externalId": "NODE-3BVJ3URA",
        "neighbors": [
          {
            "id": "n_5ada2ed16b29165a5e000156",
            "weight": 0
          }
        ],
        "space": [
          "s_5ad9fd751de18c455700014a"
        ],
        "flags": [
          1
        ]
      }
    },
    {
      "type": "Feature",
      "geometry": {
        "type": "Point",
        "coordinates": [
          8.837584283994518,
          44.735684251248514
        ]
      },
      "properties": {
        "id": "n_5ada2ed16b29165a5e000156",
        "map": "f_5ad9fd551de18c4557000001",
        "externalId": "NODE-CC6CWGUJ",
        "neighbors": [
          {
            "id": "n_5ada27c56b29165a5e000057",
            "weight": 0
          },
          {
            "id": "n_5ada2ecd6b29165a5e000154",
            "weight": 0
          },
          {
            "id": "n_5ada2eda6b29165a5e000158",
            "weight": 0
          }
        ],
        "space": [],
        "flags": [
          1
        ]
      }
    },
    {
      "type": "Feature",
      "geometry": {
        "type": "Point",
        "coordinates": [
          8.837734683312625,
          44.73571587605288
        ]
      },
      "properties": {
        "id": "n_5ada2ed86b29165a5e000157",
        "map": "f_5ad9fd551de18c4557000001",
        "externalId": "NODE-L2O0F8IM",
        "neighbors": [
          {
            "id": "n_5ada2eda6b29165a5e000158",
            "weight": 0
          }
        ],
        "space": [
          "s_5ad9fd751de18c4557000148"
        ],
        "flags": [
          1
        ]
      }
    },
    {
      "type": "Feature",
      "geometry": {
        "type": "Point",
        "coordinates": [
          8.837663511016867,
          44.735644350840225
        ]
      },
      "properties": {
        "id": "n_5ada2eda6b29165a5e000158",
        "map": "f_5ad9fd551de18c4557000001",
        "externalId": "NODE-7I53Q0WT",
        "neighbors": [
          {
            "id": "n_5ada2ed86b29165a5e000157",
            "weight": 0
          },
          {
            "id": "n_5ada2ed16b29165a5e000156",
            "weight": 0
          },
          {
            "id": "n_5ada2edc6b29165a5e000159",
            "weight": 0
          },
          {
            "id": "n_5ada2f066b29165a5e00015c",
            "weight": 0
          }
        ],
        "space": [],
        "flags": [
          1
        ]
      }
    },
    {
      "type": "Feature",
      "geometry": {
        "type": "Point",
        "coordinates": [
          8.837616040070824,
          44.73559639775975
        ]
      },
      "properties": {
        "id": "n_5ada2edc6b29165a5e000159",
        "map": "f_5ad9fd551de18c4557000001",
        "externalId": "NODE-TJU3Q5MO",
        "neighbors": [
          {
            "id": "n_5ada2eda6b29165a5e000158",
            "weight": 0
          }
        ],
        "space": [
          "s_5ad9fd751de18c4557000169"
        ],
        "flags": [
          1
        ]
      }
    },
    {
      "type": "Feature",
      "geometry": {
        "type": "Point",
        "coordinates": [
          8.837786343522431,
          44.73565796820498
        ]
      },
      "properties": {
        "id": "n_5ada2f056b29165a5e00015b",
        "map": "f_5ad9fd551de18c4557000001",
        "externalId": "NODE-P5BM6F3Z",
        "neighbors": [
          {
            "id": "n_5ada2f066b29165a5e00015c",
            "weight": 0
          }
        ],
        "space": [
          "s_5c3873f1a7e47b0b70000000"
        ],
        "flags": [
          1
        ]
      }
    },
    {
      "type": "Feature",
      "geometry": {
        "type": "Point",
        "coordinates": [
          8.83773631142375,
          44.73560768691492
        ]
      },
      "properties": {
        "id": "n_5ada2f066b29165a5e00015c",
        "map": "f_5ad9fd551de18c4557000001",
        "externalId": "NODE-QTRTSSPV",
        "neighbors": [
          {
            "id": "n_5ada2f056b29165a5e00015b",
            "weight": 0
          },
          {
            "id": "n_5ada2eda6b29165a5e000158",
            "weight": 0
          },
          {
            "id": "n_5ada2f0b6b29165a5e00015d",
            "weight": 0
          },
          {
            "id": "n_5ada2f116b29165a5e00015f",
            "weight": 0
          }
        ],
        "space": [],
        "flags": [
          1
        ]
      }
    },
    {
      "type": "Feature",
      "geometry": {
        "type": "Point",
        "coordinates": [
          8.837687651955433,
          44.73555873427686
        ]
      },
      "properties": {
        "id": "n_5ada2f0b6b29165a5e00015d",
        "map": "f_5ad9fd551de18c4557000001",
        "externalId": "NODE-IRD68NZE",
        "neighbors": [
          {
            "id": "n_5ada2f066b29165a5e00015c",
            "weight": 0
          }
        ],
        "space": [
          "s_5ad9fd751de18c455700016a"
        ],
        "flags": [
          1
        ]
      }
    },
    {
      "type": "Feature",
      "geometry": {
        "type": "Point",
        "coordinates": [
          8.837767792264556,
          44.73551658525167
        ]
      },
      "properties": {
        "id": "n_5ada2f106b29165a5e00015e",
        "map": "f_5ad9fd551de18c4557000001",
        "externalId": "NODE-1ELG8D6B",
        "neighbors": [
          {
            "id": "n_5ada2f116b29165a5e00015f",
            "weight": 0
          }
        ],
        "space": [
          "s_5ad9fd751de18c455700016b"
        ],
        "flags": [
          1
        ]
      }
    },
    {
      "type": "Feature",
      "geometry": {
        "type": "Point",
        "coordinates": [
          8.837817676475138,
          44.735566709531895
        ]
      },
      "properties": {
        "id": "n_5ada2f116b29165a5e00015f",
        "map": "f_5ad9fd551de18c4557000001",
        "externalId": "NODE-AGKDAPOL",
        "neighbors": [
          {
            "id": "n_5ada2f106b29165a5e00015e",
            "weight": 0
          },
          {
            "id": "n_5ada2f066b29165a5e00015c",
            "weight": 0
          },
          {
            "id": "n_5ada2f236b29165a5e000163",
            "weight": 0
          }
        ],
        "space": [],
        "flags": [
          1
        ]
      }
    },
    {
      "type": "Feature",
      "geometry": {
        "type": "Point",
        "coordinates": [
          8.838003479503755,
          44.735585464600206
        ]
      },
      "properties": {
        "id": "n_5ada2f1a6b29165a5e000160",
        "map": "f_5ad9fd551de18c4557000001",
        "externalId": "NODE-KSD8PGE5",
        "neighbors": [
          {
            "id": "n_5ada2f236b29165a5e000163",
            "weight": 0
          }
        ],
        "space": [
          "s_5c3873f1a7e47b0b70000000"
        ],
        "flags": [
          1
        ]
      }
    },
    {
      "type": "Feature",
      "geometry": {
        "type": "Point",
        "coordinates": [
          8.838192379703903,
          44.73527140740543
        ]
      },
      "properties": {
        "id": "n_5ada2f1d6b29165a5e000161",
        "map": "f_5ad9fd551de18c4557000001",
        "externalId": "NODE-QVY6H4LB",
        "neighbors": [
          {
            "id": "n_5ada27b86b29165a5e000055",
            "weight": 0
          }
        ],
        "space": [
          "s_609e20a9e9a27e0ebc000000"
        ],
        "flags": [
          1
        ]
      }
    },
    {
      "type": "Feature",
      "geometry": {
        "type": "Point",
        "coordinates": [
          8.837882272429525,
          44.735463664686385
        ]
      },
      "properties": {
        "id": "n_5ada2f216b29165a5e000162",
        "map": "f_5ad9fd551de18c4557000001",
        "externalId": "NODE-H5RZ5XW2",
        "neighbors": [
          {
            "id": "n_5ada2f236b29165a5e000163",
            "weight": 0
          }
        ],
        "space": [
          "s_5ad9fd751de18c4557000160"
        ],
        "flags": [
          1
        ]
      }
    },
    {
      "type": "Feature",
      "geometry": {
        "type": "Point",
        "coordinates": [
          8.837929015426626,
          44.73551063638555
        ]
      },
      "properties": {
        "id": "n_5ada2f236b29165a5e000163",
        "map": "f_5ad9fd551de18c4557000001",
        "externalId": "NODE-J8YQQVTG",
        "neighbors": [
          {
            "id": "n_5ada2f216b29165a5e000162",
            "weight": 0
          },
          {
            "id": "n_5ada2f116b29165a5e00015f",
            "weight": 0
          },
          {
            "id": "n_5ada2f1a6b29165a5e000160",
            "weight": 0
          },
          {
            "id": "n_5afb06904157f00649000019",
            "weight": 0
          }
        ],
        "space": [],
        "flags": [
          1
        ]
      }
    },
    {
      "type": "Feature",
      "geometry": {
        "type": "Point",
        "coordinates": [
          8.837814983987906,
          44.73511114810276
        ]
      },
      "properties": {
        "id": "n_5ada2f296b29165a5e000165",
        "map": "f_5ad9fd551de18c4557000001",
        "externalId": "NODE-KOX7R0YT",
        "neighbors": [
          {
            "id": "n_5ada281d6b29165a5e000063",
            "weight": 0
          },
          {
            "id": "n_5efc02a7ffaae21874000506",
            "weight": 0
          }
        ],
        "space": [],
        "flags": [
          1
        ]
      }
    },
    {
      "type": "Feature",
      "geometry": {
        "type": "Point",
        "coordinates": [
          8.83827515464404,
          44.73530290695135
        ]
      },
      "properties": {
        "id": "n_5ada2f2d6b29165a5e000166",
        "map": "f_5ad9fd551de18c4557000001",
        "externalId": "NODE-47MIGI5P",
        "neighbors": [
          {
            "id": "n_5ada27b86b29165a5e000055",
            "weight": 0
          }
        ],
        "space": [
          "s_609e20a9e9a27e0ebc000000"
        ],
        "flags": [
          1
        ]
      }
    },
    {
      "type": "Feature",
      "geometry": {
        "type": "Point",
        "coordinates": [
          8.838360221098148,
          44.73535608899693
        ]
      },
      "properties": {
        "id": "n_5ada2f376b29165a5e000167",
        "map": "f_5ad9fd551de18c4557000001",
        "externalId": "NODE-Q4SLCDKH",
        "neighbors": [
          {
            "id": "n_5ada2f3b6b29165a5e000169",
            "weight": 0
          }
        ],
        "space": [
          "s_5ad9fd751de18c455700015a"
        ],
        "flags": [
          1
        ]
      }
    },
    {
      "type": "Feature",
      "geometry": {
        "type": "Point",
        "coordinates": [
          8.83820886754235,
          44.73543007134827
        ]
      },
      "properties": {
        "id": "n_5ada2f3b6b29165a5e000169",
        "map": "f_5ad9fd551de18c4557000001",
        "externalId": "NODE-4188D3MM",
        "neighbors": [
          {
            "id": "n_5ada2f376b29165a5e000167",
            "weight": 0
          },
          {
            "id": "n_5ada27b86b29165a5e000055",
            "weight": 0
          },
          {
            "id": "n_5ada2f736b29165a5e000171",
            "weight": 0
          }
        ],
        "space": [],
        "flags": [
          1
        ]
      }
    },
    {
      "type": "Feature",
      "geometry": {
        "type": "Point",
        "coordinates": [
          8.83821034296195,
          44.735586618416555
        ]
      },
      "properties": {
        "id": "n_5ada2f6c6b29165a5e00016e",
        "map": "f_5ad9fd551de18c4557000001",
        "externalId": "NODE-UXI2KOTE",
        "neighbors": [
          {
            "id": "n_5ada2f6d6b29165a5e00016f",
            "weight": 0
          }
        ],
        "space": [
          "s_5c3873f1a7e47b0b70000000"
        ],
        "flags": [
          1
        ]
      }
    },
    {
      "type": "Feature",
      "geometry": {
        "type": "Point",
        "coordinates": [
          8.83831183028832,
          44.73553677255839
        ]
      },
      "properties": {
        "id": "n_5ada2f6d6b29165a5e00016f",
        "map": "f_5ad9fd551de18c4557000001",
        "externalId": "NODE-9V8NnO7Y",
        "neighbors": [
          {
            "id": "n_5ada2f6c6b29165a5e00016e",
            "weight": 0
          },
          {
            "id": "n_5ada2f736b29165a5e000171",
            "weight": 0
          },
          {
            "id": "n_5ada2f7a6b29165a5e000172",
            "weight": 0
          },
          {
            "id": "n_5c127deba7e47b5669000001",
            "weight": 0
          },
          {
            "id": "n_65285763f9a78c7767a88456",
            "weight": 0
          }
        ],
        "space": [],
        "flags": [
          1
        ]
      }
    },
    {
      "type": "Feature",
      "geometry": {
        "type": "Point",
        "coordinates": [
          8.83874077646718,
          44.7353155026933
        ]
      },
      "properties": {
        "id": "n_5ada2f726b29165a5e000170",
        "map": "f_5ad9fd551de18c4557000001",
        "externalId": "NODE-0AQQ8BR6",
        "neighbors": [
          {
            "id": "n_5efbfdfbffaae218740004dd",
            "weight": 0
          },
          {
            "id": "n_5efbfed6ffaae218740004f7",
            "weight": 0
          },
          {
            "id": "n_5efbfee8ffaae218740004f9",
            "weight": 0
          },
          {
            "id": "n_5efc00e8ffaae218740004fe",
            "weight": 0
          }
        ],
        "space": [],
        "flags": [
          1
        ]
      }
    },
    {
      "type": "Feature",
      "geometry": {
        "type": "Point",
        "coordinates": [
          8.838244817053898,
          44.735465187347344
        ]
      },
      "properties": {
        "id": "n_5ada2f736b29165a5e000171",
        "map": "f_5ad9fd551de18c4557000001",
        "externalId": "NODE-0KS6LMVJ",
        "neighbors": [
          {
            "id": "n_5ada2f3b6b29165a5e000169",
            "weight": 0
          },
          {
            "id": "n_5ada2f6d6b29165a5e00016f",
            "weight": 0
          },
          {
            "id": "n_5efc00e8ffaae218740004fe",
            "weight": 0
          }
        ],
        "space": [],
        "flags": [
          1
        ]
      }
    },
    {
      "type": "Feature",
      "geometry": {
        "type": "Point",
        "coordinates": [
          8.838449131891556,
          44.735471273667955
        ]
      },
      "properties": {
        "id": "n_5ada2f7a6b29165a5e000172",
        "map": "f_5ad9fd551de18c4557000001",
        "externalId": "NODE-GJAXGVS1",
        "neighbors": [
          {
            "id": "n_5ada2f6d6b29165a5e00016f",
            "weight": 0
          }
        ],
        "space": [
          "s_5efbf32bffaae21874000100"
        ],
        "flags": [
          1
        ]
      }
    },
    {
      "type": "Feature",
      "geometry": {
        "type": "Point",
        "coordinates": [
          8.838468352929404,
          44.73578128710902
        ]
      },
      "properties": {
        "id": "n_5ada33da6b29165a5e00017a",
        "map": "f_5ad9fd551de18c4557000001",
        "externalId": "NODE-6S55BVWL",
        "neighbors": [
          {
            "id": "n_5ada27b36b29165a5e000054",
            "weight": 0
          }
        ],
        "space": [
          "s_5ad9fd751de18c4557000153"
        ],
        "flags": [
          1
        ]
      }
    },
    {
      "type": "Feature",
      "geometry": {
        "type": "Point",
        "coordinates": [
          8.838494886176429,
          44.73582732953482
        ]
      },
      "properties": {
        "id": "n_5ada33e06b29165a5e00017b",
        "map": "f_5ad9fd551de18c4557000001",
        "externalId": "NODE-DX44F16J",
        "neighbors": [
          {
            "id": "n_5ada33e16b29165a5e00017c",
            "weight": 0
          }
        ],
        "space": [
          "s_5ad9fd751de18c4557000152"
        ],
        "flags": [
          1
        ]
      }
    },
    {
      "type": "Feature",
      "geometry": {
        "type": "Point",
        "coordinates": [
          8.838574767732197,
          44.73581135746371
        ]
      },
      "properties": {
        "id": "n_5ada33e16b29165a5e00017c",
        "map": "f_5ad9fd551de18c4557000001",
        "externalId": "NODE-E86JH0OF",
        "neighbors": [
          {
            "id": "n_5ada33e06b29165a5e00017b",
            "weight": 0
          },
          {
            "id": "n_5ada27b36b29165a5e000054",
            "weight": 0
          },
          {
            "id": "n_5ada33e36b29165a5e00017d",
            "weight": 0
          },
          {
            "id": "n_5ada33ea6b29165a5e00017f",
            "weight": 0
          }
        ],
        "space": [],
        "flags": [
          1
        ]
      }
    },
    {
      "type": "Feature",
      "geometry": {
        "type": "Point",
        "coordinates": [
          8.83866110121016,
          44.735794095278074
        ]
      },
      "properties": {
        "id": "n_5ada33e36b29165a5e00017d",
        "map": "f_5ad9fd551de18c4557000001",
        "externalId": "NODE-8DOVBMAO",
        "neighbors": [
          {
            "id": "n_5ada33e16b29165a5e00017c",
            "weight": 0
          }
        ],
        "space": [
          "s_60b4f82ee9a27e6fba000000"
        ],
        "flags": [
          1
        ]
      }
    },
    {
      "type": "Feature",
      "geometry": {
        "type": "Point",
        "coordinates": [
          8.838531027741464,
          44.73589594694501
        ]
      },
      "properties": {
        "id": "n_5ada33e86b29165a5e00017e",
        "map": "f_5ad9fd551de18c4557000001",
        "externalId": "NODE-XP4UMH3Y",
        "neighbors": [
          {
            "id": "n_5ada33ea6b29165a5e00017f",
            "weight": 0
          }
        ],
        "space": [
          "s_5ad9fd751de18c4557000151"
        ],
        "flags": [
          1
        ]
      }
    },
    {
      "type": "Feature",
      "geometry": {
        "type": "Point",
        "coordinates": [
          8.83861047698618,
          44.73587888360611
        ]
      },
      "properties": {
        "id": "n_5ada33ea6b29165a5e00017f",
        "map": "f_5ad9fd551de18c4557000001",
        "externalId": "NODE-8DJVGGKP",
        "neighbors": [
          {
            "id": "n_5ada33e86b29165a5e00017e",
            "weight": 0
          },
          {
            "id": "n_5ada278f6b29165a5e00004d",
            "weight": 0
          },
          {
            "id": "n_5ada33e16b29165a5e00017c",
            "weight": 0
          }
        ],
        "space": [],
        "flags": [
          1
        ]
      }
    },
    {
      "type": "Feature",
      "geometry": {
        "type": "Point",
        "coordinates": [
          8.83854218882603,
          44.73595884206435
        ]
      },
      "properties": {
        "id": "n_5ada33ef6b29165a5e000181",
        "map": "f_5ad9fd551de18c4557000001",
        "externalId": "NODE-ZWLMUPVB",
        "neighbors": [
          {
            "id": "n_5ada33f16b29165a5e000182",
            "weight": 0
          }
        ],
        "space": [
          "s_5ad9fd751de18c4557000151"
        ],
        "flags": [
          1
        ]
      }
    },
    {
      "type": "Feature",
      "geometry": {
        "type": "Point",
        "coordinates": [
          8.838585773940784,
          44.73600178196557
        ]
      },
      "properties": {
        "id": "n_5ada33f16b29165a5e000182",
        "map": "f_5ad9fd551de18c4557000001",
        "externalId": "NODE-FOF3VJWZ",
        "neighbors": [
          {
            "id": "n_5ada33ef6b29165a5e000181",
            "weight": 0
          },
          {
            "id": "n_5ada278f6b29165a5e00004d",
            "weight": 0
          },
          {
            "id": "n_5ada33fd6b29165a5e000187",
            "weight": 0
          }
        ],
        "space": [],
        "flags": [
          1
        ]
      }
    },
    {
      "type": "Feature",
      "geometry": {
        "type": "Point",
        "coordinates": [
          8.838768270396228,
          44.73600514485026
        ]
      },
      "properties": {
        "id": "n_5ada33f96b29165a5e000185",
        "map": "f_5ad9fd551de18c4557000001",
        "externalId": "NODE-8DEZD78V",
        "neighbors": [
          {
            "id": "n_5ada278f6b29165a5e00004d",
            "weight": 0
          }
        ],
        "space": [
          "s_6255b0b31dfa150c52000000"
        ],
        "flags": [
          1
        ]
      }
    },
    {
      "type": "Feature",
      "geometry": {
        "type": "Point",
        "coordinates": [
          8.838451292713492,
          44.73600325116881
        ]
      },
      "properties": {
        "id": "n_5ada33fb6b29165a5e000186",
        "map": "f_5ad9fd551de18c4557000001",
        "externalId": "NODE-PP47Y82U",
        "neighbors": [
          {
            "id": "n_5ada33fd6b29165a5e000187",
            "weight": 0
          }
        ],
        "space": [
          "s_5ad9fd751de18c4557000154"
        ],
        "flags": [
          1
        ]
      }
    },
    {
      "type": "Feature",
      "geometry": {
        "type": "Point",
        "coordinates": [
          8.838495936130442,
          44.73604714953513
        ]
      },
      "properties": {
        "id": "n_5ada33fd6b29165a5e000187",
        "map": "f_5ad9fd551de18c4557000001",
        "externalId": "NODE-H0OY7O85",
        "neighbors": [
          {
            "id": "n_5ada33fb6b29165a5e000186",
            "weight": 0
          },
          {
            "id": "n_5ada33f16b29165a5e000182",
            "weight": 0
          },
          {
            "id": "n_5ada33fe6b29165a5e000188",
            "weight": 0
          },
          {
            "id": "n_5ada340d6b29165a5e00018c",
            "weight": 0
          }
        ],
        "space": [],
        "flags": [
          1
        ]
      }
    },
    {
      "type": "Feature",
      "geometry": {
        "type": "Point",
        "coordinates": [
          8.838546946890224,
          44.73609925353016
        ]
      },
      "properties": {
        "id": "n_5ada33fe6b29165a5e000188",
        "map": "f_5ad9fd551de18c4557000001",
        "externalId": "NODE-XUEZK6BU",
        "neighbors": [
          {
            "id": "n_5ada33fd6b29165a5e000187",
            "weight": 0
          }
        ],
        "space": [
          "s_5ad9fd751de18c4557000139"
        ],
        "flags": [
          1
        ]
      }
    },
    {
      "type": "Feature",
      "geometry": {
        "type": "Point",
        "coordinates": [
          8.838397542176422,
          44.7360968377448
        ]
      },
      "properties": {
        "id": "n_5ada34086b29165a5e000189",
        "map": "f_5ad9fd551de18c4557000001",
        "externalId": "NODE-UT2YIP2T",
        "neighbors": [
          {
            "id": "n_5ada34096b29165a5e00018a",
            "weight": 0
          },
          {
            "id": "n_5ada340d6b29165a5e00018c",
            "weight": 0
          },
          {
            "id": "n_5ada341d6b29165a5e000192",
            "weight": 0
          }
        ],
        "space": [],
        "flags": [
          1
        ]
      }
    },
    {
      "type": "Feature",
      "geometry": {
        "type": "Point",
        "coordinates": [
          8.838351659823928,
          44.736051928638354
        ]
      },
      "properties": {
        "id": "n_5ada34096b29165a5e00018a",
        "map": "f_5ad9fd551de18c4557000001",
        "externalId": "NODE-MFNLSQRV",
        "neighbors": [
          {
            "id": "n_5ada34086b29165a5e000189",
            "weight": 0
          }
        ],
        "space": [
          "s_5ad9fd751de18c4557000150"
        ],
        "flags": [
          1
        ]
      }
    },
    {
      "type": "Feature",
      "geometry": {
        "type": "Point",
        "coordinates": [
          8.838474754055609,
          44.736136505386995
        ]
      },
      "properties": {
        "id": "n_5ada340b6b29165a5e00018b",
        "map": "f_5ad9fd551de18c4557000001",
        "externalId": "NODE-TARU3DG1",
        "neighbors": [
          {
            "id": "n_5ada340d6b29165a5e00018c",
            "weight": 0
          }
        ],
        "space": [
          "s_5ad9fd751de18c4557000138"
        ],
        "flags": [
          1
        ]
      }
    },
    {
      "type": "Feature",
      "geometry": {
        "type": "Point",
        "coordinates": [
          8.83842321018073,
          44.736083875611286
        ]
      },
      "properties": {
        "id": "n_5ada340d6b29165a5e00018c",
        "map": "f_5ad9fd551de18c4557000001",
        "externalId": "NODE-H2Z8R4XV",
        "neighbors": [
          {
            "id": "n_5ada340b6b29165a5e00018b",
            "weight": 0
          },
          {
            "id": "n_5ada33fd6b29165a5e000187",
            "weight": 0
          },
          {
            "id": "n_5ada34086b29165a5e000189",
            "weight": 0
          }
        ],
        "space": [],
        "flags": [
          1
        ]
      }
    },
    {
      "type": "Feature",
      "geometry": {
        "type": "Point",
        "coordinates": [
          8.838247873828807,
          44.736102635004265
        ]
      },
      "properties": {
        "id": "n_5ada34146b29165a5e00018d",
        "map": "f_5ad9fd551de18c4557000001",
        "externalId": "NODE-OBANFJAY",
        "neighbors": [
          {
            "id": "n_5ada34156b29165a5e00018e",
            "weight": 0
          }
        ],
        "space": [
          "s_5ad9fd751de18c455700014f"
        ],
        "flags": [
          1
        ]
      }
    },
    {
      "type": "Feature",
      "geometry": {
        "type": "Point",
        "coordinates": [
          8.838294807132213,
          44.7361487179912
        ]
      },
      "properties": {
        "id": "n_5ada34156b29165a5e00018e",
        "map": "f_5ad9fd551de18c4557000001",
        "externalId": "NODE-2XYC2TS1",
        "neighbors": [
          {
            "id": "n_5ada34146b29165a5e00018d",
            "weight": 0
          },
          {
            "id": "n_5ada34196b29165a5e000190",
            "weight": 0
          },
          {
            "id": "n_5ada34246b29165a5e000194",
            "weight": 0
          }
        ],
        "space": [],
        "flags": [
          1
        ]
      }
    },
    {
      "type": "Feature",
      "geometry": {
        "type": "Point",
        "coordinates": [
          8.838368520546267,
          44.736191322229
        ]
      },
      "properties": {
        "id": "n_5ada34186b29165a5e00018f",
        "map": "f_5ad9fd551de18c4557000001",
        "externalId": "NODE-RS5PHH9F",
        "neighbors": [
          {
            "id": "n_5ada34196b29165a5e000190",
            "weight": 0
          }
        ],
        "space": [
          "s_5ad9fd751de18c4557000136"
        ],
        "flags": [
          1
        ]
      }
    },
    {
      "type": "Feature",
      "geometry": {
        "type": "Point",
        "coordinates": [
          8.838316197174985,
          44.73613791623286
        ]
      },
      "properties": {
        "id": "n_5ada34196b29165a5e000190",
        "map": "f_5ad9fd551de18c4557000001",
        "externalId": "NODE-MPNC7N7F",
        "neighbors": [
          {
            "id": "n_5ada34186b29165a5e00018f",
            "weight": 0
          },
          {
            "id": "n_5ada34156b29165a5e00018e",
            "weight": 0
          },
          {
            "id": "n_5ada341d6b29165a5e000192",
            "weight": 0
          }
        ],
        "space": [],
        "flags": [
          1
        ]
      }
    },
    {
      "type": "Feature",
      "geometry": {
        "type": "Point",
        "coordinates": [
          8.838423726944596,
          44.73616283557022
        ]
      },
      "properties": {
        "id": "n_5ada341b6b29165a5e000191",
        "map": "f_5ad9fd551de18c4557000001",
        "externalId": "NODE-BFOT6WER",
        "neighbors": [
          {
            "id": "n_5ada341d6b29165a5e000192",
            "weight": 0
          }
        ],
        "space": [
          "s_5ad9fd751de18c4557000137"
        ],
        "flags": [
          1
        ]
      }
    },
    {
      "type": "Feature",
      "geometry": {
        "type": "Point",
        "coordinates": [
          8.838371874160607,
          44.73610979987256
        ]
      },
      "properties": {
        "id": "n_5ada341d6b29165a5e000192",
        "map": "f_5ad9fd551de18c4557000001",
        "externalId": "NODE-VNWJVUJ3",
        "neighbors": [
          {
            "id": "n_5ada341b6b29165a5e000191",
            "weight": 0
          },
          {
            "id": "n_5ada34086b29165a5e000189",
            "weight": 0
          },
          {
            "id": "n_5ada34196b29165a5e000190",
            "weight": 0
          }
        ],
        "space": [],
        "flags": [
          1
        ]
      }
    },
    {
      "type": "Feature",
      "geometry": {
        "type": "Point",
        "coordinates": [
          8.83832180517539,
          44.73621542745074
        ]
      },
      "properties": {
        "id": "n_5ada34236b29165a5e000193",
        "map": "f_5ad9fd551de18c4557000001",
        "externalId": "NODE-ZVY8GQ0K",
        "neighbors": [
          {
            "id": "n_5ada34246b29165a5e000194",
            "weight": 0
          }
        ],
        "space": [
          "s_5ad9fd751de18c4557000135"
        ],
        "flags": [
          1
        ]
      }
    },
    {
      "type": "Feature",
      "geometry": {
        "type": "Point",
        "coordinates": [
          8.838269137371295,
          44.73616168095396
        ]
      },
      "properties": {
        "id": "n_5ada34246b29165a5e000194",
        "map": "f_5ad9fd551de18c4557000001",
        "externalId": "NODE-E6IT9QYP",
        "neighbors": [
          {
            "id": "n_5ada34236b29165a5e000193",
            "weight": 0
          },
          {
            "id": "n_5ada34156b29165a5e00018e",
            "weight": 0
          },
          {
            "id": "n_5ada34286b29165a5e000196",
            "weight": 0
          }
        ],
        "space": [],
        "flags": [
          1
        ]
      }
    },
    {
      "type": "Feature",
      "geometry": {
        "type": "Point",
        "coordinates": [
          8.838270842908194,
          44.73624172403453
        ]
      },
      "properties": {
        "id": "n_5ada34276b29165a5e000195",
        "map": "f_5ad9fd551de18c4557000001",
        "externalId": "NODE-QMLHJON0",
        "neighbors": [
          {
            "id": "n_5ada34286b29165a5e000196",
            "weight": 0
          }
        ],
        "space": [
          "s_5ad9fd751de18c455700013b"
        ],
        "flags": [
          1
        ]
      }
    },
    {
      "type": "Feature",
      "geometry": {
        "type": "Point",
        "coordinates": [
          8.838217797814927,
          44.736187606862195
        ]
      },
      "properties": {
        "id": "n_5ada34286b29165a5e000196",
        "map": "f_5ad9fd551de18c4557000001",
        "externalId": "NODE-928AJOTP",
        "neighbors": [
          {
            "id": "n_5ada34276b29165a5e000195",
            "weight": 0
          },
          {
            "id": "n_5ada34246b29165a5e000194",
            "weight": 0
          },
          {
            "id": "n_5ada342c6b29165a5e000198",
            "weight": 0
          },
          {
            "id": "n_5ada34316b29165a5e000199",
            "weight": 0
          }
        ],
        "space": [],
        "flags": [
          1
        ]
      }
    },
    {
      "type": "Feature",
      "geometry": {
        "type": "Point",
        "coordinates": [
          8.83821988059465,
          44.73626802059567
        ]
      },
      "properties": {
        "id": "n_5ada342b6b29165a5e000197",
        "map": "f_5ad9fd551de18c4557000001",
        "externalId": "NODE-C6OBRR06",
        "neighbors": [
          {
            "id": "n_5ada342c6b29165a5e000198",
            "weight": 0
          }
        ],
        "space": [
          "s_5ad9fd751de18c4557000134"
        ],
        "flags": [
          1
        ]
      }
    },
    {
      "type": "Feature",
      "geometry": {
        "type": "Point",
        "coordinates": [
          8.838166458212525,
          44.736213532747456
        ]
      },
      "properties": {
        "id": "n_5ada342c6b29165a5e000198",
        "map": "f_5ad9fd551de18c4557000001",
        "externalId": "NODE-M1CNMM2X",
        "neighbors": [
          {
            "id": "n_5ada342b6b29165a5e000197",
            "weight": 0
          },
          {
            "id": "n_5ada34286b29165a5e000196",
            "weight": 0
          },
          {
            "id": "n_5ada34366b29165a5e00019a",
            "weight": 0
          },
          {
            "id": "n_5ada34426b29165a5e00019c",
            "weight": 0
          }
        ],
        "space": [],
        "flags": [
          1
        ]
      }
    },
    {
      "type": "Feature",
      "geometry": {
        "type": "Point",
        "coordinates": [
          8.83817009422818,
          44.73614063539574
        ]
      },
      "properties": {
        "id": "n_5ada34316b29165a5e000199",
        "map": "f_5ad9fd551de18c4557000001",
        "externalId": "NODE-0A27BEZY",
        "neighbors": [
          {
            "id": "n_5ada34286b29165a5e000196",
            "weight": 0
          }
        ],
        "space": [
          "s_5ad9fd751de18c4557000155"
        ],
        "flags": [
          1
        ]
      }
    },
    {
      "type": "Feature",
      "geometry": {
        "type": "Point",
        "coordinates": [
          8.838118241104304,
          44.736165968960734
        ]
      },
      "properties": {
        "id": "n_5ada34366b29165a5e00019a",
        "map": "f_5ad9fd551de18c4557000001",
        "externalId": "NODE-1W4PNZKZ",
        "neighbors": [
          {
            "id": "n_5ada342c6b29165a5e000198",
            "weight": 0
          }
        ],
        "space": [
          "s_5ad9fd751de18c4557000156"
        ],
        "flags": [
          1
        ]
      }
    },
    {
      "type": "Feature",
      "geometry": {
        "type": "Point",
        "coordinates": [
          8.838038258682639,
          44.73620504539593
        ]
      },
      "properties": {
        "id": "n_5ada34406b29165a5e00019b",
        "map": "f_5ad9fd551de18c4557000001",
        "externalId": "NODE-YWUC0Q36",
        "neighbors": [
          {
            "id": "n_5ada34426b29165a5e00019c",
            "weight": 0
          }
        ],
        "space": [
          "s_5ad9fd751de18c455700014e"
        ],
        "flags": [
          1
        ]
      }
    },
    {
      "type": "Feature",
      "geometry": {
        "type": "Point",
        "coordinates": [
          8.83808728635327,
          44.736253513498895
        ]
      },
      "properties": {
        "id": "n_5ada34426b29165a5e00019c",
        "map": "f_5ad9fd551de18c4557000001",
        "externalId": "NODE-0XA3YT3T",
        "neighbors": [
          {
            "id": "n_5ada34406b29165a5e00019b",
            "weight": 0
          },
          {
            "id": "n_5ada342c6b29165a5e000198",
            "weight": 0
          },
          {
            "id": "n_5ada34466b29165a5e00019d",
            "weight": 0
          },
          {
            "id": "n_5ada344b6b29165a5e00019f",
            "weight": 0
          }
        ],
        "space": [],
        "flags": [
          1
        ]
      }
    },
    {
      "type": "Feature",
      "geometry": {
        "type": "Point",
        "coordinates": [
          8.838141286263442,
          44.73630857519059
        ]
      },
      "properties": {
        "id": "n_5ada34466b29165a5e00019d",
        "map": "f_5ad9fd551de18c4557000001",
        "externalId": "NODE-Z1RP9N2K",
        "neighbors": [
          {
            "id": "n_5ada34426b29165a5e00019c",
            "weight": 0
          }
        ],
        "space": [
          "s_5ad9fd751de18c455700013c"
        ],
        "flags": [
          1
        ]
      }
    },
    {
      "type": "Feature",
      "geometry": {
        "type": "Point",
        "coordinates": [
          8.838035181261796,
          44.73635738100737
        ]
      },
      "properties": {
        "id": "n_5ada344a6b29165a5e00019e",
        "map": "f_5ad9fd551de18c4557000001",
        "externalId": "NODE-SUG1VP58",
        "neighbors": [
          {
            "id": "n_5ada344b6b29165a5e00019f",
            "weight": 0
          }
        ],
        "space": [
          "s_5ad9fd751de18c4557000133"
        ],
        "flags": [
          1
        ]
      }
    },
    {
      "type": "Feature",
      "geometry": {
        "type": "Point",
        "coordinates": [
          8.8379831274723,
          44.7363071391441
        ]
      },
      "properties": {
        "id": "n_5ada344b6b29165a5e00019f",
        "map": "f_5ad9fd551de18c4557000001",
        "externalId": "NODE-0XURUELQ",
        "neighbors": [
          {
            "id": "n_5ada344a6b29165a5e00019e",
            "weight": 0
          },
          {
            "id": "n_5ada34426b29165a5e00019c",
            "weight": 0
          },
          {
            "id": "n_5ada34566b29165a5e0001a2",
            "weight": 0
          },
          {
            "id": "n_5ada34506b29165a5e0001a1",
            "weight": 0
          }
        ],
        "space": [],
        "flags": [
          1
        ]
      }
    },
    {
      "type": "Feature",
      "geometry": {
        "type": "Point",
        "coordinates": [
          8.837832613067489,
          44.73629232783165
        ]
      },
      "properties": {
        "id": "n_5ada344e6b29165a5e0001a0",
        "map": "f_5ad9fd551de18c4557000001",
        "externalId": "NODE-X5DKBYUG",
        "neighbors": [
          {
            "id": "n_5ada34506b29165a5e0001a1",
            "weight": 0
          }
        ],
        "space": [
          "s_5ad9fd751de18c4557000157"
        ],
        "flags": [
          1
        ]
      }
    },
    {
      "type": "Feature",
      "geometry": {
        "type": "Point",
        "coordinates": [
          8.837893553685522,
          44.736353519835895
        ]
      },
      "properties": {
        "id": "n_5ada34506b29165a5e0001a1",
        "map": "f_5ad9fd551de18c4557000001",
        "externalId": "NODE-10KBR07U",
        "neighbors": [
          {
            "id": "n_5ada344e6b29165a5e0001a0",
            "weight": 0
          },
          {
            "id": "n_5ada34566b29165a5e0001a2",
            "weight": 0
          },
          {
            "id": "n_5ada34616b29165a5e0001a6",
            "weight": 0
          },
          {
            "id": "n_5ada344b6b29165a5e00019f",
            "weight": 0
          }
        ],
        "space": [],
        "flags": [
          1
        ]
      }
    },
    {
      "type": "Feature",
      "geometry": {
        "type": "Point",
        "coordinates": [
          8.837920879444127,
          44.736366554368
        ]
      },
      "properties": {
        "id": "n_5ada34566b29165a5e0001a2",
        "map": "f_5ad9fd551de18c4557000001",
        "externalId": "NODE-XK3J083T",
        "neighbors": [
          {
            "id": "n_5ada34506b29165a5e0001a1",
            "weight": 0
          },
          {
            "id": "n_5ada34586b29165a5e0001a3",
            "weight": 0
          },
          {
            "id": "n_5ada345b6b29165a5e0001a5",
            "weight": 0
          },
          {
            "id": "n_5ada344b6b29165a5e00019f",
            "weight": 0
          }
        ],
        "space": [],
        "flags": [
          1
        ]
      }
    },
    {
      "type": "Feature",
      "geometry": {
        "type": "Point",
        "coordinates": [
          8.837967075678849,
          44.73640285241752
        ]
      },
      "properties": {
        "id": "n_5ada34586b29165a5e0001a3",
        "map": "f_5ad9fd551de18c4557000001",
        "externalId": "NODE-FMNT4MUU",
        "neighbors": [
          {
            "id": "n_5ada34566b29165a5e0001a2",
            "weight": 0
          }
        ],
        "space": [
          "s_5ad9fd751de18c4557000132"
        ],
        "flags": [
          1
        ]
      }
    },
    {
      "type": "Feature",
      "geometry": {
        "type": "Point",
        "coordinates": [
          8.837928619618742,
          44.73644048300067
        ]
      },
      "properties": {
        "id": "n_5ada345a6b29165a5e0001a4",
        "map": "f_5ad9fd551de18c4557000001",
        "externalId": "NODE-XV90FKRB",
        "neighbors": [
          {
            "id": "n_5ada345b6b29165a5e0001a5",
            "weight": 0
          }
        ],
        "space": [
          "s_5ad9fd751de18c4557000141"
        ],
        "flags": [
          1
        ]
      }
    },
    {
      "type": "Feature",
      "geometry": {
        "type": "Point",
        "coordinates": [
          8.837878734882304,
          44.73640379186721
        ]
      },
      "properties": {
        "id": "n_5ada345b6b29165a5e0001a5",
        "map": "f_5ad9fd551de18c4557000001",
        "externalId": "NODE-2GKWGMHM",
        "neighbors": [
          {
            "id": "n_5ada345a6b29165a5e0001a4",
            "weight": 0
          },
          {
            "id": "n_5ada34566b29165a5e0001a2",
            "weight": 0
          },
          {
            "id": "n_5ada34616b29165a5e0001a6",
            "weight": 0
          },
          {
            "id": "n_5ada34816b29165a5e0001ad",
            "weight": 0
          }
        ],
        "space": [],
        "flags": [
          1
        ]
      }
    },
    {
      "type": "Feature",
      "geometry": {
        "type": "Point",
        "coordinates": [
          8.837847456354785,
          44.73638031134975
        ]
      },
      "properties": {
        "id": "n_5ada34616b29165a5e0001a6",
        "map": "f_5ad9fd551de18c4557000001",
        "externalId": "NODE-ZXWZN139",
        "neighbors": [
          {
            "id": "n_5ada345b6b29165a5e0001a5",
            "weight": 0
          },
          {
            "id": "n_5ada34506b29165a5e0001a1",
            "weight": 0
          },
          {
            "id": "n_5ada34806b29165a5e0001ac",
            "weight": 0
          }
        ],
        "space": [],
        "flags": [
          1
        ]
      }
    },
    {
      "type": "Feature",
      "geometry": {
        "type": "Point",
        "coordinates": [
          8.83774339465089,
          44.73644079127746
        ]
      },
      "properties": {
        "id": "n_5ada34746b29165a5e0001a9",
        "map": "f_5ad9fd551de18c4557000001",
        "externalId": "NODE-TkWbEdpE",
        "neighbors": [
          {
            "id": "n_5ada34766b29165a5e0001aa",
            "weight": 0
          },
          {
            "id": "n_5ada34806b29165a5e0001ac",
            "weight": 0
          },
          {
            "id": "n_5ee37f2fa7e47b6bff000004",
            "weight": 0
          },
          {
            "id": "n_65285a1bf9a78c7767a88472",
            "weight": 0
          }
        ],
        "space": [],
        "flags": [
          1
        ]
      }
    },
    {
      "type": "Feature",
      "geometry": {
        "type": "Point",
        "coordinates": [
          8.837786298087618,
          44.73648455006592
        ]
      },
      "properties": {
        "id": "n_5ada34766b29165a5e0001aa",
        "map": "f_5ad9fd551de18c4557000001",
        "externalId": "NODE-SNQCQBJ9",
        "neighbors": [
          {
            "id": "n_5ada34746b29165a5e0001a9",
            "weight": 0
          },
          {
            "id": "n_5ada34816b29165a5e0001ad",
            "weight": 0
          },
          {
            "id": "n_5ae78957cde8807bd3000003",
            "weight": 0
          }
        ],
        "space": [],
        "flags": [
          1
        ]
      }
    },
    {
      "type": "Feature",
      "geometry": {
        "type": "Point",
        "coordinates": [
          8.837731249740006,
          44.73634551081673
        ]
      },
      "properties": {
        "id": "n_5ada347f6b29165a5e0001ab",
        "map": "f_5ad9fd551de18c4557000001",
        "externalId": "NODE-CLA2Y0JU",
        "neighbors": [
          {
            "id": "n_5ada34806b29165a5e0001ac",
            "weight": 0
          }
        ],
        "space": [
          "s_5ad9fd751de18c455700014d"
        ],
        "flags": [
          1
        ]
      }
    },
    {
      "type": "Feature",
      "geometry": {
        "type": "Point",
        "coordinates": [
          8.837798002825675,
          44.736409053419315
        ]
      },
      "properties": {
        "id": "n_5ada34806b29165a5e0001ac",
        "map": "f_5ad9fd551de18c4557000001",
        "externalId": "NODE-LGB9RB5V",
        "neighbors": [
          {
            "id": "n_5ada347f6b29165a5e0001ab",
            "weight": 0
          },
          {
            "id": "n_5ada34616b29165a5e0001a6",
            "weight": 0
          },
          {
            "id": "n_5ada34746b29165a5e0001a9",
            "weight": 0
          },
          {
            "id": "n_5ada34816b29165a5e0001ad",
            "weight": 0
          }
        ],
        "space": [],
        "flags": [
          1
        ]
      }
    },
    {
      "type": "Feature",
      "geometry": {
        "type": "Point",
        "coordinates": [
          8.837837642727012,
          44.73644415415855
        ]
      },
      "properties": {
        "id": "n_5ada34816b29165a5e0001ad",
        "map": "f_5ad9fd551de18c4557000001",
        "externalId": "NODE-SIJTK2KZ",
        "neighbors": [
          {
            "id": "n_5ada34806b29165a5e0001ac",
            "weight": 0
          },
          {
            "id": "n_5ada345b6b29165a5e0001a5",
            "weight": 0
          },
          {
            "id": "n_5ada34766b29165a5e0001aa",
            "weight": 0
          },
          {
            "id": "n_63038a588d11c63292b57610",
            "weight": 0
          }
        ],
        "space": [],
        "flags": [
          1
        ]
      }
    },
    {
      "type": "Feature",
      "geometry": {
        "type": "Point",
        "coordinates": [
          8.837593523774853,
          44.7363621536329
        ]
      },
      "properties": {
        "id": "n_5ada34896b29165a5e0001ae",
        "map": "f_5ad9fd551de18c4557000001",
        "externalId": "NODE-GQG6FCRB",
        "neighbors": [
          {
            "id": "n_5ee37f2fa7e47b6bff000004",
            "weight": 0
          }
        ],
        "space": [
          "s_5f03d4f6ffaae24181000003"
        ],
        "flags": [
          1
        ]
      }
    },
    {
      "type": "Feature",
      "geometry": {
        "type": "Point",
        "coordinates": [
          8.837407721009471,
          44.73649198668181
        ]
      },
      "properties": {
        "id": "n_5ada34906b29165a5e0001b0",
        "map": "f_5ad9fd551de18c4557000001",
        "externalId": "NODE-QFT5100Q",
        "neighbors": [
          {
            "id": "n_5ada34a96b29165a5e0001b3",
            "weight": 0
          }
        ],
        "space": [
          "s_5f03d4c7ffaae24181000002"
        ],
        "flags": [
          1
        ]
      }
    },
    {
      "type": "Feature",
      "geometry": {
        "type": "Point",
        "coordinates": [
          8.837469151152737,
          44.736528942619806
        ]
      },
      "properties": {
        "id": "n_5ada34a96b29165a5e0001b3",
        "map": "f_5ad9fd551de18c4557000001",
        "externalId": "NODE-C0Z1QO9U",
        "neighbors": [
          {
            "id": "n_5ada34906b29165a5e0001b0",
            "weight": 0
          },
          {
            "id": "n_5ada27966b29165a5e00004e",
            "weight": 0
          },
          {
            "id": "n_5ee37e36a7e47b6bff000003",
            "weight": 0
          },
          {
            "id": "n_5cdaf52ca7e47b480e000003",
            "weight": 0
          }
        ],
        "space": [],
        "flags": [
          1
        ]
      }
    },
    {
      "type": "Feature",
      "geometry": {
        "type": "Point",
        "coordinates": [
          8.837341204225776,
          44.736580186954534
        ]
      },
      "properties": {
        "id": "n_5ada34b56b29165a5e0001b5",
        "map": "f_5ad9fd551de18c4557000001",
        "externalId": "NODE-51LEUT0O",
        "neighbors": [
          {
            "id": "n_5dc05c332b36ed38f7000000",
            "weight": 0
          }
        ],
        "space": [
          "s_5ad9fd751de18c4557000101"
        ],
        "flags": [
          1
        ]
      }
    },
    {
      "type": "Feature",
      "geometry": {
        "type": "Point",
        "coordinates": [
          8.837376679723285,
          44.736649686731326
        ]
      },
      "properties": {
        "id": "n_5ada34b76b29165a5e0001b6",
        "map": "f_5ad9fd551de18c4557000001",
        "externalId": "NODE-QOGV73QQ",
        "neighbors": [
          {
            "id": "n_5ada34b86b29165a5e0001b7",
            "weight": 0
          },
          {
            "id": "n_5ada35e86b29165a5e0001b9",
            "weight": 0
          },
          {
            "id": "n_5dc05c332b36ed38f7000000",
            "weight": 0
          }
        ],
        "space": [],
        "flags": [
          1
        ]
      }
    },
    {
      "type": "Feature",
      "geometry": {
        "type": "Point",
        "coordinates": [
          8.837439909106084,
          44.73671219137764
        ]
      },
      "properties": {
        "id": "n_5ada34b86b29165a5e0001b7",
        "map": "f_5ad9fd551de18c4557000001",
        "externalId": "NODE-0XXBMDNF",
        "neighbors": [
          {
            "id": "n_5ada34b76b29165a5e0001b6",
            "weight": 0
          }
        ],
        "space": [
          "s_5cdaf3f9a7e47b480e000000"
        ],
        "flags": [
          1
        ]
      }
    },
    {
      "type": "Feature",
      "geometry": {
        "type": "Point",
        "coordinates": [
          8.837279195702068,
          44.7366341570728
        ]
      },
      "properties": {
        "id": "n_5ada35e66b29165a5e0001b8",
        "map": "f_5ad9fd551de18c4557000001",
        "externalId": "NODE-446B9RTY",
        "neighbors": [
          {
            "id": "n_5ada35e86b29165a5e0001b9",
            "weight": 0
          }
        ],
        "space": [
          "s_5ad9fd751de18c4557000100"
        ],
        "flags": [
          1
        ]
      }
    },
    {
      "type": "Feature",
      "geometry": {
        "type": "Point",
        "coordinates": [
          8.837322593548635,
          44.73667773307408
        ]
      },
      "properties": {
        "id": "n_5ada35e86b29165a5e0001b9",
        "map": "f_5ad9fd551de18c4557000001",
        "externalId": "NODE-17RKYB75",
        "neighbors": [
          {
            "id": "n_5ada35e66b29165a5e0001b8",
            "weight": 0
          },
          {
            "id": "n_5ada34b76b29165a5e0001b6",
            "weight": 0
          },
          {
            "id": "n_5ada35ec6b29165a5e0001bb",
            "weight": 0
          }
        ],
        "space": [],
        "flags": [
          1
        ]
      }
    },
    {
      "type": "Feature",
      "geometry": {
        "type": "Point",
        "coordinates": [
          8.837320435828623,
          44.73675958007573
        ]
      },
      "properties": {
        "id": "n_5ada35eb6b29165a5e0001ba",
        "map": "f_5ad9fd551de18c4557000001",
        "externalId": "NODE-FSOLJXMO",
        "neighbors": [
          {
            "id": "n_5ada35ec6b29165a5e0001bb",
            "weight": 0
          }
        ],
        "space": [
          "s_5ad9fd751de18c455700012e"
        ],
        "flags": [
          1
        ]
      }
    },
    {
      "type": "Feature",
      "geometry": {
        "type": "Point",
        "coordinates": [
          8.837267541886524,
          44.736706370128395
        ]
      },
      "properties": {
        "id": "n_5ada35ec6b29165a5e0001bb",
        "map": "f_5ad9fd551de18c4557000001",
        "externalId": "NODE-A5DGX5KL",
        "neighbors": [
          {
            "id": "n_5ada35eb6b29165a5e0001ba",
            "weight": 0
          },
          {
            "id": "n_5ada35e86b29165a5e0001b9",
            "weight": 0
          },
          {
            "id": "n_5ada361d6b29165a5e0001c8",
            "weight": 0
          }
        ],
        "space": [],
        "flags": [
          1
        ]
      }
    },
    {
      "type": "Feature",
      "geometry": {
        "type": "Point",
        "coordinates": [
          8.837025504670041,
          44.73689836046267
        ]
      },
      "properties": {
        "id": "n_5ada36006b29165a5e0001bf",
        "map": "f_5ad9fd551de18c4557000001",
        "externalId": "NODE-CP1LU1N2",
        "neighbors": [
          {
            "id": "n_5ada278b6b29165a5e00004c",
            "weight": 0
          },
          {
            "id": "n_5ada36936b29165a5e0001ca",
            "weight": 0
          },
          {
            "id": "n_5ada36046b29165a5e0001c0",
            "weight": 0
          }
        ],
        "space": [],
        "flags": [
          1
        ]
      }
    },
    {
      "type": "Feature",
      "geometry": {
        "type": "Point",
        "coordinates": [
          8.837139477780193,
          44.737012431152436
        ]
      },
      "properties": {
        "id": "n_5ada36046b29165a5e0001c0",
        "map": "f_5ad9fd551de18c4557000001",
        "externalId": "NODE-D69GEB30",
        "neighbors": [
          {
            "id": "n_5addea486b29160c7500002f",
            "weight": 0
          },
          {
            "id": "n_5addea586b29160c75000031",
            "weight": 0
          },
          {
            "id": "n_5ada36006b29165a5e0001bf",
            "weight": 0
          }
        ],
        "space": [],
        "flags": [
          1
        ]
      }
    },
    {
      "type": "Feature",
      "geometry": {
        "type": "Point",
        "coordinates": [
          8.837085186800346,
          44.73689140754273
        ]
      },
      "properties": {
        "id": "n_5ada36136b29165a5e0001c4",
        "map": "f_5ad9fd551de18c4557000001",
        "externalId": "NODE-HMLG0LJX",
        "neighbors": [
          {
            "id": "n_5ada278b6b29165a5e00004c",
            "weight": 0
          }
        ],
        "space": [
          "s_5ad9fd751de18c455700012b"
        ],
        "flags": [
          1
        ]
      }
    },
    {
      "type": "Feature",
      "geometry": {
        "type": "Point",
        "coordinates": [
          8.837173433046182,
          44.7368379625974
        ]
      },
      "properties": {
        "id": "n_5ada36196b29165a5e0001c5",
        "map": "f_5ad9fd551de18c4557000001",
        "externalId": "NODE-J2SZTF4V",
        "neighbors": [
          {
            "id": "n_5ada361a6b29165a5e0001c6",
            "weight": 0
          }
        ],
        "space": [
          "s_5ad9fd751de18c455700012c"
        ],
        "flags": [
          1
        ]
      }
    },
    {
      "type": "Feature",
      "geometry": {
        "type": "Point",
        "coordinates": [
          8.837119254723525,
          44.73678350662831
        ]
      },
      "properties": {
        "id": "n_5ada361a6b29165a5e0001c6",
        "map": "f_5ad9fd551de18c4557000001",
        "externalId": "NODE-I6FW49D6",
        "neighbors": [
          {
            "id": "n_5ada36196b29165a5e0001c5",
            "weight": 0
          },
          {
            "id": "n_5ada361d6b29165a5e0001c8",
            "weight": 0
          },
          {
            "id": "n_5ae889e8cde8804b3c000011",
            "weight": 0
          }
        ],
        "space": [],
        "flags": [
          1
        ]
      }
    },
    {
      "type": "Feature",
      "geometry": {
        "type": "Point",
        "coordinates": [
          8.83724756271212,
          44.736796172601935
        ]
      },
      "properties": {
        "id": "n_5ada361c6b29165a5e0001c7",
        "map": "f_5ad9fd551de18c4557000001",
        "externalId": "NODE-V3UB8XB2",
        "neighbors": [
          {
            "id": "n_5ada361d6b29165a5e0001c8",
            "weight": 0
          }
        ],
        "space": [
          "s_5ad9fd751de18c455700012d"
        ],
        "flags": [
          1
        ]
      }
    },
    {
      "type": "Feature",
      "geometry": {
        "type": "Point",
        "coordinates": [
          8.837195551169183,
          44.73674381854413
        ]
      },
      "properties": {
        "id": "n_5ada361d6b29165a5e0001c8",
        "map": "f_5ad9fd551de18c4557000001",
        "externalId": "NODE-F1NWPSMK",
        "neighbors": [
          {
            "id": "n_5ada361c6b29165a5e0001c7",
            "weight": 0
          },
          {
            "id": "n_5ada35ec6b29165a5e0001bb",
            "weight": 0
          },
          {
            "id": "n_5ada361a6b29165a5e0001c6",
            "weight": 0
          },
          {
            "id": "n_5ada36b56b29165a5e0001cf",
            "weight": 0
          }
        ],
        "space": [],
        "flags": [
          1
        ]
      }
    },
    {
      "type": "Feature",
      "geometry": {
        "type": "Point",
        "coordinates": [
          8.836973216034542,
          44.73693393228496
        ]
      },
      "properties": {
        "id": "n_5ada368d6b29165a5e0001c9",
        "map": "f_5ad9fd551de18c4557000001",
        "externalId": "NODE-7G3CDD0A",
        "neighbors": [
          {
            "id": "n_5ada36936b29165a5e0001ca",
            "weight": 0
          }
        ],
        "space": [
          "s_5ad9fd751de18c455700012a"
        ],
        "flags": [
          1
        ]
      }
    },
    {
      "type": "Feature",
      "geometry": {
        "type": "Point",
        "coordinates": [
          8.837002397099774,
          44.73687605291687
        ]
      },
      "properties": {
        "id": "n_5ada36936b29165a5e0001ca",
        "map": "f_5ad9fd551de18c4557000001",
        "externalId": "NODE-6N9J4R74",
        "neighbors": [
          {
            "id": "n_5ada36006b29165a5e0001bf",
            "weight": 0
          },
          {
            "id": "n_5ada278b6b29165a5e00004c",
            "weight": 0
          },
          {
            "id": "n_5ada368d6b29165a5e0001c9",
            "weight": 0
          },
          {
            "id": "n_5ada36976b29165a5e0001cb",
            "weight": 0
          }
        ],
        "space": [],
        "flags": [
          1
        ]
      }
    },
    {
      "type": "Feature",
      "geometry": {
        "type": "Point",
        "coordinates": [
          8.83692743125076,
          44.73680394162011
        ]
      },
      "properties": {
        "id": "n_5ada36976b29165a5e0001cb",
        "map": "f_5ad9fd551de18c4557000001",
        "externalId": "NODE-V5KG77LR",
        "neighbors": [
          {
            "id": "n_5ada36936b29165a5e0001ca",
            "weight": 0
          },
          {
            "id": "n_5ada278b6b29165a5e00004c",
            "weight": 0
          },
          {
            "id": "n_5ada369b6b29165a5e0001cc",
            "weight": 0
          },
          {
            "id": "n_5ada36a06b29165a5e0001cd",
            "weight": 0
          },
          {
            "id": "n_5ada36e76b29165a5e0001d1",
            "weight": 0
          }
        ],
        "space": [],
        "flags": [
          1
        ]
      }
    },
    {
      "type": "Feature",
      "geometry": {
        "type": "Point",
        "coordinates": [
          8.836905888132703,
          44.73669831114166
        ]
      },
      "properties": {
        "id": "n_5ada369b6b29165a5e0001cc",
        "map": "f_5ad9fd551de18c4557000001",
        "externalId": "NODE-GVWTIV7D",
        "neighbors": [
          {
            "id": "n_5ada36976b29165a5e0001cb",
            "weight": 0
          }
        ],
        "space": [
          "s_5ad9fd751de18c45570000fd"
        ],
        "flags": [
          1
        ]
      }
    },
    {
      "type": "Feature",
      "geometry": {
        "type": "Point",
        "coordinates": [
          8.836897091514912,
          44.73686712545436
        ]
      },
      "properties": {
        "id": "n_5ada36a06b29165a5e0001cd",
        "map": "f_5ad9fd551de18c4557000001",
        "externalId": "NODE-8XOJCRNX",
        "neighbors": [
          {
            "id": "n_5ada36976b29165a5e0001cb",
            "weight": 0
          }
        ],
        "space": [
          "s_5ad9fd751de18c4557000129"
        ],
        "flags": [
          1
        ]
      }
    },
    {
      "type": "Feature",
      "geometry": {
        "type": "Point",
        "coordinates": [
          8.837004148322185,
          44.73669692031018
        ]
      },
      "properties": {
        "id": "n_5ada36ae6b29165a5e0001ce",
        "map": "f_5ad9fd551de18c4557000001",
        "externalId": "NODE-C5WUT9P7",
        "neighbors": [
          {
            "id": "n_5ada278b6b29165a5e00004c",
            "weight": 0
          }
        ],
        "space": [
          "s_5ad9fd751de18c45570000fe"
        ],
        "flags": [
          1
        ]
      }
    },
    {
      "type": "Feature",
      "geometry": {
        "type": "Point",
        "coordinates": [
          8.837143020764683,
          44.73669111949426
        ]
      },
      "properties": {
        "id": "n_5ada36b56b29165a5e0001cf",
        "map": "f_5ad9fd551de18c4557000001",
        "externalId": "NODE-V6RWQRR8",
        "neighbors": [
          {
            "id": "n_5ada361d6b29165a5e0001c8",
            "weight": 0
          }
        ],
        "space": [
          "s_5ae889c4cde8804b3c00000e"
        ],
        "flags": [
          1
        ]
      }
    },
    {
      "type": "Feature",
      "geometry": {
        "type": "Point",
        "coordinates": [
          8.836800015354408,
          44.7368402479995
        ]
      },
      "properties": {
        "id": "n_5ada36e66b29165a5e0001d0",
        "map": "f_5ad9fd551de18c4557000001",
        "externalId": "NODE-MAJDV8UM",
        "neighbors": [
          {
            "id": "n_5ada36e76b29165a5e0001d1",
            "weight": 0
          }
        ],
        "space": [
          "s_5ad9fd751de18c4557000128"
        ],
        "flags": [
          1
        ]
      }
    },
    {
      "type": "Feature",
      "geometry": {
        "type": "Point",
        "coordinates": [
          8.8368354533125,
          44.73677934482652
        ]
      },
      "properties": {
        "id": "n_5ada36e76b29165a5e0001d1",
        "map": "f_5ad9fd551de18c4557000001",
        "externalId": "NODE-7OEPSSNC",
        "neighbors": [
          {
            "id": "n_5ada36e66b29165a5e0001d0",
            "weight": 0
          },
          {
            "id": "n_5ada36976b29165a5e0001cb",
            "weight": 0
          },
          {
            "id": "n_5ada36ec6b29165a5e0001d3",
            "weight": 0
          }
        ],
        "space": [],
        "flags": [
          1
        ]
      }
    },
    {
      "type": "Feature",
      "geometry": {
        "type": "Point",
        "coordinates": [
          8.836790850916758,
          44.736698993041244
        ]
      },
      "properties": {
        "id": "n_5ada36eb6b29165a5e0001d2",
        "map": "f_5ad9fd551de18c4557000001",
        "externalId": "NODE-BKX88L7A",
        "neighbors": [
          {
            "id": "n_5ada36ec6b29165a5e0001d3",
            "weight": 0
          }
        ],
        "space": [
          "s_5ad9fd751de18c45570000f8"
        ],
        "flags": [
          1
        ]
      }
    },
    {
      "type": "Feature",
      "geometry": {
        "type": "Point",
        "coordinates": [
          8.836754519883526,
          44.736757153530355
        ]
      },
      "properties": {
        "id": "n_5ada36ec6b29165a5e0001d3",
        "map": "f_5ad9fd551de18c4557000001",
        "externalId": "NODE-XJ1DV77U",
        "neighbors": [
          {
            "id": "n_5ada36eb6b29165a5e0001d2",
            "weight": 0
          },
          {
            "id": "n_5ada36e76b29165a5e0001d1",
            "weight": 0
          },
          {
            "id": "n_5ada36ee6b29165a5e0001d4",
            "weight": 0
          },
          {
            "id": "n_5ada36fb6b29165a5e0001d6",
            "weight": 0
          }
        ],
        "space": [],
        "flags": [
          1
        ]
      }
    },
    {
      "type": "Feature",
      "geometry": {
        "type": "Point",
        "coordinates": [
          8.836720193807055,
          44.73681210426888
        ]
      },
      "properties": {
        "id": "n_5ada36ee6b29165a5e0001d4",
        "map": "f_5ad9fd551de18c4557000001",
        "externalId": "NODE-H3BNCV87",
        "neighbors": [
          {
            "id": "n_5ada36ec6b29165a5e0001d3",
            "weight": 0
          }
        ],
        "space": [
          "s_5ad9fd751de18c4557000127"
        ],
        "flags": [
          1
        ]
      }
    },
    {
      "type": "Feature",
      "geometry": {
        "type": "Point",
        "coordinates": [
          8.836611364196889,
          44.73684163488093
        ]
      },
      "properties": {
        "id": "n_5ada36f96b29165a5e0001d5",
        "map": "f_5ad9fd551de18c4557000001",
        "externalId": "NODE-EXHAJH7N",
        "neighbors": [
          {
            "id": "n_5ada36fb6b29165a5e0001d6",
            "weight": 0
          }
        ],
        "space": [
          "s_5ad9fd751de18c4557000126"
        ],
        "flags": [
          1
        ]
      }
    },
    {
      "type": "Feature",
      "geometry": {
        "type": "Point",
        "coordinates": [
          8.836671304872906,
          44.736733904917436
        ]
      },
      "properties": {
        "id": "n_5ada36fb6b29165a5e0001d6",
        "map": "f_5ad9fd551de18c4557000001",
        "externalId": "NODE-3S855W56",
        "neighbors": [
          {
            "id": "n_5ada36f96b29165a5e0001d5",
            "weight": 0
          },
          {
            "id": "n_5ada36ec6b29165a5e0001d3",
            "weight": 0
          },
          {
            "id": "n_5ada39ec6b29165a5e000203",
            "weight": 0
          },
          {
            "id": "n_5ada39ea6b29165a5e000202",
            "weight": 0
          }
        ],
        "space": [],
        "flags": [
          1
        ]
      }
    },
    {
      "type": "Feature",
      "geometry": {
        "type": "Point",
        "coordinates": [
          8.837065276341072,
          44.73610109414928
        ]
      },
      "properties": {
        "id": "n_5ada37fc6b29165a5e0001db",
        "map": "f_5ad9fd551de18c4557000001",
        "externalId": "NODE-5L71WJXI",
        "neighbors": [
          {
            "id": "n_5ada27516b29165a5e00003f",
            "weight": 0
          }
        ],
        "space": [
          "s_5f03d41dffaae24181000001"
        ],
        "flags": [
          1
        ]
      }
    },
    {
      "type": "Feature",
      "geometry": {
        "type": "Point",
        "coordinates": [
          8.836936638694267,
          44.73613487926497
        ]
      },
      "properties": {
        "id": "n_5ada38126b29165a5e0001df",
        "map": "f_5ad9fd551de18c4557000001",
        "externalId": "NODE-SHRCXUGG",
        "neighbors": [
          {
            "id": "n_5ada27716b29165a5e000044",
            "weight": 0
          }
        ],
        "space": [
          "s_67b83ec502a56e61225e1323"
        ],
        "flags": [
          1
        ]
      }
    },
    {
      "type": "Feature",
      "geometry": {
        "type": "Point",
        "coordinates": [
          8.83682540855465,
          44.73615876629928
        ]
      },
      "properties": {
        "id": "n_5ada38246b29165a5e0001e1",
        "map": "f_5ad9fd551de18c4557000001",
        "externalId": "NODE-FG2J6814",
        "neighbors": [
          {
            "id": "n_5ada38256b29165a5e0001e2",
            "weight": 0
          }
        ],
        "space": [
          "s_67b83ec502a56e61225e1323"
        ],
        "flags": [
          1
        ]
      }
    },
    {
      "type": "Feature",
      "geometry": {
        "type": "Point",
        "coordinates": [
          8.836802609389775,
          44.736058333313196
        ]
      },
      "properties": {
        "id": "n_5ada38256b29165a5e0001e2",
        "map": "f_5ad9fd551de18c4557000001",
        "externalId": "NODE-Z3WRUW2D",
        "neighbors": [
          {
            "id": "n_5ada38246b29165a5e0001e1",
            "weight": 0
          },
          {
            "id": "n_5ada27516b29165a5e00003d",
            "weight": 0
          },
          {
            "id": "n_5ada27716b29165a5e000044",
            "weight": 0
          }
        ],
        "space": [],
        "flags": [
          1
        ]
      }
    },
    {
      "type": "Feature",
      "geometry": {
        "type": "Point",
        "coordinates": [
          8.836683137556635,
          44.73617084048009
        ]
      },
      "properties": {
        "id": "n_5ada382e6b29165a5e0001e3",
        "map": "f_5ad9fd551de18c4557000001",
        "externalId": "NODE-X1IJL270",
        "neighbors": [
          {
            "id": "n_5ada38316b29165a5e0001e4",
            "weight": 0
          }
        ],
        "space": [
          "s_5ad9fd751de18c4557000107"
        ],
        "flags": [
          1
        ]
      }
    },
    {
      "type": "Feature",
      "geometry": {
        "type": "Point",
        "coordinates": [
          8.836682658580532,
          44.736063766343335
        ]
      },
      "properties": {
        "id": "n_5ada38316b29165a5e0001e4",
        "map": "f_5ad9fd551de18c4557000001",
        "externalId": "NODE-7YZ6H47J",
        "neighbors": [
          {
            "id": "n_5ada382e6b29165a5e0001e3",
            "weight": 0
          },
          {
            "id": "n_5ada27516b29165a5e00003c",
            "weight": 0
          },
          {
            "id": "n_5ada27516b29165a5e00003d",
            "weight": 0
          }
        ],
        "space": [],
        "flags": [
          1
        ]
      }
    },
    {
      "type": "Feature",
      "geometry": {
        "type": "Point",
        "coordinates": [
          8.836536802088496,
          44.736152989344795
        ]
      },
      "properties": {
        "id": "n_5ada38386b29165a5e0001e5",
        "map": "f_5ad9fd551de18c4557000001",
        "externalId": "NODE-X8XF7CLZ",
        "neighbors": [
          {
            "id": "n_5ada385c6b29165a5e0001eb",
            "weight": 0
          }
        ],
        "space": [
          "s_5ad9fd751de18c4557000108"
        ],
        "flags": [
          1
        ]
      }
    },
    {
      "type": "Feature",
      "geometry": {
        "type": "Point",
        "coordinates": [
          8.836251153500893,
          44.736072661427336
        ]
      },
      "properties": {
        "id": "n_5ada38426b29165a5e0001e7",
        "map": "f_5ad9fd551de18c4557000001",
        "externalId": "NODE-H2ENMQEE",
        "neighbors": [
          {
            "id": "n_5ada38606b29165a5e0001ec",
            "weight": 0
          }
        ],
        "space": [
          "s_5d765529a7e47b3884000005"
        ],
        "flags": [
          1
        ]
      }
    },
    {
      "type": "Feature",
      "geometry": {
        "type": "Point",
        "coordinates": [
          8.836572071909012,
          44.736058195280535
        ]
      },
      "properties": {
        "id": "n_5ada385c6b29165a5e0001eb",
        "map": "f_5ad9fd551de18c4557000001",
        "externalId": "NODE-3NPCNLNF",
        "neighbors": [
          {
            "id": "n_5ada38386b29165a5e0001e5",
            "weight": 0
          },
          {
            "id": "n_5ada27516b29165a5e00003b",
            "weight": 0
          },
          {
            "id": "n_5ada27516b29165a5e00003c",
            "weight": 0
          }
        ],
        "space": [],
        "flags": [
          1
        ]
      }
    },
    {
      "type": "Feature",
      "geometry": {
        "type": "Point",
        "coordinates": [
          8.836308303033151,
          44.735980215479266
        ]
      },
      "properties": {
        "id": "n_5ada38606b29165a5e0001ec",
        "map": "f_5ad9fd551de18c4557000001",
        "externalId": "NODE-X44B0Y4C",
        "neighbors": [
          {
            "id": "n_5ada38426b29165a5e0001e7",
            "weight": 0
          },
          {
            "id": "n_5ada27516b29165a5e000039",
            "weight": 0
          },
          {
            "id": "n_5ada27516b29165a5e00003a",
            "weight": 0
          }
        ],
        "space": [],
        "flags": [
          1
        ]
      }
    },
    {
      "type": "Feature",
      "geometry": {
        "type": "Point",
        "coordinates": [
          8.83630507469215,
          44.736283960535204
        ]
      },
      "properties": {
        "id": "n_5ada38666b29165a5e0001ee",
        "map": "f_5ad9fd551de18c4557000001",
        "externalId": "NODE-DRODDT39",
        "neighbors": [
          {
            "id": "n_5ada277d6b29165a5e000048",
            "weight": 0
          },
          {
            "id": "n_5d19ba51a7e47b1779000006",
            "weight": 0
          },
          {
            "id": "n_5d19ba56a7e47b1779000007",
            "weight": 0
          }
        ],
        "space": [],
        "flags": [
          1
        ]
      }
    },
    {
      "type": "Feature",
      "geometry": {
        "type": "Point",
        "coordinates": [
          8.836162318341106,
          44.73603507032969
        ]
      },
      "properties": {
        "id": "n_5ada38766b29165a5e0001f0",
        "map": "f_5ad9fd551de18c4557000001",
        "externalId": "NODE-Q7UCPX44",
        "neighbors": [
          {
            "id": "n_5ada27516b29165a5e000039",
            "weight": 0
          }
        ],
        "space": [
          "s_5d765529a7e47b3884000005"
        ],
        "flags": [
          1
        ]
      }
    },
    {
      "type": "Feature",
      "geometry": {
        "type": "Point",
        "coordinates": [
          8.83618364322697,
          44.73590791511162
        ]
      },
      "properties": {
        "id": "n_5ada387d6b29165a5e0001f2",
        "map": "f_5ad9fd551de18c4557000001",
        "externalId": "NODE-R23Y435U",
        "neighbors": [
          {
            "id": "n_5ada27516b29165a5e000039",
            "weight": 0
          },
          {
            "id": "n_5dc055ed2b36ed7496000000",
            "weight": 0
          },
          {
            "id": "n_5ee24ad3a7e47b77450002ac",
            "weight": 0
          },
          {
            "id": "n_5ada2e426b29165a5e000138",
            "weight": 0
          }
        ],
        "space": [],
        "flags": [
          1
        ]
      }
    },
    {
      "type": "Feature",
      "geometry": {
        "type": "Point",
        "coordinates": [
          8.836019938233278,
          44.73593550021073
        ]
      },
      "properties": {
        "id": "n_5ada38866b29165a5e0001f3",
        "map": "f_5ad9fd551de18c4557000001",
        "externalId": "NODE-6RXYSHI0",
        "neighbors": [
          {
            "id": "n_5ada2e426b29165a5e000138",
            "weight": 0
          }
        ],
        "space": [
          "s_60dd9cabe9a27e0cf7000000"
        ],
        "flags": [
          1
        ]
      }
    },
    {
      "type": "Feature",
      "geometry": {
        "type": "Point",
        "coordinates": [
          8.83596691287873,
          44.7358774624045
        ]
      },
      "properties": {
        "id": "n_5ada388c6b29165a5e0001f4",
        "map": "f_5ad9fd551de18c4557000001",
        "externalId": "NODE-W7OJ9EH1",
        "neighbors": [
          {
            "id": "n_5ada27796b29165a5e000047",
            "weight": 0
          }
        ],
        "space": [
          "s_5ad9fd751de18c455700011a"
        ],
        "flags": [
          1
        ]
      }
    },
    {
      "type": "Feature",
      "geometry": {
        "type": "Point",
        "coordinates": [
          8.835910173698288,
          44.735810445925345
        ]
      },
      "properties": {
        "id": "n_5ada38956b29165a5e0001f5",
        "map": "f_5ad9fd551de18c4557000001",
        "externalId": "NODE-WGBLI29J",
        "neighbors": [
          {
            "id": "n_5ada2e376b29165a5e000134",
            "weight": 0
          }
        ],
        "space": [
          "s_5ad9fd751de18c455700011b"
        ],
        "flags": [
          1
        ]
      }
    },
    {
      "type": "Feature",
      "geometry": {
        "type": "Point",
        "coordinates": [
          8.83582139714182,
          44.735653704628554
        ]
      },
      "properties": {
        "id": "n_5ada38ba6b29165a5e0001fc",
        "map": "f_5ad9fd551de18c4557000001",
        "externalId": "NODE-COSE3N53",
        "neighbors": [
          {
            "id": "n_5ada38bb6b29165a5e0001fd",
            "weight": 0
          }
        ],
        "space": [
          "s_5ad9fd751de18c45570000de"
        ],
        "flags": [
          1
        ]
      }
    },
    {
      "type": "Feature",
      "geometry": {
        "type": "Point",
        "coordinates": [
          8.835927077324508,
          44.735637168563784
        ]
      },
      "properties": {
        "id": "n_5ada38bb6b29165a5e0001fd",
        "map": "f_5ad9fd551de18c4557000001",
        "externalId": "NODE-5QAWI2YW",
        "neighbors": [
          {
            "id": "n_5ada38ba6b29165a5e0001fc",
            "weight": 0
          },
          {
            "id": "n_5ada27376b29165a5e000031",
            "weight": 0
          },
          {
            "id": "n_5ada27d86b29165a5e000058",
            "weight": 0
          }
        ],
        "space": [],
        "flags": [
          1
        ]
      }
    },
    {
      "type": "Feature",
      "geometry": {
        "type": "Point",
        "coordinates": [
          8.836599320155878,
          44.7366421865778
        ]
      },
      "properties": {
        "id": "n_5ada39e86b29165a5e000201",
        "map": "f_5ad9fd551de18c4557000001",
        "externalId": "NODE-K3CHK87I",
        "neighbors": [
          {
            "id": "n_5ada39ea6b29165a5e000202",
            "weight": 0
          }
        ],
        "space": [
          "s_5af9aaa9385af4741f000000"
        ],
        "flags": [
          1
        ]
      }
    },
    {
      "type": "Feature",
      "geometry": {
        "type": "Point",
        "coordinates": [
          8.836564433171581,
          44.73670467372269
        ]
      },
      "properties": {
        "id": "n_5ada39ea6b29165a5e000202",
        "map": "f_5ad9fd551de18c4557000001",
        "externalId": "NODE-PMQUW4K3",
        "neighbors": [
          {
            "id": "n_5ada39e86b29165a5e000201",
            "weight": 0
          },
          {
            "id": "n_5ada39ec6b29165a5e000203",
            "weight": 0
          },
          {
            "id": "n_5ada3a3a6b29165a5e000208",
            "weight": 0
          },
          {
            "id": "n_5ada36fb6b29165a5e0001d6",
            "weight": 0
          }
        ],
        "space": [],
        "flags": [
          1
        ]
      }
    },
    {
      "type": "Feature",
      "geometry": {
        "type": "Point",
        "coordinates": [
          8.836544870904014,
          44.73674629904726
        ]
      },
      "properties": {
        "id": "n_5ada39ec6b29165a5e000203",
        "map": "f_5ad9fd551de18c4557000001",
        "externalId": "NODE-DUXASTH4",
        "neighbors": [
          {
            "id": "n_5ada39ea6b29165a5e000202",
            "weight": 0
          },
          {
            "id": "n_5ada39ed6b29165a5e000204",
            "weight": 0
          },
          {
            "id": "n_5ada3a386b29165a5e000207",
            "weight": 0
          },
          {
            "id": "n_5ada36fb6b29165a5e0001d6",
            "weight": 0
          }
        ],
        "space": [],
        "flags": [
          1
        ]
      }
    },
    {
      "type": "Feature",
      "geometry": {
        "type": "Point",
        "coordinates": [
          8.836493037956558,
          44.73683255142247
        ]
      },
      "properties": {
        "id": "n_5ada39ed6b29165a5e000204",
        "map": "f_5ad9fd551de18c4557000001",
        "externalId": "NODE-3YLRUD2O",
        "neighbors": [
          {
            "id": "n_5ada39ec6b29165a5e000203",
            "weight": 0
          }
        ],
        "space": [
          "s_5ad9fd751de18c4557000125"
        ],
        "flags": [
          1
        ]
      }
    },
    {
      "type": "Feature",
      "geometry": {
        "type": "Point",
        "coordinates": [
          8.83641003949794,
          44.73683312820216
        ]
      },
      "properties": {
        "id": "n_5ada3a376b29165a5e000206",
        "map": "f_5ad9fd551de18c4557000001",
        "externalId": "NODE-S6JB4NW1",
        "neighbors": [
          {
            "id": "n_5ada3a386b29165a5e000207",
            "weight": 0
          }
        ],
        "space": [
          "s_5ad9fd751de18c4557000124"
        ],
        "flags": [
          1
        ]
      }
    },
    {
      "type": "Feature",
      "geometry": {
        "type": "Point",
        "coordinates": [
          8.836449351326511,
          44.736757658683175
        ]
      },
      "properties": {
        "id": "n_5ada3a386b29165a5e000207",
        "map": "f_5ad9fd551de18c4557000001",
        "externalId": "NODE-S4O8RMS3",
        "neighbors": [
          {
            "id": "n_5ada3a376b29165a5e000206",
            "weight": 0
          },
          {
            "id": "n_5ada290c6b29165a5e000079",
            "weight": 0
          },
          {
            "id": "n_5ada39ec6b29165a5e000203",
            "weight": 0
          },
          {
            "id": "n_5ada3a3a6b29165a5e000208",
            "weight": 0
          }
        ],
        "space": [],
        "flags": [
          1
        ]
      }
    },
    {
      "type": "Feature",
      "geometry": {
        "type": "Point",
        "coordinates": [
          8.836487349515348,
          44.73668471084527
        ]
      },
      "properties": {
        "id": "n_5ada3a3a6b29165a5e000208",
        "map": "f_5ad9fd551de18c4557000001",
        "externalId": "NODE-GKT2WVC6",
        "neighbors": [
          {
            "id": "n_5ada3a386b29165a5e000207",
            "weight": 0
          },
          {
            "id": "n_5ada27896b29165a5e00004b",
            "weight": 0
          },
          {
            "id": "n_5ada39ea6b29165a5e000202",
            "weight": 0
          }
        ],
        "space": [],
        "flags": [
          1
        ]
      }
    },
    {
      "type": "Feature",
      "geometry": {
        "type": "Point",
        "coordinates": [
          8.836344530745196,
          44.73682492286015
        ]
      },
      "properties": {
        "id": "n_5ada3a576b29165a5e00020a",
        "map": "f_5ad9fd551de18c4557000001",
        "externalId": "NODE-CY2F2V6T",
        "neighbors": [
          {
            "id": "n_5ada290c6b29165a5e000079",
            "weight": 0
          }
        ],
        "space": [
          "s_5ad9fd751de18c4557000123"
        ],
        "flags": [
          1
        ]
      }
    },
    {
      "type": "Feature",
      "geometry": {
        "type": "Point",
        "coordinates": [
          8.836191790486847,
          44.73680115340119
        ]
      },
      "properties": {
        "id": "n_5ada3a5f6b29165a5e00020c",
        "map": "f_5ad9fd551de18c4557000001",
        "externalId": "NODE-TDI0WZLA",
        "neighbors": [
          {
            "id": "n_5ada3a606b29165a5e00020d",
            "weight": 0
          }
        ],
        "space": [
          "s_5ad9fd751de18c4557000122"
        ],
        "flags": [
          1
        ]
      }
    },
    {
      "type": "Feature",
      "geometry": {
        "type": "Point",
        "coordinates": [
          8.83624064545358,
          44.73670812359346
        ]
      },
      "properties": {
        "id": "n_5ada3a606b29165a5e00020d",
        "map": "f_5ad9fd551de18c4557000001",
        "externalId": "NODE-TR4EIFG2",
        "neighbors": [
          {
            "id": "n_5ada3a5f6b29165a5e00020c",
            "weight": 0
          },
          {
            "id": "n_5ada27816b29165a5e000049",
            "weight": 0
          },
          {
            "id": "n_5ada290c6b29165a5e000079",
            "weight": 0
          }
        ],
        "space": [],
        "flags": [
          1
        ]
      }
    },
    {
      "type": "Feature",
      "geometry": {
        "type": "Point",
        "coordinates": [
          8.836048706218302,
          44.736754269074225
        ]
      },
      "properties": {
        "id": "n_5ada3a7c6b29165a5e00020e",
        "map": "f_5ad9fd551de18c4557000001",
        "externalId": "NODE-5V3JE4S7",
        "neighbors": [
          {
            "id": "n_5ada27816b29165a5e000049",
            "weight": 0
          }
        ],
        "space": [
          "s_64ee19640a31adac2fd94124"
        ],
        "flags": [
          1
        ]
      }
    },
    {
      "type": "Feature",
      "geometry": {
        "type": "Point",
        "coordinates": [
          8.83588418867782,
          44.7367181468165
        ]
      },
      "properties": {
        "id": "n_5ada3a826b29165a5e00020f",
        "map": "f_5ad9fd551de18c4557000001",
        "externalId": "NODE-A4KGBFV9",
        "neighbors": [
          {
            "id": "n_5ada3a836b29165a5e000210",
            "weight": 0
          }
        ],
        "space": [
          "s_5ad9fd751de18c4557000120"
        ],
        "flags": [
          1
        ]
      }
    },
    {
      "type": "Feature",
      "geometry": {
        "type": "Point",
        "coordinates": [
          8.835928757376273,
          44.73662726959083
        ]
      },
      "properties": {
        "id": "n_5ada3a836b29165a5e000210",
        "map": "f_5ad9fd551de18c4557000001",
        "externalId": "NODE-QFA2ZZON",
        "neighbors": [
          {
            "id": "n_5ada3a826b29165a5e00020f",
            "weight": 0
          },
          {
            "id": "n_5ada29206b29165a5e00007d",
            "weight": 0
          },
          {
            "id": "n_64ee1b960a31adac2fd94126",
            "weight": 0
          }
        ],
        "space": [],
        "flags": [
          1
        ]
      }
    },
    {
      "type": "Feature",
      "geometry": {
        "type": "Point",
        "coordinates": [
          8.836095791085835,
          44.73638987196566
        ]
      },
      "properties": {
        "id": "n_5ada3a8b6b29165a5e000211",
        "map": "f_5ad9fd551de18c4557000001",
        "externalId": "NODE-JYKAOFR2",
        "neighbors": [
          {
            "id": "n_5ada3a8c6b29165a5e000212",
            "weight": 0
          }
        ],
        "space": [
          "s_5ad9fd751de18c455700010b"
        ],
        "flags": [
          1
        ]
      }
    },
    {
      "type": "Feature",
      "geometry": {
        "type": "Point",
        "coordinates": [
          8.836143694032318,
          44.73642353984191
        ]
      },
      "properties": {
        "id": "n_5ada3a8c6b29165a5e000212",
        "map": "f_5ad9fd551de18c4557000001",
        "externalId": "NODE-I7qQcEbp",
        "neighbors": [
          {
            "id": "n_5ada3a8b6b29165a5e000211",
            "weight": 0
          },
          {
            "id": "n_5ada3a8e6b29165a5e000214",
            "weight": 0
          },
          {
            "id": "n_5d19b753a7e47b1779000000",
            "weight": 0
          },
          {
            "id": "n_652859e0f9a78c7767a8846e",
            "weight": 0
          }
        ],
        "space": [],
        "flags": [
          1
        ]
      }
    },
    {
      "type": "Feature",
      "geometry": {
        "type": "Point",
        "coordinates": [
          8.835989956604676,
          44.73642045413856
        ]
      },
      "properties": {
        "id": "n_5ada3a8d6b29165a5e000213",
        "map": "f_5ad9fd551de18c4557000001",
        "externalId": "NODE-0PYCSMWE",
        "neighbors": [
          {
            "id": "n_5ada3a8e6b29165a5e000214",
            "weight": 0
          }
        ],
        "space": [
          "s_5adde0886b29160c75000012"
        ],
        "flags": [
          1
        ]
      }
    },
    {
      "type": "Feature",
      "geometry": {
        "type": "Point",
        "coordinates": [
          8.836020310710225,
          44.73646439507842
        ]
      },
      "properties": {
        "id": "n_5ada3a8e6b29165a5e000214",
        "map": "f_5ad9fd551de18c4557000001",
        "externalId": "NODE-2IZ7DRZU",
        "neighbors": [
          {
            "id": "n_5ada3a8d6b29165a5e000213",
            "weight": 0
          },
          {
            "id": "n_5ada26fd6b29165a5e000028",
            "weight": 0
          },
          {
            "id": "n_5ada3a8c6b29165a5e000212",
            "weight": 0
          },
          {
            "id": "n_5addf8dc6b29160c7500006c",
            "weight": 0
          }
        ],
        "space": [],
        "flags": [
          1
        ]
      }
    },
    {
      "type": "Feature",
      "geometry": {
        "type": "Point",
        "coordinates": [
          8.835905259465893,
          44.736451839898244
        ]
      },
      "properties": {
        "id": "n_5ada3b096b29165a5e000215",
        "map": "f_5ad9fd551de18c4557000001",
        "externalId": "NODE-0AZE9FTU",
        "neighbors": [
          {
            "id": "n_5ada26fd6b29165a5e000028",
            "weight": 0
          }
        ],
        "space": [
          "s_5ad9fd751de18c455700010e"
        ],
        "flags": [
          1
        ]
      }
    },
    {
      "type": "Feature",
      "geometry": {
        "type": "Point",
        "coordinates": [
          8.835694913444321,
          44.73664422381087
        ]
      },
      "properties": {
        "id": "n_5ada3ba46b29165a5e000217",
        "map": "f_5ad9fd551de18c4557000001",
        "externalId": "NODE-RLQX2F1J",
        "neighbors": [
          {
            "id": "n_5ada3ba56b29165a5e000218",
            "weight": 0
          }
        ],
        "space": [
          "s_5ad9fd751de18c455700011f"
        ],
        "flags": [
          1
        ]
      }
    },
    {
      "type": "Feature",
      "geometry": {
        "type": "Point",
        "coordinates": [
          8.835731655782046,
          44.73656238839209
        ]
      },
      "properties": {
        "id": "n_5ada3ba56b29165a5e000218",
        "map": "f_5ad9fd551de18c4557000001",
        "externalId": "NODE-5JY1GTTU",
        "neighbors": [
          {
            "id": "n_5ada3ba46b29165a5e000217",
            "weight": 0
          },
          {
            "id": "n_5ada291a6b29165a5e00007b",
            "weight": 0
          },
          {
            "id": "n_5ada3bac6b29165a5e000219",
            "weight": 0
          },
          {
            "id": "n_5ada3bb86b29165a5e00021c",
            "weight": 0
          }
        ],
        "space": [],
        "flags": [
          1
        ]
      }
    },
    {
      "type": "Feature",
      "geometry": {
        "type": "Point",
        "coordinates": [
          8.835772899398142,
          44.73649185156586
        ]
      },
      "properties": {
        "id": "n_5ada3bac6b29165a5e000219",
        "map": "f_5ad9fd551de18c4557000001",
        "externalId": "NODE-699TJ0PI",
        "neighbors": [
          {
            "id": "n_5ada3ba56b29165a5e000218",
            "weight": 0
          },
          {
            "id": "n_5ada26fd6b29165a5e000028",
            "weight": 0
          },
          {
            "id": "n_5ada3bb36b29165a5e00021b",
            "weight": 0
          }
        ],
        "space": [],
        "flags": [
          1
        ]
      }
    },
    {
      "type": "Feature",
      "geometry": {
        "type": "Point",
        "coordinates": [
          8.835741629640877,
          44.73641983871254
        ]
      },
      "properties": {
        "id": "n_5ada3bb26b29165a5e00021a",
        "map": "f_5ad9fd551de18c4557000001",
        "externalId": "NODE-8G21J1CM",
        "neighbors": [
          {
            "id": "n_5ada3bb36b29165a5e00021b",
            "weight": 0
          }
        ],
        "space": [
          "s_6864ed25d998a43e5b891035"
        ],
        "flags": [
          1
        ]
      }
    },
    {
      "type": "Feature",
      "geometry": {
        "type": "Point",
        "coordinates": [
          8.83571218607902,
          44.73647732663693
        ]
      },
      "properties": {
        "id": "n_5ada3bb36b29165a5e00021b",
        "map": "f_5ad9fd551de18c4557000001",
        "externalId": "NODE-4W5NBRHF",
        "neighbors": [
          {
            "id": "n_5ada3bb26b29165a5e00021a",
            "weight": 0
          },
          {
            "id": "n_5ada3bac6b29165a5e000219",
            "weight": 0
          },
          {
            "id": "n_5ada3bb86b29165a5e00021c",
            "weight": 0
          },
          {
            "id": "n_5ada3bbf6b29165a5e00021e",
            "weight": 0
          }
        ],
        "space": [],
        "flags": [
          1
        ]
      }
    },
    {
      "type": "Feature",
      "geometry": {
        "type": "Point",
        "coordinates": [
          8.835680351618905,
          44.73652862199331
        ]
      },
      "properties": {
        "id": "n_5ada3bb86b29165a5e00021c",
        "map": "f_5ad9fd551de18c4557000001",
        "externalId": "NODE-J4CPJFPN",
        "neighbors": [
          {
            "id": "n_5ada3bb36b29165a5e00021b",
            "weight": 0
          },
          {
            "id": "n_5ada3ba56b29165a5e000218",
            "weight": 0
          },
          {
            "id": "n_5ada3bc86b29165a5e000220",
            "weight": 0
          },
          {
            "id": "n_5afc901646495d103500000e",
            "weight": 0
          }
        ],
        "space": [],
        "flags": [
          1
        ]
      }
    },
    {
      "type": "Feature",
      "geometry": {
        "type": "Point",
        "coordinates": [
          8.835657597898214,
          44.73639353483553
        ]
      },
      "properties": {
        "id": "n_5ada3bbd6b29165a5e00021d",
        "map": "f_5ad9fd551de18c4557000001",
        "externalId": "NODE-GM3BMZWS",
        "neighbors": [
          {
            "id": "n_5ada3bbf6b29165a5e00021e",
            "weight": 0
          }
        ],
        "space": [
          "s_6864ed25d998a43e5b891035"
        ],
        "flags": [
          1
        ]
      }
    },
    {
      "type": "Feature",
      "geometry": {
        "type": "Point",
        "coordinates": [
          8.835625798275123,
          44.73645665932933
        ]
      },
      "properties": {
        "id": "n_5ada3bbf6b29165a5e00021e",
        "map": "f_5ad9fd551de18c4557000001",
        "externalId": "NODE-W1XP498A",
        "neighbors": [
          {
            "id": "n_5ada3bbd6b29165a5e00021d",
            "weight": 0
          },
          {
            "id": "n_5ada3bb36b29165a5e00021b",
            "weight": 0
          },
          {
            "id": "n_5ada3bc86b29165a5e000220",
            "weight": 0
          },
          {
            "id": "n_5ada3be26b29165a5e000222",
            "weight": 0
          }
        ],
        "space": [],
        "flags": [
          1
        ]
      }
    },
    {
      "type": "Feature",
      "geometry": {
        "type": "Point",
        "coordinates": [
          8.835570973060484,
          44.73656489406256
        ]
      },
      "properties": {
        "id": "n_5ada3bc66b29165a5e00021f",
        "map": "f_5ad9fd551de18c4557000001",
        "externalId": "NODE-T2ZFVBVN",
        "neighbors": [
          {
            "id": "n_5ada3bc86b29165a5e000220",
            "weight": 0
          }
        ],
        "space": [
          "s_5ad9fd751de18c45570000c5"
        ],
        "flags": [
          1
        ]
      }
    },
    {
      "type": "Feature",
      "geometry": {
        "type": "Point",
        "coordinates": [
          8.835609215240943,
          44.73648180270114
        ]
      },
      "properties": {
        "id": "n_5ada3bc86b29165a5e000220",
        "map": "f_5ad9fd551de18c4557000001",
        "externalId": "NODE-EI1N9JH3",
        "neighbors": [
          {
            "id": "n_5ada3bc66b29165a5e00021f",
            "weight": 0
          },
          {
            "id": "n_5ada3bb86b29165a5e00021c",
            "weight": 0
          },
          {
            "id": "n_5ada3bbf6b29165a5e00021e",
            "weight": 0
          },
          {
            "id": "n_5ada3be26b29165a5e000222",
            "weight": 0
          }
        ],
        "space": [],
        "flags": [
          1
        ]
      }
    },
    {
      "type": "Feature",
      "geometry": {
        "type": "Point",
        "coordinates": [
          8.835498767495311,
          44.73650525264285
        ]
      },
      "properties": {
        "id": "n_5ada3bdb6b29165a5e000221",
        "map": "f_5ad9fd551de18c4557000001",
        "externalId": "NODE-OOP0VXCU",
        "neighbors": [
          {
            "id": "n_5ada3be26b29165a5e000222",
            "weight": 0
          }
        ],
        "space": [
          "s_5ad9fd751de18c45570000c6"
        ],
        "flags": [
          1
        ]
      }
    },
    {
      "type": "Feature",
      "geometry": {
        "type": "Point",
        "coordinates": [
          8.835526041172796,
          44.73643257372296
        ]
      },
      "properties": {
        "id": "n_5ada3be26b29165a5e000222",
        "map": "f_5ad9fd551de18c4557000001",
        "externalId": "NODE-TYHZKEKN",
        "neighbors": [
          {
            "id": "n_5ada3bdb6b29165a5e000221",
            "weight": 0
          },
          {
            "id": "n_5ada3bea6b29165a5e000224",
            "weight": 0
          },
          {
            "id": "n_5ada3bef6b29165a5e000226",
            "weight": 0
          },
          {
            "id": "n_5ada3bc86b29165a5e000220",
            "weight": 0
          },
          {
            "id": "n_5ada3bbf6b29165a5e00021e",
            "weight": 0
          }
        ],
        "space": [],
        "flags": [
          1
        ]
      }
    },
    {
      "type": "Feature",
      "geometry": {
        "type": "Point",
        "coordinates": [
          8.835552132792314,
          44.73637799308268
        ]
      },
      "properties": {
        "id": "n_5ada3bea6b29165a5e000224",
        "map": "f_5ad9fd551de18c4557000001",
        "externalId": "NODE-4MQ7CN3W",
        "neighbors": [
          {
            "id": "n_5ada3be26b29165a5e000222",
            "weight": 0
          }
        ],
        "space": [
          "s_5ad9fd751de18c4557000110"
        ],
        "flags": [
          1
        ]
      }
    },
    {
      "type": "Feature",
      "geometry": {
        "type": "Point",
        "coordinates": [
          8.835394041964195,
          44.73647107319031
        ]
      },
      "properties": {
        "id": "n_5ada3bee6b29165a5e000225",
        "map": "f_5ad9fd551de18c4557000001",
        "externalId": "NODE-WCJ99PXT",
        "neighbors": [
          {
            "id": "n_5ada3bef6b29165a5e000226",
            "weight": 0
          }
        ],
        "space": [
          "s_5ad9fd751de18c45570000c4"
        ],
        "flags": [
          1
        ]
      }
    },
    {
      "type": "Feature",
      "geometry": {
        "type": "Point",
        "coordinates": [
          8.835423244534729,
          44.73640632991884
        ]
      },
      "properties": {
        "id": "n_5ada3bef6b29165a5e000226",
        "map": "f_5ad9fd551de18c4557000001",
        "externalId": "NODE-D69SK0BP",
        "neighbors": [
          {
            "id": "n_5ada3bee6b29165a5e000225",
            "weight": 0
          },
          {
            "id": "n_5ada27026b29165a5e00002a",
            "weight": 0
          },
          {
            "id": "n_5ada3be26b29165a5e000222",
            "weight": 0
          },
          {
            "id": "n_5ada3bf56b29165a5e000227",
            "weight": 0
          }
        ],
        "space": [],
        "flags": [
          1
        ]
      }
    },
    {
      "type": "Feature",
      "geometry": {
        "type": "Point",
        "coordinates": [
          8.835457754327692,
          44.73634775137329
        ]
      },
      "properties": {
        "id": "n_5ada3bf56b29165a5e000227",
        "map": "f_5ad9fd551de18c4557000001",
        "externalId": "NODE-GHO09YR3",
        "neighbors": [
          {
            "id": "n_5ada3bef6b29165a5e000226",
            "weight": 0
          }
        ],
        "space": [
          "s_5ad9fd751de18c4557000115"
        ],
        "flags": [
          1
        ]
      }
    },
    {
      "type": "Feature",
      "geometry": {
        "type": "Point",
        "coordinates": [
          8.835294120109724,
          44.736448181272934
        ]
      },
      "properties": {
        "id": "n_5ada3db66b29165a5e000228",
        "map": "f_5ad9fd551de18c4557000001",
        "externalId": "NODE-PRBVXNOZ",
        "neighbors": [
          {
            "id": "n_5ada27026b29165a5e00002a",
            "weight": 0
          }
        ],
        "space": [
          "s_5ad9fd751de18c45570000c3"
        ],
        "flags": [
          1
        ]
      }
    },
    {
      "type": "Feature",
      "geometry": {
        "type": "Point",
        "coordinates": [
          8.835352441149738,
          44.73622253654635
        ]
      },
      "properties": {
        "id": "n_5ada3dc16b29165a5e000229",
        "map": "f_5ad9fd551de18c4557000001",
        "externalId": "NODE-4HOU1A59",
        "neighbors": [
          {
            "id": "n_5ada3dc26b29165a5e00022a",
            "weight": 0
          }
        ],
        "space": [
          "s_5ad9fd751de18c4557000116"
        ],
        "flags": [
          1
        ]
      }
    },
    {
      "type": "Feature",
      "geometry": {
        "type": "Point",
        "coordinates": [
          8.835244973364773,
          44.73624923106714
        ]
      },
      "properties": {
        "id": "n_5ada3dc26b29165a5e00022a",
        "map": "f_5ad9fd551de18c4557000001",
        "externalId": "NODE-CW0W1Z62",
        "neighbors": [
          {
            "id": "n_5ada3dc16b29165a5e000229",
            "weight": 0
          },
          {
            "id": "n_5ada27026b29165a5e00002a",
            "weight": 0
          },
          {
            "id": "n_5ada3dc46b29165a5e00022b",
            "weight": 0
          },
          {
            "id": "n_5ada3dce6b29165a5e00022d",
            "weight": 0
          }
        ],
        "space": [],
        "flags": [
          1
        ]
      }
    },
    {
      "type": "Feature",
      "geometry": {
        "type": "Point",
        "coordinates": [
          8.83516958565603,
          44.73626440380145
        ]
      },
      "properties": {
        "id": "n_5ada3dc46b29165a5e00022b",
        "map": "f_5ad9fd551de18c4557000001",
        "externalId": "NODE-AFRHO94X",
        "neighbors": [
          {
            "id": "n_5ada3dc26b29165a5e00022a",
            "weight": 0
          },
          {
            "id": "n_5ada26f76b29165a5e000027",
            "weight": 0
          },
          {
            "id": "n_5ada3dcf6b29165a5e00022e",
            "weight": 0
          },
          {
            "id": "n_5ada3dd56b29165a5e00022f",
            "weight": 0
          }
        ],
        "space": [],
        "flags": [
          1
        ]
      }
    },
    {
      "type": "Feature",
      "geometry": {
        "type": "Point",
        "coordinates": [
          8.835300413037267,
          44.73615733034907
        ]
      },
      "properties": {
        "id": "n_5ada3dcd6b29165a5e00022c",
        "map": "f_5ad9fd551de18c4557000001",
        "externalId": "NODE-8QBEMVZA",
        "neighbors": [
          {
            "id": "n_5ada3dce6b29165a5e00022d",
            "weight": 0
          }
        ],
        "space": [
          "s_5ad9fd751de18c4557000114"
        ],
        "flags": [
          1
        ]
      }
    },
    {
      "type": "Feature",
      "geometry": {
        "type": "Point",
        "coordinates": [
          8.835206483103027,
          44.73618407007993
        ]
      },
      "properties": {
        "id": "n_5ada3dce6b29165a5e00022d",
        "map": "f_5ad9fd551de18c4557000001",
        "externalId": "NODE-B7TX7MYS",
        "neighbors": [
          {
            "id": "n_5ada3dcd6b29165a5e00022c",
            "weight": 0
          },
          {
            "id": "n_5ada27006b29165a5e000029",
            "weight": 0
          },
          {
            "id": "n_5ada3dc26b29165a5e00022a",
            "weight": 0
          },
          {
            "id": "n_5ada3dcf6b29165a5e00022e",
            "weight": 0
          }
        ],
        "space": [],
        "flags": [
          1
        ]
      }
    },
    {
      "type": "Feature",
      "geometry": {
        "type": "Point",
        "coordinates": [
          8.835179352180239,
          44.736190718134935
        ]
      },
      "properties": {
        "id": "n_5ada3dcf6b29165a5e00022e",
        "map": "f_5ad9fd551de18c4557000001",
        "externalId": "NODE-0AVRFEVO",
        "neighbors": [
          {
            "id": "n_5ada3dce6b29165a5e00022d",
            "weight": 0
          },
          {
            "id": "n_5ada27006b29165a5e000029",
            "weight": 0
          },
          {
            "id": "n_5ada3dc46b29165a5e00022b",
            "weight": 0
          }
        ],
        "space": [],
        "flags": [
          1
        ]
      }
    },
    {
      "type": "Feature",
      "geometry": {
        "type": "Point",
        "coordinates": [
          8.835074475090106,
          44.736266211280274
        ]
      },
      "properties": {
        "id": "n_5ada3dd56b29165a5e00022f",
        "map": "f_5ad9fd551de18c4557000001",
        "externalId": "NODE-LX907T3N",
        "neighbors": [
          {
            "id": "n_5ada3dc46b29165a5e00022b",
            "weight": 0
          }
        ],
        "space": [
          "s_5ad9fd751de18c45570000c8"
        ],
        "flags": [
          1
        ]
      }
    },
    {
      "type": "Feature",
      "geometry": {
        "type": "Point",
        "coordinates": [
          8.835078778912727,
          44.73632712908888
        ]
      },
      "properties": {
        "id": "n_5ada3ddc6b29165a5e000230",
        "map": "f_5ad9fd551de18c4557000001",
        "externalId": "NODE-A7EIXOR7",
        "neighbors": [
          {
            "id": "n_5ada26f76b29165a5e000027",
            "weight": 0
          }
        ],
        "space": [
          "s_5ad9fd751de18c45570000c1"
        ],
        "flags": [
          1
        ]
      }
    },
    {
      "type": "Feature",
      "geometry": {
        "type": "Point",
        "coordinates": [
          8.835146010922205,
          44.73642208579868
        ]
      },
      "properties": {
        "id": "n_5ada3de66b29165a5e000231",
        "map": "f_5ad9fd551de18c4557000001",
        "externalId": "NODE-BP8B5E1K",
        "neighbors": [
          {
            "id": "n_5ada27196b29165a5e00002d",
            "weight": 0
          }
        ],
        "space": [
          "s_5ad9fd751de18c45570000c2"
        ],
        "flags": [
          1
        ]
      }
    },
    {
      "type": "Feature",
      "geometry": {
        "type": "Point",
        "coordinates": [
          8.835080170728128,
          44.73614918847888
        ]
      },
      "properties": {
        "id": "n_5ada3e586b29165a5e000232",
        "map": "f_5ad9fd551de18c4557000001",
        "externalId": "NODE-H17C4H26",
        "neighbors": [
          {
            "id": "n_5ada27006b29165a5e000029",
            "weight": 0
          }
        ],
        "space": [
          "s_5ad9fd751de18c45570000c9"
        ],
        "flags": [
          1
        ]
      }
    },
    {
      "type": "Feature",
      "geometry": {
        "type": "Point",
        "coordinates": [
          8.835310688823924,
          44.736083672777376
        ]
      },
      "properties": {
        "id": "n_5ada3e5d6b29165a5e000233",
        "map": "f_5ad9fd551de18c4557000001",
        "externalId": "NODE-ATQR04GI",
        "neighbors": [
          {
            "id": "n_5ada3e5e6b29165a5e000234",
            "weight": 0
          }
        ],
        "space": [
          "s_5ad9fd751de18c4557000111"
        ],
        "flags": [
          1
        ]
      }
    },
    {
      "type": "Feature",
      "geometry": {
        "type": "Point",
        "coordinates": [
          8.835186598064276,
          44.73611401550342
        ]
      },
      "properties": {
        "id": "n_5ada3e5e6b29165a5e000234",
        "map": "f_5ad9fd551de18c4557000001",
        "externalId": "NODE-2S1NKKUO",
        "neighbors": [
          {
            "id": "n_5ada3e5d6b29165a5e000233",
            "weight": 0
          },
          {
            "id": "n_5ada27006b29165a5e000029",
            "weight": 0
          },
          {
            "id": "n_5ada26f46b29165a5e000026",
            "weight": 0
          }
        ],
        "space": [],
        "flags": [
          1
        ]
      }
    },
    {
      "type": "Feature",
      "geometry": {
        "type": "Point",
        "coordinates": [
          8.83507042232739,
          44.735971422640056
        ]
      },
      "properties": {
        "id": "n_5ada3f066b29165a5e000235",
        "map": "f_5ad9fd551de18c4557000001",
        "externalId": "NODE-4XTFDSKE",
        "neighbors": [
          {
            "id": "n_5adddbff6b29160c75000000",
            "weight": 0
          }
        ],
        "space": [
          "s_5c52fd5ca7e47b7fb2000000"
        ],
        "flags": [
          1
        ]
      }
    },
    {
      "type": "Feature",
      "geometry": {
        "type": "Point",
        "coordinates": [
          8.835242720618782,
          44.735937624824004
        ]
      },
      "properties": {
        "id": "n_5ada3f096b29165a5e000237",
        "map": "f_5ad9fd551de18c4557000001",
        "externalId": "NODE-5EXUUUZC",
        "neighbors": [
          {
            "id": "n_5ada26f46b29165a5e000026",
            "weight": 0
          },
          {
            "id": "n_5ada3f0c6b29165a5e000238",
            "weight": 0
          },
          {
            "id": "n_5adddbff6b29160c75000000",
            "weight": 0
          }
        ],
        "space": [],
        "flags": [
          1
        ]
      }
    },
    {
      "type": "Feature",
      "geometry": {
        "type": "Point",
        "coordinates": [
          8.835343235854243,
          44.73591790774399
        ]
      },
      "properties": {
        "id": "n_5ada3f0c6b29165a5e000238",
        "map": "f_5ad9fd551de18c4557000001",
        "externalId": "NODE-LERN2NI2",
        "neighbors": [
          {
            "id": "n_5ada3f096b29165a5e000237",
            "weight": 0
          }
        ],
        "space": [
          "s_5af9abc2385af4741f000002",
          "s_5af9abc2385af4741f000002"
        ],
        "flags": [
          1
        ]
      }
    },
    {
      "type": "Feature",
      "geometry": {
        "type": "Point",
        "coordinates": [
          8.835247513442626,
          44.73569070767326
        ]
      },
      "properties": {
        "id": "n_5ada3f216b29165a5e00023e",
        "map": "f_5ad9fd551de18c4557000001",
        "externalId": "NODE-VXAUKLAQ",
        "neighbors": [
          {
            "id": "n_5ada3f226b29165a5e00023f",
            "weight": 0
          }
        ],
        "space": [
          "s_5ad9fd751de18c45570000ea"
        ],
        "flags": [
          1
        ]
      }
    },
    {
      "type": "Feature",
      "geometry": {
        "type": "Point",
        "coordinates": [
          8.835121222008276,
          44.73571786051042
        ]
      },
      "properties": {
        "id": "n_5ada3f226b29165a5e00023f",
        "map": "f_5ad9fd551de18c4557000001",
        "externalId": "NODE-j7B0_rTI",
        "neighbors": [
          {
            "id": "n_5ada3f216b29165a5e00023e",
            "weight": 0
          },
          {
            "id": "n_5ada3f246b29165a5e000240",
            "weight": 0
          },
          {
            "id": "n_5ada3f696b29165a5e000247",
            "weight": 0
          },
          {
            "id": "n_652859a9f9a78c7767a88468",
            "weight": 0
          }
        ],
        "space": [],
        "flags": [
          1
        ]
      }
    },
    {
      "type": "Feature",
      "geometry": {
        "type": "Point",
        "coordinates": [
          8.835006133333001,
          44.73573884545434
        ]
      },
      "properties": {
        "id": "n_5ada3f246b29165a5e000240",
        "map": "f_5ad9fd551de18c4557000001",
        "externalId": "NODE-6PET6YO7",
        "neighbors": [
          {
            "id": "n_5ada3f226b29165a5e00023f",
            "weight": 0
          }
        ],
        "space": [
          "s_5ad9fd751de18c45570000c0"
        ],
        "flags": [
          1
        ]
      }
    },
    {
      "type": "Feature",
      "geometry": {
        "type": "Point",
        "coordinates": [
          8.835010076171889,
          44.73584514536186
        ]
      },
      "properties": {
        "id": "n_5ada3f276b29165a5e000241",
        "map": "f_5ad9fd551de18c4557000001",
        "externalId": "NODE-W453MNMJ",
        "neighbors": [
          {
            "id": "n_5adf3a4191d0c55f86000027",
            "weight": 0
          }
        ],
        "space": [
          "s_5ad9fd751de18c45570000cc"
        ],
        "flags": [
          1
        ]
      }
    },
    {
      "type": "Feature",
      "geometry": {
        "type": "Point",
        "coordinates": [
          8.835297027870663,
          44.735766308884635
        ]
      },
      "properties": {
        "id": "n_5ada3f336b29165a5e000243",
        "map": "f_5ad9fd551de18c4557000001",
        "externalId": "NODE-YgApGys9",
        "neighbors": [
          {
            "id": "n_5adf3a4191d0c55f86000027",
            "weight": 0
          }
        ],
        "space": [
          "s_5f03d22effaae24181000000"
        ],
        "flags": [
          1
        ]
      }
    },
    {
      "type": "Feature",
      "geometry": {
        "type": "Point",
        "coordinates": [
          8.835037702410682,
          44.73589926149771
        ]
      },
      "properties": {
        "id": "n_5ada3f3f6b29165a5e000244",
        "map": "f_5ad9fd551de18c4557000001",
        "externalId": "NODE-H9NMXCGT",
        "neighbors": [
          {
            "id": "n_5adf3a3c91d0c55f86000026",
            "weight": 0
          }
        ],
        "space": [
          "s_5c52fd5ca7e47b7fb2000000"
        ],
        "flags": [
          1
        ]
      }
    },
    {
      "type": "Feature",
      "geometry": {
        "type": "Point",
        "coordinates": [
          8.834977312734932,
          44.73567111959369
        ]
      },
      "properties": {
        "id": "n_5ada3f676b29165a5e000246",
        "map": "f_5ad9fd551de18c4557000001",
        "externalId": "NODE-3N5J8TWC",
        "neighbors": [
          {
            "id": "n_5ada3f696b29165a5e000247",
            "weight": 0
          }
        ],
        "space": [
          "s_5ad9fd751de18c45570000cd"
        ],
        "flags": [
          1
        ]
      }
    },
    {
      "type": "Feature",
      "geometry": {
        "type": "Point",
        "coordinates": [
          8.835097010306038,
          44.73564792594143
        ]
      },
      "properties": {
        "id": "n_5ada3f696b29165a5e000247",
        "map": "f_5ad9fd551de18c4557000001",
        "externalId": "NODE-G3LY0HNJ",
        "neighbors": [
          {
            "id": "n_5ada3f676b29165a5e000246",
            "weight": 0
          },
          {
            "id": "n_5ada3f226b29165a5e00023f",
            "weight": 0
          },
          {
            "id": "n_5dc078df2b36ed2369000000",
            "weight": 0
          }
        ],
        "space": [],
        "flags": [
          1
        ]
      }
    },
    {
      "type": "Feature",
      "geometry": {
        "type": "Point",
        "coordinates": [
          8.835203098381143,
          44.735606594304485
        ]
      },
      "properties": {
        "id": "n_5ada3f726b29165a5e000248",
        "map": "f_5ad9fd551de18c4557000001",
        "externalId": "NODE-5QJMM52M",
        "neighbors": [
          {
            "id": "n_5dc078df2b36ed2369000000",
            "weight": 0
          }
        ],
        "space": [
          "s_5afb328e4157f0164d000002"
        ],
        "flags": [
          1
        ]
      }
    },
    {
      "type": "Feature",
      "geometry": {
        "type": "Point",
        "coordinates": [
          8.83495883890547,
          44.7356073314652
        ]
      },
      "properties": {
        "id": "n_5ada3f796b29165a5e000249",
        "map": "f_5ad9fd551de18c4557000001",
        "externalId": "NODE-AU0Z7KU1",
        "neighbors": [
          {
            "id": "n_5ada3f7a6b29165a5e00024a",
            "weight": 0
          }
        ],
        "space": [
          "s_5ad9fd751de18c45570000ce"
        ],
        "flags": [
          1
        ]
      }
    },
    {
      "type": "Feature",
      "geometry": {
        "type": "Point",
        "coordinates": [
          8.835075590664202,
          44.73558605598603
        ]
      },
      "properties": {
        "id": "n_5ada3f7a6b29165a5e00024a",
        "map": "f_5ad9fd551de18c4557000001",
        "externalId": "NODE-F7J1XF5V",
        "neighbors": [
          {
            "id": "n_5ada3f796b29165a5e000249",
            "weight": 0
          },
          {
            "id": "n_5ada3f7e6b29165a5e00024c",
            "weight": 0
          },
          {
            "id": "n_5dc078df2b36ed2369000000",
            "weight": 0
          }
        ],
        "space": [],
        "flags": [
          1
        ]
      }
    },
    {
      "type": "Feature",
      "geometry": {
        "type": "Point",
        "coordinates": [
          8.83493430507792,
          44.73553745317908
        ]
      },
      "properties": {
        "id": "n_5ada3f7d6b29165a5e00024b",
        "map": "f_5ad9fd551de18c4557000001",
        "externalId": "NODE-DF8939T5",
        "neighbors": [
          {
            "id": "n_5ada3f7e6b29165a5e00024c",
            "weight": 0
          }
        ],
        "space": [
          "s_5adde07a6b29160c75000011"
        ],
        "flags": [
          1
        ]
      }
    },
    {
      "type": "Feature",
      "geometry": {
        "type": "Point",
        "coordinates": [
          8.835051379072342,
          44.73551612140739
        ]
      },
      "properties": {
        "id": "n_5ada3f7e6b29165a5e00024c",
        "map": "f_5ad9fd551de18c4557000001",
        "externalId": "NODE-G85OFS6T",
        "neighbors": [
          {
            "id": "n_5ada3f7d6b29165a5e00024b",
            "weight": 0
          },
          {
            "id": "n_5ada3f7a6b29165a5e00024a",
            "weight": 0
          },
          {
            "id": "n_5ada3f816b29165a5e00024d",
            "weight": 0
          },
          {
            "id": "n_5ada3f866b29165a5e00024f",
            "weight": 0
          }
        ],
        "space": [],
        "flags": [
          1
        ]
      }
    },
    {
      "type": "Feature",
      "geometry": {
        "type": "Point",
        "coordinates": [
          8.835158537856644,
          44.735497925238704
        ]
      },
      "properties": {
        "id": "n_5ada3f816b29165a5e00024d",
        "map": "f_5ad9fd551de18c4557000001",
        "externalId": "NODE-N4OLFAZB",
        "neighbors": [
          {
            "id": "n_5ada3f7e6b29165a5e00024c",
            "weight": 0
          }
        ],
        "space": [
          "s_5afb32894157f0164d000000"
        ],
        "flags": [
          1
        ]
      }
    },
    {
      "type": "Feature",
      "geometry": {
        "type": "Point",
        "coordinates": [
          8.83492314799889,
          44.73547455770836
        ]
      },
      "properties": {
        "id": "n_5ada3f856b29165a5e00024e",
        "map": "f_5ad9fd551de18c4557000001",
        "externalId": "NODE-52OVL8SY",
        "neighbors": [
          {
            "id": "n_5ada3f866b29165a5e00024f",
            "weight": 0
          }
        ],
        "space": [
          "s_5ad9fd751de18c45570000d2"
        ],
        "flags": [
          1
        ]
      }
    },
    {
      "type": "Feature",
      "geometry": {
        "type": "Point",
        "coordinates": [
          8.83502995952815,
          44.73545425144347
        ]
      },
      "properties": {
        "id": "n_5ada3f866b29165a5e00024f",
        "map": "f_5ad9fd551de18c4557000001",
        "externalId": "NODE-B0CZ1245",
        "neighbors": [
          {
            "id": "n_5ada3f856b29165a5e00024e",
            "weight": 0
          },
          {
            "id": "n_5ada3f7e6b29165a5e00024c",
            "weight": 0
          },
          {
            "id": "n_5ada3f886b29165a5e000250",
            "weight": 0
          },
          {
            "id": "n_5ada3f8c6b29165a5e000252",
            "weight": 0
          }
        ],
        "space": [],
        "flags": [
          1
        ]
      }
    },
    {
      "type": "Feature",
      "geometry": {
        "type": "Point",
        "coordinates": [
          8.835124173954828,
          44.73543754933039
        ]
      },
      "properties": {
        "id": "n_5ada3f886b29165a5e000250",
        "map": "f_5ad9fd551de18c4557000001",
        "externalId": "NODE-GPFXK5VY",
        "neighbors": [
          {
            "id": "n_5ada3f866b29165a5e00024f",
            "weight": 0
          }
        ],
        "space": [
          "s_5ad9fd751de18c45570000ed"
        ],
        "flags": [
          1
        ]
      }
    },
    {
      "type": "Feature",
      "geometry": {
        "type": "Point",
        "coordinates": [
          8.834898614270806,
          44.735404679414614
        ]
      },
      "properties": {
        "id": "n_5ada3f8b6b29165a5e000251",
        "map": "f_5ad9fd551de18c4557000001",
        "externalId": "NODE-WGFPD198",
        "neighbors": [
          {
            "id": "n_5ada3f8c6b29165a5e000252",
            "weight": 0
          }
        ],
        "space": [
          "s_5ad9fd751de18c45570000d3"
        ],
        "flags": [
          1
        ]
      }
    },
    {
      "type": "Feature",
      "geometry": {
        "type": "Point",
        "coordinates": [
          8.835006727840792,
          44.73538714698275
        ]
      },
      "properties": {
        "id": "n_5ada3f8c6b29165a5e000252",
        "map": "f_5ad9fd551de18c4557000001",
        "externalId": "NODE-FICNP0IP",
        "neighbors": [
          {
            "id": "n_5ada3f8b6b29165a5e000251",
            "weight": 0
          },
          {
            "id": "n_5ada26ef6b29165a5e000023",
            "weight": 0
          },
          {
            "id": "n_5ada3f866b29165a5e00024f",
            "weight": 0
          },
          {
            "id": "n_5ada3f8d6b29165a5e000253",
            "weight": 0
          }
        ],
        "space": [],
        "flags": [
          1
        ]
      }
    },
    {
      "type": "Feature",
      "geometry": {
        "type": "Point",
        "coordinates": [
          8.835102670018594,
          44.735370716152666
        ]
      },
      "properties": {
        "id": "n_5ada3f8d6b29165a5e000253",
        "map": "f_5ad9fd551de18c4557000001",
        "externalId": "NODE-D4YVSV5A",
        "neighbors": [
          {
            "id": "n_5ada3f8c6b29165a5e000252",
            "weight": 0
          }
        ],
        "space": [
          "s_5ad9fd751de18c45570000f3"
        ],
        "flags": [
          1
        ]
      }
    },
    {
      "type": "Feature",
      "geometry": {
        "type": "Point",
        "coordinates": [
          8.83484836077642,
          44.73534771558105
        ]
      },
      "properties": {
        "id": "n_5ada3f966b29165a5e000254",
        "map": "f_5ad9fd551de18c4557000001",
        "externalId": "NODE-O0X7J581",
        "neighbors": [
          {
            "id": "n_5ada26e06b29165a5e00001f",
            "weight": 0
          }
        ],
        "space": [
          "s_5ad9fd751de18c45570000d4"
        ],
        "flags": [
          1
        ]
      }
    },
    {
      "type": "Feature",
      "geometry": {
        "type": "Point",
        "coordinates": [
          8.835124549182934,
          44.73529579883016
        ]
      },
      "properties": {
        "id": "n_5ada3f9e6b29165a5e000255",
        "map": "f_5ad9fd551de18c4557000001",
        "externalId": "NODE-691LNPO4",
        "neighbors": [
          {
            "id": "n_5ada26e76b29165a5e000020",
            "weight": 0
          }
        ],
        "space": [
          "s_5ad9fd751de18c45570000ee"
        ],
        "flags": [
          1
        ]
      }
    },
    {
      "type": "Feature",
      "geometry": {
        "type": "Point",
        "coordinates": [
          8.835097502069557,
          44.73523631556521
        ]
      },
      "properties": {
        "id": "n_5ada3fa06b29165a5e000256",
        "map": "f_5ad9fd551de18c4557000001",
        "externalId": "NODE-6BZKADXB",
        "neighbors": [
          {
            "id": "n_5ada3fa16b29165a5e000257",
            "weight": 0
          }
        ],
        "space": [
          "s_5ad9fd751de18c45570000ef"
        ],
        "flags": [
          1
        ]
      }
    },
    {
      "type": "Feature",
      "geometry": {
        "type": "Point",
        "coordinates": [
          8.835020740695423,
          44.73525037405206
        ]
      },
      "properties": {
        "id": "n_5ada3fa16b29165a5e000257",
        "map": "f_5ad9fd551de18c4557000001",
        "externalId": "NODE-MAQHT996",
        "neighbors": [
          {
            "id": "n_5ada3fa06b29165a5e000256",
            "weight": 0
          },
          {
            "id": "n_5ada26e76b29165a5e000020",
            "weight": 0
          },
          {
            "id": "n_5ada26e96b29165a5e000021",
            "weight": 0
          },
          {
            "id": "n_5ada3fa56b29165a5e000259",
            "weight": 0
          }
        ],
        "space": [],
        "flags": [
          1
        ]
      }
    },
    {
      "type": "Feature",
      "geometry": {
        "type": "Point",
        "coordinates": [
          8.834825600557854,
          44.73528607984144
        ]
      },
      "properties": {
        "id": "n_5ada3fa46b29165a5e000258",
        "map": "f_5ad9fd551de18c4557000001",
        "externalId": "NODE-WKW3QRC8",
        "neighbors": [
          {
            "id": "n_5ada3fa56b29165a5e000259",
            "weight": 0
          }
        ],
        "space": [
          "s_5ad9fd751de18c45570000d5"
        ],
        "flags": [
          1
        ]
      }
    },
    {
      "type": "Feature",
      "geometry": {
        "type": "Point",
        "coordinates": [
          8.834903758133633,
          44.735271788141006
        ]
      },
      "properties": {
        "id": "n_5ada3fa56b29165a5e000259",
        "map": "f_5ad9fd551de18c4557000001",
        "externalId": "NODE-2hS1wyPa",
        "neighbors": [
          {
            "id": "n_5ada3fa46b29165a5e000258",
            "weight": 0
          },
          {
            "id": "n_5ada26e06b29165a5e00001f",
            "weight": 0
          },
          {
            "id": "n_5ada3fa16b29165a5e000257",
            "weight": 0
          },
          {
            "id": "n_65285976f9a78c7767a88466",
            "weight": 0
          }
        ],
        "space": [],
        "flags": [
          1
        ]
      }
    },
    {
      "type": "Feature",
      "geometry": {
        "type": "Point",
        "coordinates": [
          8.834801067027616,
          44.73521620152678
        ]
      },
      "properties": {
        "id": "n_5ada3fba6b29165a5e00025a",
        "map": "f_5ad9fd551de18c4557000001",
        "externalId": "NODE-7WUD6Y6I",
        "neighbors": [
          {
            "id": "n_5ada3fbb6b29165a5e00025b",
            "weight": 0
          }
        ],
        "space": [
          "s_5ad9fd751de18c45570000d6"
        ],
        "flags": [
          1
        ]
      }
    },
    {
      "type": "Feature",
      "geometry": {
        "type": "Point",
        "coordinates": [
          8.834879328066993,
          44.73520256026488
        ]
      },
      "properties": {
        "id": "n_5ada3fbb6b29165a5e00025b",
        "map": "f_5ad9fd551de18c4557000001",
        "externalId": "NODE-w9FVlXLk",
        "neighbors": [
          {
            "id": "n_5ada3fba6b29165a5e00025a",
            "weight": 0
          },
          {
            "id": "n_5ada26e96b29165a5e000021",
            "weight": 0
          },
          {
            "id": "n_5ada26eb6b29165a5e000022",
            "weight": 0
          },
          {
            "id": "n_65285976f9a78c7767a88466",
            "weight": 0
          }
        ],
        "space": [],
        "flags": [
          1
        ]
      }
    },
    {
      "type": "Feature",
      "geometry": {
        "type": "Point",
        "coordinates": [
          8.834777050275092,
          44.735159763267106
        ]
      },
      "properties": {
        "id": "n_5ada3fc36b29165a5e00025c",
        "map": "f_5ad9fd551de18c4557000001",
        "externalId": "NODE-9XBMGH4P",
        "neighbors": [
          {
            "id": "n_5ada26eb6b29165a5e000022",
            "weight": 0
          }
        ],
        "space": [
          "s_5ad9fd751de18c45570000d7"
        ],
        "flags": [
          1
        ]
      }
    },
    {
      "type": "Feature",
      "geometry": {
        "type": "Point",
        "coordinates": [
          8.83477321005027,
          44.735097760455346
        ]
      },
      "properties": {
        "id": "n_5ada3fc76b29165a5e00025d",
        "map": "f_5ad9fd551de18c4557000001",
        "externalId": "NODE-2W67VLCA",
        "neighbors": [
          {
            "id": "n_5ada3fdb6b29165a5e00025f",
            "weight": 0
          }
        ],
        "space": [
          "s_5ad9fd751de18c45570000d8"
        ],
        "flags": [
          1
        ]
      }
    },
    {
      "type": "Feature",
      "geometry": {
        "type": "Point",
        "coordinates": [
          8.834929595276183,
          44.735074033915275
        ]
      },
      "properties": {
        "id": "n_5ada3fdb6b29165a5e00025f",
        "map": "f_5ad9fd551de18c4557000001",
        "externalId": "NODE-JC5D7N81",
        "neighbors": [
          {
            "id": "n_5ada3fc76b29165a5e00025d",
            "weight": 0
          },
          {
            "id": "n_5ada26eb6b29165a5e000022",
            "weight": 0
          },
          {
            "id": "n_5ada3fea6b29165a5e000262",
            "weight": 0
          }
        ],
        "space": [],
        "flags": [
          1
        ]
      }
    },
    {
      "type": "Feature",
      "geometry": {
        "type": "Point",
        "coordinates": [
          8.835021974934643,
          44.73512811110282
        ]
      },
      "properties": {
        "id": "n_5ada3fe46b29165a5e000260",
        "map": "f_5ad9fd551de18c4557000001",
        "externalId": "NODE-OVHBNTYJ",
        "neighbors": [
          {
            "id": "n_5ada26e96b29165a5e000021",
            "weight": 0
          }
        ],
        "space": [
          "s_5ad9fd751de18c45570000f0"
        ],
        "flags": [
          1
        ]
      }
    },
    {
      "type": "Feature",
      "geometry": {
        "type": "Point",
        "coordinates": [
          8.835061887242908,
          44.73504870540668
        ]
      },
      "properties": {
        "id": "n_5ada3fe96b29165a5e000261",
        "map": "f_5ad9fd551de18c4557000001",
        "externalId": "NODE-JTIUCQQE",
        "neighbors": [
          {
            "id": "n_5ada3fea6b29165a5e000262",
            "weight": 0
          }
        ],
        "space": [
          "s_5ad9fd751de18c45570000f1"
        ],
        "flags": [
          1
        ]
      }
    },
    {
      "type": "Feature",
      "geometry": {
        "type": "Point",
        "coordinates": [
          8.834968871365021,
          44.73501860844653
        ]
      },
      "properties": {
        "id": "n_5ada3fea6b29165a5e000262",
        "map": "f_5ad9fd551de18c4557000001",
        "externalId": "NODE-5WZDCUA1",
        "neighbors": [
          {
            "id": "n_5ada3fe96b29165a5e000261",
            "weight": 0
          },
          {
            "id": "n_5ada3fdb6b29165a5e00025f",
            "weight": 0
          },
          {
            "id": "n_5ada3feb6b29165a5e000263",
            "weight": 0
          },
          {
            "id": "n_5ada3ffb6b29165a5e000265",
            "weight": 0
          }
        ],
        "space": [],
        "flags": [
          1
        ]
      }
    },
    {
      "type": "Feature",
      "geometry": {
        "type": "Point",
        "coordinates": [
          8.83489597174282,
          44.734995020388006
        ]
      },
      "properties": {
        "id": "n_5ada3feb6b29165a5e000263",
        "map": "f_5ad9fd551de18c4557000001",
        "externalId": "NODE-LKRH8NBS",
        "neighbors": [
          {
            "id": "n_5ada3fea6b29165a5e000262",
            "weight": 0
          }
        ],
        "space": [
          "s_5ad9fd751de18c45570000d9"
        ],
        "flags": [
          1
        ]
      }
    },
    {
      "type": "Feature",
      "geometry": {
        "type": "Point",
        "coordinates": [
          8.83510534623304,
          44.73498578482831
        ]
      },
      "properties": {
        "id": "n_5ada3ff96b29165a5e000264",
        "map": "f_5ad9fd551de18c4557000001",
        "externalId": "NODE-678SF7ED",
        "neighbors": [
          {
            "id": "n_5ada3ffb6b29165a5e000265",
            "weight": 0
          }
        ],
        "space": [
          "s_5ad9fd751de18c45570000f2"
        ],
        "flags": [
          1
        ]
      }
    },
    {
      "type": "Feature",
      "geometry": {
        "type": "Point",
        "coordinates": [
          8.835015256877593,
          44.73495339033433
        ]
      },
      "properties": {
        "id": "n_5ada3ffb6b29165a5e000265",
        "map": "f_5ad9fd551de18c4557000001",
        "externalId": "NODE-b6-i6JU-",
        "neighbors": [
          {
            "id": "n_5ada3ff96b29165a5e000264",
            "weight": 0
          },
          {
            "id": "n_5ada3fea6b29165a5e000262",
            "weight": 0
          },
          {
            "id": "n_5ada3ffc6b29165a5e000266",
            "weight": 0
          },
          {
            "id": "n_6528595af9a78c7767a88463",
            "weight": 0
          }
        ],
        "space": [],
        "flags": [
          1
        ]
      }
    },
    {
      "type": "Feature",
      "geometry": {
        "type": "Point",
        "coordinates": [
          8.834935514200495,
          44.73492493351105
        ]
      },
      "properties": {
        "id": "n_5ada3ffc6b29165a5e000266",
        "map": "f_5ad9fd551de18c4557000001",
        "externalId": "NODE-FT7RNZRC",
        "neighbors": [
          {
            "id": "n_5ada3ffb6b29165a5e000265",
            "weight": 0
          }
        ],
        "space": [
          "s_5ad9fd751de18c45570000da"
        ],
        "flags": [
          1
        ]
      }
    },
    {
      "type": "Feature",
      "geometry": {
        "type": "Point",
        "coordinates": [
          8.8351915779036,
          44.73594998931318
        ]
      },
      "properties": {
        "id": "n_5adddbff6b29160c75000000",
        "map": "f_5ad9fd551de18c4557000001",
        "externalId": "NODE-ZM68H7LC",
        "neighbors": [
          {
            "id": "n_5ada26f46b29165a5e000026",
            "weight": 0
          },
          {
            "id": "n_5ada3f096b29165a5e000237",
            "weight": 0
          },
          {
            "id": "n_5ada3f066b29165a5e000235",
            "weight": 0
          },
          {
            "id": "n_5adf3a3c91d0c55f86000026",
            "weight": 0
          }
        ],
        "space": [],
        "flags": [
          1
        ]
      }
    },
    {
      "type": "Feature",
      "geometry": {
        "type": "Point",
        "coordinates": [
          8.837037281138644,
          44.73544684580605
        ]
      },
      "properties": {
        "id": "n_5adde8da6b29160c75000024",
        "map": "f_5ad9fd551de18c4557000001",
        "externalId": "NODE-XE2Q1Q4A",
        "neighbors": [
          {
            "id": "n_5adde8db6b29160c75000025",
            "weight": 0
          }
        ],
        "space": [
          "s_5adde8c96b29160c75000023"
        ],
        "flags": [
          1
        ]
      }
    },
    {
      "type": "Feature",
      "geometry": {
        "type": "Point",
        "coordinates": [
          8.837052321301625,
          44.73541869594888
        ]
      },
      "properties": {
        "id": "n_5adde8db6b29160c75000025",
        "map": "f_5ad9fd551de18c4557000001",
        "externalId": "NODE-32E8F99Q",
        "neighbors": [
          {
            "id": "n_5adde8da6b29160c75000024",
            "weight": 0
          },
          {
            "id": "n_5ada27ed6b29165a5e00005d",
            "weight": 0
          },
          {
            "id": "n_5ada27ef6b29165a5e00005e",
            "weight": 0
          }
        ],
        "space": [],
        "flags": [
          1
        ]
      }
    },
    {
      "type": "Feature",
      "geometry": {
        "type": "Point",
        "coordinates": [
          8.837140949245724,
          44.73544121992432
        ]
      },
      "properties": {
        "id": "n_5adde8ec6b29160c75000026",
        "map": "f_5ad9fd551de18c4557000001",
        "externalId": "NODE-ZIZ5104B",
        "neighbors": [
          {
            "id": "n_5ada27ef6b29165a5e00005e",
            "weight": 0
          },
          {
            "id": "n_5ada27ef6b29165a5e00005f",
            "weight": 0
          }
        ],
        "space": [],
        "flags": [
          1
        ]
      }
    },
    {
      "type": "Feature",
      "geometry": {
        "type": "Point",
        "coordinates": [
          8.837069925281817,
          44.73704739395203
        ]
      },
      "properties": {
        "id": "n_5addea486b29160c7500002f",
        "map": "f_5ad9fd551de18c4557000001",
        "externalId": "NODE-EUCJVGSK",
        "neighbors": [
          {
            "id": "n_5ada36046b29165a5e0001c0",
            "weight": 0
          },
          {
            "id": "n_5addea536b29160c75000030",
            "weight": 0
          },
          {
            "id": "n_5addea5f6b29160c75000032",
            "weight": 0
          },
          {
            "id": "n_5addea6b6b29160c75000033",
            "weight": 0
          }
        ],
        "space": [],
        "flags": [
          1
        ]
      }
    },
    {
      "type": "Feature",
      "geometry": {
        "type": "Point",
        "coordinates": [
          8.837097924442231,
          44.737075529942
        ]
      },
      "properties": {
        "id": "n_5addea536b29160c75000030",
        "map": "f_5ad9fd551de18c4557000001",
        "externalId": "NODE-9FVIM4RV",
        "neighbors": [
          {
            "id": "n_5addea486b29160c7500002f",
            "weight": 0
          }
        ],
        "space": [
          "s_5adde9c06b29160c75000029"
        ],
        "flags": [
          1
        ]
      }
    },
    {
      "type": "Feature",
      "geometry": {
        "type": "Point",
        "coordinates": [
          8.837153333126123,
          44.73702629832242
        ]
      },
      "properties": {
        "id": "n_5addea586b29160c75000031",
        "map": "f_5ad9fd551de18c4557000001",
        "externalId": "NODE-C8LMKGZ5",
        "neighbors": [
          {
            "id": "n_5ada36046b29165a5e0001c0",
            "weight": 0
          }
        ],
        "space": [
          "s_5adde9c06b29160c75000028"
        ],
        "flags": [
          1
        ]
      }
    },
    {
      "type": "Feature",
      "geometry": {
        "type": "Point",
        "coordinates": [
          8.837051776453979,
          44.737042076671536
        ]
      },
      "properties": {
        "id": "n_5addea5f6b29160c75000032",
        "map": "f_5ad9fd551de18c4557000001",
        "externalId": "NODE-49SS5MFZ",
        "neighbors": [
          {
            "id": "n_5addea486b29160c7500002f",
            "weight": 0
          }
        ],
        "space": [
          "s_5addea066b29160c7500002b"
        ],
        "flags": [
          1
        ]
      }
    },
    {
      "type": "Feature",
      "geometry": {
        "type": "Point",
        "coordinates": [
          8.837053644621323,
          44.737075479397646
        ]
      },
      "properties": {
        "id": "n_5addea6b6b29160c75000033",
        "map": "f_5ad9fd551de18c4557000001",
        "externalId": "NODE-M5OF0IQW",
        "neighbors": [
          {
            "id": "n_5addea486b29160c7500002f",
            "weight": 0
          }
        ],
        "space": [
          "s_5addea066b29160c7500002c"
        ],
        "flags": [
          1
        ]
      }
    },
    {
      "type": "Feature",
      "geometry": {
        "type": "Point",
        "coordinates": [
          8.834866092110378,
          44.736397122234145
        ]
      },
      "properties": {
        "id": "n_5addeab76b29160c75000039",
        "map": "f_5ad9fd551de18c4557000001",
        "externalId": "NODE-6IVD13YX",
        "neighbors": [
          {
            "id": "n_5addeab86b29160c7500003a",
            "weight": 0
          }
        ],
        "space": [
          "s_5addeab26b29160c75000036"
        ],
        "flags": [
          1
        ]
      }
    },
    {
      "type": "Feature",
      "geometry": {
        "type": "Point",
        "coordinates": [
          8.83486203639679,
          44.73636537953005
        ]
      },
      "properties": {
        "id": "n_5addeab86b29160c7500003a",
        "map": "f_5ad9fd551de18c4557000001",
        "externalId": "NODE-WPN4FWDW",
        "neighbors": [
          {
            "id": "n_5addeab76b29160c75000039",
            "weight": 0
          },
          {
            "id": "n_5ada27186b29165a5e00002c",
            "weight": 0
          },
          {
            "id": "n_5addeabb6b29160c7500003c",
            "weight": 0
          }
        ],
        "space": [],
        "flags": [
          1
        ]
      }
    },
    {
      "type": "Feature",
      "geometry": {
        "type": "Point",
        "coordinates": [
          8.834894157551128,
          44.73639548366251
        ]
      },
      "properties": {
        "id": "n_5addeaba6b29160c7500003b",
        "map": "f_5ad9fd551de18c4557000001",
        "externalId": "NODE-P6MTQA5V",
        "neighbors": [
          {
            "id": "n_5addeabb6b29160c7500003c",
            "weight": 0
          }
        ],
        "space": [
          "s_5addeab26b29160c75000037"
        ],
        "flags": [
          1
        ]
      }
    },
    {
      "type": "Feature",
      "geometry": {
        "type": "Point",
        "coordinates": [
          8.834890619706457,
          44.73636426628239
        ]
      },
      "properties": {
        "id": "n_5addeabb6b29160c7500003c",
        "map": "f_5ad9fd551de18c4557000001",
        "externalId": "NODE-5SKTILQW",
        "neighbors": [
          {
            "id": "n_5addeaba6b29160c7500003b",
            "weight": 0
          },
          {
            "id": "n_5ada272c6b29165a5e00002f",
            "weight": 0
          },
          {
            "id": "n_5addeab86b29160c7500003a",
            "weight": 0
          }
        ],
        "space": [],
        "flags": [
          1
        ]
      }
    },
    {
      "type": "Feature",
      "geometry": {
        "type": "Point",
        "coordinates": [
          8.836414092462089,
          44.73652708904939
        ]
      },
      "properties": {
        "id": "n_5addf8c36b29160c75000069",
        "map": "f_5ad9fd551de18c4557000001",
        "externalId": "NODE-0KRPU490",
        "neighbors": [
          {
            "id": "n_5addf8c46b29160c7500006a",
            "weight": 0
          }
        ],
        "space": [
          "s_5ad9fd751de18c45570000fb"
        ],
        "flags": [
          1
        ]
      }
    },
    {
      "type": "Feature",
      "geometry": {
        "type": "Point",
        "coordinates": [
          8.836347661848885,
          44.736546921096874
        ]
      },
      "properties": {
        "id": "n_5addf8c46b29160c7500006a",
        "map": "f_5ad9fd551de18c4557000001",
        "externalId": "NODE-X5IZ5STW",
        "neighbors": [
          {
            "id": "n_5addf8c36b29160c75000069",
            "weight": 0
          },
          {
            "id": "n_5ada27896b29165a5e00004b",
            "weight": 0
          },
          {
            "id": "n_5addf8dc6b29160c7500006c",
            "weight": 0
          },
          {
            "id": "n_5d19b75ea7e47b1779000001",
            "weight": 0
          }
        ],
        "space": [],
        "flags": [
          1
        ]
      }
    },
    {
      "type": "Feature",
      "geometry": {
        "type": "Point",
        "coordinates": [
          8.836399492323242,
          44.736447983274374
        ]
      },
      "properties": {
        "id": "n_5addf8c76b29160c7500006b",
        "map": "f_5ad9fd551de18c4557000001",
        "externalId": "NODE-jxKsML3N",
        "neighbors": [
          {
            "id": "n_5d19b75ea7e47b1779000001",
            "weight": 0
          }
        ],
        "space": [
          "s_5ad9fd751de18c45570000fc"
        ],
        "flags": [
          1
        ]
      }
    },
    {
      "type": "Feature",
      "geometry": {
        "type": "Point",
        "coordinates": [
          8.836119511885563,
          44.73661724963131
        ]
      },
      "properties": {
        "id": "n_5addf8dc6b29160c7500006c",
        "map": "f_5ad9fd551de18c4557000001",
        "externalId": "NODE-OO4AQ70O",
        "neighbors": [
          {
            "id": "n_5ada3a8e6b29165a5e000214",
            "weight": 0
          },
          {
            "id": "n_5ada27816b29165a5e000049",
            "weight": 0
          },
          {
            "id": "n_5addf8c46b29160c7500006a",
            "weight": 0
          },
          {
            "id": "n_5d19b753a7e47b1779000000",
            "weight": 0
          }
        ],
        "space": [],
        "flags": [
          1
        ]
      }
    },
    {
      "type": "Feature",
      "geometry": {
        "type": "Point",
        "coordinates": [
          8.835741775099375,
          44.7348305233646
        ]
      },
      "properties": {
        "id": "n_5adf361d91d0c55f86000002",
        "map": "f_5ad9fd551de18c4557000001",
        "externalId": "NODE-QIF9Z66I",
        "neighbors": [
          {
            "id": "n_5ada2a836b29165a5e0000ae",
            "weight": 0
          },
          {
            "id": "n_5afc983646495d1035000020",
            "weight": 0
          },
          {
            "id": "n_5ada29d86b29165a5e0000a3",
            "weight": 0
          },
          {
            "id": "n_5ada28f66b29165a5e000076",
            "weight": 0
          },
          {
            "id": "n_6728ae16eb7ad7053f051fb4",
            "weight": 0
          }
        ],
        "space": [],
        "flags": [
          1
        ]
      }
    },
    {
      "type": "Feature",
      "geometry": {
        "type": "Point",
        "coordinates": [
          8.835174223907906,
          44.73586797417695
        ]
      },
      "properties": {
        "id": "n_5adf3a3c91d0c55f86000026",
        "map": "f_5ad9fd551de18c4557000001",
        "externalId": "NODE-7FY8XE30",
        "neighbors": [
          {
            "id": "n_5ada3f3f6b29165a5e000244",
            "weight": 0
          },
          {
            "id": "n_5adddbff6b29160c75000000",
            "weight": 0
          },
          {
            "id": "n_5adf3a4191d0c55f86000027",
            "weight": 0
          },
          {
            "id": "n_5efc0219ffaae21874000500",
            "weight": 0
          }
        ],
        "space": [],
        "flags": [
          1
        ]
      }
    },
    {
      "type": "Feature",
      "geometry": {
        "type": "Point",
        "coordinates": [
          8.835151565576329,
          44.735806272991425
        ]
      },
      "properties": {
        "id": "n_5adf3a4191d0c55f86000027",
        "map": "f_5ad9fd551de18c4557000001",
        "externalId": "NODE-8kkMFjxe",
        "neighbors": [
          {
            "id": "n_5ada3f276b29165a5e000241",
            "weight": 0
          },
          {
            "id": "n_5adf3a3c91d0c55f86000026",
            "weight": 0
          },
          {
            "id": "n_5ada3f336b29165a5e000243",
            "weight": 0
          },
          {
            "id": "n_652859a9f9a78c7767a88468",
            "weight": 0
          }
        ],
        "space": [],
        "flags": [
          1
        ]
      }
    },
    {
      "type": "Feature",
      "geometry": {
        "type": "Point",
        "coordinates": [
          8.838729019568557,
          44.735718158267495
        ]
      },
      "properties": {
        "id": "n_5ae77922cde8807bd3000001",
        "map": "f_5ad9fd551de18c4557000001",
        "externalId": "NODE-XY4YA3CX",
        "neighbors": [
          {
            "id": "n_5ada27b36b29165a5e000054",
            "weight": 0
          }
        ],
        "space": [
          "s_60b4f82ee9a27e6fba000000"
        ],
        "flags": [
          1
        ]
      }
    },
    {
      "type": "Feature",
      "geometry": {
        "type": "Point",
        "coordinates": [
          8.837818723342856,
          44.73658225071583
        ]
      },
      "properties": {
        "id": "n_5ae78952cde8807bd3000002",
        "map": "f_5ad9fd551de18c4557000001",
        "externalId": "NODE-9IIA43QX",
        "neighbors": [
          {
            "id": "n_5ae78957cde8807bd3000003",
            "weight": 0
          }
        ],
        "space": [
          "s_63038a3e8d11c63292b5760f"
        ],
        "flags": [
          1
        ]
      }
    },
    {
      "type": "Feature",
      "geometry": {
        "type": "Point",
        "coordinates": [
          8.837742485936133,
          44.73650874227318
        ]
      },
      "properties": {
        "id": "n_5ae78957cde8807bd3000003",
        "map": "f_5ad9fd551de18c4557000001",
        "externalId": "NODE-XT6T24YZ",
        "neighbors": [
          {
            "id": "n_5ae78952cde8807bd3000002",
            "weight": 0
          },
          {
            "id": "n_5ada27a16b29165a5e000051",
            "weight": 0
          },
          {
            "id": "n_5ada34766b29165a5e0001aa",
            "weight": 0
          },
          {
            "id": "n_5ee37f2fa7e47b6bff000004",
            "weight": 0
          }
        ],
        "space": [],
        "flags": [
          1
        ]
      }
    },
    {
      "type": "Feature",
      "geometry": {
        "type": "Point",
        "coordinates": [
          8.837663395671939,
          44.7366385719148
        ]
      },
      "properties": {
        "id": "n_5ae86ceccde8804b3c000001",
        "map": "f_5ad9fd551de18c4557000001",
        "externalId": "NODE-WYNI7553",
        "neighbors": [
          {
            "id": "n_5ae86cf1cde8804b3c000002",
            "weight": 0
          }
        ],
        "space": [
          "s_5ae7897bcde8807bd3000005"
        ],
        "flags": [
          1
        ]
      }
    },
    {
      "type": "Feature",
      "geometry": {
        "type": "Point",
        "coordinates": [
          8.837613910946487,
          44.736576959174805
        ]
      },
      "properties": {
        "id": "n_5ae86cf1cde8804b3c000002",
        "map": "f_5ad9fd551de18c4557000001",
        "externalId": "NODE-WCQCPKRC",
        "neighbors": [
          {
            "id": "n_5ae86ceccde8804b3c000001",
            "weight": 0
          },
          {
            "id": "n_5ada27a16b29165a5e000051",
            "weight": 0
          },
          {
            "id": "n_5cdaf52ca7e47b480e000003",
            "weight": 0
          }
        ],
        "space": [],
        "flags": [
          1
        ]
      }
    },
    {
      "type": "Feature",
      "geometry": {
        "type": "Point",
        "coordinates": [
          8.835226208559407,
          44.7364380768396
        ]
      },
      "properties": {
        "id": "n_5ae875a1cde8804b3c000004",
        "map": "f_5ad9fd551de18c4557000001",
        "externalId": "NODE-BWJ5MQZX",
        "neighbors": [
          {
            "id": "n_5ae875a5cde8804b3c000005",
            "weight": 0
          }
        ],
        "space": [
          "s_5ad9fd751de18c45570000c7"
        ],
        "flags": [
          1
        ]
      }
    },
    {
      "type": "Feature",
      "geometry": {
        "type": "Point",
        "coordinates": [
          8.835264400920648,
          44.73636529700514
        ]
      },
      "properties": {
        "id": "n_5ae875a5cde8804b3c000005",
        "map": "f_5ad9fd551de18c4557000001",
        "externalId": "NODE-0Q49HTUY",
        "neighbors": [
          {
            "id": "n_5ae875a1cde8804b3c000004",
            "weight": 0
          },
          {
            "id": "n_5ada26f76b29165a5e000027",
            "weight": 0
          },
          {
            "id": "n_5ada27026b29165a5e00002a",
            "weight": 0
          }
        ],
        "space": [],
        "flags": [
          1
        ]
      }
    },
    {
      "type": "Feature",
      "geometry": {
        "type": "Point",
        "coordinates": [
          8.835509338998966,
          44.73325058136206
        ]
      },
      "properties": {
        "id": "n_5ae87b8dcde8804b3c000008",
        "map": "f_5ad9fd551de18c4557000001",
        "externalId": "NODE-0HODPGS2",
        "neighbors": [
          {
            "id": "n_5ada2ba36b29165a5e0000d2",
            "weight": 0
          }
        ],
        "space": [
          "s_5b157a91e640cd1fc6000003"
        ],
        "flags": [
          1
        ]
      }
    },
    {
      "type": "Feature",
      "geometry": {
        "type": "Point",
        "coordinates": [
          8.835763043177458,
          44.732933946241324
        ]
      },
      "properties": {
        "id": "n_5ae87f50cde8804b3c00000a",
        "map": "f_5ad9fd551de18c4557000001",
        "externalId": "NODE-OWRBPN7U",
        "neighbors": [
          {
            "id": "n_5ada2bb46b29165a5e0000d8",
            "weight": 0
          }
        ],
        "space": [
          "s_5ada2d4f6b29165a5e000123"
        ],
        "flags": [
          1
        ]
      }
    },
    {
      "type": "Feature",
      "geometry": {
        "type": "Point",
        "coordinates": [
          8.837070471609605,
          44.736686175859916
        ]
      },
      "properties": {
        "id": "n_5ae889e5cde8804b3c000010",
        "map": "f_5ad9fd551de18c4557000001",
        "externalId": "NODE-N31YIT6N",
        "neighbors": [
          {
            "id": "n_5ae889e8cde8804b3c000011",
            "weight": 0
          }
        ],
        "space": [
          "s_5ae889c4cde8804b3c00000d"
        ],
        "flags": [
          1
        ]
      }
    },
    {
      "type": "Feature",
      "geometry": {
        "type": "Point",
        "coordinates": [
          8.837090881236543,
          44.7367986775285
        ]
      },
      "properties": {
        "id": "n_5ae889e8cde8804b3c000011",
        "map": "f_5ad9fd551de18c4557000001",
        "externalId": "NODE-FVS5IWM6",
        "neighbors": [
          {
            "id": "n_5ae889e5cde8804b3c000010",
            "weight": 0
          },
          {
            "id": "n_5ada278b6b29165a5e00004c",
            "weight": 0
          },
          {
            "id": "n_5ada361a6b29165a5e0001c6",
            "weight": 0
          }
        ],
        "space": [],
        "flags": [
          1
        ]
      }
    },
    {
      "type": "Feature",
      "geometry": {
        "type": "Point",
        "coordinates": [
          8.835559442714162,
          44.73674580748679
        ]
      },
      "properties": {
        "id": "n_5afae66a46495d3a2c000001",
        "map": "f_5ad9fd551de18c4557000001",
        "externalId": "NODE-TTXYZFWU",
        "neighbors": [
          {
            "id": "n_5afc901646495d103500000e",
            "weight": 0
          },
          {
            "id": "n_5b155e75e640cd7f11000008",
            "weight": 0
          }
        ],
        "space": [],
        "flags": [
          1
        ]
      }
    },
    {
      "type": "Feature",
      "geometry": {
        "type": "Point",
        "coordinates": [
          8.837977340249545,
          44.73548624771963
        ]
      },
      "properties": {
        "id": "n_5afb06904157f00649000019",
        "map": "f_5ad9fd551de18c4557000001",
        "externalId": "NODE-cAQRx0VB",
        "neighbors": [
          {
            "id": "n_5ada2f236b29165a5e000163",
            "weight": 0
          },
          {
            "id": "n_5afc985e46495d1035000025",
            "weight": 0
          },
          {
            "id": "n_5efc02aaffaae21874000508",
            "weight": 0
          },
          {
            "id": "n_65285763f9a78c7767a88456",
            "weight": 0
          }
        ],
        "space": [],
        "flags": [
          1
        ]
      }
    },
    {
      "type": "Feature",
      "geometry": {
        "type": "Point",
        "coordinates": [
          8.836608605388099,
          44.73245371257768
        ]
      },
      "properties": {
        "id": "n_5afb2b3f4157f0064900004d",
        "map": "f_5ad9fd551de18c4557000001",
        "externalId": "NODE-OYI161B0",
        "neighbors": [
          {
            "id": "n_5ada2c1d6b29165a5e0000ef",
            "weight": 0
          },
          {
            "id": "n_5afb2b454157f0064900004e",
            "weight": 0
          },
          {
            "id": "n_5afb2d594157f0064900005a",
            "weight": 0
          },
          {
            "id": "n_5afc97bf46495d1035000019",
            "weight": 0
          }
        ],
        "space": [],
        "flags": [
          1
        ]
      }
    },
    {
      "type": "Feature",
      "geometry": {
        "type": "Point",
        "coordinates": [
          8.836580996697567,
          44.73237879401185
        ]
      },
      "properties": {
        "id": "n_5afb2b454157f0064900004e",
        "map": "f_5ad9fd551de18c4557000001",
        "externalId": "NODE-BT15KEDY",
        "neighbors": [
          {
            "id": "n_5afb2b3f4157f0064900004d",
            "weight": 0
          },
          {
            "id": "n_5ada2c2b6b29165a5e0000f4",
            "weight": 0
          },
          {
            "id": "n_5afb2b474157f0064900004f",
            "weight": 0
          }
        ],
        "space": [],
        "flags": [
          1
        ]
      }
    },
    {
      "type": "Feature",
      "geometry": {
        "type": "Point",
        "coordinates": [
          8.83656577222273,
          44.73233329428862
        ]
      },
      "properties": {
        "id": "n_5afb2b474157f0064900004f",
        "map": "f_5ad9fd551de18c4557000001",
        "externalId": "NODE-LK12A1C6",
        "neighbors": [
          {
            "id": "n_5afb2b454157f0064900004e",
            "weight": 0
          },
          {
            "id": "n_5ada2c2e6b29165a5e0000f5",
            "weight": 0
          },
          {
            "id": "n_5afb2c9e4157f00649000055",
            "weight": 0
          },
          {
            "id": "n_5ada2c2f6b29165a5e0000f6",
            "weight": 0
          }
        ],
        "space": [],
        "flags": [
          1
        ]
      }
    },
    {
      "type": "Feature",
      "geometry": {
        "type": "Point",
        "coordinates": [
          8.836355863994463,
          44.73226753561556
        ]
      },
      "properties": {
        "id": "n_5afb2c774157f00649000053",
        "map": "f_5ad9fd551de18c4557000001",
        "externalId": "NODE-OMUQCEGW",
        "neighbors": [
          {
            "id": "n_5ada2c2f6b29165a5e0000f6",
            "weight": 0
          },
          {
            "id": "n_5ada26646b29165a5e000008",
            "weight": 0
          },
          {
            "id": "n_5ada26a66b29165a5e000013",
            "weight": 0
          },
          {
            "id": "n_5ada2c406b29165a5e0000fc",
            "weight": 0
          }
        ],
        "space": [],
        "flags": [
          1
        ]
      }
    },
    {
      "type": "Feature",
      "geometry": {
        "type": "Point",
        "coordinates": [
          8.836542420242965,
          44.73226537986295
        ]
      },
      "properties": {
        "id": "n_5afb2c9e4157f00649000055",
        "map": "f_5ad9fd551de18c4557000001",
        "externalId": "NODE-8CGSV5N4",
        "neighbors": [
          {
            "id": "n_5afb2b474157f0064900004f",
            "weight": 0
          },
          {
            "id": "n_5ada2c336b29165a5e0000f7",
            "weight": 0
          },
          {
            "id": "n_5afb2ca24157f00649000056",
            "weight": 0
          }
        ],
        "space": [],
        "flags": [
          1
        ]
      }
    },
    {
      "type": "Feature",
      "geometry": {
        "type": "Point",
        "coordinates": [
          8.836533049927407,
          44.7322368406862
        ]
      },
      "properties": {
        "id": "n_5afb2ca24157f00649000056",
        "map": "f_5ad9fd551de18c4557000001",
        "externalId": "NODE-8F1GHN71",
        "neighbors": [
          {
            "id": "n_5afb2c9e4157f00649000055",
            "weight": 0
          },
          {
            "id": "n_5ada26646b29165a5e000008",
            "weight": 0
          },
          {
            "id": "n_5ada2c396b29165a5e0000f9",
            "weight": 0
          }
        ],
        "space": [],
        "flags": [
          1
        ]
      }
    },
    {
      "type": "Feature",
      "geometry": {
        "type": "Point",
        "coordinates": [
          8.83646801252468,
          44.73258451047808
        ]
      },
      "properties": {
        "id": "n_5afb2d374157f00649000059",
        "map": "f_5ad9fd551de18c4557000001",
        "externalId": "NODE-XBRHZT4N",
        "neighbors": [
          {
            "id": "n_5ada2c1e6b29165a5e0000f0",
            "weight": 0
          },
          {
            "id": "n_5ada2bed6b29165a5e0000e7",
            "weight": 0
          },
          {
            "id": "n_5ada2bf66b29165a5e0000e9",
            "weight": 0
          },
          {
            "id": "n_5afb2db14157f0064900005d",
            "weight": 0
          }
        ],
        "space": [],
        "flags": [
          1
        ]
      }
    },
    {
      "type": "Feature",
      "geometry": {
        "type": "Point",
        "coordinates": [
          8.83663211455997,
          44.73252354884648
        ]
      },
      "properties": {
        "id": "n_5afb2d594157f0064900005a",
        "map": "f_5ad9fd551de18c4557000001",
        "externalId": "NODE-TDWD9C2X",
        "neighbors": [
          {
            "id": "n_5ada2c196b29165a5e0000ed",
            "weight": 0
          },
          {
            "id": "n_5ada26676b29165a5e000009",
            "weight": 0
          },
          {
            "id": "n_5afb2b3f4157f0064900004d",
            "weight": 0
          }
        ],
        "space": [],
        "flags": [
          1
        ]
      }
    },
    {
      "type": "Feature",
      "geometry": {
        "type": "Point",
        "coordinates": [
          8.836570124506594,
          44.73256603100404
        ]
      },
      "properties": {
        "id": "n_5afb2db14157f0064900005d",
        "map": "f_5ad9fd551de18c4557000001",
        "externalId": "NODE-63EF7N9X",
        "neighbors": [
          {
            "id": "n_5ada2c0c6b29165a5e0000ea",
            "weight": 0
          },
          {
            "id": "n_5ada26676b29165a5e000009",
            "weight": 0
          },
          {
            "id": "n_5afb2d374157f00649000059",
            "weight": 0
          },
          {
            "id": "n_5afc97bf46495d1035000019",
            "weight": 0
          }
        ],
        "space": [],
        "flags": [
          1
        ]
      }
    },
    {
      "type": "Feature",
      "geometry": {
        "type": "Point",
        "coordinates": [
          8.834848885610391,
          44.73278036670148
        ]
      },
      "properties": {
        "id": "n_5afb49b34157f063fd000003",
        "map": "f_5ad9fd551de18c4557000001",
        "externalId": "NODE-W1TWLIOH",
        "neighbors": [
          {
            "id": "n_5afb49b84157f063fd000004",
            "weight": 0
          },
          {
            "id": "n_5afb49d24157f063fd00000d",
            "weight": 0
          }
        ],
        "space": [],
        "flags": [
          1
        ]
      }
    },
    {
      "type": "Feature",
      "geometry": {
        "type": "Point",
        "coordinates": [
          8.8347620197965,
          44.73270563617583
        ]
      },
      "properties": {
        "id": "n_5afb49b84157f063fd000004",
        "map": "f_5ad9fd551de18c4557000001",
        "externalId": "NODE-3FSJTTNM",
        "neighbors": [
          {
            "id": "n_5afb49b34157f063fd000003",
            "weight": 0
          },
          {
            "id": "n_5afc4fba46495d6f49000027",
            "weight": 0
          }
        ],
        "space": [],
        "flags": [
          1
        ]
      }
    },
    {
      "type": "Feature",
      "geometry": {
        "type": "Point",
        "coordinates": [
          8.835186154918784,
          44.73270692985934
        ]
      },
      "properties": {
        "id": "n_5afb49d14157f063fd000005",
        "map": "f_5ad9fd551de18c4557000001",
        "externalId": "NODE-U908AHQW",
        "neighbors": [
          {
            "id": "n_5ada26576b29165a5e000003",
            "weight": 0
          },
          {
            "id": "n_5afb49d14157f063fd000006",
            "weight": 0
          }
        ],
        "space": [],
        "flags": [
          1
        ]
      }
    },
    {
      "type": "Feature",
      "geometry": {
        "type": "Point",
        "coordinates": [
          8.835152602883564,
          44.732720722392386
        ]
      },
      "properties": {
        "id": "n_5afb49d14157f063fd000006",
        "map": "f_5ad9fd551de18c4557000001",
        "externalId": "NODE-MGWY67ON",
        "neighbors": [
          {
            "id": "n_5afb49d14157f063fd000005",
            "weight": 0
          },
          {
            "id": "n_5afb49d14157f063fd000007",
            "weight": 0
          }
        ],
        "space": [],
        "flags": [
          1
        ]
      }
    },
    {
      "type": "Feature",
      "geometry": {
        "type": "Point",
        "coordinates": [
          8.835116521178369,
          44.73272997948461
        ]
      },
      "properties": {
        "id": "n_5afb49d14157f063fd000007",
        "map": "f_5ad9fd551de18c4557000001",
        "externalId": "NODE-KZ97U6Z8",
        "neighbors": [
          {
            "id": "n_5afb49d14157f063fd000006",
            "weight": 0
          },
          {
            "id": "n_5afb49d14157f063fd000008",
            "weight": 0
          }
        ],
        "space": [],
        "flags": [
          1
        ]
      }
    },
    {
      "type": "Feature",
      "geometry": {
        "type": "Point",
        "coordinates": [
          8.835078573539988,
          44.73273604130833
        ]
      },
      "properties": {
        "id": "n_5afb49d14157f063fd000008",
        "map": "f_5ad9fd551de18c4557000001",
        "externalId": "NODE-AJASXBZZ",
        "neighbors": [
          {
            "id": "n_5afb49d14157f063fd000007",
            "weight": 0
          },
          {
            "id": "n_5afb49d14157f063fd000009",
            "weight": 0
          }
        ],
        "space": [],
        "flags": [
          1
        ]
      }
    },
    {
      "type": "Feature",
      "geometry": {
        "type": "Point",
        "coordinates": [
          8.83503942403386,
          44.73274024816262
        ]
      },
      "properties": {
        "id": "n_5afb49d14157f063fd000009",
        "map": "f_5ad9fd551de18c4557000001",
        "externalId": "NODE-80S1EHO9",
        "neighbors": [
          {
            "id": "n_5afb49d14157f063fd000008",
            "weight": 0
          },
          {
            "id": "n_5afb49d24157f063fd00000a",
            "weight": 0
          }
        ],
        "space": [],
        "flags": [
          1
        ]
      }
    },
    {
      "type": "Feature",
      "geometry": {
        "type": "Point",
        "coordinates": [
          8.83499973672235,
          44.73274394034737
        ]
      },
      "properties": {
        "id": "n_5afb49d24157f063fd00000a",
        "map": "f_5ad9fd551de18c4557000001",
        "externalId": "NODE-GZ5LO9G7",
        "neighbors": [
          {
            "id": "n_5afb49d14157f063fd000009",
            "weight": 0
          },
          {
            "id": "n_5afb49d24157f063fd00000b",
            "weight": 0
          }
        ],
        "space": [],
        "flags": [
          1
        ]
      }
    },
    {
      "type": "Feature",
      "geometry": {
        "type": "Point",
        "coordinates": [
          8.83496017533333,
          44.73274845803744
        ]
      },
      "properties": {
        "id": "n_5afb49d24157f063fd00000b",
        "map": "f_5ad9fd551de18c4557000001",
        "externalId": "NODE-2PIJZ3AJ",
        "neighbors": [
          {
            "id": "n_5afb49d24157f063fd00000a",
            "weight": 0
          },
          {
            "id": "n_5afb49d24157f063fd00000c",
            "weight": 0
          }
        ],
        "space": [],
        "flags": [
          1
        ]
      }
    },
    {
      "type": "Feature",
      "geometry": {
        "type": "Point",
        "coordinates": [
          8.834921403688181,
          44.732755141506
        ]
      },
      "properties": {
        "id": "n_5afb49d24157f063fd00000c",
        "map": "f_5ad9fd551de18c4557000001",
        "externalId": "NODE-HGJDN78O",
        "neighbors": [
          {
            "id": "n_5afb49d24157f063fd00000b",
            "weight": 0
          },
          {
            "id": "n_5afb49d24157f063fd00000d",
            "weight": 0
          }
        ],
        "space": [],
        "flags": [
          1
        ]
      }
    },
    {
      "type": "Feature",
      "geometry": {
        "type": "Point",
        "coordinates": [
          8.834884085742297,
          44.73276533095822
        ]
      },
      "properties": {
        "id": "n_5afb49d24157f063fd00000d",
        "map": "f_5ad9fd551de18c4557000001",
        "externalId": "NODE-LWSK79RF",
        "neighbors": [
          {
            "id": "n_5afb49d24157f063fd00000c",
            "weight": 0
          },
          {
            "id": "n_5afb49b34157f063fd000003",
            "weight": 0
          }
        ],
        "space": [],
        "flags": [
          1
        ]
      }
    },
    {
      "type": "Feature",
      "geometry": {
        "type": "Point",
        "coordinates": [
          8.833933783288474,
          44.73377091435322
        ]
      },
      "properties": {
        "id": "n_5afb49e14157f063fd00000e",
        "map": "f_5ad9fd551de18c4557000001",
        "externalId": "NODE-JVRHQ8K3",
        "neighbors": [
          {
            "id": "n_5afc4fbb46495d6f4900002f",
            "weight": 0
          },
          {
            "id": "n_5afc4ffb46495d6f49000032",
            "weight": 0
          }
        ],
        "space": [],
        "flags": [
          1
        ]
      }
    },
    {
      "type": "Feature",
      "geometry": {
        "type": "Point",
        "coordinates": [
          8.83327800310716,
          44.733781378569304
        ]
      },
      "properties": {
        "id": "n_5afb49e74157f063fd00000f",
        "map": "f_5ad9fd551de18c4557000001",
        "externalId": "NODE-V2562DMJ",
        "neighbors": [
          {
            "id": "n_5afb49e94157f063fd000010",
            "weight": 0
          },
          {
            "id": "n_5afc4f7c46495d6f49000026",
            "weight": 0
          }
        ],
        "space": [],
        "flags": [
          1
        ]
      }
    },
    {
      "type": "Feature",
      "geometry": {
        "type": "Point",
        "coordinates": [
          8.833165730380992,
          44.73385143247827
        ]
      },
      "properties": {
        "id": "n_5afb49e94157f063fd000010",
        "map": "f_5ad9fd551de18c4557000001",
        "externalId": "NODE-7GV0FQEV",
        "neighbors": [
          {
            "id": "n_5afb49e74157f063fd00000f",
            "weight": 0
          },
          {
            "id": "n_5afc4f4d46495d6f49000014",
            "weight": 0
          }
        ],
        "space": [],
        "flags": [
          1
        ]
      }
    },
    {
      "type": "Feature",
      "geometry": {
        "type": "Point",
        "coordinates": [
          8.83321279466301,
          44.73430525012495
        ]
      },
      "properties": {
        "id": "n_5afb49eb4157f063fd000011",
        "map": "f_5ad9fd551de18c4557000001",
        "externalId": "NODE-RU08S8JR",
        "neighbors": [
          {
            "id": "n_5afb49ec4157f063fd000012",
            "weight": 0
          },
          {
            "id": "n_5afc505446495d6f4900003e",
            "weight": 0
          }
        ],
        "space": [],
        "flags": [
          1
        ]
      }
    },
    {
      "type": "Feature",
      "geometry": {
        "type": "Point",
        "coordinates": [
          8.833143547138752,
          44.73430258934567
        ]
      },
      "properties": {
        "id": "n_5afb49ec4157f063fd000012",
        "map": "f_5ad9fd551de18c4557000001",
        "externalId": "NODE-40UMP8OX",
        "neighbors": [
          {
            "id": "n_5afb49eb4157f063fd000011",
            "weight": 0
          },
          {
            "id": "n_5afb49ed4157f063fd000013",
            "weight": 0
          }
        ],
        "space": [],
        "flags": [
          1
        ]
      }
    },
    {
      "type": "Feature",
      "geometry": {
        "type": "Point",
        "coordinates": [
          8.833108830183084,
          44.734501291452624
        ]
      },
      "properties": {
        "id": "n_5afb49ed4157f063fd000013",
        "map": "f_5ad9fd551de18c4557000001",
        "externalId": "NODE-MQRGDV20",
        "neighbors": [
          {
            "id": "n_5afb49ec4157f063fd000012",
            "weight": 0
          },
          {
            "id": "n_5b460f39f3ea237eb7000000",
            "weight": 0
          }
        ],
        "space": [],
        "flags": [
          1
        ]
      }
    },
    {
      "type": "Feature",
      "geometry": {
        "type": "Point",
        "coordinates": [
          8.836309300172056,
          44.734468464998535
        ]
      },
      "properties": {
        "id": "n_5afc4b6346495d6f4900000c",
        "map": "f_5ad9fd551de18c4557000001",
        "externalId": "NODE-puwlujIv",
        "neighbors": [
          {
            "id": "n_5ada26c06b29165a5e000018",
            "weight": 0
          },
          {
            "id": "n_5ada2b3d6b29165a5e0000c3",
            "weight": 0
          },
          {
            "id": "n_5b05d1b1f3ea235770000000",
            "weight": 0
          },
          {
            "id": "n_6528589df9a78c7767a8845b",
            "weight": 0
          }
        ],
        "space": [],
        "flags": [
          1
        ]
      }
    },
    {
      "type": "Feature",
      "geometry": {
        "type": "Point",
        "coordinates": [
          8.836036610351057,
          44.73461605729525
        ]
      },
      "properties": {
        "id": "n_5afc4ba446495d6f4900000f",
        "map": "f_5ad9fd551de18c4557000001",
        "externalId": "NODE-8OQWN54B",
        "neighbors": [
          {
            "id": "n_5ada29e96b29165a5e0000a5",
            "weight": 0
          }
        ],
        "space": [
          "s_5c3611cea7e47b0660000004"
        ],
        "flags": [
          1
        ]
      }
    },
    {
      "type": "Feature",
      "geometry": {
        "type": "Point",
        "coordinates": [
          8.833249891821064,
          44.73392006623965
        ]
      },
      "properties": {
        "id": "n_5afc4f4d46495d6f49000014",
        "map": "f_5ad9fd551de18c4557000001",
        "externalId": "NODE-36LTRW16",
        "neighbors": [
          {
            "id": "n_5afb49e94157f063fd000010",
            "weight": 0
          },
          {
            "id": "n_5afc4f6946495d6f4900001d",
            "weight": 0
          }
        ],
        "space": [],
        "flags": [
          1
        ]
      }
    },
    {
      "type": "Feature",
      "geometry": {
        "type": "Point",
        "coordinates": [
          8.833272150333528,
          44.73428531063239
        ]
      },
      "properties": {
        "id": "n_5afc4f6846495d6f49000015",
        "map": "f_5ad9fd551de18c4557000001",
        "externalId": "NODE-13BCQSRT",
        "neighbors": [
          {
            "id": "n_5afc4f6846495d6f49000016",
            "weight": 0
          },
          {
            "id": "n_5afc505446495d6f4900003e",
            "weight": 0
          }
        ],
        "space": [],
        "flags": [
          1
        ]
      }
    },
    {
      "type": "Feature",
      "geometry": {
        "type": "Point",
        "coordinates": [
          8.833291420601377,
          44.734259195639574
        ]
      },
      "properties": {
        "id": "n_5afc4f6846495d6f49000016",
        "map": "f_5ad9fd551de18c4557000001",
        "externalId": "NODE-J124IQE1",
        "neighbors": [
          {
            "id": "n_5afc4f6846495d6f49000015",
            "weight": 0
          },
          {
            "id": "n_5afc4f6846495d6f49000017",
            "weight": 0
          }
        ],
        "space": [],
        "flags": [
          1
        ]
      }
    },
    {
      "type": "Feature",
      "geometry": {
        "type": "Point",
        "coordinates": [
          8.83330791856285,
          44.73422460911303
        ]
      },
      "properties": {
        "id": "n_5afc4f6846495d6f49000017",
        "map": "f_5ad9fd551de18c4557000001",
        "externalId": "NODE-8SZ5N084",
        "neighbors": [
          {
            "id": "n_5afc4f6846495d6f49000016",
            "weight": 0
          },
          {
            "id": "n_5afc4f6846495d6f49000018",
            "weight": 0
          }
        ],
        "space": [],
        "flags": [
          1
        ]
      }
    },
    {
      "type": "Feature",
      "geometry": {
        "type": "Point",
        "coordinates": [
          8.833324524765047,
          44.73418934129757
        ]
      },
      "properties": {
        "id": "n_5afc4f6846495d6f49000018",
        "map": "f_5ad9fd551de18c4557000001",
        "externalId": "NODE-EPU4GLHA",
        "neighbors": [
          {
            "id": "n_5afc4f6846495d6f49000017",
            "weight": 0
          },
          {
            "id": "n_5afc4f6846495d6f49000019",
            "weight": 0
          }
        ],
        "space": [],
        "flags": [
          1
        ]
      }
    },
    {
      "type": "Feature",
      "geometry": {
        "type": "Point",
        "coordinates": [
          8.833338885971973,
          44.73414388826835
        ]
      },
      "properties": {
        "id": "n_5afc4f6846495d6f49000019",
        "map": "f_5ad9fd551de18c4557000001",
        "externalId": "NODE-GB4I1XO0",
        "neighbors": [
          {
            "id": "n_5afc4f6846495d6f49000018",
            "weight": 0
          },
          {
            "id": "n_5afc4f6846495d6f4900001a",
            "weight": 0
          }
        ],
        "space": [],
        "flags": [
          1
        ]
      }
    },
    {
      "type": "Feature",
      "geometry": {
        "type": "Point",
        "coordinates": [
          8.833350092627263,
          44.73410501753047
        ]
      },
      "properties": {
        "id": "n_5afc4f6846495d6f4900001a",
        "map": "f_5ad9fd551de18c4557000001",
        "externalId": "NODE-1074UO8I",
        "neighbors": [
          {
            "id": "n_5afc4f6846495d6f49000019",
            "weight": 0
          },
          {
            "id": "n_5afc4f6846495d6f4900001b",
            "weight": 0
          }
        ],
        "space": [],
        "flags": [
          1
        ]
      }
    },
    {
      "type": "Feature",
      "geometry": {
        "type": "Point",
        "coordinates": [
          8.833351088631865,
          44.73406324435404
        ]
      },
      "properties": {
        "id": "n_5afc4f6846495d6f4900001b",
        "map": "f_5ad9fd551de18c4557000001",
        "externalId": "NODE-6BHOSEIL",
        "neighbors": [
          {
            "id": "n_5afc4f6846495d6f4900001a",
            "weight": 0
          },
          {
            "id": "n_5afc4f6946495d6f4900001c",
            "weight": 0
          }
        ],
        "space": [],
        "flags": [
          1
        ]
      }
    },
    {
      "type": "Feature",
      "geometry": {
        "type": "Point",
        "coordinates": [
          8.83332859249079,
          44.73400523649167
        ]
      },
      "properties": {
        "id": "n_5afc4f6946495d6f4900001c",
        "map": "f_5ad9fd551de18c4557000001",
        "externalId": "NODE-8KMC6C0P",
        "neighbors": [
          {
            "id": "n_5afc4f6846495d6f4900001b",
            "weight": 0
          },
          {
            "id": "n_5afc4f6946495d6f4900001d",
            "weight": 0
          }
        ],
        "space": [],
        "flags": [
          1
        ]
      }
    },
    {
      "type": "Feature",
      "geometry": {
        "type": "Point",
        "coordinates": [
          8.833297824033593,
          44.73396372308225
        ]
      },
      "properties": {
        "id": "n_5afc4f6946495d6f4900001d",
        "map": "f_5ad9fd551de18c4557000001",
        "externalId": "NODE-2E5451IR",
        "neighbors": [
          {
            "id": "n_5afc4f6946495d6f4900001c",
            "weight": 0
          },
          {
            "id": "n_5afc4f4d46495d6f49000014",
            "weight": 0
          }
        ],
        "space": [],
        "flags": [
          1
        ]
      }
    },
    {
      "type": "Feature",
      "geometry": {
        "type": "Point",
        "coordinates": [
          8.833699207945978,
          44.73394854483592
        ]
      },
      "properties": {
        "id": "n_5afc4f7c46495d6f49000022",
        "map": "f_5ad9fd551de18c4557000001",
        "externalId": "NODE-JE9C9KWC",
        "neighbors": [
          {
            "id": "n_5afc4f7c46495d6f49000023",
            "weight": 0
          },
          {
            "id": "n_5afc4ffc46495d6f49000033",
            "weight": 0
          }
        ],
        "space": [],
        "flags": [
          1
        ]
      }
    },
    {
      "type": "Feature",
      "geometry": {
        "type": "Point",
        "coordinates": [
          8.833612285717384,
          44.733951462872135
        ]
      },
      "properties": {
        "id": "n_5afc4f7c46495d6f49000023",
        "map": "f_5ad9fd551de18c4557000001",
        "externalId": "NODE-SDLMLIP1",
        "neighbors": [
          {
            "id": "n_5afc4f7c46495d6f49000022",
            "weight": 0
          },
          {
            "id": "n_5afc4f7c46495d6f49000024",
            "weight": 0
          }
        ],
        "space": [],
        "flags": [
          1
        ]
      }
    },
    {
      "type": "Feature",
      "geometry": {
        "type": "Point",
        "coordinates": [
          8.833536699883224,
          44.733943307841635
        ]
      },
      "properties": {
        "id": "n_5afc4f7c46495d6f49000024",
        "map": "f_5ad9fd551de18c4557000001",
        "externalId": "NODE-T61LUEBJ",
        "neighbors": [
          {
            "id": "n_5afc4f7c46495d6f49000023",
            "weight": 0
          },
          {
            "id": "n_5afc4f7c46495d6f49000025",
            "weight": 0
          }
        ],
        "space": [],
        "flags": [
          1
        ]
      }
    },
    {
      "type": "Feature",
      "geometry": {
        "type": "Point",
        "coordinates": [
          8.833486416483725,
          44.73392946706424
        ]
      },
      "properties": {
        "id": "n_5afc4f7c46495d6f49000025",
        "map": "f_5ad9fd551de18c4557000001",
        "externalId": "NODE-EOJO0DT9",
        "neighbors": [
          {
            "id": "n_5afc4f7c46495d6f49000024",
            "weight": 0
          },
          {
            "id": "n_5afc503646495d6f4900003d",
            "weight": 0
          }
        ],
        "space": [],
        "flags": [
          1
        ]
      }
    },
    {
      "type": "Feature",
      "geometry": {
        "type": "Point",
        "coordinates": [
          8.833372700921164,
          44.73385777236768
        ]
      },
      "properties": {
        "id": "n_5afc4f7c46495d6f49000026",
        "map": "f_5ad9fd551de18c4557000001",
        "externalId": "NODE-1YTSGZ6V",
        "neighbors": [
          {
            "id": "n_5afb49e74157f063fd00000f",
            "weight": 0
          },
          {
            "id": "n_5afc503646495d6f4900003d",
            "weight": 0
          }
        ],
        "space": [],
        "flags": [
          1
        ]
      }
    },
    {
      "type": "Feature",
      "geometry": {
        "type": "Point",
        "coordinates": [
          8.834726722948618,
          44.73272701341931
        ]
      },
      "properties": {
        "id": "n_5afc4fba46495d6f49000027",
        "map": "f_5ad9fd551de18c4557000001",
        "externalId": "NODE-4ZNKNFKW",
        "neighbors": [
          {
            "id": "n_5afb49b84157f063fd000004",
            "weight": 0
          },
          {
            "id": "n_5afc4fba46495d6f49000028",
            "weight": 0
          }
        ],
        "space": [],
        "flags": [
          1
        ]
      }
    },
    {
      "type": "Feature",
      "geometry": {
        "type": "Point",
        "coordinates": [
          8.834651612067383,
          44.73277349737683
        ]
      },
      "properties": {
        "id": "n_5afc4fba46495d6f49000028",
        "map": "f_5ad9fd551de18c4557000001",
        "externalId": "NODE-I0G99ITK",
        "neighbors": [
          {
            "id": "n_5afc4fba46495d6f49000027",
            "weight": 0
          },
          {
            "id": "n_5afc4fba46495d6f49000029",
            "weight": 0
          }
        ],
        "space": [],
        "flags": [
          1
        ]
      }
    },
    {
      "type": "Feature",
      "geometry": {
        "type": "Point",
        "coordinates": [
          8.83454665373221,
          44.73285471318089
        ]
      },
      "properties": {
        "id": "n_5afc4fba46495d6f49000029",
        "map": "f_5ad9fd551de18c4557000001",
        "externalId": "NODE-31KTE0ZF",
        "neighbors": [
          {
            "id": "n_5afc4fba46495d6f49000028",
            "weight": 0
          },
          {
            "id": "n_5b157afee640cd1fc6000006",
            "weight": 0
          }
        ],
        "space": [],
        "flags": [
          1
        ]
      }
    },
    {
      "type": "Feature",
      "geometry": {
        "type": "Point",
        "coordinates": [
          8.834414225004636,
          44.7329862374214
        ]
      },
      "properties": {
        "id": "n_5afc4fba46495d6f4900002a",
        "map": "f_5ad9fd551de18c4557000001",
        "externalId": "NODE-VTMLXWTI",
        "neighbors": [
          {
            "id": "n_5afc4fba46495d6f4900002b",
            "weight": 0
          },
          {
            "id": "n_5b157afee640cd1fc6000006",
            "weight": 0
          }
        ],
        "space": [],
        "flags": [
          1
        ]
      }
    },
    {
      "type": "Feature",
      "geometry": {
        "type": "Point",
        "coordinates": [
          8.8343228279268,
          44.733103428213965
        ]
      },
      "properties": {
        "id": "n_5afc4fba46495d6f4900002b",
        "map": "f_5ad9fd551de18c4557000001",
        "externalId": "NODE-344Y5VQZ",
        "neighbors": [
          {
            "id": "n_5afc4fba46495d6f4900002a",
            "weight": 0
          },
          {
            "id": "n_5afc4fbb46495d6f4900002c",
            "weight": 0
          }
        ],
        "space": [],
        "flags": [
          1
        ]
      }
    },
    {
      "type": "Feature",
      "geometry": {
        "type": "Point",
        "coordinates": [
          8.834206061619446,
          44.73325253569197
        ]
      },
      "properties": {
        "id": "n_5afc4fbb46495d6f4900002c",
        "map": "f_5ad9fd551de18c4557000001",
        "externalId": "NODE-23Z0IP48",
        "neighbors": [
          {
            "id": "n_5afc4fba46495d6f4900002b",
            "weight": 0
          },
          {
            "id": "n_5afc4fbb46495d6f4900002d",
            "weight": 0
          }
        ],
        "space": [],
        "flags": [
          1
        ]
      }
    },
    {
      "type": "Feature",
      "geometry": {
        "type": "Point",
        "coordinates": [
          8.834089446462784,
          44.73340548071127
        ]
      },
      "properties": {
        "id": "n_5afc4fbb46495d6f4900002d",
        "map": "f_5ad9fd551de18c4557000001",
        "externalId": "NODE-8LCV7WUO",
        "neighbors": [
          {
            "id": "n_5afc4fbb46495d6f4900002c",
            "weight": 0
          },
          {
            "id": "n_5afc4fbb46495d6f4900002e",
            "weight": 0
          }
        ],
        "space": [],
        "flags": [
          1
        ]
      }
    },
    {
      "type": "Feature",
      "geometry": {
        "type": "Point",
        "coordinates": [
          8.833995510383177,
          44.73356650026979
        ]
      },
      "properties": {
        "id": "n_5afc4fbb46495d6f4900002e",
        "map": "f_5ad9fd551de18c4557000001",
        "externalId": "NODE-BHID1HSQ",
        "neighbors": [
          {
            "id": "n_5afc4fbb46495d6f4900002d",
            "weight": 0
          },
          {
            "id": "n_5afc4fbb46495d6f4900002f",
            "weight": 0
          }
        ],
        "space": [],
        "flags": [
          1
        ]
      }
    },
    {
      "type": "Feature",
      "geometry": {
        "type": "Point",
        "coordinates": [
          8.833960466017361,
          44.733669267342144
        ]
      },
      "properties": {
        "id": "n_5afc4fbb46495d6f4900002f",
        "map": "f_5ad9fd551de18c4557000001",
        "externalId": "NODE-02TWSU7W",
        "neighbors": [
          {
            "id": "n_5afc4fbb46495d6f4900002e",
            "weight": 0
          },
          {
            "id": "n_5afb49e14157f063fd00000e",
            "weight": 0
          }
        ],
        "space": [],
        "flags": [
          1
        ]
      }
    },
    {
      "type": "Feature",
      "geometry": {
        "type": "Point",
        "coordinates": [
          8.833915006072392,
          44.73388219985666
        ]
      },
      "properties": {
        "id": "n_5afc4ffb46495d6f49000032",
        "map": "f_5ad9fd551de18c4557000001",
        "externalId": "NODE-PWM16G2Y",
        "neighbors": [
          {
            "id": "n_5afb49e14157f063fd00000e",
            "weight": 0
          },
          {
            "id": "n_5afc501246495d6f49000034",
            "weight": 0
          }
        ],
        "space": [],
        "flags": [
          1
        ]
      }
    },
    {
      "type": "Feature",
      "geometry": {
        "type": "Point",
        "coordinates": [
          8.833816852278604,
          44.73393550334258
        ]
      },
      "properties": {
        "id": "n_5afc4ffc46495d6f49000033",
        "map": "f_5ad9fd551de18c4557000001",
        "externalId": "NODE-CZDD0NZS",
        "neighbors": [
          {
            "id": "n_5afc4f7c46495d6f49000022",
            "weight": 0
          },
          {
            "id": "n_5afc501346495d6f4900003c",
            "weight": 0
          }
        ],
        "space": [],
        "flags": [
          1
        ]
      }
    },
    {
      "type": "Feature",
      "geometry": {
        "type": "Point",
        "coordinates": [
          8.833910175616445,
          44.73388967954058
        ]
      },
      "properties": {
        "id": "n_5afc501246495d6f49000034",
        "map": "f_5ad9fd551de18c4557000001",
        "externalId": "NODE-V9B8Y7OX",
        "neighbors": [
          {
            "id": "n_5afc4ffb46495d6f49000032",
            "weight": 0
          },
          {
            "id": "n_5afc501246495d6f49000035",
            "weight": 0
          }
        ],
        "space": [],
        "flags": [
          1
        ]
      }
    },
    {
      "type": "Feature",
      "geometry": {
        "type": "Point",
        "coordinates": [
          8.833906176216319,
          44.73389643860706
        ]
      },
      "properties": {
        "id": "n_5afc501246495d6f49000035",
        "map": "f_5ad9fd551de18c4557000001",
        "externalId": "NODE-B8SGQ8NE",
        "neighbors": [
          {
            "id": "n_5afc501246495d6f49000034",
            "weight": 0
          },
          {
            "id": "n_5afc501346495d6f49000036",
            "weight": 0
          }
        ],
        "space": [],
        "flags": [
          1
        ]
      }
    },
    {
      "type": "Feature",
      "geometry": {
        "type": "Point",
        "coordinates": [
          8.833901150888131,
          44.73390288003482
        ]
      },
      "properties": {
        "id": "n_5afc501346495d6f49000036",
        "map": "f_5ad9fd551de18c4557000001",
        "externalId": "NODE-NAXXUXKR",
        "neighbors": [
          {
            "id": "n_5afc501246495d6f49000035",
            "weight": 0
          },
          {
            "id": "n_5afc501346495d6f49000037",
            "weight": 0
          }
        ],
        "space": [],
        "flags": [
          1
        ]
      }
    },
    {
      "type": "Feature",
      "geometry": {
        "type": "Point",
        "coordinates": [
          8.833894856895506,
          44.73390896102141
        ]
      },
      "properties": {
        "id": "n_5afc501346495d6f49000037",
        "map": "f_5ad9fd551de18c4557000001",
        "externalId": "NODE-CRUMCSP9",
        "neighbors": [
          {
            "id": "n_5afc501346495d6f49000036",
            "weight": 0
          },
          {
            "id": "n_5afc501346495d6f49000038",
            "weight": 0
          }
        ],
        "space": [],
        "flags": [
          1
        ]
      }
    },
    {
      "type": "Feature",
      "geometry": {
        "type": "Point",
        "coordinates": [
          8.833887051341165,
          44.73391463942956
        ]
      },
      "properties": {
        "id": "n_5afc501346495d6f49000038",
        "map": "f_5ad9fd551de18c4557000001",
        "externalId": "NODE-KI2FL9GL",
        "neighbors": [
          {
            "id": "n_5afc501346495d6f49000037",
            "weight": 0
          },
          {
            "id": "n_5afc501346495d6f49000039",
            "weight": 0
          }
        ],
        "space": [],
        "flags": [
          1
        ]
      }
    },
    {
      "type": "Feature",
      "geometry": {
        "type": "Point",
        "coordinates": [
          8.833877491488671,
          44.73391987245659
        ]
      },
      "properties": {
        "id": "n_5afc501346495d6f49000039",
        "map": "f_5ad9fd551de18c4557000001",
        "externalId": "NODE-N6R2C79E",
        "neighbors": [
          {
            "id": "n_5afc501346495d6f49000038",
            "weight": 0
          },
          {
            "id": "n_5afc501346495d6f4900003a",
            "weight": 0
          }
        ],
        "space": [],
        "flags": [
          1
        ]
      }
    },
    {
      "type": "Feature",
      "geometry": {
        "type": "Point",
        "coordinates": [
          8.833865934440752,
          44.733924617964966
        ]
      },
      "properties": {
        "id": "n_5afc501346495d6f4900003a",
        "map": "f_5ad9fd551de18c4557000001",
        "externalId": "NODE-HFOBUGFB",
        "neighbors": [
          {
            "id": "n_5afc501346495d6f49000039",
            "weight": 0
          },
          {
            "id": "n_5afc501346495d6f4900003b",
            "weight": 0
          }
        ],
        "space": [],
        "flags": [
          1
        ]
      }
    },
    {
      "type": "Feature",
      "geometry": {
        "type": "Point",
        "coordinates": [
          8.833852137461031,
          44.733928833151666
        ]
      },
      "properties": {
        "id": "n_5afc501346495d6f4900003b",
        "map": "f_5ad9fd551de18c4557000001",
        "externalId": "NODE-QM5ZIGC7",
        "neighbors": [
          {
            "id": "n_5afc501346495d6f4900003a",
            "weight": 0
          },
          {
            "id": "n_5afc501346495d6f4900003c",
            "weight": 0
          }
        ],
        "space": [],
        "flags": [
          1
        ]
      }
    },
    {
      "type": "Feature",
      "geometry": {
        "type": "Point",
        "coordinates": [
          8.833835857652367,
          44.733932475878724
        ]
      },
      "properties": {
        "id": "n_5afc501346495d6f4900003c",
        "map": "f_5ad9fd551de18c4557000001",
        "externalId": "NODE-UDZ7LB41",
        "neighbors": [
          {
            "id": "n_5afc501346495d6f4900003b",
            "weight": 0
          },
          {
            "id": "n_5afc4ffc46495d6f49000033",
            "weight": 0
          }
        ],
        "space": [],
        "flags": [
          1
        ]
      }
    },
    {
      "type": "Feature",
      "geometry": {
        "type": "Point",
        "coordinates": [
          8.833428489653025,
          44.73389864113599
        ]
      },
      "properties": {
        "id": "n_5afc503646495d6f4900003d",
        "map": "f_5ad9fd551de18c4557000001",
        "externalId": "NODE-RKO8V31P",
        "neighbors": [
          {
            "id": "n_5afc4f7c46495d6f49000025",
            "weight": 0
          },
          {
            "id": "n_5afc4f7c46495d6f49000026",
            "weight": 0
          }
        ],
        "space": [],
        "flags": [
          1
        ]
      }
    },
    {
      "type": "Feature",
      "geometry": {
        "type": "Point",
        "coordinates": [
          8.833247400173867,
          44.73429919917734
        ]
      },
      "properties": {
        "id": "n_5afc505446495d6f4900003e",
        "map": "f_5ad9fd551de18c4557000001",
        "externalId": "NODE-EDDQIW05",
        "neighbors": [
          {
            "id": "n_5afb49eb4157f063fd000011",
            "weight": 0
          },
          {
            "id": "n_5afc4f6846495d6f49000015",
            "weight": 0
          }
        ],
        "space": [],
        "flags": [
          1
        ]
      }
    },
    {
      "type": "Feature",
      "geometry": {
        "type": "Point",
        "coordinates": [
          8.835555256816324,
          44.73330519672506
        ]
      },
      "properties": {
        "id": "n_5afc7a7246495d53f700002c",
        "map": "f_5ad9fd551de18c4557000001",
        "externalId": "NODE-8KQO2CG1",
        "neighbors": [
          {
            "id": "n_5afc7a7446495d53f700002d",
            "weight": 0
          },
          {
            "id": "n_5afc7b2946495d53f7000035",
            "weight": 5001
          }
        ],
        "space": [
          "s_5afc7a3246495d53f7000029"
        ],
        "flags": [
          1
        ]
      }
    },
    {
      "type": "Feature",
      "geometry": {
        "type": "Point",
        "coordinates": [
          8.83560858572118,
          44.73329522262826
        ]
      },
      "properties": {
        "id": "n_5afc7a7446495d53f700002d",
        "map": "f_5ad9fd551de18c4557000001",
        "externalId": "NODE-FN1NGRZS",
        "neighbors": [
          {
            "id": "n_5afc7a7246495d53f700002c",
            "weight": 0
          },
          {
            "id": "n_5afc7a7546495d53f700002e",
            "weight": 0
          }
        ],
        "space": [],
        "flags": [
          1
        ]
      }
    },
    {
      "type": "Feature",
      "geometry": {
        "type": "Point",
        "coordinates": [
          8.835546041799182,
          44.7331248676378
        ]
      },
      "properties": {
        "id": "n_5afc7a7546495d53f700002e",
        "map": "f_5ad9fd551de18c4557000001",
        "externalId": "NODE-3MBASA2B",
        "neighbors": [
          {
            "id": "n_5afc7a7446495d53f700002d",
            "weight": 0
          },
          {
            "id": "n_5ada26516b29165a5e000001",
            "weight": 0
          },
          {
            "id": "n_5ada2ba36b29165a5e0000d2",
            "weight": 0
          }
        ],
        "space": [],
        "flags": [
          1
        ]
      }
    },
    {
      "type": "Feature",
      "geometry": {
        "type": "Point",
        "coordinates": [
          8.835808587629565,
          44.73374495669049
        ]
      },
      "properties": {
        "id": "n_5afc7b1a46495d53f7000031",
        "map": "f_5afc563646495d1f70000004",
        "externalId": "NODE-K0Y0BSXU",
        "neighbors": [
          {
            "id": "n_5afc7b1b46495d53f7000032",
            "weight": 0
          },
          {
            "id": "n_5ada26b06b29165a5e000015",
            "weight": 1001
          }
        ],
        "space": [
          "s_5afc814346495d53f7000054"
        ],
        "flags": [
          1
        ]
      }
    },
    {
      "type": "Feature",
      "geometry": {
        "type": "Point",
        "coordinates": [
          8.835787648613127,
          44.73368825184715
        ]
      },
      "properties": {
        "id": "n_5afc7b1b46495d53f7000032",
        "map": "f_5afc563646495d1f70000004",
        "externalId": "NODE-3B5XLS61",
        "neighbors": [
          {
            "id": "n_5afc7b1a46495d53f7000031",
            "weight": 0
          },
          {
            "id": "n_5afc7b1f46495d53f7000033",
            "weight": 0
          },
          {
            "id": "n_5afc7b2946495d53f7000036",
            "weight": 0
          }
        ],
        "space": [],
        "flags": [
          1
        ]
      }
    },
    {
      "type": "Feature",
      "geometry": {
        "type": "Point",
        "coordinates": [
          8.835735530287876,
          44.73372063284862
        ]
      },
      "properties": {
        "id": "n_5afc7b1f46495d53f7000033",
        "map": "f_5afc563646495d1f70000004",
        "externalId": "NODE-NMBVB431",
        "neighbors": [
          {
            "id": "n_5afc7b1b46495d53f7000032",
            "weight": 0
          },
          {
            "id": "n_5ada2b5c6b29165a5e0000ce",
            "weight": 5001
          }
        ],
        "space": [
          "s_5afc574146495d53f700000b"
        ],
        "flags": [
          1
        ]
      }
    },
    {
      "type": "Feature",
      "geometry": {
        "type": "Point",
        "coordinates": [
          8.835611478593403,
          44.73318818160067
        ]
      },
      "properties": {
        "id": "n_5afc7b2746495d53f7000034",
        "map": "f_5afc563646495d1f70000004",
        "externalId": "NODE-WA4H0K1D",
        "neighbors": [
          {
            "id": "n_5afc828b46495d53f7000063",
            "weight": 0
          },
          {
            "id": "n_5ada264f6b29165a5e000000",
            "weight": 1001
          }
        ],
        "space": [
          "s_5afc814346495d53f7000053"
        ],
        "flags": [
          1
        ]
      }
    },
    {
      "type": "Feature",
      "geometry": {
        "type": "Point",
        "coordinates": [
          8.835563317672385,
          44.7333113669377
        ]
      },
      "properties": {
        "id": "n_5afc7b2946495d53f7000035",
        "map": "f_5afc563646495d1f70000004",
        "externalId": "NODE-TYZ8XL6G",
        "neighbors": [
          {
            "id": "n_5afc7b2946495d53f7000036",
            "weight": 0
          },
          {
            "id": "n_5afc7a7246495d53f700002c",
            "weight": 5001
          }
        ],
        "space": [
          "s_5afc7b0346495d53f7000030"
        ],
        "flags": [
          1
        ]
      }
    },
    {
      "type": "Feature",
      "geometry": {
        "type": "Point",
        "coordinates": [
          8.835652115787287,
          44.73329554712908
        ]
      },
      "properties": {
        "id": "n_5afc7b2946495d53f7000036",
        "map": "f_5afc563646495d1f70000004",
        "externalId": "NODE-FMMY6028",
        "neighbors": [
          {
            "id": "n_5afc7b2946495d53f7000035",
            "weight": 0
          },
          {
            "id": "n_5afc7b1b46495d53f7000032",
            "weight": 0
          },
          {
            "id": "n_5afc828b46495d53f7000063",
            "weight": 0
          }
        ],
        "space": [],
        "flags": [
          1
        ]
      }
    },
    {
      "type": "Feature",
      "geometry": {
        "type": "Point",
        "coordinates": [
          8.83563515942566,
          44.73325074761143
        ]
      },
      "properties": {
        "id": "n_5afc828b46495d53f7000063",
        "map": "f_5afc563646495d1f70000004",
        "externalId": "NODE-IEALU4W6",
        "neighbors": [
          {
            "id": "n_5afc7b2746495d53f7000034",
            "weight": 0
          },
          {
            "id": "n_5afc7b2946495d53f7000036",
            "weight": 0
          },
          {
            "id": "n_5afc82ab46495d53f7000066",
            "weight": 0
          },
          {
            "id": "n_5afc82b546495d53f7000069",
            "weight": 0
          }
        ],
        "space": [],
        "flags": [
          1
        ]
      }
    },
    {
      "type": "Feature",
      "geometry": {
        "type": "Point",
        "coordinates": [
          8.836032302312425,
          44.733006542597295
        ]
      },
      "properties": {
        "id": "n_5afc829746495d53f7000064",
        "map": "f_5afc563646495d1f70000004",
        "externalId": "NODE-2CHS4XUA",
        "neighbors": [
          {
            "id": "n_5b155135e640cd74a000000b",
            "weight": 0
          }
        ],
        "space": [
          "s_5b155115e640cd74a0000008"
        ],
        "flags": [
          1
        ]
      }
    },
    {
      "type": "Feature",
      "geometry": {
        "type": "Point",
        "coordinates": [
          8.835866145092105,
          44.733164172125235
        ]
      },
      "properties": {
        "id": "n_5afc82aa46495d53f7000065",
        "map": "f_5afc563646495d1f70000004",
        "externalId": "NODE-T2WRT70Z",
        "neighbors": [
          {
            "id": "n_5afc82ab46495d53f7000066",
            "weight": 0
          }
        ],
        "space": [
          "s_5dea6080a7e47b5bbe000000"
        ],
        "flags": [
          1
        ]
      }
    },
    {
      "type": "Feature",
      "geometry": {
        "type": "Point",
        "coordinates": [
          8.835828270799517,
          44.733132002918346
        ]
      },
      "properties": {
        "id": "n_5afc82ab46495d53f7000066",
        "map": "f_5afc563646495d1f70000004",
        "externalId": "NODE-Y0RCNZUL",
        "neighbors": [
          {
            "id": "n_5afc82aa46495d53f7000065",
            "weight": 0
          },
          {
            "id": "n_5afc828b46495d53f7000063",
            "weight": 0
          },
          {
            "id": "n_5afc82af46495d53f7000068",
            "weight": 0
          },
          {
            "id": "n_5afc82c146495d53f700006a",
            "weight": 0
          }
        ],
        "space": [],
        "flags": [
          1
        ]
      }
    },
    {
      "type": "Feature",
      "geometry": {
        "type": "Point",
        "coordinates": [
          8.835977623104434,
          44.733096869152114
        ]
      },
      "properties": {
        "id": "n_5afc82ae46495d53f7000067",
        "map": "f_5afc563646495d1f70000004",
        "externalId": "NODE-956ZG6XG",
        "neighbors": [
          {
            "id": "n_5afc82af46495d53f7000068",
            "weight": 0
          }
        ],
        "space": [
          "s_5dea6080a7e47b5bbe000000"
        ],
        "flags": [
          1
        ]
      }
    },
    {
      "type": "Feature",
      "geometry": {
        "type": "Point",
        "coordinates": [
          8.835939005718885,
          44.73306391136274
        ]
      },
      "properties": {
        "id": "n_5afc82af46495d53f7000068",
        "map": "f_5afc563646495d1f70000004",
        "externalId": "NODE-2RJBU9G2",
        "neighbors": [
          {
            "id": "n_5afc82ae46495d53f7000067",
            "weight": 0
          },
          {
            "id": "n_5afc82ab46495d53f7000066",
            "weight": 0
          },
          {
            "id": "n_5b155135e640cd74a000000b",
            "weight": 0
          }
        ],
        "space": [],
        "flags": [
          1
        ]
      }
    },
    {
      "type": "Feature",
      "geometry": {
        "type": "Point",
        "coordinates": [
          8.835544163180394,
          44.733268837512085
        ]
      },
      "properties": {
        "id": "n_5afc82b546495d53f7000069",
        "map": "f_5afc563646495d1f70000004",
        "externalId": "NODE-5RT831XW",
        "neighbors": [
          {
            "id": "n_5afc828b46495d53f7000063",
            "weight": 0
          }
        ],
        "space": [
          "s_5afc814346495d53f700005d"
        ],
        "flags": [
          1
        ]
      }
    },
    {
      "type": "Feature",
      "geometry": {
        "type": "Point",
        "coordinates": [
          8.835789391499663,
          44.73309787949248
        ]
      },
      "properties": {
        "id": "n_5afc82c146495d53f700006a",
        "map": "f_5afc563646495d1f70000004",
        "externalId": "NODE-FNVT3Z5I",
        "neighbors": [
          {
            "id": "n_5afc82ab46495d53f7000066",
            "weight": 0
          }
        ],
        "space": [
          "s_5afc7c3d46495d53f7000049"
        ],
        "flags": [
          1
        ]
      }
    },
    {
      "type": "Feature",
      "geometry": {
        "type": "Point",
        "coordinates": [
          8.836680228170684,
          44.73533320360528
        ]
      },
      "properties": {
        "id": "n_5afc8fdf46495d103500000a",
        "map": "f_5ad9fd551de18c4557000001",
        "externalId": "NODE-IEAT4OZN",
        "neighbors": [
          {
            "id": "n_5afc8fe146495d103500000b",
            "weight": 0
          }
        ],
        "space": [],
        "flags": [
          1
        ]
      }
    },
    {
      "type": "Feature",
      "geometry": {
        "type": "Point",
        "coordinates": [
          8.836792374137021,
          44.735361928168984
        ]
      },
      "properties": {
        "id": "n_5afc8fe146495d103500000b",
        "map": "f_5ad9fd551de18c4557000001",
        "externalId": "NODE-QKLUFACI",
        "neighbors": [
          {
            "id": "n_5afc8fdf46495d103500000a",
            "weight": 0
          },
          {
            "id": "n_5ada27e76b29165a5e00005a",
            "weight": 0
          },
          {
            "id": "n_5ada2e516b29165a5e00013b",
            "weight": 0
          }
        ],
        "space": [],
        "flags": [
          1
        ]
      }
    },
    {
      "type": "Feature",
      "geometry": {
        "type": "Point",
        "coordinates": [
          8.83696441496952,
          44.73537765428342
        ]
      },
      "properties": {
        "id": "n_5afc8feb46495d103500000c",
        "map": "f_5ad9fd551de18c4557000001",
        "externalId": "NODE-VFO2TPGU",
        "neighbors": [
          {
            "id": "n_5ada27e76b29165a5e00005a",
            "weight": 0
          },
          {
            "id": "n_5ada27e76b29165a5e00005b",
            "weight": 0
          }
        ],
        "space": [],
        "flags": [
          1
        ]
      }
    },
    {
      "type": "Feature",
      "geometry": {
        "type": "Point",
        "coordinates": [
          8.835648841859953,
          44.736581006721146
        ]
      },
      "properties": {
        "id": "n_5afc901646495d103500000e",
        "map": "f_5ad9fd551de18c4557000001",
        "externalId": "NODE-8KQOI4LH",
        "neighbors": [
          {
            "id": "n_5ada3bb86b29165a5e00021c",
            "weight": 0
          },
          {
            "id": "n_5afae66a46495d3a2c000001",
            "weight": 0
          }
        ],
        "space": [],
        "flags": [
          1
        ]
      }
    },
    {
      "type": "Feature",
      "geometry": {
        "type": "Point",
        "coordinates": [
          8.836535968794566,
          44.73246957644365
        ]
      },
      "properties": {
        "id": "n_5afc97bf46495d1035000019",
        "map": "f_5ad9fd551de18c4557000001",
        "externalId": "NODE-X3CL6QRW",
        "neighbors": [
          {
            "id": "n_5afb2db14157f0064900005d",
            "weight": 0
          },
          {
            "id": "n_5ada2c1e6b29165a5e0000f0",
            "weight": 0
          },
          {
            "id": "n_5afb2b3f4157f0064900004d",
            "weight": 0
          }
        ],
        "space": [],
        "flags": [
          1
        ]
      }
    },
    {
      "type": "Feature",
      "geometry": {
        "type": "Point",
        "coordinates": [
          8.83625519357657,
          44.73226204341645
        ]
      },
      "properties": {
        "id": "n_5afc97e746495d103500001b",
        "map": "f_5ad9fd551de18c4557000001",
        "externalId": "NODE-BGPMGLM8",
        "neighbors": [
          {
            "id": "n_5afc97e846495d103500001c",
            "weight": 0
          }
        ],
        "space": [],
        "flags": [
          1
        ]
      }
    },
    {
      "type": "Feature",
      "geometry": {
        "type": "Point",
        "coordinates": [
          8.83626340183307,
          44.732283671418166
        ]
      },
      "properties": {
        "id": "n_5afc97e846495d103500001c",
        "map": "f_5ad9fd551de18c4557000001",
        "externalId": "NODE-KIWR5OIJ",
        "neighbors": [
          {
            "id": "n_5afc97e746495d103500001b",
            "weight": 0
          },
          {
            "id": "n_5ada2c406b29165a5e0000fc",
            "weight": 0
          },
          {
            "id": "n_5ada2c8a6b29165a5e000102",
            "weight": 0
          }
        ],
        "space": [],
        "flags": [
          1
        ]
      }
    },
    {
      "type": "Feature",
      "geometry": {
        "type": "Point",
        "coordinates": [
          8.835906585594264,
          44.73295210072841
        ]
      },
      "properties": {
        "id": "n_5afc97f846495d103500001d",
        "map": "f_5ad9fd551de18c4557000001",
        "externalId": "NODE-J1WOK7BD",
        "neighbors": [
          {
            "id": "n_5ada268f6b29165a5e00000f",
            "weight": 0
          },
          {
            "id": "n_5ada26946b29165a5e000010",
            "weight": 0
          }
        ],
        "space": [],
        "flags": [
          1
        ]
      }
    },
    {
      "type": "Feature",
      "geometry": {
        "type": "Point",
        "coordinates": [
          8.835147130776264,
          44.73314578473493
        ]
      },
      "properties": {
        "id": "n_5afc980a46495d103500001e",
        "map": "f_5ad9fd551de18c4557000001",
        "externalId": "NODE-0TMGS0J0",
        "neighbors": [
          {
            "id": "n_5ada26856b29165a5e00000d",
            "weight": 0
          },
          {
            "id": "n_5ada26876b29165a5e00000e",
            "weight": 0
          }
        ],
        "space": [],
        "flags": [
          1
        ]
      }
    },
    {
      "type": "Feature",
      "geometry": {
        "type": "Point",
        "coordinates": [
          8.835721697018993,
          44.73379166429834
        ]
      },
      "properties": {
        "id": "n_5afc982046495d103500001f",
        "map": "f_5ad9fd551de18c4557000001",
        "externalId": "NODE-FCCTSGLX",
        "neighbors": [
          {
            "id": "n_5ada2b626b29165a5e0000cf",
            "weight": 0
          }
        ],
        "space": [],
        "flags": [
          1
        ]
      }
    },
    {
      "type": "Feature",
      "geometry": {
        "type": "Point",
        "coordinates": [
          8.835773974403699,
          44.73492263674512
        ]
      },
      "properties": {
        "id": "n_5afc983646495d1035000020",
        "map": "f_5ad9fd551de18c4557000001",
        "externalId": "NODE-2KJ2FBTD",
        "neighbors": [
          {
            "id": "n_5ada29c26b29165a5e00009f",
            "weight": 0
          },
          {
            "id": "n_5adf361d91d0c55f86000002",
            "weight": 0
          },
          {
            "id": "n_5afc983746495d1035000021",
            "weight": 0
          }
        ],
        "space": [],
        "flags": [
          1
        ]
      }
    },
    {
      "type": "Feature",
      "geometry": {
        "type": "Point",
        "coordinates": [
          8.835936519898556,
          44.73488339406518
        ]
      },
      "properties": {
        "id": "n_5afc983746495d1035000021",
        "map": "f_5ad9fd551de18c4557000001",
        "externalId": "NODE-SPV7F4HX",
        "neighbors": [
          {
            "id": "n_5afc983646495d1035000020",
            "weight": 0
          }
        ],
        "space": [
          "s_66cf187571afcfd693a6d21e"
        ],
        "flags": [
          1
        ]
      }
    },
    {
      "type": "Feature",
      "geometry": {
        "type": "Point",
        "coordinates": [
          8.837957077978144,
          44.73546536953648
        ]
      },
      "properties": {
        "id": "n_5afc985e46495d1035000025",
        "map": "f_5ad9fd551de18c4557000001",
        "externalId": "NODE-LJFWG3A0",
        "neighbors": [
          {
            "id": "n_5afb06904157f00649000019",
            "weight": 0
          }
        ],
        "space": [],
        "flags": [
          1
        ]
      }
    },
    {
      "type": "Feature",
      "geometry": {
        "type": "Point",
        "coordinates": [
          8.835769326773658,
          44.73663553719459
        ]
      },
      "properties": {
        "id": "n_5afc988446495d1035000027",
        "map": "f_5ad9fd551de18c4557000001",
        "externalId": "NODE-XKYQRRTE",
        "neighbors": [
          {
            "id": "n_5afc988546495d1035000028",
            "weight": 0
          }
        ],
        "space": [],
        "flags": [
          1
        ]
      }
    },
    {
      "type": "Feature",
      "geometry": {
        "type": "Point",
        "coordinates": [
          8.835792310657009,
          44.73659199164884
        ]
      },
      "properties": {
        "id": "n_5afc988546495d1035000028",
        "map": "f_5ad9fd551de18c4557000001",
        "externalId": "NODE-IU8HDLZG",
        "neighbors": [
          {
            "id": "n_5afc988446495d1035000027",
            "weight": 0
          },
          {
            "id": "n_5ada291a6b29165a5e00007b",
            "weight": 0
          },
          {
            "id": "n_5ada29206b29165a5e00007d",
            "weight": 0
          }
        ],
        "space": [],
        "flags": [
          1
        ]
      }
    },
    {
      "type": "Feature",
      "geometry": {
        "type": "Point",
        "coordinates": [
          8.836197806228244,
          44.73460233351948
        ]
      },
      "properties": {
        "id": "n_5b05d1b1f3ea235770000000",
        "map": "f_5ad9fd551de18c4557000001",
        "externalId": "NODE-DMWD235Q",
        "neighbors": [
          {
            "id": "n_5ada29e96b29165a5e0000a5",
            "weight": 0
          },
          {
            "id": "n_5b05d1b3f3ea235770000001",
            "weight": 0
          },
          {
            "id": "n_5afc4b6346495d6f4900000c",
            "weight": 0
          }
        ],
        "space": [],
        "flags": [
          1
        ]
      }
    },
    {
      "type": "Feature",
      "geometry": {
        "type": "Point",
        "coordinates": [
          8.836293982384579,
          44.73482055758154
        ]
      },
      "properties": {
        "id": "n_5b05d1b3f3ea235770000001",
        "map": "f_5ad9fd551de18c4557000001",
        "externalId": "NODE-9JvELhuJ",
        "neighbors": [
          {
            "id": "n_5b05d1b1f3ea235770000000",
            "weight": 0
          },
          {
            "id": "n_5b05d1b5f3ea235770000002",
            "weight": 0
          },
          {
            "id": "n_6528561df9a78c7767a88448",
            "weight": 0
          }
        ],
        "space": [],
        "flags": [
          1
        ]
      }
    },
    {
      "type": "Feature",
      "geometry": {
        "type": "Point",
        "coordinates": [
          8.836655774285134,
          44.734750654589355
        ]
      },
      "properties": {
        "id": "n_5b05d1b5f3ea235770000002",
        "map": "f_5ad9fd551de18c4557000001",
        "externalId": "NODE-CIJQO7CV",
        "neighbors": [
          {
            "id": "n_5b05d1b3f3ea235770000001",
            "weight": 0
          },
          {
            "id": "n_5b155e36e640cd7f11000006",
            "weight": 0
          }
        ],
        "space": [],
        "flags": [
          1
        ]
      }
    },
    {
      "type": "Feature",
      "geometry": {
        "type": "Point",
        "coordinates": [
          8.837551364908647,
          44.73522038936665
        ]
      },
      "properties": {
        "id": "n_5b1550b6e640cd74a0000005",
        "map": "f_5ad9fd551de18c4557000001",
        "externalId": "NODE-pL7xqwci",
        "neighbors": [
          {
            "id": "n_5ada28036b29165a5e000060",
            "weight": 0
          },
          {
            "id": "n_65285641f9a78c7767a8844f",
            "weight": 0
          }
        ],
        "space": [],
        "flags": [
          1
        ]
      }
    },
    {
      "type": "Feature",
      "geometry": {
        "type": "Point",
        "coordinates": [
          8.836011900727945,
          44.73301908771335
        ]
      },
      "properties": {
        "id": "n_5b155135e640cd74a000000b",
        "map": "f_5afc563646495d1f70000004",
        "externalId": "NODE-Z0QHZCXG",
        "neighbors": [
          {
            "id": "n_5afc829746495d53f7000064",
            "weight": 0
          },
          {
            "id": "n_5afc82af46495d53f7000068",
            "weight": 0
          },
          {
            "id": "n_5b155138e640cd74a000000c",
            "weight": 0
          }
        ],
        "space": [],
        "flags": [
          1
        ]
      }
    },
    {
      "type": "Feature",
      "geometry": {
        "type": "Point",
        "coordinates": [
          8.83603287064795,
          44.733035476323224
        ]
      },
      "properties": {
        "id": "n_5b155138e640cd74a000000c",
        "map": "f_5afc563646495d1f70000004",
        "externalId": "NODE-GQU9A2Y4",
        "neighbors": [
          {
            "id": "n_5b155135e640cd74a000000b",
            "weight": 0
          }
        ],
        "space": [
          "s_5b155115e640cd74a000000a"
        ],
        "flags": [
          1
        ]
      }
    },
    {
      "type": "Feature",
      "geometry": {
        "type": "Point",
        "coordinates": [
          8.836997564863257,
          44.73531233566293
        ]
      },
      "properties": {
        "id": "n_5b155c00e640cd7f11000002",
        "map": "f_5ad9fd551de18c4557000001",
        "externalId": "NODE-MPN4X9SF",
        "neighbors": [
          {
            "id": "n_5b155c95e640cd7f11000004",
            "weight": 0
          }
        ],
        "space": [
          "s_5b155be6e640cd7f11000001"
        ],
        "flags": [
          1
        ]
      }
    },
    {
      "type": "Feature",
      "geometry": {
        "type": "Point",
        "coordinates": [
          8.836835323863362,
          44.735273404137196
        ]
      },
      "properties": {
        "id": "n_5b155c95e640cd7f11000004",
        "map": "f_5ad9fd551de18c4557000001",
        "externalId": "NODE-SJPQV6ZW",
        "neighbors": [
          {
            "id": "n_5b155c00e640cd7f11000002",
            "weight": 0
          },
          {
            "id": "n_5ada27e76b29165a5e00005a",
            "weight": 0
          },
          {
            "id": "n_5ada2e6a6b29165a5e000141",
            "weight": 0
          }
        ],
        "space": [],
        "flags": [
          1
        ]
      }
    },
    {
      "type": "Feature",
      "geometry": {
        "type": "Point",
        "coordinates": [
          8.836773774427428,
          44.73472866406661
        ]
      },
      "properties": {
        "id": "n_5b155e36e640cd7f11000006",
        "map": "f_5ad9fd551de18c4557000001",
        "externalId": "NODE-QEOAU7RH",
        "neighbors": [
          {
            "id": "n_5b05d1b5f3ea235770000002",
            "weight": 0
          },
          {
            "id": "n_5b155e3ae640cd7f11000007",
            "weight": 0
          }
        ],
        "space": [],
        "flags": [
          1
        ]
      }
    },
    {
      "type": "Feature",
      "geometry": {
        "type": "Point",
        "coordinates": [
          8.836726429465525,
          44.734600462518614
        ]
      },
      "properties": {
        "id": "n_5b155e3ae640cd7f11000007",
        "map": "f_5ad9fd551de18c4557000001",
        "externalId": "NODE-AT3SILB3",
        "neighbors": [
          {
            "id": "n_5b155e36e640cd7f11000006",
            "weight": 0
          }
        ],
        "space": [],
        "flags": [
          1
        ]
      }
    },
    {
      "type": "Feature",
      "geometry": {
        "type": "Point",
        "coordinates": [
          8.8351486448036,
          44.73687910482232
        ]
      },
      "properties": {
        "id": "n_5b155e75e640cd7f11000008",
        "map": "f_5ad9fd551de18c4557000001",
        "externalId": "NODE-L3KD2GT3",
        "neighbors": [
          {
            "id": "n_5afae66a46495d3a2c000001",
            "weight": 0
          }
        ],
        "space": [],
        "flags": [
          1
        ]
      }
    },
    {
      "type": "Feature",
      "geometry": {
        "type": "Point",
        "coordinates": [
          8.834491159233758,
          44.73290230633238
        ]
      },
      "properties": {
        "id": "n_5b157afee640cd1fc6000006",
        "map": "f_5ad9fd551de18c4557000001",
        "externalId": "NODE-23H6YWRJ",
        "neighbors": [
          {
            "id": "n_5afc4fba46495d6f49000029",
            "weight": 0
          },
          {
            "id": "n_5afc4fba46495d6f4900002a",
            "weight": 0
          }
        ],
        "space": [],
        "flags": [
          1
        ]
      }
    },
    {
      "type": "Feature",
      "geometry": {
        "type": "Point",
        "coordinates": [
          8.832443998620745,
          44.734897885578896
        ]
      },
      "properties": {
        "id": "n_5b460f39f3ea237eb7000000",
        "map": "f_5ad9fd551de18c4557000001",
        "externalId": "NODE-6KF0EW4B",
        "neighbors": [
          {
            "id": "n_5afb49ed4157f063fd000013",
            "weight": 0
          }
        ],
        "space": [],
        "flags": [
          1
        ]
      }
    },
    {
      "type": "Feature",
      "geometry": {
        "type": "Point",
        "coordinates": [
          8.835312079708666,
          44.73460488110528
        ]
      },
      "properties": {
        "id": "n_5b5b32f7f3ea2373c1000000",
        "map": "f_5ad9fd551de18c4557000001",
        "externalId": "NODE-DV00UUVH",
        "neighbors": [
          {
            "id": "n_5ada2a866b29165a5e0000af",
            "weight": 0
          },
          {
            "id": "n_5b5b32fff3ea2373c1000001",
            "weight": 0
          }
        ],
        "space": [],
        "flags": [
          1
        ]
      }
    },
    {
      "type": "Feature",
      "geometry": {
        "type": "Point",
        "coordinates": [
          8.835357582541713,
          44.734576187441974
        ]
      },
      "properties": {
        "id": "n_5b5b32fff3ea2373c1000001",
        "map": "f_5ad9fd551de18c4557000001",
        "externalId": "NODE-67OCCUH4",
        "neighbors": [
          {
            "id": "n_5b5b32f7f3ea2373c1000000",
            "weight": 0
          },
          {
            "id": "n_5b5b331bf3ea2373c1000003",
            "weight": 0
          }
        ],
        "space": [],
        "flags": [
          1
        ]
      }
    },
    {
      "type": "Feature",
      "geometry": {
        "type": "Point",
        "coordinates": [
          8.835288226444955,
          44.73451785634619
        ]
      },
      "properties": {
        "id": "n_5b5b331bf3ea2373c1000003",
        "map": "f_5ad9fd551de18c4557000001",
        "externalId": "NODE-SGMZ9ZIE",
        "neighbors": [
          {
            "id": "n_5b5b32fff3ea2373c1000001",
            "weight": 0
          },
          {
            "id": "n_5b5b331ef3ea2373c1000004",
            "weight": 0
          },
          {
            "id": "n_5b5b3339f3ea2373c1000008",
            "weight": 0
          }
        ],
        "space": [],
        "flags": [
          1
        ]
      }
    },
    {
      "type": "Feature",
      "geometry": {
        "type": "Point",
        "coordinates": [
          8.835307589938573,
          44.73450630666831
        ]
      },
      "properties": {
        "id": "n_5b5b331ef3ea2373c1000004",
        "map": "f_5ad9fd551de18c4557000001",
        "externalId": "NODE-VQAO75K0",
        "neighbors": [
          {
            "id": "n_5b5b331bf3ea2373c1000003",
            "weight": 0
          },
          {
            "id": "n_5b5b332bf3ea2373c1000006",
            "weight": 0
          },
          {
            "id": "n_5b5b3330f3ea2373c1000007",
            "weight": 0
          }
        ],
        "space": [],
        "flags": [
          1
        ]
      }
    },
    {
      "type": "Feature",
      "geometry": {
        "type": "Point",
        "coordinates": [
          8.835361405577528,
          44.734475630751426
        ]
      },
      "properties": {
        "id": "n_5b5b332bf3ea2373c1000006",
        "map": "f_5ad9fd551de18c4557000001",
        "externalId": "NODE-F9AIET21",
        "neighbors": [
          {
            "id": "n_5b5b331ef3ea2373c1000004",
            "weight": 0
          }
        ],
        "space": [
          "s_5ad9fd751de18c4557000057"
        ],
        "flags": [
          1
        ]
      }
    },
    {
      "type": "Feature",
      "geometry": {
        "type": "Point",
        "coordinates": [
          8.835282687734752,
          44.73448593192724
        ]
      },
      "properties": {
        "id": "n_5b5b3330f3ea2373c1000007",
        "map": "f_5ad9fd551de18c4557000001",
        "externalId": "NODE-ERBHWCAW",
        "neighbors": [
          {
            "id": "n_5b5b331ef3ea2373c1000004",
            "weight": 0
          }
        ],
        "space": [
          "s_5addeaeb6b29160c7500003d"
        ],
        "flags": [
          1
        ]
      }
    },
    {
      "type": "Feature",
      "geometry": {
        "type": "Point",
        "coordinates": [
          8.835275905457896,
          44.73450650767255
        ]
      },
      "properties": {
        "id": "n_5b5b3339f3ea2373c1000008",
        "map": "f_5ad9fd551de18c4557000001",
        "externalId": "NODE-4VOJ5DIV",
        "neighbors": [
          {
            "id": "n_5b5b331bf3ea2373c1000003",
            "weight": 0
          }
        ],
        "space": [
          "s_5addeaeb6b29160c7500003f"
        ],
        "flags": [
          1
        ]
      }
    },
    {
      "type": "Feature",
      "geometry": {
        "type": "Point",
        "coordinates": [
          8.83516964613287,
          44.73464571455423
        ]
      },
      "properties": {
        "id": "n_5b7d808fcb861429a9000002",
        "map": "f_5ad9fd551de18c4557000001",
        "externalId": "NODE-8ESJDFW1",
        "neighbors": [
          {
            "id": "n_5ada2aa16b29165a5e0000b7",
            "weight": 0
          }
        ],
        "space": [
          "s_5b7d8064cb861429a9000001"
        ],
        "flags": [
          1
        ]
      }
    },
    {
      "type": "Feature",
      "geometry": {
        "type": "Point",
        "coordinates": [
          8.838351457551036,
          44.73557777608148
        ]
      },
      "properties": {
        "id": "n_5c127deba7e47b5669000001",
        "map": "f_5ad9fd551de18c4557000001",
        "externalId": "NODE-0YVKWJRH",
        "neighbors": [
          {
            "id": "n_5ada2f6d6b29165a5e00016f",
            "weight": 0
          },
          {
            "id": "n_5c127f8da7e47b5669000002",
            "weight": 0
          },
          {
            "id": "n_5efbfe8effaae218740004ee",
            "weight": 0
          }
        ],
        "space": [],
        "flags": [
          1
        ]
      }
    },
    {
      "type": "Feature",
      "geometry": {
        "type": "Point",
        "coordinates": [
          8.838297978224467,
          44.73560362156165
        ]
      },
      "properties": {
        "id": "n_5c127f8da7e47b5669000002",
        "map": "f_5ad9fd551de18c4557000001",
        "externalId": "NODE-F7RT1H7N",
        "neighbors": [
          {
            "id": "n_5c127deba7e47b5669000001",
            "weight": 0
          }
        ],
        "space": [
          "s_5c127aa3a7e47b1c95000000"
        ],
        "flags": [
          1
        ]
      }
    },
    {
      "type": "Feature",
      "geometry": {
        "type": "Point",
        "coordinates": [
          8.835446266598773,
          44.73485533184925
        ]
      },
      "properties": {
        "id": "n_5c3618a5a7e47b066000000b",
        "map": "f_5ad9fd551de18c4557000001",
        "externalId": "NODE-TJPY7U3P",
        "neighbors": [
          {
            "id": "n_5c3618bfa7e47b066000000c",
            "weight": 0
          }
        ],
        "space": [
          "s_68f794253885a068c87c2091"
        ],
        "flags": [
          1
        ]
      }
    },
    {
      "type": "Feature",
      "geometry": {
        "type": "Point",
        "coordinates": [
          8.83542535791104,
          44.73478382217357
        ]
      },
      "properties": {
        "id": "n_5c3618bfa7e47b066000000c",
        "map": "f_5ad9fd551de18c4557000001",
        "externalId": "NODE-OWMAQVKC",
        "neighbors": [
          {
            "id": "n_5c3618a5a7e47b066000000b",
            "weight": 0
          },
          {
            "id": "n_5ada29b86b29165a5e00009c",
            "weight": 0
          },
          {
            "id": "n_5ada2ab26b29165a5e0000bc",
            "weight": 0
          }
        ],
        "space": [],
        "flags": [
          1
        ]
      }
    },
    {
      "type": "Feature",
      "geometry": {
        "type": "Point",
        "coordinates": [
          8.836008049208981,
          44.73452333838317
        ]
      },
      "properties": {
        "id": "n_5c3f0a06a7e47b56a3000001",
        "map": "f_5ad9fd551de18c4557000001",
        "externalId": "NODE-LSL7I26E",
        "neighbors": [
          {
            "id": "n_5ada29e96b29165a5e0000a5",
            "weight": 0
          },
          {
            "id": "n_5ada29f26b29165a5e0000a6",
            "weight": 0
          },
          {
            "id": "n_5ada26c06b29165a5e000018",
            "weight": 0
          },
          {
            "id": "n_5ada2a766b29165a5e0000a9",
            "weight": 0
          }
        ],
        "space": [],
        "flags": [
          1
        ]
      }
    },
    {
      "type": "Feature",
      "geometry": {
        "type": "Point",
        "coordinates": [
          8.837532719581988,
          44.73658829697675
        ]
      },
      "properties": {
        "id": "n_5cdaf52ca7e47b480e000003",
        "map": "f_5ad9fd551de18c4557000001",
        "externalId": "NODE-MYHMGNOB",
        "neighbors": [
          {
            "id": "n_5ada27966b29165a5e00004e",
            "weight": 0
          },
          {
            "id": "n_5ae86cf1cde8804b3c000002",
            "weight": 0
          },
          {
            "id": "n_5d9762787775652978000000",
            "weight": 0
          },
          {
            "id": "n_5ada34a96b29165a5e0001b3",
            "weight": 0
          }
        ],
        "space": [],
        "flags": [
          1
        ]
      }
    },
    {
      "type": "Feature",
      "geometry": {
        "type": "Point",
        "coordinates": [
          8.836195758699644,
          44.736489365327714
        ]
      },
      "properties": {
        "id": "n_5d19b753a7e47b1779000000",
        "map": "f_5ad9fd551de18c4557000001",
        "externalId": "NODE-QS1BRPKP",
        "neighbors": [
          {
            "id": "n_5addf8dc6b29160c7500006c",
            "weight": 0
          },
          {
            "id": "n_5d19b75ea7e47b1779000001",
            "weight": 0
          },
          {
            "id": "n_5ada3a8c6b29165a5e000212",
            "weight": 0
          }
        ],
        "space": [],
        "flags": [
          1
        ]
      }
    },
    {
      "type": "Feature",
      "geometry": {
        "type": "Point",
        "coordinates": [
          8.836294663100388,
          44.7364595518623
        ]
      },
      "properties": {
        "id": "n_5d19b75ea7e47b1779000001",
        "map": "f_5ad9fd551de18c4557000001",
        "externalId": "NODE-Tgf7UIEr",
        "neighbors": [
          {
            "id": "n_5d19b753a7e47b1779000000",
            "weight": 0
          },
          {
            "id": "n_5addf8c46b29160c7500006a",
            "weight": 0
          },
          {
            "id": "n_5addf8c76b29160c7500006b",
            "weight": 0
          },
          {
            "id": "n_652859d7f9a78c7767a8846c",
            "weight": 0
          }
        ],
        "space": [],
        "flags": [
          1
        ]
      }
    },
    {
      "type": "Feature",
      "geometry": {
        "type": "Point",
        "coordinates": [
          8.836239800949578,
          44.73640359876146
        ]
      },
      "properties": {
        "id": "n_5d19b99ca7e47b1779000005",
        "map": "f_5ad9fd551de18c4557000001",
        "externalId": "NODE-I8J80J5T",
        "neighbors": [
          {
            "id": "n_5d19ba62a7e47b1779000008",
            "weight": 0
          }
        ],
        "space": [
          "s_5afadb8a46495d300e000000"
        ],
        "flags": [
          1
        ]
      }
    },
    {
      "type": "Feature",
      "geometry": {
        "type": "Point",
        "coordinates": [
          8.836210271399136,
          44.73633960134901
        ]
      },
      "properties": {
        "id": "n_5d19ba51a7e47b1779000006",
        "map": "f_5ad9fd551de18c4557000001",
        "externalId": "NODE-Jy3H3QJu",
        "neighbors": [
          {
            "id": "n_5ada38666b29165a5e0001ee",
            "weight": 0
          },
          {
            "id": "n_5d19ba62a7e47b1779000008",
            "weight": 0
          },
          {
            "id": "n_652859e0f9a78c7767a8846e",
            "weight": 0
          }
        ],
        "space": [],
        "flags": [
          1
        ]
      }
    },
    {
      "type": "Feature",
      "geometry": {
        "type": "Point",
        "coordinates": [
          8.836326310854236,
          44.73637558827345
        ]
      },
      "properties": {
        "id": "n_5d19ba56a7e47b1779000007",
        "map": "f_5ad9fd551de18c4557000001",
        "externalId": "NODE-0kvNuZsl",
        "neighbors": [
          {
            "id": "n_5ada38666b29165a5e0001ee",
            "weight": 0
          },
          {
            "id": "n_5d19ba62a7e47b1779000008",
            "weight": 0
          },
          {
            "id": "n_652859d7f9a78c7767a8846c",
            "weight": 0
          }
        ],
        "space": [],
        "flags": [
          1
        ]
      }
    },
    {
      "type": "Feature",
      "geometry": {
        "type": "Point",
        "coordinates": [
          8.836271132662228,
          44.7363584761191
        ]
      },
      "properties": {
        "id": "n_5d19ba62a7e47b1779000008",
        "map": "f_5ad9fd551de18c4557000001",
        "externalId": "NODE-FCVX3PMB",
        "neighbors": [
          {
            "id": "n_5d19b99ca7e47b1779000005",
            "weight": 0
          },
          {
            "id": "n_5d19ba51a7e47b1779000006",
            "weight": 0
          },
          {
            "id": "n_5d19ba56a7e47b1779000007",
            "weight": 0
          }
        ],
        "space": [],
        "flags": [
          1
        ]
      }
    },
    {
      "type": "Feature",
      "geometry": {
        "type": "Point",
        "coordinates": [
          8.837557418205888,
          44.73665817773438
        ]
      },
      "properties": {
        "id": "n_5d9762787775652978000000",
        "map": "f_5ad9fd551de18c4557000001",
        "externalId": "NODE-H0QOP004",
        "neighbors": [
          {
            "id": "n_5cdaf52ca7e47b480e000003",
            "weight": 0
          }
        ],
        "space": [
          "s_5cdaf3f9a7e47b480e000001"
        ],
        "flags": [
          1
        ]
      }
    },
    {
      "type": "Feature",
      "geometry": {
        "type": "Point",
        "coordinates": [
          8.836085215115519,
          44.73598239425183
        ]
      },
      "properties": {
        "id": "n_5dc055ed2b36ed7496000000",
        "map": "f_5ad9fd551de18c4557000001",
        "externalId": "NODE-PTKU00SZ",
        "neighbors": [
          {
            "id": "n_5ada387d6b29165a5e0001f2",
            "weight": 0
          }
        ],
        "space": [
          "s_60dd9cabe9a27e0cf7000000"
        ],
        "flags": [
          1
        ]
      }
    },
    {
      "type": "Feature",
      "geometry": {
        "type": "Point",
        "coordinates": [
          8.83739884806039,
          44.73663733730017
        ]
      },
      "properties": {
        "id": "n_5dc05c332b36ed38f7000000",
        "map": "f_5ad9fd551de18c4557000001",
        "externalId": "NODE-whrWEsVj",
        "neighbors": [
          {
            "id": "n_5ada34b56b29165a5e0001b5",
            "weight": 0
          },
          {
            "id": "n_5ada34b76b29165a5e0001b6",
            "weight": 0
          },
          {
            "id": "n_652859fbf9a78c7767a88471",
            "weight": 0
          }
        ],
        "space": [],
        "flags": [
          1
        ]
      }
    },
    {
      "type": "Feature",
      "geometry": {
        "type": "Point",
        "coordinates": [
          8.835088816277407,
          44.735624257820405
        ]
      },
      "properties": {
        "id": "n_5dc078df2b36ed2369000000",
        "map": "f_5ad9fd551de18c4557000001",
        "externalId": "NODE-7VXBOND6",
        "neighbors": [
          {
            "id": "n_5ada3f726b29165a5e000248",
            "weight": 0
          },
          {
            "id": "n_5ada3f696b29165a5e000247",
            "weight": 0
          },
          {
            "id": "n_5ada3f7a6b29165a5e00024a",
            "weight": 0
          }
        ],
        "space": [],
        "flags": [
          1
        ]
      }
    },
    {
      "type": "Feature",
      "geometry": {
        "type": "Point",
        "coordinates": [
          8.836905795184538,
          44.735977007139375
        ]
      },
      "properties": {
        "id": "n_5dc07a142b36ed2369000001",
        "map": "f_5ad9fd551de18c4557000001",
        "externalId": "NODE-Q8VM7TLD",
        "neighbors": [
          {
            "id": "n_5ada273f6b29165a5e000035",
            "weight": 0
          },
          {
            "id": "n_5ada27716b29165a5e000044",
            "weight": 0
          },
          {
            "id": "n_5f06dfa1a7e47b1e74000005",
            "weight": 0
          }
        ],
        "space": [],
        "flags": [
          1
        ]
      }
    },
    {
      "type": "Feature",
      "geometry": {
        "type": "Point",
        "coordinates": [
          8.836263096080067,
          44.73567741073562
        ]
      },
      "properties": {
        "id": "n_5ee24a51a7e47b77450002ab",
        "map": "f_5ad9fd551de18c4557000001",
        "externalId": "NODE-L9LA8C27",
        "neighbors": [
          {
            "id": "n_5ee24ad3a7e47b77450002ac",
            "weight": 0
          },
          {
            "id": "n_5ee24b69a7e47b77450002b2",
            "weight": 0
          }
        ],
        "space": [
          "s_5ee1f8d3a7e47b7745000000"
        ],
        "flags": [
          1
        ]
      }
    },
    {
      "type": "Feature",
      "geometry": {
        "type": "Point",
        "coordinates": [
          8.836236845430385,
          44.73575339845747
        ]
      },
      "properties": {
        "id": "n_5ee24ad3a7e47b77450002ac",
        "map": "f_5ad9fd551de18c4557000001",
        "externalId": "NODE-1F4Z5YFW",
        "neighbors": [
          {
            "id": "n_5ada27776b29165a5e000046",
            "weight": 0
          },
          {
            "id": "n_5ee24a51a7e47b77450002ab",
            "weight": 0
          },
          {
            "id": "n_5ada27796b29165a5e000047",
            "weight": 0
          },
          {
            "id": "n_5ada387d6b29165a5e0001f2",
            "weight": 0
          },
          {
            "id": "n_5ada2e2d6b29165a5e000133",
            "weight": 0
          }
        ],
        "space": [],
        "flags": [
          1
        ]
      }
    },
    {
      "type": "Feature",
      "geometry": {
        "type": "Point",
        "coordinates": [
          8.836350199044931,
          44.73564647553081
        ]
      },
      "properties": {
        "id": "n_5ee24b69a7e47b77450002b2",
        "map": "f_5ad9fd551de18c4557000001",
        "externalId": "NODE-SV4KZM3J",
        "neighbors": [
          {
            "id": "n_5ee24a51a7e47b77450002ab",
            "weight": 0
          },
          {
            "id": "n_5ada27776b29165a5e000046",
            "weight": 0
          },
          {
            "id": "n_5f03e4c5ffaae24181000e11",
            "weight": 0
          }
        ],
        "space": [],
        "flags": [
          1
        ]
      }
    },
    {
      "type": "Feature",
      "geometry": {
        "type": "Point",
        "coordinates": [
          8.836053685796925,
          44.73567446951917
        ]
      },
      "properties": {
        "id": "n_5ee33458a7e47b01d6000001",
        "map": "f_5ad9fd551de18c4557000001",
        "externalId": "NODE-IO816PIR",
        "neighbors": [
          {
            "id": "n_5ee3347ca7e47b01d6000002",
            "weight": 0
          }
        ],
        "space": [
          "s_5ee0a1eda7e47b7039000002"
        ],
        "flags": [
          1
        ]
      }
    },
    {
      "type": "Feature",
      "geometry": {
        "type": "Point",
        "coordinates": [
          8.836130891739852,
          44.73569080675293
        ]
      },
      "properties": {
        "id": "n_5ee3347ca7e47b01d6000002",
        "map": "f_5ad9fd551de18c4557000001",
        "externalId": "NODE-TG4EIFKZ",
        "neighbors": [
          {
            "id": "n_5ee33458a7e47b01d6000001",
            "weight": 0
          },
          {
            "id": "n_5ada2e286b29165a5e000132",
            "weight": 0
          },
          {
            "id": "n_5ada2e2d6b29165a5e000133",
            "weight": 0
          }
        ],
        "space": [],
        "flags": [
          1
        ]
      }
    },
    {
      "type": "Feature",
      "geometry": {
        "type": "Point",
        "coordinates": [
          8.837582188034657,
          44.73650506125855
        ]
      },
      "properties": {
        "id": "n_5ee37e13a7e47b6bff000002",
        "map": "f_5ad9fd551de18c4557000001",
        "externalId": "NODE-FQGGTHZS",
        "neighbors": [
          {
            "id": "n_5ee37e36a7e47b6bff000003",
            "weight": 0
          }
        ],
        "space": [
          "s_5ee37d10a7e47b6bff000000"
        ],
        "flags": [
          1
        ]
      }
    },
    {
      "type": "Feature",
      "geometry": {
        "type": "Point",
        "coordinates": [
          8.837544004462105,
          44.73646359034805
        ]
      },
      "properties": {
        "id": "n_5ee37e36a7e47b6bff000003",
        "map": "f_5ad9fd551de18c4557000001",
        "externalId": "NODE-0IOUK6A2",
        "neighbors": [
          {
            "id": "n_5ee37e13a7e47b6bff000002",
            "weight": 0
          },
          {
            "id": "n_5ada34a96b29165a5e0001b3",
            "weight": 0
          },
          {
            "id": "n_5ee37f2fa7e47b6bff000004",
            "weight": 0
          },
          {
            "id": "n_5efc0254ffaae21874000503",
            "weight": 0
          }
        ],
        "space": [],
        "flags": [
          1
        ]
      }
    },
    {
      "type": "Feature",
      "geometry": {
        "type": "Point",
        "coordinates": [
          8.837656177889574,
          44.736423337255886
        ]
      },
      "properties": {
        "id": "n_5ee37f2fa7e47b6bff000004",
        "map": "f_5ad9fd551de18c4557000001",
        "externalId": "NODE-CPTR8FWD",
        "neighbors": [
          {
            "id": "n_5ada34746b29165a5e0001a9",
            "weight": 0
          },
          {
            "id": "n_5ee37e36a7e47b6bff000003",
            "weight": 0
          },
          {
            "id": "n_5ae78957cde8807bd3000003",
            "weight": 0
          },
          {
            "id": "n_5ada34896b29165a5e0001ae",
            "weight": 0
          }
        ],
        "space": [],
        "flags": [
          1
        ]
      }
    },
    {
      "type": "Feature",
      "geometry": {
        "type": "Point",
        "coordinates": [
          8.838753101253074,
          44.735195329623245
        ]
      },
      "properties": {
        "id": "n_5efbfdfbffaae218740004dd",
        "map": "f_5ad9fd551de18c4557000001",
        "externalId": "NODE-G40GCXSG",
        "neighbors": [
          {
            "id": "n_5ada2f726b29165a5e000170",
            "weight": 0
          },
          {
            "id": "n_5efbfe40ffaae218740004e6",
            "weight": 0
          },
          {
            "id": "n_5efbfe4effaae218740004e8",
            "weight": 0
          }
        ],
        "space": [],
        "flags": [
          1
        ]
      }
    },
    {
      "type": "Feature",
      "geometry": {
        "type": "Point",
        "coordinates": [
          8.838725829445597,
          44.73516792483222
        ]
      },
      "properties": {
        "id": "n_5efbfdfeffaae218740004de",
        "map": "f_5ad9fd551de18c4557000001",
        "externalId": "NODE-OOEEHU6B",
        "neighbors": [
          {
            "id": "n_5efbfe31ffaae218740004e1",
            "weight": 0
          },
          {
            "id": "n_5efbfe36ffaae218740004e2",
            "weight": 0
          },
          {
            "id": "n_5efbfe38ffaae218740004e3",
            "weight": 0
          },
          {
            "id": "n_5efbfe3bffaae218740004e4",
            "weight": 0
          },
          {
            "id": "n_5efbfe40ffaae218740004e6",
            "weight": 0
          }
        ],
        "space": [],
        "flags": [
          1
        ]
      }
    },
    {
      "type": "Feature",
      "geometry": {
        "type": "Point",
        "coordinates": [
          8.838695824071495,
          44.73518299271661
        ]
      },
      "properties": {
        "id": "n_5efbfe31ffaae218740004e1",
        "map": "f_5ad9fd551de18c4557000001",
        "externalId": "NODE-BDI5AWCN",
        "neighbors": [
          {
            "id": "n_5efbfdfeffaae218740004de",
            "weight": 0
          }
        ],
        "space": [
          "s_5efbfd64ffaae218740004d8"
        ],
        "flags": [
          1
        ]
      }
    },
    {
      "type": "Feature",
      "geometry": {
        "type": "Point",
        "coordinates": [
          8.838691758615896,
          44.7351530676536
        ]
      },
      "properties": {
        "id": "n_5efbfe36ffaae218740004e2",
        "map": "f_5ad9fd551de18c4557000001",
        "externalId": "NODE-20CIPUNX",
        "neighbors": [
          {
            "id": "n_5efbfdfeffaae218740004de",
            "weight": 0
          }
        ],
        "space": [
          "s_5efbfd7dffaae218740004d9"
        ],
        "flags": [
          1
        ]
      }
    },
    {
      "type": "Feature",
      "geometry": {
        "type": "Point",
        "coordinates": [
          8.83872176397553,
          44.73513799977027
        ]
      },
      "properties": {
        "id": "n_5efbfe38ffaae218740004e3",
        "map": "f_5ad9fd551de18c4557000001",
        "externalId": "NODE-XE0SZZDF",
        "neighbors": [
          {
            "id": "n_5efbfdfeffaae218740004de",
            "weight": 0
          }
        ],
        "space": [
          "s_5efbfdabffaae218740004db"
        ],
        "flags": [
          1
        ]
      }
    },
    {
      "type": "Feature",
      "geometry": {
        "type": "Point",
        "coordinates": [
          8.838758347360567,
          44.735142461874055
        ]
      },
      "properties": {
        "id": "n_5efbfe3bffaae218740004e4",
        "map": "f_5ad9fd551de18c4557000001",
        "externalId": "NODE-4PBJTAQN",
        "neighbors": [
          {
            "id": "n_5efbfdfeffaae218740004de",
            "weight": 0
          }
        ],
        "space": [
          "s_5efbfdabffaae218740004dc"
        ],
        "flags": [
          1
        ]
      }
    },
    {
      "type": "Feature",
      "geometry": {
        "type": "Point",
        "coordinates": [
          8.838734920045217,
          44.73517705976328
        ]
      },
      "properties": {
        "id": "n_5efbfe40ffaae218740004e6",
        "map": "f_5ad9fd551de18c4557000001",
        "externalId": "NODE-E40ZNHAB",
        "neighbors": [
          {
            "id": "n_5efbfdfbffaae218740004dd",
            "weight": 0
          },
          {
            "id": "n_5efbfdfeffaae218740004de",
            "weight": 0
          },
          {
            "id": "n_5efbfe42ffaae218740004e7",
            "weight": 0
          }
        ],
        "space": [],
        "flags": [
          1
        ]
      }
    },
    {
      "type": "Feature",
      "geometry": {
        "type": "Point",
        "coordinates": [
          8.83877349836342,
          44.735157686754455
        ]
      },
      "properties": {
        "id": "n_5efbfe42ffaae218740004e7",
        "map": "f_5ad9fd551de18c4557000001",
        "externalId": "NODE-K8GUCMWY",
        "neighbors": [
          {
            "id": "n_5efbfe40ffaae218740004e6",
            "weight": 0
          }
        ],
        "space": [
          "s_5efbfd64ffaae218740004d7"
        ],
        "flags": [
          1
        ]
      }
    },
    {
      "type": "Feature",
      "geometry": {
        "type": "Point",
        "coordinates": [
          8.838855976727096,
          44.7351436682212
        ]
      },
      "properties": {
        "id": "n_5efbfe4effaae218740004e8",
        "map": "f_5ad9fd551de18c4557000001",
        "externalId": "NODE-UV2FC39C",
        "neighbors": [
          {
            "id": "n_5efbfdfbffaae218740004dd",
            "weight": 0
          },
          {
            "id": "n_5efbfe52ffaae218740004e9",
            "weight": 0
          },
          {
            "id": "n_5efbfee8ffaae218740004f9",
            "weight": 0
          }
        ],
        "space": [],
        "flags": [
          1
        ]
      }
    },
    {
      "type": "Feature",
      "geometry": {
        "type": "Point",
        "coordinates": [
          8.838866765472947,
          44.73508345037253
        ]
      },
      "properties": {
        "id": "n_5efbfe52ffaae218740004e9",
        "map": "f_5ad9fd551de18c4557000001",
        "externalId": "NODE-7XX41PGX",
        "neighbors": [
          {
            "id": "n_5efbfe4effaae218740004e8",
            "weight": 0
          },
          {
            "id": "n_60a3b672003ac904ba000000",
            "weight": 0
          }
        ],
        "space": [],
        "flags": [
          1
        ]
      }
    },
    {
      "type": "Feature",
      "geometry": {
        "type": "Point",
        "coordinates": [
          8.838483731364192,
          44.73570121129707
        ]
      },
      "properties": {
        "id": "n_5efbfe8effaae218740004ee",
        "map": "f_5ad9fd551de18c4557000001",
        "externalId": "NODE-MAqG5fBX",
        "neighbors": [
          {
            "id": "n_5ada27b36b29165a5e000054",
            "weight": 0
          },
          {
            "id": "n_5c127deba7e47b5669000001",
            "weight": 0
          },
          {
            "id": "n_65285a34f9a78c7767a88473",
            "weight": 0
          }
        ],
        "space": [],
        "flags": [
          1
        ]
      }
    },
    {
      "type": "Feature",
      "geometry": {
        "type": "Point",
        "coordinates": [
          8.838916909480389,
          44.73558898852323
        ]
      },
      "properties": {
        "id": "n_5efbfe90ffaae218740004ef",
        "map": "f_5ad9fd551de18c4557000001",
        "externalId": "NODE-B4XDZS7S",
        "neighbors": [
          {
            "id": "n_5efbfeabffaae218740004f1",
            "weight": 0
          },
          {
            "id": "n_5efbfed6ffaae218740004f7",
            "weight": 0
          }
        ],
        "space": [],
        "flags": [
          1
        ]
      }
    },
    {
      "type": "Feature",
      "geometry": {
        "type": "Point",
        "coordinates": [
          8.839179526989456,
          44.735646827693884
        ]
      },
      "properties": {
        "id": "n_5efbfeabffaae218740004f1",
        "map": "f_5ad9fd551de18c4557000001",
        "externalId": "NODE-WCGOHLR4",
        "neighbors": [
          {
            "id": "n_5efbfe90ffaae218740004ef",
            "weight": 0
          },
          {
            "id": "n_5efbfeadffaae218740004f2",
            "weight": 0
          }
        ],
        "space": [],
        "flags": [
          1
        ]
      }
    },
    {
      "type": "Feature",
      "geometry": {
        "type": "Point",
        "coordinates": [
          8.839206920304248,
          44.73570254714717
        ]
      },
      "properties": {
        "id": "n_5efbfeadffaae218740004f2",
        "map": "f_5ad9fd551de18c4557000001",
        "externalId": "NODE-W6B3K33L",
        "neighbors": [
          {
            "id": "n_5efbfeabffaae218740004f1",
            "weight": 0
          },
          {
            "id": "n_5efbfebcffaae218740004f3",
            "weight": 0
          },
          {
            "id": "n_5efbfebeffaae218740004f4",
            "weight": 0
          }
        ],
        "space": [],
        "flags": [
          1
        ]
      }
    },
    {
      "type": "Feature",
      "geometry": {
        "type": "Point",
        "coordinates": [
          8.839117299284494,
          44.7357292857828
        ]
      },
      "properties": {
        "id": "n_5efbfebcffaae218740004f3",
        "map": "f_5ad9fd551de18c4557000001",
        "externalId": "NODE-O6WPVMBT",
        "neighbors": [
          {
            "id": "n_5efbfeadffaae218740004f2",
            "weight": 0
          }
        ],
        "space": [
          "s_5efbf32bffaae218740000f8"
        ],
        "flags": [
          1
        ]
      }
    },
    {
      "type": "Feature",
      "geometry": {
        "type": "Point",
        "coordinates": [
          8.839297286835338,
          44.735695162098736
        ]
      },
      "properties": {
        "id": "n_5efbfebeffaae218740004f4",
        "map": "f_5ad9fd551de18c4557000001",
        "externalId": "NODE-EVHT8TNE",
        "neighbors": [
          {
            "id": "n_5efbfeadffaae218740004f2",
            "weight": 0
          }
        ],
        "space": [
          "s_5efbf32bffaae218740001f0"
        ],
        "flags": [
          1
        ]
      }
    },
    {
      "type": "Feature",
      "geometry": {
        "type": "Point",
        "coordinates": [
          8.838932799815208,
          44.735493328775924
        ]
      },
      "properties": {
        "id": "n_5efbfed6ffaae218740004f7",
        "map": "f_5ad9fd551de18c4557000001",
        "externalId": "NODE-WUSOPTTX",
        "neighbors": [
          {
            "id": "n_5ada2f726b29165a5e000170",
            "weight": 0
          },
          {
            "id": "n_5efbfee8ffaae218740004f9",
            "weight": 0
          },
          {
            "id": "n_5efbfe90ffaae218740004ef",
            "weight": 0
          }
        ],
        "space": [],
        "flags": [
          1
        ]
      }
    },
    {
      "type": "Feature",
      "geometry": {
        "type": "Point",
        "coordinates": [
          8.838891273005185,
          44.73533856738047
        ]
      },
      "properties": {
        "id": "n_5efbfee8ffaae218740004f9",
        "map": "f_5ad9fd551de18c4557000001",
        "externalId": "NODE-MOf49QV6",
        "neighbors": [
          {
            "id": "n_5efbfed6ffaae218740004f7",
            "weight": 0
          },
          {
            "id": "n_5ada2f726b29165a5e000170",
            "weight": 0
          },
          {
            "id": "n_5efbfe4effaae218740004e8",
            "weight": 0
          },
          {
            "id": "n_6528104d7c19ba69929784f9",
            "weight": 0
          }
        ],
        "space": [],
        "flags": [
          1
        ]
      }
    },
    {
      "type": "Feature",
      "geometry": {
        "type": "Point",
        "coordinates": [
          8.838639489553248,
          44.73534607212148
        ]
      },
      "properties": {
        "id": "n_5efc00e8ffaae218740004fe",
        "map": "f_5ad9fd551de18c4557000001",
        "externalId": "NODE-6SWBVLFB",
        "neighbors": [
          {
            "id": "n_5ada2f726b29165a5e000170",
            "weight": 0
          },
          {
            "id": "n_5ada2f736b29165a5e000171",
            "weight": 0
          },
          {
            "id": "n_5efc00eaffaae218740004ff",
            "weight": 0
          }
        ],
        "space": [],
        "flags": [
          1
        ]
      }
    },
    {
      "type": "Feature",
      "geometry": {
        "type": "Point",
        "coordinates": [
          8.838669142996151,
          44.73540992821669
        ]
      },
      "properties": {
        "id": "n_5efc00eaffaae218740004ff",
        "map": "f_5ad9fd551de18c4557000001",
        "externalId": "NODE-NZP6CKA3",
        "neighbors": [
          {
            "id": "n_5efc00e8ffaae218740004fe",
            "weight": 0
          }
        ],
        "space": [
          "s_5efbf32bffaae21874000101"
        ],
        "flags": [
          1
        ]
      }
    },
    {
      "type": "Feature",
      "geometry": {
        "type": "Point",
        "coordinates": [
          8.835311312761938,
          44.73583932431359
        ]
      },
      "properties": {
        "id": "n_5efc0219ffaae21874000500",
        "map": "f_5ad9fd551de18c4557000001",
        "externalId": "NODE-62Q3GWRZ",
        "neighbors": [
          {
            "id": "n_5adf3a3c91d0c55f86000026",
            "weight": 0
          }
        ],
        "space": [
          "s_5efbf32bffaae218740000fc"
        ],
        "flags": [
          1
        ]
      }
    },
    {
      "type": "Feature",
      "geometry": {
        "type": "Point",
        "coordinates": [
          8.835868634867039,
          44.73571805342903
        ]
      },
      "properties": {
        "id": "n_5efc0221ffaae21874000501",
        "map": "f_5ad9fd551de18c4557000001",
        "externalId": "NODE-OI4XDIWN",
        "neighbors": [
          {
            "id": "n_5ada27376b29165a5e000031",
            "weight": 0
          }
        ],
        "space": [
          "s_5efbf32bffaae218740000fb"
        ],
        "flags": [
          1
        ]
      }
    },
    {
      "type": "Feature",
      "geometry": {
        "type": "Point",
        "coordinates": [
          8.837187650557672,
          44.73604938670594
        ]
      },
      "properties": {
        "id": "n_5efc022bffaae21874000502",
        "map": "f_5ad9fd551de18c4557000001",
        "externalId": "NODE-HB1G77GQ",
        "neighbors": [
          {
            "id": "n_5ada273f6b29165a5e000035",
            "weight": 0
          }
        ],
        "space": [
          "s_5efbf32bffaae218740000fd"
        ],
        "flags": [
          1
        ]
      }
    },
    {
      "type": "Feature",
      "geometry": {
        "type": "Point",
        "coordinates": [
          8.837487846686622,
          44.736409225332395
        ]
      },
      "properties": {
        "id": "n_5efc0254ffaae21874000503",
        "map": "f_5ad9fd551de18c4557000001",
        "externalId": "NODE-M8TZGDSM",
        "neighbors": [
          {
            "id": "n_5ee37e36a7e47b6bff000003",
            "weight": 0
          }
        ],
        "space": [
          "s_5efbf32bffaae218740000fe"
        ],
        "flags": [
          1
        ]
      }
    },
    {
      "type": "Feature",
      "geometry": {
        "type": "Point",
        "coordinates": [
          8.837622086246151,
          44.736524482021004
        ]
      },
      "properties": {
        "id": "n_5efc0264ffaae21874000504",
        "map": "f_5ad9fd551de18c4557000001",
        "externalId": "NODE-NI0KR5OX",
        "neighbors": [
          {
            "id": "n_5ada27a16b29165a5e000051",
            "weight": 0
          }
        ],
        "space": [
          "s_5ee37d10a7e47b6bff000000"
        ],
        "flags": [
          1
        ]
      }
    },
    {
      "type": "Feature",
      "geometry": {
        "type": "Point",
        "coordinates": [
          8.837958956724687,
          44.73525582619452
        ]
      },
      "properties": {
        "id": "n_5efc02a7ffaae21874000506",
        "map": "f_5ad9fd551de18c4557000001",
        "externalId": "NODE-94HYGUO0",
        "neighbors": [
          {
            "id": "n_5ada27b86b29165a5e000055",
            "weight": 0
          },
          {
            "id": "n_5ada2f296b29165a5e000165",
            "weight": 0
          },
          {
            "id": "n_5efc02a9ffaae21874000507",
            "weight": 0
          }
        ],
        "space": [],
        "flags": [
          1
        ]
      }
    },
    {
      "type": "Feature",
      "geometry": {
        "type": "Point",
        "coordinates": [
          8.837915312842915,
          44.7352777424907
        ]
      },
      "properties": {
        "id": "n_5efc02a9ffaae21874000507",
        "map": "f_5ad9fd551de18c4557000001",
        "externalId": "NODE-8UZ7M1B4",
        "neighbors": [
          {
            "id": "n_5efc02a7ffaae21874000506",
            "weight": 0
          }
        ],
        "space": [
          "s_5efbf32bffaae218740000ff"
        ],
        "flags": [
          1
        ]
      }
    },
    {
      "type": "Feature",
      "geometry": {
        "type": "Point",
        "coordinates": [
          8.838044308742896,
          44.73544635421194
        ]
      },
      "properties": {
        "id": "n_5efc02aaffaae21874000508",
        "map": "f_5ad9fd551de18c4557000001",
        "externalId": "NODE-LsJrlZ1Z",
        "neighbors": [
          {
            "id": "n_5ada27b86b29165a5e000055",
            "weight": 0
          },
          {
            "id": "n_5afb06904157f00649000019",
            "weight": 0
          },
          {
            "id": "n_5efc02abffaae21874000509",
            "weight": 0
          },
          {
            "id": "n_65285763f9a78c7767a88456",
            "weight": 0
          }
        ],
        "space": [],
        "flags": [
          1
        ]
      }
    },
    {
      "type": "Feature",
      "geometry": {
        "type": "Point",
        "coordinates": [
          8.837995747102706,
          44.73539371295053
        ]
      },
      "properties": {
        "id": "n_5efc02abffaae21874000509",
        "map": "f_5ad9fd551de18c4557000001",
        "externalId": "NODE-CKT7GNH7",
        "neighbors": [
          {
            "id": "n_5efc02aaffaae21874000508",
            "weight": 0
          }
        ],
        "space": [
          "s_5efbf32bffaae218740000ff"
        ],
        "flags": [
          1
        ]
      }
    },
    {
      "type": "Feature",
      "geometry": {
        "type": "Point",
        "coordinates": [
          8.836524022955727,
          44.735545293265446
        ]
      },
      "properties": {
        "id": "n_5f03e4aeffaae24181000e0e",
        "map": "f_5ad9fd551de18c4557000001",
        "externalId": "NODE-OU1R1FM7",
        "neighbors": [
          {
            "id": "n_5ada2e566b29165a5e00013c",
            "weight": 0
          },
          {
            "id": "n_5ada2e586b29165a5e00013d",
            "weight": 0
          },
          {
            "id": "n_5f03e4b4ffaae24181000e0f",
            "weight": 0
          }
        ],
        "space": [],
        "flags": [
          1
        ]
      }
    },
    {
      "type": "Feature",
      "geometry": {
        "type": "Point",
        "coordinates": [
          8.83643008476725,
          44.735574927774884
        ]
      },
      "properties": {
        "id": "n_5f03e4b4ffaae24181000e0f",
        "map": "f_5ad9fd551de18c4557000001",
        "externalId": "NODE-4B3MQR6R",
        "neighbors": [
          {
            "id": "n_5f03e4aeffaae24181000e0e",
            "weight": 0
          },
          {
            "id": "n_5ada2e486b29165a5e000139",
            "weight": 0
          },
          {
            "id": "n_5f03e4feffaae24181000e12",
            "weight": 0
          }
        ],
        "space": [],
        "flags": [
          1
        ]
      }
    },
    {
      "type": "Feature",
      "geometry": {
        "type": "Point",
        "coordinates": [
          8.836322973323155,
          44.73561044629971
        ]
      },
      "properties": {
        "id": "n_5f03e4c2ffaae24181000e10",
        "map": "f_5ad9fd551de18c4557000001",
        "externalId": "NODE-J7COFZV3",
        "neighbors": [
          {
            "id": "n_5f03e4c5ffaae24181000e11",
            "weight": 0
          },
          {
            "id": "n_5f03e4feffaae24181000e12",
            "weight": 0
          }
        ],
        "space": [],
        "flags": [
          1
        ]
      }
    },
    {
      "type": "Feature",
      "geometry": {
        "type": "Point",
        "coordinates": [
          8.836307368055941,
          44.7356356654306
        ]
      },
      "properties": {
        "id": "n_5f03e4c5ffaae24181000e11",
        "map": "f_5ad9fd551de18c4557000001",
        "externalId": "NODE-IPZGBSUG",
        "neighbors": [
          {
            "id": "n_5f03e4c2ffaae24181000e10",
            "weight": 0
          },
          {
            "id": "n_5ada2e3d6b29165a5e000136",
            "weight": 0
          },
          {
            "id": "n_5ee24b69a7e47b77450002b2",
            "weight": 0
          }
        ],
        "space": [],
        "flags": [
          1
        ]
      }
    },
    {
      "type": "Feature",
      "geometry": {
        "type": "Point",
        "coordinates": [
          8.836368306033632,
          44.73559541388441
        ]
      },
      "properties": {
        "id": "n_5f03e4feffaae24181000e12",
        "map": "f_5ad9fd551de18c4557000001",
        "externalId": "NODE-JC63EZEG",
        "neighbors": [
          {
            "id": "n_5f03e4b4ffaae24181000e0f",
            "weight": 0
          },
          {
            "id": "n_5f03e4c2ffaae24181000e10",
            "weight": 0
          },
          {
            "id": "n_5f03e503ffaae24181000e13",
            "weight": 0
          }
        ],
        "space": [],
        "flags": [
          1
        ]
      }
    },
    {
      "type": "Feature",
      "geometry": {
        "type": "Point",
        "coordinates": [
          8.836354363441261,
          44.73557532187803
        ]
      },
      "properties": {
        "id": "n_5f03e503ffaae24181000e13",
        "map": "f_5ad9fd551de18c4557000001",
        "externalId": "NODE-7ULE86H4",
        "neighbors": [
          {
            "id": "n_5f03e4feffaae24181000e12",
            "weight": 0
          }
        ],
        "space": [
          "s_5ad9fd751de18c4557000173"
        ],
        "flags": [
          1
        ]
      }
    },
    {
      "type": "Feature",
      "geometry": {
        "type": "Point",
        "coordinates": [
          8.836905232712564,
          44.73575989783951
        ]
      },
      "properties": {
        "id": "n_5f03e512ffaae24181000e14",
        "map": "f_5ad9fd551de18c4557000001",
        "externalId": "NODE-MAP8TFHF",
        "neighbors": [
          {
            "id": "n_5f03e51bffaae24181000e16",
            "weight": 0
          },
          {
            "id": "n_5f03e520ffaae24181000e17",
            "weight": 0
          }
        ],
        "space": [],
        "flags": [
          1
        ]
      }
    },
    {
      "type": "Feature",
      "geometry": {
        "type": "Point",
        "coordinates": [
          8.836788736652872,
          44.73557822741427
        ]
      },
      "properties": {
        "id": "n_5f03e514ffaae24181000e15",
        "map": "f_5ad9fd551de18c4557000001",
        "externalId": "NODE-UXZ6VM91",
        "neighbors": [
          {
            "id": "n_5ada2e516b29165a5e00013b",
            "weight": 0
          },
          {
            "id": "n_5f03e525ffaae24181000e18",
            "weight": 0
          },
          {
            "id": "n_5f03e52fffaae24181000e19",
            "weight": 0
          }
        ],
        "space": [],
        "flags": [
          1
        ]
      }
    },
    {
      "type": "Feature",
      "geometry": {
        "type": "Point",
        "coordinates": [
          8.836892946482443,
          44.735783457653646
        ]
      },
      "properties": {
        "id": "n_5f03e51bffaae24181000e16",
        "map": "f_5ad9fd551de18c4557000001",
        "externalId": "NODE-4VEHZWKP",
        "neighbors": [
          {
            "id": "n_5f03e512ffaae24181000e14",
            "weight": 0
          },
          {
            "id": "n_5ada27406b29165a5e000036",
            "weight": 0
          },
          {
            "id": "n_5ada27736b29165a5e000045",
            "weight": 0
          }
        ],
        "space": [],
        "flags": [
          1
        ]
      }
    },
    {
      "type": "Feature",
      "geometry": {
        "type": "Point",
        "coordinates": [
          8.836883791011992,
          44.735726460573886
        ]
      },
      "properties": {
        "id": "n_5f03e520ffaae24181000e17",
        "map": "f_5ad9fd551de18c4557000001",
        "externalId": "NODE-622EEY2V",
        "neighbors": [
          {
            "id": "n_5ada2e8d6b29165a5e000145",
            "weight": 0
          },
          {
            "id": "n_5f03e512ffaae24181000e14",
            "weight": 0
          },
          {
            "id": "n_5f03e525ffaae24181000e18",
            "weight": 0
          }
        ],
        "space": [],
        "flags": [
          1
        ]
      }
    },
    {
      "type": "Feature",
      "geometry": {
        "type": "Point",
        "coordinates": [
          8.836828790449568,
          44.735640689609944
        ]
      },
      "properties": {
        "id": "n_5f03e525ffaae24181000e18",
        "map": "f_5ad9fd551de18c4557000001",
        "externalId": "NODE-VSPH8HOB",
        "neighbors": [
          {
            "id": "n_5ada2e796b29165a5e000143",
            "weight": 0
          },
          {
            "id": "n_5f03e514ffaae24181000e15",
            "weight": 0
          },
          {
            "id": "n_5f03e520ffaae24181000e17",
            "weight": 0
          }
        ],
        "space": [],
        "flags": [
          1
        ]
      }
    },
    {
      "type": "Feature",
      "geometry": {
        "type": "Point",
        "coordinates": [
          8.836696990308157,
          44.735553699783424
        ]
      },
      "properties": {
        "id": "n_5f03e52fffaae24181000e19",
        "map": "f_5ad9fd551de18c4557000001",
        "externalId": "NODE-RW7CCPI9",
        "neighbors": [
          {
            "id": "n_5ada2e586b29165a5e00013d",
            "weight": 0
          },
          {
            "id": "n_5ada275f6b29165a5e000042",
            "weight": 0
          },
          {
            "id": "n_5ada2e516b29165a5e00013b",
            "weight": 0
          },
          {
            "id": "n_5f03e514ffaae24181000e15",
            "weight": 0
          }
        ],
        "space": [],
        "flags": [
          1
        ]
      }
    },
    {
      "type": "Feature",
      "geometry": {
        "type": "Point",
        "coordinates": [
          8.83693281750005,
          44.73589849405143
        ]
      },
      "properties": {
        "id": "n_5f06dfa1a7e47b1e74000005",
        "map": "f_5ad9fd551de18c4557000001",
        "externalId": "NODE-HB7OA8J2",
        "neighbors": [
          {
            "id": "n_5ada27406b29165a5e000036",
            "weight": 0
          },
          {
            "id": "n_5dc07a142b36ed2369000001",
            "weight": 0
          }
        ],
        "space": [],
        "flags": [
          1
        ]
      }
    },
    {
      "type": "Feature",
      "geometry": {
        "type": "Point",
        "coordinates": [
          8.835970408946427,
          44.735567310018475
        ]
      },
      "properties": {
        "id": "n_609bcb80003ac91c41000001",
        "map": "f_5ad9fd551de18c4557000001",
        "externalId": "NODE-G727PF4S",
        "neighbors": [
          {
            "id": "n_5ada273b6b29165a5e000033",
            "weight": 0
          },
          {
            "id": "n_5ada27d86b29165a5e000058",
            "weight": 0
          }
        ],
        "space": [],
        "flags": [
          1
        ]
      }
    },
    {
      "type": "Feature",
      "geometry": {
        "type": "Point",
        "coordinates": [
          8.835770448238893,
          44.73385047783352
        ]
      },
      "properties": {
        "id": "n_609bccd0003ac91c41000002",
        "map": "f_5ad9fd551de18c4557000001",
        "externalId": "NODE-zOG2uOvx",
        "neighbors": [
          {
            "id": "n_5ada26b56b29165a5e000017",
            "weight": 0
          },
          {
            "id": "n_5ada2b626b29165a5e0000cf",
            "weight": 0
          }
        ],
        "space": [],
        "flags": [
          1
        ]
      }
    },
    {
      "type": "Feature",
      "geometry": {
        "type": "Point",
        "coordinates": [
          8.83892112921098,
          44.73503678751985
        ]
      },
      "properties": {
        "id": "n_60a3b672003ac904ba000000",
        "map": "f_5ad9fd551de18c4557000001",
        "externalId": "NODE-P9GW5TLS",
        "neighbors": [
          {
            "id": "n_5efbfe52ffaae218740004e9",
            "weight": 0
          }
        ],
        "space": [],
        "flags": [
          1
        ]
      }
    },
    {
      "type": "Feature",
      "geometry": {
        "type": "Point",
        "coordinates": [
          8.837882779783929,
          44.73649674658491
        ]
      },
      "properties": {
        "id": "n_63038a588d11c63292b57610",
        "map": "f_5ad9fd551de18c4557000001",
        "externalId": "NODE-FAJLANBT",
        "neighbors": [
          {
            "id": "n_5ada34816b29165a5e0001ad",
            "weight": 0
          }
        ],
        "space": [
          "s_63038a3e8d11c63292b5760e"
        ],
        "flags": [
          1
        ]
      }
    },
    {
      "type": "Feature",
      "geometry": {
        "type": "Point",
        "coordinates": [
          8.83597217561158,
          44.73674325640658
        ]
      },
      "properties": {
        "id": "n_64ee1a250a31adac2fd94125",
        "map": "f_5ad9fd551de18c4557000001",
        "externalId": "NODE-HZEE9NQM",
        "neighbors": [
          {
            "id": "n_64ee1b960a31adac2fd94126",
            "weight": 0
          }
        ],
        "space": [
          "s_64ee19640a31adac2fd94123"
        ],
        "flags": [
          1
        ]
      }
    },
    {
      "type": "Feature",
      "geometry": {
        "type": "Point",
        "coordinates": [
          8.836014716913692,
          44.736649762846284
        ]
      },
      "properties": {
        "id": "n_64ee1b960a31adac2fd94126",
        "map": "f_5ad9fd551de18c4557000001",
        "externalId": "NODE-V7LR17KU",
        "neighbors": [
          {
            "id": "n_5ada27816b29165a5e000049",
            "weight": 0
          },
          {
            "id": "n_5ada3a836b29165a5e000210",
            "weight": 0
          },
          {
            "id": "n_64ee1a250a31adac2fd94125",
            "weight": 0
          }
        ],
        "space": [],
        "flags": [
          1
        ]
      }
    },
    {
      "type": "Feature",
      "geometry": {
        "type": "Point",
        "coordinates": [
          8.83900166963571,
          44.73530066500199
        ]
      },
      "properties": {
        "id": "n_6528104d7c19ba69929784f9",
        "map": "f_5ad9fd551de18c4557000001",
        "externalId": "NODE-KJN8Mo7j",
        "neighbors": [
          {
            "id": "n_5efbfee8ffaae218740004f9",
            "weight": 0
          }
        ],
        "space": [
          "s_652810077c19ba69929784f6"
        ],
        "flags": [
          1
        ]
      }
    },
    {
      "type": "Feature",
      "geometry": {
        "type": "Point",
        "coordinates": [
          8.835335002767913,
          44.732791571532985
        ]
      },
      "properties": {
        "id": "n_65284c3ea7645701f08010b4",
        "map": "f_5ad9fd551de18c4557000001",
        "externalId": "NODE-SoxCi20F",
        "neighbors": [
          {
            "id": "n_5ada26576b29165a5e000003",
            "weight": 0
          },
          {
            "id": "n_5ada265d6b29165a5e000004",
            "weight": 0
          }
        ],
        "space": [],
        "flags": [
          1
        ]
      }
    },
    {
      "type": "Feature",
      "geometry": {
        "type": "Point",
        "coordinates": [
          8.837242472236047,
          44.735887417437624
        ]
      },
      "properties": {
        "id": "n_652854d5f9a78c7767a88443",
        "map": "f_5ad9fd551de18c4557000001",
        "externalId": "NODE-vqVtewp-",
        "neighbors": [
          {
            "id": "n_5ada27be6b29165a5e000056",
            "weight": 0
          },
          {
            "id": "n_5ada2ea06b29165a5e000148",
            "weight": 0
          }
        ],
        "space": [],
        "flags": [
          1
        ]
      }
    },
    {
      "type": "Feature",
      "geometry": {
        "type": "Point",
        "coordinates": [
          8.836361546309679,
          44.734989751648705
        ]
      },
      "properties": {
        "id": "n_6528561df9a78c7767a88448",
        "map": "f_5ad9fd551de18c4557000001",
        "externalId": "NODE-g2S8CXQr",
        "neighbors": [
          {
            "id": "n_5b05d1b3f3ea235770000001",
            "weight": 0
          },
          {
            "id": "n_65285620f9a78c7767a88449",
            "weight": 0
          },
          {
            "id": "n_65285629f9a78c7767a8844a",
            "weight": 0
          }
        ],
        "space": [],
        "flags": [
          1
        ]
      }
    },
    {
      "type": "Feature",
      "geometry": {
        "type": "Point",
        "coordinates": [
          8.83644524303479,
          44.73497256595083
        ]
      },
      "properties": {
        "id": "n_65285620f9a78c7767a88449",
        "map": "f_5ad9fd551de18c4557000001",
        "externalId": "NODE-_t_Rqog3",
        "neighbors": [
          {
            "id": "n_6528561df9a78c7767a88448",
            "weight": 0
          }
        ],
        "space": [],
        "flags": [
          1
        ]
      }
    },
    {
      "type": "Feature",
      "geometry": {
        "type": "Point",
        "coordinates": [
          8.83652621822094,
          44.735066344567414
        ]
      },
      "properties": {
        "id": "n_65285629f9a78c7767a8844a",
        "map": "f_5ad9fd551de18c4557000001",
        "externalId": "NODE--I9GYd9X",
        "neighbors": [
          {
            "id": "n_6528561df9a78c7767a88448",
            "weight": 0
          },
          {
            "id": "n_6528562cf9a78c7767a8844b",
            "weight": 0
          }
        ],
        "space": [],
        "flags": [
          1
        ]
      }
    },
    {
      "type": "Feature",
      "geometry": {
        "type": "Point",
        "coordinates": [
          8.836792585926178,
          44.73503634149525
        ]
      },
      "properties": {
        "id": "n_6528562cf9a78c7767a8844b",
        "map": "f_5ad9fd551de18c4557000001",
        "externalId": "NODE-9SxQtzBm",
        "neighbors": [
          {
            "id": "n_65285629f9a78c7767a8844a",
            "weight": 0
          },
          {
            "id": "n_65285630f9a78c7767a8844c",
            "weight": 0
          }
        ],
        "space": [],
        "flags": [
          1
        ]
      }
    },
    {
      "type": "Feature",
      "geometry": {
        "type": "Point",
        "coordinates": [
          8.836935335620614,
          44.735064028723166
        ]
      },
      "properties": {
        "id": "n_65285630f9a78c7767a8844c",
        "map": "f_5ad9fd551de18c4557000001",
        "externalId": "NODE-hj6vKc66",
        "neighbors": [
          {
            "id": "n_6528562cf9a78c7767a8844b",
            "weight": 0
          },
          {
            "id": "n_6528563ff9a78c7767a8844d",
            "weight": 0
          },
          {
            "id": "n_65285a49f9a78c7767a88475",
            "weight": 0
          }
        ],
        "space": [],
        "flags": [
          1
        ]
      }
    },
    {
      "type": "Feature",
      "geometry": {
        "type": "Point",
        "coordinates": [
          8.837089011466292,
          44.73512130071407
        ]
      },
      "properties": {
        "id": "n_6528563ff9a78c7767a8844d",
        "map": "f_5ad9fd551de18c4557000001",
        "externalId": "NODE-EYSLgzkU",
        "neighbors": [
          {
            "id": "n_65285630f9a78c7767a8844c",
            "weight": 0
          },
          {
            "id": "n_65285640f9a78c7767a8844e",
            "weight": 0
          }
        ],
        "space": [],
        "flags": [
          1
        ]
      }
    },
    {
      "type": "Feature",
      "geometry": {
        "type": "Point",
        "coordinates": [
          8.83726252959463,
          44.73524605837462
        ]
      },
      "properties": {
        "id": "n_65285640f9a78c7767a8844e",
        "map": "f_5ad9fd551de18c4557000001",
        "externalId": "NODE-yWOb1uIv",
        "neighbors": [
          {
            "id": "n_6528563ff9a78c7767a8844d",
            "weight": 0
          },
          {
            "id": "n_65285641f9a78c7767a8844f",
            "weight": 0
          }
        ],
        "space": [],
        "flags": [
          1
        ]
      }
    },
    {
      "type": "Feature",
      "geometry": {
        "type": "Point",
        "coordinates": [
          8.837427889291165,
          44.735279927445625
        ]
      },
      "properties": {
        "id": "n_65285641f9a78c7767a8844f",
        "map": "f_5ad9fd551de18c4557000001",
        "externalId": "NODE-azBQTaMp",
        "neighbors": [
          {
            "id": "n_65285640f9a78c7767a8844e",
            "weight": 0
          },
          {
            "id": "n_5b1550b6e640cd74a0000005",
            "weight": 0
          }
        ],
        "space": [],
        "flags": [
          1
        ]
      }
    },
    {
      "type": "Feature",
      "geometry": {
        "type": "Point",
        "coordinates": [
          8.838078983942328,
          44.73548562565233
        ]
      },
      "properties": {
        "id": "n_65285763f9a78c7767a88456",
        "map": "f_5ad9fd551de18c4557000001",
        "externalId": "NODE-UH2-QhPd",
        "neighbors": [
          {
            "id": "n_5ada2f6d6b29165a5e00016f",
            "weight": 0
          },
          {
            "id": "n_5afb06904157f00649000019",
            "weight": 0
          },
          {
            "id": "n_5efc02aaffaae21874000508",
            "weight": 0
          }
        ],
        "space": [],
        "flags": [
          1
        ]
      }
    },
    {
      "type": "Feature",
      "geometry": {
        "type": "Point",
        "coordinates": [
          8.83647767585444,
          44.734434594703146
        ]
      },
      "properties": {
        "id": "n_6528589df9a78c7767a8845b",
        "map": "f_5ad9fd551de18c4557000001",
        "externalId": "NODE-IWb7rnNl",
        "neighbors": [
          {
            "id": "n_5afc4b6346495d6f4900000c",
            "weight": 0
          },
          {
            "id": "n_652858a2f9a78c7767a8845c",
            "weight": 0
          },
          {
            "id": "n_652858a5f9a78c7767a8845d",
            "weight": 0
          }
        ],
        "space": [],
        "flags": [
          1
        ]
      }
    },
    {
      "type": "Feature",
      "geometry": {
        "type": "Point",
        "coordinates": [
          8.83649673857771,
          44.734360724998524
        ]
      },
      "properties": {
        "id": "n_652858a2f9a78c7767a8845c",
        "map": "f_5ad9fd551de18c4557000001",
        "externalId": "NODE-7dC6pSyi",
        "neighbors": [
          {
            "id": "n_6528589df9a78c7767a8845b",
            "weight": 0
          }
        ],
        "space": [],
        "flags": [
          1
        ]
      }
    },
    {
      "type": "Feature",
      "geometry": {
        "type": "Point",
        "coordinates": [
          8.83654538340884,
          44.73449850268598
        ]
      },
      "properties": {
        "id": "n_652858a5f9a78c7767a8845d",
        "map": "f_5ad9fd551de18c4557000001",
        "externalId": "NODE-JoLkaVci",
        "neighbors": [
          {
            "id": "n_6528589df9a78c7767a8845b",
            "weight": 0
          }
        ],
        "space": [],
        "flags": [
          1
        ]
      }
    },
    {
      "type": "Feature",
      "geometry": {
        "type": "Point",
        "coordinates": [
          8.83585862855128,
          44.73499496219136
        ]
      },
      "properties": {
        "id": "n_6528592bf9a78c7767a88460",
        "map": "f_5ad9fd551de18c4557000001",
        "externalId": "NODE-LcH54fy-",
        "neighbors": [
          {
            "id": "n_6528592df9a78c7767a88461",
            "weight": 0
          }
        ],
        "space": [],
        "flags": [
          1
        ]
      }
    },
    {
      "type": "Feature",
      "geometry": {
        "type": "Point",
        "coordinates": [
          8.835802659675702,
          44.735005213283195
        ]
      },
      "properties": {
        "id": "n_6528592df9a78c7767a88461",
        "map": "f_5ad9fd551de18c4557000001",
        "externalId": "NODE-wbhYKcJO",
        "neighbors": [
          {
            "id": "n_6528592bf9a78c7767a88460",
            "weight": 0
          },
          {
            "id": "n_5ada29a56b29165a5e000095",
            "weight": 0
          },
          {
            "id": "n_5ada29b06b29165a5e000098",
            "weight": 0
          }
        ],
        "space": [],
        "flags": [
          1
        ]
      }
    },
    {
      "type": "Feature",
      "geometry": {
        "type": "Point",
        "coordinates": [
          8.835014273449303,
          44.73485963127753
        ]
      },
      "properties": {
        "id": "n_65285958f9a78c7767a88462",
        "map": "f_5ad9fd551de18c4557000001",
        "externalId": "NODE-8jBRZPih",
        "neighbors": [
          {
            "id": "n_6528595af9a78c7767a88463",
            "weight": 0
          }
        ],
        "space": [],
        "flags": [
          1
        ]
      }
    },
    {
      "type": "Feature",
      "geometry": {
        "type": "Point",
        "coordinates": [
          8.835071833720026,
          44.73488154530855
        ]
      },
      "properties": {
        "id": "n_6528595af9a78c7767a88463",
        "map": "f_5ad9fd551de18c4557000001",
        "externalId": "NODE-_wJrESZE",
        "neighbors": [
          {
            "id": "n_65285958f9a78c7767a88462",
            "weight": 0
          },
          {
            "id": "n_5ada26d86b29165a5e00001d",
            "weight": 0
          },
          {
            "id": "n_5ada3ffb6b29165a5e000265",
            "weight": 0
          }
        ],
        "space": [],
        "flags": [
          1
        ]
      }
    },
    {
      "type": "Feature",
      "geometry": {
        "type": "Point",
        "coordinates": [
          8.834852001540334,
          44.73524542429713
        ]
      },
      "properties": {
        "id": "n_65285974f9a78c7767a88465",
        "map": "f_5ad9fd551de18c4557000001",
        "externalId": "NODE-8Qohha9l",
        "neighbors": [
          {
            "id": "n_65285976f9a78c7767a88466",
            "weight": 0
          }
        ],
        "space": [],
        "flags": [
          1
        ]
      }
    },
    {
      "type": "Feature",
      "geometry": {
        "type": "Point",
        "coordinates": [
          8.83489120740626,
          44.73523779375159
        ]
      },
      "properties": {
        "id": "n_65285976f9a78c7767a88466",
        "map": "f_5ad9fd551de18c4557000001",
        "externalId": "NODE-PyHrUf6F",
        "neighbors": [
          {
            "id": "n_65285974f9a78c7767a88465",
            "weight": 0
          },
          {
            "id": "n_5ada3fa56b29165a5e000259",
            "weight": 0
          },
          {
            "id": "n_5ada3fbb6b29165a5e00025b",
            "weight": 0
          }
        ],
        "space": [],
        "flags": [
          1
        ]
      }
    },
    {
      "type": "Feature",
      "geometry": {
        "type": "Point",
        "coordinates": [
          8.83522887836758,
          44.73573787558272
        ]
      },
      "properties": {
        "id": "n_652859a7f9a78c7767a88467",
        "map": "f_5ad9fd551de18c4557000001",
        "externalId": "NODE-Sz_hk8m9",
        "neighbors": [
          {
            "id": "n_652859a9f9a78c7767a88468",
            "weight": 0
          }
        ],
        "space": [],
        "flags": [
          1
        ]
      }
    },
    {
      "type": "Feature",
      "geometry": {
        "type": "Point",
        "coordinates": [
          8.835135197082927,
          44.73575857982384
        ]
      },
      "properties": {
        "id": "n_652859a9f9a78c7767a88468",
        "map": "f_5ad9fd551de18c4557000001",
        "externalId": "NODE-e_UrN7Nz",
        "neighbors": [
          {
            "id": "n_652859a7f9a78c7767a88467",
            "weight": 0
          },
          {
            "id": "n_5ada3f226b29165a5e00023f",
            "weight": 0
          },
          {
            "id": "n_5adf3a4191d0c55f86000027",
            "weight": 0
          }
        ],
        "space": [],
        "flags": [
          1
        ]
      }
    },
    {
      "type": "Feature",
      "geometry": {
        "type": "Point",
        "coordinates": [
          8.8363292904765,
          44.736086581067276
        ]
      },
      "properties": {
        "id": "n_652859b7f9a78c7767a88469",
        "map": "f_5ad9fd551de18c4557000001",
        "externalId": "NODE-IYqYrLv7",
        "neighbors": [
          {
            "id": "n_5ada27516b29165a5e00003a",
            "weight": 0
          }
        ],
        "space": [],
        "flags": [
          1
        ]
      }
    },
    {
      "type": "Feature",
      "geometry": {
        "type": "Point",
        "coordinates": [
          8.836470617475381,
          44.73612265629022
        ]
      },
      "properties": {
        "id": "n_652859baf9a78c7767a8846a",
        "map": "f_5ad9fd551de18c4557000001",
        "externalId": "NODE-Y1d5-5aX",
        "neighbors": [
          {
            "id": "n_5ada27516b29165a5e00003b",
            "weight": 0
          }
        ],
        "space": [],
        "flags": [
          1
        ]
      }
    },
    {
      "type": "Feature",
      "geometry": {
        "type": "Point",
        "coordinates": [
          8.836351964250118,
          44.736442713162354
        ]
      },
      "properties": {
        "id": "n_652859d5f9a78c7767a8846b",
        "map": "f_5ad9fd551de18c4557000001",
        "externalId": "NODE-qnNGW5UL",
        "neighbors": [
          {
            "id": "n_652859d7f9a78c7767a8846c",
            "weight": 0
          }
        ],
        "space": [],
        "flags": [
          1
        ]
      }
    },
    {
      "type": "Feature",
      "geometry": {
        "type": "Point",
        "coordinates": [
          8.836305272802175,
          44.736431452465546
        ]
      },
      "properties": {
        "id": "n_652859d7f9a78c7767a8846c",
        "map": "f_5ad9fd551de18c4557000001",
        "externalId": "NODE-8NsR1xdi",
        "neighbors": [
          {
            "id": "n_652859d5f9a78c7767a8846b",
            "weight": 0
          },
          {
            "id": "n_5d19b75ea7e47b1779000001",
            "weight": 0
          },
          {
            "id": "n_5d19ba56a7e47b1779000007",
            "weight": 0
          }
        ],
        "space": [],
        "flags": [
          1
        ]
      }
    },
    {
      "type": "Feature",
      "geometry": {
        "type": "Point",
        "coordinates": [
          8.836136469592088,
          44.7363868884969
        ]
      },
      "properties": {
        "id": "n_652859dff9a78c7767a8846d",
        "map": "f_5ad9fd551de18c4557000001",
        "externalId": "NODE-u0dsD8rT",
        "neighbors": [
          {
            "id": "n_652859e0f9a78c7767a8846e",
            "weight": 0
          }
        ],
        "space": [],
        "flags": [
          1
        ]
      }
    },
    {
      "type": "Feature",
      "geometry": {
        "type": "Point",
        "coordinates": [
          8.836166754748824,
          44.73639446573075
        ]
      },
      "properties": {
        "id": "n_652859e0f9a78c7767a8846e",
        "map": "f_5ad9fd551de18c4557000001",
        "externalId": "NODE-yN-hxeHP",
        "neighbors": [
          {
            "id": "n_652859dff9a78c7767a8846d",
            "weight": 0
          },
          {
            "id": "n_5ada3a8c6b29165a5e000212",
            "weight": 0
          },
          {
            "id": "n_5d19ba51a7e47b1779000006",
            "weight": 0
          }
        ],
        "space": [],
        "flags": [
          1
        ]
      }
    },
    {
      "type": "Feature",
      "geometry": {
        "type": "Point",
        "coordinates": [
          8.837463470847018,
          44.7366583471842
        ]
      },
      "properties": {
        "id": "n_652859f9f9a78c7767a88470",
        "map": "f_5ad9fd551de18c4557000001",
        "externalId": "NODE-ckHqj-HX",
        "neighbors": [
          {
            "id": "n_652859fbf9a78c7767a88471",
            "weight": 0
          }
        ],
        "space": [],
        "flags": [
          1
        ]
      }
    },
    {
      "type": "Feature",
      "geometry": {
        "type": "Point",
        "coordinates": [
          8.837427265137421,
          44.73662202043312
        ]
      },
      "properties": {
        "id": "n_652859fbf9a78c7767a88471",
        "map": "f_5ad9fd551de18c4557000001",
        "externalId": "NODE--ja_cdWX",
        "neighbors": [
          {
            "id": "n_652859f9f9a78c7767a88470",
            "weight": 0
          },
          {
            "id": "n_5ada27966b29165a5e00004e",
            "weight": 0
          },
          {
            "id": "n_5dc05c332b36ed38f7000000",
            "weight": 0
          }
        ],
        "space": [],
        "flags": [
          1
        ]
      }
    },
    {
      "type": "Feature",
      "geometry": {
        "type": "Point",
        "coordinates": [
          8.83768557675605,
          44.73638643796676
        ]
      },
      "properties": {
        "id": "n_65285a1bf9a78c7767a88472",
        "map": "f_5ad9fd551de18c4557000001",
        "externalId": "NODE-si0957bz",
        "neighbors": [
          {
            "id": "n_5ada34746b29165a5e0001a9",
            "weight": 0
          }
        ],
        "space": [],
        "flags": [
          1
        ]
      }
    },
    {
      "type": "Feature",
      "geometry": {
        "type": "Point",
        "coordinates": [
          8.838455253359907,
          44.735758821344334
        ]
      },
      "properties": {
        "id": "n_65285a34f9a78c7767a88473",
        "map": "f_5ad9fd551de18c4557000001",
        "externalId": "NODE-O1M3C0rD",
        "neighbors": [
          {
            "id": "n_5efbfe8effaae218740004ee",
            "weight": 0
          }
        ],
        "space": [],
        "flags": [
          1
        ]
      }
    },
    {
      "type": "Feature",
      "geometry": {
        "type": "Point",
        "coordinates": [
          8.837034356210278,
          44.73520281442135
        ]
      },
      "properties": {
        "id": "n_65285a47f9a78c7767a88474",
        "map": "f_5ad9fd551de18c4557000001",
        "externalId": "NODE-sjZdzX34",
        "neighbors": [
          {
            "id": "n_65285a49f9a78c7767a88475",
            "weight": 0
          }
        ],
        "space": [],
        "flags": [
          1
        ]
      }
    },
    {
      "type": "Feature",
      "geometry": {
        "type": "Point",
        "coordinates": [
          8.83690335826395,
          44.73513089820268
        ]
      },
      "properties": {
        "id": "n_65285a49f9a78c7767a88475",
        "map": "f_5ad9fd551de18c4557000001",
        "externalId": "NODE-RB0MosQK",
        "neighbors": [
          {
            "id": "n_65285a47f9a78c7767a88474",
            "weight": 0
          },
          {
            "id": "n_5ada2e6a6b29165a5e000141",
            "weight": 0
          },
          {
            "id": "n_65285630f9a78c7767a8844c",
            "weight": 0
          },
          {
            "id": "n_65285a4cf9a78c7767a88476",
            "weight": 0
          }
        ],
        "space": [],
        "flags": [
          1
        ]
      }
    },
    {
      "type": "Feature",
      "geometry": {
        "type": "Point",
        "coordinates": [
          8.836747307310423,
          44.73513141276751
        ]
      },
      "properties": {
        "id": "n_65285a4cf9a78c7767a88476",
        "map": "f_5ad9fd551de18c4557000001",
        "externalId": "NODE-C7t7UZTb",
        "neighbors": [
          {
            "id": "n_65285a49f9a78c7767a88475",
            "weight": 0
          }
        ],
        "space": [],
        "flags": [
          1
        ]
      }
    },
    {
      "type": "Feature",
      "geometry": {
        "type": "Point",
        "coordinates": [
          8.835671953083347,
          44.73462819924647
        ]
      },
      "properties": {
        "id": "n_6582d274a10a126e257ae69c",
        "map": "f_5ad9fd551de18c4557000001",
        "externalId": "NODE-2F9CPN2E",
        "neighbors": [
          {
            "id": "n_5ada28f66b29165a5e000076",
            "weight": 0
          },
          {
            "id": "n_5ada2a706b29165a5e0000a7",
            "weight": 0
          },
          {
            "id": "n_6582d275a10a126e257ae69d",
            "weight": 0
          }
        ],
        "space": [],
        "flags": [
          1
        ]
      }
    },
    {
      "type": "Feature",
      "geometry": {
        "type": "Point",
        "coordinates": [
          8.83576180529078,
          44.734631495704605
        ]
      },
      "properties": {
        "id": "n_6582d275a10a126e257ae69d",
        "map": "f_5ad9fd551de18c4557000001",
        "externalId": "NODE-4CWUH2Q5",
        "neighbors": [
          {
            "id": "n_6582d274a10a126e257ae69c",
            "weight": 0
          }
        ],
        "space": [
          "s_65966d246075fb39017e3d44"
        ],
        "flags": [
          1
        ]
      }
    },
    {
      "type": "Feature",
      "geometry": {
        "type": "Point",
        "coordinates": [
          8.835792747646703,
          44.734810919431254
        ]
      },
      "properties": {
        "id": "n_6728ae16eb7ad7053f051fb4",
        "map": "f_5ad9fd551de18c4557000001",
        "externalId": "NODE-GHJL8CJI",
        "neighbors": [
          {
            "id": "n_5adf361d91d0c55f86000002",
            "weight": 0
          }
        ],
        "space": [],
        "flags": [
          1
        ]
      }
    },
    {
      "type": "Feature",
      "geometry": {
        "type": "Point",
        "coordinates": [
          8.83739678517845,
          44.73594954925079
        ]
      },
      "properties": {
        "id": "n_6894820f9afa732db06f6d69",
        "map": "f_5ad9fd551de18c4557000001",
        "externalId": "NODE-WOUD5T4G",
        "neighbors": [
          {
            "id": "n_689482659afa732db06f6d6a",
            "weight": 0
          }
        ],
        "space": [
          "s_689481799afa732db06f6d67"
        ],
        "flags": [
          1
        ]
      }
    },
    {
      "type": "Feature",
      "geometry": {
        "type": "Point",
        "coordinates": [
          8.837315257173232,
          44.735867293496135
        ]
      },
      "properties": {
        "id": "n_689482659afa732db06f6d6a",
        "map": "f_5ad9fd551de18c4557000001",
        "externalId": "NODE-YSB9BBFA",
        "neighbors": [
          {
            "id": "n_6894820f9afa732db06f6d69",
            "weight": 0
          },
          {
            "id": "n_5ada2eaa6b29165a5e00014b",
            "weight": 0
          },
          {
            "id": "n_5ada2ea06b29165a5e000148",
            "weight": 0
          }
        ],
        "space": [],
        "flags": [
          1
        ]
      }
    },
    {
      "type": "Feature",
      "geometry": {
        "type": "Point",
        "coordinates": [
          8.835148869060689,
          44.73483624185264
        ]
      },
      "properties": {
        "id": "n_6a199262084d283cfce24271",
        "map": "f_5ad9fd551de18c4557000001",
        "externalId": "NODE-W12I07TC",
        "neighbors": [
          {
            "id": "n_5ada26ce6b29165a5e00001a",
            "weight": 0
          },
          {
            "id": "n_5ada26d86b29165a5e00001d",
            "weight": 0
          },
          {
            "id": "n_6a26e1768d640560093a71d8",
            "weight": 0
          }
        ],
        "space": [],
        "flags": [
          1
        ]
      }
    },
    {
      "type": "Feature",
      "geometry": {
        "type": "Point",
        "coordinates": [
          8.835132292347918,
          44.734796443447884
        ]
      },
      "properties": {
        "id": "n_6a26e1768d640560093a71d8",
        "map": "f_5ad9fd551de18c4557000001",
        "externalId": "NODE-DN9D36LI",
        "neighbors": [
          {
            "id": "n_6a199262084d283cfce24271",
            "weight": 0
          }
        ],
        "space": [
          "s_6a26e1528d640560093a71d7"
        ],
        "flags": [
          1
        ]
      }
    }
  ]
}
