{
  "type": "FeatureCollection",
  "features": [
    {
      "type": "Feature",
      "geometry": {
        "type": "Point",
        "coordinates": [
          -1.1600696777792325,
          51.89304541564128
        ]
      },
      "properties": {
        "id": "n_5cfa7d0c28e6b90a8f00019c",
        "map": "f_5cfa6515d7f2fb5b7d7eb168",
        "externalId": "NODE-YAF0JMDT",
        "neighbors": [
          {
            "id": "n_5cfa85bc28e6b90a8f000351",
            "weight": 0
          },
          {
            "id": "n_5d5d91a8243aaf11dc000021",
            "weight": 0
          },
          {
            "id": "n_5d5d91af243aaf11dc000023",
            "weight": 0
          }
        ],
        "space": [],
        "flags": [
          1
        ]
      }
    },
    {
      "type": "Feature",
      "geometry": {
        "type": "Point",
        "coordinates": [
          -1.159341106610558,
          51.89284501663969
        ]
      },
      "properties": {
        "id": "n_5cfa7d1028e6b90a8f00019d",
        "map": "f_5cfa6515d7f2fb5b7d7eb168",
        "externalId": "NODE-UR9N9Q10",
        "neighbors": [
          {
            "id": "n_5cfa862928e6b90a8f000369",
            "weight": 0
          },
          {
            "id": "n_5cfa863728e6b90a8f00036d",
            "weight": 0
          }
        ],
        "space": [],
        "flags": [
          1
        ]
      }
    },
    {
      "type": "Feature",
      "geometry": {
        "type": "Point",
        "coordinates": [
          -1.1587571743630154,
          51.89262545381106
        ]
      },
      "properties": {
        "id": "n_5cfa7d2128e6b90a8f00019e",
        "map": "f_5cfa6515d7f2fb5b7d7eb168",
        "externalId": "NODE-84D4T9T0",
        "neighbors": [
          {
            "id": "n_5cfa84f228e6b90a8f000349",
            "weight": 0
          },
          {
            "id": "n_5cfa84fb28e6b90a8f00034c",
            "weight": 0
          }
        ],
        "space": [],
        "flags": [
          1
        ]
      }
    },
    {
      "type": "Feature",
      "geometry": {
        "type": "Point",
        "coordinates": [
          -1.1582998612073347,
          51.89249833166477
        ]
      },
      "properties": {
        "id": "n_5cfa7d4128e6b90a8f0001a0",
        "map": "f_5cfa6515d7f2fb5b7d7eb168",
        "externalId": "NODE-A2INMTKQ",
        "neighbors": [
          {
            "id": "n_5cfa849028e6b90a8f000335",
            "weight": 0
          },
          {
            "id": "n_5cfa849d28e6b90a8f000339",
            "weight": 0
          }
        ],
        "space": [
          "s_5cfa66af28e6b90a8f0000bf"
        ],
        "flags": [
          1
        ]
      }
    },
    {
      "type": "Feature",
      "geometry": {
        "type": "Point",
        "coordinates": [
          -1.15811991719888,
          51.89242849715317
        ]
      },
      "properties": {
        "id": "n_5cfa7d4e28e6b90a8f0001a1",
        "map": "f_5cfa6515d7f2fb5b7d7eb168",
        "externalId": "NODE-EFXXXEDB",
        "neighbors": [
          {
            "id": "n_5cfa848328e6b90a8f000331",
            "weight": 0
          },
          {
            "id": "n_5cfa849528e6b90a8f000337",
            "weight": 0
          },
          {
            "id": "n_5cfa842e28e6b90a8f000319",
            "weight": 0
          },
          {
            "id": "n_5cfa7d6128e6b90a8f0001a4",
            "weight": 0
          }
        ],
        "space": [],
        "flags": [
          1
        ]
      }
    },
    {
      "type": "Feature",
      "geometry": {
        "type": "Point",
        "coordinates": [
          -1.1578306674718304,
          51.892798629986636
        ]
      },
      "properties": {
        "id": "n_5cfa7d5228e6b90a8f0001a2",
        "map": "f_5cfa6515d7f2fb5b7d7eb168",
        "externalId": "NODE-UQNOSF5F",
        "neighbors": [
          {
            "id": "n_5cfa844e28e6b90a8f000320",
            "weight": 0
          },
          {
            "id": "n_6177e5f1e39aa27e7b000476",
            "weight": 0
          },
          {
            "id": "n_654cb02e4de04132598e80d1",
            "weight": 0
          }
        ],
        "space": [],
        "flags": [
          1
        ]
      }
    },
    {
      "type": "Feature",
      "geometry": {
        "type": "Point",
        "coordinates": [
          -1.1581839690394906,
          51.89233169923019
        ]
      },
      "properties": {
        "id": "n_5cfa7d6128e6b90a8f0001a4",
        "map": "f_5cfa6515d7f2fb5b7d7eb168",
        "externalId": "NODE-S4WF5M6L",
        "neighbors": [
          {
            "id": "n_5cfa7d4e28e6b90a8f0001a1",
            "weight": 0
          }
        ],
        "space": [
          "s_5cfa66af28e6b90a8f00014b"
        ],
        "flags": [
          1
        ]
      }
    },
    {
      "type": "Feature",
      "geometry": {
        "type": "Point",
        "coordinates": [
          -1.156686465368524,
          51.89199796485356
        ]
      },
      "properties": {
        "id": "n_5cfa7d6928e6b90a8f0001a5",
        "map": "f_5cfa6515d7f2fb5b7d7eb168",
        "externalId": "NODE-SOKL3JUX",
        "neighbors": [
          {
            "id": "n_5cfa838028e6b90a8f0002ef",
            "weight": 0
          },
          {
            "id": "n_5cfa838528e6b90a8f0002f1",
            "weight": 0
          }
        ],
        "space": [],
        "flags": [
          1
        ]
      }
    },
    {
      "type": "Feature",
      "geometry": {
        "type": "Point",
        "coordinates": [
          -1.1565729756848535,
          51.89198004395191
        ]
      },
      "properties": {
        "id": "n_5cfa7d7d28e6b90a8f0001a6",
        "map": "f_5cfa6515d7f2fb5b7d7eb168",
        "externalId": "NODE-N6CF68GX",
        "neighbors": [
          {
            "id": "n_5cfa7d8328e6b90a8f0001a7",
            "weight": 0
          },
          {
            "id": "n_5cfa838028e6b90a8f0002ef",
            "weight": 0
          },
          {
            "id": "n_5cfa835f28e6b90a8f0002e7",
            "weight": 0
          },
          {
            "id": "n_5cfa834228e6b90a8f0002e4",
            "weight": 0
          }
        ],
        "space": [],
        "flags": [
          1
        ]
      }
    },
    {
      "type": "Feature",
      "geometry": {
        "type": "Point",
        "coordinates": [
          -1.15674395143536,
          51.89175283108046
        ]
      },
      "properties": {
        "id": "n_5cfa7d8328e6b90a8f0001a7",
        "map": "f_5cfa6515d7f2fb5b7d7eb168",
        "externalId": "NODE-IODB2HW6",
        "neighbors": [
          {
            "id": "n_5cfa7d7d28e6b90a8f0001a6",
            "weight": 0
          },
          {
            "id": "n_5cfa7d9028e6b90a8f0001a8",
            "weight": 0
          }
        ],
        "space": [],
        "flags": [
          1
        ]
      }
    },
    {
      "type": "Feature",
      "geometry": {
        "type": "Point",
        "coordinates": [
          -1.156792705992606,
          51.891766846012395
        ]
      },
      "properties": {
        "id": "n_5cfa7d9028e6b90a8f0001a8",
        "map": "f_5cfa6515d7f2fb5b7d7eb168",
        "externalId": "NODE-8AB4NVJT",
        "neighbors": [
          {
            "id": "n_5cfa7d8328e6b90a8f0001a7",
            "weight": 0
          }
        ],
        "space": [
          "s_5cfa66af28e6b90a8f0000ba"
        ],
        "flags": [
          1
        ]
      }
    },
    {
      "type": "Feature",
      "geometry": {
        "type": "Point",
        "coordinates": [
          -1.1560001116452836,
          51.891837298873554
        ]
      },
      "properties": {
        "id": "n_5cfa7d9b28e6b90a8f0001aa",
        "map": "f_5cfa6515d7f2fb5b7d7eb168",
        "externalId": "NODE-WR1T89W0",
        "neighbors": [
          {
            "id": "n_5cfa82b528e6b90a8f0002d2",
            "weight": 0
          },
          {
            "id": "n_5d72514d5d99b83c57000004",
            "weight": 0
          },
          {
            "id": "n_5d8e0b333e71034ee2000002",
            "weight": 0
          },
          {
            "id": "n_5d8e0b863e71034ee2000004",
            "weight": 0
          }
        ],
        "space": [],
        "flags": [
          1
        ]
      }
    },
    {
      "type": "Feature",
      "geometry": {
        "type": "Point",
        "coordinates": [
          -1.1556549580178468,
          51.891702471610124
        ]
      },
      "properties": {
        "id": "n_5cfa7deb28e6b90a8f0001c1",
        "map": "f_5cfa6515d7f2fb5b7d7eb168",
        "externalId": "NODE-O59LDE6E",
        "neighbors": [
          {
            "id": "n_5cfa811528e6b90a8f000288",
            "weight": 0
          },
          {
            "id": "n_5cfa814628e6b90a8f00028f",
            "weight": 0
          },
          {
            "id": "n_5cfa814b28e6b90a8f000291",
            "weight": 0
          }
        ],
        "space": [],
        "flags": [
          1
        ]
      }
    },
    {
      "type": "Feature",
      "geometry": {
        "type": "Point",
        "coordinates": [
          -1.1553414260807202,
          51.89159191626498
        ]
      },
      "properties": {
        "id": "n_5cfa7df128e6b90a8f0001c3",
        "map": "f_5cfa6515d7f2fb5b7d7eb168",
        "externalId": "NODE-2898QC5K",
        "neighbors": [
          {
            "id": "n_5cfa7dfd28e6b90a8f0001c4",
            "weight": 0
          },
          {
            "id": "n_5cfa810128e6b90a8f000282",
            "weight": 0
          }
        ],
        "space": [],
        "flags": [
          1
        ]
      }
    },
    {
      "type": "Feature",
      "geometry": {
        "type": "Point",
        "coordinates": [
          -1.1553171491117773,
          51.89157233512807
        ]
      },
      "properties": {
        "id": "n_5cfa7dfd28e6b90a8f0001c4",
        "map": "f_5cfa6515d7f2fb5b7d7eb168",
        "externalId": "NODE-XX88IJX8",
        "neighbors": [
          {
            "id": "n_5cfa7df128e6b90a8f0001c3",
            "weight": 0
          },
          {
            "id": "n_5cfa80fe28e6b90a8f000280",
            "weight": 0
          }
        ],
        "space": [],
        "flags": [
          1
        ]
      }
    },
    {
      "type": "Feature",
      "geometry": {
        "type": "Point",
        "coordinates": [
          -1.1548010261796842,
          51.891435288442025
        ]
      },
      "properties": {
        "id": "n_5cfa7e0328e6b90a8f0001c5",
        "map": "f_5cfa6515d7f2fb5b7d7eb168",
        "externalId": "NODE-G7CLFT7V",
        "neighbors": [
          {
            "id": "n_5cfa80d728e6b90a8f000272",
            "weight": 0
          },
          {
            "id": "n_5cfa80e028e6b90a8f000274",
            "weight": 0
          }
        ],
        "space": [],
        "flags": [
          1
        ]
      }
    },
    {
      "type": "Feature",
      "geometry": {
        "type": "Point",
        "coordinates": [
          -1.1544471157462717,
          51.89139943566274
        ]
      },
      "properties": {
        "id": "n_5cfa7e0728e6b90a8f0001c6",
        "map": "f_5cfa6515d7f2fb5b7d7eb168",
        "externalId": "NODE-8R4O2EH0",
        "neighbors": [
          {
            "id": "n_5cfa80c928e6b90a8f00026d",
            "weight": 0
          },
          {
            "id": "n_5cfa819328e6b90a8f00029f",
            "weight": 0
          },
          {
            "id": "n_63595ff642613a0c3ce5a4fc",
            "weight": 0
          },
          {
            "id": "n_5cfa7e0728e6b90a8f0001c6",
            "weight": 0
          }
        ],
        "space": [],
        "flags": [
          1
        ]
      }
    },
    {
      "type": "Feature",
      "geometry": {
        "type": "Point",
        "coordinates": [
          -1.153809923403538,
          51.89130335330664
        ]
      },
      "properties": {
        "id": "n_5cfa7e1028e6b90a8f0001c7",
        "map": "f_5cfa6515d7f2fb5b7d7eb168",
        "externalId": "NODE-RO1B7QL4",
        "neighbors": [
          {
            "id": "n_5cfa80a528e6b90a8f000261",
            "weight": 0
          },
          {
            "id": "n_5cfa80af28e6b90a8f000263",
            "weight": 0
          },
          {
            "id": "n_6411fd3b04e7bb2fde3e6e51",
            "weight": 0
          }
        ],
        "space": [],
        "flags": [
          1
        ]
      }
    },
    {
      "type": "Feature",
      "geometry": {
        "type": "Point",
        "coordinates": [
          -1.1528853132650134,
          51.891002802315924
        ]
      },
      "properties": {
        "id": "n_5cfa7e5f28e6b90a8f0001ee",
        "map": "f_5cfa6515d7f2fb5b7d7eb168",
        "externalId": "NODE-KQ2BA03P",
        "neighbors": [
          {
            "id": "n_5cfa800628e6b90a8f000240",
            "weight": 0
          },
          {
            "id": "n_5cfa801328e6b90a8f000244",
            "weight": 0
          }
        ],
        "space": [],
        "flags": [
          1
        ]
      }
    },
    {
      "type": "Feature",
      "geometry": {
        "type": "Point",
        "coordinates": [
          -1.152306744039968,
          51.890840064328856
        ]
      },
      "properties": {
        "id": "n_5cfa7e6728e6b90a8f0001ef",
        "map": "f_5cfa6515d7f2fb5b7d7eb168",
        "externalId": "NODE-8FMWXWLN",
        "neighbors": [
          {
            "id": "n_5cfa7f3a28e6b90a8f000213",
            "weight": 0
          },
          {
            "id": "n_5cfa7fbb28e6b90a8f000230",
            "weight": 0
          },
          {
            "id": "n_5cfa7fcd28e6b90a8f000232",
            "weight": 0
          }
        ],
        "space": [],
        "flags": [
          1
        ]
      }
    },
    {
      "type": "Feature",
      "geometry": {
        "type": "Point",
        "coordinates": [
          -1.1517445845124363,
          51.8915717594647
        ]
      },
      "properties": {
        "id": "n_5cfa7e8328e6b90a8f0001f0",
        "map": "f_5cfa6515d7f2fb5b7d7eb168",
        "externalId": "NODE-3FGG0QTM",
        "neighbors": [
          {
            "id": "n_5cfa7e9528e6b90a8f0001f2",
            "weight": 0
          },
          {
            "id": "n_5ebe643a80861e7692000003",
            "weight": 0
          }
        ],
        "space": [],
        "flags": [
          1
        ]
      }
    },
    {
      "type": "Feature",
      "geometry": {
        "type": "Point",
        "coordinates": [
          -1.1517357183808077,
          51.8915957102552
        ]
      },
      "properties": {
        "id": "n_5cfa7e9528e6b90a8f0001f2",
        "map": "f_5cfa6515d7f2fb5b7d7eb168",
        "externalId": "NODE-5W0LLQRE",
        "neighbors": [
          {
            "id": "n_5cfa7e8328e6b90a8f0001f0",
            "weight": 0
          },
          {
            "id": "n_5cfa7e9528e6b90a8f0001f3",
            "weight": 0
          }
        ],
        "space": [],
        "flags": [
          1
        ]
      }
    },
    {
      "type": "Feature",
      "geometry": {
        "type": "Point",
        "coordinates": [
          -1.1517356485602592,
          51.89161940961679
        ]
      },
      "properties": {
        "id": "n_5cfa7e9528e6b90a8f0001f3",
        "map": "f_5cfa6515d7f2fb5b7d7eb168",
        "externalId": "NODE-21Z1TJ2W",
        "neighbors": [
          {
            "id": "n_5cfa7e9528e6b90a8f0001f2",
            "weight": 0
          },
          {
            "id": "n_5cfa7e9528e6b90a8f0001f4",
            "weight": 0
          }
        ],
        "space": [],
        "flags": [
          1
        ]
      }
    },
    {
      "type": "Feature",
      "geometry": {
        "type": "Point",
        "coordinates": [
          -1.151743122932499,
          51.89164254312738
        ]
      },
      "properties": {
        "id": "n_5cfa7e9528e6b90a8f0001f4",
        "map": "f_5cfa6515d7f2fb5b7d7eb168",
        "externalId": "NODE-YQ7V4814",
        "neighbors": [
          {
            "id": "n_5cfa7e9528e6b90a8f0001f3",
            "weight": 0
          },
          {
            "id": "n_5cfa7ee728e6b90a8f000201",
            "weight": 0
          }
        ],
        "space": [],
        "flags": [
          1
        ]
      }
    },
    {
      "type": "Feature",
      "geometry": {
        "type": "Point",
        "coordinates": [
          -1.151649676771294,
          51.89167699152501
        ]
      },
      "properties": {
        "id": "n_5cfa7ee328e6b90a8f000200",
        "map": "f_5cfa6515d7f2fb5b7d7eb168",
        "externalId": "NODE-DKITS55I",
        "neighbors": [
          {
            "id": "n_5cfa7ef628e6b90a8f000202",
            "weight": 0
          },
          {
            "id": "n_5cfa7ef928e6b90a8f00020b",
            "weight": 0
          }
        ],
        "space": [],
        "flags": [
          1
        ]
      }
    },
    {
      "type": "Feature",
      "geometry": {
        "type": "Point",
        "coordinates": [
          -1.151748893419317,
          51.89165187057043
        ]
      },
      "properties": {
        "id": "n_5cfa7ee728e6b90a8f000201",
        "map": "f_5cfa6515d7f2fb5b7d7eb168",
        "externalId": "NODE-41TTNHTK",
        "neighbors": [
          {
            "id": "n_5cfa7e9528e6b90a8f0001f4",
            "weight": 0
          },
          {
            "id": "n_5cfa7ef628e6b90a8f00020a",
            "weight": 0
          },
          {
            "id": "n_5d8e62255d99b82315000010",
            "weight": 0
          }
        ],
        "space": [],
        "flags": [
          1
        ]
      }
    },
    {
      "type": "Feature",
      "geometry": {
        "type": "Point",
        "coordinates": [
          -1.151658219552161,
          51.89167733205168
        ]
      },
      "properties": {
        "id": "n_5cfa7ef628e6b90a8f000202",
        "map": "f_5cfa6515d7f2fb5b7d7eb168",
        "externalId": "NODE-9KE81TT8",
        "neighbors": [
          {
            "id": "n_5cfa7ee328e6b90a8f000200",
            "weight": 0
          },
          {
            "id": "n_5cfa7ef628e6b90a8f000203",
            "weight": 0
          }
        ],
        "space": [],
        "flags": [
          1
        ]
      }
    },
    {
      "type": "Feature",
      "geometry": {
        "type": "Point",
        "coordinates": [
          -1.151667176280924,
          51.89167709227861
        ]
      },
      "properties": {
        "id": "n_5cfa7ef628e6b90a8f000203",
        "map": "f_5cfa6515d7f2fb5b7d7eb168",
        "externalId": "NODE-2OLSRIUQ",
        "neighbors": [
          {
            "id": "n_5cfa7ef628e6b90a8f000202",
            "weight": 0
          },
          {
            "id": "n_5cfa7ef628e6b90a8f000204",
            "weight": 0
          }
        ],
        "space": [],
        "flags": [
          1
        ]
      }
    },
    {
      "type": "Feature",
      "geometry": {
        "type": "Point",
        "coordinates": [
          -1.1516765068870503,
          51.89167625218494
        ]
      },
      "properties": {
        "id": "n_5cfa7ef628e6b90a8f000204",
        "map": "f_5cfa6515d7f2fb5b7d7eb168",
        "externalId": "NODE-AP9KJ6PZ",
        "neighbors": [
          {
            "id": "n_5cfa7ef628e6b90a8f000203",
            "weight": 0
          },
          {
            "id": "n_5cfa7ef628e6b90a8f000205",
            "weight": 0
          }
        ],
        "space": [],
        "flags": [
          1
        ]
      }
    },
    {
      "type": "Feature",
      "geometry": {
        "type": "Point",
        "coordinates": [
          -1.1516861703543482,
          51.89167479142528
        ]
      },
      "properties": {
        "id": "n_5cfa7ef628e6b90a8f000205",
        "map": "f_5cfa6515d7f2fb5b7d7eb168",
        "externalId": "NODE-1AK183J6",
        "neighbors": [
          {
            "id": "n_5cfa7ef628e6b90a8f000204",
            "weight": 0
          },
          {
            "id": "n_5cfa7ef628e6b90a8f000206",
            "weight": 0
          }
        ],
        "space": [],
        "flags": [
          1
        ]
      }
    },
    {
      "type": "Feature",
      "geometry": {
        "type": "Point",
        "coordinates": [
          -1.1516961270114816,
          51.891672690069605
        ]
      },
      "properties": {
        "id": "n_5cfa7ef628e6b90a8f000206",
        "map": "f_5cfa6515d7f2fb5b7d7eb168",
        "externalId": "NODE-HSRHFHUQ",
        "neighbors": [
          {
            "id": "n_5cfa7ef628e6b90a8f000205",
            "weight": 0
          },
          {
            "id": "n_5cfa7ef628e6b90a8f000207",
            "weight": 0
          }
        ],
        "space": [],
        "flags": [
          1
        ]
      }
    },
    {
      "type": "Feature",
      "geometry": {
        "type": "Point",
        "coordinates": [
          -1.1517063361783584,
          51.8916699279802
        ]
      },
      "properties": {
        "id": "n_5cfa7ef628e6b90a8f000207",
        "map": "f_5cfa6515d7f2fb5b7d7eb168",
        "externalId": "NODE-2HLI780M",
        "neighbors": [
          {
            "id": "n_5cfa7ef628e6b90a8f000206",
            "weight": 0
          },
          {
            "id": "n_5cfa7ef628e6b90a8f000208",
            "weight": 0
          }
        ],
        "space": [],
        "flags": [
          1
        ]
      }
    },
    {
      "type": "Feature",
      "geometry": {
        "type": "Point",
        "coordinates": [
          -1.1517167578473984,
          51.891666485019485
        ]
      },
      "properties": {
        "id": "n_5cfa7ef628e6b90a8f000208",
        "map": "f_5cfa6515d7f2fb5b7d7eb168",
        "externalId": "NODE-ED2DLE29",
        "neighbors": [
          {
            "id": "n_5cfa7ef628e6b90a8f000207",
            "weight": 0
          },
          {
            "id": "n_5cfa7ef628e6b90a8f000209",
            "weight": 0
          }
        ],
        "space": [],
        "flags": [
          1
        ]
      }
    },
    {
      "type": "Feature",
      "geometry": {
        "type": "Point",
        "coordinates": [
          -1.1517273513383552,
          51.89166234125725
        ]
      },
      "properties": {
        "id": "n_5cfa7ef628e6b90a8f000209",
        "map": "f_5cfa6515d7f2fb5b7d7eb168",
        "externalId": "NODE-XAD6VT5D",
        "neighbors": [
          {
            "id": "n_5cfa7ef628e6b90a8f000208",
            "weight": 0
          },
          {
            "id": "n_5cfa7ef628e6b90a8f00020a",
            "weight": 0
          }
        ],
        "space": [],
        "flags": [
          1
        ]
      }
    },
    {
      "type": "Feature",
      "geometry": {
        "type": "Point",
        "coordinates": [
          -1.151738076643601,
          51.891657476555956
        ]
      },
      "properties": {
        "id": "n_5cfa7ef628e6b90a8f00020a",
        "map": "f_5cfa6515d7f2fb5b7d7eb168",
        "externalId": "NODE-7PIOBSBH",
        "neighbors": [
          {
            "id": "n_5cfa7ef628e6b90a8f000209",
            "weight": 0
          },
          {
            "id": "n_5cfa7ee728e6b90a8f000201",
            "weight": 0
          }
        ],
        "space": [],
        "flags": [
          1
        ]
      }
    },
    {
      "type": "Feature",
      "geometry": {
        "type": "Point",
        "coordinates": [
          -1.151455502986532,
          51.89162663071571
        ]
      },
      "properties": {
        "id": "n_5cfa7ef928e6b90a8f00020b",
        "map": "f_5cfa6515d7f2fb5b7d7eb168",
        "externalId": "NODE-QX827993",
        "neighbors": [
          {
            "id": "n_5cfa7ee328e6b90a8f000200",
            "weight": 0
          },
          {
            "id": "n_5cfeaa192fa45f2efb000004",
            "weight": 0
          }
        ],
        "space": [],
        "flags": [
          1
        ]
      }
    },
    {
      "type": "Feature",
      "geometry": {
        "type": "Point",
        "coordinates": [
          -1.1511128953458185,
          51.89160796428112
        ]
      },
      "properties": {
        "id": "n_5cfa7f0928e6b90a8f000210",
        "map": "f_5cfa6515d7f2fb5b7d7eb168",
        "externalId": "NODE-XSHH71QD",
        "neighbors": [
          {
            "id": "n_5cfa7f0e28e6b90a8f000211",
            "weight": 0
          },
          {
            "id": "n_5cfeaa192fa45f2efb000004",
            "weight": 0
          }
        ],
        "space": [],
        "flags": [
          1
        ]
      }
    },
    {
      "type": "Feature",
      "geometry": {
        "type": "Point",
        "coordinates": [
          -1.1506106619945002,
          51.89203729418512
        ]
      },
      "properties": {
        "id": "n_5cfa7f0e28e6b90a8f000211",
        "map": "f_5cfa6515d7f2fb5b7d7eb168",
        "externalId": "NODE-7SW6T48P",
        "neighbors": [
          {
            "id": "n_5cfa7f0928e6b90a8f000210",
            "weight": 0
          },
          {
            "id": "n_5d5d9a86243aaf11dc000033",
            "weight": 0
          }
        ],
        "space": [],
        "flags": [
          1
        ]
      }
    },
    {
      "type": "Feature",
      "geometry": {
        "type": "Point",
        "coordinates": [
          -1.1501695399722165,
          51.8918339975438
        ]
      },
      "properties": {
        "id": "n_5cfa7f1228e6b90a8f000212",
        "map": "f_5cfa6515d7f2fb5b7d7eb168",
        "externalId": "NODE-EYBK2AFX",
        "neighbors": [
          {
            "id": "n_5cfa7f1228e6b90a8f000212",
            "weight": 0
          },
          {
            "id": "n_5d5d9a86243aaf11dc000033",
            "weight": 0
          }
        ],
        "space": [
          "s_5cfa66af28e6b90a8f000072"
        ],
        "flags": [
          1
        ]
      }
    },
    {
      "type": "Feature",
      "geometry": {
        "type": "Point",
        "coordinates": [
          -1.1522010964654599,
          51.89080968286234
        ]
      },
      "properties": {
        "id": "n_5cfa7f3a28e6b90a8f000213",
        "map": "f_5cfa6515d7f2fb5b7d7eb168",
        "externalId": "NODE-IKMP1A5V",
        "neighbors": [
          {
            "id": "n_5cfa7e6728e6b90a8f0001ef",
            "weight": 0
          }
        ],
        "space": [
          "s_5cfa66af28e6b90a8f0000cb"
        ],
        "flags": [
          1
        ]
      }
    },
    {
      "type": "Feature",
      "geometry": {
        "type": "Point",
        "coordinates": [
          -1.1522222025913174,
          51.890950114581585
        ]
      },
      "properties": {
        "id": "n_5cfa7f3f28e6b90a8f000214",
        "map": "f_5cfa6515d7f2fb5b7d7eb168",
        "externalId": "NODE-UZW60VF4",
        "neighbors": [
          {
            "id": "n_5cfa7f4228e6b90a8f000215",
            "weight": 0
          },
          {
            "id": "n_5cfa7f5028e6b90a8f000216",
            "weight": 0
          },
          {
            "id": "n_5cfa7fcd28e6b90a8f000232",
            "weight": 0
          },
          {
            "id": "n_5dcd8b7a2b36ed1cb200016f",
            "weight": 0
          }
        ],
        "space": [],
        "flags": [
          1
        ]
      }
    },
    {
      "type": "Feature",
      "geometry": {
        "type": "Point",
        "coordinates": [
          -1.1521068929245684,
          51.89091758250414
        ]
      },
      "properties": {
        "id": "n_5cfa7f4228e6b90a8f000215",
        "map": "f_5cfa6515d7f2fb5b7d7eb168",
        "externalId": "NODE-GPDC8G3F",
        "neighbors": [
          {
            "id": "n_5cfa7f3f28e6b90a8f000214",
            "weight": 0
          }
        ],
        "space": [],
        "flags": [
          1
        ]
      }
    },
    {
      "type": "Feature",
      "geometry": {
        "type": "Point",
        "coordinates": [
          -1.1523203950039707,
          51.890978321996194
        ]
      },
      "properties": {
        "id": "n_5cfa7f5028e6b90a8f000216",
        "map": "f_5cfa6515d7f2fb5b7d7eb168",
        "externalId": "NODE-LDS6JEVW",
        "neighbors": [
          {
            "id": "n_5cfa7f3f28e6b90a8f000214",
            "weight": 0
          }
        ],
        "space": [
          "s_5cfa66af28e6b90a8f0000f0"
        ],
        "flags": [
          1
        ]
      }
    },
    {
      "type": "Feature",
      "geometry": {
        "type": "Point",
        "coordinates": [
          -1.1522833826885228,
          51.89102916064774
        ]
      },
      "properties": {
        "id": "n_5cfa7f5828e6b90a8f000219",
        "map": "f_5cfa6515d7f2fb5b7d7eb168",
        "externalId": "NODE-ZHWGOMAE",
        "neighbors": [
          {
            "id": "n_5dcd8b7a2b36ed1cb200016f",
            "weight": 0
          }
        ],
        "space": [
          "s_5cfa66af28e6b90a8f0000ef"
        ],
        "flags": [
          1
        ]
      }
    },
    {
      "type": "Feature",
      "geometry": {
        "type": "Point",
        "coordinates": [
          -1.1520698813630537,
          51.890966345782694
        ]
      },
      "properties": {
        "id": "n_5cfa7f5e28e6b90a8f00021a",
        "map": "f_5cfa6515d7f2fb5b7d7eb168",
        "externalId": "NODE-2H0AY9YU",
        "neighbors": [
          {
            "id": "n_5dcd8b7a2b36ed1cb200016f",
            "weight": 0
          }
        ],
        "space": [
          "s_5cfa66af28e6b90a8f00015d"
        ],
        "flags": [
          1
        ]
      }
    },
    {
      "type": "Feature",
      "geometry": {
        "type": "Point",
        "coordinates": [
          -1.1521490916081891,
          51.891045274055365
        ]
      },
      "properties": {
        "id": "n_5cfa7f6528e6b90a8f00021c",
        "map": "f_5cfa6515d7f2fb5b7d7eb168",
        "externalId": "NODE-MY00QIJL",
        "neighbors": [
          {
            "id": "n_5cfa7f6728e6b90a8f00021d",
            "weight": 0
          },
          {
            "id": "n_5cfa7f6f28e6b90a8f00021e",
            "weight": 0
          },
          {
            "id": "n_5dcd8b7a2b36ed1cb200016f",
            "weight": 0
          }
        ],
        "space": [],
        "flags": [
          1
        ]
      }
    },
    {
      "type": "Feature",
      "geometry": {
        "type": "Point",
        "coordinates": [
          -1.1522494436838497,
          51.89107340301791
        ]
      },
      "properties": {
        "id": "n_5cfa7f6728e6b90a8f00021d",
        "map": "f_5cfa6515d7f2fb5b7d7eb168",
        "externalId": "NODE-3KO9MYOR",
        "neighbors": [
          {
            "id": "n_5cfa7f6528e6b90a8f00021c",
            "weight": 0
          }
        ],
        "space": [
          "s_5cfa66af28e6b90a8f0000ee"
        ],
        "flags": [
          1
        ]
      }
    },
    {
      "type": "Feature",
      "geometry": {
        "type": "Point",
        "coordinates": [
          -1.1521292700200645,
          51.89107107311672
        ]
      },
      "properties": {
        "id": "n_5cfa7f6f28e6b90a8f00021e",
        "map": "f_5cfa6515d7f2fb5b7d7eb168",
        "externalId": "NODE-5H8IX92A",
        "neighbors": [
          {
            "id": "n_5cfa7f6528e6b90a8f00021c",
            "weight": 0
          },
          {
            "id": "n_5cfa7f7028e6b90a8f00021f",
            "weight": 0
          },
          {
            "id": "n_5cfa7f7328e6b90a8f000220",
            "weight": 0
          }
        ],
        "space": [],
        "flags": [
          1
        ]
      }
    },
    {
      "type": "Feature",
      "geometry": {
        "type": "Point",
        "coordinates": [
          -1.1520174344524137,
          51.89103912033308
        ]
      },
      "properties": {
        "id": "n_5cfa7f7028e6b90a8f00021f",
        "map": "f_5cfa6515d7f2fb5b7d7eb168",
        "externalId": "NODE-RB94LA5I",
        "neighbors": [
          {
            "id": "n_5cfa7f6f28e6b90a8f00021e",
            "weight": 0
          }
        ],
        "space": [
          "s_5cfa66af28e6b90a8f0000c9"
        ],
        "flags": [
          1
        ]
      }
    },
    {
      "type": "Feature",
      "geometry": {
        "type": "Point",
        "coordinates": [
          -1.1521128574949924,
          51.89109243513791
        ]
      },
      "properties": {
        "id": "n_5cfa7f7328e6b90a8f000220",
        "map": "f_5cfa6515d7f2fb5b7d7eb168",
        "externalId": "NODE-AJK37H98",
        "neighbors": [
          {
            "id": "n_5cfa7f6f28e6b90a8f00021e",
            "weight": 0
          },
          {
            "id": "n_5cfa7f7e28e6b90a8f000221",
            "weight": 0
          },
          {
            "id": "n_5cfa7f8528e6b90a8f000222",
            "weight": 0
          }
        ],
        "space": [],
        "flags": [
          1
        ]
      }
    },
    {
      "type": "Feature",
      "geometry": {
        "type": "Point",
        "coordinates": [
          -1.1522107517461226,
          51.89112009074548
        ]
      },
      "properties": {
        "id": "n_5cfa7f7e28e6b90a8f000221",
        "map": "f_5cfa6515d7f2fb5b7d7eb168",
        "externalId": "NODE-Y9JP3AIB",
        "neighbors": [
          {
            "id": "n_5cfa7f7328e6b90a8f000220",
            "weight": 0
          }
        ],
        "space": [
          "s_5cfa66af28e6b90a8f0000ed"
        ],
        "flags": [
          1
        ]
      }
    },
    {
      "type": "Feature",
      "geometry": {
        "type": "Point",
        "coordinates": [
          -1.1520902778402315,
          51.89112182420232
        ]
      },
      "properties": {
        "id": "n_5cfa7f8528e6b90a8f000222",
        "map": "f_5cfa6515d7f2fb5b7d7eb168",
        "externalId": "NODE-WRJSG6CP",
        "neighbors": [
          {
            "id": "n_5cfa7f7328e6b90a8f000220",
            "weight": 0
          },
          {
            "id": "n_5cfa7f8728e6b90a8f000223",
            "weight": 0
          },
          {
            "id": "n_5cfa7f8a28e6b90a8f000224",
            "weight": 0
          }
        ],
        "space": [],
        "flags": [
          1
        ]
      }
    },
    {
      "type": "Feature",
      "geometry": {
        "type": "Point",
        "coordinates": [
          -1.1521888804439235,
          51.89115069774047
        ]
      },
      "properties": {
        "id": "n_5cfa7f8728e6b90a8f000223",
        "map": "f_5cfa6515d7f2fb5b7d7eb168",
        "externalId": "NODE-STSYOX9J",
        "neighbors": [
          {
            "id": "n_5cfa7f8528e6b90a8f000222",
            "weight": 0
          }
        ],
        "space": [
          "s_5cfa66af28e6b90a8f0000ec"
        ],
        "flags": [
          1
        ]
      }
    },
    {
      "type": "Feature",
      "geometry": {
        "type": "Point",
        "coordinates": [
          -1.1520703189056312,
          51.89114780191383
        ]
      },
      "properties": {
        "id": "n_5cfa7f8a28e6b90a8f000224",
        "map": "f_5cfa6515d7f2fb5b7d7eb168",
        "externalId": "NODE-UVB3SP32",
        "neighbors": [
          {
            "id": "n_5cfa7f8528e6b90a8f000222",
            "weight": 0
          },
          {
            "id": "n_5cfa7f8b28e6b90a8f000225",
            "weight": 0
          },
          {
            "id": "n_5cfa7f8e28e6b90a8f000226",
            "weight": 0
          }
        ],
        "space": [],
        "flags": [
          1
        ]
      }
    },
    {
      "type": "Feature",
      "geometry": {
        "type": "Point",
        "coordinates": [
          -1.1519778857732328,
          51.891120569236314
        ]
      },
      "properties": {
        "id": "n_5cfa7f8b28e6b90a8f000225",
        "map": "f_5cfa6515d7f2fb5b7d7eb168",
        "externalId": "NODE-W5TQB2HR",
        "neighbors": [
          {
            "id": "n_5cfa7f8a28e6b90a8f000224",
            "weight": 0
          }
        ],
        "space": [
          "s_5cfa66af28e6b90a8f0000c8"
        ],
        "flags": [
          1
        ]
      }
    },
    {
      "type": "Feature",
      "geometry": {
        "type": "Point",
        "coordinates": [
          -1.1520405784723227,
          51.891186510548614
        ]
      },
      "properties": {
        "id": "n_5cfa7f8e28e6b90a8f000226",
        "map": "f_5cfa6515d7f2fb5b7d7eb168",
        "externalId": "NODE-LJP2WNDR",
        "neighbors": [
          {
            "id": "n_5cfa7f8a28e6b90a8f000224",
            "weight": 0
          },
          {
            "id": "n_5cfa7f9028e6b90a8f000227",
            "weight": 0
          },
          {
            "id": "n_5cfa7f9328e6b90a8f000228",
            "weight": 0
          }
        ],
        "space": [],
        "flags": [
          1
        ]
      }
    },
    {
      "type": "Feature",
      "geometry": {
        "type": "Point",
        "coordinates": [
          -1.1521404862415352,
          51.89121530152658
        ]
      },
      "properties": {
        "id": "n_5cfa7f9028e6b90a8f000227",
        "map": "f_5cfa6515d7f2fb5b7d7eb168",
        "externalId": "NODE-TZGWDRTK",
        "neighbors": [
          {
            "id": "n_5cfa7f8e28e6b90a8f000226",
            "weight": 0
          }
        ],
        "space": [
          "s_5cfa66af28e6b90a8f0000eb"
        ],
        "flags": [
          1
        ]
      }
    },
    {
      "type": "Feature",
      "geometry": {
        "type": "Point",
        "coordinates": [
          -1.1520241318794846,
          51.89120791696312
        ]
      },
      "properties": {
        "id": "n_5cfa7f9328e6b90a8f000228",
        "map": "f_5cfa6515d7f2fb5b7d7eb168",
        "externalId": "NODE-PSUFHJBI",
        "neighbors": [
          {
            "id": "n_5cfa7f8e28e6b90a8f000226",
            "weight": 0
          },
          {
            "id": "n_5cfa7f9528e6b90a8f000229",
            "weight": 0
          },
          {
            "id": "n_5ea83e0805412d6b1f000001",
            "weight": 0
          }
        ],
        "space": [],
        "flags": [
          1
        ]
      }
    },
    {
      "type": "Feature",
      "geometry": {
        "type": "Point",
        "coordinates": [
          -1.151919406284985,
          51.891178426405745
        ]
      },
      "properties": {
        "id": "n_5cfa7f9528e6b90a8f000229",
        "map": "f_5cfa6515d7f2fb5b7d7eb168",
        "externalId": "NODE-HXY8GG6T",
        "neighbors": [
          {
            "id": "n_5cfa7f9328e6b90a8f000228",
            "weight": 0
          }
        ],
        "space": [
          "s_5cfa66af28e6b90a8f0000c7"
        ],
        "flags": [
          1
        ]
      }
    },
    {
      "type": "Feature",
      "geometry": {
        "type": "Point",
        "coordinates": [
          -1.1519874176983587,
          51.89125570238331
        ]
      },
      "properties": {
        "id": "n_5cfa7f9928e6b90a8f00022a",
        "map": "f_5cfa6515d7f2fb5b7d7eb168",
        "externalId": "NODE-COF7ZNPM",
        "neighbors": [
          {
            "id": "n_5cfa7f9b28e6b90a8f00022b",
            "weight": 0
          },
          {
            "id": "n_5ea83e0805412d6b1f000001",
            "weight": 0
          },
          {
            "id": "n_5cfa7fa928e6b90a8f00022c",
            "weight": 0
          }
        ],
        "space": [],
        "flags": [
          1
        ]
      }
    },
    {
      "type": "Feature",
      "geometry": {
        "type": "Point",
        "coordinates": [
          -1.1518865983840878,
          51.89122563388196
        ]
      },
      "properties": {
        "id": "n_5cfa7f9b28e6b90a8f00022b",
        "map": "f_5cfa6515d7f2fb5b7d7eb168",
        "externalId": "NODE-R66KQO9F",
        "neighbors": [
          {
            "id": "n_5cfa7f9928e6b90a8f00022a",
            "weight": 0
          }
        ],
        "space": [
          "s_5cfa66af28e6b90a8f0000c6"
        ],
        "flags": [
          1
        ]
      }
    },
    {
      "type": "Feature",
      "geometry": {
        "type": "Point",
        "coordinates": [
          -1.1519543699561172,
          51.89129871564281
        ]
      },
      "properties": {
        "id": "n_5cfa7fa928e6b90a8f00022c",
        "map": "f_5cfa6515d7f2fb5b7d7eb168",
        "externalId": "NODE-V9R6HT40",
        "neighbors": [
          {
            "id": "n_5cfa7fab28e6b90a8f00022d",
            "weight": 0
          },
          {
            "id": "n_5d5d9195243aaf11dc000020",
            "weight": 0
          },
          {
            "id": "n_5d8e0c673e71034ee2000013",
            "weight": 0
          },
          {
            "id": "n_5cfa7f9928e6b90a8f00022a",
            "weight": 0
          }
        ],
        "space": [],
        "flags": [
          1
        ]
      }
    },
    {
      "type": "Feature",
      "geometry": {
        "type": "Point",
        "coordinates": [
          -1.1520395558353431,
          51.89132423760445
        ]
      },
      "properties": {
        "id": "n_5cfa7fab28e6b90a8f00022d",
        "map": "f_5cfa6515d7f2fb5b7d7eb168",
        "externalId": "NODE-41O2TYYX",
        "neighbors": [
          {
            "id": "n_5cfa7fa928e6b90a8f00022c",
            "weight": 0
          }
        ],
        "space": [
          "s_5cfa66af28e6b90a8f000162"
        ],
        "flags": [
          1
        ]
      }
    },
    {
      "type": "Feature",
      "geometry": {
        "type": "Point",
        "coordinates": [
          -1.1524247575200517,
          51.89087400174447
        ]
      },
      "properties": {
        "id": "n_5cfa7fb328e6b90a8f00022e",
        "map": "f_5cfa6515d7f2fb5b7d7eb168",
        "externalId": "NODE-U7AZYKHS",
        "neighbors": [
          {
            "id": "n_5cfa7fb628e6b90a8f00022f",
            "weight": 0
          },
          {
            "id": "n_5cfa7fbb28e6b90a8f000230",
            "weight": 0
          },
          {
            "id": "n_5cfa7fdb28e6b90a8f000234",
            "weight": 0
          }
        ],
        "space": [],
        "flags": [
          1
        ]
      }
    },
    {
      "type": "Feature",
      "geometry": {
        "type": "Point",
        "coordinates": [
          -1.1523827274606275,
          51.89093102622129
        ]
      },
      "properties": {
        "id": "n_5cfa7fb628e6b90a8f00022f",
        "map": "f_5cfa6515d7f2fb5b7d7eb168",
        "externalId": "NODE-3IZQYC1A",
        "neighbors": [
          {
            "id": "n_5cfa7fb328e6b90a8f00022e",
            "weight": 0
          }
        ],
        "space": [
          "s_5cfa66af28e6b90a8f0000f2"
        ],
        "flags": [
          1
        ]
      }
    },
    {
      "type": "Feature",
      "geometry": {
        "type": "Point",
        "coordinates": [
          -1.1523554524999942,
          51.89085407155643
        ]
      },
      "properties": {
        "id": "n_5cfa7fbb28e6b90a8f000230",
        "map": "f_5cfa6515d7f2fb5b7d7eb168",
        "externalId": "NODE-U309H0WW",
        "neighbors": [
          {
            "id": "n_5cfa7e6728e6b90a8f0001ef",
            "weight": 0
          },
          {
            "id": "n_5cfa7fb328e6b90a8f00022e",
            "weight": 0
          },
          {
            "id": "n_5cfa7fbe28e6b90a8f000231",
            "weight": 0
          }
        ],
        "space": [],
        "flags": [
          1
        ]
      }
    },
    {
      "type": "Feature",
      "geometry": {
        "type": "Point",
        "coordinates": [
          -1.1524059968215767,
          51.890784552896875
        ]
      },
      "properties": {
        "id": "n_5cfa7fbe28e6b90a8f000231",
        "map": "f_5cfa6515d7f2fb5b7d7eb168",
        "externalId": "NODE-EHYXFVNQ",
        "neighbors": [
          {
            "id": "n_5cfa7fbb28e6b90a8f000230",
            "weight": 0
          }
        ],
        "space": [
          "s_5cfa66af28e6b90a8f0000cc"
        ],
        "flags": [
          1
        ]
      }
    },
    {
      "type": "Feature",
      "geometry": {
        "type": "Point",
        "coordinates": [
          -1.1522573365753668,
          51.89090437984183
        ]
      },
      "properties": {
        "id": "n_5cfa7fcd28e6b90a8f000232",
        "map": "f_5cfa6515d7f2fb5b7d7eb168",
        "externalId": "NODE-AU85XFSM",
        "neighbors": [
          {
            "id": "n_5cfa7e6728e6b90a8f0001ef",
            "weight": 0
          },
          {
            "id": "n_5cfa7f3f28e6b90a8f000214",
            "weight": 0
          },
          {
            "id": "n_5cfa7fcf28e6b90a8f000233",
            "weight": 0
          }
        ],
        "space": [],
        "flags": [
          1
        ]
      }
    },
    {
      "type": "Feature",
      "geometry": {
        "type": "Point",
        "coordinates": [
          -1.1523548833698543,
          51.89093163351353
        ]
      },
      "properties": {
        "id": "n_5cfa7fcf28e6b90a8f000233",
        "map": "f_5cfa6515d7f2fb5b7d7eb168",
        "externalId": "NODE-IRS7XQVO",
        "neighbors": [
          {
            "id": "n_5cfa7fcd28e6b90a8f000232",
            "weight": 0
          }
        ],
        "space": [
          "s_5cfa66af28e6b90a8f0000f2"
        ],
        "flags": [
          1
        ]
      }
    },
    {
      "type": "Feature",
      "geometry": {
        "type": "Point",
        "coordinates": [
          -1.1525435443303667,
          51.89090722725297
        ]
      },
      "properties": {
        "id": "n_5cfa7fdb28e6b90a8f000234",
        "map": "f_5cfa6515d7f2fb5b7d7eb168",
        "externalId": "NODE-QQLZF0KA",
        "neighbors": [
          {
            "id": "n_5cfa7fb328e6b90a8f00022e",
            "weight": 0
          },
          {
            "id": "n_5cfa7fdd28e6b90a8f000235",
            "weight": 0
          },
          {
            "id": "n_5cfa7fe428e6b90a8f000236",
            "weight": 0
          },
          {
            "id": "n_66463b37a7dd141a701d33c0",
            "weight": 0
          }
        ],
        "space": [],
        "flags": [
          1
        ]
      }
    },
    {
      "type": "Feature",
      "geometry": {
        "type": "Point",
        "coordinates": [
          -1.1525011448809679,
          51.89096434452092
        ]
      },
      "properties": {
        "id": "n_5cfa7fdd28e6b90a8f000235",
        "map": "f_5cfa6515d7f2fb5b7d7eb168",
        "externalId": "NODE-LJJK0JND",
        "neighbors": [
          {
            "id": "n_5cfa7fdb28e6b90a8f000234",
            "weight": 0
          }
        ],
        "space": [
          "s_5cfa66af28e6b90a8f0000f1"
        ],
        "flags": [
          1
        ]
      }
    },
    {
      "type": "Feature",
      "geometry": {
        "type": "Point",
        "coordinates": [
          -1.152600094620736,
          51.89083000142651
        ]
      },
      "properties": {
        "id": "n_5cfa7fe428e6b90a8f000236",
        "map": "f_5cfa6515d7f2fb5b7d7eb168",
        "externalId": "NODE-H97TG7AY",
        "neighbors": [
          {
            "id": "n_5cfa7fdb28e6b90a8f000234",
            "weight": 0
          }
        ],
        "space": [
          "s_5cfa66af28e6b90a8f0000cd"
        ],
        "flags": [
          1
        ]
      }
    },
    {
      "type": "Feature",
      "geometry": {
        "type": "Point",
        "coordinates": [
          -1.152633517480907,
          51.89093239310498
        ]
      },
      "properties": {
        "id": "n_5cfa7fe928e6b90a8f000238",
        "map": "f_5cfa6515d7f2fb5b7d7eb168",
        "externalId": "NODE-5H8U48FW",
        "neighbors": [
          {
            "id": "n_5cfa7fea28e6b90a8f000239",
            "weight": 0
          },
          {
            "id": "n_5cfa7ff928e6b90a8f00023c",
            "weight": 0
          },
          {
            "id": "n_66463b28a7dd141a701d33be",
            "weight": 0
          }
        ],
        "space": [],
        "flags": [
          1
        ]
      }
    },
    {
      "type": "Feature",
      "geometry": {
        "type": "Point",
        "coordinates": [
          -1.1526907867102107,
          51.89085513522155
        ]
      },
      "properties": {
        "id": "n_5cfa7fea28e6b90a8f000239",
        "map": "f_5cfa6515d7f2fb5b7d7eb168",
        "externalId": "NODE-E789VFWP",
        "neighbors": [
          {
            "id": "n_5cfa7fe928e6b90a8f000238",
            "weight": 0
          }
        ],
        "space": [
          "s_5cfa66af28e6b90a8f0000ce"
        ],
        "flags": [
          1
        ]
      }
    },
    {
      "type": "Feature",
      "geometry": {
        "type": "Point",
        "coordinates": [
          -1.1527467145110841,
          51.89096405475994
        ]
      },
      "properties": {
        "id": "n_5cfa7ff428e6b90a8f00023a",
        "map": "f_5cfa6515d7f2fb5b7d7eb168",
        "externalId": "NODE-1Q7766FE",
        "neighbors": [
          {
            "id": "n_5cfa7ff528e6b90a8f00023b",
            "weight": 0
          },
          {
            "id": "n_5cfa7ff928e6b90a8f00023c",
            "weight": 0
          },
          {
            "id": "n_5cfa7fff28e6b90a8f00023e",
            "weight": 0
          }
        ],
        "space": [],
        "flags": [
          1
        ]
      }
    },
    {
      "type": "Feature",
      "geometry": {
        "type": "Point",
        "coordinates": [
          -1.1528017402299906,
          51.89088783991021
        ]
      },
      "properties": {
        "id": "n_5cfa7ff528e6b90a8f00023b",
        "map": "f_5cfa6515d7f2fb5b7d7eb168",
        "externalId": "NODE-EV3LPMQY",
        "neighbors": [
          {
            "id": "n_5cfa7ff428e6b90a8f00023a",
            "weight": 0
          }
        ],
        "space": [
          "s_5cfa66af28e6b90a8f0000cf"
        ],
        "flags": [
          1
        ]
      }
    },
    {
      "type": "Feature",
      "geometry": {
        "type": "Point",
        "coordinates": [
          -1.152691666647929,
          51.890948657738406
        ]
      },
      "properties": {
        "id": "n_5cfa7ff928e6b90a8f00023c",
        "map": "f_5cfa6515d7f2fb5b7d7eb168",
        "externalId": "NODE-X4FXFS9Q",
        "neighbors": [
          {
            "id": "n_5cfa7fe928e6b90a8f000238",
            "weight": 0
          },
          {
            "id": "n_5cfa7ff428e6b90a8f00023a",
            "weight": 0
          },
          {
            "id": "n_5cfa7ffa28e6b90a8f00023d",
            "weight": 0
          }
        ],
        "space": [],
        "flags": [
          1
        ]
      }
    },
    {
      "type": "Feature",
      "geometry": {
        "type": "Point",
        "coordinates": [
          -1.1526475419539675,
          51.89101028544662
        ]
      },
      "properties": {
        "id": "n_5cfa7ffa28e6b90a8f00023d",
        "map": "f_5cfa6515d7f2fb5b7d7eb168",
        "externalId": "NODE-UM17NAM3",
        "neighbors": [
          {
            "id": "n_5cfa7ff928e6b90a8f00023c",
            "weight": 0
          }
        ],
        "space": [
          "s_5cfa66af28e6b90a8f0000e4"
        ],
        "flags": [
          1
        ]
      }
    },
    {
      "type": "Feature",
      "geometry": {
        "type": "Point",
        "coordinates": [
          -1.1527968353571247,
          51.89097807375816
        ]
      },
      "properties": {
        "id": "n_5cfa7fff28e6b90a8f00023e",
        "map": "f_5cfa6515d7f2fb5b7d7eb168",
        "externalId": "NODE-K531RYHU",
        "neighbors": [
          {
            "id": "n_5cfa7ff428e6b90a8f00023a",
            "weight": 0
          },
          {
            "id": "n_5cfa800228e6b90a8f00023f",
            "weight": 0
          },
          {
            "id": "n_5cfa800c28e6b90a8f000242",
            "weight": 0
          }
        ],
        "space": [],
        "flags": [
          1
        ]
      }
    },
    {
      "type": "Feature",
      "geometry": {
        "type": "Point",
        "coordinates": [
          -1.152751630293305,
          51.89104065430507
        ]
      },
      "properties": {
        "id": "n_5cfa800228e6b90a8f00023f",
        "map": "f_5cfa6515d7f2fb5b7d7eb168",
        "externalId": "NODE-FPUEB7B5",
        "neighbors": [
          {
            "id": "n_5cfa7fff28e6b90a8f00023e",
            "weight": 0
          }
        ],
        "space": [
          "s_5cfa66af28e6b90a8f0000e5"
        ],
        "flags": [
          1
        ]
      }
    },
    {
      "type": "Feature",
      "geometry": {
        "type": "Point",
        "coordinates": [
          -1.1528859991583775,
          51.89100301307378
        ]
      },
      "properties": {
        "id": "n_5cfa800628e6b90a8f000240",
        "map": "f_5cfa6515d7f2fb5b7d7eb168",
        "externalId": "NODE-UDO7QJN8",
        "neighbors": [
          {
            "id": "n_5cfa7e5f28e6b90a8f0001ee",
            "weight": 0
          },
          {
            "id": "n_5cfa800828e6b90a8f000241",
            "weight": 0
          },
          {
            "id": "n_5cfa800c28e6b90a8f000242",
            "weight": 0
          }
        ],
        "space": [],
        "flags": [
          1
        ]
      }
    },
    {
      "type": "Feature",
      "geometry": {
        "type": "Point",
        "coordinates": [
          -1.1528373671781265,
          51.891066609982545
        ]
      },
      "properties": {
        "id": "n_5cfa800828e6b90a8f000241",
        "map": "f_5cfa6515d7f2fb5b7d7eb168",
        "externalId": "NODE-MH4WZ4H7",
        "neighbors": [
          {
            "id": "n_5cfa800628e6b90a8f000240",
            "weight": 0
          }
        ],
        "space": [
          "s_5cfa66af28e6b90a8f0000e6"
        ],
        "flags": [
          1
        ]
      }
    },
    {
      "type": "Feature",
      "geometry": {
        "type": "Point",
        "coordinates": [
          -1.1528496231801668,
          51.89099283863023
        ]
      },
      "properties": {
        "id": "n_5cfa800c28e6b90a8f000242",
        "map": "f_5cfa6515d7f2fb5b7d7eb168",
        "externalId": "NODE-8KODGRZT",
        "neighbors": [
          {
            "id": "n_5cfa7fff28e6b90a8f00023e",
            "weight": 0
          },
          {
            "id": "n_5cfa800628e6b90a8f000240",
            "weight": 0
          },
          {
            "id": "n_5cfa800e28e6b90a8f000243",
            "weight": 0
          }
        ],
        "space": [],
        "flags": [
          1
        ]
      }
    },
    {
      "type": "Feature",
      "geometry": {
        "type": "Point",
        "coordinates": [
          -1.1529030058492604,
          51.890914604750336
        ]
      },
      "properties": {
        "id": "n_5cfa800e28e6b90a8f000243",
        "map": "f_5cfa6515d7f2fb5b7d7eb168",
        "externalId": "NODE-X7ABZJBW",
        "neighbors": [
          {
            "id": "n_5cfa800c28e6b90a8f000242",
            "weight": 0
          }
        ],
        "space": [
          "s_5cfa66af28e6b90a8f0000d0"
        ],
        "flags": [
          1
        ]
      }
    },
    {
      "type": "Feature",
      "geometry": {
        "type": "Point",
        "coordinates": [
          -1.1529715050110445,
          51.891034424387655
        ]
      },
      "properties": {
        "id": "n_5cfa801328e6b90a8f000244",
        "map": "f_5cfa6515d7f2fb5b7d7eb168",
        "externalId": "NODE-O8YOZM3T",
        "neighbors": [
          {
            "id": "n_5cfa7e5f28e6b90a8f0001ee",
            "weight": 0
          },
          {
            "id": "n_5cfa801428e6b90a8f000245",
            "weight": 0
          },
          {
            "id": "n_5cfa801928e6b90a8f000246",
            "weight": 0
          },
          {
            "id": "n_5cfa801e28e6b90a8f000247",
            "weight": 0
          }
        ],
        "space": [],
        "flags": [
          1
        ]
      }
    },
    {
      "type": "Feature",
      "geometry": {
        "type": "Point",
        "coordinates": [
          -1.1530171677311714,
          51.89097060021803
        ]
      },
      "properties": {
        "id": "n_5cfa801428e6b90a8f000245",
        "map": "f_5cfa6515d7f2fb5b7d7eb168",
        "externalId": "NODE-B57678J7",
        "neighbors": [
          {
            "id": "n_5cfa801328e6b90a8f000244",
            "weight": 0
          }
        ],
        "space": [
          "s_5cfa76db28e6b90a8f00018c"
        ],
        "flags": [
          1
        ]
      }
    },
    {
      "type": "Feature",
      "geometry": {
        "type": "Point",
        "coordinates": [
          -1.1529180535704677,
          51.89110761072746
        ]
      },
      "properties": {
        "id": "n_5cfa801928e6b90a8f000246",
        "map": "f_5cfa6515d7f2fb5b7d7eb168",
        "externalId": "NODE-C9ECR6HZ",
        "neighbors": [
          {
            "id": "n_5cfa801328e6b90a8f000244",
            "weight": 0
          }
        ],
        "space": [
          "s_5cfa66af28e6b90a8f0000e7"
        ],
        "flags": [
          1
        ]
      }
    },
    {
      "type": "Feature",
      "geometry": {
        "type": "Point",
        "coordinates": [
          -1.1530693440304554,
          51.89107262185161
        ]
      },
      "properties": {
        "id": "n_5cfa801e28e6b90a8f000247",
        "map": "f_5cfa6515d7f2fb5b7d7eb168",
        "externalId": "NODE-4VURAFUV",
        "neighbors": [
          {
            "id": "n_5cfa801328e6b90a8f000244",
            "weight": 0
          },
          {
            "id": "n_5cfa801f28e6b90a8f000248",
            "weight": 0
          },
          {
            "id": "n_5cfa802628e6b90a8f000249",
            "weight": 0
          },
          {
            "id": "n_5d72515e5d99b83c57000005",
            "weight": 0
          },
          {
            "id": "n_5d8e0d3b3e71034ee2000014",
            "weight": 0
          }
        ],
        "space": [],
        "flags": [
          1
        ]
      }
    },
    {
      "type": "Feature",
      "geometry": {
        "type": "Point",
        "coordinates": [
          -1.153115736582676,
          51.89100734981349
        ]
      },
      "properties": {
        "id": "n_5cfa801f28e6b90a8f000248",
        "map": "f_5cfa6515d7f2fb5b7d7eb168",
        "externalId": "NODE-YJBIDLBY",
        "neighbors": [
          {
            "id": "n_5cfa801e28e6b90a8f000247",
            "weight": 0
          }
        ],
        "space": [
          "s_5cfa76e028e6b90a8f00018d"
        ],
        "flags": [
          1
        ]
      }
    },
    {
      "type": "Feature",
      "geometry": {
        "type": "Point",
        "coordinates": [
          -1.1530203151190694,
          51.8911408224219
        ]
      },
      "properties": {
        "id": "n_5cfa802628e6b90a8f000249",
        "map": "f_5cfa6515d7f2fb5b7d7eb168",
        "externalId": "NODE-EV04056N",
        "neighbors": [
          {
            "id": "n_5cfa801e28e6b90a8f000247",
            "weight": 0
          }
        ],
        "space": [
          "s_5cfa66af28e6b90a8f0000e8"
        ],
        "flags": [
          1
        ]
      }
    },
    {
      "type": "Feature",
      "geometry": {
        "type": "Point",
        "coordinates": [
          -1.152977470685545,
          51.89138948324701
        ]
      },
      "properties": {
        "id": "n_5cfa802d28e6b90a8f00024a",
        "map": "f_5cfa6515d7f2fb5b7d7eb168",
        "externalId": "NODE-YUSZRZPR",
        "neighbors": [
          {
            "id": "n_5cfa806228e6b90a8f00024e",
            "weight": 0
          }
        ],
        "space": [
          "s_5d8e54945d99b81001000cea"
        ],
        "flags": [
          1
        ]
      }
    },
    {
      "type": "Feature",
      "geometry": {
        "type": "Point",
        "coordinates": [
          -1.153011111330729,
          51.891354383415894
        ]
      },
      "properties": {
        "id": "n_5cfa806228e6b90a8f00024e",
        "map": "f_5cfa6515d7f2fb5b7d7eb168",
        "externalId": "NODE-GLDBAG7F",
        "neighbors": [
          {
            "id": "n_5cfa802d28e6b90a8f00024a",
            "weight": 0
          },
          {
            "id": "n_5cfa806328e6b90a8f00024f",
            "weight": 0
          },
          {
            "id": "n_5edf66a7b3cfba78aa000002",
            "weight": 0
          }
        ],
        "space": [],
        "flags": [
          1
        ]
      }
    },
    {
      "type": "Feature",
      "geometry": {
        "type": "Point",
        "coordinates": [
          -1.1528934147838188,
          51.89131774756323
        ]
      },
      "properties": {
        "id": "n_5cfa806328e6b90a8f00024f",
        "map": "f_5cfa6515d7f2fb5b7d7eb168",
        "externalId": "NODE-P8G17GJC",
        "neighbors": [
          {
            "id": "n_5cfa806228e6b90a8f00024e",
            "weight": 0
          }
        ],
        "space": [
          "s_5cfa66af28e6b90a8f0000bb"
        ],
        "flags": [
          1
        ]
      }
    },
    {
      "type": "Feature",
      "geometry": {
        "type": "Point",
        "coordinates": [
          -1.1530699898355539,
          51.8912822762588
        ]
      },
      "properties": {
        "id": "n_5cfa806528e6b90a8f000250",
        "map": "f_5cfa6515d7f2fb5b7d7eb168",
        "externalId": "NODE-CZMG4H4D",
        "neighbors": [
          {
            "id": "n_5cfa806728e6b90a8f000251",
            "weight": 0
          },
          {
            "id": "n_5cfa806d28e6b90a8f000252",
            "weight": 0
          },
          {
            "id": "n_5eda248fb20b0a0fbc0002e8",
            "weight": 0
          },
          {
            "id": "n_5edf66a7b3cfba78aa000002",
            "weight": 0
          }
        ],
        "space": [],
        "flags": [
          1
        ]
      }
    },
    {
      "type": "Feature",
      "geometry": {
        "type": "Point",
        "coordinates": [
          -1.152952292509028,
          51.89124771579683
        ]
      },
      "properties": {
        "id": "n_5cfa806728e6b90a8f000251",
        "map": "f_5cfa6515d7f2fb5b7d7eb168",
        "externalId": "NODE-VJ07TI10",
        "neighbors": [
          {
            "id": "n_5cfa806528e6b90a8f000250",
            "weight": 0
          }
        ],
        "space": [
          "s_5cfa66af28e6b90a8f0000ea"
        ],
        "flags": [
          1
        ]
      }
    },
    {
      "type": "Feature",
      "geometry": {
        "type": "Point",
        "coordinates": [
          -1.1531196122340794,
          51.89122988295752
        ]
      },
      "properties": {
        "id": "n_5cfa806d28e6b90a8f000252",
        "map": "f_5cfa6515d7f2fb5b7d7eb168",
        "externalId": "NODE-K85FNVQZ",
        "neighbors": [
          {
            "id": "n_5cfa806528e6b90a8f000250",
            "weight": 0
          },
          {
            "id": "n_5cfa806e28e6b90a8f000253",
            "weight": 0
          },
          {
            "id": "n_5d8e0d3b3e71034ee2000014",
            "weight": 0
          }
        ],
        "space": [],
        "flags": [
          1
        ]
      }
    },
    {
      "type": "Feature",
      "geometry": {
        "type": "Point",
        "coordinates": [
          -1.1529968709739693,
          51.89119532170956
        ]
      },
      "properties": {
        "id": "n_5cfa806e28e6b90a8f000253",
        "map": "f_5cfa6515d7f2fb5b7d7eb168",
        "externalId": "NODE-43421XW0",
        "neighbors": [
          {
            "id": "n_5cfa806d28e6b90a8f000252",
            "weight": 0
          }
        ],
        "space": [
          "s_5cfa66af28e6b90a8f0000e9"
        ],
        "flags": [
          1
        ]
      }
    },
    {
      "type": "Feature",
      "geometry": {
        "type": "Point",
        "coordinates": [
          -1.153381934714552,
          51.89118532251612
        ]
      },
      "properties": {
        "id": "n_5cfa807f28e6b90a8f000255",
        "map": "f_5cfa6515d7f2fb5b7d7eb168",
        "externalId": "NODE-4S3JV0Y1",
        "neighbors": [
          {
            "id": "n_5cfa808128e6b90a8f000256",
            "weight": 0
          },
          {
            "id": "n_5cfa808528e6b90a8f000257",
            "weight": 0
          },
          {
            "id": "n_5cfa808c28e6b90a8f000259",
            "weight": 0
          },
          {
            "id": "n_5d72515e5d99b83c57000005",
            "weight": 0
          },
          {
            "id": "n_5d8e0d3b3e71034ee2000014",
            "weight": 0
          }
        ],
        "space": [],
        "flags": [
          1
        ]
      }
    },
    {
      "type": "Feature",
      "geometry": {
        "type": "Point",
        "coordinates": [
          -1.1534239688428465,
          51.891125179867394
        ]
      },
      "properties": {
        "id": "n_5cfa808128e6b90a8f000256",
        "map": "f_5cfa6515d7f2fb5b7d7eb168",
        "externalId": "NODE-9OTSHOGX",
        "neighbors": [
          {
            "id": "n_5cfa807f28e6b90a8f000255",
            "weight": 0
          }
        ],
        "space": [
          "s_5cfa66af28e6b90a8f0000f3"
        ],
        "flags": [
          1
        ]
      }
    },
    {
      "type": "Feature",
      "geometry": {
        "type": "Point",
        "coordinates": [
          -1.1534956549253508,
          51.89121668448571
        ]
      },
      "properties": {
        "id": "n_5cfa808528e6b90a8f000257",
        "map": "f_5cfa6515d7f2fb5b7d7eb168",
        "externalId": "NODE-0YOE7E0P",
        "neighbors": [
          {
            "id": "n_5cfa807f28e6b90a8f000255",
            "weight": 0
          },
          {
            "id": "n_5cfa808628e6b90a8f000258",
            "weight": 0
          },
          {
            "id": "n_5cfa809128e6b90a8f00025a",
            "weight": 0
          }
        ],
        "space": [],
        "flags": [
          1
        ]
      }
    },
    {
      "type": "Feature",
      "geometry": {
        "type": "Point",
        "coordinates": [
          -1.1535353111117006,
          51.891157898079996
        ]
      },
      "properties": {
        "id": "n_5cfa808628e6b90a8f000258",
        "map": "f_5cfa6515d7f2fb5b7d7eb168",
        "externalId": "NODE-VXZTC221",
        "neighbors": [
          {
            "id": "n_5cfa808528e6b90a8f000257",
            "weight": 0
          }
        ],
        "space": [
          "s_5cfa66af28e6b90a8f0000f4"
        ],
        "flags": [
          1
        ]
      }
    },
    {
      "type": "Feature",
      "geometry": {
        "type": "Point",
        "coordinates": [
          -1.1533324400155172,
          51.89125761979479
        ]
      },
      "properties": {
        "id": "n_5cfa808c28e6b90a8f000259",
        "map": "f_5cfa6515d7f2fb5b7d7eb168",
        "externalId": "NODE-FC3VXZPI",
        "neighbors": [
          {
            "id": "n_5cfa807f28e6b90a8f000255",
            "weight": 0
          }
        ],
        "space": [
          "s_5cfa66af28e6b90a8f000161"
        ],
        "flags": [
          1
        ]
      }
    },
    {
      "type": "Feature",
      "geometry": {
        "type": "Point",
        "coordinates": [
          -1.1535868125707582,
          51.891241824068004
        ]
      },
      "properties": {
        "id": "n_5cfa809128e6b90a8f00025a",
        "map": "f_5cfa6515d7f2fb5b7d7eb168",
        "externalId": "NODE-1UTLK5CR",
        "neighbors": [
          {
            "id": "n_5cfa808528e6b90a8f000257",
            "weight": 0
          },
          {
            "id": "n_5cfa809328e6b90a8f00025b",
            "weight": 0
          },
          {
            "id": "n_5cfa809828e6b90a8f00025d",
            "weight": 0
          },
          {
            "id": "n_5fd38bc2caf2050408000001",
            "weight": 0
          }
        ],
        "space": [],
        "flags": [
          1
        ]
      }
    },
    {
      "type": "Feature",
      "geometry": {
        "type": "Point",
        "coordinates": [
          -1.1536283886709557,
          51.89118243776091
        ]
      },
      "properties": {
        "id": "n_5cfa809328e6b90a8f00025b",
        "map": "f_5cfa6515d7f2fb5b7d7eb168",
        "externalId": "NODE-CVMX1S42",
        "neighbors": [
          {
            "id": "n_5cfa809128e6b90a8f00025a",
            "weight": 0
          }
        ],
        "space": [
          "s_5cfa66af28e6b90a8f0000f5"
        ],
        "flags": [
          1
        ]
      }
    },
    {
      "type": "Feature",
      "geometry": {
        "type": "Point",
        "coordinates": [
          -1.1536659093955837,
          51.89126363742543
        ]
      },
      "properties": {
        "id": "n_5cfa809828e6b90a8f00025d",
        "map": "f_5cfa6515d7f2fb5b7d7eb168",
        "externalId": "NODE-ZTHUCKCY",
        "neighbors": [
          {
            "id": "n_5cfa809128e6b90a8f00025a",
            "weight": 0
          },
          {
            "id": "n_5cfa809a28e6b90a8f00025e",
            "weight": 0
          },
          {
            "id": "n_6411fd4d04e7bb2fde3e6e54",
            "weight": 0
          }
        ],
        "space": [],
        "flags": [
          1
        ]
      }
    },
    {
      "type": "Feature",
      "geometry": {
        "type": "Point",
        "coordinates": [
          -1.1537057209139658,
          51.89120527850039
        ]
      },
      "properties": {
        "id": "n_5cfa809a28e6b90a8f00025e",
        "map": "f_5cfa6515d7f2fb5b7d7eb168",
        "externalId": "NODE-241HCPNX",
        "neighbors": [
          {
            "id": "n_5cfa809828e6b90a8f00025d",
            "weight": 0
          }
        ],
        "space": [
          "s_5cfa66af28e6b90a8f0000f6"
        ],
        "flags": [
          1
        ]
      }
    },
    {
      "type": "Feature",
      "geometry": {
        "type": "Point",
        "coordinates": [
          -1.1537368210961525,
          51.89128319336017
        ]
      },
      "properties": {
        "id": "n_5cfa809d28e6b90a8f00025f",
        "map": "f_5cfa6515d7f2fb5b7d7eb168",
        "externalId": "NODE-ZFHREYFE",
        "neighbors": [
          {
            "id": "n_5cfa809f28e6b90a8f000260",
            "weight": 0
          },
          {
            "id": "n_6411fd3b04e7bb2fde3e6e51",
            "weight": 0
          },
          {
            "id": "n_6411fd4d04e7bb2fde3e6e54",
            "weight": 0
          }
        ],
        "space": [],
        "flags": [
          1
        ]
      }
    },
    {
      "type": "Feature",
      "geometry": {
        "type": "Point",
        "coordinates": [
          -1.1537780107157205,
          51.89122448660153
        ]
      },
      "properties": {
        "id": "n_5cfa809f28e6b90a8f000260",
        "map": "f_5cfa6515d7f2fb5b7d7eb168",
        "externalId": "NODE-WCUMCVYK",
        "neighbors": [
          {
            "id": "n_5cfa809d28e6b90a8f00025f",
            "weight": 0
          }
        ],
        "space": [
          "s_5cfa66af28e6b90a8f0000f7"
        ],
        "flags": [
          1
        ]
      }
    },
    {
      "type": "Feature",
      "geometry": {
        "type": "Point",
        "coordinates": [
          -1.1538519819252995,
          51.89124369492473
        ]
      },
      "properties": {
        "id": "n_5cfa80a528e6b90a8f000261",
        "map": "f_5cfa6515d7f2fb5b7d7eb168",
        "externalId": "NODE-B4FU7NF0",
        "neighbors": [
          {
            "id": "n_5cfa7e1028e6b90a8f0001c7",
            "weight": 0
          }
        ],
        "space": [
          "s_5cfa66af28e6b90a8f0000f8"
        ],
        "flags": [
          1
        ]
      }
    },
    {
      "type": "Feature",
      "geometry": {
        "type": "Point",
        "coordinates": [
          -1.1538550631290148,
          51.891310079268536
        ]
      },
      "properties": {
        "id": "n_5cfa80af28e6b90a8f000263",
        "map": "f_5cfa6515d7f2fb5b7d7eb168",
        "externalId": "NODE-AQ2Q55HY",
        "neighbors": [
          {
            "id": "n_5cfa7e1028e6b90a8f0001c7",
            "weight": 0
          },
          {
            "id": "n_5cfa80b028e6b90a8f000264",
            "weight": 0
          },
          {
            "id": "n_5cfa81aa28e6b90a8f0002a4",
            "weight": 0
          }
        ],
        "space": [],
        "flags": [
          1
        ]
      }
    },
    {
      "type": "Feature",
      "geometry": {
        "type": "Point",
        "coordinates": [
          -1.1538268634295246,
          51.891385875761436
        ]
      },
      "properties": {
        "id": "n_5cfa80b028e6b90a8f000264",
        "map": "f_5cfa6515d7f2fb5b7d7eb168",
        "externalId": "NODE-5763CU2A",
        "neighbors": [
          {
            "id": "n_5cfa80af28e6b90a8f000263",
            "weight": 0
          }
        ],
        "space": [
          "s_5cfa66af28e6b90a8f000112"
        ],
        "flags": [
          1
        ]
      }
    },
    {
      "type": "Feature",
      "geometry": {
        "type": "Point",
        "coordinates": [
          -1.1539522269846059,
          51.89132455680408
        ]
      },
      "properties": {
        "id": "n_5cfa80b528e6b90a8f000265",
        "map": "f_5cfa6515d7f2fb5b7d7eb168",
        "externalId": "NODE-DJBGNJ2F",
        "neighbors": [
          {
            "id": "n_5cfa80b728e6b90a8f000266",
            "weight": 0
          },
          {
            "id": "n_5cfa80ba28e6b90a8f000267",
            "weight": 0
          },
          {
            "id": "n_5cfa81aa28e6b90a8f0002a4",
            "weight": 0
          }
        ],
        "space": [],
        "flags": [
          1
        ]
      }
    },
    {
      "type": "Feature",
      "geometry": {
        "type": "Point",
        "coordinates": [
          -1.153926737347078,
          51.891399354705165
        ]
      },
      "properties": {
        "id": "n_5cfa80b728e6b90a8f000266",
        "map": "f_5cfa6515d7f2fb5b7d7eb168",
        "externalId": "NODE-X1201OH1",
        "neighbors": [
          {
            "id": "n_5cfa80b528e6b90a8f000265",
            "weight": 0
          },
          {
            "id": "n_5cfa80b728e6b90a8f000266",
            "weight": 0
          }
        ],
        "space": [
          "s_5cfa66af28e6b90a8f000110"
        ],
        "flags": [
          1
        ]
      }
    },
    {
      "type": "Feature",
      "geometry": {
        "type": "Point",
        "coordinates": [
          -1.1540610574098078,
          51.89134077249631
        ]
      },
      "properties": {
        "id": "n_5cfa80ba28e6b90a8f000267",
        "map": "f_5cfa6515d7f2fb5b7d7eb168",
        "externalId": "NODE-SYYP71UC",
        "neighbors": [
          {
            "id": "n_5cfa80b528e6b90a8f000265",
            "weight": 0
          },
          {
            "id": "n_5cfa80bc28e6b90a8f000268",
            "weight": 0
          },
          {
            "id": "n_5cfa80be28e6b90a8f000269",
            "weight": 0
          },
          {
            "id": "n_5cfa81a228e6b90a8f0002a3",
            "weight": 0
          }
        ],
        "space": [],
        "flags": [
          1
        ]
      }
    },
    {
      "type": "Feature",
      "geometry": {
        "type": "Point",
        "coordinates": [
          -1.1540328262504926,
          51.891410050305524
        ]
      },
      "properties": {
        "id": "n_5cfa80bc28e6b90a8f000268",
        "map": "f_5cfa6515d7f2fb5b7d7eb168",
        "externalId": "NODE-XGCJWE0H",
        "neighbors": [
          {
            "id": "n_5cfa80ba28e6b90a8f000267",
            "weight": 0
          }
        ],
        "space": [
          "s_5cfa66af28e6b90a8f00010f"
        ],
        "flags": [
          1
        ]
      }
    },
    {
      "type": "Feature",
      "geometry": {
        "type": "Point",
        "coordinates": [
          -1.1541728179924797,
          51.89135742477375
        ]
      },
      "properties": {
        "id": "n_5cfa80be28e6b90a8f000269",
        "map": "f_5cfa6515d7f2fb5b7d7eb168",
        "externalId": "NODE-X4MNH3I7",
        "neighbors": [
          {
            "id": "n_5cfa80ba28e6b90a8f000267",
            "weight": 0
          },
          {
            "id": "n_5cfa80c028e6b90a8f00026a",
            "weight": 0
          },
          {
            "id": "n_5cfa80c228e6b90a8f00026b",
            "weight": 0
          }
        ],
        "space": [],
        "flags": [
          1
        ]
      }
    },
    {
      "type": "Feature",
      "geometry": {
        "type": "Point",
        "coordinates": [
          -1.1541461425073205,
          51.89142688692541
        ]
      },
      "properties": {
        "id": "n_5cfa80c028e6b90a8f00026a",
        "map": "f_5cfa6515d7f2fb5b7d7eb168",
        "externalId": "NODE-VA3VRWTR",
        "neighbors": [
          {
            "id": "n_5cfa80be28e6b90a8f000269",
            "weight": 0
          }
        ],
        "space": [
          "s_5cfa66af28e6b90a8f000163"
        ],
        "flags": [
          1
        ]
      }
    },
    {
      "type": "Feature",
      "geometry": {
        "type": "Point",
        "coordinates": [
          -1.1542741159080772,
          51.89137251801604
        ]
      },
      "properties": {
        "id": "n_5cfa80c228e6b90a8f00026b",
        "map": "f_5cfa6515d7f2fb5b7d7eb168",
        "externalId": "NODE-A33HVE85",
        "neighbors": [
          {
            "id": "n_5cfa80be28e6b90a8f000269",
            "weight": 0
          },
          {
            "id": "n_5cfa80c328e6b90a8f00026c",
            "weight": 0
          },
          {
            "id": "n_5cfa819b28e6b90a8f0002a1",
            "weight": 0
          }
        ],
        "space": [],
        "flags": [
          1
        ]
      }
    },
    {
      "type": "Feature",
      "geometry": {
        "type": "Point",
        "coordinates": [
          -1.1542478582315723,
          51.89144194871071
        ]
      },
      "properties": {
        "id": "n_5cfa80c328e6b90a8f00026c",
        "map": "f_5cfa6515d7f2fb5b7d7eb168",
        "externalId": "NODE-TFW4R4DM",
        "neighbors": [
          {
            "id": "n_5cfa80c228e6b90a8f00026b",
            "weight": 0
          }
        ],
        "space": [
          "s_5cfa66af28e6b90a8f00010e"
        ],
        "flags": [
          1
        ]
      }
    },
    {
      "type": "Feature",
      "geometry": {
        "type": "Point",
        "coordinates": [
          -1.1543805632250899,
          51.89138837837467
        ]
      },
      "properties": {
        "id": "n_5cfa80c928e6b90a8f00026d",
        "map": "f_5cfa6515d7f2fb5b7d7eb168",
        "externalId": "NODE-889SQM80",
        "neighbors": [
          {
            "id": "n_5cfa7e0728e6b90a8f0001c6",
            "weight": 0
          },
          {
            "id": "n_5cfa819b28e6b90a8f0002a1",
            "weight": 0
          }
        ],
        "space": [],
        "flags": [
          1
        ]
      }
    },
    {
      "type": "Feature",
      "geometry": {
        "type": "Point",
        "coordinates": [
          -1.1545895873516285,
          51.891414013002255
        ]
      },
      "properties": {
        "id": "n_5cfa80d428e6b90a8f000270",
        "map": "f_5cfa6515d7f2fb5b7d7eb168",
        "externalId": "NODE-70C6YE8V",
        "neighbors": [
          {
            "id": "n_5cfa80d528e6b90a8f000271",
            "weight": 0
          },
          {
            "id": "n_5cfa80d728e6b90a8f000272",
            "weight": 0
          },
          {
            "id": "n_5cfa819328e6b90a8f00029f",
            "weight": 0
          }
        ],
        "space": [],
        "flags": [
          1
        ]
      }
    },
    {
      "type": "Feature",
      "geometry": {
        "type": "Point",
        "coordinates": [
          -1.1545824355416026,
          51.8914720920544
        ]
      },
      "properties": {
        "id": "n_5cfa80d528e6b90a8f000271",
        "map": "f_5cfa6515d7f2fb5b7d7eb168",
        "externalId": "NODE-6KDMIT9P",
        "neighbors": [
          {
            "id": "n_5cfa80d428e6b90a8f000270",
            "weight": 0
          }
        ],
        "space": [
          "s_5cfa66af28e6b90a8f00010b"
        ],
        "flags": [
          1
        ]
      }
    },
    {
      "type": "Feature",
      "geometry": {
        "type": "Point",
        "coordinates": [
          -1.154697896761326,
          51.89142491130088
        ]
      },
      "properties": {
        "id": "n_5cfa80d728e6b90a8f000272",
        "map": "f_5cfa6515d7f2fb5b7d7eb168",
        "externalId": "NODE-QHSOUT2H",
        "neighbors": [
          {
            "id": "n_5cfa7e0328e6b90a8f0001c5",
            "weight": 0
          },
          {
            "id": "n_5cfa80d428e6b90a8f000270",
            "weight": 0
          },
          {
            "id": "n_5cfa80d928e6b90a8f000273",
            "weight": 0
          },
          {
            "id": "n_5cfa818e28e6b90a8f00029e",
            "weight": 0
          }
        ],
        "space": [],
        "flags": [
          1
        ]
      }
    },
    {
      "type": "Feature",
      "geometry": {
        "type": "Point",
        "coordinates": [
          -1.1546891999083468,
          51.8914762588703
        ]
      },
      "properties": {
        "id": "n_5cfa80d928e6b90a8f000273",
        "map": "f_5cfa6515d7f2fb5b7d7eb168",
        "externalId": "NODE-9QOTSP0W",
        "neighbors": [
          {
            "id": "n_5cfa80d728e6b90a8f000272",
            "weight": 0
          }
        ],
        "space": [
          "s_5cfa66af28e6b90a8f00010a"
        ],
        "flags": [
          1
        ]
      }
    },
    {
      "type": "Feature",
      "geometry": {
        "type": "Point",
        "coordinates": [
          -1.1548443961879613,
          51.89144680460349
        ]
      },
      "properties": {
        "id": "n_5cfa80e028e6b90a8f000274",
        "map": "f_5cfa6515d7f2fb5b7d7eb168",
        "externalId": "NODE-46QOHZE6",
        "neighbors": [
          {
            "id": "n_5cfa7e0328e6b90a8f0001c5",
            "weight": 0
          },
          {
            "id": "n_5cfa80e128e6b90a8f000275",
            "weight": 0
          },
          {
            "id": "n_5cfa80e428e6b90a8f000276",
            "weight": 0
          },
          {
            "id": "n_5cfa80e528e6b90a8f000277",
            "weight": 0
          }
        ],
        "space": [],
        "flags": [
          1
        ]
      }
    },
    {
      "type": "Feature",
      "geometry": {
        "type": "Point",
        "coordinates": [
          -1.1548800656856488,
          51.891394831830716
        ]
      },
      "properties": {
        "id": "n_5cfa80e128e6b90a8f000275",
        "map": "f_5cfa6515d7f2fb5b7d7eb168",
        "externalId": "NODE-65NKDG1T",
        "neighbors": [
          {
            "id": "n_5cfa80e028e6b90a8f000274",
            "weight": 0
          }
        ],
        "space": [
          "s_5cfa66af28e6b90a8f0000df"
        ],
        "flags": [
          1
        ]
      }
    },
    {
      "type": "Feature",
      "geometry": {
        "type": "Point",
        "coordinates": [
          -1.1548112345002757,
          51.89149711749748
        ]
      },
      "properties": {
        "id": "n_5cfa80e428e6b90a8f000276",
        "map": "f_5cfa6515d7f2fb5b7d7eb168",
        "externalId": "NODE-SHA51MHI",
        "neighbors": [
          {
            "id": "n_5cfa80e028e6b90a8f000274",
            "weight": 0
          }
        ],
        "space": [
          "s_5cfa66af28e6b90a8f000109"
        ],
        "flags": [
          1
        ]
      }
    },
    {
      "type": "Feature",
      "geometry": {
        "type": "Point",
        "coordinates": [
          -1.1549770237458254,
          51.89148202161563
        ]
      },
      "properties": {
        "id": "n_5cfa80e528e6b90a8f000277",
        "map": "f_5cfa6515d7f2fb5b7d7eb168",
        "externalId": "NODE-R7C53XQM",
        "neighbors": [
          {
            "id": "n_5cfa80e028e6b90a8f000274",
            "weight": 0
          },
          {
            "id": "n_5cfa80e728e6b90a8f000278",
            "weight": 0
          },
          {
            "id": "n_5cfa80ed28e6b90a8f000279",
            "weight": 0
          }
        ],
        "space": [],
        "flags": [
          1
        ]
      }
    },
    {
      "type": "Feature",
      "geometry": {
        "type": "Point",
        "coordinates": [
          -1.154940685154389,
          51.891531898242484
        ]
      },
      "properties": {
        "id": "n_5cfa80e728e6b90a8f000278",
        "map": "f_5cfa6515d7f2fb5b7d7eb168",
        "externalId": "NODE-AEV96A02",
        "neighbors": [
          {
            "id": "n_5cfa80e528e6b90a8f000277",
            "weight": 0
          }
        ],
        "space": [
          "s_5cfa66af28e6b90a8f000108"
        ],
        "flags": [
          1
        ]
      }
    },
    {
      "type": "Feature",
      "geometry": {
        "type": "Point",
        "coordinates": [
          -1.1550009852795033,
          51.89148838412611
        ]
      },
      "properties": {
        "id": "n_5cfa80ed28e6b90a8f000279",
        "map": "f_5cfa6515d7f2fb5b7d7eb168",
        "externalId": "NODE-JJUNZBAT",
        "neighbors": [
          {
            "id": "n_5cfa80e528e6b90a8f000277",
            "weight": 0
          },
          {
            "id": "n_5cfa80ef28e6b90a8f00027a",
            "weight": 0
          },
          {
            "id": "n_5cfa80f328e6b90a8f00027c",
            "weight": 0
          }
        ],
        "space": [],
        "flags": [
          1
        ]
      }
    },
    {
      "type": "Feature",
      "geometry": {
        "type": "Point",
        "coordinates": [
          -1.1550338903640507,
          51.891443624452485
        ]
      },
      "properties": {
        "id": "n_5cfa80ef28e6b90a8f00027a",
        "map": "f_5cfa6515d7f2fb5b7d7eb168",
        "externalId": "NODE-ZZGDB9XK",
        "neighbors": [
          {
            "id": "n_5cfa80ed28e6b90a8f000279",
            "weight": 0
          }
        ],
        "space": [
          "s_5cfa66af28e6b90a8f0000de"
        ],
        "flags": [
          1
        ]
      }
    },
    {
      "type": "Feature",
      "geometry": {
        "type": "Point",
        "coordinates": [
          -1.1550774400477066,
          51.891508685321405
        ]
      },
      "properties": {
        "id": "n_5cfa80f328e6b90a8f00027c",
        "map": "f_5cfa6515d7f2fb5b7d7eb168",
        "externalId": "NODE-6DAF17PC",
        "neighbors": [
          {
            "id": "n_5cfa80ed28e6b90a8f000279",
            "weight": 0
          },
          {
            "id": "n_5cfa80f528e6b90a8f00027d",
            "weight": 0
          },
          {
            "id": "n_5cfa816228e6b90a8f00029a",
            "weight": 0
          }
        ],
        "space": [],
        "flags": [
          1
        ]
      }
    },
    {
      "type": "Feature",
      "geometry": {
        "type": "Point",
        "coordinates": [
          -1.1550414107907585,
          51.89156088036575
        ]
      },
      "properties": {
        "id": "n_5cfa80f528e6b90a8f00027d",
        "map": "f_5cfa6515d7f2fb5b7d7eb168",
        "externalId": "NODE-QMO1PQF6",
        "neighbors": [
          {
            "id": "n_5cfa80f328e6b90a8f00027c",
            "weight": 0
          }
        ],
        "space": [
          "s_5cfa66af28e6b90a8f0000c4"
        ],
        "flags": [
          1
        ]
      }
    },
    {
      "type": "Feature",
      "geometry": {
        "type": "Point",
        "coordinates": [
          -1.1551759015873908,
          51.89153482982742
        ]
      },
      "properties": {
        "id": "n_5cfa80f928e6b90a8f00027e",
        "map": "f_5cfa6515d7f2fb5b7d7eb168",
        "externalId": "NODE-UBG5305G",
        "neighbors": [
          {
            "id": "n_5cfa80fa28e6b90a8f00027f",
            "weight": 0
          },
          {
            "id": "n_5cfa815f28e6b90a8f000298",
            "weight": 0
          },
          {
            "id": "n_5cfa816228e6b90a8f00029a",
            "weight": 0
          }
        ],
        "space": [],
        "flags": [
          1
        ]
      }
    },
    {
      "type": "Feature",
      "geometry": {
        "type": "Point",
        "coordinates": [
          -1.1551414419427932,
          51.89158579883492
        ]
      },
      "properties": {
        "id": "n_5cfa80fa28e6b90a8f00027f",
        "map": "f_5cfa6515d7f2fb5b7d7eb168",
        "externalId": "NODE-AJGR2OT1",
        "neighbors": [
          {
            "id": "n_5cfa80f928e6b90a8f00027e",
            "weight": 0
          }
        ],
        "space": [
          "s_5cfa66af28e6b90a8f0000c3"
        ],
        "flags": [
          1
        ]
      }
    },
    {
      "type": "Feature",
      "geometry": {
        "type": "Point",
        "coordinates": [
          -1.1552803607064788,
          51.89156256668119
        ]
      },
      "properties": {
        "id": "n_5cfa80fe28e6b90a8f000280",
        "map": "f_5cfa6515d7f2fb5b7d7eb168",
        "externalId": "NODE-DIXSSVIC",
        "neighbors": [
          {
            "id": "n_5cfa7dfd28e6b90a8f0001c4",
            "weight": 0
          },
          {
            "id": "n_5cfa80ff28e6b90a8f000281",
            "weight": 0
          },
          {
            "id": "n_5cfa815f28e6b90a8f000298",
            "weight": 0
          },
          {
            "id": "n_61d441f863b2cb7294000000",
            "weight": 0
          }
        ],
        "space": [],
        "flags": [
          1
        ]
      }
    },
    {
      "type": "Feature",
      "geometry": {
        "type": "Point",
        "coordinates": [
          -1.1552436128294412,
          51.89161440597462
        ]
      },
      "properties": {
        "id": "n_5cfa80ff28e6b90a8f000281",
        "map": "f_5cfa6515d7f2fb5b7d7eb168",
        "externalId": "NODE-MDUPGX1C",
        "neighbors": [
          {
            "id": "n_5cfa80fe28e6b90a8f000280",
            "weight": 0
          }
        ],
        "space": [
          "s_5cfa66af28e6b90a8f000104"
        ],
        "flags": [
          1
        ]
      }
    },
    {
      "type": "Feature",
      "geometry": {
        "type": "Point",
        "coordinates": [
          -1.1553689400025118,
          51.89159959435304
        ]
      },
      "properties": {
        "id": "n_5cfa810128e6b90a8f000282",
        "map": "f_5cfa6515d7f2fb5b7d7eb168",
        "externalId": "NODE-5ZTF3J4Q",
        "neighbors": [
          {
            "id": "n_5cfa7df128e6b90a8f0001c3",
            "weight": 0
          },
          {
            "id": "n_5cfa810328e6b90a8f000283",
            "weight": 0
          },
          {
            "id": "n_5cfa815528e6b90a8f000295",
            "weight": 0
          }
        ],
        "space": [],
        "flags": [
          1
        ]
      }
    },
    {
      "type": "Feature",
      "geometry": {
        "type": "Point",
        "coordinates": [
          -1.1553276653853002,
          51.891654886828974
        ]
      },
      "properties": {
        "id": "n_5cfa810328e6b90a8f000283",
        "map": "f_5cfa6515d7f2fb5b7d7eb168",
        "externalId": "NODE-2THDMPHU",
        "neighbors": [
          {
            "id": "n_5cfa810128e6b90a8f000282",
            "weight": 0
          }
        ],
        "space": [
          "s_5cfa66af28e6b90a8f000105"
        ],
        "flags": [
          1
        ]
      }
    },
    {
      "type": "Feature",
      "geometry": {
        "type": "Point",
        "coordinates": [
          -1.1554403276508212,
          51.89161951603962
        ]
      },
      "properties": {
        "id": "n_5cfa810528e6b90a8f000284",
        "map": "f_5cfa6515d7f2fb5b7d7eb168",
        "externalId": "NODE-QD01TYXG",
        "neighbors": [
          {
            "id": "n_5cfa810728e6b90a8f000285",
            "weight": 0
          },
          {
            "id": "n_5cfa815028e6b90a8f000293",
            "weight": 0
          },
          {
            "id": "n_5cfa815528e6b90a8f000295",
            "weight": 0
          }
        ],
        "space": [],
        "flags": [
          1
        ]
      }
    },
    {
      "type": "Feature",
      "geometry": {
        "type": "Point",
        "coordinates": [
          -1.1554007976174145,
          51.89167305631469
        ]
      },
      "properties": {
        "id": "n_5cfa810728e6b90a8f000285",
        "map": "f_5cfa6515d7f2fb5b7d7eb168",
        "externalId": "NODE-DGNOKCNA",
        "neighbors": [
          {
            "id": "n_5cfa810528e6b90a8f000284",
            "weight": 0
          }
        ],
        "space": [
          "s_5cfa66af28e6b90a8f000106"
        ],
        "flags": [
          1
        ]
      }
    },
    {
      "type": "Feature",
      "geometry": {
        "type": "Point",
        "coordinates": [
          -1.1555226823932774,
          51.891642498059255
        ]
      },
      "properties": {
        "id": "n_5cfa810d28e6b90a8f000286",
        "map": "f_5cfa6515d7f2fb5b7d7eb168",
        "externalId": "NODE-AIK56J0Z",
        "neighbors": [
          {
            "id": "n_5cfa810e28e6b90a8f000287",
            "weight": 0
          },
          {
            "id": "n_5cfa814b28e6b90a8f000291",
            "weight": 0
          },
          {
            "id": "n_5cfa815028e6b90a8f000293",
            "weight": 0
          }
        ],
        "space": [],
        "flags": [
          1
        ]
      }
    },
    {
      "type": "Feature",
      "geometry": {
        "type": "Point",
        "coordinates": [
          -1.15548233428807,
          51.891697971897166
        ]
      },
      "properties": {
        "id": "n_5cfa810e28e6b90a8f000287",
        "map": "f_5cfa6515d7f2fb5b7d7eb168",
        "externalId": "NODE-6GDCRB82",
        "neighbors": [
          {
            "id": "n_5cfa810d28e6b90a8f000286",
            "weight": 0
          }
        ],
        "space": [
          "s_5cfa66af28e6b90a8f000107"
        ],
        "flags": [
          1
        ]
      }
    },
    {
      "type": "Feature",
      "geometry": {
        "type": "Point",
        "coordinates": [
          -1.1556121575229108,
          51.89175811772902
        ]
      },
      "properties": {
        "id": "n_5cfa811528e6b90a8f000288",
        "map": "f_5cfa6515d7f2fb5b7d7eb168",
        "externalId": "NODE-9OITPYAC",
        "neighbors": [
          {
            "id": "n_5cfa7deb28e6b90a8f0001c1",
            "weight": 0
          }
        ],
        "space": [
          "s_5cfa66af28e6b90a8f0000fc"
        ],
        "flags": [
          1
        ]
      }
    },
    {
      "type": "Feature",
      "geometry": {
        "type": "Point",
        "coordinates": [
          -1.1557575852157533,
          51.891731075477544
        ]
      },
      "properties": {
        "id": "n_5cfa811828e6b90a8f000289",
        "map": "f_5cfa6515d7f2fb5b7d7eb168",
        "externalId": "NODE-LNNYU1JK",
        "neighbors": [
          {
            "id": "n_5cfa814628e6b90a8f00028f",
            "weight": 0
          },
          {
            "id": "n_5d5d92af243aaf11dc000026",
            "weight": 0
          }
        ],
        "space": [],
        "flags": [
          1
        ]
      }
    },
    {
      "type": "Feature",
      "geometry": {
        "type": "Point",
        "coordinates": [
          -1.155618594790906,
          51.892183288892724
        ]
      },
      "properties": {
        "id": "n_5cfa812428e6b90a8f00028c",
        "map": "f_5cfa6515d7f2fb5b7d7eb168",
        "externalId": "NODE-A2DYVFJQ",
        "neighbors": [
          {
            "id": "n_5cfa81d928e6b90a8f0002ab",
            "weight": 0
          },
          {
            "id": "n_5cfa825c28e6b90a8f0002c6",
            "weight": 0
          },
          {
            "id": "n_5cfa81fd28e6b90a8f0002b6",
            "weight": 0
          }
        ],
        "space": [],
        "flags": [
          1
        ]
      }
    },
    {
      "type": "Feature",
      "geometry": {
        "type": "Point",
        "coordinates": [
          -1.1560496149639239,
          51.8917538813848
        ]
      },
      "properties": {
        "id": "n_5cfa813e28e6b90a8f00028e",
        "map": "f_5cfa6515d7f2fb5b7d7eb168",
        "externalId": "NODE-JCHHF3TY",
        "neighbors": [
          {
            "id": "n_5d8e0b8c3e71034ee2000005",
            "weight": 0
          }
        ],
        "space": [
          "s_5cfa66af28e6b90a8f0000d7"
        ],
        "flags": [
          1
        ]
      }
    },
    {
      "type": "Feature",
      "geometry": {
        "type": "Point",
        "coordinates": [
          -1.1556963415285642,
          51.89171400586475
        ]
      },
      "properties": {
        "id": "n_5cfa814628e6b90a8f00028f",
        "map": "f_5cfa6515d7f2fb5b7d7eb168",
        "externalId": "NODE-EYTOOHBG",
        "neighbors": [
          {
            "id": "n_5cfa7deb28e6b90a8f0001c1",
            "weight": 0
          },
          {
            "id": "n_5cfa811828e6b90a8f000289",
            "weight": 0
          },
          {
            "id": "n_5cfa814728e6b90a8f000290",
            "weight": 0
          }
        ],
        "space": [],
        "flags": [
          1
        ]
      }
    },
    {
      "type": "Feature",
      "geometry": {
        "type": "Point",
        "coordinates": [
          -1.1557433457146613,
          51.891646588775394
        ]
      },
      "properties": {
        "id": "n_5cfa814728e6b90a8f000290",
        "map": "f_5cfa6515d7f2fb5b7d7eb168",
        "externalId": "NODE-EC0R0XK1",
        "neighbors": [
          {
            "id": "n_5cfa814628e6b90a8f00028f",
            "weight": 0
          }
        ],
        "space": [
          "s_5cfa66af28e6b90a8f0000d8"
        ],
        "flags": [
          1
        ]
      }
    },
    {
      "type": "Feature",
      "geometry": {
        "type": "Point",
        "coordinates": [
          -1.1555936951302315,
          51.89166290432884
        ]
      },
      "properties": {
        "id": "n_5cfa814b28e6b90a8f000291",
        "map": "f_5cfa6515d7f2fb5b7d7eb168",
        "externalId": "NODE-1413OHH6",
        "neighbors": [
          {
            "id": "n_5cfa810d28e6b90a8f000286",
            "weight": 0
          },
          {
            "id": "n_5cfa814d28e6b90a8f000292",
            "weight": 0
          },
          {
            "id": "n_5cfa7deb28e6b90a8f0001c1",
            "weight": 0
          }
        ],
        "space": [],
        "flags": [
          1
        ]
      }
    },
    {
      "type": "Feature",
      "geometry": {
        "type": "Point",
        "coordinates": [
          -1.1556273427341694,
          51.89161751791556
        ]
      },
      "properties": {
        "id": "n_5cfa814d28e6b90a8f000292",
        "map": "f_5cfa6515d7f2fb5b7d7eb168",
        "externalId": "NODE-Z2C4Q4JA",
        "neighbors": [
          {
            "id": "n_5cfa814b28e6b90a8f000291",
            "weight": 0
          }
        ],
        "space": [
          "s_5cfa66af28e6b90a8f0000d9"
        ],
        "flags": [
          1
        ]
      }
    },
    {
      "type": "Feature",
      "geometry": {
        "type": "Point",
        "coordinates": [
          -1.1554994057404506,
          51.891636002519036
        ]
      },
      "properties": {
        "id": "n_5cfa815028e6b90a8f000293",
        "map": "f_5cfa6515d7f2fb5b7d7eb168",
        "externalId": "NODE-3SBVY8K2",
        "neighbors": [
          {
            "id": "n_5cfa810528e6b90a8f000284",
            "weight": 0
          },
          {
            "id": "n_5cfa810d28e6b90a8f000286",
            "weight": 0
          },
          {
            "id": "n_5cfa815228e6b90a8f000294",
            "weight": 0
          }
        ],
        "space": [],
        "flags": [
          1
        ]
      }
    },
    {
      "type": "Feature",
      "geometry": {
        "type": "Point",
        "coordinates": [
          -1.155531493123607,
          51.89158903342515
        ]
      },
      "properties": {
        "id": "n_5cfa815228e6b90a8f000294",
        "map": "f_5cfa6515d7f2fb5b7d7eb168",
        "externalId": "NODE-D6X4TZFF",
        "neighbors": [
          {
            "id": "n_5cfa815028e6b90a8f000293",
            "weight": 0
          }
        ],
        "space": [
          "s_5cfa66af28e6b90a8f0000da"
        ],
        "flags": [
          1
        ]
      }
    },
    {
      "type": "Feature",
      "geometry": {
        "type": "Point",
        "coordinates": [
          -1.1554187624642518,
          51.89161349805195
        ]
      },
      "properties": {
        "id": "n_5cfa815528e6b90a8f000295",
        "map": "f_5cfa6515d7f2fb5b7d7eb168",
        "externalId": "NODE-TYMX7PXP",
        "neighbors": [
          {
            "id": "n_5cfa810128e6b90a8f000282",
            "weight": 0
          },
          {
            "id": "n_5cfa810528e6b90a8f000284",
            "weight": 0
          },
          {
            "id": "n_5cfa815628e6b90a8f000296",
            "weight": 0
          }
        ],
        "space": [],
        "flags": [
          1
        ]
      }
    },
    {
      "type": "Feature",
      "geometry": {
        "type": "Point",
        "coordinates": [
          -1.1554499547894426,
          51.89156878750979
        ]
      },
      "properties": {
        "id": "n_5cfa815628e6b90a8f000296",
        "map": "f_5cfa6515d7f2fb5b7d7eb168",
        "externalId": "NODE-IF912MQG",
        "neighbors": [
          {
            "id": "n_5cfa815528e6b90a8f000295",
            "weight": 0
          }
        ],
        "space": [
          "s_5cfa66af28e6b90a8f0000db"
        ],
        "flags": [
          1
        ]
      }
    },
    {
      "type": "Feature",
      "geometry": {
        "type": "Point",
        "coordinates": [
          -1.1552131149509453,
          51.891544711058415
        ]
      },
      "properties": {
        "id": "n_5cfa815f28e6b90a8f000298",
        "map": "f_5cfa6515d7f2fb5b7d7eb168",
        "externalId": "NODE-3FSRSEOM",
        "neighbors": [
          {
            "id": "n_5cfa80f928e6b90a8f00027e",
            "weight": 0
          },
          {
            "id": "n_5cfa80fe28e6b90a8f000280",
            "weight": 0
          }
        ],
        "space": [],
        "flags": [
          1
        ]
      }
    },
    {
      "type": "Feature",
      "geometry": {
        "type": "Point",
        "coordinates": [
          -1.155110701914843,
          51.89151751734752
        ]
      },
      "properties": {
        "id": "n_5cfa816228e6b90a8f00029a",
        "map": "f_5cfa6515d7f2fb5b7d7eb168",
        "externalId": "NODE-EKJ2HZLL",
        "neighbors": [
          {
            "id": "n_5cfa80f328e6b90a8f00027c",
            "weight": 0
          },
          {
            "id": "n_5cfa80f928e6b90a8f00027e",
            "weight": 0
          },
          {
            "id": "n_5cfa816428e6b90a8f00029b",
            "weight": 0
          }
        ],
        "space": [],
        "flags": [
          1
        ]
      }
    },
    {
      "type": "Feature",
      "geometry": {
        "type": "Point",
        "coordinates": [
          -1.155140832601333,
          51.8914720825521
        ]
      },
      "properties": {
        "id": "n_5cfa816428e6b90a8f00029b",
        "map": "f_5cfa6515d7f2fb5b7d7eb168",
        "externalId": "NODE-29KA4674",
        "neighbors": [
          {
            "id": "n_5cfa816228e6b90a8f00029a",
            "weight": 0
          }
        ],
        "space": [
          "s_5cfa66af28e6b90a8f0000dd"
        ],
        "flags": [
          1
        ]
      }
    },
    {
      "type": "Feature",
      "geometry": {
        "type": "Point",
        "coordinates": [
          -1.1547275908237693,
          51.89137966565719
        ]
      },
      "properties": {
        "id": "n_5cfa818e28e6b90a8f00029e",
        "map": "f_5cfa6515d7f2fb5b7d7eb168",
        "externalId": "NODE-3ENFX3ZP",
        "neighbors": [
          {
            "id": "n_5cfa80d728e6b90a8f000272",
            "weight": 0
          }
        ],
        "space": [
          "s_5cfa66af28e6b90a8f0000e0"
        ],
        "flags": [
          1
        ]
      }
    },
    {
      "type": "Feature",
      "geometry": {
        "type": "Point",
        "coordinates": [
          -1.1545561133076405,
          51.89141064466289
        ]
      },
      "properties": {
        "id": "n_5cfa819328e6b90a8f00029f",
        "map": "f_5cfa6515d7f2fb5b7d7eb168",
        "externalId": "NODE-G9CRP2OR",
        "neighbors": [
          {
            "id": "n_5cfa7e0728e6b90a8f0001c6",
            "weight": 0
          },
          {
            "id": "n_5cfa80d428e6b90a8f000270",
            "weight": 0
          },
          {
            "id": "n_5cfa819428e6b90a8f0002a0",
            "weight": 0
          }
        ],
        "space": [],
        "flags": [
          1
        ]
      }
    },
    {
      "type": "Feature",
      "geometry": {
        "type": "Point",
        "coordinates": [
          -1.154599822107178,
          51.89134488486601
        ]
      },
      "properties": {
        "id": "n_5cfa819428e6b90a8f0002a0",
        "map": "f_5cfa6515d7f2fb5b7d7eb168",
        "externalId": "NODE-LNJPZ5C0",
        "neighbors": [
          {
            "id": "n_5cfa819328e6b90a8f00029f",
            "weight": 0
          }
        ],
        "space": [
          "s_5cfa66af28e6b90a8f0000e1"
        ],
        "flags": [
          1
        ]
      }
    },
    {
      "type": "Feature",
      "geometry": {
        "type": "Point",
        "coordinates": [
          -1.1543438844002707,
          51.891382913422525
        ]
      },
      "properties": {
        "id": "n_5cfa819b28e6b90a8f0002a1",
        "map": "f_5cfa6515d7f2fb5b7d7eb168",
        "externalId": "NODE-1A3PI0Y1",
        "neighbors": [
          {
            "id": "n_5cfa80c228e6b90a8f00026b",
            "weight": 0
          },
          {
            "id": "n_5cfa80c928e6b90a8f00026d",
            "weight": 0
          },
          {
            "id": "n_5cfa819d28e6b90a8f0002a2",
            "weight": 0
          }
        ],
        "space": [],
        "flags": [
          1
        ]
      }
    },
    {
      "type": "Feature",
      "geometry": {
        "type": "Point",
        "coordinates": [
          -1.1543916659210378,
          51.891313301940016
        ]
      },
      "properties": {
        "id": "n_5cfa819d28e6b90a8f0002a2",
        "map": "f_5cfa6515d7f2fb5b7d7eb168",
        "externalId": "NODE-7S1M7TDY",
        "neighbors": [
          {
            "id": "n_5cfa819b28e6b90a8f0002a1",
            "weight": 0
          }
        ],
        "space": [
          "s_5cfa66af28e6b90a8f0000e2"
        ],
        "flags": [
          1
        ]
      }
    },
    {
      "type": "Feature",
      "geometry": {
        "type": "Point",
        "coordinates": [
          -1.1541287830039406,
          51.89124438096395
        ]
      },
      "properties": {
        "id": "n_5cfa81a228e6b90a8f0002a3",
        "map": "f_5cfa6515d7f2fb5b7d7eb168",
        "externalId": "NODE-J2AB8WX9",
        "neighbors": [
          {
            "id": "n_5cfa80ba28e6b90a8f000267",
            "weight": 0
          }
        ],
        "space": [
          "s_5cfa66af28e6b90a8f0000e3"
        ],
        "flags": [
          1
        ]
      }
    },
    {
      "type": "Feature",
      "geometry": {
        "type": "Point",
        "coordinates": [
          -1.153899947991286,
          51.89131676719477
        ]
      },
      "properties": {
        "id": "n_5cfa81aa28e6b90a8f0002a4",
        "map": "f_5cfa6515d7f2fb5b7d7eb168",
        "externalId": "NODE-OUI19WWQ",
        "neighbors": [
          {
            "id": "n_5cfa80af28e6b90a8f000263",
            "weight": 0
          },
          {
            "id": "n_5cfa80b528e6b90a8f000265",
            "weight": 0
          },
          {
            "id": "n_5cfa81ab28e6b90a8f0002a5",
            "weight": 0
          }
        ],
        "space": [],
        "flags": [
          1
        ]
      }
    },
    {
      "type": "Feature",
      "geometry": {
        "type": "Point",
        "coordinates": [
          -1.1540395037034588,
          51.8911181684593
        ]
      },
      "properties": {
        "id": "n_5cfa81ab28e6b90a8f0002a5",
        "map": "f_5cfa6515d7f2fb5b7d7eb168",
        "externalId": "NODE-VXDMDH8D",
        "neighbors": [
          {
            "id": "n_5cfa81aa28e6b90a8f0002a4",
            "weight": 0
          },
          {
            "id": "n_5cfa81b128e6b90a8f0002a6",
            "weight": 0
          },
          {
            "id": "n_5d5d9d22243aaf11dc00003e",
            "weight": 0
          }
        ],
        "space": [],
        "flags": [
          1
        ]
      }
    },
    {
      "type": "Feature",
      "geometry": {
        "type": "Point",
        "coordinates": [
          -1.1540603350195402,
          51.8910900111979
        ]
      },
      "properties": {
        "id": "n_5cfa81b128e6b90a8f0002a6",
        "map": "f_5cfa6515d7f2fb5b7d7eb168",
        "externalId": "NODE-JNTLADUU",
        "neighbors": [
          {
            "id": "n_5cfa81ab28e6b90a8f0002a5",
            "weight": 0
          }
        ],
        "space": [
          "s_5cfa66af28e6b90a8f0000b3"
        ],
        "flags": [
          1
        ]
      }
    },
    {
      "type": "Feature",
      "geometry": {
        "type": "Point",
        "coordinates": [
          -1.1557803114606238,
          51.891965699331784
        ]
      },
      "properties": {
        "id": "n_5cfa81cc28e6b90a8f0002a7",
        "map": "f_5cfa6515d7f2fb5b7d7eb168",
        "externalId": "NODE-KO2YA56A",
        "neighbors": [
          {
            "id": "n_5cfa81ce28e6b90a8f0002a8",
            "weight": 0
          },
          {
            "id": "n_5cfa827728e6b90a8f0002cc",
            "weight": 0
          },
          {
            "id": "n_5cfa827d28e6b90a8f0002ce",
            "weight": 0
          }
        ],
        "space": [],
        "flags": [
          1
        ]
      }
    },
    {
      "type": "Feature",
      "geometry": {
        "type": "Point",
        "coordinates": [
          -1.1556625333901234,
          51.89193141301012
        ]
      },
      "properties": {
        "id": "n_5cfa81ce28e6b90a8f0002a8",
        "map": "f_5cfa6515d7f2fb5b7d7eb168",
        "externalId": "NODE-TZKKZ6NS",
        "neighbors": [
          {
            "id": "n_5cfa81cc28e6b90a8f0002a7",
            "weight": 0
          }
        ],
        "space": [
          "s_64c7e290298c1d422856c6ec"
        ],
        "flags": [
          1
        ]
      }
    },
    {
      "type": "Feature",
      "geometry": {
        "type": "Point",
        "coordinates": [
          -1.1557087784514626,
          51.89206086278471
        ]
      },
      "properties": {
        "id": "n_5cfa81d328e6b90a8f0002a9",
        "map": "f_5cfa6515d7f2fb5b7d7eb168",
        "externalId": "NODE-8FUZAAKE",
        "neighbors": [
          {
            "id": "n_5cfa81d528e6b90a8f0002aa",
            "weight": 0
          },
          {
            "id": "n_5cfa826a28e6b90a8f0002c9",
            "weight": 0
          },
          {
            "id": "n_5cfa827328e6b90a8f0002cb",
            "weight": 0
          },
          {
            "id": "n_5edf4d6580861e0c19000172",
            "weight": 0
          }
        ],
        "space": [],
        "flags": [
          1
        ]
      }
    },
    {
      "type": "Feature",
      "geometry": {
        "type": "Point",
        "coordinates": [
          -1.1555974648395613,
          51.89202896942836
        ]
      },
      "properties": {
        "id": "n_5cfa81d528e6b90a8f0002aa",
        "map": "f_5cfa6515d7f2fb5b7d7eb168",
        "externalId": "NODE-FVDSXS2T",
        "neighbors": [
          {
            "id": "n_5cfa81d328e6b90a8f0002a9",
            "weight": 0
          }
        ],
        "space": [
          "s_5cfa66af28e6b90a8f0000fd"
        ],
        "flags": [
          1
        ]
      }
    },
    {
      "type": "Feature",
      "geometry": {
        "type": "Point",
        "coordinates": [
          -1.1556529513114044,
          51.892136147231206
        ]
      },
      "properties": {
        "id": "n_5cfa81d928e6b90a8f0002ab",
        "map": "f_5cfa6515d7f2fb5b7d7eb168",
        "externalId": "NODE-WK6SMPYB",
        "neighbors": [
          {
            "id": "n_5cfa812428e6b90a8f00028c",
            "weight": 0
          },
          {
            "id": "n_5cfa81da28e6b90a8f0002ac",
            "weight": 0
          },
          {
            "id": "n_5cfa826a28e6b90a8f0002c9",
            "weight": 0
          }
        ],
        "space": [],
        "flags": [
          1
        ]
      }
    },
    {
      "type": "Feature",
      "geometry": {
        "type": "Point",
        "coordinates": [
          -1.1555376617230828,
          51.89210251383667
        ]
      },
      "properties": {
        "id": "n_5cfa81da28e6b90a8f0002ac",
        "map": "f_5cfa6515d7f2fb5b7d7eb168",
        "externalId": "NODE-Z2ES0WMQ",
        "neighbors": [
          {
            "id": "n_5cfa81d928e6b90a8f0002ab",
            "weight": 0
          }
        ],
        "space": [
          "s_5cfa66af28e6b90a8f0000fe"
        ],
        "flags": [
          1
        ]
      }
    },
    {
      "type": "Feature",
      "geometry": {
        "type": "Point",
        "coordinates": [
          -1.1550098732250265,
          51.892012757384464
        ]
      },
      "properties": {
        "id": "n_5cfa81e428e6b90a8f0002ad",
        "map": "f_5cfa6515d7f2fb5b7d7eb168",
        "externalId": "NODE-5MRKHMUR",
        "neighbors": [
          {
            "id": "n_5cfa81ed28e6b90a8f0002ae",
            "weight": 0
          },
          {
            "id": "n_5cfa81ef28e6b90a8f0002af",
            "weight": 0
          },
          {
            "id": "n_5d8e61bc5d99b82315000000",
            "weight": 0
          }
        ],
        "space": [],
        "flags": [
          1
        ]
      }
    },
    {
      "type": "Feature",
      "geometry": {
        "type": "Point",
        "coordinates": [
          -1.1550318705429843,
          51.891983455071426
        ]
      },
      "properties": {
        "id": "n_5cfa81ed28e6b90a8f0002ae",
        "map": "f_5cfa6515d7f2fb5b7d7eb168",
        "externalId": "NODE-T7PBDB5I",
        "neighbors": [
          {
            "id": "n_5cfa81e428e6b90a8f0002ad",
            "weight": 0
          }
        ],
        "space": [
          "s_5cfa66af28e6b90a8f000103"
        ],
        "flags": [
          1
        ]
      }
    },
    {
      "type": "Feature",
      "geometry": {
        "type": "Point",
        "coordinates": [
          -1.1551311496443915,
          51.892046732981406
        ]
      },
      "properties": {
        "id": "n_5cfa81ef28e6b90a8f0002af",
        "map": "f_5cfa6515d7f2fb5b7d7eb168",
        "externalId": "NODE-J0O04FC9",
        "neighbors": [
          {
            "id": "n_5cfa81e428e6b90a8f0002ad",
            "weight": 0
          },
          {
            "id": "n_5cfa81f128e6b90a8f0002b0",
            "weight": 0
          },
          {
            "id": "n_5cfa81f528e6b90a8f0002b2",
            "weight": 0
          }
        ],
        "space": [],
        "flags": [
          1
        ]
      }
    },
    {
      "type": "Feature",
      "geometry": {
        "type": "Point",
        "coordinates": [
          -1.1551487118052963,
          51.892020309025305
        ]
      },
      "properties": {
        "id": "n_5cfa81f128e6b90a8f0002b0",
        "map": "f_5cfa6515d7f2fb5b7d7eb168",
        "externalId": "NODE-G5E7RKTO",
        "neighbors": [
          {
            "id": "n_5cfa81ef28e6b90a8f0002af",
            "weight": 0
          }
        ],
        "space": [
          "s_5cfa66af28e6b90a8f000102"
        ],
        "flags": [
          1
        ]
      }
    },
    {
      "type": "Feature",
      "geometry": {
        "type": "Point",
        "coordinates": [
          -1.1552348581792349,
          51.892075786753814
        ]
      },
      "properties": {
        "id": "n_5cfa81f528e6b90a8f0002b2",
        "map": "f_5cfa6515d7f2fb5b7d7eb168",
        "externalId": "NODE-RPK6JHLD",
        "neighbors": [
          {
            "id": "n_5cfa81ef28e6b90a8f0002af",
            "weight": 0
          },
          {
            "id": "n_5cfa81f628e6b90a8f0002b3",
            "weight": 0
          },
          {
            "id": "n_5cfa81f828e6b90a8f0002b4",
            "weight": 0
          }
        ],
        "space": [],
        "flags": [
          1
        ]
      }
    },
    {
      "type": "Feature",
      "geometry": {
        "type": "Point",
        "coordinates": [
          -1.1552512644591653,
          51.8920493783982
        ]
      },
      "properties": {
        "id": "n_5cfa81f628e6b90a8f0002b3",
        "map": "f_5cfa6515d7f2fb5b7d7eb168",
        "externalId": "NODE-GW3JZEAA",
        "neighbors": [
          {
            "id": "n_5cfa81f528e6b90a8f0002b2",
            "weight": 0
          }
        ],
        "space": [
          "s_5cfa66af28e6b90a8f000101"
        ],
        "flags": [
          1
        ]
      }
    },
    {
      "type": "Feature",
      "geometry": {
        "type": "Point",
        "coordinates": [
          -1.1553328675870682,
          51.89210324369349
        ]
      },
      "properties": {
        "id": "n_5cfa81f828e6b90a8f0002b4",
        "map": "f_5cfa6515d7f2fb5b7d7eb168",
        "externalId": "NODE-SUBK81AR",
        "neighbors": [
          {
            "id": "n_5cfa81f528e6b90a8f0002b2",
            "weight": 0
          },
          {
            "id": "n_5cfa81f928e6b90a8f0002b5",
            "weight": 0
          },
          {
            "id": "n_5cfa81fd28e6b90a8f0002b6",
            "weight": 0
          }
        ],
        "space": [],
        "flags": [
          1
        ]
      }
    },
    {
      "type": "Feature",
      "geometry": {
        "type": "Point",
        "coordinates": [
          -1.155349613301631,
          51.892080003523105
        ]
      },
      "properties": {
        "id": "n_5cfa81f928e6b90a8f0002b5",
        "map": "f_5cfa6515d7f2fb5b7d7eb168",
        "externalId": "NODE-HRR477Q1",
        "neighbors": [
          {
            "id": "n_5cfa81f828e6b90a8f0002b4",
            "weight": 0
          }
        ],
        "space": [
          "s_5cfa66af28e6b90a8f000100"
        ],
        "flags": [
          1
        ]
      }
    },
    {
      "type": "Feature",
      "geometry": {
        "type": "Point",
        "coordinates": [
          -1.1554154820316482,
          51.89212638790713
        ]
      },
      "properties": {
        "id": "n_5cfa81fd28e6b90a8f0002b6",
        "map": "f_5cfa6515d7f2fb5b7d7eb168",
        "externalId": "NODE-W3MWMH5W",
        "neighbors": [
          {
            "id": "n_5cfa81f828e6b90a8f0002b4",
            "weight": 0
          },
          {
            "id": "n_5cfa81fe28e6b90a8f0002b7",
            "weight": 0
          },
          {
            "id": "n_5cfa812428e6b90a8f00028c",
            "weight": 0
          }
        ],
        "space": [],
        "flags": [
          1
        ]
      }
    },
    {
      "type": "Feature",
      "geometry": {
        "type": "Point",
        "coordinates": [
          -1.1554319922961203,
          51.89210232503953
        ]
      },
      "properties": {
        "id": "n_5cfa81fe28e6b90a8f0002b7",
        "map": "f_5cfa6515d7f2fb5b7d7eb168",
        "externalId": "NODE-VSJX3VOI",
        "neighbors": [
          {
            "id": "n_5cfa81fd28e6b90a8f0002b6",
            "weight": 0
          }
        ],
        "space": [
          "s_5cfa66af28e6b90a8f0000ff"
        ],
        "flags": [
          1
        ]
      }
    },
    {
      "type": "Feature",
      "geometry": {
        "type": "Point",
        "coordinates": [
          -1.1562727682682787,
          51.891962227048225
        ]
      },
      "properties": {
        "id": "n_5cfa822328e6b90a8f0002bb",
        "map": "f_5cfa6515d7f2fb5b7d7eb168",
        "externalId": "NODE-GBJZMLTM",
        "neighbors": [
          {
            "id": "n_5cfa822f28e6b90a8f0002bc",
            "weight": 0
          },
          {
            "id": "n_5cfa836a28e6b90a8f0002ea",
            "weight": 0
          }
        ],
        "space": [],
        "flags": [
          1
        ]
      }
    },
    {
      "type": "Feature",
      "geometry": {
        "type": "Point",
        "coordinates": [
          -1.1563039355057294,
          51.891918331726295
        ]
      },
      "properties": {
        "id": "n_5cfa822f28e6b90a8f0002bc",
        "map": "f_5cfa6515d7f2fb5b7d7eb168",
        "externalId": "NODE-H66R12GZ",
        "neighbors": [
          {
            "id": "n_5cfa822328e6b90a8f0002bb",
            "weight": 0
          },
          {
            "id": "n_5cfa832028e6b90a8f0002dc",
            "weight": 0
          },
          {
            "id": "n_5cfa833928e6b90a8f0002e2",
            "weight": 0
          }
        ],
        "space": [],
        "flags": [
          1
        ]
      }
    },
    {
      "type": "Feature",
      "geometry": {
        "type": "Point",
        "coordinates": [
          -1.1561813814270574,
          51.89208782285376
        ]
      },
      "properties": {
        "id": "n_5cfa823a28e6b90a8f0002bd",
        "map": "f_5cfa6515d7f2fb5b7d7eb168",
        "externalId": "NODE-0DRNC20Y",
        "neighbors": [
          {
            "id": "n_5cfa823b28e6b90a8f0002be",
            "weight": 0
          },
          {
            "id": "n_5cfa836a28e6b90a8f0002ea",
            "weight": 0
          }
        ],
        "space": [],
        "flags": [
          1
        ]
      }
    },
    {
      "type": "Feature",
      "geometry": {
        "type": "Point",
        "coordinates": [
          -1.1562331690432994,
          51.89210229866576
        ]
      },
      "properties": {
        "id": "n_5cfa823b28e6b90a8f0002be",
        "map": "f_5cfa6515d7f2fb5b7d7eb168",
        "externalId": "NODE-HVMH7EAF",
        "neighbors": [
          {
            "id": "n_5cfa823a28e6b90a8f0002bd",
            "weight": 0
          }
        ],
        "space": [
          "s_5cfa66af28e6b90a8f0000b9"
        ],
        "flags": [
          1
        ]
      }
    },
    {
      "type": "Feature",
      "geometry": {
        "type": "Point",
        "coordinates": [
          -1.1559434592522975,
          51.89227035243543
        ]
      },
      "properties": {
        "id": "n_5cfa824f28e6b90a8f0002c2",
        "map": "f_5cfa6515d7f2fb5b7d7eb168",
        "externalId": "NODE-AOPVI874",
        "neighbors": [
          {
            "id": "n_5cfa825028e6b90a8f0002c3",
            "weight": 0
          },
          {
            "id": "n_5cfa825628e6b90a8f0002c4",
            "weight": 0
          },
          {
            "id": "n_5d84df3c0ab547446b000013",
            "weight": 0
          }
        ],
        "space": [],
        "flags": [
          1
        ]
      }
    },
    {
      "type": "Feature",
      "geometry": {
        "type": "Point",
        "coordinates": [
          -1.1559611719282878,
          51.892242544837416
        ]
      },
      "properties": {
        "id": "n_5cfa825028e6b90a8f0002c3",
        "map": "f_5cfa6515d7f2fb5b7d7eb168",
        "externalId": "NODE-W07AIONI",
        "neighbors": [
          {
            "id": "n_5cfa824f28e6b90a8f0002c2",
            "weight": 0
          }
        ],
        "space": [
          "s_5cfa66af28e6b90a8f000113"
        ],
        "flags": [
          1
        ]
      }
    },
    {
      "type": "Feature",
      "geometry": {
        "type": "Point",
        "coordinates": [
          -1.1558525403711242,
          51.892245986307
        ]
      },
      "properties": {
        "id": "n_5cfa825628e6b90a8f0002c4",
        "map": "f_5cfa6515d7f2fb5b7d7eb168",
        "externalId": "NODE-83NHDFSO",
        "neighbors": [
          {
            "id": "n_5cfa824f28e6b90a8f0002c2",
            "weight": 0
          },
          {
            "id": "n_5cfa825728e6b90a8f0002c5",
            "weight": 0
          },
          {
            "id": "n_5cfa825c28e6b90a8f0002c6",
            "weight": 0
          }
        ],
        "space": [],
        "flags": [
          1
        ]
      }
    },
    {
      "type": "Feature",
      "geometry": {
        "type": "Point",
        "coordinates": [
          -1.155869481086283,
          51.8922207145765
        ]
      },
      "properties": {
        "id": "n_5cfa825728e6b90a8f0002c5",
        "map": "f_5cfa6515d7f2fb5b7d7eb168",
        "externalId": "NODE-DKC6QP6M",
        "neighbors": [
          {
            "id": "n_5cfa825628e6b90a8f0002c4",
            "weight": 0
          }
        ],
        "space": [
          "s_5cfa66af28e6b90a8f000114"
        ],
        "flags": [
          1
        ]
      }
    },
    {
      "type": "Feature",
      "geometry": {
        "type": "Point",
        "coordinates": [
          -1.1557460296707807,
          51.89221744154382
        ]
      },
      "properties": {
        "id": "n_5cfa825c28e6b90a8f0002c6",
        "map": "f_5cfa6515d7f2fb5b7d7eb168",
        "externalId": "NODE-HM6SPCZC",
        "neighbors": [
          {
            "id": "n_5cfa812428e6b90a8f00028c",
            "weight": 0
          },
          {
            "id": "n_5cfa825628e6b90a8f0002c4",
            "weight": 0
          },
          {
            "id": "n_5cfa825d28e6b90a8f0002c7",
            "weight": 0
          }
        ],
        "space": [],
        "flags": [
          1
        ]
      }
    },
    {
      "type": "Feature",
      "geometry": {
        "type": "Point",
        "coordinates": [
          -1.155763318641777,
          51.89219135948081
        ]
      },
      "properties": {
        "id": "n_5cfa825d28e6b90a8f0002c7",
        "map": "f_5cfa6515d7f2fb5b7d7eb168",
        "externalId": "NODE-K4Y67MF4",
        "neighbors": [
          {
            "id": "n_5cfa825c28e6b90a8f0002c6",
            "weight": 0
          }
        ],
        "space": [
          "s_5cfa7aab28e6b90a8f000199"
        ],
        "flags": [
          1
        ]
      }
    },
    {
      "type": "Feature",
      "geometry": {
        "type": "Point",
        "coordinates": [
          -1.155677065999028,
          51.89210387427432
        ]
      },
      "properties": {
        "id": "n_5cfa826a28e6b90a8f0002c9",
        "map": "f_5cfa6515d7f2fb5b7d7eb168",
        "externalId": "NODE-XDM4SU70",
        "neighbors": [
          {
            "id": "n_5cfa81d328e6b90a8f0002a9",
            "weight": 0
          },
          {
            "id": "n_5cfa81d928e6b90a8f0002ab",
            "weight": 0
          },
          {
            "id": "n_5cfa826b28e6b90a8f0002ca",
            "weight": 0
          }
        ],
        "space": [],
        "flags": [
          1
        ]
      }
    },
    {
      "type": "Feature",
      "geometry": {
        "type": "Point",
        "coordinates": [
          -1.1557667046468114,
          51.89212910077793
        ]
      },
      "properties": {
        "id": "n_5cfa826b28e6b90a8f0002ca",
        "map": "f_5cfa6515d7f2fb5b7d7eb168",
        "externalId": "NODE-XZBGM8GA",
        "neighbors": [
          {
            "id": "n_5cfa826a28e6b90a8f0002c9",
            "weight": 0
          }
        ],
        "space": [
          "s_5cfa7aab28e6b90a8f000198"
        ],
        "flags": [
          1
        ]
      }
    },
    {
      "type": "Feature",
      "geometry": {
        "type": "Point",
        "coordinates": [
          -1.1557962003682143,
          51.89208681655196
        ]
      },
      "properties": {
        "id": "n_5cfa827328e6b90a8f0002cb",
        "map": "f_5cfa6515d7f2fb5b7d7eb168",
        "externalId": "NODE-VA7QOS4A",
        "neighbors": [
          {
            "id": "n_5cfa81d328e6b90a8f0002a9",
            "weight": 0
          }
        ],
        "space": [
          "s_5cfa66af28e6b90a8f000116"
        ],
        "flags": [
          1
        ]
      }
    },
    {
      "type": "Feature",
      "geometry": {
        "type": "Point",
        "coordinates": [
          -1.1557670411901237,
          51.89198335352785
        ]
      },
      "properties": {
        "id": "n_5cfa827728e6b90a8f0002cc",
        "map": "f_5cfa6515d7f2fb5b7d7eb168",
        "externalId": "NODE-4CQ80CHN",
        "neighbors": [
          {
            "id": "n_5cfa81cc28e6b90a8f0002a7",
            "weight": 0
          },
          {
            "id": "n_5cfa827928e6b90a8f0002cd",
            "weight": 0
          },
          {
            "id": "n_5edf4d6580861e0c19000172",
            "weight": 0
          }
        ],
        "space": [],
        "flags": [
          1
        ]
      }
    },
    {
      "type": "Feature",
      "geometry": {
        "type": "Point",
        "coordinates": [
          -1.1558491371324369,
          51.89200822588662
        ]
      },
      "properties": {
        "id": "n_5cfa827928e6b90a8f0002cd",
        "map": "f_5cfa6515d7f2fb5b7d7eb168",
        "externalId": "NODE-VF01J9GX",
        "neighbors": [
          {
            "id": "n_5cfa827728e6b90a8f0002cc",
            "weight": 0
          }
        ],
        "space": [
          "s_5cfa66af28e6b90a8f00011b"
        ],
        "flags": [
          1
        ]
      }
    },
    {
      "type": "Feature",
      "geometry": {
        "type": "Point",
        "coordinates": [
          -1.1558264762083106,
          51.89190705150367
        ]
      },
      "properties": {
        "id": "n_5cfa827d28e6b90a8f0002ce",
        "map": "f_5cfa6515d7f2fb5b7d7eb168",
        "externalId": "NODE-2R4RJ39G",
        "neighbors": [
          {
            "id": "n_5cfa81cc28e6b90a8f0002a7",
            "weight": 0
          },
          {
            "id": "n_5cfa827e28e6b90a8f0002cf",
            "weight": 0
          },
          {
            "id": "n_5d8e0b293e71034ee2000000",
            "weight": 0
          }
        ],
        "space": [],
        "flags": [
          1
        ]
      }
    },
    {
      "type": "Feature",
      "geometry": {
        "type": "Point",
        "coordinates": [
          -1.1559071737509263,
          51.89192937245009
        ]
      },
      "properties": {
        "id": "n_5cfa827e28e6b90a8f0002cf",
        "map": "f_5cfa6515d7f2fb5b7d7eb168",
        "externalId": "NODE-ZYSS9DEO",
        "neighbors": [
          {
            "id": "n_5cfa827d28e6b90a8f0002ce",
            "weight": 0
          }
        ],
        "space": [
          "s_5cfa66af28e6b90a8f000117"
        ],
        "flags": [
          1
        ]
      }
    },
    {
      "type": "Feature",
      "geometry": {
        "type": "Point",
        "coordinates": [
          -1.1560542112998626,
          51.89185172787021
        ]
      },
      "properties": {
        "id": "n_5cfa82b528e6b90a8f0002d2",
        "map": "f_5cfa6515d7f2fb5b7d7eb168",
        "externalId": "NODE-U4WR68ID",
        "neighbors": [
          {
            "id": "n_5cfa7d9b28e6b90a8f0001aa",
            "weight": 0
          },
          {
            "id": "n_5cfa82b528e6b90a8f0002d2",
            "weight": 0
          },
          {
            "id": "n_5cfa831528e6b90a8f0002d8",
            "weight": 1
          }
        ],
        "space": [
          "s_5cfa7bdb28e6b90a8f00019a"
        ],
        "flags": [
          1
        ]
      }
    },
    {
      "type": "Feature",
      "geometry": {
        "type": "Point",
        "coordinates": [
          -1.1569370191479005,
          51.89206744817124
        ]
      },
      "properties": {
        "id": "n_5cfa82ba28e6b90a8f0002d3",
        "map": "f_5cfa6515d7f2fb5b7d7eb168",
        "externalId": "NODE-9X6CJCHC",
        "neighbors": [
          {
            "id": "n_5cfa839b28e6b90a8f0002f6",
            "weight": 0
          },
          {
            "id": "n_5eda296eb20b0a0fbc0002ea",
            "weight": 0
          }
        ],
        "space": [
          "s_5cfa66af28e6b90a8f0000c1"
        ],
        "flags": [
          1
        ]
      }
    },
    {
      "type": "Feature",
      "geometry": {
        "type": "Point",
        "coordinates": [
          -1.1578448009994553,
          51.892319186898156
        ]
      },
      "properties": {
        "id": "n_5cfa82bd28e6b90a8f0002d4",
        "map": "f_5cfa6515d7f2fb5b7d7eb168",
        "externalId": "NODE-BGU7Q1D2",
        "neighbors": [
          {
            "id": "n_5cfa83fb28e6b90a8f000311",
            "weight": 0
          },
          {
            "id": "n_5cfa840528e6b90a8f000314",
            "weight": 0
          },
          {
            "id": "n_5cfa840c28e6b90a8f000316",
            "weight": 0
          }
        ],
        "space": [
          "s_5cfa66af28e6b90a8f0000c0"
        ],
        "flags": [
          1
        ]
      }
    },
    {
      "type": "Feature",
      "geometry": {
        "type": "Point",
        "coordinates": [
          -1.1588145137405115,
          51.89264701405517
        ]
      },
      "properties": {
        "id": "n_5cfa82c328e6b90a8f0002d5",
        "map": "f_5cfa6515d7f2fb5b7d7eb168",
        "externalId": "NODE-HQDBVN9W",
        "neighbors": [
          {
            "id": "n_5cfa84f228e6b90a8f000349",
            "weight": 0
          },
          {
            "id": "n_5cfa865228e6b90a8f000374",
            "weight": 0
          }
        ],
        "space": [
          "s_5cfa66af28e6b90a8f0000be"
        ],
        "flags": [
          1
        ]
      }
    },
    {
      "type": "Feature",
      "geometry": {
        "type": "Point",
        "coordinates": [
          -1.1590808018182894,
          51.89274714069478
        ]
      },
      "properties": {
        "id": "n_5cfa82c628e6b90a8f0002d6",
        "map": "f_5cfa6515d7f2fb5b7d7eb168",
        "externalId": "NODE-UUKP9JM6",
        "neighbors": [
          {
            "id": "n_5cfa864128e6b90a8f00036f",
            "weight": 0
          },
          {
            "id": "n_5cfa864928e6b90a8f000371",
            "weight": 0
          },
          {
            "id": "n_5cfa865928e6b90a8f000376",
            "weight": 0
          },
          {
            "id": "n_5cfa865c28e6b90a8f000377",
            "weight": 0
          }
        ],
        "space": [
          "s_5cfa66af28e6b90a8f0000bd"
        ],
        "flags": [
          1
        ]
      }
    },
    {
      "type": "Feature",
      "geometry": {
        "type": "Point",
        "coordinates": [
          -1.1597956560353735,
          51.89297004462897
        ]
      },
      "properties": {
        "id": "n_5cfa82c928e6b90a8f0002d7",
        "map": "f_5cfa6515d7f2fb5b7d7eb168",
        "externalId": "NODE-0QUABDYE",
        "neighbors": [
          {
            "id": "n_5cfa85e828e6b90a8f000359",
            "weight": 0
          },
          {
            "id": "n_5cfa860928e6b90a8f000366",
            "weight": 0
          }
        ],
        "space": [],
        "flags": [
          1
        ]
      }
    },
    {
      "type": "Feature",
      "geometry": {
        "type": "Point",
        "coordinates": [
          -1.1560866400569392,
          51.89186037687777
        ]
      },
      "properties": {
        "id": "n_5cfa831528e6b90a8f0002d8",
        "map": "f_5cfa6515d7f2fb5b7d7eb168",
        "externalId": "Lease 90a",
        "neighbors": [
          {
            "id": "n_5cfa82b528e6b90a8f0002d2",
            "weight": 0
          },
          {
            "id": "n_5cfa831728e6b90a8f0002d9",
            "weight": 0
          },
          {
            "id": "n_5d49b6785d99b80bad000001",
            "weight": 0
          },
          {
            "id": "n_5cfa831528e6b90a8f0002d8",
            "weight": 1
          }
        ],
        "space": [],
        "flags": [
          1
        ]
      }
    },
    {
      "type": "Feature",
      "geometry": {
        "type": "Point",
        "coordinates": [
          -1.1560372324457764,
          51.891932975888174
        ]
      },
      "properties": {
        "id": "n_5cfa831728e6b90a8f0002d9",
        "map": "f_5cfa6515d7f2fb5b7d7eb168",
        "externalId": "NODE-555ASXWD",
        "neighbors": [
          {
            "id": "n_5cfa831528e6b90a8f0002d8",
            "weight": 1
          }
        ],
        "space": [
          "s_5cfa66af28e6b90a8f000118"
        ],
        "flags": [
          1
        ]
      }
    },
    {
      "type": "Feature",
      "geometry": {
        "type": "Point",
        "coordinates": [
          -1.156160375723131,
          51.89188004298587
        ]
      },
      "properties": {
        "id": "n_5cfa831c28e6b90a8f0002da",
        "map": "f_5cfa6515d7f2fb5b7d7eb168",
        "externalId": "NODE-UCJ0USFE",
        "neighbors": [
          {
            "id": "n_5cfa831d28e6b90a8f0002db",
            "weight": 0
          },
          {
            "id": "n_5cfa832428e6b90a8f0002de",
            "weight": 0
          },
          {
            "id": "n_5d49b6785d99b80bad000001",
            "weight": 0
          }
        ],
        "space": [],
        "flags": [
          1
        ]
      }
    },
    {
      "type": "Feature",
      "geometry": {
        "type": "Point",
        "coordinates": [
          -1.15611036567007,
          51.891950626198366
        ]
      },
      "properties": {
        "id": "n_5cfa831d28e6b90a8f0002db",
        "map": "f_5cfa6515d7f2fb5b7d7eb168",
        "externalId": "NODE-OPRVE52G",
        "neighbors": [
          {
            "id": "n_5cfa831c28e6b90a8f0002da",
            "weight": 0
          }
        ],
        "space": [
          "s_5cfa66af28e6b90a8f000119"
        ],
        "flags": [
          1
        ]
      }
    },
    {
      "type": "Feature",
      "geometry": {
        "type": "Point",
        "coordinates": [
          -1.1562484356830327,
          51.89190352938268
        ]
      },
      "properties": {
        "id": "n_5cfa832028e6b90a8f0002dc",
        "map": "f_5cfa6515d7f2fb5b7d7eb168",
        "externalId": "NODE-PGU9RVM3",
        "neighbors": [
          {
            "id": "n_5cfa822f28e6b90a8f0002bc",
            "weight": 0
          },
          {
            "id": "n_5cfa832228e6b90a8f0002dd",
            "weight": 0
          },
          {
            "id": "n_5cfa832428e6b90a8f0002de",
            "weight": 0
          },
          {
            "id": "n_61a90f0663b2cb3ab8000000",
            "weight": 0
          }
        ],
        "space": [],
        "flags": [
          1
        ]
      }
    },
    {
      "type": "Feature",
      "geometry": {
        "type": "Point",
        "coordinates": [
          -1.156195265497275,
          51.891977098064125
        ]
      },
      "properties": {
        "id": "n_5cfa832228e6b90a8f0002dd",
        "map": "f_5cfa6515d7f2fb5b7d7eb168",
        "externalId": "NODE-IY5PLJE8",
        "neighbors": [
          {
            "id": "n_5cfa832028e6b90a8f0002dc",
            "weight": 0
          }
        ],
        "space": [
          "s_5cfa66af28e6b90a8f00011a"
        ],
        "flags": [
          1
        ]
      }
    },
    {
      "type": "Feature",
      "geometry": {
        "type": "Point",
        "coordinates": [
          -1.156173546968181,
          51.89188355581683
        ]
      },
      "properties": {
        "id": "n_5cfa832428e6b90a8f0002de",
        "map": "f_5cfa6515d7f2fb5b7d7eb168",
        "externalId": "NODE-HZ38B7HF",
        "neighbors": [
          {
            "id": "n_5cfa831c28e6b90a8f0002da",
            "weight": 0
          },
          {
            "id": "n_5cfa832028e6b90a8f0002dc",
            "weight": 0
          }
        ],
        "space": [],
        "flags": [
          1
        ]
      }
    },
    {
      "type": "Feature",
      "geometry": {
        "type": "Point",
        "coordinates": [
          -1.1564035804608788,
          51.891944769814245
        ]
      },
      "properties": {
        "id": "n_5cfa833928e6b90a8f0002e2",
        "map": "f_5cfa6515d7f2fb5b7d7eb168",
        "externalId": "NODE-DX7RBQWP",
        "neighbors": [
          {
            "id": "n_5cfa822f28e6b90a8f0002bc",
            "weight": 0
          },
          {
            "id": "n_5cfa833b28e6b90a8f0002e3",
            "weight": 0
          },
          {
            "id": "n_5cfa834228e6b90a8f0002e4",
            "weight": 0
          },
          {
            "id": "n_5cfa836728e6b90a8f0002e9",
            "weight": 0
          }
        ],
        "space": [],
        "flags": [
          1
        ]
      }
    },
    {
      "type": "Feature",
      "geometry": {
        "type": "Point",
        "coordinates": [
          -1.1564485936465934,
          51.89187860254361
        ]
      },
      "properties": {
        "id": "n_5cfa833b28e6b90a8f0002e3",
        "map": "f_5cfa6515d7f2fb5b7d7eb168",
        "externalId": "NODE-J4X1DY9A",
        "neighbors": [
          {
            "id": "n_5cfa833928e6b90a8f0002e2",
            "weight": 0
          }
        ],
        "space": [
          "s_5cfa66af28e6b90a8f0000d4"
        ],
        "flags": [
          1
        ]
      }
    },
    {
      "type": "Feature",
      "geometry": {
        "type": "Point",
        "coordinates": [
          -1.1565117836806753,
          51.89197347857807
        ]
      },
      "properties": {
        "id": "n_5cfa834228e6b90a8f0002e4",
        "map": "f_5cfa6515d7f2fb5b7d7eb168",
        "externalId": "NODE-BBBDVFSE",
        "neighbors": [
          {
            "id": "n_5cfa833928e6b90a8f0002e2",
            "weight": 0
          },
          {
            "id": "n_5cfa7d7d28e6b90a8f0001a6",
            "weight": 0
          },
          {
            "id": "n_5cfa834428e6b90a8f0002e5",
            "weight": 0
          }
        ],
        "space": [],
        "flags": [
          1
        ]
      }
    },
    {
      "type": "Feature",
      "geometry": {
        "type": "Point",
        "coordinates": [
          -1.1565587135878204,
          51.891906115319394
        ]
      },
      "properties": {
        "id": "n_5cfa834428e6b90a8f0002e5",
        "map": "f_5cfa6515d7f2fb5b7d7eb168",
        "externalId": "NODE-GU1LTUP6",
        "neighbors": [
          {
            "id": "n_5cfa834228e6b90a8f0002e4",
            "weight": 0
          }
        ],
        "space": [
          "s_5cfa66af28e6b90a8f0000d3"
        ],
        "flags": [
          1
        ]
      }
    },
    {
      "type": "Feature",
      "geometry": {
        "type": "Point",
        "coordinates": [
          -1.1565040088557548,
          51.892074726519844
        ]
      },
      "properties": {
        "id": "n_5cfa835f28e6b90a8f0002e7",
        "map": "f_5cfa6515d7f2fb5b7d7eb168",
        "externalId": "NODE-PRDYBGF3",
        "neighbors": [
          {
            "id": "n_5cfa7d7d28e6b90a8f0001a6",
            "weight": 0
          }
        ],
        "space": [
          "s_5cfa66af28e6b90a8f0000c5"
        ],
        "flags": [
          1
        ]
      }
    },
    {
      "type": "Feature",
      "geometry": {
        "type": "Point",
        "coordinates": [
          -1.1563510226040634,
          51.89202178531804
        ]
      },
      "properties": {
        "id": "n_5cfa836728e6b90a8f0002e9",
        "map": "f_5cfa6515d7f2fb5b7d7eb168",
        "externalId": "NODE-N6HRJTLV",
        "neighbors": [
          {
            "id": "n_5cfa833928e6b90a8f0002e2",
            "weight": 0
          }
        ],
        "space": [
          "s_5cfa66af28e6b90a8f00011c"
        ],
        "flags": [
          1
        ]
      }
    },
    {
      "type": "Feature",
      "geometry": {
        "type": "Point",
        "coordinates": [
          -1.1562355454388336,
          51.89201338351746
        ]
      },
      "properties": {
        "id": "n_5cfa836a28e6b90a8f0002ea",
        "map": "f_5cfa6515d7f2fb5b7d7eb168",
        "externalId": "NODE-PJCMPFJJ",
        "neighbors": [
          {
            "id": "n_5cfa822328e6b90a8f0002bb",
            "weight": 0
          },
          {
            "id": "n_5cfa823a28e6b90a8f0002bd",
            "weight": 0
          }
        ],
        "space": [],
        "flags": [
          1
        ]
      }
    },
    {
      "type": "Feature",
      "geometry": {
        "type": "Point",
        "coordinates": [
          -1.1566552497301514,
          51.89198916343172
        ]
      },
      "properties": {
        "id": "n_5cfa838028e6b90a8f0002ef",
        "map": "f_5cfa6515d7f2fb5b7d7eb168",
        "externalId": "NODE-KYKZ6CW5",
        "neighbors": [
          {
            "id": "n_5cfa7d6928e6b90a8f0001a5",
            "weight": 0
          },
          {
            "id": "n_5cfa7d7d28e6b90a8f0001a6",
            "weight": 0
          },
          {
            "id": "n_5cfa838228e6b90a8f0002f0",
            "weight": 0
          }
        ],
        "space": [],
        "flags": [
          1
        ]
      }
    },
    {
      "type": "Feature",
      "geometry": {
        "type": "Point",
        "coordinates": [
          -1.1566911298890044,
          51.89193871175446
        ]
      },
      "properties": {
        "id": "n_5cfa838228e6b90a8f0002f0",
        "map": "f_5cfa6515d7f2fb5b7d7eb168",
        "externalId": "NODE-6EI4S93S",
        "neighbors": [
          {
            "id": "n_5cfa838028e6b90a8f0002ef",
            "weight": 0
          }
        ],
        "space": [
          "s_5cfa66af28e6b90a8f000158"
        ],
        "flags": [
          1
        ]
      }
    },
    {
      "type": "Feature",
      "geometry": {
        "type": "Point",
        "coordinates": [
          -1.1567628030908097,
          51.89201913490911
        ]
      },
      "properties": {
        "id": "n_5cfa838528e6b90a8f0002f1",
        "map": "f_5cfa6515d7f2fb5b7d7eb168",
        "externalId": "NODE-EVDOLLU5",
        "neighbors": [
          {
            "id": "n_5cfa7d6928e6b90a8f0001a5",
            "weight": 0
          },
          {
            "id": "n_5cfa838628e6b90a8f0002f2",
            "weight": 0
          },
          {
            "id": "n_5cfa838e28e6b90a8f0002f4",
            "weight": 0
          }
        ],
        "space": [],
        "flags": [
          1
        ]
      }
    },
    {
      "type": "Feature",
      "geometry": {
        "type": "Point",
        "coordinates": [
          -1.156797548033953,
          51.89196897611008
        ]
      },
      "properties": {
        "id": "n_5cfa838628e6b90a8f0002f2",
        "map": "f_5cfa6515d7f2fb5b7d7eb168",
        "externalId": "NODE-CQOQKZMH",
        "neighbors": [
          {
            "id": "n_5cfa838528e6b90a8f0002f1",
            "weight": 0
          }
        ],
        "space": [
          "s_5cfa66af28e6b90a8f000153"
        ],
        "flags": [
          1
        ]
      }
    },
    {
      "type": "Feature",
      "geometry": {
        "type": "Point",
        "coordinates": [
          -1.1568286753347978,
          51.89203740245145
        ]
      },
      "properties": {
        "id": "n_5cfa838e28e6b90a8f0002f4",
        "map": "f_5cfa6515d7f2fb5b7d7eb168",
        "externalId": "NODE-JNV38Y79",
        "neighbors": [
          {
            "id": "n_5cfa838528e6b90a8f0002f1",
            "weight": 0
          },
          {
            "id": "n_5cfa839028e6b90a8f0002f5",
            "weight": 0
          },
          {
            "id": "n_5cfa839b28e6b90a8f0002f6",
            "weight": 0
          }
        ],
        "space": [],
        "flags": [
          1
        ]
      }
    },
    {
      "type": "Feature",
      "geometry": {
        "type": "Point",
        "coordinates": [
          -1.156793302780079,
          51.89208830564657
        ]
      },
      "properties": {
        "id": "n_5cfa839028e6b90a8f0002f5",
        "map": "f_5cfa6515d7f2fb5b7d7eb168",
        "externalId": "NODE-CA9626MM",
        "neighbors": [
          {
            "id": "n_5cfa838e28e6b90a8f0002f4",
            "weight": 0
          }
        ],
        "space": [
          "s_5cfa66af28e6b90a8f00011d"
        ],
        "flags": [
          1
        ]
      }
    },
    {
      "type": "Feature",
      "geometry": {
        "type": "Point",
        "coordinates": [
          -1.1568881512852058,
          51.8920538961745
        ]
      },
      "properties": {
        "id": "n_5cfa839b28e6b90a8f0002f6",
        "map": "f_5cfa6515d7f2fb5b7d7eb168",
        "externalId": "NODE-B0VXSE00",
        "neighbors": [
          {
            "id": "n_5cfa82ba28e6b90a8f0002d3",
            "weight": 0
          },
          {
            "id": "n_5cfa838e28e6b90a8f0002f4",
            "weight": 0
          },
          {
            "id": "n_5cfa839d28e6b90a8f0002f7",
            "weight": 0
          }
        ],
        "space": [],
        "flags": [
          1
        ]
      }
    },
    {
      "type": "Feature",
      "geometry": {
        "type": "Point",
        "coordinates": [
          -1.1569227975321383,
          51.892005829441636
        ]
      },
      "properties": {
        "id": "n_5cfa839d28e6b90a8f0002f7",
        "map": "f_5cfa6515d7f2fb5b7d7eb168",
        "externalId": "NODE-04S76BW4",
        "neighbors": [
          {
            "id": "n_5cfa839b28e6b90a8f0002f6",
            "weight": 0
          }
        ],
        "space": [
          "s_5cfa66af28e6b90a8f00015a"
        ],
        "flags": [
          1
        ]
      }
    },
    {
      "type": "Feature",
      "geometry": {
        "type": "Point",
        "coordinates": [
          -1.1570588312193455,
          51.8921012243077
        ]
      },
      "properties": {
        "id": "n_5cfa83a128e6b90a8f0002f8",
        "map": "f_5cfa6515d7f2fb5b7d7eb168",
        "externalId": "NODE-NHRFUPI4",
        "neighbors": [
          {
            "id": "n_5cfa83a228e6b90a8f0002f9",
            "weight": 0
          },
          {
            "id": "n_5cfa83a728e6b90a8f0002fa",
            "weight": 0
          },
          {
            "id": "n_5cfa83b128e6b90a8f0002fc",
            "weight": 0
          },
          {
            "id": "n_5eda296eb20b0a0fbc0002ea",
            "weight": 0
          }
        ],
        "space": [],
        "flags": [
          1
        ]
      }
    },
    {
      "type": "Feature",
      "geometry": {
        "type": "Point",
        "coordinates": [
          -1.1571020751208905,
          51.89204109676336
        ]
      },
      "properties": {
        "id": "n_5cfa83a228e6b90a8f0002f9",
        "map": "f_5cfa6515d7f2fb5b7d7eb168",
        "externalId": "NODE-EKGLMICK",
        "neighbors": [
          {
            "id": "n_5cfa83a128e6b90a8f0002f8",
            "weight": 0
          }
        ],
        "space": [
          "s_5cfa66af28e6b90a8f000159"
        ],
        "flags": [
          1
        ]
      }
    },
    {
      "type": "Feature",
      "geometry": {
        "type": "Point",
        "coordinates": [
          -1.1571579573318698,
          51.892128717810394
        ]
      },
      "properties": {
        "id": "n_5cfa83a728e6b90a8f0002fa",
        "map": "f_5cfa6515d7f2fb5b7d7eb168",
        "externalId": "NODE-UBXBG2OR",
        "neighbors": [
          {
            "id": "n_5cfa83a128e6b90a8f0002f8",
            "weight": 0
          },
          {
            "id": "n_5cfa83a928e6b90a8f0002fb",
            "weight": 0
          },
          {
            "id": "n_5cfa83be28e6b90a8f0002ff",
            "weight": 0
          }
        ],
        "space": [],
        "flags": [
          1
        ]
      }
    },
    {
      "type": "Feature",
      "geometry": {
        "type": "Point",
        "coordinates": [
          -1.157199585179282,
          51.89206964494309
        ]
      },
      "properties": {
        "id": "n_5cfa83a928e6b90a8f0002fb",
        "map": "f_5cfa6515d7f2fb5b7d7eb168",
        "externalId": "NODE-L60D3Q29",
        "neighbors": [
          {
            "id": "n_5cfa83a728e6b90a8f0002fa",
            "weight": 0
          }
        ],
        "space": [
          "s_5cfa66af28e6b90a8f000157"
        ],
        "flags": [
          1
        ]
      }
    },
    {
      "type": "Feature",
      "geometry": {
        "type": "Point",
        "coordinates": [
          -1.1570218231604563,
          51.89215258327222
        ]
      },
      "properties": {
        "id": "n_5cfa83b128e6b90a8f0002fc",
        "map": "f_5cfa6515d7f2fb5b7d7eb168",
        "externalId": "NODE-9T741UNJ",
        "neighbors": [
          {
            "id": "n_5cfa83a128e6b90a8f0002f8",
            "weight": 0
          }
        ],
        "space": [
          "s_5cfa66af28e6b90a8f000124"
        ],
        "flags": [
          1
        ]
      }
    },
    {
      "type": "Feature",
      "geometry": {
        "type": "Point",
        "coordinates": [
          -1.1572641405427015,
          51.89215816401465
        ]
      },
      "properties": {
        "id": "n_5cfa83b628e6b90a8f0002fd",
        "map": "f_5cfa6515d7f2fb5b7d7eb168",
        "externalId": "NODE-FX5V490U",
        "neighbors": [
          {
            "id": "n_5cfa83b728e6b90a8f0002fe",
            "weight": 0
          },
          {
            "id": "n_5cfa83be28e6b90a8f0002ff",
            "weight": 0
          },
          {
            "id": "n_5cfa83c928e6b90a8f000301",
            "weight": 0
          }
        ],
        "space": [],
        "flags": [
          1
        ]
      }
    },
    {
      "type": "Feature",
      "geometry": {
        "type": "Point",
        "coordinates": [
          -1.157309357440206,
          51.89209866278591
        ]
      },
      "properties": {
        "id": "n_5cfa83b728e6b90a8f0002fe",
        "map": "f_5cfa6515d7f2fb5b7d7eb168",
        "externalId": "NODE-91FZDA0A",
        "neighbors": [
          {
            "id": "n_5cfa83b628e6b90a8f0002fd",
            "weight": 0
          }
        ],
        "space": [
          "s_5cfa66af28e6b90a8f00014a"
        ],
        "flags": [
          1
        ]
      }
    },
    {
      "type": "Feature",
      "geometry": {
        "type": "Point",
        "coordinates": [
          -1.1572266541452259,
          51.89214833377328
        ]
      },
      "properties": {
        "id": "n_5cfa83be28e6b90a8f0002ff",
        "map": "f_5cfa6515d7f2fb5b7d7eb168",
        "externalId": "NODE-67V3TQ9M",
        "neighbors": [
          {
            "id": "n_5cfa83a728e6b90a8f0002fa",
            "weight": 0
          },
          {
            "id": "n_5cfa83b628e6b90a8f0002fd",
            "weight": 0
          },
          {
            "id": "n_5cfa83c028e6b90a8f000300",
            "weight": 0
          }
        ],
        "space": [],
        "flags": [
          1
        ]
      }
    },
    {
      "type": "Feature",
      "geometry": {
        "type": "Point",
        "coordinates": [
          -1.1571924686471329,
          51.892195668153285
        ]
      },
      "properties": {
        "id": "n_5cfa83c028e6b90a8f000300",
        "map": "f_5cfa6515d7f2fb5b7d7eb168",
        "externalId": "NODE-IFTS3KE4",
        "neighbors": [
          {
            "id": "n_5cfa83be28e6b90a8f0002ff",
            "weight": 0
          }
        ],
        "space": [
          "s_5cfa66af28e6b90a8f000125"
        ],
        "flags": [
          1
        ]
      }
    },
    {
      "type": "Feature",
      "geometry": {
        "type": "Point",
        "coordinates": [
          -1.1573691826778807,
          51.8921872934924
        ]
      },
      "properties": {
        "id": "n_5cfa83c928e6b90a8f000301",
        "map": "f_5cfa6515d7f2fb5b7d7eb168",
        "externalId": "NODE-UW1SID45",
        "neighbors": [
          {
            "id": "n_5cfa83b628e6b90a8f0002fd",
            "weight": 0
          },
          {
            "id": "n_5cfa83cb28e6b90a8f000302",
            "weight": 0
          },
          {
            "id": "n_5cfa83ce28e6b90a8f000303",
            "weight": 0
          }
        ],
        "space": [],
        "flags": [
          1
        ]
      }
    },
    {
      "type": "Feature",
      "geometry": {
        "type": "Point",
        "coordinates": [
          -1.1574087668092803,
          51.89213418682283
        ]
      },
      "properties": {
        "id": "n_5cfa83cb28e6b90a8f000302",
        "map": "f_5cfa6515d7f2fb5b7d7eb168",
        "externalId": "NODE-PNBMTQN7",
        "neighbors": [
          {
            "id": "n_5cfa83c928e6b90a8f000301",
            "weight": 0
          }
        ],
        "space": [
          "s_5cfa66af28e6b90a8f000156"
        ],
        "flags": [
          1
        ]
      }
    },
    {
      "type": "Feature",
      "geometry": {
        "type": "Point",
        "coordinates": [
          -1.1574002634720202,
          51.89219591249615
        ]
      },
      "properties": {
        "id": "n_5cfa83ce28e6b90a8f000303",
        "map": "f_5cfa6515d7f2fb5b7d7eb168",
        "externalId": "NODE-32BNQ7KN",
        "neighbors": [
          {
            "id": "n_5cfa83c928e6b90a8f000301",
            "weight": 0
          },
          {
            "id": "n_5cfa83cf28e6b90a8f000304",
            "weight": 0
          },
          {
            "id": "n_5cfa83d528e6b90a8f000305",
            "weight": 0
          }
        ],
        "space": [],
        "flags": [
          1
        ]
      }
    },
    {
      "type": "Feature",
      "geometry": {
        "type": "Point",
        "coordinates": [
          -1.1573683783158777,
          51.892238984595394
        ]
      },
      "properties": {
        "id": "n_5cfa83cf28e6b90a8f000304",
        "map": "f_5cfa6515d7f2fb5b7d7eb168",
        "externalId": "NODE-Q1GYBR9H",
        "neighbors": [
          {
            "id": "n_5cfa83ce28e6b90a8f000303",
            "weight": 0
          }
        ],
        "space": [
          "s_5cfa66af28e6b90a8f000126"
        ],
        "flags": [
          1
        ]
      }
    },
    {
      "type": "Feature",
      "geometry": {
        "type": "Point",
        "coordinates": [
          -1.157470019193977,
          51.89221525643247
        ]
      },
      "properties": {
        "id": "n_5cfa83d528e6b90a8f000305",
        "map": "f_5cfa6515d7f2fb5b7d7eb168",
        "externalId": "NODE-F0VZEK80",
        "neighbors": [
          {
            "id": "n_5cfa83ce28e6b90a8f000303",
            "weight": 0
          },
          {
            "id": "n_5cfa83d628e6b90a8f000306",
            "weight": 0
          },
          {
            "id": "n_5cfa83de28e6b90a8f000307",
            "weight": 0
          }
        ],
        "space": [],
        "flags": [
          1
        ]
      }
    },
    {
      "type": "Feature",
      "geometry": {
        "type": "Point",
        "coordinates": [
          -1.1575077614996745,
          51.89216305920483
        ]
      },
      "properties": {
        "id": "n_5cfa83d628e6b90a8f000306",
        "map": "f_5cfa6515d7f2fb5b7d7eb168",
        "externalId": "NODE-YS8681UL",
        "neighbors": [
          {
            "id": "n_5cfa83d528e6b90a8f000305",
            "weight": 0
          }
        ],
        "space": [
          "s_5cfa66af28e6b90a8f000155"
        ],
        "flags": [
          1
        ]
      }
    },
    {
      "type": "Feature",
      "geometry": {
        "type": "Point",
        "coordinates": [
          -1.1575386653657458,
          51.89223429283359
        ]
      },
      "properties": {
        "id": "n_5cfa83de28e6b90a8f000307",
        "map": "f_5cfa6515d7f2fb5b7d7eb168",
        "externalId": "NODE-TP42MK9U",
        "neighbors": [
          {
            "id": "n_5cfa83d528e6b90a8f000305",
            "weight": 0
          },
          {
            "id": "n_5cfa83df28e6b90a8f000308",
            "weight": 0
          },
          {
            "id": "n_5cfa83ef28e6b90a8f00030d",
            "weight": 0
          }
        ],
        "space": [],
        "flags": [
          1
        ]
      }
    },
    {
      "type": "Feature",
      "geometry": {
        "type": "Point",
        "coordinates": [
          -1.1574968126639316,
          51.89229068104285
        ]
      },
      "properties": {
        "id": "n_5cfa83df28e6b90a8f000308",
        "map": "f_5cfa6515d7f2fb5b7d7eb168",
        "externalId": "NODE-VYOJDS6N",
        "neighbors": [
          {
            "id": "n_5cfa83de28e6b90a8f000307",
            "weight": 0
          }
        ],
        "space": [
          "s_5cfa66af28e6b90a8f000127"
        ],
        "flags": [
          1
        ]
      }
    },
    {
      "type": "Feature",
      "geometry": {
        "type": "Point",
        "coordinates": [
          -1.1576136175494711,
          51.892255077815676
        ]
      },
      "properties": {
        "id": "n_5cfa83e328e6b90a8f000309",
        "map": "f_5cfa6515d7f2fb5b7d7eb168",
        "externalId": "NODE-4KJXNMXQ",
        "neighbors": [
          {
            "id": "n_5cfa83e528e6b90a8f00030a",
            "weight": 0
          },
          {
            "id": "n_5cfa83ef28e6b90a8f00030d",
            "weight": 0
          },
          {
            "id": "n_5cfa83f428e6b90a8f00030f",
            "weight": 0
          }
        ],
        "space": [],
        "flags": [
          1
        ]
      }
    },
    {
      "type": "Feature",
      "geometry": {
        "type": "Point",
        "coordinates": [
          -1.1575732862545451,
          51.89231041427185
        ]
      },
      "properties": {
        "id": "n_5cfa83e528e6b90a8f00030a",
        "map": "f_5cfa6515d7f2fb5b7d7eb168",
        "externalId": "NODE-ELCHJI9Z",
        "neighbors": [
          {
            "id": "n_5cfa83e328e6b90a8f000309",
            "weight": 0
          }
        ],
        "space": [
          "s_5cfa66af28e6b90a8f000128"
        ],
        "flags": [
          1
        ]
      }
    },
    {
      "type": "Feature",
      "geometry": {
        "type": "Point",
        "coordinates": [
          -1.1576933680348676,
          51.89227719341779
        ]
      },
      "properties": {
        "id": "n_5cfa83e828e6b90a8f00030b",
        "map": "f_5cfa6515d7f2fb5b7d7eb168",
        "externalId": "NODE-C5PSZ531",
        "neighbors": [
          {
            "id": "n_5cfa83e928e6b90a8f00030c",
            "weight": 0
          },
          {
            "id": "n_5cfa83f428e6b90a8f00030f",
            "weight": 0
          },
          {
            "id": "n_5cfa83fb28e6b90a8f000311",
            "weight": 0
          }
        ],
        "space": [],
        "flags": [
          1
        ]
      }
    },
    {
      "type": "Feature",
      "geometry": {
        "type": "Point",
        "coordinates": [
          -1.157653140863832,
          51.892334387676534
        ]
      },
      "properties": {
        "id": "n_5cfa83e928e6b90a8f00030c",
        "map": "f_5cfa6515d7f2fb5b7d7eb168",
        "externalId": "NODE-KZL3FFB6",
        "neighbors": [
          {
            "id": "n_5cfa83e828e6b90a8f00030b",
            "weight": 0
          }
        ],
        "space": [
          "s_5cfa66af28e6b90a8f000129"
        ],
        "flags": [
          1
        ]
      }
    },
    {
      "type": "Feature",
      "geometry": {
        "type": "Point",
        "coordinates": [
          -1.1575696873818715,
          51.89224289559785
        ]
      },
      "properties": {
        "id": "n_5cfa83ef28e6b90a8f00030d",
        "map": "f_5cfa6515d7f2fb5b7d7eb168",
        "externalId": "NODE-OMPNLKJZ",
        "neighbors": [
          {
            "id": "n_5cfa83de28e6b90a8f000307",
            "weight": 0
          },
          {
            "id": "n_5cfa83e328e6b90a8f000309",
            "weight": 0
          },
          {
            "id": "n_5cfa83f028e6b90a8f00030e",
            "weight": 0
          }
        ],
        "space": [],
        "flags": [
          1
        ]
      }
    },
    {
      "type": "Feature",
      "geometry": {
        "type": "Point",
        "coordinates": [
          -1.1576136787742075,
          51.89218236651565
        ]
      },
      "properties": {
        "id": "n_5cfa83f028e6b90a8f00030e",
        "map": "f_5cfa6515d7f2fb5b7d7eb168",
        "externalId": "NODE-ILOW2XZL",
        "neighbors": [
          {
            "id": "n_5cfa83ef28e6b90a8f00030d",
            "weight": 0
          }
        ],
        "space": [
          "s_5cfa66af28e6b90a8f00014f"
        ],
        "flags": [
          1
        ]
      }
    },
    {
      "type": "Feature",
      "geometry": {
        "type": "Point",
        "coordinates": [
          -1.157659230988313,
          51.89226772696584
        ]
      },
      "properties": {
        "id": "n_5cfa83f428e6b90a8f00030f",
        "map": "f_5cfa6515d7f2fb5b7d7eb168",
        "externalId": "NODE-U86YCDNJ",
        "neighbors": [
          {
            "id": "n_5cfa83e328e6b90a8f000309",
            "weight": 0
          },
          {
            "id": "n_5cfa83e828e6b90a8f00030b",
            "weight": 0
          },
          {
            "id": "n_5cfa83f628e6b90a8f000310",
            "weight": 0
          }
        ],
        "space": [],
        "flags": [
          1
        ]
      }
    },
    {
      "type": "Feature",
      "geometry": {
        "type": "Point",
        "coordinates": [
          -1.1577011013420755,
          51.89221039417751
        ]
      },
      "properties": {
        "id": "n_5cfa83f628e6b90a8f000310",
        "map": "f_5cfa6515d7f2fb5b7d7eb168",
        "externalId": "NODE-6JGP1YK9",
        "neighbors": [
          {
            "id": "n_5cfa83f428e6b90a8f00030f",
            "weight": 0
          }
        ],
        "space": [
          "s_5cfa66af28e6b90a8f000150"
        ],
        "flags": [
          1
        ]
      }
    },
    {
      "type": "Feature",
      "geometry": {
        "type": "Point",
        "coordinates": [
          -1.1577659931999909,
          51.89229733300504
        ]
      },
      "properties": {
        "id": "n_5cfa83fb28e6b90a8f000311",
        "map": "f_5cfa6515d7f2fb5b7d7eb168",
        "externalId": "NODE-4EVBEJK1",
        "neighbors": [
          {
            "id": "n_5cfa82bd28e6b90a8f0002d4",
            "weight": 0
          },
          {
            "id": "n_5cfa83e828e6b90a8f00030b",
            "weight": 0
          },
          {
            "id": "n_5cfa83fc28e6b90a8f000312",
            "weight": 0
          },
          {
            "id": "n_5cfa83ff28e6b90a8f000313",
            "weight": 0
          }
        ],
        "space": [],
        "flags": [
          1
        ]
      }
    },
    {
      "type": "Feature",
      "geometry": {
        "type": "Point",
        "coordinates": [
          -1.157807863072291,
          51.89223884573786
        ]
      },
      "properties": {
        "id": "n_5cfa83fc28e6b90a8f000312",
        "map": "f_5cfa6515d7f2fb5b7d7eb168",
        "externalId": "NODE-Z63GDUK7",
        "neighbors": [
          {
            "id": "n_5cfa83fb28e6b90a8f000311",
            "weight": 0
          }
        ],
        "space": [
          "s_5cfa66af28e6b90a8f000151"
        ],
        "flags": [
          1
        ]
      }
    },
    {
      "type": "Feature",
      "geometry": {
        "type": "Point",
        "coordinates": [
          -1.1577262785210354,
          51.89235245853207
        ]
      },
      "properties": {
        "id": "n_5cfa83ff28e6b90a8f000313",
        "map": "f_5cfa6515d7f2fb5b7d7eb168",
        "externalId": "NODE-A7CO1NV5",
        "neighbors": [
          {
            "id": "n_5cfa83fb28e6b90a8f000311",
            "weight": 0
          }
        ],
        "space": [
          "s_5cfa66af28e6b90a8f00012a"
        ],
        "flags": [
          1
        ]
      }
    },
    {
      "type": "Feature",
      "geometry": {
        "type": "Point",
        "coordinates": [
          -1.157867458319066,
          51.89232546980227
        ]
      },
      "properties": {
        "id": "n_5cfa840528e6b90a8f000314",
        "map": "f_5cfa6515d7f2fb5b7d7eb168",
        "externalId": "NODE-TNO528DR",
        "neighbors": [
          {
            "id": "n_5cfa82bd28e6b90a8f0002d4",
            "weight": 0
          },
          {
            "id": "n_5cfa840828e6b90a8f000315",
            "weight": 0
          },
          {
            "id": "n_652fcd451f048ec744171805",
            "weight": 0
          }
        ],
        "space": [],
        "flags": [
          1
        ]
      }
    },
    {
      "type": "Feature",
      "geometry": {
        "type": "Point",
        "coordinates": [
          -1.157908736776846,
          51.89226739375143
        ]
      },
      "properties": {
        "id": "n_5cfa840828e6b90a8f000315",
        "map": "f_5cfa6515d7f2fb5b7d7eb168",
        "externalId": "NODE-E8DQRDZP",
        "neighbors": [
          {
            "id": "n_5cfa840528e6b90a8f000314",
            "weight": 0
          }
        ],
        "space": [
          "s_5cfa66af28e6b90a8f000152"
        ],
        "flags": [
          1
        ]
      }
    },
    {
      "type": "Feature",
      "geometry": {
        "type": "Point",
        "coordinates": [
          -1.157803614690043,
          51.89237581541212
        ]
      },
      "properties": {
        "id": "n_5cfa840c28e6b90a8f000316",
        "map": "f_5cfa6515d7f2fb5b7d7eb168",
        "externalId": "NODE-MI55VWHW",
        "neighbors": [
          {
            "id": "n_5cfa82bd28e6b90a8f0002d4",
            "weight": 0
          }
        ],
        "space": [
          "s_5cfa66af28e6b90a8f00012b"
        ],
        "flags": [
          1
        ]
      }
    },
    {
      "type": "Feature",
      "geometry": {
        "type": "Point",
        "coordinates": [
          -1.1579670281392143,
          51.89235308101814
        ]
      },
      "properties": {
        "id": "n_5cfa841028e6b90a8f000317",
        "map": "f_5cfa6515d7f2fb5b7d7eb168",
        "externalId": "NODE-LH5VZJL1",
        "neighbors": [
          {
            "id": "n_5cfa842e28e6b90a8f000319",
            "weight": 0
          },
          {
            "id": "n_652fcd451f048ec744171805",
            "weight": 0
          }
        ],
        "space": [],
        "flags": [
          1
        ]
      }
    },
    {
      "type": "Feature",
      "geometry": {
        "type": "Point",
        "coordinates": [
          -1.158034796184729,
          51.89238465195544
        ]
      },
      "properties": {
        "id": "n_5cfa842e28e6b90a8f000319",
        "map": "f_5cfa6515d7f2fb5b7d7eb168",
        "externalId": "NODE-BCPHXXAV",
        "neighbors": [
          {
            "id": "n_5cfa841028e6b90a8f000317",
            "weight": 0
          },
          {
            "id": "n_5cfa7d4e28e6b90a8f0001a1",
            "weight": 0
          }
        ],
        "space": [],
        "flags": [
          1
        ]
      }
    },
    {
      "type": "Feature",
      "geometry": {
        "type": "Point",
        "coordinates": [
          -1.1574038013734638,
          51.892680413246374
        ]
      },
      "properties": {
        "id": "n_5cfa843528e6b90a8f00031a",
        "map": "f_5cfa6515d7f2fb5b7d7eb168",
        "externalId": "NODE-CF16P0UJ",
        "neighbors": [
          {
            "id": "n_5cfa843f28e6b90a8f00031c",
            "weight": 0
          },
          {
            "id": "n_5d974ea3acc8130709000002",
            "weight": 0
          },
          {
            "id": "n_5d974f29acc8130709000006",
            "weight": 0
          }
        ],
        "space": [],
        "flags": [
          1
        ]
      }
    },
    {
      "type": "Feature",
      "geometry": {
        "type": "Point",
        "coordinates": [
          -1.1574878240798168,
          51.89270393332437
        ]
      },
      "properties": {
        "id": "n_5cfa843f28e6b90a8f00031c",
        "map": "f_5cfa6515d7f2fb5b7d7eb168",
        "externalId": "NODE-GCB3HPAL",
        "neighbors": [
          {
            "id": "n_5cfa843528e6b90a8f00031a",
            "weight": 0
          },
          {
            "id": "n_5cfa844628e6b90a8f00031e",
            "weight": 0
          },
          {
            "id": "n_5d9759d3acc813070900000c",
            "weight": 0
          }
        ],
        "space": [],
        "flags": [
          1
        ]
      }
    },
    {
      "type": "Feature",
      "geometry": {
        "type": "Point",
        "coordinates": [
          -1.1575987813500197,
          51.892734411471004
        ]
      },
      "properties": {
        "id": "n_5cfa844628e6b90a8f00031e",
        "map": "f_5cfa6515d7f2fb5b7d7eb168",
        "externalId": "NODE-XZ5F7FF9",
        "neighbors": [
          {
            "id": "n_5cfa843f28e6b90a8f00031c",
            "weight": 0
          },
          {
            "id": "n_5cfa844828e6b90a8f00031f",
            "weight": 0
          },
          {
            "id": "n_5cfa844e28e6b90a8f000320",
            "weight": 0
          }
        ],
        "space": [],
        "flags": [
          1
        ]
      }
    },
    {
      "type": "Feature",
      "geometry": {
        "type": "Point",
        "coordinates": [
          -1.1576208852857794,
          51.89270192356096
        ]
      },
      "properties": {
        "id": "n_5cfa844828e6b90a8f00031f",
        "map": "f_5cfa6515d7f2fb5b7d7eb168",
        "externalId": "NODE-6749G9IM",
        "neighbors": [
          {
            "id": "n_5cfa844628e6b90a8f00031e",
            "weight": 0
          }
        ],
        "space": [
          "s_5cfa7a2128e6b90a8f000197"
        ],
        "flags": [
          1
        ]
      }
    },
    {
      "type": "Feature",
      "geometry": {
        "type": "Point",
        "coordinates": [
          -1.1576846040139852,
          51.8927581793765
        ]
      },
      "properties": {
        "id": "n_5cfa844e28e6b90a8f000320",
        "map": "f_5cfa6515d7f2fb5b7d7eb168",
        "externalId": "NODE-WTYQZMJC",
        "neighbors": [
          {
            "id": "n_5cfa7d5228e6b90a8f0001a2",
            "weight": 0
          },
          {
            "id": "n_5cfa844628e6b90a8f00031e",
            "weight": 0
          },
          {
            "id": "n_5cfa844f28e6b90a8f000321",
            "weight": 0
          }
        ],
        "space": [],
        "flags": [
          1
        ]
      }
    },
    {
      "type": "Feature",
      "geometry": {
        "type": "Point",
        "coordinates": [
          -1.1577041052281134,
          51.89272995076675
        ]
      },
      "properties": {
        "id": "n_5cfa844f28e6b90a8f000321",
        "map": "f_5cfa6515d7f2fb5b7d7eb168",
        "externalId": "NODE-4ZASRE94",
        "neighbors": [
          {
            "id": "n_5cfa844e28e6b90a8f000320",
            "weight": 0
          }
        ],
        "space": [
          "s_5cfa781428e6b90a8f000191"
        ],
        "flags": [
          1
        ]
      }
    },
    {
      "type": "Feature",
      "geometry": {
        "type": "Point",
        "coordinates": [
          -1.1578757116593377,
          51.89273537118407
        ]
      },
      "properties": {
        "id": "n_5cfa845528e6b90a8f000322",
        "map": "f_5cfa6515d7f2fb5b7d7eb168",
        "externalId": "NODE-XB9ULYS1",
        "neighbors": [
          {
            "id": "n_5cfa845f28e6b90a8f000324",
            "weight": 0
          },
          {
            "id": "n_654cb02e4de04132598e80d1",
            "weight": 0
          }
        ],
        "space": [],
        "flags": [
          1
        ]
      }
    },
    {
      "type": "Feature",
      "geometry": {
        "type": "Point",
        "coordinates": [
          -1.157897357271655,
          51.892705607341824
        ]
      },
      "properties": {
        "id": "n_5cfa845f28e6b90a8f000324",
        "map": "f_5cfa6515d7f2fb5b7d7eb168",
        "externalId": "NODE-NBNPNZIV",
        "neighbors": [
          {
            "id": "n_5cfa845528e6b90a8f000322",
            "weight": 0
          },
          {
            "id": "n_5cfa846028e6b90a8f000325",
            "weight": 0
          },
          {
            "id": "n_5cfa846328e6b90a8f000326",
            "weight": 0
          }
        ],
        "space": [],
        "flags": [
          1
        ]
      }
    },
    {
      "type": "Feature",
      "geometry": {
        "type": "Point",
        "coordinates": [
          -1.1579926556483109,
          51.89273175387722
        ]
      },
      "properties": {
        "id": "n_5cfa846028e6b90a8f000325",
        "map": "f_5cfa6515d7f2fb5b7d7eb168",
        "externalId": "NODE-EGYVRR0Z",
        "neighbors": [
          {
            "id": "n_5cfa845f28e6b90a8f000324",
            "weight": 0
          }
        ],
        "space": [
          "s_5cfa66af28e6b90a8f00015f"
        ],
        "flags": [
          1
        ]
      }
    },
    {
      "type": "Feature",
      "geometry": {
        "type": "Point",
        "coordinates": [
          -1.157910380928194,
          51.89268744110514
        ]
      },
      "properties": {
        "id": "n_5cfa846328e6b90a8f000326",
        "map": "f_5cfa6515d7f2fb5b7d7eb168",
        "externalId": "NODE-7CML0Q7D",
        "neighbors": [
          {
            "id": "n_5cfa845f28e6b90a8f000324",
            "weight": 0
          },
          {
            "id": "n_5cfa846528e6b90a8f000327",
            "weight": 0
          },
          {
            "id": "n_5cfa846828e6b90a8f000328",
            "weight": 0
          }
        ],
        "space": [],
        "flags": [
          1
        ]
      }
    },
    {
      "type": "Feature",
      "geometry": {
        "type": "Point",
        "coordinates": [
          -1.15780352245869,
          51.89265701938184
        ]
      },
      "properties": {
        "id": "n_5cfa846528e6b90a8f000327",
        "map": "f_5cfa6515d7f2fb5b7d7eb168",
        "externalId": "NODE-2N2GHKSJ",
        "neighbors": [
          {
            "id": "n_5cfa846328e6b90a8f000326",
            "weight": 0
          }
        ],
        "space": [
          "s_5cfa66af28e6b90a8f000120"
        ],
        "flags": [
          1
        ]
      }
    },
    {
      "type": "Feature",
      "geometry": {
        "type": "Point",
        "coordinates": [
          -1.1579575571526062,
          51.892621636705805
        ]
      },
      "properties": {
        "id": "n_5cfa846828e6b90a8f000328",
        "map": "f_5cfa6515d7f2fb5b7d7eb168",
        "externalId": "NODE-RUKEF9XF",
        "neighbors": [
          {
            "id": "n_5cfa846328e6b90a8f000326",
            "weight": 0
          },
          {
            "id": "n_5cfa846a28e6b90a8f000329",
            "weight": 0
          },
          {
            "id": "n_5cfa847128e6b90a8f00032a",
            "weight": 0
          }
        ],
        "space": [],
        "flags": [
          1
        ]
      }
    },
    {
      "type": "Feature",
      "geometry": {
        "type": "Point",
        "coordinates": [
          -1.1578538344228668,
          51.89259259793919
        ]
      },
      "properties": {
        "id": "n_5cfa846a28e6b90a8f000329",
        "map": "f_5cfa6515d7f2fb5b7d7eb168",
        "externalId": "NODE-ICTD8PNK",
        "neighbors": [
          {
            "id": "n_5cfa846828e6b90a8f000328",
            "weight": 0
          }
        ],
        "space": [
          "s_5cfa66af28e6b90a8f00011f"
        ],
        "flags": [
          1
        ]
      }
    },
    {
      "type": "Feature",
      "geometry": {
        "type": "Point",
        "coordinates": [
          -1.1579701632488473,
          51.89260405294936
        ]
      },
      "properties": {
        "id": "n_5cfa847128e6b90a8f00032a",
        "map": "f_5cfa6515d7f2fb5b7d7eb168",
        "externalId": "NODE-PY7O8C59",
        "neighbors": [
          {
            "id": "n_5cfa846828e6b90a8f000328",
            "weight": 0
          },
          {
            "id": "n_5cfa847228e6b90a8f00032b",
            "weight": 0
          },
          {
            "id": "n_5cfa847928e6b90a8f00032d",
            "weight": 0
          }
        ],
        "space": [],
        "flags": [
          1
        ]
      }
    },
    {
      "type": "Feature",
      "geometry": {
        "type": "Point",
        "coordinates": [
          -1.1580623156277978,
          51.892629979265
        ]
      },
      "properties": {
        "id": "n_5cfa847228e6b90a8f00032b",
        "map": "f_5cfa6515d7f2fb5b7d7eb168",
        "externalId": "NODE-EWRRKNF6",
        "neighbors": [
          {
            "id": "n_5cfa847128e6b90a8f00032a",
            "weight": 0
          }
        ],
        "space": [
          "s_5cfa66af28e6b90a8f00012e"
        ],
        "flags": [
          1
        ]
      }
    },
    {
      "type": "Feature",
      "geometry": {
        "type": "Point",
        "coordinates": [
          -1.1580091246701356,
          51.89254970714749
        ]
      },
      "properties": {
        "id": "n_5cfa847928e6b90a8f00032d",
        "map": "f_5cfa6515d7f2fb5b7d7eb168",
        "externalId": "NODE-1JMN2GGV",
        "neighbors": [
          {
            "id": "n_5cfa847128e6b90a8f00032a",
            "weight": 0
          },
          {
            "id": "n_5cfa847b28e6b90a8f00032e",
            "weight": 0
          },
          {
            "id": "n_5cfa848028e6b90a8f00032f",
            "weight": 0
          }
        ],
        "space": [],
        "flags": [
          1
        ]
      }
    },
    {
      "type": "Feature",
      "geometry": {
        "type": "Point",
        "coordinates": [
          -1.1581137650497555,
          51.89258079022849
        ]
      },
      "properties": {
        "id": "n_5cfa847b28e6b90a8f00032e",
        "map": "f_5cfa6515d7f2fb5b7d7eb168",
        "externalId": "NODE-EVRP9LCJ",
        "neighbors": [
          {
            "id": "n_5cfa847928e6b90a8f00032d",
            "weight": 0
          }
        ],
        "space": [
          "s_5cfa66af28e6b90a8f00012f"
        ],
        "flags": [
          1
        ]
      }
    },
    {
      "type": "Feature",
      "geometry": {
        "type": "Point",
        "coordinates": [
          -1.158020448925756,
          51.89253391131154
        ]
      },
      "properties": {
        "id": "n_5cfa848028e6b90a8f00032f",
        "map": "f_5cfa6515d7f2fb5b7d7eb168",
        "externalId": "NODE-LMBA5TKJ",
        "neighbors": [
          {
            "id": "n_5cfa847928e6b90a8f00032d",
            "weight": 0
          },
          {
            "id": "n_5cfa848128e6b90a8f000330",
            "weight": 0
          },
          {
            "id": "n_5cfa848b28e6b90a8f000333",
            "weight": 0
          }
        ],
        "space": [],
        "flags": [
          1
        ]
      }
    },
    {
      "type": "Feature",
      "geometry": {
        "type": "Point",
        "coordinates": [
          -1.1579103416337488,
          51.89250242237015
        ]
      },
      "properties": {
        "id": "n_5cfa848128e6b90a8f000330",
        "map": "f_5cfa6515d7f2fb5b7d7eb168",
        "externalId": "NODE-BYW9C3JK",
        "neighbors": [
          {
            "id": "n_5cfa848028e6b90a8f00032f",
            "weight": 0
          }
        ],
        "space": [
          "s_5cfa66af28e6b90a8f00012d"
        ],
        "flags": [
          1
        ]
      }
    },
    {
      "type": "Feature",
      "geometry": {
        "type": "Point",
        "coordinates": [
          -1.158067776382629,
          51.892483486380634
        ]
      },
      "properties": {
        "id": "n_5cfa848328e6b90a8f000331",
        "map": "f_5cfa6515d7f2fb5b7d7eb168",
        "externalId": "NODE-PPJSOZ2B",
        "neighbors": [
          {
            "id": "n_5cfa7d4e28e6b90a8f0001a1",
            "weight": 0
          },
          {
            "id": "n_5cfa848428e6b90a8f000332",
            "weight": 0
          },
          {
            "id": "n_5cfa848b28e6b90a8f000333",
            "weight": 0
          }
        ],
        "space": [],
        "flags": [
          1
        ]
      }
    },
    {
      "type": "Feature",
      "geometry": {
        "type": "Point",
        "coordinates": [
          -1.157951568024991,
          51.89244858807605
        ]
      },
      "properties": {
        "id": "n_5cfa848428e6b90a8f000332",
        "map": "f_5cfa6515d7f2fb5b7d7eb168",
        "externalId": "NODE-2Z6PSVVN",
        "neighbors": [
          {
            "id": "n_5cfa848328e6b90a8f000331",
            "weight": 0
          }
        ],
        "space": [
          "s_5cfa66af28e6b90a8f00012c"
        ],
        "flags": [
          1
        ]
      }
    },
    {
      "type": "Feature",
      "geometry": {
        "type": "Point",
        "coordinates": [
          -1.158041706428906,
          51.89250942450618
        ]
      },
      "properties": {
        "id": "n_5cfa848b28e6b90a8f000333",
        "map": "f_5cfa6515d7f2fb5b7d7eb168",
        "externalId": "NODE-CYPS4YCJ",
        "neighbors": [
          {
            "id": "n_5cfa848028e6b90a8f00032f",
            "weight": 0
          },
          {
            "id": "n_5cfa848328e6b90a8f000331",
            "weight": 0
          }
        ],
        "space": [],
        "flags": [
          1
        ]
      }
    },
    {
      "type": "Feature",
      "geometry": {
        "type": "Point",
        "coordinates": [
          -1.1582450374946534,
          51.89248313960413
        ]
      },
      "properties": {
        "id": "n_5cfa849028e6b90a8f000335",
        "map": "f_5cfa6515d7f2fb5b7d7eb168",
        "externalId": "NODE-U5B1BW5X",
        "neighbors": [
          {
            "id": "n_5cfa7d4128e6b90a8f0001a0",
            "weight": 0
          },
          {
            "id": "n_5cfa849128e6b90a8f000336",
            "weight": 0
          },
          {
            "id": "n_5cfa849528e6b90a8f000337",
            "weight": 0
          }
        ],
        "space": [],
        "flags": [
          1
        ]
      }
    },
    {
      "type": "Feature",
      "geometry": {
        "type": "Point",
        "coordinates": [
          -1.1582062555722017,
          51.89253773890055
        ]
      },
      "properties": {
        "id": "n_5cfa849128e6b90a8f000336",
        "map": "f_5cfa6515d7f2fb5b7d7eb168",
        "externalId": "NODE-FC5SQUNN",
        "neighbors": [
          {
            "id": "n_5cfa849028e6b90a8f000335",
            "weight": 0
          }
        ],
        "space": [
          "s_5cfa66af28e6b90a8f000130"
        ],
        "flags": [
          1
        ]
      }
    },
    {
      "type": "Feature",
      "geometry": {
        "type": "Point",
        "coordinates": [
          -1.1582301699167936,
          51.8924790195641
        ]
      },
      "properties": {
        "id": "n_5cfa849528e6b90a8f000337",
        "map": "f_5cfa6515d7f2fb5b7d7eb168",
        "externalId": "NODE-X6WHTYJY",
        "neighbors": [
          {
            "id": "n_5cfa7d4e28e6b90a8f0001a1",
            "weight": 0
          },
          {
            "id": "n_5cfa849028e6b90a8f000335",
            "weight": 0
          },
          {
            "id": "n_5cfa849728e6b90a8f000338",
            "weight": 0
          }
        ],
        "space": [],
        "flags": [
          1
        ]
      }
    },
    {
      "type": "Feature",
      "geometry": {
        "type": "Point",
        "coordinates": [
          -1.158294294348623,
          51.89238639813716
        ]
      },
      "properties": {
        "id": "n_5cfa849728e6b90a8f000338",
        "map": "f_5cfa6515d7f2fb5b7d7eb168",
        "externalId": "NODE-RND4IAG3",
        "neighbors": [
          {
            "id": "n_5cfa849528e6b90a8f000337",
            "weight": 0
          }
        ],
        "space": [
          "s_5cfa66af28e6b90a8f00014e"
        ],
        "flags": [
          1
        ]
      }
    },
    {
      "type": "Feature",
      "geometry": {
        "type": "Point",
        "coordinates": [
          -1.158334260494725,
          51.89250789404961
        ]
      },
      "properties": {
        "id": "n_5cfa849d28e6b90a8f000339",
        "map": "f_5cfa6515d7f2fb5b7d7eb168",
        "externalId": "NODE-LDCFKP82",
        "neighbors": [
          {
            "id": "n_5cfa7d4128e6b90a8f0001a0",
            "weight": 0
          },
          {
            "id": "n_5cfa849e28e6b90a8f00033a",
            "weight": 0
          },
          {
            "id": "n_5cfa84e128e6b90a8f000343",
            "weight": 0
          }
        ],
        "space": [],
        "flags": [
          1
        ]
      }
    },
    {
      "type": "Feature",
      "geometry": {
        "type": "Point",
        "coordinates": [
          -1.158399653818549,
          51.89241739448528
        ]
      },
      "properties": {
        "id": "n_5cfa849e28e6b90a8f00033a",
        "map": "f_5cfa6515d7f2fb5b7d7eb168",
        "externalId": "NODE-E47YHDXX",
        "neighbors": [
          {
            "id": "n_5cfa849d28e6b90a8f000339",
            "weight": 0
          }
        ],
        "space": [
          "s_5cfa66af28e6b90a8f00014d"
        ],
        "flags": [
          1
        ]
      }
    },
    {
      "type": "Feature",
      "geometry": {
        "type": "Point",
        "coordinates": [
          -1.1584664085283294,
          51.89254462828027
        ]
      },
      "properties": {
        "id": "n_5cfa84a628e6b90a8f00033b",
        "map": "f_5cfa6515d7f2fb5b7d7eb168",
        "externalId": "NODE-U3L8EBUO",
        "neighbors": [
          {
            "id": "n_5cfa84c728e6b90a8f000342",
            "weight": 1000
          },
          {
            "id": "n_5cfa84e128e6b90a8f000343",
            "weight": 0
          },
          {
            "id": "n_5cfa84e728e6b90a8f000345",
            "weight": 0
          }
        ],
        "space": [],
        "flags": [
          1
        ]
      }
    },
    {
      "type": "Feature",
      "geometry": {
        "type": "Point",
        "coordinates": [
          -1.1585593861882504,
          51.892416375870596
        ]
      },
      "properties": {
        "id": "n_5cfa84a828e6b90a8f00033c",
        "map": "f_5cfa6515d7f2fb5b7d7eb168",
        "externalId": "NODE-D8UOGKKR",
        "neighbors": [
          {
            "id": "n_5cfa84c728e6b90a8f000342",
            "weight": 1000
          }
        ],
        "space": [
          "s_5cfa66af28e6b90a8f00014c"
        ],
        "flags": [
          1
        ]
      }
    },
    {
      "type": "Feature",
      "geometry": {
        "type": "Point",
        "coordinates": [
          -1.1585669038750745,
          51.89257254354764
        ]
      },
      "properties": {
        "id": "n_5cfa84ac28e6b90a8f00033d",
        "map": "f_5cfa6515d7f2fb5b7d7eb168",
        "externalId": "NODE-016IXW9D",
        "neighbors": [
          {
            "id": "n_5cfa84c628e6b90a8f000341",
            "weight": 0
          },
          {
            "id": "n_5cfa84e728e6b90a8f000345",
            "weight": 0
          },
          {
            "id": "n_5cfa850228e6b90a8f00034e",
            "weight": 0
          }
        ],
        "space": [],
        "flags": [
          1
        ]
      }
    },
    {
      "type": "Feature",
      "geometry": {
        "type": "Point",
        "coordinates": [
          -1.1587656041240377,
          51.89230480783862
        ]
      },
      "properties": {
        "id": "n_5cfa84ad28e6b90a8f00033e",
        "map": "f_5cfa6515d7f2fb5b7d7eb168",
        "externalId": "NODE-OYQ81Q0H",
        "neighbors": [
          {
            "id": "n_5cfa84bd28e6b90a8f00033f",
            "weight": 0
          },
          {
            "id": "n_5eda29ddb20b0a0fbc0002ee",
            "weight": 0
          }
        ],
        "space": [],
        "flags": [
          1
        ]
      }
    },
    {
      "type": "Feature",
      "geometry": {
        "type": "Point",
        "coordinates": [
          -1.1585327516069877,
          51.892242521235936
        ]
      },
      "properties": {
        "id": "n_5cfa84bd28e6b90a8f00033f",
        "map": "f_5cfa6515d7f2fb5b7d7eb168",
        "externalId": "NODE-9AKCWYEO",
        "neighbors": [
          {
            "id": "n_5cfa84ad28e6b90a8f00033e",
            "weight": 0
          },
          {
            "id": "n_5cfa84c128e6b90a8f000340",
            "weight": 0
          }
        ],
        "space": [],
        "flags": [
          1
        ]
      }
    },
    {
      "type": "Feature",
      "geometry": {
        "type": "Point",
        "coordinates": [
          -1.1584867013699574,
          51.89230352246327
        ]
      },
      "properties": {
        "id": "n_5cfa84c128e6b90a8f000340",
        "map": "f_5cfa6515d7f2fb5b7d7eb168",
        "externalId": "NODE-GQCG2YVQ",
        "neighbors": [
          {
            "id": "n_5cfa84bd28e6b90a8f00033f",
            "weight": 0
          }
        ],
        "space": [
          "s_5cfa66af28e6b90a8f0000b7"
        ],
        "flags": [
          1
        ]
      }
    },
    {
      "type": "Feature",
      "geometry": {
        "type": "Point",
        "coordinates": [
          -1.158632115912825,
          51.89248419654807
        ]
      },
      "properties": {
        "id": "n_5cfa84c628e6b90a8f000341",
        "map": "f_5cfa6515d7f2fb5b7d7eb168",
        "externalId": "NODE-DMQBLI65",
        "neighbors": [
          {
            "id": "n_5cfa84ac28e6b90a8f00033d",
            "weight": 0
          },
          {
            "id": "n_5eda29ddb20b0a0fbc0002ee",
            "weight": 0
          }
        ],
        "space": [],
        "flags": [
          1
        ]
      }
    },
    {
      "type": "Feature",
      "geometry": {
        "type": "Point",
        "coordinates": [
          -1.158530465208888,
          51.89245562085608
        ]
      },
      "properties": {
        "id": "n_5cfa84c728e6b90a8f000342",
        "map": "f_5cfa6515d7f2fb5b7d7eb168",
        "externalId": "NODE-DMRD5PNW",
        "neighbors": [
          {
            "id": "n_5cfa84a628e6b90a8f00033b",
            "weight": 0
          },
          {
            "id": "n_5cfa84a828e6b90a8f00033c",
            "weight": 0
          }
        ],
        "space": [],
        "flags": [
          1
        ]
      }
    },
    {
      "type": "Feature",
      "geometry": {
        "type": "Point",
        "coordinates": [
          -1.158384624577627,
          51.89252189410049
        ]
      },
      "properties": {
        "id": "n_5cfa84e128e6b90a8f000343",
        "map": "f_5cfa6515d7f2fb5b7d7eb168",
        "externalId": "NODE-V6FR6HYD",
        "neighbors": [
          {
            "id": "n_5cfa849d28e6b90a8f000339",
            "weight": 0
          },
          {
            "id": "n_5cfa84a628e6b90a8f00033b",
            "weight": 0
          },
          {
            "id": "n_5cfa84e328e6b90a8f000344",
            "weight": 0
          }
        ],
        "space": [],
        "flags": [
          1
        ]
      }
    },
    {
      "type": "Feature",
      "geometry": {
        "type": "Point",
        "coordinates": [
          -1.1583457993477777,
          51.89257563011021
        ]
      },
      "properties": {
        "id": "n_5cfa84e328e6b90a8f000344",
        "map": "f_5cfa6515d7f2fb5b7d7eb168",
        "externalId": "NODE-IJ2LCBWU",
        "neighbors": [
          {
            "id": "n_5cfa84e128e6b90a8f000343",
            "weight": 0
          }
        ],
        "space": [
          "s_5cfa66af28e6b90a8f00013e"
        ],
        "flags": [
          1
        ]
      }
    },
    {
      "type": "Feature",
      "geometry": {
        "type": "Point",
        "coordinates": [
          -1.158532263731566,
          51.89256292122568
        ]
      },
      "properties": {
        "id": "n_5cfa84e728e6b90a8f000345",
        "map": "f_5cfa6515d7f2fb5b7d7eb168",
        "externalId": "NODE-592DFX0L",
        "neighbors": [
          {
            "id": "n_5cfa84a628e6b90a8f00033b",
            "weight": 0
          },
          {
            "id": "n_5cfa84ac28e6b90a8f00033d",
            "weight": 0
          },
          {
            "id": "n_5cfa84e928e6b90a8f000346",
            "weight": 0
          }
        ],
        "space": [],
        "flags": [
          1
        ]
      }
    },
    {
      "type": "Feature",
      "geometry": {
        "type": "Point",
        "coordinates": [
          -1.158475246854152,
          51.89263946127815
        ]
      },
      "properties": {
        "id": "n_5cfa84e928e6b90a8f000346",
        "map": "f_5cfa6515d7f2fb5b7d7eb168",
        "externalId": "NODE-D4ULE9CE",
        "neighbors": [
          {
            "id": "n_5cfa84e728e6b90a8f000345",
            "weight": 0
          }
        ],
        "space": [
          "s_5cfa66af28e6b90a8f000131"
        ],
        "flags": [
          1
        ]
      }
    },
    {
      "type": "Feature",
      "geometry": {
        "type": "Point",
        "coordinates": [
          -1.1586622436083993,
          51.892599055631095
        ]
      },
      "properties": {
        "id": "n_5cfa84ed28e6b90a8f000347",
        "map": "f_5cfa6515d7f2fb5b7d7eb168",
        "externalId": "NODE-0QSN6AUU",
        "neighbors": [
          {
            "id": "n_5cfa84ee28e6b90a8f000348",
            "weight": 0
          },
          {
            "id": "n_5cfa84fb28e6b90a8f00034c",
            "weight": 0
          },
          {
            "id": "n_5cfa850228e6b90a8f00034e",
            "weight": 0
          }
        ],
        "space": [],
        "flags": [
          1
        ]
      }
    },
    {
      "type": "Feature",
      "geometry": {
        "type": "Point",
        "coordinates": [
          -1.1586072263218132,
          51.89267268183767
        ]
      },
      "properties": {
        "id": "n_5cfa84ee28e6b90a8f000348",
        "map": "f_5cfa6515d7f2fb5b7d7eb168",
        "externalId": "NODE-Z43I3697",
        "neighbors": [
          {
            "id": "n_5cfa84ed28e6b90a8f000347",
            "weight": 0
          }
        ],
        "space": [
          "s_5cfa66af28e6b90a8f00013d"
        ],
        "flags": [
          1
        ]
      }
    },
    {
      "type": "Feature",
      "geometry": {
        "type": "Point",
        "coordinates": [
          -1.1587898403736443,
          51.892637736638754
        ]
      },
      "properties": {
        "id": "n_5cfa84f228e6b90a8f000349",
        "map": "f_5cfa6515d7f2fb5b7d7eb168",
        "externalId": "NODE-66D7NCGF",
        "neighbors": [
          {
            "id": "n_5cfa7d2128e6b90a8f00019e",
            "weight": 0
          },
          {
            "id": "n_5cfa82c328e6b90a8f0002d5",
            "weight": 0
          },
          {
            "id": "n_5cfa84f328e6b90a8f00034a",
            "weight": 0
          },
          {
            "id": "n_5cfa866a28e6b90a8f00037b",
            "weight": 0
          }
        ],
        "space": [],
        "flags": [
          1
        ]
      }
    },
    {
      "type": "Feature",
      "geometry": {
        "type": "Point",
        "coordinates": [
          -1.1587115766938296,
          51.89274153996482
        ]
      },
      "properties": {
        "id": "n_5cfa84f328e6b90a8f00034a",
        "map": "f_5cfa6515d7f2fb5b7d7eb168",
        "externalId": "NODE-60IZPM98",
        "neighbors": [
          {
            "id": "n_5cfa84f228e6b90a8f000349",
            "weight": 0
          }
        ],
        "space": [
          "s_5cfa66af28e6b90a8f00013c"
        ],
        "flags": [
          1
        ]
      }
    },
    {
      "type": "Feature",
      "geometry": {
        "type": "Point",
        "coordinates": [
          -1.1587174969792382,
          51.89261442042118
        ]
      },
      "properties": {
        "id": "n_5cfa84fb28e6b90a8f00034c",
        "map": "f_5cfa6515d7f2fb5b7d7eb168",
        "externalId": "NODE-N5MPW1RD",
        "neighbors": [
          {
            "id": "n_5cfa7d2128e6b90a8f00019e",
            "weight": 0
          },
          {
            "id": "n_5cfa84ed28e6b90a8f000347",
            "weight": 0
          },
          {
            "id": "n_5cfa84fc28e6b90a8f00034d",
            "weight": 0
          }
        ],
        "space": [],
        "flags": [
          1
        ]
      }
    },
    {
      "type": "Feature",
      "geometry": {
        "type": "Point",
        "coordinates": [
          -1.1587585879265596,
          51.892556482474056
        ]
      },
      "properties": {
        "id": "n_5cfa84fc28e6b90a8f00034d",
        "map": "f_5cfa6515d7f2fb5b7d7eb168",
        "externalId": "NODE-E5X2YA8Y",
        "neighbors": [
          {
            "id": "n_5cfa84fb28e6b90a8f00034c",
            "weight": 0
          }
        ],
        "space": [
          "s_5cfa66af28e6b90a8f000140"
        ],
        "flags": [
          1
        ]
      }
    },
    {
      "type": "Feature",
      "geometry": {
        "type": "Point",
        "coordinates": [
          -1.1586290072724488,
          51.89258981328372
        ]
      },
      "properties": {
        "id": "n_5cfa850228e6b90a8f00034e",
        "map": "f_5cfa6515d7f2fb5b7d7eb168",
        "externalId": "NODE-JV6GJQSJ",
        "neighbors": [
          {
            "id": "n_5cfa84ac28e6b90a8f00033d",
            "weight": 0
          },
          {
            "id": "n_5cfa84ed28e6b90a8f000347",
            "weight": 0
          },
          {
            "id": "n_5cfa850328e6b90a8f00034f",
            "weight": 0
          }
        ],
        "space": [],
        "flags": [
          1
        ]
      }
    },
    {
      "type": "Feature",
      "geometry": {
        "type": "Point",
        "coordinates": [
          -1.1586736861170375,
          51.89252845589221
        ]
      },
      "properties": {
        "id": "n_5cfa850328e6b90a8f00034f",
        "map": "f_5cfa6515d7f2fb5b7d7eb168",
        "externalId": "NODE-36HAI7TN",
        "neighbors": [
          {
            "id": "n_5cfa850228e6b90a8f00034e",
            "weight": 0
          }
        ],
        "space": [
          "s_5cfa66af28e6b90a8f00013f"
        ],
        "flags": [
          1
        ]
      }
    },
    {
      "type": "Feature",
      "geometry": {
        "type": "Point",
        "coordinates": [
          -1.1599990311868054,
          51.89314294753989
        ]
      },
      "properties": {
        "id": "n_5cfa85bc28e6b90a8f000351",
        "map": "f_5cfa6515d7f2fb5b7d7eb168",
        "externalId": "NODE-C12TONCT",
        "neighbors": [
          {
            "id": "n_5cfa7d0c28e6b90a8f00019c",
            "weight": 0
          }
        ],
        "space": [
          "s_5d5d8462243aaf11dc000004"
        ],
        "flags": [
          1
        ]
      }
    },
    {
      "type": "Feature",
      "geometry": {
        "type": "Point",
        "coordinates": [
          -1.1599058997173868,
          51.893000367796375
        ]
      },
      "properties": {
        "id": "n_5cfa85c528e6b90a8f000353",
        "map": "f_5cfa6515d7f2fb5b7d7eb168",
        "externalId": "NODE-D4DLIY40",
        "neighbors": [
          {
            "id": "n_5cfa85d728e6b90a8f000357",
            "weight": 0
          },
          {
            "id": "n_5cfa85e828e6b90a8f000359",
            "weight": 0
          },
          {
            "id": "n_66463a50a7dd141a701d33ba",
            "weight": 0
          }
        ],
        "space": [],
        "flags": [
          1
        ]
      }
    },
    {
      "type": "Feature",
      "geometry": {
        "type": "Point",
        "coordinates": [
          -1.159789951896762,
          51.89316258784249
        ]
      },
      "properties": {
        "id": "n_5cfa85d728e6b90a8f000357",
        "map": "f_5cfa6515d7f2fb5b7d7eb168",
        "externalId": "NODE-HJIN8J35",
        "neighbors": [
          {
            "id": "n_5cfa85c528e6b90a8f000353",
            "weight": 0
          },
          {
            "id": "n_5cfa85e428e6b90a8f000358",
            "weight": 0
          }
        ],
        "space": [],
        "flags": [
          1
        ]
      }
    },
    {
      "type": "Feature",
      "geometry": {
        "type": "Point",
        "coordinates": [
          -1.1597680846152867,
          51.89319371506891
        ]
      },
      "properties": {
        "id": "n_5cfa85e428e6b90a8f000358",
        "map": "f_5cfa6515d7f2fb5b7d7eb168",
        "externalId": "NODE-GRBAVIBI",
        "neighbors": [
          {
            "id": "n_5cfa85d728e6b90a8f000357",
            "weight": 0
          }
        ],
        "space": [
          "s_5cfa66af28e6b90a8f0000b8"
        ],
        "flags": [
          1
        ]
      }
    },
    {
      "type": "Feature",
      "geometry": {
        "type": "Point",
        "coordinates": [
          -1.1598302716029585,
          51.89297956585813
        ]
      },
      "properties": {
        "id": "n_5cfa85e828e6b90a8f000359",
        "map": "f_5cfa6515d7f2fb5b7d7eb168",
        "externalId": "NODE-78LZF8UC",
        "neighbors": [
          {
            "id": "n_5cfa82c928e6b90a8f0002d7",
            "weight": 0
          },
          {
            "id": "n_5cfa85c528e6b90a8f000353",
            "weight": 0
          },
          {
            "id": "n_5cfa85e928e6b90a8f00035a",
            "weight": 0
          }
        ],
        "space": [],
        "flags": [
          1
        ]
      }
    },
    {
      "type": "Feature",
      "geometry": {
        "type": "Point",
        "coordinates": [
          -1.1597723262024895,
          51.893059858283
        ]
      },
      "properties": {
        "id": "n_5cfa85e928e6b90a8f00035a",
        "map": "f_5cfa6515d7f2fb5b7d7eb168",
        "externalId": "NODE-0UMRJUMT",
        "neighbors": [
          {
            "id": "n_5cfa85e828e6b90a8f000359",
            "weight": 0
          }
        ],
        "space": [
          "s_5cfa66af28e6b90a8f000138"
        ],
        "flags": [
          1
        ]
      }
    },
    {
      "type": "Feature",
      "geometry": {
        "type": "Point",
        "coordinates": [
          -1.1597273655101779,
          51.89295126084972
        ]
      },
      "properties": {
        "id": "n_5cfa85ed28e6b90a8f00035b",
        "map": "f_5cfa6515d7f2fb5b7d7eb168",
        "externalId": "NODE-5QI87S9L",
        "neighbors": [
          {
            "id": "n_5cfa85ee28e6b90a8f00035c",
            "weight": 0
          },
          {
            "id": "n_5cfa85ef28e6b90a8f00035d",
            "weight": 0
          },
          {
            "id": "n_5cfa860928e6b90a8f000366",
            "weight": 0
          }
        ],
        "space": [],
        "flags": [
          1
        ]
      }
    },
    {
      "type": "Feature",
      "geometry": {
        "type": "Point",
        "coordinates": [
          -1.1596834606726132,
          51.893014398597295
        ]
      },
      "properties": {
        "id": "n_5cfa85ee28e6b90a8f00035c",
        "map": "f_5cfa6515d7f2fb5b7d7eb168",
        "externalId": "NODE-LC24B17W",
        "neighbors": [
          {
            "id": "n_5cfa85ed28e6b90a8f00035b",
            "weight": 0
          }
        ],
        "space": [
          "s_5cfa66af28e6b90a8f000139"
        ],
        "flags": [
          1
        ]
      }
    },
    {
      "type": "Feature",
      "geometry": {
        "type": "Point",
        "coordinates": [
          -1.1596409758029782,
          51.89292749868668
        ]
      },
      "properties": {
        "id": "n_5cfa85ef28e6b90a8f00035d",
        "map": "f_5cfa6515d7f2fb5b7d7eb168",
        "externalId": "NODE-E3XLUCHB",
        "neighbors": [
          {
            "id": "n_5cfa85ed28e6b90a8f00035b",
            "weight": 0
          },
          {
            "id": "n_5cfa85f028e6b90a8f00035e",
            "weight": 0
          },
          {
            "id": "n_5cfa85f228e6b90a8f00035f",
            "weight": 0
          },
          {
            "id": "n_5cfa860528e6b90a8f000365",
            "weight": 0
          }
        ],
        "space": [],
        "flags": [
          1
        ]
      }
    },
    {
      "type": "Feature",
      "geometry": {
        "type": "Point",
        "coordinates": [
          -1.159600238234653,
          51.89298844817146
        ]
      },
      "properties": {
        "id": "n_5cfa85f028e6b90a8f00035e",
        "map": "f_5cfa6515d7f2fb5b7d7eb168",
        "externalId": "NODE-CJ36RMZ1",
        "neighbors": [
          {
            "id": "n_5cfa85ef28e6b90a8f00035d",
            "weight": 0
          }
        ],
        "space": [
          "s_5cfa66af28e6b90a8f00013a"
        ],
        "flags": [
          1
        ]
      }
    },
    {
      "type": "Feature",
      "geometry": {
        "type": "Point",
        "coordinates": [
          -1.1595407895614,
          51.89289994156853
        ]
      },
      "properties": {
        "id": "n_5cfa85f228e6b90a8f00035f",
        "map": "f_5cfa6515d7f2fb5b7d7eb168",
        "externalId": "NODE-0TOMIWTD",
        "neighbors": [
          {
            "id": "n_5cfa85ef28e6b90a8f00035d",
            "weight": 0
          },
          {
            "id": "n_5cfa85f428e6b90a8f000360",
            "weight": 0
          },
          {
            "id": "n_5cfa85fc28e6b90a8f000363",
            "weight": 0
          }
        ],
        "space": [],
        "flags": [
          1
        ]
      }
    },
    {
      "type": "Feature",
      "geometry": {
        "type": "Point",
        "coordinates": [
          -1.1594976802760395,
          51.892960420244684
        ]
      },
      "properties": {
        "id": "n_5cfa85f428e6b90a8f000360",
        "map": "f_5cfa6515d7f2fb5b7d7eb168",
        "externalId": "NODE-0FCJAC4S",
        "neighbors": [
          {
            "id": "n_5cfa85f228e6b90a8f00035f",
            "weight": 0
          }
        ],
        "space": [
          "s_5cfa66af28e6b90a8f00013b"
        ],
        "flags": [
          1
        ]
      }
    },
    {
      "type": "Feature",
      "geometry": {
        "type": "Point",
        "coordinates": [
          -1.1594413235444887,
          51.89287258243701
        ]
      },
      "properties": {
        "id": "n_5cfa85f628e6b90a8f000361",
        "map": "f_5cfa6515d7f2fb5b7d7eb168",
        "externalId": "NODE-VVGCMLEA",
        "neighbors": [
          {
            "id": "n_5cfa85f728e6b90a8f000362",
            "weight": 0
          },
          {
            "id": "n_5cfa85fc28e6b90a8f000363",
            "weight": 0
          },
          {
            "id": "n_5cfa862928e6b90a8f000369",
            "weight": 0
          }
        ],
        "space": [],
        "flags": [
          1
        ]
      }
    },
    {
      "type": "Feature",
      "geometry": {
        "type": "Point",
        "coordinates": [
          -1.1594070795014193,
          51.89292129150284
        ]
      },
      "properties": {
        "id": "n_5cfa85f728e6b90a8f000362",
        "map": "f_5cfa6515d7f2fb5b7d7eb168",
        "externalId": "NODE-UL5PO2WD",
        "neighbors": [
          {
            "id": "n_5cfa85f628e6b90a8f000361",
            "weight": 0
          }
        ],
        "space": [
          "s_5cfa66af28e6b90a8f000137"
        ],
        "flags": [
          1
        ]
      }
    },
    {
      "type": "Feature",
      "geometry": {
        "type": "Point",
        "coordinates": [
          -1.1595224853267867,
          51.89289490681293
        ]
      },
      "properties": {
        "id": "n_5cfa85fc28e6b90a8f000363",
        "map": "f_5cfa6515d7f2fb5b7d7eb168",
        "externalId": "NODE-Q56GKXCT",
        "neighbors": [
          {
            "id": "n_5cfa85f228e6b90a8f00035f",
            "weight": 0
          },
          {
            "id": "n_5cfa85f628e6b90a8f000361",
            "weight": 0
          },
          {
            "id": "n_5cfa85fd28e6b90a8f000364",
            "weight": 0
          }
        ],
        "space": [],
        "flags": [
          1
        ]
      }
    },
    {
      "type": "Feature",
      "geometry": {
        "type": "Point",
        "coordinates": [
          -1.159555274398155,
          51.892849531499834
        ]
      },
      "properties": {
        "id": "n_5cfa85fd28e6b90a8f000364",
        "map": "f_5cfa6515d7f2fb5b7d7eb168",
        "externalId": "NODE-DGHEKW8G",
        "neighbors": [
          {
            "id": "n_5cfa85fc28e6b90a8f000363",
            "weight": 0
          }
        ],
        "space": [
          "s_5cfa66af28e6b90a8f000146"
        ],
        "flags": [
          1
        ]
      }
    },
    {
      "type": "Feature",
      "geometry": {
        "type": "Point",
        "coordinates": [
          -1.1596776904913833,
          51.89287751493012
        ]
      },
      "properties": {
        "id": "n_5cfa860528e6b90a8f000365",
        "map": "f_5cfa6515d7f2fb5b7d7eb168",
        "externalId": "NODE-71LBZTS6",
        "neighbors": [
          {
            "id": "n_5cfa85ef28e6b90a8f00035d",
            "weight": 0
          }
        ],
        "space": [
          "s_5cfa66af28e6b90a8f000144"
        ],
        "flags": [
          1
        ]
      }
    },
    {
      "type": "Feature",
      "geometry": {
        "type": "Point",
        "coordinates": [
          -1.1597523791128213,
          51.89295814101979
        ]
      },
      "properties": {
        "id": "n_5cfa860928e6b90a8f000366",
        "map": "f_5cfa6515d7f2fb5b7d7eb168",
        "externalId": "NODE-OZ7ITJ6L",
        "neighbors": [
          {
            "id": "n_5cfa82c928e6b90a8f0002d7",
            "weight": 0
          },
          {
            "id": "n_5cfa85ed28e6b90a8f00035b",
            "weight": 0
          },
          {
            "id": "n_5cfa860a28e6b90a8f000367",
            "weight": 0
          }
        ],
        "space": [],
        "flags": [
          1
        ]
      }
    },
    {
      "type": "Feature",
      "geometry": {
        "type": "Point",
        "coordinates": [
          -1.1597888350616226,
          51.89290897072134
        ]
      },
      "properties": {
        "id": "n_5cfa860a28e6b90a8f000367",
        "map": "f_5cfa6515d7f2fb5b7d7eb168",
        "externalId": "NODE-4Y3CQG95",
        "neighbors": [
          {
            "id": "n_5cfa860928e6b90a8f000366",
            "weight": 0
          }
        ],
        "space": [
          "s_5cfa66af28e6b90a8f000143"
        ],
        "flags": [
          1
        ]
      }
    },
    {
      "type": "Feature",
      "geometry": {
        "type": "Point",
        "coordinates": [
          -1.1593998653428284,
          51.89286117883493
        ]
      },
      "properties": {
        "id": "n_5cfa862928e6b90a8f000369",
        "map": "f_5cfa6515d7f2fb5b7d7eb168",
        "externalId": "NODE-MHMNW4E6",
        "neighbors": [
          {
            "id": "n_5cfa7d1028e6b90a8f00019d",
            "weight": 0
          },
          {
            "id": "n_5cfa85f628e6b90a8f000361",
            "weight": 0
          },
          {
            "id": "n_5cfa862a28e6b90a8f00036a",
            "weight": 0
          }
        ],
        "space": [],
        "flags": [
          1
        ]
      }
    },
    {
      "type": "Feature",
      "geometry": {
        "type": "Point",
        "coordinates": [
          -1.159435113911627,
          51.892812517368796
        ]
      },
      "properties": {
        "id": "n_5cfa862a28e6b90a8f00036a",
        "map": "f_5cfa6515d7f2fb5b7d7eb168",
        "externalId": "NODE-HUBHUF4I",
        "neighbors": [
          {
            "id": "n_5cfa862928e6b90a8f000369",
            "weight": 0
          }
        ],
        "space": [
          "s_5cfa66af28e6b90a8f000147"
        ],
        "flags": [
          1
        ]
      }
    },
    {
      "type": "Feature",
      "geometry": {
        "type": "Point",
        "coordinates": [
          -1.1592267191795702,
          51.892802006555904
        ]
      },
      "properties": {
        "id": "n_5cfa863028e6b90a8f00036b",
        "map": "f_5cfa6515d7f2fb5b7d7eb168",
        "externalId": "NODE-FIUBUJFO",
        "neighbors": [
          {
            "id": "n_5cfa863228e6b90a8f00036c",
            "weight": 0
          },
          {
            "id": "n_5cfa864128e6b90a8f00036f",
            "weight": 0
          },
          {
            "id": "n_6715251f353488475f3e85a1",
            "weight": 0
          }
        ],
        "space": [],
        "flags": [
          1
        ]
      }
    },
    {
      "type": "Feature",
      "geometry": {
        "type": "Point",
        "coordinates": [
          -1.1592814450233864,
          51.892749027040935
        ]
      },
      "properties": {
        "id": "n_5cfa863228e6b90a8f00036c",
        "map": "f_5cfa6515d7f2fb5b7d7eb168",
        "externalId": "NODE-27CR7SL9",
        "neighbors": [
          {
            "id": "n_5cfa863028e6b90a8f00036b",
            "weight": 0
          }
        ],
        "space": [
          "s_5cfa66af28e6b90a8f000145"
        ],
        "flags": [
          1
        ]
      }
    },
    {
      "type": "Feature",
      "geometry": {
        "type": "Point",
        "coordinates": [
          -1.1592833399083433,
          51.892823296234255
        ]
      },
      "properties": {
        "id": "n_5cfa863728e6b90a8f00036d",
        "map": "f_5cfa6515d7f2fb5b7d7eb168",
        "externalId": "NODE-X97979B0",
        "neighbors": [
          {
            "id": "n_5cfa7d1028e6b90a8f00019d",
            "weight": 0
          },
          {
            "id": "n_5cfa863828e6b90a8f00036e",
            "weight": 0
          },
          {
            "id": "n_6715251f353488475f3e85a1",
            "weight": 0
          }
        ],
        "space": [],
        "flags": [
          1
        ]
      }
    },
    {
      "type": "Feature",
      "geometry": {
        "type": "Point",
        "coordinates": [
          -1.1592401602744222,
          51.892881811464456
        ]
      },
      "properties": {
        "id": "n_5cfa863828e6b90a8f00036e",
        "map": "f_5cfa6515d7f2fb5b7d7eb168",
        "externalId": "NODE-3DYDMEL4",
        "neighbors": [
          {
            "id": "n_5cfa863728e6b90a8f00036d",
            "weight": 0
          }
        ],
        "space": [
          "s_5cfa66af28e6b90a8f000136"
        ],
        "flags": [
          1
        ]
      }
    },
    {
      "type": "Feature",
      "geometry": {
        "type": "Point",
        "coordinates": [
          -1.1591709387759601,
          51.8927810328072
        ]
      },
      "properties": {
        "id": "n_5cfa864128e6b90a8f00036f",
        "map": "f_5cfa6515d7f2fb5b7d7eb168",
        "externalId": "NODE-XRSACE14",
        "neighbors": [
          {
            "id": "n_5cfa82c628e6b90a8f0002d6",
            "weight": 0
          },
          {
            "id": "n_5cfa863028e6b90a8f00036b",
            "weight": 0
          },
          {
            "id": "n_5cfa864328e6b90a8f000370",
            "weight": 0
          }
        ],
        "space": [],
        "flags": [
          1
        ]
      }
    },
    {
      "type": "Feature",
      "geometry": {
        "type": "Point",
        "coordinates": [
          -1.1591233636079508,
          51.892848105035604
        ]
      },
      "properties": {
        "id": "n_5cfa864328e6b90a8f000370",
        "map": "f_5cfa6515d7f2fb5b7d7eb168",
        "externalId": "NODE-ZB3QU1DR",
        "neighbors": [
          {
            "id": "n_5cfa864128e6b90a8f00036f",
            "weight": 0
          }
        ],
        "space": [
          "s_5cfa66af28e6b90a8f000135"
        ],
        "flags": [
          1
        ]
      }
    },
    {
      "type": "Feature",
      "geometry": {
        "type": "Point",
        "coordinates": [
          -1.1590216447841046,
          51.892827340361855
        ]
      },
      "properties": {
        "id": "n_5cfa864928e6b90a8f000371",
        "map": "f_5cfa6515d7f2fb5b7d7eb168",
        "externalId": "NODE-VGWB7HVE",
        "neighbors": [
          {
            "id": "n_5cfa82c628e6b90a8f0002d6",
            "weight": 0
          }
        ],
        "space": [
          "s_5cfa66af28e6b90a8f000134"
        ],
        "flags": [
          1
        ]
      }
    },
    {
      "type": "Feature",
      "geometry": {
        "type": "Point",
        "coordinates": [
          -1.1589634690699122,
          51.892703022636304
        ]
      },
      "properties": {
        "id": "n_5cfa864d28e6b90a8f000372",
        "map": "f_5cfa6515d7f2fb5b7d7eb168",
        "externalId": "NODE-CLG0L6CQ",
        "neighbors": [
          {
            "id": "n_5cfa864f28e6b90a8f000373",
            "weight": 0
          },
          {
            "id": "n_5cfa865c28e6b90a8f000377",
            "weight": 0
          },
          {
            "id": "n_5cfa866228e6b90a8f000379",
            "weight": 0
          }
        ],
        "space": [],
        "flags": [
          1
        ]
      }
    },
    {
      "type": "Feature",
      "geometry": {
        "type": "Point",
        "coordinates": [
          -1.1588980712611017,
          51.89279515889141
        ]
      },
      "properties": {
        "id": "n_5cfa864f28e6b90a8f000373",
        "map": "f_5cfa6515d7f2fb5b7d7eb168",
        "externalId": "NODE-53OCDFF6",
        "neighbors": [
          {
            "id": "n_5cfa864d28e6b90a8f000372",
            "weight": 0
          }
        ],
        "space": [
          "s_5cfa66af28e6b90a8f000133"
        ],
        "flags": [
          1
        ]
      }
    },
    {
      "type": "Feature",
      "geometry": {
        "type": "Point",
        "coordinates": [
          -1.158867427017208,
          51.89266690993368
        ]
      },
      "properties": {
        "id": "n_5cfa865228e6b90a8f000374",
        "map": "f_5cfa6515d7f2fb5b7d7eb168",
        "externalId": "NODE-BZ0PAJG6",
        "neighbors": [
          {
            "id": "n_5cfa82c328e6b90a8f0002d5",
            "weight": 0
          },
          {
            "id": "n_5cfa865428e6b90a8f000375",
            "weight": 0
          },
          {
            "id": "n_5cfa866228e6b90a8f000379",
            "weight": 0
          }
        ],
        "space": [],
        "flags": [
          1
        ]
      }
    },
    {
      "type": "Feature",
      "geometry": {
        "type": "Point",
        "coordinates": [
          -1.1587997175305491,
          51.89276764967048
        ]
      },
      "properties": {
        "id": "n_5cfa865428e6b90a8f000375",
        "map": "f_5cfa6515d7f2fb5b7d7eb168",
        "externalId": "NODE-12PRWVPD",
        "neighbors": [
          {
            "id": "n_5cfa865228e6b90a8f000374",
            "weight": 0
          }
        ],
        "space": [
          "s_5cfa66af28e6b90a8f000132"
        ],
        "flags": [
          1
        ]
      }
    },
    {
      "type": "Feature",
      "geometry": {
        "type": "Point",
        "coordinates": [
          -1.1591385412969244,
          51.892697128239995
        ]
      },
      "properties": {
        "id": "n_5cfa865928e6b90a8f000376",
        "map": "f_5cfa6515d7f2fb5b7d7eb168",
        "externalId": "NODE-BM3GFXFY",
        "neighbors": [
          {
            "id": "n_5cfa82c628e6b90a8f0002d6",
            "weight": 0
          }
        ],
        "space": [
          "s_5cfa66af28e6b90a8f000148"
        ],
        "flags": [
          1
        ]
      }
    },
    {
      "type": "Feature",
      "geometry": {
        "type": "Point",
        "coordinates": [
          -1.1590005316853471,
          51.89271695842594
        ]
      },
      "properties": {
        "id": "n_5cfa865c28e6b90a8f000377",
        "map": "f_5cfa6515d7f2fb5b7d7eb168",
        "externalId": "NODE-WFUAAOLL",
        "neighbors": [
          {
            "id": "n_5cfa82c628e6b90a8f0002d6",
            "weight": 0
          },
          {
            "id": "n_5cfa864d28e6b90a8f000372",
            "weight": 0
          },
          {
            "id": "n_5cfa865d28e6b90a8f000378",
            "weight": 0
          }
        ],
        "space": [],
        "flags": [
          1
        ]
      }
    },
    {
      "type": "Feature",
      "geometry": {
        "type": "Point",
        "coordinates": [
          -1.1590628883932572,
          51.892663395896754
        ]
      },
      "properties": {
        "id": "n_5cfa865d28e6b90a8f000378",
        "map": "f_5cfa6515d7f2fb5b7d7eb168",
        "externalId": "NODE-D5VU19P8",
        "neighbors": [
          {
            "id": "n_5cfa865c28e6b90a8f000377",
            "weight": 0
          }
        ],
        "space": [
          "s_5cfa66af28e6b90a8f000154"
        ],
        "flags": [
          1
        ]
      }
    },
    {
      "type": "Feature",
      "geometry": {
        "type": "Point",
        "coordinates": [
          -1.1589053422817621,
          51.892681166486845
        ]
      },
      "properties": {
        "id": "n_5cfa866228e6b90a8f000379",
        "map": "f_5cfa6515d7f2fb5b7d7eb168",
        "externalId": "NODE-DI1P6R8Z",
        "neighbors": [
          {
            "id": "n_5cfa864d28e6b90a8f000372",
            "weight": 0
          },
          {
            "id": "n_5cfa865228e6b90a8f000374",
            "weight": 0
          },
          {
            "id": "n_5cfa866428e6b90a8f00037a",
            "weight": 0
          }
        ],
        "space": [],
        "flags": [
          1
        ]
      }
    },
    {
      "type": "Feature",
      "geometry": {
        "type": "Point",
        "coordinates": [
          -1.1589670613360117,
          51.89262135996104
        ]
      },
      "properties": {
        "id": "n_5cfa866428e6b90a8f00037a",
        "map": "f_5cfa6515d7f2fb5b7d7eb168",
        "externalId": "NODE-DMDWL86A",
        "neighbors": [
          {
            "id": "n_5cfa866228e6b90a8f000379",
            "weight": 0
          }
        ],
        "space": [
          "s_5cfa66af28e6b90a8f000149"
        ],
        "flags": [
          1
        ]
      }
    },
    {
      "type": "Feature",
      "geometry": {
        "type": "Point",
        "coordinates": [
          -1.1588405347822248,
          51.89257203452158
        ]
      },
      "properties": {
        "id": "n_5cfa866a28e6b90a8f00037b",
        "map": "f_5cfa6515d7f2fb5b7d7eb168",
        "externalId": "NODE-FYMH6RWT",
        "neighbors": [
          {
            "id": "n_5cfa84f228e6b90a8f000349",
            "weight": 0
          }
        ],
        "space": [
          "s_5cfa66af28e6b90a8f000141"
        ],
        "flags": [
          1
        ]
      }
    },
    {
      "type": "Feature",
      "geometry": {
        "type": "Point",
        "coordinates": [
          -1.1534614167354516,
          51.89081899924067
        ]
      },
      "properties": {
        "id": "n_5cfea3682fa45f2efb000001",
        "map": "f_5cfa6515d7f2fb5b7d7eb168",
        "externalId": "NODE-4KUDGEMB",
        "neighbors": [
          {
            "id": "n_5d5d918c243aaf11dc00001e",
            "weight": 0
          }
        ],
        "space": [
          "s_5cfeb30f2fa45f2576000000"
        ],
        "flags": [
          1
        ]
      }
    },
    {
      "type": "Feature",
      "geometry": {
        "type": "Point",
        "coordinates": [
          -1.1513953212835126,
          51.891698291058226
        ]
      },
      "properties": {
        "id": "n_5cfeaa192fa45f2efb000004",
        "map": "f_5cfa6515d7f2fb5b7d7eb168",
        "externalId": "NODE-MP562K35",
        "neighbors": [
          {
            "id": "n_5cfa7ef928e6b90a8f00020b",
            "weight": 0
          },
          {
            "id": "n_5cfa7f0928e6b90a8f000210",
            "weight": 0
          }
        ],
        "space": [],
        "flags": [
          1
        ]
      }
    },
    {
      "type": "Feature",
      "geometry": {
        "type": "Point",
        "coordinates": [
          -1.1601540919932656,
          51.89365736425969
        ]
      },
      "properties": {
        "id": "n_5cfeb4472fa45f2576000004",
        "map": "f_5cfa6515d7f2fb5b7d7eb168",
        "externalId": "NODE-XZINLWIY",
        "neighbors": [],
        "space": [
          "s_5cfa66af28e6b90a8f000015"
        ],
        "flags": [
          1
        ]
      }
    },
    {
      "type": "Feature",
      "geometry": {
        "type": "Point",
        "coordinates": [
          -1.1594199536089476,
          51.89345827839561
        ]
      },
      "properties": {
        "id": "n_5cfeb4522fa45f2576000006",
        "map": "f_5cfa6515d7f2fb5b7d7eb168",
        "externalId": "NODE-DVQLQ8IH",
        "neighbors": [],
        "space": [
          "s_5cfa66af28e6b90a8f00001a"
        ],
        "flags": [
          1
        ]
      }
    },
    {
      "type": "Feature",
      "geometry": {
        "type": "Point",
        "coordinates": [
          -1.1583355225051566,
          51.89317176055962
        ]
      },
      "properties": {
        "id": "n_5cfeb4552fa45f2576000008",
        "map": "f_5cfa6515d7f2fb5b7d7eb168",
        "externalId": "NODE-4YXH7MHX",
        "neighbors": [
          {
            "id": "n_5cfeb4552fa45f2576000008",
            "weight": 0
          }
        ],
        "space": [
          "s_6177e3f3e39aa27e7b000474"
        ],
        "flags": [
          0
        ]
      }
    },
    {
      "type": "Feature",
      "geometry": {
        "type": "Point",
        "coordinates": [
          -1.1571943153414006,
          51.89285573341525
        ]
      },
      "properties": {
        "id": "n_5cfeb4592fa45f257600000a",
        "map": "f_5cfa6515d7f2fb5b7d7eb168",
        "externalId": "NODE-1ASIJOX1",
        "neighbors": [],
        "space": [
          "s_6177e391e39aa27e7b000472"
        ],
        "flags": [
          0
        ]
      }
    },
    {
      "type": "Feature",
      "geometry": {
        "type": "Point",
        "coordinates": [
          -1.1561196386032588,
          51.8925551070172
        ]
      },
      "properties": {
        "id": "n_5cfeb45c2fa45f257600000c",
        "map": "f_5cfa6515d7f2fb5b7d7eb168",
        "externalId": "NODE-HRHGZP7Z",
        "neighbors": [],
        "space": [
          "s_5cfa66af28e6b90a8f000017"
        ],
        "flags": [
          0
        ]
      }
    },
    {
      "type": "Feature",
      "geometry": {
        "type": "Point",
        "coordinates": [
          -1.1550722383746843,
          51.89227479025008
        ]
      },
      "properties": {
        "id": "n_5cfeb45f2fa45f257600000e",
        "map": "f_5cfa6515d7f2fb5b7d7eb168",
        "externalId": "NODE-2VZG1K79",
        "neighbors": [],
        "space": [
          "s_6177e34ee39aa27e7b000470"
        ],
        "flags": [
          0
        ]
      }
    },
    {
      "type": "Feature",
      "geometry": {
        "type": "Point",
        "coordinates": [
          -1.1540519032776302,
          51.891996677591216
        ]
      },
      "properties": {
        "id": "n_5cfeb4622fa45f2576000010",
        "map": "f_5cfa6515d7f2fb5b7d7eb168",
        "externalId": "NODE-VPU3A39E",
        "neighbors": [],
        "space": [
          "s_5cfa66af28e6b90a8f000013"
        ],
        "flags": [
          0
        ]
      }
    },
    {
      "type": "Feature",
      "geometry": {
        "type": "Point",
        "coordinates": [
          -1.1516930155684235,
          51.89316824448973
        ]
      },
      "properties": {
        "id": "n_5cfeb4692fa45f2576000012",
        "map": "f_5cfa6515d7f2fb5b7d7eb168",
        "externalId": "NODE-QLJWQ2A5",
        "neighbors": [],
        "space": [],
        "flags": [
          1
        ]
      }
    },
    {
      "type": "Feature",
      "geometry": {
        "type": "Point",
        "coordinates": [
          -1.151561032918824,
          51.89239004613203
        ]
      },
      "properties": {
        "id": "n_5cfeb46d2fa45f2576000014",
        "map": "f_5cfa6515d7f2fb5b7d7eb168",
        "externalId": "NODE-IG3QN2F4",
        "neighbors": [],
        "space": [],
        "flags": [
          1
        ]
      }
    },
    {
      "type": "Feature",
      "geometry": {
        "type": "Point",
        "coordinates": [
          -1.1509356231038315,
          51.89225088774559
        ]
      },
      "properties": {
        "id": "n_5cfeb46f2fa45f2576000016",
        "map": "f_5cfa6515d7f2fb5b7d7eb168",
        "externalId": "NODE-SP2XS6QZ",
        "neighbors": [],
        "space": [],
        "flags": [
          1
        ]
      }
    },
    {
      "type": "Feature",
      "geometry": {
        "type": "Point",
        "coordinates": [
          -1.1561190651047417,
          51.89186892996353
        ]
      },
      "properties": {
        "id": "n_5d49b6785d99b80bad000001",
        "map": "f_5cfa6515d7f2fb5b7d7eb168",
        "externalId": "NODE-MZS65W70",
        "neighbors": [
          {
            "id": "n_5cfa831528e6b90a8f0002d8",
            "weight": 1
          },
          {
            "id": "n_5cfa831c28e6b90a8f0002da",
            "weight": 0
          },
          {
            "id": "n_5d49b6785d99b80bad000001",
            "weight": 0
          }
        ],
        "space": [],
        "flags": [
          1
        ]
      }
    },
    {
      "type": "Feature",
      "geometry": {
        "type": "Point",
        "coordinates": [
          -1.1508035402314758,
          51.89157677809522
        ]
      },
      "properties": {
        "id": "n_5d4d96455d99b84c0f000003",
        "map": "f_5cfa6515d7f2fb5b7d7eb168",
        "externalId": "NODE-W41W7XBE",
        "neighbors": [
          {
            "id": "n_5d4d96455d99b84c0f000003",
            "weight": 0
          }
        ],
        "space": [],
        "flags": [
          1
        ]
      }
    },
    {
      "type": "Feature",
      "geometry": {
        "type": "Point",
        "coordinates": [
          -1.1521306847752415,
          51.892615888295765
        ]
      },
      "properties": {
        "id": "n_5d5d86fe243aaf11dc00000b",
        "map": "f_5cfa6515d7f2fb5b7d7eb168",
        "externalId": "NODE-GRJAKN1O",
        "neighbors": [],
        "space": [],
        "flags": [
          1
        ]
      }
    },
    {
      "type": "Feature",
      "geometry": {
        "type": "Point",
        "coordinates": [
          -1.1520424518024246,
          51.89293046428334
        ]
      },
      "properties": {
        "id": "n_5d5d870a243aaf11dc00000c",
        "map": "f_5cfa6515d7f2fb5b7d7eb168",
        "externalId": "NODE-FY5P8D9V",
        "neighbors": [],
        "space": [],
        "flags": [
          1
        ]
      }
    },
    {
      "type": "Feature",
      "geometry": {
        "type": "Point",
        "coordinates": [
          -1.150383125910613,
          51.89172819723599
        ]
      },
      "properties": {
        "id": "n_5d5d8761243aaf11dc00000f",
        "map": "f_5cfa6515d7f2fb5b7d7eb168",
        "externalId": "NODE-JWILSDY7",
        "neighbors": [
          {
            "id": "n_5d5d9a86243aaf11dc000033",
            "weight": 0
          }
        ],
        "space": [],
        "flags": [
          1
        ]
      }
    },
    {
      "type": "Feature",
      "geometry": {
        "type": "Point",
        "coordinates": [
          -1.1533339728485572,
          51.89098592905542
        ]
      },
      "properties": {
        "id": "n_5d5d9184243aaf11dc00001b",
        "map": "f_5cfa6515d7f2fb5b7d7eb168",
        "externalId": "NODE-QZOBVQA7",
        "neighbors": [
          {
            "id": "n_5d5d9185243aaf11dc00001c",
            "weight": 0
          },
          {
            "id": "n_5d5d9187243aaf11dc00001d",
            "weight": 0
          },
          {
            "id": "n_5d5d918c243aaf11dc00001e",
            "weight": 0
          },
          {
            "id": "n_6a3e678ff41945446104ad84",
            "weight": 0
          }
        ],
        "space": [],
        "flags": [
          1
        ]
      }
    },
    {
      "type": "Feature",
      "geometry": {
        "type": "Point",
        "coordinates": [
          -1.1533918727871282,
          51.89100071091194
        ]
      },
      "properties": {
        "id": "n_5d5d9185243aaf11dc00001c",
        "map": "f_5cfa6515d7f2fb5b7d7eb168",
        "externalId": "NODE-SSVIMHT3",
        "neighbors": [
          {
            "id": "n_5d5d9184243aaf11dc00001b",
            "weight": 0
          }
        ],
        "space": [
          "s_5d5d7f32243aaf6c6f000007"
        ],
        "flags": [
          1
        ]
      }
    },
    {
      "type": "Feature",
      "geometry": {
        "type": "Point",
        "coordinates": [
          -1.153270830327674,
          51.89096852405794
        ]
      },
      "properties": {
        "id": "n_5d5d9187243aaf11dc00001d",
        "map": "f_5cfa6515d7f2fb5b7d7eb168",
        "externalId": "NODE-1CLJWZTB",
        "neighbors": [
          {
            "id": "n_5d5d9184243aaf11dc00001b",
            "weight": 0
          }
        ],
        "space": [
          "s_5d5d7f32243aaf6c6f000002"
        ],
        "flags": [
          1
        ]
      }
    },
    {
      "type": "Feature",
      "geometry": {
        "type": "Point",
        "coordinates": [
          -1.153411555649127,
          51.8908843091449
        ]
      },
      "properties": {
        "id": "n_5d5d918c243aaf11dc00001e",
        "map": "f_5cfa6515d7f2fb5b7d7eb168",
        "externalId": "NODE-EOOV2AGT",
        "neighbors": [
          {
            "id": "n_5cfea3682fa45f2efb000001",
            "weight": 0
          },
          {
            "id": "n_5d5d9184243aaf11dc00001b",
            "weight": 0
          },
          {
            "id": "n_5d5d918e243aaf11dc00001f",
            "weight": 0
          }
        ],
        "space": [],
        "flags": [
          1
        ]
      }
    },
    {
      "type": "Feature",
      "geometry": {
        "type": "Point",
        "coordinates": [
          -1.1534650541180336,
          51.890899032866294
        ]
      },
      "properties": {
        "id": "n_5d5d918e243aaf11dc00001f",
        "map": "f_5cfa6515d7f2fb5b7d7eb168",
        "externalId": "NODE-DMJQN6E3",
        "neighbors": [
          {
            "id": "n_5d5d918c243aaf11dc00001e",
            "weight": 0
          }
        ],
        "space": [
          "s_5d5d7f32243aaf6c6f000005"
        ],
        "flags": [
          1
        ]
      }
    },
    {
      "type": "Feature",
      "geometry": {
        "type": "Point",
        "coordinates": [
          -1.1519100077440703,
          51.891285915083564
        ]
      },
      "properties": {
        "id": "n_5d5d9195243aaf11dc000020",
        "map": "f_5cfa6515d7f2fb5b7d7eb168",
        "externalId": "NODE-FJ8SX1B8",
        "neighbors": [
          {
            "id": "n_5cfa7fa928e6b90a8f00022c",
            "weight": 0
          }
        ],
        "space": [
          "s_5d5d7f32243aaf6c6f000006"
        ],
        "flags": [
          1
        ]
      }
    },
    {
      "type": "Feature",
      "geometry": {
        "type": "Point",
        "coordinates": [
          -1.160238017667271,
          51.89308792845201
        ]
      },
      "properties": {
        "id": "n_5d5d91a8243aaf11dc000021",
        "map": "f_5cfa6515d7f2fb5b7d7eb168",
        "externalId": "NODE-H71ZVJ15",
        "neighbors": [
          {
            "id": "n_5cfa7d0c28e6b90a8f00019c",
            "weight": 0
          },
          {
            "id": "n_5d5d91ab243aaf11dc000022",
            "weight": 0
          }
        ],
        "space": [],
        "flags": [
          1
        ]
      }
    },
    {
      "type": "Feature",
      "geometry": {
        "type": "Point",
        "coordinates": [
          -1.1602016958238843,
          51.89313812720549
        ]
      },
      "properties": {
        "id": "n_5d5d91ab243aaf11dc000022",
        "map": "f_5cfa6515d7f2fb5b7d7eb168",
        "externalId": "NODE-FUJHACI3",
        "neighbors": [
          {
            "id": "n_5d5d91a8243aaf11dc000021",
            "weight": 0
          },
          {
            "id": "n_5d5d9633243aaf11dc00002a",
            "weight": 0
          }
        ],
        "space": [
          "s_5d5d7f32243aaf6c6f000003"
        ],
        "flags": [
          1
        ]
      }
    },
    {
      "type": "Feature",
      "geometry": {
        "type": "Point",
        "coordinates": [
          -1.1599887018297996,
          51.89302314298133
        ]
      },
      "properties": {
        "id": "n_5d5d91af243aaf11dc000023",
        "map": "f_5cfa6515d7f2fb5b7d7eb168",
        "externalId": "NODE-0YYOXD8R",
        "neighbors": [
          {
            "id": "n_5cfa7d0c28e6b90a8f00019c",
            "weight": 0
          },
          {
            "id": "n_6646398ba7dd141a701d33b8",
            "weight": 0
          },
          {
            "id": "n_66463a50a7dd141a701d33ba",
            "weight": 0
          }
        ],
        "space": [],
        "flags": [
          1
        ]
      }
    },
    {
      "type": "Feature",
      "geometry": {
        "type": "Point",
        "coordinates": [
          -1.1558061665589232,
          51.891744615865214
        ]
      },
      "properties": {
        "id": "n_5d5d92af243aaf11dc000026",
        "map": "f_5cfa6515d7f2fb5b7d7eb168",
        "externalId": "NODE-90RO8C2N",
        "neighbors": [
          {
            "id": "n_5cfa811828e6b90a8f000289",
            "weight": 0
          },
          {
            "id": "n_5d5d92b0243aaf11dc000027",
            "weight": 0
          },
          {
            "id": "n_5d8e0b8c3e71034ee2000005",
            "weight": 0
          }
        ],
        "space": [],
        "flags": [
          1
        ]
      }
    },
    {
      "type": "Feature",
      "geometry": {
        "type": "Point",
        "coordinates": [
          -1.155792651475406,
          51.8917670000672
        ]
      },
      "properties": {
        "id": "n_5d5d92b0243aaf11dc000027",
        "map": "f_5cfa6515d7f2fb5b7d7eb168",
        "externalId": "NODE-MU4Y11M8",
        "neighbors": [
          {
            "id": "n_5d5d92af243aaf11dc000026",
            "weight": 0
          }
        ],
        "space": [],
        "flags": [
          1
        ]
      }
    },
    {
      "type": "Feature",
      "geometry": {
        "type": "Point",
        "coordinates": [
          -1.1600864763385312,
          51.89329116896056
        ]
      },
      "properties": {
        "id": "n_5d5d9633243aaf11dc00002a",
        "map": "f_5cfa6515d7f2fb5b7d7eb168",
        "externalId": "NODE-KC09D07N",
        "neighbors": [
          {
            "id": "n_5d5d91ab243aaf11dc000022",
            "weight": 0
          },
          {
            "id": "n_5d5d963c243aaf11dc00002b",
            "weight": 0
          },
          {
            "id": "n_5d5da5795d99b83e18000000",
            "weight": 0
          }
        ],
        "space": [],
        "flags": [
          1
        ]
      }
    },
    {
      "type": "Feature",
      "geometry": {
        "type": "Point",
        "coordinates": [
          -1.1600099776844723,
          51.893269370110005
        ]
      },
      "properties": {
        "id": "n_5d5d963c243aaf11dc00002b",
        "map": "f_5cfa6515d7f2fb5b7d7eb168",
        "externalId": "NODE-SQRYTHZ2",
        "neighbors": [
          {
            "id": "n_5d5d9633243aaf11dc00002a",
            "weight": 0
          }
        ],
        "space": [
          "s_5d5d8462243aaf11dc000005"
        ],
        "flags": [
          1
        ]
      }
    },
    {
      "type": "Feature",
      "geometry": {
        "type": "Point",
        "coordinates": [
          -1.1502320638548804,
          51.8918644823361
        ]
      },
      "properties": {
        "id": "n_5d5d9a86243aaf11dc000033",
        "map": "f_5cfa6515d7f2fb5b7d7eb168",
        "externalId": "NODE-IVYLTYLN",
        "neighbors": [
          {
            "id": "n_5d5d8761243aaf11dc00000f",
            "weight": 0
          },
          {
            "id": "n_5cfa7f0e28e6b90a8f000211",
            "weight": 0
          },
          {
            "id": "n_5cfa7f1228e6b90a8f000212",
            "weight": 0
          }
        ],
        "space": [],
        "flags": [
          1
        ]
      }
    },
    {
      "type": "Feature",
      "geometry": {
        "type": "Point",
        "coordinates": [
          -1.153825999284442,
          51.89105587559857
        ]
      },
      "properties": {
        "id": "n_5d5d9d22243aaf11dc00003e",
        "map": "f_5cfa6515d7f2fb5b7d7eb168",
        "externalId": "NODE-A3O3Q0PX",
        "neighbors": [
          {
            "id": "n_5cfa81ab28e6b90a8f0002a5",
            "weight": 0
          }
        ],
        "space": [
          "s_5d5d7f32243aaf6c6f000000"
        ],
        "flags": [
          1
        ]
      }
    },
    {
      "type": "Feature",
      "geometry": {
        "type": "Point",
        "coordinates": [
          -1.159993337098248,
          51.89340023220046
        ]
      },
      "properties": {
        "id": "n_5d5da5795d99b83e18000000",
        "map": "f_5cfa6515d7f2fb5b7d7eb168",
        "externalId": "NODE-ULXGH87B",
        "neighbors": [
          {
            "id": "n_5d5d9633243aaf11dc00002a",
            "weight": 0
          },
          {
            "id": "n_5d7259235d99b83c570002e8",
            "weight": 0
          }
        ],
        "space": [],
        "flags": [
          1
        ]
      }
    },
    {
      "type": "Feature",
      "geometry": {
        "type": "Point",
        "coordinates": [
          -1.156000523874896,
          51.89183703445142
        ]
      },
      "properties": {
        "id": "n_5d72514d5d99b83c57000004",
        "map": "f_5cfa6515d7f2fb5b7d7eb168",
        "externalId": "NODE-94ONVEA1",
        "neighbors": [
          {
            "id": "n_5cfa7d9b28e6b90a8f0001aa",
            "weight": 0
          }
        ],
        "space": [],
        "flags": [
          1
        ]
      }
    },
    {
      "type": "Feature",
      "geometry": {
        "type": "Point",
        "coordinates": [
          -1.1532585349053164,
          51.89108483850065
        ]
      },
      "properties": {
        "id": "n_5d72515e5d99b83c57000005",
        "map": "f_5cfa6515d7f2fb5b7d7eb168",
        "externalId": "NODE-A3KJZ8I4",
        "neighbors": [
          {
            "id": "n_5cfa807f28e6b90a8f000255",
            "weight": 0
          },
          {
            "id": "n_5cfa801e28e6b90a8f000247",
            "weight": 0
          },
          {
            "id": "n_6a3e678ff41945446104ad84",
            "weight": 0
          }
        ],
        "space": [],
        "flags": [
          1
        ]
      }
    },
    {
      "type": "Feature",
      "geometry": {
        "type": "Point",
        "coordinates": [
          -1.1561945280678947,
          51.89236989634398
        ]
      },
      "properties": {
        "id": "n_5d7255935d99b83c57000178",
        "map": "f_5cfa6515d7f2fb5b7d7eb168",
        "externalId": "NODE-WRKZHBBT",
        "neighbors": [
          {
            "id": "n_5d7255a55d99b83c5700017a",
            "weight": 0
          },
          {
            "id": "n_5d84df3c0ab547446b000013",
            "weight": 0
          }
        ],
        "space": [],
        "flags": [
          1
        ]
      }
    },
    {
      "type": "Feature",
      "geometry": {
        "type": "Point",
        "coordinates": [
          -1.156285824386595,
          51.892396957045875
        ]
      },
      "properties": {
        "id": "n_5d7255a55d99b83c5700017a",
        "map": "f_5cfa6515d7f2fb5b7d7eb168",
        "externalId": "NODE-984UY3OL",
        "neighbors": [
          {
            "id": "n_5d7255935d99b83c57000178",
            "weight": 0
          },
          {
            "id": "n_5d974f0facc8130709000004",
            "weight": 0
          }
        ],
        "space": [],
        "flags": [
          1
        ]
      }
    },
    {
      "type": "Feature",
      "geometry": {
        "type": "Point",
        "coordinates": [
          -1.1590450893775994,
          51.893121505445514
        ]
      },
      "properties": {
        "id": "n_5d7259235d99b83c570002e8",
        "map": "f_5cfa6515d7f2fb5b7d7eb168",
        "externalId": "NODE-A9PDBFW6",
        "neighbors": [
          {
            "id": "n_5d5da5795d99b83e18000000",
            "weight": 0
          },
          {
            "id": "n_6177e5f1e39aa27e7b000476",
            "weight": 0
          }
        ],
        "space": [
          "s_5d72589f5d99b83c570002e6"
        ],
        "flags": [
          1
        ]
      }
    },
    {
      "type": "Feature",
      "geometry": {
        "type": "Point",
        "coordinates": [
          -1.1561226673964256,
          51.892318781951595
        ]
      },
      "properties": {
        "id": "n_5d84df3c0ab547446b000013",
        "map": "f_5cfa6515d7f2fb5b7d7eb168",
        "externalId": "NODE-N4AWEBYA",
        "neighbors": [
          {
            "id": "n_5d7255935d99b83c57000178",
            "weight": 0
          },
          {
            "id": "n_5d84df3c0ab547446b000013",
            "weight": 0
          },
          {
            "id": "n_5d84e02c0ab547446b000015",
            "weight": 0
          },
          {
            "id": "n_5d84e07a0ab547446b000016",
            "weight": 0
          },
          {
            "id": "n_5cfa824f28e6b90a8f0002c2",
            "weight": 0
          }
        ],
        "space": [],
        "flags": [
          1
        ]
      }
    },
    {
      "type": "Feature",
      "geometry": {
        "type": "Point",
        "coordinates": [
          -1.156139069718923,
          51.89229465879917
        ]
      },
      "properties": {
        "id": "n_5d84e02c0ab547446b000015",
        "map": "f_5cfa6515d7f2fb5b7d7eb168",
        "externalId": "NODE-B17ES1TZ",
        "neighbors": [
          {
            "id": "n_5d84df3c0ab547446b000013",
            "weight": 0
          }
        ],
        "space": [
          "s_5cfa66af28e6b90a8f00011e"
        ],
        "flags": [
          1
        ]
      }
    },
    {
      "type": "Feature",
      "geometry": {
        "type": "Point",
        "coordinates": [
          -1.1561987432375227,
          51.89233772968272
        ]
      },
      "properties": {
        "id": "n_5d84e07a0ab547446b000016",
        "map": "f_5cfa6515d7f2fb5b7d7eb168",
        "externalId": "NODE-D3SLSKZO",
        "neighbors": [
          {
            "id": "n_5d84df3c0ab547446b000013",
            "weight": 0
          }
        ],
        "space": [
          "s_5cfa66af28e6b90a8f0000c5"
        ],
        "flags": [
          1
        ]
      }
    },
    {
      "type": "Feature",
      "geometry": {
        "type": "Point",
        "coordinates": [
          -1.1558500310106632,
          51.891865029889054
        ]
      },
      "properties": {
        "id": "n_5d8e0b293e71034ee2000000",
        "map": "f_5cfa6515d7f2fb5b7d7eb168",
        "externalId": "NODE-YX3C2VDA",
        "neighbors": [
          {
            "id": "n_5cfa827d28e6b90a8f0002ce",
            "weight": 0
          },
          {
            "id": "n_5d8e0b333e71034ee2000002",
            "weight": 0
          },
          {
            "id": "n_5d8e0b983e71034ee2000006",
            "weight": 0
          }
        ],
        "space": [],
        "flags": [
          1
        ]
      }
    },
    {
      "type": "Feature",
      "geometry": {
        "type": "Point",
        "coordinates": [
          -1.1559399840758147,
          51.891865561407606
        ]
      },
      "properties": {
        "id": "n_5d8e0b333e71034ee2000002",
        "map": "f_5cfa6515d7f2fb5b7d7eb168",
        "externalId": "NODE-9UVG2552",
        "neighbors": [
          {
            "id": "n_5d8e0b293e71034ee2000000",
            "weight": 0
          },
          {
            "id": "n_5cfa7d9b28e6b90a8f0001aa",
            "weight": 0
          }
        ],
        "space": [],
        "flags": [
          1
        ]
      }
    },
    {
      "type": "Feature",
      "geometry": {
        "type": "Point",
        "coordinates": [
          -1.156028282275783,
          51.89179397573744
        ]
      },
      "properties": {
        "id": "n_5d8e0b863e71034ee2000004",
        "map": "f_5cfa6515d7f2fb5b7d7eb168",
        "externalId": "NODE-J0ED7MJ4",
        "neighbors": [
          {
            "id": "n_5cfa7d9b28e6b90a8f0001aa",
            "weight": 0
          },
          {
            "id": "n_5d8e0b8c3e71034ee2000005",
            "weight": 0
          }
        ],
        "space": [],
        "flags": [
          1
        ]
      }
    },
    {
      "type": "Feature",
      "geometry": {
        "type": "Point",
        "coordinates": [
          -1.1559375001721617,
          51.891762314577335
        ]
      },
      "properties": {
        "id": "n_5d8e0b8c3e71034ee2000005",
        "map": "f_5cfa6515d7f2fb5b7d7eb168",
        "externalId": "NODE-1Y2CRVXI",
        "neighbors": [
          {
            "id": "n_5d8e0b863e71034ee2000004",
            "weight": 0
          },
          {
            "id": "n_5cfa813e28e6b90a8f00028e",
            "weight": 0
          },
          {
            "id": "n_5d5d92af243aaf11dc000026",
            "weight": 0
          }
        ],
        "space": [],
        "flags": [
          1
        ]
      }
    },
    {
      "type": "Feature",
      "geometry": {
        "type": "Point",
        "coordinates": [
          -1.1558206277055187,
          51.891809511286084
        ]
      },
      "properties": {
        "id": "n_5d8e0b983e71034ee2000006",
        "map": "f_5cfa6515d7f2fb5b7d7eb168",
        "externalId": "NODE-RLYXSVRM",
        "neighbors": [
          {
            "id": "n_5d8e0b293e71034ee2000000",
            "weight": 0
          },
          {
            "id": "n_5d8e0bac3e71034ee2000007",
            "weight": 0
          }
        ],
        "space": [],
        "flags": [
          1
        ]
      }
    },
    {
      "type": "Feature",
      "geometry": {
        "type": "Point",
        "coordinates": [
          -1.155857638395723,
          51.891754002086294
        ]
      },
      "properties": {
        "id": "n_5d8e0bac3e71034ee2000007",
        "map": "f_5cfa6515d7f2fb5b7d7eb168",
        "externalId": "NODE-IJWH87IT",
        "neighbors": [
          {
            "id": "n_5d8e0b983e71034ee2000006",
            "weight": 0
          }
        ],
        "space": [],
        "flags": [
          1
        ]
      }
    },
    {
      "type": "Feature",
      "geometry": {
        "type": "Point",
        "coordinates": [
          -1.1519082939184508,
          51.891356648141105
        ]
      },
      "properties": {
        "id": "n_5d8e0c673e71034ee2000013",
        "map": "f_5cfa6515d7f2fb5b7d7eb168",
        "externalId": "NODE-HTBZ064Z",
        "neighbors": [
          {
            "id": "n_5cfa7fa928e6b90a8f00022c",
            "weight": 0
          },
          {
            "id": "n_5ebe640c80861e7692000001",
            "weight": 0
          }
        ],
        "space": [],
        "flags": [
          1
        ]
      }
    },
    {
      "type": "Feature",
      "geometry": {
        "type": "Point",
        "coordinates": [
          -1.1531643335502266,
          51.89119222016027
        ]
      },
      "properties": {
        "id": "n_5d8e0d3b3e71034ee2000014",
        "map": "f_5cfa6515d7f2fb5b7d7eb168",
        "externalId": "NODE-CDL4NWXH",
        "neighbors": [
          {
            "id": "n_5cfa807f28e6b90a8f000255",
            "weight": 0
          },
          {
            "id": "n_5cfa806d28e6b90a8f000252",
            "weight": 0
          },
          {
            "id": "n_5cfa801e28e6b90a8f000247",
            "weight": 0
          }
        ],
        "space": [],
        "flags": [
          1
        ]
      }
    },
    {
      "type": "Feature",
      "geometry": {
        "type": "Point",
        "coordinates": [
          -1.1528585818682318,
          51.89145437694078
        ]
      },
      "properties": {
        "id": "n_5d8e61bc5d99b82315000000",
        "map": "f_5cfa6515d7f2fb5b7d7eb168",
        "externalId": "NODE-8DPYKQ95",
        "neighbors": [
          {
            "id": "n_5cfa81e428e6b90a8f0002ad",
            "weight": 0
          },
          {
            "id": "n_5d8e61bf5d99b82315000001",
            "weight": 0
          }
        ],
        "space": [],
        "flags": [
          1
        ]
      }
    },
    {
      "type": "Feature",
      "geometry": {
        "type": "Point",
        "coordinates": [
          -1.152764015792871,
          51.8915508358195
        ]
      },
      "properties": {
        "id": "n_5d8e61bf5d99b82315000001",
        "map": "f_5cfa6515d7f2fb5b7d7eb168",
        "externalId": "NODE-YVYB97QC",
        "neighbors": [
          {
            "id": "n_5d8e61bc5d99b82315000000",
            "weight": 0
          },
          {
            "id": "n_5d8e61d35d99b82315000002",
            "weight": 0
          }
        ],
        "space": [],
        "flags": [
          1
        ]
      }
    },
    {
      "type": "Feature",
      "geometry": {
        "type": "Point",
        "coordinates": [
          -1.1526958266212168,
          51.89164513190703
        ]
      },
      "properties": {
        "id": "n_5d8e61d35d99b82315000002",
        "map": "f_5cfa6515d7f2fb5b7d7eb168",
        "externalId": "NODE-V3Z4LYSK",
        "neighbors": [
          {
            "id": "n_5d8e61bf5d99b82315000001",
            "weight": 0
          },
          {
            "id": "n_5d8e61f75d99b8231500000f",
            "weight": 0
          }
        ],
        "space": [],
        "flags": [
          1
        ]
      }
    },
    {
      "type": "Feature",
      "geometry": {
        "type": "Point",
        "coordinates": [
          -1.1528437300749148,
          51.891773825578596
        ]
      },
      "properties": {
        "id": "n_5d8e61d65d99b82315000003",
        "map": "f_5cfa6515d7f2fb5b7d7eb168",
        "externalId": "NODE-AH3KXJKP",
        "neighbors": [
          {
            "id": "n_5d8e61d65d99b82315000004",
            "weight": 0
          },
          {
            "id": "n_5d8e622d5d99b82315000012",
            "weight": 0
          }
        ],
        "space": [],
        "flags": [
          1
        ]
      }
    },
    {
      "type": "Feature",
      "geometry": {
        "type": "Point",
        "coordinates": [
          -1.1528406113062168,
          51.89181640134803
        ]
      },
      "properties": {
        "id": "n_5d8e61d65d99b82315000004",
        "map": "f_5cfa6515d7f2fb5b7d7eb168",
        "externalId": "NODE-A3BY4TN4",
        "neighbors": [
          {
            "id": "n_5d8e61d65d99b82315000003",
            "weight": 0
          },
          {
            "id": "n_5d8e61d75d99b82315000005",
            "weight": 0
          }
        ],
        "space": [],
        "flags": [
          1
        ]
      }
    },
    {
      "type": "Feature",
      "geometry": {
        "type": "Point",
        "coordinates": [
          -1.1527966035007788,
          51.89188380892778
        ]
      },
      "properties": {
        "id": "n_5d8e61d75d99b82315000005",
        "map": "f_5cfa6515d7f2fb5b7d7eb168",
        "externalId": "NODE-TWVOEP36",
        "neighbors": [
          {
            "id": "n_5d8e61d65d99b82315000004",
            "weight": 0
          },
          {
            "id": "n_5d8e61d85d99b82315000006",
            "weight": 0
          }
        ],
        "space": [],
        "flags": [
          1
        ]
      }
    },
    {
      "type": "Feature",
      "geometry": {
        "type": "Point",
        "coordinates": [
          -1.1527293331469657,
          51.89191907785526
        ]
      },
      "properties": {
        "id": "n_5d8e61d85d99b82315000006",
        "map": "f_5cfa6515d7f2fb5b7d7eb168",
        "externalId": "NODE-HBN1LEG2",
        "neighbors": [
          {
            "id": "n_5d8e61d75d99b82315000005",
            "weight": 0
          },
          {
            "id": "n_5d8e61d85d99b82315000007",
            "weight": 0
          }
        ],
        "space": [],
        "flags": [
          1
        ]
      }
    },
    {
      "type": "Feature",
      "geometry": {
        "type": "Point",
        "coordinates": [
          -1.1526335335215412,
          51.89195048325057
        ]
      },
      "properties": {
        "id": "n_5d8e61d85d99b82315000007",
        "map": "f_5cfa6515d7f2fb5b7d7eb168",
        "externalId": "NODE-TF8SSSLT",
        "neighbors": [
          {
            "id": "n_5d8e61d85d99b82315000006",
            "weight": 0
          },
          {
            "id": "n_5d8e61d95d99b82315000008",
            "weight": 0
          }
        ],
        "space": [],
        "flags": [
          1
        ]
      }
    },
    {
      "type": "Feature",
      "geometry": {
        "type": "Point",
        "coordinates": [
          -1.1525267529669072,
          51.89198055712364
        ]
      },
      "properties": {
        "id": "n_5d8e61d95d99b82315000008",
        "map": "f_5cfa6515d7f2fb5b7d7eb168",
        "externalId": "NODE-GTF9HKUV",
        "neighbors": [
          {
            "id": "n_5d8e61d85d99b82315000007",
            "weight": 0
          },
          {
            "id": "n_5d8e61da5d99b82315000009",
            "weight": 0
          }
        ],
        "space": [],
        "flags": [
          1
        ]
      }
    },
    {
      "type": "Feature",
      "geometry": {
        "type": "Point",
        "coordinates": [
          -1.1524219962265847,
          51.89199865228648
        ]
      },
      "properties": {
        "id": "n_5d8e61da5d99b82315000009",
        "map": "f_5cfa6515d7f2fb5b7d7eb168",
        "externalId": "NODE-MHTX68CC",
        "neighbors": [
          {
            "id": "n_5d8e61d95d99b82315000008",
            "weight": 0
          },
          {
            "id": "n_5d8e62345d99b82315000013",
            "weight": 0
          }
        ],
        "space": [],
        "flags": [
          1
        ]
      }
    },
    {
      "type": "Feature",
      "geometry": {
        "type": "Point",
        "coordinates": [
          -1.1522479941406698,
          51.8919540034027
        ]
      },
      "properties": {
        "id": "n_5d8e61da5d99b8231500000a",
        "map": "f_5cfa6515d7f2fb5b7d7eb168",
        "externalId": "NODE-F14XTO95",
        "neighbors": [
          {
            "id": "n_5d8e61ef5d99b8231500000b",
            "weight": 0
          },
          {
            "id": "n_5d8e62345d99b82315000013",
            "weight": 0
          }
        ],
        "space": [],
        "flags": [
          1
        ]
      }
    },
    {
      "type": "Feature",
      "geometry": {
        "type": "Point",
        "coordinates": [
          -1.1521728536940814,
          51.89191460558524
        ]
      },
      "properties": {
        "id": "n_5d8e61ef5d99b8231500000b",
        "map": "f_5cfa6515d7f2fb5b7d7eb168",
        "externalId": "NODE-JCD37D0P",
        "neighbors": [
          {
            "id": "n_5d8e61da5d99b8231500000a",
            "weight": 0
          },
          {
            "id": "n_5d8e61f05d99b8231500000c",
            "weight": 0
          }
        ],
        "space": [],
        "flags": [
          1
        ]
      }
    },
    {
      "type": "Feature",
      "geometry": {
        "type": "Point",
        "coordinates": [
          -1.152082923251885,
          51.89186426385045
        ]
      },
      "properties": {
        "id": "n_5d8e61f05d99b8231500000c",
        "map": "f_5cfa6515d7f2fb5b7d7eb168",
        "externalId": "NODE-BXQ8H0OX",
        "neighbors": [
          {
            "id": "n_5d8e61ef5d99b8231500000b",
            "weight": 0
          },
          {
            "id": "n_5d8e61f15d99b8231500000d",
            "weight": 0
          }
        ],
        "space": [],
        "flags": [
          1
        ]
      }
    },
    {
      "type": "Feature",
      "geometry": {
        "type": "Point",
        "coordinates": [
          -1.1519753472023428,
          51.89179524121692
        ]
      },
      "properties": {
        "id": "n_5d8e61f15d99b8231500000d",
        "map": "f_5cfa6515d7f2fb5b7d7eb168",
        "externalId": "NODE-QCNO2K8Z",
        "neighbors": [
          {
            "id": "n_5d8e61f05d99b8231500000c",
            "weight": 0
          },
          {
            "id": "n_5d8e62255d99b82315000010",
            "weight": 0
          }
        ],
        "space": [],
        "flags": [
          1
        ]
      }
    },
    {
      "type": "Feature",
      "geometry": {
        "type": "Point",
        "coordinates": [
          -1.1528016156600212,
          51.891702182744325
        ]
      },
      "properties": {
        "id": "n_5d8e61f75d99b8231500000f",
        "map": "f_5cfa6515d7f2fb5b7d7eb168",
        "externalId": "NODE-IYJM5U5H",
        "neighbors": [
          {
            "id": "n_5d8e61d35d99b82315000002",
            "weight": 0
          },
          {
            "id": "n_5d8e622d5d99b82315000012",
            "weight": 0
          }
        ],
        "space": [],
        "flags": [
          1
        ]
      }
    },
    {
      "type": "Feature",
      "geometry": {
        "type": "Point",
        "coordinates": [
          -1.1518164956220676,
          51.891713757652084
        ]
      },
      "properties": {
        "id": "n_5d8e62255d99b82315000010",
        "map": "f_5cfa6515d7f2fb5b7d7eb168",
        "externalId": "NODE-1Q9BZAUR",
        "neighbors": [
          {
            "id": "n_5cfa7ee728e6b90a8f000201",
            "weight": 0
          },
          {
            "id": "n_5d8e61f15d99b8231500000d",
            "weight": 0
          }
        ],
        "space": [],
        "flags": [
          1
        ]
      }
    },
    {
      "type": "Feature",
      "geometry": {
        "type": "Point",
        "coordinates": [
          -1.152827825438529,
          51.89173762405375
        ]
      },
      "properties": {
        "id": "n_5d8e622d5d99b82315000012",
        "map": "f_5cfa6515d7f2fb5b7d7eb168",
        "externalId": "NODE-NS74Z1Y3",
        "neighbors": [
          {
            "id": "n_5d8e61d65d99b82315000003",
            "weight": 0
          },
          {
            "id": "n_5d8e61f75d99b8231500000f",
            "weight": 0
          }
        ],
        "space": [],
        "flags": [
          1
        ]
      }
    },
    {
      "type": "Feature",
      "geometry": {
        "type": "Point",
        "coordinates": [
          -1.1523286860226534,
          51.89198514684715
        ]
      },
      "properties": {
        "id": "n_5d8e62345d99b82315000013",
        "map": "f_5cfa6515d7f2fb5b7d7eb168",
        "externalId": "NODE-YBDXYZA5",
        "neighbors": [
          {
            "id": "n_5d8e61da5d99b82315000009",
            "weight": 0
          },
          {
            "id": "n_5d8e61da5d99b8231500000a",
            "weight": 0
          }
        ],
        "space": [],
        "flags": [
          1
        ]
      }
    },
    {
      "type": "Feature",
      "geometry": {
        "type": "Point",
        "coordinates": [
          -1.1573344539276633,
          51.89266171873878
        ]
      },
      "properties": {
        "id": "n_5d974ea3acc8130709000002",
        "map": "f_5cfa6515d7f2fb5b7d7eb168",
        "externalId": "NODE-JT2OCJ96",
        "neighbors": [
          {
            "id": "n_5cfa843528e6b90a8f00031a",
            "weight": 0
          },
          {
            "id": "n_5d974f0bacc8130709000003",
            "weight": 0
          },
          {
            "id": "n_5d974f0facc8130709000004",
            "weight": 0
          }
        ],
        "space": [],
        "flags": [
          1
        ]
      }
    },
    {
      "type": "Feature",
      "geometry": {
        "type": "Point",
        "coordinates": [
          -1.1573571206863977,
          51.89262842731432
        ]
      },
      "properties": {
        "id": "n_5d974f0bacc8130709000003",
        "map": "f_5cfa6515d7f2fb5b7d7eb168",
        "externalId": "NODE-JKDJMT27",
        "neighbors": [
          {
            "id": "n_5d974ea3acc8130709000002",
            "weight": 0
          }
        ],
        "space": [
          "s_5d5d7f32243aaf6c6f000001"
        ],
        "flags": [
          1
        ]
      }
    },
    {
      "type": "Feature",
      "geometry": {
        "type": "Point",
        "coordinates": [
          -1.157271574148868,
          51.89264437018927
        ]
      },
      "properties": {
        "id": "n_5d974f0facc8130709000004",
        "map": "f_5cfa6515d7f2fb5b7d7eb168",
        "externalId": "NODE-BXPCGUUO",
        "neighbors": [
          {
            "id": "n_5d7255a55d99b83c5700017a",
            "weight": 0
          },
          {
            "id": "n_5d974ea3acc8130709000002",
            "weight": 0
          },
          {
            "id": "n_5d977e555d99b85433000000",
            "weight": 0
          }
        ],
        "space": [],
        "flags": [
          1
        ]
      }
    },
    {
      "type": "Feature",
      "geometry": {
        "type": "Point",
        "coordinates": [
          -1.1574260511919696,
          51.892648670400476
        ]
      },
      "properties": {
        "id": "n_5d974f29acc8130709000006",
        "map": "f_5cfa6515d7f2fb5b7d7eb168",
        "externalId": "NODE-03XYJWLO",
        "neighbors": [
          {
            "id": "n_5cfa843528e6b90a8f00031a",
            "weight": 0
          }
        ],
        "space": [
          "s_5d975a93acc813070900000e"
        ],
        "flags": [
          1
        ]
      }
    },
    {
      "type": "Feature",
      "geometry": {
        "type": "Point",
        "coordinates": [
          -1.1575105343567365,
          51.89266995308189
        ]
      },
      "properties": {
        "id": "n_5d9759d3acc813070900000c",
        "map": "f_5cfa6515d7f2fb5b7d7eb168",
        "externalId": "NODE-GU55RFJP",
        "neighbors": [
          {
            "id": "n_5cfa843f28e6b90a8f00031c",
            "weight": 0
          }
        ],
        "space": [],
        "flags": [
          1
        ]
      }
    },
    {
      "type": "Feature",
      "geometry": {
        "type": "Point",
        "coordinates": [
          -1.1572952295419467,
          51.8926127572566
        ]
      },
      "properties": {
        "id": "n_5d977e555d99b85433000000",
        "map": "f_5cfa6515d7f2fb5b7d7eb168",
        "externalId": "NODE-3UAMTPGG",
        "neighbors": [
          {
            "id": "n_5d974f0facc8130709000004",
            "weight": 0
          }
        ],
        "space": [
          "s_5d9761feacc8130709000011"
        ],
        "flags": [
          1
        ]
      }
    },
    {
      "type": "Feature",
      "geometry": {
        "type": "Point",
        "coordinates": [
          -1.152182893967529,
          51.89100062283245
        ]
      },
      "properties": {
        "id": "n_5dcd8b7a2b36ed1cb200016f",
        "map": "f_5cfa6515d7f2fb5b7d7eb168",
        "externalId": "NODE-LJV6E7Y1",
        "neighbors": [
          {
            "id": "n_5cfa7f6528e6b90a8f00021c",
            "weight": 0
          },
          {
            "id": "n_5cfa7f5828e6b90a8f000219",
            "weight": 0
          },
          {
            "id": "n_5cfa7f5e28e6b90a8f00021a",
            "weight": 0
          },
          {
            "id": "n_5cfa7f3f28e6b90a8f000214",
            "weight": 0
          }
        ],
        "space": [
          "s_5dcd8b502b36ed1cb200016e"
        ],
        "flags": [
          1
        ]
      }
    },
    {
      "type": "Feature",
      "geometry": {
        "type": "Point",
        "coordinates": [
          -1.1504692239762837,
          51.89273024030709
        ]
      },
      "properties": {
        "id": "n_5de5640105412d1e65000173",
        "map": "f_5cfa6515d7f2fb5b7d7eb168",
        "externalId": "NODE-6Z8160T1",
        "neighbors": [],
        "space": [],
        "flags": [
          1
        ]
      }
    },
    {
      "type": "Feature",
      "geometry": {
        "type": "Point",
        "coordinates": [
          -1.1520130193582823,
          51.89122229033132
        ]
      },
      "properties": {
        "id": "n_5ea83e0805412d6b1f000001",
        "map": "f_5cfa6515d7f2fb5b7d7eb168",
        "externalId": "NODE-0RYBTVT8",
        "neighbors": [
          {
            "id": "n_5cfa7f9328e6b90a8f000228",
            "weight": 0
          },
          {
            "id": "n_5cfa7f9928e6b90a8f00022a",
            "weight": 0
          }
        ],
        "space": [],
        "flags": [
          1
        ]
      }
    },
    {
      "type": "Feature",
      "geometry": {
        "type": "Point",
        "coordinates": [
          -1.151872558862138,
          51.891370477255286
        ]
      },
      "properties": {
        "id": "n_5ebe63ef80861e7692000000",
        "map": "f_5cfa6515d7f2fb5b7d7eb168",
        "externalId": "NODE-HON238EU",
        "neighbors": [
          {
            "id": "n_5ebe640c80861e7692000001",
            "weight": 0
          }
        ],
        "space": [],
        "flags": [
          1
        ]
      }
    },
    {
      "type": "Feature",
      "geometry": {
        "type": "Point",
        "coordinates": [
          -1.1518937441433004,
          51.8913757663546
        ]
      },
      "properties": {
        "id": "n_5ebe640c80861e7692000001",
        "map": "f_5cfa6515d7f2fb5b7d7eb168",
        "externalId": "NODE-GZTAI5B1",
        "neighbors": [
          {
            "id": "n_5ebe63ef80861e7692000000",
            "weight": 0
          },
          {
            "id": "n_5d8e0c673e71034ee2000013",
            "weight": 0
          },
          {
            "id": "n_5ebe643a80861e7692000003",
            "weight": 0
          }
        ],
        "space": [],
        "flags": [
          1
        ]
      }
    },
    {
      "type": "Feature",
      "geometry": {
        "type": "Point",
        "coordinates": [
          -1.151853840757673,
          51.89139887972779
        ]
      },
      "properties": {
        "id": "n_5ebe641380861e7692000002",
        "map": "f_5cfa6515d7f2fb5b7d7eb168",
        "externalId": "NODE-JD394YPS",
        "neighbors": [
          {
            "id": "n_5ebe643a80861e7692000003",
            "weight": 0
          }
        ],
        "space": [],
        "flags": [
          1
        ]
      }
    },
    {
      "type": "Feature",
      "geometry": {
        "type": "Point",
        "coordinates": [
          -1.1518723023645616,
          51.8914039404847
        ]
      },
      "properties": {
        "id": "n_5ebe643a80861e7692000003",
        "map": "f_5cfa6515d7f2fb5b7d7eb168",
        "externalId": "NODE-GWBJHH9T",
        "neighbors": [
          {
            "id": "n_5ebe641380861e7692000002",
            "weight": 0
          },
          {
            "id": "n_5cfa7e8328e6b90a8f0001f0",
            "weight": 0
          },
          {
            "id": "n_5ebe640c80861e7692000001",
            "weight": 0
          }
        ],
        "space": [],
        "flags": [
          1
        ]
      }
    },
    {
      "type": "Feature",
      "geometry": {
        "type": "Point",
        "coordinates": [
          -1.153130659604731,
          51.89130116819833
        ]
      },
      "properties": {
        "id": "n_5eda248fb20b0a0fbc0002e8",
        "map": "f_5cfa6515d7f2fb5b7d7eb168",
        "externalId": "NODE-HL7TQVOO",
        "neighbors": [
          {
            "id": "n_5cfa806528e6b90a8f000250",
            "weight": 0
          }
        ],
        "space": [],
        "flags": [
          1
        ]
      }
    },
    {
      "type": "Feature",
      "geometry": {
        "type": "Point",
        "coordinates": [
          -1.1570027499758908,
          51.89208567409156
        ]
      },
      "properties": {
        "id": "n_5eda296eb20b0a0fbc0002ea",
        "map": "f_5cfa6515d7f2fb5b7d7eb168",
        "externalId": "NODE-O4TGF2B5",
        "neighbors": [
          {
            "id": "n_5cfa83a128e6b90a8f0002f8",
            "weight": 0
          },
          {
            "id": "n_5cfa82ba28e6b90a8f0002d3",
            "weight": 0
          },
          {
            "id": "n_5eda2970b20b0a0fbc0002eb",
            "weight": 0
          }
        ],
        "space": [],
        "flags": [
          1
        ]
      }
    },
    {
      "type": "Feature",
      "geometry": {
        "type": "Point",
        "coordinates": [
          -1.1569756200459533,
          51.89211837111409
        ]
      },
      "properties": {
        "id": "n_5eda2970b20b0a0fbc0002eb",
        "map": "f_5cfa6515d7f2fb5b7d7eb168",
        "externalId": "NODE-PR9MUAYW",
        "neighbors": [
          {
            "id": "n_5eda296eb20b0a0fbc0002ea",
            "weight": 0
          }
        ],
        "space": [],
        "flags": [
          1
        ]
      }
    },
    {
      "type": "Feature",
      "geometry": {
        "type": "Point",
        "coordinates": [
          -1.1586925416038285,
          51.892402993192114
        ]
      },
      "properties": {
        "id": "n_5eda29ddb20b0a0fbc0002ee",
        "map": "f_5cfa6515d7f2fb5b7d7eb168",
        "externalId": "NODE-HXU8P5SS",
        "neighbors": [
          {
            "id": "n_5cfa84c628e6b90a8f000341",
            "weight": 0
          },
          {
            "id": "n_5cfa84ad28e6b90a8f00033e",
            "weight": 0
          }
        ],
        "space": [],
        "flags": [
          1
        ]
      }
    },
    {
      "type": "Feature",
      "geometry": {
        "type": "Point",
        "coordinates": [
          -1.1557358903475,
          51.89202479482622
        ]
      },
      "properties": {
        "id": "n_5edf4d6580861e0c19000172",
        "map": "f_5cfa6515d7f2fb5b7d7eb168",
        "externalId": "NODE-TY0KOJNC",
        "neighbors": [
          {
            "id": "n_5cfa81d328e6b90a8f0002a9",
            "weight": 0
          },
          {
            "id": "n_5cfa827728e6b90a8f0002cc",
            "weight": 0
          }
        ],
        "space": [],
        "flags": [
          1
        ]
      }
    },
    {
      "type": "Feature",
      "geometry": {
        "type": "Point",
        "coordinates": [
          -1.1529120870619456,
          51.8912949061162
        ]
      },
      "properties": {
        "id": "n_5edf66a3b3cfba78aa000001",
        "map": "f_5cfa6515d7f2fb5b7d7eb168",
        "externalId": "NODE-TSGHC2IS",
        "neighbors": [
          {
            "id": "n_5edf66a7b3cfba78aa000002",
            "weight": 0
          }
        ],
        "space": [],
        "flags": [
          1
        ]
      }
    },
    {
      "type": "Feature",
      "geometry": {
        "type": "Point",
        "coordinates": [
          -1.1530292719498951,
          51.89133214264326
        ]
      },
      "properties": {
        "id": "n_5edf66a7b3cfba78aa000002",
        "map": "f_5cfa6515d7f2fb5b7d7eb168",
        "externalId": "NODE-VFUKTBAY",
        "neighbors": [
          {
            "id": "n_5edf66a3b3cfba78aa000001",
            "weight": 0
          },
          {
            "id": "n_5cfa806228e6b90a8f00024e",
            "weight": 0
          },
          {
            "id": "n_5cfa806528e6b90a8f000250",
            "weight": 0
          }
        ],
        "space": [],
        "flags": [
          1
        ]
      }
    },
    {
      "type": "Feature",
      "geometry": {
        "type": "Point",
        "coordinates": [
          -1.1535291272554578,
          51.891321333462116
        ]
      },
      "properties": {
        "id": "n_5fd38bc2caf2050408000001",
        "map": "f_5cfa6515d7f2fb5b7d7eb168",
        "externalId": "NODE-AO77K9JZ",
        "neighbors": [
          {
            "id": "n_5cfa809128e6b90a8f00025a",
            "weight": 0
          }
        ],
        "space": [],
        "flags": [
          1
        ]
      }
    },
    {
      "type": "Feature",
      "geometry": {
        "type": "Point",
        "coordinates": [
          -1.158046194802599,
          51.89285593308925
        ]
      },
      "properties": {
        "id": "n_6177e5f1e39aa27e7b000476",
        "map": "f_5cfa6515d7f2fb5b7d7eb168",
        "externalId": "NODE-VJSPH41U",
        "neighbors": [
          {
            "id": "n_5cfa7d5228e6b90a8f0001a2",
            "weight": 0
          },
          {
            "id": "n_5d7259235d99b83c570002e8",
            "weight": 0
          }
        ],
        "space": [],
        "flags": [
          1
        ]
      }
    },
    {
      "type": "Feature",
      "geometry": {
        "type": "Point",
        "coordinates": [
          -1.1579589501610148,
          51.89297040992142
        ]
      },
      "properties": {
        "id": "n_6177e62ae39aa27e7b00047a",
        "map": "f_5cfa6515d7f2fb5b7d7eb168",
        "externalId": "NODE-W37C1B33",
        "neighbors": [],
        "space": [],
        "flags": [
          1
        ]
      }
    },
    {
      "type": "Feature",
      "geometry": {
        "type": "Point",
        "coordinates": [
          -1.157276359478659,
          51.89278769663863
        ]
      },
      "properties": {
        "id": "n_6177e637e39aa27e7b00047c",
        "map": "f_5cfa6515d7f2fb5b7d7eb168",
        "externalId": "NODE-3PTZ5WI9",
        "neighbors": [],
        "space": [],
        "flags": [
          1
        ]
      }
    },
    {
      "type": "Feature",
      "geometry": {
        "type": "Point",
        "coordinates": [
          -1.155127753823986,
          51.89219801212955
        ]
      },
      "properties": {
        "id": "n_6177e63be39aa27e7b00047d",
        "map": "f_5cfa6515d7f2fb5b7d7eb168",
        "externalId": "NODE-IISIF3XJ",
        "neighbors": [],
        "space": [],
        "flags": [
          1
        ]
      }
    },
    {
      "type": "Feature",
      "geometry": {
        "type": "Point",
        "coordinates": [
          -1.1562981286792038,
          51.89182981222929
        ]
      },
      "properties": {
        "id": "n_61a90f0663b2cb3ab8000000",
        "map": "f_5cfa6515d7f2fb5b7d7eb168",
        "externalId": "NODE-KANN1BK2",
        "neighbors": [
          {
            "id": "n_5cfa832028e6b90a8f0002dc",
            "weight": 0
          },
          {
            "id": "n_61a90f0663b2cb3ab8000000",
            "weight": 0
          }
        ],
        "space": [
          "s_5cfa66af28e6b90a8f0000d5"
        ],
        "flags": [
          1
        ]
      }
    },
    {
      "type": "Feature",
      "geometry": {
        "type": "Point",
        "coordinates": [
          -1.1553112874344693,
          51.89151215039384
        ]
      },
      "properties": {
        "id": "n_61d441f863b2cb7294000000",
        "map": "f_5cfa6515d7f2fb5b7d7eb168",
        "externalId": "NODE-01P02R6O",
        "neighbors": [
          {
            "id": "n_61d441f863b2cb7294000000",
            "weight": 0
          },
          {
            "id": "n_5cfa80fe28e6b90a8f000280",
            "weight": 0
          }
        ],
        "space": [
          "s_5cfa66af28e6b90a8f00015c"
        ],
        "flags": [
          1
        ]
      }
    },
    {
      "type": "Feature",
      "geometry": {
        "type": "Point",
        "coordinates": [
          -1.154431118229905,
          51.891460654739696
        ]
      },
      "properties": {
        "id": "n_63595ff642613a0c3ce5a4fc",
        "map": "f_5cfa6515d7f2fb5b7d7eb168",
        "externalId": "NODE-AYVP85BL",
        "neighbors": [
          {
            "id": "n_5cfa7e0728e6b90a8f0001c6",
            "weight": 0
          },
          {
            "id": "n_63595ff642613a0c3ce5a4fc",
            "weight": 0
          }
        ],
        "space": [],
        "flags": [
          1
        ]
      }
    },
    {
      "type": "Feature",
      "geometry": {
        "type": "Point",
        "coordinates": [
          -1.1537692118890388,
          51.89129212607051
        ]
      },
      "properties": {
        "id": "n_6411fd3b04e7bb2fde3e6e51",
        "map": "f_5cfa6515d7f2fb5b7d7eb168",
        "externalId": "NODE-LKSNNTAM",
        "neighbors": [
          {
            "id": "n_5cfa7e1028e6b90a8f0001c7",
            "weight": 0
          },
          {
            "id": "n_5cfa809d28e6b90a8f00025f",
            "weight": 0
          },
          {
            "id": "n_6411fd3d04e7bb2fde3e6e52",
            "weight": 0
          }
        ],
        "space": [],
        "flags": [
          1
        ]
      }
    },
    {
      "type": "Feature",
      "geometry": {
        "type": "Point",
        "coordinates": [
          -1.153713453848077,
          51.891371186765085
        ]
      },
      "properties": {
        "id": "n_6411fd3d04e7bb2fde3e6e52",
        "map": "f_5cfa6515d7f2fb5b7d7eb168",
        "externalId": "NODE-VG3LYH28",
        "neighbors": [
          {
            "id": "n_6411fd3b04e7bb2fde3e6e51",
            "weight": 0
          }
        ],
        "space": [],
        "flags": [
          1
        ]
      }
    },
    {
      "type": "Feature",
      "geometry": {
        "type": "Point",
        "coordinates": [
          -1.1536984497828546,
          51.891272611477724
        ]
      },
      "properties": {
        "id": "n_6411fd4d04e7bb2fde3e6e54",
        "map": "f_5cfa6515d7f2fb5b7d7eb168",
        "externalId": "NODE-PB6NDQFB",
        "neighbors": [
          {
            "id": "n_5cfa809828e6b90a8f00025d",
            "weight": 0
          },
          {
            "id": "n_5cfa809d28e6b90a8f00025f",
            "weight": 0
          },
          {
            "id": "n_6411fd5104e7bb2fde3e6e55",
            "weight": 0
          }
        ],
        "space": [],
        "flags": [
          1
        ]
      }
    },
    {
      "type": "Feature",
      "geometry": {
        "type": "Point",
        "coordinates": [
          -1.1536445265380917,
          51.89135197916304
        ]
      },
      "properties": {
        "id": "n_6411fd5104e7bb2fde3e6e55",
        "map": "f_5cfa6515d7f2fb5b7d7eb168",
        "externalId": "NODE-I5H78XCP",
        "neighbors": [
          {
            "id": "n_6411fd4d04e7bb2fde3e6e54",
            "weight": 0
          }
        ],
        "space": [],
        "flags": [
          1
        ]
      }
    },
    {
      "type": "Feature",
      "geometry": {
        "type": "Point",
        "coordinates": [
          -1.1535127739896505,
          51.89123508006398
        ]
      },
      "properties": {
        "id": "n_641c65cfbb6cc77603f00a50",
        "map": "f_5cfa6515d7f2fb5b7d7eb168",
        "externalId": "NODE-XALUVA54",
        "neighbors": [],
        "space": [],
        "flags": [
          1
        ]
      }
    },
    {
      "type": "Feature",
      "geometry": {
        "type": "Point",
        "coordinates": [
          -1.1578866032092991,
          51.892330778739684
        ]
      },
      "properties": {
        "id": "n_652fcd451f048ec744171805",
        "map": "f_5cfa6515d7f2fb5b7d7eb168",
        "externalId": "NODE-9APOBVLD",
        "neighbors": [
          {
            "id": "n_5cfa840528e6b90a8f000314",
            "weight": 0
          },
          {
            "id": "n_5cfa841028e6b90a8f000317",
            "weight": 0
          }
        ],
        "space": [],
        "flags": [
          1
        ]
      }
    },
    {
      "type": "Feature",
      "geometry": {
        "type": "Point",
        "coordinates": [
          -1.1578563665512596,
          51.89276286658406
        ]
      },
      "properties": {
        "id": "n_654cb02e4de04132598e80d1",
        "map": "f_5cfa6515d7f2fb5b7d7eb168",
        "externalId": "NODE-ZRTKXU5R",
        "neighbors": [
          {
            "id": "n_5cfa7d5228e6b90a8f0001a2",
            "weight": 0
          },
          {
            "id": "n_5cfa845528e6b90a8f000322",
            "weight": 0
          }
        ],
        "space": [],
        "flags": [
          1
        ]
      }
    },
    {
      "type": "Feature",
      "geometry": {
        "type": "Point",
        "coordinates": [
          -1.1600404906129753,
          51.892958756361644
        ]
      },
      "properties": {
        "id": "n_6646398ba7dd141a701d33b8",
        "map": "f_5cfa6515d7f2fb5b7d7eb168",
        "externalId": "NODE-RPF7ZHCE",
        "neighbors": [
          {
            "id": "n_5d5d91af243aaf11dc000023",
            "weight": 0
          }
        ],
        "space": [],
        "flags": [
          1
        ]
      }
    },
    {
      "type": "Feature",
      "geometry": {
        "type": "Point",
        "coordinates": [
          -1.1599331888939148,
          51.893007873807925
        ]
      },
      "properties": {
        "id": "n_66463a50a7dd141a701d33ba",
        "map": "f_5cfa6515d7f2fb5b7d7eb168",
        "externalId": "NODE-T2E4ZQSI",
        "neighbors": [
          {
            "id": "n_5cfa85c528e6b90a8f000353",
            "weight": 0
          },
          {
            "id": "n_5d5d91af243aaf11dc000023",
            "weight": 0
          },
          {
            "id": "n_66463a52a7dd141a701d33bb",
            "weight": 0
          }
        ],
        "space": [],
        "flags": [
          1
        ]
      }
    },
    {
      "type": "Feature",
      "geometry": {
        "type": "Point",
        "coordinates": [
          -1.1599442699124671,
          51.892991651078454
        ]
      },
      "properties": {
        "id": "n_66463a52a7dd141a701d33bb",
        "map": "f_5cfa6515d7f2fb5b7d7eb168",
        "externalId": "NODE-QXG6ESXU",
        "neighbors": [
          {
            "id": "n_66463a50a7dd141a701d33ba",
            "weight": 0
          }
        ],
        "space": [],
        "flags": [
          1
        ]
      }
    },
    {
      "type": "Feature",
      "geometry": {
        "type": "Point",
        "coordinates": [
          -1.1525984973293228,
          51.89095141366057
        ]
      },
      "properties": {
        "id": "n_66463b28a7dd141a701d33be",
        "map": "f_5cfa6515d7f2fb5b7d7eb168",
        "externalId": "NODE-BJXM2NP5",
        "neighbors": [
          {
            "id": "n_5cfa7fe928e6b90a8f000238",
            "weight": 0
          },
          {
            "id": "n_66463b49a7dd141a701d33c1",
            "weight": 0
          }
        ],
        "space": [],
        "flags": [
          1
        ]
      }
    },
    {
      "type": "Feature",
      "geometry": {
        "type": "Point",
        "coordinates": [
          -1.1525552081952195,
          51.890939473261376
        ]
      },
      "properties": {
        "id": "n_66463b37a7dd141a701d33c0",
        "map": "f_5cfa6515d7f2fb5b7d7eb168",
        "externalId": "NODE-57B9PBJA",
        "neighbors": [
          {
            "id": "n_5cfa7fdb28e6b90a8f000234",
            "weight": 0
          },
          {
            "id": "n_66463b49a7dd141a701d33c1",
            "weight": 0
          }
        ],
        "space": [],
        "flags": [
          1
        ]
      }
    },
    {
      "type": "Feature",
      "geometry": {
        "type": "Point",
        "coordinates": [
          -1.1525754698312138,
          51.89094506196357
        ]
      },
      "properties": {
        "id": "n_66463b49a7dd141a701d33c1",
        "map": "f_5cfa6515d7f2fb5b7d7eb168",
        "externalId": "NODE-MQ6113AS",
        "neighbors": [
          {
            "id": "n_66463b28a7dd141a701d33be",
            "weight": 0
          },
          {
            "id": "n_66463b37a7dd141a701d33c0",
            "weight": 0
          },
          {
            "id": "n_66463b4da7dd141a701d33c2",
            "weight": 0
          }
        ],
        "space": [],
        "flags": [
          1
        ]
      }
    },
    {
      "type": "Feature",
      "geometry": {
        "type": "Point",
        "coordinates": [
          -1.1525938879890427,
          51.89091898615923
        ]
      },
      "properties": {
        "id": "n_66463b4da7dd141a701d33c2",
        "map": "f_5cfa6515d7f2fb5b7d7eb168",
        "externalId": "NODE-UR5WUW7L",
        "neighbors": [
          {
            "id": "n_66463b49a7dd141a701d33c1",
            "weight": 0
          }
        ],
        "space": [],
        "flags": [
          1
        ]
      }
    },
    {
      "type": "Feature",
      "geometry": {
        "type": "Point",
        "coordinates": [
          -1.1592602487103005,
          51.89281461387679
        ]
      },
      "properties": {
        "id": "n_6715251f353488475f3e85a1",
        "map": "f_5cfa6515d7f2fb5b7d7eb168",
        "externalId": "NODE-A24I3TP9",
        "neighbors": [
          {
            "id": "n_5cfa863028e6b90a8f00036b",
            "weight": 0
          },
          {
            "id": "n_5cfa863728e6b90a8f00036d",
            "weight": 0
          }
        ],
        "space": [],
        "flags": [
          1
        ]
      }
    },
    {
      "type": "Feature",
      "geometry": {
        "type": "Point",
        "coordinates": [
          -1.153212265644495,
          51.89101512171942
        ]
      },
      "properties": {
        "id": "n_6a3e678df41945446104ad83",
        "map": "f_5cfa6515d7f2fb5b7d7eb168",
        "externalId": "NODE-I30LNFE9",
        "neighbors": [
          {
            "id": "n_6a3e678ff41945446104ad84",
            "weight": 0
          }
        ],
        "space": [],
        "flags": [
          1
        ]
      }
    },
    {
      "type": "Feature",
      "geometry": {
        "type": "Point",
        "coordinates": [
          -1.1532963229636006,
          51.891037445002375
        ]
      },
      "properties": {
        "id": "n_6a3e678ff41945446104ad84",
        "map": "f_5cfa6515d7f2fb5b7d7eb168",
        "externalId": "NODE-2NCUZOWN",
        "neighbors": [
          {
            "id": "n_6a3e678df41945446104ad83",
            "weight": 0
          },
          {
            "id": "n_5d5d9184243aaf11dc00001b",
            "weight": 0
          },
          {
            "id": "n_5d72515e5d99b83c57000005",
            "weight": 0
          }
        ],
        "space": [],
        "flags": [
          1
        ]
      }
    },
    {
      "type": "Feature",
      "geometry": {
        "type": "Point",
        "coordinates": [
          -1.1606424134391138,
          51.89322804904068
        ]
      },
      "properties": {
        "id": "n_6a3e6d0cab64edf40c82d201",
        "map": "f_5cfa6515d7f2fb5b7d7eb168",
        "externalId": "NODE-QBEBR7AC",
        "neighbors": [],
        "space": [],
        "flags": [
          1
        ]
      }
    }
  ]
}
