{
  "type": "FeatureCollection",
  "features": [
    {
      "type": "Feature",
      "geometry": {
        "type": "Polygon",
        "coordinates": [
          [
            [
              2.785540149175175,
              48.85200285409661
            ],
            [
              2.785491452454967,
              48.8519778859285
            ],
            [
              2.7854647377811195,
              48.85197986095809
            ],
            [
              2.7854667087173652,
              48.85199704861963
            ],
            [
              2.78551667219915,
              48.852022388714694
            ],
            [
              2.785540149175175,
              48.85200285409661
            ]
          ]
        ]
      },
      "properties": {
        "id": "s_5d5f71ee797f7a72d20000fc",
        "externalId": "POLY-VLE7TBNX",
        "destinationNodes": [],
        "center": [
          2.7854959440655556,
          48.85199600766351
        ],
        "details": {
          "description": "",
          "name": "",
          "images": []
        }
      }
    },
    {
      "type": "Feature",
      "geometry": {
        "type": "Polygon",
        "coordinates": [
          [
            [
              2.7835311501385616,
              48.85376873345453
            ],
            [
              2.7835183602273164,
              48.85370715474256
            ],
            [
              2.7833268779133853,
              48.85372401417211
            ],
            [
              2.78333988211202,
              48.85378415665211
            ],
            [
              2.7835311501385616,
              48.85376873345453
            ]
          ]
        ]
      },
      "properties": {
        "id": "s_5d5f71ee797f7a72d20000fe",
        "externalId": "unit28",
        "destinationNodes": [
          "n_5d5f890e797f7a3e34000081"
        ],
        "center": [
          2.783429067597821,
          48.85374601475533
        ],
        "details": {
          "description": "",
          "name": "",
          "images": []
        }
      }
    },
    {
      "type": "Feature",
      "geometry": {
        "type": "Polygon",
        "coordinates": [
          [
            [
              2.7839621720146854,
              48.85327295538946
            ],
            [
              2.7839375926519794,
              48.85314483001689
            ],
            [
              2.7838297222660944,
              48.85315375528145
            ],
            [
              2.7838542154135206,
              48.853281414492244
            ],
            [
              2.7839621720146854,
              48.85327295538946
            ]
          ]
        ]
      },
      "properties": {
        "id": "s_5d5f71ee797f7a72d20000ff",
        "externalId": "unit125",
        "destinationNodes": [
          "n_5d5f8d75797f7a3e34000127"
        ],
        "center": [
          2.7838959255865703,
          48.85321323879501
        ],
        "details": {
          "description": "",
          "name": "",
          "images": []
        }
      }
    },
    {
      "type": "Feature",
      "geometry": {
        "type": "Polygon",
        "coordinates": [
          [
            [
              2.7839839614164585,
              48.85338269703672
            ],
            [
              2.7839627624300824,
              48.853272908263925
            ],
            [
              2.7838548058291197,
              48.853281367367266
            ],
            [
              2.783876205118303,
              48.85339224392415
            ],
            [
              2.7839839614164585,
              48.85338269703672
            ]
          ]
        ]
      },
      "properties": {
        "id": "s_5d5f71ee797f7a72d2000100",
        "externalId": "unit125",
        "destinationNodes": [
          "n_5d5f8d7a797f7a3e3400012a"
        ],
        "center": [
          2.7839194336984914,
          48.85333230414801
        ],
        "details": {
          "description": "",
          "name": "The Apartment",
          "images": [
            {
              "url": "https://cdn.mappedin.com/5d370a26da8c166f3647e3ce/f9cbd755447d19fdbd305c6d9247f4e9e58946f6.jpeg",
              "altText": "Logo for The Apartment"
            }
          ]
        }
      }
    },
    {
      "type": "Feature",
      "geometry": {
        "type": "Polygon",
        "coordinates": [
          [
            [
              2.7839073679035455,
              48.85405848380963
            ],
            [
              2.783892593015275,
              48.85398224146934
            ],
            [
              2.783768597001249,
              48.85399339970016
            ],
            [
              2.783784581201996,
              48.85406970320197
            ],
            [
              2.7839073679035455,
              48.85405848380963
            ]
          ]
        ]
      },
      "properties": {
        "id": "s_5d5f71ee797f7a72d2000101",
        "externalId": "unit58a",
        "destinationNodes": [
          "n_5d5f890e797f7a3e34000082"
        ],
        "center": [
          2.7838382847805163,
          48.85402595704528
        ],
        "details": {
          "description": "Born in 1961 in the artistic effervescence of Paris’s Saint‑Germain-des-Prés district, Diptyque creates evocative personal and home fragrances, scented skincare and decorative objects. Blending reverie, nature and art, the Maison opens the doors to a vibrant universe where the imagination is free to roam.",
          "name": "Diptyque",
          "images": [
            {
              "url": "https://cdn.mappedin.com/5d370a26da8c166f3647e3ce/72ebdd1c6369db4cac8a569bc2a15c239197e097.svg",
              "altText": "Logo for Diptyque"
            }
          ]
        }
      }
    },
    {
      "type": "Feature",
      "geometry": {
        "type": "Polygon",
        "coordinates": [
          [
            [
              2.785840974729368,
              48.851986406481934
            ],
            [
              2.7857610873270837,
              48.85194563744996
            ],
            [
              2.785690278164842,
              48.85200868673767
            ],
            [
              2.7857680471076174,
              48.852048363494404
            ],
            [
              2.785840974729368,
              48.851986406481934
            ]
          ]
        ]
      },
      "properties": {
        "id": "s_5d5f71ee797f7a72d2000102",
        "externalId": "unit114",
        "destinationNodes": [
          "n_5d5f8d29797f7a3e3400011c"
        ],
        "center": [
          2.785765096832228,
          48.85199727354099
        ],
        "details": {
          "description": "Clarins and you. A story of love and trust for a life of beauty and well-being. The story of a French family experts in skin care and make-up. Inspired by the science of nature and respectful of the planet.\nListening to you, and offering the best personalized skin solutions for every moment of your life.\nClarins. It’s all about you.",
          "name": "Clarins",
          "images": [
            {
              "url": "https://cdn.mappedin.com/5d370a26da8c166f3647e3ce/d8febfe6f647e99ddbf286933b5e146a07bbed7f.svg",
              "altText": "Logo for Clarins"
            }
          ]
        }
      }
    },
    {
      "type": "Feature",
      "geometry": {
        "type": "Polygon",
        "coordinates": [
          [
            [
              2.785933015012584,
              48.852033300911685
            ],
            [
              2.785840974729368,
              48.851986406481934
            ],
            [
              2.7857680471076174,
              48.852048363494404
            ],
            [
              2.7858606457164514,
              48.85209568645723
            ],
            [
              2.785933015012584,
              48.852033300911685
            ]
          ]
        ]
      },
      "properties": {
        "id": "s_5d5f71ee797f7a72d2000103",
        "externalId": "unit113",
        "destinationNodes": [
          "n_5d5f8d26797f7a3e3400011a"
        ],
        "center": [
          2.785850670641505,
          48.85204093933632
        ],
        "details": {
          "description": "Founded in 1764 and recognised by the prestigious 25 Best Artisans of France organisation, Baccarat is synonymous with a unique savoir-faire and a symbol of the French art of living. Technical innovations, stylistic audacity, exceptional collaborations with elite craftspeople glassblowers, carvers and engravers – Baccarat is a shining light in the world of tableware, lighting, decorative objects, jewellery and crystal. A world of dreams from heirloom treasures to one of a kind masterworks. From the simple to the precious. Forever innovative, always harmonious.",
          "name": "Baccarat",
          "images": [
            {
              "url": "https://cdn.mappedin.com/5d370a26da8c166f3647e3ce/bda659d8291528f5fa4eb213f0f3733b7beb050d.jpeg",
              "altText": "Logo for Baccarat"
            }
          ]
        }
      }
    },
    {
      "type": "Feature",
      "geometry": {
        "type": "Polygon",
        "coordinates": [
          [
            [
              2.7857791202540363,
              48.85230465874225
            ],
            [
              2.7856727223731568,
              48.85225008020195
            ],
            [
              2.7856058622651627,
              48.85230855671362
            ],
            [
              2.785711609020019,
              48.85236350266568
            ],
            [
              2.7857791202540363,
              48.85230465874225
            ]
          ]
        ]
      },
      "properties": {
        "id": "s_5d5f71ee797f7a72d2000104",
        "externalId": "unit109",
        "destinationNodes": [
          "n_5d5f890e797f7a3e34000083"
        ],
        "center": [
          2.7856923284780937,
          48.85230669958088
        ],
        "details": {
          "description": "Formed in 1952 by the British tennis legend and table tennis champion Fred Perry; the brand has a unique association with British music and streetwear. It continues to create through its design attitude, associations and collaborations; styling that reflects a strong heritage with a contemporary twist.",
          "name": "Fred Perry",
          "images": [
            {
              "url": "https://cdn.mappedin.com/5d370a26da8c166f3647e3ce/04cfd808b8e0f16097783124df44aabbf73c782b.jpeg",
              "altText": "Logo for Fred Perry"
            }
          ]
        }
      }
    },
    {
      "type": "Feature",
      "geometry": {
        "type": "Polygon",
        "coordinates": [
          [
            [
              2.7857872956008753,
              48.85240098046934
            ],
            [
              2.785814364522462,
              48.85237753235288
            ],
            [
              2.7857399230042525,
              48.85233900907726
            ],
            [
              2.785711609020019,
              48.85236350266568
            ],
            [
              2.7856058622651627,
              48.85230855671362
            ],
            [
              2.785549914003388,
              48.852357331863026
            ],
            [
              2.7857805882109217,
              48.85247247283597
            ],
            [
              2.7858347903526455,
              48.85242462537933
            ],
            [
              2.7857872956008753,
              48.85240098046934
            ]
          ]
        ]
      },
      "properties": {
        "id": "s_5d5f71ee797f7a72d2000106",
        "externalId": "unit108",
        "destinationNodes": [
          "n_5d5f890e797f7a3e34000084"
        ],
        "center": [
          2.785728043372466,
          48.852380501419645
        ],
        "details": {
          "description": "Founded in 1978 by the eponymous stylist and entrepreneur, Brunello Cucinelli’s success is rooted in the history and legacy of great craftsmanship as well as in modern design. A symbol of Italian lifestyle worldwide, Brunello Cucinelli is based in the medieval hamlet of Solomeo, on the outskirts of Perugia. Distributed internationally in more than 60 countries worldwide, the brand continues to convey both creativity and craftsmanship through its innovative collections.",
          "name": "Brunello Cucinelli",
          "images": [
            {
              "url": "https://cdn.mappedin.com/5d370a26da8c166f3647e3ce/8cc60403f9e760c27b2be7cb6ebc597bcaf07ba2.svg",
              "altText": "Logo for Brunello Cucinelli"
            }
          ]
        }
      }
    },
    {
      "type": "Feature",
      "geometry": {
        "type": "Polygon",
        "coordinates": [
          [
            [
              2.785121343798505,
              48.852337302547376
            ],
            [
              2.7851040896666013,
              48.85225022044602
            ],
            [
              2.784979976654395,
              48.85226202040662
            ],
            [
              2.784998031965725,
              48.85234825014411
            ],
            [
              2.785121343798505,
              48.852337302547376
            ]
          ]
        ]
      },
      "properties": {
        "id": "s_5d5f71ee797f7a72d2000107",
        "externalId": "unit121",
        "destinationNodes": [
          "n_5d5f890e797f7a3e34000085"
        ],
        "center": [
          2.7850508605213067,
          48.85229944838603
        ],
        "details": {
          "description": "Heir to four generations of Alsatian bakery and pastry-making tradition, Pierre Hermé began his career at the age of 14 as an apprentice to Gaston Lenôtre. Famous in France, Japan and the United States, the man that Vogue called \"the Picasso of Pastry\" revolutionized pastry-making with regard to taste and modernity. With \"pleasure as his only guide\", Pierre Hermé has invented a totally original world of tastes, sensations and pleasures. With his original approach to the profession of pastry chef, he revolutionizes even the most firmly entrenched traditions. For example, he prefers discreet pastry decors and \"uses sugar like salt, in other words, as a seasoning to heighten other shades of flavour.\" Refusing to sit on his laurels, he is always revising his own work, exploring new taste territories andrevisiting his own recipes",
          "name": "Pierre Hermé Paris",
          "images": [
            {
              "url": "https://cdn.mappedin.com/5d370a26da8c166f3647e3ce/44a3749fafe2cfb7d74bb53677ca3149216f07f0.pdf",
              "altText": "Logo for Pierre Hermé Paris"
            }
          ]
        }
      }
    },
    {
      "type": "Feature",
      "geometry": {
        "type": "Polygon",
        "coordinates": [
          [
            [
              2.785225082847809,
              48.85232807499726
            ],
            [
              2.785185943131819,
              48.852148288620036
            ],
            [
              2.7850857182039013,
              48.85215707795285
            ],
            [
              2.785121343798505,
              48.852337302547376
            ],
            [
              2.785225082847809,
              48.85232807499726
            ]
          ]
        ]
      },
      "properties": {
        "id": "s_5d5f71ee797f7a72d2000108",
        "externalId": "unit120",
        "destinationNodes": [
          "n_5d5f8cd1797f7a3e34000110"
        ],
        "center": [
          2.7851545219955085,
          48.85224268602938
        ],
        "details": {
          "description": "Its collections, which feature richly embroidered fabrics and nipped-in waists, are characterised by Balmain’s signature silhouette of the jolie madame – or ‘pretty lady’. While the house famously remains true to the trailblazing vision of its founder, today Creative Director Olivier Rousteing’s couture spirit – seen in his careful attention to detail – is balanced by the collections’ modernity.",
          "name": "Balmain",
          "images": [
            {
              "url": "https://cdn.mappedin.com/5d370a26da8c166f3647e3ce/b19a8de933799788ef06e47f0b3159da7986e443.svg",
              "altText": "Logo for Balmain"
            }
          ]
        }
      }
    },
    {
      "type": "Feature",
      "geometry": {
        "type": "Polygon",
        "coordinates": [
          [
            [
              2.7853743704880642,
              48.85221886753166
            ],
            [
              2.7853550408730263,
              48.852133527943955
            ],
            [
              2.785185943131819,
              48.852148288620036
            ],
            [
              2.785225082847809,
              48.85232807499726
            ],
            [
              2.7853253080935754,
              48.85231928554363
            ],
            [
              2.7853062346583863,
              48.85222493763523
            ],
            [
              2.7853743704880642,
              48.85221886753166
            ]
          ]
        ]
      },
      "properties": {
        "id": "s_5d5f71ee797f7a72d2000109",
        "externalId": "unit119",
        "destinationNodes": [
          "n_5d5f8cd7797f7a3e34000113"
        ],
        "center": [
          2.785295330015447,
          48.85222883037863
        ],
        "details": {
          "description": "Founded in 1978 on the coast of California by an Australian surfer, UGG® is a global lifestyle brand renowned for its iconic Classic boot.\nFirst worn by Hollywood royalty, fashion editors, and then the world, UGG® has since expanded beyond the icon to design footwear, apparel, accessories, and home decor with an uncompromising attitude toward creativity, quality and craftsmanship.\nBold, provocative, free-spirited, optimistic, and real, the brand has always celebrated unapologetic individuality and continues to be embraced globally by those who refuse to be defined by convention.",
          "name": "UGG",
          "images": [
            {
              "url": "https://cdn.mappedin.com/5d370a26da8c166f3647e3ce/8e803116c2617bc26332b1d7ec7d715e0b85022a.svg",
              "altText": "Logo for UGG"
            }
          ]
        }
      }
    },
    {
      "type": "Feature",
      "geometry": {
        "type": "Polygon",
        "coordinates": [
          [
            [
              2.7854255333041507,
              48.85231049600311
            ],
            [
              2.785388310815923,
              48.85213071426329
            ],
            [
              2.7853550408730263,
              48.852133527943955
            ],
            [
              2.7853743704880642,
              48.85221886753166
            ],
            [
              2.7853062346583863,
              48.85222493763523
            ],
            [
              2.7853253080935754,
              48.85231928554363
            ],
            [
              2.7854255333041507,
              48.85231049600311
            ]
          ]
        ]
      },
      "properties": {
        "id": "s_5d5f71ee797f7a72d200010a",
        "externalId": "unit118",
        "destinationNodes": [
          "n_5d5f890e797f7a3e34000086"
        ],
        "center": [
          2.7853624663721877,
          48.85222297148681
        ],
        "details": {
          "description": "",
          "name": "",
          "images": []
        }
      }
    },
    {
      "type": "Feature",
      "geometry": {
        "type": "Polygon",
        "coordinates": [
          [
            [
              2.7855646308529365,
              48.85220840902564
            ],
            [
              2.785430843120676,
              48.85213914495973
            ],
            [
              2.785420553667442,
              48.85214832352899
            ],
            [
              2.78539215018119,
              48.85215153712894
            ],
            [
              2.7854186220658543,
              48.85227951136672
            ],
            [
              2.7854871373788277,
              48.85227419931608
            ],
            [
              2.7855646308529365,
              48.85220840902564
            ]
          ]
        ]
      },
      "properties": {
        "id": "s_5d5f71ee797f7a72d200010b",
        "externalId": "unit117",
        "destinationNodes": [
          "n_5d5f8cfc797f7a3e34000115"
        ],
        "center": [
          2.785452322877821,
          48.85220018755435
        ],
        "details": {
          "description": "Golden Goose was born in 2000 merging the creative spirit of Francesca Rinaldo and Alessandro Gallo: two young Venetian designers, outsiders until then to the world of fashion. Since the beginning, the company has distinguish itself with innovative but artisan spirited products, a low-key communication strategy and a highly selective placement in venues that share the brand's philosophy. \n\nGolden Goose has created a complete lifestyle for its customers, offering a collection that includes ready to wear, accessories and footwear, combining a refined and modern style with a vintage feeling, all supported by the strong Italian sartorial tradition.",
          "name": "Golden Goose",
          "images": [
            {
              "url": "https://cdn.mappedin.com/5d370a26da8c166f3647e3ce/923f7d228d427900dc11d9953809d1ca406acedb.svg",
              "altText": "Logo for Golden Goose"
            }
          ]
        }
      }
    },
    {
      "type": "Feature",
      "geometry": {
        "type": "Polygon",
        "coordinates": [
          [
            [
              2.7856323712724746,
              48.85215080834371
            ],
            [
              2.7854836395082008,
              48.85207327647336
            ],
            [
              2.785414925729489,
              48.85213079708638
            ],
            [
              2.7855646308529365,
              48.85220840902564
            ],
            [
              2.7856323712724746,
              48.85215080834371
            ]
          ]
        ]
      },
      "properties": {
        "id": "s_5d5f71ee797f7a72d200010c",
        "externalId": "unit116",
        "destinationNodes": [
          "n_5d5f8d04797f7a3e34000117"
        ],
        "center": [
          2.7855238918407754,
          48.852140822732274
        ],
        "details": {
          "description": "Soft is the new strong.\nCashmere yarn has woven through the history of Eric Bompard for more than 30 years.\nAlways seeking excellence, the French maison has unique expertise, combining working with a noble and rare fabric with a constant search for more visual and graphic new knitting stitches.\nAt Eric Bompard, the colour is essential. More than 1,300 shades have already been created since the brand was created.\nDiscover women’s, men’s and children’s collections, rich in edgy pieces complementing the already extensive collection of timeless pieces.",
          "name": "Bompard",
          "images": [
            {
              "url": "https://cdn.mappedin.com/5d370a26da8c166f3647e3ce/16298d38949c58230498aef3d99caa968d5b7285.svg",
              "altText": "Logo for Bompard"
            }
          ]
        }
      }
    },
    {
      "type": "Feature",
      "geometry": {
        "type": "Polygon",
        "coordinates": [
          [
            [
              2.7857053636804263,
              48.85208920105428
            ],
            [
              2.7855401849906323,
              48.8520030483397
            ],
            [
              2.7854661977241424,
              48.85206445899763
            ],
            [
              2.7856324070883955,
              48.85215100258677
            ],
            [
              2.7857053636804263,
              48.85208920105428
            ]
          ]
        ]
      },
      "properties": {
        "id": "s_5d5f71ee797f7a72d200010d",
        "externalId": "unit115",
        "destinationNodes": [
          "n_5d5f890e797f7a3e34000088",
          "n_5d5f8d13797f7a3e34000119"
        ],
        "center": [
          2.785586038370899,
          48.85207692774459
        ],
        "details": {
          "description": "Discover Tumi collections at reduced prices in La Vallée Village. As the leading international brand of business, lifestyle and travel accessories, Tumi is committed to offering premium products created under founding principles of excellence in design.",
          "name": "TUMI",
          "images": [
            {
              "url": "https://cdn.mappedin.com/5d370a26da8c166f3647e3ce/2d989377c8e749c6228066cb18e3525f1633dfb9.svg",
              "altText": "Logo for TUMI"
            }
          ]
        }
      }
    },
    {
      "type": "Feature",
      "geometry": {
        "type": "Polygon",
        "coordinates": [
          [
            [
              2.7855574772823397,
              48.85255950699302
            ],
            [
              2.7855177040615056,
              48.85236589518626
            ],
            [
              2.7853158937507763,
              48.85238389824714
            ],
            [
              2.785352095118032,
              48.852577637524675
            ],
            [
              2.7855574772823397,
              48.85255950699302
            ]
          ]
        ]
      },
      "properties": {
        "id": "s_5d5f71ee797f7a72d200010e",
        "externalId": "unit106-107",
        "destinationNodes": [
          "n_5d5f890e797f7a3e34000089"
        ],
        "center": [
          2.785435792553163,
          48.85247173448778
        ],
        "details": {
          "description": "Coach is a modern American fashion brand with a rich heritage rooted in quality and craftsmanship. All over the world, the Coach name is synonymous with the ease and sophistication of New York style.",
          "name": "Coach",
          "images": [
            {
              "url": "https://cdn.mappedin.com/5d370a26da8c166f3647e3ce/3f39d42ab55a281058280c56aae8874bc26d01d5.svg",
              "altText": "Logo for Coach"
            }
          ]
        }
      }
    },
    {
      "type": "Feature",
      "geometry": {
        "type": "Polygon",
        "coordinates": [
          [
            [
              2.785352095118032,
              48.852577637524675
            ],
            [
              2.7853158937507763,
              48.85238389824714
            ],
            [
              2.7852168778332667,
              48.8523927488233
            ],
            [
              2.7852423604831342,
              48.85251276027318
            ],
            [
              2.7851902546113805,
              48.85251739292037
            ],
            [
              2.7852061397990306,
              48.85259055062878
            ],
            [
              2.785352095118032,
              48.852577637524675
            ]
          ]
        ]
      },
      "properties": {
        "id": "s_5d5f71ee797f7a72d200010f",
        "externalId": "unit105",
        "destinationNodes": [
          "n_5d5f8cda797f7a3e34000114"
        ],
        "center": [
          2.7852539369326035,
          48.852495831402905
        ],
        "details": {
          "description": "Kids around is a store dedicated to famous brands from kids designers.\nGIVENCHY, CHLOÉ, BOSS, DKNY, KARL LAGERFELD KIDS, LITTLE MARC JACOBS, TIMBERLAND, ZADIG & VOLTAIRE.\nBoys and Girls collections, from 0 to 16 years. Find Childrenswear, accessories and newborn at discounted prices all year long.\nFashion is also for the kids!",
          "name": "Kids around",
          "images": [
            {
              "url": "https://cdn.mappedin.com/5d370a26da8c166f3647e3ce/a8404b7d18811580d431797da73685845d8f89c5.jpeg",
              "altText": "Logo for Kids around"
            }
          ]
        }
      }
    },
    {
      "type": "Feature",
      "geometry": {
        "type": "Polygon",
        "coordinates": [
          [
            [
              2.7852423604831342,
              48.85251276027318
            ],
            [
              2.7852168778332667,
              48.8523927488233
            ],
            [
              2.7851239734313413,
              48.85240095375298
            ],
            [
              2.7851639240168233,
              48.852594236053385
            ],
            [
              2.7852061397990306,
              48.85259055062878
            ],
            [
              2.7851902546113805,
              48.85251739292037
            ],
            [
              2.7852423604831342,
              48.85251276027318
            ]
          ]
        ]
      },
      "properties": {
        "id": "s_5d5f71ee797f7a72d2000110",
        "externalId": "unit104",
        "destinationNodes": [
          "n_5d5f8ccc797f7a3e3400010f"
        ],
        "center": [
          2.785190588362496,
          48.852501440408666
        ],
        "details": {
          "description": "Guided by the pioneering spirit since 1906, Montblanc revolutionized the culture of writing with breakthrough innovations. Today, the Maison continues to push boundaries and evolve the expression of fine craftsmanship across each of its product categories: the pinnacle of luxury writing instruments, timepieces, leather goods, accessories, fragrances and eyewear. \nWith every innovation, Montblanc offers new functionalities and groundbreaking designs imbued with the Maison’s heritage of sophistication and crafted to the highest standards through the skills of its artisans in each of its manufactures whether Hamburg, Germany for its writing instruments, the Swiss Jura in Le Locle and Villeret for its timepieces or Florence, Italy for its leather goods.\nReflecting its ongoing mission to create fine lifetime companions born from the most pioneering ideas, the iconic Montblanc Emblem has become the ultimate seal of performance, innovation, quality and expression of style. With its origins deeply rooted in the culture of handwriting, Montblanc continues to assert its cultural commitment around the world with the creation of wide-ranging initiatives to promote arts and culture in many forms, while honouring the modern day patrons who support the advancement of the arts.",
          "name": "Montblanc",
          "images": [
            {
              "url": "https://cdn.mappedin.com/5d370a26da8c166f3647e3ce/56accbb3df1e1682e83d56bee1ac74f76de7e6e2.svg",
              "altText": "Logo for Montblanc"
            }
          ]
        }
      }
    },
    {
      "type": "Feature",
      "geometry": {
        "type": "Polygon",
        "coordinates": [
          [
            [
              2.7851639240168233,
              48.852594236053385
            ],
            [
              2.7851239734313413,
              48.85240095375298
            ],
            [
              2.785012204714799,
              48.85241082219288
            ],
            [
              2.7850493209255225,
              48.85260433076117
            ],
            [
              2.7851639240168233,
              48.852594236053385
            ]
          ]
        ]
      },
      "properties": {
        "id": "s_5d5f71ee797f7a72d2000111",
        "externalId": "unit103",
        "destinationNodes": [
          "n_5d5f890e797f7a3e3400008a"
        ],
        "center": [
          2.785087355772122,
          48.852502585690104
        ],
        "details": {
          "description": "Born in Paris in 2011, inspired by Paris ever since - AMI offers stylish and comprehensive wardrobes for men and women, blurring the boundaries between casual and chic.\n\nThe name AMI, the French word for friend, plays with the initials of Alexandre Mattiussi, its founder and creative director. AMI captures a particular type of the French capital's nonchalance, one that is young, cool and carefree. Standing for a relaxed, authentic and friendly approach to fashion. AMI was awarded the prestigious ANDAM prize in 2013.",
          "name": "Ami Paris",
          "images": [
            {
              "url": "https://cdn.mappedin.com/5d370a26da8c166f3647e3ce/dcba2e7d81be9c4d74d43d5fac54874ea90116a6.svg",
              "altText": "Logo for Ami Paris"
            }
          ]
        }
      }
    },
    {
      "type": "Feature",
      "geometry": {
        "type": "Polygon",
        "coordinates": [
          [
            [
              2.7850493209255225,
              48.85260433076117
            ],
            [
              2.785018292630191,
              48.85244124183224
            ],
            [
              2.7848159522114058,
              48.852458970936105
            ],
            [
              2.7848616456960484,
              48.852680808254746
            ],
            [
              2.7849774298149343,
              48.85267061947153
            ],
            [
              2.784965154122156,
              48.852611838022824
            ],
            [
              2.7850493209255225,
              48.85260433076117
            ]
          ]
        ]
      },
      "properties": {
        "id": "s_5d5f71ee797f7a72d2000112",
        "externalId": "unit101b-102",
        "destinationNodes": [
          "n_5d5f890e797f7a3e3400008b"
        ],
        "center": [
          2.784947965900043,
          48.8525779682131
        ],
        "details": {
          "description": "The famous gourmet sandwich shop welcomes you throughout the day to eat in or takeaway. Pret offers delicious sandwiches, wraps and salads, all handmade in its kitchen with carefully sourced, natural ingredients, as well as hearty soups, desserts, fresh juices and pastries to be enjoyed with organic coffee prepared by an expert barista.",
          "name": "Pret A Manger",
          "images": [
            {
              "url": "https://cdn.mappedin.com/5d370a26da8c166f3647e3ce/b2c0be1acb5451303e163176e155db35b1b05e50.svg",
              "altText": "Logo for Pret A Manger"
            }
          ]
        }
      }
    },
    {
      "type": "Feature",
      "geometry": {
        "type": "Polygon",
        "coordinates": [
          [
            [
              2.784200017229283,
              48.85214405037952
            ],
            [
              2.78410952282641,
              48.852138028490856
            ],
            [
              2.7840805952831174,
              48.85233207824845
            ],
            [
              2.7841705317650045,
              48.85233767167655
            ],
            [
              2.784200017229283,
              48.85214405037952
            ]
          ]
        ]
      },
      "properties": {
        "id": "s_5d5f71ee797f7a72d2000113",
        "externalId": "unit90",
        "destinationNodes": [
          "n_5d5f8c6b797f7a3e3400010b"
        ],
        "center": [
          2.784140166775954,
          48.85223795719884
        ],
        "details": {
          "description": "Parisian girls love Maje, home of sleek leather leggings, romantic blouses, cashmere dresses and fitted silk t-shirts. Since designer Judith Milgrom opened her first store in the fashionable Saint Germain district, her beautifully designed and cleverly tailored collections have inspired women all over the world. From ostrich feather skirts to delicate tiered ruffle blouses, Maje provides daring, chic womenswear.\nCollections: Womenswear, Accessories",
          "name": "Maje",
          "images": [
            {
              "url": "https://cdn.mappedin.com/5d370a26da8c166f3647e3ce/97818d6bba3234afdbe5c84e392be8022d118c8d.svg",
              "altText": "Logo for Maje"
            }
          ]
        }
      }
    },
    {
      "type": "Feature",
      "geometry": {
        "type": "Polygon",
        "coordinates": [
          [
            [
              2.783991280017728,
              48.852214165931045
            ],
            [
              2.783918392155117,
              48.85222045682733
            ],
            [
              2.783902608153083,
              48.85214003767653
            ],
            [
              2.7838491428743994,
              48.852145093609685
            ],
            [
              2.783887878159562,
              48.85233311177438
            ],
            [
              2.783974170111053,
              48.85232543564476
            ],
            [
              2.783991280017728,
              48.852214165931045
            ]
          ]
        ]
      },
      "properties": {
        "id": "s_5d5f71ee797f7a72d2000114",
        "externalId": "unit92",
        "destinationNodes": [
          "n_5d5f8c44797f7a3e34000109"
        ],
        "center": [
          2.7839205785784906,
          48.85222971691062
        ],
        "details": {
          "description": "Founded in 1982, Stone Island is the symbol of extreme research in fibers and textiles, applied to an innovative design. The Italian man sportswear brand developed an unique capacity to work on the finished garment, via continuous experimentation with dyes and treatments.",
          "name": "Stone Island",
          "images": [
            {
              "url": "https://cdn.mappedin.com/mappedin-usercontent-prod/9da41c2483f608e512344777e1abae55c4ec2851.svg",
              "altText": "Logo for Stone Island"
            }
          ]
        }
      }
    },
    {
      "type": "Feature",
      "geometry": {
        "type": "Polygon",
        "coordinates": [
          [
            [
              2.78410952282641,
              48.852138028490856
            ],
            [
              2.7840032769284284,
              48.85213105627375
            ],
            [
              2.783902608153083,
              48.85214003767653
            ],
            [
              2.783918392155117,
              48.85222045682733
            ],
            [
              2.783991280017728,
              48.852214165931045
            ],
            [
              2.783974170111053,
              48.85232543564476
            ],
            [
              2.7840805952831174,
              48.85233207824845
            ],
            [
              2.78410952282641,
              48.852138028490856
            ]
          ]
        ]
      },
      "properties": {
        "id": "s_5d5f71ee797f7a72d2000115",
        "externalId": "unit91",
        "destinationNodes": [
          "n_5d5f8c46797f7a3e3400010a"
        ],
        "center": [
          2.7839971207821335,
          48.852214465584666
        ],
        "details": {
          "description": "The fashion house of KENZO was started in 1970 as Jungle Jap, a boutique in Paris at Galerie Vivienne where the founder Kenzo Takada, sold his handmade women's collection. The flagship KENZO store was opened at 3 Place des Victoires in 1976, and the brand expanded into a full Parisian fashion house. KENZO debuted its first men’s ready-to-wear collection in 1983, and its kids and home collections in 1987, followed by KENZO fragrances in 1988. In 1993, KENZO joined the LVMH Group. In 1999, KENZO marked its 30th anniversary and the retirement of its Artistic Director Kenzo Takada. In July 2011, Carol Lim & Humberto Leon, founders of the OPENING CEREMONY fashion retail stores and private label collection were appointed Creative Directors of KENZO. Using the brand’s DNA, the duo have given KENZO their take on the revolutionary spirit with which the brand was founded. In July 2012, Humberto and Carol reintroduced the jungle to the KENZO brand.",
          "name": "KENZO",
          "images": [
            {
              "url": "https://cdn.mappedin.com/5d370a26da8c166f3647e3ce/9eb11e4f543b1f8c6b48391f1d1cfc6dfb0a8a09.png",
              "altText": "Logo for KENZO"
            }
          ]
        }
      }
    },
    {
      "type": "Feature",
      "geometry": {
        "type": "Polygon",
        "coordinates": [
          [
            [
              2.7844166384930404,
              48.852158295464235
            ],
            [
              2.784200017229283,
              48.85214405037952
            ],
            [
              2.7841705317650045,
              48.85233767167655
            ],
            [
              2.784168829806494,
              48.85234663769555
            ],
            [
              2.7843850655615014,
              48.85236138672513
            ],
            [
              2.7844166384930404,
              48.852158295464235
            ]
          ]
        ]
      },
      "properties": {
        "id": "s_5d5f71ee797f7a72d2000116",
        "externalId": "unit88-89",
        "destinationNodes": [
          "n_5d5f890e797f7a3e3400008c"
        ],
        "center": [
          2.784268216571065,
          48.8522696083882
        ],
        "details": {
          "description": "Michael Kors is a world-renowned, award-winning designer of luxury accessories and ready-to-wear. His namesake company, established in 1981, is an influential global presence with over 500 stores in more than 85 countries worldwide, as well as wholesale distribution to top department stores worldwide. The brand currently produces a range of products under the signature Michael Kors Collection and Michael Kors labels. These products include accessories, footwear, watches, jewelry, men's and women's ready-to-wear, swimwear, eyewear and a full line of fragrance products. With an innate sense of glamour, Michael Kors offers a luxury lifestyle for the consummate jet setter that is as sophisticated as it is indulgent and as iconic as it is modern. Capsule Collection\nGet ready for the new term with stylish new arrivals at the Michael Kors boutique, including Jet Set Totes from E129.",
          "name": "Michael Kors",
          "images": [
            {
              "url": "https://cdn.mappedin.com/5d370a26da8c166f3647e3ce/0c61788fbed5ccada97670712ce1e7f4e4e0587c.svg",
              "altText": "Logo for Michael Kors"
            }
          ]
        }
      }
    },
    {
      "type": "Feature",
      "geometry": {
        "type": "Polygon",
        "coordinates": [
          [
            [
              2.7844821373119593,
              48.85236798717706
            ],
            [
              2.784455152089886,
              48.85223721561932
            ],
            [
              2.7844061296933447,
              48.85223387539707
            ],
            [
              2.7843850655615014,
              48.85236138672513
            ],
            [
              2.7844821373119593,
              48.85236798717706
            ]
          ]
        ]
      },
      "properties": {
        "id": "s_5d5f71ee797f7a72d2000117",
        "externalId": "unit87",
        "destinationNodes": [
          "n_5d5f890e797f7a3e3400008d"
        ],
        "center": [
          2.7844321211641727,
          48.85230011622965
        ],
        "details": {
          "description": "Discover Acne Studios collections of men’s and women’s ready-to-wear, footwear, accessories and denim in boutique at La Vallée Village.",
          "name": "Acne Studios",
          "images": [
            {
              "url": "https://cdn.mappedin.com/5d370a26da8c166f3647e3ce/61101b6dc026bb2100a558d26156cb7b9dc6c3e7.svg",
              "altText": "Logo for Acne Studios"
            }
          ]
        }
      }
    },
    {
      "type": "Feature",
      "geometry": {
        "type": "Polygon",
        "coordinates": [
          [
            [
              2.7834079351397594,
              48.85233467929422
            ],
            [
              2.7833775299046817,
              48.8521879394969
            ],
            [
              2.7831837490300164,
              48.852205297969526
            ],
            [
              2.7832150410653576,
              48.85235165163294
            ],
            [
              2.7834079351397594,
              48.85233467929422
            ]
          ]
        ]
      },
      "properties": {
        "id": "s_5d5f71ee797f7a72d200011a",
        "externalId": "unit04-05",
        "destinationNodes": [
          "n_5d5f8b91797f7a3e34000100"
        ],
        "center": [
          2.7832960637849538,
          48.8522698920984
        ],
        "details": {
          "description": "The French art of hospitality has found its new address at La Vallée Village. An exceptional setting in which to enjoy refined and flavourful French cuisine.",
          "name": "Café Lapérouse",
          "images": [
            {
              "url": "https://cdn.mappedin.com/5d370a26da8c166f3647e3ce/bd3c26f8ac0d9da6a98855428b2562f519d87b0c.svg",
              "altText": "Logo for Café Lapérouse"
            }
          ]
        }
      }
    },
    {
      "type": "Feature",
      "geometry": {
        "type": "Polygon",
        "coordinates": [
          [
            [
              2.78350791959966,
              48.85234278256921
            ],
            [
              2.7834736831620197,
              48.85217916129147
            ],
            [
              2.7833775299046817,
              48.8521879394969
            ],
            [
              2.7834079351397594,
              48.85233467929422
            ],
            [
              2.7834102631240945,
              48.85235120771261
            ],
            [
              2.78350791959966,
              48.85234278256921
            ]
          ]
        ]
      },
      "properties": {
        "id": "s_5d5f71ee797f7a72d200011b",
        "externalId": "unit03",
        "destinationNodes": [
          "n_5d5f890e797f7a3e34000092"
        ],
        "center": [
          2.7834354661860434,
          48.85227915407288
        ],
        "details": {
          "description": "Internationally renowned for his iconic red soles, Christian Louboutin celebrates empowerment & diversity with his eclectic and playful designs.\n\nChristian Louboutin is one of the world’s most well-known shoe-designers. He established his business in the heart of Paris in 1991, first with a collection for Women’s shoes followed a few years later by one for Men, both recognizable by the signature red lacquered sole. His designs share a luxurious aesthetic of playfulness, Parisian chic and unique craftmanship. With a prolific collection of women’s and men’s shoes, handbags and small leather goods, Christian Louboutin celebrates empowerment and diversity.",
          "name": "Christian Louboutin",
          "images": [
            {
              "url": "https://cdn.mappedin.com/5d370a26da8c166f3647e3ce/d631a36379b700e732db13449903372fd0dcd841.png",
              "altText": "Logo for Christian Louboutin"
            }
          ]
        }
      }
    },
    {
      "type": "Feature",
      "geometry": {
        "type": "Polygon",
        "coordinates": [
          [
            [
              2.7836069336369675,
              48.852696600875944
            ],
            [
              2.7835930266858537,
              48.85262896176873
            ],
            [
              2.7833614293842226,
              48.85264918105169
            ],
            [
              2.783375572191813,
              48.85271680133776
            ],
            [
              2.7836069336369675,
              48.852696600875944
            ]
          ]
        ]
      },
      "properties": {
        "id": "s_5d5f71ee797f7a72d200011d",
        "externalId": "unit72",
        "destinationNodes": [
          "n_5d5f890e797f7a3e34000094"
        ],
        "center": [
          2.783484240474714,
          48.85267288625853
        ],
        "details": {
          "description": "J.M. Weston has been the benchmark in the world of French luxury footwear for men since 1891.\n\nIts traditional skills, passed down in the famous “Goodyear” welt, are practised by over 170 artisans at the J.M. Weston factory in Limoges. The House counts 39 stores around the world, and whether in France or abroad, it has always reflected a French elegance that intersects freely with a timeless spirit and contemporary influences. Olivier Saillard is Artistic, Image and Culture Director of J.M. Weston, and Thierry Oriez has been Chairman since 2014.",
          "name": "J.M. Weston",
          "images": [
            {
              "url": "https://cdn.mappedin.com/5d370a26da8c166f3647e3ce/1dc2f5cf6c8a59ffd6976fd56c95171667332cdd.jpeg",
              "altText": "Logo for J.M. Weston"
            }
          ]
        }
      }
    },
    {
      "type": "Feature",
      "geometry": {
        "type": "Polygon",
        "coordinates": [
          [
            [
              2.7835953883184477,
              48.852628773274084
            ],
            [
              2.7835805647104825,
              48.852556161526486
            ],
            [
              2.783348731577483,
              48.85257639963345
            ],
            [
              2.7833637910186417,
              48.85264899256178
            ],
            [
              2.7835953883184477,
              48.852628773274084
            ]
          ]
        ]
      },
      "properties": {
        "id": "s_5d5f71ee797f7a72d200011e",
        "externalId": "unit73",
        "destinationNodes": [
          "n_5d5f890e797f7a3e34000095"
        ],
        "center": [
          2.7834721189062637,
          48.852602581748954
        ],
        "details": {
          "description": "",
          "name": "",
          "images": []
        }
      }
    },
    {
      "type": "Feature",
      "geometry": {
        "type": "Polygon",
        "coordinates": [
          [
            [
              2.7835805647104825,
              48.852556161526486
            ],
            [
              2.7835649250622354,
              48.85248172273614
            ],
            [
              2.783333120913414,
              48.85250211620675
            ],
            [
              2.783348731577483,
              48.85257639963345
            ],
            [
              2.7835805647104825,
              48.852556161526486
            ]
          ]
        ]
      },
      "properties": {
        "id": "s_5d5f71ee797f7a72d200011f",
        "externalId": "unit74",
        "destinationNodes": [
          "n_5d5f890e797f7a3e34000096",
          "n_5d5f8a01797f7a3e340000d8"
        ],
        "center": [
          2.7834568355659037,
          48.852529100025706
        ],
        "details": {
          "description": "Vision, products, retail spaces share the same traits: from the one-of-a-kind Haute Couture creations to women’s and men’s ready-to-wear and accessories, from eyewear to fragrances to the boutiques, Valentino is synonymous of elegance, pureness, craftsmanship, uniqueness.",
          "name": "Valentino",
          "images": [
            {
              "url": "https://cdn.mappedin.com/5d370a26da8c166f3647e3ce/46551f2c7d236d57c349cbbb786f1f9091ca8ec1.svg",
              "altText": "Logo for Valentino"
            }
          ]
        }
      }
    },
    {
      "type": "Feature",
      "geometry": {
        "type": "Polygon",
        "coordinates": [
          [
            [
              2.7837773409525997,
              48.85266423552603
            ],
            [
              2.7837302276256892,
              48.85243856945477
            ],
            [
              2.7835994439819443,
              48.852450584936236
            ],
            [
              2.783646499436911,
              48.85267594027091
            ],
            [
              2.7837773409525997,
              48.85266423552603
            ]
          ]
        ]
      },
      "properties": {
        "id": "s_5d5f71ee797f7a72d2000120",
        "externalId": "unit75",
        "destinationNodes": [
          "n_5d5f890e797f7a3e34000097"
        ],
        "center": [
          2.7836883779992863,
          48.85255733254698
        ],
        "details": {
          "description": "“THIS IS ROCK, THIS IS ZADIG !“\nZadig & Voltaire is all about casual-chic: it is a state of mind, a musical inclination, fashion as a bold statement. With rock’n’roll in its blood and art as its inspiration, the brand has naturally become a “concept store” ahead of its time. In stores, its collections are accompanied by music compilations from the brand’s label. It is art and luxury at an affordable price: this was Thierry Gillier’s vision.\nA best-seller, for comfort and an ultra-flattering attitude that accents the waist and enshrines the knit like a separate piece of clothing whose cut finally comes into play.",
          "name": "Zadig&Voltaire",
          "images": [
            {
              "url": "https://cdn.mappedin.com/5d370a26da8c166f3647e3ce/fe049b6f6d4f3054f48e2a6833bd4c42b7a4a52a.svg",
              "altText": "Logo for Zadig&Voltaire"
            }
          ]
        }
      }
    },
    {
      "type": "Feature",
      "geometry": {
        "type": "Polygon",
        "coordinates": [
          [
            [
              2.784011447814116,
              48.85262773157692
            ],
            [
              2.7839656380262348,
              48.85241694121533
            ],
            [
              2.7838600665578386,
              48.85242662922539
            ],
            [
              2.783906290941142,
              48.85263707113884
            ],
            [
              2.784011447814116,
              48.85262773157692
            ]
          ]
        ]
      },
      "properties": {
        "id": "s_5d5f71ee797f7a72d2000121",
        "externalId": "unit77",
        "destinationNodes": [
          "n_5d5f890e797f7a3e34000098"
        ],
        "center": [
          2.783935860834833,
          48.85252709328912
        ],
        "details": {
          "description": "Since spring 2017, Clare Waight Keller has been the artistic director of Haute Couture and women’s and men’s ready-to-wear. With her debut show, on October 1st 2017, Clare Waight Keller established a forward-looking new signature for the house of Givenchy based on the idea of Light in darkness.",
          "name": "Givenchy",
          "images": [
            {
              "url": "https://cdn.mappedin.com/5d370a26da8c166f3647e3ce/821ab56043b8ef2a3a1e51baf9b6fe98597e4a68.svg",
              "altText": "Logo for Givenchy"
            }
          ]
        }
      }
    },
    {
      "type": "Feature",
      "geometry": {
        "type": "Polygon",
        "coordinates": [
          [
            [
              2.784070438904949,
              48.85242387117477
            ],
            [
              2.7839656380262348,
              48.85241694121533
            ],
            [
              2.783992334130017,
              48.85253575207531
            ],
            [
              2.784050180757265,
              48.85253886119328
            ],
            [
              2.784070438904949,
              48.85242387117477
            ]
          ]
        ]
      },
      "properties": {
        "id": "s_5d5f71ee797f7a72d2000122",
        "externalId": "unit78",
        "destinationNodes": [
          "n_5d5f890e797f7a3e34000099"
        ],
        "center": [
          2.784019647954617,
          48.85247885641468
        ],
        "details": {
          "description": "Hour Passion is a specialist watch boutique, housing some of the most exciting and globally revered « Swiss Made » brands to include LONGINES, RADO, TISSOT, BALMAIN, MIDO and HAMILTON. Hour Passion prominently houses each brand in its own individual retail space, allowing you a closer look at the brands’ unique features. Make time for Hour Passion and marvel at your next extraordinary timepiece.",
          "name": "Hour Passion",
          "images": [
            {
              "url": "https://cdn.mappedin.com/5d370a26da8c166f3647e3ce/2efbcf45515382a502f26ab5fd48d85186e6036d.jpeg",
              "altText": "Logo for Hour Passion"
            }
          ]
        }
      }
    },
    {
      "type": "Feature",
      "geometry": {
        "type": "Polygon",
        "coordinates": [
          [
            [
              2.784173264570716,
              48.85243048565995
            ],
            [
              2.784070438904949,
              48.85242387117477
            ],
            [
              2.7840382536126844,
              48.85260935076337
            ],
            [
              2.7841424323603823,
              48.85261680339324
            ],
            [
              2.784173264570716,
              48.85243048565995
            ]
          ]
        ]
      },
      "properties": {
        "id": "s_5d5f71ee797f7a72d2000123",
        "externalId": "unit79",
        "destinationNodes": [
          "n_5d5f890e797f7a3e3400009a"
        ],
        "center": [
          2.7841060973621827,
          48.85252012774783
        ],
        "details": {
          "description": "Founded by Jeremy Hackett in 1983, Hackett London has become a global leader in menswear, blending timeless British style with modern sophistication. \nCollections: Menswear, Accessories",
          "name": "Hackett London",
          "images": [
            {
              "url": "https://cdn.mappedin.com/5d370a26da8c166f3647e3ce/24e3821b0825e4882737d50bf97925a81b996650.svg",
              "altText": "Logo for Hackett London"
            }
          ]
        }
      }
    },
    {
      "type": "Feature",
      "geometry": {
        "type": "Polygon",
        "coordinates": [
          [
            [
              2.784275882750245,
              48.85243727429935
            ],
            [
              2.784173264570716,
              48.85243048565995
            ],
            [
              2.7841424323603823,
              48.85261680339324
            ],
            [
              2.784249974718401,
              48.85262430280766
            ],
            [
              2.784275882750245,
              48.85243727429935
            ]
          ]
        ]
      },
      "properties": {
        "id": "s_5d5f71ee797f7a72d2000124",
        "externalId": "unit80",
        "destinationNodes": [
          "n_5d5f890e797f7a3e3400009b"
        ],
        "center": [
          2.784210388599936,
          48.852527216540054
        ],
        "details": {
          "description": "Italian brand Ermenegildo Zegna provides sharp tailored suits, with cashmere knits, warm overcoats and leather accessories to complete the look. Experts in wool production since 1910, Zegna supplies fine fabrics to other luxury fashion houses. The family business, currently being run by the fourth generation of Zegnas, is famed for its fine wool made-to-measure suits, and since the 1960s also produces ready-to-wear tailoring.",
          "name": "ZEGNA",
          "images": [
            {
              "url": "https://cdn.mappedin.com/5d370a26da8c166f3647e3ce/47f7f65ee62a86a8deb7c23f249d7263ecd109fb.svg",
              "altText": "Logo for ZEGNA"
            }
          ]
        }
      }
    },
    {
      "type": "Feature",
      "geometry": {
        "type": "Polygon",
        "coordinates": [
          [
            [
              2.7843872033360877,
              48.8524444719724
            ],
            [
              2.784275882750245,
              48.85243727429935
            ],
            [
              2.784249974718401,
              48.85262430280766
            ],
            [
              2.7843570447826664,
              48.8526318398241
            ],
            [
              2.7843872033360877,
              48.8524444719724
            ]
          ]
        ]
      },
      "properties": {
        "id": "s_5d5f71ee797f7a72d2000125",
        "externalId": "unit81",
        "destinationNodes": [
          "n_5d5f890e797f7a3e3400009c"
        ],
        "center": [
          2.7843175263968503,
          48.852534472225884
        ],
        "details": {
          "description": "Since its creation, Lancel – which celebrated its 140th anniversary in 2016 – continues to surprise, predicting trends and creating iconic accessories such as supple luggage and the bucket bag.",
          "name": "Lancel",
          "images": [
            {
              "url": "https://cdn.mappedin.com/5d370a26da8c166f3647e3ce/99b836e8756aa762412c63456e8793f617270b10.svg",
              "altText": "Logo for Lancel"
            }
          ]
        }
      }
    },
    {
      "type": "Feature",
      "geometry": {
        "type": "Polygon",
        "coordinates": [
          [
            [
              2.784513431138712,
              48.85264300887719
            ],
            [
              2.784476060685122,
              48.85245850844749
            ],
            [
              2.7843858018427747,
              48.85245246792381
            ],
            [
              2.7843570447826664,
              48.8526318398241
            ],
            [
              2.784513431138712,
              48.85264300887719
            ]
          ]
        ]
      },
      "properties": {
        "id": "s_5d5f71ee797f7a72d2000126",
        "externalId": "unit82",
        "destinationNodes": [
          "n_5d5f890e797f7a3e3400009d"
        ],
        "center": [
          2.784433084612319,
          48.85254645626814
        ],
        "details": {
          "description": "The house of Fendi was established by Adele and Edoardo Fendi in Rome in 1925. The opening of the first Fendi boutique, followed by a handbag shop and fur workshop, soon won the brand international acclaim, Fendi emerged as a name renowned for its elegance, craftsmanship, innovation and style. \n\nToday Fendi is synonymous with quality, tradition, experimentation and creativity.",
          "name": "Fendi",
          "images": [
            {
              "url": "https://cdn.mappedin.com/5d370a26da8c166f3647e3ce/16b01fe967046a1ad244768d738dbf6a06c6e5f4.svg",
              "altText": "Logo for Fendi"
            }
          ]
        }
      }
    },
    {
      "type": "Feature",
      "geometry": {
        "type": "Polygon",
        "coordinates": [
          [
            [
              2.7847398896653948,
              48.852623512816
            ],
            [
              2.784702282229865,
              48.85243903131124
            ],
            [
              2.784476060685122,
              48.85245850844749
            ],
            [
              2.784513431138712,
              48.85264300887719
            ],
            [
              2.7847398896653948,
              48.852623512816
            ]
          ]
        ]
      },
      "properties": {
        "id": "s_5d5f71ee797f7a72d2000127",
        "externalId": "unit83-84",
        "destinationNodes": [
          "n_5d5f890e797f7a3e3400009e"
        ],
        "center": [
          2.784607915929773,
          48.85254101536298
        ],
        "details": {
          "description": "The quintessence of Italian glamour, Dolce&Gabbana has defined a new kind of luxury. The strong identity of the Dolce&Gabbana brand has evolved over the years without ever forgetting its roots; an unmistakable style, which, season after season, combines true innovation with the Mediterranean flavour of its origins. Modern yet classic, luxurious yet unconventional, the essence of Dolce&Gabbana is defined by its contrasting features.",
          "name": "Dolce & Gabbana",
          "images": [
            {
              "url": "https://cdn.mappedin.com/5d370a26da8c166f3647e3ce/fd87ac8d72d094d244e85e9c5eaed3b08c7e89fe.svg",
              "altText": "Logo for Dolce & Gabbana"
            }
          ]
        }
      }
    },
    {
      "type": "Feature",
      "geometry": {
        "type": "Polygon",
        "coordinates": [
          [
            [
              2.7837081171474396,
              48.852781399196566
            ],
            [
              2.7836887677984223,
              48.85268943849446
            ],
            [
              2.783377933829369,
              48.85271661284757
            ],
            [
              2.7833972539717613,
              48.8528084182067
            ],
            [
              2.7837081171474396,
              48.852781399196566
            ]
          ]
        ]
      },
      "properties": {
        "id": "s_5d5f71ee797f7a72d2000128",
        "externalId": "unit71",
        "destinationNodes": [
          "n_5d5f890e797f7a3e3400009f"
        ],
        "center": [
          2.7835430181867484,
          48.85274896718632
        ],
        "details": {
          "description": "An Italian brand that produces shoes and other luxury leather goods like bags and accessories. Dorino Della Valle began a shoemaking business out of a basement in the twenties, and his son Diego made the Tod’s name when he developed its signature shoe, the Gommino moccasin-casual and handmade, with 133 rubber pebbles on the sole. Made in Italy, the artisanship behind the brand’s footwear and accessories guarantees quality and careful design.",
          "name": "Tod's",
          "images": [
            {
              "url": "https://cdn.mappedin.com/5d370a26da8c166f3647e3ce/a4d25b7bfca9f563677ee18f3ccb95027ec46bf6.svg",
              "altText": "Logo for Tod's"
            }
          ]
        }
      }
    },
    {
      "type": "Feature",
      "geometry": {
        "type": "Polygon",
        "coordinates": [
          [
            [
              2.783782547135469,
              48.853163039482155
            ],
            [
              2.783767866335221,
              48.853091204733154
            ],
            [
              2.7835232135748096,
              48.853113412298804
            ],
            [
              2.7835381085408804,
              48.85318381082535
            ],
            [
              2.783782547135469,
              48.853163039482155
            ]
          ]
        ]
      },
      "properties": {
        "id": "s_5d5f71ee797f7a72d200012a",
        "externalId": "unit68",
        "destinationNodes": [
          "n_5d5f8966797f7a3e340000d4"
        ],
        "center": [
          2.7836529338965947,
          48.853137866834864
        ],
        "details": {
          "description": "Say Isabel Marant, think Parisian flow.\nHaving founded her label in ’94, she instantly became renowned for her pioneering and cosmopolitan spirit bringing self-affirmation and feel good effect to her dégaine..\nTo do so, ever since her launch, she has been trying on each garment before it leaves her studio to ensure everything works in the everyday life of a real woman.",
          "name": "Isabel Marant",
          "images": [
            {
              "url": "https://cdn.mappedin.com/5d370a26da8c166f3647e3ce/d106033c2e8284b60870e5e894f9fd04874c309a.svg",
              "altText": "Logo for Isabel Marant"
            }
          ]
        }
      }
    },
    {
      "type": "Feature",
      "geometry": {
        "type": "Polygon",
        "coordinates": [
          [
            [
              2.783797378200913,
              48.853234389194654
            ],
            [
              2.783782547135469,
              48.853163039482155
            ],
            [
              2.7835381085408804,
              48.85318381082535
            ],
            [
              2.783552967911026,
              48.8532553159642
            ],
            [
              2.783797378200913,
              48.853234389194654
            ]
          ]
        ]
      },
      "properties": {
        "id": "s_5d5f71ee797f7a72d200012b",
        "externalId": "unit67",
        "destinationNodes": [
          "n_5d5f890e797f7a3e340000a1"
        ],
        "center": [
          2.7836677504470724,
          48.85320913886659
        ],
        "details": {
          "description": "The brainchild of childhood friends, Parisians Barbara Boccara and Sharon Krief, who were looking for unfussy, everyday, chic clothes – the clothes they would like to wear themselves. The simple, stylish wardrobe staples have attracted many fashion insiders who want to wear them too.",
          "name": "ba&sh",
          "images": [
            {
              "url": "https://cdn.mappedin.com/5d370a26da8c166f3647e3ce/90a4d63c282b6762c858a58d016efdb7159faa5f.svg",
              "altText": "Logo for ba&sh"
            }
          ]
        }
      }
    },
    {
      "type": "Feature",
      "geometry": {
        "type": "Polygon",
        "coordinates": [
          [
            [
              2.7838007083155145,
              48.85325115299549
            ],
            [
              2.783797378200913,
              48.853234389194654
            ],
            [
              2.783552967911026,
              48.8532553159642
            ],
            [
              2.7835681780782013,
              48.853327423831594
            ],
            [
              2.7837332940971757,
              48.85331314136197
            ],
            [
              2.783721914764809,
              48.85325791501491
            ],
            [
              2.7838007083155145,
              48.85325115299549
            ]
          ]
        ]
      },
      "properties": {
        "id": "s_5d5f71ee797f7a72d200012c",
        "externalId": "unit66",
        "destinationNodes": [
          "n_5d5f890e797f7a3e340000a2"
        ],
        "center": [
          2.7836957402279396,
          48.85327322306046
        ],
        "details": {
          "description": "French designer Anne Fontaine is the creator of the ultimate white shirt. A true tribute to femininity, she adapts her creations to suit all personalities and a multitude of occasions.",
          "name": "Anne Fontaine",
          "images": [
            {
              "url": "https://cdn.mappedin.com/5d370a26da8c166f3647e3ce/4f4d2a60d364dad269cdfd0ac96c159c7bc1714f.svg",
              "altText": "Logo for Anne Fontaine"
            }
          ]
        }
      }
    },
    {
      "type": "Feature",
      "geometry": {
        "type": "Polygon",
        "coordinates": [
          [
            [
              2.7838274345443565,
              48.85338052615183
            ],
            [
              2.7838007083155145,
              48.85325115299549
            ],
            [
              2.783721914764809,
              48.85325791501491
            ],
            [
              2.7837332940971757,
              48.85331314136197
            ],
            [
              2.7835681780782013,
              48.853327423831594
            ],
            [
              2.783583961231076,
              48.85340263959635
            ],
            [
              2.7838274345443565,
              48.85338052615183
            ]
          ]
        ]
      },
      "properties": {
        "id": "s_5d5f71ee797f7a72d200012d",
        "externalId": "unit65",
        "destinationNodes": [
          "n_5d5f890e797f7a3e340000a3"
        ],
        "center": [
          2.783705915171856,
          48.85332213315869
        ],
        "details": {
          "description": "McQueen’s collections combine an in-depth working knowledge of bespoke British tailoring, fine workmanship and the impeccable finish of Italian manufacturing. \nAlexander McQueen shows are known for their emotional power and raw energy, as well as the romantic but determinedly contemporary nature of the collections. Integral to the McQueen culture is the juxtaposition between contrasting elements: fragility and strength, tradition and modernity, fluidity and severity. An openly emotional and even passionate viewpoint is realised with a profound respect and influence for the arts and crafts tradition.",
          "name": "McQueen",
          "images": [
            {
              "url": "https://cdn.mappedin.com/5d370a26da8c166f3647e3ce/99d0f98b13044a9ec9c9edca780bf5329ae529e9.svg",
              "altText": "Logo for McQueen"
            }
          ]
        }
      }
    },
    {
      "type": "Feature",
      "geometry": {
        "type": "Polygon",
        "coordinates": [
          [
            [
              2.783310907582397,
              48.85295879978987
            ],
            [
              2.7832873193059497,
              48.85284384055528
            ],
            [
              2.783080725685194,
              48.852861905901676
            ],
            [
              2.7831041989143173,
              48.85297624359806
            ],
            [
              2.783310907582397,
              48.85295879978987
            ]
          ]
        ]
      },
      "properties": {
        "id": "s_5d5f71ee797f7a72d200012e",
        "externalId": "unit12",
        "destinationNodes": [
          "n_5d5f890e797f7a3e340000a4",
          "n_5d5f899f797f7a3e340000d6"
        ],
        "center": [
          2.7831957878719646,
          48.85291019746122
        ],
        "details": {
          "description": "Remembered as the maker of exquisite hand-made shoes, Salvatore Ferragamo, moved to America from Italy in 1914, eventually ending up in Hollywood where his repair and shoe-making business began to attract Hollywood stars and movie-makers. His shoes featured on the stars on and off duty (he made Judy Garland’s red shoes for the Wizard of Oz). Returning to Italy in 1927, he set up his eponymous fashion house, which today produces menswear, womenswear, fragrances and eyewears.",
          "name": "Ferragamo",
          "images": [
            {
              "url": "https://cdn.mappedin.com/5d370a26da8c166f3647e3ce/be1b13375708f035056d4dda98a02dc514ea05a4.svg",
              "altText": "Logo for Ferragamo"
            }
          ]
        }
      }
    },
    {
      "type": "Feature",
      "geometry": {
        "type": "Polygon",
        "coordinates": [
          [
            [
              2.78310701316278,
              48.852990210307325
            ],
            [
              2.78309167454086,
              48.852914801385495
            ],
            [
              2.782954698928467,
              48.852925733397626
            ],
            [
              2.7829693574966234,
              48.85300135427732
            ],
            [
              2.78310701316278,
              48.852990210307325
            ]
          ]
        ]
      },
      "properties": {
        "id": "s_5d5f71ee797f7a72d2000130",
        "externalId": "unit13",
        "destinationNodes": [
          "n_5d5f890e797f7a3e340000a6"
        ],
        "center": [
          2.7830306860321827,
          48.852958024841946
        ],
        "details": {
          "description": "The high-end French ready-to-wear brand Berenice has been recognized as a benchmark for chic basics.\n\nFrédéric Krief founded the label in 2004. The label uses superior materials such as cashmere, silk and satin in a romantic palette but at an affordable price point. Shoes and accessories complete the girly look.",
          "name": "Berenice",
          "images": [
            {
              "url": "https://cdn.mappedin.com/5d370a26da8c166f3647e3ce/71f8117156d2b793b85e94958fddd8d520c11949.svg",
              "altText": "Logo for Berenice"
            }
          ]
        }
      }
    },
    {
      "type": "Feature",
      "geometry": {
        "type": "Polygon",
        "coordinates": [
          [
            [
              2.7832873193059497,
              48.85284384055528
            ],
            [
              2.783276427550682,
              48.852791255880085
            ],
            [
              2.78306992007847,
              48.852809787392275
            ],
            [
              2.783080725685194,
              48.852861905901676
            ],
            [
              2.7832873193059497,
              48.85284384055528
            ]
          ]
        ]
      },
      "properties": {
        "id": "s_5d5f71ee797f7a72d2000131",
        "externalId": "unit11",
        "destinationNodes": [
          "n_5d5f890e797f7a3e340000a7"
        ],
        "center": [
          2.783178598155074,
          48.85282669743233
        ],
        "details": {
          "description": "Charles Tyrwhitt (think ‘Tyrwhitt’ like 'spirit') has one main philosophy: helping men look and feel good. Since 1986, the brand has been known as 'the shirt expert', and is loved for its craftsmanship, fine fabrics and exemplary customer service, to boot.  The brand’s elevated and versatile pieces are effortless staples for every man’s wardrobe - no matter your style.",
          "name": "Charles Tyrwhitt",
          "images": [
            {
              "url": "https://cdn.mappedin.com/5d370a26da8c166f3647e3ce/5afa1c17575c347d34b4726ea1ee18b0d3184725.svg",
              "altText": "Logo for Charles Tyrwhitt"
            }
          ]
        }
      }
    },
    {
      "type": "Feature",
      "geometry": {
        "type": "Polygon",
        "coordinates": [
          [
            [
              2.7832485888260345,
              48.8527936354318
            ],
            [
              2.783233250051121,
              48.852718226528765
            ],
            [
              2.7829887274658223,
              48.8527385305254
            ],
            [
              2.783004087518921,
              48.85281535686514
            ],
            [
              2.7832485888260345,
              48.8527936354318
            ]
          ]
        ]
      },
      "properties": {
        "id": "s_5d5f71ee797f7a72d2000132",
        "externalId": "unit10",
        "destinationNodes": [
          "n_5d5f890e797f7a3e340000a8"
        ],
        "center": [
          2.7831186634654745,
          48.85276643733777
        ],
        "details": {
          "description": "Discover VEJA at La Vallée: eco-responsible sneakers since 2005, innovative materials, and ethical manufacturing in Brazil and Portugal.",
          "name": "VEJA",
          "images": [
            {
              "url": "https://cdn.mappedin.com/5d370a26da8c166f3647e3ce/1e5df3587b7e8e34c578711b00107643a0af1865.svg",
              "altText": "Logo for VEJA"
            }
          ]
        }
      }
    },
    {
      "type": "Feature",
      "geometry": {
        "type": "Polygon",
        "coordinates": [
          [
            [
              2.783233250051121,
              48.852718226528765
            ],
            [
              2.7832192863077947,
              48.85265027658647
            ],
            [
              2.782974878627852,
              48.85267120213404
            ],
            [
              2.7829887274658223,
              48.8527385305254
            ],
            [
              2.783233250051121,
              48.852718226528765
            ]
          ]
        ]
      },
      "properties": {
        "id": "s_5d5f71ee797f7a72d2000133",
        "externalId": "unit09",
        "destinationNodes": [
          "n_5d5f890e797f7a3e340000a9"
        ],
        "center": [
          2.783104035613148,
          48.85269455894367
        ],
        "details": {
          "description": "Today renowned as the most desirable designer in New York, Marc Jacobs designed his first collection in 1984 with the Marc Jacobs label.\nMarc Jacobs's style stayed true to the description done by the designer himself following his first collection : Funk, quirky and sophisticated at the same time. Through his collections Marc Jacobs has explored different themes like retro and the 70's with the desire to showcase a casual women but chic. Marc Jacobs is and stayed the stylist of the chic and elegance. His collections are well known for being refined and feminine as well as unexpected.\nWith more than 200 freestanding stores across the globe, Marc Jacobs International now includes Women’s and men’s ready-to-wear and accessories, a Children’s line called Little Marc Jacobs, multiple award-winning fragrances, the bookstore Bookmarc and most recently Marc Jacobs Beauty.",
          "name": "Marc Jacobs",
          "images": []
        }
      }
    },
    {
      "type": "Feature",
      "geometry": {
        "type": "Polygon",
        "coordinates": [
          [
            [
              2.7832192863077947,
              48.85265027658647
            ],
            [
              2.7832072202020397,
              48.852591320707354
            ],
            [
              2.7830254317536016,
              48.85260614483248
            ],
            [
              2.783028883151651,
              48.85262226822684
            ],
            [
              2.7829252360284857,
              48.85263069798285
            ],
            [
              2.782934079595754,
              48.852674773655345
            ],
            [
              2.7832192863077947,
              48.85265027658647
            ]
          ]
        ]
      },
      "properties": {
        "id": "s_5d5f71ee797f7a72d2000134",
        "externalId": "unit08b",
        "destinationNodes": [
          "n_5d5f890e797f7a3e340000aa"
        ],
        "center": [
          2.7830566895065547,
          48.85262924699855
        ],
        "details": {
          "description": "Since 1968, Figaret Paris cultivates with passion elegance and the art of shirt-making, the pursuit of excellence is manifested in the tradition of its fabrications, the attention to the finest details and finishing, as well as the search for exceptional materials and original patterns.\nThe Figaret Paris boutiques propose collections of shirts and accessories for men and ladies.\nEmbroidery workshop at the Figaret Paris boutique.\nFigaret Paris, the French shirt maker, is offering a permanent embroidery workshop in the boutique. Personalise your Figaret Paris shirts, jackets and polo shirts with your initials (or any other embroidered message). Prices from €10.",
          "name": "Figaret",
          "images": [
            {
              "url": "https://cdn.mappedin.com/5d370a26da8c166f3647e3ce/47df5bcd7dbdef07ff53010414f86ca2a7aef39b.svg",
              "altText": "Logo for Figaret"
            }
          ]
        }
      }
    },
    {
      "type": "Feature",
      "geometry": {
        "type": "Polygon",
        "coordinates": [
          [
            [
              2.7832072202020397,
              48.852591320707354
            ],
            [
              2.783200524815221,
              48.85255889968546
            ],
            [
              2.78291566935606,
              48.852583999440505
            ],
            [
              2.7829252360284857,
              48.85263069798285
            ],
            [
              2.783028883151651,
              48.85262226822684
            ],
            [
              2.7830254317536016,
              48.85260614483248
            ],
            [
              2.7832072202020397,
              48.852591320707354
            ]
          ]
        ]
      },
      "properties": {
        "id": "s_5d5f71ee797f7a72d2000135",
        "externalId": "unit08a",
        "destinationNodes": [
          "n_5d5f890e797f7a3e340000ab"
        ],
        "center": [
          2.783050494217843,
          48.85259888847924
        ],
        "details": {
          "description": "With its ultra-feminine, simple, chic style, Maison Darel has been the byword for French elegance for more than 40 years. Taking his inspiration from iconic figures such as Jackie Kennedy and Marilyn Monroe, Gerard Darel has breathed new life into off-the-peg clothes and joined a small circle of brands that really matter on the international scene. A true tradition of excellence lies behind the Gerard Darel style – every design is original and timeless, transcending fashion and time.",
          "name": "Gerard Darel",
          "images": [
            {
              "url": "https://cdn.mappedin.com/5d370a26da8c166f3647e3ce/af5c2a1d8b9e2e109c1c9af7b9832960a0229ef4.svg",
              "altText": "Logo for Gerard Darel"
            }
          ]
        }
      }
    },
    {
      "type": "Feature",
      "geometry": {
        "type": "Polygon",
        "coordinates": [
          [
            [
              2.783200524815221,
              48.85255889968546
            ],
            [
              2.7831943450539973,
              48.852529275774344
            ],
            [
              2.7830140597400077,
              48.8525444529749
            ],
            [
              2.783015670855417,
              48.85255189309182
            ],
            [
              2.7829110722159527,
              48.85256166023742
            ],
            [
              2.78291566935606,
              48.852583999440505
            ],
            [
              2.783200524815221,
              48.85255889968546
            ]
          ]
        ]
      },
      "properties": {
        "id": "s_5d5f71ee797f7a72d2000136",
        "externalId": "unit07",
        "destinationNodes": [
          "n_5d5f890e797f7a3e340000ac"
        ],
        "center": [
          2.7830418903394425,
          48.85255503020074
        ],
        "details": {
          "description": "Repetto lends its unique imagination to a wide range of exclusive products, including shoes, leather goods, athleisure and classical dancewear. The brand’s collections play with colour and different materials to entice an elegant and modern female customer.\nIts products are designed in the Dordogne, in historical ateliers where Repetto’s expertise and desire for excellence are upheld.",
          "name": "Repetto",
          "images": [
            {
              "url": "https://cdn.mappedin.com/5d370a26da8c166f3647e3ce/e2a48ef14d0dce50aa46a4b4a9b4a1260ff550f4.svg",
              "altText": "Logo for Repetto"
            }
          ]
        }
      }
    },
    {
      "type": "Feature",
      "geometry": {
        "type": "Polygon",
        "coordinates": [
          [
            [
              2.7831943450539973,
              48.852529275774344
            ],
            [
              2.783164892619243,
              48.852386401949055
            ],
            [
              2.7828804818043396,
              48.85241130852515
            ],
            [
              2.7829110722159527,
              48.85256166023742
            ],
            [
              2.783015670855417,
              48.85255189309182
            ],
            [
              2.7830140597400077,
              48.8525444529749
            ],
            [
              2.7831943450539973,
              48.852529275774344
            ]
          ]
        ]
      },
      "properties": {
        "id": "s_5d5f71ee797f7a72d2000137",
        "externalId": "unit06",
        "destinationNodes": [
          "n_5d5f890e797f7a3e340000ad"
        ],
        "center": [
          2.7830300870481595,
          48.85249749875879
        ],
        "details": {
          "description": "Longchamp’s handbags, luggage and accessories have a worldwide reputation for craftsmanship and quality, which now extends to shoes and ready-to-wear collections.",
          "name": "Longchamp",
          "images": [
            {
              "url": "https://cdn.mappedin.com/5d370a26da8c166f3647e3ce/7758197761e32055c575ed8b8ca3096e9cdc698e.svg",
              "altText": "Logo for Longchamp"
            }
          ]
        }
      }
    },
    {
      "type": "Feature",
      "geometry": {
        "type": "Polygon",
        "coordinates": [
          [
            [
              2.7835101461975333,
              48.853666497804454
            ],
            [
              2.7835019608280636,
              48.85362599626077
            ],
            [
              2.7833100421261965,
              48.85364178674679
            ],
            [
              2.7833190504337137,
              48.853682853337496
            ],
            [
              2.7835101461975333,
              48.853666497804454
            ]
          ]
        ]
      },
      "properties": {
        "id": "s_5d5f71ee797f7a72d2000138",
        "externalId": "unit26b",
        "destinationNodes": [
          "n_5d5f890e797f7a3e340000ae"
        ],
        "center": [
          2.783410299896377,
          48.85365428353738
        ],
        "details": {
          "description": "TISSOT has recently joined La Vallée Village, where it harmoniously expands the Village's varied selection. The brand's high-end watches are another reason why those of any taste or age can find something for them at the Village. Discover the pure and contemporary design of the label's first outlet boutique, where you'll be treated to an encounter with TISSOT's iconic timepieces. They deftly bring together luxury and high technology, as the brand has been at the avant-garde of innovation since its creation in 1853. Welcome to a world where elegant timekeeping in within reach, don't wait to explore it for yourself. Discover the collections at Tissot and Hour Passion.",
          "name": "Tissot",
          "images": [
            {
              "url": "https://cdn.mappedin.com/5d370a26da8c166f3647e3ce/6f8f95c74580375b7f273be5808613aeb9dfcd86.svg",
              "altText": "Logo for Tissot"
            }
          ]
        }
      }
    },
    {
      "type": "Feature",
      "geometry": {
        "type": "Polygon",
        "coordinates": [
          [
            [
              2.7835183602273164,
              48.85370715474256
            ],
            [
              2.7835101461975333,
              48.853666497804454
            ],
            [
              2.7833190504337137,
              48.853682853337496
            ],
            [
              2.7833268779133853,
              48.85372401417211
            ],
            [
              2.7835183602273164,
              48.85370715474256
            ]
          ]
        ]
      },
      "properties": {
        "id": "s_5d5f71ee797f7a72d2000139",
        "externalId": "unit27",
        "destinationNodes": [
          "n_5d5f890e797f7a3e340000af"
        ],
        "center": [
          2.783418608692987,
          48.85369513001415
        ],
        "details": {
          "description": "Watchfinder & Co. brings to La Vallée Village its wealth of expertise and experience in the luxury pre-owned watch sector.",
          "name": "Watchfinder & Co.",
          "images": [
            {
              "url": "https://cdn.mappedin.com/5d370a26da8c166f3647e3ce/e76f878c041f9f8571440649401c50dd639c769a.png",
              "altText": "Logo for Watchfinder & Co."
            }
          ]
        }
      }
    },
    {
      "type": "Feature",
      "geometry": {
        "type": "Polygon",
        "coordinates": [
          [
            [
              2.7835019608280636,
              48.85362599626077
            ],
            [
              2.783493396069437,
              48.85358473659081
            ],
            [
              2.7831713063067496,
              48.85361328133735
            ],
            [
              2.7831879699802724,
              48.85369457641248
            ],
            [
              2.7833190504337137,
              48.853682853337496
            ],
            [
              2.7833100421261965,
              48.85364178674679
            ],
            [
              2.7835019608280636,
              48.85362599626077
            ]
          ]
        ]
      },
      "properties": {
        "id": "s_5d5f71ee797f7a72d200013a",
        "externalId": "unit26a",
        "destinationNodes": [
          "n_5d5f890e797f7a3e340000b0"
        ],
        "center": [
          2.7833306209574054,
          48.853640538447614
        ],
        "details": {
          "description": "As part of the Estée Lauder Companies, The Cosmetics Company Store offers award-winning premium skincare, make-up and fragrance products from a collection of prestigious brands including Estée Lauder, Clinique and Bobbi Brown.",
          "name": "The Cosmetics Company Store",
          "images": [
            {
              "url": "https://cdn.mappedin.com/5d370a26da8c166f3647e3ce/0935ea2aaffe849ad52fc8dcf70e3fc038ebc044.svg",
              "altText": "Logo for The Cosmetics Company Store"
            }
          ]
        }
      }
    },
    {
      "type": "Feature",
      "geometry": {
        "type": "Polygon",
        "coordinates": [
          [
            [
              2.783493396069437,
              48.85358473659081
            ],
            [
              2.7834788874413614,
              48.85351383417506
            ],
            [
              2.7831568554182615,
              48.85354268967133
            ],
            [
              2.7831713063067496,
              48.85361328133735
            ],
            [
              2.783493396069437,
              48.85358473659081
            ]
          ]
        ]
      },
      "properties": {
        "id": "s_5d5f71ee797f7a72d200013b",
        "externalId": "unit25",
        "destinationNodes": [
          "n_5d5f8a3e797f7a3e340000dc"
        ],
        "center": [
          2.7833251113089523,
          48.853563635443635
        ],
        "details": {
          "description": "Tory Burch is an American lifestyle brand that inspires people around the world to live in full color with character, beauty and confidence.  The collection embodies the personal style and sensibility of its Executive Chairman and Chief Creative Officer, Tory Burch. It includes ready-to-wear, shoes, handbags, accessories, watches, home and fragrance.",
          "name": "Tory Burch",
          "images": [
            {
              "url": "https://cdn.mappedin.com/5d370a26da8c166f3647e3ce/10f25380909f37cb92266099df52b5485e5c77a7.svg",
              "altText": "Logo for Tory Burch"
            }
          ]
        }
      }
    },
    {
      "type": "Feature",
      "geometry": {
        "type": "Polygon",
        "coordinates": [
          [
            [
              2.7835420067356713,
              48.853822424719944
            ],
            [
              2.7835311501385616,
              48.85376873345453
            ],
            [
              2.78333988211202,
              48.85378415665211
            ],
            [
              2.7833443146725303,
              48.85380430145882
            ],
            [
              2.783433056872025,
              48.853796903428496
            ],
            [
              2.7834401249846894,
              48.85383134457196
            ],
            [
              2.7835420067356713,
              48.853822424719944
            ]
          ]
        ]
      },
      "properties": {
        "id": "s_5d5f71ee797f7a72d200013c",
        "externalId": "unit29",
        "destinationNodes": [
          "n_5d5f890e797f7a3e340000b1"
        ],
        "center": [
          2.7834384225859163,
          48.85380131071431
        ],
        "details": {
          "description": "A sharp-eyed observer of the privileged bathers on the French Riviera beach fashioned the first ever boxer short swimming trunks from the chequered cloth on his café table. When the inventor hit upon a quick-drying spinnaker canvas, the car enthusiast named the results of his innovation Vilebrequin, meaning “crankshaft“. His upmarket swimwear won the loyalty of the St Tropez set and can now be found on every exclusive beachside in the world.",
          "name": "Vilebrequin",
          "images": [
            {
              "url": "https://cdn.mappedin.com/5d370a26da8c166f3647e3ce/d90cde6d5905f329bc9453dc58bb7a80919cbf03.svg",
              "altText": "Logo for Vilebrequin"
            }
          ]
        }
      }
    },
    {
      "type": "Feature",
      "geometry": {
        "type": "Polygon",
        "coordinates": [
          [
            [
              2.783564357231886,
              48.85393196392793
            ],
            [
              2.7835420067356713,
              48.853822424719944
            ],
            [
              2.7834401249846894,
              48.85383134457196
            ],
            [
              2.783433056872025,
              48.853796903428496
            ],
            [
              2.7833443146725303,
              48.85380430145882
            ],
            [
              2.78337323182571,
              48.853948164155554
            ],
            [
              2.783564357231886,
              48.85393196392793
            ]
          ]
        ]
      },
      "properties": {
        "id": "s_5d5f71ee797f7a72d200013d",
        "externalId": "unit30",
        "destinationNodes": [
          "n_5d5f8ab6797f7a3e340000e1",
          "n_5d5f8ae4797f7a3e340000ef"
        ],
        "center": [
          2.783449515387085,
          48.85385585037712
        ],
        "details": {
          "description": "Max Mara was founded as a menswear business in post-war Italy by Achille Maramotti, who soon found himself making clothes for women who loved high fashion but couldn’t afford it. His ethos - providing high quality, design-forward clothing at more reasonable prices - has culminated, a half-century later, with Max Mara’s reputation for classic clothes and luxurious materials, with a special talent for knitwear. Celebrity fans include Sandra Bullock, Daisy Fuentes and Joely Richardson.",
          "name": "Max Mara",
          "images": [
            {
              "url": "https://cdn.mappedin.com/5d370a26da8c166f3647e3ce/b6bd1d53da075739de4fabee746159b023573e4e.svg",
              "altText": "Logo for Max Mara"
            }
          ]
        }
      }
    },
    {
      "type": "Feature",
      "geometry": {
        "type": "Polygon",
        "coordinates": [
          [
            [
              2.783336446664516,
              48.85395141538558
            ],
            [
              2.7833031906631045,
              48.85379181547917
            ],
            [
              2.7832003929022546,
              48.853800965910466
            ],
            [
              2.7832340349823945,
              48.85396006196382
            ],
            [
              2.783336446664516,
              48.85395141538558
            ]
          ]
        ]
      },
      "properties": {
        "id": "s_5d5f71ee797f7a72d200013e",
        "externalId": "unit31",
        "destinationNodes": [
          "n_5d5f8ae0797f7a3e340000ee"
        ],
        "center": [
          2.783268516303067,
          48.85387606468476
        ],
        "details": {
          "description": "The new home for the Village boutiques’ pop-up sales, where you’ll find a range of irresistible offers, exclusives and more from some of your favourite brands, each for a limited time only.",
          "name": "Le Salon",
          "images": [
            {
              "url": "https://cdn.mappedin.com/5d370a26da8c166f3647e3ce/3693f539e01be7d696480f5d600e5c2ec3da86ad.svg",
              "altText": "Logo for Le Salon"
            }
          ]
        }
      }
    },
    {
      "type": "Feature",
      "geometry": {
        "type": "Polygon",
        "coordinates": [
          [
            [
              2.7832340349823945,
              48.85396006196382
            ],
            [
              2.783187796266512,
              48.85373653350483
            ],
            [
              2.783075315680438,
              48.853746456618474
            ],
            [
              2.7831210242717708,
              48.85396971202929
            ],
            [
              2.7832340349823945,
              48.85396006196382
            ]
          ]
        ]
      },
      "properties": {
        "id": "s_5d5f71ee797f7a72d200013f",
        "externalId": "unit32",
        "destinationNodes": [
          "n_5d5f8adb797f7a3e340000ea"
        ],
        "center": [
          2.783154542800279,
          48.8538531910291
        ],
        "details": {
          "description": "A classic since right now. Meet the only jeans you’ll ever need! Since invented in 1873, the Levi’s® Jean has been a blank canvas for self-expression. Always original. Today, Levi’s® continues to evolve through a relentless innovative spirit. Visit the Levi’s® store now and find your new favorite pair of Levi’s® at special outlet prices. Express your personal style and show the world how you Live in Levi’s®.",
          "name": "Levi’s®",
          "images": [
            {
              "url": "https://cdn.mappedin.com/5d370a26da8c166f3647e3ce/58795a7d441a60dc1fa504cc6de550101332359f.svg",
              "altText": "Logo for Levi’s®"
            }
          ]
        }
      }
    },
    {
      "type": "Feature",
      "geometry": {
        "type": "Polygon",
        "coordinates": [
          [
            [
              2.7831210242717708,
              48.85396971202929
            ],
            [
              2.783075315680438,
              48.853746456618474
            ],
            [
              2.782946360522866,
              48.85375800978391
            ],
            [
              2.7829917177974517,
              48.853980662513514
            ],
            [
              2.7831210242717708,
              48.85396971202929
            ]
          ]
        ]
      },
      "properties": {
        "id": "s_5d5f71ee797f7a72d2000140",
        "externalId": "unit33",
        "destinationNodes": [
          "n_5d5f8ade797f7a3e340000ec"
        ],
        "center": [
          2.783033604568131,
          48.8538637102363
        ],
        "details": {
          "description": "Polo Ralph Lauren Children is designed to reflect the timeless heritage and modern spirit of Ralph Lauren’s collections for men and women. Signature classics, including iconic polo knit shirts and luxurious cashmere cable sweaters, are interpreted in the most sophisticated and vibrant colours.",
          "name": "Polo Ralph Lauren Children",
          "images": [
            {
              "url": "https://cdn.mappedin.com/5d370a26da8c166f3647e3ce/f1f32e202972a807432fe8ce60d95191b5833a9c.svg",
              "altText": "Logo for Polo Ralph Lauren Children"
            }
          ]
        }
      }
    },
    {
      "type": "Feature",
      "geometry": {
        "type": "Polygon",
        "coordinates": [
          [
            [
              2.7834788874413614,
              48.85351383417506
            ],
            [
              2.783463891859713,
              48.853440290042556
            ],
            [
              2.783141745717996,
              48.85346852391674
            ],
            [
              2.7831568554182615,
              48.85354268967133
            ],
            [
              2.7834788874413614,
              48.85351383417506
            ]
          ]
        ]
      },
      "properties": {
        "id": "s_5d5f71ee797f7a72d2000141",
        "externalId": "unit24",
        "destinationNodes": [
          "n_5d5f890e797f7a3e340000b2"
        ],
        "center": [
          2.7833103451093333,
          48.85349133445142
        ],
        "details": {
          "description": "lululemon is a Canadian performance apparel brand that puts feel at the heart of everything it does.",
          "name": "lululemon",
          "images": [
            {
              "url": "https://cdn.mappedin.com/5d370a26da8c166f3647e3ce/8ba510f6d3c5f70219c7e59411c2ce14db225738.svg",
              "altText": "Logo for lululemon"
            }
          ]
        }
      }
    },
    {
      "type": "Feature",
      "geometry": {
        "type": "Polygon",
        "coordinates": [
          [
            [
              2.783463891859713,
              48.853440290042556
            ],
            [
              2.783446998649651,
              48.85335775184718
            ],
            [
              2.783124853029518,
              48.85338598567431
            ],
            [
              2.783141745717996,
              48.85346852391674
            ],
            [
              2.783463891859713,
              48.853440290042556
            ]
          ]
        ]
      },
      "properties": {
        "id": "s_5d5f71ee797f7a72d2000142",
        "externalId": "unit23",
        "destinationNodes": [
          "n_5d5f890e797f7a3e340000b3"
        ],
        "center": [
          2.7832943723142196,
          48.8534131378702
        ],
        "details": {
          "description": "Whether you're going on holiday, preparing for a business trip or simply shopping for something new, the Samsonite boutique has it all. Suitcases of all sizes, computer bags, roller bags, luggage for children and travel accessories – you will find the perfect item.",
          "name": "Samsonite",
          "images": [
            {
              "url": "https://cdn.mappedin.com/5d370a26da8c166f3647e3ce/bd549fdb93e8c0595fd44bfd673e7280ac0a6d03.svg",
              "altText": "Logo for Samsonite"
            }
          ]
        }
      }
    },
    {
      "type": "Feature",
      "geometry": {
        "type": "Polygon",
        "coordinates": [
          [
            [
              2.783446998649651,
              48.85335775184718
            ],
            [
              2.783439844659344,
              48.85332284451913
            ],
            [
              2.783117641968558,
              48.85335076753616
            ],
            [
              2.783124853029518,
              48.85338598567431
            ],
            [
              2.783446998649651,
              48.85335775184718
            ]
          ]
        ]
      },
      "properties": {
        "id": "s_5d5f71ee797f7a72d2000143",
        "externalId": "unit22b",
        "destinationNodes": [
          "n_5d5f890e797f7a3e340000b4"
        ],
        "center": [
          2.7832823345767674,
          48.853354337394194
        ],
        "details": {
          "description": "With a long history of excellence and total control of every step from creation to production in his workshop in Paris, Yves Salomon is a major actor in the revival of fur. Now that his son is following in his footsteps, the company is sharing its tradition and savoir-faire across the world.\nCollections: Womenswear, Accessories, Menswear, Kidswear",
          "name": "Yves Salomon",
          "images": [
            {
              "url": "https://cdn.mappedin.com/5d370a26da8c166f3647e3ce/e864b213b3a2fc7db630d538f6199896dc08ca9c.svg",
              "altText": "Logo for Yves Salomon"
            }
          ]
        }
      }
    },
    {
      "type": "Feature",
      "geometry": {
        "type": "Polygon",
        "coordinates": [
          [
            [
              2.783439844659344,
              48.85332284451913
            ],
            [
              2.783428809406921,
              48.853269482883256
            ],
            [
              2.783106692990068,
              48.85329787205478
            ],
            [
              2.783117641968558,
              48.85335076753616
            ],
            [
              2.783439844659344,
              48.85332284451913
            ]
          ]
        ]
      },
      "properties": {
        "id": "s_5d5f71ee797f7a72d2000144",
        "externalId": "unit22a",
        "destinationNodes": [
          "n_5d5f890e797f7a3e340000b5"
        ],
        "center": [
          2.783273247256223,
          48.85331024174833
        ],
        "details": {
          "description": "On was born in the Swiss Alps with one goal: to revolutionise the sensation of running by empowering all to run on clouds.",
          "name": "On",
          "images": [
            {
              "url": "https://cdn.mappedin.com/5d370a26da8c166f3647e3ce/cfcb5051545ac304a3b74c4e40d1420a3e8a734a.svg",
              "altText": "Logo for On"
            }
          ]
        }
      }
    },
    {
      "type": "Feature",
      "geometry": {
        "type": "Polygon",
        "coordinates": [
          [
            [
              2.78336961758815,
              48.85327468018357
            ],
            [
              2.7833560398977815,
              48.853206226374716
            ],
            [
              2.7831122164755584,
              48.85322773609479
            ],
            [
              2.7831260300049565,
              48.85329617108376
            ],
            [
              2.78336961758815,
              48.85327468018357
            ]
          ]
        ]
      },
      "properties": {
        "id": "s_5d5f71ee797f7a72d2000145",
        "externalId": "unit21",
        "destinationNodes": [
          "n_5d5f890e797f7a3e340000b6"
        ],
        "center": [
          2.7832409759916117,
          48.85325120343421
        ],
        "details": {
          "description": "Balenciaga offers women’s and men’s ready-to-wear, handbags, shoes, accessories and eyewear.",
          "name": "Balenciaga",
          "images": [
            {
              "url": "https://cdn.mappedin.com/5d370a26da8c166f3647e3ce/f4bf0c7be7b31f868018d1c960c64373a4446945.svg",
              "altText": "Logo for Balenciaga"
            }
          ]
        }
      }
    },
    {
      "type": "Feature",
      "geometry": {
        "type": "Polygon",
        "coordinates": [
          [
            [
              2.7833560398977815,
              48.853206226374716
            ],
            [
              2.7833418963169194,
              48.85313340265457
            ],
            [
              2.7830975366181674,
              48.85315590126068
            ],
            [
              2.7831122164755584,
              48.85322773609479
            ],
            [
              2.7833560398977815,
              48.853206226374716
            ]
          ]
        ]
      },
      "properties": {
        "id": "s_5d5f71ee797f7a72d2000146",
        "externalId": "unit20",
        "destinationNodes": [
          "n_5d5f890e797f7a3e340000b7"
        ],
        "center": [
          2.7832269223271067,
          48.853180816596186
        ],
        "details": {
          "description": "The Original BIRKENSTOCK Footbed is an ergonomic masterpiece, designed to replicate the mindful experience of walking barefoot. Shaped to follow the natural contours of the foot. For stability, arch support, and effortless motion with every step.",
          "name": "BIRKENSTOCK",
          "images": [
            {
              "url": "https://cdn.mappedin.com/5d370a26da8c166f3647e3ce/632005bfe93878bad7441647601e46edc65d5419.svg",
              "altText": "Logo for BIRKENSTOCK"
            }
          ]
        }
      }
    },
    {
      "type": "Feature",
      "geometry": {
        "type": "Polygon",
        "coordinates": [
          [
            [
              2.7833418963169194,
              48.85313340265457
            ],
            [
              2.7833265139983,
              48.8530551589555
            ],
            [
              2.7830813029510826,
              48.85307693709888
            ],
            [
              2.7830975366181674,
              48.85315590126068
            ],
            [
              2.7833418963169194,
              48.85313340265457
            ]
          ]
        ]
      },
      "properties": {
        "id": "s_5d5f71ee797f7a72d2000147",
        "externalId": "unit19",
        "destinationNodes": [
          "n_5d5f890e797f7a3e340000b8",
          "n_5d5f8a35797f7a3e340000da"
        ],
        "center": [
          2.7832118124711176,
          48.853105349992404
        ],
        "details": {
          "description": "French fashion house, Chloé was founded in 1952 by Gaby Aghion, an Egyptian-born Parisienne with a bohemian spirit. Rejecting the stiff formality of 1950s haute couture, she created soft, alluring clothes from the finest fabrics. The brand is both independent and bold, with an acute sense of beauty. Today, is Chloé’s Creative Director, bringing her unique vision to the forefront and embodying an elegant femininity with her designs.",
          "name": "Chloé",
          "images": [
            {
              "url": "https://cdn.mappedin.com/5d370a26da8c166f3647e3ce/9ca9d683cb01d72d357721b28e7a86e3c3a12255.svg",
              "altText": "Logo for Chloé"
            }
          ]
        }
      }
    },
    {
      "type": "Feature",
      "geometry": {
        "type": "Polygon",
        "coordinates": [
          [
            [
              2.783099462865667,
              48.85316505072239
            ],
            [
              2.7830813029510826,
              48.85307693709888
            ],
            [
              2.7829485422237714,
              48.85308863644623
            ],
            [
              2.7829671099453277,
              48.85317766361313
            ],
            [
              2.783099462865667,
              48.85316505072239
            ]
          ]
        ]
      },
      "properties": {
        "id": "s_5d5f71ee797f7a72d2000148",
        "externalId": "unit18",
        "destinationNodes": [
          "n_5d5f890e797f7a3e340000b9"
        ],
        "center": [
          2.7830241044964623,
          48.85312707197016
        ],
        "details": {
          "description": "With a 260-year ceramics heritage, Villeroy & Boch produces sleek, contemporary, home products. Founded in 1748 by François Boch in a small village in the Lorraine region of France, the pottery company crossed the border into Luxembourg before settling in Mettlach, Germany. There the brand merged with that of Nicolas Villeroy and made its name with the innovative design that characterises its collections to this day, from cutlery and tableware to wellness and bathroom accessories.",
          "name": "Villeroy & Boch",
          "images": [
            {
              "url": "https://cdn.mappedin.com/5d370a26da8c166f3647e3ce/9ddf31584eda383bb9ea6b40f9f7e151284cf5cc.svg",
              "altText": "Logo for Villeroy & Boch"
            }
          ]
        }
      }
    },
    {
      "type": "Feature",
      "geometry": {
        "type": "Polygon",
        "coordinates": [
          [
            [
              2.7829898739384924,
              48.85328685444559
            ],
            [
              2.7829485422237714,
              48.85308863644623
            ],
            [
              2.782822186554869,
              48.85309998214355
            ],
            [
              2.7828434402560873,
              48.8532100819158
            ],
            [
              2.782924094534999,
              48.85320301431513
            ],
            [
              2.7829419894069765,
              48.85329099141634
            ],
            [
              2.7829898739384924,
              48.85328685444559
            ]
          ]
        ]
      },
      "properties": {
        "id": "s_5d5f71ee797f7a72d2000149",
        "externalId": "unit17",
        "destinationNodes": [
          "n_5d5f890e797f7a3e340000ba"
        ],
        "center": [
          2.782911687819199,
          48.8531965934471
        ],
        "details": {
          "description": "Today it is one of the world’s leading outdoor brands, creating athlete-tested, expedition-proven items that help people explore and test the limits of human potential.",
          "name": "The North Face",
          "images": [
            {
              "url": "https://cdn.mappedin.com/5d370a26da8c166f3647e3ce/4ab03aba962c516027edaf135bce1d1d8e580703.png",
              "altText": "Logo for The North Face"
            }
          ]
        }
      }
    },
    {
      "type": "Feature",
      "geometry": {
        "type": "Polygon",
        "coordinates": [
          [
            [
              2.7829419894069765,
              48.85329099141634
            ],
            [
              2.782924094534999,
              48.85320301431513
            ],
            [
              2.7828434402560873,
              48.8532100819158
            ],
            [
              2.782822186554869,
              48.85309998214355
            ],
            [
              2.782688008710627,
              48.853111794279066
            ],
            [
              2.7827278651233733,
              48.853309814667384
            ],
            [
              2.7829419894069765,
              48.85329099141634
            ]
          ]
        ]
      },
      "properties": {
        "id": "s_5d5f71ee797f7a72d200014a",
        "externalId": "unit16",
        "destinationNodes": [
          "n_5d5f890e797f7a3e340000bb"
        ],
        "center": [
          2.782824597431155,
          48.853204279789544
        ],
        "details": {
          "description": "Known for its European styling, upscale image and glamorous collections, GUESS is one of the most widely recognizable brands across the globe with a style that dresses and accessorizes the world with fashionable clothing, handbags, watches, footwear and more. The GUESS collections are always fresh and striking with favourite jeans styles and new fits each season for both him and her, constantly affirming the brand’s Denim DNA. The sexy, young and adventurous image envisaged by founders Maurice and Paul Marciano when they founded the company in 1981 has been depicted for almost 30 years in the award-winning and inspirational advertising campaigns that have made GUESS a household name.",
          "name": "Guess",
          "images": [
            {
              "url": "https://cdn.mappedin.com/5d370a26da8c166f3647e3ce/e0e360aeff8826e4680c8706145eecf2b9ff2629.svg",
              "altText": "Logo for Guess"
            }
          ]
        }
      }
    },
    {
      "type": "Feature",
      "geometry": {
        "type": "Polygon",
        "coordinates": [
          [
            [
              2.783949316568209,
              48.85346319928013
            ],
            [
              2.7839333896064606,
              48.85338720659086
            ],
            [
              2.783608109616665,
              48.85341663803574
            ],
            [
              2.7836238928576726,
              48.85349185379504
            ],
            [
              2.783949316568209,
              48.85346319928013
            ]
          ]
        ]
      },
      "properties": {
        "id": "s_5d5f71ee797f7a72d200014b",
        "externalId": "unit64",
        "destinationNodes": [
          "n_5d5f8a72797f7a3e340000de"
        ],
        "center": [
          2.783778677162252,
          48.85343972442544
        ],
        "details": {
          "description": "Loro Piana is committed to quality, high-performance textile innovation and imbuing each of its designs with timeless Italian elegance.\n\nFounded in 1924, Loro Piana is one of the world’s leading manufacturers of fine fabrics, later adding luxurious clothing and quality accessories to its offering.",
          "name": "Loro Piana",
          "images": [
            {
              "url": "https://cdn.mappedin.com/5d370a26da8c166f3647e3ce/48d34fdf7db27be8e05439f89f159733402ed2ef.svg",
              "altText": "Logo for Loro Piana"
            }
          ]
        }
      }
    },
    {
      "type": "Feature",
      "geometry": {
        "type": "Polygon",
        "coordinates": [
          [
            [
              2.7839647565562764,
              48.853536550254354
            ],
            [
              2.783949316568209,
              48.85346319928013
            ],
            [
              2.7836238928576726,
              48.85349185379504
            ],
            [
              2.783639475614584,
              48.853565981787504
            ],
            [
              2.7839647565562764,
              48.853536550254354
            ]
          ]
        ]
      },
      "properties": {
        "id": "s_5d5f71ee797f7a72d200014c",
        "externalId": "unit63",
        "destinationNodes": [
          "n_5d5f8a41797f7a3e340000dd"
        ],
        "center": [
          2.7837943603991855,
          48.85351439627926
        ],
        "details": {
          "description": "DON’T NEED TO REMOVE YOUR JOGGJEANS, IT SAYS THAT YOU CAN EVEN SLEEP WITH IT...\nUsually you take jeans off when you get home. JoggJeans give you extra comfort, don’t take them off just sleep in them.\nThe essence of Diesel’s revolutionary denim, soft and comfortable as a pair of sweatpants with the high quality and durability of denim provides dream-like comfort in any circumstances. JoggJeans are so comfortable that they really become “The jeans of your dreams”.\nDiesel is not just about a pair of jeans. It’s a statement on individuality and self-expression, a battle cry for innovation, artistry and technical expertise driven by the belief that passion is the greatest muse. Renzo Rosso founded Diesel in 1978, creating a lifestyle brand rooted in denim but forged by an unwavering visions for the future.",
          "name": "Diesel",
          "images": [
            {
              "url": "https://cdn.mappedin.com/5d370a26da8c166f3647e3ce/eebe8ad8d788571d5d033f2d7b45d57b83417126.svg",
              "altText": "Logo for Diesel"
            }
          ]
        }
      }
    },
    {
      "type": "Feature",
      "geometry": {
        "type": "Polygon",
        "coordinates": [
          [
            [
              2.783980017718744,
              48.85361023086652
            ],
            [
              2.7839732071015146,
              48.85357718830991
            ],
            [
              2.78390861176796,
              48.85358297483633
            ],
            [
              2.7838995387162835,
              48.85354285951099
            ],
            [
              2.783639475614584,
              48.853565981787504
            ],
            [
              2.7836545357751405,
              48.85363857467797
            ],
            [
              2.783980017718744,
              48.85361023086652
            ]
          ]
        ]
      },
      "properties": {
        "id": "s_5d5f71ee797f7a72d200014d",
        "externalId": "unit62",
        "destinationNodes": [
          "n_5d5f890e797f7a3e340000bc"
        ],
        "center": [
          2.783842564449038,
          48.85358630166487
        ],
        "details": {
          "description": "Since 1952, Fusalp conveys the idea of a dynamic silhouette, French elegance and the pledge of a sporty yet slender line, inspired by alpine skiing. \n\nIt is the idea that you can combine performance and comfort without sacrifying on style and cut.",
          "name": "Fusalp",
          "images": [
            {
              "url": "https://cdn.mappedin.com/5d370a26da8c166f3647e3ce/333680e0f018c9865c05166c7532600f56447184.svg",
              "altText": "Logo for Fusalp"
            }
          ]
        }
      }
    },
    {
      "type": "Feature",
      "geometry": {
        "type": "Polygon",
        "coordinates": [
          [
            [
              2.7839939757826273,
              48.853679442726126
            ],
            [
              2.783980017718744,
              48.85361023086652
            ],
            [
              2.7836545357751405,
              48.85363857467797
            ],
            [
              2.783669517024806,
              48.85370943937242
            ],
            [
              2.7839939757826273,
              48.853679442726126
            ]
          ]
        ]
      },
      "properties": {
        "id": "s_5d5f71ee797f7a72d200014e",
        "externalId": "unit61",
        "destinationNodes": [
          "n_5d5f890e797f7a3e340000bd"
        ],
        "center": [
          2.7838245115753297,
          48.85365942191076
        ],
        "details": {
          "description": "Furla is a premium accessories brand whose style codes are defined by an upbeat and inspiring Italian lifestyle. A fusion of contemporary design, top quality craftsmanship and an upbeat edge that make the difference.\nMade with the finest Italian leather, Furla’s pieces are unique and innovative offering contemporary designs injected with a playful, colourful and joyful edge. Since 1927, Furla engages and inspires women across the board.\n\nIt’s Love at first sight – Meet FURLA BELLA\nThese unique staples allow you to express yourself with fun designs that don’t go unnoticed. Both designs feature stitching on tone that outlines the playful message and a pretty closure that makes for a luxe detail. Versatile and functional, they can be both used as a shoulder bag and a crossbody.",
          "name": "Furla",
          "images": [
            {
              "url": "https://cdn.mappedin.com/5d370a26da8c166f3647e3ce/36f99bdf2b75dcc419459f1250cae9b7ff6dedfb.svg",
              "altText": "Logo for Furla"
            }
          ]
        }
      }
    },
    {
      "type": "Feature",
      "geometry": {
        "type": "Polygon",
        "coordinates": [
          [
            [
              2.7839989745884073,
              48.85370395741427
            ],
            [
              2.7839939757826273,
              48.853679442726126
            ],
            [
              2.783669517024806,
              48.85370943937242
            ],
            [
              2.783682507655848,
              48.853772105832284
            ],
            [
              2.783893327199432,
              48.85375354471447
            ],
            [
              2.783885256098558,
              48.85371366477748
            ],
            [
              2.7839989745884073,
              48.85370395741427
            ]
          ]
        ]
      },
      "properties": {
        "id": "s_5d5f71ee797f7a72d200014f",
        "externalId": "unit60",
        "destinationNodes": [
          "n_5d5f890e797f7a3e340000be"
        ],
        "center": [
          2.783853926391613,
          48.85372202580618
        ],
        "details": {
          "description": "ZIMMERMANN, Founded in Sydney in 1991 by Sisters Nicky and Simone Zimmermann. ZIMMERMANN believes in a relaxed femininity, in nonchalant sophistication and a graceful joie de vivre. The collections are fresh, design-driven, sophisticated and feminine, optimistic with a casual sexiness. ZIMMERMANN remains proud of the Australian heritage and celebrates its new cultural dexterity but are not defined by it. The narrative is global, though the roots will always remain firmly embedded in Australia.",
          "name": "ZIMMERMANN",
          "images": [
            {
              "url": "https://cdn.mappedin.com/5d370a26da8c166f3647e3ce/f763b2bea0daccc262fec89cc2afe485ebec4ab0.svg",
              "altText": "Logo for ZIMMERMANN"
            }
          ]
        }
      }
    },
    {
      "type": "Feature",
      "geometry": {
        "type": "Polygon",
        "coordinates": [
          [
            [
              2.784023761170715,
              48.853826705096886
            ],
            [
              2.7839989745884073,
              48.85370395741427
            ],
            [
              2.783885256098558,
              48.85371366477748
            ],
            [
              2.783893327199432,
              48.85375354471447
            ],
            [
              2.783682507655848,
              48.853772105832284
            ],
            [
              2.7837000456183687,
              48.853855538663495
            ],
            [
              2.784023761170715,
              48.853826705096886
            ]
          ]
        ]
      },
      "properties": {
        "id": "s_5d5f71ee797f7a72d2000150",
        "externalId": "unit59",
        "destinationNodes": [
          "n_5d5f890e797f7a3e340000bf"
        ],
        "center": [
          2.7838639787218877,
          48.85377091941648
        ],
        "details": {
          "name": "Saint Laurent",
          "images": [
            {
              "url": "https://cdn.mappedin.com/5d370a26da8c166f3647e3ce/3bab2963ef82c298bc9349a8889eb0e2406eb84b.jpeg",
              "altText": "Logo for Saint Laurent"
            }
          ]
        }
      }
    },
    {
      "type": "Feature",
      "geometry": {
        "type": "Polygon",
        "coordinates": [
          [
            [
              2.784068573855422,
              48.85411137010033
            ],
            [
              2.784055660885939,
              48.85404522844595
            ],
            [
              2.7838034175038784,
              48.85406788442243
            ],
            [
              2.7838250308104238,
              48.85417212130307
            ],
            [
              2.784068573855422,
              48.85411137010033
            ]
          ]
        ]
      },
      "properties": {
        "id": "s_5d5f71ee797f7a72d2000151",
        "externalId": "unit57",
        "destinationNodes": [
          "n_5d5f8afd797f7a3e340000f1"
        ],
        "center": [
          2.783938170763916,
          48.85409915106794
        ],
        "details": {
          "description": "",
          "name": "",
          "images": []
        }
      }
    },
    {
      "type": "Feature",
      "geometry": {
        "type": "Polygon",
        "coordinates": [
          [
            [
              2.784117133889032,
              48.85417198591531
            ],
            [
              2.784068573855422,
              48.85411137010033
            ],
            [
              2.7838250308104238,
              48.85417212130307
            ],
            [
              2.7838896670549236,
              48.85424974512529
            ],
            [
              2.784117133889032,
              48.85417198591531
            ]
          ]
        ]
      },
      "properties": {
        "id": "s_5d5f71ee797f7a72d2000152",
        "externalId": "unit56",
        "destinationNodes": [
          "n_5d5f8b0d797f7a3e340000f4"
        ],
        "center": [
          2.7839751014024503,
          48.854176305611
        ],
        "details": {
          "description": "Discover the French luxury brand Jacquemus and its unique ready-to-wear collections and accessories at La Vallée Village.",
          "name": "Jacquemus",
          "images": [
            {
              "url": "https://cdn.mappedin.com/5d370a26da8c166f3647e3ce/d332a75ea9f57274191b73300007e0f21b52c852.svg",
              "altText": "Logo for Jacquemus"
            }
          ]
        }
      }
    },
    {
      "type": "Feature",
      "geometry": {
        "type": "Polygon",
        "coordinates": [
          [
            [
              2.784212449802726,
              48.8541872418221
            ],
            [
              2.784181999507314,
              48.854149463512236
            ],
            [
              2.7838896670549236,
              48.85424974512529
            ],
            [
              2.7839506386320996,
              48.854323088662284
            ],
            [
              2.784165073717288,
              48.854248734741304
            ],
            [
              2.7841376727080465,
              48.854214497389215
            ],
            [
              2.784212449802726,
              48.8541872418221
            ]
          ]
        ]
      },
      "properties": {
        "id": "s_5d5f71ee797f7a72d2000153",
        "externalId": "unit55",
        "destinationNodes": [
          "n_5d5f890e797f7a3e340000c0"
        ],
        "center": [
          2.7840895835703994,
          48.85422879520874
        ],
        "details": {
          "description": "The house of KARL LAGERFELD shares the iconic vision and design aesthetic of its founder, KARL LAGERFELD, fused with a contemporary, forward-looking spirit.\nThe brand celebrates his colossal legacy and breathes his passion, intuition and inexhaustible creativity into the core of its DNA.\nThe signature KARL LAGERFELD aesthetic combines Parisian classics with a rock-chic attitude and tailored silhouettes. Its portfolio of accessible, aspirational collections includes ready-to-wear for women, plus bags, small leather goods and footwear.",
          "name": "KARL LAGERFELD",
          "images": [
            {
              "url": "https://cdn.mappedin.com/5d370a26da8c166f3647e3ce/61411ed7848345e0229037607a32a975bb6c9b88.svg",
              "altText": "Logo for KARL LAGERFELD"
            }
          ]
        }
      }
    },
    {
      "type": "Feature",
      "geometry": {
        "type": "Polygon",
        "coordinates": [
          [
            [
              2.784290436838869,
              48.854283983075646
            ],
            [
              2.784212449802726,
              48.8541872418221
            ],
            [
              2.7841376727080465,
              48.854214497389215
            ],
            [
              2.784165073717288,
              48.854248734741304
            ],
            [
              2.7839506386320996,
              48.854323088662284
            ],
            [
              2.7840017036869154,
              48.85438429299819
            ],
            [
              2.784290436838869,
              48.854283983075646
            ]
          ]
        ]
      },
      "properties": {
        "id": "s_5d5f71ee797f7a72d2000154",
        "externalId": "unit54",
        "destinationNodes": [
          "n_5d5f890e797f7a3e340000c1"
        ],
        "center": [
          2.784126329230991,
          48.85427363978146
        ],
        "details": {
          "description": "Today Timberland outfits consumers from toe-to-head, with versatile collections rooted into the brand’s rich heritage of utility, craftsmanship and style. Timberland’s dedication to making quality products is matched by an unwavering commitment to innovate and operate in a responsible manner – in terms of our products, the outdoors, and the communities around the globe where we live, work and explore.",
          "name": "Timberland",
          "images": [
            {
              "url": "https://cdn.mappedin.com/5d370a26da8c166f3647e3ce/95083b2bed181fa22ff7880e1177d2b2dfade199.svg",
              "altText": "Logo for Timberland"
            }
          ]
        }
      }
    },
    {
      "type": "Feature",
      "geometry": {
        "type": "Polygon",
        "coordinates": [
          [
            [
              2.784400986356415,
              48.854420856895786
            ],
            [
              2.784290436838869,
              48.854283983075646
            ],
            [
              2.7840017036869154,
              48.85438429299819
            ],
            [
              2.7840629404130173,
              48.85445777302052
            ],
            [
              2.78423383594906,
              48.85439682812003
            ],
            [
              2.784261559244751,
              48.85443151278291
            ],
            [
              2.7843007335413117,
              48.85441782128096
            ],
            [
              2.7843253286007754,
              48.85444723676901
            ],
            [
              2.784400986356415,
              48.854420856895786
            ]
          ]
        ]
      },
      "properties": {
        "id": "s_5d5f71ee797f7a72d2000155",
        "externalId": "unit53",
        "destinationNodes": [
          "n_5d5f8b18797f7a3e340000f7"
        ],
        "center": [
          2.7842346905788893,
          48.85440503811788
        ],
        "details": {
          "description": "This young label from France gives women and men effortless chic with fashion that manages to be ultra-hip, romantic and voluptuous all at once. Founded by Evelyne Chétrite in 2005, it opened its first boutique on rue Vieille du Temple, Paris, the brand now has outlets all over France, providing wearable, casual fashion and accessories with a bohemian air.\nCollections: Womenswear, Menswear and Accessories",
          "name": "Sandro",
          "images": [
            {
              "url": "https://cdn.mappedin.com/5d370a26da8c166f3647e3ce/930e11ca21cca44cbe8e8577f9bb98981ac3002b.svg",
              "altText": "Logo for Sandro"
            }
          ]
        }
      }
    },
    {
      "type": "Feature",
      "geometry": {
        "type": "Polygon",
        "coordinates": [
          [
            [
              2.7843253286007754,
              48.85444723676901
            ],
            [
              2.7843007335413117,
              48.85441782128096
            ],
            [
              2.784261559244751,
              48.85443151278291
            ],
            [
              2.78423383594906,
              48.85439682812003
            ],
            [
              2.7840629404130173,
              48.85445777302052
            ],
            [
              2.7841152655736714,
              48.85452061124792
            ],
            [
              2.7843253286007754,
              48.85444723676901
            ]
          ]
        ]
      },
      "properties": {
        "id": "s_5d5f71ee797f7a72d2000156",
        "externalId": "unit52",
        "destinationNodes": [
          "n_5d5f8b20797f7a3e340000fa"
        ],
        "center": [
          2.7842166105537642,
          48.85444529720356
        ],
        "details": {
          "description": "Discover the world-renowned macarons and other desserts at Ladurée in La Vallée Village",
          "name": "Ladurée",
          "images": [
            {
              "url": "https://cdn.mappedin.com/5d370a26da8c166f3647e3ce/020baff646b73e3b8eba9408439104a81e09cb96.svg",
              "altText": "Logo for Ladurée"
            }
          ]
        }
      }
    },
    {
      "type": "Feature",
      "geometry": {
        "type": "Polygon",
        "coordinates": [
          [
            [
              2.784417085463234,
              48.85458876424636
            ],
            [
              2.7844062796579547,
              48.85449895983084
            ],
            [
              2.784129220650282,
              48.85451571303832
            ],
            [
              2.784139775092888,
              48.85460285691703
            ],
            [
              2.784417085463234,
              48.85458876424636
            ]
          ]
        ]
      },
      "properties": {
        "id": "s_5d5f71ee797f7a72d2000157",
        "externalId": "unit51",
        "destinationNodes": [
          "n_5d5f890e797f7a3e340000c2"
        ],
        "center": [
          2.7842730902160895,
          48.85455157350814
        ],
        "details": {
          "description": "K-Way embodies practical elegance, offering collections for men, women and children that combine style and functionality.  \n\nKnown for revolutionising rainwear since 1965, the brand is a key player in outdoor fashion, combining premium quality with innovation.",
          "name": "K-Way",
          "images": [
            {
              "url": "https://cdn.mappedin.com/5d370a26da8c166f3647e3ce/42cc8f53bf5e55babec0657faa976bf522bc4950.png",
              "altText": "Logo for K-Way"
            }
          ]
        }
      }
    },
    {
      "type": "Feature",
      "geometry": {
        "type": "Polygon",
        "coordinates": [
          [
            [
              2.7844273252674867,
              48.85467419875646
            ],
            [
              2.784417085463234,
              48.85458876424636
            ],
            [
              2.784139775092888,
              48.85460285691703
            ],
            [
              2.784150014426769,
              48.8546882914517
            ],
            [
              2.7844273252674867,
              48.85467419875646
            ]
          ]
        ]
      },
      "properties": {
        "id": "s_5d5f71ee797f7a72d2000158",
        "externalId": "unit50",
        "destinationNodes": [
          "n_5d5f890e797f7a3e340000c3"
        ],
        "center": [
          2.7842835500625944,
          48.854638527842894
        ],
        "details": {
          "description": "NARS, Shiseido, Narciso Rodriguez and many other leading cosmetics brands await you at the Beauté Prestige International boutique in La Vallée Village.",
          "name": "Beauté Prestige International",
          "images": [
            {
              "url": "https://cdn.mappedin.com/5d370a26da8c166f3647e3ce/355d1cf87cd58eb90e5705aeab3839bf6559d6a1.png",
              "altText": "Logo for Beauté Prestige International"
            }
          ]
        }
      }
    },
    {
      "type": "Feature",
      "geometry": {
        "type": "Polygon",
        "coordinates": [
          [
            [
              2.784407214970101,
              48.85485589190454
            ],
            [
              2.7841716339733287,
              48.85486730031954
            ],
            [
              2.7841352990534665,
              48.85493213788875
            ],
            [
              2.784337538079944,
              48.854982695017796
            ],
            [
              2.784407214970101,
              48.85485589190454
            ]
          ]
        ]
      },
      "properties": {
        "id": "s_5d5f71ee797f7a72d2000159",
        "externalId": "unit47-48",
        "destinationNodes": [
          "n_5d5f890e797f7a3e340000c4"
        ],
        "center": [
          2.78426292151921,
          48.85490950628265
        ],
        "details": {
          "description": "Hugo Boss offers sophisticated collections that are focused on quality and design, creating an impeccable look whether it’s for work or leisure.\nCollections: Menswaer, Womenswear, Accessories",
          "name": "BOSS",
          "images": [
            {
              "url": "https://cdn.mappedin.com/5d370a26da8c166f3647e3ce/c92b5e1b9f9cb0eed74d0c674dd6f17216b27178.png",
              "altText": "Logo for BOSS"
            }
          ]
        }
      }
    },
    {
      "type": "Feature",
      "geometry": {
        "type": "Polygon",
        "coordinates": [
          [
            [
              2.7836454532528805,
              48.854117074308
            ],
            [
              2.783629045141751,
              48.85402677099004
            ],
            [
              2.7835063227422396,
              48.85403703886761
            ],
            [
              2.783524090362845,
              48.854126918317114
            ],
            [
              2.7836454532528805,
              48.854117074308
            ]
          ]
        ]
      },
      "properties": {
        "id": "s_5d5f71ee797f7a72d200015a",
        "externalId": "unit38a",
        "destinationNodes": [
          "n_5d5f890e797f7a3e340000c5",
          "n_5d5f8ad4797f7a3e340000e5"
        ],
        "center": [
          2.7835762278749288,
          48.854076950620694
        ],
        "details": {
          "description": "Axel Arigato was launched with one main objective: to embrace the now and always look for the tomorrow. Known for its breakdown and shattering of the traditional seasonal calendar, through its unique system of weekly drops; Axel Arigato serves a type of interest that's percussive, following a cultural cadence rather than an industry one. Founded in 2014, as a direct-to-consumer brand, Axel Arigato has physical stores in six countries across Europe and UAE and is present online in 134 territories worldwide. Harnessing the energy of the next generation through a multi directional lens, Axel Arigato exists to be a positive platform for all.",
          "name": "Axel Arigato",
          "images": [
            {
              "url": "https://cdn.mappedin.com/5d370a26da8c166f3647e3ce/0ae55ca8d9f9e67954c4678d3378542c0c2733df.png",
              "altText": "Logo for Axel Arigato"
            }
          ]
        }
      }
    },
    {
      "type": "Feature",
      "geometry": {
        "type": "Polygon",
        "coordinates": [
          [
            [
              2.783656332401523,
              48.8541773863985
            ],
            [
              2.7836454532528805,
              48.854117074308
            ],
            [
              2.783524090362845,
              48.854126918317114
            ],
            [
              2.7835358567551567,
              48.854186844231705
            ],
            [
              2.783656332401523,
              48.8541773863985
            ]
          ]
        ]
      },
      "properties": {
        "id": "s_5d5f71ee797f7a72d200015b",
        "externalId": "unit38b",
        "destinationNodes": [
          "n_5d5f890e797f7a3e340000c6"
        ],
        "center": [
          2.783590433193101,
          48.85415205581383
        ],
        "details": {
          "description": "At L'Occitane, treat yourself with the best of Provence beauty, where every ingredient is synonymous with authenticity, respect and a sensorial experience.",
          "name": "L'Occitane en Provence",
          "images": [
            {
              "url": "https://cdn.mappedin.com/5d370a26da8c166f3647e3ce/b0e10fdd72a890c46c0a9a3e517c57a153a7e251.svg",
              "altText": "Logo for L'Occitane en Provence"
            }
          ]
        }
      }
    },
    {
      "type": "Feature",
      "geometry": {
        "type": "Polygon",
        "coordinates": [
          [
            [
              2.7835358567551567,
              48.854186844231705
            ],
            [
              2.7835063227422396,
              48.85403703886761
            ],
            [
              2.7833680130700267,
              48.854048550650056
            ],
            [
              2.7833935101214027,
              48.85419725907928
            ],
            [
              2.7835358567551567,
              48.854186844231705
            ]
          ]
        ]
      },
      "properties": {
        "id": "s_5d5f71ee797f7a72d200015c",
        "externalId": "unit37",
        "destinationNodes": [
          "n_5d5f8ad6797f7a3e340000e7"
        ],
        "center": [
          2.7834509256722066,
          48.854117423207164
        ],
        "details": {
          "description": "Wild & The Moon is a movement created by à tribe of life enthusiasts, nature lovers, and food enthusiasts, including chefs, nutritionists, and naturopaths.\n\nThey seek to share their way of life and believe that real food is the one that is good for oneself, good for the planet, and delicious.\n\nThe ambition of our Wild Tribe is to bring local, seasonal ingredients to our urban communities, sourced from responsible trade whenever possible, promoting biodiversity.\n\nWe aim to revive traditional food preparation techniques to protect their vitality, enhance their nutritional powers, and offer the benefits of raw foods and the unaltered taste of bioactive elements.\n\nWe embrace the benefits of Mother Nature, sourced entirely from the plant kingdom, free from hormones and cruelty. We tap into the healing power of nature and offer it to city dwellers, nourishing their souls and reigniting smiles through the powerful alchemy of plants.",
          "name": "Wild & The Moon",
          "images": [
            {
              "url": "https://cdn.mappedin.com/5d370a26da8c166f3647e3ce/81873ec0d05d57f73dd5db15c32124f598ff98f3.svg",
              "altText": "Logo for Wild & The Moon"
            }
          ]
        }
      }
    },
    {
      "type": "Feature",
      "geometry": {
        "type": "Polygon",
        "coordinates": [
          [
            [
              2.7837334589058984,
              48.85426946617921
            ],
            [
              2.783661572861502,
              48.854190213379056
            ],
            [
              2.783454323684725,
              48.85427234992126
            ],
            [
              2.7833788661834835,
              48.85429981694022
            ],
            [
              2.783450487118919,
              48.8543789333703
            ],
            [
              2.7837334589058984,
              48.85426946617921
            ]
          ]
        ]
      },
      "properties": {
        "id": "s_5d5f71ee797f7a72d200015d",
        "externalId": "unit39",
        "destinationNodes": [
          "n_5d5f890e797f7a3e340000c7"
        ],
        "center": [
          2.7835357417509057,
          48.85428215595802
        ],
        "details": {
          "description": "Founded in 1978, Versace is one of the leading global fashion design houses. Under the artistic direction of Donatella Versace since 1997, Versace designs, manufactures, distributes and retails fashion and lifestyle products including haute couture, women's and men's ready-to-wear, jewellery, watches, accessories, fragrances and furniture.",
          "name": "Versace",
          "images": [
            {
              "url": "https://cdn.mappedin.com/5d370a26da8c166f3647e3ce/ec50720e27471e85b7f61b3cd3f3799360b42e86.svg",
              "altText": "Logo for Versace"
            }
          ]
        }
      }
    },
    {
      "type": "Feature",
      "geometry": {
        "type": "Polygon",
        "coordinates": [
          [
            [
              2.78399435830629,
              48.85457062809904
            ],
            [
              2.7839157697721917,
              48.85447062335323
            ],
            [
              2.783693390849504,
              48.85455649074902
            ],
            [
              2.7837405401087247,
              48.85461075437926
            ],
            [
              2.78399435830629,
              48.85457062809904
            ]
          ]
        ]
      },
      "properties": {
        "id": "s_5d5f71ee797f7a72d2000160",
        "externalId": "unit43",
        "destinationNodes": [
          "n_5d5f8b24797f7a3e340000fb"
        ],
        "center": [
          2.783836014759178,
          48.85455212414514
        ],
        "details": {
          "description": "",
          "name": "Apostrophe/Georges Rech",
          "images": [
            {
              "url": "https://cdn.mappedin.com/5d370a26da8c166f3647e3ce/1ecf4c62a45915412876712753a6605e18f8294a.svg",
              "altText": "Logo for Apostrophe/Georges Rech"
            }
          ]
        }
      }
    },
    {
      "type": "Feature",
      "geometry": {
        "type": "Polygon",
        "coordinates": [
          [
            [
              2.7840071350644453,
              48.85463473077675
            ],
            [
              2.78399435830629,
              48.85457062809904
            ],
            [
              2.7837405401087247,
              48.85461075437926
            ],
            [
              2.783750286814197,
              48.854657123213705
            ],
            [
              2.7840071350644453,
              48.85463473077675
            ]
          ]
        ]
      },
      "properties": {
        "id": "s_5d5f71ee797f7a72d2000161",
        "externalId": "unit44a",
        "destinationNodes": [
          "n_5d5f890e797f7a3e340000ca"
        ],
        "center": [
          2.7838730800734144,
          48.85461830911719
        ],
        "details": {
          "description": "Rich in the savoir-faire of a couture house, thanks to its artisan studio in Paris, Bonpoint cultivates the precision of beauty, the passion for quality and a meticulous attention to detail and finish. With more than 100 addresses in 27 countries (Paris, Moscow, Saint Petersburg, New York, Sao Paulo, Tokyo, Shanghai, Dubai...). Bonpoint is the French Fashion House for children, unique in its just-so style, poetic universe tinged with humor and magic, subtle delicacy, inspired shop windows and the warm atmosphere of its boutiques and “Maisons” in the heart of Saint-Germain-des-Prés in Paris and on Madison Avenue in New York.",
          "name": "Bonpoint",
          "images": [
            {
              "url": "https://cdn.mappedin.com/5d370a26da8c166f3647e3ce/77ef337b9858149c62b0e987224d0706faab2c17.svg",
              "altText": "Logo for Bonpoint"
            }
          ]
        }
      }
    },
    {
      "type": "Feature",
      "geometry": {
        "type": "Polygon",
        "coordinates": [
          [
            [
              2.784014977217689,
              48.85467336754635
            ],
            [
              2.7840071350644453,
              48.85463473077675
            ],
            [
              2.783750286814197,
              48.854657123213705
            ],
            [
              2.783757928234086,
              48.854694672236235
            ],
            [
              2.784014977217689,
              48.85467336754635
            ]
          ]
        ]
      },
      "properties": {
        "id": "s_5d5f71ee797f7a72d2000162",
        "externalId": "unit44b",
        "destinationNodes": [
          "n_5d5f8b41797f7a3e340000fd"
        ],
        "center": [
          2.7838825818326045,
          48.85466497344326
        ],
        "details": {
          "description": "Discover the Swedish luxury brand BYREDO and its range of perfumes and make-up products at La Vallée Village.",
          "name": "BYREDO",
          "images": [
            {
              "url": "https://cdn.mappedin.com/5d370a26da8c166f3647e3ce/a472bd5e67676cb32ab743a4b0c3c1c7ce9ae90c.jpeg",
              "altText": "Logo for BYREDO"
            }
          ]
        }
      }
    },
    {
      "type": "Feature",
      "geometry": {
        "type": "Polygon",
        "coordinates": [
          [
            [
              2.7840294513128927,
              48.85474537650916
            ],
            [
              2.784014977217689,
              48.85467336754635
            ],
            [
              2.783757928234086,
              48.854694672236235
            ],
            [
              2.783772724084373,
              48.854767128566166
            ],
            [
              2.7840294513128927,
              48.85474537650916
            ]
          ]
        ]
      },
      "properties": {
        "id": "s_5d5f71ee797f7a72d2000163",
        "externalId": "unit45",
        "destinationNodes": [
          "n_5d5f890e797f7a3e340000cb"
        ],
        "center": [
          2.78389377021226,
          48.85472013621448
        ],
        "details": {
          "description": "Claudie Pierlot has always expressed its vision of Parisian chic with stylistic risks and a sophisticated taste for beautiful materials and details. The schoolgirl collar, the striped shirt and the bow tie are all signatures of the brand's aesthetic and create instantly recognisable collections.\nThe brand's timeless classics are updated in step with trends for a feminine feel and an impertinent touch. All over the world, Claudie Pierlot represents the lightness and style of Paris that is subtle, strong, on-trend and always chic.",
          "name": "Claudie Pierlot",
          "images": [
            {
              "url": "https://cdn.mappedin.com/5d370a26da8c166f3647e3ce/a8f9226192324aae0e174a29f4f3dfe156eaf0e1.png",
              "altText": "Logo for Claudie Pierlot"
            }
          ]
        }
      }
    },
    {
      "type": "Feature",
      "geometry": {
        "type": "Polygon",
        "coordinates": [
          [
            [
              2.7840464249210966,
              48.85482964281316
            ],
            [
              2.7840376086429397,
              48.85478572262063
            ],
            [
              2.7838508171980685,
              48.85480205051556
            ],
            [
              2.7838428102430974,
              48.85476121935622
            ],
            [
              2.783772724084373,
              48.854767128566166
            ],
            [
              2.7837770066782217,
              48.85478775839086
            ],
            [
              2.783971501637951,
              48.85489380732961
            ],
            [
              2.7840464249210966,
              48.85482964281316
            ]
          ]
        ]
      },
      "properties": {
        "id": "s_5d5f71ee797f7a72d2000165",
        "externalId": "unit46b",
        "destinationNodes": [
          "n_5d5f890e797f7a3e340000cd"
        ],
        "center": [
          2.783899841915107,
          48.85480390422746
        ],
        "details": {
          "description": "Sunglass Hut’s mission is to be the premier shopping and inspiration destination for top eyewear brands, offering the latest trends and exclusive styles. Discover collections from famous brands such as: Ray-Ban, Persol, Burberry, Bulgari, Dolce & Gabbana, Emporio Armani, Oakley and Vogue. Find the perfect pair at Sunglass Hut in La Vallée Village!",
          "name": "Sunglass Hut",
          "images": [
            {
              "url": "https://cdn.mappedin.com/5d370a26da8c166f3647e3ce/83c639baeaa2a8fa6d1b9cdad9f62402de2d9bb9.svg",
              "altText": "Logo for Sunglass Hut"
            }
          ]
        }
      }
    },
    {
      "type": "Feature",
      "geometry": {
        "type": "Polygon",
        "coordinates": [
          [
            [
              2.7851040896666013,
              48.85225022044602
            ],
            [
              2.7850771167881527,
              48.85211692501491
            ],
            [
              2.7846664701930255,
              48.85215380558568
            ],
            [
              2.7847005193313903,
              48.85233068703311
            ],
            [
              2.7849890937320585,
              48.85230497045494
            ],
            [
              2.784979976654395,
              48.85226202040662
            ],
            [
              2.7851040896666013,
              48.85225022044602
            ]
          ]
        ]
      },
      "properties": {
        "id": "s_5d5f71ee797f7a72d2000167",
        "externalId": "unit122-123-124",
        "destinationNodes": [
          "n_5d5f890e797f7a3e340000cf"
        ],
        "center": [
          2.7849195443942705,
          48.852236438156886
        ],
        "details": {
          "description": "Burberry is a luxury British fashion brand. Established in 1856, its founder Thomas Burberry invented gabardine, the lightweight weatherproof fabric that revolutionised rainwear. Gabardine remains at the heart of the brand and is still used to make the iconic Heritage Trench Coat. Today the Burberry name is globally synonymous with design innovation, craftsmanship and a uniquely British sensibility.",
          "name": "Burberry",
          "images": [
            {
              "url": "https://cdn.mappedin.com/5d370a26da8c166f3647e3ce/3535e1f4d5f11db22fc3f7c8d83e750e7bad95d3.png",
              "altText": "Logo for Burberry"
            }
          ]
        }
      }
    },
    {
      "type": "Feature",
      "geometry": {
        "type": "Polygon",
        "coordinates": [
          [
            [
              2.7838305621102406,
              48.85233547909682
            ],
            [
              2.7837850593613447,
              48.85211204972173
            ],
            [
              2.783466256847391,
              48.852140175996745
            ],
            [
              2.7835119657148732,
              48.85236343125303
            ],
            [
              2.7838305621102406,
              48.85233547909682
            ]
          ]
        ]
      },
      "properties": {
        "id": "s_5d5f71ee797f7a72d2000168",
        "externalId": "unit01a-01b-02",
        "destinationNodes": [
          "n_5d5f8bb8797f7a3e34000108"
        ],
        "center": [
          2.783648461008462,
          48.85223778401708
        ],
        "details": {
          "description": "Founded in Florence in 1921, Gucci is one of the world’s leading luxury fashion brands, with a renowned reputation for creativity, innovation and Italian craftsmanship.Gucci is part of the Kering Group, a world leader in apparel and accessories that owns a portfolio of powerful luxury brands.",
          "name": "Gucci",
          "images": [
            {
              "url": "https://cdn.mappedin.com/5d370a26da8c166f3647e3ce/ce98588386891b0a062ca6239b70d96877ddcc7c.svg",
              "altText": "Logo for Gucci"
            }
          ]
        }
      }
    },
    {
      "type": "Feature",
      "geometry": {
        "type": "Polygon",
        "coordinates": [
          [
            [
              2.7841098939803763,
              48.85404042665538
            ],
            [
              2.784062907882818,
              48.853823265144044
            ],
            [
              2.7840440534457906,
              48.85382499805955
            ],
            [
              2.784056004549878,
              48.85388168527183
            ],
            [
              2.783763011892048,
              48.85390904424165
            ],
            [
              2.783750760813402,
              48.853850465213526
            ],
            [
              2.7837391637274274,
              48.8538519434253
            ],
            [
              2.783768597001249,
              48.85399339970016
            ],
            [
              2.783892593015275,
              48.85398224146934
            ],
            [
              2.7839073679035455,
              48.85405848380963
            ],
            [
              2.7841098939803763,
              48.85404042665538
            ]
          ]
        ]
      },
      "properties": {
        "id": "s_5d5f71ee797f7a72d200016a",
        "externalId": "unit58b",
        "destinationNodes": [
          "n_5d5f890e797f7a3e340000d1"
        ],
        "center": [
          2.783909435421181,
          48.853921595299035
        ],
        "details": {
          "description": "In 1975 Giorgio Armani founded his company in Milan. Since then, he has established his name as a world leader in fashion and accessory design with his brands Emporio Armani and Armani Exchange . His style is synonymous with luxury and contemporary elegance, modernity, and sophistication.",
          "name": "Armani",
          "images": [
            {
              "url": "https://cdn.mappedin.com/5d370a26da8c166f3647e3ce/fef6bb913c0bf00a9b2bd9ad2c772f8e4445128e.svg",
              "altText": "Logo for Armani"
            }
          ]
        }
      }
    },
    {
      "type": "Feature",
      "geometry": {
        "type": "Polygon",
        "coordinates": [
          [
            [
              2.783404346347335,
              48.85425993981684
            ],
            [
              2.7833680130700267,
              48.854048550650056
            ],
            [
              2.7833648765789185,
              48.85403413661108
            ],
            [
              2.7830054613217574,
              48.85406171760835
            ],
            [
              2.7830556291294015,
              48.85428966296456
            ],
            [
              2.783404346347335,
              48.85425993981684
            ]
          ]
        ]
      },
      "properties": {
        "id": "s_5d5f71ee797f7a72d200016c",
        "externalId": "unit34-35-36",
        "destinationNodes": [
          "n_5d5f8ad9797f7a3e340000e9"
        ],
        "center": [
          2.783239665289488,
          48.85413880153017
        ],
        "details": {
          "description": "A globally recognised lifestyle brand, Tommy Hilfiger’s signature flag logo symbolises high-end quality that customers worldwide associate with luxury and quintessential American prep. The launch of their iconic men’s sportswear range in 1985 led to the expansion of the brand’s clothing range to encompass a complete premium collection for men, women, and kids. Today, in its 30th year, Tommy Hilfiger dresses the whole family and is a much-loved fashion brand.\nCollections: Women, Men, Children\nDiscover your favourite brands – including Tommy Hilfiger – at La Vallée Village, which offers more than 130 boutiques with exceptional savings.",
          "name": "Tommy Hilfiger",
          "images": [
            {
              "url": "https://cdn.mappedin.com/5d370a26da8c166f3647e3ce/e25093c966174f6bb2ae8d117597c92da31e6f4d.svg",
              "altText": "Logo for Tommy Hilfiger"
            }
          ]
        }
      }
    },
    {
      "type": "Feature",
      "geometry": {
        "type": "Polygon",
        "coordinates": [
          [
            [
              2.7836161824813894,
              48.85390370232784
            ],
            [
              2.7836055836138613,
              48.85385140962404
            ],
            [
              2.783556990086059,
              48.85385560339795
            ],
            [
              2.783567588903717,
              48.85390789610619
            ],
            [
              2.7836161824813894,
              48.85390370232784
            ]
          ]
        ]
      },
      "properties": {
        "id": "s_5d5f71ee797f7a72d200016d",
        "externalId": "p01",
        "destinationNodes": [
          "n_5d5f8ab2797f7a3e340000e0"
        ],
        "center": [
          2.7835865862712565,
          48.85387965286401
        ],
        "details": {
          "description": "Launched in 2014 after a trip to Bali, leather goods brand Claris Virot offers accessible luxury accessories collections crafted from premium materials, including vegetable-tanned and exotic leathers. \n\nColour is at the heart of the brand’s creative process, which has evolved and diversified over the years. With vibrant hues, practical sizes and exceptional craftsmanship, Claris Virot is a reflection of the contemporary, ever-evolving world of fashion.",
          "name": "Claris Virot",
          "images": [
            {
              "url": "https://cdn.mappedin.com/5d370a26da8c166f3647e3ce/753b921da28d45ff6d07c3566b303d027b174d27.png",
              "altText": "Logo for Claris Virot"
            }
          ]
        }
      }
    },
    {
      "type": "Feature",
      "geometry": {
        "type": "Polygon",
        "coordinates": [
          [
            [
              2.783243254544836,
              48.853058492750584
            ],
            [
              2.783236645009581,
              48.85302653791594
            ],
            [
              2.7831571718857653,
              48.85303351149177
            ],
            [
              2.783163781371215,
              48.85306546633097
            ],
            [
              2.783243254544836,
              48.853058492750584
            ]
          ]
        ]
      },
      "properties": {
        "id": "s_5d5f71ee797f7a72d200016e",
        "externalId": "p02",
        "destinationNodes": [
          "n_5d5f8a32797f7a3e340000d9"
        ],
        "center": [
          2.783200213202849,
          48.85304600212231
        ],
        "details": {
          "description": "Delight in a celebration of coffee at Momus when you enjoy your beverage in the café or to take away. From rare Arabicas to designer editions and single-origin varieties, fine coffee connoisseurs can find joy in a symphony of aromatic notes and intensities.",
          "name": "Momus",
          "images": [
            {
              "url": "https://cdn.mappedin.com/5d370a26da8c166f3647e3ce/7f83ee7af0d0ede92e002ee5570de4ae9ae0c2e0.svg",
              "altText": "Logo for Momus"
            }
          ]
        }
      }
    },
    {
      "type": "Feature",
      "geometry": {
        "type": "Polygon",
        "coordinates": [
          [
            [
              2.7833532291178495,
              48.85288288857814
            ],
            [
              2.7833426307411964,
              48.852830595850236
            ],
            [
              2.7832940381821922,
              48.85283478951361
            ],
            [
              2.7833046365089777,
              48.852887082245964
            ],
            [
              2.7833532291178495,
              48.85288288857814
            ]
          ]
        ]
      },
      "properties": {
        "id": "s_5d5f71ee797f7a72d200016f",
        "externalId": "p03",
        "destinationNodes": [
          "n_5d5f884e797f7a3e34000028"
        ],
        "center": [
          2.7833236336375538,
          48.85285883904699
        ],
        "details": {
          "description": "To celebrate the arrival of spring, Amorino has collaborated with Nina Ricci perfumes to create a new sorbet with top notes that reflect those of Nina's fragrances. This fragrant sorbet surprises with a lively burst of acidity that comes from a combination of raspberry, Sicilian lemon and mandarin. This enchanting elixir is rounded off with intoxicating Arabian jasmine. Like a forbidden fruit, this limited-edition sorbet is adorned with a Nina Ricci chocolate apple, which is complimentary with any Macaron Al Gelato, and served in a waffle cone.\nThe sorbets are available at the Amorino boutique in La Vallée Village from 15 April to 30 June 2019",
          "name": "Amorino",
          "images": [
            {
              "url": "https://cdn.mappedin.com/5d370a26da8c166f3647e3ce/3f00a08a92582de431d2a7ef75a4b5bc6c7aae2b.svg",
              "altText": "Logo for Amorino"
            }
          ]
        }
      }
    },
    {
      "type": "Feature",
      "geometry": {
        "type": "Polygon",
        "coordinates": [
          [
            [
              2.783297528540731,
              48.85236493591897
            ],
            [
              2.7832944278183365,
              48.85234941526394
            ],
            [
              2.78322865317991,
              48.852355295654725
            ],
            [
              2.7832317538822777,
              48.85237081631152
            ],
            [
              2.783297528540731,
              48.85236493591897
            ]
          ]
        ]
      },
      "properties": {
        "id": "s_5d5f71ee797f7a72d2000170",
        "destinationNodes": [
          "n_5d5f8b9c797f7a3e34000103"
        ],
        "center": [
          2.7832630908553138,
          48.852360115787285
        ],
        "details": {
          "description": "",
          "name": "",
          "images": []
        }
      }
    },
    {
      "type": "Feature",
      "geometry": {
        "type": "Polygon",
        "coordinates": [
          [
            [
              2.7834009745295165,
              48.852355418064136
            ],
            [
              2.783398160234746,
              48.85234145136203
            ],
            [
              2.783327190054264,
              48.852347746488135
            ],
            [
              2.7833300043295903,
              48.85236171319198
            ],
            [
              2.7834009745295165,
              48.852355418064136
            ]
          ]
        ]
      },
      "properties": {
        "id": "s_5d5f71ee797f7a72d2000171",
        "externalId": "POLY-RSGP1QEX",
        "destinationNodes": [
          "n_5d5f8b9e797f7a3e34000104"
        ],
        "center": [
          2.7833640822870294,
          48.85235158227657
        ],
        "details": {
          "description": "",
          "name": "",
          "images": []
        }
      }
    },
    {
      "type": "Feature",
      "geometry": {
        "type": "Polygon",
        "coordinates": [
          [
            [
              2.783574428172738,
              48.85247607611786
            ],
            [
              2.7835686778980078,
              48.852448783151296
            ],
            [
              2.7834687168933274,
              48.85245770762811
            ],
            [
              2.7834744671145892,
              48.85248500059964
            ],
            [
              2.783574428172738,
              48.85247607611786
            ]
          ]
        ]
      },
      "properties": {
        "id": "s_5d5f71ee797f7a72d2000172",
        "externalId": "p06",
        "destinationNodes": [
          "n_5d7fe3735d99b83950000001"
        ],
        "center": [
          2.7835215725196654,
          48.85246689187423
        ],
        "details": {
          "description": "Discover L’Artisan Parfumeur, exceptional fragrances & French art de vivre, at La Vallée Village.",
          "name": "L'Artisan Parfumeur",
          "images": [
            {
              "url": "https://cdn.mappedin.com/5d370a26da8c166f3647e3ce/d294a05b50610df563428b9adfb653a017fbf6c9.svg",
              "altText": "Logo for L'Artisan Parfumeur"
            }
          ]
        }
      }
    },
    {
      "type": "Feature",
      "geometry": {
        "type": "Polygon",
        "coordinates": [
          [
            [
              2.784654916014318,
              48.852643541105074
            ],
            [
              2.7846521803403146,
              48.85263130262683
            ],
            [
              2.784513431138712,
              48.85264300887719
            ],
            [
              2.7840382536126844,
              48.85260935076337
            ],
            [
              2.784050180757265,
              48.85253886119328
            ],
            [
              2.783992334130017,
              48.85253575207531
            ],
            [
              2.784011447814116,
              48.85262773157692
            ],
            [
              2.783906290941142,
              48.85263707113884
            ],
            [
              2.7839090984124435,
              48.8526522998378
            ],
            [
              2.783646499436911,
              48.85267594027091
            ],
            [
              2.7836160939850654,
              48.852534403968036
            ],
            [
              2.7835770055432096,
              48.85253815455954
            ],
            [
              2.7836092952726994,
              48.852696412381036
            ],
            [
              2.7836887677984223,
              48.85268943849446
            ],
            [
              2.7837258336752897,
              48.85286450238433
            ],
            [
              2.783787565484298,
              48.852858786763434
            ],
            [
              2.7838347940560673,
              48.853085074390954
            ],
            [
              2.783767866335221,
              48.853091204733154
            ],
            [
              2.783781573118033,
              48.85315775605493
            ],
            [
              2.7839375926519794,
              48.85314483001689
            ],
            [
              2.7839833709997865,
              48.85338274416239
            ],
            [
              2.7839333896064606,
              48.85338720659086
            ],
            [
              2.7839647565562764,
              48.853536550254354
            ],
            [
              2.7838995387162835,
              48.85354285951099
            ],
            [
              2.78390861176796,
              48.85358297483633
            ],
            [
              2.7839732071015146,
              48.85357718830991
            ],
            [
              2.7840237898194182,
              48.85382686049176
            ],
            [
              2.784062907882818,
              48.853823265144044
            ],
            [
              2.7841098939803763,
              48.85404042665538
            ],
            [
              2.784055660885939,
              48.85404522844595
            ],
            [
              2.784068573855422,
              48.85411137010033
            ],
            [
              2.784117133889032,
              48.85417198591531
            ],
            [
              2.784181999507314,
              48.854149463512236
            ],
            [
              2.784400986356415,
              48.854420856895786
            ],
            [
              2.784129220650282,
              48.85451571303832
            ],
            [
              2.7844062796579547,
              48.85449895983084
            ],
            [
              2.7844273252674867,
              48.85467419875646
            ],
            [
              2.7844795983905426,
              48.85467176083072
            ],
            [
              2.784436327650569,
              48.854331784114024
            ],
            [
              2.784359325230314,
              48.85421698863603
            ],
            [
              2.7842368624226195,
              48.854094784022045
            ],
            [
              2.7841996119749157,
              48.853899236209635
            ],
            [
              2.78429319916602,
              48.853890820075144
            ],
            [
              2.7842422550366193,
              48.85362619699691
            ],
            [
              2.7841706675602347,
              48.85363175336832
            ],
            [
              2.784067717250662,
              48.85306553688192
            ],
            [
              2.784007700291059,
              48.85279848441848
            ],
            [
              2.7846083992227504,
              48.852742178646274
            ],
            [
              2.7845891411492802,
              48.852649422269764
            ],
            [
              2.784654916014318,
              48.852643541105074
            ]
          ]
        ]
      },
      "properties": {
        "id": "s_5d5f71ee797f7a72d2000174",
        "externalId": "POLY-TFIGNW0W",
        "destinationNodes": [],
        "center": [
          2.7840824178033565,
          48.85338290249252
        ],
        "details": {
          "description": "",
          "name": "",
          "images": []
        }
      }
    },
    {
      "type": "Feature",
      "geometry": {
        "type": "Polygon",
        "coordinates": [
          [
            [
              2.78551667219915,
              48.852022388714694
            ],
            [
              2.7848077548498815,
              48.85207267436993
            ],
            [
              2.7848031421808552,
              48.8520476558289
            ],
            [
              2.7844228739205614,
              48.852076434015636
            ],
            [
              2.784358253528419,
              48.8520443793674
            ],
            [
              2.784344287680756,
              48.85197122612931
            ],
            [
              2.7831435339990587,
              48.85206643677359
            ],
            [
              2.7830538252659194,
              48.852163474928034
            ],
            [
              2.7830807253192242,
              48.85227170489166
            ],
            [
              2.7831837490300164,
              48.852205297969526
            ],
            [
              2.7834736831620197,
              48.85217916129147
            ],
            [
              2.783466256847391,
              48.852140175996745
            ],
            [
              2.7837850593613447,
              48.85211204972173
            ],
            [
              2.7838305621102406,
              48.85233547909682
            ],
            [
              2.783887391153338,
              48.85233047006122
            ],
            [
              2.7838491428743994,
              48.852145093609685
            ],
            [
              2.7840032769284284,
              48.85213105627375
            ],
            [
              2.7844166384930404,
              48.852158295464235
            ],
            [
              2.7844061296933447,
              48.85223387539707
            ],
            [
              2.784455152089886,
              48.85223721561932
            ],
            [
              2.784442533327926,
              48.85217656937811
            ],
            [
              2.784632828544408,
              48.85215980235914
            ],
            [
              2.784668694835572,
              48.85233354280065
            ],
            [
              2.7847005193313903,
              48.85233068703311
            ],
            [
              2.7846664701930255,
              48.85215380558568
            ],
            [
              2.7850771167881527,
              48.85211692501491
            ],
            [
              2.7850857182039013,
              48.85215707795285
            ],
            [
              2.785388310815923,
              48.85213071426329
            ],
            [
              2.78539215018119,
              48.85215153712894
            ],
            [
              2.785420553667442,
              48.85214832352899
            ],
            [
              2.785430843120676,
              48.85213914495973
            ],
            [
              2.785414925729489,
              48.85213079708638
            ],
            [
              2.7854836395082008,
              48.85207327647336
            ],
            [
              2.7854661619089285,
              48.85206426475451
            ],
            [
              2.78551667219915,
              48.852022388714694
            ]
          ]
        ]
      },
      "properties": {
        "id": "s_5d5f71ee797f7a72d2000175",
        "externalId": "POLY-9JPW85GF",
        "destinationNodes": [],
        "center": [
          2.7844576052012795,
          48.85215326511295
        ],
        "details": {
          "description": "",
          "name": "",
          "images": []
        }
      }
    },
    {
      "type": "Feature",
      "geometry": {
        "type": "Polygon",
        "coordinates": [
          [
            [
              2.7862782960735633,
              48.85220725192917
            ],
            [
              2.786128776575447,
              48.852133252692965
            ],
            [
              2.7859402757747627,
              48.85229620785843
            ],
            [
              2.785965583365887,
              48.8523086941305
            ],
            [
              2.7857805882109217,
              48.85247247283597
            ],
            [
              2.78571117112017,
              48.85243780582043
            ],
            [
              2.785645777244709,
              48.85249253859898
            ],
            [
              2.785545344199116,
              48.85250150257833
            ],
            [
              2.7855574772823397,
              48.85255950699302
            ],
            [
              2.784965154122156,
              48.852611838022824
            ],
            [
              2.78499948947165,
              48.85277986646507
            ],
            [
              2.785495496555949,
              48.85273932428157
            ],
            [
              2.785546964437623,
              48.85272733139589
            ],
            [
              2.7855934798128366,
              48.85271447240257
            ],
            [
              2.785634892479339,
              48.85270123234461
            ],
            [
              2.78567176072524,
              48.85268803970341
            ],
            [
              2.785703905698074,
              48.85267522412601
            ],
            [
              2.7857314420155435,
              48.85266340719405
            ],
            [
              2.7857543983359627,
              48.852652744305274
            ],
            [
              2.7857728606242094,
              48.8526437016457
            ],
            [
              2.7858010827591,
              48.85262520730001
            ],
            [
              2.785850270177806,
              48.85258785184388
            ],
            [
              2.785915027567349,
              48.852536165714106
            ],
            [
              2.7860690624257667,
              48.85240592193518
            ],
            [
              2.786147227289126,
              48.852335977874056
            ],
            [
              2.786218858478721,
              48.852268289887625
            ],
            [
              2.7862782960735633,
              48.85220725192917
            ]
          ]
        ]
      },
      "properties": {
        "id": "s_5d5f71ee797f7a72d2000176",
        "externalId": "POLY-LB3UVCC6",
        "destinationNodes": [],
        "center": [
          2.7857471024162828,
          48.85252945499537
        ],
        "details": {
          "description": "",
          "name": "",
          "images": []
        }
      }
    },
    {
      "type": "Feature",
      "geometry": {
        "type": "Polygon",
        "coordinates": [
          [
            [
              2.78309167454086,
              48.852914801385495
            ],
            [
              2.78306992007847,
              48.852809787392275
            ],
            [
              2.783004087518921,
              48.85281535686514
            ],
            [
              2.782974878627852,
              48.85267120213404
            ],
            [
              2.782934079595754,
              48.852674773655345
            ],
            [
              2.7828804818043396,
              48.85241130852515
            ],
            [
              2.782849573159323,
              48.85241393300485
            ],
            [
              2.7828211739909015,
              48.85227286728994
            ],
            [
              2.7825510333372354,
              48.85229458434896
            ],
            [
              2.7826477345688176,
              48.85282440201442
            ],
            [
              2.78293093137342,
              48.852800696865344
            ],
            [
              2.782954698928467,
              48.852925733397626
            ],
            [
              2.78309167454086,
              48.852914801385495
            ]
          ]
        ]
      },
      "properties": {
        "id": "s_5d5f71ee797f7a72d2000177",
        "externalId": "POLY-ER70OUWH",
        "destinationNodes": [],
        "center": [
          2.7828925222936967,
          48.852652453906536
        ],
        "details": {
          "description": "",
          "name": "",
          "images": []
        }
      }
    },
    {
      "type": "Feature",
      "geometry": {
        "type": "Polygon",
        "coordinates": [
          [
            [
              2.78337323182571,
              48.853948164155554
            ],
            [
              2.7833190504337137,
              48.853682853337496
            ],
            [
              2.7831879699802724,
              48.85369457641248
            ],
            [
              2.783106692990068,
              48.85329787205478
            ],
            [
              2.7831260300049565,
              48.85329617108376
            ],
            [
              2.783099462865667,
              48.85316505072239
            ],
            [
              2.7829671099453277,
              48.85317766361313
            ],
            [
              2.7829898739384924,
              48.85328685444559
            ],
            [
              2.7827278651233733,
              48.853309814667384
            ],
            [
              2.7827293546316336,
              48.85331789521671
            ],
            [
              2.782946360522866,
              48.85375800978391
            ],
            [
              2.783187796266512,
              48.85373653350483
            ],
            [
              2.7832003929022546,
              48.853800965910466
            ],
            [
              2.7833031906631045,
              48.85379181547917
            ],
            [
              2.783336446664516,
              48.85395141538558
            ],
            [
              2.78337323182571,
              48.853948164155554
            ]
          ]
        ]
      },
      "properties": {
        "id": "s_5d5f71ee797f7a72d2000178",
        "externalId": "POLY-G4KLZEMX",
        "destinationNodes": [],
        "center": [
          2.783106721917231,
          48.85354771038488
        ],
        "details": {
          "description": "",
          "name": "",
          "images": []
        }
      }
    },
    {
      "type": "Feature",
      "geometry": {
        "type": "Polygon",
        "coordinates": [
          [
            [
              2.7837770066782217,
              48.85478775839086
            ],
            [
              2.7837408622261006,
              48.85461120171428
            ],
            [
              2.7835844332565265,
              48.85443084238888
            ],
            [
              2.7835209057655423,
              48.854456726598436
            ],
            [
              2.7833788661834835,
              48.85429981694022
            ],
            [
              2.783454323684725,
              48.85427234992126
            ],
            [
              2.7834440663837703,
              48.85425960797371
            ],
            [
              2.783404346347335,
              48.85425993981684
            ],
            [
              2.7830556291294015,
              48.85428966296456
            ],
            [
              2.7837770066782217,
              48.85478775839086
            ]
          ]
        ]
      },
      "properties": {
        "id": "s_5d5f71ee797f7a72d2000179",
        "externalId": "POLY-RZD7TIZA",
        "destinationNodes": [],
        "center": [
          2.7834844932950116,
          48.85440754518989
        ],
        "details": {
          "description": "",
          "name": "",
          "images": []
        }
      }
    },
    {
      "type": "Feature",
      "geometry": {
        "type": "Polygon",
        "coordinates": [
          [
            [
              2.7836160939850654,
              48.852534403968036
            ],
            [
              2.783605251566918,
              48.8524781886912
            ],
            [
              2.7835649250622354,
              48.85248172273614
            ],
            [
              2.7835770055432096,
              48.85253815455954
            ],
            [
              2.7836160939850654,
              48.852534403968036
            ]
          ]
        ]
      },
      "properties": {
        "id": "s_5d5f71ee797f7a72d200017a",
        "externalId": "x05",
        "destinationNodes": [
          "n_5d66db055d99b86b65000006"
        ],
        "center": [
          2.783590819039357,
          48.85250811748873
        ],
        "details": {
          "name": "ATM",
          "images": [
            {
              "url": "https://cdn.mappedin.com/5d370a26da8c166f3647e3ce/08737dca711c899c9c401d84a788c5f4a15d8581.svg",
              "altText": "Logo for ATM"
            }
          ]
        }
      }
    },
    {
      "type": "Feature",
      "geometry": {
        "type": "Polygon",
        "coordinates": [
          [
            [
              2.7835645751228553,
              48.854228229895156
            ],
            [
              2.7835358567551567,
              48.854186844231705
            ],
            [
              2.7833935101214027,
              48.85419725907928
            ],
            [
              2.783404346347335,
              48.85425993981684
            ],
            [
              2.7834440663837703,
              48.85425960797371
            ],
            [
              2.783454323684725,
              48.85427234992126
            ],
            [
              2.7835645751228553,
              48.854228229895156
            ]
          ]
        ]
      },
      "properties": {
        "id": "s_5d5f71ee797f7a72d200017b",
        "externalId": "x04",
        "destinationNodes": [
          "n_5d5f8af7797f7a3e340000f0"
        ],
        "center": [
          2.7834661130692075,
          48.85423403848633
        ],
        "details": {
          "name": "Toilets",
          "images": [
            {
              "url": "https://cdn.mappedin.com/5d370a26da8c166f3647e3ce/d1a02baa77d9dbc27c893229ebea65b58b02b618.svg",
              "altText": "Logo for Toilets"
            }
          ]
        }
      }
    },
    {
      "type": "Feature",
      "geometry": {
        "type": "Polygon",
        "coordinates": [
          [
            [
              2.7857610873270837,
              48.85194563744996
            ],
            [
              2.7857248367167426,
              48.851927086784805
            ],
            [
              2.7857011167524743,
              48.851947902303465
            ],
            [
              2.7856596272305745,
              48.851926931593106
            ],
            [
              2.785611478750083,
              48.85196861915955
            ],
            [
              2.785690278164842,
              48.85200868673767
            ],
            [
              2.7857610873270837,
              48.85194563744996
            ]
          ]
        ]
      },
      "properties": {
        "id": "s_5d5f71ee797f7a72d200017c",
        "externalId": "unit126",
        "destinationNodes": [],
        "center": [
          2.785691404156967,
          48.851954144004765
        ],
        "details": {
          "description": "Hands-Free Shopping Collection Point",
          "name": "Concierge Services",
          "images": [
            {
              "url": "https://cdn.mappedin.com/5d370a26da8c166f3647e3ce/c3cb520830c0c0deb13797deed2a095514d77b00.png",
              "altText": "Logo for Concierge Services"
            }
          ]
        }
      }
    },
    {
      "type": "Feature",
      "geometry": {
        "type": "Polygon",
        "coordinates": [
          [
            [
              2.78571117112017,
              48.85243780582043
            ],
            [
              2.7856159169390557,
              48.852390379338544
            ],
            [
              2.785579452717287,
              48.85242135777957
            ],
            [
              2.7855300663004288,
              48.85242514275974
            ],
            [
              2.785545344199116,
              48.85250150257833
            ],
            [
              2.785645777244709,
              48.85249253859898
            ],
            [
              2.78571117112017,
              48.85243780582043
            ]
          ]
        ]
      },
      "properties": {
        "id": "s_5d5f71ee797f7a72d200017d",
        "externalId": "x09",
        "destinationNodes": [
          "n_5d66db245d99b86b65000008"
        ],
        "center": [
          2.7856046214201275,
          48.8524447878126
        ],
        "details": {
          "name": "Toilets",
          "images": [
            {
              "url": "https://cdn.mappedin.com/5d370a26da8c166f3647e3ce/d1a02baa77d9dbc27c893229ebea65b58b02b618.svg",
              "altText": "Logo for Toilets"
            }
          ]
        }
      }
    },
    {
      "type": "Feature",
      "geometry": {
        "type": "Polygon",
        "coordinates": [
          [
            [
              2.7832150410653576,
              48.85235165163294
            ],
            [
              2.7831837490300164,
              48.852205297969526
            ],
            [
              2.7830807253192242,
              48.85227170489166
            ],
            [
              2.7832150410653576,
              48.85235165163294
            ]
          ]
        ]
      },
      "properties": {
        "id": "s_5d5f71ee797f7a72d200017e",
        "externalId": "POLY-TMNYDHES",
        "destinationNodes": [
          "n_5d5f8ba8797f7a3e34000106"
        ],
        "center": [
          2.783159838471532,
          48.85227621816471
        ],
        "details": {
          "name": "Toilets",
          "images": [
            {
              "url": "https://cdn.mappedin.com/5d370a26da8c166f3647e3ce/d1a02baa77d9dbc27c893229ebea65b58b02b618.svg",
              "altText": "Logo for Toilets"
            }
          ]
        }
      }
    },
    {
      "type": "Feature",
      "geometry": {
        "type": "Polygon",
        "coordinates": [
          [
            [
              2.784790525006748,
              48.85268758931502
            ],
            [
              2.784776938572883,
              48.85262039768232
            ],
            [
              2.7846521803403146,
              48.85263130262683
            ],
            [
              2.784654916014318,
              48.852643541105074
            ],
            [
              2.7845891411492802,
              48.852649422269764
            ],
            [
              2.7846002851366793,
              48.85270466738299
            ],
            [
              2.784790525006748,
              48.85268758931502
            ]
          ]
        ]
      },
      "properties": {
        "id": "s_5d5f71ee797f7a72d200017f",
        "externalId": "x07",
        "destinationNodes": [
          "n_5d5f8cb4797f7a3e3400010e"
        ],
        "center": [
          2.784677331036704,
          48.852656153397
        ],
        "details": {
          "description": "",
          "name": "",
          "images": []
        }
      }
    },
    {
      "type": "Feature",
      "geometry": {
        "type": "Polygon",
        "coordinates": [
          [
            [
              2.783164892619243,
              48.852386401949055
            ],
            [
              2.7830218961571047,
              48.85230746332694
            ],
            [
              2.7828804818043396,
              48.85241130852515
            ],
            [
              2.783164892619243,
              48.852386401949055
            ]
          ]
        ]
      },
      "properties": {
        "id": "s_5d5f71ee797f7a72d2000180",
        "externalId": "POLY-ZRWIC02E",
        "destinationNodes": [
          "n_5d5f8baa797f7a3e34000107"
        ],
        "center": [
          2.7830224235268957,
          48.85236839126705
        ],
        "details": {
          "name": "Toilets",
          "images": [
            {
              "url": "https://cdn.mappedin.com/5d370a26da8c166f3647e3ce/d1a02baa77d9dbc27c893229ebea65b58b02b618.svg",
              "altText": "Logo for Toilets"
            }
          ]
        }
      }
    },
    {
      "type": "Feature",
      "geometry": {
        "type": "Polygon",
        "coordinates": [
          [
            [
              2.7844135489600585,
              48.85496732472785
            ],
            [
              2.784419675544947,
              48.85496935861661
            ],
            [
              2.7844223237907815,
              48.85497072405268
            ],
            [
              2.784424320815964,
              48.8549724568317
            ],
            [
              2.784425902794481,
              48.854974538102525
            ],
            [
              2.7844267762510664,
              48.85497667592682
            ],
            [
              2.784426733662214,
              48.85497904455053
            ],
            [
              2.7844242007921096,
              48.85498350412526
            ],
            [
              2.7844270712746515,
              48.854987374728545
            ],
            [
              2.7844273577808587,
              48.85498892867613
            ],
            [
              2.784426721272236,
              48.85499197543236
            ],
            [
              2.7844258842091922,
              48.85499393442529
            ],
            [
              2.784421969913358,
              48.85499740049247
            ],
            [
              2.7844166455415236,
              48.85499971765715
            ],
            [
              2.784413425055384,
              48.8550004477574
            ],
            [
              2.784410118617425,
              48.85500071167326
            ],
            [
              2.7844092242524394,
              48.85500235987653
            ],
            [
              2.7844078288885084,
              48.85500389038728
            ],
            [
              2.7844059038750344,
              48.85500514781073
            ],
            [
              2.784401230723059,
              48.85500709763181
            ],
            [
              2.784395705795487,
              48.855008327032195
            ],
            [
              2.7843928144042325,
              48.855008242455824
            ],
            [
              2.784387654192778,
              48.85500755056532
            ],
            [
              2.7843835889008792,
              48.8550062982349
            ],
            [
              2.7843817351282016,
              48.85500534242904
            ],
            [
              2.7843788863282843,
              48.85500288922863
            ],
            [
              2.7843779199515075,
              48.85500154722889
            ],
            [
              2.784374613513289,
              48.85500181114374
            ],
            [
              2.784371221123671,
              48.85500160887416
            ],
            [
              2.784365094536804,
              48.854999574982855
            ],
            [
              2.7843624462910044,
              48.854998209545464
            ],
            [
              2.784360449266937,
              48.854996476765386
            ],
            [
              2.7843588672904467,
              48.854994395493655
            ],
            [
              2.7843579938364527,
              48.85499225766885
            ],
            [
              2.7843580364285687,
              48.85498988904518
            ],
            [
              2.7843605693048894,
              48.85498542947188
            ],
            [
              2.784357698827601,
              48.85498155886695
            ],
            [
              2.7843574123235983,
              48.8549800049192
            ],
            [
              2.784358048836287,
              48.85497695816335
            ],
            [
              2.784359300948975,
              48.85497465067931
            ],
            [
              2.7843610827104124,
              48.85497261628277
            ],
            [
              2.7843631579465447,
              48.8549708738247
            ],
            [
              2.7843657914818083,
              48.854969559848854
            ],
            [
              2.784368954665798,
              48.85496851896038
            ],
            [
              2.78437220380097,
              48.85496794425615
            ],
            [
              2.7843762760598607,
              48.85496793457774
            ],
            [
              2.7843784875772206,
              48.8549682311025
            ],
            [
              2.784383489822069,
              48.85496546660632
            ],
            [
              2.7843850570885285,
              48.85496486846447
            ],
            [
              2.784388986094722,
              48.85496408181177
            ],
            [
              2.7843954773940505,
              48.85496419441133
            ],
            [
              2.784401195900675,
              48.85496531478356
            ],
            [
              2.784406757215587,
              48.85496818220014
            ],
            [
              2.7844096486045506,
              48.85496826677617
            ],
            [
              2.7844135489600585,
              48.85496732472785
            ]
          ]
        ]
      },
      "properties": {
        "id": "s_5d5f71ee797f7a72d2000181",
        "destinationNodes": [],
        "center": [
          2.7843913608816298,
          48.854985772040465
        ],
        "details": {
          "description": "",
          "name": "",
          "images": []
        }
      }
    },
    {
      "type": "Feature",
      "geometry": {
        "type": "Polygon",
        "coordinates": [
          [
            [
              2.783441496405222,
              48.852923621133726
            ],
            [
              2.7834476227005096,
              48.85292565507399
            ],
            [
              2.783450270811719,
              48.85292702053233
            ],
            [
              2.7834522677217266,
              48.852928753328136
            ],
            [
              2.783453849595244,
              48.852930834612266
            ],
            [
              2.783454722974656,
              48.85293297244391
            ],
            [
              2.783454680341542,
              48.85293534106725
            ],
            [
              2.783452147488229,
              48.8529398006207
            ],
            [
              2.7834550177784214,
              48.85294367124811
            ],
            [
              2.7834553042427546,
              48.85294522519811
            ],
            [
              2.783454667700946,
              48.852948271948996
            ],
            [
              2.783453830634028,
              48.85295023093487
            ],
            [
              2.7834499164306723,
              48.85295369696915
            ],
            [
              2.78344459223119,
              48.85295601408907
            ],
            [
              2.7834413718623394,
              48.85295674416224
            ],
            [
              2.783438065554232,
              48.85295700805031
            ],
            [
              2.783437171193747,
              48.85295865624605
            ],
            [
              2.783435775857056,
              48.85296018674507
            ],
            [
              2.783433850897745,
              48.85296144415235
            ],
            [
              2.7834291778986717,
              48.85296339393415
            ],
            [
              2.783423653172765,
              48.85296462328807
            ],
            [
              2.783420761901187,
              48.852964538687395
            ],
            [
              2.7834156019138216,
              48.85296384675351
            ],
            [
              2.783411536812198,
              48.85296259438892
            ],
            [
              2.7834096831337583,
              48.85296163856746
            ],
            [
              2.783406834497778,
              48.852959185343096
            ],
            [
              2.783405868186514,
              48.852957843335226
            ],
            [
              2.7834025618781464,
              48.85295810722229
            ],
            [
              2.783399169630942,
              48.852957904924196
            ],
            [
              2.7833930433336764,
              48.85295587098138
            ],
            [
              2.7833903952225008,
              48.852954505521716
            ],
            [
              2.7833883983136083,
              48.85295277272485
            ],
            [
              2.783386816442118,
              48.85295069143982
            ],
            [
              2.7833859430652974,
              48.85294855360767
            ],
            [
              2.7833859857016745,
              48.852946184984354
            ],
            [
              2.7833885185612037,
              48.85294172543236
            ],
            [
              2.7833856482762647,
              48.85293785480329
            ],
            [
              2.783385361814135,
              48.85293630085313
            ],
            [
              2.7833859983600093,
              48.85293325410262
            ],
            [
              2.783387250466396,
              48.852930946629115
            ],
            [
              2.7833890321946058,
              48.85292891224755
            ],
            [
              2.783391107379862,
              48.85292716980694
            ],
            [
              2.7833937408331364,
              48.85292585585322
            ],
            [
              2.7833969039082116,
              48.85292481499134
            ],
            [
              2.7834001529219075,
              48.85292424031445
            ],
            [
              2.7834042250147473,
              48.85292423067026
            ],
            [
              2.783406436436069,
              48.852924527213595
            ],
            [
              2.783411438530402,
              48.852921762759486
            ],
            [
              2.7834130057444977,
              48.852921164630814
            ],
            [
              2.783416934605578,
              48.852920378011156
            ],
            [
              2.7834234256377295,
              48.85292049066528
            ],
            [
              2.783429143889153,
              48.85292161108557
            ],
            [
              2.7834347049213526,
              48.852924478548914
            ],
            [
              2.783437596190641,
              48.85292456314924
            ],
            [
              2.783441496405222,
              48.852923621133726
            ]
          ]
        ]
      },
      "properties": {
        "id": "s_5d5f71ee797f7a72d2000182",
        "destinationNodes": [],
        "center": [
          2.7834193088743064,
          48.85294206825981
        ],
        "details": {
          "description": "",
          "name": "",
          "images": []
        }
      }
    },
    {
      "type": "Feature",
      "geometry": {
        "type": "Polygon",
        "coordinates": [
          [
            [
              2.7849422155617765,
              48.85233015736072
            ],
            [
              2.7849483418454084,
              48.85233219122146
            ],
            [
              2.7849509899661555,
              48.852333556645426
            ],
            [
              2.7849529869044307,
              48.85233528941532
            ],
            [
              2.7849545688215818,
              48.85233737067892
            ],
            [
              2.78495544225472,
              48.85233950849922
            ],
            [
              2.78495539969311,
              48.852341877123095
            ],
            [
              2.7849528670034935,
              48.852346336709445
            ],
            [
              2.784955737375681,
              48.852350207299594
            ],
            [
              2.7849560238831974,
              48.85235176124586
            ],
            [
              2.7849553874402586,
              48.852354808005
            ],
            [
              2.784954550441983,
              48.852356767001744
            ],
            [
              2.784950636388919,
              48.852360233086806
            ],
            [
              2.7849453123220047,
              48.852362550275835
            ],
            [
              2.784942092013212,
              48.852363280390804
            ],
            [
              2.7849387857522085,
              48.85236354432179
            ],
            [
              2.7849378914517287,
              48.852365192529135
            ],
            [
              2.7849364961774534,
              48.852366723046266
            ],
            [
              2.784934571278652,
              48.852367980478526
            ],
            [
              2.7849298983934165,
              48.852369930320954
            ],
            [
              2.7849243737698495,
              48.85237115974659
            ],
            [
              2.7849214825300095,
              48.85237107518343
            ],
            [
              2.784916322583071,
              48.852370383316526
            ],
            [
              2.7849122574920964,
              48.85236913100468
            ],
            [
              2.7849104038069807,
              48.85236817520729
            ],
            [
              2.784907555131234,
              48.852365722019904
            ],
            [
              2.784906588791199,
              48.85236438002458
            ],
            [
              2.7849032825299345,
              48.852364643954544
            ],
            [
              2.7848998903168787,
              48.85236444170048
            ],
            [
              2.7848937640312683,
              48.85236240783717
            ],
            [
              2.7848911159105554,
              48.852361042411886
            ],
            [
              2.7848891189733944,
              48.85235930964094
            ],
            [
              2.78488753705827,
              48.852357228376434
            ],
            [
              2.7848866636277227,
              48.85235509055561
            ],
            [
              2.7848867061925966,
              48.85235272193176
            ],
            [
              2.7848892388884288,
              48.85234826234688
            ],
            [
              2.784886368521494,
              48.85234439175506
            ],
            [
              2.7848860820161825,
              48.85234283780863
            ],
            [
              2.784886718463186,
              48.85233979104987
            ],
            [
              2.7848879704855642,
              48.85233748356011
            ],
            [
              2.784889752131675,
              48.85233544915542
            ],
            [
              2.7848918272401026,
              48.85233370668787
            ],
            [
              2.784894460622775,
              48.85233239269997
            ],
            [
              2.784897623629156,
              48.85233135179707
            ],
            [
              2.784900872587112,
              48.852330777078
            ],
            [
              2.7849049446313914,
              48.85233076738097
            ],
            [
              2.7849071560353877,
              48.8523310638956
            ],
            [
              2.7849121579875624,
              48.852328299376566
            ],
            [
              2.784913725165152,
              48.85232770122755
            ],
            [
              2.7849176539560805,
              48.852326914556905
            ],
            [
              2.784924144914663,
              48.852327027126776
            ],
            [
              2.784929863131886,
              48.85232814747287
            ],
            [
              2.7849354241841144,
              48.852331014864035
            ],
            [
              2.784938315421665,
              48.85233109942684
            ],
            [
              2.7849422155617765,
              48.85233015736072
            ]
          ]
        ]
      },
      "properties": {
        "id": "s_5d5f71ee797f7a72d2000183",
        "destinationNodes": [],
        "center": [
          2.784920028846815,
          48.85234860477472
        ],
        "details": {
          "description": "",
          "name": "",
          "images": []
        }
      }
    },
    {
      "type": "Feature",
      "geometry": {
        "type": "Polygon",
        "coordinates": [
          [
            [
              2.7834387508864498,
              48.85244464657339
            ],
            [
              2.7834448771230127,
              48.85244668051378
            ],
            [
              2.7834475252088122,
              48.85244804597219
            ],
            [
              2.783449522099618,
              48.85244977876804
            ],
            [
              2.783451103957886,
              48.85245186005222
            ],
            [
              2.783451977328822,
              48.85245399788387
            ],
            [
              2.783451934695984,
              48.85245636650721
            ],
            [
              2.7834494018666547,
              48.85246082606062
            ],
            [
              2.7834522721291703,
              48.852464696688095
            ],
            [
              2.7834525585906764,
              48.85246625063808
            ],
            [
              2.783451922054788,
              48.85246929738896
            ],
            [
              2.783451084995769,
              48.85247125637482
            ],
            [
              2.783447170829668,
              48.852474722409
            ],
            [
              2.783441846680994,
              48.85247703952879
            ],
            [
              2.783438626342913,
              48.85247776960188
            ],
            [
              2.783435320066422,
              48.852478033489874
            ],
            [
              2.7834344257144017,
              48.85247968168561
            ],
            [
              2.7834330303909747,
              48.8524812121846
            ],
            [
              2.7834311054500103,
              48.85248246959182
            ],
            [
              2.783426432495536,
              48.8524844193735
            ],
            [
              2.783420907822416,
              48.852485648727274
            ],
            [
              2.7834180165785036,
              48.852485564126546
            ],
            [
              2.783412856640543,
              48.85248487219253
            ],
            [
              2.783408791577881,
              48.85248361982785
            ],
            [
              2.7834069379172286,
              48.85248266400636
            ],
            [
              2.7834040893086387,
              48.85248021078193
            ],
            [
              2.7834031230066936,
              48.85247886877403
            ],
            [
              2.7833998167299443,
              48.85247913266101
            ],
            [
              2.783396424515205,
              48.85247893036284
            ],
            [
              2.783390298276663,
              48.85247689641986
            ],
            [
              2.783387650190899,
              48.852475530960156
            ],
            [
              2.783385653301208,
              48.85247379816322
            ],
            [
              2.783384071444967,
              48.85247171687817
            ],
            [
              2.783383198076622,
              48.852469579046
            ],
            [
              2.783383240712723,
              48.852467210422674
            ],
            [
              2.783385773548269,
              48.85246275087073
            ],
            [
              2.7833829032910056,
              48.85245888024161
            ],
            [
              2.7833826168317035,
              48.852457326291436
            ],
            [
              2.7833832533716576,
              48.85245427954095
            ],
            [
              2.7833845054661936,
              48.85245197206747
            ],
            [
              2.7833862871774713,
              48.85244993768594
            ],
            [
              2.783388362342971,
              48.85244819524537
            ],
            [
              2.7833909957711236,
              48.85244688129173
            ],
            [
              2.783394158815995,
              48.85244584042992
            ],
            [
              2.7833974077986396,
              48.852445265753104
            ],
            [
              2.7834014798525213,
              48.85244525610902
            ],
            [
              2.7834036912526696,
              48.852445552652405
            ],
            [
              2.7834086932993007,
              48.852442788198424
            ],
            [
              2.783410260498437,
              48.85244219006978
            ],
            [
              2.783414189321973,
              48.852441403450214
            ],
            [
              2.7834206802920174,
              48.8524415161045
            ],
            [
              2.783426398488671,
              48.85244263652493
            ],
            [
              2.7834319594675074,
              48.85244550398841
            ],
            [
              2.78343485070913,
              48.85244558858881
            ],
            [
              2.7834387508864498,
              48.85244464657339
            ]
          ]
        ]
      },
      "properties": {
        "id": "s_5d5f71ee797f7a72d2000184",
        "destinationNodes": [],
        "center": [
          2.783416563566777,
          48.85246309369891
        ],
        "details": {
          "description": "",
          "name": "",
          "images": []
        }
      }
    },
    {
      "type": "Feature",
      "geometry": {
        "type": "Polygon",
        "coordinates": [
          [
            [
              2.780923879352248,
              48.85469219487277
            ],
            [
              2.7809300057616793,
              48.854694228946414
            ],
            [
              2.7809326538977746,
              48.85469559446241
            ],
            [
              2.7809346507911896,
              48.8546973273017
            ],
            [
              2.780936232615929,
              48.85469940862026
            ],
            [
              2.7809371059186887,
              48.85470154647092
            ],
            [
              2.780937063164957,
              48.85470391509334
            ],
            [
              2.780934529997906,
              48.85470837459164
            ],
            [
              2.7809374001948544,
              48.85471224528155
            ],
            [
              2.7809376865911637,
              48.854713799237786
            ],
            [
              2.7809370498736548,
              48.85471684597481
            ],
            [
              2.7809362126786534,
              48.85471880494247
            ],
            [
              2.780932298162721,
              48.85472227089151
            ],
            [
              2.780926973658628,
              48.85472458789552
            ],
            [
              2.7809237531392967,
              48.85472531789858
            ],
            [
              2.780920446701116,
              48.85472558171465
            ],
            [
              2.7809195522261523,
              48.85472722989094
            ],
            [
              2.7809181567632026,
              48.85472876035958
            ],
            [
              2.780916231672657,
              48.85473001772494
            ],
            [
              2.7809115584104496,
              48.85473196740499
            ],
            [
              2.7809060334275477,
              48.854733196638634
            ],
            [
              2.7809031420580825,
              48.854733111975
            ],
            [
              2.780897981923225,
              48.85473241992876
            ],
            [
              2.78089391674097,
              48.85473116747567
            ],
            [
              2.7808920630451115,
              48.85473021161385
            ],
            [
              2.780889214431862,
              48.85472775832748
            ],
            [
              2.7808882481539468,
              48.85472641629857
            ],
            [
              2.7808849417155064,
              48.854726680113636
            ],
            [
              2.7808815493586363,
              48.85472647774169
            ],
            [
              2.780875422947227,
              48.85472444366548
            ],
            [
              2.780872774811167,
              48.854723078148176
            ],
            [
              2.7808707779188664,
              48.854721345307816
            ],
            [
              2.7808691960961553,
              48.85471926398836
            ],
            [
              2.7808683227959867,
              48.85471712613719
            ],
            [
              2.780868365552982,
              48.854714757514785
            ],
            [
              2.7808708987262496,
              48.85471029801793
            ],
            [
              2.7808680285345546,
              48.85470642732638
            ],
            [
              2.7808677421404497,
              48.854704873369975
            ],
            [
              2.7808683788620243,
              48.85470182663334
            ],
            [
              2.7808696311286814,
              48.854699519187086
            ],
            [
              2.7808714130221386,
              48.85469748484431
            ],
            [
              2.780873488368328,
              48.854695742448875
            ],
            [
              2.7808761219807105,
              48.854694428552506
            ],
            [
              2.7808792852198705,
              48.85469338775949
            ],
            [
              2.7808825343772443,
              48.85469281315332
            ],
            [
              2.7808866066144247,
              48.85469280359781
            ],
            [
              2.780888818098957,
              48.854693100189294
            ],
            [
              2.7808938205090175,
              48.85469033584409
            ],
            [
              2.780895387808558,
              48.854689737749545
            ],
            [
              2.7808993168479903,
              48.8546889512154
            ],
            [
              2.780905808103787,
              48.85468906401086
            ],
            [
              2.7809115265008777,
              48.85469018455567
            ],
            [
              2.7809170875853364,
              48.8546930521401
            ],
            [
              2.780919978952511,
              48.85469313680338
            ],
            [
              2.780923879352248,
              48.85469219487277
            ]
          ]
        ]
      },
      "properties": {
        "id": "s_5d5f71ee797f7a72d2000185",
        "destinationNodes": [],
        "center": [
          2.7809016901098498,
          48.85471064151576
        ],
        "details": {
          "description": "",
          "name": "",
          "images": []
        }
      }
    },
    {
      "type": "Feature",
      "geometry": {
        "type": "Polygon",
        "coordinates": [
          [
            [
              2.7807686906314366,
              48.85469275101462
            ],
            [
              2.7807748170346316,
              48.85469478509649
            ],
            [
              2.7807774651665227,
              48.85469615061606
            ],
            [
              2.7807794620545883,
              48.85469788345801
            ],
            [
              2.7807810438728926,
              48.85469996477869
            ],
            [
              2.7807819171690347,
              48.854702102630526
            ],
            [
              2.7807818744079595,
              48.85470447125289
            ],
            [
              2.7807793412270563,
              48.85470893074779
            ],
            [
              2.7807822114120375,
              48.85471280144156
            ],
            [
              2.780782497803533,
              48.854714355398166
            ],
            [
              2.7807818610765724,
              48.85471740213433
            ],
            [
              2.7807810238754884,
              48.85471936110087
            ],
            [
              2.780777109348769,
              48.854722827044675
            ],
            [
              2.780771784837434,
              48.85472514404153
            ],
            [
              2.7807685643158035,
              48.854725874040255
            ],
            [
              2.780765257876769,
              48.85472613785191
            ],
            [
              2.7807643633966856,
              48.854727786026984
            ],
            [
              2.780762967928976,
              48.85472931649376
            ],
            [
              2.780761042834511,
              48.85473057385652
            ],
            [
              2.7807563695662076,
              48.8547325235303
            ],
            [
              2.7807508445794342,
              48.85473375275653
            ],
            [
              2.7807479532101995,
              48.85473366808902
            ],
            [
              2.7807427930774296,
              48.85473297603586
            ],
            [
              2.7807387278990126,
              48.85473172357731
            ],
            [
              2.780736874206096,
              48.85473076771301
            ],
            [
              2.7807340256004207,
              48.85472831442281
            ],
            [
              2.780733059326655,
              48.85472697239262
            ],
            [
              2.78072975288736,
              48.85472723620323
            ],
            [
              2.7807263605310792,
              48.85472703382673
            ],
            [
              2.780720234125907,
              48.854724999742295
            ],
            [
              2.7807175859940507,
              48.85472363422143
            ],
            [
              2.7807155891071,
              48.854721901378404
            ],
            [
              2.780714007290823,
              48.85471982005682
            ],
            [
              2.780713133997272,
              48.85471768220449
            ],
            [
              2.7807131767616102,
              48.85471531358214
            ],
            [
              2.780715709948731,
              48.85471085408868
            ],
            [
              2.780712839769003,
              48.854706983393285
            ],
            [
              2.7807125533797126,
              48.85470542943649
            ],
            [
              2.7807131901107387,
              48.854702382700694
            ],
            [
              2.7807144423845624,
              48.85470007525615
            ],
            [
              2.780716224284346,
              48.85469804091576
            ],
            [
              2.78071829963596,
              48.85469629852311
            ],
            [
              2.7807209332524447,
              48.85469498463026
            ],
            [
              2.7807240964948665,
              48.8546939438415
            ],
            [
              2.7807273456540575,
              48.85469336923968
            ],
            [
              2.7807314178913125,
              48.85469335968964
            ],
            [
              2.7807336293749505,
              48.854693656284084
            ],
            [
              2.7807386317936356,
              48.85469089194561
            ],
            [
              2.7807401990950473,
              48.85469029385316
            ],
            [
              2.780744128136962,
              48.854689507324295
            ],
            [
              2.7807506193924816,
              48.85468962012846
            ],
            [
              2.780756337786162,
              48.854690740680944
            ],
            [
              2.7807618988617926,
              48.85469360827284
            ],
            [
              2.7807647902287376,
              48.85469369293998
            ],
            [
              2.7807686906314366,
              48.85469275101462
            ]
          ]
        ]
      },
      "properties": {
        "id": "s_5d5f71ee797f7a72d2000186",
        "destinationNodes": [],
        "center": [
          2.7807465013316093,
          48.85471119762783
        ],
        "details": {
          "description": "",
          "name": "",
          "images": []
        }
      }
    },
    {
      "type": "Feature",
      "geometry": {
        "type": "Polygon",
        "coordinates": [
          [
            [
              2.7807407067772663,
              48.854589022340996
            ],
            [
              2.7807468331666287,
              48.85459105642435
            ],
            [
              2.78074948129227,
              48.85459242194455
            ],
            [
              2.7807514781752287,
              48.85459415478699
            ],
            [
              2.780753059989092,
              48.854596236108065
            ],
            [
              2.78075393328223,
              48.8545983739601
            ],
            [
              2.7807538905199185,
              48.85460074258245
            ],
            [
              2.7807513573417704,
              48.854605202076755
            ],
            [
              2.780754227518641,
              48.854609072771204
            ],
            [
              2.7807545139086733,
              48.85461062672789
            ],
            [
              2.7807538771813287,
              48.8546136734639
            ],
            [
              2.7807530399808846,
              48.854615632430246
            ],
            [
              2.780749125460338,
              48.85461909837311
            ],
            [
              2.78074380095874,
              48.85462141536866
            ],
            [
              2.780740580443375,
              48.85462214536661
            ],
            [
              2.780737274011043,
              48.85462240917745
            ],
            [
              2.7807363795318922,
              48.85462405735232
            ],
            [
              2.7807349840662177,
              48.85462558781875
            ],
            [
              2.780733058975039,
              48.85462684518106
            ],
            [
              2.780728385715329,
              48.85462879485371
            ],
            [
              2.7807228607393153,
              48.854630024078595
            ],
            [
              2.78071996937612,
              48.85462993941039
            ],
            [
              2.780714809254428,
              48.85462924735598
            ],
            [
              2.780710744085135,
              48.85462799489643
            ],
            [
              2.7807088903965935,
              48.85462703903168
            ],
            [
              2.780706041798192,
              48.8546245857408
            ],
            [
              2.780705075527179,
              48.85462324371036
            ],
            [
              2.780701769094587,
              48.85462350752019
            ],
            [
              2.7806983767454487,
              48.854623305142866
            ],
            [
              2.7806922503541083,
              48.854621271056956
            ],
            [
              2.780689602228503,
              48.85461990553544
            ],
            [
              2.780687605346658,
              48.85461817269193
            ],
            [
              2.780686023534823,
              48.85461609136996
            ],
            [
              2.7806851502442766,
              48.854613953517415
            ],
            [
              2.780685193009851,
              48.85461158489508
            ],
            [
              2.780687726194216,
              48.85460712540224
            ],
            [
              2.7806848560225994,
              48.854603254706134
            ],
            [
              2.780684569634771,
              48.85460170074927
            ],
            [
              2.7806852063661815,
              48.85459865401364
            ],
            [
              2.7806864586387006,
              48.85459634656937
            ],
            [
              2.7806882405359294,
              48.85459431222943
            ],
            [
              2.780690315884218,
              48.854592569837294
            ],
            [
              2.78069294949598,
              48.854591255945074
            ],
            [
              2.780696112732429,
              48.854590215157096
            ],
            [
              2.780699361885209,
              48.85458964055606
            ],
            [
              2.7807034341140318,
              48.854589631006995
            ],
            [
              2.780705645592922,
              48.854589927601985
            ],
            [
              2.780710648002787,
              48.8545871632647
            ],
            [
              2.780712215301286,
              48.85458656517264
            ],
            [
              2.780716144335499,
              48.85458577864474
            ],
            [
              2.7807226355775057,
              48.85458589145047
            ],
            [
              2.7807283539587107,
              48.85458701200433
            ],
            [
              2.780733915021216,
              48.85458987959756
            ],
            [
              2.7807368063821216,
              48.85458996426542
            ],
            [
              2.7807407067772663,
              48.854589022340996
            ]
          ]
        ]
      },
      "properties": {
        "id": "s_5d5f71ee797f7a72d2000187",
        "destinationNodes": [],
        "center": [
          2.7807185175131015,
          48.854607468948856
        ],
        "details": {
          "description": "",
          "name": "",
          "images": []
        }
      }
    },
    {
      "type": "Feature",
      "geometry": {
        "type": "Polygon",
        "coordinates": [
          [
            [
              2.780624555348902,
              48.85395227199675
            ],
            [
              2.7806306816556208,
              48.85395430608625
            ],
            [
              2.780633329744411,
              48.8539556716091
            ],
            [
              2.7806353265979493,
              48.85395740445356
            ],
            [
              2.780636908386863,
              48.85395948577622
            ],
            [
              2.78063778166393,
              48.85396162362914
            ],
            [
              2.7806377388966657,
              48.85396399225145
            ],
            [
              2.780635205740387,
              48.8539684517432
            ],
            [
              2.780638075871767,
              48.85397232244054
            ],
            [
              2.7806383622545505,
              48.85397387639752
            ],
            [
              2.7806377255282326,
              48.8539769231329
            ],
            [
              2.7806368883338903,
              48.85397888209837
            ],
            [
              2.7806329738550883,
              48.8539823480373
            ],
            [
              2.7806276494158357,
              48.85398466502752
            ],
            [
              2.780624428939739,
              48.853985395022235
            ],
            [
              2.78062112254885,
              48.85398565882976
            ],
            [
              2.7806202280772503,
              48.853987307003734
            ],
            [
              2.7806188326257733,
              48.85398883746875
            ],
            [
              2.7806169075561615,
              48.853990094829115
            ],
            [
              2.7806122343513664,
              48.85399204449708
            ],
            [
              2.7806067094427735,
              48.85399327371642
            ],
            [
              2.7806038181165493,
              48.8539931890453
            ],
            [
              2.780598658062097,
              48.853992496985704
            ],
            [
              2.7805945929474163,
              48.85399124452208
            ],
            [
              2.7805927392846708,
              48.85399028865547
            ],
            [
              2.7805898907281956,
              48.853987835361714
            ],
            [
              2.780588924472587,
              48.85398649333031
            ],
            [
              2.780585618081439,
              48.853986757136816
            ],
            [
              2.780582225775918,
              48.85398655475609
            ],
            [
              2.7805760994672206,
              48.85398452066402
            ],
            [
              2.7805734513784666,
              48.853983155139865
            ],
            [
              2.7805714545260423,
              48.853981422294325
            ],
            [
              2.7805698727391572,
              48.85397934097077
            ],
            [
              2.78056899946468,
              48.853977203117346
            ],
            [
              2.780569042235208,
              48.85397483449506
            ],
            [
              2.7805715753977034,
              48.85397037500475
            ],
            [
              2.7805687052715773,
              48.85396650430577
            ],
            [
              2.7805684188909976,
              48.853964950348626
            ],
            [
              2.7805690556213816,
              48.85396190361363
            ],
            [
              2.7805703078833277,
              48.85395959617064
            ],
            [
              2.780572089762614,
              48.853957561832466
            ],
            [
              2.7805741650885496,
              48.8539558194424
            ],
            [
              2.780576798669864,
              48.85395450555285
            ],
            [
              2.780579961868495,
              48.853953464768026
            ],
            [
              2.7805832109812822,
              48.85395289017028
            ],
            [
              2.7805872831583316,
              48.85395288062529
            ],
            [
              2.7805894946084053,
              48.8539531772225
            ],
            [
              2.7805944969610605,
              48.853950412890256
            ],
            [
              2.7805960642410126,
              48.85394981479977
            ],
            [
              2.780599993227077,
              48.8539490282758
            ],
            [
              2.7806064843862583,
              48.853949141088066
            ],
            [
              2.7806122026921303,
              48.85395026164766
            ],
            [
              2.780617763677247,
              48.85395312924649
            ],
            [
              2.780620655001181,
              48.85395321391725
            ],
            [
              2.780624555348902,
              48.85395227199675
            ]
          ]
        ]
      },
      "properties": {
        "id": "s_5d5f71ee797f7a72d2000188",
        "destinationNodes": [],
        "center": [
          2.78060236632415,
          48.853970718582296
        ],
        "details": {
          "description": "",
          "name": "",
          "images": []
        }
      }
    },
    {
      "type": "Feature",
      "geometry": {
        "type": "Polygon",
        "coordinates": [
          [
            [
              2.7806702655871613,
              48.85356703765738
            ],
            [
              2.7806763918485946,
              48.85356907174445
            ],
            [
              2.7806790399182524,
              48.853570437266264
            ],
            [
              2.7806810367580064,
              48.85357217010992
            ],
            [
              2.7806826185366478,
              48.85357425143196
            ],
            [
              2.7806834918089463,
              48.85357638928454
            ],
            [
              2.7806834490441723,
              48.85357875790687
            ],
            [
              2.7806809159114563,
              48.85358321739961
            ],
            [
              2.7806837860242823,
              48.853587088095814
            ],
            [
              2.7806840724062805,
              48.85358864205268
            ],
            [
              2.7806834356876426,
              48.8535916887883
            ],
            [
              2.7806825985015298,
              48.85359364775413
            ],
            [
              2.780678684056013,
              48.853597113694605
            ],
            [
              2.780673359659846,
              48.85359943068691
            ],
            [
              2.7806701392091973,
              48.8536001606829
            ],
            [
              2.780666832843992,
              48.853600424491724
            ],
            [
              2.780665938380779,
              48.853602072666035
            ],
            [
              2.7806645429414365,
              48.85360360313163
            ],
            [
              2.7806626178877853,
              48.85360486049277
            ],
            [
              2.7806579447207302,
              48.85360681016256
            ],
            [
              2.7806524198557727,
              48.85360803938408
            ],
            [
              2.780649528551721,
              48.85360795471412
            ],
            [
              2.780644368536343,
              48.85360726265656
            ],
            [
              2.7806403034518006,
              48.853606010194554
            ],
            [
              2.780638449802446,
              48.85360505432866
            ],
            [
              2.7806356012656526,
              48.853602601036044
            ],
            [
              2.7806346350162547,
              48.85360125900501
            ],
            [
              2.7806313286507898,
              48.85360152281283
            ],
            [
              2.7806279363711877,
              48.85360132043344
            ],
            [
              2.780621810107777,
              48.853599286343794
            ],
            [
              2.780619162038153,
              48.85359792082067
            ],
            [
              2.7806171651995135,
              48.853596187975945
            ],
            [
              2.780615583422901,
              48.85359410665301
            ],
            [
              2.780614710153193,
              48.853591968799925
            ],
            [
              2.7806147529212306,
              48.85358960017762
            ],
            [
              2.7806172860601635,
              48.85358514068631
            ],
            [
              2.7806144159525905,
              48.853581269988474
            ],
            [
              2.780614129572797,
              48.85357971603143
            ],
            [
              2.7806147662955008,
              48.85357666929619
            ],
            [
              2.7806160185457047,
              48.8535743618527
            ],
            [
              2.780617800409423,
              48.85357232751382
            ],
            [
              2.7806198757177985,
              48.853570585122945
            ],
            [
              2.780622509277649,
              48.85356927123234
            ],
            [
              2.7806256724509892,
              48.853568230446285
            ],
            [
              2.7806289215382507,
              48.85356765584723
            ],
            [
              2.780632993683956,
              48.85356764630065
            ],
            [
              2.780635205117283,
              48.85356794289698
            ],
            [
              2.7806402074289225,
              48.853565178562754
            ],
            [
              2.7806417746962677,
              48.85356458047164
            ],
            [
              2.780645703651382,
              48.85356379394612
            ],
            [
              2.780652194760716,
              48.85356390675582
            ],
            [
              2.7806579130236075,
              48.853565027313174
            ],
            [
              2.78066347396855,
              48.853567894909794
            ],
            [
              2.7806663652703123,
              48.85356797957941
            ],
            [
              2.7806702655871613,
              48.85356703765738
            ]
          ]
        ]
      },
      "properties": {
        "id": "s_5d5f71ee797f7a72d2000189",
        "destinationNodes": [],
        "center": [
          2.7806480767499875,
          48.8535854842517
        ],
        "details": {
          "description": "",
          "name": "",
          "images": []
        }
      }
    },
    {
      "type": "Feature",
      "geometry": {
        "type": "Polygon",
        "coordinates": [
          [
            [
              2.78063921384714,
              48.85367941864277
            ],
            [
              2.7806453401210645,
              48.85368145273149
            ],
            [
              2.7806479881958204,
              48.853682818254015
            ],
            [
              2.7806499850389823,
              48.85368455109822
            ],
            [
              2.7806515668198837,
              48.853686632420676
            ],
            [
              2.7806524400928163,
              48.853688770273486
            ],
            [
              2.780652397326478,
              48.8536911388958
            ],
            [
              2.7806498641853095,
              48.85369559838787
            ],
            [
              2.780652734302179,
              48.853699469084845
            ],
            [
              2.780653020683856,
              48.85370102304177
            ],
            [
              2.7806523839618995,
              48.85370406977723
            ],
            [
              2.780651546772693,
              48.85370602874282
            ],
            [
              2.78064763231624,
              48.85370949468225
            ],
            [
              2.780642307906684,
              48.85371181167315
            ],
            [
              2.780639087448353,
              48.85371254166826
            ],
            [
              2.7806357810755613,
              48.85371280547619
            ],
            [
              2.780634886609319,
              48.853714453650284
            ],
            [
              2.7806334911658954,
              48.85371598411548
            ],
            [
              2.7806315661071426,
              48.85371724147611
            ],
            [
              2.7806268929283884,
              48.85371919114466
            ],
            [
              2.7806213680502667,
              48.85372042036468
            ],
            [
              2.780618476739776,
              48.85372033569395
            ],
            [
              2.780613316713245,
              48.85371964363501
            ],
            [
              2.7806092516203536,
              48.8537183911719
            ],
            [
              2.7806073979674313,
              48.85371743530552
            ],
            [
              2.7806045494257643,
              48.85371498201213
            ],
            [
              2.7806035831750293,
              48.85371363998085
            ],
            [
              2.780600276801979,
              48.85371390378777
            ],
            [
              2.780596884514887,
              48.853713701407464
            ],
            [
              2.7805907582389855,
              48.85371166731618
            ],
            [
              2.780588110164264,
              48.85371030179234
            ],
            [
              2.7805861133222174,
              48.853708568947084
            ],
            [
              2.780584531543344,
              48.85370648762371
            ],
            [
              2.780583658273002,
              48.853704349770396
            ],
            [
              2.7805837010426036,
              48.85370198114811
            ],
            [
              2.7805862341899883,
              48.85369752165749
            ],
            [
              2.780583364078373,
              48.853693650958874
            ],
            [
              2.7805830776989002,
              48.85369209700177
            ],
            [
              2.7805837144249224,
              48.85368905026668
            ],
            [
              2.7805849666793687,
              48.85368674282353
            ],
            [
              2.7805867485483486,
              48.85368470848513
            ],
            [
              2.7805888238624634,
              48.8536829660948
            ],
            [
              2.7805914574290402,
              48.85368165220491
            ],
            [
              2.7805946206101266,
              48.853680611419705
            ],
            [
              2.780597869705037,
              48.85368003682153
            ],
            [
              2.78060194185989,
              48.85368002727603
            ],
            [
              2.7806041532979973,
              48.85368032387296
            ],
            [
              2.7806091556225794,
              48.85367755954009
            ],
            [
              2.780610722893815,
              48.853676961449395
            ],
            [
              2.7806146518582358,
              48.85367617492493
            ],
            [
              2.7806211429820715,
              48.85367628773636
            ],
            [
              2.780626861257105,
              48.85367740829524
            ],
            [
              2.780632422212752,
              48.85368027589336
            ],
            [
              2.7806353135209525,
              48.853680360563764
            ],
            [
              2.78063921384714,
              48.85367941864277
            ]
          ]
        ]
      },
      "properties": {
        "id": "s_5d5f71ee797f7a72d200018a",
        "destinationNodes": [],
        "center": [
          2.7806170249487185,
          48.85369786523116
        ],
        "details": {
          "description": "",
          "name": "",
          "images": []
        }
      }
    },
    {
      "type": "Feature",
      "geometry": {
        "type": "Polygon",
        "coordinates": [
          [
            [
              2.780816547126743,
              48.853649501401705
            ],
            [
              2.780822673404211,
              48.853651535481035
            ],
            [
              2.7808253214822223,
              48.8536529009995
            ],
            [
              2.7808273183303287,
              48.853654633840634
            ],
            [
              2.7808289001176565,
              48.85365671516068
            ],
            [
              2.7808297733976404,
              48.85365885301215
            ],
            [
              2.7808297306397174,
              48.85366122163453
            ],
            [
              2.7808271975158596,
              48.85366568113049
            ],
            [
              2.780830067644724,
              48.85366955182306
            ],
            [
              2.7808303540317345,
              48.853671105779554
            ],
            [
              2.7808297173209504,
              48.85367415251597
            ],
            [
              2.7808288801391834,
              48.85367611148286
            ],
            [
              2.780824965697346,
              48.85367957742829
            ],
            [
              2.7808196412991792,
              48.85368189442735
            ],
            [
              2.7808164208453583,
              48.8536826244274
            ],
            [
              2.7808131144754777,
              48.85368288824041
            ],
            [
              2.7808122200156076,
              48.85368453641586
            ],
            [
              2.780810824578439,
              48.85368606688321
            ],
            [
              2.7808088995252906,
              48.85368732424678
            ],
            [
              2.780804226356235,
              48.8536892739225
            ],
            [
              2.78079870148577,
              48.853690503151
            ],
            [
              2.780795810176707,
              48.853690418484696
            ],
            [
              2.7807906501508075,
              48.853689726433664
            ],
            [
              2.7807865850559095,
              48.85368847397679
            ],
            [
              2.780784731400709,
              48.853687518113254
            ],
            [
              2.7807818828520534,
              48.85368506482424
            ],
            [
              2.7807809165971427,
              48.85368372279444
            ],
            [
              2.7807776102270028,
              48.85368398660643
            ],
            [
              2.7807742179412216,
              48.853683784231336
            ],
            [
              2.780768091661775,
              48.85368175014944
            ],
            [
              2.7807654435837996,
              48.853680384629655
            ],
            [
              2.780763446736808,
              48.853678651787455
            ],
            [
              2.780761864951508,
              48.853676570466526
            ],
            [
              2.7807609916741147,
              48.85367443261455
            ],
            [
              2.7807610344353004,
              48.853672063992185
            ],
            [
              2.7807635675653755,
              48.85366760449768
            ],
            [
              2.7807606974417642,
              48.85366373380346
            ],
            [
              2.7807604110569586,
              48.853662179846786
            ],
            [
              2.780761047771808,
              48.85365913311074
            ],
            [
              2.780762300017333,
              48.85365682566566
            ],
            [
              2.7807640818780417,
              48.85365479132455
            ],
            [
              2.780766157184744,
              48.85365304893103
            ],
            [
              2.780768790745093,
              48.85365173503709
            ],
            [
              2.780771953920603,
              48.85365069424704
            ],
            [
              2.780775203011537,
              48.85365011964388
            ],
            [
              2.780779275163922,
              48.85365011009213
            ],
            [
              2.7807814866017586,
              48.853650406685674
            ],
            [
              2.78078648891356,
              48.85364764234512
            ],
            [
              2.7807880561817395,
              48.85364704425203
            ],
            [
              2.7807919851410268,
              48.85364625772155
            ],
            [
              2.7807984762613835,
              48.85364637052303
            ],
            [
              2.7808041945369686,
              48.85364749107314
            ],
            [
              2.7808097554994498,
              48.853650358662726
            ],
            [
              2.7808126468062224,
              48.85365044332869
            ],
            [
              2.780816547126743,
              48.853649501401705
            ]
          ]
        ]
      },
      "properties": {
        "id": "s_5d5f71ee797f7a72d200018b",
        "destinationNodes": [],
        "center": [
          2.7807943583069235,
          48.85366794802411
        ],
        "details": {
          "description": "",
          "name": "",
          "images": []
        }
      }
    },
    {
      "type": "Feature",
      "geometry": {
        "type": "Polygon",
        "coordinates": [
          [
            [
              2.7810716731538956,
              48.853617791746
            ],
            [
              2.78107779943785,
              48.853619825811805
            ],
            [
              2.7810804475211417,
              48.85362119132443
            ],
            [
              2.781082444376814,
              48.85362292416116
            ],
            [
              2.781084026173747,
              48.85362500547771
            ],
            [
              2.7810848994640724,
              48.85362714332725
            ],
            [
              2.781084856718247,
              48.85362951194972
            ],
            [
              2.781082323618719,
              48.85363397145126
            ],
            [
              2.781085193765491,
              48.8536378421375
            ],
            [
              2.7810854801602396,
              48.85363939609337
            ],
            [
              2.781084843465385,
              48.853642442831216
            ],
            [
              2.781084006294131,
              48.85364440179993
            ],
            [
              2.7810800918724357,
              48.853647867753985
            ],
            [
              2.7810747674894496,
              48.8536501847648
            ],
            [
              2.7810715470413885,
              48.85365091477196
            ],
            [
              2.781068240674947,
              48.853651178592266
            ],
            [
              2.7810673462240416,
              48.8536528267697
            ],
            [
              2.781065950795557,
              48.85365435724011
            ],
            [
              2.7810640257500356,
              48.85365561460794
            ],
            [
              2.781059352593875,
              48.85365756429396
            ],
            [
              2.781053827733173,
              48.85365879353464
            ],
            [
              2.781050936425511,
              48.85365870887472
            ],
            [
              2.781045776399353,
              48.85365801683509
            ],
            [
              2.7810417113006474,
              48.853656764387175
            ],
            [
              2.78103985764175,
              48.853655808527726
            ],
            [
              2.7810370090823966,
              48.853653355244994
            ],
            [
              2.7810360428212584,
              48.85365201321733
            ],
            [
              2.7810327364545566,
              48.85365227703662
            ],
            [
              2.7810293441698932,
              48.85365207466901
            ],
            [
              2.781023217883962,
              48.85365004060063
            ],
            [
              2.7810205698007047,
              48.85364867508669
            ],
            [
              2.7810185729461465,
              48.85364694224889
            ],
            [
              2.781016991151242,
              48.85364486093147
            ],
            [
              2.7810161178635076,
              48.85364272308141
            ],
            [
              2.7810161606125963,
              48.85364035445896
            ],
            [
              2.78101869371834,
              48.85363589495885
            ],
            [
              2.781015823576822,
              48.85363202427097
            ],
            [
              2.781015537184278,
              48.85363047031493
            ],
            [
              2.781016173883198,
              48.85362742357748
            ],
            [
              2.7810174261161706,
              48.85362511612964
            ],
            [
              2.781019207965384,
              48.853623081784576
            ],
            [
              2.781021283261893,
              48.853621339386486
            ],
            [
              2.7810239168138775,
              48.85362002548675
            ],
            [
              2.7810270799820804,
              48.85361898468972
            ],
            [
              2.7810303290680274,
              48.85361841007938
            ],
            [
              2.7810344012177852,
              48.85361840051866
            ],
            [
              2.7810366126557318,
              48.853618697107315
            ],
            [
              2.781041614950278,
              48.853615932755716
            ],
            [
              2.781043182214417,
              48.85361533465919
            ],
            [
              2.7810471111672075,
              48.85361454812002
            ],
            [
              2.781053602284027,
              48.85361466090718
            ],
            [
              2.781059320561701,
              48.85361578144468
            ],
            [
              2.7810648815352734,
              48.853618649021996
            ],
            [
              2.781067772840646,
              48.853618733681586
            ],
            [
              2.7810716731538956,
              48.853617791746
            ]
          ]
        ]
      },
      "properties": {
        "id": "s_5d5f71ee797f7a72d200018c",
        "destinationNodes": [],
        "center": [
          2.781049484442135,
          48.853636238417344
        ],
        "details": {
          "description": "",
          "name": "",
          "images": []
        }
      }
    },
    {
      "type": "Feature",
      "geometry": {
        "type": "Polygon",
        "coordinates": [
          [
            [
              2.781008043983404,
              48.853450681414905
            ],
            [
              2.7810141702443225,
              48.853452715484096
            ],
            [
              2.781016818317039,
              48.853454080998176
            ],
            [
              2.7810188151638435,
              48.85345581383601
            ],
            [
              2.7810203969528504,
              48.85345789515341
            ],
            [
              2.781021270237543,
              48.85346003300345
            ],
            [
              2.7810212274888495,
              48.85346240162589
            ],
            [
              2.7810186943921082,
              48.85346686112604
            ],
            [
              2.7810215645243788,
              48.85347073181385
            ],
            [
              2.7810218509161957,
              48.85347228576989
            ],
            [
              2.781021214219594,
              48.853475332507365
            ],
            [
              2.781020377048644,
              48.853477291475635
            ],
            [
              2.781016462635609,
              48.85348075742755
            ],
            [
              2.7810111382674503,
              48.85348307443543
            ],
            [
              2.781007917829211,
              48.853483804440806
            ],
            [
              2.7810046114734703,
              48.8534840682593
            ],
            [
              2.7810037170234563,
              48.85348571643622
            ],
            [
              2.781002321597683,
              48.8534872469059
            ],
            [
              2.781000396556989,
              48.85348850427265
            ],
            [
              2.7809957234139495,
              48.853490453956105
            ],
            [
              2.7809901985701275,
              48.85349168319375
            ],
            [
              2.7809873072722238,
              48.85349159853223
            ],
            [
              2.7809821472641696,
              48.85349090648975
            ],
            [
              2.7809780821806247,
              48.85348965403961
            ],
            [
              2.78097622852913,
              48.85348869817915
            ],
            [
              2.780973379982404,
              48.85348624489484
            ],
            [
              2.780972413726198,
              48.85348490286663
            ],
            [
              2.780969107370197,
              48.85348516668411
            ],
            [
              2.780965715097114,
              48.853484964314625
            ],
            [
              2.780959588834218,
              48.853482930242876
            ],
            [
              2.780956940761536,
              48.8534815647275
            ],
            [
              2.7809549439158467,
              48.85347983188859
            ],
            [
              2.7809533621288676,
              48.853477750570285
            ],
            [
              2.780952488846766,
              48.85347561271975
            ],
            [
              2.780952531598723,
              48.85347324409732
            ],
            [
              2.7809550647016805,
              48.853468784598626
            ],
            [
              2.7809521945746627,
              48.85346491390916
            ],
            [
              2.7809519081850507,
              48.85346335995296
            ],
            [
              2.780952544885718,
              48.853460313215855
            ],
            [
              2.7809537971174443,
              48.85345800576871
            ],
            [
              2.7809555789632956,
              48.85345597142463
            ],
            [
              2.780957654255092,
              48.85345422902769
            ],
            [
              2.7809602877999566,
              48.853452915129395
            ],
            [
              2.7809634509589234,
              48.85345187433409
            ],
            [
              2.780966700034756,
              48.85345129972555
            ],
            [
              2.7809707721709325,
              48.853451290167065
            ],
            [
              2.7809729836011208,
              48.85345158675695
            ],
            [
              2.7809779858824832,
              48.85344882240811
            ],
            [
              2.7809795531421515,
              48.85344822431242
            ],
            [
              2.780983482082826,
              48.85344743777543
            ],
            [
              2.780989973177835,
              48.85344755056615
            ],
            [
              2.780995691434997,
              48.853448671106804
            ],
            [
              2.781001252386362,
              48.85345153868719
            ],
            [
              2.7810041436819755,
              48.85345162334834
            ],
            [
              2.781008043983404,
              48.853450681414905
            ]
          ]
        ]
      },
      "properties": {
        "id": "s_5d5f71ee797f7a72d200018d",
        "destinationNodes": [],
        "center": [
          2.7809858553222604,
          48.85346912807405
        ],
        "details": {
          "description": "",
          "name": "",
          "images": []
        }
      }
    },
    {
      "type": "Feature",
      "geometry": {
        "type": "Polygon",
        "coordinates": [
          [
            [
              2.7811049684373677,
              48.85347338002813
            ],
            [
              2.781111094705002,
              48.853475414092166
            ],
            [
              2.7811137427815633,
              48.85347677960403
            ],
            [
              2.781115739632628,
              48.85347851244019
            ],
            [
              2.781117321426381,
              48.85348059375628
            ],
            [
              2.781118194715609,
              48.85348273160557
            ],
            [
              2.781118151971482,
              48.85348510022804
            ],
            [
              2.7811156188822257,
              48.85348955973031
            ],
            [
              2.781118489023292,
              48.85349343041574
            ],
            [
              2.7811187754182476,
              48.85349498437152
            ],
            [
              2.781118138727255,
              48.85349803110954
            ],
            [
              2.7811173015597186,
              48.85349999007851
            ],
            [
              2.78111338715162,
              48.8535034560337
            ],
            [
              2.781108062785532,
              48.85350577304603
            ],
            [
              2.781104842347246,
              48.85350650305413
            ],
            [
              2.781101535990517,
              48.85350676687538
            ],
            [
              2.781100641543289,
              48.85350841505307
            ],
            [
              2.781099246119846,
              48.8535099455239
            ],
            [
              2.781097321080714,
              48.85351120289226
            ],
            [
              2.78109264793933,
              48.85351315257963
            ],
            [
              2.7810871230953826,
              48.853514381821924
            ],
            [
              2.781084231796004,
              48.85351429716283
            ],
            [
              2.7810790717842706,
              48.85351360512467
            ],
            [
              2.7810750066964585,
              48.85351235267794
            ],
            [
              2.781073153042272,
              48.85351139681902
            ],
            [
              2.781070304489505,
              48.8535089435371
            ],
            [
              2.7810693382302625,
              48.853507601509705
            ],
            [
              2.781066031873273,
              48.85350786532995
            ],
            [
              2.78106263959826,
              48.85350766296332
            ],
            [
              2.7810565133286484,
              48.85350562889671
            ],
            [
              2.781053865252122,
              48.85350426338354
            ],
            [
              2.781051868402172,
              48.85350253054631
            ],
            [
              2.781050286610447,
              48.853500449229315
            ],
            [
              2.7810494133238097,
              48.85349831137953
            ],
            [
              2.7810494560712,
              48.85349594275707
            ],
            [
              2.7810519891666727,
              48.85349148325624
            ],
            [
              2.7810491190308593,
              48.853487612569175
            ],
            [
              2.781048832638109,
              48.85348605861322
            ],
            [
              2.7810494693331664,
              48.85348301187559
            ],
            [
              2.7810507215609928,
              48.85348070442739
            ],
            [
              2.7810525034037137,
              48.85347867008182
            ],
            [
              2.7810545786930776,
              48.85347692768313
            ],
            [
              2.7810572122365924,
              48.85347561378263
            ],
            [
              2.7810603753949783,
              48.85347457298467
            ],
            [
              2.7810636244711717,
              48.85347399837341
            ],
            [
              2.781067696609176,
              48.85347398881152
            ],
            [
              2.7810699080409407,
              48.85347428539955
            ],
            [
              2.781074910319219,
              48.853471521046515
            ],
            [
              2.78107647757844,
              48.853470922949505
            ],
            [
              2.781080406519374,
              48.85347013640923
            ],
            [
              2.781086897617544,
              48.85347024919451
            ],
            [
              2.7810926158794684,
              48.85347136973035
            ],
            [
              2.7810981768389063,
              48.85347423730608
            ],
            [
              2.7811010681359947,
              48.853474321964825
            ],
            [
              2.7811049684373677,
              48.85347338002813
            ]
          ]
        ]
      },
      "properties": {
        "id": "s_5d5f71ee797f7a72d200018e",
        "destinationNodes": [],
        "center": [
          2.7810827798018756,
          48.85349182670585
        ],
        "details": {
          "description": "",
          "name": "",
          "images": []
        }
      }
    },
    {
      "type": "Feature",
      "geometry": {
        "type": "Polygon",
        "coordinates": [
          [
            [
              2.7854514820302847,
              48.85289831236792
            ],
            [
              2.7854576084041325,
              48.852900346201686
            ],
            [
              2.785460256568823,
              48.852901711613995
            ],
            [
              2.7854622535473887,
              48.85290344437508
            ],
            [
              2.7854638355036663,
              48.85290552563171
            ],
            [
              2.7854647089684663,
              48.85290766344817
            ],
            [
              2.78546466643047,
              48.852910032072245
            ],
            [
              2.7854621337574814,
              48.85291449166972
            ],
            [
              2.785465004201621,
              48.85291836224724
            ],
            [
              2.7854652907281974,
              48.852919916192256
            ],
            [
              2.785464654309033,
              48.852922962954175
            ],
            [
              2.785463817321188,
              48.85292492195462
            ],
            [
              2.785459903258968,
              48.85292838805692
            ],
            [
              2.7854545791552083,
              48.85293070526941
            ],
            [
              2.7854513588172978,
              48.85293143539854
            ],
            [
              2.7854480525214576,
              48.85293169934409
            ],
            [
              2.7854471582275973,
              48.85293334755538
            ],
            [
              2.7854457629530587,
              48.852934878078656
            ],
            [
              2.7854438380452047,
              48.85293613551938
            ],
            [
              2.7854391651267756,
              48.85293808538241
            ],
            [
              2.78543364045302,
              48.852939314832355
            ],
            [
              2.785430749179508,
              48.85293923028195
            ],
            [
              2.785425589166973,
              48.85293853843776
            ],
            [
              2.785421524017125,
              48.852937286143835
            ],
            [
              2.785419670301249,
              48.8529363303546
            ],
            [
              2.7854168215682167,
              48.852933877179765
            ],
            [
              2.7854158552035617,
              48.85293253518869
            ],
            [
              2.7854125489074617,
              48.85293279913322
            ],
            [
              2.7854091566538512,
              48.8529325968941
            ],
            [
              2.785403030278025,
              48.85293056305778
            ],
            [
              2.7854003821133686,
              48.85292919764415
            ],
            [
              2.7853983851359176,
              48.852927464881994
            ],
            [
              2.785396803181667,
              48.85292538362448
            ],
            [
              2.7853959297194577,
              48.85292324580752
            ],
            [
              2.785395972260717,
              48.85292087718345
            ],
            [
              2.7853985049399226,
              48.852916417587416
            ],
            [
              2.7853956345010356,
              48.85291254700826
            ],
            [
              2.7853953479766633,
              48.85291099306306
            ],
            [
              2.785395984399894,
              48.852907946301514
            ],
            [
              2.7853972364130053,
              48.852905638806256
            ],
            [
              2.7853990180586377,
              48.8529036043937
            ],
            [
              2.7854010931728874,
              48.85290186191703
            ],
            [
              2.785403726572077,
              48.852900547917535
            ],
            [
              2.785406889603763,
              48.852899507000686
            ],
            [
              2.7854101385927437,
              48.852898932267294
            ],
            [
              2.785414210683136,
              48.85289892255233
            ],
            [
              2.7854164221152447,
              48.85289921905722
            ],
            [
              2.785421424096059,
              48.85289645451617
            ],
            [
              2.7854229912853485,
              48.852895856360256
            ],
            [
              2.78542692011286,
              48.852895069672286
            ],
            [
              2.785433411146251,
              48.852895182213594
            ],
            [
              2.785439129439764,
              48.85289630253448
            ],
            [
              2.7854446905842747,
              48.852899169901164
            ],
            [
              2.7854475818554967,
              48.85289925445122
            ],
            [
              2.7854514820302847,
              48.85289831236792
            ]
          ]
        ]
      },
      "properties": {
        "id": "s_5d5f71ee797f7a72d200018f",
        "destinationNodes": [],
        "center": [
          2.785429295251213,
          48.85291675987964
        ],
        "details": {
          "description": "",
          "name": "",
          "images": []
        }
      }
    },
    {
      "type": "Feature",
      "geometry": {
        "type": "Polygon",
        "coordinates": [
          [
            [
              2.785296353631626,
              48.852883575080085
            ],
            [
              2.7853024799973682,
              48.85288560892206
            ],
            [
              2.785305128157048,
              48.85288697433793
            ],
            [
              2.785307125129657,
              48.85288870710171
            ],
            [
              2.7853087070790195,
              48.85289078836045
            ],
            [
              2.785309580536938,
              48.85289292617808
            ],
            [
              2.785309537991615,
              48.85289529480211
            ],
            [
              2.785307005305553,
              48.85289975439617
            ],
            [
              2.785309875736854,
              48.85290362497755
            ],
            [
              2.7853101622585315,
              48.85290517892295
            ],
            [
              2.785309525830113,
              48.852908225684025
            ],
            [
              2.7853086888364453,
              48.852910184683346
            ],
            [
              2.785304774764637,
              48.8529136507804
            ],
            [
              2.7852994506552635,
              48.85291596798573
            ],
            [
              2.785296230316039,
              48.852916698110555
            ],
            [
              2.7852929240203537,
              48.85291696205167
            ],
            [
              2.7852920297216492,
              48.852918610261746
            ],
            [
              2.7852906344427795,
              48.852920140783155
            ],
            [
              2.785288709531596,
              48.8529213982213
            ],
            [
              2.785284036608501,
              48.85292334807805
            ],
            [
              2.7852785119325616,
              48.85292457752061
            ],
            [
              2.7852756206601628,
              48.85292449296631
            ],
            [
              2.78527046065129,
              48.85292380111521
            ],
            [
              2.78526639550652,
              48.85292254881582
            ],
            [
              2.7852645417941506,
              48.85292159302409
            ],
            [
              2.7852616930695584,
              48.85291913984544
            ],
            [
              2.7852607267093465,
              48.85291779785308
            ],
            [
              2.785257420413402,
              48.85291806179317
            ],
            [
              2.7852540281614164,
              48.85291785954949
            ],
            [
              2.785247901793696,
              48.85291582570495
            ],
            [
              2.78524525363405,
              48.852914460287785
            ],
            [
              2.7852432566625556,
              48.85291272752294
            ],
            [
              2.78524167471522,
              48.85291064626329
            ],
            [
              2.785240801259892,
              48.852908508445154
            ],
            [
              2.7852408438084786,
              48.852906139821144
            ],
            [
              2.7852433765007567,
              48.85290168022851
            ],
            [
              2.785240506074709,
              48.852897809645505
            ],
            [
              2.7852402195552357,
              48.85289625569994
            ],
            [
              2.7852408559877193,
              48.85289320893923
            ],
            [
              2.785242108007613,
              48.85289090144564
            ],
            [
              2.785243889659024,
              48.852888867035475
            ],
            [
              2.785245964778063,
              48.8528871245616
            ],
            [
              2.785248598180549,
              48.85288581056564
            ],
            [
              2.7852517612145298,
              48.85288476965303
            ],
            [
              2.7852550102043345,
              48.852884194924
            ],
            [
              2.785259082293558,
              48.85288418521449
            ],
            [
              2.785261293724097,
              48.85288448172236
            ],
            [
              2.785266295712005,
              48.85288171718802
            ],
            [
              2.785267862902687,
              48.85288111903421
            ],
            [
              2.7852717917314798,
              48.852880332351496
            ],
            [
              2.7852782827626106,
              48.852880444901515
            ],
            [
              2.7852840010509694,
              48.85288156523009
            ],
            [
              2.7852895621849574,
              48.85288443260422
            ],
            [
              2.785292453455067,
              48.85288451715817
            ],
            [
              2.785296353631626,
              48.852883575080085
            ]
          ]
        ]
      },
      "properties": {
        "id": "s_5d5f71ee797f7a72d2000190",
        "destinationNodes": [],
        "center": [
          2.7852741668019236,
          48.852902022562056
        ],
        "details": {
          "description": "",
          "name": "",
          "images": []
        }
      }
    },
    {
      "type": "Feature",
      "geometry": {
        "type": "Polygon",
        "coordinates": [
          [
            [
              2.7853239830400534,
              48.852999630807645
            ],
            [
              2.7853301094211202,
              48.853001664648154
            ],
            [
              2.7853327575876934,
              48.8530030300634
            ],
            [
              2.785334754565888,
              48.85300476282669
            ],
            [
              2.7853363365200674,
              48.85300684408505
            ],
            [
              2.7853372099811904,
              48.85300898190247
            ],
            [
              2.785337167437077,
              48.853011350526515
            ],
            [
              2.7853346347476067,
              48.85301581012119
            ],
            [
              2.7853375051876985,
              48.85301968070187
            ],
            [
              2.7853377917108983,
              48.85302123464721
            ],
            [
              2.785337155282687,
              48.85302428140844
            ],
            [
              2.78533631828816,
              48.85302624040795
            ],
            [
              2.785332404209192,
              48.85302970650594
            ],
            [
              2.785327080088756,
              48.85303202371255
            ],
            [
              2.785323859742469,
              48.85303275383814
            ],
            [
              2.785320553439266,
              48.85303301778003
            ],
            [
              2.785319659139398,
              48.85303466599034
            ],
            [
              2.7853182638581386,
              48.853036196512086
            ],
            [
              2.785316338943187,
              48.85303745395069
            ],
            [
              2.7853116660103363,
              48.85303940380856
            ],
            [
              2.785306141322269,
              48.85304063325243
            ],
            [
              2.7853032500431203,
              48.85304054869882
            ],
            [
              2.785298090021904,
              48.853039856848945
            ],
            [
              2.785294024867019,
              48.853038604550534
            ],
            [
              2.785292171149825,
              48.85303764875926
            ],
            [
              2.785289322417275,
              48.853035195581285
            ],
            [
              2.7852883560540818,
              48.85303385358915
            ],
            [
              2.785285049750618,
              48.85303411753002
            ],
            [
              2.785281657490657,
              48.85303391528718
            ],
            [
              2.785275531107612,
              48.85303188144408
            ],
            [
              2.7852728829410736,
              48.853030516027545
            ],
            [
              2.7852708859639925,
              48.853028783263184
            ],
            [
              2.785269304011841,
              48.853026702003916
            ],
            [
              2.785268430553308,
              48.853024564185986
            ],
            [
              2.785268473100685,
              48.85302219556197
            ],
            [
              2.785271005796372,
              48.85301773596874
            ],
            [
              2.7852681353615325,
              48.85301386538642
            ],
            [
              2.7852678488405376,
              48.853012311440914
            ],
            [
              2.7852684852728142,
              48.85300926468005
            ],
            [
              2.7852697372943362,
              48.85300695718618
            ],
            [
              2.785271518948754,
              48.8530049227756
            ],
            [
              2.785273594071641,
              48.853003180301194
            ],
            [
              2.7852762274795064,
              48.853001866304595
            ],
            [
              2.7852793905202446,
              48.85300082539125
            ],
            [
              2.7852826395172636,
              48.85300025066144
            ],
            [
              2.785286711615922,
              48.85300024095097
            ],
            [
              2.7852889230517515,
              48.85300053745831
            ],
            [
              2.785293925049728,
              48.852997772922755
            ],
            [
              2.7852954922437125,
              48.85299717476857
            ],
            [
              2.785299421081178,
              48.85299638808494
            ],
            [
              2.785305912127419,
              48.852996500633395
            ],
            [
              2.7853116304296517,
              48.85299762096059
            ],
            [
              2.785317191578115,
              48.85300048833341
            ],
            [
              2.7853200828549736,
              48.85300057288665
            ],
            [
              2.7853239830400534,
              48.852999630807645
            ]
          ]
        ]
      },
      "properties": {
        "id": "s_5d5f71ee797f7a72d2000191",
        "destinationNodes": [],
        "center": [
          2.785301796169104,
          48.8530180782949
        ],
        "details": {
          "description": "",
          "name": "",
          "images": []
        }
      }
    },
    {
      "type": "Feature",
      "geometry": {
        "type": "Polygon",
        "coordinates": [
          [
            [
              2.786295791907924,
              48.85189017552241
            ],
            [
              2.786301918192702,
              48.85189220931145
            ],
            [
              2.7863045663270913,
              48.85189357470442
            ],
            [
              2.786306563294662,
              48.85189530745094
            ],
            [
              2.7863081452541785,
              48.85189738869601
            ],
            [
              2.7863090187374366,
              48.85189952650609
            ],
            [
              2.7863089762402367,
              48.85190189513048
            ],
            [
              2.7863064436934435,
              48.85190635474645
            ],
            [
              2.7863093141450475,
              48.851910225302994
            ],
            [
              2.7863096006920567,
              48.85191177924592
            ],
            [
              2.7863089643370813,
              48.85191482601249
            ],
            [
              2.786308127399123,
              48.85191678501903
            ],
            [
              2.7863042134741627,
              48.85192025114992
            ],
            [
              2.786298889516684,
              48.85192256840127
            ],
            [
              2.7862956692559315,
              48.85192329855393
            ],
            [
              2.786292363031119,
              48.8519235625236
            ],
            [
              2.7862914687830584,
              48.851925210741435
            ],
            [
              2.786290073562423,
              48.8519267412749
            ],
            [
              2.7862881487145335,
              48.85192799872968
            ],
            [
              2.786283475923079,
              48.851929948626825
            ],
            [
              2.7862779513813014,
              48.851931178117106
            ],
            [
              2.786275060164584,
              48.851931093587815
            ],
            [
              2.786269900244288,
              48.85193040178129
            ],
            [
              2.7862658351551826,
              48.85192914951705
            ],
            [
              2.7862639814605172,
              48.851928193741344
            ],
            [
              2.7862611327434834,
              48.85192574058732
            ],
            [
              2.7862601663756594,
              48.85192439860331
            ],
            [
              2.786256860150587,
              48.851924662571975
            ],
            [
              2.7862534679618745,
              48.85192446035762
            ],
            [
              2.786247341675118,
              48.85192242656602
            ],
            [
              2.7862446935407634,
              48.85192106117174
            ],
            [
              2.7862426965743063,
              48.85191932842416
            ],
            [
              2.7862411146168173,
              48.85191724717818
            ],
            [
              2.7862402411361495,
              48.85191510936759
            ],
            [
              2.7862402836366122,
              48.85191274074324
            ],
            [
              2.7862428161896213,
              48.851908281128715
            ],
            [
              2.7862399457432705,
              48.851904410570505
            ],
            [
              2.7862396591984657,
              48.851902856627426
            ],
            [
              2.7862402955575067,
              48.8518998098612
            ],
            [
              2.7862415475064983,
              48.851897502356806
            ],
            [
              2.786243329081951,
              48.85189546793126
            ],
            [
              2.786245404125034,
              48.851893725439425
            ],
            [
              2.78624803744904,
              48.8518924114207
            ],
            [
              2.786251200399482,
              48.85189137048077
            ],
            [
              2.786254449313348,
              48.85189079572365
            ],
            [
              2.7862585213215785,
              48.85189078597895
            ],
            [
              2.7862607327141564,
              48.851891082467716
            ],
            [
              2.786265734547633,
              48.85188831789014
            ],
            [
              2.78626730169528,
              48.85188771972278
            ],
            [
              2.786271230430413,
              48.85188693300613
            ],
            [
              2.7862777213349945,
              48.85188704550002
            ],
            [
              2.7862834395322524,
              48.85188816577918
            ],
            [
              2.786289000613129,
              48.85189103310524
            ],
            [
              2.7862918918275574,
              48.851891117634196
            ],
            [
              2.786295791907924,
              48.85189017552241
            ]
          ]
        ]
      },
      "properties": {
        "id": "s_5d5f71ee797f7a72d2000192",
        "destinationNodes": [],
        "center": [
          2.7862736058866746,
          48.85190862319614
        ],
        "details": {
          "description": "",
          "name": "",
          "images": []
        }
      }
    },
    {
      "type": "Feature",
      "geometry": {
        "type": "Polygon",
        "coordinates": [
          [
            [
              2.7830448359384206,
              48.85209780856241
            ],
            [
              2.7830509621165382,
              48.85209984252369
            ],
            [
              2.7830536101732473,
              48.85210120799111
            ],
            [
              2.783055607036585,
              48.85210294079377
            ],
            [
              2.783057188867517,
              48.852105022083315
            ],
            [
              2.7830580622155807,
              48.852107159917956
            ],
            [
              2.7830580195644,
              48.85210952854116
            ],
            [
              2.7830554867175263,
              48.85211398808592
            ],
            [
              2.783058356929701,
              48.85211785872319
            ],
            [
              2.7830586433769953,
              48.852119412674156
            ],
            [
              2.7830580068215425,
              48.85212245942286
            ],
            [
              2.783057169752908,
              48.852124418405865
            ],
            [
              2.78305325558665,
              48.85212788442672
            ],
            [
              2.783047931456628,
              48.852130201528375
            ],
            [
              2.783044711135111,
              48.85213093159049
            ],
            [
              2.7830414048794494,
              48.85213119546722
            ],
            [
              2.7830405105206557,
              48.8521328436599
            ],
            [
              2.7830391151948515,
              48.85213437415413
            ],
            [
              2.7830371902573288,
              48.852135631554795
            ],
            [
              2.7830325173198847,
              48.85213758132057
            ],
            [
              2.7830269926753655,
              48.85213881065554
            ],
            [
              2.783024101452149,
              48.85213872604493
            ],
            [
              2.7830189415553797,
              48.85213803409335
            ],
            [
              2.783014876530734,
              48.85213678171481
            ],
            [
              2.7830130228904446,
              48.852135825887
            ],
            [
              2.783010174320892,
              48.85213337265287
            ],
            [
              2.7830092080362014,
              48.852132030641684
            ],
            [
              2.7830059017802804,
              48.852132294517396
            ],
            [
              2.783002509590633,
              48.852132092207675
            ],
            [
              2.782996383410538,
              48.85213005824383
            ],
            [
              2.782993735353864,
              48.85212869277509
            ],
            [
              2.7829917384916407,
              48.852126959971365
            ],
            [
              2.782990156662736,
              48.852124878680925
            ],
            [
              2.7829892833172627,
              48.852122740845765
            ],
            [
              2.7829893259717062,
              48.852120372222586
            ],
            [
              2.782991858824796,
              48.85211591267929
            ],
            [
              2.7829889886178742,
              48.852112042040375
            ],
            [
              2.7829887021727844,
              48.852110488089224
            ],
            [
              2.782989338732303,
              48.852107441340905
            ],
            [
              2.782990590836321,
              48.852105133871696
            ],
            [
              2.782992372551263,
              48.852103099496226
            ],
            [
              2.782994447716097,
              48.852101357062736
            ],
            [
              2.7829970811363456,
              48.85210004311807
            ],
            [
              2.783000244167495,
              48.852099002267046
            ],
            [
              2.783003493132153,
              48.852098427601284
            ],
            [
              2.7830075651579005,
              48.85209841797107
            ],
            [
              2.783009776540395,
              48.852098714521986
            ],
            [
              2.7830147785741266,
              48.852095950085044
            ],
            [
              2.7830163457671113,
              48.85209535196176
            ],
            [
              2.7830202745696186,
              48.852094565355564
            ],
            [
              2.7830267654938097,
              48.852094678031946
            ],
            [
              2.7830324836420326,
              48.85209579847188
            ],
            [
              2.783038044559781,
              48.8520986659543
            ],
            [
              2.783040935780708,
              48.852098750564544
            ],
            [
              2.7830448359384206,
              48.85209780856241
            ]
          ]
        ]
      },
      "properties": {
        "id": "s_5d5f71ee797f7a72d2000193",
        "destinationNodes": [],
        "center": [
          2.7830226486273024,
          48.85211625561236
        ],
        "details": {
          "description": "",
          "name": "",
          "images": []
        }
      }
    },
    {
      "type": "Feature",
      "geometry": {
        "type": "Polygon",
        "coordinates": [
          [
            [
              2.7828162320447083,
              48.852116053530416
            ],
            [
              2.782822358215772,
              48.852118087503804
            ],
            [
              2.78282500626721,
              48.85211945297648
            ],
            [
              2.7828270031233635,
              48.85212118578308
            ],
            [
              2.782828584945369,
              48.85212326707576
            ],
            [
              2.7828294582839894,
              48.85212540491212
            ],
            [
              2.7828294156219777,
              48.85212777353524
            ],
            [
              2.7828268827538185,
              48.85213223307499
            ],
            [
              2.782829752949365,
              48.852136103717925
            ],
            [
              2.7828300393896686,
              48.85213765766947
            ],
            [
              2.782829402820072,
              48.85214070441691
            ],
            [
              2.7828285657421876,
              48.85214266339827
            ],
            [
              2.7828246515586765,
              48.85214612941137
            ],
            [
              2.782819327416134,
              48.852148446502504
            ],
            [
              2.78281610709011,
              48.85214917655827
            ],
            [
              2.782812800832039,
              48.85214944042845
            ],
            [
              2.7828119064653936,
              48.85215108861937
            ],
            [
              2.7828105111320927,
              48.852152619110846
            ],
            [
              2.782808586188127,
              48.85215387650771
            ],
            [
              2.7828039132400777,
              48.85215582626423
            ],
            [
              2.7827983885879317,
              48.85215705558827
            ],
            [
              2.782795497364047,
              48.85215697097196
            ],
            [
              2.7827903374685574,
              48.85215627901017
            ],
            [
              2.782786272448149,
              48.8521550266236
            ],
            [
              2.782784418811548,
              48.85215407079212
            ],
            [
              2.782781570252159,
              48.85215161755236
            ],
            [
              2.782780603973245,
              48.852150275539266
            ],
            [
              2.782777297714914,
              48.852150539408434
            ],
            [
              2.7827739055249543,
              48.852150337092006
            ],
            [
              2.782767779351913,
              48.852148303116046
            ],
            [
              2.782765131300509,
              48.85214693764208
            ],
            [
              2.7827631344454704,
              48.8521452048344
            ],
            [
              2.782761552625493,
              48.85214312354084
            ],
            [
              2.7827606792894626,
              48.85214098570396
            ],
            [
              2.7827607219547374,
              48.852138617080854
            ],
            [
              2.7827632548291135,
              48.85213415754256
            ],
            [
              2.7827603846388183,
              48.85213028689797
            ],
            [
              2.78276009820072,
              48.852128732946255
            ],
            [
              2.782760734774382,
              48.8521256861992
            ],
            [
              2.7827619868893927,
              48.852123378732465
            ],
            [
              2.7827637686142737,
              48.85212134436051
            ],
            [
              2.782765843787819,
              48.852119601931136
            ],
            [
              2.7827684772150274,
              48.85211828799165
            ],
            [
              2.7827716402520815,
              48.85211724714689
            ],
            [
              2.7827748892205477,
              48.85211667248756
            ],
            [
              2.7827789612478235,
              48.85211666286539
            ],
            [
              2.7827811726297695,
              48.852116959420684
            ],
            [
              2.782786174677946,
              48.85211419499363
            ],
            [
              2.7827877418742335,
              48.852113596873444
            ],
            [
              2.782791670681765,
              48.852112810275
            ],
            [
              2.7827981616078064,
              48.852112922964245
            ],
            [
              2.782803879752997,
              48.85211404341547
            ],
            [
              2.782809440659679,
              48.85211691090889
            ],
            [
              2.7828123318812734,
              48.85211699552484
            ],
            [
              2.7828162320447083,
              48.852116053530416
            ]
          ]
        ]
      },
      "properties": {
        "id": "s_5d5f71ee797f7a72d2000194",
        "destinationNodes": [],
        "center": [
          2.7827940446412733,
          48.85213450053652
        ],
        "details": {
          "description": "",
          "name": "",
          "images": []
        }
      }
    },
    {
      "type": "Feature",
      "geometry": {
        "type": "Polygon",
        "coordinates": [
          [
            [
              2.782711746148087,
              48.8522278312969
            ],
            [
              2.7827178723285826,
              48.85222986527582
            ],
            [
              2.782720520383085,
              48.85223123075087
            ],
            [
              2.78272251724008,
              48.85223296355928
            ],
            [
              2.7827240990612734,
              48.852235044853394
            ],
            [
              2.7827249723973826,
              48.85223718269055
            ],
            [
              2.7827249297303327,
              48.85223955131364
            ],
            [
              2.7827223968472117,
              48.852244010851095
            ],
            [
              2.7827252670410902,
              48.85224788149663
            ],
            [
              2.7827255534787896,
              48.852249435448414
            ],
            [
              2.7827249169014143,
              48.85225248219529
            ],
            [
              2.7827240798175725,
              48.852254441175894
            ],
            [
              2.7827201656180898,
              48.85225790718546
            ],
            [
              2.782714841458825,
              48.85226022427178
            ],
            [
              2.7827116211240885,
              48.85226095432462
            ],
            [
              2.7827083148580845,
              48.85226121819183
            ],
            [
              2.7827074204860023,
              48.852262866381935
            ],
            [
              2.7827060251463926,
              48.85226439687216
            ],
            [
              2.782704100195505,
              48.85226565426727
            ],
            [
              2.782699427232954,
              48.85226760401957
            ],
            [
              2.782693902565908,
              48.85226883333863
            ],
            [
              2.782691011335745,
              48.8522687487197
            ],
            [
              2.782685851430179,
              48.85226805675326
            ],
            [
              2.782681786403308,
              48.852266804363
            ],
            [
              2.782679932764564,
              48.85226584852985
            ],
            [
              2.782677084203935,
              48.85226339528751
            ],
            [
              2.782676117925663,
              48.85226205327356
            ],
            [
              2.7826728116593995,
              48.85226231713974
            ],
            [
              2.7826694194622883,
              48.85226211482025
            ],
            [
              2.7826632932798154,
              48.85226008083876
            ],
            [
              2.7826606452253477,
              48.85225871536238
            ],
            [
              2.782658648369467,
              48.8522569825529
            ],
            [
              2.7826570665503008,
              48.85225490125791
            ],
            [
              2.7826561932167824,
              48.85225276342023
            ],
            [
              2.782656235887095,
              48.85225039479718
            ],
            [
              2.7826587687764324,
              48.852245935261166
            ],
            [
              2.7826558985878065,
              48.85224206461398
            ],
            [
              2.782655612152311,
              48.852240510662
            ],
            [
              2.782656248733753,
              48.85223746391553
            ],
            [
              2.782657500856374,
              48.852235156449915
            ],
            [
              2.782659282589478,
              48.85223312207959
            ],
            [
              2.782661357771294,
              48.85223137965208
            ],
            [
              2.782663991207123,
              48.85223006571498
            ],
            [
              2.7826671542534114,
              48.852229024873076
            ],
            [
              2.7826704032303304,
              48.85222845021667
            ],
            [
              2.782674475266717,
              48.852228440598196
            ],
            [
              2.782676686652982,
              48.85222873715549
            ],
            [
              2.7826816887180956,
              48.85222597273295
            ],
            [
              2.7826832559191295,
              48.852225374614164
            ],
            [
              2.782687184737074,
              48.85222458801929
            ],
            [
              2.782693675677372,
              48.85222470071439
            ],
            [
              2.7826993938329916,
              48.852225821170784
            ],
            [
              2.782704954746105,
              48.85222868866923
            ],
            [
              2.782707845973978,
              48.8522287732878
            ],
            [
              2.782711746148087,
              48.8522278312969
            ]
          ]
        ]
      },
      "properties": {
        "id": "s_5d5f71ee797f7a72d2000195",
        "destinationNodes": [],
        "center": [
          2.782689558656618,
          48.85224627828293
        ],
        "details": {
          "description": "",
          "name": "",
          "images": []
        }
      }
    },
    {
      "type": "Feature",
      "geometry": {
        "type": "Polygon",
        "coordinates": [
          [
            [
              2.7820906934170915,
              48.852167175691946
            ],
            [
              2.7820968195649334,
              48.85216920970377
            ],
            [
              2.7820994675992887,
              48.85217057519305
            ],
            [
              2.782101464432369,
              48.85217230801219
            ],
            [
              2.782103046225828,
              48.8521743893148
            ],
            [
              2.782103919534359,
              48.85217652715664
            ],
            [
              2.782103876837978,
              48.85217889577949
            ],
            [
              2.7821013439026054,
              48.852183355303346
            ],
            [
              2.7821042140449905,
              48.8521872259643
            ],
            [
              2.7821045004630665,
              48.85218877991764
            ],
            [
              2.782103863848667,
              48.85219182666108
            ],
            [
              2.7821030267415385,
              48.85219378563718
            ],
            [
              2.7820991125038024,
              48.852197251625746
            ],
            [
              2.782093788322245,
              48.85219956868346
            ],
            [
              2.7820905679823533,
              48.85220029871901
            ],
            [
              2.782087261717082,
              48.852200562568434
            ],
            [
              2.7820863673256375,
              48.85220221075375
            ],
            [
              2.7820849719687324,
              48.85220374123647
            ],
            [
              2.7820830470045794,
              48.85220499862125
            ],
            [
              2.7820783740235027,
              48.85220694834845
            ],
            [
              2.7820728493479003,
              48.85220817763784
            ],
            [
              2.7820699581222903,
              48.8522080930034
            ],
            [
              2.78206479823156,
              48.85220740100923
            ],
            [
              2.7820607332251504,
              48.85220614859714
            ],
            [
              2.782058879600509,
              48.85220519275403
            ],
            [
              2.7820560310737634,
              48.8522027394964
            ],
            [
              2.7820550648133096,
              48.85220139747724
            ],
            [
              2.782051758547779,
              48.852201661325665
            ],
            [
              2.782048366357288,
              48.85220145898795
            ],
            [
              2.782042240207468,
              48.85219942497356
            ],
            [
              2.782039592173148,
              48.85219805948297
            ],
            [
              2.7820375953411824,
              48.852196326662764
            ],
            [
              2.782036013549751,
              48.852194245359264
            ],
            [
              2.7820351402438104,
              48.85219210751691
            ],
            [
              2.782035182943454,
              48.852189738894076
            ],
            [
              2.782037715885043,
              48.85218527937167
            ],
            [
              2.7820348457479107,
              48.85218140870907
            ],
            [
              2.7820345593320392,
              48.85217985475556
            ],
            [
              2.782035195950504,
              48.852176808012494
            ],
            [
              2.782036448100232,
              48.8521745005536
            ],
            [
              2.7820382298564135,
              48.852172466192854
            ],
            [
              2.7820403050573304,
              48.85217072377649
            ],
            [
              2.7820429385062684,
              48.85216940985353
            ],
            [
              2.782046101561636,
              48.85216836902862
            ],
            [
              2.7820493505417474,
              48.85216779438966
            ],
            [
              2.7820534225733202,
              48.85216778479305
            ],
            [
              2.782055633953227,
              48.85216808136223
            ],
            [
              2.7820606360465723,
              48.852165316966556
            ],
            [
              2.782062203253128,
              48.85216471885618
            ],
            [
              2.7820661320760696,
              48.852163932282416
            ],
            [
              2.7820726230071053,
              48.85216404501237
            ],
            [
              2.782078341141898,
              48.852165165499486
            ],
            [
              2.782083902012702,
              48.85216803302779
            ],
            [
              2.7820867932360227,
              48.85216811766188
            ],
            [
              2.7820906934170915,
              48.852167175691946
            ]
          ]
        ]
      },
      "properties": {
        "id": "s_5d5f71ee797f7a72d2000196",
        "destinationNodes": [],
        "center": [
          2.7820685057236707,
          48.85218562255882
        ],
        "details": {
          "description": "",
          "name": "",
          "images": []
        }
      }
    },
    {
      "type": "Feature",
      "geometry": {
        "type": "Polygon",
        "coordinates": [
          [
            [
              2.782397396184283,
              48.85208120385973
            ],
            [
              2.7824035223340657,
              48.852083237855304
            ],
            [
              2.7824061703722385,
              48.85208460333755
            ],
            [
              2.7824081672125045,
              48.8520863361514
            ],
            [
              2.782409749015997,
              48.852088417449814
            ],
            [
              2.782410622336125,
              48.85209055528934
            ],
            [
              2.7824105796543273,
              48.8520929239123
            ],
            [
              2.7824080467506227,
              48.85209738344288
            ],
            [
              2.782410916911791,
              48.852101254096205
            ],
            [
              2.7824112033388944,
              48.85210280804879
            ],
            [
              2.782410566744252,
              48.852105854793926
            ],
            [
              2.782409729650562,
              48.85210781377226
            ],
            [
              2.782405815440779,
              48.85211127977119
            ],
            [
              2.7824004912825586,
              48.85211359684303
            ],
            [
              2.782397270952669,
              48.852114326887126
            ],
            [
              2.782393964694692,
              48.85211459074532
            ],
            [
              2.7823930703148805,
              48.85211623893301
            ],
            [
              2.782391674969747,
              48.85211776941943
            ],
            [
              2.782389750016602,
              48.85211902680931
            ],
            [
              2.782385077055494,
              48.852120976548925
            ],
            [
              2.7823795523969093,
              48.85212220585296
            ],
            [
              2.782376661175745,
              48.85212212122616
            ],
            [
              2.7823715012896364,
              48.852121429245685
            ],
            [
              2.782367436282534,
              48.85212017684437
            ],
            [
              2.782365582655221,
              48.8521192210062
            ],
            [
              2.7823627341183386,
              48.852116767756115
            ],
            [
              2.7823617678513237,
              48.85211542573952
            ],
            [
              2.782358461593086,
              48.85211568959672
            ],
            [
              2.782355069407181,
              48.852115487268
            ],
            [
              2.78234894325542,
              48.852113453269865
            ],
            [
              2.7823462952172826,
              48.852112087786296
            ],
            [
              2.7823442983781304,
              48.85211035497138
            ],
            [
              2.782342716576666,
              48.852108273672066
            ],
            [
              2.7823418432591285,
              48.85210613583204
            ],
            [
              2.7823418859441893,
              48.852103767209094
            ],
            [
              2.7823444188541093,
              48.85209930767997
            ],
            [
              2.7823415486981946,
              48.852095437024985
            ],
            [
              2.7823412622732953,
              48.85209388307222
            ],
            [
              2.7823418988720023,
              48.85209083632747
            ],
            [
              2.782343151005446,
              48.85208852886528
            ],
            [
              2.782344932746105,
              48.8520864944998
            ],
            [
              2.7823470079327843,
              48.852084752077914
            ],
            [
              2.782349641369151,
              48.85208343814799
            ],
            [
              2.782352804412711,
              48.85208239731468
            ],
            [
              2.7823560533837233,
              48.8520818226671
            ],
            [
              2.7823601254082444,
              48.85208181305969
            ],
            [
              2.7823623367861705,
              48.852082109623
            ],
            [
              2.7823673388539922,
              48.85207934521407
            ],
            [
              2.7823689060541925,
              48.852078747099554
            ],
            [
              2.7823728348655696,
              48.852077960515345
            ],
            [
              2.7823793257861493,
              48.852078073228085
            ],
            [
              2.7823850439179862,
              48.852079193700035
            ],
            [
              2.782390604796808,
              48.852082061213586
            ],
            [
              2.782393496015682,
              48.85208214584002
            ],
            [
              2.782397396184283,
              48.85208120385973
            ]
          ]
        ]
      },
      "properties": {
        "id": "s_5d5f71ee797f7a72d2000197",
        "destinationNodes": [],
        "center": [
          2.7823752086419664,
          48.85209965078544
        ],
        "details": {
          "description": "",
          "name": "",
          "images": []
        }
      }
    },
    {
      "type": "Feature",
      "geometry": {
        "type": "Polygon",
        "coordinates": [
          [
            [
              2.7844206047553657,
              48.85496140036709
            ],
            [
              2.7844248775679015,
              48.854962478450275
            ],
            [
              2.7844285278105776,
              48.854964079271106
            ],
            [
              2.784431763006795,
              48.85496602858366
            ],
            [
              2.7844346118072063,
              48.854968481782755
            ],
            [
              2.784437589923421,
              48.854974235974026
            ],
            [
              2.7844377192389627,
              48.85497753696628
            ],
            [
              2.7844363385894835,
              48.8549817468906
            ],
            [
              2.784435444225699,
              48.854983395094074
            ],
            [
              2.7844374985531424,
              48.854985438662375
            ],
            [
              2.784439281087223,
              48.854988607696306
            ],
            [
              2.7844395389431567,
              48.854990006249096
            ],
            [
              2.7844385950222033,
              48.85499528508555
            ],
            [
              2.7844374288646274,
              48.8549980587547
            ],
            [
              2.7844354682325654,
              48.855000422793125
            ],
            [
              2.7844329779507397,
              48.85500251374435
            ],
            [
              2.7844299580191234,
              48.85500433160835
            ],
            [
              2.784426143612923,
              48.855005739841474
            ],
            [
              2.7844222146040436,
              48.855006526495444
            ],
            [
              2.784417727294895,
              48.8550068846673
            ],
            [
              2.7844139849010383,
              48.855011283102776
            ],
            [
              2.7844114373166025,
              48.855013063264025
            ],
            [
              2.7844088037802486,
              48.8550143772409
            ],
            [
              2.78440564059419,
              48.85501541813046
            ],
            [
              2.784398698620484,
              48.855016760637696
            ],
            [
              2.7843912339669137,
              48.855016568047915
            ],
            [
              2.784385221979425,
              48.85501515573674
            ],
            [
              2.784382659683743,
              48.855014256484125
            ],
            [
              2.7843800114366872,
              48.855012891047124
            ],
            [
              2.7843760746872515,
              48.85500973627707
            ],
            [
              2.7843745500106296,
              48.8550079657951
            ],
            [
              2.784371007397778,
              48.855008248560914
            ],
            [
              2.7843663768358904,
              48.85500782975689
            ],
            [
              2.7843621040207434,
              48.85500675167155
            ],
            [
              2.7843584537770796,
              48.855005150848626
            ],
            [
              2.784355218581188,
              48.85500320153402
            ],
            [
              2.7843523697826917,
              48.85500074833296
            ],
            [
              2.784349391674695,
              48.8549949941395
            ],
            [
              2.784349262364932,
              48.85499169314715
            ],
            [
              2.784350643022009,
              48.85498748322387
            ],
            [
              2.784352575007183,
              48.85498496379211
            ],
            [
              2.7843492391534705,
              48.854979868879774
            ],
            [
              2.784350161404232,
              48.85497317264006
            ],
            [
              2.7843517999141034,
              48.854970361269764
            ],
            [
              2.7843542042465725,
              48.85496780413595
            ],
            [
              2.7843571668779545,
              48.85496567548437
            ],
            [
              2.7843608953318393,
              48.8549638010692
            ],
            [
              2.7843647670375034,
              48.854962703627756
            ],
            [
              2.7843691683917937,
              48.85496187927365
            ],
            [
              2.7843741853460773,
              48.85496179419112
            ],
            [
              2.784377398859941,
              48.85496232610121
            ],
            [
              2.784379266571572,
              48.85496075788869
            ],
            [
              2.784381427757966,
              48.85495948161461
            ],
            [
              2.7843861009062683,
              48.85495753179432
            ],
            [
              2.7843916258284707,
              48.85495630239441
            ],
            [
              2.7843997703443484,
              48.85495628303607
            ],
            [
              2.7844047230272815,
              48.854957149171916
            ],
            [
              2.78440902448966,
              48.85495838265046
            ],
            [
              2.784414170757473,
              48.85496159855847
            ],
            [
              2.7844172983200237,
              48.85496166428315
            ],
            [
              2.7844206047553657,
              48.85496140036709
            ]
          ]
        ]
      },
      "properties": {
        "id": "s_5d5f71ee797f7a72d2000198",
        "destinationNodes": [],
        "center": [
          2.7843955403853,
          48.85498600463023
        ],
        "details": {
          "description": "",
          "name": "",
          "images": []
        }
      }
    },
    {
      "type": "Feature",
      "geometry": {
        "type": "Polygon",
        "coordinates": [
          [
            [
              2.7834487881922256,
              48.852917677983115
            ],
            [
              2.7834530608094017,
              48.85291875610223
            ],
            [
              2.783456710871984,
              48.85292035695372
            ],
            [
              2.7834599458982847,
              48.85292230629347
            ],
            [
              2.783462794534769,
              48.85292475951652
            ],
            [
              2.7834657724176872,
              48.85293051373283
            ],
            [
              2.7834659016638583,
              48.852933814726164
            ],
            [
              2.783464520989002,
              48.852938024638874
            ],
            [
              2.783463626629727,
              48.852939672834836
            ],
            [
              2.783465680833629,
              48.85294171642041
            ],
            [
              2.783467463233413,
              48.852944885469306
            ],
            [
              2.783467721051666,
              48.852946284024284
            ],
            [
              2.783466777066753,
              48.852951562852795
            ],
            [
              2.78346561090293,
              48.852954336512155
            ],
            [
              2.7834636503050065,
              48.852956700534094
            ],
            [
              2.7834611600842427,
              48.85295879146439
            ],
            [
              2.783458140240614,
              48.852960609303004
            ],
            [
              2.783454325962786,
              48.852962017504076
            ],
            [
              2.783450397099026,
              48.85296280412502
            ],
            [
              2.783445909966107,
              48.85296316225915
            ],
            [
              2.783442167639626,
              48.85296756066318
            ],
            [
              2.7834396201246263,
              48.852969340803014
            ],
            [
              2.7834369866702686,
              48.85297065475777
            ],
            [
              2.78343382359313,
              48.85297169562073
            ],
            [
              2.783426881876749,
              48.85297303806961
            ],
            [
              2.783419417531646,
              48.8529728454171
            ],
            [
              2.7834134058170044,
              48.85297143305537
            ],
            [
              2.783410843643382,
              48.852970533781225
            ],
            [
              2.783408195530946,
              48.85296916832197
            ],
            [
              2.783404259003471,
              48.85296601351883
            ],
            [
              2.783402734423466,
              48.85296424302406
            ],
            [
              2.7833991919497443,
              48.852964525760086
            ],
            [
              2.78339456158502,
              48.852964106917156
            ],
            [
              2.783390288965233,
              48.852963028795884
            ],
            [
              2.7833866389016637,
              48.85296142794229
            ],
            [
              2.7833834038756895,
              48.85295947860048
            ],
            [
              2.783380555241119,
              48.85295702537548
            ],
            [
              2.783377577366419,
              48.852951271156975
            ],
            [
              2.7833774481260263,
              48.85294797016355
            ],
            [
              2.783378828808479,
              48.85294376025188
            ],
            [
              2.7833807607637002,
              48.852941240836344
            ],
            [
              2.7833774251450882,
              48.85293614589596
            ],
            [
              2.783378347488213,
              48.852929449664
            ],
            [
              2.7833799859857806,
              48.85292663830748
            ],
            [
              2.7833823902697468,
              48.852924081193876
            ],
            [
              2.7833853528215156,
              48.85292195256721
            ],
            [
              2.783389081159587,
              48.85292007818335
            ],
            [
              2.7833929527285064,
              48.85291898077447
            ],
            [
              2.783397353919127,
              48.852918156457356
            ],
            [
              2.783402370670257,
              48.852918071416994
            ],
            [
              2.783405584042608,
              48.85291860335408
            ],
            [
              2.783407451708442,
              48.85291703515726
            ],
            [
              2.7834096128313908,
              48.85291575890135
            ],
            [
              2.7834142858267796,
              48.85291380912033
            ],
            [
              2.7834198105473087,
              48.852912579766866
            ],
            [
              2.783427954731082,
              48.85291256047698
            ],
            [
              2.783432907195017,
              48.85291342665445
            ],
            [
              2.783437208457849,
              48.85291466016915
            ],
            [
              2.783442354453138,
              48.85291787612043
            ],
            [
              2.783445481886737,
              48.85291794187139
            ],
            [
              2.7834487881922256,
              48.852917677983115
            ]
          ]
        ]
      },
      "properties": {
        "id": "s_5d5f71ee797f7a72d2000199",
        "destinationNodes": [],
        "center": [
          2.7834237243676454,
          48.85294228203561
        ],
        "details": {
          "description": "",
          "name": "",
          "images": []
        }
      }
    },
    {
      "type": "Feature",
      "geometry": {
        "type": "Polygon",
        "coordinates": [
          [
            [
              2.7849495070842,
              48.85232421411547
            ],
            [
              2.7849537796830446,
              48.852325292179124
            ],
            [
              2.7849574297503423,
              48.85232689298325
            ],
            [
              2.7849606647967247,
              48.85232884228101
            ],
            [
              2.7849635134729755,
              48.85233129546709
            ],
            [
              2.784966491493072,
              48.85233704964474
            ],
            [
              2.784966620836656,
              48.852340350636396
            ],
            [
              2.7849652403043557,
              48.852344560567026
            ],
            [
              2.784964346005086,
              48.852346208774584
            ],
            [
              2.784966400245893,
              48.85234825233349
            ],
            [
              2.7849681827195383,
              48.85235142135928
            ],
            [
              2.7849684405766557,
              48.8523528199109
            ],
            [
              2.7849674967611624,
              48.85235809875164
            ],
            [
              2.784966330694302,
              48.85236087242613
            ],
            [
              2.7849643701904796,
              48.85236323647352
            ],
            [
              2.78496188006191,
              48.852365327436125
            ],
            [
              2.784958860308567,
              48.85236714531395
            ],
            [
              2.7849550461181645,
              48.852368553564524
            ],
            [
              2.7849511173245562,
              48.85236934023645
            ],
            [
              2.784946630255563,
              48.85236969842882
            ],
            [
              2.784942888105284,
              48.852374096881405
            ],
            [
              2.7849403406738413,
              48.85237587705431
            ],
            [
              2.7849377072900854,
              48.852377191043246
            ],
            [
              2.7849345442816427,
              48.85237823194724
            ],
            [
              2.7849276026877883,
              48.85237957448622
            ],
            [
              2.7849201384253934,
              48.85237938193059
            ],
            [
              2.784914126739681,
              48.85237796964689
            ],
            [
              2.784911564569476,
              48.852377070405986
            ],
            [
              2.7849089164475025,
              48.85237570498111
            ],
            [
              2.7849049798721284,
              48.852372550229056
            ],
            [
              2.784903455257127,
              48.85237077975407
            ],
            [
              2.784899912833872,
              48.852371062536065
            ],
            [
              2.7848952825114823,
              48.85237064375324
            ],
            [
              2.7848910099100266,
              48.852369565687425
            ],
            [
              2.7848873598417416,
              48.8523679648812
            ],
            [
              2.784884124795685,
              48.852366015581374
            ],
            [
              2.7848812761213493,
              48.85236356239336
            ],
            [
              2.7848782981094695,
              48.8523578082135
            ],
            [
              2.7848781687716637,
              48.852354507221754
            ],
            [
              2.78487954931156,
              48.85235029729216
            ],
            [
              2.784881481168362,
              48.85234777785157
            ],
            [
              2.784878145436573,
              48.852342682954465
            ],
            [
              2.784879067568048,
              48.85233598671055
            ],
            [
              2.7848807059619247,
              48.852333175332745
            ],
            [
              2.7848831101407425,
              48.85233061818795
            ],
            [
              2.784886072593588,
              48.85232848952283
            ],
            [
              2.7848898008312806,
              48.852326615090604
            ],
            [
              2.7848936723214113,
              48.85232551763146
            ],
            [
              2.784898073435151,
              48.85232469325723
            ],
            [
              2.7849030901242626,
              48.85232460815176
            ],
            [
              2.784906303474467,
              48.85232514004715
            ],
            [
              2.784908171071156,
              48.8523235718261
            ],
            [
              2.7849103321302313,
              48.85232229554212
            ],
            [
              2.7849150050117824,
              48.85232034570048
            ],
            [
              2.7849205296299724,
              48.85231911627531
            ],
            [
              2.7849286737166254,
              48.85231909687972
            ],
            [
              2.784933626147816,
              48.85231996299292
            ],
            [
              2.784937927396634,
              48.85232119645179
            ],
            [
              2.7849430734273177,
              48.852324412336266
            ],
            [
              2.784946200825815,
              48.852324478046654
            ],
            [
              2.7849495070842,
              48.85232421411547
            ]
          ]
        ]
      },
      "properties": {
        "id": "s_5d5f71ee797f7a72d200019a",
        "destinationNodes": [],
        "center": [
          2.78492444429422,
          48.852348818493205
        ],
        "details": {
          "description": "",
          "name": "",
          "images": []
        }
      }
    },
    {
      "type": "Feature",
      "geometry": {
        "type": "Polygon",
        "coordinates": [
          [
            [
              2.7834457777954906,
              48.85243856687711
            ],
            [
              2.7834500503717132,
              48.85243964499632
            ],
            [
              2.7834537003992668,
              48.852441245847906
            ],
            [
              2.7834569353944896,
              48.85244319518775
            ],
            [
              2.7834597840035635,
              48.85244564841088
            ],
            [
              2.783462761857632,
              48.85245140262725
            ],
            [
              2.783462891102365,
              48.852454703620595
            ],
            [
              2.783461510440464,
              48.85245891353328
            ],
            [
              2.7834606160896476,
              48.8524605617292
            ],
            [
              2.783462670273767,
              48.85246260531483
            ],
            [
              2.7834644526562995,
              48.85246577436379
            ],
            [
              2.783464710472,
              48.852467172918765
            ],
            [
              2.7834637664957986,
              48.852472451747246
            ],
            [
              2.783462600342966,
              48.85247522540657
            ],
            [
              2.783460639763661,
              48.85247758942846
            ],
            [
              2.783458149566601,
              48.85247968035869
            ],
            [
              2.7834551297517605,
              48.852481498197236
            ],
            [
              2.7834513155103484,
              48.85248290639821
            ],
            [
              2.783447386684139,
              48.85248369301906
            ],
            [
              2.78344289959414,
              48.85248405115307
            ],
            [
              2.7834391573032042,
              48.85248844955699
            ],
            [
              2.7834366098124748,
              48.852490229696755
            ],
            [
              2.7834339763832388,
              48.85249154365145
            ],
            [
              2.7834308133363073,
              48.852492584514316
            ],
            [
              2.7834238716862756,
              48.85249392696302
            ],
            [
              2.7834164074126164,
              48.852493734310315
            ],
            [
              2.7834103957555927,
              48.85249232194844
            ],
            [
              2.783407833606545,
              48.85249142267423
            ],
            [
              2.7834051855195345,
              48.8524900572149
            ],
            [
              2.7834012490299243,
              48.85248690241165
            ],
            [
              2.783399724464618,
              48.852485131916836
            ],
            [
              2.783396182024779,
              48.85248541465276
            ],
            [
              2.7833915517043923,
              48.85248499580971
            ],
            [
              2.78338727912556,
              48.85248391768833
            ],
            [
              2.783383629097019,
              48.852482316834646
            ],
            [
              2.7833803941021222,
              48.85248036749276
            ],
            [
              2.783377545494963,
              48.85247791426768
            ],
            [
              2.783374567649111,
              48.852472160049096
            ],
            [
              2.7833744384101564,
              48.85246885905566
            ],
            [
              2.783375819079654,
              48.85246464914402
            ],
            [
              2.7833777510165403,
              48.85246212972855
            ],
            [
              2.78337441543016,
              48.852457034788074
            ],
            [
              2.7833753377648676,
              48.852450338556146
            ],
            [
              2.783376976246926,
              48.852447527199665
            ],
            [
              2.78337938050804,
              48.852444970086125
            ],
            [
              2.783382343031587,
              48.85244284145952
            ],
            [
              2.7833860713340934,
              48.85244096707578
            ],
            [
              2.7833899428660294,
              48.852439869666995
            ],
            [
              2.7833943440145816,
              48.85243904534999
            ],
            [
              2.7833993607177065,
              48.85243896030975
            ],
            [
              2.7834025740592745,
              48.85243949224693
            ],
            [
              2.7834044417073303,
              48.85243792405016
            ],
            [
              2.7834066028096753,
              48.852436647794306
            ],
            [
              2.7834112757604634,
              48.85243469801342
            ],
            [
              2.7834168004281974,
              48.852433468660095
            ],
            [
              2.7834249445340324,
              48.85243344937042
            ],
            [
              2.78342989695052,
              48.85243431554803
            ],
            [
              2.783434198172115,
              48.85243554906283
            ],
            [
              2.7834393441179612,
              48.85243876501422
            ],
            [
              2.783442471521627,
              48.852438830765294
            ],
            [
              2.7834457777954906,
              48.85243856687711
            ]
          ]
        ]
      },
      "properties": {
        "id": "s_5d5f71ee797f7a72d200019b",
        "destinationNodes": [],
        "center": [
          2.783420714209265,
          48.852463170928914
        ],
        "details": {
          "description": "",
          "name": "",
          "images": []
        }
      }
    },
    {
      "type": "Feature",
      "geometry": {
        "type": "Polygon",
        "coordinates": [
          [
            [
              2.780930935521748,
              48.85468627072493
            ],
            [
              2.780935208235645,
              48.854687348937084
            ],
            [
              2.780938858346665,
              48.85468894986805
            ],
            [
              2.7809420933892155,
              48.854690899278246
            ],
            [
              2.780944942002958,
              48.854693352563324
            ],
            [
              2.780947919701687,
              48.85469910684447
            ],
            [
              2.780948048786411,
              48.85470240784062
            ],
            [
              2.780946667851053,
              48.85470661772328
            ],
            [
              2.7809457733772907,
              48.85470826589976
            ],
            [
              2.7809478275509876,
              48.85471030953006
            ],
            [
              2.7809496098543613,
              48.854713478617796
            ],
            [
              2.780949867611386,
              48.854714877178374
            ],
            [
              2.7809489233276414,
              48.85472015598633
            ],
            [
              2.7809477569831276,
              48.854722929620294
            ],
            [
              2.780945796197049,
              48.85472529359954
            ],
            [
              2.780943305783155,
              48.854727384475616
            ],
            [
              2.7809402857414187,
              48.85472920224848
            ],
            [
              2.78093647125802,
              48.85473061036651
            ],
            [
              2.7809325422159006,
              48.8547313969019
            ],
            [
              2.780928054906451,
              48.85473175493833
            ],
            [
              2.780924312226557,
              48.85473615326085
            ],
            [
              2.780921764532032,
              48.85473793334521
            ],
            [
              2.7809191309185595,
              48.854739247242634
            ],
            [
              2.780915967677329,
              48.85474028803672
            ],
            [
              2.7809090256481985,
              48.854741630334445
            ],
            [
              2.780901561049086,
              48.8547414375194
            ],
            [
              2.780895549193095,
              48.854740025026786
            ],
            [
              2.780892986974184,
              48.854739125696845
            ],
            [
              2.780890338836868,
              48.85473776017992
            ],
            [
              2.7808864023289868,
              48.85473460529107
            ],
            [
              2.780884877784164,
              48.85473283476309
            ],
            [
              2.780881335171075,
              48.85473311742197
            ],
            [
              2.780876704663835,
              48.85473269847823
            ],
            [
              2.7808724319473277,
              48.85473162026393
            ],
            [
              2.7808687818353204,
              48.85473001933084
            ],
            [
              2.780865546793097,
              48.8547280699186
            ],
            [
              2.780862698181269,
              48.85472561663157
            ],
            [
              2.78085972049076,
              48.85471986234824
            ],
            [
              2.780859591411815,
              48.85471656135197
            ],
            [
              2.7808609723547693,
              48.85471235147036
            ],
            [
              2.7808629045049496,
              48.85470983209691
            ],
            [
              2.780859569024733,
              48.8547047370839
            ],
            [
              2.7808604917372097,
              48.85469804087201
            ],
            [
              2.7808621304340497,
              48.854695229551155
            ],
            [
              2.780864534931557,
              48.85469267248992
            ],
            [
              2.7808674976950383,
              48.854690543927745
            ],
            [
              2.7808712262590904,
              48.854688669625084
            ],
            [
              2.7808750980199735,
              48.854687572300506
            ],
            [
              2.780879499407534,
              48.85468674807921
            ],
            [
              2.7808845163401705,
              48.854686663148094
            ],
            [
              2.780887729799291,
              48.854687195155144
            ],
            [
              2.780889597609973,
              48.85468562699899
            ],
            [
              2.7808917588734543,
              48.85468435079014
            ],
            [
              2.7808964321319873,
              48.854682401110885
            ],
            [
              2.7809019571095193,
              48.85468117187771
            ],
            [
              2.7809101015819766,
              48.85468115276516
            ],
            [
              2.7809150541773087,
              48.85468201905047
            ],
            [
              2.780919355530058,
              48.85468325265884
            ],
            [
              2.7809245015454067,
              48.85468646872214
            ],
            [
              2.780927629086184,
              48.85468653454121
            ],
            [
              2.780930935521748,
              48.85468627072493
            ]
          ]
        ]
      },
      "properties": {
        "id": "s_5d5f71ee797f7a72d200019c",
        "destinationNodes": [],
        "center": [
          2.7809058695743327,
          48.854710874231685
        ],
        "details": {
          "description": "",
          "name": "",
          "images": []
        }
      }
    },
    {
      "type": "Feature",
      "geometry": {
        "type": "Polygon",
        "coordinates": [
          [
            [
              2.7807759829934087,
              48.85468680803256
            ],
            [
              2.780780255704015,
              48.85468788625042
            ],
            [
              2.780783905810118,
              48.85468948718629
            ],
            [
              2.7807871408466696,
              48.85469143660082
            ],
            [
              2.7807899894528494,
              48.85469388988972
            ],
            [
              2.7807929671337988,
              48.85469964417485
            ],
            [
              2.7807930962083067,
              48.85470294517117
            ],
            [
              2.780791715259903,
              48.854707155051976
            ],
            [
              2.7807908207810303,
              48.85470880322727
            ],
            [
              2.780792874948424,
              48.854710846860314
            ],
            [
              2.780794657242007,
              48.854714015950435
            ],
            [
              2.7807949149947055,
              48.85471541451136
            ],
            [
              2.7807939706946114,
              48.85472069331806
            ],
            [
              2.7807928043415,
              48.854723466950446
            ],
            [
              2.7807908435480835,
              48.85472583092707
            ],
            [
              2.7807883531276905,
              48.854727921799814
            ],
            [
              2.7807853330802956,
              48.85472973956862
            ],
            [
              2.7807815185924976,
              48.85473114768153
            ],
            [
              2.7807775895479017,
              48.854731934211664
            ],
            [
              2.7807731022372955,
              48.854732292242076
            ],
            [
              2.7807693595437475,
              48.8547366905596
            ],
            [
              2.7807668118436855,
              48.85473847064054
            ],
            [
              2.7807641782261165,
              48.85473978453444
            ],
            [
              2.780761014981632,
              48.85474082532428
            ],
            [
              2.7807540729482727,
              48.854742167612706
            ],
            [
              2.7807466083496757,
              48.85474197478767
            ],
            [
              2.780740596497993,
              48.85474056228699
            ],
            [
              2.7807380342818373,
              48.854739662953605
            ],
            [
              2.78073538614872,
              48.854738297433144
            ],
            [
              2.7807314496505615,
              48.85473514253901
            ],
            [
              2.7807299251112028,
              48.854733372008994
            ],
            [
              2.7807263824972006,
              48.85473365466313
            ],
            [
              2.7807217519912086,
              48.85473323571317
            ],
            [
              2.780717479277992,
              48.854732157493146
            ],
            [
              2.7807138291709013,
              48.85473055655518
            ],
            [
              2.780710594134677,
              48.854728607138604
            ],
            [
              2.7807077455304126,
              48.85472615384775
            ],
            [
              2.780704767857681,
              48.85472039956043
            ],
            [
              2.780704638788953,
              48.854717098563995
            ],
            [
              2.780706019744953,
              48.85471288868424
            ],
            [
              2.7807079519029516,
              48.854710369313366
            ],
            [
              2.7807046164384697,
              48.85470527429589
            ],
            [
              2.7807055391716826,
              48.85469857808523
            ],
            [
              2.7807071778772428,
              48.85469576676659
            ],
            [
              2.78070958238269,
              48.85469320970856
            ],
            [
              2.780712545152791,
              48.854691081150364
            ],
            [
              2.780716273722685,
              48.8546892068527
            ],
            [
              2.780720145487006,
              48.85468810953328
            ],
            [
              2.780724546877166,
              48.85468728531791
            ],
            [
              2.780729563810118,
              48.8546872003935
            ],
            [
              2.780732777267627,
              48.85468773240486
            ],
            [
              2.7807346450831827,
              48.85468616425122
            ],
            [
              2.7807368063506375,
              48.85468488804526
            ],
            [
              2.7807414796152554,
              48.854682938372264
            ],
            [
              2.7807470045966514,
              48.8546817091465
            ],
            [
              2.780755149069255,
              48.854681690044856
            ],
            [
              2.7807601016619587,
              48.8546825563368
            ],
            [
              2.780764403010936,
              48.85468378995093
            ],
            [
              2.780769549016386,
              48.85468700602115
            ],
            [
              2.7807726765569925,
              48.85468707184441
            ],
            [
              2.7807759829934087,
              48.85468680803256
            ]
          ]
        ]
      },
      "properties": {
        "id": "s_5d5f71ee797f7a72d200019d",
        "destinationNodes": [],
        "center": [
          2.7807509169695703,
          48.8547114115057
        ],
        "details": {
          "description": "",
          "name": "",
          "images": []
        }
      }
    },
    {
      "type": "Feature",
      "geometry": {
        "type": "Polygon",
        "coordinates": [
          [
            [
              2.7807477629539012,
              48.85458309820436
            ],
            [
              2.7807520356550475,
              48.854584176423266
            ],
            [
              2.780755685752687,
              48.85458577736002
            ],
            [
              2.780758920781437,
              48.85458772677534
            ],
            [
              2.780761769380332,
              48.854590180064925
            ],
            [
              2.7807647470518684,
              48.85459593435078
            ],
            [
              2.7807648761242474,
              48.85459923534715
            ],
            [
              2.780763495176332,
              48.854603445227625
            ],
            [
              2.780762600698382,
              48.85460509340268
            ],
            [
              2.7807646548603677,
              48.85460713703623
            ],
            [
              2.780766437148472,
              48.85461030612677
            ],
            [
              2.7807666948998486,
              48.85461170468777
            ],
            [
              2.780765750598734,
              48.85461698349423
            ],
            [
              2.780764584246475,
              48.85461975712635
            ],
            [
              2.780762623455787,
              48.854622121102494
            ],
            [
              2.780760133039374,
              48.854624211974624
            ],
            [
              2.7807571129972115,
              48.85462602974271
            ],
            [
              2.7807532985165206,
              48.85462743785468
            ],
            [
              2.7807493694796217,
              48.854628224383845
            ],
            [
              2.7807448821781096,
              48.85462858241316
            ],
            [
              2.7807411394898347,
              48.854632980729775
            ],
            [
              2.7807385917940475,
              48.85463476081011
            ],
            [
              2.780735958181195,
              48.85463607470334
            ],
            [
              2.7807327949426752,
              48.854637115492416
            ],
            [
              2.78072585292294,
              48.854638457779146
            ],
            [
              2.780718388339917,
              48.85463826495229
            ],
            [
              2.7807123765014845,
              48.85463685245014
            ],
            [
              2.7807098142911446,
              48.854635953116144
            ],
            [
              2.7807071661642824,
              48.854634587595044
            ],
            [
              2.7807032296760585,
              48.85463143269995
            ],
            [
              2.780701705140856,
              48.85462966216955
            ],
            [
              2.7806981625340343,
              48.85462994482282
            ],
            [
              2.7806935320378705,
              48.85462952587174
            ],
            [
              2.780689259334113,
              48.85462844765067
            ],
            [
              2.7806856092354875,
              48.85462684671181
            ],
            [
              2.7806823742070637,
              48.854624897294435
            ],
            [
              2.7806795256100836,
              48.85462244400289
            ],
            [
              2.780676547946766,
              48.85461668971482
            ],
            [
              2.7806764188801663,
              48.85461338871838
            ],
            [
              2.7806777998356793,
              48.85460917883894
            ],
            [
              2.7806797319910954,
              48.854606659468566
            ],
            [
              2.7806763965363963,
              48.85460156445025
            ],
            [
              2.780677319271474,
              48.85459486823984
            ],
            [
              2.7806789579752245,
              48.854592056921575
            ],
            [
              2.780681362477132,
              48.85458949986414
            ],
            [
              2.780684325242296,
              48.85458737130666
            ],
            [
              2.780688053805522,
              48.854585497009914
            ],
            [
              2.780691925562441,
              48.85458439969146
            ],
            [
              2.7806963269439464,
              48.85458357547714
            ],
            [
              2.7807013438665544,
              48.85458349055396
            ],
            [
              2.780704557317105,
              48.85458402256612
            ],
            [
              2.780706425129676,
              48.85458245441292
            ],
            [
              2.780708586393373,
              48.85458117820748
            ],
            [
              2.7807132596494086,
              48.85457922853565
            ],
            [
              2.7807187846200514,
              48.85457799931121
            ],
            [
              2.7807269290757946,
              48.854577980211566
            ],
            [
              2.7807318816577493,
              48.85457884650472
            ],
            [
              2.7807361829971207,
              48.854580080119895
            ],
            [
              2.780741328990096,
              48.854583296191365
            ],
            [
              2.780744456524187,
              48.85458336201539
            ],
            [
              2.7807477629539012,
              48.85458309820436
            ]
          ]
        ]
      },
      "properties": {
        "id": "s_5d5f71ee797f7a72d200019e",
        "destinationNodes": [],
        "center": [
          2.7807226969681187,
          48.854607701671384
        ],
        "details": {
          "description": "",
          "name": "",
          "images": []
        }
      }
    },
    {
      "type": "Feature",
      "geometry": {
        "type": "Polygon",
        "coordinates": [
          [
            [
              2.7806318189818846,
              48.853946173628074
            ],
            [
              2.7806360916261728,
              48.853947251851274
            ],
            [
              2.780639741673664,
              48.853948852791696
            ],
            [
              2.7806429766567398,
              48.85395080221026
            ],
            [
              2.780645825213709,
              48.853953255502695
            ],
            [
              2.7806488028340293,
              48.853959009791566
            ],
            [
              2.780648931897119,
              48.85396231078803
            ],
            [
              2.7806475509570183,
              48.853966520667115
            ],
            [
              2.78064665648663,
              48.853968168841284
            ],
            [
              2.7806487106177467,
              48.8539702124769
            ],
            [
              2.780650492875833,
              48.85397338156925
            ],
            [
              2.78065075062069,
              48.85397478013048
            ],
            [
              2.780649806319359,
              48.853980058935996
            ],
            [
              2.7806486399755137,
              48.85398283256695
            ],
            [
              2.780646679204295,
              48.85398519654114
            ],
            [
              2.7806441888147226,
              48.853987287410746
            ],
            [
              2.780641168806771,
              48.853989105175806
            ],
            [
              2.7806373543713483,
              48.85399051328396
            ],
            [
              2.7806334253826153,
              48.85399129980919
            ],
            [
              2.780628938137364,
              48.85399165783401
            ],
            [
              2.780625195486516,
              48.85399605614687
            ],
            [
              2.7806226478190177,
              48.85399783622463
            ],
            [
              2.780620014236627,
              48.853999150115236
            ],
            [
              2.780616851035942,
              48.85400019090114
            ],
            [
              2.7806099091014174,
              48.854001533180906
            ],
            [
              2.78060244461381,
              48.85400134034656
            ],
            [
              2.7805964328551376,
              48.85399992783839
            ],
            [
              2.7805938706794784,
              48.853999028501796
            ],
            [
              2.7805912225894724,
              48.853997662978045
            ],
            [
              2.7805872861586396,
              48.853994508079005
            ],
            [
              2.780585761646936,
              48.85399273754709
            ],
            [
              2.78058221908453,
              48.8539930201968
            ],
            [
              2.7805775886482493,
              48.85399260124108
            ],
            [
              2.780573316001351,
              48.85399152301572
            ],
            [
              2.7805696659528722,
              48.853989922073204
            ],
            [
              2.7805664309701235,
              48.853987972652575
            ],
            [
              2.780563582415069,
              48.85398551935819
            ],
            [
              2.7805606048029676,
              48.85397976506712
            ],
            [
              2.7805604757456575,
              48.853976464070556
            ],
            [
              2.780561856693354,
              48.85397225419252
            ],
            [
              2.780563788830025,
              48.85396973482406
            ],
            [
              2.7805604534295663,
              48.85396463980242
            ],
            [
              2.780561376168418,
              48.8539579435929
            ],
            [
              2.7805630148578326,
              48.853955132276305
            ],
            [
              2.780565419335073,
              48.853952575221264
            ],
            [
              2.7805683820674743,
              48.85395044666677
            ],
            [
              2.780572110587605,
              48.85394857237377
            ],
            [
              2.780575982297808,
              48.85394747505918
            ],
            [
              2.780580383625226,
              48.85394665084928
            ],
            [
              2.780585400484202,
              48.85394656593114
            ],
            [
              2.780588613892637,
              48.85394709794652
            ],
            [
              2.780590481685077,
              48.85394552979519
            ],
            [
              2.780592642924234,
              48.853944253591926
            ],
            [
              2.7805973161253306,
              48.853942303924754
            ],
            [
              2.780602841028529,
              48.85394107470587
            ],
            [
              2.7806109853806964,
              48.853941055614406
            ],
            [
              2.780615937897635,
              48.85394192191253
            ],
            [
              2.7806202391794237,
              48.853943155532
            ],
            [
              2.780625385099477,
              48.85394637160865
            ],
            [
              2.7806285125936245,
              48.853946437435816
            ],
            [
              2.7806318189818846,
              48.853946173628074
            ]
          ]
        ]
      },
      "properties": {
        "id": "s_5d5f71ee797f7a72d200019f",
        "destinationNodes": [],
        "center": [
          2.780606753258005,
          48.853970777069975
        ],
        "details": {
          "description": "",
          "name": "",
          "images": []
        }
      }
    },
    {
      "type": "Feature",
      "geometry": {
        "type": "Polygon",
        "coordinates": [
          [
            [
              2.7806773216280942,
              48.85356111352502
            ],
            [
              2.7806815942404994,
              48.853562191746526
            ],
            [
              2.78068524426137,
              48.85356379268551
            ],
            [
              2.7806884792213347,
              48.8535657421028
            ],
            [
              2.780691327758623,
              48.853568195394125
            ],
            [
              2.7806943053612683,
              48.85357394968181
            ],
            [
              2.780694434426363,
              48.85357725067824
            ],
            [
              2.780693053500708,
              48.853581460557876
            ],
            [
              2.7806921590386975,
              48.853583108732394
            ],
            [
              2.7806942131558707,
              48.853585152367195
            ],
            [
              2.7806959954031285,
              48.85358832145883
            ],
            [
              2.7806962531472728,
              48.85358972001998
            ],
            [
              2.780695308858,
              48.853594998825876
            ],
            [
              2.7806941425256446,
              48.85359777245727
            ],
            [
              2.7806921817716552,
              48.85360013643221
            ],
            [
              2.7806896914031376,
              48.85360222730284
            ],
            [
              2.780686671420065,
              48.85360404506908
            ],
            [
              2.780682857015261,
              48.85360545317872
            ],
            [
              2.780678928057462,
              48.853606239705506
            ],
            [
              2.78067444084705,
              48.85360659773209
            ],
            [
              2.780670698228984,
              48.85361099604641
            ],
            [
              2.780668150582698,
              48.853612776125175
            ],
            [
              2.7806655170217573,
              48.853614090016826
            ],
            [
              2.7806623538463473,
              48.85361513080397
            ],
            [
              2.7806554119664364,
              48.853616473086475
            ],
            [
              2.7806479475360675,
              48.85361628025505
            ],
            [
              2.7806419358223513,
              48.85361486774924
            ],
            [
              2.7806393736655823,
              48.85361396841368
            ],
            [
              2.7806367255947033,
              48.85361260289096
            ],
            [
              2.780632789191282,
              48.85360944799346
            ],
            [
              2.780631264689696,
              48.85360767746214
            ],
            [
              2.780627722154794,
              48.85360796011326
            ],
            [
              2.7806230917537484,
              48.853607541159356
            ],
            [
              2.7806188191387333,
              48.853606462935666
            ],
            [
              2.7806151691168752,
              48.8536048619946
            ],
            [
              2.7806119341572373,
              48.853602912575255
            ],
            [
              2.780609085621864,
              48.85360045928197
            ],
            [
              2.7806061080274374,
              48.85359470499209
            ],
            [
              2.7806059789681217,
              48.853591403995566
            ],
            [
              2.7806073599013725,
              48.85358719411698
            ],
            [
              2.780609292020894,
              48.85358467474776
            ],
            [
              2.7806059566414607,
              48.85357957972743
            ],
            [
              2.780606879367132,
              48.853572883517565
            ],
            [
              2.780608518041389,
              48.85357007220031
            ],
            [
              2.7806109224978126,
              48.85356751514434
            ],
            [
              2.7806138852054922,
              48.85356538658867
            ],
            [
              2.780617613695243,
              48.85356351229419
            ],
            [
              2.780621485374669,
              48.85356241497809
            ],
            [
              2.7806258866674853,
              48.85356159076646
            ],
            [
              2.780630903487797,
              48.853561505846336
            ],
            [
              2.7806341168719997,
              48.85356203786044
            ],
            [
              2.7806359846486486,
              48.853560469708405
            ],
            [
              2.780638145870023,
              48.85355919350429
            ],
            [
              2.780642819033405,
              48.85355724383528
            ],
            [
              2.780648343892992,
              48.85355601461422
            ],
            [
              2.7806564881824998,
              48.85355599551953
            ],
            [
              2.7806614406621324,
              48.85355686181571
            ],
            [
              2.7806657419119585,
              48.853558095433506
            ],
            [
              2.7806708877953534,
              48.853561311508116
            ],
            [
              2.7806740152655056,
              48.853561377334046
            ],
            [
              2.7806773216280942,
              48.85356111352502
            ]
          ]
        ]
      },
      "properties": {
        "id": "s_5d5f71ee797f7a72d20001a0",
        "destinationNodes": [],
        "center": [
          2.780652256119359,
          48.85358571697679
        ],
        "details": {
          "description": "",
          "name": "",
          "images": []
        }
      }
    },
    {
      "type": "Feature",
      "geometry": {
        "type": "Polygon",
        "coordinates": [
          [
            [
              2.7806462699075865,
              48.85367349451231
            ],
            [
              2.7806505425289134,
              48.85367457273498
            ],
            [
              2.780654192556985,
              48.85367617367494
            ],
            [
              2.780657427523003,
              48.85367812309309
            ],
            [
              2.780660276065164,
              48.85368057638517
            ],
            [
              2.7806632536709257,
              48.85368633067367
            ],
            [
              2.780663382734263,
              48.85368963167013
            ],
            [
              2.7806620018028974,
              48.85369384154938
            ],
            [
              2.780661107337857,
              48.85369548972366
            ],
            [
              2.7806631614583743,
              48.85369753335903
            ],
            [
              2.7806649437076674,
              48.85370070245114
            ],
            [
              2.780665201451523,
              48.85370210101236
            ],
            [
              2.7806642571568574,
              48.853707379817976
            ],
            [
              2.780663090820164,
              48.85371015344908
            ],
            [
              2.7806611300603072,
              48.8537125174235
            ],
            [
              2.7806586396849022,
              48.85371460829346
            ],
            [
              2.7806556196939236,
              48.85371642605888
            ],
            [
              2.7806518052796836,
              48.8537178341675
            ],
            [
              2.780647876312577,
              48.85371862069323
            ],
            [
              2.78064338909187,
              48.8537189787186
            ],
            [
              2.7806396464626753,
              48.853723377031926
            ],
            [
              2.7806370988095668,
              48.853725157110006
            ],
            [
              2.7806344652418993,
              48.85372647100095
            ],
            [
              2.7806313020587434,
              48.85372751178725
            ],
            [
              2.7806243601624168,
              48.85372885406787
            ],
            [
              2.7806168957154114,
              48.85372866123447
            ],
            [
              2.7806108839890755,
              48.85372724872704
            ],
            [
              2.7806083218271134,
              48.85372634939077
            ],
            [
              2.7806056737511367,
              48.85372498386736
            ],
            [
              2.780601737340835,
              48.85372182896881
            ],
            [
              2.7806002128369247,
              48.85372005843707
            ],
            [
              2.7805966702938956,
              48.85372034108723
            ],
            [
              2.780592039882715,
              48.853719922132086
            ],
            [
              2.780587767258778,
              48.85371884390726
            ],
            [
              2.7805841172297185,
              48.853717242965196
            ],
            [
              2.7805808822640277,
              48.85371529354499
            ],
            [
              2.7805780337237813,
              48.85371284025096
            ],
            [
              2.7805750561262386,
              48.85370708596027
            ],
            [
              2.78057492706868,
              48.8537037849637
            ],
            [
              2.780576308007642,
              48.85369957508548
            ],
            [
              2.7805782401330625,
              48.85369705571677
            ],
            [
              2.780574904749302,
              48.85369196069557
            ],
            [
              2.7805758274811967,
              48.85368526448594
            ],
            [
              2.780577466160876,
              48.85368245316913
            ],
            [
              2.780579870624283,
              48.85367989611381
            ],
            [
              2.7805828333399325,
              48.85367776755893
            ],
            [
              2.7805865618392156,
              48.85367589326545
            ],
            [
              2.7805904335280136,
              48.85367479595038
            ],
            [
              2.7805948348312204,
              48.85367397173994
            ],
            [
              2.780599851662847,
              48.85367388682116
            ],
            [
              2.780603065053932,
              48.85367441883616
            ],
            [
              2.7806049328357467,
              48.85367285068458
            ],
            [
              2.780607094062764,
              48.85367157448105
            ],
            [
              2.7806117672378448,
              48.8536696248133
            ],
            [
              2.780617292110597,
              48.85366839559373
            ],
            [
              2.7806254364183984,
              48.85366837650124
            ],
            [
              2.7806303889086115,
              48.85366924279873
            ],
            [
              2.780634690167328,
              48.853670476417676
            ],
            [
              2.78063983606028,
              48.85367369249367
            ],
            [
              2.780642963537412,
              48.853673758320454
            ],
            [
              2.7806462699075865,
              48.85367349451231
            ]
          ]
        ]
      },
      "properties": {
        "id": "s_5d5f71ee797f7a72d20001a1",
        "destinationNodes": [],
        "center": [
          2.7806212043273266,
          48.85369809795736
        ],
        "details": {
          "description": "",
          "name": "",
          "images": []
        }
      }
    },
    {
      "type": "Feature",
      "geometry": {
        "type": "Polygon",
        "coordinates": [
          [
            [
              2.7808236031619886,
              48.853643577260435
            ],
            [
              2.7808278757845817,
              48.853644655476536
            ],
            [
              2.780831525816143,
              48.853646256410904
            ],
            [
              2.7808347607871324,
              48.8536482058241
            ],
            [
              2.7808376093362814,
              48.85365065911183
            ],
            [
              2.7808405869606454,
              48.85365641339575
            ],
            [
              2.7808407160355992,
              48.853659714392016
            ],
            [
              2.7808393351199707,
              48.85366392427337
            ],
            [
              2.7808384406613027,
              48.85366557244904
            ],
            [
              2.780840494787832,
              48.85366761608124
            ],
            [
              2.780842277047285,
              48.85367078517062
            ],
            [
              2.780842534795941,
              48.85367218373144
            ],
            [
              2.7808415905205384,
              48.85367746253852
            ],
            [
              2.780840424194366,
              48.8536802361714
            ],
            [
              2.780838463444055,
              48.85368260014883
            ],
            [
              2.7808359730775445,
              48.85368469102259
            ],
            [
              2.7808329530948095,
              48.85368650879266
            ],
            [
              2.7808291386878365,
              48.85368791690712
            ],
            [
              2.7808252097258634,
              48.85368870343888
            ],
            [
              2.780820722509106,
              48.853689061471144
            ],
            [
              2.7808169798977276,
              48.85369345979021
            ],
            [
              2.7808144322524466,
              48.8536952398722
            ],
            [
              2.7808117986910075,
              48.85369655376716
            ],
            [
              2.780808635513429,
              48.85369759455832
            ],
            [
              2.7808016936260054,
              48.85369893684961
            ],
            [
              2.780794229182777,
              48.85369874402763
            ],
            [
              2.780788217455031,
              48.85369733152943
            ],
            [
              2.780785655291414,
              48.853696432197104
            ],
            [
              2.7807830072121833,
              48.85369506667773
            ],
            [
              2.7807790707930584,
              48.85369191178521
            ],
            [
              2.780777546283787,
              48.853690141255825
            ],
            [
              2.780774003743877,
              48.85369042391142
            ],
            [
              2.7807693733339796,
              48.85369000496336
            ],
            [
              2.7807651007087757,
              48.85368892674509
            ],
            [
              2.7807614506762275,
              48.853687325808636
            ],
            [
              2.7807582157055646,
              48.85368537639339
            ],
            [
              2.7807553671583305,
              48.853682923103705
            ],
            [
              2.7807523895421844,
              48.8536771688176
            ],
            [
              2.7807522604730104,
              48.85367386782123
            ],
            [
              2.7807536413962346,
              48.85366965794091
            ],
            [
              2.7807555735115765,
              48.85366713856923
            ],
            [
              2.7807522381117615,
              48.85366204355313
            ],
            [
              2.7807531608193865,
              48.853655347342105
            ],
            [
              2.7807547994881276,
              48.85365253602277
            ],
            [
              2.78075720394104,
              48.85364997896376
            ],
            [
              2.7807601666473802,
              48.853647850404336
            ],
            [
              2.780763895137795,
              48.85364597610515
            ],
            [
              2.7807677668203925,
              48.85364487878414
            ],
            [
              2.7807721681180504,
              48.85364405456694
            ],
            [
              2.780777184946378,
              48.85364396964049
            ],
            [
              2.7807803983374275,
              48.85364450165053
            ],
            [
              2.7807822661125714,
              48.85364293349611
            ],
            [
              2.7807844273337765,
              48.853641657289266
            ],
            [
              2.7807891004991587,
              48.85363970761434
            ],
            [
              2.780794625364254,
              48.85363847838631
            ],
            [
              2.780802769667122,
              48.853638459281306
            ],
            [
              2.7808077221574434,
              48.85363932557122
            ],
            [
              2.780812023417959,
              48.85364055918357
            ],
            [
              2.780817169319228,
              48.85364377525167
            ],
            [
              2.780820296794724,
              48.85364384107365
            ],
            [
              2.7808236031619886,
              48.853643577260435
            ]
          ]
        ]
      },
      "properties": {
        "id": "s_5d5f71ee797f7a72d20001a2",
        "destinationNodes": [],
        "center": [
          2.7807985376838564,
          48.85366818074392
        ],
        "details": {
          "description": "",
          "name": "",
          "images": []
        }
      }
    },
    {
      "type": "Feature",
      "geometry": {
        "type": "Polygon",
        "coordinates": [
          [
            [
              2.781078936683886,
              48.85361169334923
            ],
            [
              2.781083209309257,
              48.85361277155591
            ],
            [
              2.781086859346659,
              48.853614372482205
            ],
            [
              2.78109009432553,
              48.85361632188826
            ],
            [
              2.7810929428853775,
              48.8536187751697
            ],
            [
              2.781095920537194,
              48.85362452944704
            ],
            [
              2.7810960496289003,
              48.85362783044302
            ],
            [
              2.7810946687356233,
              48.85363204032745
            ],
            [
              2.781093774285931,
              48.85363368850508
            ],
            [
              2.781095828421574,
              48.853635732132744
            ],
            [
              2.7810976106960545,
              48.85363890121818
            ],
            [
              2.7810978684516803,
              48.853640299778434
            ],
            [
              2.7810969242038013,
              48.85364557858761
            ],
            [
              2.7810957578925186,
              48.853648352223054
            ],
            [
              2.7810937971555125,
              48.85365071620481
            ],
            [
              2.7810913068012524,
              48.85365280708409
            ],
            [
              2.7810882868297115,
              48.85365462486081
            ],
            [
              2.78108447243235,
              48.85365603298371
            ],
            [
              2.781080543476891,
              48.85365681952414
            ],
            [
              2.781076056264818,
              48.85365717756631
            ],
            [
              2.781072313678255,
              48.85366157589363
            ],
            [
              2.7810697660436756,
              48.85366335598125
            ],
            [
              2.7810671324906147,
              48.85366466988203
            ],
            [
              2.7810639693203587,
              48.85366571068017
            ],
            [
              2.781057027444202,
              48.85366705298677
            ],
            [
              2.7810495630047445,
              48.85366686018129
            ],
            [
              2.781043551273623,
              48.85366544769637
            ],
            [
              2.7810409891070513,
              48.85366454836969
            ],
            [
              2.781038341022542,
              48.85366318285618
            ],
            [
              2.781034404589834,
              48.85366002797235
            ],
            [
              2.781032880072504,
              48.85365825744632
            ],
            [
              2.7810293375362907,
              48.85365854010975
            ],
            [
              2.781024707127206,
              48.85365812117192
            ],
            [
              2.7810204344992244,
              48.853657042963086
            ],
            [
              2.781016784460835,
              48.853655442034686
            ],
            [
              2.7810135494822905,
              48.85365349262658
            ],
            [
              2.7810107009243583,
              48.85365103934319
            ],
            [
              2.781007723280761,
              48.85364528506365
            ],
            [
              2.781007594194833,
              48.85364198406757
            ],
            [
              2.7810089750957063,
              48.85363777418419
            ],
            [
              2.7810109071969684,
              48.85363525480826
            ],
            [
              2.781007571773292,
              48.85363015979952
            ],
            [
              2.7810084944461764,
              48.853623463586445
            ],
            [
              2.781010133099537,
              48.85362065226351
            ],
            [
              2.7810125375378756,
              48.85361809519918
            ],
            [
              2.7810155002314727,
              48.85361596663323
            ],
            [
              2.781019228709954,
              48.853614092325785
            ],
            [
              2.7810231003844894,
              48.85361299499624
            ],
            [
              2.78102750167514,
              48.853612170769324
            ],
            [
              2.7810325184998397,
              48.85361208583179
            ],
            [
              2.781035731891556,
              48.85361261783474
            ],
            [
              2.781037599657512,
              48.85361104967619
            ],
            [
              2.781039760870832,
              48.85360977346458
            ],
            [
              2.781044434023294,
              48.853607823779335
            ],
            [
              2.781049958878602,
              48.85360659453909
            ],
            [
              2.7810581031761847,
              48.853606575416116
            ],
            [
              2.781063055667771,
              48.85360744169508
            ],
            [
              2.781067356931839,
              48.853608675297956
            ],
            [
              2.7810725028462326,
              48.85361189135467
            ],
            [
              2.7810756303200734,
              48.853611957169754
            ],
            [
              2.781078936683886,
              48.85361169334923
            ]
          ]
        ]
      },
      "properties": {
        "id": "s_5d5f71ee797f7a72d20001a3",
        "destinationNodes": [],
        "center": [
          2.7810538713472015,
          48.85363629688806
        ],
        "details": {
          "description": "",
          "name": "",
          "images": []
        }
      }
    },
    {
      "type": "Feature",
      "geometry": {
        "type": "Polygon",
        "coordinates": [
          [
            [
              2.7810150713288224,
              48.85344460186635
            ],
            [
              2.781019343938557,
              48.85344568007538
            ],
            [
              2.7810229939617344,
              48.853447281003696
            ],
            [
              2.7810262289273213,
              48.853449230411556
            ],
            [
              2.781029077474531,
              48.85345168369455
            ],
            [
              2.781032055109067,
              48.85345743797353
            ],
            [
              2.781032184196131,
              48.8534607389696
            ],
            [
              2.781030803302091,
              48.85346494885326
            ],
            [
              2.781029908853281,
              48.85346659703039
            ],
            [
              2.7810319629794606,
              48.85346864065918
            ],
            [
              2.7810337452439495,
              48.85347180974562
            ],
            [
              2.7810340029969294,
              48.85347320830601
            ],
            [
              2.7810330587454675,
              48.85347848711466
            ],
            [
              2.7810318924345383,
              48.85348126074946
            ],
            [
              2.78102993170106,
              48.85348362473014
            ],
            [
              2.781027441352444,
              48.85348571560803
            ],
            [
              2.781024421388663,
              48.85348753338309
            ],
            [
              2.781020607002236,
              48.85348894150388
            ],
            [
              2.7810166780588865,
              48.85348972804214
            ],
            [
              2.781012190861333,
              48.85349008608183
            ],
            [
              2.78100844828165,
              48.853494484407086
            ],
            [
              2.781005900653302,
              48.853496264493295
            ],
            [
              2.781003267107354,
              48.85349757839263
            ],
            [
              2.7810001039463277,
              48.85349861918901
            ],
            [
              2.780993162091628,
              48.8534999614918
            ],
            [
              2.7809856976773304,
              48.853499768682184
            ],
            [
              2.7809796859680755,
              48.85349835619393
            ],
            [
              2.7809771238112027,
              48.85349745686585
            ],
            [
              2.780974475737274,
              48.853496091350856
            ],
            [
              2.7809705393217303,
              48.85349293646487
            ],
            [
              2.780969014811747,
              48.853491165938
            ],
            [
              2.780965472286997,
              48.85349144859946
            ],
            [
              2.780960841893901,
              48.853491029659075
            ],
            [
              2.780956569281556,
              48.85348995144788
            ],
            [
              2.780952919257392,
              48.85348835051746
            ],
            [
              2.7809496842921315,
              48.853486401107574
            ],
            [
              2.780946835746837,
              48.85348394782261
            ],
            [
              2.7809438581205193,
              48.85347819354143
            ],
            [
              2.7809437290392345,
              48.85347489254528
            ],
            [
              2.7809451099408706,
              48.85347068266266
            ],
            [
              2.7809470420388984,
              48.85346816328781
            ],
            [
              2.7809437066328555,
              48.853463068277215
            ],
            [
              2.780944629311205,
              48.85345637206464
            ],
            [
              2.780946267962682,
              48.853453560742615
            ],
            [
              2.7809486723962586,
              48.85345100367961
            ],
            [
              2.7809516350826833,
              48.85344887511529
            ],
            [
              2.780955363551112,
              48.853447000809915
            ],
            [
              2.780959235214125,
              48.853445903482516
            ],
            [
              2.7809636364911374,
              48.85344507925804
            ],
            [
              2.7809686532992006,
              48.853444994323254
            ],
            [
              2.780971866679514,
              48.85344552632799
            ],
            [
              2.780973734441237,
              48.853443958170466
            ],
            [
              2.7809758956489716,
              48.85344268196003
            ],
            [
              2.780980568788325,
              48.85344073227739
            ],
            [
              2.7809860936267614,
              48.8534395030402
            ],
            [
              2.7809942378971857,
              48.853439483921726
            ],
            [
              2.780999190371137,
              48.85344035020342
            ],
            [
              2.781003491619275,
              48.85344158380865
            ],
            [
              2.7810086375123904,
              48.85344479986823
            ],
            [
              2.7810117649757085,
              48.853444865685034
            ],
            [
              2.7810150713288224,
              48.85344460186635
            ]
          ]
        ]
      },
      "properties": {
        "id": "s_5d5f71ee797f7a72d20001a4",
        "destinationNodes": [],
        "center": [
          2.780990006044404,
          48.85346920539132
        ],
        "details": {
          "description": "",
          "name": "",
          "images": []
        }
      }
    },
    {
      "type": "Feature",
      "geometry": {
        "type": "Polygon",
        "coordinates": [
          [
            [
              2.7811120244136616,
              48.85346745586924
            ],
            [
              2.781116297027435,
              48.8534685340747
            ],
            [
              2.781119947055378,
              48.85347013499996
            ],
            [
              2.7811231820262177,
              48.85347208440509
            ],
            [
              2.781126030579479,
              48.853474537685706
            ],
            [
              2.781129008226518,
              48.85348029196219
            ],
            [
              2.7811291373200335,
              48.85348359295814
            ],
            [
              2.781127756433517,
              48.85348780284296
            ],
            [
              2.7811268619874903,
              48.85348945102084
            ],
            [
              2.7811289161185653,
              48.85349149464792
            ],
            [
              2.781130698390005,
              48.85349466373286
            ],
            [
              2.7811309561458115,
              48.853496062293026
            ],
            [
              2.7811300119041418,
              48.853501341102465
            ],
            [
              2.781128845598052,
              48.85350411473825
            ],
            [
              2.781126884868257,
              48.85350647872058
            ],
            [
              2.7811243945225526,
              48.85350856960056
            ],
            [
              2.781121374560914,
              48.853510387378144
            ],
            [
              2.7811175601754723,
              48.85351179550213
            ],
            [
              2.7811136312318525,
              48.85351258204369
            ],
            [
              2.781109144032944,
              48.853512940087136
            ],
            [
              2.7811054014600707,
              48.853517338415536
            ],
            [
              2.7811028538340072,
              48.853519118503876
            ],
            [
              2.7811002202894017,
              48.853520432405425
            ],
            [
              2.781097057128947,
              48.85352147320445
            ],
            [
              2.7810901152736776,
              48.85352281551305
            ],
            [
              2.7810826508555992,
              48.853522622709704
            ],
            [
              2.7810766391408643,
              48.8535212102265
            ],
            [
              2.7810740769810804,
              48.85352031090057
            ],
            [
              2.7810714289032985,
              48.853518945387805
            ],
            [
              2.7810674924798477,
              48.8535157905051
            ],
            [
              2.78106596796574,
              48.853514019979514
            ],
            [
              2.78106242543992,
              48.853514302643944
            ],
            [
              2.781057795043899,
              48.85351388370744
            ],
            [
              2.7810535224275146,
              48.85351280549983
            ],
            [
              2.7810498723985844,
              48.85351120457247
            ],
            [
              2.7810466374280716,
              48.85350925516529
            ],
            [
              2.7810437888767257,
              48.85350680188272
            ],
            [
              2.781040811237905,
              48.85350104760404
            ],
            [
              2.781040682150168,
              48.85349774660799
            ],
            [
              2.781042063044281,
              48.85349353672421
            ],
            [
              2.7810439951383126,
              48.853491017347736
            ],
            [
              2.7810406597208797,
              48.853485922339935
            ],
            [
              2.781041582386681,
              48.853479226126616
            ],
            [
              2.781043221033462,
              48.853476414803204
            ],
            [
              2.781045625463184,
              48.85347385773818
            ],
            [
              2.7810485881468394,
              48.85347172917139
            ],
            [
              2.7810523166133407,
              48.85346985486288
            ],
            [
              2.7810561882759957,
              48.85346875753223
            ],
            [
              2.7810605895534213,
              48.85346793330406
            ],
            [
              2.7810656063636103,
              48.853467848365085
            ],
            [
              2.7810688197464204,
              48.853468380367104
            ],
            [
              2.781070687505959,
              48.85346681220802
            ],
            [
              2.7810728487122085,
              48.85346553599578
            ],
            [
              2.7810775218499195,
              48.85346358630922
            ],
            [
              2.7810830466884973,
              48.85346235706739
            ],
            [
              2.7810911909626026,
              48.853462337942084
            ],
            [
              2.781096143440492,
              48.853463204219636
            ],
            [
              2.781100444692983,
              48.85346443782126
            ],
            [
              2.7811055905946755,
              48.853467653876535
            ],
            [
              2.781108718059549,
              48.85346771969072
            ],
            [
              2.7811120244136616,
              48.85346745586924
            ]
          ]
        ]
      },
      "properties": {
        "id": "s_5d5f71ee797f7a72d20001a5",
        "destinationNodes": [],
        "center": [
          2.781086959165448,
          48.853492059415245
        ],
        "details": {
          "description": "",
          "name": "",
          "images": []
        }
      }
    },
    {
      "type": "Feature",
      "geometry": {
        "type": "Polygon",
        "coordinates": [
          [
            [
              2.7854587735749923,
              48.85289236909056
            ],
            [
              2.785463046233292,
              48.8528934471354
            ],
            [
              2.7854666963582986,
              48.85289504792344
            ],
            [
              2.7854699314612255,
              48.852896997206955
            ],
            [
              2.785472780194761,
              48.85289945038048
            ],
            [
              2.7854757583071943,
              48.852905204545024
            ],
            [
              2.7854758876858297,
              48.85290850553609
            ],
            [
              2.7854745071806923,
              48.85291271547281
            ],
            [
              2.7854736128880417,
              48.85291436368432
            ],
            [
              2.785475667172952,
              48.852916407234176
            ],
            [
              2.7854774496990653,
              48.852919576252106
            ],
            [
              2.7854777075733375,
              48.85292097480258
            ],
            [
              2.785476763800838,
              48.852926253647496
            ],
            [
              2.7854755977489627,
              48.85292902732712
            ],
            [
              2.785473637246943,
              48.85293139138313
            ],
            [
              2.785471147111386,
              48.852933482356725
            ],
            [
              2.785468127342268,
              48.85293530024783
            ],
            [
              2.7854643131229064,
              48.8529367085152
            ],
            [
              2.785460384292716,
              48.85293749520444
            ],
            [
              2.785455897176445,
              48.85293785341658
            ],
            [
              2.785452155028446,
              48.85294225188564
            ],
            [
              2.7854496075862047,
              48.85294403206975
            ],
            [
              2.7854469741859322,
              48.8529453460703
            ],
            [
              2.7854438111521835,
              48.85294638698823
            ],
            [
              2.785436869493211,
              48.85294772955777
            ],
            [
              2.785429405144148,
              48.852947537035014
            ],
            [
              2.785423393375844,
              48.852946124777816
            ],
            [
              2.7854208311674133,
              48.8529452255482
            ],
            [
              2.7854181830014966,
              48.85294386013498
            ],
            [
              2.7854142463493528,
              48.852940705400265
            ],
            [
              2.7854127216990365,
              48.852938934931984
            ],
            [
              2.7854091792384583,
              48.852939217729585
            ],
            [
              2.78540454885926,
              48.85293879896715
            ],
            [
              2.7854002761983496,
              48.85293772092015
            ],
            [
              2.7853966260723553,
              48.85293612013002
            ],
            [
              2.785393390969755,
              48.852934170844435
            ],
            [
              2.7853905422381326,
              48.85293171766897
            ],
            [
              2.785387564133916,
              48.85292596350222
            ],
            [
              2.78538743476106,
              48.852922662511055
            ],
            [
              2.7853888152737936,
              48.85291845257538
            ],
            [
              2.785390747126887,
              48.852915933126276
            ],
            [
              2.7853874113054093,
              48.85291083824388
            ],
            [
              2.7853883333792258,
              48.85290414199589
            ],
            [
              2.785389971763093,
              48.8529013306109
            ],
            [
              2.78539237594318,
              48.852898773455486
            ],
            [
              2.785395338407989,
              48.852896644777324
            ],
            [
              2.7853990666689223,
              48.852894770328675
            ],
            [
              2.7854029381918233,
              48.852893672852495
            ],
            [
              2.785407339347122,
              48.85289284845888
            ],
            [
              2.7854123560923005,
              48.85289276333129
            ],
            [
              2.7854155694843827,
              48.85289329521253
            ],
            [
              2.785417437086312,
              48.852891726983245
            ],
            [
              2.7854195981569276,
              48.85289045068976
            ],
            [
              2.7854242710716717,
              48.85288850082755
            ],
            [
              2.7854297957400505,
              48.85288727137803
            ],
            [
              2.785437939918929,
              48.852887251946576
            ],
            [
              2.785442892415134,
              48.85288811803796
            ],
            [
              2.7854471937253136,
              48.85288935147788
            ],
            [
              2.7854523398471143,
              48.852892567339694
            ],
            [
              2.785455467281771,
              48.852892633036305
            ],
            [
              2.7854587735749923,
              48.85289236909056
            ]
          ]
        ]
      },
      "properties": {
        "id": "s_5d5f71ee797f7a72d20001a6",
        "destinationNodes": [],
        "center": [
          2.7854337107509006,
          48.85291697357871
        ],
        "details": {
          "description": "",
          "name": "",
          "images": []
        }
      }
    },
    {
      "type": "Feature",
      "geometry": {
        "type": "Polygon",
        "coordinates": [
          [
            [
              2.7853034090288142,
              48.85287765066547
            ],
            [
              2.785307681682512,
              48.85287872871605
            ],
            [
              2.7853113318014775,
              48.85288032950899
            ],
            [
              2.7853145668974038,
              48.852882278796855
            ],
            [
              2.785317415622489,
              48.85288473197422
            ],
            [
              2.78532039371619,
              48.852890486142755
            ],
            [
              2.7853205230845424,
              48.85289378713401
            ],
            [
              2.7853191425667463,
              48.852897997068865
            ],
            [
              2.785318248269244,
              48.85289964527916
            ],
            [
              2.785320302547208,
              48.85290168883178
            ],
            [
              2.7853220850629627,
              48.8529048578521
            ],
            [
              2.785322342932819,
              48.85290625640293
            ],
            [
              2.7853213991442147,
              48.85291153524658
            ],
            [
              2.7853202330840747,
              48.85291430892463
            ],
            [
              2.7853182725752945,
              48.85291667297802
            ],
            [
              2.785315782433981,
              48.85291876394826
            ],
            [
              2.7853127626601095,
              48.852920581835306
            ],
            [
              2.7853089484374984,
              48.85292199009756
            ],
            [
              2.785305019606021,
              48.85292277678152
            ],
            [
              2.7853005324899582,
              48.85292313498763
            ],
            [
              2.7852967903294097,
              48.85292753345167
            ],
            [
              2.785294242882392,
              48.852929313632345
            ],
            [
              2.7852916094788163,
              48.85293062762935
            ],
            [
              2.7852884464427667,
              48.85293166854305
            ],
            [
              2.7852815047816684,
              48.85293301110326
            ],
            [
              2.7852740404353984,
              48.85293281857047
            ],
            [
              2.785268028673244,
              48.85293140630519
            ],
            [
              2.785265466468358,
              48.85293050707212
            ],
            [
              2.7852628183074564,
              48.85292914165535
            ],
            [
              2.7852588816662602,
              48.852925986915345
            ],
            [
              2.785257357021887,
              48.85292421644502
            ],
            [
              2.785253814561472,
              48.85292449923786
            ],
            [
              2.7852491841849347,
              48.852924080469194
            ],
            [
              2.7852449115286264,
              48.85292300241647
            ],
            [
              2.785241261408673,
              48.852921401621415
            ],
            [
              2.7852380263130727,
              48.852919452331506
            ],
            [
              2.785235177589901,
              48.85291699915219
            ],
            [
              2.7852321995044176,
              48.852911244981456
            ],
            [
              2.785232070141843,
              48.85290794399012
            ],
            [
              2.7852334506672363,
              48.852903734056284
            ],
            [
              2.7852353825275813,
              48.85290121460978
            ],
            [
              2.785232046722895,
              48.852896119722914
            ],
            [
              2.7852329688172204,
              48.852889423476164
            ],
            [
              2.7852346072093312,
              48.85288661209336
            ],
            [
              2.7852370113966467,
              48.85288405494119
            ],
            [
              2.785239973867191,
              48.85288192626702
            ],
            [
              2.785243702132845,
              48.85288005182335
            ],
            [
              2.785247573658014,
              48.85287895435238
            ],
            [
              2.7852519748145776,
              48.85287812996466
            ],
            [
              2.785256991558545,
              48.852878044843834
            ],
            [
              2.7852602049480315,
              48.85287857672939
            ],
            [
              2.7852620725542785,
              48.85287700850262
            ],
            [
              2.7852642336282196,
              48.85287573221204
            ],
            [
              2.7852689065476417,
              48.852873782356085
            ],
            [
              2.7852744312182107,
              48.852872552914015
            ],
            [
              2.7852825753947554,
              48.85287253349349
            ],
            [
              2.785287527886817,
              48.85287339959152
            ],
            [
              2.7852918291919044,
              48.85287463303723
            ],
            [
              2.7852969753022125,
              48.85287784890596
            ],
            [
              2.7853001027357456,
              48.85287791460677
            ],
            [
              2.7853034090288142,
              48.85287765066547
            ]
          ]
        ]
      },
      "properties": {
        "id": "s_5d5f71ee797f7a72d20001a7",
        "destinationNodes": [],
        "center": [
          2.7852783461357333,
          48.85290225511993
        ],
        "details": {
          "description": "",
          "name": "",
          "images": []
        }
      }
    },
    {
      "type": "Feature",
      "geometry": {
        "type": "Polygon",
        "coordinates": [
          [
            [
              2.7853312746146517,
              48.85299368753833
            ],
            [
              2.7853355472788532,
              48.852994765587866
            ],
            [
              2.78533919740717,
              48.85299636637995
            ],
            [
              2.7853424325116807,
              48.85299831566704
            ],
            [
              2.785345281244735,
              48.8530007688437
            ],
            [
              2.785348259348542,
              48.853006523011516
            ],
            [
              2.7853483887190333,
              48.85300982400274
            ],
            [
              2.7853470082003815,
              48.85301403393793
            ],
            [
              2.785346113901724,
              48.85301568214844
            ],
            [
              2.7853481681855876,
              48.85301772570058
            ],
            [
              2.7853499507072383,
              48.853020894720466
            ],
            [
              2.7853502085784716,
              48.85302229327122
            ],
            [
              2.7853492647906193,
              48.85302757211511
            ],
            [
              2.7853480987293207,
              48.85303034579344
            ],
            [
              2.7853461382173132,
              48.8530327098473
            ],
            [
              2.7853436480713927,
              48.853034800818136
            ],
            [
              2.785340628291534,
              48.85303661870591
            ],
            [
              2.7853368140608668,
              48.853038026969074
            ],
            [
              2.785332885220722,
              48.85303881365399
            ],
            [
              2.785328398094458,
              48.85303917186116
            ],
            [
              2.785324655927685,
              48.85304357032613
            ],
            [
              2.7853221084757545,
              48.853045350507415
            ],
            [
              2.785319475066807,
              48.85304666450505
            ],
            [
              2.7853163120240056,
              48.8530477054195
            ],
            [
              2.785309370347566,
              48.8530490479814
            ],
            [
              2.785301905983888,
              48.85304885545042
            ],
            [
              2.785295894207014,
              48.85304744318657
            ],
            [
              2.7852933319956876,
              48.85304654395413
            ],
            [
              2.7852906838278884,
              48.85304517853799
            ],
            [
              2.7852867471758107,
              48.853042023798935
            ],
            [
              2.785285222526918,
              48.85304025332899
            ],
            [
              2.785281680058449,
              48.853040536122684
            ],
            [
              2.785277049670947,
              48.85304011735513
            ],
            [
              2.7852727770041352,
              48.85303903930342
            ],
            [
              2.78526912687483,
              48.85303743850927
            ],
            [
              2.785265891770646,
              48.853035489220126
            ],
            [
              2.7852630430395062,
              48.85303303604151
            ],
            [
              2.785260064943916,
              48.85302728187149
            ],
            [
              2.7852599355792034,
              48.853023980880174
            ],
            [
              2.7852613161054514,
              48.85301977094602
            ],
            [
              2.785263247968871,
              48.85301725149905
            ],
            [
              2.785259912153616,
              48.85301215661296
            ],
            [
              2.78526083424635,
              48.85300546036599
            ],
            [
              2.7852624726406927,
              48.8530026489828
            ],
            [
              2.785264876832157,
              48.85300009183005
            ],
            [
              2.785267839308382,
              48.85299796315516
            ],
            [
              2.785271567581633,
              48.85299608871061
            ],
            [
              2.7852754391151646,
              48.852994991238695
            ],
            [
              2.78527984028147,
              48.85299416684993
            ],
            [
              2.7852848570370172,
              48.852994081727886
            ],
            [
              2.785288070434249,
              48.852994613612665
            ],
            [
              2.78528993804395,
              48.85299304538544
            ],
            [
              2.78529209912219,
              48.85299176909434
            ],
            [
              2.785296772051357,
              48.85298981923726
            ],
            [
              2.7853022967340473,
              48.85298858979384
            ],
            [
              2.7853104409294565,
              48.85298857037137
            ],
            [
              2.785315393433479,
              48.85298943646821
            ],
            [
              2.7853196947492225,
              48.85299066991288
            ],
            [
              2.785324840873249,
              48.85299388578037
            ],
            [
              2.7853279683140677,
              48.85299395148044
            ],
            [
              2.7853312746146517,
              48.85299368753833
            ]
          ]
        ]
      },
      "properties": {
        "id": "s_5d5f71ee797f7a72d20001a8",
        "destinationNodes": [],
        "center": [
          2.785306211677186,
          48.85301829199885
        ],
        "details": {
          "description": "",
          "name": "",
          "images": []
        }
      }
    },
    {
      "type": "Feature",
      "geometry": {
        "type": "Polygon",
        "coordinates": [
          [
            [
              2.7863028470468647,
              48.85188425104682
            ],
            [
              2.7863071196373026,
              48.85188532906047
            ],
            [
              2.7863107697157936,
              48.851886929821866
            ],
            [
              2.786314004786437,
              48.85188887908177
            ],
            [
              2.786316853503964,
              48.8518913322345
            ],
            [
              2.786319831653428,
              48.85189708637729
            ],
            [
              2.786319961085103,
              48.85190038736743
            ],
            [
              2.7863185806787305,
              48.851904597314224
            ],
            [
              2.7863176864318713,
              48.85190624553224
            ],
            [
              2.7863197407098643,
              48.85190828906711
            ],
            [
              2.7863215232535046,
              48.851911458072024
            ],
            [
              2.7863217811461602,
              48.85191285662062
            ],
            [
              2.78632083748165,
              48.85191813547242
            ],
            [
              2.786319671500011,
              48.85192090916055
            ],
            [
              2.7863177110773187,
              48.85192327323088
            ],
            [
              2.786315221027152,
              48.85192536422265
            ],
            [
              2.786312201349484,
              48.85192718213579
            ],
            [
              2.7863083872306658,
              48.85192859043101
            ],
            [
              2.786304458492847,
              48.85192937714892
            ],
            [
              2.786299971472969,
              48.851929735393796
            ],
            [
              2.7862962294744675,
              48.85193413389019
            ],
            [
              2.7862936821135302,
              48.8519359140929
            ],
            [
              2.7862910487884345,
              48.85193722811265
            ],
            [
              2.786287885835924,
              48.85193826905368
            ],
            [
              2.7862809443393615,
              48.85193961167389
            ],
            [
              2.7862734801373565,
              48.851939419205614
            ],
            [
              2.7862674684663,
              48.8519380069923
            ],
            [
              2.7862649062943046,
              48.851937107781374
            ],
            [
              2.7862622581586938,
              48.85193574238748
            ],
            [
              2.7862583215326397,
              48.85193258768151
            ],
            [
              2.7862567968831793,
              48.85193081722436
            ],
            [
              2.786253254498699,
              48.85193110004783
            ],
            [
              2.7862486242056805,
              48.85193068131919
            ],
            [
              2.7862443516126314,
              48.851929603303375
            ],
            [
              2.7862407015331523,
              48.851928002539886
            ],
            [
              2.786237466462835,
              48.85192605327793
            ],
            [
              2.786234617747222,
              48.85192360012324
            ],
            [
              2.7862316396059748,
              48.85191784597825
            ],
            [
              2.786231510180078,
              48.85191454498802
            ],
            [
              2.786232890594046,
              48.85191033504227
            ],
            [
              2.786234822365769,
              48.85190781557907
            ],
            [
              2.786231486525577,
              48.85190272072103
            ],
            [
              2.7862324084679466,
              48.851896024466306
            ],
            [
              2.7862340467714324,
              48.85189321306935
            ],
            [
              2.7862364508600015,
              48.851890655896405
            ],
            [
              2.7862394132292745,
              48.851888527196614
            ],
            [
              2.786243141383537,
              48.85188665272075
            ],
            [
              2.786247012809981,
              48.8518855552163
            ],
            [
              2.786251413862761,
              48.85188473079055
            ],
            [
              2.786256430505486,
              48.85188464562638
            ],
            [
              2.78625964384183,
              48.85188517748414
            ],
            [
              2.7862615113797164,
              48.851883609241234
            ],
            [
              2.786263672385302,
              48.851882332931986
            ],
            [
              2.7862683451730836,
              48.85188038303564
            ],
            [
              2.7862738697094915,
              48.85187915354581
            ],
            [
              2.7862820137240503,
              48.85187913405492
            ],
            [
              2.786286966135131,
              48.851880000110135
            ],
            [
              2.7862912673794913,
              48.85188123351867
            ],
            [
              2.7862964134518786,
              48.85188444934291
            ],
            [
              2.7862995408246682,
              48.8518845150167
            ],
            [
              2.7863028470468647,
              48.85188425104682
            ]
          ]
        ]
      },
      "properties": {
        "id": "s_5d5f71ee797f7a72d20001a9",
        "destinationNodes": [],
        "center": [
          2.786277785142201,
          48.85190885571787
        ],
        "details": {
          "description": "",
          "name": "",
          "images": []
        }
      }
    },
    {
      "type": "Feature",
      "geometry": {
        "type": "Polygon",
        "coordinates": [
          [
            [
              2.7830518914913136,
              48.85209188428516
            ],
            [
              2.7830561640294667,
              48.85209296241894
            ],
            [
              2.7830598140191496,
              48.852094563282975
            ],
            [
              2.783063048976634,
              48.85209651263382
            ],
            [
              2.7830658975466798,
              48.85209896586665
            ],
            [
              2.7830688753348527,
              48.85210472009319
            ],
            [
              2.783069004552718,
              48.85210802108696
            ],
            [
              2.7830676238672543,
              48.85211223099494
            ],
            [
              2.783066729509662,
              48.85211387918782
            ],
            [
              2.783068783663478,
              48.85211592278044
            ],
            [
              2.783070566008733,
              48.852119091835476
            ],
            [
              2.7830708238116446,
              48.85212049039133
            ],
            [
              2.7830698798004456,
              48.85212576921661
            ],
            [
              2.783068713633865,
              48.85212854287195
            ],
            [
              2.7830667530495354,
              48.85213090688716
            ],
            [
              2.7830642628532676,
              48.85213299780891
            ],
            [
              2.7830612430450348,
              48.852134815637164
            ],
            [
              2.783057428818956,
              48.852136223825156
            ],
            [
              2.783053500013763,
              48.85213701043261
            ],
            [
              2.7830490129520173,
              48.85213736855133
            ],
            [
              2.783045270652388,
              48.85214176694251
            ],
            [
              2.7830427231652934,
              48.85214354707359
            ],
            [
              2.7830400897439542,
              48.852144861019305
            ],
            [
              2.783036926710736,
              48.852145901871424
            ],
            [
              2.78302998509821,
              48.85214724429648
            ],
            [
              2.7830225208777546,
              48.85214705161833
            ],
            [
              2.783016509273472,
              48.85214563923598
            ],
            [
              2.7830139471492426,
              48.85214473995303
            ],
            [
              2.7830112990913123,
              48.85214337448469
            ],
            [
              2.783007362653783,
              48.85214021966803
            ],
            [
              2.783005838112964,
              48.85213844916802
            ],
            [
              2.7830022956954306,
              48.85213873189188
            ],
            [
              2.782997665410403,
              48.85213831303306
            ],
            [
              2.7829933928696398,
              48.85213723489713
            ],
            [
              2.7829897428789696,
              48.852135634031
            ],
            [
              2.782986507921812,
              48.852133684678094
            ],
            [
              2.7829836593536803,
              48.852131231443316
            ],
            [
              2.7829806815737244,
              48.85212547721457
            ],
            [
              2.7829805523616375,
              48.852122176220696
            ],
            [
              2.782981933054698,
              48.85211796631376
            ],
            [
              2.7829838649980294,
              48.85211544690488
            ],
            [
              2.782980529474835,
              48.85211035195305
            ],
            [
              2.7829814518558416,
              48.85210365572424
            ],
            [
              2.7829830903486745,
              48.85210084437335
            ],
            [
              2.7829854946132593,
              48.852098287268
            ],
            [
              2.78298845713304,
              48.852096158651484
            ],
            [
              2.7829921854244777,
              48.85209428428044
            ],
            [
              2.7829960569382384,
              48.852093186884844
            ],
            [
              2.7830004580628,
              48.85209236258284
            ],
            [
              2.7830054747318558,
              48.85209227755969
            ],
            [
              2.783008688046987,
              48.852092809507816
            ],
            [
              2.7830105556944487,
              48.85209124131741
            ],
            [
              2.7830127167918706,
              48.85208996506892
            ],
            [
              2.783017389725641,
              48.85208801530394
            ],
            [
              2.7830229143647913,
              48.85208678596945
            ],
            [
              2.7830310584143834,
              48.85208676670751
            ],
            [
              2.783036010789762,
              48.85208763290199
            ],
            [
              2.7830403119718667,
              48.852088866431444
            ],
            [
              2.783045457856776,
              48.852092082400375
            ],
            [
              2.783048585238268,
              48.8520921481621
            ],
            [
              2.7830518914913136,
              48.85209188428516
            ]
          ]
        ]
      },
      "properties": {
        "id": "s_5d5f71ee797f7a72d20001aa",
        "destinationNodes": [],
        "center": [
          2.783026827885057,
          48.85211648825161
        ],
        "details": {
          "description": "",
          "name": "",
          "images": []
        }
      }
    },
    {
      "type": "Feature",
      "geometry": {
        "type": "Polygon",
        "coordinates": [
          [
            [
              2.782823287627223,
              48.852110129267125
            ],
            [
              2.7828275601620107,
              48.85211120740936
            ],
            [
              2.782831210145714,
              48.85211280828059
            ],
            [
              2.7828344450954763,
              48.85211475763784
            ],
            [
              2.7828372936553585,
              48.852117210876294
            ],
            [
              2.7828402714183422,
              48.85212296510872
            ],
            [
              2.782840400621182,
              48.852126266102765
            ],
            [
              2.7828390199159916,
              48.85213047600801
            ],
            [
              2.782838125550548,
              48.852132124199116
            ],
            [
              2.782840179695781,
              48.8521341677958
            ],
            [
              2.7828419620272165,
              48.85213733685436
            ],
            [
              2.7828422198238356,
              48.852138735410726
            ],
            [
              2.7828412757881886,
              48.852144014234135
            ],
            [
              2.7828401096085185,
              48.85214678788717
            ],
            [
              2.7828381490126803,
              48.85214915189851
            ],
            [
              2.7828356588059577,
              48.85215124281533
            ],
            [
              2.7828326389883244,
              48.85215306063761
            ],
            [
              2.782828824754425,
              48.85215446881806
            ],
            [
              2.782824895944209,
              48.85215525541775
            ],
            [
              2.782820408879193,
              48.85215561352761
            ],
            [
              2.782816666558116,
              48.852160011911394
            ],
            [
              2.7828141190619644,
              48.852161792037435
            ],
            [
              2.7828114856336663,
              48.85216310597795
            ],
            [
              2.7828083225945432,
              48.852164146823796
            ],
            [
              2.7828013809733583,
              48.852165489235134
            ],
            [
              2.782793916751062,
              48.85216529654223
            ],
            [
              2.7827879051510376,
              48.852163884148
            ],
            [
              2.7827853430299805,
              48.85216298485998
            ],
            [
              2.7827826949773207,
              48.85216161938641
            ],
            [
              2.782778758552762,
              48.85215846456195
            ],
            [
              2.7827772340194716,
              48.852156694058934
            ],
            [
              2.7827736915993566,
              48.8521569767758
            ],
            [
              2.7827690613145544,
              48.85215655790783
            ],
            [
              2.782764788777156,
              48.85215547976344
            ],
            [
              2.782761138792466,
              48.85215387889011
            ],
            [
              2.7827579038430303,
              48.8521519295308
            ],
            [
              2.782755055285062,
              48.85214947629038
            ],
            [
              2.7827520775302954,
              48.852143722055764
            ],
            [
              2.7827519483332335,
              48.852140421061634
            ],
            [
              2.78275332904602,
              48.85213621115742
            ],
            [
              2.78275526100156,
              48.85213369175235
            ],
            [
              2.782751925500414,
              48.85212859679393
            ],
            [
              2.7827528479123322,
              48.85212190056694
            ],
            [
              2.782754486418599,
              48.85211908921928
            ],
            [
              2.7827568906957354,
              48.8521165321187
            ],
            [
              2.782759853226316,
              48.85211440350805
            ],
            [
              2.78276358152767,
              48.85211252914435
            ],
            [
              2.7827674530478537,
              48.85211143175643
            ],
            [
              2.782771854177782,
              48.8521106074631
            ],
            [
              2.7827768708490543,
              48.85211052244989
            ],
            [
              2.782780084162928,
              48.85211105440436
            ],
            [
              2.782781951818231,
              48.85210948621765
            ],
            [
              2.782784112922268,
              48.85210820997342
            ],
            [
              2.7827887858666442,
              48.8521062602177
            ],
            [
              2.7827943105134203,
              48.85210503089411
            ],
            [
              2.782802454566068,
              48.852105011648284
            ],
            [
              2.7828074069392965,
              48.85210587785256
            ],
            [
              2.782811708117336,
              48.85210711139052
            ],
            [
              2.782816853989436,
              48.852110327369616
            ],
            [
              2.782819981371768,
              48.85211039313752
            ],
            [
              2.782823287627223,
              48.852110129267125
            ]
          ]
        ]
      },
      "properties": {
        "id": "s_5d5f71ee797f7a72d20001ab",
        "destinationNodes": [],
        "center": [
          2.7827982238994897,
          48.85213473318402
        ],
        "details": {
          "description": "",
          "name": "",
          "images": []
        }
      }
    },
    {
      "type": "Feature",
      "geometry": {
        "type": "Polygon",
        "coordinates": [
          [
            [
              2.782719009276651,
              48.852221732797126
            ],
            [
              2.7827232818187175,
              48.85222281094319
            ],
            [
              2.782726931807223,
              48.85222441181773
            ],
            [
              2.7827301667601363,
              48.85222636117791
            ],
            [
              2.7827330153212593,
              48.852228814418936
            ],
            [
              2.7827359930788975,
              48.85223456865403
            ],
            [
              2.7827361222751508,
              48.852237869648185
            ],
            [
              2.782734741558114,
              48.85224207955219
            ],
            [
              2.7827338471872443,
              48.8522437277425
            ],
            [
              2.7827359013328,
              48.852245771341025
            ],
            [
              2.7827376836616087,
              48.852248940401196
            ],
            [
              2.7827379414558893,
              48.85225033895779
            ],
            [
              2.7827369974071443,
              48.85225561778035
            ],
            [
              2.782735831219098,
              48.852258391432336
            ],
            [
              2.7827338706139657,
              48.85226075544191
            ],
            [
              2.7827313803973373,
              48.85226284635649
            ],
            [
              2.7827283605691866,
              48.85226466417605
            ],
            [
              2.7827245463238515,
              48.852266072353046
            ],
            [
              2.7827206175032386,
              48.8522668589492
            ],
            [
              2.7827161304274743,
              48.85226721705501
            ],
            [
              2.782712388088896,
              48.852271615435406
            ],
            [
              2.7827098405833586,
              48.852273395559166
            ],
            [
              2.7827072071464527,
              48.8522747094973
            ],
            [
              2.782704044098111,
              48.8522757503403
            ],
            [
              2.782697102458656,
              48.85227709274537
            ],
            [
              2.782689638220122,
              48.85227690004575
            ],
            [
              2.782683626609639,
              48.85227548764609
            ],
            [
              2.7826810644847426,
              48.852274588355755
            ],
            [
              2.782678416429024,
              48.852273222879795
            ],
            [
              2.782674480002261,
              48.852270068051794
            ],
            [
              2.78267295546926,
              48.8522682975474
            ],
            [
              2.782669413040659,
              48.85226858026107
            ],
            [
              2.782664782746407,
              48.85226816138891
            ],
            [
              2.78266051020173,
              48.85226708324068
            ],
            [
              2.7826568602122377,
              48.85226548236406
            ],
            [
              2.7826536252596505,
              48.852263533001825
            ],
            [
              2.782650776700442,
              48.85226107975883
            ],
            [
              2.782647798951021,
              48.85225532552155
            ],
            [
              2.782647669760547,
              48.8522520245273
            ],
            [
              2.782649050485179,
              48.852247814624334
            ],
            [
              2.7826509824502716,
              48.85224529522101
            ],
            [
              2.782647646952302,
              48.85224020025956
            ],
            [
              2.7826485693802225,
              48.852233504033414
            ],
            [
              2.7826502078959967,
              48.852230692687236
            ],
            [
              2.782652612183819,
              48.852228135588796
            ],
            [
              2.7826555747254362,
              48.85222600698083
            ],
            [
              2.7826593030390048,
              48.852224132620506
            ],
            [
              2.782663174570104,
              48.852223035236065
            ],
            [
              2.78266757571156,
              48.85222221094673
            ],
            [
              2.7826725923941926,
              48.85222212593803
            ],
            [
              2.782675805714121,
              48.85222265789539
            ],
            [
              2.782677673376854,
              48.852221089710376
            ],
            [
              2.782679834488366,
              48.852219813468096
            ],
            [
              2.7826845074472195,
              48.852217863716575
            ],
            [
              2.7826900321088717,
              48.852216634397976
            ],
            [
              2.782698176179714,
              48.852216615159485
            ],
            [
              2.7827031285621784,
              48.85221748136823
            ],
            [
              2.782707429747237,
              48.85221871491007
            ],
            [
              2.78271257562411,
              48.85222193089383
            ],
            [
              2.7827157030132765,
              48.85222199666454
            ],
            [
              2.782719009276651,
              48.852221732797126
            ]
          ]
        ]
      },
      "properties": {
        "id": "s_5d5f71ee797f7a72d20001ac",
        "destinationNodes": [],
        "center": [
          2.782693945441805,
          48.852246336691444
        ],
        "details": {
          "description": "",
          "name": "",
          "images": []
        }
      }
    },
    {
      "type": "Feature",
      "geometry": {
        "type": "Polygon",
        "coordinates": [
          [
            [
              2.7820977204508917,
              48.85216109607759
            ],
            [
              2.7821019929744044,
              48.852162174246615
            ],
            [
              2.782105642938622,
              48.85216377514077
            ],
            [
              2.7821088778634264,
              48.85216572451832
            ],
            [
              2.782111726390655,
              48.85216817777464
            ],
            [
              2.7821147040732783,
              48.85217393202576
            ],
            [
              2.7821148332284102,
              48.8521772330206
            ],
            [
              2.782113452460803,
              48.85218144291717
            ],
            [
              2.7821125580705623,
              48.85218309110269
            ],
            [
              2.7821146121882703,
              48.85218513471227
            ],
            [
              2.7821163944755924,
              48.85218830378201
            ],
            [
              2.7821166522522054,
              48.85218970233999
            ],
            [
              2.7821157081390946,
              48.85219498115747
            ],
            [
              2.7821145419180406,
              48.8521977548032
            ],
            [
              2.7821125812859466,
              48.85220011880223
            ],
            [
              2.782110091046386,
              48.852202209703435
            ],
            [
              2.782107071199334,
              48.85220402750677
            ],
            [
              2.782103256941144,
              48.852205435663265
            ],
            [
              2.7820993281155286,
              48.85220622223832
            ],
            [
              2.782094841040755,
              48.85220658032
            ],
            [
              2.782091098652126,
              48.85221097868032
            ],
            [
              2.782088551127583,
              48.85221275879037
            ],
            [
              2.782085917677562,
              48.85221407271435
            ],
            [
              2.7820827546201348,
              48.85221511354037
            ],
            [
              2.782075812972428,
              48.852216455908135
            ],
            [
              2.7820683487453266,
              48.852216263168394
            ],
            [
              2.782062337159652,
              48.85221485073644
            ],
            [
              2.782059775049019,
              48.85221395143235
            ],
            [
              2.782057127013452,
              48.85221258594215
            ],
            [
              2.7820531906306076,
              48.852209431093016
            ],
            [
              2.7820516661214243,
              48.85220766058042
            ],
            [
              2.782048123693606,
              48.852207943275054
            ],
            [
              2.78204349341016,
              48.85220752437803
            ],
            [
              2.7820392208840383,
              48.85220644620683
            ],
            [
              2.7820355709188327,
              48.85220484531059
            ],
            [
              2.782032335994355,
              48.85220289593097
            ],
            [
              2.7820294874690408,
              48.85220044267268
            ],
            [
              2.7820265097946355,
              48.85219468841939
            ],
            [
              2.782026380645282,
              48.85219138742444
            ],
            [
              2.7820277614204847,
              48.85218717752889
            ],
            [
              2.7820296934145037,
              48.85218465813594
            ],
            [
              2.7820263579837996,
              48.85217956315659
            ],
            [
              2.7820272804937014,
              48.8521728669354
            ],
            [
              2.78202891904238,
              48.85217005559802
            ],
            [
              2.782031323359022,
              48.852167498512514
            ],
            [
              2.7820342859234666,
              48.852165369920456
            ],
            [
              2.782038014255781,
              48.85216349558017
            ],
            [
              2.7820418857958082,
              48.85216239821651
            ],
            [
              2.7820462869421636,
              48.85216157395084
            ],
            [
              2.7820513036197743,
              48.85216148896908
            ],
            [
              2.7820545169292097,
              48.85216202094372
            ],
            [
              2.7820563846091404,
              48.852160452768715
            ],
            [
              2.782058545733873,
              48.85215917653806
            ],
            [
              2.7820632187112624,
              48.85215722681166
            ],
            [
              2.782068743381479,
              48.852155997522736
            ],
            [
              2.782076887442696,
              48.85215597832801
            ],
            [
              2.782081839808413,
              48.85215684456335
            ],
            [
              2.7820861409729534,
              48.85215807812831
            ],
            [
              2.7820912868036847,
              48.8521612941397
            ],
            [
              2.782094414188247,
              48.85216135992723
            ],
            [
              2.7820977204508917,
              48.85216109607759
            ]
          ]
        ]
      },
      "properties": {
        "id": "s_5d5f71ee797f7a72d20001ad",
        "destinationNodes": [],
        "center": [
          2.782072656341074,
          48.85218569983723
        ],
        "details": {
          "description": "",
          "name": "",
          "images": []
        }
      }
    },
    {
      "type": "Feature",
      "geometry": {
        "type": "Polygon",
        "coordinates": [
          [
            [
              2.7824044231687735,
              48.85207512422672
            ],
            [
              2.7824086956915535,
              48.85207620238443
            ],
            [
              2.7824123456593113,
              48.852077803268884
            ],
            [
              2.782415580590502,
              48.85207975263787
            ],
            [
              2.782418429127868,
              48.85208220588665
            ],
            [
              2.782421406840627,
              48.85208796012985
            ],
            [
              2.782421536015759,
              48.85209126112436
            ],
            [
              2.7824201552763124,
              48.8520954710246
            ],
            [
              2.7824192608977047,
              48.85209711921249
            ],
            [
              2.782421315024404,
              48.85209916281661
            ],
            [
              2.782423097328079,
              48.85210233188161
            ],
            [
              2.782423355112817,
              48.85210373043892
            ],
            [
              2.7824224110336653,
              48.852109009258896
            ],
            [
              2.7824212448316046,
              48.85211178290771
            ],
            [
              2.782419284217359,
              48.85211414691195
            ],
            [
              2.7824167939948836,
              48.85211623781977
            ],
            [
              2.7824137741641533,
              48.8521180556311
            ],
            [
              2.7824099599211394,
              48.85211946379773
            ],
            [
              2.7824060311070893,
              48.852120250383194
            ],
            [
              2.7824015440422145,
              48.85212060847679
            ],
            [
              2.782397801686956,
              48.85212500684701
            ],
            [
              2.782395254177692,
              48.85212678696384
            ],
            [
              2.7823926207402416,
              48.8521281008948
            ],
            [
              2.7823894576946224,
              48.85212914172919
            ],
            [
              2.7823825160670594,
              48.85213048411539
            ],
            [
              2.7823750518515946,
              48.85213029139544
            ],
            [
              2.7823690402675907,
              48.852128878979435
            ],
            [
              2.782366478155849,
              48.852127979682145
            ],
            [
              2.782363830116464,
              48.852126614198966
            ],
            [
              2.782359893721053,
              48.852123459360264
            ],
            [
              2.7823583692036413,
              48.85212168885171
            ],
            [
              2.782354826783638,
              48.852121971555746
            ],
            [
              2.7823501965055772,
              48.85212155267099
            ],
            [
              2.7823459239801873,
              48.852120474511125
            ],
            [
              2.7823422740114423,
              48.852118873624576
            ],
            [
              2.782339039080578,
              48.852116924253544
            ],
            [
              2.7823361905451267,
              48.852114471002814
            ],
            [
              2.782333212840584,
              48.85210871675741
            ],
            [
              2.7823330836712308,
              48.85210541576281
            ],
            [
              2.7823344644182733,
              48.852101205863605
            ],
            [
              2.7823363963935406,
              48.852098686465524
            ],
            [
              2.7823330609373533,
              48.85209359149503
            ],
            [
              2.78233398340465,
              48.85208689527138
            ],
            [
              2.7823356219332926,
              48.85208408392965
            ],
            [
              2.7823380262301423,
              48.852081526837765
            ],
            [
              2.7823409887764594,
              48.852079398237855
            ],
            [
              2.7823447170908895,
              48.85207752388768
            ],
            [
              2.7823485886175465,
              48.852076426513754
            ],
            [
              2.782352989751294,
              48.8520756022364
            ],
            [
              2.7823580064197704,
              48.85207551724135
            ],
            [
              2.7823612197269463,
              48.85207604920747
            ],
            [
              2.7823630873940632,
              48.85207448102751
            ],
            [
              2.7823652485072663,
              48.852073204791104
            ],
            [
              2.782369921464688,
              48.85207125505231
            ],
            [
              2.7823754461178867,
              48.85207002574874
            ],
            [
              2.7823835901650016,
              48.85207000653242
            ],
            [
              2.7823885425275194,
              48.85207087275462
            ],
            [
              2.782392843692232,
              48.85207210630818
            ],
            [
              2.7823979895338278,
              48.85207532230592
            ],
            [
              2.7824011169134226,
              48.85207538808515
            ],
            [
              2.7824044231687735,
              48.85207512422672
            ]
          ]
        ]
      },
      "properties": {
        "id": "s_5d5f71ee797f7a72d20001ae",
        "destinationNodes": [],
        "center": [
          2.7823793592527166,
          48.85209972805283
        ],
        "details": {
          "description": "",
          "name": "",
          "images": []
        }
      }
    },
    {
      "type": "Feature",
      "geometry": {
        "type": "Polygon",
        "coordinates": [
          [
            [
              2.7825958420177352,
              48.85326831613573
            ],
            [
              2.7823918415174718,
              48.85226818390601
            ],
            [
              2.782380627331929,
              48.85226844813377
            ],
            [
              2.782363072435046,
              48.85226811461436
            ],
            [
              2.7823456391300154,
              48.852267140664296
            ],
            [
              2.7823073084430496,
              48.85226200022208
            ],
            [
              2.7822714177379484,
              48.85225319606287
            ],
            [
              2.782238289110002,
              48.8522411755281
            ],
            [
              2.7822082160097903,
              48.85222623056416
            ],
            [
              2.782181935567329,
              48.85220846002902
            ],
            [
              2.782159798512667,
              48.85218846665999
            ],
            [
              2.7821422771670377,
              48.85216621276648
            ],
            [
              2.78212972225561,
              48.852142301085415
            ],
            [
              2.782104302736242,
              48.85214480268756
            ],
            [
              2.7821092275259143,
              48.852155920389805
            ],
            [
              2.782114832160859,
              48.85216682615719
            ],
            [
              2.782121825126504,
              48.852177463450246
            ],
            [
              2.782129440654659,
              48.85218757801748
            ],
            [
              2.782137972191068,
              48.85219746180292
            ],
            [
              2.782147627256019,
              48.85220694056457
            ],
            [
              2.7821579048842184,
              48.85221589659986
            ],
            [
              2.7821690698795982,
              48.8522244664574
            ],
            [
              2.7821553233077734,
              48.852234393620286
            ],
            [
              2.782170345259397,
              48.85223918669659
            ],
            [
              2.782190541701942,
              48.852247351173254
            ],
            [
              2.7821968397164296,
              48.85225031755166
            ],
            [
              2.782208312221866,
              48.85225665533122
            ],
            [
              2.782215511107072,
              48.85225150808155
            ],
            [
              2.782229581397398,
              48.85225763854585
            ],
            [
              2.7822442742504503,
              48.852263246282426
            ],
            [
              2.782259561023642,
              48.852268175895745
            ],
            [
              2.782275234196841,
              48.852272601627625
            ],
            [
              2.782291501289323,
              48.85227634923583
            ],
            [
              2.7823081547809583,
              48.85227959296221
            ],
            [
              2.7823251373862266,
              48.85228202201607
            ],
            [
              2.7823492907841136,
              48.85228435184585
            ],
            [
              2.782553188798448,
              48.85327093168813
            ],
            [
              2.7825549799068963,
              48.85328844903709
            ],
            [
              2.7825513888714726,
              48.85330276924269
            ],
            [
              2.7825438899771964,
              48.853314090010954
            ],
            [
              2.7825339575119257,
              48.85332260904783
            ],
            [
              2.7825236240305893,
              48.85332895255061
            ],
            [
              2.7825143065363105,
              48.85333300743567
            ],
            [
              2.7825047885345646,
              48.85333597455336
            ],
            [
              2.7825131864400445,
              48.85336463305264
            ],
            [
              2.7825492334994184,
              48.853356079799596
            ],
            [
              2.7825737077803328,
              48.85334324662571
            ],
            [
              2.7825890212273876,
              48.85332751786389
            ],
            [
              2.7825969632193335,
              48.853310800570924
            ],
            [
              2.7825995306581777,
              48.8532948275589
            ],
            [
              2.7825989566104212,
              48.85328131279125
            ],
            [
              2.7825969731620024,
              48.85327185253076
            ],
            [
              2.7825958420177352,
              48.85326831613573
            ]
          ]
        ]
      },
      "properties": {
        "id": "s_5d5f71ee797f7a72d20001af",
        "destinationNodes": [],
        "center": [
          2.7823312595161287,
          48.85258492399471
        ],
        "details": {
          "description": "",
          "name": "",
          "images": []
        }
      }
    },
    {
      "type": "Feature",
      "geometry": {
        "type": "Polygon",
        "coordinates": [
          [
            [
              2.786340696876555,
              48.852149288669466
            ],
            [
              2.7862782960735633,
              48.85220725192917
            ],
            [
              2.7857248367167426,
              48.851927086784805
            ],
            [
              2.7857011167524743,
              48.851947902303465
            ],
            [
              2.7856596272305745,
              48.851926931593106
            ],
            [
              2.785611478750083,
              48.85196861915955
            ],
            [
              2.7858534957577543,
              48.85209199986862
            ],
            [
              2.785549914003388,
              48.852357331863026
            ],
            [
              2.7856159169390557,
              48.852390379338544
            ],
            [
              2.785579452717287,
              48.85242135777957
            ],
            [
              2.7855300663004288,
              48.85242514275974
            ],
            [
              2.7855177040615056,
              48.85236589518626
            ],
            [
              2.785012204714799,
              48.85241082219288
            ],
            [
              2.785018292630191,
              48.85244124183224
            ],
            [
              2.7848159522114058,
              48.852458970936105
            ],
            [
              2.7848616456960484,
              48.852680808254746
            ],
            [
              2.7849774298149343,
              48.85267061947153
            ],
            [
              2.78499948947165,
              48.85277986646507
            ],
            [
              2.7847169310318485,
              48.85280573335425
            ],
            [
              2.784705808581647,
              48.85275190565623
            ],
            [
              2.784611837211681,
              48.85276082601185
            ],
            [
              2.7846083992227504,
              48.852742178646274
            ],
            [
              2.7846002851366793,
              48.85270466738299
            ],
            [
              2.784790525006748,
              48.85268758931502
            ],
            [
              2.784776938572883,
              48.85262039768232
            ],
            [
              2.7847398896653948,
              48.852623512816
            ],
            [
              2.784702282229865,
              48.85243903131124
            ],
            [
              2.784476060685122,
              48.85245850844749
            ],
            [
              2.7843858018427747,
              48.85245246792381
            ],
            [
              2.7843872033360877,
              48.8524444719724
            ],
            [
              2.7839656380262348,
              48.85241694121533
            ],
            [
              2.7835994439819443,
              48.852450584936236
            ],
            [
              2.783605251566918,
              48.8524781886912
            ],
            [
              2.783333120913414,
              48.85250211620675
            ],
            [
              2.783414841419366,
              48.85289342388039
            ],
            [
              2.783467985437214,
              48.85288792081225
            ],
            [
              2.783515420110843,
              48.85311403432603
            ],
            [
              2.7835232135748096,
              48.853113412298804
            ],
            [
              2.783583961231076,
              48.85340263959635
            ],
            [
              2.7838274345443565,
              48.85338052615183
            ],
            [
              2.783781573118033,
              48.85315775605493
            ],
            [
              2.7838297222660944,
              48.85315375528145
            ],
            [
              2.783875614701417,
              48.85339229104923
            ],
            [
              2.783608109616665,
              48.85341663803574
            ],
            [
              2.7837000456183687,
              48.853855538663495
            ],
            [
              2.7837391637274274,
              48.8538519434253
            ],
            [
              2.783784581201996,
              48.85406970320197
            ],
            [
              2.7838034175038784,
              48.85406788442243
            ],
            [
              2.7838250308104238,
              48.85417212130307
            ],
            [
              2.7841152655736714,
              48.85452061124792
            ],
            [
              2.784129220650282,
              48.85451571303832
            ],
            [
              2.784171510639461,
              48.85486727875033
            ],
            [
              2.7841352990534665,
              48.85493213788875
            ],
            [
              2.784337538079944,
              48.854982695017796
            ],
            [
              2.7844069624646446,
              48.85485621187036
            ],
            [
              2.784501360598688,
              48.85485088461149
            ],
            [
              2.7844395806208992,
              48.854357226566314
            ],
            [
              2.7844540946903473,
              48.8543579602311
            ],
            [
              2.7844647014850876,
              48.854360897953434
            ],
            [
              2.784472202438308,
              48.85436518735567
            ],
            [
              2.7844771914615616,
              48.854370150305606
            ],
            [
              2.7844800549453326,
              48.8543752829168
            ],
            [
              2.7844819311592026,
              48.854382859556765
            ],
            [
              2.7845586445034614,
              48.855090088043056
            ],
            [
              2.7845552397503126,
              48.85510281666075
            ],
            [
              2.7845469604947364,
              48.85511120391052
            ],
            [
              2.784535896690726,
              48.8551161867434
            ],
            [
              2.7845231076422823,
              48.855118311332085
            ],
            [
              2.7845104471306303,
              48.85511853347982
            ],
            [
              2.784499296586921,
              48.855117846693275
            ],
            [
              2.7844886826621873,
              48.85511617098336
            ],
            [
              2.7839611261293893,
              48.85490772301609
            ],
            [
              2.7837559523171285,
              48.85479574607037
            ],
            [
              2.783063048439865,
              48.854329910294794
            ],
            [
              2.7830505797459586,
              48.854316871762435
            ],
            [
              2.783040880819162,
              48.854304558267685
            ],
            [
              2.7830337441315853,
              48.854293144054715
            ],
            [
              2.783028547104897,
              48.85428315185421
            ],
            [
              2.7830248460408775,
              48.85427477475814
            ],
            [
              2.7830217172669136,
              48.854264302132385
            ],
            [
              2.7829355307774177,
              48.853864362836106
            ],
            [
              2.782931720947834,
              48.85384369528399
            ],
            [
              2.7829266156944947,
              48.85382250039176
            ],
            [
              2.782920594414568,
              48.85380153628678
            ],
            [
              2.7829088173002328,
              48.853764948054646
            ],
            [
              2.782899546346712,
              48.85373935517997
            ],
            [
              2.7827407464815184,
              48.85342909740105
            ],
            [
              2.7827238317940326,
              48.85339843802183
            ],
            [
              2.7827094436520228,
              48.85336978454385
            ],
            [
              2.782697431815384,
              48.85334362200125
            ],
            [
              2.7826877033330666,
              48.85332074621827
            ],
            [
              2.7826751110302306,
              48.85328753434698
            ],
            [
              2.7826709301608767,
              48.85327525351217
            ],
            [
              2.782479671576253,
              48.852254551949905
            ],
            [
              2.7825094414352822,
              48.85224444975063
            ],
            [
              2.7825368350539255,
              48.85223185660327
            ],
            [
              2.7825614373929652,
              48.85221712099469
            ],
            [
              2.78258304093339,
              48.85220041716926
            ],
            [
              2.7826012306392967,
              48.85218209361398
            ],
            [
              2.782615741707864,
              48.8521620137827
            ],
            [
              2.782625951588231,
              48.85214070040489
            ],
            [
              2.782632125089754,
              48.85211829002937
            ],
            [
              2.7826334765809198,
              48.852108721299686
            ],
            [
              2.7826702604338522,
              48.85210547029334
            ],
            [
              2.7826680297876996,
              48.852124570058386
            ],
            [
              2.7826628506299276,
              48.852143274413386
            ],
            [
              2.7826551379931677,
              48.852161234872455
            ],
            [
              2.782645128036528,
              48.85217843258755
            ],
            [
              2.7826325559530747,
              48.85219473101037
            ],
            [
              2.7826176579026334,
              48.85221011129262
            ],
            [
              2.782600906207334,
              48.85222453573851
            ],
            [
              2.782582036061417,
              48.852237867799445
            ],
            [
              2.7825954031608515,
              48.85229088564673
            ],
            [
              2.7828211739909015,
              48.85227286728994
            ],
            [
              2.7825510333372354,
              48.85229458434896
            ],
            [
              2.782686488685637,
              48.85302424484937
            ],
            [
              2.78310701316278,
              48.852990210307325
            ],
            [
              2.7831041989143173,
              48.85297624359806
            ],
            [
              2.783310907582397,
              48.85295879978987
            ],
            [
              2.783276427550682,
              48.852791255880085
            ],
            [
              2.7832485888260345,
              48.8527936354318
            ],
            [
              2.783164892619243,
              48.852386401949055
            ],
            [
              2.7830218961571047,
              48.85230746332694
            ],
            [
              2.7830807253192242,
              48.85227170489166
            ],
            [
              2.7832150410653576,
              48.85235165163294
            ],
            [
              2.7834079351397594,
              48.85233467929422
            ],
            [
              2.7834102631240945,
              48.85235120771261
            ],
            [
              2.78350791959966,
              48.85234278256921
            ],
            [
              2.7835119657148732,
              48.85236343125303
            ],
            [
              2.783887391153338,
              48.85233047006122
            ],
            [
              2.783887878159562,
              48.85233311177438
            ],
            [
              2.783974170111053,
              48.85232543564476
            ],
            [
              2.7841705317650045,
              48.85233767167655
            ],
            [
              2.784168829806494,
              48.85234663769555
            ],
            [
              2.7844821373119593,
              48.85236798717706
            ],
            [
              2.7844837842564845,
              48.852374320659045
            ],
            [
              2.7846735505878857,
              48.85235728048613
            ],
            [
              2.784668694835572,
              48.85233354280065
            ],
            [
              2.7849890937320585,
              48.85230497045494
            ],
            [
              2.784998031965725,
              48.85234825014411
            ],
            [
              2.7854255333041507,
              48.85231049600311
            ],
            [
              2.7854186220658543,
              48.85227951136672
            ],
            [
              2.7854871373788277,
              48.85227419931608
            ],
            [
              2.7857053278642665,
              48.852089006811234
            ],
            [
              2.785518434600996,
              48.85199165772886
            ],
            [
              2.7856087574175548,
              48.85191617065433
            ],
            [
              2.785611805772638,
              48.851914508154
            ],
            [
              2.785615176244281,
              48.85191329298342
            ],
            [
              2.7856225327681368,
              48.85191160190704
            ],
            [
              2.7858634773624518,
              48.8518810128946
            ],
            [
              2.7858746054828187,
              48.85188028214588
            ],
            [
              2.7858842237576384,
              48.85188046034706
            ],
            [
              2.7858925396928975,
              48.85188137324998
            ],
            [
              2.785899467328654,
              48.851882554671725
            ],
            [
              2.7859088355824553,
              48.85188527574367
            ],
            [
              2.7860804175792033,
              48.851960667390195
            ],
            [
              2.7860847978605907,
              48.851963628998774
            ],
            [
              2.7860863511590073,
              48.85196555485254
            ],
            [
              2.7860870457828697,
              48.85196802230753
            ],
            [
              2.786086115946333,
              48.85197077713875
            ],
            [
              2.786080120022649,
              48.85197724776037
            ],
            [
              2.786078746521058,
              48.851980195694956
            ],
            [
              2.786078553815696,
              48.85198304935685
            ],
            [
              2.7860792770934455,
              48.851985672206254
            ],
            [
              2.786083027934213,
              48.85199041857091
            ],
            [
              2.786303423328207,
              48.852096602814456
            ],
            [
              2.786324637149049,
              48.852107681350574
            ],
            [
              2.7863361605335246,
              48.85211559151848
            ],
            [
              2.7863430822649655,
              48.85212323835466
            ],
            [
              2.7863460821658315,
              48.85213040990041
            ],
            [
              2.7863465485388277,
              48.85213683763126
            ],
            [
              2.7863449250478713,
              48.85214232844278
            ],
            [
              2.7863425999971327,
              48.85214661381018
            ],
            [
              2.786340696876555,
              48.852149288669466
            ]
          ]
        ]
      },
      "properties": {
        "id": "s_5d5f71ee797f7a72d20001b0",
        "externalId": "POLY-QJQX00DY",
        "destinationNodes": [],
        "center": [
          2.7842450559287952,
          48.85290662226585
        ],
        "details": {
          "description": "",
          "name": "",
          "images": []
        }
      }
    },
    {
      "type": "Feature",
      "geometry": {
        "type": "Polygon",
        "coordinates": [
          [
            [
              2.7811289738707647,
              48.85297950050893
            ],
            [
              2.781093576776381,
              48.85297207569987
            ],
            [
              2.780999382808722,
              48.85316313207393
            ],
            [
              2.781032776133816,
              48.853170086083296
            ],
            [
              2.7811289738707647,
              48.85297950050893
            ]
          ]
        ]
      },
      "properties": {
        "id": "s_5d5f71ee797f7a72d20001b1",
        "externalId": "POLY-W28YH05Z",
        "destinationNodes": [],
        "center": [
          2.7810636773974213,
          48.85307119859151
        ],
        "details": {
          "description": "",
          "name": "",
          "images": []
        }
      }
    },
    {
      "type": "Feature",
      "geometry": {
        "type": "Polygon",
        "coordinates": [
          [
            [
              2.7821690698795982,
              48.8522244664574
            ],
            [
              2.7821579048842184,
              48.85221589659986
            ],
            [
              2.782147627256019,
              48.85220694056457
            ],
            [
              2.782137972191068,
              48.85219746180292
            ],
            [
              2.782129440654659,
              48.85218757801748
            ],
            [
              2.782121825126504,
              48.852177463450246
            ],
            [
              2.782114832160859,
              48.85216682615719
            ],
            [
              2.7821092275259143,
              48.852155920389805
            ],
            [
              2.782104302736242,
              48.85214480268756
            ],
            [
              2.7819698413875535,
              48.852160263468036
            ],
            [
              2.781914150449001,
              48.85216754595384
            ],
            [
              2.781858867502246,
              48.85217574193926
            ],
            [
              2.7818091594639864,
              48.85218428142162
            ],
            [
              2.7817693058908612,
              48.852192980580384
            ],
            [
              2.781694422430032,
              48.852213147544994
            ],
            [
              2.7816517996743344,
              48.852226325023715
            ],
            [
              2.781607094637606,
              48.852242506904425
            ],
            [
              2.7815614237999373,
              48.852262550176285
            ],
            [
              2.7815158463594574,
              48.852287001039194
            ],
            [
              2.7814710351088356,
              48.85231690957146
            ],
            [
              2.7814280492450796,
              48.852352821975806
            ],
            [
              2.7813877263533735,
              48.85239798271508
            ],
            [
              2.7813497729760726,
              48.85245209984593
            ],
            [
              2.7813154840258814,
              48.852510497297
            ],
            [
              2.7812854745844087,
              48.852568710928054
            ],
            [
              2.781260774796726,
              48.85262192811858
            ],
            [
              2.7812299721390072,
              48.852695342377835
            ],
            [
              2.78122598686529,
              48.852706224995515
            ],
            [
              2.7811685939250355,
              48.85282260030942
            ],
            [
              2.7812044918944565,
              48.85283014280191
            ],
            [
              2.781367883691862,
              48.85250615834202
            ],
            [
              2.781373364772999,
              48.85249689084547
            ],
            [
              2.7813896150297257,
              48.85247194200841
            ],
            [
              2.781417228822137,
              48.85243583714088
            ],
            [
              2.7814565356988528,
              48.852392964998835
            ],
            [
              2.7815080440923827,
              48.85234738469804
            ],
            [
              2.781571904680203,
              48.85230381462219
            ],
            [
              2.7816486545672556,
              48.85226646927338
            ],
            [
              2.781738594728003,
              48.852239581993736
            ],
            [
              2.7818002682104566,
              48.852228353211295
            ],
            [
              2.781860152866871,
              48.85222042076304
            ],
            [
              2.7819181914274345,
              48.85221547386104
            ],
            [
              2.781973203093525,
              48.85221360673886
            ],
            [
              2.7820251305924795,
              48.85221450861003
            ],
            [
              2.782073294088791,
              48.85221839141318
            ],
            [
              2.782116691658807,
              48.852225019748154
            ],
            [
              2.7821553233077734,
              48.852234393620286
            ],
            [
              2.7821690698795982,
              48.8522244664574
            ]
          ]
        ]
      },
      "properties": {
        "id": "s_5d5f71ee797f7a72d20001b2",
        "destinationNodes": [],
        "center": [
          2.7817077778139097,
          48.852325450489445
        ],
        "details": {
          "description": "",
          "name": "",
          "images": []
        }
      }
    },
    {
      "type": "Feature",
      "geometry": {
        "type": "Polygon",
        "coordinates": [
          [
            [
              2.782553188798448,
              48.85327093168813
            ],
            [
              2.7823492907841136,
              48.85228435184585
            ],
            [
              2.7823251373862266,
              48.85228202201607
            ],
            [
              2.7823081547809583,
              48.85227959296221
            ],
            [
              2.782291501289323,
              48.85227634923583
            ],
            [
              2.782275234196841,
              48.852272601627625
            ],
            [
              2.782259561023642,
              48.852268175895745
            ],
            [
              2.7822442742504503,
              48.852263246282426
            ],
            [
              2.782229581397398,
              48.85225763854585
            ],
            [
              2.782215511107072,
              48.85225150808155
            ],
            [
              2.782208312221866,
              48.85225665533122
            ],
            [
              2.782216456843743,
              48.852261839558366
            ],
            [
              2.7822239502655495,
              48.852267391115554
            ],
            [
              2.7822305276828905,
              48.85227317345426
            ],
            [
              2.782236189095539,
              48.85227918657466
            ],
            [
              2.782241199307681,
              48.852285567025476
            ],
            [
              2.7822450573525135,
              48.85229219710493
            ],
            [
              2.782248235554058,
              48.85229903911969
            ],
            [
              2.782250497749833,
              48.852306111916526
            ],
            [
              2.782256504522324,
              48.85232960007463
            ],
            [
              2.78232864860153,
              48.852324473380406
            ],
            [
              2.7825033706385933,
              48.853198274394295
            ],
            [
              2.7824320770343536,
              48.85320412163254
            ],
            [
              2.7824634697445383,
              48.85336923139373
            ],
            [
              2.7825131864400445,
              48.85336463305264
            ],
            [
              2.7825047885345646,
              48.85333597455336
            ],
            [
              2.7825143065363105,
              48.85333300743567
            ],
            [
              2.7825236240305893,
              48.85332895255061
            ],
            [
              2.7825339575119257,
              48.85332260904783
            ],
            [
              2.7825438899771964,
              48.853314090010954
            ],
            [
              2.7825513888714726,
              48.85330276924269
            ],
            [
              2.7825549799068963,
              48.85328844903709
            ],
            [
              2.782553188798448,
              48.85327093168813
            ]
          ]
        ]
      },
      "properties": {
        "id": "s_5d5f71ee797f7a72d20001b3",
        "destinationNodes": [],
        "center": [
          2.7823555016699526,
          48.852663867662145
        ],
        "details": {
          "description": "",
          "name": "",
          "images": []
        }
      }
    },
    {
      "type": "Feature",
      "geometry": {
        "type": "Polygon",
        "coordinates": [
          [
            [
              2.782372803157888,
              48.85337788606954
            ],
            [
              2.782367654383637,
              48.85334865291214
            ],
            [
              2.7822524550717493,
              48.853359422969866
            ],
            [
              2.7822578972331296,
              48.85338894807625
            ],
            [
              2.782372803157888,
              48.85337788606954
            ]
          ]
        ]
      },
      "properties": {
        "id": "s_5d5f71ee797f7a72d20001b4",
        "externalId": "POLY-IRIQH08M",
        "destinationNodes": [],
        "center": [
          2.782312702461601,
          48.853368727506954
        ],
        "details": {
          "description": "",
          "name": "",
          "images": []
        }
      }
    },
    {
      "type": "Feature",
      "geometry": {
        "type": "Polygon",
        "coordinates": [
          [
            [
              2.7821493104932182,
              48.85339919032249
            ],
            [
              2.782143839752157,
              48.853369509815685
            ],
            [
              2.782031445710572,
              48.85337989809986
            ],
            [
              2.7820367375032,
              48.85340990824898
            ],
            [
              2.7821493104932182,
              48.85339919032249
            ]
          ]
        ]
      },
      "properties": {
        "id": "s_5d5f71ee797f7a72d20001b5",
        "externalId": "POLY-U9FALWFM",
        "destinationNodes": [],
        "center": [
          2.7820903333647866,
          48.853389626621755
        ],
        "details": {
          "description": "",
          "name": "",
          "images": []
        }
      }
    },
    {
      "type": "Feature",
      "geometry": {
        "type": "Polygon",
        "coordinates": [
          [
            [
              2.7819168719105134,
              48.85342136568863
            ],
            [
              2.7819112867372424,
              48.853391063589285
            ],
            [
              2.7818229530495953,
              48.853399373978306
            ],
            [
              2.781828330644286,
              48.85342985032317
            ],
            [
              2.7819168719105134,
              48.85342136568863
            ]
          ]
        ]
      },
      "properties": {
        "id": "s_5d5f71ee797f7a72d20001b6",
        "destinationNodes": [],
        "center": [
          2.781869860585409,
          48.85341041339484
        ],
        "details": {
          "description": "",
          "name": "",
          "images": []
        }
      }
    },
    {
      "type": "Feature",
      "geometry": {
        "type": "Polygon",
        "coordinates": [
          [
            [
              2.78558638459907,
              48.852904730173194
            ],
            [
              2.785556424712513,
              48.852890407657995
            ],
            [
              2.785519767348942,
              48.85292423974124
            ],
            [
              2.785480577262055,
              48.85296253141074
            ],
            [
              2.785433480839627,
              48.85301123050879
            ],
            [
              2.785382800187744,
              48.85306778444019
            ],
            [
              2.7853333297667535,
              48.853129602910535
            ],
            [
              2.7852892771306546,
              48.85319351176113
            ],
            [
              2.785255465459447,
              48.85325707610623
            ],
            [
              2.7852329106579274,
              48.85331800731418
            ],
            [
              2.7852194082676465,
              48.853374746873634
            ],
            [
              2.7852130759405282,
              48.85342618360067
            ],
            [
              2.785212238831206,
              48.85347103206199
            ],
            [
              2.7852145135835955,
              48.85350806338164
            ],
            [
              2.7852184901509003,
              48.853536128666825
            ],
            [
              2.785223847266957,
              48.853559984018176
            ],
            [
              2.785346494552038,
              48.85430832758109
            ],
            [
              2.785384339139705,
              48.85430562187723
            ],
            [
              2.785263088315111,
              48.853566154696765
            ],
            [
              2.785257702527325,
              48.85354214395268
            ],
            [
              2.785253754589902,
              48.8535142340634
            ],
            [
              2.7852514798082053,
              48.85347720274452
            ],
            [
              2.7852525530489016,
              48.85343233543007
            ],
            [
              2.785258885336237,
              48.85338089870087
            ],
            [
              2.7852721515175274,
              48.8533241779897
            ],
            [
              2.7852947062740667,
              48.85326324677411
            ],
            [
              2.785323960428966,
              48.853207457285706
            ],
            [
              2.7853614802957747,
              48.85315100793267
            ],
            [
              2.785403802386945,
              48.85309590969722
            ],
            [
              2.7854483505900016,
              48.853043787363646
            ],
            [
              2.7854921910923567,
              48.85299692500463
            ],
            [
              2.7855315383437023,
              48.85295688628501
            ],
            [
              2.785564109750557,
              48.85292558793703
            ],
            [
              2.78558638459907,
              48.852904730173194
            ]
          ]
        ]
      },
      "properties": {
        "id": "s_5d5f71ee797f7a72d20001b7",
        "destinationNodes": [],
        "center": [
          2.7853434115152393,
          48.85330385351344
        ],
        "details": {
          "description": "",
          "name": "",
          "images": []
        }
      }
    },
    {
      "type": "Feature",
      "geometry": {
        "type": "Polygon",
        "coordinates": [
          [
            [
              2.786660077451216,
              48.851814250424546
            ],
            [
              2.786630528604271,
              48.8518084739074
            ],
            [
              2.7866207714111297,
              48.85180656646755
            ],
            [
              2.7866135338905518,
              48.85183421612409
            ],
            [
              2.7865998239620544,
              48.851880723231204
            ],
            [
              2.7865775935420793,
              48.851942102028424
            ],
            [
              2.7865457684955355,
              48.85201512694294
            ],
            [
              2.786502831011377,
              48.85209676550357
            ],
            [
              2.786446969796292,
              48.852183693300745
            ],
            [
              2.7863773755023002,
              48.85227282128536
            ],
            [
              2.786291793166899,
              48.852361018137245
            ],
            [
              2.786198158352596,
              48.852443235153295
            ],
            [
              2.786101123127295,
              48.852521308452374
            ],
            [
              2.7860044730232936,
              48.852593674346494
            ],
            [
              2.7859120222611313,
              48.85265892455459
            ],
            [
              2.7858273489263343,
              48.85271566966155
            ],
            [
              2.785754532103188,
              48.852762637948146
            ],
            [
              2.7856582794710465,
              48.85282156877991
            ],
            [
              2.785683537792702,
              48.852837685747176
            ],
            [
              2.785757106717633,
              48.8527934957511
            ],
            [
              2.7858286142866744,
              48.85274852417401
            ],
            [
              2.785916450683502,
              48.852690738135344
            ],
            [
              2.786015678101148,
              48.85262195094431
            ],
            [
              2.7861213874102675,
              48.85254413131679
            ],
            [
              2.786228376047986,
              48.85245895605103
            ],
            [
              2.786331763624172,
              48.852368549291896
            ],
            [
              2.786416902236173,
              48.85228054551517
            ],
            [
              2.786486553781355,
              48.85219172829525
            ],
            [
              2.7865422360880663,
              48.85210513012292
            ],
            [
              2.786585230826384,
              48.8520238023361
            ],
            [
              2.7866172919798036,
              48.85195075855509
            ],
            [
              2.7866392861963276,
              48.85188939860592
            ],
            [
              2.7866531749374843,
              48.85184256185001
            ],
            [
              2.786660077451216,
              48.851814250424546
            ]
          ]
        ]
      },
      "properties": {
        "id": "s_5d5f71ee797f7a72d20001b8",
        "destinationNodes": [],
        "center": [
          2.7862771695396447,
          48.852299416149755
        ],
        "details": {
          "description": "",
          "name": "",
          "images": []
        }
      }
    },
    {
      "type": "Feature",
      "geometry": {
        "type": "Polygon",
        "coordinates": [
          [
            [
              2.786689523097146,
              48.85182262938727
            ],
            [
              2.7866738520463974,
              48.851816943223426
            ],
            [
              2.786660077451216,
              48.851814250424546
            ],
            [
              2.7866531749374843,
              48.85184256185001
            ],
            [
              2.7866392861963276,
              48.85188939860592
            ],
            [
              2.7866172919798036,
              48.85195075855509
            ],
            [
              2.786585230826384,
              48.8520238023361
            ],
            [
              2.7865422360880663,
              48.85210513012292
            ],
            [
              2.786486553781355,
              48.85219172829525
            ],
            [
              2.786416902236173,
              48.85228054551517
            ],
            [
              2.786331763624172,
              48.852368549291896
            ],
            [
              2.786228376047986,
              48.85245895605103
            ],
            [
              2.7861213874102675,
              48.85254413131679
            ],
            [
              2.786015678101148,
              48.85262195094431
            ],
            [
              2.785916450683502,
              48.852690738135344
            ],
            [
              2.7858286142866744,
              48.85274852417401
            ],
            [
              2.785757106717633,
              48.8527934957511
            ],
            [
              2.785683537792702,
              48.852837685747176
            ],
            [
              2.7857098840516157,
              48.852854504265984
            ],
            [
              2.7857727049946055,
              48.852817006543006
            ],
            [
              2.7858427313640695,
              48.8527730993011
            ],
            [
              2.785931276276077,
              48.85271525668901
            ],
            [
              2.7860326934206077,
              48.852645348574676
            ],
            [
              2.786141658637277,
              48.85256569216831
            ],
            [
              2.786252260865183,
              48.8524780208304
            ],
            [
              2.7863594121998534,
              48.85238463295524
            ],
            [
              2.7864526286753435,
              48.852287154012735
            ],
            [
              2.786527259283945,
              48.85218895134715
            ],
            [
              2.786584786313333,
              48.85209416407184
            ],
            [
              2.7866276940030685,
              48.85200716665488
            ],
            [
              2.7866577294467487,
              48.85193223472749
            ],
            [
              2.786676611064993,
              48.85187348852005
            ],
            [
              2.786686529572644,
              48.85183501054676
            ],
            [
              2.786689523097146,
              48.85182262938727
            ]
          ]
        ]
      },
      "properties": {
        "id": "s_5d5f71ee797f7a72d20001b9",
        "destinationNodes": [],
        "center": [
          2.786306148590115,
          48.8523107124526
        ],
        "details": {
          "description": "",
          "name": "",
          "images": []
        }
      }
    },
    {
      "type": "Feature",
      "geometry": {
        "type": "Polygon",
        "coordinates": [
          [
            [
              2.7866207714111297,
              48.85180656646755
            ],
            [
              2.78659653831778,
              48.85180182911947
            ],
            [
              2.786580056280519,
              48.851800057721924
            ],
            [
              2.7865726557512276,
              48.85183085730554
            ],
            [
              2.786557994236309,
              48.851878701839226
            ],
            [
              2.7865353201035625,
              48.85194027373359
            ],
            [
              2.7865031442158172,
              48.8520126959149
            ],
            [
              2.7864601849264337,
              48.8520929170561
            ],
            [
              2.7864049530752624,
              48.852178060074905
            ],
            [
              2.7863361956570483,
              48.85226522902749
            ],
            [
              2.7862526310143343,
              48.85235137256832
            ],
            [
              2.786163589958415,
              48.85242991146822
            ],
            [
              2.7860714133393447,
              48.85250444319738
            ],
            [
              2.785979264164466,
              48.85257392681575
            ],
            [
              2.7858905129754548,
              48.8526371471448
            ],
            [
              2.78580785050333,
              48.85269310097248
            ],
            [
              2.7857351196548943,
              48.85274053543012
            ],
            [
              2.7856316684303715,
              48.8528046137085
            ],
            [
              2.7856582794710465,
              48.85282156877991
            ],
            [
              2.785754532103188,
              48.852762637948146
            ],
            [
              2.7858273489263343,
              48.85271566966155
            ],
            [
              2.7859120222611313,
              48.85265892455459
            ],
            [
              2.7860044730232936,
              48.852593674346494
            ],
            [
              2.786101123127295,
              48.852521308452374
            ],
            [
              2.786198158352596,
              48.852443235153295
            ],
            [
              2.786291793166899,
              48.852361018137245
            ],
            [
              2.7863773755023002,
              48.85227282128536
            ],
            [
              2.786446969796292,
              48.852183693300745
            ],
            [
              2.786502831011377,
              48.85209676550357
            ],
            [
              2.7865457684955355,
              48.85201512694294
            ],
            [
              2.7865775935420793,
              48.851942102028424
            ],
            [
              2.7865998239620544,
              48.851880723231204
            ],
            [
              2.7866135338905518,
              48.85183421612409
            ],
            [
              2.7866207714111297,
              48.85180656646755
            ]
          ]
        ]
      },
      "properties": {
        "id": "s_5d5f71ee797f7a72d20001ba",
        "destinationNodes": [],
        "center": [
          2.786245802746898,
          48.85228623409141
        ],
        "details": {
          "description": "",
          "name": "",
          "images": []
        }
      }
    },
    {
      "type": "Feature",
      "geometry": {
        "type": "Polygon",
        "coordinates": [
          [
            [
              2.7806920423168777,
              48.85471116564429
            ],
            [
              2.780647503553333,
              48.85449160108304
            ],
            [
              2.7806533792435535,
              48.854490974601084
            ],
            [
              2.780657687637508,
              48.85449094621018
            ],
            [
              2.7806627904668515,
              48.85449132747575
            ],
            [
              2.7806685374745848,
              48.85449260342827
            ],
            [
              2.7806751361955353,
              48.854494599828435
            ],
            [
              2.780682200199894,
              48.85449782055021
            ],
            [
              2.780758781112095,
              48.85453885690258
            ],
            [
              2.7807230208405063,
              48.8545697772811
            ],
            [
              2.780920550105092,
              48.85467543098907
            ],
            [
              2.7809630593373464,
              48.85464602190226
            ],
            [
              2.781063302119967,
              48.854698415314296
            ],
            [
              2.7810702661505564,
              48.854703693843646
            ],
            [
              2.7810741956139964,
              48.854708110735274
            ],
            [
              2.781077294942242,
              48.85471322458643
            ],
            [
              2.7810786480789744,
              48.85471926617005
            ],
            [
              2.781077431941042,
              48.85472567043682
            ],
            [
              2.781072730470967,
              48.854732668159514
            ],
            [
              2.780763055419549,
              48.8547505964076
            ],
            [
              2.7807510462290943,
              48.854750450821356
            ],
            [
              2.780737068788982,
              48.85474872778688
            ],
            [
              2.780722454229741,
              48.854744848054814
            ],
            [
              2.780709156288478,
              48.85473770965877
            ],
            [
              2.7806985060960288,
              48.854726733350844
            ],
            [
              2.7806920423168777,
              48.85471116564429
            ]
          ]
        ]
      },
      "properties": {
        "id": "s_5d5f71ee797f7a72d20001bb",
        "externalId": "POLY-81E6UQYZ",
        "destinationNodes": [],
        "center": [
          2.7808239937941117,
          48.85464204964891
        ],
        "details": {
          "description": "",
          "name": "",
          "images": []
        }
      }
    },
    {
      "type": "Feature",
      "geometry": {
        "type": "Polygon",
        "coordinates": [
          [
            [
              2.785536723884611,
              48.85197647930837
            ],
            [
              2.785527276618009,
              48.851972030013506
            ],
            [
              2.785518760108383,
              48.85197002932292
            ],
            [
              2.785511088397602,
              48.85197001105331
            ],
            [
              2.785504383035246,
              48.85197133477352
            ],
            [
              2.785499001730874,
              48.85197334119905
            ],
            [
              2.7854948298755837,
              48.851975408752104
            ],
            [
              2.785491452454967,
              48.8519778859285
            ],
            [
              2.785518434600996,
              48.85199165772886
            ],
            [
              2.785536723884611,
              48.85197647930837
            ]
          ]
        ]
      },
      "properties": {
        "id": "s_5d5f71ee797f7a72d20001bc",
        "externalId": "POLY-4YQ2N73H",
        "destinationNodes": [],
        "center": [
          2.7855113278562524,
          48.85197535312001
        ],
        "details": {
          "description": "",
          "name": "",
          "images": []
        }
      }
    },
    {
      "type": "Feature",
      "geometry": {
        "type": "Polygon",
        "coordinates": [
          [
            [
              2.782470472782298,
              48.85209933943398
            ],
            [
              2.782468209994291,
              48.85208706320973
            ],
            [
              2.7824627268809548,
              48.85207551703134
            ],
            [
              2.7824539018545384,
              48.85206534132649
            ],
            [
              2.7824424147565527,
              48.85205632415782
            ],
            [
              2.782428587676802,
              48.852048912863225
            ],
            [
              2.782412714061298,
              48.852043399385316
            ],
            [
              2.782395323516029,
              48.85204005681978
            ],
            [
              2.782376416039034,
              48.8520388851659
            ],
            [
              2.7823577593246265,
              48.85204037407547
            ],
            [
              2.782340448247352,
              48.85204396312829
            ],
            [
              2.7823247476087407,
              48.85204978887337
            ],
            [
              2.7823112799632708,
              48.852057328585
            ],
            [
              2.7823000166682217,
              48.85206642686866
            ],
            [
              2.7822916375648603,
              48.85207687178932
            ],
            [
              2.782286557692088,
              48.852088314863416
            ],
            [
              2.7822847770518657,
              48.852100756091424
            ],
            [
              2.782287039795514,
              48.85211303231924
            ],
            [
              2.7822924942300866,
              48.85212442311068
            ],
            [
              2.7823013478765004,
              48.85213475422312
            ],
            [
              2.782312806324646,
              48.85214361601054
            ],
            [
              2.782326633413414,
              48.852151027318975
            ],
            [
              2.7823425070535635,
              48.8521565408087
            ],
            [
              2.7823598976357693,
              48.852159883382186
            ],
            [
              2.782378805158073,
              48.85216105503877
            ],
            [
              2.7823974905595272,
              48.85215972152106
            ],
            [
              2.7824147730299846,
              48.85215597706444
            ],
            [
              2.78243047369142,
              48.85215015130713
            ],
            [
              2.7824439413439084,
              48.85214261158162
            ],
            [
              2.7824552046299407,
              48.85213351328394
            ],
            [
              2.7824635837086564,
              48.852123068351425
            ],
            [
              2.782468663544492,
              48.85211162526956
            ],
            [
              2.782470472782298,
              48.85209933943398
            ]
          ]
        ]
      },
      "properties": {
        "id": "s_5d5f71ee797f7a72d20001bd",
        "destinationNodes": [],
        "center": [
          2.782377614177448,
          48.852099989508126
        ],
        "details": {
          "description": "",
          "name": "",
          "images": []
        }
      }
    },
    {
      "type": "Feature",
      "geometry": {
        "type": "Polygon",
        "coordinates": [
          [
            [
              2.7808167835359545,
              48.853839330117594
            ],
            [
              2.7808568453101508,
              48.85382005018418
            ],
            [
              2.780838123950839,
              48.853827693498026
            ],
            [
              2.7808185222432695,
              48.85383446096628
            ],
            [
              2.7807980401881123,
              48.853840352588556
            ],
            [
              2.780787727562056,
              48.853842909909176
            ],
            [
              2.780763946180003,
              48.853847803328584
            ],
            [
              2.7807396708764753,
              48.85385131702568
            ],
            [
              2.7807272111378616,
              48.8538526265289
            ],
            [
              2.7807016188495584,
              48.853854195448655
            ],
            [
              2.7806767421335863,
              48.85385444582322
            ],
            [
              2.7806591294153686,
              48.85385380125375
            ],
            [
              2.7806254139804905,
              48.8538516032245
            ],
            [
              2.7805527405009056,
              48.85399300698468
            ],
            [
              2.780631696374091,
              48.8540313309707
            ],
            [
              2.7806382150413276,
              48.854015988881734
            ],
            [
              2.7806461864322203,
              48.853999427118445
            ],
            [
              2.780656834164854,
              48.8539791828409
            ],
            [
              2.7806697933821756,
              48.85395717732714
            ],
            [
              2.780685293186983,
              48.853934653741824
            ],
            [
              2.780702553661572,
              48.85391388184128
            ],
            [
              2.7807218039135053,
              48.85389610479013
            ],
            [
              2.780740410371017,
              48.853882636480726
            ],
            [
              2.7807596896290434,
              48.853870218250655
            ],
            [
              2.7807789618165835,
              48.85385906202638
            ],
            [
              2.780798141018987,
              48.85384870162093
            ],
            [
              2.7808167835359545,
              48.853839330117594
            ]
          ]
        ]
      },
      "properties": {
        "id": "s_5d5f71ee797f7a72d20001be",
        "destinationNodes": [],
        "center": [
          2.7807227728791153,
          48.85389046010665
        ],
        "details": {
          "description": "",
          "name": "",
          "images": []
        }
      }
    },
    {
      "type": "Feature",
      "geometry": {
        "type": "Polygon",
        "coordinates": [
          [
            [
              2.781419460560333,
              48.853553143344115
            ],
            [
              2.781419000005554,
              48.8535246398575
            ],
            [
              2.7813359551249985,
              48.85353694289308
            ],
            [
              2.7809866299311334,
              48.85361275139865
            ],
            [
              2.7809909540283675,
              48.85363101270411
            ],
            [
              2.780992501378513,
              48.85364981093045
            ],
            [
              2.780992444934418,
              48.853659907002665
            ],
            [
              2.7809913865352955,
              48.853669767660236
            ],
            [
              2.780989827158162,
              48.85367951061048
            ],
            [
              2.7809875306334924,
              48.85368915469752
            ],
            [
              2.780984496960875,
              48.85369869992129
            ],
            [
              2.780980697500716,
              48.85370799088614
            ],
            [
              2.780976397061207,
              48.8537171641435
            ],
            [
              2.780966150047364,
              48.85373438055737
            ],
            [
              2.7809651626179286,
              48.85373682455618
            ],
            [
              2.780969255945656,
              48.85373302897067
            ],
            [
              2.7809837187281,
              48.85372178340736
            ],
            [
              2.7810106980597333,
              48.85370433566933
            ],
            [
              2.7810526988062088,
              48.85368127428308
            ],
            [
              2.781112104209939,
              48.85365382819297
            ],
            [
              2.781191447753947,
              48.85362274129997
            ],
            [
              2.7812930267421745,
              48.853588776333446
            ],
            [
              2.781419460560333,
              48.853553143344115
            ]
          ]
        ]
      },
      "properties": {
        "id": "s_5d5f71ee797f7a72d20001bf",
        "destinationNodes": [],
        "center": [
          2.7810723429420054,
          48.85365943042364
        ],
        "details": {
          "description": "",
          "name": "",
          "images": []
        }
      }
    },
    {
      "type": "Feature",
      "geometry": {
        "type": "Polygon",
        "coordinates": [
          [
            [
              2.7856158435219096,
              48.85291893499334
            ],
            [
              2.78558638459907,
              48.852904730173194
            ],
            [
              2.785564109750557,
              48.85292558793703
            ],
            [
              2.7855315383437023,
              48.85295688628501
            ],
            [
              2.7854921910923567,
              48.85299692500463
            ],
            [
              2.7854483505900016,
              48.853043787363646
            ],
            [
              2.785403802386945,
              48.85309590969722
            ],
            [
              2.7853614802957747,
              48.85315100793267
            ],
            [
              2.785323960428966,
              48.853207457285706
            ],
            [
              2.7852947062740667,
              48.85326324677411
            ],
            [
              2.7852721515175274,
              48.8533241779897
            ],
            [
              2.785258885336237,
              48.85338089870087
            ],
            [
              2.7852525530489016,
              48.85343233543007
            ],
            [
              2.7852514798082053,
              48.85347720274452
            ],
            [
              2.785253754589902,
              48.8535142340634
            ],
            [
              2.785257702527325,
              48.85354214395268
            ],
            [
              2.785263088315111,
              48.853566154696765
            ],
            [
              2.785384339139705,
              48.85430562187723
            ],
            [
              2.7854193783309587,
              48.85430329779383
            ],
            [
              2.785299695935754,
              48.853573639359226
            ],
            [
              2.7852943387820934,
              48.8535497840114
            ],
            [
              2.785290362171182,
              48.853521718728814
            ],
            [
              2.7852880873620673,
              48.85348468741065
            ],
            [
              2.785289160570115,
              48.85343982009586
            ],
            [
              2.785295492820784,
              48.85338838336467
            ],
            [
              2.7853087589625813,
              48.8533316626493
            ],
            [
              2.7853313136779376,
              48.85327073142656
            ],
            [
              2.785358900748136,
              48.85321759791896
            ],
            [
              2.785394045043245,
              48.85316386110458
            ],
            [
              2.7854341704336885,
              48.853111145765794
            ],
            [
              2.7854764646415817,
              48.8530610955409
            ],
            [
              2.7855183229179867,
              48.85301517982421
            ],
            [
              2.7855574339986253,
              48.85297515994919
            ],
            [
              2.78559072083266,
              48.85294254302399
            ],
            [
              2.7856158435219096,
              48.85291893499334
            ]
          ]
        ]
      },
      "properties": {
        "id": "s_5d5f71ee797f7a72d20001c0",
        "destinationNodes": [],
        "center": [
          2.785381263788107,
          48.85330463384911
        ],
        "details": {
          "description": "",
          "name": "",
          "images": []
        }
      }
    },
    {
      "type": "Feature",
      "geometry": {
        "type": "Polygon",
        "coordinates": [
          [
            [
              2.785556424712513,
              48.852890407657995
            ],
            [
              2.7854080364496796,
              48.85282514728756
            ],
            [
              2.7851317962355453,
              48.85284499193411
            ],
            [
              2.785126590997503,
              48.85370966138655
            ],
            [
              2.7852244013172416,
              48.85431681253009
            ],
            [
              2.785346494552038,
              48.85430832758109
            ],
            [
              2.785223847266957,
              48.853559984018176
            ],
            [
              2.7852184901509003,
              48.853536128666825
            ],
            [
              2.7852145135835955,
              48.85350806338164
            ],
            [
              2.785212238831206,
              48.85347103206199
            ],
            [
              2.7852130759405282,
              48.85342618360067
            ],
            [
              2.7852194082676465,
              48.853374746873634
            ],
            [
              2.7852329106579274,
              48.85331800731418
            ],
            [
              2.785255465459447,
              48.85325707610623
            ],
            [
              2.7852892771306546,
              48.85319351176113
            ],
            [
              2.7853333297667535,
              48.853129602910535
            ],
            [
              2.785382800187744,
              48.85306778444019
            ],
            [
              2.785433480839627,
              48.85301123050879
            ],
            [
              2.785480577262055,
              48.85296253141074
            ],
            [
              2.785519767348942,
              48.85292423974124
            ],
            [
              2.785556424712513,
              48.852890407657995
            ]
          ]
        ]
      },
      "properties": {
        "id": "s_5d5f71ee797f7a72d20001c1",
        "destinationNodes": [],
        "center": [
          2.7853011463479254,
          48.853331773558665
        ],
        "details": {
          "description": "",
          "name": "",
          "images": []
        }
      }
    },
    {
      "type": "Feature",
      "geometry": {
        "type": "Polygon",
        "coordinates": [
          [
            [
              2.781716466019996,
              48.85344051140029
            ],
            [
              2.781710086539076,
              48.85340979964182
            ],
            [
              2.781082531179923,
              48.85345955994682
            ],
            [
              2.7810784569126845,
              48.85343355235068
            ],
            [
              2.781046602869985,
              48.853436251725746
            ],
            [
              2.781041942152945,
              48.85341486366617
            ],
            [
              2.7809998469807877,
              48.85341790714385
            ],
            [
              2.780975725464535,
              48.853283122616965
            ],
            [
              2.7809435988250026,
              48.853276540557744
            ],
            [
              2.7809084019043877,
              48.853359923809485
            ],
            [
              2.7808929006082304,
              48.85345135404595
            ],
            [
              2.78098056299491,
              48.85354732492966
            ],
            [
              2.7810334141059982,
              48.85353632760164
            ],
            [
              2.781170268891913,
              48.853510427997094
            ],
            [
              2.7812599405773817,
              48.853495073411146
            ],
            [
              2.7813585222694797,
              48.853479953867925
            ],
            [
              2.7814619634212163,
              48.85346649632511
            ],
            [
              2.781716466019996,
              48.85344051140029
            ]
          ]
        ]
      },
      "properties": {
        "id": "s_5d5f71ee797f7a72d20001c2",
        "destinationNodes": [],
        "center": [
          2.7811565430422616,
          48.85343641123754
        ],
        "details": {
          "description": "",
          "name": "",
          "images": []
        }
      }
    },
    {
      "type": "Feature",
      "geometry": {
        "type": "Polygon",
        "coordinates": [
          [
            [
              2.7831435339990587,
              48.85206643677359
            ],
            [
              2.7826702604338522,
              48.85210547029334
            ],
            [
              2.7826680297876996,
              48.852124570058386
            ],
            [
              2.7826628506299276,
              48.852143274413386
            ],
            [
              2.7826551379931677,
              48.852161234872455
            ],
            [
              2.782645128036528,
              48.85217843258755
            ],
            [
              2.7826325559530747,
              48.85219473101037
            ],
            [
              2.7826176579026334,
              48.85221011129262
            ],
            [
              2.782600906207334,
              48.85222453573851
            ],
            [
              2.782582036061417,
              48.852237867799445
            ],
            [
              2.7825954031608515,
              48.85229088564673
            ],
            [
              2.7828211739909015,
              48.85227286728994
            ],
            [
              2.782849573159323,
              48.85241393300485
            ],
            [
              2.7828804818043396,
              48.85241130852515
            ],
            [
              2.7830218961571047,
              48.85230746332694
            ],
            [
              2.7830807253192242,
              48.85227170489166
            ],
            [
              2.7830538252659194,
              48.852163474928034
            ],
            [
              2.7831435339990587,
              48.85206643677359
            ]
          ]
        ]
      },
      "properties": {
        "id": "s_5d5f71ee797f7a72d20001c3",
        "externalId": "POLY-MOYY2VPD",
        "destinationNodes": [],
        "center": [
          2.782775363286021,
          48.85222225308547
        ],
        "details": {
          "description": "",
          "name": "",
          "images": []
        }
      }
    },
    {
      "type": "Feature",
      "geometry": {
        "type": "Polygon",
        "coordinates": [
          [
            [
              2.7864254636107257,
              48.85202678216138
            ],
            [
              2.7864159046306645,
              48.85199963562607
            ],
            [
              2.7863739199056985,
              48.85189670998517
            ],
            [
              2.786370491167751,
              48.851892410957646
            ],
            [
              2.7863640635164466,
              48.8518861438165
            ],
            [
              2.7863531844266447,
              48.85187912830687
            ],
            [
              2.78633678772649,
              48.85187208027997
            ],
            [
              2.7863143368705887,
              48.85186598866427
            ],
            [
              2.786284558181096,
              48.851861743557464
            ],
            [
              2.786246707603395,
              48.851860508133555
            ],
            [
              2.7860062161726145,
              48.8518623636644
            ],
            [
              2.7864254636107257,
              48.85202678216138
            ]
          ]
        ]
      },
      "properties": {
        "id": "s_5d5f71ee797f7a72d20001c4",
        "destinationNodes": [],
        "center": [
          2.786317421255647,
          48.851900317741205
        ],
        "details": {
          "description": "",
          "name": "",
          "images": []
        }
      }
    },
    {
      "type": "Feature",
      "geometry": {
        "type": "Polygon",
        "coordinates": [
          [
            [
              2.782470472782298,
              48.85209933943398
            ],
            [
              2.782468209994291,
              48.85208706320973
            ],
            [
              2.7824627268809548,
              48.85207551703134
            ],
            [
              2.7824539018545384,
              48.85206534132649
            ],
            [
              2.7824424147565527,
              48.85205632415782
            ],
            [
              2.782428587676802,
              48.852048912863225
            ],
            [
              2.782412714061298,
              48.852043399385316
            ],
            [
              2.782395323516029,
              48.85204005681978
            ],
            [
              2.782376416039034,
              48.8520388851659
            ],
            [
              2.7823577593246265,
              48.85204037407547
            ],
            [
              2.782340448247352,
              48.85204396312829
            ],
            [
              2.7823247476087407,
              48.85204978887337
            ],
            [
              2.7823112799632708,
              48.852057328585
            ],
            [
              2.7823000166682217,
              48.85206642686866
            ],
            [
              2.7822916375648603,
              48.85207687178932
            ],
            [
              2.782286557692088,
              48.852088314863416
            ],
            [
              2.7822847770518657,
              48.852100756091424
            ],
            [
              2.782287039795514,
              48.85211303231924
            ],
            [
              2.7822924942300866,
              48.85212442311068
            ],
            [
              2.7823013478765004,
              48.85213475422312
            ],
            [
              2.782312806324646,
              48.85214361601054
            ],
            [
              2.782326633413414,
              48.852151027318975
            ],
            [
              2.7823425070535635,
              48.8521565408087
            ],
            [
              2.7823598976357693,
              48.852159883382186
            ],
            [
              2.782378805158073,
              48.85216105503877
            ],
            [
              2.7823974905595272,
              48.85215972152106
            ],
            [
              2.7824147730299846,
              48.85215597706444
            ],
            [
              2.78243047369142,
              48.85215015130713
            ],
            [
              2.7824439413439084,
              48.85214261158162
            ],
            [
              2.7824552046299407,
              48.85213351328394
            ],
            [
              2.7824635837086564,
              48.852123068351425
            ],
            [
              2.782468663544492,
              48.85211162526956
            ],
            [
              2.782470472782298,
              48.85209933943398
            ]
          ]
        ]
      },
      "properties": {
        "id": "s_5d5f71ee797f7a72d20001c5",
        "destinationNodes": [],
        "center": [
          2.782377614177448,
          48.852099989508126
        ],
        "details": {
          "description": "",
          "name": "",
          "images": []
        }
      }
    },
    {
      "type": "Feature",
      "geometry": {
        "type": "Polygon",
        "coordinates": [
          [
            [
              2.7808704513634934,
              48.85365071922806
            ],
            [
              2.7808664274097556,
              48.85362628442475
            ],
            [
              2.7808550178882077,
              48.85360338499918
            ],
            [
              2.780837575483941,
              48.85358285910393
            ],
            [
              2.780814629816521,
              48.85356497983996
            ],
            [
              2.7807870039481766,
              48.85355031225545
            ],
            [
              2.7807552561301256,
              48.853539284846775
            ],
            [
              2.780720445585694,
              48.85353244381884
            ],
            [
              2.7806831305591078,
              48.853530217668904
            ],
            [
              2.780645787278906,
              48.85353303954294
            ],
            [
              2.780610956313427,
              48.853540391372476
            ],
            [
              2.7805797612223606,
              48.85355186815183
            ],
            [
              2.78055258842482,
              48.85356696601029
            ],
            [
              2.7805302966810888,
              48.85358514339072
            ],
            [
              2.7805135372240977,
              48.853606032974916
            ],
            [
              2.780503168821636,
              48.85362909320556
            ],
            [
              2.780499785438308,
              48.85365364597198
            ],
            [
              2.7805040740223594,
              48.853678217340644
            ],
            [
              2.7805152185932207,
              48.85370098024828
            ],
            [
              2.7805326609064775,
              48.85372150619218
            ],
            [
              2.780555606544942,
              48.85373938551209
            ],
            [
              2.78058346861953,
              48.85375403430855
            ],
            [
              2.7806149803661895,
              48.85376508060778
            ],
            [
              2.7806500272277317,
              48.853771902824036
            ],
            [
              2.7806873424329908,
              48.85377412898465
            ],
            [
              2.7807246858906844,
              48.85377130709718
            ],
            [
              2.7807592808304373,
              48.853763974077054
            ],
            [
              2.7807907121821285,
              48.85375247840553
            ],
            [
              2.780817648839009,
              48.85373739933492
            ],
            [
              2.780840176715638,
              48.85371920305526
            ],
            [
              2.78085669990488,
              48.85369833226757
            ],
            [
              2.7808670967976528,
              48.853675427400866
            ],
            [
              2.7808704513634934,
              48.85365071922806
            ]
          ]
        ]
      },
      "properties": {
        "id": "s_5d5f71ee797f7a72d20001c6",
        "destinationNodes": [],
        "center": [
          2.7806851718582357,
          48.85365218826448
        ],
        "details": {
          "description": "",
          "name": "",
          "images": []
        }
      }
    },
    {
      "type": "Feature",
      "geometry": {
        "type": "Polygon",
        "coordinates": [
          [
            [
              2.785340812188196,
              48.85195238362338
            ],
            [
              2.785329666683301,
              48.85189193514988
            ],
            [
              2.7845194036622343,
              48.85195661697938
            ],
            [
              2.7845305482032328,
              48.85201706553101
            ],
            [
              2.785340812188196,
              48.85195238362338
            ]
          ]
        ]
      },
      "properties": {
        "id": "s_5d5f71ee797f7a72d20001cd",
        "destinationNodes": [],
        "center": [
          2.7849301076842408,
          48.851954500320915
        ],
        "details": {
          "description": "",
          "name": "",
          "images": []
        }
      }
    },
    {
      "type": "Feature",
      "geometry": {
        "type": "Polygon",
        "coordinates": [
          [
            [
              2.784755505526119,
              48.855067278760515
            ],
            [
              2.784646571840624,
              48.855075658615824
            ],
            [
              2.784581362818833,
              48.854540015536664
            ],
            [
              2.7846912547633798,
              48.8545342397492
            ],
            [
              2.784755505526119,
              48.855067278760515
            ]
          ]
        ]
      },
      "properties": {
        "id": "s_5d5f71ee797f7a72d20001ce",
        "destinationNodes": [],
        "center": [
          2.7846686737372393,
          48.85480429816555
        ],
        "details": {
          "description": "",
          "name": "",
          "images": []
        }
      }
    },
    {
      "type": "Feature",
      "geometry": {
        "type": "Polygon",
        "coordinates": [
          [
            [
              2.785126590997503,
              48.85370966138655
            ],
            [
              2.7851317962355453,
              48.85284499193411
            ],
            [
              2.7842111924073363,
              48.85291437890042
            ],
            [
              2.7844671822832514,
              48.85415208713804
            ],
            [
              2.784624735713644,
              48.85436972625296
            ],
            [
              2.785079177217345,
              48.85432462087857
            ],
            [
              2.7852244013172416,
              48.85431681253009
            ],
            [
              2.785126590997503,
              48.85370966138655
            ]
          ]
        ]
      },
      "properties": {
        "id": "s_5d5f71ee797f7a72d20001cf",
        "destinationNodes": [
          "n_5d66da9b5d99b86b65000004"
        ],
        "center": [
          2.7848378680245522,
          48.85380461128869
        ],
        "details": {
          "description": "",
          "name": "Parking",
          "images": [
            {
              "url": "https://cdn.mappedin.com/5d370a26da8c166f3647e3ce/2574c5aef46ea0861a1ba3afbdb1fd2791d673d9.svg",
              "altText": "Logo for Parking"
            }
          ]
        }
      }
    },
    {
      "type": "Feature",
      "geometry": {
        "type": "Polygon",
        "coordinates": [
          [
            [
              2.7825033706385933,
              48.853198274394295
            ],
            [
              2.78232864860153,
              48.852324473380406
            ],
            [
              2.782256504522324,
              48.85232960007463
            ],
            [
              2.782248235554058,
              48.85229903911969
            ],
            [
              2.7822450573525135,
              48.85229219710493
            ],
            [
              2.782241199307681,
              48.852285567025476
            ],
            [
              2.782236189095539,
              48.85227918657466
            ],
            [
              2.7822305276828905,
              48.85227317345426
            ],
            [
              2.7822239502655495,
              48.852267391115554
            ],
            [
              2.782216456843743,
              48.852261839558366
            ],
            [
              2.782208312221866,
              48.85225665533122
            ],
            [
              2.7821968397164296,
              48.85225031755166
            ],
            [
              2.782177294473438,
              48.85224178574576
            ],
            [
              2.7821629523642004,
              48.85223678073542
            ],
            [
              2.7821553233077734,
              48.852234393620286
            ],
            [
              2.782116691658807,
              48.852225019748154
            ],
            [
              2.782073294088791,
              48.85221839141318
            ],
            [
              2.7820251305924795,
              48.85221450861003
            ],
            [
              2.781973203093525,
              48.85221360673886
            ],
            [
              2.7819181914274345,
              48.85221547386104
            ],
            [
              2.781860152866871,
              48.85222042076304
            ],
            [
              2.7818002682104566,
              48.852228353211295
            ],
            [
              2.781738594728003,
              48.852239581993736
            ],
            [
              2.7816486545672556,
              48.85226646927338
            ],
            [
              2.781571904680203,
              48.85230381462219
            ],
            [
              2.7815080440923827,
              48.85234738469804
            ],
            [
              2.7814565356988528,
              48.852392964998835
            ],
            [
              2.781417228822137,
              48.85243583714088
            ],
            [
              2.7813896150297257,
              48.85247194200841
            ],
            [
              2.781373364772999,
              48.85249689084547
            ],
            [
              2.781367883691862,
              48.85250615834202
            ],
            [
              2.780975725464535,
              48.853283122616965
            ],
            [
              2.7809998469807877,
              48.85341790714385
            ],
            [
              2.781041942152945,
              48.85341486366617
            ],
            [
              2.781046602869985,
              48.853436251725746
            ],
            [
              2.7810784569126845,
              48.85343355235068
            ],
            [
              2.781082531179923,
              48.85345955994682
            ],
            [
              2.781710086539076,
              48.85340979964182
            ],
            [
              2.7824581420383248,
              48.853340327878016
            ],
            [
              2.7824320770343536,
              48.85320412163254
            ],
            [
              2.7825033706385933,
              48.853198274394295
            ]
          ]
        ]
      },
      "properties": {
        "id": "s_5d5f71ee797f7a72d20001d0",
        "externalId": "POLY-JLHQVNCR",
        "destinationNodes": [
          "n_5d66da995d99b86b65000002"
        ],
        "center": [
          2.7818423757785626,
          48.852560674991445
        ],
        "details": {
          "description": "",
          "name": "Parking",
          "images": [
            {
              "url": "https://cdn.mappedin.com/5d370a26da8c166f3647e3ce/2574c5aef46ea0861a1ba3afbdb1fd2791d673d9.svg",
              "altText": "Logo for Parking"
            }
          ]
        }
      }
    },
    {
      "type": "Feature",
      "geometry": {
        "type": "Polygon",
        "coordinates": [
          [
            [
              2.7829808101799434,
              48.85445189621753
            ],
            [
              2.782849796415297,
              48.85382957721749
            ],
            [
              2.7828452927438145,
              48.85381164561979
            ],
            [
              2.7828370950881776,
              48.8537840749107
            ],
            [
              2.782825253739778,
              48.85374843788888
            ],
            [
              2.7828089316073235,
              48.85370669353443
            ],
            [
              2.7827884438005,
              48.85366055119225
            ],
            [
              2.782762895941877,
              48.85361165905067
            ],
            [
              2.782732159449037,
              48.85356191954389
            ],
            [
              2.7826800071150135,
              48.85348440276664
            ],
            [
              2.7826606097710753,
              48.85345977571418
            ],
            [
              2.78264143517435,
              48.8534428572609
            ],
            [
              2.7826197779120827,
              48.8534319711392
            ],
            [
              2.7825925748169813,
              48.853426100355016
            ],
            [
              2.782557149125624,
              48.85342372403048
            ],
            [
              2.7825103803849376,
              48.853423514372736
            ],
            [
              2.781869027411111,
              48.85347122648671
            ],
            [
              2.7817413394483164,
              48.85348315026475
            ],
            [
              2.7816245940403457,
              48.853495935207484
            ],
            [
              2.7815173455396387,
              48.8535095390239
            ],
            [
              2.781419000005554,
              48.8535246398575
            ],
            [
              2.781419460560333,
              48.853553143344115
            ],
            [
              2.7812930267421745,
              48.853588776333446
            ],
            [
              2.781191447753947,
              48.85362274129997
            ],
            [
              2.781112104209939,
              48.85365382819297
            ],
            [
              2.7810526988062088,
              48.85368127428308
            ],
            [
              2.7810106980597333,
              48.85370433566933
            ],
            [
              2.7809837187281,
              48.85372178340736
            ],
            [
              2.780969255945656,
              48.85373302897067
            ],
            [
              2.7809651626179286,
              48.85373682455618
            ],
            [
              2.780966150047364,
              48.85373438055737
            ],
            [
              2.7809592803774605,
              48.85374391649472
            ],
            [
              2.780951644918012,
              48.85375319817261
            ],
            [
              2.780943243668707,
              48.85376222559091
            ],
            [
              2.7809342841598284,
              48.8537708245098
            ],
            [
              2.7809245588606837,
              48.85377916916876
            ],
            [
              2.780914275301741,
              48.85378708532802
            ],
            [
              2.780903433483001,
              48.85379457298738
            ],
            [
              2.7808843045427563,
              48.85380650621059
            ],
            [
              2.780865898220537,
              48.85381585888092
            ],
            [
              2.7808167835359545,
              48.853839330117594
            ],
            [
              2.780798141018987,
              48.85384870162093
            ],
            [
              2.7807789618165835,
              48.85385906202638
            ],
            [
              2.7807596896290434,
              48.853870218250655
            ],
            [
              2.780740410371017,
              48.853882636480726
            ],
            [
              2.7807218039135053,
              48.85389610479013
            ],
            [
              2.780702553661572,
              48.85391388184128
            ],
            [
              2.780685293186983,
              48.853934653741824
            ],
            [
              2.7806697933821756,
              48.85395717732714
            ],
            [
              2.780656834164854,
              48.8539791828409
            ],
            [
              2.7806461864322203,
              48.853999427118445
            ],
            [
              2.7806382150413276,
              48.854015988881734
            ],
            [
              2.780631696374091,
              48.8540313309707
            ],
            [
              2.7805527405009056,
              48.85399300698468
            ],
            [
              2.7805534028906873,
              48.85404861540333
            ],
            [
              2.7805626760544326,
              48.85412103935153
            ],
            [
              2.780577532201041,
              48.85420295173619
            ],
            [
              2.7806143941595187,
              48.85436525998106
            ],
            [
              2.780647532191937,
              48.85449175647876
            ],
            [
              2.7807230208405063,
              48.8545697772811
            ],
            [
              2.780920550105092,
              48.85467543098907
            ],
            [
              2.7809882145653213,
              48.854722697484206
            ],
            [
              2.781072730470967,
              48.854732668159514
            ],
            [
              2.7825248013161112,
              48.85484732799986
            ],
            [
              2.7825610756979935,
              48.85481400074642
            ],
            [
              2.7829808101799434,
              48.85445189621753
            ]
          ]
        ]
      },
      "properties": {
        "id": "s_5d5f71ee797f7a72d20001d1",
        "externalId": "POLY-JIK4SI7A",
        "destinationNodes": [
          "n_5d66da965d99b86b65000000"
        ],
        "center": [
          2.781425440003657,
          48.85386306144951
        ],
        "details": {
          "description": "",
          "name": "Parking",
          "images": [
            {
              "url": "https://cdn.mappedin.com/5d370a26da8c166f3647e3ce/2574c5aef46ea0861a1ba3afbdb1fd2791d673d9.svg",
              "altText": "Logo for Parking"
            }
          ]
        }
      }
    },
    {
      "type": "Feature",
      "geometry": {
        "type": "Polygon",
        "coordinates": [
          [
            [
              2.786776200685971,
              48.85212070611548
            ],
            [
              2.7867296686575616,
              48.85219064793866
            ],
            [
              2.7866850603411315,
              48.8522541288501
            ],
            [
              2.7866379756813235,
              48.85231717672432
            ],
            [
              2.7865888939061807,
              48.85237849183776
            ],
            [
              2.786538408874358,
              48.85243739604453
            ],
            [
              2.7864865561606367,
              48.852492782727666
            ],
            [
              2.786433664817745,
              48.85254383720351
            ],
            [
              2.786380242755154,
              48.85258941514526
            ],
            [
              2.7862708490069727,
              48.85267194429358
            ],
            [
              2.7860208531659953,
              48.85285100454563
            ],
            [
              2.7858923239044238,
              48.852946729414896
            ],
            [
              2.785769734763486,
              48.853046079610614
            ],
            [
              2.7856588110171563,
              48.85314891345238
            ],
            [
              2.7855656643632667,
              48.85325458538872
            ],
            [
              2.7854962850077407,
              48.853363090312534
            ],
            [
              2.785456620677,
              48.853476791742686
            ],
            [
              2.785443572735573,
              48.853595779407385
            ],
            [
              2.785451494173482,
              48.85371671976608
            ],
            [
              2.785473707300342,
              48.85383588849571
            ],
            [
              2.7855045363370072,
              48.853949796646546
            ],
            [
              2.78556568154271,
              48.85414753665529
            ],
            [
              2.7855841735009794,
              48.8542244283457
            ],
            [
              2.785583553850215,
              48.85428345084744
            ],
            [
              2.7855640448132717,
              48.85432710932529
            ],
            [
              2.785531536743183,
              48.85435745645295
            ],
            [
              2.7854915336464976,
              48.85437704879488
            ],
            [
              2.7854502194026964,
              48.854388230966464
            ],
            [
              2.7854132768980087,
              48.854393229903245
            ],
            [
              2.785386918660987,
              48.85439454563048
            ],
            [
              2.785376827563083,
              48.85439440509416
            ],
            [
              2.784873755275706,
              48.85443960914856
            ],
            [
              2.7848453938406084,
              48.85444565742204
            ],
            [
              2.7848253278645734,
              48.854456404696
            ],
            [
              2.7848122688430714,
              48.854470061646595
            ],
            [
              2.784804484583604,
              48.85448503204651
            ],
            [
              2.784800922757354,
              48.8544995077166
            ],
            [
              2.784800115994545,
              48.854512028970255
            ],
            [
              2.784801112650766,
              48.854523933224506
            ],
            [
              2.7848634027343935,
              48.85509702225147
            ],
            [
              2.784616700174388,
              48.85530183269766
            ],
            [
              2.7843333586911316,
              48.8551623520051
            ],
            [
              2.7834895868552367,
              48.85476217157467
            ],
            [
              2.783346177024484,
              48.85469793012813
            ],
            [
              2.7832544360349085,
              48.85466047043489
            ],
            [
              2.7831978951642125,
              48.85464495737415
            ],
            [
              2.7831456067220675,
              48.85463951187538
            ],
            [
              2.7830957099381983,
              48.85464444012702
            ],
            [
              2.7830462867517793,
              48.854659737523846
            ],
            [
              2.7829951829278525,
              48.85468541830551
            ],
            [
              2.782940745218396,
              48.85472161440674
            ],
            [
              2.7828808193735943,
              48.8547683400597
            ],
            [
              2.782813515948941,
              48.85482574603887
            ],
            [
              2.782737623563641,
              48.85487816087964
            ],
            [
              2.782656253973597,
              48.854912564060584
            ],
            [
              2.7825740810529345,
              48.85493220925477
            ],
            [
              2.7824960434858155,
              48.85494048669632
            ],
            [
              2.782426901049416,
              48.85494111626997
            ],
            [
              2.7823715350910523,
              48.854937177442274
            ],
            [
              2.78233494151151,
              48.854932371266294
            ],
            [
              2.7823215579136753,
              48.854929970301555
            ],
            [
              2.7807605015256853,
              48.854827314734806
            ],
            [
              2.7807012420863573,
              48.85481785159173
            ],
            [
              2.780652423803684,
              48.8547987252437
            ],
            [
              2.7806132310588696,
              48.854773312073974
            ],
            [
              2.780582819576787,
              48.854744833066455
            ],
            [
              2.780560667161473,
              48.854716956545865
            ],
            [
              2.780545900883195,
              48.85469274809506
            ],
            [
              2.7805374975536927,
              48.85467575832532
            ],
            [
              2.7805348776981837,
              48.85466934476428
            ],
            [
              2.78048027902357,
              48.85447581173314
            ],
            [
              2.780448063464274,
              48.854332212115494
            ],
            [
              2.7804320453274594,
              48.85421018388028
            ],
            [
              2.780428273904745,
              48.85410909614773
            ],
            [
              2.7804334784297775,
              48.85402810610798
            ],
            [
              2.7804439444778435,
              48.853966564030834
            ],
            [
              2.780455900381967,
              48.8539235093948
            ],
            [
              2.780465603131219,
              48.853898137075376
            ],
            [
              2.7805062048068816,
              48.853819368601926
            ],
            [
              2.780478729145436,
              48.853804215913456
            ],
            [
              2.780454037333498,
              48.8537872643014
            ],
            [
              2.780432365540727,
              48.85376849492455
            ],
            [
              2.780413978573276,
              48.8537480443374
            ],
            [
              2.7803991698734,
              48.8537262044901
            ],
            [
              2.780388232881876,
              48.8537032673326
            ],
            [
              2.78038113895679,
              48.85367907747024
            ],
            [
              2.780378446343581,
              48.85365406340525
            ],
            [
              2.7803843191073665,
              48.853611809483255
            ],
            [
              2.780402215263925,
              48.853572380598415
            ],
            [
              2.780430832325044,
              48.853536511386174
            ],
            [
              2.780469161255871,
              48.853505228428425
            ],
            [
              2.7805158995886377,
              48.85347926635748
            ],
            [
              2.7805695373358326,
              48.85345953404469
            ],
            [
              2.780629244388194,
              48.85344672843693
            ],
            [
              2.7806933318874067,
              48.85344208804287
            ],
            [
              2.780700739015641,
              48.85344197007999
            ],
            [
              2.7812050002313122,
              48.8524644798595
            ],
            [
              2.781305422738226,
              48.85232543385734
            ],
            [
              2.7814335718438223,
              48.85221981109985
            ],
            [
              2.781577610423747,
              48.85214319493549
            ],
            [
              2.7817263240116694,
              48.85209064603745
            ],
            [
              2.781867317350996,
              48.85205731936376
            ],
            [
              2.7819896980467664,
              48.85203872304064
            ],
            [
              2.7820810993991265,
              48.85203016752149
            ],
            [
              2.782147811362835,
              48.852025474406545
            ],
            [
              2.7821550026570936,
              48.85201638573805
            ],
            [
              2.7821632245178667,
              48.852007687868884
            ],
            [
              2.782171975981248,
              48.85199926309667
            ],
            [
              2.782181521849833,
              48.85199124797
            ],
            [
              2.7821918621234722,
              48.8519836424887
            ],
            [
              2.7822027606413524,
              48.851976465499135
            ],
            [
              2.7822144535641833,
              48.851969698154555
            ],
            [
              2.7822267047312947,
              48.851963359301365
            ],
            [
              2.782242648538574,
              48.85195625271379
            ],
            [
              2.782259680194315,
              48.851949847713556
            ],
            [
              2.7822773560199687,
              48.85194433738902
            ],
            [
              2.7822956760162714,
              48.85193972173987
            ],
            [
              2.782314640184026,
              48.8519360007658
            ],
            [
              2.7823342771664814,
              48.85193332986181
            ],
            [
              2.7823545583223277,
              48.851931553632234
            ],
            [
              2.7823750399742355,
              48.85193086516598
            ],
            [
              2.7824061348047935,
              48.85193185259817
            ],
            [
              2.7824362136717884,
              48.851935128638125
            ],
            [
              2.782465069061491,
              48.85194086752901
            ],
            [
              2.7824923502457724,
              48.85194846653804
            ],
            [
              2.7825178497094156,
              48.85195809990879
            ],
            [
              2.7825415388114605,
              48.851969612247245
            ],
            [
              2.7825628879458977,
              48.851982730458786
            ],
            [
              2.7825821332736043,
              48.851997435697285
            ],
            [
              2.7857720984506953,
              48.85179436920287
            ],
            [
              2.7860639861296983,
              48.85178793770478
            ],
            [
              2.7862943293169495,
              48.85178563080892
            ],
            [
              2.786391284604971,
              48.85178640464929
            ],
            [
              2.786461260549905,
              48.85178901712931
            ],
            [
              2.7865229067384503,
              48.85179324072871
            ],
            [
              2.786596984355385,
              48.85180120219833
            ],
            [
              2.7866742980831685,
              48.851816316302
            ],
            [
              2.7867451803012346,
              48.851842035538354
            ],
            [
              2.786800199542708,
              48.85188179357297
            ],
            [
              2.7868301891204545,
              48.85193916062274
            ],
            [
              2.7868252451359297,
              48.85201760807507
            ],
            [
              2.786776200685971,
              48.85212070611548
            ]
          ]
        ]
      },
      "properties": {
        "id": "s_5d5f71ee797f7a72d20001d2",
        "externalId": "POLY-2U92WXPI",
        "destinationNodes": [],
        "center": [
          2.7832318606015773,
          48.85337834741459
        ],
        "details": {
          "description": "",
          "name": "",
          "images": []
        }
      }
    },
    {
      "type": "Feature",
      "geometry": {
        "type": "Polygon",
        "coordinates": [
          [
            [
              2.7840463452676887,
              48.85482960174331
            ],
            [
              2.7839943552211106,
              48.85457061263863
            ],
            [
              2.7839132903821735,
              48.85446744687825
            ],
            [
              2.7836616080741527,
              48.85419027362541
            ],
            [
              2.783564770994724,
              48.854228639878905
            ],
            [
              2.783535930183593,
              48.854186854077845
            ],
            [
              2.783656391520125,
              48.85417731862325
            ],
            [
              2.783628950093103,
              48.85402677842168
            ],
            [
              2.7833681397573935,
              48.85404858788913
            ],
            [
              2.783364953795703,
              48.854034161938856
            ],
            [
              2.783005520542791,
              48.85406164974804
            ],
            [
              2.7830557502718487,
              48.85428966884854
            ],
            [
              2.7837769721429617,
              48.854787698013176
            ],
            [
              2.783971584756822,
              48.85489373771589
            ],
            [
              2.7840463452676887,
              48.85482960174331
            ]
          ]
        ]
      },
      "properties": {
        "id": "s_5d5f8469797f7a3e3400000d",
        "externalId": "POLY-1MQHV1TY",
        "destinationNodes": [],
        "center": [
          2.78361032592887,
          48.85434235928864
        ],
        "details": {
          "description": "",
          "name": "",
          "images": []
        }
      }
    },
    {
      "type": "Feature",
      "geometry": {
        "type": "Polygon",
        "coordinates": [
          [
            [
              2.784790533582395,
              48.85268763582774
            ],
            [
              2.7847768354400464,
              48.85262035871769
            ],
            [
              2.7847399722767947,
              48.85262344301005
            ],
            [
              2.7847023647478735,
              48.852439087935636
            ],
            [
              2.7844759687504896,
              48.852458531492694
            ],
            [
              2.7843856892795604,
              48.852452508552446
            ],
            [
              2.7843872088539383,
              48.85244450317551
            ],
            [
              2.783965717201183,
              48.85241698224585
            ],
            [
              2.783599375830574,
              48.85245060623697
            ],
            [
              2.783605119636884,
              48.85247812045785
            ],
            [
              2.783333124012298,
              48.85250213174333
            ],
            [
              2.78341477737726,
              48.852892688012375
            ],
            [
              2.7834679744279867,
              48.8528878585569
            ],
            [
              2.783515351727092,
              48.85311405564518
            ],
            [
              2.7835231845607584,
              48.85311338312398
            ],
            [
              2.7835840142605908,
              48.85340266700735
            ],
            [
              2.78382749286043,
              48.853380584785874
            ],
            [
              2.783781569789888,
              48.85315774053666
            ],
            [
              2.783829804513101,
              48.85315381169634
            ],
            [
              2.7838755316129804,
              48.85339236081516
            ],
            [
              2.7836080508402814,
              48.85341657943834
            ],
            [
              2.7837001276349373,
              48.85385559509693
            ],
            [
              2.783739101129706,
              48.85385212180961
            ],
            [
              2.7837846080550945,
              48.8540697168426
            ],
            [
              2.783803392878573,
              48.854068012348584
            ],
            [
              2.7838249804323207,
              48.85417210954008
            ],
            [
              2.7841152774910953,
              48.854520673353555
            ],
            [
              2.7841293034025143,
              48.85451576964464
            ],
            [
              2.7841716339733287,
              48.85486730031954
            ],
            [
              2.784135240057274,
              48.854932079386245
            ],
            [
              2.7843374318154432,
              48.85498264036548
            ],
            [
              2.784407214970101,
              48.85485589190454
            ],
            [
              2.7845013730989367,
              48.85485082040231
            ],
            [
              2.7844796188163174,
              48.854671743416404
            ],
            [
              2.7844363626328037,
              48.85433184437861
            ],
            [
              2.7843592189674142,
              48.85421693398376
            ],
            [
              2.7842368386803242,
              48.85409478599439
            ],
            [
              2.7841995321863364,
              48.853899321341764
            ],
            [
              2.784293125737869,
              48.85389081022948
            ],
            [
              2.7842421991969433,
              48.853626154334016
            ],
            [
              2.78417077705485,
              48.853631697354075
            ],
            [
              2.7840677467416373,
              48.85306556609425
            ],
            [
              2.7840077656171704,
              48.85279844779093
            ],
            [
              2.7846084143889023,
              48.852742130161104
            ],
            [
              2.784600581121499,
              48.85270458077662
            ],
            [
              2.784790533582395,
              48.85268763582774
            ]
          ]
        ]
      },
      "properties": {
        "id": "s_5d5f8469797f7a3e3400000e",
        "externalId": "POLY-KBEBIFBZ",
        "destinationNodes": [],
        "center": [
          2.7840787006147507,
          48.85348227524185
        ],
        "details": {
          "description": "",
          "name": "",
          "images": []
        }
      }
    },
    {
      "type": "Feature",
      "geometry": {
        "type": "Polygon",
        "coordinates": [
          [
            [
              2.783564449155607,
              48.85393194080731
            ],
            [
              2.7834288896282575,
              48.85326939756262
            ],
            [
              2.7833694911479334,
              48.853274643000624
            ],
            [
              2.7833265735344366,
              48.853055090915234
            ],
            [
              2.7826880910977096,
              48.85311185083801
            ],
            [
              2.7827293458123146,
              48.85331784864615
            ],
            [
              2.7829463256164395,
              48.85375794928121
            ],
            [
              2.7829916973433684,
              48.853980679775276
            ],
            [
              2.783564449155607,
              48.85393194080731
            ]
          ]
        ]
      },
      "properties": {
        "id": "s_5d5f8469797f7a3e3400000f",
        "externalId": "POLY-UO9VSJEA",
        "destinationNodes": [],
        "center": [
          2.7831306079170086,
          48.8534624251033
        ],
        "details": {
          "description": "",
          "name": "",
          "images": []
        }
      }
    },
    {
      "type": "Feature",
      "geometry": {
        "type": "Polygon",
        "coordinates": [
          [
            [
              2.7833108106173814,
              48.85295879174496
            ],
            [
              2.783276442472948,
              48.85279120733895
            ],
            [
              2.783248532742657,
              48.85279359271076
            ],
            [
              2.7831649994906362,
              48.852386330439934
            ],
            [
              2.783021796340096,
              48.85230743980289
            ],
            [
              2.7828804251075896,
              48.85241139196797
            ],
            [
              2.7828495318733877,
              48.85241396802057
            ],
            [
              2.7828210975546352,
              48.852272841746796
            ],
            [
              2.782550968052534,
              48.852294621202574
            ],
            [
              2.7826477346705025,
              48.852824401929055
            ],
            [
              2.7826865234193736,
              48.85302430505684
            ],
            [
              2.783107045442426,
              48.8529901289677
            ],
            [
              2.78310421650055,
              48.85297621078122
            ],
            [
              2.7833108106173814,
              48.85295879174496
            ]
          ]
        ]
      },
      "properties": {
        "id": "s_5d5f8469797f7a3e34000010",
        "externalId": "POLY-H1FHCABM",
        "destinationNodes": [],
        "center": [
          2.782974624944978,
          48.85264963320848
        ],
        "details": {
          "description": "",
          "name": "",
          "images": []
        }
      }
    },
    {
      "type": "Feature",
      "geometry": {
        "type": "Polygon",
        "coordinates": [
          [
            [
              2.785705295763983,
              48.85208896217659
            ],
            [
              2.785540083446584,
              48.852002891064814
            ],
            [
              2.7854915173043717,
              48.851977849260706
            ],
            [
              2.7854647257152547,
              48.85197992497832
            ],
            [
              2.785466741179493,
              48.85199696703262
            ],
            [
              2.7855166225287995,
              48.852022376973345
            ],
            [
              2.7848077018512574,
              48.85207264711002
            ],
            [
              2.7848032483151206,
              48.85204758414508
            ],
            [
              2.7844229530813083,
              48.8520764749697
            ],
            [
              2.78435819376345,
              48.852044447426685
            ],
            [
              2.784344278846421,
              48.85197117948429
            ],
            [
              2.7831434625341784,
              48.8520664426319
            ],
            [
              2.783053789840385,
              48.85216341477592
            ],
            [
              2.7830806191960535,
              48.85227177665004
            ],
            [
              2.783215043659209,
              48.85235166697803
            ],
            [
              2.7834079356283477,
              48.85233467940974
            ],
            [
              2.7834103660376237,
              48.85235124677153
            ],
            [
              2.783507715578028,
              48.85234284628062
            ],
            [
              2.783511921031538,
              48.85236345037155
            ],
            [
              2.7838873025491537,
              48.85233050862403
            ],
            [
              2.7838878656170425,
              48.852333175755064
            ],
            [
              2.7839742195382273,
              48.85232544732891
            ],
            [
              2.7841704877738978,
              48.8523376907401
            ],
            [
              2.7841687319074575,
              48.852346629648736
            ],
            [
              2.7844822114017918,
              48.8523679968151
            ],
            [
              2.784483748786968,
              48.85237426027893
            ],
            [
              2.7846735266033167,
              48.852357282400696
            ],
            [
              2.784668635841819,
              48.85233348429841
            ],
            [
              2.7849890086055145,
              48.852304898409564
            ],
            [
              2.7849981183652934,
              48.852348195819474
            ],
            [
              2.7854254272474925,
              48.85231044118106
            ],
            [
              2.7854190233271408,
              48.85227947917871
            ],
            [
              2.785487128655575,
              48.852274278930686
            ],
            [
              2.785705295763983,
              48.85208896217659
            ]
          ]
        ]
      },
      "properties": {
        "id": "s_5d5f8469797f7a3e34000011",
        "externalId": "POLY-Q1M192DI",
        "destinationNodes": [],
        "center": [
          2.7844535651976394,
          48.85221668478488
        ],
        "details": {
          "description": "",
          "name": "",
          "images": []
        }
      }
    },
    {
      "type": "Feature",
      "geometry": {
        "type": "Polygon",
        "coordinates": [
          [
            [
              2.786278301377531,
              48.852207283226605
            ],
            [
              2.786128765362083,
              48.852133190608434
            ],
            [
              2.7857247661172253,
              48.851927092266614
            ],
            [
              2.785701102036454,
              48.85194795067567
            ],
            [
              2.785659561934601,
              48.851926968372325
            ],
            [
              2.7856115614857404,
              48.85196867568869
            ],
            [
              2.785853492542163,
              48.85209211060994
            ],
            [
              2.7855499964801016,
              48.85235738825838
            ],
            [
              2.7856160024169974,
              48.85239032508697
            ],
            [
              2.785579450309664,
              48.852421342187824
            ],
            [
              2.7855300225528787,
              48.85242516188165
            ],
            [
              2.7855177834550444,
              48.85236593612108
            ],
            [
              2.7850123315888524,
              48.85241085918481
            ],
            [
              2.7850181421761055,
              48.85244120641521
            ],
            [
              2.7848159641292085,
              48.85245903304166
            ],
            [
              2.7848615515852133,
              48.852680815690015
            ],
            [
              2.784977228675841,
              48.852670698816674
            ],
            [
              2.7849994280835637,
              48.85277979244738
            ],
            [
              2.7854955055927775,
              48.85273937075749
            ],
            [
              2.7855469145632066,
              48.852727319825306
            ],
            [
              2.785593385283649,
              48.852714480103614
            ],
            [
              2.785634989458269,
              48.852701240463695
            ],
            [
              2.785671807327107,
              48.85268803606029
            ],
            [
              2.7857039116796494,
              48.85267525529208
            ],
            [
              2.7857314045971537,
              48.85266333118581
            ],
            [
              2.7857543393826854,
              48.85265268603202
            ],
            [
              2.785772837114102,
              48.85264370359987
            ],
            [
              2.785801045354673,
              48.85262513136793
            ],
            [
              2.785850320108315,
              48.8525878637189
            ],
            [
              2.7859151104341238,
              48.85253609604134
            ],
            [
              2.7860691118815906,
              48.85240593377073
            ],
            [
              2.786147271036361,
              48.852335958751915
            ],
            [
              2.7862188435735047,
              48.852268338505276
            ],
            [
              2.786278301377531,
              48.852207283226605
            ]
          ]
        ]
      },
      "properties": {
        "id": "s_5d5f8469797f7a3e34000012",
        "externalId": "POLY-A04A6CEF",
        "destinationNodes": [],
        "center": [
          2.7856164318089824,
          48.85244153260776
        ],
        "details": {
          "description": "",
          "name": "",
          "images": []
        }
      }
    },
    {
      "type": "Feature",
      "geometry": {
        "type": "Polygon",
        "coordinates": [
          [
            [
              2.783577834273135,
              48.853938693820446
            ],
            [
              2.7834390931191093,
              48.85326060018755
            ],
            [
              2.783379762477763,
              48.85326583906307
            ],
            [
              2.7833368444406754,
              48.853046278543246
            ],
            [
              2.7826747496753574,
              48.853105139301974
            ],
            [
              2.782718031266878,
              48.85332026376113
            ],
            [
              2.782934677998079,
              48.85375969112708
            ],
            [
              2.7829814814257974,
              48.85398944266784
            ],
            [
              2.783577834273135,
              48.853938693820446
            ]
          ],
          [
            [
              2.7829576396738154,
              48.85375553419144
            ],
            [
              2.7827409971643298,
              48.85331611806551
            ],
            [
              2.78270143367849,
              48.853118562280315
            ],
            [
              2.783316302344996,
              48.85306390176964
            ],
            [
              2.7833592175074324,
              48.85328344712295
            ],
            [
              2.783418686273902,
              48.85327819569667
            ],
            [
              2.7835510663467025,
              48.853925187608645
            ],
            [
              2.7830019133947923,
              48.853971917640315
            ],
            [
              2.7829576396738154,
              48.85375553419144
            ]
          ]
        ]
      },
      "properties": {
        "id": "s_5d5f8478797f7a3e34000014",
        "externalId": "POLY-73L1NNX6",
        "destinationNodes": [],
        "center": [
          2.7831306081913283,
          48.853462425802995
        ],
        "details": {
          "description": "",
          "name": "",
          "images": []
        }
      }
    },
    {
      "type": "Feature",
      "geometry": {
        "type": "Polygon",
        "coordinates": [
          [
            [
              2.7831204286788847,
              48.85299693066482
            ],
            [
              2.783117591376958,
              48.85298297349345
            ],
            [
              2.783324198274006,
              48.852965553801454
            ],
            [
              2.7832866471552493,
              48.85278244221231
            ],
            [
              2.7832587491023024,
              48.85278482742608
            ],
            [
              2.783176169736751,
              48.852382276822816
            ],
            [
              2.7830206084082088,
              48.85229657738252
            ],
            [
              2.7828745225991347,
              48.85240399399522
            ],
            [
              2.7828597687752725,
              48.85240522538403
            ],
            [
              2.782831341967853,
              48.85226413046233
            ],
            [
              2.782537742220471,
              48.8522878022803
            ],
            [
              2.7826359242587846,
              48.8528253356255
            ],
            [
              2.782676224367644,
              48.85303302875888
            ],
            [
              2.7831204286788847,
              48.85299693066482
            ]
          ],
          [
            [
              2.7826595334396176,
              48.852823411416104
            ],
            [
              2.7825641940282666,
              48.85230144088324
            ],
            [
              2.7828108541526158,
              48.85228155217828
            ],
            [
              2.7828392949679284,
              48.852422710656214
            ],
            [
              2.782886327477718,
              48.852418789180525
            ],
            [
              2.7830229844149326,
              48.852318302982944
            ],
            [
              2.783153827214697,
              48.85239038575523
            ],
            [
              2.7832383165195114,
              48.852802358754424
            ],
            [
              2.7832662376469957,
              48.85279997170482
            ],
            [
              2.7832974231068137,
              48.85295203044663
            ],
            [
              2.7830908393227856,
              48.852969448251415
            ],
            [
              2.783093662067452,
              48.85298332651089
            ],
            [
              2.782696822187948,
              48.853015579837205
            ],
            [
              2.7826595334396176,
              48.852823411416104
            ]
          ]
        ]
      },
      "properties": {
        "id": "s_5d5f847e797f7a3e34000015",
        "externalId": "POLY-8PW0YEGQ",
        "destinationNodes": [],
        "center": [
          2.7829746243641846,
          48.85264963103337
        ],
        "details": {
          "description": "",
          "name": "",
          "images": []
        }
      }
    },
    {
      "type": "Feature",
      "geometry": {
        "type": "Polygon",
        "coordinates": [
          [
            [
              2.7854388202487566,
              48.85231715522313
            ],
            [
              2.7854324446464025,
              48.85228633416837
            ],
            [
              2.785493469695499,
              48.852281673356885
            ],
            [
              2.785721907187561,
              48.85208763331126
            ],
            [
              2.7855474007667307,
              48.851996720276645
            ],
            [
              2.785494994411428,
              48.851969698741925
            ],
            [
              2.7854519785998724,
              48.85197303273009
            ],
            [
              2.7854552927750857,
              48.85200103385868
            ],
            [
              2.7854860017666985,
              48.85201667565197
            ],
            [
              2.7848181483364955,
              48.852064034209214
            ],
            [
              2.7848136830113708,
              48.852038913669716
            ],
            [
              2.784426304993944,
              48.85206834257527
            ],
            [
              2.7843693719145044,
              48.8520401836294
            ],
            [
              2.784354615098315,
              48.85196247610714
            ],
            [
              2.7831363031492478,
              48.8520591261235
            ],
            [
              2.7830413430479957,
              48.85216181890264
            ],
            [
              2.783069551165549,
              48.85227574356659
            ],
            [
              2.7832111624592955,
              48.85235990623841
            ],
            [
              2.7833972803623968,
              48.852343513239475
            ],
            [
              2.783399708284446,
              48.85236006078209
            ],
            [
              2.783497505712965,
              48.85235162070448
            ],
            [
              2.7835017149394456,
              48.8523722452815
            ],
            [
              2.7838771433864435,
              48.85233928481265
            ],
            [
              2.7838777131318704,
              48.85234198182433
            ],
            [
              2.7839744641956505,
              48.85233332458028
            ],
            [
              2.784157114066083,
              48.852344719805096
            ],
            [
              2.7841553718485983,
              48.852353586790144
            ],
            [
              2.7844719219646534,
              48.85237516468727
            ],
            [
              2.784473856937608,
              48.852383045218616
            ],
            [
              2.7846869081911225,
              48.8523639858853
            ],
            [
              2.784682013229071,
              48.852340177723946
            ],
            [
              2.7849788521603456,
              48.85231370105694
            ],
            [
              2.7849879616687514,
              48.852356990787555
            ],
            [
              2.7854388202487566,
              48.85231715522313
            ]
          ],
          [
            [
              2.7849991627374573,
              48.85229609594566
            ],
            [
              2.784655258597955,
              48.85232679162966
            ],
            [
              2.784660145016734,
              48.852350578914745
            ],
            [
              2.784493640772953,
              48.8523654760983
            ],
            [
              2.784492498808589,
              48.852360830644386
            ],
            [
              2.784182091680635,
              48.85233967098934
            ],
            [
              2.7841838594505526,
              48.852330663375945
            ],
            [
              2.7839739773235443,
              48.85231757065363
            ],
            [
              2.7838980178166834,
              48.85232436816846
            ],
            [
              2.7838974638731546,
              48.85232173149065
            ],
            [
              2.7835221273999196,
              48.852354656978896
            ],
            [
              2.7835179254397993,
              48.85233407185741
            ],
            [
              2.7834210217619795,
              48.852342434462166
            ],
            [
              2.7834185906130293,
              48.852325844060665
            ],
            [
              2.783218929749956,
              48.85234342886762
            ],
            [
              2.7830916892522435,
              48.85226780803008
            ],
            [
              2.7830662369131414,
              48.85216501216451
            ],
            [
              2.783150621638693,
              48.852073757620296
            ],
            [
              2.784333944760485,
              48.85197988191628
            ],
            [
              2.7843470176378795,
              48.85204870952051
            ],
            [
              2.784419601447485,
              48.85208460888223
            ],
            [
              2.7847928137527065,
              48.852056255378
            ],
            [
              2.784797257805086,
              48.85208126058595
            ],
            [
              2.7855472407106614,
              48.8520280769526
            ],
            [
              2.7854781921692506,
              48.85199290153946
            ],
            [
              2.7854774729766176,
              48.85198681798483
            ],
            [
              2.785488040336006,
              48.85198600053772
            ],
            [
              2.785688684479635,
              48.8520902917994
            ],
            [
              2.7854807874797753,
              48.852266883744086
            ],
            [
              2.7854056022914864,
              48.852272625705716
            ],
            [
              2.7854120345297524,
              48.852303728655635
            ],
            [
              2.785008275057981,
              48.85233940084895
            ],
            [
              2.7849991627374573,
              48.85229609594566
            ]
          ]
        ]
      },
      "properties": {
        "id": "s_5d5f8487797f7a3e34000016",
        "externalId": "POLY-P2WOOXTR",
        "destinationNodes": [],
        "center": [
          2.784436962271323,
          48.85221987910038
        ],
        "details": {
          "description": "",
          "name": "",
          "images": []
        }
      }
    },
    {
      "type": "Feature",
      "geometry": {
        "type": "Polygon",
        "coordinates": [
          [
            [
              2.784415798667864,
              48.8548632825556
            ],
            [
              2.78451417551414,
              48.85485798402471
            ],
            [
              2.784491475753073,
              48.854671119981816
            ],
            [
              2.784448048931582,
              48.85432988333654
            ],
            [
              2.7843696968870515,
              48.85421317267636
            ],
            [
              2.784248294488316,
              48.85409200029169
            ],
            [
              2.7842127978261106,
              48.85390601606992
            ],
            [
              2.78430640285013,
              48.85389750364721
            ],
            [
              2.7842525187563254,
              48.85361747273107
            ],
            [
              2.7841811761973916,
              48.853623009406306
            ],
            [
              2.784079514189392,
              48.85306442125849
            ],
            [
              2.7840212804320057,
              48.85280508682529
            ],
            [
              2.7846218106346066,
              48.85274877936615
            ],
            [
              2.784613985123032,
              48.85271128479558
            ],
            [
              2.784803899339782,
              48.852694341725005
            ],
            [
              2.784787055413847,
              48.85261161454355
            ],
            [
              2.784750189950352,
              48.85261469902336
            ],
            [
              2.7847125774964474,
              48.85243031739512
            ],
            [
              2.784475795263752,
              48.852450653559764
            ],
            [
              2.7843990021214458,
              48.85244553013047
            ],
            [
              2.784400525533186,
              48.852437507508704
            ],
            [
              2.783965479042511,
              48.85240910216733
            ],
            [
              2.783585977036368,
              48.852443935575884
            ],
            [
              2.7835917130716097,
              48.85247140768694
            ],
            [
              2.783319711430101,
              48.85249541788295
            ],
            [
              2.7834046161032497,
              48.85290151089452
            ],
            [
              2.7834578154716594,
              48.852896681259566
            ],
            [
              2.783505181367255,
              48.85312282305364
            ],
            [
              2.783513021049823,
              48.85312214960186
            ],
            [
              2.7835725726200886,
              48.853405452677336
            ],
            [
              2.783839591418796,
              48.8533812355891
            ],
            [
              2.783794954490961,
              48.85316453666014
            ],
            [
              2.7838194909217555,
              48.853162538213454
            ],
            [
              2.7838638795642794,
              48.85339139643146
            ],
            [
              2.7835962595388097,
              48.853415627682544
            ],
            [
              2.7836899650237776,
              48.85386439885113
            ],
            [
              2.7837289362210957,
              48.853860925751206
            ],
            [
              2.783774446397389,
              48.854078538618204
            ],
            [
              2.7837932175946647,
              48.85407683636792
            ],
            [
              2.783813492776509,
              48.854174602086694
            ],
            [
              2.784110489593656,
              48.85453121126284
            ],
            [
              2.7841188771103296,
              48.85452827820436
            ],
            [
              2.784159569547175,
              48.854866208321596
            ],
            [
              2.784119995882213,
              48.854936640310434
            ],
            [
              2.7843444982395873,
              48.85499278143786
            ],
            [
              2.784415798667864,
              48.8548632825556
            ]
          ],
          [
            [
              2.784150484369655,
              48.854927519219906
            ],
            [
              2.784183698117738,
              48.85486839079819
            ],
            [
              2.784139727244354,
              48.854503260508096
            ],
            [
              2.7841200655289775,
              48.85451013620377
            ],
            [
              2.783836468084914,
              48.854169616994085
            ],
            [
              2.7838135681586085,
              48.854059188326794
            ],
            [
              2.783794769431689,
              48.85406089354772
            ],
            [
              2.7837492660371037,
              48.85384331786695
            ],
            [
              2.7837102902428095,
              48.853846791343415
            ],
            [
              2.7836230819777343,
              48.8534289993951
            ],
            [
              2.783890421252062,
              48.853404793574775
            ],
            [
              2.7838401201262255,
              48.853145083477656
            ],
            [
              2.7837681967645054,
              48.85315094425105
            ],
            [
              2.783812824577905,
              48.85336786102711
            ],
            [
              2.7835928817527464,
              48.853387809505236
            ],
            [
              2.7835333505131934,
              48.85310461722112
            ],
            [
              2.783525524670296,
              48.85310528956835
            ],
            [
              2.783478133383095,
              48.852879035853164
            ],
            [
              2.7834249386476886,
              48.85288386512934
            ],
            [
              2.7833465341507044,
              48.85250884502642
            ],
            [
              2.7836185260659576,
              48.85248483246889
            ],
            [
              2.783612774907942,
              48.852457278413176
            ],
            [
              2.783965955500018,
              48.852424863084224
            ],
            [
              2.7843738946183674,
              48.852451499416475
            ],
            [
              2.7843723788837242,
              48.8524594875484
            ],
            [
              2.7844761399323392,
              48.852466409609626
            ],
            [
              2.7846921518582706,
              48.852447857716754
            ],
            [
              2.784729754737406,
              48.85263218775595
            ],
            [
              2.784766615602777,
              48.85262910365082
            ],
            [
              2.784777167688488,
              48.852680929169075
            ],
            [
              2.7845871753778466,
              48.852697879973405
            ],
            [
              2.7845950201720893,
              48.852735479253866
            ],
            [
              2.783994250805919,
              48.852791808754986
            ],
            [
              2.7840559562832676,
              48.853066598816895
            ],
            [
              2.7841603779113484,
              48.85364038530225
            ],
            [
              2.784231879631907,
              48.85363483593781
            ],
            [
              2.78427984863152,
              48.853884116809986
            ],
            [
              2.7841862665501105,
              48.85389262661211
            ],
            [
              2.784225380286134,
              48.85409757036174
            ],
            [
              2.784348738880991,
              48.854220696232524
            ],
            [
              2.784424676473209,
              48.854333806179376
            ],
            [
              2.784467765169963,
              48.85467239738392
            ],
            [
              2.7844885708295757,
              48.854843657536605
            ],
            [
              2.7843986335775637,
              48.854848501069064
            ],
            [
              2.7843303630888165,
              48.85497249947512
            ],
            [
              2.784150484369655,
              48.854927519219906
            ]
          ]
        ]
      },
      "properties": {
        "id": "s_5d5f84a5797f7a3e34000017",
        "externalId": "POLY-0I9YVNSX",
        "destinationNodes": [],
        "center": [
          2.7840787153486786,
          48.853482260942364
        ],
        "details": {
          "description": "",
          "name": "",
          "images": []
        }
      }
    },
    {
      "type": "Feature",
      "geometry": {
        "type": "Polygon",
        "coordinates": [
          [
            [
              2.784058782976546,
              48.85483179194094
            ],
            [
              2.7840058765066877,
              48.85456823254964
            ],
            [
              2.783923502936456,
              48.854463432386815
            ],
            [
              2.783669460804839,
              48.85418328617582
            ],
            [
              2.7836692089640533,
              48.85418304211875
            ],
            [
              2.7835749577359135,
              48.8542208297359
            ],
            [
              2.783552765110354,
              48.85418683893019
            ],
            [
              2.7836490521084305,
              48.85417985925607
            ],
            [
              2.783668451855078,
              48.85417829742077
            ],
            [
              2.7836393339492287,
              48.85401801937469
            ],
            [
              2.7833782312118425,
              48.85403985484451
            ],
            [
              2.7833750625002778,
              48.854025509130295
            ],
            [
              2.782991992782814,
              48.85405480531736
            ],
            [
              2.7830445227009846,
              48.85429326114859
            ],
            [
              2.783769379233577,
              48.85479372281472
            ],
            [
              2.7839612962046747,
              48.85489843240796
            ],
            [
              2.783973836227876,
              48.854904667372026
            ],
            [
              2.784058782976546,
              48.85483179194094
            ]
          ],
          [
            [
              2.7837851035620376,
              48.85478196668812
            ],
            [
              2.7830669778431005,
              48.85428607650623
            ],
            [
              2.783019047347563,
              48.85406849500737
            ],
            [
              2.7833548450599004,
              48.854042813894125
            ],
            [
              2.783358048282809,
              48.85405732084275
            ],
            [
              2.783618566156623,
              48.85403553746754
            ],
            [
              2.7836424537538185,
              48.854163972549806
            ],
            [
              2.7835176721491472,
              48.854173850041676
            ],
            [
              2.7835662885565737,
              48.85424137194832
            ],
            [
              2.783659820168062,
              48.85420409834508
            ],
            [
              2.783902895153892,
              48.854471257370726
            ],
            [
              2.783982836293016,
              48.85457299257292
            ],
            [
              2.7840339074720473,
              48.85482741163967
            ],
            [
              2.7839695599643894,
              48.854882615227936
            ],
            [
              2.7837851035620376,
              48.85478196668812
            ]
          ]
        ]
      },
      "properties": {
        "id": "s_5d5f86da797f7a3e34000018",
        "externalId": "POLY-IM3LLFJO",
        "destinationNodes": [],
        "center": [
          2.7836252817926646,
          48.85434947300087
        ],
        "details": {
          "description": "",
          "name": "",
          "images": []
        }
      }
    },
    {
      "type": "Feature",
      "geometry": {
        "type": "Polygon",
        "coordinates": [
          [
            [
              2.7838347940560673,
              48.853085074390954
            ],
            [
              2.783787565484298,
              48.852858786763434
            ],
            [
              2.783725815385788,
              48.852864416173226
            ],
            [
              2.7837081171474396,
              48.852781399196566
            ],
            [
              2.7833972539717613,
              48.8528084182067
            ],
            [
              2.7834146981879733,
              48.85289264690533
            ],
            [
              2.783467985437214,
              48.85288792081225
            ],
            [
              2.783515420110843,
              48.85311403432603
            ],
            [
              2.7838347940560673,
              48.853085074390954
            ]
          ]
        ]
      },
      "properties": {
        "id": "s_5d5f91f7797f7a3e3400012d",
        "externalId": "unit69-70",
        "destinationNodes": [
          "n_5d5f890e797f7a3e340000a0",
          "n_5d5f8972797f7a3e340000d5"
        ],
        "center": [
          2.7836064562226728,
          48.85291158709681
        ],
        "details": {
          "description": "Authentic and iconic, Polo Ralph Lauren Men and Women is the original symbol of the modern preppy lifestyle. Combining Ivy League classics and time-honored English haberdashery with downtown styles and All-American sporting looks, Polo sportswear and tailored clothing present a one-of-a-kind vision.\nCollections: Womenswear, Menswear, Accessories",
          "name": "Polo Ralph Lauren Men and Women",
          "images": [
            {
              "url": "https://cdn.mappedin.com/5d370a26da8c166f3647e3ce/e310a3b2a6d065f8d80b26c2f1dc65f7fa5fceb8.svg",
              "altText": "Logo for Polo Ralph Lauren Men and Women"
            }
          ]
        }
      }
    },
    {
      "type": "Feature",
      "geometry": {
        "type": "Polygon",
        "coordinates": [
          [
            [
              2.783906290941142,
              48.85263707113884
            ],
            [
              2.7838600665578386,
              48.85242662922539
            ],
            [
              2.7837302276256892,
              48.85243856945477
            ],
            [
              2.783763197617211,
              48.85259661528911
            ],
            [
              2.7837773409525997,
              48.85266423552603
            ],
            [
              2.7838527699803017,
              48.852657426578986
            ],
            [
              2.7839090984124435,
              48.8526522998378
            ],
            [
              2.783906290941142,
              48.85263707113884
            ]
          ]
        ]
      },
      "properties": {
        "id": "s_5d5f9233797f7a3e3400012e",
        "externalId": "unit76",
        "destinationNodes": [
          "n_5d5f890e797f7a3e34000093"
        ],
        "center": [
          2.7838284274410325,
          48.852581835292995
        ],
        "details": {
          "description": "Jimmy Choo encompasses a complete collection of women’s shoes, handbags, small leather goods, sunglasses, eyewear, fragrance and men’s shoes and accessories.",
          "name": "Jimmy Choo",
          "images": [
            {
              "url": "https://cdn.mappedin.com/5d370a26da8c166f3647e3ce/8693b651e83bf46a050a0649a4b9b43478f863ad.jpeg",
              "altText": "Logo for Jimmy Choo"
            }
          ]
        }
      }
    },
    {
      "type": "Feature",
      "geometry": {
        "type": "Polygon",
        "coordinates": [
          [
            [
              2.7855329508001385,
              48.85241746169722
            ],
            [
              2.785520322653883,
              48.852359520774854
            ],
            [
              2.784999055960877,
              48.852404141169394
            ],
            [
              2.785004865258845,
              48.85243448071477
            ],
            [
              2.7848025799557865,
              48.85245231624749
            ],
            [
              2.7848513536553123,
              48.85268960348074
            ],
            [
              2.7849670171490093,
              48.85267948819991
            ],
            [
              2.7849892014687967,
              48.85278851331814
            ],
            [
              2.7854982663016945,
              48.85274703251667
            ],
            [
              2.785551519292385,
              48.85273453681766
            ],
            [
              2.785598564374729,
              48.85272152499991
            ],
            [
              2.7856406820649595,
              48.852708113390676
            ],
            [
              2.785677963450605,
              48.85269473229112
            ],
            [
              2.785710455861562,
              48.85268179042364
            ],
            [
              2.785738261517569,
              48.85266972776416
            ],
            [
              2.785761402879205,
              48.852658984505815
            ],
            [
              2.7857806198246746,
              48.85264965090875
            ],
            [
              2.7858100194332076,
              48.85263026831373
            ],
            [
              2.7858144851323723,
              48.85262689076645
            ],
            [
              2.7858595032107294,
              48.852592839681634
            ],
            [
              2.785924495401103,
              48.85254090379677
            ],
            [
              2.7860786955195316,
              48.852410568600185
            ],
            [
              2.786157030658792,
              48.85234043165301
            ],
            [
              2.786228858804249,
              48.852272560319136
            ],
            [
              2.7862942668250055,
              48.85220539561317
            ],
            [
              2.7861359192352277,
              48.852126939653786
            ],
            [
              2.7857224837729877,
              48.8519160219758
            ],
            [
              2.7856987822322155,
              48.85193691139544
            ],
            [
              2.785657307917213,
              48.85191596201954
            ],
            [
              2.785594977108346,
              48.851970119779224
            ],
            [
              2.785836942889477,
              48.8520935646867
            ],
            [
              2.78553639979647,
              48.85235664517748
            ],
            [
              2.785602160287442,
              48.85239043388294
            ],
            [
              2.7855741022329195,
              48.852413147425835
            ],
            [
              2.785573107838481,
              48.852413952463564
            ],
            [
              2.7855329508001385,
              48.85241746169722
            ]
          ],
          [
            [
              2.784987440677255,
              48.85266191101219
            ],
            [
              2.7848717496258746,
              48.85267202867452
            ],
            [
              2.7848293484501694,
              48.85246575048506
            ],
            [
              2.7850314167652184,
              48.852447932230874
            ],
            [
              2.7850256048779616,
              48.8524175774393
            ],
            [
              2.7855008548435305,
              48.85237604778306
            ],
            [
              2.78551306600781,
              48.85243514153629
            ],
            [
              2.785585792926677,
              48.852428732562494
            ],
            [
              2.785588392157971,
              48.85242695139205
            ],
            [
              2.7855875364194147,
              48.85242612486356
            ],
            [
              2.7855887929595755,
              48.85242620998385
            ],
            [
              2.7856348207834025,
              48.85238750465119
            ],
            [
              2.7855687943868057,
              48.85235441317327
            ],
            [
              2.785870044749839,
              48.852090657058405
            ],
            [
              2.785628143384085,
              48.85196723182831
            ],
            [
              2.7856618158164674,
              48.85193797325692
            ],
            [
              2.785703424131761,
              48.85195898904137
            ],
            [
              2.785727048667561,
              48.85193816411149
            ],
            [
              2.786121475463831,
              48.85213937702213
            ],
            [
              2.7862623358954957,
              48.852209170786914
            ],
            [
              2.786208950282332,
              48.85226399144355
            ],
            [
              2.7861375969004127,
              48.85233140432161
            ],
            [
              2.786059622125772,
              48.85240121225741
            ],
            [
              2.785905823978265,
              48.852531201075
            ],
            [
              2.7858412392803276,
              48.85258280876289
            ],
            [
              2.785800114556479,
              48.85261345844881
            ],
            [
              2.78580002550217,
              48.8526139956852
            ],
            [
              2.7857999925836245,
              48.85261400430516
            ],
            [
              2.7857923423780355,
              48.85261979033705
            ],
            [
              2.7857650566762655,
              48.85263775532391
            ],
            [
              2.7857473773702583,
              48.85264634095327
            ],
            [
              2.7857247010697437,
              48.85265686543173
            ],
            [
              2.785697557926793,
              48.852668636466895
            ],
            [
              2.785665879799669,
              48.85268124684156
            ],
            [
              2.785629549479813,
              48.85269427796002
            ],
            [
              2.785588491129812,
              48.85270734324386
            ],
            [
              2.78554261294094,
              48.85272002017617
            ],
            [
              2.7854927447753735,
              48.85273170827533
            ],
            [
              2.785009654941362,
              48.85277107234131
            ],
            [
              2.784987440677255,
              48.85266191101219
            ]
          ]
        ]
      },
      "properties": {
        "id": "s_5d601ecde90e1a08c100000c",
        "externalId": "POLY-PYXSUU1Y",
        "destinationNodes": [],
        "center": [
          2.7856246196412697,
          48.85245000268878
        ],
        "details": {
          "description": "",
          "name": "",
          "images": []
        }
      }
    },
    {
      "type": "Feature",
      "geometry": {
        "type": "Polygon",
        "coordinates": [
          [
            [
              2.784046676296213,
              48.8548297724239
            ],
            [
              2.7839946862477447,
              48.85457078331937
            ],
            [
              2.7839136214078493,
              48.85446761755921
            ],
            [
              2.7836619390971378,
              48.85419044430711
            ],
            [
              2.7835651020176324,
              48.854228810560876
            ],
            [
              2.7835362612061267,
              48.85418702475988
            ],
            [
              2.7836567225430064,
              48.854177489304945
            ],
            [
              2.7836292811148953,
              48.85402694910346
            ],
            [
              2.783368470778441,
              48.854048758571665
            ],
            [
              2.7833652848166435,
              48.85403433262139
            ],
            [
              2.7830058515626885,
              48.8540618204316
            ],
            [
              2.783056081293426,
              48.85428983953195
            ],
            [
              2.7837773031702904,
              48.85478786869453
            ],
            [
              2.7839719157855156,
              48.854893908396704
            ],
            [
              2.784046676296213,
              48.8548297724239
            ]
          ]
        ]
      },
      "properties": {
        "id": "s_5d65f786ce6c433ef500007c",
        "externalId": "POLY-CVNJZUSA",
        "destinationNodes": [],
        "center": [
          2.7836106569526864,
          48.85434252997046
        ],
        "details": {
          "description": "",
          "name": "",
          "images": []
        }
      }
    },
    {
      "type": "Feature",
      "geometry": {
        "type": "Polygon",
        "coordinates": [
          [
            [
              2.784790533582395,
              48.85268763582774
            ],
            [
              2.7847768354400464,
              48.85262035871769
            ],
            [
              2.7847399722767947,
              48.85262344301005
            ],
            [
              2.7847023647478735,
              48.852439087935636
            ],
            [
              2.7844759687504896,
              48.852458531492694
            ],
            [
              2.7843856892795604,
              48.852452508552446
            ],
            [
              2.7843872088539383,
              48.85244450317551
            ],
            [
              2.783965717201183,
              48.85241698224585
            ],
            [
              2.783599375830574,
              48.85245060623697
            ],
            [
              2.783605119636884,
              48.85247812045785
            ],
            [
              2.783333124012298,
              48.85250213174333
            ],
            [
              2.78341477737726,
              48.852892688012375
            ],
            [
              2.7834679744279867,
              48.8528878585569
            ],
            [
              2.783515351727092,
              48.85311405564518
            ],
            [
              2.7835231845607584,
              48.85311338312398
            ],
            [
              2.7835840142605908,
              48.85340266700735
            ],
            [
              2.78382749286043,
              48.853380584785874
            ],
            [
              2.783781569789888,
              48.85315774053666
            ],
            [
              2.783829804513101,
              48.85315381169634
            ],
            [
              2.7838755316129804,
              48.85339236081516
            ],
            [
              2.7836080508402814,
              48.85341657943834
            ],
            [
              2.7837001276349373,
              48.85385559509693
            ],
            [
              2.783739101129706,
              48.85385212180961
            ],
            [
              2.7837846080550945,
              48.8540697168426
            ],
            [
              2.783803392878573,
              48.854068012348584
            ],
            [
              2.7838249804323207,
              48.85417210954008
            ],
            [
              2.7841152774910953,
              48.854520673353555
            ],
            [
              2.7841293034025143,
              48.85451576964464
            ],
            [
              2.7841716339733287,
              48.85486730031954
            ],
            [
              2.784135240057274,
              48.854932079386245
            ],
            [
              2.7843374318154432,
              48.85498264036548
            ],
            [
              2.784407214970101,
              48.85485589190454
            ],
            [
              2.7845013730989367,
              48.85485082040231
            ],
            [
              2.7844796188163174,
              48.854671743416404
            ],
            [
              2.7844363626328037,
              48.85433184437861
            ],
            [
              2.7843592189674142,
              48.85421693398376
            ],
            [
              2.7842368386803242,
              48.85409478599439
            ],
            [
              2.7841995321863364,
              48.853899321341764
            ],
            [
              2.784293125737869,
              48.85389081022948
            ],
            [
              2.7842421991969433,
              48.853626154334016
            ],
            [
              2.78417077705485,
              48.853631697354075
            ],
            [
              2.7840677467416373,
              48.85306556609425
            ],
            [
              2.7840077656171704,
              48.85279844779093
            ],
            [
              2.7846084143889023,
              48.852742130161104
            ],
            [
              2.784600581121499,
              48.85270458077662
            ],
            [
              2.784790533582395,
              48.85268763582774
            ]
          ]
        ]
      },
      "properties": {
        "id": "s_5d65f786ce6c433ef500007d",
        "externalId": "POLY-KCY91XPR",
        "destinationNodes": [],
        "center": [
          2.7840787006147507,
          48.85348227524185
        ],
        "details": {
          "description": "",
          "name": "",
          "images": []
        }
      }
    },
    {
      "type": "Feature",
      "geometry": {
        "type": "Polygon",
        "coordinates": [
          [
            [
              2.7835620874614224,
              48.853932129301306
            ],
            [
              2.7834265279648176,
              48.85326958605384
            ],
            [
              2.783367129484022,
              48.85327483149064
            ],
            [
              2.7833242118807204,
              48.85305527940437
            ],
            [
              2.782685729438912,
              48.853112039314105
            ],
            [
              2.782726984143954,
              48.85331803712309
            ],
            [
              2.782943963928136,
              48.85375813776258
            ],
            [
              2.782989335644728,
              48.85398086825757
            ],
            [
              2.7835620874614224,
              48.853932129301306
            ]
          ]
        ]
      },
      "properties": {
        "id": "s_5d65f786ce6c433ef500007e",
        "externalId": "POLY-HYI5W13W",
        "destinationNodes": [],
        "center": [
          2.783128246243339,
          48.85346261358844
        ],
        "details": {
          "description": "",
          "name": "",
          "images": []
        }
      }
    },
    {
      "type": "Feature",
      "geometry": {
        "type": "Polygon",
        "coordinates": [
          [
            [
              2.7833108106173814,
              48.85295879174496
            ],
            [
              2.783276442472948,
              48.85279120733895
            ],
            [
              2.783248532742657,
              48.85279359271076
            ],
            [
              2.7831649994906362,
              48.852386330439934
            ],
            [
              2.783021796340096,
              48.85230743980289
            ],
            [
              2.7828804251075896,
              48.85241139196797
            ],
            [
              2.7828495318733877,
              48.85241396802057
            ],
            [
              2.7828210975546352,
              48.852272841746796
            ],
            [
              2.782550968052534,
              48.852294621202574
            ],
            [
              2.7826477346705025,
              48.852824401929055
            ],
            [
              2.7826865234193736,
              48.85302430505684
            ],
            [
              2.783107045442426,
              48.8529901289677
            ],
            [
              2.78310421650055,
              48.85297621078122
            ],
            [
              2.7833108106173814,
              48.85295879174496
            ]
          ]
        ]
      },
      "properties": {
        "id": "s_5d65f786ce6c433ef500007f",
        "externalId": "POLY-SBQ0Z1NP",
        "destinationNodes": [],
        "center": [
          2.782974624944978,
          48.85264963320848
        ],
        "details": {
          "description": "",
          "name": "",
          "images": []
        }
      }
    },
    {
      "type": "Feature",
      "geometry": {
        "type": "Polygon",
        "coordinates": [
          [
            [
              2.785705295763983,
              48.85208896217659
            ],
            [
              2.785540083446584,
              48.852002891064814
            ],
            [
              2.7854915173043717,
              48.851977849260706
            ],
            [
              2.7854647257152547,
              48.85197992497832
            ],
            [
              2.785466741179493,
              48.85199696703262
            ],
            [
              2.7855166225287995,
              48.852022376973345
            ],
            [
              2.7848077018512574,
              48.85207264711002
            ],
            [
              2.7848032483151206,
              48.85204758414508
            ],
            [
              2.7844229530813083,
              48.8520764749697
            ],
            [
              2.78435819376345,
              48.852044447426685
            ],
            [
              2.784344278846421,
              48.85197117948429
            ],
            [
              2.7831434625341784,
              48.8520664426319
            ],
            [
              2.783053789840385,
              48.85216341477592
            ],
            [
              2.7830806191960535,
              48.85227177665004
            ],
            [
              2.783215043659209,
              48.85235166697803
            ],
            [
              2.7834079356283477,
              48.85233467940974
            ],
            [
              2.7834103660376237,
              48.85235124677153
            ],
            [
              2.783507715578028,
              48.85234284628062
            ],
            [
              2.783511921031538,
              48.85236345037155
            ],
            [
              2.7838873025491537,
              48.85233050862403
            ],
            [
              2.7838878656170425,
              48.852333175755064
            ],
            [
              2.7839742195382273,
              48.85232544732891
            ],
            [
              2.7841704877738978,
              48.8523376907401
            ],
            [
              2.7841687319074575,
              48.852346629648736
            ],
            [
              2.7844822114017918,
              48.8523679968151
            ],
            [
              2.784483748786968,
              48.85237426027893
            ],
            [
              2.7846735266033167,
              48.852357282400696
            ],
            [
              2.784668635841819,
              48.85233348429841
            ],
            [
              2.7849890086055145,
              48.852304898409564
            ],
            [
              2.7849981183652934,
              48.852348195819474
            ],
            [
              2.7854254272474925,
              48.85231044118106
            ],
            [
              2.7854190233271408,
              48.85227947917871
            ],
            [
              2.785487128655575,
              48.852274278930686
            ],
            [
              2.785705295763983,
              48.85208896217659
            ]
          ]
        ]
      },
      "properties": {
        "id": "s_5d65f786ce6c433ef5000080",
        "externalId": "POLY-O5Y1QJL7",
        "destinationNodes": [],
        "center": [
          2.7844535651976394,
          48.85221668478488
        ],
        "details": {
          "description": "",
          "name": "",
          "images": []
        }
      }
    },
    {
      "type": "Feature",
      "geometry": {
        "type": "Polygon",
        "coordinates": [
          [
            [
              2.786278301377531,
              48.852207283226605
            ],
            [
              2.786128765362083,
              48.852133190608434
            ],
            [
              2.7857247661172253,
              48.851927092266614
            ],
            [
              2.785701102036454,
              48.85194795067567
            ],
            [
              2.785659561934601,
              48.851926968372325
            ],
            [
              2.7856115614857404,
              48.85196867568869
            ],
            [
              2.785853492542163,
              48.85209211060994
            ],
            [
              2.7855499964801016,
              48.85235738825838
            ],
            [
              2.7856160024169974,
              48.85239032508697
            ],
            [
              2.785579450309664,
              48.852421342187824
            ],
            [
              2.7855300225528787,
              48.85242516188165
            ],
            [
              2.7855177834550444,
              48.85236593612108
            ],
            [
              2.7850123315888524,
              48.85241085918481
            ],
            [
              2.7850181421761055,
              48.85244120641521
            ],
            [
              2.7848159641292085,
              48.85245903304166
            ],
            [
              2.7848615515852133,
              48.852680815690015
            ],
            [
              2.784977228675841,
              48.852670698816674
            ],
            [
              2.7849994280835637,
              48.85277979244738
            ],
            [
              2.7854955055927775,
              48.85273937075749
            ],
            [
              2.7855469145632066,
              48.852727319825306
            ],
            [
              2.785593385283649,
              48.852714480103614
            ],
            [
              2.785634989458269,
              48.852701240463695
            ],
            [
              2.785671807327107,
              48.85268803606029
            ],
            [
              2.7857039116796494,
              48.85267525529208
            ],
            [
              2.7857314045971537,
              48.85266333118581
            ],
            [
              2.7857543393826854,
              48.85265268603202
            ],
            [
              2.785772837114102,
              48.85264370359987
            ],
            [
              2.785801045354673,
              48.85262513136793
            ],
            [
              2.785850320108315,
              48.8525878637189
            ],
            [
              2.7859151104341238,
              48.85253609604134
            ],
            [
              2.7860691118815906,
              48.85240593377073
            ],
            [
              2.786147271036361,
              48.852335958751915
            ],
            [
              2.7862188435735047,
              48.852268338505276
            ],
            [
              2.786278301377531,
              48.852207283226605
            ]
          ]
        ]
      },
      "properties": {
        "id": "s_5d65f786ce6c433ef5000081",
        "externalId": "POLY-PSBGDRYX",
        "destinationNodes": [],
        "center": [
          2.7856164318089824,
          48.85244153260776
        ],
        "details": {
          "description": "",
          "name": "",
          "images": []
        }
      }
    },
    {
      "type": "Feature",
      "geometry": {
        "type": "Polygon",
        "coordinates": [
          [
            [
              2.784150014426769,
              48.8546882914517
            ],
            [
              2.7841716339733287,
              48.85486730031954
            ],
            [
              2.7841352990534665,
              48.85493213788875
            ],
            [
              2.784337538079944,
              48.854982695017796
            ],
            [
              2.784407214970101,
              48.85485589190454
            ],
            [
              2.784501360598688,
              48.85485088461149
            ],
            [
              2.7844796188163174,
              48.854671743416404
            ],
            [
              2.7845013730989367,
              48.85485082040231
            ],
            [
              2.7844796188163174,
              48.854671743416404
            ],
            [
              2.784150014426769,
              48.8546882914517
            ]
          ]
        ]
      },
      "properties": {
        "id": "s_5d673ebace6c4366970001db",
        "externalId": "POLY-DS32NPYL",
        "destinationNodes": [
          "n_5d5f890e797f7a3e340000d2"
        ],
        "center": [
          2.784351519092652,
          48.85481905649211
        ],
        "details": {
          "description": "",
          "name": "",
          "images": []
        }
      }
    },
    {
      "type": "Feature",
      "geometry": {
        "type": "Polygon",
        "coordinates": [
          [
            [
              2.7829693574966234,
              48.85300135427732
            ],
            [
              2.78293093137342,
              48.852800696865344
            ],
            [
              2.7827438143032945,
              48.852816359666846
            ],
            [
              2.782781267950865,
              48.85301657513352
            ],
            [
              2.7829693574966234,
              48.85300135427732
            ]
          ]
        ]
      },
      "properties": {
        "id": "s_5d7fe5375d99b83950000003",
        "externalId": "unit14",
        "destinationNodes": [
          "n_5d5f890e797f7a3e340000a5"
        ],
        "center": [
          2.782856342781051,
          48.85290874648576
        ],
        "details": {
          "description": "The jeans brand known for both its innovative fit and ground-breaking advertising campaigns, which launched the international careers of the likes of Kate Moss and Mark Wahlberg. Klein could be credited with inventing the designer jeans craze in the 1970s by putting his name on the back pocket.",
          "name": "Calvin Klein",
          "images": [
            {
              "url": "https://cdn.mappedin.com/5d370a26da8c166f3647e3ce/f0b8d03adf980c2408b2ccc62e5f24d950e9b8c0.svg",
              "altText": "Logo for Calvin Klein"
            }
          ]
        }
      }
    },
    {
      "type": "Feature",
      "geometry": {
        "type": "Polygon",
        "coordinates": [
          [
            [
              2.782781267950865,
              48.85301657513352
            ],
            [
              2.7827438143032945,
              48.852816359666846
            ],
            [
              2.7826477345688176,
              48.85282440201442
            ],
            [
              2.782686488685637,
              48.85302424484937
            ],
            [
              2.782781267950865,
              48.85301657513352
            ]
          ]
        ]
      },
      "properties": {
        "id": "s_5d7fe5375d99b83950000004",
        "externalId": "unit15",
        "destinationNodes": [
          "n_5d7fe5855d99b83950000005"
        ],
        "center": [
          2.7827148263771537,
          48.85292039541604
        ],
        "details": {
          "description": "Bronx-born Klein started out with a coat shop in the York Hotel in New York City in the 1960s but by the early 70s, he was producing menswear, womenswear and award-winning underwear collections. A household name today, some would say you’re not properly dressed unless you’re wearing Calvin Klein underwear, sporting the distinctive logo.",
          "name": "Calvin Klein Underwear",
          "images": [
            {
              "url": "https://cdn.mappedin.com/5d370a26da8c166f3647e3ce/b515783bdf22e286ea4fcc11e3cbc497efaa14ad.svg",
              "altText": "Logo for Calvin Klein Underwear"
            }
          ]
        }
      }
    },
    {
      "type": "Feature",
      "geometry": {
        "type": "Polygon",
        "coordinates": [
          [
            [
              2.783450487118919,
              48.8543789333703
            ],
            [
              2.7835209057655423,
              48.854456726598436
            ],
            [
              2.7835844332565265,
              48.85443084238888
            ],
            [
              2.7836371225298966,
              48.854491759544715
            ],
            [
              2.783693390849504,
              48.85455649074902
            ],
            [
              2.7839157697721917,
              48.85447062335323
            ],
            [
              2.7839132787742598,
              48.85446751086157
            ],
            [
              2.7838564093664044,
              48.854404719903044
            ],
            [
              2.7837334589058984,
              48.85426946617921
            ],
            [
              2.783450487118919,
              48.8543789333703
            ]
          ]
        ]
      },
      "properties": {
        "id": "s_5d7fe6c65d99b83950000006",
        "externalId": "unit40-41-42",
        "destinationNodes": [
          "n_5d7fe6ef5d99b83950000007"
        ],
        "center": [
          2.7837005840376827,
          48.85443634143872
        ],
        "details": {
          "description": "Since 1913, Prada is synonymous of an unmistakable style which has always anticipated, and often oriented, new trends in all fields. \nCollections: Womenswear, Menswear, Accessoiries, Miu Miu",
          "name": "Prada",
          "images": [
            {
              "url": "https://cdn.mappedin.com/5d370a26da8c166f3647e3ce/6af9c407543634fe141702b7c4b538c056435526.svg",
              "altText": "Logo for Prada"
            }
          ]
        }
      }
    },
    {
      "type": "Feature",
      "geometry": {
        "type": "Polygon",
        "coordinates": [
          [
            [
              2.7858534957577543,
              48.85209199986862
            ],
            [
              2.7856727223731568,
              48.85225008020195
            ],
            [
              2.7857791202540363,
              48.85230465874225
            ],
            [
              2.7857399230042525,
              48.85233900907726
            ],
            [
              2.785814364522462,
              48.85237753235288
            ],
            [
              2.7857872956008753,
              48.85240098046934
            ],
            [
              2.7858347903526455,
              48.85242462537933
            ],
            [
              2.785965583365887,
              48.8523086941305
            ],
            [
              2.7859402757747627,
              48.85229620785843
            ],
            [
              2.786066575181348,
              48.85218710016711
            ],
            [
              2.786128776575447,
              48.852133252692965
            ],
            [
              2.785933015012584,
              48.852033300911685
            ],
            [
              2.7858689173209497,
              48.852088561122734
            ],
            [
              2.7858606457164514,
              48.85209568645723
            ],
            [
              2.7858534957577543,
              48.85209199986862
            ]
          ]
        ]
      },
      "properties": {
        "id": "s_5d7fe7c45d99b83950000008",
        "externalId": "unit110-111-112",
        "destinationNodes": [
          "n_5d5f8d57797f7a3e34000121",
          "n_5d5f890e797f7a3e340000ce"
        ],
        "center": [
          2.785874678629472,
          48.85223797781659
        ],
        "details": {
          "description": "Life is a beautiful sport\nLacoste was born with a simple action. In 1933, tennis champion René Lacoste cut the sleeves off his shirt to gain ease of movement on the court. The polo came into being, the crocodile too. Behind the simplicity of the gesture is innovation. Ever since, Lacoste reinvents itself with each collection. Between technical performance, minimal style and French elegance: Silhouettes in perfect balance.",
          "name": "Lacoste",
          "images": [
            {
              "url": "https://cdn.mappedin.com/5d370a26da8c166f3647e3ce/8a28c08ad52a95a55e969e5908045a717b0fe1b2.svg",
              "altText": "Logo for Lacoste"
            }
          ]
        }
      }
    },
    {
      "type": "Feature",
      "geometry": {
        "type": "Polygon",
        "coordinates": [
          [
            [
              2.784632971792607,
              48.85216057933269
            ],
            [
              2.784627025068931,
              48.85216110330676
            ],
            [
              2.78462107834513,
              48.85216162728056
            ],
            [
              2.784609184897155,
              48.852162675227206
            ],
            [
              2.78458539799971,
              48.85216477111684
            ],
            [
              2.7845378241988468,
              48.85216896288142
            ],
            [
              2.7844426765732204,
              48.852177346351866
            ],
            [
              2.784483031627493,
              48.85236633897324
            ],
            [
              2.784484678572077,
              48.85237267245521
            ],
            [
              2.784576609730139,
              48.85236438805034
            ],
            [
              2.7846744448969267,
              48.85235563228081
            ],
            [
              2.784632971792607,
              48.85216057933269
            ]
          ]
        ]
      },
      "properties": {
        "id": "s_5e42d8eb225606491f0001d5",
        "externalId": "unit85-86",
        "destinationNodes": [],
        "center": [
          2.784570447609294,
          48.852237827023366
        ],
        "details": {
          "description": "Moncler is synonymous with quality outerwear and most famous for its celebrated down jackets. The skiwear brand’s name comes from Monastier de Clermont, a mountain village near Grenoble, France where, in 1952, Réné Ramillon created the down jacket to keep his factory workers warm. Today, Moncler combines technical expertise and quality with style to produce clothes that are suited as much to the mountains as the city.",
          "name": "Moncler",
          "images": [
            {
              "url": "https://cdn.mappedin.com/5d370a26da8c166f3647e3ce/9def1c1baca5ac19be178b2902a07c78093e8758.svg",
              "altText": "Logo for Moncler"
            }
          ]
        }
      }
    },
    {
      "type": "Feature",
      "geometry": {
        "type": "Polygon",
        "coordinates": [
          [
            [
              2.7840379396711445,
              48.85478589330124
            ],
            [
              2.7840297823408022,
              48.85474554718977
            ],
            [
              2.7838431412704754,
              48.85476139003738
            ],
            [
              2.783851194691209,
              48.85480182328757
            ],
            [
              2.7840379396711445,
              48.85478589330124
            ]
          ]
        ]
      },
      "properties": {
        "id": "s_5e4bb5dade29677a800001d3",
        "externalId": "unit46a",
        "destinationNodes": [
          "n_69aaf452df5dffb56500fc0f"
        ],
        "center": [
          2.7839405144934077,
          48.854773663454
        ],
        "details": {
          "description": "An innovative fashion house as singular today as when it was founded in 1966, Rabanne \nstands out for unifying an avant-garde vision with modern values. Since the earliest \ncollections through the 1960s and ‘70s, the Paris-based brand has explored ideas \nof radical craft—from the use of metal mesh as fabric that contours the body, \nto assemblages of unconventional materials that create kinetic silhouettess.",
          "name": "Rabanne",
          "images": [
            {
              "url": "https://cdn.mappedin.com/5d370a26da8c166f3647e3ce/97f31e52948ba47a9e5cb5553d02799175926c25.svg",
              "altText": "Logo for Rabanne"
            }
          ]
        }
      }
    },
    {
      "type": "Feature",
      "geometry": {
        "type": "Polygon",
        "coordinates": [
          [
            [
              2.78285270756911,
              48.85241273676272
            ],
            [
              2.782867163762964,
              48.85241315983639
            ],
            [
              2.782883695138619,
              48.85241184047675
            ],
            [
              2.7830219107934937,
              48.85231014274034
            ],
            [
              2.7830832015164693,
              48.85227213798786
            ],
            [
              2.7830576757739416,
              48.85216616355782
            ],
            [
              2.783144364703073,
              48.852070943230814
            ],
            [
              2.7826696811419747,
              48.85210882783028
            ],
            [
              2.7826632452167486,
              48.85215191538697
            ],
            [
              2.782645536058911,
              48.85217934611124
            ],
            [
              2.782616270162022,
              48.85221558320432
            ],
            [
              2.7825836751635755,
              48.85224025988591
            ],
            [
              2.7825990315216536,
              48.85229106912097
            ],
            [
              2.782822491011491,
              48.85227481203544
            ],
            [
              2.78285270756911,
              48.85241273676272
            ]
          ]
        ]
      },
      "properties": {
        "id": "s_62a05853c270a3bf0f6f3f89",
        "externalId": "unit001",
        "destinationNodes": [],
        "center": [
          2.7828221892524327,
          48.85225135272628
        ],
        "details": {
          "name": "La Verrière",
          "images": []
        }
      }
    },
    {
      "type": "Feature",
      "geometry": {
        "type": "Polygon",
        "coordinates": [
          [
            [
              2.7861662600374753,
              48.852078283461964
            ],
            [
              2.786141473513815,
              48.85206581788595
            ],
            [
              2.786036590184094,
              48.85200967004867
            ],
            [
              2.7859996841948966,
              48.85199159990905
            ],
            [
              2.7859480785758883,
              48.852039187050885
            ],
            [
              2.786072265399495,
              48.85210219008524
            ],
            [
              2.786125316553941,
              48.85212924679418
            ],
            [
              2.7861555123804345,
              48.852103635008234
            ],
            [
              2.7861780329584303,
              48.85208448938111
            ],
            [
              2.7861662600374753,
              48.852078283461964
            ]
          ]
        ]
      },
      "properties": {
        "id": "s_655f743542646553f4311e8b",
        "externalId": "unit127",
        "destinationNodes": [],
        "center": [
          2.7860914681998303,
          48.8520671244028
        ],
        "details": {
          "description": "",
          "name": "",
          "images": []
        }
      }
    },
    {
      "type": "Feature",
      "geometry": {
        "type": "Polygon",
        "coordinates": [
          [
            [
              2.7844062796579547,
              48.85449895983084
            ],
            [
              2.784400986356415,
              48.854420856895786
            ],
            [
              2.784129220650282,
              48.85451571303832
            ],
            [
              2.784181463232086,
              48.8545109618229
            ],
            [
              2.7844062796579547,
              48.85449895983084
            ]
          ]
        ]
      },
      "properties": {
        "id": "s_65734542140f1351eb6bb5e9",
        "externalId": "unit130",
        "destinationNodes": [],
        "center": [
          2.7842794874741843,
          48.854486622896964
        ],
        "details": {
          "description": "",
          "name": "",
          "images": []
        }
      }
    },
    {
      "type": "Feature",
      "geometry": {
        "type": "Polygon",
        "coordinates": [
          [
            [
              2.786006981350808,
              48.85199170693328
            ],
            [
              2.7860049063685755,
              48.85199344941499
            ],
            [
              2.7860056457651177,
              48.85199312759681
            ],
            [
              2.7858751630907777,
              48.85192840153218
            ],
            [
              2.785823557418548,
              48.851975988618456
            ],
            [
              2.785947743928683,
              48.852038991786536
            ],
            [
              2.7859500127887733,
              48.8520401433254
            ],
            [
              2.7860042145904145,
              48.8519940302684
            ],
            [
              2.785948879743832,
              48.85204049657082
            ],
            [
              2.786006981350808,
              48.85199170693328
            ]
          ]
        ]
      },
      "properties": {
        "id": "s_65dcbedd2fbadb2897ac40a3",
        "externalId": "unit128",
        "destinationNodes": [],
        "center": [
          2.785951900560614,
          48.85199959289409
        ],
        "details": {
          "description": "",
          "name": "",
          "images": []
        }
      }
    },
    {
      "type": "Feature",
      "geometry": {
        "type": "Polygon",
        "coordinates": [
          [
            [
              2.7847790843395375,
              48.85251190366972
            ],
            [
              2.784776087613467,
              48.85249863254405
            ],
            [
              2.7847657597964957,
              48.85244088186039
            ],
            [
              2.784760958319809,
              48.85242135176163
            ],
            [
              2.784703831590613,
              48.852428204404724
            ],
            [
              2.7847184673157197,
              48.85249495277379
            ],
            [
              2.7847246208243805,
              48.85252353372737
            ],
            [
              2.7847565022749423,
              48.852520571012036
            ],
            [
              2.784780310409911,
              48.85251834078029
            ],
            [
              2.7847790843395375,
              48.85251190366972
            ]
          ]
        ]
      },
      "properties": {
        "id": "s_663e496dff8fd81b6b67f927",
        "externalId": "p10",
        "destinationNodes": [
          "n_663e5106245a5f4ec0bb20a5"
        ],
        "center": [
          2.784751735831653,
          48.8524842636149
        ],
        "details": {
          "description": "",
          "name": "",
          "images": []
        }
      }
    },
    {
      "type": "Feature",
      "geometry": {
        "type": "Polygon",
        "coordinates": [
          [
            [
              2.783763011892048,
              48.85390904424165
            ],
            [
              2.784056004549878,
              48.85388168527183
            ],
            [
              2.7840440534457906,
              48.85382499805955
            ],
            [
              2.783750760813402,
              48.853850465213526
            ],
            [
              2.783763011892048,
              48.85390904424165
            ]
          ]
        ]
      },
      "properties": {
        "id": "s_6980af75a510476ca171e535",
        "externalId": "unit58c",
        "destinationNodes": [
          "n_69aaf49ddf5dffb56500fc10"
        ],
        "center": [
          2.7839034576752795,
          48.85386654819664
        ],
        "details": {
          "name": "Personal Shopping Suites",
          "images": [
            {
              "url": "https://cdn.mappedin.com/5d370a26da8c166f3647e3ce/f1a64c570fe878a387067ee4be9e41e6dc6fac14.png",
              "altText": "Logo for Personal Shopping Suites"
            }
          ]
        }
      }
    },
    {
      "type": "Feature",
      "geometry": {
        "type": "Point",
        "coordinates": [
          2.784569421847524,
          48.85234619770888
        ]
      },
      "properties": {
        "id": "s_970736a4975f0c52",
        "externalId": "unit85-86",
        "destinationNodes": [
          "n_5d5f890e797f7a3e3400008f"
        ],
        "kind": "poi",
        "details": {
          "description": "Moncler is synonymous with quality outerwear and most famous for its celebrated down jackets. The skiwear brand’s name comes from Monastier de Clermont, a mountain village near Grenoble, France where, in 1952, Réné Ramillon created the down jacket to keep his factory workers warm. Today, Moncler combines technical expertise and quality with style to produce clothes that are suited as much to the mountains as the city.",
          "images": [
            {
              "url": "https://cdn.mappedin.com/5d370a26da8c166f3647e3ce/9def1c1baca5ac19be178b2902a07c78093e8758.svg",
              "altText": "Logo for Moncler"
            }
          ],
          "name": "Moncler"
        }
      }
    },
    {
      "type": "Feature",
      "geometry": {
        "type": "Point",
        "coordinates": [
          2.7856489655012857,
          48.85195553477872
        ]
      },
      "properties": {
        "id": "s_4e6f7665eac2bc0a",
        "externalId": "unit126",
        "destinationNodes": [
          "n_5e4bf8262256067ae80000fe"
        ],
        "kind": "poi",
        "details": {
          "description": "Hands-Free Shopping Collection Point",
          "images": [
            {
              "url": "https://cdn.mappedin.com/5d370a26da8c166f3647e3ce/c3cb520830c0c0deb13797deed2a095514d77b00.png",
              "altText": "Logo for Concierge Services"
            }
          ],
          "name": "Concierge Services"
        }
      }
    },
    {
      "type": "Feature",
      "geometry": {
        "type": "Point",
        "coordinates": [
          2.7839510627888258,
          48.85503057170151
        ]
      },
      "properties": {
        "id": "s_5a40f534ff833d39",
        "destinationNodes": [
          "n_5ecbbc6fde29672a600002c3"
        ],
        "kind": "poi",
        "details": {
          "images": [],
          "name": "Vers RER"
        }
      }
    },
    {
      "type": "Feature",
      "geometry": {
        "type": "Point",
        "coordinates": [
          2.7829168795097226,
          48.852227858616544
        ]
      },
      "properties": {
        "id": "s_7a057da900237e61",
        "externalId": "unit001",
        "destinationNodes": [
          "n_629f73723f7ad3703c1b885a"
        ],
        "kind": "poi",
        "details": {
          "images": [
            {
              "url": "https://cdn.mappedin.com/5d370a26da8c166f3647e3ce/a0d6ebf3cc1b7570f88023e15a0528dc032d7f01.jpeg",
              "altText": "Logo for Le Jardin"
            }
          ],
          "name": "Le Jardin"
        }
      }
    },
    {
      "type": "Feature",
      "geometry": {
        "type": "Point",
        "coordinates": [
          2.7860678469833826,
          48.852057541680196
        ]
      },
      "properties": {
        "id": "s_8882b5230576f774",
        "externalId": "LOC-R99L2Q7P",
        "destinationNodes": [
          "n_5d5f8d52797f7a3e34000120"
        ],
        "kind": "poi",
        "details": {
          "images": [
            {
              "url": "https://cdn.mappedin.com/5d370a26da8c166f3647e3ce/1a944e22b33989bff19abdcd9718b702a6331c35.png",
              "altText": "Logo for Hands-Free Shopping Collection Point"
            }
          ],
          "name": "Hands-Free Shopping Collection Point"
        }
      }
    },
    {
      "type": "Feature",
      "geometry": {
        "type": "Point",
        "coordinates": [
          2.785539264378387,
          48.8519866834991
        ]
      },
      "properties": {
        "id": "s_087c149aa5ce05e9",
        "externalId": "LOC-02YZA98D",
        "destinationNodes": [
          "n_5ec296b2f84c726259000001"
        ],
        "kind": "poi",
        "details": {
          "images": [
            {
              "url": "https://cdn.mappedin.com/5d370a26da8c166f3647e3ce/15b62f609db5358a7a4235fa007a9845b6c08565.svg",
              "altText": "Logo for Valet Parking service"
            }
          ],
          "name": "Valet Parking service"
        }
      }
    },
    {
      "type": "Feature",
      "geometry": {
        "type": "Point",
        "coordinates": [
          2.785925843723484,
          48.851985359109236
        ]
      },
      "properties": {
        "id": "s_9823ce35d1b6d2d1",
        "externalId": "LOC-7CWGSA3L",
        "destinationNodes": [
          "n_65dcc27d2fbadb2897ac4196"
        ],
        "kind": "poi",
        "details": {
          "images": [
            {
              "url": "https://cdn.mappedin.com/5d370a26da8c166f3647e3ce/c9dfc1c6023770d42f01d323b1f67bbf20097f43.svg",
              "altText": "Logo for Luggage storage"
            }
          ],
          "name": "Luggage storage"
        }
      }
    }
  ]
}
