{
  "type": "FeatureCollection",
  "features": [
    {
      "type": "Feature",
      "properties": {
        "id": "f_5d6402089031f10012f04fdf",
        "externalId": "MAP-H8Q34ZQ8",
        "elevation": 0,
        "name": "Village",
        "shortName": "Village"
      },
      "geometry": {
        "type": "MultiPolygon",
        "coordinates": [
          [
            [
              [
                10.087895934041532,
                44.88421574766019
              ],
              [
                10.093229320901274,
                44.88268984528087
              ],
              [
                10.09323348354109,
                44.882696759057886
              ],
              [
                10.093354365725117,
                44.88266220356724
              ],
              [
                10.093350730704964,
                44.88265554453948
              ],
              [
                10.093591077516642,
                44.882587597018286
              ],
              [
                10.093654863269082,
                44.882706729373446
              ],
              [
                10.093701334147983,
                44.88278243344073
              ],
              [
                10.094485546962412,
                44.88420825868667
              ],
              [
                10.093595303614393,
                44.884476730031395
              ],
              [
                10.093498806983465,
                44.88431279134317
              ],
              [
                10.093423718235531,
                44.884183855558426
              ],
              [
                10.093442812085465,
                44.88417827062268
              ],
              [
                10.093402406323754,
                44.88410289792373
              ],
              [
                10.093393348944867,
                44.884105539704976
              ],
              [
                10.093366540702466,
                44.88405950560331
              ],
              [
                10.093385999087367,
                44.88405394548484
              ],
              [
                10.093225697926279,
                44.88378005802886
              ],
              [
                10.093204156589502,
                44.88374907373012
              ],
              [
                10.093179109305092,
                44.88372315453699
              ],
              [
                10.093150768909481,
                44.88370184380343
              ],
              [
                10.093119307184718,
                44.88368488037769
              ],
              [
                10.093085040430914,
                44.88367201646634
              ],
              [
                10.093048137837437,
                44.883663074642
              ],
              [
                10.093008831135123,
                44.883657900472926
              ],
              [
                10.092967246777135,
                44.88365630740777
              ],
              [
                10.092944068720458,
                44.883656910113764
              ],
              [
                10.09292025225857,
                44.88365849906484
              ],
              [
                10.09289599753385,
                44.88366106878802
              ],
              [
                10.092871333949832,
                44.88366460287931
              ],
              [
                10.092846329902423,
                44.883669038274796
              ],
              [
                10.092821037840853,
                44.88367436778086
              ],
              [
                10.092795483697566,
                44.88368055175856
              ],
              [
                10.09276983767443,
                44.883687536024276
              ],
              [
                10.091405722235688,
                44.884090448735954
              ],
              [
                10.091365321319891,
                44.8840203216262
              ],
              [
                10.09125542037601,
                44.884053432284794
              ],
              [
                10.091270536844972,
                44.88407905794144
              ],
              [
                10.091180627777213,
                44.884103821987566
              ],
              [
                10.09117654112999,
                44.8840968375183
              ],
              [
                10.091039137565563,
                44.88413959279315
              ],
              [
                10.09104342999945,
                44.88414699838717
              ],
              [
                10.0909525920892,
                44.8841737809724
              ],
              [
                10.090946078152317,
                44.88416204277867
              ],
              [
                10.090866530394404,
                44.88418548733506
              ],
              [
                10.090915848736,
                44.88427956485152
              ],
              [
                10.090196128350543,
                44.88448849070911
              ],
              [
                10.090195582142139,
                44.88449779058437
              ],
              [
                10.09019156249116,
                44.88451842636224
              ],
              [
                10.090183061243119,
                44.884541549470505
              ],
              [
                10.090168610633105,
                44.884566166627515
              ],
              [
                10.090146742893666,
                44.88459128454768
              ],
              [
                10.090115990256347,
                44.88461590878585
              ],
              [
                10.090074883303812,
                44.884639045478735
              ],
              [
                10.090021955919944,
                44.8846597019093
              ],
              [
                10.089966999917907,
                44.88467078570924
              ],
              [
                10.089915308063953,
                44.884674483628835
              ],
              [
                10.08986737257404,
                44.884672188849834
              ],
              [
                10.0898236872997,
                44.88466529570494
              ],
              [
                10.08978474690645,
                44.88465519736663
              ],
              [
                10.089751042776836,
                44.884643288185245
              ],
              [
                10.08972307037748,
                44.88463096074417
              ],
              [
                10.089714222794468,
                44.884626343090304
              ],
              [
                10.088936729956668,
                44.88485191337454
              ],
              [
                10.088929595180268,
                44.88483785460861
              ],
              [
                10.088851459350181,
                44.8848605932129
              ],
              [
                10.08885690573519,
                44.88486984779653
              ],
              [
                10.08878126555479,
                44.88489196107909
              ],
              [
                10.088777007481063,
                44.88488471576078
              ],
              [
                10.088685487774123,
                44.884911628068615
              ],
              [
                10.088717845077412,
                44.884967117317586
              ],
              [
                10.088516504704728,
                44.88502599584983
              ],
              [
                10.088530820159614,
                44.8850484929281
              ],
              [
                10.088377401538178,
                44.885090791925634
              ],
              [
                10.087895934041532,
                44.88421574766019
              ]
            ],
            [
              [
                10.089855556616516,
                44.884472777524024
              ],
              [
                10.089855596274655,
                44.884472845866945
              ],
              [
                10.089864950936057,
                44.88447014598508
              ],
              [
                10.089957642962393,
                44.88444281273931
              ],
              [
                10.089957427379856,
                44.88444244119793
              ],
              [
                10.089855556616516,
                44.884472777524024
              ]
            ]
          ],
          [
            [
              [
                10.087946410192071,
                44.88469374435716
              ],
              [
                10.087946723307507,
                44.88469088583086
              ],
              [
                10.087948374500973,
                44.88468730737616
              ],
              [
                10.087950373714452,
                44.88468515641318
              ],
              [
                10.087948318263372,
                44.88468040254616
              ],
              [
                10.087949950063443,
                44.884674443035124
              ],
              [
                10.087951610952768,
                44.88467205510854
              ],
              [
                10.087953945726653,
                44.8846699021901
              ],
              [
                10.087959969695062,
                44.88466678196625
              ],
              [
                10.087967017509275,
                44.88466556258088
              ],
              [
                10.087973746398225,
                44.88466648787122
              ],
              [
                10.087977425070756,
                44.88466432945715
              ],
              [
                10.087983795121628,
                44.88466239896812
              ],
              [
                10.087992869596585,
                44.88466259962537
              ],
              [
                10.088001636485213,
                44.88466613547959
              ],
              [
                10.088004006994078,
                44.88466826915817
              ],
              [
                10.088010059232841,
                44.88466872051952
              ],
              [
                10.088013429495081,
                44.88466989730536
              ],
              [
                10.088018499435574,
                44.88467344827617
              ],
              [
                10.088020535499648,
                44.88467582108561
              ],
              [
                10.088022258452295,
                44.88468105242153
              ],
              [
                10.088021945340667,
                44.884683910948034
              ],
              [
                10.088019298276949,
                44.88468892239101
              ],
              [
                10.088021690416914,
                44.88469391264347
              ],
              [
                10.088020058623725,
                44.88469987215553
              ],
              [
                10.08801639740816,
                44.8847041732883
              ],
              [
                10.08801138177357,
                44.88470728939174
              ],
              [
                10.088004672279263,
                44.88470874574327
              ],
              [
                10.088000976146459,
                44.884708760857535
              ],
              [
                10.087999646941357,
                44.88471067073468
              ],
              [
                10.087992960719152,
                44.884714984236446
              ],
              [
                10.08798725761696,
                44.88471619812477
              ],
              [
                10.087980872865236,
                44.88471622423231
              ],
              [
                10.087975822317375,
                44.88471505431615
              ],
              [
                10.087969407658429,
                44.88471150884188
              ],
              [
                10.087966357441436,
                44.884708425720945
              ],
              [
                10.087965336355479,
                44.88470676321779
              ],
              [
                10.087962312171454,
                44.88470677558329
              ],
              [
                10.087958609403188,
                44.884706076265935
              ],
              [
                10.08795523913995,
                44.88470489947848
              ],
              [
                10.087950169200589,
                44.884701348504876
              ],
              [
                10.087948133138514,
                44.884698975694185
              ],
              [
                10.087946410192071,
                44.88469374435716
              ]
            ]
          ],
          [
            [
              [
                10.088197511779812,
                44.885764930693824
              ],
              [
                10.088197824888592,
                44.885762072166834
              ],
              [
                10.088199476097179,
                44.88575849370853
              ],
              [
                10.088201475336104,
                44.885756342448296
              ],
              [
                10.088199419825987,
                44.88575158858579
              ],
              [
                10.088201051630415,
                44.88574562907117
              ],
              [
                10.088202712540241,
                44.885743241140936
              ],
              [
                10.088205047350586,
                44.88574108851025
              ],
              [
                10.088211071417543,
                44.885737968273205
              ],
              [
                10.088218119357673,
                44.8857367488724
              ],
              [
                10.088224848373601,
                44.88573767385749
              ],
              [
                10.088228527107574,
                44.88573551572585
              ],
              [
                10.088234897266249,
                44.88573358492999
              ],
              [
                10.088243971913451,
                44.88573378586021
              ],
              [
                10.088252738980774,
                44.8857373216952
              ],
              [
                10.088255109540713,
                44.885739455075715
              ],
              [
                10.088261161894172,
                44.88573990642618
              ],
              [
                10.08826453222431,
                44.88574108320464
              ],
              [
                10.088269602274723,
                44.88574463416434
              ],
              [
                10.088271638387075,
                44.88574700696931
              ],
              [
                10.088273361397022,
                44.885752238591934
              ],
              [
                10.088273048292049,
                44.88575509711913
              ],
              [
                10.088270401198558,
                44.885760108277424
              ],
              [
                10.088272793407231,
                44.88576509881512
              ],
              [
                10.088271161609683,
                44.88577105833076
              ],
              [
                10.088267500344726,
                44.885775359471566
              ],
              [
                10.088262484630347,
                44.88577847558599
              ],
              [
                10.088255775015071,
                44.88577993165936
              ],
              [
                10.088252078813504,
                44.88577994678171
              ],
              [
                10.088250749594378,
                44.88578185695465
              ],
              [
                10.088244063266506,
                44.885786170471086
              ],
              [
                10.088238360063414,
                44.885787384371916
              ],
              [
                10.088231975192908,
                44.88578741049342
              ],
              [
                10.088226924545888,
                44.885786240588345
              ],
              [
                10.088220509752007,
                44.88578269512815
              ],
              [
                10.088217459464747,
                44.885779612013906
              ],
              [
                10.088216438352513,
                44.88577794951298
              ],
              [
                10.08821341411223,
                44.88577796188509
              ],
              [
                10.088209711271958,
                44.88577726257586
              ],
              [
                10.088206340940818,
                44.88577608579579
              ],
              [
                10.088201270891538,
                44.8857725348333
              ],
              [
                10.088199234781186,
                44.88577016202708
              ],
              [
                10.088197511779812,
                44.885764930693824
              ]
            ]
          ],
          [
            [
              [
                10.08852505610615,
                44.88596355831942
              ],
              [
                10.088525369199715,
                44.885960699789145
              ],
              [
                10.088527020393624,
                44.88595712132611
              ],
              [
                10.088529019630585,
                44.885954970062535
              ],
              [
                10.088526964082934,
                44.88595021620593
              ],
              [
                10.088528595859062,
                44.885944256686635
              ],
              [
                10.088530256761024,
                44.88594186875167
              ],
              [
                10.088532591567175,
                44.88593971611431
              ],
              [
                10.088538615637162,
                44.885936595860045
              ],
              [
                10.088545663598047,
                44.88593537643904
              ],
              [
                10.088552392642457,
                44.885936301402545
              ],
              [
                10.088556071373501,
                44.88593414326278
              ],
              [
                10.08856244154654,
                44.88593221244868
              ],
              [
                10.08857151622622,
                44.885932413352975
              ],
              [
                10.088580283343951,
                44.885935949162906
              ],
              [
                10.088582653924226,
                44.88593808253665
              ],
              [
                10.088588706301131,
                44.885938533867424
              ],
              [
                10.08859207664961,
                44.88593971063625
              ],
              [
                10.08859714673775,
                44.88594326158145
              ],
              [
                10.088599182867286,
                44.885945634380626
              ],
              [
                10.088600905912973,
                44.885950865998325
              ],
              [
                10.088600592826577,
                44.88595372452877
              ],
              [
                10.088597945752461,
                44.88595873569225
              ],
              [
                10.088600337997834,
                44.88596372622549
              ],
              [
                10.088598706228586,
                44.8859696857458
              ],
              [
                10.088595044972124,
                44.88597398689707
              ],
              [
                10.08859002925815,
                44.88597710302346
              ],
              [
                10.088583319628016,
                44.885978559118406
              ],
              [
                10.088579623417132,
                44.8859785742513
              ],
              [
                10.088578294200934,
                44.885980484428046
              ],
              [
                10.088571607874538,
                44.88598479796359
              ],
              [
                10.088565904658667,
                44.88598601188073
              ],
              [
                10.088559519769621,
                44.88598603802048
              ],
              [
                10.088554469098499,
                44.885984868129825
              ],
              [
                10.088548054258917,
                44.88598132268799
              ],
              [
                10.08854500394693,
                44.88597823958244
              ],
              [
                10.088543982818344,
                44.88597657708446
              ],
              [
                10.088540958571047,
                44.885976589465194
              ],
              [
                10.088537255710644,
                44.88597589016657
              ],
              [
                10.088533885361167,
                44.88597471339613
              ],
              [
                10.08852881527416,
                44.885971162448136
              ],
              [
                10.088526779143264,
                44.88596878964773
              ],
              [
                10.08852505610615,
                44.88596355831942
              ]
            ]
          ],
          [
            [
              [
                10.088769841242808,
                44.88501123499216
              ],
              [
                10.088771266746198,
                44.88500695084066
              ],
              [
                10.088773553798182,
                44.88500287273121
              ],
              [
                10.088776657836096,
                44.88499907031354
              ],
              [
                10.088780535134543,
                44.88499561411021
              ],
              [
                10.08878514030999,
                44.88499257406477
              ],
              [
                10.088790428810045,
                44.88499001982928
              ],
              [
                10.08879635690277,
                44.884988021926254
              ],
              [
                10.088804598005138,
                44.88498643484986
              ],
              [
                10.088812866992116,
                44.88498605305146
              ],
              [
                10.088820945052017,
                44.8849868076649
              ],
              [
                10.0888286133775,
                44.88498862954063
              ],
              [
                10.088835652335717,
                44.88499145010408
              ],
              [
                10.088841843123816,
                44.88499520078445
              ],
              [
                10.088846966927314,
                44.88499981242999
              ],
              [
                10.08885080575622,
                44.88500521646184
              ],
              [
                10.088885267596783,
                44.88506902166709
              ],
              [
                10.088885646136127,
                44.885069286787406
              ],
              [
                10.088887682249982,
                44.885071659581435
              ],
              [
                10.088889229158035,
                44.885076356395146
              ],
              [
                10.089241650974444,
                44.88572885626065
              ],
              [
                10.089241787648048,
                44.88573875898233
              ],
              [
                10.089240361343952,
                44.88574304343354
              ],
              [
                10.08923807348514,
                44.885747122717625
              ],
              [
                10.089234966985888,
                44.88575092661032
              ],
              [
                10.089231085587619,
                44.88575438575311
              ],
              [
                10.089226474666061,
                44.88575743049024
              ],
              [
                10.089221177958995,
                44.885759990591644
              ],
              [
                10.089215238378943,
                44.88576199641171
              ],
              [
                10.089206997170665,
                44.885763582355665
              ],
              [
                10.089198728053164,
                44.88576396156573
              ],
              [
                10.08919064985207,
                44.885763204071694
              ],
              [
                10.089182981393872,
                44.88576137960575
              ],
              [
                10.08917594230681,
                44.88575855732073
              ],
              [
                10.089169751419492,
                44.88575480723701
              ],
              [
                10.089164626728978,
                44.88575019880704
              ],
              [
                10.089160787875462,
                44.88574480147171
              ],
              [
                10.088988380649951,
                44.88542621743509
              ],
              [
                10.088986765203817,
                44.8854243348849
              ],
              [
                10.088985837277054,
                44.88542151764364
              ],
              [
                10.088772121198721,
                44.88502660072109
              ],
              [
                10.088770372217455,
                44.88502251298127
              ],
              [
                10.088769841242808,
                44.88501123499216
              ]
            ]
          ],
          [
            [
              [
                10.08902266906466,
                44.88624911178728
              ],
              [
                10.089022982135068,
                44.88624625325805
              ],
              [
                10.089024633306217,
                44.88624267478783
              ],
              [
                10.089026631711127,
                44.88624052351895
              ],
              [
                10.089024576935508,
                44.88623576966788
              ],
              [
                10.089026208668178,
                44.88622981014153
              ],
              [
                10.089027869557725,
                44.886227422199326
              ],
              [
                10.089030204356822,
                44.88622526954945
              ],
              [
                10.089036228429743,
                44.88622214927141
              ],
              [
                10.0890432755917,
                44.886220929823196
              ],
              [
                10.08905000467752,
                44.886221854757444
              ],
              [
                10.089053684231514,
                44.88621969659834
              ],
              [
                10.08906005359611,
                44.88621776575996
              ],
              [
                10.089069129142558,
                44.88621796661909
              ],
              [
                10.0890778963344,
                44.88622150239095
              ],
              [
                10.089080266124919,
                44.88622363576014
              ],
              [
                10.089086319355774,
                44.88622408706128
              ],
              [
                10.089089689731164,
                44.88622526381546
              ],
              [
                10.089094759875195,
                44.886228814738644
              ],
              [
                10.089096796038726,
                44.886231187528956
              ],
              [
                10.089098519138226,
                44.88623641913917
              ],
              [
                10.089098206071627,
                44.886239277668615
              ],
              [
                10.089095558207745,
                44.886244288849326
              ],
              [
                10.089097951328167,
                44.886249279368805
              ],
              [
                10.089096319602378,
                44.88625523889621
              ],
              [
                10.08909265836829,
                44.88625954006098
              ],
              [
                10.089087642656397,
                44.88626265621153
              ],
              [
                10.089080933005555,
                44.88626411233561
              ],
              [
                10.089077235953091,
                44.886264127487934
              ],
              [
                10.089075907570182,
                44.88626603766709
              ],
              [
                10.08906922124789,
                44.886270351229285
              ],
              [
                10.08906351801421,
                44.8862715651712
              ],
              [
                10.089057132270336,
                44.88627159134206
              ],
              [
                10.089052081564018,
                44.88627042147333
              ],
              [
                10.08904566748528,
                44.88626687605598
              ],
              [
                10.089042617128134,
                44.88626379296607
              ],
              [
                10.089041595983437,
                44.88626213047013
              ],
              [
                10.089038570897877,
                44.88626214286737
              ],
              [
                10.089034868836421,
                44.88626144358384
              ],
              [
                10.089031498460034,
                44.88626026682805
              ],
              [
                10.089026428317137,
                44.886256715902064
              ],
              [
                10.089024392155604,
                44.886254343110494
              ],
              [
                10.08902266906466,
                44.88624911178728
              ]
            ]
          ],
          [
            [
              [
                10.08988566038409,
                44.885696911425974
              ],
              [
                10.089885973408592,
                44.885694052891985
              ],
              [
                10.089887624510206,
                44.885690474409344
              ],
              [
                10.089889623687016,
                44.88568832312204
              ],
              [
                10.089887568036454,
                44.88568356928983
              ],
              [
                10.089889199664063,
                44.885677609751184
              ],
              [
                10.089890860501843,
                44.88567522179649
              ],
              [
                10.089893195246255,
                44.885673069131414
              ],
              [
                10.089899219214518,
                44.88566994880563
              ],
              [
                10.089906267113887,
                44.885668729300946
              ],
              [
                10.089912996148982,
                44.88566965418453
              ],
              [
                10.08991667481193,
                44.88566749600109
              ],
              [
                10.089923044909767,
                44.88566556511137
              ],
              [
                10.089932119552135,
                44.8856657659079
              ],
              [
                10.089940886712855,
                44.88566930161373
              ],
              [
                10.0899432573326,
                44.885671434959306
              ],
              [
                10.089949309692123,
                44.88567188621824
              ],
              [
                10.089952680052814,
                44.885673062947035
              ],
              [
                10.089957750201439,
                44.88567661383203
              ],
              [
                10.089959786377657,
                44.88567898660703
              ],
              [
                10.089961509539096,
                44.88568421820426
              ],
              [
                10.089961196521763,
                44.88568707673843
              ],
              [
                10.089958549578446,
                44.88569208793333
              ],
              [
                10.089960941930768,
                44.88569707843817
              ],
              [
                10.089959310310043,
                44.88570303797785
              ],
              [
                10.08995564917228,
                44.88570733917258
              ],
              [
                10.089950633555263,
                44.88571045535853
              ],
              [
                10.089943923990674,
                44.88571191153312
              ],
              [
                10.089940227797282,
                44.885711926709924
              ],
              [
                10.089938898632427,
                44.88571383690246
              ],
              [
                10.08993221243905,
                44.885718150517384
              ],
              [
                10.08992650927833,
                44.885719364502236
              ],
              [
                10.089920124419502,
                44.8857193907178
              ],
              [
                10.08991507374412,
                44.88571822088713
              ],
              [
                10.089908658850417,
                44.885714675521456
              ],
              [
                10.089905608479645,
                44.885711592452125
              ],
              [
                10.08990458731647,
                44.88570992996627
              ],
              [
                10.089901563083487,
                44.885709942382924
              ],
              [
                10.089897860223708,
                44.88570924312827
              ],
              [
                10.089894489862022,
                44.88570806639786
              ],
              [
                10.08988941971453,
                44.88570451551006
              ],
              [
                10.089887383536947,
                44.88570214273382
              ],
              [
                10.08988566038409,
                44.885696911425974
              ]
            ]
          ],
          [
            [
              [
                10.090645399340195,
                44.88586647094379
              ],
              [
                10.090645712327865,
                44.885863612407725
              ],
              [
                10.090647363387085,
                44.88586003391414
              ],
              [
                10.090649362538011,
                44.8858578826136
              ],
              [
                10.090647306821964,
                44.885853128795
              ],
              [
                10.090648938375665,
                44.88584716924553
              ],
              [
                10.090650599186803,
                44.88584478127983
              ],
              [
                10.090652934729658,
                44.885842628595896
              ],
              [
                10.09065895785447,
                44.885839508233545
              ],
              [
                10.090666005755146,
                44.88583828868215
              ],
              [
                10.090672734822293,
                44.88583921352113
              ],
              [
                10.090676414290932,
                44.885837055309906
              ],
              [
                10.09068278355869,
                44.88583512438133
              ],
              [
                10.09069185905381,
                44.885835325114314
              ],
              [
                10.090700625463718,
                44.8858388607654
              ],
              [
                10.090702996118628,
                44.88584099409527
              ],
              [
                10.090709048501953,
                44.88584144531407
              ],
              [
                10.090712418888119,
                44.88584262202052
              ],
              [
                10.090717489098589,
                44.885846172871894
              ],
              [
                10.09071952531551,
                44.885848545633365
              ],
              [
                10.090721248551128,
                44.885853777219175
              ],
              [
                10.090720935567244,
                44.88585663575305
              ],
              [
                10.090718288682334,
                44.88586164696787
              ],
              [
                10.090720681927616,
                44.885866637453475
              ],
              [
                10.090719050380795,
                44.88587259700397
              ],
              [
                10.090715389292393,
                44.88587689822058
              ],
              [
                10.090710373701768,
                44.885880014442165
              ],
              [
                10.090703664136635,
                44.885881470661246
              ],
              [
                10.090699967109195,
                44.88588148586594
              ],
              [
                10.090698638789005,
                44.885883396063896
              ],
              [
                10.090691952632897,
                44.88588770972314
              ],
              [
                10.090686248651403,
                44.885888923749185
              ],
              [
                10.09067986377074,
                44.885888950007114
              ],
              [
                10.090674813065021,
                44.88588778020991
              ],
              [
                10.090668398928937,
                44.88588423488339
              ],
              [
                10.090665348508454,
                44.88588115183429
              ],
              [
                10.090664326500315,
                44.88587948935857
              ],
              [
                10.090661302255219,
                44.8858795017953
              ],
              [
                10.090657599378654,
                44.88587880256519
              ],
              [
                10.09065422899149,
                44.88587762585712
              ],
              [
                10.090649158782151,
                44.88587407500293
              ],
              [
                10.090647122567228,
                44.885871702240216
              ],
              [
                10.090645399340195,
                44.88586647094379
              ]
            ]
          ],
          [
            [
              [
                10.090990545535155,
                44.88539056498184
              ],
              [
                10.090990858503085,
                44.885387706444845
              ],
              [
                10.09099250952718,
                44.885384127946274
              ],
              [
                10.090994507832033,
                44.88538197664308
              ],
              [
                10.090992452921103,
                44.885377222827316
              ],
              [
                10.090994084425558,
                44.88537126327293
              ],
              [
                10.09099574520863,
                44.885368875302234
              ],
              [
                10.090998079899263,
                44.88536672261464
              ],
              [
                10.091004103775512,
                44.88536360223079
              ],
              [
                10.091011150793939,
                44.88536238266152
              ],
              [
                10.09101787981096,
                44.88536330748022
              ],
              [
                10.091021559232852,
                44.885361149257925
              ],
              [
                10.091027928439692,
                44.885359218310164
              ],
              [
                10.091037004677563,
                44.88535941901245
              ],
              [
                10.091045771036153,
                44.88536295463714
              ],
              [
                10.09104814086762,
                44.88536508796322
              ],
              [
                10.091054194020206,
                44.885365539160425
              ],
              [
                10.091057564385546,
                44.88536671585673
              ],
              [
                10.091062634575371,
                44.88537026669284
              ],
              [
                10.09106467078968,
                44.885372639448185
              ],
              [
                10.091066394042421,
                44.88537787102879
              ],
              [
                10.091066081078298,
                44.885380729565995
              ],
              [
                10.091063433428697,
                44.88538574078977
              ],
              [
                10.091065827504105,
                44.88539073126478
              ],
              [
                10.091064196006531,
                44.88539669082018
              ],
              [
                10.091060534150893,
                44.88540099205359
              ],
              [
                10.091055518620438,
                44.88540410828789
              ],
              [
                10.091048809119549,
                44.8854055645272
              ],
              [
                10.091045112122785,
                44.885405579743015
              ],
              [
                10.091043783825043,
                44.88540748994498
              ],
              [
                10.091037097750128,
                44.88541180362436
              ],
              [
                10.091031394643096,
                44.88541301766422
              ],
              [
                10.091025008995425,
                44.88541304394474
              ],
              [
                10.091019958324473,
                44.885411874162756
              ],
              [
                10.09101354422019,
                44.88540832885555
              ],
              [
                10.091010494626435,
                44.88540524581226
              ],
              [
                10.091009472616781,
                44.88540358333963
              ],
              [
                10.091006447580153,
                44.88540359578882
              ],
              [
                10.091002745546652,
                44.88540289656648
              ],
              [
                10.090999375180314,
                44.88540171986858
              ],
              [
                10.090994304991623,
                44.88539816902966
              ],
              [
                10.090992268779312,
                44.885395796273066
              ],
              [
                10.090990545535155,
                44.88539056498184
              ]
            ]
          ],
          [
            [
              [
                10.091209765847294,
                44.884329704747394
              ],
              [
                10.091211106531066,
                44.88432540667237
              ],
              [
                10.091213313617423,
                44.88432130675047
              ],
              [
                10.0912163425468,
                44.88431747376563
              ],
              [
                10.091220151241435,
                44.884313979975175
              ],
              [
                10.091224696793253,
                44.884310894732465
              ],
              [
                10.091229934647059,
                44.88430828856438
              ],
              [
                10.091235823545782,
                44.884306232560455
              ],
              [
                10.091244032644699,
                44.88430456463585
              ],
              [
                10.09125229264112,
                44.88430410102023
              ],
              [
                10.09126038475362,
                44.884304775761706
              ],
              [
                10.09126808690457,
                44.884306521759974
              ],
              [
                10.091275180305665,
                44.88430927306327
              ],
              [
                10.091281444514212,
                44.884312961981294
              ],
              [
                10.091286659109773,
                44.88431752314771
              ],
              [
                10.091290603652704,
                44.884322888877
              ],
              [
                10.09169561172145,
                44.885042606694526
              ],
              [
                10.091695942429833,
                44.8850525074533
              ],
              [
                10.091694600942981,
                44.88505680524688
              ],
              [
                10.091692393054654,
                44.88506090663389
              ],
              [
                10.09168936084747,
                44.885064740806776
              ],
              [
                10.091685549696978,
                44.885068238113604
              ],
              [
                10.09168099840595,
                44.88507132775797
              ],
              [
                10.091675752344269,
                44.885073939792655
              ],
              [
                10.091669851963008,
                44.88507600400497
              ],
              [
                10.091661642759199,
                44.88507767108862
              ],
              [
                10.091653382631133,
                44.885078131826475
              ],
              [
                10.091645290378981,
                44.885077453915
              ],
              [
                10.091637588089492,
                44.885075705034836
              ],
              [
                10.091630492927042,
                44.885072952598776
              ],
              [
                10.091624228613362,
                44.88506926370222
              ],
              [
                10.09161901395052,
                44.88506470632753
              ],
              [
                10.091615071024288,
                44.885059347288795
              ],
              [
                10.091212347346783,
                44.88434504651797
              ],
              [
                10.091210517946735,
                44.884340976006726
              ],
              [
                10.091209765847294,
                44.884329704747394
              ]
            ]
          ],
          [
            [
              [
                10.091730586757963,
                44.88525259869076
              ],
              [
                10.09173089968503,
                44.88524974015415
              ],
              [
                10.091732550659128,
                44.88524616164494
              ],
              [
                10.091734549751482,
                44.88524401032306
              ],
              [
                10.091732493964338,
                44.88523925652395
              ],
              [
                10.091734125388214,
                44.88523329695903
              ],
              [
                10.091735786136583,
                44.885230908977604
              ],
              [
                10.091738119973936,
                44.88522875627832
              ],
              [
                10.091744144615582,
                44.88522563585217
              ],
              [
                10.091751192421402,
                44.88522441623403
              ],
              [
                10.091757921434182,
                44.88522534100927
              ],
              [
                10.091761599179513,
                44.88522318276998
              ],
              [
                10.091767969986208,
                44.88522125177432
              ],
              [
                10.09177704456492,
                44.88522145242475
              ],
              [
                10.091785811771315,
                44.885224987989425
              ],
              [
                10.091788182441167,
                44.88522712129684
              ],
              [
                10.091794234768413,
                44.88522757245832
              ],
              [
                10.091797605140806,
                44.88522874913286
              ],
              [
                10.091802675364152,
                44.88523229993621
              ],
              [
                10.09180471160074,
                44.88523467267841
              ],
              [
                10.091806434916652,
                44.885239904247904
              ],
              [
                10.091806121993413,
                44.8852427627871
              ],
              [
                10.091803475231256,
                44.885247774024606
              ],
              [
                10.091805867725146,
                44.885252764490915
              ],
              [
                10.091804236308153,
                44.88525872405687
              ],
              [
                10.09180057451663,
                44.88526302531392
              ],
              [
                10.091795559038292,
                44.885266141580615
              ],
              [
                10.091788849572232,
                44.88526759786324
              ],
              [
                10.091785154227862,
                44.88526761309616
              ],
              [
                10.09178382431455,
                44.885269523313475
              ],
              [
                10.091777138311162,
                44.88527383703604
              ],
              [
                10.091771436053412,
                44.885275051109346
              ],
              [
                10.091765051244742,
                44.88527507742769
              ],
              [
                10.091760000570858,
                44.88527390767834
              ],
              [
                10.091753584793013,
                44.88527036241934
              ],
              [
                10.091750535166915,
                44.88526727939576
              ],
              [
                10.091749513958309,
                44.88526561692633
              ],
              [
                10.091746489749081,
                44.88526562939168
              ],
              [
                10.09174278689548,
                44.88526493019664
              ],
              [
                10.091739416522088,
                44.88526375352049
              ],
              [
                10.091734346299877,
                44.88526020271432
              ],
              [
                10.091732310065288,
                44.88525782997088
              ],
              [
                10.091730586757963,
                44.88525259869076
              ]
            ]
          ],
          [
            [
              [
                10.092356652438493,
                44.884999140323934
              ],
              [
                10.092356965333053,
                44.884996281783216
              ],
              [
                10.092358616260931,
                44.884992703264984
              ],
              [
                10.09236061532347,
                44.88499055222506
              ],
              [
                10.092358559493654,
                44.884985798437185
              ],
              [
                10.092360190845485,
                44.88497983886336
              ],
              [
                10.092361851560547,
                44.88497745087287
              ],
              [
                10.092364187005128,
                44.88497529786355
              ],
              [
                10.092370209942944,
                44.88497217741129
              ],
              [
                10.092377257704438,
                44.88497095775463
              ],
              [
                10.092383986700023,
                44.884971882783596
              ],
              [
                10.092387666046596,
                44.884969724226934
              ],
              [
                10.092394035163272,
                44.88496779349373
              ],
              [
                10.092403109701795,
                44.884967993804096
              ],
              [
                10.092411876908036,
                44.88497152932088
              ],
              [
                10.092414247593048,
                44.88497366290584
              ],
              [
                10.092420299898537,
                44.88497411403424
              ],
              [
                10.092423670268886,
                44.88497529069036
              ],
              [
                10.092428740508533,
                44.884978841466015
              ],
              [
                10.09243077676197,
                44.8849812141971
              ],
              [
                10.092432500124835,
                44.88498644546666
              ],
              [
                10.092432187234062,
                44.88498930400521
              ],
              [
                10.092429540540511,
                44.88499431555004
              ],
              [
                10.092431933075781,
                44.88499930571279
              ],
              [
                10.092430301730833,
                44.88500526528763
              ],
              [
                10.092426641642218,
                44.88500956655792
              ],
              [
                10.092421626219895,
                44.885012682852015
              ],
              [
                10.092414916801632,
                44.88501413946178
              ],
              [
                10.092411219833746,
                44.88501415472167
              ],
              [
                10.092409891584657,
                44.885016064648994
              ],
              [
                10.092403205657675,
                44.88502037840807
              ],
              [
                10.092397501798297,
                44.8850215925193
              ],
              [
                10.092391117018046,
                44.88502161887255
              ],
              [
                10.092386066353685,
                44.88502044915079
              ],
              [
                10.092379652208853,
                44.88501690392006
              ],
              [
                10.092376600919312,
                44.8850138209199
              ],
              [
                10.092375579697114,
                44.88501215845608
              ],
              [
                10.092372555501349,
                44.88501217093795
              ],
              [
                10.092368852656454,
                44.88501147176313
              ],
              [
                10.092365482285105,
                44.8850102951054
              ],
              [
                10.092360412046592,
                44.88500674432694
              ],
              [
                10.092358375795154,
                44.885004371594604
              ],
              [
                10.092356652438493,
                44.884999140323934
              ]
            ]
          ],
          [
            [
              [
                10.092638202658408,
                44.885328876284625
              ],
              [
                10.092638513904177,
                44.885326017752284
              ],
              [
                10.092640164824001,
                44.88532243922999
              ],
              [
                10.092642163881719,
                44.88532028789468
              ],
              [
                10.092640108020204,
                44.88531553411185
              ],
              [
                10.09264173935221,
                44.88530957453402
              ],
              [
                10.092643400065104,
                44.88530718653942
              ],
              [
                10.09264573551154,
                44.8853050338125
              ],
              [
                10.092651758471966,
                44.88530191334541
              ],
              [
                10.092658806264527,
                44.88530069367147
              ],
              [
                10.092665535300842,
                44.88530161839578
              ],
              [
                10.09266921466031,
                44.8852994601182
              ],
              [
                10.092675583801672,
                44.88529752908124
              ],
              [
                10.092684660038895,
                44.885297729650624
              ],
              [
                10.092693427309339,
                44.88530126514586
              ],
              [
                10.09269579637604,
                44.885303398443654
              ],
              [
                10.092701850358402,
                44.88530384955041
              ],
              [
                10.092705220753832,
                44.88530502619825
              ],
              [
                10.092710291039923,
                44.88530857696145
              ],
              [
                10.092712325680036,
                44.885310949694286
              ],
              [
                10.09271404908078,
                44.885316181250104
              ],
              [
                10.09271373783882,
                44.88531903978265
              ],
              [
                10.092711089512267,
                44.885324051050276
              ],
              [
                10.092713483731389,
                44.88532904148847
              ],
              [
                10.09271185240626,
                44.88533500106732
              ],
              [
                10.092708190677751,
                44.88533930235338
              ],
              [
                10.092703175241953,
                44.88534241866217
              ],
              [
                10.092696465789974,
                44.88534387499795
              ],
              [
                10.092692768797608,
                44.885343890266924
              ],
              [
                10.092691440555987,
                44.8853458004856
              ],
              [
                10.092684754611797,
                44.88535011426113
              ],
              [
                10.092679050725668,
                44.88535132838636
              ],
              [
                10.092672665905587,
                44.885351354755315
              ],
              [
                10.09266761520655,
                44.88535018504597
              ],
              [
                10.092661201007594,
                44.88534663983099
              ],
              [
                10.092658151328806,
                44.88534355683156
              ],
              [
                10.092657128452641,
                44.885341894377014
              ],
              [
                10.092654104236242,
                44.885341906866316
              ],
              [
                10.092650401370058,
                44.88534120770059
              ],
              [
                10.09264703097363,
                44.88534003105115
              ],
              [
                10.092641960688672,
                44.88533648028515
              ],
              [
                10.092639926050559,
                44.88533410755108
              ],
              [
                10.092638202658408,
                44.885328876284625
              ]
            ]
          ],
          [
            [
              [
                10.09302226701341,
                44.88481473486146
              ],
              [
                10.093022578237312,
                44.88481187632807
              ],
              [
                10.093024229118496,
                44.88480829780025
              ],
              [
                10.093026228144957,
                44.88480614616774
              ],
              [
                10.093024172266725,
                44.88480139239181
              ],
              [
                10.093025803544371,
                44.884795432808524
              ],
              [
                10.093027464226482,
                44.88479304480837
              ],
              [
                10.093029799640068,
                44.88479089236411
              ],
              [
                10.093035822525852,
                44.88478777187921
              ],
              [
                10.09304287025064,
                44.88478655218162
              ],
              [
                10.093049599230575,
                44.884787476590525
              ],
              [
                10.093053278541802,
                44.884785318593494
              ],
              [
                10.093059647614297,
                44.88478338724231
              ],
              [
                10.093068723770768,
                44.88478358807178
              ],
              [
                10.093077490989813,
                44.88478712353762
              ],
              [
                10.093079860047187,
                44.88478925653699
              ],
              [
                10.093085913975093,
                44.88478970762347
              ],
              [
                10.093089284348252,
                44.884790884260006
              ],
              [
                10.093094354612727,
                44.88479443500622
              ],
              [
                10.093096389250492,
                44.88479680773224
              ],
              [
                10.093098112673143,
                44.88480203957277
              ],
              [
                10.093097801453046,
                44.88480489810636
              ],
              [
                10.093095153181224,
                44.88480990909236
              ],
              [
                10.093097547414667,
                44.884814899815396
              ],
              [
                10.0930959161439,
                44.88482085939971
              ],
              [
                10.093092254476806,
                44.88482516069566
              ],
              [
                10.093087239106637,
                44.88482827702126
              ],
              [
                10.093080529721954,
                44.88482973308903
              ],
              [
                10.093076832762733,
                44.88482974837041
              ],
              [
                10.093075504548144,
                44.8848316588864
              ],
              [
                10.093068818692489,
                44.88483597268195
              ],
              [
                10.093063114865444,
                44.88483718682629
              ],
              [
                10.093056730102605,
                44.88483721321665
              ],
              [
                10.093051679440899,
                44.88483604352424
              ],
              [
                10.09304526527561,
                44.88483249833075
              ],
              [
                10.09304221560352,
                44.88482941534392
              ],
              [
                10.093041192725382,
                44.884827752890416
              ],
              [
                10.093038168539456,
                44.88482776538986
              ],
              [
                10.093034465698361,
                44.88482706623893
              ],
              [
                10.093031095324204,
                44.884825889600776
              ],
              [
                10.09302602506086,
                44.88482233885177
              ],
              [
                10.093023990425094,
                44.88481996612452
              ],
              [
                10.09302226701341,
                44.88481473486146
              ]
            ]
          ],
          [
            [
              [
                10.094055743909324,
                44.88451325682372
              ],
              [
                10.094056056720195,
                44.88451039828074
              ],
              [
                10.094057707528437,
                44.88450681973804
              ],
              [
                10.094059706507181,
                44.884504668666104
              ],
              [
                10.094057650557685,
                44.884499914908716
              ],
              [
                10.094059281719721,
                44.8844939553107
              ],
              [
                10.094060942350229,
                44.884491567295576
              ],
              [
                10.094063276068182,
                44.88448941425845
              ],
              [
                10.094069300506275,
                44.884486293710076
              ],
              [
                10.094076348168855,
                44.88448507394893
              ],
              [
                10.094083077134943,
                44.8844859988805
              ],
              [
                10.094086754746717,
                44.88448384027371
              ],
              [
                10.094093125392519,
                44.88448190943928
              ],
              [
                10.094102199860309,
                44.884482109615085
              ],
              [
                10.094110967096919,
                44.88448564500186
              ],
              [
                10.094113337824918,
                44.88448777855165
              ],
              [
                10.094119390092631,
                44.884488229592705
              ],
              [
                10.094122760469265,
                44.88448940619884
              ],
              [
                10.094127830770955,
                44.88449295689932
              ],
              [
                10.094129867080634,
                44.8844953296002
              ],
              [
                10.094131590583446,
                44.8845005608442
              ],
              [
                10.09413127777638,
                44.88450341938737
              ],
              [
                10.094128631253202,
                44.88450843097145
              ],
              [
                10.09413102391563,
                44.884513421096344
              ],
              [
                10.094129392760474,
                44.88451938069536
              ],
              [
                10.094125731193222,
                44.884523682026696
              ],
              [
                10.094120715905321,
                44.88452679839753
              ],
              [
                10.094114006586732,
                44.884528255104414
              ],
              [
                10.094110311287114,
                44.88452827041233
              ],
              [
                10.094108981469063,
                44.88453018036612
              ],
              [
                10.094102295725959,
                44.88453449422433
              ],
              [
                10.09409659359057,
                44.884535708413345
              ],
              [
                10.094090208861667,
                44.884535734861274
              ],
              [
                10.094085158205418,
                44.884534565214395
              ],
              [
                10.094078742370108,
                44.88453102008558
              ],
              [
                10.094075692655235,
                44.88452793712389
              ],
              [
                10.094074671395923,
                44.884526274675196
              ],
              [
                10.09407164722271,
                44.884526287201915
              ],
              [
                10.094067944391803,
                44.88452558808199
              ],
              [
                10.094064574014169,
                44.88452441147423
              ],
              [
                10.094059503713613,
                44.884520860770955
              ],
              [
                10.094057467405932,
                44.88451848806884
              ],
              [
                10.094055743909324,
                44.88451325682372
              ]
            ]
          ],
          [
            [
              [
                10.094333128156281,
                44.88249172527432
              ],
              [
                10.094333440939035,
                44.88248886673061
              ],
              [
                10.094335091672038,
                44.8824852881839
              ],
              [
                10.094337090568747,
                44.88248313652616
              ],
              [
                10.094335034665248,
                44.88247838277375
              ],
              [
                10.094336665741269,
                44.882472423171805
              ],
              [
                10.094338326301925,
                44.88247003515267
              ],
              [
                10.094340661575554,
                44.882467882684054
              ],
              [
                10.09434668414367,
                44.88246476212791
              ],
              [
                10.094353731556085,
                44.882463542349704
              ],
              [
                10.094360460285355,
                44.88246446668165
              ],
              [
                10.094364139402215,
                44.88246230864252
              ],
              [
                10.094370508170165,
                44.88246037721849
              ],
              [
                10.094379582324843,
                44.88246057795334
              ],
              [
                10.094388349270394,
                44.882464113318896
              ],
              [
                10.094390719920563,
                44.88246624628198
              ],
              [
                10.09439677197775,
                44.882466697306
              ],
              [
                10.094400142241614,
                44.88246787390399
              ],
              [
                10.094405212382233,
                44.88247142459218
              ],
              [
                10.094407248628416,
                44.88247379728815
              ],
              [
                10.09440897210067,
                44.88247902911136
              ],
              [
                10.09440865932172,
                44.882481887655274
              ],
              [
                10.094406012910852,
                44.882486898662385
              ],
              [
                10.094408405518045,
                44.88249188936485
              ],
              [
                10.094406774448903,
                44.882497848967816
              ],
              [
                10.09440311466756,
                44.88250215030122
              ],
              [
                10.094398099570903,
                44.88250526668419
              ],
              [
                10.094391390490296,
                44.882506722826314
              ],
              [
                10.09438769368407,
                44.88250673814996
              ],
              [
                10.094386365563274,
                44.88250864868117
              ],
              [
                10.09437968007588,
                44.882512962555545
              ],
              [
                10.094373976506814,
                44.88251417676514
              ],
              [
                10.09436759200576,
                44.8825142032285
              ],
              [
                10.09436254152136,
                44.88251303359385
              ],
              [
                10.094356127534322,
                44.882509488473744
              ],
              [
                10.09435307627188,
                44.882506405526236
              ],
              [
                10.094352055037088,
                44.882504743080034
              ],
              [
                10.094349030973568,
                44.88250475561405
              ],
              [
                10.094345328266048,
                44.8825040565031
              ],
              [
                10.094341958001186,
                44.88250287990349
              ],
              [
                10.0943368878617,
                44.88249932921249
              ],
              [
                10.094334851617514,
                44.88249695651528
              ],
              [
                10.094333128156281,
                44.88249172527432
              ]
            ]
          ],
          [
            [
              [
                10.094426808889413,
                44.88482087404597
              ],
              [
                10.094427120043553,
                44.88481801550878
              ],
              [
                10.094428770837538,
                44.88481443696074
              ],
              [
                10.094430769808296,
                44.88481228530136
              ],
              [
                10.094428713817138,
                44.884807531550614
              ],
              [
                10.094430344949448,
                44.88480157194733
              ],
              [
                10.09443200557343,
                44.88479918392684
              ],
              [
                10.094434340934729,
                44.884797031456316
              ],
              [
                10.094440363744946,
                44.88479391089523
              ],
              [
                10.094447411437343,
                44.88479269111127
              ],
              [
                10.094454140445363,
                44.884793616018676
              ],
              [
                10.094457819702855,
                44.88479145739554
              ],
              [
                10.09446418872551,
                44.88478952596631
              ],
              [
                10.094473264891235,
                44.88478972668689
              ],
              [
                10.094482032194174,
                44.88479326204528
              ],
              [
                10.094484401303863,
                44.88479539501322
              ],
              [
                10.094490455251586,
                44.88479584660647
              ],
              [
                10.094493825653833,
                44.88479702320169
              ],
              [
                10.094498896005545,
                44.884800573885734
              ],
              [
                10.094500930701459,
                44.88480294658681
              ],
              [
                10.094502654247258,
                44.884808177827615
              ],
              [
                10.094502343096924,
                44.88481103636501
              ],
              [
                10.094499694951963,
                44.884816047964456
              ],
              [
                10.094502089299338,
                44.88482103807479
              ],
              [
                10.09450045817391,
                44.88482699767909
              ],
              [
                10.094496796614827,
                44.88483129902229
              ],
              [
                10.094491781320214,
                44.88483441540937
              ],
              [
                10.094485071970345,
                44.884835871556994
              ],
              [
                10.094481375011105,
                44.88483588688367
              ],
              [
                10.094480046843024,
                44.884837797415955
              ],
              [
                10.094473361092,
                44.88484211129581
              ],
              [
                10.094467657290632,
                44.88484332551011
              ],
              [
                10.094461272531118,
                44.8848433519787
              ],
              [
                10.094456221840316,
                44.884842182348194
              ],
              [
                10.09444980758778,
                44.884838637233344
              ],
              [
                10.094446757840071,
                44.884835554281516
              ],
              [
                10.094445734921253,
                44.884833891842945
              ],
              [
                10.094442710731949,
                44.884833904379455
              ],
              [
                10.09443900787673,
                44.88483320527153
              ],
              [
                10.094435637473483,
                44.884832028674694
              ],
              [
                10.094430567122902,
                44.88482847798784
              ],
              [
                10.094428532428987,
                44.88482610528552
              ],
              [
                10.094426808889413,
                44.88482087404597
              ]
            ]
          ],
          [
            [
              [
                10.094491681150311,
                44.88320486084252
              ],
              [
                10.094491993932417,
                44.88320200229837
              ],
              [
                10.094493644676012,
                44.88319842374936
              ],
              [
                10.094495641953108,
                44.883196272679015
              ],
              [
                10.094493587654284,
                44.88319151892265
              ],
              [
                10.094495218734084,
                44.88318555931844
              ],
              [
                10.094496879308737,
                44.883183171297
              ],
              [
                10.094499212957288,
                44.88318101824862
              ],
              [
                10.094505237234726,
                44.88317789767733
              ],
              [
                10.094512283087864,
                44.883176677896195
              ],
              [
                10.094519011907915,
                44.88317760280216
              ],
              [
                10.094522691059609,
                44.883175444174576
              ],
              [
                10.094529059906002,
                44.883173513325104
              ],
              [
                10.094538135812172,
                44.88317371345721
              ],
              [
                10.094546902872793,
                44.88317724881064
              ],
              [
                10.09454927192314,
                44.88317938236061
              ],
              [
                10.094555325696508,
                44.883179833369454
              ],
              [
                10.094558696005398,
                44.88318100996276
              ],
              [
                10.094563766218661,
                44.883184560643976
              ],
              [
                10.094565802499993,
                44.883186933337086
              ],
              [
                10.094567526003223,
                44.88319216457454
              ],
              [
                10.094567213224924,
                44.88319502311891
              ],
              [
                10.09456456515998,
                44.883200034719835
              ],
              [
                10.094566959449072,
                44.88320502483119
              ],
              [
                10.09456532837615,
                44.88321098443641
              ],
              [
                10.094561666921376,
                44.88321528577931
              ],
              [
                10.094556651771141,
                44.88321840216922
              ],
              [
                10.094549942616203,
                44.88321985890399
              ],
              [
                10.094546245760833,
                44.88321987423277
              ],
              [
                10.094544917627386,
                44.88322178418244
              ],
              [
                10.094538232069015,
                44.883226098066096
              ],
              [
                10.09453253007251,
                44.88322731227677
              ],
              [
                10.094526143849109,
                44.8832273387558
              ],
              [
                10.094521093298873,
                44.883226169128136
              ],
              [
                10.094514679222549,
                44.883222624016895
              ],
              [
                10.09451162955705,
                44.88321954106681
              ],
              [
                10.094510608305015,
                44.88321787862199
              ],
              [
                10.094507582560764,
                44.88321789116702
              ],
              [
                10.094503881448693,
                44.88321719205439
              ],
              [
                10.094500511138806,
                44.88321601545945
              ],
              [
                10.094495440926675,
                44.883212464775454
              ],
              [
                10.09449340464734,
                44.8832100920811
              ],
              [
                10.094491681150311,
                44.88320486084252
              ]
            ]
          ],
          [
            [
              [
                10.094673681514292,
                44.884415478646474
              ],
              [
                10.094673994290565,
                44.88441262010184
              ],
              [
                10.094675645057563,
                44.88440904155023
              ],
              [
                10.094677644013165,
                44.8844068904675
              ],
              [
                10.09467558801274,
                44.884402136721214
              ],
              [
                10.094677219107986,
                44.88439617711441
              ],
              [
                10.09467887971002,
                44.88439378909034
              ],
              [
                10.094681215044188,
                44.88439163603381
              ],
              [
                10.094687237795211,
                44.884388515459754
              ],
              [
                10.094694285436072,
                44.8843872956606
              ],
              [
                10.094701014395838,
                44.88438821997252
              ],
              [
                10.09470469362294,
                44.884386061922456
              ],
              [
                10.094711062597225,
                44.88438413106048
              ],
              [
                10.094720138691688,
                44.88438433118055
              ],
              [
                10.094728904311424,
                44.88438786652684
              ],
              [
                10.094731275058315,
                44.884390000063846
              ],
              [
                10.094737327315764,
                44.884390450488894
              ],
              [
                10.094740697699306,
                44.88439162707686
              ],
              [
                10.094745768030519,
                44.88439517774999
              ],
              [
                10.094747804358862,
                44.88439755043989
              ],
              [
                10.094749527919756,
                44.884402782257965
              ],
              [
                10.09474921514729,
                44.88440564080282
              ],
              [
                10.094746568677621,
                44.884410651817795
              ],
              [
                10.094748963034352,
                44.88441564250633
              ],
              [
                10.094747331945985,
                44.88442160211416
              ],
              [
                10.0947436704278,
                44.88442590346524
              ],
              [
                10.094738655181898,
                44.88442901986312
              ],
              [
                10.094731945890361,
                44.88443047660618
              ],
              [
                10.094728248960601,
                44.88443049194081
              ],
              [
                10.094726920801914,
                44.88443240189499
              ],
              [
                10.094720235116514,
                44.88443671578926
              ],
              [
                10.09471453136391,
                44.884437930015814
              ],
              [
                10.094708146649506,
                44.884437956498154
              ],
              [
                10.094703095989278,
                44.88443678687853
              ],
              [
                10.09469668176674,
                44.88443324177751
              ],
              [
                10.094693632023935,
                44.88443015883226
              ],
              [
                10.094692609105193,
                44.884428496395884
              ],
              [
                10.094689584940616,
                44.8844285089389
              ],
              [
                10.09468588210513,
                44.88442780983896
              ],
              [
                10.094682511720588,
                44.884426633249376
              ],
              [
                10.094677441390509,
                44.88442308257347
              ],
              [
                10.094675405064164,
                44.884420709882306
              ],
              [
                10.094673681514292,
                44.884415478646474
              ]
            ]
          ],
          [
            [
              [
                10.094825086861542,
                44.88240920270074
              ],
              [
                10.094825401259294,
                44.88240634414889
              ],
              [
                10.09482705195933,
                44.882402765595096
              ],
              [
                10.09482904919488,
                44.88240061393556
              ],
              [
                10.094826994893568,
                44.88239586018517
              ],
              [
                10.09482862591629,
                44.88238990057623
              ],
              [
                10.094830286454142,
                44.882387512549975
              ],
              [
                10.094832620062766,
                44.88238536007816
              ],
              [
                10.094838644238807,
                44.882382239489324
              ],
              [
                10.094845689990793,
                44.88238101968767
              ],
              [
                10.094852418723136,
                44.88238194457409
              ],
              [
                10.09485609781144,
                44.882379785935804
              ],
              [
                10.094862466553744,
                44.88237785448444
              ],
              [
                10.094871542337007,
                44.88237805517352
              ],
              [
                10.094880307660326,
                44.88238159050824
              ],
              [
                10.094882678325336,
                44.88238372346114
              ],
              [
                10.094888730379159,
                44.88238417504256
              ],
              [
                10.09489210064825,
                44.88238535162607
              ],
              [
                10.094897170811956,
                44.88238890229251
              ],
              [
                10.09489920871876,
                44.882391274972896
              ],
              [
                10.094900932228457,
                44.882396506205346
              ],
              [
                10.09490061783115,
                44.88239936475742
              ],
              [
                10.094897971475111,
                44.88240437635923
              ],
              [
                10.094900365756617,
                44.88240936646126
              ],
              [
                10.094898734740775,
                44.88241532607124
              ],
              [
                10.094895073361576,
                44.882419627427154
              ],
              [
                10.094890058298757,
                44.88242274383165
              ],
              [
                10.094883349240227,
                44.88242420000258
              ],
              [
                10.094879652439436,
                44.88242421534209
              ],
              [
                10.094878324336884,
                44.882426125879
              ],
              [
                10.094871638895969,
                44.88243043978209
              ],
              [
                10.094865936985359,
                44.88243165400937
              ],
              [
                10.094859550853796,
                44.88243168050693
              ],
              [
                10.094854500366639,
                44.88243051089398
              ],
              [
                10.094848086355128,
                44.882426965801436
              ],
              [
                10.09484503671395,
                44.8824238828602
              ],
              [
                10.09484401546641,
                44.88242222041836
              ],
              [
                10.094840989767441,
                44.88242223297218
              ],
              [
                10.094837288699146,
                44.88242153387033
              ],
              [
                10.094833918429057,
                44.8824203572852
              ],
              [
                10.09482884826648,
                44.882416806615964
              ],
              [
                10.094826810365037,
                44.882414433934294
              ],
              [
                10.094825086861542,
                44.88240920270074
              ]
            ]
          ],
          [
            [
              [
                10.09506238830269,
                44.88411982625922
              ],
              [
                10.095062701061403,
                44.884116967713496
              ],
              [
                10.09506435179574,
                44.88411338915629
              ],
              [
                10.095066350723194,
                44.88411123806919
              ],
              [
                10.095064294704581,
                44.88410648432987
              ],
              [
                10.095065925751182,
                44.88410052471753
              ],
              [
                10.095067586328547,
                44.88409813668782
              ],
              [
                10.095069919992849,
                44.88409598362781
              ],
              [
                10.095075944335134,
                44.88409286302651
              ],
              [
                10.095082991928171,
                44.88409164320346
              ],
              [
                10.095089720864422,
                44.88409256807592
              ],
              [
                10.095093398413274,
                44.88409040943682
              ],
              [
                10.09509976898174,
                44.884088478548804
              ],
              [
                10.095108843390951,
                44.88408867864253
              ],
              [
                10.09511761062946,
                44.88409221395227
              ],
              [
                10.095119981378598,
                44.88409434748362
              ],
              [
                10.09512603361279,
                44.88409479846912
              ],
              [
                10.09512940398696,
                44.884095975045646
              ],
              [
                10.095134474316101,
                44.884099525701565
              ],
              [
                10.095136510653367,
                44.88410189838456
              ],
              [
                10.095138234235927,
                44.88410712961342
              ],
              [
                10.09513792148102,
                44.88410998815935
              ],
              [
                10.095135275063631,
                44.88411499976667
              ],
              [
                10.095137667797028,
                44.8841199898729
              ],
              [
                10.09513603675731,
                44.88412594948625
              ],
              [
                10.095132375286983,
                44.88413025084738
              ],
              [
                10.09512736008791,
                44.88413336726227
              ],
              [
                10.095120650840718,
                44.88413482403046
              ],
              [
                10.095116955570003,
                44.88413483937083
              ],
              [
                10.095115625791085,
                44.88413674933395
              ],
              [
                10.09510894016919,
                44.884141063250894
              ],
              [
                10.095103238094044,
                44.88414227748998
              ],
              [
                10.095096853412633,
                44.88414230399398
              ],
              [
                10.095091802770462,
                44.884141134391484
              ],
              [
                10.095085386916997,
                44.88413758931903
              ],
              [
                10.095082337169037,
                44.884134506384136
              ],
              [
                10.095081315887622,
                44.88413284394441
              ],
              [
                10.09507829173531,
                44.88413285649769
              ],
              [
                10.095074588917495,
                44.8841321574103
              ],
              [
                10.095071218542325,
                44.884130980832154
              ],
              [
                10.095066148214315,
                44.884127430173415
              ],
              [
                10.095064111879047,
                44.88412505748921
              ],
              [
                10.09506238830269,
                44.88411982625922
              ]
            ]
          ],
          [
            [
              [
                10.095262286100397,
                44.88301545858075
              ],
              [
                10.095262598843183,
                44.883012600034476
              ],
              [
                10.095264249533411,
                44.88300902147439
              ],
              [
                10.09526624841356,
                44.883006869800425
              ],
              [
                10.095264192414557,
                44.883002116064695
              ],
              [
                10.09526582340916,
                44.882996156449536
              ],
              [
                10.095267483946358,
                44.88299376841692
              ],
              [
                10.095269817563214,
                44.882991615936206
              ],
              [
                10.095275841779019,
                44.88298849532438
              ],
              [
                10.095282889235888,
                44.88298727548904
              ],
              [
                10.095289618041347,
                44.882988199766416
              ],
              [
                10.095293295513573,
                44.882986041704285
              ],
              [
                10.095299665951575,
                44.88298411022179
              ],
              [
                10.095308740192102,
                44.88298431088304
              ],
              [
                10.095317507271215,
                44.882987846177514
              ],
              [
                10.095319877980781,
                44.88298997912136
              ],
              [
                10.095325930097012,
                44.8829904300987
              ],
              [
                10.095329300410564,
                44.88299160666935
              ],
              [
                10.095334370654692,
                44.882995157316444
              ],
              [
                10.095336406961103,
                44.88299752999587
              ],
              [
                10.095338130533536,
                44.8830027618027
              ],
              [
                10.095337817794555,
                44.88300562034916
              ],
              [
                10.095335171440558,
                44.88301063138012
              ],
              [
                10.095337564150128,
                44.88301562206078
              ],
              [
                10.095335933162405,
                44.883021581677
              ],
              [
                10.095332271780677,
                44.88302588304688
              ],
              [
                10.0953272566887,
                44.8830289994705
              ],
              [
                10.095320547570536,
                44.88303045566704
              ],
              [
                10.095316852367452,
                44.88303047101385
              ],
              [
                10.095315522628878,
                44.88303238156263
              ],
              [
                10.095308837150302,
                44.883036695491235
              ],
              [
                10.095303135188836,
                44.88303790974026
              ],
              [
                10.095296750626723,
                44.88303793625542
              ],
              [
                10.095291700077448,
                44.88303676666171
              ],
              [
                10.095285284334846,
                44.88303322160045
              ],
              [
                10.095282234638095,
                44.883030138670854
              ],
              [
                10.095281213367155,
                44.883028476232916
              ],
              [
                10.095278189276303,
                44.883028488791474
              ],
              [
                10.095274486523783,
                44.88302778971055
              ],
              [
                10.095271116209233,
                44.883026613138284
              ],
              [
                10.095266045966234,
                44.88302306248839
              ],
              [
                10.095264009661822,
                44.883020689807715
              ],
              [
                10.095262286100397,
                44.88301545858075
              ]
            ]
          ],
          [
            [
              [
                10.095576593229298,
                44.882786387536086
              ],
              [
                10.095576905955225,
                44.882783528988966
              ],
              [
                10.095578556619328,
                44.88277995042434
              ],
              [
                10.095580555476426,
                44.8827777987473
              ],
              [
                10.095578499462999,
                44.88277304501718
              ],
              [
                10.095580130418554,
                44.882767085397546
              ],
              [
                10.095581790936096,
                44.88276469736039
              ],
              [
                10.095584124531879,
                44.8827625448709
              ],
              [
                10.09559014870665,
                44.882759424242565
              ],
              [
                10.095597196125432,
                44.8827582043879
              ],
              [
                10.095603924909167,
                44.882759128649184
              ],
              [
                10.095607602358301,
                44.88275697057457
              ],
              [
                10.095613972757047,
                44.882755039077004
              ],
              [
                10.095623046962517,
                44.88275523971099
              ],
              [
                10.095631814029392,
                44.88275877498139
              ],
              [
                10.095634184737829,
                44.88276090792113
              ],
              [
                10.095640236835765,
                44.88276135887948
              ],
              [
                10.095643607142325,
                44.8827625354409
              ],
              [
                10.095648677385661,
                44.88276608607408
              ],
              [
                10.095650713696923,
                44.882768458747904
              ],
              [
                10.095652437291072,
                44.88277369055002
              ],
              [
                10.095652124568954,
                44.88277654909735
              ],
              [
                10.095649478252867,
                44.88278156013555
              ],
              [
                10.095651870980193,
                44.88278655081204
              ],
              [
                10.095650240031517,
                44.88279251043271
              ],
              [
                10.095646578687846,
                44.882796811810245
              ],
              [
                10.095641563632864,
                44.88279992824763
              ],
              [
                10.09563485454939,
                44.88280138446495
              ],
              [
                10.095631159361103,
                44.88280139982191
              ],
              [
                10.095629829638241,
                44.88280331037194
              ],
              [
                10.095623144209851,
                44.882807624318886
              ],
              [
                10.095617442277721,
                44.88280883858356
              ],
              [
                10.095611057741177,
                44.882808865116225
              ],
              [
                10.095606007205626,
                44.88280769553638
              ],
              [
                10.095599591469206,
                44.8828041504927
              ],
              [
                10.095596541764396,
                44.88280106757149
              ],
              [
                10.0955955204918,
                44.88279940513634
              ],
              [
                10.095592496409697,
                44.882799417703204
              ],
              [
                10.095588793671462,
                44.882798718632415
              ],
              [
                10.095585423363906,
                44.8827975420694
              ],
              [
                10.0955803531217,
                44.882793991433424
              ],
              [
                10.095578316812436,
                44.882791618758326
              ],
              [
                10.095576593229298,
                44.882786387536086
              ]
            ]
          ],
          [
            [
              [
                10.0958854496096,
                44.88375568498864
              ],
              [
                10.095885762325441,
                44.883752826440684
              ],
              [
                10.095887412998133,
                44.883749247871606
              ],
              [
                10.095889411877327,
                44.883747096186795
              ],
              [
                10.09588735580372,
                44.88374234246224
              ],
              [
                10.095888986754739,
                44.8837363828382
              ],
              [
                10.095890647287428,
                44.883733994796565
              ],
              [
                10.095892982550914,
                44.883731842296335
              ],
              [
                10.095899005170496,
                44.88372872165857
              ],
              [
                10.09590605270147,
                44.88372750178491
              ],
              [
                10.095912781603547,
                44.883728426028064
              ],
              [
                10.095916460742977,
                44.8837262679367
              ],
              [
                10.095922829598734,
                44.88372433642641
              ],
              [
                10.095931903958196,
                44.8837245370383
              ],
              [
                10.095940671191785,
                44.88372807228507
              ],
              [
                10.095943041951609,
                44.883730205216025
              ],
              [
                10.09594909415396,
                44.88373065616043
              ],
              [
                10.095952464523627,
                44.883731832712755
              ],
              [
                10.09595753487147,
                44.88373538333228
              ],
              [
                10.095959571229791,
                44.88373775600061
              ],
              [
                10.095961294881091,
                44.88374298779807
              ],
              [
                10.095960982169059,
                44.88374584634624
              ],
              [
                10.095958335835308,
                44.88375085739159
              ],
              [
                10.09596072862974,
                44.88375584805924
              ],
              [
                10.095959097685604,
                44.883761807684294
              ],
              [
                10.095955437943298,
                44.88376610906727
              ],
              [
                10.095950422820557,
                44.88376922551818
              ],
              [
                10.095943713631844,
                44.8837706817512
              ],
              [
                10.095940016741448,
                44.88377069712496
              ],
              [
                10.095938688646394,
                44.883772607674125
              ],
              [
                10.095932003128537,
                44.88377692163909
              ],
              [
                10.095926299463567,
                44.88377813592598
              ],
              [
                10.095919914822948,
                44.88377816247583
              ],
              [
                10.095914864196015,
                44.88377699290962
              ],
              [
                10.095908449972377,
                44.88377344787643
              ],
              [
                10.095905398559688,
                44.88377036497026
              ],
              [
                10.095904377260954,
                44.88376870253787
              ],
              [
                10.095901353127966,
                44.883768715112865
              ],
              [
                10.095897650323586,
                44.883768016052066
              ],
              [
                10.09589427995292,
                44.88376683949814
              ],
              [
                10.095889209606208,
                44.88376328887584
              ],
              [
                10.095887173249885,
                44.88376091620624
              ],
              [
                10.0958854496096,
                44.88375568498864
              ]
            ]
          ],
          [
            [
              [
                10.095946964658006,
                44.884063307988285
              ],
              [
                10.095947277369097,
                44.88406044944017
              ],
              [
                10.095948928046784,
                44.88405687087022
              ],
              [
                10.09595092694256,
                44.88405471976766
              ],
              [
                10.095948870849508,
                44.88404996604423
              ],
              [
                10.095950501802868,
                44.88404400641931
              ],
              [
                10.095952162341883,
                44.88404161837679
              ],
              [
                10.095954495970782,
                44.88403946529877
              ],
              [
                10.095960520259185,
                44.88403634465333
              ],
              [
                10.0959675678299,
                44.88403512477588
              ],
              [
                10.095974296773742,
                44.884036049594
              ],
              [
                10.095977974282446,
                44.884033890928904
              ],
              [
                10.095984344818303,
                44.88403195998933
              ],
              [
                10.095993419221676,
                44.884032160012985
              ],
              [
                10.096002186505931,
                44.884035695255044
              ],
              [
                10.096004557285546,
                44.88403782876809
              ],
              [
                10.096010609520727,
                44.88403827970687
              ],
              [
                10.096013979909676,
                44.88403945625738
              ],
              [
                10.096019050288433,
                44.88404300687417
              ],
              [
                10.096021086656824,
                44.88404537954143
              ],
              [
                10.096022810318129,
                44.88405061075699
              ],
              [
                10.096022497610845,
                44.88405346930532
              ],
              [
                10.096019851273118,
                44.88405848093306
              ],
              [
                10.096022244080896,
                44.884063471020816
              ],
              [
                10.096020613134417,
                44.88406943064677
              ],
              [
                10.096016951733828,
                44.88407373203616
              ],
              [
                10.096011936587606,
                44.884076848489755
              ],
              [
                10.096005227369405,
                44.88407830530974
              ],
              [
                10.096001532102555,
                44.88407832067863
              ],
              [
                10.096000202354336,
                44.88408023065439
              ],
              [
                10.095993516805322,
                44.884084544620556
              ],
              [
                10.095987814754452,
                44.884085758903666
              ],
              [
                10.09598143007972,
                44.88408578545697
              ],
              [
                10.095976379424526,
                44.88408461589345
              ],
              [
                10.095969963519494,
                44.88408107087055
              ],
              [
                10.095966913730505,
                44.88407798796156
              ],
              [
                10.095965892421148,
                44.88407632552735
              ],
              [
                10.095962868275365,
                44.884076338103974
              ],
              [
                10.095959165447095,
                44.88407563904755
              ],
              [
                10.095955795057145,
                44.88407446249543
              ],
              [
                10.09595072467952,
                44.88407091187585
              ],
              [
                10.095948688313127,
                44.88406853920734
              ],
              [
                10.095946964658006,
                44.884063307988285
              ]
            ]
          ],
          [
            [
              [
                10.096096257877276,
                44.88334313720802
              ],
              [
                10.096096570577043,
                44.883340278659496
              ],
              [
                10.096098221224787,
                44.8833367000874
              ],
              [
                10.096100220089962,
                44.88333454898225
              ],
              [
                10.096098164010327,
                44.88332979526148
              ],
              [
                10.096099794927818,
                44.88332383563445
              ],
              [
                10.096101455439854,
                44.88332144758976
              ],
              [
                10.096103790677233,
                44.88331929450187
              ],
              [
                10.096109813238852,
                44.88331617385543
              ],
              [
                10.096116860718181,
                44.88331495396879
              ],
              [
                10.09612358958018,
                44.88331587877814
              ],
              [
                10.096127268680528,
                44.88331372010143
              ],
              [
                10.09613363748835,
                44.88331178916039
              ],
              [
                10.09614271177864,
                44.883311989172235
              ],
              [
                10.096151478962303,
                44.883315524402875
              ],
              [
                10.096153849717773,
                44.88331765791283
              ],
              [
                10.096159901878353,
                44.88331810884374
              ],
              [
                10.09616327222816,
                44.88331928538987
              ],
              [
                10.096168342552648,
                44.88332283600004
              ],
              [
                10.096170378901697,
                44.88332520866466
              ],
              [
                10.096172102554986,
                44.883330439877966
              ],
              [
                10.096171789859026,
                44.8833332984267
              ],
              [
                10.09616914356742,
                44.88333831005788
              ],
              [
                10.096171536358181,
                44.883343300142535
              ],
              [
                10.09616990544757,
                44.8833492597706
              ],
              [
                10.096166245743886,
                44.88335356115793
              ],
              [
                10.096161230668526,
                44.88335667761806
              ],
              [
                10.096154521538093,
                44.88335813444679
              ],
              [
                10.096150824677625,
                44.88335814982732
              ],
              [
                10.096149496590922,
                44.88336005979798
              ],
              [
                10.096142811136788,
                44.88336437377286
              ],
              [
                10.096137107520532,
                44.883365588070205
              ],
              [
                10.096130722925794,
                44.88336561463182
              ],
              [
                10.096125672330798,
                44.88336444507489
              ],
              [
                10.096119258140174,
                44.88336090005349
              ],
              [
                10.096116206738095,
                44.88335781715533
              ],
              [
                10.096115185437215,
                44.88335615472245
              ],
              [
                10.096112161329321,
                44.88335616730301
              ],
              [
                10.096108458545594,
                44.88335546825141
              ],
              [
                10.096105088194788,
                44.883354291703675
              ],
              [
                10.096100017871432,
                44.883350741090695
              ],
              [
                10.096097981524382,
                44.88334836842484
              ],
              [
                10.096096257877276,
                44.88334313720802
              ]
            ]
          ],
          [
            [
              [
                10.096240482158427,
                44.88391179574374
              ],
              [
                10.096240794857472,
                44.88390893719482
              ],
              [
                10.096242445512557,
                44.88390535862064
              ],
              [
                10.096244444387255,
                44.8839032069296
              ],
              [
                10.096242388275366,
                44.883898453211444
              ],
              [
                10.096244019194026,
                44.88389249358235
              ],
              [
                10.096245679716484,
                44.88389010553556
              ],
              [
                10.096248014973021,
                44.8838879530281
              ],
              [
                10.096254037589684,
                44.883884832371685
              ],
              [
                10.096261085135614,
                44.88388361247618
              ],
              [
                10.096267814061637,
                44.883884536696094
              ],
              [
                10.09627149319439,
                44.88388237859574
              ],
              [
                10.09627786205887,
                44.88388044706568
              ],
              [
                10.096286938084127,
                44.883880647642634
              ],
              [
                10.096295703720035,
                44.88388418286907
              ],
              [
                10.096298074502817,
                44.88388631579268
              ],
              [
                10.096304126724357,
                44.883886766715946
              ],
              [
                10.096307497110432,
                44.88388794325783
              ],
              [
                10.096312567493948,
                44.88389149386163
              ],
              [
                10.09631460386908,
                44.88389386652367
              ],
              [
                10.09631632755737,
                44.883899098318174
              ],
              [
                10.096316014865492,
                44.88390195686729
              ],
              [
                10.09631336855547,
                44.88390696791846
              ],
              [
                10.096315763027151,
                44.88391195857424
              ],
              [
                10.096314132115374,
                44.88391791820437
              ],
              [
                10.096310470746392,
                44.883922219605516
              ],
              [
                10.096305455629278,
                44.883925336071954
              ],
              [
                10.096298746431344,
                44.883926792325774
              ],
              [
                10.096295049534373,
                44.88392680771096
              ],
              [
                10.096293721444146,
                44.88392871826427
              ],
              [
                10.096287035934772,
                44.88393303224994
              ],
              [
                10.09628133226518,
                44.88393424655449
              ],
              [
                10.0962749476074,
                44.88393427312413
              ],
              [
                10.09626989695954,
                44.88393310357356
              ],
              [
                10.096263482696617,
                44.88392955856023
              ],
              [
                10.096260432896553,
                44.883926475656715
              ],
              [
                10.096259409941492,
                44.883924813234316
              ],
              [
                10.096256385803736,
                44.88392482581868
              ],
              [
                10.096252682981632,
                44.88392412676937
              ],
              [
                10.096249312594557,
                44.88392295022589
              ],
              [
                10.09624424221217,
                44.883919399619295
              ],
              [
                10.096242205835678,
                44.883917026956
              ],
              [
                10.096240482158427,
                44.88391179574374
              ]
            ]
          ]
        ]
      }
    }
  ]
}
