{
  "type": "FeatureCollection",
  "features": [
    {
      "type": "Feature",
      "geometry": {
        "type": "Point",
        "coordinates": [
          12.535707950616176,
          45.66989393558861
        ]
      },
      "properties": {
        "id": "n_5bcf856b5cfb9d2424000223",
        "map": "f_5bcf767a5cfb9d2424000001",
        "externalId": "NODE-Y50KJLUT",
        "neighbors": [
          {
            "id": "n_5bcf86715cfb9d242400024b",
            "weight": 0
          },
          {
            "id": "n_5bcf86ec5cfb9d242400024f",
            "weight": 0
          }
        ],
        "space": [],
        "flags": [
          1
        ]
      }
    },
    {
      "type": "Feature",
      "geometry": {
        "type": "Point",
        "coordinates": [
          12.535349579756089,
          45.669886151781306
        ]
      },
      "properties": {
        "id": "n_5bcf85715cfb9d2424000224",
        "map": "f_5bcf767a5cfb9d2424000001",
        "externalId": "NODE-D7WHUZYU",
        "neighbors": [
          {
            "id": "n_5bcf86315cfb9d2424000242",
            "weight": 0
          },
          {
            "id": "n_5bcf86485cfb9d2424000243",
            "weight": 0
          },
          {
            "id": "n_5bcf86595cfb9d2424000246",
            "weight": 0
          },
          {
            "id": "n_5c127c7e116ece57b5000002",
            "weight": 0
          }
        ],
        "space": [],
        "flags": [
          1
        ]
      }
    },
    {
      "type": "Feature",
      "geometry": {
        "type": "Point",
        "coordinates": [
          12.53521783066418,
          45.6700348568553
        ]
      },
      "properties": {
        "id": "n_5bcf85775cfb9d2424000225",
        "map": "f_5bcf767a5cfb9d2424000001",
        "externalId": "NODE-JILX7YNH",
        "neighbors": [
          {
            "id": "n_5bcf86255cfb9d242400023f",
            "weight": 0
          },
          {
            "id": "n_5bcf862b5cfb9d2424000241",
            "weight": 0
          },
          {
            "id": "n_5c127c7e116ece57b5000002",
            "weight": 0
          }
        ],
        "space": [],
        "flags": [
          1
        ]
      }
    },
    {
      "type": "Feature",
      "geometry": {
        "type": "Point",
        "coordinates": [
          12.534917624855076,
          45.670407252602715
        ]
      },
      "properties": {
        "id": "n_5bcf85795cfb9d2424000226",
        "map": "f_5bcf767a5cfb9d2424000001",
        "externalId": "NODE-2S11KU0J",
        "neighbors": [
          {
            "id": "n_5bcf85ee5cfb9d2424000231",
            "weight": 0
          },
          {
            "id": "n_5bcf85f85cfb9d2424000234",
            "weight": 0
          },
          {
            "id": "n_5bcf85fa5cfb9d2424000235",
            "weight": 0
          },
          {
            "id": "n_5bcf860a5cfb9d2424000236",
            "weight": 0
          }
        ],
        "space": [],
        "flags": [
          1
        ]
      }
    },
    {
      "type": "Feature",
      "geometry": {
        "type": "Point",
        "coordinates": [
          12.534894996673666,
          45.67054083946759
        ]
      },
      "properties": {
        "id": "n_5bcf857d5cfb9d2424000227",
        "map": "f_5bcf767a5cfb9d2424000001",
        "externalId": "NODE-BPRS5U2N",
        "neighbors": [
          {
            "id": "n_5bcf85de5cfb9d242400022e",
            "weight": 0
          },
          {
            "id": "n_5bcf85ee5cfb9d2424000231",
            "weight": 0
          }
        ],
        "space": [],
        "flags": [
          1
        ]
      }
    },
    {
      "type": "Feature",
      "geometry": {
        "type": "Point",
        "coordinates": [
          12.534772097411537,
          45.670678077355305
        ]
      },
      "properties": {
        "id": "n_5bcf85835cfb9d2424000228",
        "map": "f_5bcf767a5cfb9d2424000001",
        "externalId": "NODE-S5N28X9A",
        "neighbors": [
          {
            "id": "n_5bcf85a65cfb9d2424000229",
            "weight": 0
          },
          {
            "id": "n_5bcf85a85cfb9d242400022a",
            "weight": 0
          },
          {
            "id": "n_5bcf85cb5cfb9d242400022b",
            "weight": 0
          },
          {
            "id": "n_5c0abd81f1d68a2bae000009",
            "weight": 0
          }
        ],
        "space": [],
        "flags": [
          1
        ]
      }
    },
    {
      "type": "Feature",
      "geometry": {
        "type": "Point",
        "coordinates": [
          12.53486222023381,
          45.67071501234531
        ]
      },
      "properties": {
        "id": "n_5bcf85a65cfb9d2424000229",
        "map": "f_5bcf767a5cfb9d2424000001",
        "externalId": "NODE-AV8MXYL0",
        "neighbors": [
          {
            "id": "n_5bcf85835cfb9d2424000228",
            "weight": 0
          }
        ],
        "space": [
          "s_5bcf76bc5cfb9d2424000197"
        ],
        "flags": [
          1
        ]
      }
    },
    {
      "type": "Feature",
      "geometry": {
        "type": "Point",
        "coordinates": [
          12.53467389953106,
          45.67063513734505
        ]
      },
      "properties": {
        "id": "n_5bcf85a85cfb9d242400022a",
        "map": "f_5bcf767a5cfb9d2424000001",
        "externalId": "NODE-SUI82XFU",
        "neighbors": [
          {
            "id": "n_5bcf85835cfb9d2424000228",
            "weight": 0
          }
        ],
        "space": [
          "s_5bcf76bc5cfb9d242400019a"
        ],
        "flags": [
          1
        ]
      }
    },
    {
      "type": "Feature",
      "geometry": {
        "type": "Point",
        "coordinates": [
          12.534833547117938,
          45.67060945842791
        ]
      },
      "properties": {
        "id": "n_5bcf85cb5cfb9d242400022b",
        "map": "f_5bcf767a5cfb9d2424000001",
        "externalId": "NODE-HOEELXKC",
        "neighbors": [
          {
            "id": "n_5bcf85835cfb9d2424000228",
            "weight": 0
          },
          {
            "id": "n_5bcf85d05cfb9d242400022c",
            "weight": 0
          },
          {
            "id": "n_5bcf85d45cfb9d242400022d",
            "weight": 0
          },
          {
            "id": "n_5bcf85de5cfb9d242400022e",
            "weight": 0
          }
        ],
        "space": [],
        "flags": [
          1
        ]
      }
    },
    {
      "type": "Feature",
      "geometry": {
        "type": "Point",
        "coordinates": [
          12.53494815460173,
          45.6706585842939
        ]
      },
      "properties": {
        "id": "n_5bcf85d05cfb9d242400022c",
        "map": "f_5bcf767a5cfb9d2424000001",
        "externalId": "NODE-W2SHPIZ5",
        "neighbors": [
          {
            "id": "n_5bcf85cb5cfb9d242400022b",
            "weight": 0
          }
        ],
        "space": [
          "s_5bcf76bc5cfb9d2424000198"
        ],
        "flags": [
          1
        ]
      }
    },
    {
      "type": "Feature",
      "geometry": {
        "type": "Point",
        "coordinates": [
          12.534710605532121,
          45.67056015136937
        ]
      },
      "properties": {
        "id": "n_5bcf85d45cfb9d242400022d",
        "map": "f_5bcf767a5cfb9d2424000001",
        "externalId": "NODE-PIR3L9TD",
        "neighbors": [
          {
            "id": "n_5bcf85cb5cfb9d242400022b",
            "weight": 0
          }
        ],
        "space": [
          "s_5bcf76bc5cfb9d2424000199"
        ],
        "flags": [
          1
        ]
      }
    },
    {
      "type": "Feature",
      "geometry": {
        "type": "Point",
        "coordinates": [
          12.53487729160658,
          45.67056377281344
        ]
      },
      "properties": {
        "id": "n_5bcf85de5cfb9d242400022e",
        "map": "f_5bcf767a5cfb9d2424000001",
        "externalId": "NODE-A04JX9A1",
        "neighbors": [
          {
            "id": "n_5bcf857d5cfb9d2424000227",
            "weight": 0
          },
          {
            "id": "n_5bcf85cb5cfb9d242400022b",
            "weight": 0
          },
          {
            "id": "n_5bcf85e05cfb9d242400022f",
            "weight": 0
          },
          {
            "id": "n_5bcf85e75cfb9d2424000230",
            "weight": 0
          }
        ],
        "space": [],
        "flags": [
          1
        ]
      }
    },
    {
      "type": "Feature",
      "geometry": {
        "type": "Point",
        "coordinates": [
          12.534983823828894,
          45.67060689370814
        ]
      },
      "properties": {
        "id": "n_5bcf85e05cfb9d242400022f",
        "map": "f_5bcf767a5cfb9d2424000001",
        "externalId": "NODE-EGVUR1AM",
        "neighbors": [
          {
            "id": "n_5bcf85de5cfb9d242400022e",
            "weight": 0
          }
        ],
        "space": [
          "s_5bcf76bc5cfb9d24240001a3"
        ],
        "flags": [
          1
        ]
      }
    },
    {
      "type": "Feature",
      "geometry": {
        "type": "Point",
        "coordinates": [
          12.534770759548419,
          45.67052065181972
        ]
      },
      "properties": {
        "id": "n_5bcf85e75cfb9d2424000230",
        "map": "f_5bcf767a5cfb9d2424000001",
        "externalId": "NODE-R4DMSIOW",
        "neighbors": [
          {
            "id": "n_5bcf85de5cfb9d242400022e",
            "weight": 0
          }
        ],
        "space": [
          "s_5bcf76bc5cfb9d2424000196"
        ],
        "flags": [
          1
        ]
      }
    },
    {
      "type": "Feature",
      "geometry": {
        "type": "Point",
        "coordinates": [
          12.534905662995158,
          45.67048860570885
        ]
      },
      "properties": {
        "id": "n_5bcf85ee5cfb9d2424000231",
        "map": "f_5bcf767a5cfb9d2424000001",
        "externalId": "NODE-IB6PGI44",
        "neighbors": [
          {
            "id": "n_5bcf85795cfb9d2424000226",
            "weight": 0
          },
          {
            "id": "n_5bcf857d5cfb9d2424000227",
            "weight": 0
          },
          {
            "id": "n_5bcf85ef5cfb9d2424000232",
            "weight": 0
          },
          {
            "id": "n_5bcf85f25cfb9d2424000233",
            "weight": 0
          }
        ],
        "space": [],
        "flags": [
          1
        ]
      }
    },
    {
      "type": "Feature",
      "geometry": {
        "type": "Point",
        "coordinates": [
          12.534995785600485,
          45.67052554059386
        ]
      },
      "properties": {
        "id": "n_5bcf85ef5cfb9d2424000232",
        "map": "f_5bcf767a5cfb9d2424000001",
        "externalId": "NODE-V56KXC0Q",
        "neighbors": [
          {
            "id": "n_5bcf85ee5cfb9d2424000231",
            "weight": 0
          }
        ],
        "space": [
          "s_5bcf76bc5cfb9d24240001a2"
        ],
        "flags": [
          1
        ]
      }
    },
    {
      "type": "Feature",
      "geometry": {
        "type": "Point",
        "coordinates": [
          12.53483194996297,
          45.67045785676214
        ]
      },
      "properties": {
        "id": "n_5bcf85f25cfb9d2424000233",
        "map": "f_5bcf767a5cfb9d2424000001",
        "externalId": "NODE-7ZLFBRSQ",
        "neighbors": [
          {
            "id": "n_5bcf85ee5cfb9d2424000231",
            "weight": 0
          }
        ],
        "space": [
          "s_5bcf76bc5cfb9d2424000195"
        ],
        "flags": [
          1
        ]
      }
    },
    {
      "type": "Feature",
      "geometry": {
        "type": "Point",
        "coordinates": [
          12.535007747337303,
          45.6704441874783
        ]
      },
      "properties": {
        "id": "n_5bcf85f85cfb9d2424000234",
        "map": "f_5bcf767a5cfb9d2424000001",
        "externalId": "NODE-C53A6CXG",
        "neighbors": [
          {
            "id": "n_5bcf85795cfb9d2424000226",
            "weight": 0
          }
        ],
        "space": [
          "s_5bcf76bc5cfb9d2424000187"
        ],
        "flags": [
          1
        ]
      }
    },
    {
      "type": "Feature",
      "geometry": {
        "type": "Point",
        "coordinates": [
          12.534827502491794,
          45.67037031765626
        ]
      },
      "properties": {
        "id": "n_5bcf85fa5cfb9d2424000235",
        "map": "f_5bcf767a5cfb9d2424000001",
        "externalId": "NODE-HI29YZXR",
        "neighbors": [
          {
            "id": "n_5bcf85795cfb9d2424000226",
            "weight": 0
          }
        ],
        "space": [
          "s_5bcf76bc5cfb9d2424000194"
        ],
        "flags": [
          1
        ]
      }
    },
    {
      "type": "Feature",
      "geometry": {
        "type": "Point",
        "coordinates": [
          12.534959746520624,
          45.67035500236407
        ]
      },
      "properties": {
        "id": "n_5bcf860a5cfb9d2424000236",
        "map": "f_5bcf767a5cfb9d2424000001",
        "externalId": "NODE-W732IRVN",
        "neighbors": [
          {
            "id": "n_5bcf85795cfb9d2424000226",
            "weight": 0
          },
          {
            "id": "n_5bcf860d5cfb9d2424000237",
            "weight": 0
          },
          {
            "id": "n_5bcf86105cfb9d2424000238",
            "weight": 0
          }
        ],
        "space": [],
        "flags": [
          1
        ]
      }
    },
    {
      "type": "Feature",
      "geometry": {
        "type": "Point",
        "coordinates": [
          12.535043416372801,
          45.670392496873994
        ]
      },
      "properties": {
        "id": "n_5bcf860d5cfb9d2424000237",
        "map": "f_5bcf767a5cfb9d2424000001",
        "externalId": "NODE-5BYGNDX5",
        "neighbors": [
          {
            "id": "n_5bcf860a5cfb9d2424000236",
            "weight": 0
          }
        ],
        "space": [
          "s_5bcf76bc5cfb9d2424000185"
        ],
        "flags": [
          1
        ]
      }
    },
    {
      "type": "Feature",
      "geometry": {
        "type": "Point",
        "coordinates": [
          12.535011017686871,
          45.67029140238384
        ]
      },
      "properties": {
        "id": "n_5bcf86105cfb9d2424000238",
        "map": "f_5bcf767a5cfb9d2424000001",
        "externalId": "NODE-HJK8FCZT",
        "neighbors": [
          {
            "id": "n_5bcf860a5cfb9d2424000236",
            "weight": 0
          },
          {
            "id": "n_5bcf86115cfb9d2424000239",
            "weight": 0
          },
          {
            "id": "n_5bcf86175cfb9d242400023a",
            "weight": 0
          }
        ],
        "space": [],
        "flags": [
          1
        ]
      }
    },
    {
      "type": "Feature",
      "geometry": {
        "type": "Point",
        "coordinates": [
          12.535112681520634,
          45.6703357065899
        ]
      },
      "properties": {
        "id": "n_5bcf86115cfb9d2424000239",
        "map": "f_5bcf767a5cfb9d2424000001",
        "externalId": "NODE-5PUOK149",
        "neighbors": [
          {
            "id": "n_5bcf86105cfb9d2424000238",
            "weight": 0
          }
        ],
        "space": [
          "s_5bcf76bc5cfb9d242400018d"
        ],
        "flags": [
          1
        ]
      }
    },
    {
      "type": "Feature",
      "geometry": {
        "type": "Point",
        "coordinates": [
          12.53505313917805,
          45.67023915211087
        ]
      },
      "properties": {
        "id": "n_5bcf86175cfb9d242400023a",
        "map": "f_5bcf767a5cfb9d2424000001",
        "externalId": "NODE-CECGIYV4",
        "neighbors": [
          {
            "id": "n_5bcf86105cfb9d2424000238",
            "weight": 0
          },
          {
            "id": "n_5bcf86185cfb9d242400023b",
            "weight": 0
          },
          {
            "id": "n_5bcf861d5cfb9d242400023c",
            "weight": 0
          }
        ],
        "space": [],
        "flags": [
          1
        ]
      }
    },
    {
      "type": "Feature",
      "geometry": {
        "type": "Point",
        "coordinates": [
          12.535197837808328,
          45.670296749960485
        ]
      },
      "properties": {
        "id": "n_5bcf86185cfb9d242400023b",
        "map": "f_5bcf767a5cfb9d2424000001",
        "externalId": "NODE-EN2EXOGX",
        "neighbors": [
          {
            "id": "n_5bcf86175cfb9d242400023a",
            "weight": 0
          }
        ],
        "space": [
          "s_5bcf76bc5cfb9d242400018c"
        ],
        "flags": [
          1
        ]
      }
    },
    {
      "type": "Feature",
      "geometry": {
        "type": "Point",
        "coordinates": [
          12.535099185936298,
          45.670181514668755
        ]
      },
      "properties": {
        "id": "n_5bcf861d5cfb9d242400023c",
        "map": "f_5bcf767a5cfb9d2424000001",
        "externalId": "NODE-JVY01HPP",
        "neighbors": [
          {
            "id": "n_5bcf86175cfb9d242400023a",
            "weight": 0
          },
          {
            "id": "n_5bcf861e5cfb9d242400023d",
            "weight": 0
          },
          {
            "id": "n_5bcf86255cfb9d242400023f",
            "weight": 0
          },
          {
            "id": "n_5c128f5c116ece57b500000c",
            "weight": 0
          }
        ],
        "space": [],
        "flags": [
          1
        ]
      }
    },
    {
      "type": "Feature",
      "geometry": {
        "type": "Point",
        "coordinates": [
          12.535209281041977,
          45.670227044563745
        ]
      },
      "properties": {
        "id": "n_5bcf861e5cfb9d242400023d",
        "map": "f_5bcf767a5cfb9d2424000001",
        "externalId": "NODE-XKPOGKWN",
        "neighbors": [
          {
            "id": "n_5bcf861d5cfb9d242400023c",
            "weight": 0
          }
        ],
        "space": [
          "s_5bcf76bc5cfb9d242400018b"
        ],
        "flags": [
          1
        ]
      }
    },
    {
      "type": "Feature",
      "geometry": {
        "type": "Point",
        "coordinates": [
          12.535153784117991,
          45.67011430503836
        ]
      },
      "properties": {
        "id": "n_5bcf86255cfb9d242400023f",
        "map": "f_5bcf767a5cfb9d2424000001",
        "externalId": "NODE-F3UHCNTM",
        "neighbors": [
          {
            "id": "n_5bcf85775cfb9d2424000225",
            "weight": 0
          },
          {
            "id": "n_5bcf861d5cfb9d242400023c",
            "weight": 0
          },
          {
            "id": "n_5bcf86265cfb9d2424000240",
            "weight": 0
          }
        ],
        "space": [],
        "flags": [
          1
        ]
      }
    },
    {
      "type": "Feature",
      "geometry": {
        "type": "Point",
        "coordinates": [
          12.53527047064355,
          45.670164249272055
        ]
      },
      "properties": {
        "id": "n_5bcf86265cfb9d2424000240",
        "map": "f_5bcf767a5cfb9d2424000001",
        "externalId": "NODE-ZFZFQBDS",
        "neighbors": [
          {
            "id": "n_5bcf86255cfb9d242400023f",
            "weight": 0
          }
        ],
        "space": [
          "s_5bcf76bc5cfb9d242400018a"
        ],
        "flags": [
          1
        ]
      }
    },
    {
      "type": "Feature",
      "geometry": {
        "type": "Point",
        "coordinates": [
          12.535324362142132,
          45.670077977433515
        ]
      },
      "properties": {
        "id": "n_5bcf862b5cfb9d2424000241",
        "map": "f_5bcf767a5cfb9d2424000001",
        "externalId": "NODE-4AK0RMDE",
        "neighbors": [
          {
            "id": "n_5bcf85775cfb9d2424000225",
            "weight": 0
          }
        ],
        "space": [
          "s_5bcf76bc5cfb9d2424000189"
        ],
        "flags": [
          1
        ]
      }
    },
    {
      "type": "Feature",
      "geometry": {
        "type": "Point",
        "coordinates": [
          12.535421101753474,
          45.66996915023691
        ]
      },
      "properties": {
        "id": "n_5bcf86315cfb9d2424000242",
        "map": "f_5bcf767a5cfb9d2424000001",
        "externalId": "NODE-VFNKZKJ4",
        "neighbors": [
          {
            "id": "n_5bcf85715cfb9d2424000224",
            "weight": 0
          }
        ],
        "space": [
          "s_5bcf76bc5cfb9d242400018e"
        ],
        "flags": [
          1
        ]
      }
    },
    {
      "type": "Feature",
      "geometry": {
        "type": "Point",
        "coordinates": [
          12.535230266373498,
          45.66975531109644
        ]
      },
      "properties": {
        "id": "n_5bcf86485cfb9d2424000243",
        "map": "f_5bcf767a5cfb9d2424000001",
        "externalId": "NODE-4IFG1OEN",
        "neighbors": [
          {
            "id": "n_5bcf85715cfb9d2424000224",
            "weight": 0
          },
          {
            "id": "n_5bcf864c5cfb9d2424000244",
            "weight": 0
          }
        ],
        "space": [],
        "flags": [
          1
        ]
      }
    },
    {
      "type": "Feature",
      "geometry": {
        "type": "Point",
        "coordinates": [
          12.535315162629356,
          45.66972217824984
        ]
      },
      "properties": {
        "id": "n_5bcf864c5cfb9d2424000244",
        "map": "f_5bcf767a5cfb9d2424000001",
        "externalId": "NODE-ATHT0YMK",
        "neighbors": [
          {
            "id": "n_5bcf86485cfb9d2424000243",
            "weight": 0
          }
        ],
        "space": [
          "s_5bcf76995cfb9d24240000ec"
        ],
        "flags": [
          1
        ]
      }
    },
    {
      "type": "Feature",
      "geometry": {
        "type": "Point",
        "coordinates": [
          12.53545792442421,
          45.66988850514354
        ]
      },
      "properties": {
        "id": "n_5bcf86595cfb9d2424000246",
        "map": "f_5bcf767a5cfb9d2424000001",
        "externalId": "NODE-NMJ49XLK",
        "neighbors": [
          {
            "id": "n_5bcf85715cfb9d2424000224",
            "weight": 0
          },
          {
            "id": "n_5bcf865b5cfb9d2424000247",
            "weight": 0
          },
          {
            "id": "n_5bcf86695cfb9d2424000248",
            "weight": 0
          }
        ],
        "space": [],
        "flags": [
          1
        ]
      }
    },
    {
      "type": "Feature",
      "geometry": {
        "type": "Point",
        "coordinates": [
          12.535436289524768,
          45.669812251753164
        ]
      },
      "properties": {
        "id": "n_5bcf865b5cfb9d2424000247",
        "map": "f_5bcf767a5cfb9d2424000001",
        "externalId": "NODE-VAHOELEJ",
        "neighbors": [
          {
            "id": "n_5bcf86595cfb9d2424000246",
            "weight": 0
          }
        ],
        "space": [
          "s_5bcf76bc5cfb9d242400019e"
        ],
        "flags": [
          1
        ]
      }
    },
    {
      "type": "Feature",
      "geometry": {
        "type": "Point",
        "coordinates": [
          12.535554162204596,
          45.669890595445146
        ]
      },
      "properties": {
        "id": "n_5bcf86695cfb9d2424000248",
        "map": "f_5bcf767a5cfb9d2424000001",
        "externalId": "NODE-QCPMDIXQ",
        "neighbors": [
          {
            "id": "n_5bcf86595cfb9d2424000246",
            "weight": 0
          },
          {
            "id": "n_5bcf86965cfb9d242400024d",
            "weight": 0
          },
          {
            "id": "n_6894b62f32dcf44a98cc88ec",
            "weight": 0
          }
        ],
        "space": [],
        "flags": [
          1
        ]
      }
    },
    {
      "type": "Feature",
      "geometry": {
        "type": "Point",
        "coordinates": [
          12.535649611167045,
          45.669892668533535
        ]
      },
      "properties": {
        "id": "n_5bcf86715cfb9d242400024b",
        "map": "f_5bcf767a5cfb9d2424000001",
        "externalId": "NODE-E2C2YLW2",
        "neighbors": [
          {
            "id": "n_5bcf856b5cfb9d2424000223",
            "weight": 0
          },
          {
            "id": "n_5bcf86995cfb9d242400024e",
            "weight": 0
          },
          {
            "id": "n_6894b62f32dcf44a98cc88ec",
            "weight": 0
          }
        ],
        "space": [],
        "flags": [
          1
        ]
      }
    },
    {
      "type": "Feature",
      "geometry": {
        "type": "Point",
        "coordinates": [
          12.53555508542424,
          45.66995473996502
        ]
      },
      "properties": {
        "id": "n_5bcf86965cfb9d242400024d",
        "map": "f_5bcf767a5cfb9d2424000001",
        "externalId": "NODE-S2OE8Z6A",
        "neighbors": [
          {
            "id": "n_5bcf86695cfb9d2424000248",
            "weight": 0
          }
        ],
        "space": [
          "s_5bcf76bc5cfb9d24240001a0"
        ],
        "flags": [
          1
        ]
      }
    },
    {
      "type": "Feature",
      "geometry": {
        "type": "Point",
        "coordinates": [
          12.535646243733673,
          45.66996837885569
        ]
      },
      "properties": {
        "id": "n_5bcf86995cfb9d242400024e",
        "map": "f_5bcf767a5cfb9d2424000001",
        "externalId": "NODE-GOZC1LJB",
        "neighbors": [
          {
            "id": "n_5bcf86715cfb9d242400024b",
            "weight": 0
          }
        ],
        "space": [
          "s_5bcf76bc5cfb9d2424000190"
        ],
        "flags": [
          1
        ]
      }
    },
    {
      "type": "Feature",
      "geometry": {
        "type": "Point",
        "coordinates": [
          12.535749103607602,
          45.66990648835208
        ]
      },
      "properties": {
        "id": "n_5bcf86ec5cfb9d242400024f",
        "map": "f_5bcf767a5cfb9d2424000001",
        "externalId": "NODE-KL430X8T",
        "neighbors": [
          {
            "id": "n_5bcf856b5cfb9d2424000223",
            "weight": 0
          },
          {
            "id": "n_5bcf86ee5cfb9d2424000250",
            "weight": 0
          },
          {
            "id": "n_5bcf86f25cfb9d2424000251",
            "weight": 0
          },
          {
            "id": "n_5bcf86f85cfb9d2424000253",
            "weight": 0
          }
        ],
        "space": [],
        "flags": [
          1
        ]
      }
    },
    {
      "type": "Feature",
      "geometry": {
        "type": "Point",
        "coordinates": [
          12.535745736307979,
          45.66998219867716
        ]
      },
      "properties": {
        "id": "n_5bcf86ee5cfb9d2424000250",
        "map": "f_5bcf767a5cfb9d2424000001",
        "externalId": "NODE-0SP3XVRL",
        "neighbors": [
          {
            "id": "n_5bcf86ec5cfb9d242400024f",
            "weight": 0
          }
        ],
        "space": [
          "s_5bcf76bc5cfb9d2424000191"
        ],
        "flags": [
          1
        ]
      }
    },
    {
      "type": "Feature",
      "geometry": {
        "type": "Point",
        "coordinates": [
          12.53575221187609,
          45.6698366018981
        ]
      },
      "properties": {
        "id": "n_5bcf86f25cfb9d2424000251",
        "map": "f_5bcf767a5cfb9d2424000001",
        "externalId": "NODE-E3MZ1OR8",
        "neighbors": [
          {
            "id": "n_5bcf86ec5cfb9d242400024f",
            "weight": 0
          }
        ],
        "space": [
          "s_5bfc085a5cfb9d6e7e000001"
        ],
        "flags": [
          1
        ]
      }
    },
    {
      "type": "Feature",
      "geometry": {
        "type": "Point",
        "coordinates": [
          12.535872562692628,
          45.66994414655388
        ]
      },
      "properties": {
        "id": "n_5bcf86f85cfb9d2424000253",
        "map": "f_5bcf767a5cfb9d2424000001",
        "externalId": "NODE-IIZMVGT6",
        "neighbors": [
          {
            "id": "n_5bcf86ec5cfb9d242400024f",
            "weight": 0
          },
          {
            "id": "n_5bcf86fb5cfb9d2424000254",
            "weight": 0
          },
          {
            "id": "n_5bcf86fe5cfb9d2424000255",
            "weight": 0
          },
          {
            "id": "n_5bcf871a5cfb9d2424000256",
            "weight": 0
          }
        ],
        "space": [],
        "flags": [
          1
        ]
      }
    },
    {
      "type": "Feature",
      "geometry": {
        "type": "Point",
        "coordinates": [
          12.53586945456844,
          45.67001403301114
        ]
      },
      "properties": {
        "id": "n_5bcf86fb5cfb9d2424000254",
        "map": "f_5bcf767a5cfb9d2424000001",
        "externalId": "NODE-BDDO2RLS",
        "neighbors": [
          {
            "id": "n_5bcf86f85cfb9d2424000253",
            "weight": 0
          }
        ],
        "space": [
          "s_5bcf76bc5cfb9d2424000192"
        ],
        "flags": [
          1
        ]
      }
    },
    {
      "type": "Feature",
      "geometry": {
        "type": "Point",
        "coordinates": [
          12.53587515279019,
          45.669885907839436
        ]
      },
      "properties": {
        "id": "n_5bcf86fe5cfb9d2424000255",
        "map": "f_5bcf767a5cfb9d2424000001",
        "externalId": "NODE-A7YJPMDM",
        "neighbors": [
          {
            "id": "n_5bcf86f85cfb9d2424000253",
            "weight": 0
          }
        ],
        "space": [
          "s_5bfc08655cfb9d6e7e000002"
        ],
        "flags": [
          1
        ]
      }
    },
    {
      "type": "Feature",
      "geometry": {
        "type": "Point",
        "coordinates": [
          12.535956448391206,
          45.66997241134044
        ]
      },
      "properties": {
        "id": "n_5bcf871a5cfb9d2424000256",
        "map": "f_5bcf767a5cfb9d2424000001",
        "externalId": "NODE-VMDTNBBO",
        "neighbors": [
          {
            "id": "n_5bcf86f85cfb9d2424000253",
            "weight": 0
          },
          {
            "id": "n_5bcf87245cfb9d2424000257",
            "weight": 0
          },
          {
            "id": "n_5bfc53a05cfb9d6a79000011",
            "weight": 0
          }
        ],
        "space": [],
        "flags": [
          1
        ]
      }
    },
    {
      "type": "Feature",
      "geometry": {
        "type": "Point",
        "coordinates": [
          12.53595745885469,
          45.66991101323156
        ]
      },
      "properties": {
        "id": "n_5bcf87245cfb9d2424000257",
        "map": "f_5bcf767a5cfb9d2424000001",
        "externalId": "NODE-E5XD91Z7",
        "neighbors": [
          {
            "id": "n_5bcf871a5cfb9d2424000256",
            "weight": 0
          }
        ],
        "space": [
          "s_5bcf76bc5cfb9d24240001a5"
        ],
        "flags": [
          1
        ]
      }
    },
    {
      "type": "Feature",
      "geometry": {
        "type": "Point",
        "coordinates": [
          12.53646815326857,
          45.669982729195254
        ]
      },
      "properties": {
        "id": "n_5bcf87475cfb9d2424000259",
        "map": "f_5bcf767a5cfb9d2424000001",
        "externalId": "NODE-QLMHOS0Z",
        "neighbors": [
          {
            "id": "n_5bfc53ff5cfb9d6a79000035",
            "weight": 0
          }
        ],
        "space": [
          "s_5bcf76bc5cfb9d2424000193"
        ],
        "flags": [
          1
        ]
      }
    },
    {
      "type": "Feature",
      "geometry": {
        "type": "Point",
        "coordinates": [
          12.536314451578493,
          45.670357373948995
        ]
      },
      "properties": {
        "id": "n_5bcf87755cfb9d242400025f",
        "map": "f_5bcf767a5cfb9d2424000001",
        "externalId": "NODE-0THMAGRG",
        "neighbors": [
          {
            "id": "n_5bfc5d6a5cfb9d6a79000110",
            "weight": 0
          }
        ],
        "space": [
          "s_5bcf76bc5cfb9d242400012e"
        ],
        "flags": [
          1
        ]
      }
    },
    {
      "type": "Feature",
      "geometry": {
        "type": "Point",
        "coordinates": [
          12.53609041701645,
          45.67036391572347
        ]
      },
      "properties": {
        "id": "n_5bcf87e85cfb9d242400026f",
        "map": "f_5bcf767a5cfb9d2424000001",
        "externalId": "NODE-66QRAFVY",
        "neighbors": [
          {
            "id": "n_5bfc5ba25cfb9d6a79000103",
            "weight": 0
          }
        ],
        "space": [
          "s_5bcf76bc5cfb9d2424000166"
        ],
        "flags": [
          1
        ]
      }
    },
    {
      "type": "Feature",
      "geometry": {
        "type": "Point",
        "coordinates": [
          12.535986226278888,
          45.67038965662752
        ]
      },
      "properties": {
        "id": "n_5bcf87f75cfb9d2424000270",
        "map": "f_5bcf767a5cfb9d2424000001",
        "externalId": "NODE-Z07N7LB4",
        "neighbors": [
          {
            "id": "n_5bfc5d605cfb9d6a7900010f",
            "weight": 0
          }
        ],
        "space": [
          "s_5bcf76bc5cfb9d2424000115"
        ],
        "flags": [
          1
        ]
      }
    },
    {
      "type": "Feature",
      "geometry": {
        "type": "Point",
        "coordinates": [
          12.535924567795226,
          45.67041197082922
        ]
      },
      "properties": {
        "id": "n_5bcf87fb5cfb9d2424000272",
        "map": "f_5bcf767a5cfb9d2424000001",
        "externalId": "NODE-F8JWZ34I",
        "neighbors": [
          {
            "id": "n_5bfc5d5d5cfb9d6a7900010e",
            "weight": 0
          }
        ],
        "space": [
          "s_5bcf76bc5cfb9d2424000116"
        ],
        "flags": [
          1
        ]
      }
    },
    {
      "type": "Feature",
      "geometry": {
        "type": "Point",
        "coordinates": [
          12.535867474236431,
          45.67043371374242
        ]
      },
      "properties": {
        "id": "n_5bcf87ff5cfb9d2424000275",
        "map": "f_5bcf767a5cfb9d2424000001",
        "externalId": "NODE-3NC9D39G",
        "neighbors": [
          {
            "id": "n_5bfc5ba25cfb9d6a79000107",
            "weight": 0
          }
        ],
        "space": [
          "s_5bcf76bc5cfb9d2424000117"
        ],
        "flags": [
          1
        ]
      }
    },
    {
      "type": "Feature",
      "geometry": {
        "type": "Point",
        "coordinates": [
          12.535783095271777,
          45.67045519925563
        ]
      },
      "properties": {
        "id": "n_5bcf880b5cfb9d2424000278",
        "map": "f_5bcf767a5cfb9d2424000001",
        "externalId": "NODE-I417N50X",
        "neighbors": [
          {
            "id": "n_5bfc5ba25cfb9d6a79000108",
            "weight": 0
          }
        ],
        "space": [
          "s_5bcf76bc5cfb9d2424000118"
        ],
        "flags": [
          1
        ]
      }
    },
    {
      "type": "Feature",
      "geometry": {
        "type": "Point",
        "coordinates": [
          12.53568049345971,
          45.67051126591872
        ]
      },
      "properties": {
        "id": "n_5bcf88105cfb9d2424000279",
        "map": "f_5bcf767a5cfb9d2424000001",
        "externalId": "NODE-TZNTE52V",
        "neighbors": [
          {
            "id": "n_5bfc5ba25cfb9d6a79000109",
            "weight": 0
          }
        ],
        "space": [
          "s_5bcf76bc5cfb9d242400011a"
        ],
        "flags": [
          1
        ]
      }
    },
    {
      "type": "Feature",
      "geometry": {
        "type": "Point",
        "coordinates": [
          12.535660716445443,
          45.67058079035363
        ]
      },
      "properties": {
        "id": "n_5bcf88595cfb9d242400027b",
        "map": "f_5bcf767a5cfb9d2424000001",
        "externalId": "NODE-1NSNRLR7",
        "neighbors": [
          {
            "id": "n_5bfc5ba25cfb9d6a7900010a",
            "weight": 0
          }
        ],
        "space": [
          "s_5bcf76bc5cfb9d242400011b"
        ],
        "flags": [
          1
        ]
      }
    },
    {
      "type": "Feature",
      "geometry": {
        "type": "Point",
        "coordinates": [
          12.535688973531139,
          45.670866532026984
        ]
      },
      "properties": {
        "id": "n_5bcf886d5cfb9d2424000281",
        "map": "f_5bcf767a5cfb9d2424000001",
        "externalId": "NODE-QIPGD32H",
        "neighbors": [
          {
            "id": "n_5bfc5b735cfb9d6a790000ed",
            "weight": 0
          }
        ],
        "space": [
          "s_5bcf76bc5cfb9d242400011f"
        ],
        "flags": [
          1
        ]
      }
    },
    {
      "type": "Feature",
      "geometry": {
        "type": "Point",
        "coordinates": [
          12.535662237532602,
          45.671084572394506
        ]
      },
      "properties": {
        "id": "n_5bcf88755cfb9d2424000284",
        "map": "f_5bcf767a5cfb9d2424000001",
        "externalId": "NODE-Q827EK3X",
        "neighbors": [
          {
            "id": "n_5bcf8fc45cfb9d242400036c",
            "weight": 0
          },
          {
            "id": "n_5bfc5d785cfb9d6a79000111",
            "weight": 0
          }
        ],
        "space": [],
        "flags": [
          1
        ]
      }
    },
    {
      "type": "Feature",
      "geometry": {
        "type": "Point",
        "coordinates": [
          12.53556999052449,
          45.67120966811136
        ]
      },
      "properties": {
        "id": "n_5bcf889f5cfb9d2424000286",
        "map": "f_5bcf767a5cfb9d2424000001",
        "externalId": "NODE-L1DR2BTT",
        "neighbors": [
          {
            "id": "n_5bcf8fc45cfb9d242400036c",
            "weight": 0
          },
          {
            "id": "n_5bfc1a365cfb9d6e7e000024",
            "weight": 0
          },
          {
            "id": "n_5da76dfe14d121256800002a",
            "weight": 0
          }
        ],
        "space": [],
        "flags": [
          1
        ]
      }
    },
    {
      "type": "Feature",
      "geometry": {
        "type": "Point",
        "coordinates": [
          12.535489838258197,
          45.67131657010435
        ]
      },
      "properties": {
        "id": "n_5bcf88a65cfb9d2424000287",
        "map": "f_5bcf767a5cfb9d2424000001",
        "externalId": "NODE-GIMJ80M7",
        "neighbors": [
          {
            "id": "n_5c12c189f1d68a7e0c000001",
            "weight": 0
          },
          {
            "id": "n_5da0d58714d1214fc800006e",
            "weight": 0
          },
          {
            "id": "n_5da0d58a14d1214fc800006f",
            "weight": 0
          },
          {
            "id": "n_5da76dfe14d121256800002a",
            "weight": 0
          }
        ],
        "space": [],
        "flags": [
          1
        ]
      }
    },
    {
      "type": "Feature",
      "geometry": {
        "type": "Point",
        "coordinates": [
          12.535974248473424,
          45.67146923217652
        ]
      },
      "properties": {
        "id": "n_5bcf88a85cfb9d2424000288",
        "map": "f_5bcf767a5cfb9d2424000001",
        "externalId": "NODE-Q1AVGPNA",
        "neighbors": [
          {
            "id": "n_5bcf8f725cfb9d2424000355",
            "weight": 0
          },
          {
            "id": "n_5bcf8f985cfb9d242400035f",
            "weight": 0
          },
          {
            "id": "n_5bcf8f9a5cfb9d2424000360",
            "weight": 0
          },
          {
            "id": "n_5bcf8f9c5cfb9d2424000361",
            "weight": 0
          }
        ],
        "space": [],
        "flags": [
          1
        ]
      }
    },
    {
      "type": "Feature",
      "geometry": {
        "type": "Point",
        "coordinates": [
          12.53641336871787,
          45.67160506044775
        ]
      },
      "properties": {
        "id": "n_5bcf88b05cfb9d2424000289",
        "map": "f_5bcf767a5cfb9d2424000001",
        "externalId": "NODE-OEM6T6N8",
        "neighbors": [
          {
            "id": "n_5bcf88b95cfb9d242400028a",
            "weight": 0
          },
          {
            "id": "n_5bcf8f5b5cfb9d242400034f",
            "weight": 0
          },
          {
            "id": "n_5bd076985cfb9d2c11000044",
            "weight": 0
          }
        ],
        "space": [],
        "flags": [
          1
        ]
      }
    },
    {
      "type": "Feature",
      "geometry": {
        "type": "Point",
        "coordinates": [
          12.536481909768543,
          45.67162461365617
        ]
      },
      "properties": {
        "id": "n_5bcf88b95cfb9d242400028a",
        "map": "f_5bcf767a5cfb9d2424000001",
        "externalId": "NODE-ES3S049U",
        "neighbors": [
          {
            "id": "n_5bcf88b05cfb9d2424000289",
            "weight": 0
          },
          {
            "id": "n_5bcf8f385cfb9d242400034c",
            "weight": 0
          }
        ],
        "space": [],
        "flags": [
          1
        ]
      }
    },
    {
      "type": "Feature",
      "geometry": {
        "type": "Point",
        "coordinates": [
          12.536724175939186,
          45.67180475806879
        ]
      },
      "properties": {
        "id": "n_5bcf88bb5cfb9d242400028b",
        "map": "f_5bcf767a5cfb9d2424000001",
        "externalId": "NODE-NG0DMDM3",
        "neighbors": [
          {
            "id": "n_5bcf8f1c5cfb9d2424000342",
            "weight": 0
          },
          {
            "id": "n_5bcf8f205cfb9d2424000344",
            "weight": 0
          },
          {
            "id": "n_5bcf8f225cfb9d2424000345",
            "weight": 0
          },
          {
            "id": "n_5bcf8f275cfb9d2424000346",
            "weight": 0
          }
        ],
        "space": [],
        "flags": [
          1
        ]
      }
    },
    {
      "type": "Feature",
      "geometry": {
        "type": "Point",
        "coordinates": [
          12.536847675057075,
          45.67197647005761
        ]
      },
      "properties": {
        "id": "n_5bcf88bf5cfb9d242400028c",
        "map": "f_5bcf767a5cfb9d2424000001",
        "externalId": "NODE-WE8WZ4A8",
        "neighbors": [
          {
            "id": "n_5bcf8f025cfb9d242400033a",
            "weight": 0
          },
          {
            "id": "n_5bcf8f0e5cfb9d242400033d",
            "weight": 0
          },
          {
            "id": "n_5bcf8f155cfb9d242400033f",
            "weight": 0
          }
        ],
        "space": [],
        "flags": [
          1
        ]
      }
    },
    {
      "type": "Feature",
      "geometry": {
        "type": "Point",
        "coordinates": [
          12.53693060968736,
          45.672088326368225
        ]
      },
      "properties": {
        "id": "n_5bcf88ca5cfb9d242400028d",
        "map": "f_5bcf767a5cfb9d2424000001",
        "externalId": "NODE-GM14T2DW",
        "neighbors": [
          {
            "id": "n_5bcf8ea75cfb9d242400031c",
            "weight": 0
          },
          {
            "id": "n_5bcf8f025cfb9d242400033a",
            "weight": 0
          }
        ],
        "space": [],
        "flags": [
          1
        ]
      }
    },
    {
      "type": "Feature",
      "geometry": {
        "type": "Point",
        "coordinates": [
          12.53729630170254,
          45.67244676205788
        ]
      },
      "properties": {
        "id": "n_5bcf88d05cfb9d242400028e",
        "map": "f_5bcf767a5cfb9d2424000001",
        "externalId": "NODE-P46G2J7T",
        "neighbors": [
          {
            "id": "n_5bcf8ed45cfb9d2424000328",
            "weight": 0
          },
          {
            "id": "n_5bcf8ed85cfb9d242400032a",
            "weight": 0
          },
          {
            "id": "n_5bfc57035cfb9d6a7900008f",
            "weight": 0
          },
          {
            "id": "n_5bfc57075cfb9d6a79000090",
            "weight": 0
          },
          {
            "id": "n_5bfc57155cfb9d6a79000092",
            "weight": 0
          }
        ],
        "space": [],
        "flags": [
          1
        ]
      }
    },
    {
      "type": "Feature",
      "geometry": {
        "type": "Point",
        "coordinates": [
          12.53760535436072,
          45.67300144146913
        ]
      },
      "properties": {
        "id": "n_5bcf88e35cfb9d2424000290",
        "map": "f_5bcf767a5cfb9d2424000001",
        "externalId": "NODE-LFPXXEGW",
        "neighbors": [
          {
            "id": "n_5bcf8df05cfb9d2424000306",
            "weight": 0
          },
          {
            "id": "n_5bcf8df45cfb9d2424000307",
            "weight": 0
          },
          {
            "id": "n_5bcf91fb5cfb9d2424000380",
            "weight": 0
          }
        ],
        "space": [],
        "flags": [
          1
        ]
      }
    },
    {
      "type": "Feature",
      "geometry": {
        "type": "Point",
        "coordinates": [
          12.537935112679607,
          45.67285003478563
        ]
      },
      "properties": {
        "id": "n_5bcf88e75cfb9d2424000291",
        "map": "f_5bcf767a5cfb9d2424000001",
        "externalId": "NODE-JM7W5BDL",
        "neighbors": [
          {
            "id": "n_5bcf91d75cfb9d242400037d",
            "weight": 0
          },
          {
            "id": "n_5bfc56205cfb9d6a79000074",
            "weight": 0
          },
          {
            "id": "n_5bfc56445cfb9d6a79000086",
            "weight": 0
          }
        ],
        "space": [],
        "flags": [
          1
        ]
      }
    },
    {
      "type": "Feature",
      "geometry": {
        "type": "Point",
        "coordinates": [
          12.538298836095453,
          45.67260259451145
        ]
      },
      "properties": {
        "id": "n_5bcf88e95cfb9d2424000292",
        "map": "f_5bcf767a5cfb9d2424000001",
        "externalId": "NODE-Q3AK9WUJ",
        "neighbors": [
          {
            "id": "n_5bcf8dcf5cfb9d24240002fa",
            "weight": 0
          },
          {
            "id": "n_5bd0722b5cfb9d2c11000033",
            "weight": 0
          },
          {
            "id": "n_5bd0722e5cfb9d2c11000034",
            "weight": 0
          },
          {
            "id": "n_5bfc554a5cfb9d6a7900005c",
            "weight": 0
          }
        ],
        "space": [],
        "flags": [
          1
        ]
      }
    },
    {
      "type": "Feature",
      "geometry": {
        "type": "Point",
        "coordinates": [
          12.538268807785046,
          45.67233961595933
        ]
      },
      "properties": {
        "id": "n_5bcf88f15cfb9d2424000294",
        "map": "f_5bcf767a5cfb9d2424000001",
        "externalId": "NODE-V6BE6BHG",
        "neighbors": [
          {
            "id": "n_5bcf8db15cfb9d24240002f8",
            "weight": 0
          },
          {
            "id": "n_5bd072385cfb9d2c11000035",
            "weight": 0
          },
          {
            "id": "n_5bfc54f85cfb9d6a7900004b",
            "weight": 0
          }
        ],
        "space": [],
        "flags": [
          1
        ]
      }
    },
    {
      "type": "Feature",
      "geometry": {
        "type": "Point",
        "coordinates": [
          12.53809885857614,
          45.672165711265
        ]
      },
      "properties": {
        "id": "n_5bcf88f95cfb9d2424000295",
        "map": "f_5bcf767a5cfb9d2424000001",
        "externalId": "NODE-T4I4PE44",
        "neighbors": [
          {
            "id": "n_5bcf8d8b5cfb9d24240002ef",
            "weight": 0
          },
          {
            "id": "n_5bcf8da25cfb9d24240002f2",
            "weight": 0
          },
          {
            "id": "n_5bfc149e5cfb9d6e7e000012",
            "weight": 0
          }
        ],
        "space": [],
        "flags": [
          1
        ]
      }
    },
    {
      "type": "Feature",
      "geometry": {
        "type": "Point",
        "coordinates": [
          12.537778803614396,
          45.67195703348084
        ]
      },
      "properties": {
        "id": "n_5bcf88fb5cfb9d2424000296",
        "map": "f_5bcf767a5cfb9d2424000001",
        "externalId": "NODE-5F5W0VBJ",
        "neighbors": [
          {
            "id": "n_5bcf8d485cfb9d24240002e3",
            "weight": 0
          },
          {
            "id": "n_5bcf8d4e5cfb9d24240002e6",
            "weight": 0
          }
        ],
        "space": [],
        "flags": [
          1
        ]
      }
    },
    {
      "type": "Feature",
      "geometry": {
        "type": "Point",
        "coordinates": [
          12.537688389427494,
          45.67188398084205
        ]
      },
      "properties": {
        "id": "n_5bcf88fc5cfb9d2424000297",
        "map": "f_5bcf767a5cfb9d2424000001",
        "externalId": "NODE-JJQNJPIV",
        "neighbors": [
          {
            "id": "n_5bcf8d345cfb9d24240002df",
            "weight": 0
          },
          {
            "id": "n_5bcf8d3d5cfb9d24240002e2",
            "weight": 0
          },
          {
            "id": "n_5bcf8d485cfb9d24240002e3",
            "weight": 0
          }
        ],
        "space": [],
        "flags": [
          1
        ]
      }
    },
    {
      "type": "Feature",
      "geometry": {
        "type": "Point",
        "coordinates": [
          12.537511760280422,
          45.67172858098346
        ]
      },
      "properties": {
        "id": "n_5bcf88fe5cfb9d2424000298",
        "map": "f_5bcf767a5cfb9d2424000001",
        "externalId": "NODE-GVUHDOVS",
        "neighbors": [
          {
            "id": "n_5bcf8d1f5cfb9d24240002d9",
            "weight": 0
          },
          {
            "id": "n_5bcf8d265cfb9d24240002db",
            "weight": 0
          },
          {
            "id": "n_5bcf8d2b5cfb9d24240002dc",
            "weight": 0
          }
        ],
        "space": [],
        "flags": [
          1
        ]
      }
    },
    {
      "type": "Feature",
      "geometry": {
        "type": "Point",
        "coordinates": [
          12.537276059550784,
          45.671423793192076
        ]
      },
      "properties": {
        "id": "n_5bcf89065cfb9d2424000299",
        "map": "f_5bcf767a5cfb9d2424000001",
        "externalId": "NODE-CJYAFK1X",
        "neighbors": [
          {
            "id": "n_5bcf8cff5cfb9d24240002cd",
            "weight": 0
          },
          {
            "id": "n_5bcf8d025cfb9d24240002ce",
            "weight": 0
          },
          {
            "id": "n_5bcf8d055cfb9d24240002cf",
            "weight": 0
          },
          {
            "id": "n_5bfc0eb15cfb9d6e7e00000c",
            "weight": 0
          }
        ],
        "space": [],
        "flags": [
          1
        ]
      }
    },
    {
      "type": "Feature",
      "geometry": {
        "type": "Point",
        "coordinates": [
          12.536795470567036,
          45.67104555676578
        ]
      },
      "properties": {
        "id": "n_5bcf890d5cfb9d242400029b",
        "map": "f_5bcf767a5cfb9d2424000001",
        "externalId": "NODE-4O8FW3IB",
        "neighbors": [
          {
            "id": "n_5bcf8abd5cfb9d24240002b8",
            "weight": 0
          },
          {
            "id": "n_5bfc5cda5cfb9d6a7900010c",
            "weight": 0
          }
        ],
        "space": [],
        "flags": [
          1
        ]
      }
    },
    {
      "type": "Feature",
      "geometry": {
        "type": "Point",
        "coordinates": [
          12.535928358238568,
          45.67019019709106
        ]
      },
      "properties": {
        "id": "n_5bcf893b5cfb9d242400029d",
        "map": "f_5bcf767a5cfb9d2424000001",
        "externalId": "NODE-BYMZIISG",
        "neighbors": [
          {
            "id": "n_5bfc53c25cfb9d6a79000020",
            "weight": 0
          }
        ],
        "space": [
          "s_5bcf76bc5cfb9d242400015f"
        ],
        "flags": [
          1
        ]
      }
    },
    {
      "type": "Feature",
      "geometry": {
        "type": "Point",
        "coordinates": [
          12.536437313394732,
          45.67037613347076
        ]
      },
      "properties": {
        "id": "n_5bcf89dd5cfb9d242400029f",
        "map": "f_5bcf767a5cfb9d2424000001",
        "externalId": "NODE-BCS92XC6",
        "neighbors": [
          {
            "id": "n_5bfc5b915cfb9d6a790000ff",
            "weight": 0
          }
        ],
        "space": [
          "s_5bcf76bc5cfb9d242400012d"
        ],
        "flags": [
          1
        ]
      }
    },
    {
      "type": "Feature",
      "geometry": {
        "type": "Point",
        "coordinates": [
          12.536503469754624,
          45.67038922881882
        ]
      },
      "properties": {
        "id": "n_5bcf89e25cfb9d24240002a1",
        "map": "f_5bcf767a5cfb9d2424000001",
        "externalId": "NODE-WES2TV9C",
        "neighbors": [
          {
            "id": "n_5bfc5b915cfb9d6a790000fe",
            "weight": 0
          }
        ],
        "space": [
          "s_5bcf76bc5cfb9d242400012c"
        ],
        "flags": [
          1
        ]
      }
    },
    {
      "type": "Feature",
      "geometry": {
        "type": "Point",
        "coordinates": [
          12.536602159273759,
          45.67043614197061
        ]
      },
      "properties": {
        "id": "n_5bcf89e55cfb9d24240002a3",
        "map": "f_5bcf767a5cfb9d2424000001",
        "externalId": "NODE-LIS1GYPA",
        "neighbors": [
          {
            "id": "n_5bfc5b915cfb9d6a790000fc",
            "weight": 0
          }
        ],
        "space": [
          "s_5db327d7880d376d76000000"
        ],
        "flags": [
          1
        ]
      }
    },
    {
      "type": "Feature",
      "geometry": {
        "type": "Point",
        "coordinates": [
          12.536732169106665,
          45.67049912484355
        ]
      },
      "properties": {
        "id": "n_5bcf89ec5cfb9d24240002a6",
        "map": "f_5bcf767a5cfb9d2424000001",
        "externalId": "NODE-Z6887UM0",
        "neighbors": [
          {
            "id": "n_5bfc5b915cfb9d6a790000fa",
            "weight": 0
          }
        ],
        "space": [
          "s_5bcf76bc5cfb9d2424000129"
        ],
        "flags": [
          1
        ]
      }
    },
    {
      "type": "Feature",
      "geometry": {
        "type": "Point",
        "coordinates": [
          12.536779585729247,
          45.670558449155216
        ]
      },
      "properties": {
        "id": "n_5bcf89f05cfb9d24240002a7",
        "map": "f_5bcf767a5cfb9d2424000001",
        "externalId": "NODE-OGDPWKSN",
        "neighbors": [
          {
            "id": "n_5db3297d880d376d76000003",
            "weight": 0
          }
        ],
        "space": [
          "s_5bcf76bc5cfb9d2424000128"
        ],
        "flags": [
          1
        ]
      }
    },
    {
      "type": "Feature",
      "geometry": {
        "type": "Point",
        "coordinates": [
          12.536793147343648,
          45.670628697491956
        ]
      },
      "properties": {
        "id": "n_5bcf89f85cfb9d24240002aa",
        "map": "f_5bcf767a5cfb9d2424000001",
        "externalId": "NODE-6IKWPJMT",
        "neighbors": [
          {
            "id": "n_5db3297b880d376d76000002",
            "weight": 0
          }
        ],
        "space": [
          "s_5bcf76bc5cfb9d2424000127"
        ],
        "flags": [
          1
        ]
      }
    },
    {
      "type": "Feature",
      "geometry": {
        "type": "Point",
        "coordinates": [
          12.536794496504548,
          45.67068842080169
        ]
      },
      "properties": {
        "id": "n_5bcf89fd5cfb9d24240002ab",
        "map": "f_5bcf767a5cfb9d2424000001",
        "externalId": "NODE-AJHS80U4",
        "neighbors": [
          {
            "id": "n_5bfc5af45cfb9d6a790000d7",
            "weight": 0
          }
        ],
        "space": [
          "s_5bcf76bc5cfb9d2424000126"
        ],
        "flags": [
          1
        ]
      }
    },
    {
      "type": "Feature",
      "geometry": {
        "type": "Point",
        "coordinates": [
          12.536785897635266,
          45.67079176595031
        ]
      },
      "properties": {
        "id": "n_5bcf8a025cfb9d24240002ac",
        "map": "f_5bcf767a5cfb9d2424000001",
        "externalId": "NODE-3ETQY39X",
        "neighbors": [
          {
            "id": "n_5bfc5b835cfb9d6a790000f1",
            "weight": 0
          }
        ],
        "space": [
          "s_5bcf76bc5cfb9d2424000183"
        ],
        "flags": [
          1
        ]
      }
    },
    {
      "type": "Feature",
      "geometry": {
        "type": "Point",
        "coordinates": [
          12.536216458847438,
          45.67101484518154
        ]
      },
      "properties": {
        "id": "n_5bcf8a115cfb9d24240002b0",
        "map": "f_5bcf767a5cfb9d2424000001",
        "externalId": "NODE-JGEZR2RT",
        "neighbors": [
          {
            "id": "n_5bfc5b375cfb9d6a790000db",
            "weight": 0
          }
        ],
        "space": [
          "s_5bcf76bc5cfb9d2424000123"
        ],
        "flags": [
          1
        ]
      }
    },
    {
      "type": "Feature",
      "geometry": {
        "type": "Point",
        "coordinates": [
          12.53612545943457,
          45.671010606653226
        ]
      },
      "properties": {
        "id": "n_5bcf8a155cfb9d24240002b2",
        "map": "f_5bcf767a5cfb9d2424000001",
        "externalId": "NODE-09MZUON8",
        "neighbors": [
          {
            "id": "n_5bfc5b735cfb9d6a790000e7",
            "weight": 0
          }
        ],
        "space": [
          "s_60d5df19ac444d093f000000"
        ],
        "flags": [
          1
        ]
      }
    },
    {
      "type": "Feature",
      "geometry": {
        "type": "Point",
        "coordinates": [
          12.535877500329098,
          45.670958586147286
        ]
      },
      "properties": {
        "id": "n_5bcf8a1f5cfb9d24240002b4",
        "map": "f_5bcf767a5cfb9d2424000001",
        "externalId": "NODE-PMZQK7XF",
        "neighbors": [
          {
            "id": "n_5bfc5b735cfb9d6a790000ea",
            "weight": 0
          }
        ],
        "space": [
          "s_5bcf76bc5cfb9d2424000120"
        ],
        "flags": [
          1
        ]
      }
    },
    {
      "type": "Feature",
      "geometry": {
        "type": "Point",
        "coordinates": [
          12.536831551253156,
          45.67107840223452
        ]
      },
      "properties": {
        "id": "n_5bcf8abd5cfb9d24240002b8",
        "map": "f_5bcf767a5cfb9d2424000001",
        "externalId": "NODE-36ZEQL7Q",
        "neighbors": [
          {
            "id": "n_5bcf890d5cfb9d242400029b",
            "weight": 0
          },
          {
            "id": "n_5bcf8ac85cfb9d24240002ba",
            "weight": 0
          },
          {
            "id": "n_5c0ac36ef1d68a2bae00001e",
            "weight": 0
          },
          {
            "id": "n_66a7a3088f0568582b404ccd",
            "weight": 0
          }
        ],
        "space": [],
        "flags": [
          1
        ]
      }
    },
    {
      "type": "Feature",
      "geometry": {
        "type": "Point",
        "coordinates": [
          12.536697348123434,
          45.67114746492429
        ]
      },
      "properties": {
        "id": "n_5bcf8abe5cfb9d24240002b9",
        "map": "f_5bcf767a5cfb9d2424000001",
        "externalId": "NODE-NWY0FFD1",
        "neighbors": [
          {
            "id": "n_5c0ac36ef1d68a2bae00001e",
            "weight": 0
          }
        ],
        "space": [
          "s_5bcf76bc5cfb9d2424000110"
        ],
        "flags": [
          1
        ]
      }
    },
    {
      "type": "Feature",
      "geometry": {
        "type": "Point",
        "coordinates": [
          12.537005564828947,
          45.67098490541544
        ]
      },
      "properties": {
        "id": "n_5bcf8ac85cfb9d24240002ba",
        "map": "f_5bcf767a5cfb9d2424000001",
        "externalId": "NODE-GVL10SMX",
        "neighbors": [
          {
            "id": "n_5bcf8abd5cfb9d24240002b8",
            "weight": 0
          }
        ],
        "space": [
          "s_5bcf76bc5cfb9d2424000111"
        ],
        "flags": [
          1
        ]
      }
    },
    {
      "type": "Feature",
      "geometry": {
        "type": "Point",
        "coordinates": [
          12.537098786958671,
          45.67126791231581
        ]
      },
      "properties": {
        "id": "n_5bcf8af25cfb9d24240002bc",
        "map": "f_5bcf767a5cfb9d2424000001",
        "externalId": "NODE-GZ8UF2VK",
        "neighbors": [
          {
            "id": "n_5bcf8b1c5cfb9d24240002c5",
            "weight": 0
          },
          {
            "id": "n_5bcf8b2f5cfb9d24240002c6",
            "weight": 0
          },
          {
            "id": "n_5bcf8b395cfb9d24240002c8",
            "weight": 0
          },
          {
            "id": "n_5bfc0f0b5cfb9d6e7e00000e",
            "weight": 0
          }
        ],
        "space": [],
        "flags": [
          1
        ]
      }
    },
    {
      "type": "Feature",
      "geometry": {
        "type": "Point",
        "coordinates": [
          12.53707818206639,
          45.671040814415875
        ]
      },
      "properties": {
        "id": "n_5bcf8b035cfb9d24240002be",
        "map": "f_5bcf767a5cfb9d2424000001",
        "externalId": "NODE-T3N5G4JQ",
        "neighbors": [
          {
            "id": "n_66a7a3088f0568582b404ccd",
            "weight": 0
          }
        ],
        "space": [
          "s_5bcf76bc5cfb9d2424000112"
        ],
        "flags": [
          1
        ]
      }
    },
    {
      "type": "Feature",
      "geometry": {
        "type": "Point",
        "coordinates": [
          12.536776145604755,
          45.671199349233845
        ]
      },
      "properties": {
        "id": "n_5bcf8b085cfb9d24240002bf",
        "map": "f_5bcf767a5cfb9d2424000001",
        "externalId": "NODE-HVIR22WG",
        "neighbors": [
          {
            "id": "n_66a7a3088f0568582b404ccd",
            "weight": 0
          }
        ],
        "space": [
          "s_5bcf76bc5cfb9d242400010f"
        ],
        "flags": [
          1
        ]
      }
    },
    {
      "type": "Feature",
      "geometry": {
        "type": "Point",
        "coordinates": [
          12.536834496350808,
          45.671237924751644
        ]
      },
      "properties": {
        "id": "n_5bcf8b145cfb9d24240002c1",
        "map": "f_5bcf767a5cfb9d2424000001",
        "externalId": "NODE-BLKGIDB3",
        "neighbors": [
          {
            "id": "n_5bcf8b155cfb9d24240002c2",
            "weight": 0
          }
        ],
        "space": [
          "s_5bcf76bc5cfb9d242400010e"
        ],
        "flags": [
          1
        ]
      }
    },
    {
      "type": "Feature",
      "geometry": {
        "type": "Point",
        "coordinates": [
          12.536951626475213,
          45.67116280898599
        ]
      },
      "properties": {
        "id": "n_5bcf8b155cfb9d24240002c2",
        "map": "f_5bcf767a5cfb9d2424000001",
        "externalId": "NODE-K93XGXER",
        "neighbors": [
          {
            "id": "n_5bcf8b145cfb9d24240002c1",
            "weight": 0
          },
          {
            "id": "n_5bcf8b1a5cfb9d24240002c4",
            "weight": 0
          },
          {
            "id": "n_66a7a3088f0568582b404ccd",
            "weight": 0
          }
        ],
        "space": [],
        "flags": [
          1
        ]
      }
    },
    {
      "type": "Feature",
      "geometry": {
        "type": "Point",
        "coordinates": [
          12.537166582002207,
          45.67109403273295
        ]
      },
      "properties": {
        "id": "n_5bcf8b195cfb9d24240002c3",
        "map": "f_5bcf767a5cfb9d2424000001",
        "externalId": "NODE-3R58KGYS",
        "neighbors": [
          {
            "id": "n_5bcf8b1a5cfb9d24240002c4",
            "weight": 0
          }
        ],
        "space": [
          "s_5bcf76bc5cfb9d2424000113"
        ],
        "flags": [
          1
        ]
      }
    },
    {
      "type": "Feature",
      "geometry": {
        "type": "Point",
        "coordinates": [
          12.536999198466004,
          45.67119678525948
        ]
      },
      "properties": {
        "id": "n_5bcf8b1a5cfb9d24240002c4",
        "map": "f_5bcf767a5cfb9d2424000001",
        "externalId": "NODE-AKPTSXW1",
        "neighbors": [
          {
            "id": "n_5bcf8b195cfb9d24240002c3",
            "weight": 0
          },
          {
            "id": "n_5bcf8b155cfb9d24240002c2",
            "weight": 0
          },
          {
            "id": "n_5bcf8b395cfb9d24240002c8",
            "weight": 0
          }
        ],
        "space": [],
        "flags": [
          1
        ]
      }
    },
    {
      "type": "Feature",
      "geometry": {
        "type": "Point",
        "coordinates": [
          12.537236370613797,
          45.6712056083209
        ]
      },
      "properties": {
        "id": "n_5bcf8b1c5cfb9d24240002c5",
        "map": "f_5bcf767a5cfb9d2424000001",
        "externalId": "NODE-Q1IL9WI2",
        "neighbors": [
          {
            "id": "n_5bcf8af25cfb9d24240002bc",
            "weight": 0
          }
        ],
        "space": [
          "s_5bcf76bc5cfb9d2424000114"
        ],
        "flags": [
          1
        ]
      }
    },
    {
      "type": "Feature",
      "geometry": {
        "type": "Point",
        "coordinates": [
          12.536998914215447,
          45.67132264037891
        ]
      },
      "properties": {
        "id": "n_5bcf8b2f5cfb9d24240002c6",
        "map": "f_5bcf767a5cfb9d2424000001",
        "externalId": "NODE-TT3EWE45",
        "neighbors": [
          {
            "id": "n_5bcf8af25cfb9d24240002bc",
            "weight": 0
          }
        ],
        "space": [
          "s_5bfc0e255cfb9d6e7e000009"
        ],
        "flags": [
          1
        ]
      }
    },
    {
      "type": "Feature",
      "geometry": {
        "type": "Point",
        "coordinates": [
          12.537026176342259,
          45.67121605303011
        ]
      },
      "properties": {
        "id": "n_5bcf8b395cfb9d24240002c8",
        "map": "f_5bcf767a5cfb9d2424000001",
        "externalId": "NODE-1YD9U7Q2",
        "neighbors": [
          {
            "id": "n_5bcf8af25cfb9d24240002bc",
            "weight": 0
          },
          {
            "id": "n_5bcf8b1a5cfb9d24240002c4",
            "weight": 0
          },
          {
            "id": "n_5bcf8b3a5cfb9d24240002c9",
            "weight": 0
          }
        ],
        "space": [],
        "flags": [
          1
        ]
      }
    },
    {
      "type": "Feature",
      "geometry": {
        "type": "Point",
        "coordinates": [
          12.536935726427952,
          45.67127276738082
        ]
      },
      "properties": {
        "id": "n_5bcf8b3a5cfb9d24240002c9",
        "map": "f_5bcf767a5cfb9d2424000001",
        "externalId": "NODE-GIXGRPKM",
        "neighbors": [
          {
            "id": "n_5bcf8b395cfb9d24240002c8",
            "weight": 0
          }
        ],
        "space": [
          "s_5bcf76bc5cfb9d242400010d"
        ],
        "flags": [
          1
        ]
      }
    },
    {
      "type": "Feature",
      "geometry": {
        "type": "Point",
        "coordinates": [
          12.537315604115726,
          45.67127455653387
        ]
      },
      "properties": {
        "id": "n_5bcf8cf45cfb9d24240002ca",
        "map": "f_5bcf767a5cfb9d2424000001",
        "externalId": "NODE-3IW01OYP",
        "neighbors": [
          {
            "id": "n_5bcf8cf65cfb9d24240002cb",
            "weight": 0
          }
        ],
        "space": [
          "s_5bcf76bc5cfb9d2424000182"
        ],
        "flags": [
          1
        ]
      }
    },
    {
      "type": "Feature",
      "geometry": {
        "type": "Point",
        "coordinates": [
          12.53717783821827,
          45.67133682181897
        ]
      },
      "properties": {
        "id": "n_5bcf8cf65cfb9d24240002cb",
        "map": "f_5bcf767a5cfb9d2424000001",
        "externalId": "NODE-2AJI0NQK",
        "neighbors": [
          {
            "id": "n_5bcf8cf45cfb9d24240002ca",
            "weight": 0
          },
          {
            "id": "n_5bfc0eb15cfb9d6e7e00000c",
            "weight": 0
          },
          {
            "id": "n_5bfc0f0b5cfb9d6e7e00000e",
            "weight": 0
          }
        ],
        "space": [],
        "flags": [
          1
        ]
      }
    },
    {
      "type": "Feature",
      "geometry": {
        "type": "Point",
        "coordinates": [
          12.537057940478354,
          45.6713765764655
        ]
      },
      "properties": {
        "id": "n_5bcf8cf85cfb9d24240002cc",
        "map": "f_5bcf767a5cfb9d2424000001",
        "externalId": "NODE-3ZKLCZJE",
        "neighbors": [
          {
            "id": "n_5bfc0f0b5cfb9d6e7e00000e",
            "weight": 0
          }
        ],
        "space": [
          "s_5bfc0e4c5cfb9d6e7e00000b"
        ],
        "flags": [
          1
        ]
      }
    },
    {
      "type": "Feature",
      "geometry": {
        "type": "Point",
        "coordinates": [
          12.537393497711381,
          45.671372247973494
        ]
      },
      "properties": {
        "id": "n_5bcf8cff5cfb9d24240002cd",
        "map": "f_5bcf767a5cfb9d2424000001",
        "externalId": "NODE-Z90VKLOE",
        "neighbors": [
          {
            "id": "n_5bcf89065cfb9d2424000299",
            "weight": 0
          }
        ],
        "space": [
          "s_5bcf76bc5cfb9d2424000142"
        ],
        "flags": [
          1
        ]
      }
    },
    {
      "type": "Feature",
      "geometry": {
        "type": "Point",
        "coordinates": [
          12.537164787648459,
          45.67147268122352
        ]
      },
      "properties": {
        "id": "n_5bcf8d025cfb9d24240002ce",
        "map": "f_5bcf767a5cfb9d2424000001",
        "externalId": "NODE-WMCZX2XB",
        "neighbors": [
          {
            "id": "n_5bcf89065cfb9d2424000299",
            "weight": 0
          }
        ],
        "space": [
          "s_5bcf76bc5cfb9d2424000171"
        ],
        "flags": [
          1
        ]
      }
    },
    {
      "type": "Feature",
      "geometry": {
        "type": "Point",
        "coordinates": [
          12.537329160290666,
          45.671492458921016
        ]
      },
      "properties": {
        "id": "n_5bcf8d055cfb9d24240002cf",
        "map": "f_5bcf767a5cfb9d2424000001",
        "externalId": "NODE-6GJNLRYP",
        "neighbors": [
          {
            "id": "n_5bcf89065cfb9d2424000299",
            "weight": 0
          },
          {
            "id": "n_5bcf8d065cfb9d24240002d0",
            "weight": 0
          },
          {
            "id": "n_5bcf8d095cfb9d24240002d1",
            "weight": 0
          },
          {
            "id": "n_5bcf8d0d5cfb9d24240002d2",
            "weight": 0
          }
        ],
        "space": [],
        "flags": [
          1
        ]
      }
    },
    {
      "type": "Feature",
      "geometry": {
        "type": "Point",
        "coordinates": [
          12.537435175086936,
          45.67145456500557
        ]
      },
      "properties": {
        "id": "n_5bcf8d065cfb9d24240002d0",
        "map": "f_5bcf767a5cfb9d2424000001",
        "externalId": "NODE-A9Q06MGX",
        "neighbors": [
          {
            "id": "n_5bcf8d055cfb9d24240002cf",
            "weight": 0
          }
        ],
        "space": [
          "s_5bcf76bc5cfb9d2424000168"
        ],
        "flags": [
          1
        ]
      }
    },
    {
      "type": "Feature",
      "geometry": {
        "type": "Point",
        "coordinates": [
          12.537223502372038,
          45.671532050200994
        ]
      },
      "properties": {
        "id": "n_5bcf8d095cfb9d24240002d1",
        "map": "f_5bcf767a5cfb9d2424000001",
        "externalId": "NODE-QJ5MA7H3",
        "neighbors": [
          {
            "id": "n_5bcf8d055cfb9d24240002cf",
            "weight": 0
          }
        ],
        "space": [
          "s_5bcf76bc5cfb9d2424000170"
        ],
        "flags": [
          1
        ]
      }
    },
    {
      "type": "Feature",
      "geometry": {
        "type": "Point",
        "coordinates": [
          12.537383030793036,
          45.671562119879106
        ]
      },
      "properties": {
        "id": "n_5bcf8d0d5cfb9d24240002d2",
        "map": "f_5bcf767a5cfb9d2424000001",
        "externalId": "NODE-NKR12IQU",
        "neighbors": [
          {
            "id": "n_5bcf8d055cfb9d24240002cf",
            "weight": 0
          },
          {
            "id": "n_5bcf8d0e5cfb9d24240002d3",
            "weight": 0
          },
          {
            "id": "n_5bcf8d115cfb9d24240002d4",
            "weight": 0
          },
          {
            "id": "n_5bcf8d155cfb9d24240002d5",
            "weight": 0
          }
        ],
        "space": [],
        "flags": [
          1
        ]
      }
    },
    {
      "type": "Feature",
      "geometry": {
        "type": "Point",
        "coordinates": [
          12.537477792401006,
          45.67152406656941
        ]
      },
      "properties": {
        "id": "n_5bcf8d0e5cfb9d24240002d3",
        "map": "f_5bcf767a5cfb9d2424000001",
        "externalId": "NODE-WN2SL8BT",
        "neighbors": [
          {
            "id": "n_5bcf8d0d5cfb9d24240002d2",
            "weight": 0
          }
        ],
        "space": [
          "s_5bcf76bc5cfb9d2424000169"
        ],
        "flags": [
          1
        ]
      }
    },
    {
      "type": "Feature",
      "geometry": {
        "type": "Point",
        "coordinates": [
          12.537284705830539,
          45.671603820715575
        ]
      },
      "properties": {
        "id": "n_5bcf8d115cfb9d24240002d4",
        "map": "f_5bcf767a5cfb9d2424000001",
        "externalId": "NODE-42ULRGKH",
        "neighbors": [
          {
            "id": "n_5bcf8d0d5cfb9d24240002d2",
            "weight": 0
          }
        ],
        "space": [
          "s_5bcf76bc5cfb9d242400016f"
        ],
        "flags": [
          1
        ]
      }
    },
    {
      "type": "Feature",
      "geometry": {
        "type": "Point",
        "coordinates": [
          12.537423849746672,
          45.671614903180966
        ]
      },
      "properties": {
        "id": "n_5bcf8d155cfb9d24240002d5",
        "map": "f_5bcf767a5cfb9d2424000001",
        "externalId": "NODE-Q5SCKOR9",
        "neighbors": [
          {
            "id": "n_5bcf8d0d5cfb9d24240002d2",
            "weight": 0
          },
          {
            "id": "n_5bcf8d165cfb9d24240002d6",
            "weight": 0
          },
          {
            "id": "n_5bcf8d195cfb9d24240002d7",
            "weight": 0
          },
          {
            "id": "n_5bcf8d1f5cfb9d24240002d9",
            "weight": 0
          }
        ],
        "space": [],
        "flags": [
          1
        ]
      }
    },
    {
      "type": "Feature",
      "geometry": {
        "type": "Point",
        "coordinates": [
          12.537522104662642,
          45.671578193247555
        ]
      },
      "properties": {
        "id": "n_5bcf8d165cfb9d24240002d6",
        "map": "f_5bcf767a5cfb9d2424000001",
        "externalId": "NODE-S7B26B3Z",
        "neighbors": [
          {
            "id": "n_5bcf8d155cfb9d24240002d5",
            "weight": 0
          }
        ],
        "space": [
          "s_5bcf76bc5cfb9d2424000167"
        ],
        "flags": [
          1
        ]
      }
    },
    {
      "type": "Feature",
      "geometry": {
        "type": "Point",
        "coordinates": [
          12.537319724811706,
          45.67165681298445
        ]
      },
      "properties": {
        "id": "n_5bcf8d195cfb9d24240002d7",
        "map": "f_5bcf767a5cfb9d2424000001",
        "externalId": "NODE-C5OPEXAP",
        "neighbors": [
          {
            "id": "n_5bcf8d155cfb9d24240002d5",
            "weight": 0
          }
        ],
        "space": [
          "s_5bcf76bc5cfb9d242400016e"
        ],
        "flags": [
          1
        ]
      }
    },
    {
      "type": "Feature",
      "geometry": {
        "type": "Point",
        "coordinates": [
          12.537382747703912,
          45.67171041305076
        ]
      },
      "properties": {
        "id": "n_5bcf8d1e5cfb9d24240002d8",
        "map": "f_5bcf767a5cfb9d2424000001",
        "externalId": "NODE-NHEAW0Z6",
        "neighbors": [
          {
            "id": "n_5bcf8d1f5cfb9d24240002d9",
            "weight": 0
          }
        ],
        "space": [
          "s_5bcf76bc5cfb9d2424000146"
        ],
        "flags": [
          1
        ]
      }
    },
    {
      "type": "Feature",
      "geometry": {
        "type": "Point",
        "coordinates": [
          12.537470101018872,
          45.6716747109572
        ]
      },
      "properties": {
        "id": "n_5bcf8d1f5cfb9d24240002d9",
        "map": "f_5bcf767a5cfb9d2424000001",
        "externalId": "NODE-N526YW7S",
        "neighbors": [
          {
            "id": "n_5bcf8d1e5cfb9d24240002d8",
            "weight": 0
          },
          {
            "id": "n_5bcf88fe5cfb9d2424000298",
            "weight": 0
          },
          {
            "id": "n_5bcf8d155cfb9d24240002d5",
            "weight": 0
          },
          {
            "id": "n_5bcf8d205cfb9d24240002da",
            "weight": 0
          }
        ],
        "space": [],
        "flags": [
          1
        ]
      }
    },
    {
      "type": "Feature",
      "geometry": {
        "type": "Point",
        "coordinates": [
          12.537559376717637,
          45.67164056155767
        ]
      },
      "properties": {
        "id": "n_5bcf8d205cfb9d24240002da",
        "map": "f_5bcf767a5cfb9d2424000001",
        "externalId": "NODE-JOEHZPWV",
        "neighbors": [
          {
            "id": "n_5bcf8d1f5cfb9d24240002d9",
            "weight": 0
          }
        ],
        "space": [
          "s_5bcf76bc5cfb9d2424000141"
        ],
        "flags": [
          1
        ]
      }
    },
    {
      "type": "Feature",
      "geometry": {
        "type": "Point",
        "coordinates": [
          12.537373219049869,
          45.671797393638215
        ]
      },
      "properties": {
        "id": "n_5bcf8d265cfb9d24240002db",
        "map": "f_5bcf767a5cfb9d2424000001",
        "externalId": "NODE-CJ13T79A",
        "neighbors": [
          {
            "id": "n_5bcf88fe5cfb9d2424000298",
            "weight": 0
          }
        ],
        "space": [
          "s_5bcf76bc5cfb9d2424000145"
        ],
        "flags": [
          1
        ]
      }
    },
    {
      "type": "Feature",
      "geometry": {
        "type": "Point",
        "coordinates": [
          12.537558694257111,
          45.67176877372242
        ]
      },
      "properties": {
        "id": "n_5bcf8d2b5cfb9d24240002dc",
        "map": "f_5bcf767a5cfb9d2424000001",
        "externalId": "NODE-7WN6ESIJ",
        "neighbors": [
          {
            "id": "n_5bcf88fe5cfb9d2424000298",
            "weight": 0
          },
          {
            "id": "n_5bcf8d2c5cfb9d24240002dd",
            "weight": 0
          },
          {
            "id": "n_5bcf8d305cfb9d24240002de",
            "weight": 0
          },
          {
            "id": "n_5bcf8d345cfb9d24240002df",
            "weight": 0
          }
        ],
        "space": [],
        "flags": [
          1
        ]
      }
    },
    {
      "type": "Feature",
      "geometry": {
        "type": "Point",
        "coordinates": [
          12.53767564628382,
          45.67169016516726
        ]
      },
      "properties": {
        "id": "n_5bcf8d2c5cfb9d24240002dd",
        "map": "f_5bcf767a5cfb9d2424000001",
        "externalId": "NODE-PE5DO0FL",
        "neighbors": [
          {
            "id": "n_5bcf8d2b5cfb9d24240002dc",
            "weight": 0
          }
        ],
        "space": [
          "s_5bcf76bc5cfb9d2424000140"
        ],
        "flags": [
          1
        ]
      }
    },
    {
      "type": "Feature",
      "geometry": {
        "type": "Point",
        "coordinates": [
          12.537453031317154,
          45.671833636383724
        ]
      },
      "properties": {
        "id": "n_5bcf8d305cfb9d24240002de",
        "map": "f_5bcf767a5cfb9d2424000001",
        "externalId": "NODE-N9NUSZ5M",
        "neighbors": [
          {
            "id": "n_5bcf8d2b5cfb9d24240002dc",
            "weight": 0
          }
        ],
        "space": [
          "s_5bcf76bc5cfb9d242400016d"
        ],
        "flags": [
          1
        ]
      }
    },
    {
      "type": "Feature",
      "geometry": {
        "type": "Point",
        "coordinates": [
          12.53762723718987,
          45.67182965989112
        ]
      },
      "properties": {
        "id": "n_5bcf8d345cfb9d24240002df",
        "map": "f_5bcf767a5cfb9d2424000001",
        "externalId": "NODE-9MII3JEM",
        "neighbors": [
          {
            "id": "n_5bcf88fc5cfb9d2424000297",
            "weight": 0
          },
          {
            "id": "n_5bcf8d2b5cfb9d24240002dc",
            "weight": 0
          },
          {
            "id": "n_5bcf8d355cfb9d24240002e0",
            "weight": 0
          },
          {
            "id": "n_5bcf8d385cfb9d24240002e1",
            "weight": 0
          }
        ],
        "space": [],
        "flags": [
          1
        ]
      }
    },
    {
      "type": "Feature",
      "geometry": {
        "type": "Point",
        "coordinates": [
          12.537522597897347,
          45.671890176536046
        ]
      },
      "properties": {
        "id": "n_5bcf8d355cfb9d24240002e0",
        "map": "f_5bcf767a5cfb9d2424000001",
        "externalId": "NODE-K6W4UDJ3",
        "neighbors": [
          {
            "id": "n_5bcf8d345cfb9d24240002df",
            "weight": 0
          }
        ],
        "space": [
          "s_5bcf76bc5cfb9d242400016c"
        ],
        "flags": [
          1
        ]
      }
    },
    {
      "type": "Feature",
      "geometry": {
        "type": "Point",
        "coordinates": [
          12.537753131197434,
          45.67174874244774
        ]
      },
      "properties": {
        "id": "n_5bcf8d385cfb9d24240002e1",
        "map": "f_5bcf767a5cfb9d2424000001",
        "externalId": "NODE-FPDUHD4A",
        "neighbors": [
          {
            "id": "n_5bcf8d345cfb9d24240002df",
            "weight": 0
          }
        ],
        "space": [
          "s_5bcf76bc5cfb9d2424000178"
        ],
        "flags": [
          1
        ]
      }
    },
    {
      "type": "Feature",
      "geometry": {
        "type": "Point",
        "coordinates": [
          12.537590023111497,
          45.671939878814236
        ]
      },
      "properties": {
        "id": "n_5bcf8d3d5cfb9d24240002e2",
        "map": "f_5bcf767a5cfb9d2424000001",
        "externalId": "NODE-BM3E8KJT",
        "neighbors": [
          {
            "id": "n_5bcf88fc5cfb9d2424000297",
            "weight": 0
          }
        ],
        "space": [
          "s_5bcf76bc5cfb9d242400016b"
        ],
        "flags": [
          1
        ]
      }
    },
    {
      "type": "Feature",
      "geometry": {
        "type": "Point",
        "coordinates": [
          12.537740524215662,
          45.671926104602086
        ]
      },
      "properties": {
        "id": "n_5bcf8d485cfb9d24240002e3",
        "map": "f_5bcf767a5cfb9d2424000001",
        "externalId": "NODE-VEBV56GP",
        "neighbors": [
          {
            "id": "n_5bcf88fb5cfb9d2424000296",
            "weight": 0
          },
          {
            "id": "n_5bcf88fc5cfb9d2424000297",
            "weight": 0
          },
          {
            "id": "n_5bcf8d495cfb9d24240002e4",
            "weight": 0
          },
          {
            "id": "n_5bcf8d4c5cfb9d24240002e5",
            "weight": 0
          }
        ],
        "space": [],
        "flags": [
          1
        ]
      }
    },
    {
      "type": "Feature",
      "geometry": {
        "type": "Point",
        "coordinates": [
          12.537800744410168,
          45.67188382480487
        ]
      },
      "properties": {
        "id": "n_5bcf8d495cfb9d24240002e4",
        "map": "f_5bcf767a5cfb9d2424000001",
        "externalId": "NODE-SV8ONN2L",
        "neighbors": [
          {
            "id": "n_5bcf8d485cfb9d24240002e3",
            "weight": 0
          }
        ],
        "space": [
          "s_5bcf76bc5cfb9d242400013f"
        ],
        "flags": [
          1
        ]
      }
    },
    {
      "type": "Feature",
      "geometry": {
        "type": "Point",
        "coordinates": [
          12.537658877678226,
          45.67198241269154
        ]
      },
      "properties": {
        "id": "n_5bcf8d4c5cfb9d24240002e5",
        "map": "f_5bcf767a5cfb9d2424000001",
        "externalId": "NODE-HQWIYP0S",
        "neighbors": [
          {
            "id": "n_5bcf8d485cfb9d24240002e3",
            "weight": 0
          }
        ],
        "space": [
          "s_5bcf76bc5cfb9d242400016a"
        ],
        "flags": [
          1
        ]
      }
    },
    {
      "type": "Feature",
      "geometry": {
        "type": "Point",
        "coordinates": [
          12.537817568244417,
          45.67198197241571
        ]
      },
      "properties": {
        "id": "n_5bcf8d4e5cfb9d24240002e6",
        "map": "f_5bcf767a5cfb9d2424000001",
        "externalId": "NODE-6ODRJTSG",
        "neighbors": [
          {
            "id": "n_5bcf88fb5cfb9d2424000296",
            "weight": 0
          },
          {
            "id": "n_5bcf8d4f5cfb9d24240002e7",
            "weight": 0
          },
          {
            "id": "n_5bcf8d515cfb9d24240002e8",
            "weight": 0
          },
          {
            "id": "n_5bcf8d565cfb9d24240002e9",
            "weight": 0
          }
        ],
        "space": [],
        "flags": [
          1
        ]
      }
    },
    {
      "type": "Feature",
      "geometry": {
        "type": "Point",
        "coordinates": [
          12.537746111776068,
          45.67203187434314
        ]
      },
      "properties": {
        "id": "n_5bcf8d4f5cfb9d24240002e7",
        "map": "f_5bcf767a5cfb9d2424000001",
        "externalId": "NODE-HYD83LXC",
        "neighbors": [
          {
            "id": "n_5bcf8d4e5cfb9d24240002e6",
            "weight": 0
          }
        ],
        "space": [
          "s_5bcf76bc5cfb9d2424000144"
        ],
        "flags": [
          1
        ]
      }
    },
    {
      "type": "Feature",
      "geometry": {
        "type": "Point",
        "coordinates": [
          12.537886396499564,
          45.67193884833389
        ]
      },
      "properties": {
        "id": "n_5bcf8d515cfb9d24240002e8",
        "map": "f_5bcf767a5cfb9d2424000001",
        "externalId": "NODE-SPI6YVZQ",
        "neighbors": [
          {
            "id": "n_5bcf8d4e5cfb9d24240002e6",
            "weight": 0
          }
        ],
        "space": [
          "s_5bcf76bc5cfb9d242400013e"
        ],
        "flags": [
          1
        ]
      }
    },
    {
      "type": "Feature",
      "geometry": {
        "type": "Point",
        "coordinates": [
          12.53788532189208,
          45.672025560812344
        ]
      },
      "properties": {
        "id": "n_5bcf8d565cfb9d24240002e9",
        "map": "f_5bcf767a5cfb9d2424000001",
        "externalId": "NODE-HFYOYGM1",
        "neighbors": [
          {
            "id": "n_5bcf8d4e5cfb9d24240002e6",
            "weight": 0
          },
          {
            "id": "n_5bcf8d575cfb9d24240002ea",
            "weight": 0
          },
          {
            "id": "n_5bcf8d5a5cfb9d24240002eb",
            "weight": 0
          },
          {
            "id": "n_5bcf8d865cfb9d24240002ec",
            "weight": 0
          }
        ],
        "space": [],
        "flags": [
          1
        ]
      }
    },
    {
      "type": "Feature",
      "geometry": {
        "type": "Point",
        "coordinates": [
          12.537963472249832,
          45.67197156278631
        ]
      },
      "properties": {
        "id": "n_5bcf8d575cfb9d24240002ea",
        "map": "f_5bcf767a5cfb9d2424000001",
        "externalId": "NODE-J48RNWYS",
        "neighbors": [
          {
            "id": "n_5bcf8d565cfb9d24240002e9",
            "weight": 0
          }
        ],
        "space": [
          "s_5bcf76bc5cfb9d24240000fb"
        ],
        "flags": [
          1
        ]
      }
    },
    {
      "type": "Feature",
      "geometry": {
        "type": "Point",
        "coordinates": [
          12.537802522066885,
          45.67207906391802
        ]
      },
      "properties": {
        "id": "n_5bcf8d5a5cfb9d24240002eb",
        "map": "f_5bcf767a5cfb9d2424000001",
        "externalId": "NODE-WVHY4ATM",
        "neighbors": [
          {
            "id": "n_5bcf8d565cfb9d24240002e9",
            "weight": 0
          }
        ],
        "space": [
          "s_5bcf76bc5cfb9d2424000143"
        ],
        "flags": [
          1
        ]
      }
    },
    {
      "type": "Feature",
      "geometry": {
        "type": "Point",
        "coordinates": [
          12.537954203615278,
          45.67206987486147
        ]
      },
      "properties": {
        "id": "n_5bcf8d865cfb9d24240002ec",
        "map": "f_5bcf767a5cfb9d2424000001",
        "externalId": "NODE-CZITM7Z5",
        "neighbors": [
          {
            "id": "n_5bcf8d565cfb9d24240002e9",
            "weight": 0
          },
          {
            "id": "n_5bcf8d875cfb9d24240002ed",
            "weight": 0
          },
          {
            "id": "n_5bcf8d885cfb9d24240002ee",
            "weight": 0
          },
          {
            "id": "n_5bcf8d8b5cfb9d24240002ef",
            "weight": 0
          }
        ],
        "space": [],
        "flags": [
          1
        ]
      }
    },
    {
      "type": "Feature",
      "geometry": {
        "type": "Point",
        "coordinates": [
          12.537870001989436,
          45.67212250050459
        ]
      },
      "properties": {
        "id": "n_5bcf8d875cfb9d24240002ed",
        "map": "f_5bcf767a5cfb9d2424000001",
        "externalId": "NODE-OLBAMFXS",
        "neighbors": [
          {
            "id": "n_5bcf8d865cfb9d24240002ec",
            "weight": 0
          }
        ],
        "space": [
          "s_5bcf80e95cfb9d24240001ca"
        ],
        "flags": [
          1
        ]
      }
    },
    {
      "type": "Feature",
      "geometry": {
        "type": "Point",
        "coordinates": [
          12.538016995807347,
          45.67202868724147
        ]
      },
      "properties": {
        "id": "n_5bcf8d885cfb9d24240002ee",
        "map": "f_5bcf767a5cfb9d2424000001",
        "externalId": "NODE-JO9FW2P2",
        "neighbors": [
          {
            "id": "n_5bcf8d865cfb9d24240002ec",
            "weight": 0
          }
        ],
        "space": [
          "s_5bcf76bc5cfb9d242400013c"
        ],
        "flags": [
          1
        ]
      }
    },
    {
      "type": "Feature",
      "geometry": {
        "type": "Point",
        "coordinates": [
          12.538025754065862,
          45.672115905704445
        ]
      },
      "properties": {
        "id": "n_5bcf8d8b5cfb9d24240002ef",
        "map": "f_5bcf767a5cfb9d2424000001",
        "externalId": "NODE-8SS0LC3G",
        "neighbors": [
          {
            "id": "n_5bcf88f95cfb9d2424000295",
            "weight": 0
          },
          {
            "id": "n_5bcf8d865cfb9d24240002ec",
            "weight": 0
          },
          {
            "id": "n_5bcf8d8e5cfb9d24240002f0",
            "weight": 0
          }
        ],
        "space": [],
        "flags": [
          1
        ]
      }
    },
    {
      "type": "Feature",
      "geometry": {
        "type": "Point",
        "coordinates": [
          12.538279467403937,
          45.67194950450918
        ]
      },
      "properties": {
        "id": "n_5bcf8d8e5cfb9d24240002f0",
        "map": "f_5bcf767a5cfb9d2424000001",
        "externalId": "NODE-7A59B5Z7",
        "neighbors": [
          {
            "id": "n_5bcf8d8b5cfb9d24240002ef",
            "weight": 0
          },
          {
            "id": "n_5bcf8d915cfb9d24240002f1",
            "weight": 0
          }
        ],
        "space": [],
        "flags": [
          1
        ]
      }
    },
    {
      "type": "Feature",
      "geometry": {
        "type": "Point",
        "coordinates": [
          12.53831827243957,
          45.671977395221404
        ]
      },
      "properties": {
        "id": "n_5bcf8d915cfb9d24240002f1",
        "map": "f_5bcf767a5cfb9d2424000001",
        "externalId": "NODE-DIYUMV2W",
        "neighbors": [
          {
            "id": "n_5bcf8d8e5cfb9d24240002f0",
            "weight": 0
          }
        ],
        "space": [
          "s_5bcf76995cfb9d24240000ee"
        ],
        "flags": [
          1
        ]
      }
    },
    {
      "type": "Feature",
      "geometry": {
        "type": "Point",
        "coordinates": [
          12.538165062378575,
          45.672117713649044
        ]
      },
      "properties": {
        "id": "n_5bcf8da25cfb9d24240002f2",
        "map": "f_5bcf767a5cfb9d2424000001",
        "externalId": "NODE-K7SQHV63",
        "neighbors": [
          {
            "id": "n_5bcf88f95cfb9d2424000295",
            "weight": 0
          }
        ],
        "space": [
          "s_5bcf76bc5cfb9d242400013b"
        ],
        "flags": [
          1
        ]
      }
    },
    {
      "type": "Feature",
      "geometry": {
        "type": "Point",
        "coordinates": [
          12.538153951802128,
          45.672222086869155
        ]
      },
      "properties": {
        "id": "n_5bcf8da75cfb9d24240002f4",
        "map": "f_5bcf767a5cfb9d2424000001",
        "externalId": "NODE-GY7H5IGT",
        "neighbors": [
          {
            "id": "n_5bcf8da75cfb9d24240002f5",
            "weight": 0
          },
          {
            "id": "n_5bcf8db15cfb9d24240002f8",
            "weight": 0
          },
          {
            "id": "n_5bfc149e5cfb9d6e7e000012",
            "weight": 0
          }
        ],
        "space": [],
        "flags": [
          1
        ]
      }
    },
    {
      "type": "Feature",
      "geometry": {
        "type": "Point",
        "coordinates": [
          12.53821583641555,
          45.672176643787196
        ]
      },
      "properties": {
        "id": "n_5bcf8da75cfb9d24240002f5",
        "map": "f_5bcf767a5cfb9d2424000001",
        "externalId": "NODE-L58XUASP",
        "neighbors": [
          {
            "id": "n_5bcf8da75cfb9d24240002f4",
            "weight": 0
          }
        ],
        "space": [
          "s_5bcf76bc5cfb9d2424000176"
        ],
        "flags": [
          1
        ]
      }
    },
    {
      "type": "Feature",
      "geometry": {
        "type": "Point",
        "coordinates": [
          12.53813328318677,
          45.672322222251935
        ]
      },
      "properties": {
        "id": "n_5bcf8db05cfb9d24240002f7",
        "map": "f_5bcf767a5cfb9d2424000001",
        "externalId": "NODE-7NENQFAJ",
        "neighbors": [
          {
            "id": "n_5bcf8db15cfb9d24240002f8",
            "weight": 0
          }
        ],
        "space": [
          "s_5bcf76bc5cfb9d242400017b"
        ],
        "flags": [
          1
        ]
      }
    },
    {
      "type": "Feature",
      "geometry": {
        "type": "Point",
        "coordinates": [
          12.538208656319627,
          45.67227815424707
        ]
      },
      "properties": {
        "id": "n_5bcf8db15cfb9d24240002f8",
        "map": "f_5bcf767a5cfb9d2424000001",
        "externalId": "NODE-YJGDEU3P",
        "neighbors": [
          {
            "id": "n_5bcf8db05cfb9d24240002f7",
            "weight": 0
          },
          {
            "id": "n_5bcf88f15cfb9d2424000294",
            "weight": 0
          },
          {
            "id": "n_5bcf8da75cfb9d24240002f4",
            "weight": 0
          },
          {
            "id": "n_5bcf8db35cfb9d24240002f9",
            "weight": 0
          }
        ],
        "space": [],
        "flags": [
          1
        ]
      }
    },
    {
      "type": "Feature",
      "geometry": {
        "type": "Point",
        "coordinates": [
          12.53829073831361,
          45.672233299200165
        ]
      },
      "properties": {
        "id": "n_5bcf8db35cfb9d24240002f9",
        "map": "f_5bcf767a5cfb9d2424000001",
        "externalId": "NODE-TX0BXWKH",
        "neighbors": [
          {
            "id": "n_5bcf8db15cfb9d24240002f8",
            "weight": 0
          }
        ],
        "space": [
          "s_5bcf76bc5cfb9d2424000177"
        ],
        "flags": [
          1
        ]
      }
    },
    {
      "type": "Feature",
      "geometry": {
        "type": "Point",
        "coordinates": [
          12.53825586998828,
          45.67263277319238
        ]
      },
      "properties": {
        "id": "n_5bcf8dcf5cfb9d24240002fa",
        "map": "f_5bcf767a5cfb9d2424000001",
        "externalId": "NODE-GJ7NSXE5",
        "neighbors": [
          {
            "id": "n_5bcf88e95cfb9d2424000292",
            "weight": 0
          },
          {
            "id": "n_5bcf8dd05cfb9d24240002fb",
            "weight": 0
          },
          {
            "id": "n_5bcf8dd35cfb9d24240002fc",
            "weight": 0
          }
        ],
        "space": [],
        "flags": [
          1
        ]
      }
    },
    {
      "type": "Feature",
      "geometry": {
        "type": "Point",
        "coordinates": [
          12.538322811832774,
          45.672686359784976
        ]
      },
      "properties": {
        "id": "n_5bcf8dd05cfb9d24240002fb",
        "map": "f_5bcf767a5cfb9d2424000001",
        "externalId": "NODE-11W62B8I",
        "neighbors": [
          {
            "id": "n_5bcf8dcf5cfb9d24240002fa",
            "weight": 0
          }
        ],
        "space": [
          "s_5bcf76bc5cfb9d2424000133"
        ],
        "flags": [
          1
        ]
      }
    },
    {
      "type": "Feature",
      "geometry": {
        "type": "Point",
        "coordinates": [
          12.538172394346264,
          45.67268997413512
        ]
      },
      "properties": {
        "id": "n_5bcf8dd35cfb9d24240002fc",
        "map": "f_5bcf767a5cfb9d2424000001",
        "externalId": "NODE-3TE5O2IJ",
        "neighbors": [
          {
            "id": "n_5bcf8dcf5cfb9d24240002fa",
            "weight": 0
          },
          {
            "id": "n_5bcf8dd45cfb9d24240002fd",
            "weight": 0
          },
          {
            "id": "n_5bcf8dd65cfb9d24240002fe",
            "weight": 0
          },
          {
            "id": "n_5bcf8dda5cfb9d24240002ff",
            "weight": 0
          }
        ],
        "space": [],
        "flags": [
          1
        ]
      }
    },
    {
      "type": "Feature",
      "geometry": {
        "type": "Point",
        "coordinates": [
          12.538241648662666,
          45.67274056207581
        ]
      },
      "properties": {
        "id": "n_5bcf8dd45cfb9d24240002fd",
        "map": "f_5bcf767a5cfb9d2424000001",
        "externalId": "NODE-60CT9Y39",
        "neighbors": [
          {
            "id": "n_5bcf8dd35cfb9d24240002fc",
            "weight": 0
          }
        ],
        "space": [
          "s_5bcf76bc5cfb9d2424000134"
        ],
        "flags": [
          1
        ]
      }
    },
    {
      "type": "Feature",
      "geometry": {
        "type": "Point",
        "coordinates": [
          12.538101973791765,
          45.67263959626483
        ]
      },
      "properties": {
        "id": "n_5bcf8dd65cfb9d24240002fe",
        "map": "f_5bcf767a5cfb9d2424000001",
        "externalId": "NODE-G4IQIJVF",
        "neighbors": [
          {
            "id": "n_5bcf8dd35cfb9d24240002fc",
            "weight": 0
          }
        ],
        "space": [
          "s_5bcf76bc5cfb9d2424000156"
        ],
        "flags": [
          1
        ]
      }
    },
    {
      "type": "Feature",
      "geometry": {
        "type": "Point",
        "coordinates": [
          12.538109351964351,
          45.67273317333636
        ]
      },
      "properties": {
        "id": "n_5bcf8dda5cfb9d24240002ff",
        "map": "f_5bcf767a5cfb9d2424000001",
        "externalId": "NODE-OYVBFCHT",
        "neighbors": [
          {
            "id": "n_5bcf8dd35cfb9d24240002fc",
            "weight": 0
          },
          {
            "id": "n_5bcf8ddb5cfb9d2424000300",
            "weight": 0
          },
          {
            "id": "n_5bcf8ddd5cfb9d2424000301",
            "weight": 0
          }
        ],
        "space": [],
        "flags": [
          1
        ]
      }
    },
    {
      "type": "Feature",
      "geometry": {
        "type": "Point",
        "coordinates": [
          12.538181750886915,
          45.672788966265735
        ]
      },
      "properties": {
        "id": "n_5bcf8ddb5cfb9d2424000300",
        "map": "f_5bcf767a5cfb9d2424000001",
        "externalId": "NODE-BDCYW070",
        "neighbors": [
          {
            "id": "n_5bcf8dda5cfb9d24240002ff",
            "weight": 0
          }
        ],
        "space": [
          "s_5bcf76bc5cfb9d2424000135"
        ],
        "flags": [
          1
        ]
      }
    },
    {
      "type": "Feature",
      "geometry": {
        "type": "Point",
        "coordinates": [
          12.538040726554131,
          45.672778444810085
        ]
      },
      "properties": {
        "id": "n_5bcf8ddd5cfb9d2424000301",
        "map": "f_5bcf767a5cfb9d2424000001",
        "externalId": "NODE-XQAMSHQJ",
        "neighbors": [
          {
            "id": "n_5bcf8dda5cfb9d24240002ff",
            "weight": 0
          },
          {
            "id": "n_5bcf8dde5cfb9d2424000302",
            "weight": 0
          },
          {
            "id": "n_5bcf91d75cfb9d242400037d",
            "weight": 0
          }
        ],
        "space": [],
        "flags": [
          1
        ]
      }
    },
    {
      "type": "Feature",
      "geometry": {
        "type": "Point",
        "coordinates": [
          12.53811304469853,
          45.67283317877057
        ]
      },
      "properties": {
        "id": "n_5bcf8dde5cfb9d2424000302",
        "map": "f_5bcf767a5cfb9d2424000001",
        "externalId": "NODE-KKD10BJJ",
        "neighbors": [
          {
            "id": "n_5bcf8ddd5cfb9d2424000301",
            "weight": 0
          }
        ],
        "space": [
          "s_5bcf76bc5cfb9d2424000136"
        ],
        "flags": [
          1
        ]
      }
    },
    {
      "type": "Feature",
      "geometry": {
        "type": "Point",
        "coordinates": [
          12.538040296463347,
          45.67287823631373
        ]
      },
      "properties": {
        "id": "n_5bcf8de35cfb9d2424000304",
        "map": "f_5bcf767a5cfb9d2424000001",
        "externalId": "NODE-IW0IPPMA",
        "neighbors": [
          {
            "id": "n_5bcf91d75cfb9d242400037d",
            "weight": 0
          }
        ],
        "space": [
          "s_5bcf76bc5cfb9d2424000137"
        ],
        "flags": [
          1
        ]
      }
    },
    {
      "type": "Feature",
      "geometry": {
        "type": "Point",
        "coordinates": [
          12.537668689645699,
          45.673048052727786
        ]
      },
      "properties": {
        "id": "n_5bcf8df05cfb9d2424000306",
        "map": "f_5bcf767a5cfb9d2424000001",
        "externalId": "NODE-QSHMG3FD",
        "neighbors": [
          {
            "id": "n_5bcf88e35cfb9d2424000290",
            "weight": 0
          }
        ],
        "space": [
          "s_5bcf76bc5cfb9d24240000f3"
        ],
        "flags": [
          1
        ]
      }
    },
    {
      "type": "Feature",
      "geometry": {
        "type": "Point",
        "coordinates": [
          12.537540747758294,
          45.672953403505836
        ]
      },
      "properties": {
        "id": "n_5bcf8df45cfb9d2424000307",
        "map": "f_5bcf767a5cfb9d2424000001",
        "externalId": "NODE-QRDKN49Y",
        "neighbors": [
          {
            "id": "n_5bcf88e35cfb9d2424000290",
            "weight": 0
          }
        ],
        "space": [
          "s_5bcf76bc5cfb9d24240000f5"
        ],
        "flags": [
          1
        ]
      }
    },
    {
      "type": "Feature",
      "geometry": {
        "type": "Point",
        "coordinates": [
          12.53770124361121,
          45.67275768581001
        ]
      },
      "properties": {
        "id": "n_5bcf8e005cfb9d242400030a",
        "map": "f_5bcf767a5cfb9d2424000001",
        "externalId": "NODE-LPFL6FHY",
        "neighbors": [
          {
            "id": "n_5bcf8e025cfb9d242400030b",
            "weight": 0
          },
          {
            "id": "n_5bcf918f5cfb9d2424000379",
            "weight": 0
          },
          {
            "id": "n_5bfc16d65cfb9d6e7e00001b",
            "weight": 0
          }
        ],
        "space": [],
        "flags": [
          1
        ]
      }
    },
    {
      "type": "Feature",
      "geometry": {
        "type": "Point",
        "coordinates": [
          12.537768319884604,
          45.67271350320561
        ]
      },
      "properties": {
        "id": "n_5bcf8e025cfb9d242400030b",
        "map": "f_5bcf767a5cfb9d2424000001",
        "externalId": "NODE-G1R68F3H",
        "neighbors": [
          {
            "id": "n_5bcf8e005cfb9d242400030a",
            "weight": 0
          }
        ],
        "space": [
          "s_5bcf76bc5cfb9d24240000f1"
        ],
        "flags": [
          1
        ]
      }
    },
    {
      "type": "Feature",
      "geometry": {
        "type": "Point",
        "coordinates": [
          12.537854877031798,
          45.673018514981685
        ]
      },
      "properties": {
        "id": "n_5bcf8e0d5cfb9d242400030d",
        "map": "f_5bcf767a5cfb9d2424000001",
        "externalId": "NODE-4PIMREAJ",
        "neighbors": [
          {
            "id": "n_5bcf8e295cfb9d2424000313",
            "weight": 0
          }
        ],
        "space": [
          "s_5bfc162f5cfb9d6e7e000019"
        ],
        "flags": [
          1
        ]
      }
    },
    {
      "type": "Feature",
      "geometry": {
        "type": "Point",
        "coordinates": [
          12.537930924573295,
          45.67298886434332
        ]
      },
      "properties": {
        "id": "n_5bcf8e125cfb9d242400030f",
        "map": "f_5bcf767a5cfb9d2424000001",
        "externalId": "NODE-G5DLXQRZ",
        "neighbors": [
          {
            "id": "n_5bfc56205cfb9d6a79000079",
            "weight": 0
          }
        ],
        "space": [
          "s_5bfc16285cfb9d6e7e000017"
        ],
        "flags": [
          1
        ]
      }
    },
    {
      "type": "Feature",
      "geometry": {
        "type": "Point",
        "coordinates": [
          12.53799185516187,
          45.67293987423118
        ]
      },
      "properties": {
        "id": "n_5bcf8e155cfb9d2424000310",
        "map": "f_5bcf767a5cfb9d2424000001",
        "externalId": "NODE-FTTZVH72",
        "neighbors": [
          {
            "id": "n_5bfc56205cfb9d6a79000075",
            "weight": 0
          }
        ],
        "space": [
          "s_5bcf76bc5cfb9d24240000fa"
        ],
        "flags": [
          1
        ]
      }
    },
    {
      "type": "Feature",
      "geometry": {
        "type": "Point",
        "coordinates": [
          12.53777411850374,
          45.67295846769768
        ]
      },
      "properties": {
        "id": "n_5bcf8e295cfb9d2424000313",
        "map": "f_5bcf767a5cfb9d2424000001",
        "externalId": "NODE-5JCZ0EBU",
        "neighbors": [
          {
            "id": "n_5bcf8e0d5cfb9d242400030d",
            "weight": 0
          },
          {
            "id": "n_5bfc56205cfb9d6a7900007c",
            "weight": 0
          },
          {
            "id": "n_5bfc56335cfb9d6a7900007d",
            "weight": 0
          }
        ],
        "space": [],
        "flags": [
          1
        ]
      }
    },
    {
      "type": "Feature",
      "geometry": {
        "type": "Point",
        "coordinates": [
          12.537873200032564,
          45.67274730014134
        ]
      },
      "properties": {
        "id": "n_5bcf8e6b5cfb9d2424000316",
        "map": "f_5bcf767a5cfb9d2424000001",
        "externalId": "NODE-WEVGCCTU",
        "neighbors": [
          {
            "id": "n_5bfc56445cfb9d6a7900008a",
            "weight": 0
          }
        ],
        "space": [
          "s_5bcf76bc5cfb9d2424000157"
        ],
        "flags": [
          1
        ]
      }
    },
    {
      "type": "Feature",
      "geometry": {
        "type": "Point",
        "coordinates": [
          12.537047199926063,
          45.6720449498224
        ]
      },
      "properties": {
        "id": "n_5bcf8ea75cfb9d242400031b",
        "map": "f_5bcf767a5cfb9d2424000001",
        "externalId": "NODE-EDUTRAG2",
        "neighbors": [
          {
            "id": "n_5bcf8ea75cfb9d242400031c",
            "weight": 0
          }
        ],
        "space": [
          "s_5bcf76bc5cfb9d2424000150"
        ],
        "flags": [
          1
        ]
      }
    },
    {
      "type": "Feature",
      "geometry": {
        "type": "Point",
        "coordinates": [
          12.536944337557534,
          45.67210684149089
        ]
      },
      "properties": {
        "id": "n_5bcf8ea75cfb9d242400031c",
        "map": "f_5bcf767a5cfb9d2424000001",
        "externalId": "NODE-WLB0BUT4",
        "neighbors": [
          {
            "id": "n_5bcf8ea75cfb9d242400031b",
            "weight": 0
          },
          {
            "id": "n_5bcf88ca5cfb9d242400028d",
            "weight": 0
          },
          {
            "id": "n_5bfc570a5cfb9d6a79000091",
            "weight": 0
          },
          {
            "id": "n_5bfc57185cfb9d6a79000093",
            "weight": 0
          },
          {
            "id": "n_5bfc573a5cfb9d6a79000094",
            "weight": 0
          }
        ],
        "space": [],
        "flags": [
          1
        ]
      }
    },
    {
      "type": "Feature",
      "geometry": {
        "type": "Point",
        "coordinates": [
          12.537091357048014,
          45.67208379999152
        ]
      },
      "properties": {
        "id": "n_5bcf8eab5cfb9d242400031d",
        "map": "f_5bcf767a5cfb9d2424000001",
        "externalId": "NODE-F6X0FFBL",
        "neighbors": [
          {
            "id": "n_5bfc570a5cfb9d6a79000091",
            "weight": 0
          }
        ],
        "space": [
          "s_5bcf76bc5cfb9d242400015a"
        ],
        "flags": [
          1
        ]
      }
    },
    {
      "type": "Feature",
      "geometry": {
        "type": "Point",
        "coordinates": [
          12.537244665170752,
          45.67220080263374
        ]
      },
      "properties": {
        "id": "n_5bcf8ebc5cfb9d2424000322",
        "map": "f_5bcf767a5cfb9d2424000001",
        "externalId": "NODE-E9B4OLOG",
        "neighbors": [
          {
            "id": "n_5bfc574f5cfb9d6a79000096",
            "weight": 0
          }
        ],
        "space": [
          "s_5bcf76bc5cfb9d242400014f"
        ],
        "flags": [
          1
        ]
      }
    },
    {
      "type": "Feature",
      "geometry": {
        "type": "Point",
        "coordinates": [
          12.537403176668244,
          45.67229460001268
        ]
      },
      "properties": {
        "id": "n_5bcf8ec85cfb9d2424000323",
        "map": "f_5bcf767a5cfb9d2424000001",
        "externalId": "NODE-UTRCA56P",
        "neighbors": [
          {
            "id": "n_5bfc57075cfb9d6a79000090",
            "weight": 0
          }
        ],
        "space": [
          "s_5bcf76bc5cfb9d242400014e"
        ],
        "flags": [
          1
        ]
      }
    },
    {
      "type": "Feature",
      "geometry": {
        "type": "Point",
        "coordinates": [
          12.537175993009608,
          45.672525763776406
        ]
      },
      "properties": {
        "id": "n_5bcf8ed45cfb9d2424000328",
        "map": "f_5bcf767a5cfb9d2424000001",
        "externalId": "NODE-U6NSVTLK",
        "neighbors": [
          {
            "id": "n_5bcf88d05cfb9d242400028e",
            "weight": 0
          }
        ],
        "space": [
          "s_5bcf76bc5cfb9d2424000175"
        ],
        "flags": [
          1
        ]
      }
    },
    {
      "type": "Feature",
      "geometry": {
        "type": "Point",
        "coordinates": [
          12.53743017290828,
          45.672438008474444
        ]
      },
      "properties": {
        "id": "n_5bcf8ed75cfb9d2424000329",
        "map": "f_5bcf767a5cfb9d2424000001",
        "externalId": "NODE-KP3136V2",
        "neighbors": [
          {
            "id": "n_5bcf8ed85cfb9d242400032a",
            "weight": 0
          }
        ],
        "space": [
          "s_5bcf76bc5cfb9d2424000159"
        ],
        "flags": [
          1
        ]
      }
    },
    {
      "type": "Feature",
      "geometry": {
        "type": "Point",
        "coordinates": [
          12.537352831778248,
          45.67248879539832
        ]
      },
      "properties": {
        "id": "n_5bcf8ed85cfb9d242400032a",
        "map": "f_5bcf767a5cfb9d2424000001",
        "externalId": "NODE-DCRJGOWB",
        "neighbors": [
          {
            "id": "n_5bcf8ed75cfb9d2424000329",
            "weight": 0
          },
          {
            "id": "n_5bcf88d05cfb9d242400028e",
            "weight": 0
          },
          {
            "id": "n_5bcf8edb5cfb9d242400032b",
            "weight": 0
          },
          {
            "id": "n_5bcf8ede5cfb9d242400032c",
            "weight": 0
          }
        ],
        "space": [],
        "flags": [
          1
        ]
      }
    },
    {
      "type": "Feature",
      "geometry": {
        "type": "Point",
        "coordinates": [
          12.537268450040315,
          45.67254782393581
        ]
      },
      "properties": {
        "id": "n_5bcf8edb5cfb9d242400032b",
        "map": "f_5bcf767a5cfb9d2424000001",
        "externalId": "NODE-UH7611GU",
        "neighbors": [
          {
            "id": "n_5bcf8ed85cfb9d242400032a",
            "weight": 0
          }
        ],
        "space": [
          "s_5bcf76bc5cfb9d2424000148"
        ],
        "flags": [
          1
        ]
      }
    },
    {
      "type": "Feature",
      "geometry": {
        "type": "Point",
        "coordinates": [
          12.537425513428929,
          45.67254283822361
        ]
      },
      "properties": {
        "id": "n_5bcf8ede5cfb9d242400032c",
        "map": "f_5bcf767a5cfb9d2424000001",
        "externalId": "NODE-GQNHWJ0Z",
        "neighbors": [
          {
            "id": "n_5bcf8ed85cfb9d242400032a",
            "weight": 0
          },
          {
            "id": "n_5bcf8edf5cfb9d242400032d",
            "weight": 0
          },
          {
            "id": "n_5bcf8ee25cfb9d242400032e",
            "weight": 0
          },
          {
            "id": "n_5bcf8ee65cfb9d2424000330",
            "weight": 0
          }
        ],
        "space": [],
        "flags": [
          1
        ]
      }
    },
    {
      "type": "Feature",
      "geometry": {
        "type": "Point",
        "coordinates": [
          12.537494261114755,
          45.672497694250275
        ]
      },
      "properties": {
        "id": "n_5bcf8edf5cfb9d242400032d",
        "map": "f_5bcf767a5cfb9d2424000001",
        "externalId": "NODE-4YSVE5Z0",
        "neighbors": [
          {
            "id": "n_5bcf8ede5cfb9d242400032c",
            "weight": 0
          }
        ],
        "space": [
          "s_5bcf76bc5cfb9d242400014d"
        ],
        "flags": [
          1
        ]
      }
    },
    {
      "type": "Feature",
      "geometry": {
        "type": "Point",
        "coordinates": [
          12.537339578665682,
          45.67259926813232
        ]
      },
      "properties": {
        "id": "n_5bcf8ee25cfb9d242400032e",
        "map": "f_5bcf767a5cfb9d2424000001",
        "externalId": "NODE-YI7GSSV0",
        "neighbors": [
          {
            "id": "n_5bcf8ede5cfb9d242400032c",
            "weight": 0
          }
        ],
        "space": [
          "s_5bcf76bc5cfb9d242400013d"
        ],
        "flags": [
          1
        ]
      }
    },
    {
      "type": "Feature",
      "geometry": {
        "type": "Point",
        "coordinates": [
          12.537608121109027,
          45.672585303075884
        ]
      },
      "properties": {
        "id": "n_5bcf8ee65cfb9d242400032f",
        "map": "f_5bcf767a5cfb9d2424000001",
        "externalId": "NODE-DL60SM8E",
        "neighbors": [
          {
            "id": "n_5bcf8ef15cfb9d2424000334",
            "weight": 0
          }
        ],
        "space": [
          "s_64e77254462f1218075833a2"
        ],
        "flags": [
          1
        ]
      }
    },
    {
      "type": "Feature",
      "geometry": {
        "type": "Point",
        "coordinates": [
          12.537490119458482,
          45.672590876251874
        ]
      },
      "properties": {
        "id": "n_5bcf8ee65cfb9d2424000330",
        "map": "f_5bcf767a5cfb9d2424000001",
        "externalId": "NODE-UFH0CFUF",
        "neighbors": [
          {
            "id": "n_5bcf8ede5cfb9d242400032c",
            "weight": 0
          },
          {
            "id": "n_5bcf8ee85cfb9d2424000331",
            "weight": 0
          },
          {
            "id": "n_5bcf8ef15cfb9d2424000334",
            "weight": 0
          }
        ],
        "space": [],
        "flags": [
          1
        ]
      }
    },
    {
      "type": "Feature",
      "geometry": {
        "type": "Point",
        "coordinates": [
          12.537408981051392,
          45.67264104522462
        ]
      },
      "properties": {
        "id": "n_5bcf8ee85cfb9d2424000331",
        "map": "f_5bcf767a5cfb9d2424000001",
        "externalId": "NODE-GDJLZ01A",
        "neighbors": [
          {
            "id": "n_5bcf8ee65cfb9d2424000330",
            "weight": 0
          }
        ],
        "space": [
          "s_5bcf76bc5cfb9d24240000f7"
        ],
        "flags": [
          1
        ]
      }
    },
    {
      "type": "Feature",
      "geometry": {
        "type": "Point",
        "coordinates": [
          12.537543394733222,
          45.67263006802627
        ]
      },
      "properties": {
        "id": "n_5bcf8ef15cfb9d2424000334",
        "map": "f_5bcf767a5cfb9d2424000001",
        "externalId": "NODE-SDQKRODO",
        "neighbors": [
          {
            "id": "n_5bcf8ee65cfb9d2424000330",
            "weight": 0
          },
          {
            "id": "n_5bcf8ef55cfb9d2424000337",
            "weight": 0
          },
          {
            "id": "n_5bcf8ee65cfb9d242400032f",
            "weight": 0
          }
        ],
        "space": [],
        "flags": [
          1
        ]
      }
    },
    {
      "type": "Feature",
      "geometry": {
        "type": "Point",
        "coordinates": [
          12.537619331850317,
          45.67268695219911
        ]
      },
      "properties": {
        "id": "n_5bcf8ef55cfb9d2424000337",
        "map": "f_5bcf767a5cfb9d2424000001",
        "externalId": "NODE-3VV1XY66",
        "neighbors": [
          {
            "id": "n_5bcf8ef15cfb9d2424000334",
            "weight": 0
          },
          {
            "id": "n_5bfc16d65cfb9d6e7e00001b",
            "weight": 0
          },
          {
            "id": "n_6486d62b5108b2737b798904",
            "weight": 0
          },
          {
            "id": "n_64e7725c462f1218075833a4",
            "weight": 0
          }
        ],
        "space": [],
        "flags": [
          1
        ]
      }
    },
    {
      "type": "Feature",
      "geometry": {
        "type": "Point",
        "coordinates": [
          12.53679238047582,
          45.672274635292275
        ]
      },
      "properties": {
        "id": "n_5bcf8eff5cfb9d2424000339",
        "map": "f_5bcf767a5cfb9d2424000001",
        "externalId": "NODE-TK0Z16AB",
        "neighbors": [
          {
            "id": "n_5bfc57185cfb9d6a79000093",
            "weight": 0
          }
        ],
        "space": [
          "s_68e3d5261084c610d55d6f76"
        ],
        "flags": [
          1
        ]
      }
    },
    {
      "type": "Feature",
      "geometry": {
        "type": "Point",
        "coordinates": [
          12.53689236954875,
          45.67203675086132
        ]
      },
      "properties": {
        "id": "n_5bcf8f025cfb9d242400033a",
        "map": "f_5bcf767a5cfb9d2424000001",
        "externalId": "NODE-S55XPC9C",
        "neighbors": [
          {
            "id": "n_5bcf88bf5cfb9d242400028c",
            "weight": 0
          },
          {
            "id": "n_5bcf88ca5cfb9d242400028d",
            "weight": 0
          },
          {
            "id": "n_5bcf8f045cfb9d242400033b",
            "weight": 0
          },
          {
            "id": "n_5bcf8f085cfb9d242400033c",
            "weight": 0
          }
        ],
        "space": [],
        "flags": [
          1
        ]
      }
    },
    {
      "type": "Feature",
      "geometry": {
        "type": "Point",
        "coordinates": [
          12.536794056909033,
          45.67210940878103
        ]
      },
      "properties": {
        "id": "n_5bcf8f045cfb9d242400033b",
        "map": "f_5bcf767a5cfb9d2424000001",
        "externalId": "NODE-X3B543ZN",
        "neighbors": [
          {
            "id": "n_5bcf8f025cfb9d242400033a",
            "weight": 0
          }
        ],
        "space": [
          "s_5bcf76bc5cfb9d2424000161"
        ],
        "flags": [
          1
        ]
      }
    },
    {
      "type": "Feature",
      "geometry": {
        "type": "Point",
        "coordinates": [
          12.53696644366941,
          45.67198490196935
        ]
      },
      "properties": {
        "id": "n_5bcf8f085cfb9d242400033c",
        "map": "f_5bcf767a5cfb9d2424000001",
        "externalId": "NODE-IIXWUI2S",
        "neighbors": [
          {
            "id": "n_5bcf8f025cfb9d242400033a",
            "weight": 0
          }
        ],
        "space": [
          "s_5bcf76bc5cfb9d242400015b"
        ],
        "flags": [
          1
        ]
      }
    },
    {
      "type": "Feature",
      "geometry": {
        "type": "Point",
        "coordinates": [
          12.536746638957085,
          45.67205008447535
        ]
      },
      "properties": {
        "id": "n_5bcf8f0e5cfb9d242400033d",
        "map": "f_5bcf767a5cfb9d2424000001",
        "externalId": "NODE-E1U9RBS6",
        "neighbors": [
          {
            "id": "n_5bcf88bf5cfb9d242400028c",
            "weight": 0
          }
        ],
        "space": [
          "s_5bcf76bc5cfb9d2424000162"
        ],
        "flags": [
          1
        ]
      }
    },
    {
      "type": "Feature",
      "geometry": {
        "type": "Point",
        "coordinates": [
          12.536871348796586,
          45.6718720773547
        ]
      },
      "properties": {
        "id": "n_5bcf8f145cfb9d242400033e",
        "map": "f_5bcf767a5cfb9d2424000001",
        "externalId": "NODE-0JVHVBFD",
        "neighbors": [
          {
            "id": "n_5bcf8f155cfb9d242400033f",
            "weight": 0
          }
        ],
        "space": [
          "s_5bcf76bc5cfb9d242400015c"
        ],
        "flags": [
          1
        ]
      }
    },
    {
      "type": "Feature",
      "geometry": {
        "type": "Point",
        "coordinates": [
          12.536804983474505,
          45.671918890500045
        ]
      },
      "properties": {
        "id": "n_5bcf8f155cfb9d242400033f",
        "map": "f_5bcf767a5cfb9d2424000001",
        "externalId": "NODE-8R5N9M0S",
        "neighbors": [
          {
            "id": "n_5bcf8f145cfb9d242400033e",
            "weight": 0
          },
          {
            "id": "n_5bcf88bf5cfb9d242400028c",
            "weight": 0
          },
          {
            "id": "n_5bcf8f175cfb9d2424000340",
            "weight": 0
          },
          {
            "id": "n_5bcf8f1c5cfb9d2424000342",
            "weight": 0
          }
        ],
        "space": [],
        "flags": [
          1
        ]
      }
    },
    {
      "type": "Feature",
      "geometry": {
        "type": "Point",
        "coordinates": [
          12.536690000439673,
          45.671994502174456
        ]
      },
      "properties": {
        "id": "n_5bcf8f175cfb9d2424000340",
        "map": "f_5bcf767a5cfb9d2424000001",
        "externalId": "NODE-KPN7P72Z",
        "neighbors": [
          {
            "id": "n_5bcf8f155cfb9d242400033f",
            "weight": 0
          }
        ],
        "space": [
          "s_5bcf76bc5cfb9d2424000163"
        ],
        "flags": [
          1
        ]
      }
    },
    {
      "type": "Feature",
      "geometry": {
        "type": "Point",
        "coordinates": [
          12.536841376710568,
          45.671795643308094
        ]
      },
      "properties": {
        "id": "n_5bcf8f1b5cfb9d2424000341",
        "map": "f_5bcf767a5cfb9d2424000001",
        "externalId": "NODE-8HSXOC8Y",
        "neighbors": [
          {
            "id": "n_5bcf8f1c5cfb9d2424000342",
            "weight": 0
          }
        ],
        "space": [
          "s_5bcf76bc5cfb9d242400015d"
        ],
        "flags": [
          1
        ]
      }
    },
    {
      "type": "Feature",
      "geometry": {
        "type": "Point",
        "coordinates": [
          12.53675544250561,
          45.67185207277887
        ]
      },
      "properties": {
        "id": "n_5bcf8f1c5cfb9d2424000342",
        "map": "f_5bcf767a5cfb9d2424000001",
        "externalId": "NODE-1BCYMG1K",
        "neighbors": [
          {
            "id": "n_5bcf8f1b5cfb9d2424000341",
            "weight": 0
          },
          {
            "id": "n_5bcf88bb5cfb9d242400028b",
            "weight": 0
          },
          {
            "id": "n_5bcf8f155cfb9d242400033f",
            "weight": 0
          },
          {
            "id": "n_5bcf8f1d5cfb9d2424000343",
            "weight": 0
          }
        ],
        "space": [],
        "flags": [
          1
        ]
      }
    },
    {
      "type": "Feature",
      "geometry": {
        "type": "Point",
        "coordinates": [
          12.536645272330901,
          45.671935724436395
        ]
      },
      "properties": {
        "id": "n_5bcf8f1d5cfb9d2424000343",
        "map": "f_5bcf767a5cfb9d2424000001",
        "externalId": "NODE-VKB63SLV",
        "neighbors": [
          {
            "id": "n_5bcf8f1c5cfb9d2424000342",
            "weight": 0
          }
        ],
        "space": [
          "s_5bcf76bc5cfb9d2424000164"
        ],
        "flags": [
          1
        ]
      }
    },
    {
      "type": "Feature",
      "geometry": {
        "type": "Point",
        "coordinates": [
          12.53659540384043,
          45.67188649018245
        ]
      },
      "properties": {
        "id": "n_5bcf8f205cfb9d2424000344",
        "map": "f_5bcf767a5cfb9d2424000001",
        "externalId": "NODE-ZWL5F4X4",
        "neighbors": [
          {
            "id": "n_5bcf88bb5cfb9d242400028b",
            "weight": 0
          }
        ],
        "space": [
          "s_5bcf76bc5cfb9d2424000149"
        ],
        "flags": [
          1
        ]
      }
    },
    {
      "type": "Feature",
      "geometry": {
        "type": "Point",
        "coordinates": [
          12.536810110103023,
          45.67174832862147
        ]
      },
      "properties": {
        "id": "n_5bcf8f225cfb9d2424000345",
        "map": "f_5bcf767a5cfb9d2424000001",
        "externalId": "NODE-8TV4Q084",
        "neighbors": [
          {
            "id": "n_5bcf88bb5cfb9d242400028b",
            "weight": 0
          }
        ],
        "space": [
          "s_5bcf76bc5cfb9d2424000151"
        ],
        "flags": [
          1
        ]
      }
    },
    {
      "type": "Feature",
      "geometry": {
        "type": "Point",
        "coordinates": [
          12.536659571474523,
          45.67175671960884
        ]
      },
      "properties": {
        "id": "n_5bcf8f275cfb9d2424000346",
        "map": "f_5bcf767a5cfb9d2424000001",
        "externalId": "NODE-PRHAG4J7",
        "neighbors": [
          {
            "id": "n_5bcf88bb5cfb9d242400028b",
            "weight": 0
          },
          {
            "id": "n_5bcf8f2a5cfb9d2424000347",
            "weight": 0
          },
          {
            "id": "n_5bcf8f2c5cfb9d2424000348",
            "weight": 0
          },
          {
            "id": "n_5bcf8f2e5cfb9d2424000349",
            "weight": 0
          }
        ],
        "space": [],
        "flags": [
          1
        ]
      }
    },
    {
      "type": "Feature",
      "geometry": {
        "type": "Point",
        "coordinates": [
          12.536573637146024,
          45.67181314894331
        ]
      },
      "properties": {
        "id": "n_5bcf8f2a5cfb9d2424000347",
        "map": "f_5bcf767a5cfb9d2424000001",
        "externalId": "NODE-FOXKV2C9",
        "neighbors": [
          {
            "id": "n_5bcf8f275cfb9d2424000346",
            "weight": 0
          }
        ],
        "space": [
          "s_5bcf76bc5cfb9d242400014b"
        ],
        "flags": [
          1
        ]
      }
    },
    {
      "type": "Feature",
      "geometry": {
        "type": "Point",
        "coordinates": [
          12.536745505629739,
          45.671700290209934
        ]
      },
      "properties": {
        "id": "n_5bcf8f2c5cfb9d2424000348",
        "map": "f_5bcf767a5cfb9d2424000001",
        "externalId": "NODE-4Y7GLLMG",
        "neighbors": [
          {
            "id": "n_5bcf8f275cfb9d2424000346",
            "weight": 0
          }
        ],
        "space": [
          "s_5bcf76bc5cfb9d242400015e"
        ],
        "flags": [
          1
        ]
      }
    },
    {
      "type": "Feature",
      "geometry": {
        "type": "Point",
        "coordinates": [
          12.536594967120763,
          45.67170868111246
        ]
      },
      "properties": {
        "id": "n_5bcf8f2e5cfb9d2424000349",
        "map": "f_5bcf767a5cfb9d2424000001",
        "externalId": "NODE-07NV2I9E",
        "neighbors": [
          {
            "id": "n_5bcf8f275cfb9d2424000346",
            "weight": 0
          },
          {
            "id": "n_5bcf8f2f5cfb9d242400034a",
            "weight": 0
          },
          {
            "id": "n_5bcf8f385cfb9d242400034c",
            "weight": 0
          }
        ],
        "space": [],
        "flags": [
          1
        ]
      }
    },
    {
      "type": "Feature",
      "geometry": {
        "type": "Point",
        "coordinates": [
          12.536680901267358,
          45.67165225176199
        ]
      },
      "properties": {
        "id": "n_5bcf8f2f5cfb9d242400034a",
        "map": "f_5bcf767a5cfb9d2424000001",
        "externalId": "NODE-1LNDJV04",
        "neighbors": [
          {
            "id": "n_5bcf8f2e5cfb9d2424000349",
            "weight": 0
          }
        ],
        "space": [
          "s_5bcf76bc5cfb9d2424000152"
        ],
        "flags": [
          1
        ]
      }
    },
    {
      "type": "Feature",
      "geometry": {
        "type": "Point",
        "coordinates": [
          12.536530362877906,
          45.67166064257968
        ]
      },
      "properties": {
        "id": "n_5bcf8f385cfb9d242400034c",
        "map": "f_5bcf767a5cfb9d2424000001",
        "externalId": "NODE-L4TZ6A1U",
        "neighbors": [
          {
            "id": "n_5bcf88b95cfb9d242400028a",
            "weight": 0
          },
          {
            "id": "n_5bcf8f2e5cfb9d2424000349",
            "weight": 0
          },
          {
            "id": "n_5bcf8f395cfb9d242400034d",
            "weight": 0
          },
          {
            "id": "n_5bcf8f3b5cfb9d242400034e",
            "weight": 0
          }
        ],
        "space": [],
        "flags": [
          1
        ]
      }
    },
    {
      "type": "Feature",
      "geometry": {
        "type": "Point",
        "coordinates": [
          12.536616297015879,
          45.67160421327765
        ]
      },
      "properties": {
        "id": "n_5bcf8f395cfb9d242400034d",
        "map": "f_5bcf767a5cfb9d2424000001",
        "externalId": "NODE-AVBIKMSY",
        "neighbors": [
          {
            "id": "n_5bcf8f385cfb9d242400034c",
            "weight": 0
          }
        ],
        "space": [
          "s_5bcf76bc5cfb9d242400010b"
        ],
        "flags": [
          1
        ]
      }
    },
    {
      "type": "Feature",
      "geometry": {
        "type": "Point",
        "coordinates": [
          12.536426723762375,
          45.67174000540245
        ]
      },
      "properties": {
        "id": "n_5bcf8f3b5cfb9d242400034e",
        "map": "f_5bcf767a5cfb9d2424000001",
        "externalId": "NODE-31RYPFS0",
        "neighbors": [
          {
            "id": "n_5bcf8f385cfb9d242400034c",
            "weight": 0
          }
        ],
        "space": [
          "s_5bcf7ffa5cfb9d24240001c9"
        ],
        "flags": [
          1
        ]
      }
    },
    {
      "type": "Feature",
      "geometry": {
        "type": "Point",
        "coordinates": [
          12.53635261646299,
          45.67158772916058
        ]
      },
      "properties": {
        "id": "n_5bcf8f5b5cfb9d242400034f",
        "map": "f_5bcf767a5cfb9d2424000001",
        "externalId": "NODE-0E0KQ107",
        "neighbors": [
          {
            "id": "n_5bcf88b05cfb9d2424000289",
            "weight": 0
          },
          {
            "id": "n_5bcf8f5d5cfb9d2424000350",
            "weight": 0
          },
          {
            "id": "n_5bcf8f795cfb9d2424000358",
            "weight": 0
          }
        ],
        "space": [],
        "flags": [
          1
        ]
      }
    },
    {
      "type": "Feature",
      "geometry": {
        "type": "Point",
        "coordinates": [
          12.536215512859659,
          45.67179954397044
        ]
      },
      "properties": {
        "id": "n_5bcf8f5d5cfb9d2424000350",
        "map": "f_5bcf767a5cfb9d2424000001",
        "externalId": "NODE-0TA4QT7P",
        "neighbors": [
          {
            "id": "n_5bcf8f5b5cfb9d242400034f",
            "weight": 0
          },
          {
            "id": "n_5bcf8f675cfb9d2424000351",
            "weight": 0
          },
          {
            "id": "n_5c0abdedf1d68a2bae00000c",
            "weight": 0
          }
        ],
        "space": [],
        "flags": [
          1
        ]
      }
    },
    {
      "type": "Feature",
      "geometry": {
        "type": "Point",
        "coordinates": [
          12.53615794837943,
          45.67178080555747
        ]
      },
      "properties": {
        "id": "n_5bcf8f675cfb9d2424000351",
        "map": "f_5bcf767a5cfb9d2424000001",
        "externalId": "NODE-EN93XKD1",
        "neighbors": [
          {
            "id": "n_5bcf8f5d5cfb9d2424000350",
            "weight": 0
          }
        ],
        "space": [
          "s_5bcf76995cfb9d24240000ef"
        ],
        "flags": [
          1
        ]
      }
    },
    {
      "type": "Feature",
      "geometry": {
        "type": "Point",
        "coordinates": [
          12.536239622236828,
          45.6715531122967
        ]
      },
      "properties": {
        "id": "n_5bcf8f6c5cfb9d2424000352",
        "map": "f_5bcf767a5cfb9d2424000001",
        "externalId": "NODE-UFGA2SHC",
        "neighbors": [
          {
            "id": "n_5bcf8f6d5cfb9d2424000353",
            "weight": 0
          },
          {
            "id": "n_5bcf8f795cfb9d2424000358",
            "weight": 0
          },
          {
            "id": "n_5bcf8f7c5cfb9d2424000359",
            "weight": 0
          },
          {
            "id": "n_5bcf8f835cfb9d242400035c",
            "weight": 0
          }
        ],
        "space": [],
        "flags": [
          1
        ]
      }
    },
    {
      "type": "Feature",
      "geometry": {
        "type": "Point",
        "coordinates": [
          12.536128236308127,
          45.671698547452294
        ]
      },
      "properties": {
        "id": "n_5bcf8f6d5cfb9d2424000353",
        "map": "f_5bcf767a5cfb9d2424000001",
        "externalId": "NODE-DKKF3G63",
        "neighbors": [
          {
            "id": "n_5bcf8f6c5cfb9d2424000352",
            "weight": 0
          }
        ],
        "space": [
          "s_5bcf76bc5cfb9d2424000101"
        ],
        "flags": [
          1
        ]
      }
    },
    {
      "type": "Feature",
      "geometry": {
        "type": "Point",
        "coordinates": [
          12.53607036640833,
          45.67149908798754
        ]
      },
      "properties": {
        "id": "n_5bcf8f725cfb9d2424000355",
        "map": "f_5bcf767a5cfb9d2424000001",
        "externalId": "NODE-C9QN4RZY",
        "neighbors": [
          {
            "id": "n_5bcf88a85cfb9d2424000288",
            "weight": 0
          },
          {
            "id": "n_5bcf8f735cfb9d2424000356",
            "weight": 0
          },
          {
            "id": "n_5bcf8f835cfb9d242400035c",
            "weight": 0
          },
          {
            "id": "n_5bcf8f885cfb9d242400035e",
            "weight": 0
          }
        ],
        "space": [],
        "flags": [
          1
        ]
      }
    },
    {
      "type": "Feature",
      "geometry": {
        "type": "Point",
        "coordinates": [
          12.535963618842349,
          45.671648336854226
        ]
      },
      "properties": {
        "id": "n_5bcf8f735cfb9d2424000356",
        "map": "f_5bcf767a5cfb9d2424000001",
        "externalId": "NODE-GO9H3G6E",
        "neighbors": [
          {
            "id": "n_5bcf8f725cfb9d2424000355",
            "weight": 0
          }
        ],
        "space": [
          "s_5bcf76bc5cfb9d2424000100"
        ],
        "flags": [
          1
        ]
      }
    },
    {
      "type": "Feature",
      "geometry": {
        "type": "Point",
        "coordinates": [
          12.53630987353139,
          45.67157553551298
        ]
      },
      "properties": {
        "id": "n_5bcf8f795cfb9d2424000358",
        "map": "f_5bcf767a5cfb9d2424000001",
        "externalId": "NODE-9DOUTGNV",
        "neighbors": [
          {
            "id": "n_5bcf8f5b5cfb9d242400034f",
            "weight": 0
          },
          {
            "id": "n_5bcf8f6c5cfb9d2424000352",
            "weight": 0
          }
        ],
        "space": [],
        "flags": [
          1
        ]
      }
    },
    {
      "type": "Feature",
      "geometry": {
        "type": "Point",
        "coordinates": [
          12.53634173018435,
          45.67140004931292
        ]
      },
      "properties": {
        "id": "n_5bcf8f7c5cfb9d2424000359",
        "map": "f_5bcf767a5cfb9d2424000001",
        "externalId": "NODE-RHIYEJ6T",
        "neighbors": [
          {
            "id": "n_5bcf8f6c5cfb9d2424000352",
            "weight": 0
          }
        ],
        "space": [
          "s_5c128282116ece57b5000006"
        ],
        "flags": [
          1
        ]
      }
    },
    {
      "type": "Feature",
      "geometry": {
        "type": "Point",
        "coordinates": [
          12.536259939710428,
          45.67136329645211
        ]
      },
      "properties": {
        "id": "n_5bcf8f825cfb9d242400035b",
        "map": "f_5bcf767a5cfb9d2424000001",
        "externalId": "NODE-MZNQ4ALS",
        "neighbors": [
          {
            "id": "n_5bcf8f835cfb9d242400035c",
            "weight": 0
          }
        ],
        "space": [
          "s_5c128282116ece57b5000006"
        ],
        "flags": [
          1
        ]
      }
    },
    {
      "type": "Feature",
      "geometry": {
        "type": "Point",
        "coordinates": [
          12.536152019093022,
          45.6715251505309
        ]
      },
      "properties": {
        "id": "n_5bcf8f835cfb9d242400035c",
        "map": "f_5bcf767a5cfb9d2424000001",
        "externalId": "NODE-IJFFEDKU",
        "neighbors": [
          {
            "id": "n_5bcf8f825cfb9d242400035b",
            "weight": 0
          },
          {
            "id": "n_5bcf8f6c5cfb9d2424000352",
            "weight": 0
          },
          {
            "id": "n_5bcf8f725cfb9d2424000355",
            "weight": 0
          }
        ],
        "space": [],
        "flags": [
          1
        ]
      }
    },
    {
      "type": "Feature",
      "geometry": {
        "type": "Point",
        "coordinates": [
          12.536177631374573,
          45.6713381912772
        ]
      },
      "properties": {
        "id": "n_5bcf8f885cfb9d242400035e",
        "map": "f_5bcf767a5cfb9d2424000001",
        "externalId": "NODE-2MJX1UFH",
        "neighbors": [
          {
            "id": "n_5bcf8f725cfb9d2424000355",
            "weight": 0
          }
        ],
        "space": [
          "s_5bcf76bc5cfb9d2424000106"
        ],
        "flags": [
          1
        ]
      }
    },
    {
      "type": "Feature",
      "geometry": {
        "type": "Point",
        "coordinates": [
          12.535900569299685,
          45.67156535473657
        ]
      },
      "properties": {
        "id": "n_5bcf8f985cfb9d242400035f",
        "map": "f_5bcf767a5cfb9d2424000001",
        "externalId": "NODE-PF4UVEE8",
        "neighbors": [
          {
            "id": "n_5bcf88a85cfb9d2424000288",
            "weight": 0
          }
        ],
        "space": [
          "s_62aa17c1b7c7715d842ddfea"
        ],
        "flags": [
          1
        ]
      }
    },
    {
      "type": "Feature",
      "geometry": {
        "type": "Point",
        "coordinates": [
          12.536025021749204,
          45.67139317240823
        ]
      },
      "properties": {
        "id": "n_5bcf8f9a5cfb9d2424000360",
        "map": "f_5bcf767a5cfb9d2424000001",
        "externalId": "NODE-FWXHJZCJ",
        "neighbors": [
          {
            "id": "n_5bcf88a85cfb9d2424000288",
            "weight": 0
          }
        ],
        "space": [
          "s_5bcf76bc5cfb9d2424000105"
        ],
        "flags": [
          1
        ]
      }
    },
    {
      "type": "Feature",
      "geometry": {
        "type": "Point",
        "coordinates": [
          12.53587231960313,
          45.67143757127056
        ]
      },
      "properties": {
        "id": "n_5bcf8f9c5cfb9d2424000361",
        "map": "f_5bcf767a5cfb9d2424000001",
        "externalId": "NODE-F3ZQ20XZ",
        "neighbors": [
          {
            "id": "n_5bcf88a85cfb9d2424000288",
            "weight": 0
          },
          {
            "id": "n_5bcf8f9d5cfb9d2424000362",
            "weight": 0
          },
          {
            "id": "n_5bcf8fa15cfb9d2424000363",
            "weight": 0
          },
          {
            "id": "n_5bcf8fa35cfb9d2424000364",
            "weight": 0
          }
        ],
        "space": [],
        "flags": [
          1
        ]
      }
    },
    {
      "type": "Feature",
      "geometry": {
        "type": "Point",
        "coordinates": [
          12.535801591922555,
          45.67153988730696
        ]
      },
      "properties": {
        "id": "n_5bcf8f9d5cfb9d2424000362",
        "map": "f_5bcf767a5cfb9d2424000001",
        "externalId": "NODE-7B71TONY",
        "neighbors": [
          {
            "id": "n_5bcf8f9c5cfb9d2424000361",
            "weight": 0
          }
        ],
        "space": [
          "s_62aa17c1b7c7715d842ddfea"
        ],
        "flags": [
          1
        ]
      }
    },
    {
      "type": "Feature",
      "geometry": {
        "type": "Point",
        "coordinates": [
          12.535943231493304,
          45.67135641932143
        ]
      },
      "properties": {
        "id": "n_5bcf8fa15cfb9d2424000363",
        "map": "f_5bcf767a5cfb9d2424000001",
        "externalId": "NODE-IAXJ8R04",
        "neighbors": [
          {
            "id": "n_5bcf8f9c5cfb9d2424000361",
            "weight": 0
          }
        ],
        "space": [
          "s_5bcf76bc5cfb9d2424000104"
        ],
        "flags": [
          1
        ]
      }
    },
    {
      "type": "Feature",
      "geometry": {
        "type": "Point",
        "coordinates": [
          12.53577614537446,
          45.671407697741905
        ]
      },
      "properties": {
        "id": "n_5bcf8fa35cfb9d2424000364",
        "map": "f_5bcf767a5cfb9d2424000001",
        "externalId": "NODE-O3BNA0BX",
        "neighbors": [
          {
            "id": "n_5bcf8f9c5cfb9d2424000361",
            "weight": 0
          },
          {
            "id": "n_5bcf8fa45cfb9d2424000365",
            "weight": 0
          },
          {
            "id": "n_5bcf8fa75cfb9d2424000366",
            "weight": 0
          },
          {
            "id": "n_5bcf8fa95cfb9d2424000367",
            "weight": 0
          }
        ],
        "space": [],
        "flags": [
          1
        ]
      }
    },
    {
      "type": "Feature",
      "geometry": {
        "type": "Point",
        "coordinates": [
          12.53572031966513,
          45.671491486318516
        ]
      },
      "properties": {
        "id": "n_5bcf8fa45cfb9d2424000365",
        "map": "f_5bcf767a5cfb9d2424000001",
        "externalId": "NODE-J1IJSGZZ",
        "neighbors": [
          {
            "id": "n_5bcf8fa35cfb9d2424000364",
            "weight": 0
          }
        ],
        "space": [
          "s_5bcf76bc5cfb9d24240000fd"
        ],
        "flags": [
          1
        ]
      }
    },
    {
      "type": "Feature",
      "geometry": {
        "type": "Point",
        "coordinates": [
          12.535844254466253,
          45.67133095192863
        ]
      },
      "properties": {
        "id": "n_5bcf8fa75cfb9d2424000366",
        "map": "f_5bcf767a5cfb9d2424000001",
        "externalId": "NODE-T0G9VNQC",
        "neighbors": [
          {
            "id": "n_5bcf8fa35cfb9d2424000364",
            "weight": 0
          }
        ],
        "space": [
          "s_5bcf76bc5cfb9d2424000103"
        ],
        "flags": [
          1
        ]
      }
    },
    {
      "type": "Feature",
      "geometry": {
        "type": "Point",
        "coordinates": [
          12.535660105891303,
          45.67137165354079
        ]
      },
      "properties": {
        "id": "n_5bcf8fa95cfb9d2424000367",
        "map": "f_5bcf767a5cfb9d2424000001",
        "externalId": "NODE-324801SS",
        "neighbors": [
          {
            "id": "n_5bcf8fa35cfb9d2424000364",
            "weight": 0
          },
          {
            "id": "n_5bcf8faa5cfb9d2424000368",
            "weight": 0
          },
          {
            "id": "n_5c12c189f1d68a7e0c000001",
            "weight": 0
          }
        ],
        "space": [],
        "flags": [
          1
        ]
      }
    },
    {
      "type": "Feature",
      "geometry": {
        "type": "Point",
        "coordinates": [
          12.535729644819124,
          45.67128182695863
        ]
      },
      "properties": {
        "id": "n_5bcf8faa5cfb9d2424000368",
        "map": "f_5bcf767a5cfb9d2424000001",
        "externalId": "NODE-6KYGYXWD",
        "neighbors": [
          {
            "id": "n_5bcf8fa95cfb9d2424000367",
            "weight": 0
          }
        ],
        "space": [
          "s_5bcf76bc5cfb9d2424000102"
        ],
        "flags": [
          1
        ]
      }
    },
    {
      "type": "Feature",
      "geometry": {
        "type": "Point",
        "coordinates": [
          12.535207708425348,
          45.67123753442859
        ]
      },
      "properties": {
        "id": "n_5bcf8fbc5cfb9d2424000369",
        "map": "f_5bcf767a5cfb9d2424000001",
        "externalId": "NODE-ZHS3KE07",
        "neighbors": [
          {
            "id": "n_61e597931dfa1553ba000001",
            "weight": 0
          }
        ],
        "space": [
          "s_61e597891dfa1553ba000000"
        ],
        "flags": [
          1
        ]
      }
    },
    {
      "type": "Feature",
      "geometry": {
        "type": "Point",
        "coordinates": [
          12.535594085571228,
          45.67117699299735
        ]
      },
      "properties": {
        "id": "n_5bcf8fc45cfb9d242400036c",
        "map": "f_5bcf767a5cfb9d2424000001",
        "externalId": "NODE-VTMVVPHS",
        "neighbors": [
          {
            "id": "n_5bcf88755cfb9d2424000284",
            "weight": 0
          },
          {
            "id": "n_5bcf889f5cfb9d2424000286",
            "weight": 0
          }
        ],
        "space": [],
        "flags": [
          1
        ]
      }
    },
    {
      "type": "Feature",
      "geometry": {
        "type": "Point",
        "coordinates": [
          12.53772967313025,
          45.67277860082622
        ]
      },
      "properties": {
        "id": "n_5bcf918f5cfb9d2424000379",
        "map": "f_5bcf767a5cfb9d2424000001",
        "externalId": "NODE-AQMWQ5ID",
        "neighbors": [
          {
            "id": "n_5bcf8e005cfb9d242400030a",
            "weight": 0
          },
          {
            "id": "n_5bfc56335cfb9d6a79000085",
            "weight": 0
          },
          {
            "id": "n_5bfc56445cfb9d6a7900008e",
            "weight": 0
          }
        ],
        "space": [],
        "flags": [
          1
        ]
      }
    },
    {
      "type": "Feature",
      "geometry": {
        "type": "Point",
        "coordinates": [
          12.537969272147656,
          45.672826879946825
        ]
      },
      "properties": {
        "id": "n_5bcf91d75cfb9d242400037d",
        "map": "f_5bcf767a5cfb9d2424000001",
        "externalId": "NODE-TE269134",
        "neighbors": [
          {
            "id": "n_5bcf8de35cfb9d2424000304",
            "weight": 0
          },
          {
            "id": "n_5bcf88e75cfb9d2424000291",
            "weight": 0
          },
          {
            "id": "n_5bcf8ddd5cfb9d2424000301",
            "weight": 0
          }
        ],
        "space": [],
        "flags": [
          1
        ]
      }
    },
    {
      "type": "Feature",
      "geometry": {
        "type": "Point",
        "coordinates": [
          12.537656915449183,
          45.67296758341209
        ]
      },
      "properties": {
        "id": "n_5bcf91fb5cfb9d2424000380",
        "map": "f_5bcf767a5cfb9d2424000001",
        "externalId": "NODE-XBGDJMT2",
        "neighbors": [
          {
            "id": "n_5bcf88e35cfb9d2424000290",
            "weight": 0
          },
          {
            "id": "n_5bfc56335cfb9d6a7900007e",
            "weight": 0
          }
        ],
        "space": [],
        "flags": [
          1
        ]
      }
    },
    {
      "type": "Feature",
      "geometry": {
        "type": "Point",
        "coordinates": [
          12.538355625845638,
          45.6726388034804
        ]
      },
      "properties": {
        "id": "n_5bd0722b5cfb9d2c11000033",
        "map": "f_5bcf767a5cfb9d2424000001",
        "externalId": "NODE-M0UGFTRU",
        "neighbors": [
          {
            "id": "n_5bcf88e95cfb9d2424000292",
            "weight": 0
          }
        ],
        "space": [
          "s_5bcf76bc5cfb9d242400017f"
        ],
        "flags": [
          1
        ]
      }
    },
    {
      "type": "Feature",
      "geometry": {
        "type": "Point",
        "coordinates": [
          12.538217818913251,
          45.67254837141696
        ]
      },
      "properties": {
        "id": "n_5bd0722e5cfb9d2c11000034",
        "map": "f_5bcf767a5cfb9d2424000001",
        "externalId": "NODE-KLF74J0B",
        "neighbors": [
          {
            "id": "n_5bcf88e95cfb9d2424000292",
            "weight": 0
          }
        ],
        "space": [
          "s_5bcf76bc5cfb9d2424000153"
        ],
        "flags": [
          1
        ]
      }
    },
    {
      "type": "Feature",
      "geometry": {
        "type": "Point",
        "coordinates": [
          12.538191467551997,
          45.67239040344904
        ]
      },
      "properties": {
        "id": "n_5bd072385cfb9d2c11000035",
        "map": "f_5bcf767a5cfb9d2424000001",
        "externalId": "NODE-QV99V48Y",
        "neighbors": [
          {
            "id": "n_5bcf88f15cfb9d2424000294",
            "weight": 0
          }
        ],
        "space": [
          "s_5bcf76bc5cfb9d242400017a"
        ],
        "flags": [
          1
        ]
      }
    },
    {
      "type": "Feature",
      "geometry": {
        "type": "Point",
        "coordinates": [
          12.538170657862878,
          45.67248322382367
        ]
      },
      "properties": {
        "id": "n_5bd0723b5cfb9d2c11000036",
        "map": "f_5bcf767a5cfb9d2424000001",
        "externalId": "NODE-F358UTD7",
        "neighbors": [
          {
            "id": "n_5bfc554a5cfb9d6a79000058",
            "weight": 0
          }
        ],
        "space": [
          "s_5bcf76bc5cfb9d242400017c"
        ],
        "flags": [
          1
        ]
      }
    },
    {
      "type": "Feature",
      "geometry": {
        "type": "Point",
        "coordinates": [
          12.53867551033419,
          45.67255398468509
        ]
      },
      "properties": {
        "id": "n_5bd072425cfb9d2c11000039",
        "map": "f_5bcf767a5cfb9d2424000001",
        "externalId": "NODE-C6Q1UZZW",
        "neighbors": [
          {
            "id": "n_5bfc55875cfb9d6a79000060",
            "weight": 0
          }
        ],
        "space": [
          "s_5bcf76bc5cfb9d2424000132"
        ],
        "flags": [
          1
        ]
      }
    },
    {
      "type": "Feature",
      "geometry": {
        "type": "Point",
        "coordinates": [
          12.538506166592416,
          45.672630410265555
        ]
      },
      "properties": {
        "id": "n_5bd072495cfb9d2c1100003b",
        "map": "f_5bcf767a5cfb9d2424000001",
        "externalId": "NODE-K8SIVX11",
        "neighbors": [
          {
            "id": "n_5bfc554a5cfb9d6a7900005e",
            "weight": 0
          }
        ],
        "space": [
          "s_5bcf76bc5cfb9d2424000180"
        ],
        "flags": [
          1
        ]
      }
    },
    {
      "type": "Feature",
      "geometry": {
        "type": "Point",
        "coordinates": [
          12.538436895155337,
          45.67226311429998
        ]
      },
      "properties": {
        "id": "n_5bd0725f5cfb9d2c1100003f",
        "map": "f_5bcf767a5cfb9d2424000001",
        "externalId": "NODE-FJTS2P9J",
        "neighbors": [
          {
            "id": "n_5bfc55875cfb9d6a79000067",
            "weight": 0
          }
        ],
        "space": [
          "s_5bcf76bc5cfb9d2424000139"
        ],
        "flags": [
          1
        ]
      }
    },
    {
      "type": "Feature",
      "geometry": {
        "type": "Point",
        "coordinates": [
          12.538548535781375,
          45.672270134157095
        ]
      },
      "properties": {
        "id": "n_5bd0726b5cfb9d2c11000041",
        "map": "f_5bcf767a5cfb9d2424000001",
        "externalId": "NODE-U09YV5GY",
        "neighbors": [
          {
            "id": "n_5bfc55bc5cfb9d6a79000069",
            "weight": 0
          }
        ],
        "space": [
          "s_5bcf76bc5cfb9d242400013a"
        ],
        "flags": [
          1
        ]
      }
    },
    {
      "type": "Feature",
      "geometry": {
        "type": "Point",
        "coordinates": [
          12.536446504164578,
          45.671550315600776
        ]
      },
      "properties": {
        "id": "n_5bd076985cfb9d2c11000044",
        "map": "f_5bcf767a5cfb9d2424000001",
        "externalId": "NODE-273V9H9M",
        "neighbors": [
          {
            "id": "n_5bcf88b05cfb9d2424000289",
            "weight": 0
          }
        ],
        "space": [
          "s_61e598441dfa1553ba000007"
        ],
        "flags": [
          1
        ]
      }
    },
    {
      "type": "Feature",
      "geometry": {
        "type": "Point",
        "coordinates": [
          12.535631548091775,
          45.67066205764328
        ]
      },
      "properties": {
        "id": "n_5bfc0c6f5cfb9d6e7e000006",
        "map": "f_5bcf767a5cfb9d2424000001",
        "externalId": "NODE-64URNZ3C",
        "neighbors": [
          {
            "id": "n_5bfc5b4f5cfb9d6a790000dd",
            "weight": 0
          }
        ],
        "space": [
          "s_66213f0f999bbfb56e8bc3aa"
        ],
        "flags": [
          1
        ]
      }
    },
    {
      "type": "Feature",
      "geometry": {
        "type": "Point",
        "coordinates": [
          12.537226482786462,
          45.67137922549771
        ]
      },
      "properties": {
        "id": "n_5bfc0eb15cfb9d6e7e00000c",
        "map": "f_5bcf767a5cfb9d2424000001",
        "externalId": "NODE-BLORY8F8",
        "neighbors": [
          {
            "id": "n_5bcf89065cfb9d2424000299",
            "weight": 0
          },
          {
            "id": "n_5bcf8cf65cfb9d24240002cb",
            "weight": 0
          },
          {
            "id": "n_5bfc0eb25cfb9d6e7e00000d",
            "weight": 0
          }
        ],
        "space": [],
        "flags": [
          1
        ]
      }
    },
    {
      "type": "Feature",
      "geometry": {
        "type": "Point",
        "coordinates": [
          12.537119794981558,
          45.671426420451745
        ]
      },
      "properties": {
        "id": "n_5bfc0eb25cfb9d6e7e00000d",
        "map": "f_5bcf767a5cfb9d2424000001",
        "externalId": "NODE-RXE8JEFL",
        "neighbors": [
          {
            "id": "n_5bfc0eb15cfb9d6e7e00000c",
            "weight": 0
          }
        ],
        "space": [
          "s_5bfc0e015cfb9d6e7e000008"
        ],
        "flags": [
          1
        ]
      }
    },
    {
      "type": "Feature",
      "geometry": {
        "type": "Point",
        "coordinates": [
          12.53716244184859,
          45.671323400719785
        ]
      },
      "properties": {
        "id": "n_5bfc0f0b5cfb9d6e7e00000e",
        "map": "f_5bcf767a5cfb9d2424000001",
        "externalId": "NODE-HOD9WK3L",
        "neighbors": [
          {
            "id": "n_5bcf8cf85cfb9d24240002cc",
            "weight": 0
          },
          {
            "id": "n_5bcf8af25cfb9d24240002bc",
            "weight": 0
          },
          {
            "id": "n_5bcf8cf65cfb9d24240002cb",
            "weight": 0
          }
        ],
        "space": [],
        "flags": [
          1
        ]
      }
    },
    {
      "type": "Feature",
      "geometry": {
        "type": "Point",
        "coordinates": [
          12.5381264260949,
          45.67219392055416
        ]
      },
      "properties": {
        "id": "n_5bfc149e5cfb9d6e7e000012",
        "map": "f_5bcf767a5cfb9d2424000001",
        "externalId": "NODE-VED2TOAI",
        "neighbors": [
          {
            "id": "n_5bcf88f95cfb9d2424000295",
            "weight": 0
          },
          {
            "id": "n_5bcf8da75cfb9d24240002f4",
            "weight": 0
          },
          {
            "id": "n_5bfc14a05cfb9d6e7e000013",
            "weight": 0
          }
        ],
        "space": [],
        "flags": [
          1
        ]
      }
    },
    {
      "type": "Feature",
      "geometry": {
        "type": "Point",
        "coordinates": [
          12.538033790703047,
          45.67225150504037
        ]
      },
      "properties": {
        "id": "n_5bfc14a05cfb9d6e7e000013",
        "map": "f_5bcf767a5cfb9d2424000001",
        "externalId": "NODE-TFWQ6MXW",
        "neighbors": [
          {
            "id": "n_5bfc149e5cfb9d6e7e000012",
            "weight": 0
          }
        ],
        "space": [
          "s_5bfc148f5cfb9d6e7e000011"
        ],
        "flags": [
          1
        ]
      }
    },
    {
      "type": "Feature",
      "geometry": {
        "type": "Point",
        "coordinates": [
          12.537661394748671,
          45.67272327498209
        ]
      },
      "properties": {
        "id": "n_5bfc16d65cfb9d6e7e00001b",
        "map": "f_5bcf767a5cfb9d2424000001",
        "externalId": "NODE-M3TS90VH",
        "neighbors": [
          {
            "id": "n_5bcf8e005cfb9d242400030a",
            "weight": 0
          },
          {
            "id": "n_5bcf8ef55cfb9d2424000337",
            "weight": 0
          }
        ],
        "space": [],
        "flags": [
          1
        ]
      }
    },
    {
      "type": "Feature",
      "geometry": {
        "type": "Point",
        "coordinates": [
          12.537048206867963,
          45.67245111432617
        ]
      },
      "properties": {
        "id": "n_5bfc19045cfb9d6e7e000022",
        "map": "f_5bcf767a5cfb9d2424000001",
        "externalId": "NODE-20J809M0",
        "neighbors": [
          {
            "id": "n_5bfc576d5cfb9d6a79000097",
            "weight": 0
          }
        ],
        "space": [
          "s_5bfc18d95cfb9d6e7e00001e"
        ],
        "flags": [
          1
        ]
      }
    },
    {
      "type": "Feature",
      "geometry": {
        "type": "Point",
        "coordinates": [
          12.535365955048057,
          45.67114085986588
        ]
      },
      "properties": {
        "id": "n_5bfc1a365cfb9d6e7e000024",
        "map": "f_5bcf767a5cfb9d2424000001",
        "externalId": "NODE-RIOYSIYY",
        "neighbors": [
          {
            "id": "n_5bcf889f5cfb9d2424000286",
            "weight": 0
          }
        ],
        "space": [
          "s_5bfc1a0a5cfb9d6e7e000023"
        ],
        "flags": [
          1
        ]
      }
    },
    {
      "type": "Feature",
      "geometry": {
        "type": "Point",
        "coordinates": [
          12.536468907492866,
          45.67018153135034
        ]
      },
      "properties": {
        "id": "n_5bfc21ce5cfb9d3e04000001",
        "map": "f_5bcf767a5cfb9d2424000001",
        "externalId": "NODE-TDQ5XE1Q",
        "neighbors": [
          {
            "id": "n_5bfc53ff5cfb9d6a79000031",
            "weight": 0
          }
        ],
        "space": [
          "s_5bfc21245cfb9d3e04000000"
        ],
        "flags": [
          1
        ]
      }
    },
    {
      "type": "Feature",
      "geometry": {
        "type": "Point",
        "coordinates": [
          12.538701481565852,
          45.672365324614056
        ]
      },
      "properties": {
        "id": "n_5bfc455f5cfb9d6a79000007",
        "map": "f_5bcf767a5cfb9d2424000001",
        "externalId": "NODE-WBhDDzFH",
        "neighbors": [
          {
            "id": "n_5bfc55875cfb9d6a79000064",
            "weight": 0
          }
        ],
        "space": [
          "s_652afc8eed20563d1db138e6"
        ],
        "flags": [
          1
        ]
      }
    },
    {
      "type": "Feature",
      "geometry": {
        "type": "Point",
        "coordinates": [
          12.53606165975317,
          45.67000654796918
        ]
      },
      "properties": {
        "id": "n_5bfc53a05cfb9d6a79000011",
        "map": "f_5bcf767a5cfb9d2424000001",
        "externalId": "NODE-4E69917Z",
        "neighbors": [
          {
            "id": "n_5bcf871a5cfb9d2424000256",
            "weight": 0
          },
          {
            "id": "n_5bfc53c25cfb9d6a7900001c",
            "weight": 0
          },
          {
            "id": "n_5bfc542b5cfb9d6a79000041",
            "weight": 0
          }
        ],
        "space": [],
        "flags": [
          1
        ]
      }
    },
    {
      "type": "Feature",
      "geometry": {
        "type": "Point",
        "coordinates": [
          12.536210065392016,
          45.670233623173395
        ]
      },
      "properties": {
        "id": "n_5bfc53a95cfb9d6a79000012",
        "map": "f_5bcf767a5cfb9d2424000001",
        "externalId": "NODE-OJLXPMMU",
        "neighbors": [
          {
            "id": "n_5bfc53c25cfb9d6a79000024",
            "weight": 0
          },
          {
            "id": "n_5bfc53ff5cfb9d6a7900002f",
            "weight": 0
          },
          {
            "id": "n_5bfc5b405cfb9d6a790000dc",
            "weight": 0
          }
        ],
        "space": [],
        "flags": [
          1
        ]
      }
    },
    {
      "type": "Feature",
      "geometry": {
        "type": "Point",
        "coordinates": [
          12.536039129243793,
          45.67004192286292
        ]
      },
      "properties": {
        "id": "n_5bfc53c25cfb9d6a7900001c",
        "map": "f_5bcf767a5cfb9d2424000001",
        "externalId": "NODE-8EA783VR",
        "neighbors": [
          {
            "id": "n_5bfc53a05cfb9d6a79000011",
            "weight": 0
          },
          {
            "id": "n_5bfc53c25cfb9d6a7900001d",
            "weight": 0
          }
        ],
        "space": [],
        "flags": [
          1
        ]
      }
    },
    {
      "type": "Feature",
      "geometry": {
        "type": "Point",
        "coordinates": [
          12.53602759492093,
          45.670076183005506
        ]
      },
      "properties": {
        "id": "n_5bfc53c25cfb9d6a7900001d",
        "map": "f_5bcf767a5cfb9d2424000001",
        "externalId": "NODE-RW3L45VN",
        "neighbors": [
          {
            "id": "n_5bfc53c25cfb9d6a7900001c",
            "weight": 0
          },
          {
            "id": "n_5bfc53c25cfb9d6a7900001e",
            "weight": 0
          }
        ],
        "space": [],
        "flags": [
          1
        ]
      }
    },
    {
      "type": "Feature",
      "geometry": {
        "type": "Point",
        "coordinates": [
          12.536024686713814,
          45.67010502018779
        ]
      },
      "properties": {
        "id": "n_5bfc53c25cfb9d6a7900001e",
        "map": "f_5bcf767a5cfb9d2424000001",
        "externalId": "NODE-SEPPUYLP",
        "neighbors": [
          {
            "id": "n_5bfc53c25cfb9d6a7900001d",
            "weight": 0
          },
          {
            "id": "n_5bfc53c25cfb9d6a7900001f",
            "weight": 0
          }
        ],
        "space": [],
        "flags": [
          1
        ]
      }
    },
    {
      "type": "Feature",
      "geometry": {
        "type": "Point",
        "coordinates": [
          12.536026317570895,
          45.670131473759376
        ]
      },
      "properties": {
        "id": "n_5bfc53c25cfb9d6a7900001f",
        "map": "f_5bcf767a5cfb9d2424000001",
        "externalId": "NODE-L3BHP90Z",
        "neighbors": [
          {
            "id": "n_5bfc53c25cfb9d6a7900001e",
            "weight": 0
          },
          {
            "id": "n_5bfc53c25cfb9d6a79000020",
            "weight": 0
          }
        ],
        "space": [],
        "flags": [
          1
        ]
      }
    },
    {
      "type": "Feature",
      "geometry": {
        "type": "Point",
        "coordinates": [
          12.536035575513978,
          45.670155070946045
        ]
      },
      "properties": {
        "id": "n_5bfc53c25cfb9d6a79000020",
        "map": "f_5bcf767a5cfb9d2424000001",
        "externalId": "NODE-MG32CMQZ",
        "neighbors": [
          {
            "id": "n_5bfc53c25cfb9d6a7900001f",
            "weight": 0
          },
          {
            "id": "n_5bfc53c25cfb9d6a79000021",
            "weight": 0
          },
          {
            "id": "n_5bcf893b5cfb9d242400029d",
            "weight": 0
          }
        ],
        "space": [],
        "flags": [
          1
        ]
      }
    },
    {
      "type": "Feature",
      "geometry": {
        "type": "Point",
        "coordinates": [
          12.536052850341221,
          45.67017600899273
        ]
      },
      "properties": {
        "id": "n_5bfc53c25cfb9d6a79000021",
        "map": "f_5bcf767a5cfb9d2424000001",
        "externalId": "NODE-PR1W3447",
        "neighbors": [
          {
            "id": "n_5bfc53c25cfb9d6a79000020",
            "weight": 0
          },
          {
            "id": "n_5bfc53c25cfb9d6a79000022",
            "weight": 0
          }
        ],
        "space": [],
        "flags": [
          1
        ]
      }
    },
    {
      "type": "Feature",
      "geometry": {
        "type": "Point",
        "coordinates": [
          12.536078531574336,
          45.6701944853231
        ]
      },
      "properties": {
        "id": "n_5bfc53c25cfb9d6a79000022",
        "map": "f_5bcf767a5cfb9d2424000001",
        "externalId": "NODE-M3V09KRP",
        "neighbors": [
          {
            "id": "n_5bfc53c25cfb9d6a79000021",
            "weight": 0
          },
          {
            "id": "n_5bfc53c25cfb9d6a79000023",
            "weight": 0
          }
        ],
        "space": [],
        "flags": [
          1
        ]
      }
    },
    {
      "type": "Feature",
      "geometry": {
        "type": "Point",
        "coordinates": [
          12.536113008733656,
          45.67021069735868
        ]
      },
      "properties": {
        "id": "n_5bfc53c25cfb9d6a79000023",
        "map": "f_5bcf767a5cfb9d2424000001",
        "externalId": "NODE-WVD77IG7",
        "neighbors": [
          {
            "id": "n_5bfc53c25cfb9d6a79000022",
            "weight": 0
          },
          {
            "id": "n_5bfc53c25cfb9d6a79000024",
            "weight": 0
          }
        ],
        "space": [],
        "flags": [
          1
        ]
      }
    },
    {
      "type": "Feature",
      "geometry": {
        "type": "Point",
        "coordinates": [
          12.536156671613284,
          45.670224842337966
        ]
      },
      "properties": {
        "id": "n_5bfc53c25cfb9d6a79000024",
        "map": "f_5bcf767a5cfb9d2424000001",
        "externalId": "NODE-C6TFO2CF",
        "neighbors": [
          {
            "id": "n_5bfc53c25cfb9d6a79000023",
            "weight": 0
          },
          {
            "id": "n_5bfc53a95cfb9d6a79000012",
            "weight": 0
          }
        ],
        "space": [],
        "flags": [
          1
        ]
      }
    },
    {
      "type": "Feature",
      "geometry": {
        "type": "Point",
        "coordinates": [
          12.53628734497882,
          45.670223102969004
        ]
      },
      "properties": {
        "id": "n_5bfc53ff5cfb9d6a7900002f",
        "map": "f_5bcf767a5cfb9d2424000001",
        "externalId": "NODE-XR39GRHX",
        "neighbors": [
          {
            "id": "n_5bfc53a95cfb9d6a79000012",
            "weight": 0
          },
          {
            "id": "n_5bfc53ff5cfb9d6a79000030",
            "weight": 0
          }
        ],
        "space": [],
        "flags": [
          1
        ]
      }
    },
    {
      "type": "Feature",
      "geometry": {
        "type": "Point",
        "coordinates": [
          12.536341844383696,
          45.67019817017494
        ]
      },
      "properties": {
        "id": "n_5bfc53ff5cfb9d6a79000030",
        "map": "f_5bcf767a5cfb9d2424000001",
        "externalId": "NODE-QUUPIGBU",
        "neighbors": [
          {
            "id": "n_5bfc53ff5cfb9d6a7900002f",
            "weight": 0
          },
          {
            "id": "n_5bfc53ff5cfb9d6a79000031",
            "weight": 0
          }
        ],
        "space": [],
        "flags": [
          1
        ]
      }
    },
    {
      "type": "Feature",
      "geometry": {
        "type": "Point",
        "coordinates": [
          12.536386787645473,
          45.67015766660836
        ]
      },
      "properties": {
        "id": "n_5bfc53ff5cfb9d6a79000031",
        "map": "f_5bcf767a5cfb9d2424000001",
        "externalId": "NODE-WKRUDSOE",
        "neighbors": [
          {
            "id": "n_5bfc53ff5cfb9d6a79000030",
            "weight": 0
          },
          {
            "id": "n_5bfc53ff5cfb9d6a79000032",
            "weight": 0
          },
          {
            "id": "n_5bfc21ce5cfb9d3e04000001",
            "weight": 0
          }
        ],
        "space": [],
        "flags": [
          1
        ]
      }
    },
    {
      "type": "Feature",
      "geometry": {
        "type": "Point",
        "coordinates": [
          12.536400602102077,
          45.67012308173402
        ]
      },
      "properties": {
        "id": "n_5bfc53ff5cfb9d6a79000032",
        "map": "f_5bcf767a5cfb9d2424000001",
        "externalId": "NODE-A1W0FB75",
        "neighbors": [
          {
            "id": "n_5bfc53ff5cfb9d6a79000031",
            "weight": 0
          },
          {
            "id": "n_5bfc53ff5cfb9d6a79000033",
            "weight": 0
          }
        ],
        "space": [],
        "flags": [
          1
        ]
      }
    },
    {
      "type": "Feature",
      "geometry": {
        "type": "Point",
        "coordinates": [
          12.53639691644566,
          45.67008748189639
        ]
      },
      "properties": {
        "id": "n_5bfc53ff5cfb9d6a79000033",
        "map": "f_5bcf767a5cfb9d2424000001",
        "externalId": "NODE-KX23VTWH",
        "neighbors": [
          {
            "id": "n_5bfc53ff5cfb9d6a79000032",
            "weight": 0
          },
          {
            "id": "n_5bfc53ff5cfb9d6a79000034",
            "weight": 0
          }
        ],
        "space": [],
        "flags": [
          1
        ]
      }
    },
    {
      "type": "Feature",
      "geometry": {
        "type": "Point",
        "coordinates": [
          12.536378612150406,
          45.6700533657332
        ]
      },
      "properties": {
        "id": "n_5bfc53ff5cfb9d6a79000034",
        "map": "f_5bcf767a5cfb9d2424000001",
        "externalId": "NODE-BGA9MRAL",
        "neighbors": [
          {
            "id": "n_5bfc53ff5cfb9d6a79000033",
            "weight": 0
          },
          {
            "id": "n_5bfc53ff5cfb9d6a79000035",
            "weight": 0
          }
        ],
        "space": [],
        "flags": [
          1
        ]
      }
    },
    {
      "type": "Feature",
      "geometry": {
        "type": "Point",
        "coordinates": [
          12.536348571487654,
          45.67002323170864
        ]
      },
      "properties": {
        "id": "n_5bfc53ff5cfb9d6a79000035",
        "map": "f_5bcf767a5cfb9d2424000001",
        "externalId": "NODE-8RXXGJ3X",
        "neighbors": [
          {
            "id": "n_5bfc53ff5cfb9d6a79000034",
            "weight": 0
          },
          {
            "id": "n_5bfc53ff5cfb9d6a79000036",
            "weight": 0
          },
          {
            "id": "n_5bcf87475cfb9d2424000259",
            "weight": 0
          }
        ],
        "space": [],
        "flags": [
          1
        ]
      }
    },
    {
      "type": "Feature",
      "geometry": {
        "type": "Point",
        "coordinates": [
          12.536309675629708,
          45.669999578635114
        ]
      },
      "properties": {
        "id": "n_5bfc53ff5cfb9d6a79000036",
        "map": "f_5bcf767a5cfb9d2424000001",
        "externalId": "NODE-CNISN6UO",
        "neighbors": [
          {
            "id": "n_5bfc53ff5cfb9d6a79000035",
            "weight": 0
          },
          {
            "id": "n_5bfc53ff5cfb9d6a79000037",
            "weight": 0
          }
        ],
        "space": [],
        "flags": [
          1
        ]
      }
    },
    {
      "type": "Feature",
      "geometry": {
        "type": "Point",
        "coordinates": [
          12.536264806531364,
          45.669984905343846
        ]
      },
      "properties": {
        "id": "n_5bfc53ff5cfb9d6a79000037",
        "map": "f_5bcf767a5cfb9d2424000001",
        "externalId": "NODE-J7V55DAZ",
        "neighbors": [
          {
            "id": "n_5bfc53ff5cfb9d6a79000036",
            "weight": 0
          },
          {
            "id": "n_5bfc542b5cfb9d6a79000049",
            "weight": 0
          }
        ],
        "space": [],
        "flags": [
          1
        ]
      }
    },
    {
      "type": "Feature",
      "geometry": {
        "type": "Point",
        "coordinates": [
          12.536074528767678,
          45.669999866165156
        ]
      },
      "properties": {
        "id": "n_5bfc542b5cfb9d6a79000041",
        "map": "f_5bcf767a5cfb9d2424000001",
        "externalId": "NODE-KQP4NL8W",
        "neighbors": [
          {
            "id": "n_5bfc53a05cfb9d6a79000011",
            "weight": 0
          },
          {
            "id": "n_5bfc542b5cfb9d6a79000042",
            "weight": 0
          }
        ],
        "space": [],
        "flags": [
          1
        ]
      }
    },
    {
      "type": "Feature",
      "geometry": {
        "type": "Point",
        "coordinates": [
          12.536090019273535,
          45.669994066369085
        ]
      },
      "properties": {
        "id": "n_5bfc542b5cfb9d6a79000042",
        "map": "f_5bcf767a5cfb9d2424000001",
        "externalId": "NODE-QE0OYMRE",
        "neighbors": [
          {
            "id": "n_5bfc542b5cfb9d6a79000041",
            "weight": 0
          },
          {
            "id": "n_5bfc542b5cfb9d6a79000043",
            "weight": 0
          }
        ],
        "space": [],
        "flags": [
          1
        ]
      }
    },
    {
      "type": "Feature",
      "geometry": {
        "type": "Point",
        "coordinates": [
          12.53610776884542,
          45.66998919443454
        ]
      },
      "properties": {
        "id": "n_5bfc542b5cfb9d6a79000043",
        "map": "f_5bcf767a5cfb9d2424000001",
        "externalId": "NODE-JRSKFFWI",
        "neighbors": [
          {
            "id": "n_5bfc542b5cfb9d6a79000042",
            "weight": 0
          },
          {
            "id": "n_5bfc542b5cfb9d6a79000044",
            "weight": 0
          }
        ],
        "space": [],
        "flags": [
          1
        ]
      }
    },
    {
      "type": "Feature",
      "geometry": {
        "type": "Point",
        "coordinates": [
          12.536127414800033,
          45.66998529602296
        ]
      },
      "properties": {
        "id": "n_5bfc542b5cfb9d6a79000044",
        "map": "f_5bcf767a5cfb9d2424000001",
        "externalId": "NODE-OY6VLDWJ",
        "neighbors": [
          {
            "id": "n_5bfc542b5cfb9d6a79000043",
            "weight": 0
          },
          {
            "id": "n_5bfc542b5cfb9d6a79000045",
            "weight": 0
          }
        ],
        "space": [],
        "flags": [
          1
        ]
      }
    },
    {
      "type": "Feature",
      "geometry": {
        "type": "Point",
        "coordinates": [
          12.536148594196026,
          45.669982416603816
        ]
      },
      "properties": {
        "id": "n_5bfc542b5cfb9d6a79000045",
        "map": "f_5bcf767a5cfb9d2424000001",
        "externalId": "NODE-OSNOA60A",
        "neighbors": [
          {
            "id": "n_5bfc542b5cfb9d6a79000044",
            "weight": 0
          },
          {
            "id": "n_5bfc542b5cfb9d6a79000046",
            "weight": 0
          }
        ],
        "space": [],
        "flags": [
          1
        ]
      }
    },
    {
      "type": "Feature",
      "geometry": {
        "type": "Point",
        "coordinates": [
          12.536170944867608,
          45.669980602223234
        ]
      },
      "properties": {
        "id": "n_5bfc542b5cfb9d6a79000046",
        "map": "f_5bcf767a5cfb9d2424000001",
        "externalId": "NODE-ZEE8IGOY",
        "neighbors": [
          {
            "id": "n_5bfc542b5cfb9d6a79000045",
            "weight": 0
          },
          {
            "id": "n_5bfc542b5cfb9d6a79000047",
            "weight": 0
          }
        ],
        "space": [],
        "flags": [
          1
        ]
      }
    },
    {
      "type": "Feature",
      "geometry": {
        "type": "Point",
        "coordinates": [
          12.536187968023569,
          45.66998014324066
        ]
      },
      "properties": {
        "id": "n_5bfc542b5cfb9d6a79000047",
        "map": "f_5bcf767a5cfb9d2424000001",
        "externalId": "NODE-S5PSXMPN",
        "neighbors": [
          {
            "id": "n_5bfc542b5cfb9d6a79000046",
            "weight": 0
          },
          {
            "id": "n_5bfc542b5cfb9d6a79000048",
            "weight": 0
          },
          {
            "id": "n_687767eaad5c74f3d5de19b7",
            "weight": 0
          }
        ],
        "space": [],
        "flags": [
          1
        ]
      }
    },
    {
      "type": "Feature",
      "geometry": {
        "type": "Point",
        "coordinates": [
          12.53621770909137,
          45.669980350102186
        ]
      },
      "properties": {
        "id": "n_5bfc542b5cfb9d6a79000048",
        "map": "f_5bcf767a5cfb9d2424000001",
        "externalId": "NODE-D0HP0DYR",
        "neighbors": [
          {
            "id": "n_5bfc542b5cfb9d6a79000047",
            "weight": 0
          },
          {
            "id": "n_5bfc542b5cfb9d6a79000049",
            "weight": 0
          }
        ],
        "space": [],
        "flags": [
          1
        ]
      }
    },
    {
      "type": "Feature",
      "geometry": {
        "type": "Point",
        "coordinates": [
          12.536241397529514,
          45.66998200406517
        ]
      },
      "properties": {
        "id": "n_5bfc542b5cfb9d6a79000049",
        "map": "f_5bcf767a5cfb9d2424000001",
        "externalId": "NODE-8HG6HV6U",
        "neighbors": [
          {
            "id": "n_5bfc542b5cfb9d6a79000048",
            "weight": 0
          },
          {
            "id": "n_5bfc53ff5cfb9d6a79000037",
            "weight": 0
          }
        ],
        "space": [],
        "flags": [
          1
        ]
      }
    },
    {
      "type": "Feature",
      "geometry": {
        "type": "Point",
        "coordinates": [
          12.536013746209857,
          45.67099941829522
        ]
      },
      "properties": {
        "id": "n_5bfc54b75cfb9d6a7900004a",
        "map": "f_5bcf767a5cfb9d2424000001",
        "externalId": "NODE-VN33BUAQ",
        "neighbors": [
          {
            "id": "n_5bfc5b735cfb9d6a790000e8",
            "weight": 0
          }
        ],
        "space": [
          "s_60d5df19ac444d093f000000"
        ],
        "flags": [
          1
        ]
      }
    },
    {
      "type": "Feature",
      "geometry": {
        "type": "Point",
        "coordinates": [
          12.538307990032632,
          45.67237404388267
        ]
      },
      "properties": {
        "id": "n_5bfc54f85cfb9d6a7900004b",
        "map": "f_5bcf767a5cfb9d2424000001",
        "externalId": "NODE-VHZDM2B2",
        "neighbors": [
          {
            "id": "n_5bcf88f15cfb9d2424000294",
            "weight": 0
          },
          {
            "id": "n_5bfc554a5cfb9d6a79000056",
            "weight": 0
          },
          {
            "id": "n_5bfc554e5cfb9d6a7900005f",
            "weight": 0
          }
        ],
        "space": [],
        "flags": [
          1
        ]
      }
    },
    {
      "type": "Feature",
      "geometry": {
        "type": "Point",
        "coordinates": [
          12.53851017232446,
          45.67254993178263
        ]
      },
      "properties": {
        "id": "n_5bfc54fe5cfb9d6a7900004c",
        "map": "f_5bcf767a5cfb9d2424000001",
        "externalId": "NODE-E8E8Q7ZR",
        "neighbors": [
          {
            "id": "n_5bfc554a5cfb9d6a7900005e",
            "weight": 0
          },
          {
            "id": "n_5bfc55875cfb9d6a79000060",
            "weight": 0
          }
        ],
        "space": [],
        "flags": [
          1
        ]
      }
    },
    {
      "type": "Feature",
      "geometry": {
        "type": "Point",
        "coordinates": [
          12.538284588625553,
          45.67240460560702
        ]
      },
      "properties": {
        "id": "n_5bfc554a5cfb9d6a79000056",
        "map": "f_5bcf767a5cfb9d2424000001",
        "externalId": "NODE-K5YAPE9H",
        "neighbors": [
          {
            "id": "n_5bfc54f85cfb9d6a7900004b",
            "weight": 0
          },
          {
            "id": "n_5bfc554a5cfb9d6a79000057",
            "weight": 0
          }
        ],
        "space": [],
        "flags": [
          1
        ]
      }
    },
    {
      "type": "Feature",
      "geometry": {
        "type": "Point",
        "coordinates": [
          12.538273680069194,
          45.67243620020501
        ]
      },
      "properties": {
        "id": "n_5bfc554a5cfb9d6a79000057",
        "map": "f_5bcf767a5cfb9d2424000001",
        "externalId": "NODE-BHTKQW2Q",
        "neighbors": [
          {
            "id": "n_5bfc554a5cfb9d6a79000056",
            "weight": 0
          },
          {
            "id": "n_5bfc554a5cfb9d6a79000058",
            "weight": 0
          }
        ],
        "space": [],
        "flags": [
          1
        ]
      }
    },
    {
      "type": "Feature",
      "geometry": {
        "type": "Point",
        "coordinates": [
          12.538274161971671,
          45.67246729219968
        ]
      },
      "properties": {
        "id": "n_5bfc554a5cfb9d6a79000058",
        "map": "f_5bcf767a5cfb9d2424000001",
        "externalId": "NODE-HD7BXYVQ",
        "neighbors": [
          {
            "id": "n_5bfc554a5cfb9d6a79000057",
            "weight": 0
          },
          {
            "id": "n_5bfc554a5cfb9d6a79000059",
            "weight": 0
          },
          {
            "id": "n_5bd0723b5cfb9d2c11000036",
            "weight": 0
          }
        ],
        "space": [],
        "flags": [
          1
        ]
      }
    },
    {
      "type": "Feature",
      "geometry": {
        "type": "Point",
        "coordinates": [
          12.538284931688517,
          45.67249634573193
        ]
      },
      "properties": {
        "id": "n_5bfc554a5cfb9d6a79000059",
        "map": "f_5bcf767a5cfb9d2424000001",
        "externalId": "NODE-ALVZ39XG",
        "neighbors": [
          {
            "id": "n_5bfc554a5cfb9d6a79000058",
            "weight": 0
          },
          {
            "id": "n_5bfc554a5cfb9d6a7900005a",
            "weight": 0
          }
        ],
        "space": [],
        "flags": [
          1
        ]
      }
    },
    {
      "type": "Feature",
      "geometry": {
        "type": "Point",
        "coordinates": [
          12.538304886811947,
          45.67252182550505
        ]
      },
      "properties": {
        "id": "n_5bfc554a5cfb9d6a7900005a",
        "map": "f_5bcf767a5cfb9d2424000001",
        "externalId": "NODE-V6MFOMN6",
        "neighbors": [
          {
            "id": "n_5bfc554a5cfb9d6a79000059",
            "weight": 0
          },
          {
            "id": "n_5bfc554a5cfb9d6a7900005b",
            "weight": 0
          }
        ],
        "space": [],
        "flags": [
          1
        ]
      }
    },
    {
      "type": "Feature",
      "geometry": {
        "type": "Point",
        "coordinates": [
          12.538332924960004,
          45.67254219547519
        ]
      },
      "properties": {
        "id": "n_5bfc554a5cfb9d6a7900005b",
        "map": "f_5bcf767a5cfb9d2424000001",
        "externalId": "NODE-OKTZBISQ",
        "neighbors": [
          {
            "id": "n_5bfc554a5cfb9d6a7900005a",
            "weight": 0
          },
          {
            "id": "n_5bfc554a5cfb9d6a7900005c",
            "weight": 0
          }
        ],
        "space": [],
        "flags": [
          1
        ]
      }
    },
    {
      "type": "Feature",
      "geometry": {
        "type": "Point",
        "coordinates": [
          12.53835458962854,
          45.67255439547861
        ]
      },
      "properties": {
        "id": "n_5bfc554a5cfb9d6a7900005c",
        "map": "f_5bcf767a5cfb9d2424000001",
        "externalId": "NODE-D6GMSUOX",
        "neighbors": [
          {
            "id": "n_5bfc554a5cfb9d6a7900005b",
            "weight": 0
          },
          {
            "id": "n_5bcf88e95cfb9d2424000292",
            "weight": 0
          },
          {
            "id": "n_5bfc55e05cfb9d6a7900006a",
            "weight": 0
          }
        ],
        "space": [],
        "flags": [
          1
        ]
      }
    },
    {
      "type": "Feature",
      "geometry": {
        "type": "Point",
        "coordinates": [
          12.538420893915763,
          45.67256422834881
        ]
      },
      "properties": {
        "id": "n_5bfc554a5cfb9d6a7900005d",
        "map": "f_5bcf767a5cfb9d2424000001",
        "externalId": "NODE-Y86OHQVS",
        "neighbors": [
          {
            "id": "n_5bfc554a5cfb9d6a7900005e",
            "weight": 0
          },
          {
            "id": "n_5bfc55e05cfb9d6a7900006a",
            "weight": 0
          }
        ],
        "space": [],
        "flags": [
          1
        ]
      }
    },
    {
      "type": "Feature",
      "geometry": {
        "type": "Point",
        "coordinates": [
          12.538461606055794,
          45.672561469928056
        ]
      },
      "properties": {
        "id": "n_5bfc554a5cfb9d6a7900005e",
        "map": "f_5bcf767a5cfb9d2424000001",
        "externalId": "NODE-5XALETQG",
        "neighbors": [
          {
            "id": "n_5bfc554a5cfb9d6a7900005d",
            "weight": 0
          },
          {
            "id": "n_5bfc54fe5cfb9d6a7900004c",
            "weight": 0
          },
          {
            "id": "n_5bd072495cfb9d2c1100003b",
            "weight": 0
          }
        ],
        "space": [],
        "flags": [
          1
        ]
      }
    },
    {
      "type": "Feature",
      "geometry": {
        "type": "Point",
        "coordinates": [
          12.538368073463582,
          45.672353310064985
        ]
      },
      "properties": {
        "id": "n_5bfc554e5cfb9d6a7900005f",
        "map": "f_5bcf767a5cfb9d2424000001",
        "externalId": "NODE-JPNE8BTR",
        "neighbors": [
          {
            "id": "n_5bfc55875cfb9d6a79000068",
            "weight": 0
          },
          {
            "id": "n_5bfc54f85cfb9d6a7900004b",
            "weight": 0
          }
        ],
        "space": [],
        "flags": [
          1
        ]
      }
    },
    {
      "type": "Feature",
      "geometry": {
        "type": "Point",
        "coordinates": [
          12.538570503937251,
          45.67251393179745
        ]
      },
      "properties": {
        "id": "n_5bfc55875cfb9d6a79000060",
        "map": "f_5bcf767a5cfb9d2424000001",
        "externalId": "NODE-M2D6P3QF",
        "neighbors": [
          {
            "id": "n_5bfc54fe5cfb9d6a7900004c",
            "weight": 0
          },
          {
            "id": "n_5bfc55875cfb9d6a79000061",
            "weight": 0
          },
          {
            "id": "n_5bd072425cfb9d2c11000039",
            "weight": 0
          }
        ],
        "space": [],
        "flags": [
          1
        ]
      }
    },
    {
      "type": "Feature",
      "geometry": {
        "type": "Point",
        "coordinates": [
          12.538593859428493,
          45.67247147364611
        ]
      },
      "properties": {
        "id": "n_5bfc55875cfb9d6a79000061",
        "map": "f_5bcf767a5cfb9d2424000001",
        "externalId": "NODE-2JPPNI7C",
        "neighbors": [
          {
            "id": "n_5bfc55875cfb9d6a79000060",
            "weight": 0
          },
          {
            "id": "n_5bfc55875cfb9d6a79000062",
            "weight": 0
          }
        ],
        "space": [],
        "flags": [
          1
        ]
      }
    },
    {
      "type": "Feature",
      "geometry": {
        "type": "Point",
        "coordinates": [
          12.538599958104589,
          45.672438294460655
        ]
      },
      "properties": {
        "id": "n_5bfc55875cfb9d6a79000062",
        "map": "f_5bcf767a5cfb9d2424000001",
        "externalId": "NODE-1PW0YY5K",
        "neighbors": [
          {
            "id": "n_5bfc55875cfb9d6a79000061",
            "weight": 0
          },
          {
            "id": "n_5bfc55875cfb9d6a79000063",
            "weight": 0
          }
        ],
        "space": [],
        "flags": [
          1
        ]
      }
    },
    {
      "type": "Feature",
      "geometry": {
        "type": "Point",
        "coordinates": [
          12.538583895369058,
          45.67241314076447
        ]
      },
      "properties": {
        "id": "n_5bfc55875cfb9d6a79000063",
        "map": "f_5bcf767a5cfb9d2424000001",
        "externalId": "NODE-10iz_MYN",
        "neighbors": [
          {
            "id": "n_5bfc55875cfb9d6a79000062",
            "weight": 0
          },
          {
            "id": "n_5bfc55875cfb9d6a79000064",
            "weight": 0
          }
        ],
        "space": [],
        "flags": [
          1
        ]
      }
    },
    {
      "type": "Feature",
      "geometry": {
        "type": "Point",
        "coordinates": [
          12.538567528258913,
          45.672385618462165
        ]
      },
      "properties": {
        "id": "n_5bfc55875cfb9d6a79000064",
        "map": "f_5bcf767a5cfb9d2424000001",
        "externalId": "NODE-7MZ5I10C",
        "neighbors": [
          {
            "id": "n_5bfc55875cfb9d6a79000063",
            "weight": 0
          },
          {
            "id": "n_5bfc55875cfb9d6a79000065",
            "weight": 0
          },
          {
            "id": "n_5bfc455f5cfb9d6a79000007",
            "weight": 0
          }
        ],
        "space": [],
        "flags": [
          1
        ]
      }
    },
    {
      "type": "Feature",
      "geometry": {
        "type": "Point",
        "coordinates": [
          12.53853983421814,
          45.67236834721444
        ]
      },
      "properties": {
        "id": "n_5bfc55875cfb9d6a79000065",
        "map": "f_5bcf767a5cfb9d2424000001",
        "externalId": "NODE-a1RP65Kq",
        "neighbors": [
          {
            "id": "n_5bfc55875cfb9d6a79000064",
            "weight": 0
          },
          {
            "id": "n_5bfc55bc5cfb9d6a79000069",
            "weight": 0
          },
          {
            "id": "n_65a92b966644e6b07b11e420",
            "weight": 0
          }
        ],
        "space": [],
        "flags": [
          1
        ]
      }
    },
    {
      "type": "Feature",
      "geometry": {
        "type": "Point",
        "coordinates": [
          12.538479659052253,
          45.67234821637696
        ]
      },
      "properties": {
        "id": "n_5bfc55875cfb9d6a79000066",
        "map": "f_5bcf767a5cfb9d2424000001",
        "externalId": "NODE-J9A10OHD",
        "neighbors": [
          {
            "id": "n_5bfc55875cfb9d6a79000067",
            "weight": 0
          },
          {
            "id": "n_5bfc55bc5cfb9d6a79000069",
            "weight": 0
          }
        ],
        "space": [],
        "flags": [
          1
        ]
      }
    },
    {
      "type": "Feature",
      "geometry": {
        "type": "Point",
        "coordinates": [
          12.538437980622168,
          45.672342611700444
        ]
      },
      "properties": {
        "id": "n_5bfc55875cfb9d6a79000067",
        "map": "f_5bcf767a5cfb9d2424000001",
        "externalId": "NODE-9R92YPTE",
        "neighbors": [
          {
            "id": "n_5bfc55875cfb9d6a79000066",
            "weight": 0
          },
          {
            "id": "n_5bfc55875cfb9d6a79000068",
            "weight": 0
          },
          {
            "id": "n_5bd0725f5cfb9d2c1100003f",
            "weight": 0
          }
        ],
        "space": [],
        "flags": [
          1
        ]
      }
    },
    {
      "type": "Feature",
      "geometry": {
        "type": "Point",
        "coordinates": [
          12.538401488900357,
          45.672346275280205
        ]
      },
      "properties": {
        "id": "n_5bfc55875cfb9d6a79000068",
        "map": "f_5bcf767a5cfb9d2424000001",
        "externalId": "NODE-JOTUQZ38",
        "neighbors": [
          {
            "id": "n_5bfc55875cfb9d6a79000067",
            "weight": 0
          },
          {
            "id": "n_5bfc554e5cfb9d6a7900005f",
            "weight": 0
          }
        ],
        "space": [],
        "flags": [
          1
        ]
      }
    },
    {
      "type": "Feature",
      "geometry": {
        "type": "Point",
        "coordinates": [
          12.538500305513903,
          45.67235309813948
        ]
      },
      "properties": {
        "id": "n_5bfc55bc5cfb9d6a79000069",
        "map": "f_5bcf767a5cfb9d2424000001",
        "externalId": "NODE-BRFJUOKK",
        "neighbors": [
          {
            "id": "n_5bd0726b5cfb9d2c11000041",
            "weight": 0
          },
          {
            "id": "n_5bfc55875cfb9d6a79000065",
            "weight": 0
          },
          {
            "id": "n_5bfc55875cfb9d6a79000066",
            "weight": 0
          }
        ],
        "space": [],
        "flags": [
          1
        ]
      }
    },
    {
      "type": "Feature",
      "geometry": {
        "type": "Point",
        "coordinates": [
          12.538381032677263,
          45.67256009908994
        ]
      },
      "properties": {
        "id": "n_5bfc55e05cfb9d6a7900006a",
        "map": "f_5bcf767a5cfb9d2424000001",
        "externalId": "NODE-JPORGQYK",
        "neighbors": [
          {
            "id": "n_5bfc554a5cfb9d6a7900005c",
            "weight": 0
          },
          {
            "id": "n_5bfc554a5cfb9d6a7900005d",
            "weight": 0
          }
        ],
        "space": [],
        "flags": [
          1
        ]
      }
    },
    {
      "type": "Feature",
      "geometry": {
        "type": "Point",
        "coordinates": [
          12.537931603450527,
          45.67286859081769
        ]
      },
      "properties": {
        "id": "n_5bfc56205cfb9d6a79000074",
        "map": "f_5bcf767a5cfb9d2424000001",
        "externalId": "NODE-SMZE3LSB",
        "neighbors": [
          {
            "id": "n_5bcf88e75cfb9d2424000291",
            "weight": 0
          },
          {
            "id": "n_5bfc56205cfb9d6a79000075",
            "weight": 0
          }
        ],
        "space": [],
        "flags": [
          1
        ]
      }
    },
    {
      "type": "Feature",
      "geometry": {
        "type": "Point",
        "coordinates": [
          12.537924880367658,
          45.6728861401067
        ]
      },
      "properties": {
        "id": "n_5bfc56205cfb9d6a79000075",
        "map": "f_5bcf767a5cfb9d2424000001",
        "externalId": "NODE-6LDC2149",
        "neighbors": [
          {
            "id": "n_5bfc56205cfb9d6a79000074",
            "weight": 0
          },
          {
            "id": "n_5bfc56205cfb9d6a79000076",
            "weight": 0
          },
          {
            "id": "n_5bcf8e155cfb9d2424000310",
            "weight": 0
          }
        ],
        "space": [],
        "flags": [
          1
        ]
      }
    },
    {
      "type": "Feature",
      "geometry": {
        "type": "Point",
        "coordinates": [
          12.537915099902461,
          45.67290241761084
        ]
      },
      "properties": {
        "id": "n_5bfc56205cfb9d6a79000076",
        "map": "f_5bcf767a5cfb9d2424000001",
        "externalId": "NODE-32ULWVP4",
        "neighbors": [
          {
            "id": "n_5bfc56205cfb9d6a79000075",
            "weight": 0
          },
          {
            "id": "n_5bfc56205cfb9d6a79000077",
            "weight": 0
          }
        ],
        "space": [],
        "flags": [
          1
        ]
      }
    },
    {
      "type": "Feature",
      "geometry": {
        "type": "Point",
        "coordinates": [
          12.537902417468601,
          45.672917158078576
        ]
      },
      "properties": {
        "id": "n_5bfc56205cfb9d6a79000077",
        "map": "f_5bcf767a5cfb9d2424000001",
        "externalId": "NODE-75GCUPI6",
        "neighbors": [
          {
            "id": "n_5bfc56205cfb9d6a79000076",
            "weight": 0
          },
          {
            "id": "n_5bfc56205cfb9d6a79000078",
            "weight": 0
          }
        ],
        "space": [],
        "flags": [
          1
        ]
      }
    },
    {
      "type": "Feature",
      "geometry": {
        "type": "Point",
        "coordinates": [
          12.537886989022311,
          45.6729300960834
        ]
      },
      "properties": {
        "id": "n_5bfc56205cfb9d6a79000078",
        "map": "f_5bcf767a5cfb9d2424000001",
        "externalId": "NODE-EBX4X6QD",
        "neighbors": [
          {
            "id": "n_5bfc56205cfb9d6a79000077",
            "weight": 0
          },
          {
            "id": "n_5bfc56205cfb9d6a79000079",
            "weight": 0
          }
        ],
        "space": [],
        "flags": [
          1
        ]
      }
    },
    {
      "type": "Feature",
      "geometry": {
        "type": "Point",
        "coordinates": [
          12.53786897103762,
          45.672940966583006
        ]
      },
      "properties": {
        "id": "n_5bfc56205cfb9d6a79000079",
        "map": "f_5bcf767a5cfb9d2424000001",
        "externalId": "NODE-G84O63EL",
        "neighbors": [
          {
            "id": "n_5bfc56205cfb9d6a79000078",
            "weight": 0
          },
          {
            "id": "n_5bfc56205cfb9d6a7900007a",
            "weight": 0
          },
          {
            "id": "n_5bcf8e125cfb9d242400030f",
            "weight": 0
          }
        ],
        "space": [],
        "flags": [
          1
        ]
      }
    },
    {
      "type": "Feature",
      "geometry": {
        "type": "Point",
        "coordinates": [
          12.537848518939308,
          45.67294950413913
        ]
      },
      "properties": {
        "id": "n_5bfc56205cfb9d6a7900007a",
        "map": "f_5bcf767a5cfb9d2424000001",
        "externalId": "NODE-XD51WLTI",
        "neighbors": [
          {
            "id": "n_5bfc56205cfb9d6a79000079",
            "weight": 0
          },
          {
            "id": "n_5bfc56205cfb9d6a7900007b",
            "weight": 0
          }
        ],
        "space": [],
        "flags": [
          1
        ]
      }
    },
    {
      "type": "Feature",
      "geometry": {
        "type": "Point",
        "coordinates": [
          12.53782578893681,
          45.67295544370354
        ]
      },
      "properties": {
        "id": "n_5bfc56205cfb9d6a7900007b",
        "map": "f_5bcf767a5cfb9d2424000001",
        "externalId": "NODE-21QLB0B1",
        "neighbors": [
          {
            "id": "n_5bfc56205cfb9d6a7900007a",
            "weight": 0
          },
          {
            "id": "n_5bfc56205cfb9d6a7900007c",
            "weight": 0
          }
        ],
        "space": [],
        "flags": [
          1
        ]
      }
    },
    {
      "type": "Feature",
      "geometry": {
        "type": "Point",
        "coordinates": [
          12.537800936715533,
          45.67295852003004
        ]
      },
      "properties": {
        "id": "n_5bfc56205cfb9d6a7900007c",
        "map": "f_5bcf767a5cfb9d2424000001",
        "externalId": "NODE-DNMZZZ56",
        "neighbors": [
          {
            "id": "n_5bfc56205cfb9d6a7900007b",
            "weight": 0
          },
          {
            "id": "n_5bcf8e295cfb9d2424000313",
            "weight": 0
          }
        ],
        "space": [],
        "flags": [
          1
        ]
      }
    },
    {
      "type": "Feature",
      "geometry": {
        "type": "Point",
        "coordinates": [
          12.537739419510912,
          45.672949054832316
        ]
      },
      "properties": {
        "id": "n_5bfc56335cfb9d6a7900007d",
        "map": "f_5bcf767a5cfb9d2424000001",
        "externalId": "NODE-XTDWI8YD",
        "neighbors": [
          {
            "id": "n_5bcf8e295cfb9d2424000313",
            "weight": 0
          },
          {
            "id": "n_5bfc56335cfb9d6a7900007e",
            "weight": 0
          }
        ],
        "space": [],
        "flags": [
          1
        ]
      }
    },
    {
      "type": "Feature",
      "geometry": {
        "type": "Point",
        "coordinates": [
          12.537712017630618,
          45.672936900479186
        ]
      },
      "properties": {
        "id": "n_5bfc56335cfb9d6a7900007e",
        "map": "f_5bcf767a5cfb9d2424000001",
        "externalId": "NODE-6ZSDBZER",
        "neighbors": [
          {
            "id": "n_5bfc56335cfb9d6a7900007d",
            "weight": 0
          },
          {
            "id": "n_5bfc56335cfb9d6a7900007f",
            "weight": 0
          },
          {
            "id": "n_5bcf91fb5cfb9d2424000380",
            "weight": 0
          }
        ],
        "space": [],
        "flags": [
          1
        ]
      }
    },
    {
      "type": "Feature",
      "geometry": {
        "type": "Point",
        "coordinates": [
          12.537692052350035,
          45.672922602371884
        ]
      },
      "properties": {
        "id": "n_5bfc56335cfb9d6a7900007f",
        "map": "f_5bcf767a5cfb9d2424000001",
        "externalId": "NODE-4KLK9WYX",
        "neighbors": [
          {
            "id": "n_5bfc56335cfb9d6a7900007e",
            "weight": 0
          },
          {
            "id": "n_5bfc56335cfb9d6a79000080",
            "weight": 0
          }
        ],
        "space": [],
        "flags": [
          1
        ]
      }
    },
    {
      "type": "Feature",
      "geometry": {
        "type": "Point",
        "coordinates": [
          12.53767966369519,
          45.67290675806792
        ]
      },
      "properties": {
        "id": "n_5bfc56335cfb9d6a79000080",
        "map": "f_5bcf767a5cfb9d2424000001",
        "externalId": "NODE-AT34V8H7",
        "neighbors": [
          {
            "id": "n_5bfc56335cfb9d6a7900007f",
            "weight": 0
          },
          {
            "id": "n_5bfc56335cfb9d6a79000081",
            "weight": 0
          }
        ],
        "space": [],
        "flags": [
          1
        ]
      }
    },
    {
      "type": "Feature",
      "geometry": {
        "type": "Point",
        "coordinates": [
          12.537674990881614,
          45.67288996529228
        ]
      },
      "properties": {
        "id": "n_5bfc56335cfb9d6a79000081",
        "map": "f_5bcf767a5cfb9d2424000001",
        "externalId": "NODE-SDRXFPWV",
        "neighbors": [
          {
            "id": "n_5bfc56335cfb9d6a79000080",
            "weight": 0
          },
          {
            "id": "n_5bfc56335cfb9d6a79000082",
            "weight": 0
          }
        ],
        "space": [],
        "flags": [
          1
        ]
      }
    },
    {
      "type": "Feature",
      "geometry": {
        "type": "Point",
        "coordinates": [
          12.537678173940213,
          45.672872821413165
        ]
      },
      "properties": {
        "id": "n_5bfc56335cfb9d6a79000082",
        "map": "f_5bcf767a5cfb9d2424000001",
        "externalId": "NODE-7JVPSRYY",
        "neighbors": [
          {
            "id": "n_5bfc56335cfb9d6a79000081",
            "weight": 0
          },
          {
            "id": "n_5bfc56335cfb9d6a79000083",
            "weight": 0
          }
        ],
        "space": [],
        "flags": [
          1
        ]
      }
    },
    {
      "type": "Feature",
      "geometry": {
        "type": "Point",
        "coordinates": [
          12.537689352076427,
          45.672855924338826
        ]
      },
      "properties": {
        "id": "n_5bfc56335cfb9d6a79000083",
        "map": "f_5bcf767a5cfb9d2424000001",
        "externalId": "NODE-1OLG9EMK",
        "neighbors": [
          {
            "id": "n_5bfc56335cfb9d6a79000082",
            "weight": 0
          },
          {
            "id": "n_5bfc56335cfb9d6a79000084",
            "weight": 0
          }
        ],
        "space": [],
        "flags": [
          1
        ]
      }
    },
    {
      "type": "Feature",
      "geometry": {
        "type": "Point",
        "coordinates": [
          12.537708665312742,
          45.672839871620496
        ]
      },
      "properties": {
        "id": "n_5bfc56335cfb9d6a79000084",
        "map": "f_5bcf767a5cfb9d2424000001",
        "externalId": "NODE-Z9IJ0W3W",
        "neighbors": [
          {
            "id": "n_5bfc56335cfb9d6a79000083",
            "weight": 0
          },
          {
            "id": "n_5bfc56335cfb9d6a79000085",
            "weight": 0
          }
        ],
        "space": [],
        "flags": [
          1
        ]
      }
    },
    {
      "type": "Feature",
      "geometry": {
        "type": "Point",
        "coordinates": [
          12.537734785054967,
          45.67282184895884
        ]
      },
      "properties": {
        "id": "n_5bfc56335cfb9d6a79000085",
        "map": "f_5bcf767a5cfb9d2424000001",
        "externalId": "NODE-DYI8BPCW",
        "neighbors": [
          {
            "id": "n_5bfc56335cfb9d6a79000084",
            "weight": 0
          },
          {
            "id": "n_5bcf918f5cfb9d2424000379",
            "weight": 0
          },
          {
            "id": "n_5bfc56445cfb9d6a7900008e",
            "weight": 0
          }
        ],
        "space": [],
        "flags": [
          1
        ]
      }
    },
    {
      "type": "Feature",
      "geometry": {
        "type": "Point",
        "coordinates": [
          12.537924172689085,
          45.67283854229496
        ]
      },
      "properties": {
        "id": "n_5bfc56445cfb9d6a79000086",
        "map": "f_5bcf767a5cfb9d2424000001",
        "externalId": "NODE-5PSKUGCM",
        "neighbors": [
          {
            "id": "n_5bcf88e75cfb9d2424000291",
            "weight": 0
          },
          {
            "id": "n_5bfc56445cfb9d6a79000087",
            "weight": 0
          }
        ],
        "space": [],
        "flags": [
          1
        ]
      }
    },
    {
      "type": "Feature",
      "geometry": {
        "type": "Point",
        "coordinates": [
          12.537911898013961,
          45.672829311413686
        ]
      },
      "properties": {
        "id": "n_5bfc56445cfb9d6a79000087",
        "map": "f_5bcf767a5cfb9d2424000001",
        "externalId": "NODE-4WP7X41W",
        "neighbors": [
          {
            "id": "n_5bfc56445cfb9d6a79000086",
            "weight": 0
          },
          {
            "id": "n_5bfc56445cfb9d6a79000088",
            "weight": 0
          }
        ],
        "space": [],
        "flags": [
          1
        ]
      }
    },
    {
      "type": "Feature",
      "geometry": {
        "type": "Point",
        "coordinates": [
          12.537898343513296,
          45.67282214093173
        ]
      },
      "properties": {
        "id": "n_5bfc56445cfb9d6a79000088",
        "map": "f_5bcf767a5cfb9d2424000001",
        "externalId": "NODE-7DBMRC6G",
        "neighbors": [
          {
            "id": "n_5bfc56445cfb9d6a79000087",
            "weight": 0
          },
          {
            "id": "n_5bfc56445cfb9d6a79000089",
            "weight": 0
          }
        ],
        "space": [],
        "flags": [
          1
        ]
      }
    },
    {
      "type": "Feature",
      "geometry": {
        "type": "Point",
        "coordinates": [
          12.537883564620849,
          45.67281682871886
        ]
      },
      "properties": {
        "id": "n_5bfc56445cfb9d6a79000089",
        "map": "f_5bcf767a5cfb9d2424000001",
        "externalId": "NODE-8HDPC49B",
        "neighbors": [
          {
            "id": "n_5bfc56445cfb9d6a79000088",
            "weight": 0
          },
          {
            "id": "n_5bfc56445cfb9d6a7900008a",
            "weight": 0
          }
        ],
        "space": [],
        "flags": [
          1
        ]
      }
    },
    {
      "type": "Feature",
      "geometry": {
        "type": "Point",
        "coordinates": [
          12.537867615937055,
          45.67281317337282
        ]
      },
      "properties": {
        "id": "n_5bfc56445cfb9d6a7900008a",
        "map": "f_5bcf767a5cfb9d2424000001",
        "externalId": "NODE-T7G389VL",
        "neighbors": [
          {
            "id": "n_5bfc56445cfb9d6a79000089",
            "weight": 0
          },
          {
            "id": "n_5bfc56445cfb9d6a7900008b",
            "weight": 0
          },
          {
            "id": "n_5bcf8e6b5cfb9d2424000316",
            "weight": 0
          }
        ],
        "space": [],
        "flags": [
          1
        ]
      }
    },
    {
      "type": "Feature",
      "geometry": {
        "type": "Point",
        "coordinates": [
          12.53785055287904,
          45.67281097313605
        ]
      },
      "properties": {
        "id": "n_5bfc56445cfb9d6a7900008b",
        "map": "f_5bcf767a5cfb9d2424000001",
        "externalId": "NODE-6QMUVSNG",
        "neighbors": [
          {
            "id": "n_5bfc56445cfb9d6a7900008a",
            "weight": 0
          },
          {
            "id": "n_5bfc56445cfb9d6a7900008c",
            "weight": 0
          }
        ],
        "space": [],
        "flags": [
          1
        ]
      }
    },
    {
      "type": "Feature",
      "geometry": {
        "type": "Point",
        "coordinates": [
          12.537832430055571,
          45.672810026419995
        ]
      },
      "properties": {
        "id": "n_5bfc56445cfb9d6a7900008c",
        "map": "f_5bcf767a5cfb9d2424000001",
        "externalId": "NODE-LPE29ZZW",
        "neighbors": [
          {
            "id": "n_5bfc56445cfb9d6a7900008b",
            "weight": 0
          },
          {
            "id": "n_5bfc56445cfb9d6a7900008d",
            "weight": 0
          }
        ],
        "space": [],
        "flags": [
          1
        ]
      }
    },
    {
      "type": "Feature",
      "geometry": {
        "type": "Point",
        "coordinates": [
          12.537813302892216,
          45.67281013128068
        ]
      },
      "properties": {
        "id": "n_5bfc56445cfb9d6a7900008d",
        "map": "f_5bcf767a5cfb9d2424000001",
        "externalId": "NODE-UZEF3FS7",
        "neighbors": [
          {
            "id": "n_5bfc56445cfb9d6a7900008c",
            "weight": 0
          },
          {
            "id": "n_5bfc56445cfb9d6a7900008e",
            "weight": 0
          }
        ],
        "space": [],
        "flags": [
          1
        ]
      }
    },
    {
      "type": "Feature",
      "geometry": {
        "type": "Point",
        "coordinates": [
          12.537776182938101,
          45.672812817092534
        ]
      },
      "properties": {
        "id": "n_5bfc56445cfb9d6a7900008e",
        "map": "f_5bcf767a5cfb9d2424000001",
        "externalId": "NODE-99GXCBC6",
        "neighbors": [
          {
            "id": "n_5bfc56445cfb9d6a7900008d",
            "weight": 0
          },
          {
            "id": "n_5bcf918f5cfb9d2424000379",
            "weight": 0
          },
          {
            "id": "n_5bfc56335cfb9d6a79000085",
            "weight": 0
          }
        ],
        "space": [],
        "flags": [
          1
        ]
      }
    },
    {
      "type": "Feature",
      "geometry": {
        "type": "Point",
        "coordinates": [
          12.53723942797314,
          45.67240495440877
        ]
      },
      "properties": {
        "id": "n_5bfc57035cfb9d6a7900008f",
        "map": "f_5bcf767a5cfb9d2424000001",
        "externalId": "NODE-OB72IED9",
        "neighbors": [
          {
            "id": "n_5bcf88d05cfb9d242400028e",
            "weight": 0
          },
          {
            "id": "n_5bfc57075cfb9d6a79000090",
            "weight": 0
          },
          {
            "id": "n_5bfc57155cfb9d6a79000092",
            "weight": 0
          }
        ],
        "space": [],
        "flags": [
          1
        ]
      }
    },
    {
      "type": "Feature",
      "geometry": {
        "type": "Point",
        "coordinates": [
          12.537321409552781,
          45.672351120348914
        ]
      },
      "properties": {
        "id": "n_5bfc57075cfb9d6a79000090",
        "map": "f_5bcf767a5cfb9d2424000001",
        "externalId": "NODE-CLGW5BHG",
        "neighbors": [
          {
            "id": "n_5bfc57035cfb9d6a7900008f",
            "weight": 0
          },
          {
            "id": "n_5bfc574f5cfb9d6a79000096",
            "weight": 0
          },
          {
            "id": "n_5bcf8ec85cfb9d2424000323",
            "weight": 0
          },
          {
            "id": "n_5bcf88d05cfb9d242400028e",
            "weight": 0
          }
        ],
        "space": [],
        "flags": [
          1
        ]
      }
    },
    {
      "type": "Feature",
      "geometry": {
        "type": "Point",
        "coordinates": [
          12.537018571723909,
          45.67212594133105
        ]
      },
      "properties": {
        "id": "n_5bfc570a5cfb9d6a79000091",
        "map": "f_5bcf767a5cfb9d2424000001",
        "externalId": "NODE-BPCS123F",
        "neighbors": [
          {
            "id": "n_5bcf8ea75cfb9d242400031c",
            "weight": 0
          },
          {
            "id": "n_5bfc57185cfb9d6a79000093",
            "weight": 0
          },
          {
            "id": "n_5bcf8eab5cfb9d242400031d",
            "weight": 0
          },
          {
            "id": "n_5bfc574f5cfb9d6a79000096",
            "weight": 0
          }
        ],
        "space": [],
        "flags": [
          1
        ]
      }
    },
    {
      "type": "Feature",
      "geometry": {
        "type": "Point",
        "coordinates": [
          12.53718404359401,
          45.672438496109834
        ]
      },
      "properties": {
        "id": "n_5bfc57155cfb9d6a79000092",
        "map": "f_5bcf767a5cfb9d2424000001",
        "externalId": "NODE-31PYO8A2",
        "neighbors": [
          {
            "id": "n_5bfc57035cfb9d6a7900008f",
            "weight": 0
          },
          {
            "id": "n_5bfc576d5cfb9d6a79000097",
            "weight": 0
          },
          {
            "id": "n_5bcf88d05cfb9d242400028e",
            "weight": 0
          }
        ],
        "space": [],
        "flags": [
          1
        ]
      }
    },
    {
      "type": "Feature",
      "geometry": {
        "type": "Point",
        "coordinates": [
          12.536885373123214,
          45.67221340718919
        ]
      },
      "properties": {
        "id": "n_5bfc57185cfb9d6a79000093",
        "map": "f_5bcf767a5cfb9d2424000001",
        "externalId": "NODE-3ODNU3QP",
        "neighbors": [
          {
            "id": "n_5bfc570a5cfb9d6a79000091",
            "weight": 0
          },
          {
            "id": "n_5bcf8ea75cfb9d242400031c",
            "weight": 0
          },
          {
            "id": "n_5bfc573a5cfb9d6a79000094",
            "weight": 0
          },
          {
            "id": "n_5bfc57415cfb9d6a79000095",
            "weight": 0
          },
          {
            "id": "n_5bcf8eff5cfb9d2424000339",
            "weight": 0
          }
        ],
        "space": [],
        "flags": [
          1
        ]
      }
    },
    {
      "type": "Feature",
      "geometry": {
        "type": "Point",
        "coordinates": [
          12.536841216041989,
          45.672174556940725
        ]
      },
      "properties": {
        "id": "n_5bfc573a5cfb9d6a79000094",
        "map": "f_5bcf767a5cfb9d2424000001",
        "externalId": "NODE-0ZAPPG0J",
        "neighbors": [
          {
            "id": "n_5bfc57185cfb9d6a79000093",
            "weight": 0
          },
          {
            "id": "n_5bcf8ea75cfb9d242400031c",
            "weight": 0
          }
        ],
        "space": [],
        "flags": [
          1
        ]
      }
    },
    {
      "type": "Feature",
      "geometry": {
        "type": "Point",
        "coordinates": [
          12.536954016136649,
          45.67226444791646
        ]
      },
      "properties": {
        "id": "n_5bfc57415cfb9d6a79000095",
        "map": "f_5bcf767a5cfb9d2424000001",
        "externalId": "NODE-90BIQV3B",
        "neighbors": [
          {
            "id": "n_5bfc57185cfb9d6a79000093",
            "weight": 0
          },
          {
            "id": "n_5bfc576d5cfb9d6a79000097",
            "weight": 0
          }
        ],
        "space": [],
        "flags": [
          1
        ]
      }
    },
    {
      "type": "Feature",
      "geometry": {
        "type": "Point",
        "coordinates": [
          12.537176047090796,
          45.6722430345202
        ]
      },
      "properties": {
        "id": "n_5bfc574f5cfb9d6a79000096",
        "map": "f_5bcf767a5cfb9d2424000001",
        "externalId": "NODE-K2CLMIFR",
        "neighbors": [
          {
            "id": "n_5bfc57075cfb9d6a79000090",
            "weight": 0
          },
          {
            "id": "n_5bfc570a5cfb9d6a79000091",
            "weight": 0
          },
          {
            "id": "n_5bcf8ebc5cfb9d2424000322",
            "weight": 0
          }
        ],
        "space": [],
        "flags": [
          1
        ]
      }
    },
    {
      "type": "Feature",
      "geometry": {
        "type": "Point",
        "coordinates": [
          12.537132041193216,
          45.672399149099085
        ]
      },
      "properties": {
        "id": "n_5bfc576d5cfb9d6a79000097",
        "map": "f_5bcf767a5cfb9d2424000001",
        "externalId": "NODE-M845GGAN",
        "neighbors": [
          {
            "id": "n_5bfc19045cfb9d6e7e000022",
            "weight": 0
          },
          {
            "id": "n_5bfc57155cfb9d6a79000092",
            "weight": 0
          },
          {
            "id": "n_5bfc57415cfb9d6a79000095",
            "weight": 0
          }
        ],
        "space": [],
        "flags": [
          1
        ]
      }
    },
    {
      "type": "Feature",
      "geometry": {
        "type": "Point",
        "coordinates": [
          12.536607202946605,
          45.670682955685855
        ]
      },
      "properties": {
        "id": "n_5bfc5af45cfb9d6a790000d7",
        "map": "f_5bcf767a5cfb9d2424000001",
        "externalId": "NODE-P0P8FJHN",
        "neighbors": [
          {
            "id": "n_5bcf89fd5cfb9d24240002ab",
            "weight": 0
          },
          {
            "id": "n_5bfc5b835cfb9d6a790000f1",
            "weight": 0
          },
          {
            "id": "n_5db3297b880d376d76000002",
            "weight": 0
          }
        ],
        "space": [],
        "flags": [
          1
        ]
      }
    },
    {
      "type": "Feature",
      "geometry": {
        "type": "Point",
        "coordinates": [
          12.536214468771512,
          45.67067489501313
        ]
      },
      "properties": {
        "id": "n_5bfc5b2e5cfb9d6a790000da",
        "map": "f_5bcf767a5cfb9d2424000001",
        "externalId": "NODE-FMCBJ8SH",
        "neighbors": [
          {
            "id": "n_5bfc5b375cfb9d6a790000db",
            "weight": 0
          },
          {
            "id": "n_5bfc5b405cfb9d6a790000dc",
            "weight": 0
          },
          {
            "id": "n_5bfc5b4f5cfb9d6a790000dd",
            "weight": 0
          }
        ],
        "space": [
          "s_5bcf7a685cfb9d24240001b3"
        ],
        "flags": [
          1
        ]
      }
    },
    {
      "type": "Feature",
      "geometry": {
        "type": "Point",
        "coordinates": [
          12.536213982774452,
          45.67089593893266
        ]
      },
      "properties": {
        "id": "n_5bfc5b375cfb9d6a790000db",
        "map": "f_5bcf767a5cfb9d2424000001",
        "externalId": "NODE-MF1HKD0R",
        "neighbors": [
          {
            "id": "n_5bfc5b2e5cfb9d6a790000da",
            "weight": 0
          },
          {
            "id": "n_5bfc5b735cfb9d6a790000e7",
            "weight": 0
          },
          {
            "id": "n_5bcf8a115cfb9d24240002b0",
            "weight": 0
          },
          {
            "id": "n_5bfc5d245cfb9d6a7900010d",
            "weight": 0
          }
        ],
        "space": [],
        "flags": [
          1
        ]
      }
    },
    {
      "type": "Feature",
      "geometry": {
        "type": "Point",
        "coordinates": [
          12.536216357534009,
          45.67041667475479
        ]
      },
      "properties": {
        "id": "n_5bfc5b405cfb9d6a790000dc",
        "map": "f_5bcf767a5cfb9d2424000001",
        "externalId": "NODE-86OJZS00",
        "neighbors": [
          {
            "id": "n_5bfc5b2e5cfb9d6a790000da",
            "weight": 0
          },
          {
            "id": "n_5bfc53a95cfb9d6a79000012",
            "weight": 0
          },
          {
            "id": "n_5bfc5d6a5cfb9d6a79000110",
            "weight": 0
          },
          {
            "id": "n_5bfc5ba25cfb9d6a79000103",
            "weight": 0
          }
        ],
        "space": [],
        "flags": [
          1
        ]
      }
    },
    {
      "type": "Feature",
      "geometry": {
        "type": "Point",
        "coordinates": [
          12.535821711837356,
          45.670665938632425
        ]
      },
      "properties": {
        "id": "n_5bfc5b4f5cfb9d6a790000dd",
        "map": "f_5bcf767a5cfb9d2424000001",
        "externalId": "NODE-VPCRR638",
        "neighbors": [
          {
            "id": "n_5bfc5b2e5cfb9d6a790000da",
            "weight": 0
          },
          {
            "id": "n_5bfc5ba25cfb9d6a7900010a",
            "weight": 0
          },
          {
            "id": "n_5bfc0c6f5cfb9d6e7e000006",
            "weight": 0
          },
          {
            "id": "n_5bfc5b735cfb9d6a790000ee",
            "weight": 0
          }
        ],
        "space": [],
        "flags": [
          1
        ]
      }
    },
    {
      "type": "Feature",
      "geometry": {
        "type": "Point",
        "coordinates": [
          12.536135926433518,
          45.67089183256902
        ]
      },
      "properties": {
        "id": "n_5bfc5b735cfb9d6a790000e7",
        "map": "f_5bcf767a5cfb9d2424000001",
        "externalId": "NODE-ENANBT38",
        "neighbors": [
          {
            "id": "n_5bfc5b375cfb9d6a790000db",
            "weight": 0
          },
          {
            "id": "n_5bfc5b735cfb9d6a790000e8",
            "weight": 0
          },
          {
            "id": "n_5bcf8a155cfb9d24240002b2",
            "weight": 0
          }
        ],
        "space": [],
        "flags": [
          1
        ]
      }
    },
    {
      "type": "Feature",
      "geometry": {
        "type": "Point",
        "coordinates": [
          12.536067998529454,
          45.67088343228823
        ]
      },
      "properties": {
        "id": "n_5bfc5b735cfb9d6a790000e8",
        "map": "f_5bcf767a5cfb9d2424000001",
        "externalId": "NODE-TAOTSG5X",
        "neighbors": [
          {
            "id": "n_5bfc5b735cfb9d6a790000e7",
            "weight": 0
          },
          {
            "id": "n_5bfc54b75cfb9d6a7900004a",
            "weight": 0
          },
          {
            "id": "n_5bfc5b735cfb9d6a790000ea",
            "weight": 0
          }
        ],
        "space": [],
        "flags": [
          1
        ]
      }
    },
    {
      "type": "Feature",
      "geometry": {
        "type": "Point",
        "coordinates": [
          12.535960901786975,
          45.67085390574939
        ]
      },
      "properties": {
        "id": "n_5bfc5b735cfb9d6a790000ea",
        "map": "f_5bcf767a5cfb9d2424000001",
        "externalId": "NODE-O238P1IW",
        "neighbors": [
          {
            "id": "n_5bcf8a1f5cfb9d24240002b4",
            "weight": 0
          },
          {
            "id": "n_5bfc5d785cfb9d6a79000111",
            "weight": 0
          },
          {
            "id": "n_5bfc5b735cfb9d6a790000e8",
            "weight": 0
          }
        ],
        "space": [],
        "flags": [
          1
        ]
      }
    },
    {
      "type": "Feature",
      "geometry": {
        "type": "Point",
        "coordinates": [
          12.53583786736367,
          45.67078287941136
        ]
      },
      "properties": {
        "id": "n_5bfc5b735cfb9d6a790000ed",
        "map": "f_5bcf767a5cfb9d2424000001",
        "externalId": "NODE-9D1CF51I",
        "neighbors": [
          {
            "id": "n_5bfc5b735cfb9d6a790000ee",
            "weight": 0
          },
          {
            "id": "n_5bcf886d5cfb9d2424000281",
            "weight": 0
          },
          {
            "id": "n_5bfc5d785cfb9d6a79000111",
            "weight": 0
          }
        ],
        "space": [],
        "flags": [
          1
        ]
      }
    },
    {
      "type": "Feature",
      "geometry": {
        "type": "Point",
        "coordinates": [
          12.535819083862377,
          45.670740032755475
        ]
      },
      "properties": {
        "id": "n_5bfc5b735cfb9d6a790000ee",
        "map": "f_5bcf767a5cfb9d2424000001",
        "externalId": "NODE-Q1FVZGUC",
        "neighbors": [
          {
            "id": "n_5bfc5b735cfb9d6a790000ed",
            "weight": 0
          },
          {
            "id": "n_5bfc5b4f5cfb9d6a790000dd",
            "weight": 0
          }
        ],
        "space": [],
        "flags": [
          1
        ]
      }
    },
    {
      "type": "Feature",
      "geometry": {
        "type": "Point",
        "coordinates": [
          12.536605828831632,
          45.67075748507635
        ]
      },
      "properties": {
        "id": "n_5bfc5b835cfb9d6a790000f1",
        "map": "f_5bcf767a5cfb9d2424000001",
        "externalId": "NODE-HP3CJD0G",
        "neighbors": [
          {
            "id": "n_5bcf8a025cfb9d24240002ac",
            "weight": 0
          },
          {
            "id": "n_5bfc5cda5cfb9d6a7900010c",
            "weight": 0
          },
          {
            "id": "n_5bfc5af45cfb9d6a790000d7",
            "weight": 0
          }
        ],
        "space": [],
        "flags": [
          1
        ]
      }
    },
    {
      "type": "Feature",
      "geometry": {
        "type": "Point",
        "coordinates": [
          12.536462123351157,
          45.67085283536464
        ]
      },
      "properties": {
        "id": "n_5bfc5b835cfb9d6a790000f5",
        "map": "f_5bcf767a5cfb9d2424000001",
        "externalId": "NODE-JC9UUYV2",
        "neighbors": [
          {
            "id": "n_5bfc5cda5cfb9d6a7900010c",
            "weight": 0
          },
          {
            "id": "n_61e5980a1dfa1553ba000004",
            "weight": 0
          }
        ],
        "space": [],
        "flags": [
          1
        ]
      }
    },
    {
      "type": "Feature",
      "geometry": {
        "type": "Point",
        "coordinates": [
          12.536586169903678,
          45.670563492321435
        ]
      },
      "properties": {
        "id": "n_5bfc5b915cfb9d6a790000fa",
        "map": "f_5bcf767a5cfb9d2424000001",
        "externalId": "NODE-92UQG44A",
        "neighbors": [
          {
            "id": "n_5bcf89ec5cfb9d24240002a6",
            "weight": 0
          },
          {
            "id": "n_5bfc5b915cfb9d6a790000fc",
            "weight": 0
          },
          {
            "id": "n_5db3297d880d376d76000003",
            "weight": 0
          }
        ],
        "space": [],
        "flags": [
          1
        ]
      }
    },
    {
      "type": "Feature",
      "geometry": {
        "type": "Point",
        "coordinates": [
          12.536533998883574,
          45.67050751623072
        ]
      },
      "properties": {
        "id": "n_5bfc5b915cfb9d6a790000fc",
        "map": "f_5bcf767a5cfb9d2424000001",
        "externalId": "NODE-BKTKFHY8",
        "neighbors": [
          {
            "id": "n_5bcf89e55cfb9d24240002a3",
            "weight": 0
          },
          {
            "id": "n_5bfc5b915cfb9d6a790000fa",
            "weight": 0
          },
          {
            "id": "n_5bfc5b915cfb9d6a790000fe",
            "weight": 0
          }
        ],
        "space": [],
        "flags": [
          1
        ]
      }
    },
    {
      "type": "Feature",
      "geometry": {
        "type": "Point",
        "coordinates": [
          12.536449020882886,
          45.67046742975766
        ]
      },
      "properties": {
        "id": "n_5bfc5b915cfb9d6a790000fe",
        "map": "f_5bcf767a5cfb9d2424000001",
        "externalId": "NODE-C3089EKB",
        "neighbors": [
          {
            "id": "n_5bfc5b915cfb9d6a790000ff",
            "weight": 0
          },
          {
            "id": "n_5bcf89e25cfb9d24240002a1",
            "weight": 0
          },
          {
            "id": "n_5bfc5b915cfb9d6a790000fc",
            "weight": 0
          }
        ],
        "space": [],
        "flags": [
          1
        ]
      }
    },
    {
      "type": "Feature",
      "geometry": {
        "type": "Point",
        "coordinates": [
          12.536384111255238,
          45.670441303380095
        ]
      },
      "properties": {
        "id": "n_5bfc5b915cfb9d6a790000ff",
        "map": "f_5bcf767a5cfb9d2424000001",
        "externalId": "NODE-PY9O47FF",
        "neighbors": [
          {
            "id": "n_5bfc5b915cfb9d6a790000fe",
            "weight": 0
          },
          {
            "id": "n_5bcf89dd5cfb9d242400029f",
            "weight": 0
          },
          {
            "id": "n_5bfc5d6a5cfb9d6a79000110",
            "weight": 0
          }
        ],
        "space": [],
        "flags": [
          1
        ]
      }
    },
    {
      "type": "Feature",
      "geometry": {
        "type": "Point",
        "coordinates": [
          12.536104319622309,
          45.67042302485888
        ]
      },
      "properties": {
        "id": "n_5bfc5ba25cfb9d6a79000103",
        "map": "f_5bcf767a5cfb9d2424000001",
        "externalId": "NODE-VXV7UU7X",
        "neighbors": [
          {
            "id": "n_5bcf87e85cfb9d242400026f",
            "weight": 0
          },
          {
            "id": "n_5bfc5b405cfb9d6a790000dc",
            "weight": 0
          },
          {
            "id": "n_5bfc5d605cfb9d6a7900010f",
            "weight": 0
          }
        ],
        "space": [],
        "flags": [
          1
        ]
      }
    },
    {
      "type": "Feature",
      "geometry": {
        "type": "Point",
        "coordinates": [
          12.535914124288265,
          45.67049876383958
        ]
      },
      "properties": {
        "id": "n_5bfc5ba25cfb9d6a79000107",
        "map": "f_5bcf767a5cfb9d2424000001",
        "externalId": "NODE-19GKED7F",
        "neighbors": [
          {
            "id": "n_5bfc5ba25cfb9d6a79000108",
            "weight": 0
          },
          {
            "id": "n_5bcf87ff5cfb9d2424000275",
            "weight": 0
          },
          {
            "id": "n_5bfc5d5d5cfb9d6a7900010e",
            "weight": 0
          }
        ],
        "space": [],
        "flags": [
          1
        ]
      }
    },
    {
      "type": "Feature",
      "geometry": {
        "type": "Point",
        "coordinates": [
          12.535868125230257,
          45.67053912517414
        ]
      },
      "properties": {
        "id": "n_5bfc5ba25cfb9d6a79000108",
        "map": "f_5bcf767a5cfb9d2424000001",
        "externalId": "NODE-7PLTV13O",
        "neighbors": [
          {
            "id": "n_5bfc5ba25cfb9d6a79000107",
            "weight": 0
          },
          {
            "id": "n_5bfc5ba25cfb9d6a79000109",
            "weight": 0
          },
          {
            "id": "n_5bcf880b5cfb9d2424000278",
            "weight": 0
          }
        ],
        "space": [],
        "flags": [
          1
        ]
      }
    },
    {
      "type": "Feature",
      "geometry": {
        "type": "Point",
        "coordinates": [
          12.535847632921683,
          45.67057971980039
        ]
      },
      "properties": {
        "id": "n_5bfc5ba25cfb9d6a79000109",
        "map": "f_5bcf767a5cfb9d2424000001",
        "externalId": "NODE-HAB79KKZ",
        "neighbors": [
          {
            "id": "n_5bfc5ba25cfb9d6a79000108",
            "weight": 0
          },
          {
            "id": "n_5bfc5ba25cfb9d6a7900010a",
            "weight": 0
          },
          {
            "id": "n_5bcf88105cfb9d2424000279",
            "weight": 0
          }
        ],
        "space": [],
        "flags": [
          1
        ]
      }
    },
    {
      "type": "Feature",
      "geometry": {
        "type": "Point",
        "coordinates": [
          12.535837431861152,
          45.67061400888314
        ]
      },
      "properties": {
        "id": "n_5bfc5ba25cfb9d6a7900010a",
        "map": "f_5bcf767a5cfb9d2424000001",
        "externalId": "NODE-WKP4MBJW",
        "neighbors": [
          {
            "id": "n_5bfc5ba25cfb9d6a79000109",
            "weight": 0
          },
          {
            "id": "n_5bfc5b4f5cfb9d6a790000dd",
            "weight": 0
          },
          {
            "id": "n_5bcf88595cfb9d242400027b",
            "weight": 0
          }
        ],
        "space": [],
        "flags": [
          1
        ]
      }
    },
    {
      "type": "Feature",
      "geometry": {
        "type": "Point",
        "coordinates": [
          12.536581218327239,
          45.6707897052617
        ]
      },
      "properties": {
        "id": "n_5bfc5cda5cfb9d6a7900010c",
        "map": "f_5bcf767a5cfb9d2424000001",
        "externalId": "NODE-G4P9XDVR",
        "neighbors": [
          {
            "id": "n_5bcf890d5cfb9d242400029b",
            "weight": 0
          },
          {
            "id": "n_5bfc5b835cfb9d6a790000f1",
            "weight": 0
          },
          {
            "id": "n_5bfc5b835cfb9d6a790000f5",
            "weight": 0
          }
        ],
        "space": [],
        "flags": [
          1
        ]
      }
    },
    {
      "type": "Feature",
      "geometry": {
        "type": "Point",
        "coordinates": [
          12.536323891203994,
          45.67089459209152
        ]
      },
      "properties": {
        "id": "n_5bfc5d245cfb9d6a7900010d",
        "map": "f_5bcf767a5cfb9d2424000001",
        "externalId": "NODE-OAFYW8VQ",
        "neighbors": [
          {
            "id": "n_5bfc5b375cfb9d6a790000db",
            "weight": 0
          },
          {
            "id": "n_61e5980a1dfa1553ba000004",
            "weight": 0
          }
        ],
        "space": [],
        "flags": [
          1
        ]
      }
    },
    {
      "type": "Feature",
      "geometry": {
        "type": "Point",
        "coordinates": [
          12.535965378213435,
          45.67046975295634
        ]
      },
      "properties": {
        "id": "n_5bfc5d5d5cfb9d6a7900010e",
        "map": "f_5bcf767a5cfb9d2424000001",
        "externalId": "NODE-PLT1FQ5G",
        "neighbors": [
          {
            "id": "n_5bcf87fb5cfb9d2424000272",
            "weight": 0
          },
          {
            "id": "n_5bfc5d605cfb9d6a7900010f",
            "weight": 0
          },
          {
            "id": "n_5bfc5ba25cfb9d6a79000107",
            "weight": 0
          }
        ],
        "space": [],
        "flags": [
          1
        ]
      }
    },
    {
      "type": "Feature",
      "geometry": {
        "type": "Point",
        "coordinates": [
          12.536026087861995,
          45.670446553123384
        ]
      },
      "properties": {
        "id": "n_5bfc5d605cfb9d6a7900010f",
        "map": "f_5bcf767a5cfb9d2424000001",
        "externalId": "NODE-HT0TK7PX",
        "neighbors": [
          {
            "id": "n_5bcf87f75cfb9d2424000270",
            "weight": 0
          },
          {
            "id": "n_5bfc5ba25cfb9d6a79000103",
            "weight": 0
          },
          {
            "id": "n_5bfc5d5d5cfb9d6a7900010e",
            "weight": 0
          }
        ],
        "space": [],
        "flags": [
          1
        ]
      }
    },
    {
      "type": "Feature",
      "geometry": {
        "type": "Point",
        "coordinates": [
          12.53630484789102,
          45.67042279341643
        ]
      },
      "properties": {
        "id": "n_5bfc5d6a5cfb9d6a79000110",
        "map": "f_5bcf767a5cfb9d2424000001",
        "externalId": "NODE-RRDSU8YN",
        "neighbors": [
          {
            "id": "n_5bcf87755cfb9d242400025f",
            "weight": 0
          },
          {
            "id": "n_5bfc5b405cfb9d6a790000dc",
            "weight": 0
          },
          {
            "id": "n_5bfc5b915cfb9d6a790000ff",
            "weight": 0
          }
        ],
        "space": [],
        "flags": [
          1
        ]
      }
    },
    {
      "type": "Feature",
      "geometry": {
        "type": "Point",
        "coordinates": [
          12.535865605040897,
          45.67080446797218
        ]
      },
      "properties": {
        "id": "n_5bfc5d785cfb9d6a79000111",
        "map": "f_5bcf767a5cfb9d2424000001",
        "externalId": "NODE-GCTVR88Q",
        "neighbors": [
          {
            "id": "n_5bcf88755cfb9d2424000284",
            "weight": 0
          },
          {
            "id": "n_5bfc5b735cfb9d6a790000ed",
            "weight": 0
          },
          {
            "id": "n_5bfc5b735cfb9d6a790000ea",
            "weight": 0
          }
        ],
        "space": [],
        "flags": [
          1
        ]
      }
    },
    {
      "type": "Feature",
      "geometry": {
        "type": "Point",
        "coordinates": [
          12.534156287686457,
          45.67062878672182
        ]
      },
      "properties": {
        "id": "n_5c0abd7ef1d68a2bae000007",
        "map": "f_5bcf767a5cfb9d2424000001",
        "externalId": "NODE-X0KTI10V",
        "neighbors": [
          {
            "id": "n_67516eeaa9220ee6e690367a",
            "weight": 0
          }
        ],
        "space": [
          "s_5bcf76995cfb9d24240000f0"
        ],
        "flags": [
          1
        ]
      }
    },
    {
      "type": "Feature",
      "geometry": {
        "type": "Point",
        "coordinates": [
          12.534207857480604,
          45.670963634648125
        ]
      },
      "properties": {
        "id": "n_5c0abd80f1d68a2bae000008",
        "map": "f_5bcf767a5cfb9d2424000001",
        "externalId": "NODE-MAT5ZNV7",
        "neighbors": [
          {
            "id": "n_67516eeaa9220ee6e6903682",
            "weight": 0
          }
        ],
        "space": [],
        "flags": [
          1
        ]
      }
    },
    {
      "type": "Feature",
      "geometry": {
        "type": "Point",
        "coordinates": [
          12.534717271876035,
          45.67074031113595
        ]
      },
      "properties": {
        "id": "n_5c0abd81f1d68a2bae000009",
        "map": "f_5bcf767a5cfb9d2424000001",
        "externalId": "NODE-QJSHBMOT",
        "neighbors": [
          {
            "id": "n_5bcf85835cfb9d2424000228",
            "weight": 0
          },
          {
            "id": "n_5da76d9a14d1212568000028",
            "weight": 0
          }
        ],
        "space": [],
        "flags": [
          1
        ]
      }
    },
    {
      "type": "Feature",
      "geometry": {
        "type": "Point",
        "coordinates": [
          12.5361132216838,
          45.67190978119443
        ]
      },
      "properties": {
        "id": "n_5c0abdedf1d68a2bae00000c",
        "map": "f_5bcf767a5cfb9d2424000001",
        "externalId": "NODE-BXQTYLTE",
        "neighbors": [
          {
            "id": "n_5bcf8f5d5cfb9d2424000350",
            "weight": 0
          }
        ],
        "space": [
          "s_5bfc62d55cfb9d6a79000114"
        ],
        "flags": [
          1
        ]
      }
    },
    {
      "type": "Feature",
      "geometry": {
        "type": "Point",
        "coordinates": [
          12.539305526854472,
          45.673441665884404
        ]
      },
      "properties": {
        "id": "n_5c0abf13f1d68a2bae000010",
        "map": "f_5bcf767a5cfb9d2424000001",
        "externalId": "NODE-KCCH8HCB",
        "neighbors": [],
        "space": [],
        "flags": [
          1
        ]
      }
    },
    {
      "type": "Feature",
      "geometry": {
        "type": "Point",
        "coordinates": [
          12.537903583119757,
          45.67326948203635
        ]
      },
      "properties": {
        "id": "n_5c0abf1ef1d68a2bae000012",
        "map": "f_5bcf767a5cfb9d2424000001",
        "externalId": "NODE-R5S3I2EE",
        "neighbors": [],
        "space": [],
        "flags": [
          1
        ]
      }
    },
    {
      "type": "Feature",
      "geometry": {
        "type": "Point",
        "coordinates": [
          12.53654737562521,
          45.66980279488901
        ]
      },
      "properties": {
        "id": "n_5c0abf2af1d68a2bae000014",
        "map": "f_5bcf767a5cfb9d2424000001",
        "externalId": "NODE-KSJC6SUQ",
        "neighbors": [],
        "space": [],
        "flags": [
          1
        ]
      }
    },
    {
      "type": "Feature",
      "geometry": {
        "type": "Point",
        "coordinates": [
          12.537059678819624,
          45.6702985659694
        ]
      },
      "properties": {
        "id": "n_5c0abf5ef1d68a2bae000016",
        "map": "f_5bcf767a5cfb9d2424000001",
        "externalId": "NODE-63160Q74",
        "neighbors": [],
        "space": [],
        "flags": [
          1
        ]
      }
    },
    {
      "type": "Feature",
      "geometry": {
        "type": "Point",
        "coordinates": [
          12.533713359276284,
          45.671013700930956
        ]
      },
      "properties": {
        "id": "n_5c0ac234f1d68a2bae000019",
        "map": "f_5bcf767a5cfb9d2424000001",
        "externalId": "NODE-JG42YXFR",
        "neighbors": [],
        "space": [],
        "flags": [
          1
        ]
      }
    },
    {
      "type": "Feature",
      "geometry": {
        "type": "Point",
        "coordinates": [
          12.536747568295626,
          45.6711216210279
        ]
      },
      "properties": {
        "id": "n_5c0ac36ef1d68a2bae00001e",
        "map": "f_5bcf767a5cfb9d2424000001",
        "externalId": "NODE-NNKAGD69",
        "neighbors": [
          {
            "id": "n_5bcf8abd5cfb9d24240002b8",
            "weight": 0
          },
          {
            "id": "n_5bcf8abe5cfb9d24240002b9",
            "weight": 0
          },
          {
            "id": "n_5c0ac36ff1d68a2bae00001f",
            "weight": 0
          }
        ],
        "space": [],
        "flags": [
          1
        ]
      }
    },
    {
      "type": "Feature",
      "geometry": {
        "type": "Point",
        "coordinates": [
          12.536677138560982,
          45.67105693130274
        ]
      },
      "properties": {
        "id": "n_5c0ac36ff1d68a2bae00001f",
        "map": "f_5bcf767a5cfb9d2424000001",
        "externalId": "NODE-70L3L1R9",
        "neighbors": [
          {
            "id": "n_5c0ac36ef1d68a2bae00001e",
            "weight": 0
          }
        ],
        "space": [
          "s_5bcf76995cfb9d24240000ed"
        ],
        "flags": [
          1
        ]
      }
    },
    {
      "type": "Feature",
      "geometry": {
        "type": "Point",
        "coordinates": [
          12.535288131476438,
          45.669954770985335
        ]
      },
      "properties": {
        "id": "n_5c127c7e116ece57b5000002",
        "map": "f_5bcf767a5cfb9d2424000001",
        "externalId": "NODE-CISF1TLT",
        "neighbors": [
          {
            "id": "n_5bcf85715cfb9d2424000224",
            "weight": 0
          },
          {
            "id": "n_5bcf85775cfb9d2424000225",
            "weight": 0
          },
          {
            "id": "n_5c127c81116ece57b5000003",
            "weight": 0
          }
        ],
        "space": [],
        "flags": [
          1
        ]
      }
    },
    {
      "type": "Feature",
      "geometry": {
        "type": "Point",
        "coordinates": [
          12.535226790713821,
          45.66992720578134
        ]
      },
      "properties": {
        "id": "n_5c127c81116ece57b5000003",
        "map": "f_5bcf767a5cfb9d2424000001",
        "externalId": "NODE-428FP1QT",
        "neighbors": [
          {
            "id": "n_5c127c7e116ece57b5000002",
            "weight": 0
          }
        ],
        "space": [
          "s_5c127c55116ece57b5000000"
        ],
        "flags": [
          1
        ]
      }
    },
    {
      "type": "Feature",
      "geometry": {
        "type": "Point",
        "coordinates": [
          12.53498497656866,
          45.670138460262656
        ]
      },
      "properties": {
        "id": "n_5c128f5c116ece57b500000c",
        "map": "f_5bcf767a5cfb9d2424000001",
        "externalId": "NODE-B2PZLLKK",
        "neighbors": [
          {
            "id": "n_5bcf861d5cfb9d242400023c",
            "weight": 0
          }
        ],
        "space": [
          "s_5c127c55116ece57b5000001"
        ],
        "flags": [
          1
        ]
      }
    },
    {
      "type": "Feature",
      "geometry": {
        "type": "Point",
        "coordinates": [
          12.535593396195786,
          45.67135093202138
        ]
      },
      "properties": {
        "id": "n_5c12c189f1d68a7e0c000001",
        "map": "f_5bcf767a5cfb9d2424000001",
        "externalId": "NODE-CUJK45A8",
        "neighbors": [
          {
            "id": "n_5bcf88a65cfb9d2424000287",
            "weight": 0
          },
          {
            "id": "n_5bcf8fa95cfb9d2424000367",
            "weight": 0
          },
          {
            "id": "n_5da0d58a14d1214fc800006f",
            "weight": 0
          }
        ],
        "space": [],
        "flags": [
          1
        ]
      }
    },
    {
      "type": "Feature",
      "geometry": {
        "type": "Point",
        "coordinates": [
          12.534370665617645,
          45.670880460629974
        ]
      },
      "properties": {
        "id": "n_5da0d32e14d1214fc8000050",
        "map": "f_5bcf767a5cfb9d2424000001",
        "externalId": "NODE-NLSLNXGF",
        "neighbors": [
          {
            "id": "n_5da76e8814d1212568000034",
            "weight": 0
          }
        ],
        "space": [
          "s_5da76bed14d1212568000022"
        ],
        "flags": [
          1
        ]
      }
    },
    {
      "type": "Feature",
      "geometry": {
        "type": "Point",
        "coordinates": [
          12.534608372723866,
          45.67096786051001
        ]
      },
      "properties": {
        "id": "n_5da0d33b14d1214fc8000051",
        "map": "f_5bcf767a5cfb9d2424000001",
        "externalId": "NODE-EF6PGL1D",
        "neighbors": [
          {
            "id": "n_5da0d37314d1214fc8000060",
            "weight": 0
          },
          {
            "id": "n_5da0d56214d1214fc800006b",
            "weight": 0
          },
          {
            "id": "n_5da76e8814d1212568000034",
            "weight": 0
          },
          {
            "id": "n_5da775d514d121256800003e",
            "weight": 0
          }
        ],
        "space": [],
        "flags": [
          1
        ]
      }
    },
    {
      "type": "Feature",
      "geometry": {
        "type": "Point",
        "coordinates": [
          12.534442463766183,
          45.67118670929089
        ]
      },
      "properties": {
        "id": "n_5da0d33c14d1214fc8000052",
        "map": "f_5bcf767a5cfb9d2424000001",
        "externalId": "NODE-MB3LHSM1",
        "neighbors": [
          {
            "id": "n_5da0d33e14d1214fc8000053",
            "weight": 0
          }
        ],
        "space": [
          "s_5da76bed14d121256800001a"
        ],
        "flags": [
          1
        ]
      }
    },
    {
      "type": "Feature",
      "geometry": {
        "type": "Point",
        "coordinates": [
          12.534521200214067,
          45.67108209005581
        ]
      },
      "properties": {
        "id": "n_5da0d33e14d1214fc8000053",
        "map": "f_5bcf767a5cfb9d2424000001",
        "externalId": "NODE-X4RBJTKJ",
        "neighbors": [
          {
            "id": "n_5da0d56014d1214fc800006a",
            "weight": 0
          },
          {
            "id": "n_5da76e8c14d1212568000035",
            "weight": 0
          },
          {
            "id": "n_5da0d33c14d1214fc8000052",
            "weight": 0
          },
          {
            "id": "n_5da775d514d121256800003e",
            "weight": 0
          }
        ],
        "space": [],
        "flags": [
          1
        ]
      }
    },
    {
      "type": "Feature",
      "geometry": {
        "type": "Point",
        "coordinates": [
          12.534285022196444,
          45.67106529906194
        ]
      },
      "properties": {
        "id": "n_5da0d34414d1214fc8000056",
        "map": "f_5bcf767a5cfb9d2424000001",
        "externalId": "NODE-7FGTNBOA",
        "neighbors": [
          {
            "id": "n_5da76e8c14d1212568000035",
            "weight": 0
          }
        ],
        "space": [
          "s_5da76bed14d1212568000019"
        ],
        "flags": [
          1
        ]
      }
    },
    {
      "type": "Feature",
      "geometry": {
        "type": "Point",
        "coordinates": [
          12.53472352698552,
          45.67115970460342
        ]
      },
      "properties": {
        "id": "n_5da0d35114d1214fc8000058",
        "map": "f_5bcf767a5cfb9d2424000001",
        "externalId": "NODE-4F39Y8CY",
        "neighbors": [
          {
            "id": "n_5da0d56014d1214fc800006a",
            "weight": 0
          }
        ],
        "space": [
          "s_5da76bed14d121256800001b"
        ],
        "flags": [
          1
        ]
      }
    },
    {
      "type": "Feature",
      "geometry": {
        "type": "Point",
        "coordinates": [
          12.534879635694635,
          45.67106609333883
        ]
      },
      "properties": {
        "id": "n_5da0d35314d1214fc8000059",
        "map": "f_5bcf767a5cfb9d2424000001",
        "externalId": "NODE-9BRH4RGX",
        "neighbors": [
          {
            "id": "n_5da0d35414d1214fc800005a",
            "weight": 0
          },
          {
            "id": "n_5da0d54f14d1214fc8000069",
            "weight": 0
          },
          {
            "id": "n_5da0d56214d1214fc800006b",
            "weight": 0
          },
          {
            "id": "n_5da76e2614d121256800002d",
            "weight": 0
          }
        ],
        "space": [],
        "flags": [
          1
        ]
      }
    },
    {
      "type": "Feature",
      "geometry": {
        "type": "Point",
        "coordinates": [
          12.534841810352182,
          45.671121234757166
        ]
      },
      "properties": {
        "id": "n_5da0d35414d1214fc800005a",
        "map": "f_5bcf767a5cfb9d2424000001",
        "externalId": "NODE-HYA1DIU8",
        "neighbors": [
          {
            "id": "n_5da0d35314d1214fc8000059",
            "weight": 0
          }
        ],
        "space": [
          "s_5da76bed14d121256800001b"
        ],
        "flags": [
          1
        ]
      }
    },
    {
      "type": "Feature",
      "geometry": {
        "type": "Point",
        "coordinates": [
          12.535186253568533,
          45.67117473159066
        ]
      },
      "properties": {
        "id": "n_5da0d35914d1214fc800005c",
        "map": "f_5bcf767a5cfb9d2424000001",
        "externalId": "NODE-AC2UCT88",
        "neighbors": [
          {
            "id": "n_5da76e1d14d121256800002b",
            "weight": 0
          },
          {
            "id": "n_5da76e2a14d121256800002f",
            "weight": 0
          },
          {
            "id": "n_61e597931dfa1553ba000001",
            "weight": 0
          }
        ],
        "space": [],
        "flags": [
          1
        ]
      }
    },
    {
      "type": "Feature",
      "geometry": {
        "type": "Point",
        "coordinates": [
          12.534687630184578,
          45.67086651701387
        ]
      },
      "properties": {
        "id": "n_5da0d37314d1214fc8000060",
        "map": "f_5bcf767a5cfb9d2424000001",
        "externalId": "NODE-8TSAL9ZZ",
        "neighbors": [
          {
            "id": "n_5da0d33b14d1214fc8000051",
            "weight": 0
          },
          {
            "id": "n_5da0d56314d1214fc800006c",
            "weight": 0
          },
          {
            "id": "n_5da76d9a14d1212568000028",
            "weight": 0
          },
          {
            "id": "n_5da0d56214d1214fc800006b",
            "weight": 0
          },
          {
            "id": "n_5da76e8514d1212568000033",
            "weight": 0
          }
        ],
        "space": [],
        "flags": [
          1
        ]
      }
    },
    {
      "type": "Feature",
      "geometry": {
        "type": "Point",
        "coordinates": [
          12.534455063851373,
          45.67078358170753
        ]
      },
      "properties": {
        "id": "n_5da0d37514d1214fc8000061",
        "map": "f_5bcf767a5cfb9d2424000001",
        "externalId": "NODE-MGOPQ7BC",
        "neighbors": [
          {
            "id": "n_5da76e8514d1212568000033",
            "weight": 0
          }
        ],
        "space": [
          "s_5da76bed14d1212568000021"
        ],
        "flags": [
          1
        ]
      }
    },
    {
      "type": "Feature",
      "geometry": {
        "type": "Point",
        "coordinates": [
          12.534888233553621,
          45.67094285020259
        ]
      },
      "properties": {
        "id": "n_5da0d37814d1214fc8000062",
        "map": "f_5bcf767a5cfb9d2424000001",
        "externalId": "NODE-RTFIR8CC",
        "neighbors": [
          {
            "id": "n_5da0d56314d1214fc800006c",
            "weight": 0
          }
        ],
        "space": [
          "s_5da76d7514d1212568000026"
        ],
        "flags": [
          1
        ]
      }
    },
    {
      "type": "Feature",
      "geometry": {
        "type": "Point",
        "coordinates": [
          12.534914400109558,
          45.67101974624905
        ]
      },
      "properties": {
        "id": "n_5da0d54f14d1214fc8000069",
        "map": "f_5bcf767a5cfb9d2424000001",
        "externalId": "NODE-BQV7BLSW",
        "neighbors": [
          {
            "id": "n_5da0d35314d1214fc8000059",
            "weight": 0
          }
        ],
        "space": [
          "s_5da76d7514d1212568000026"
        ],
        "flags": [
          1
        ]
      }
    },
    {
      "type": "Feature",
      "geometry": {
        "type": "Point",
        "coordinates": [
          12.534615764267416,
          45.67111842162985
        ]
      },
      "properties": {
        "id": "n_5da0d56014d1214fc800006a",
        "map": "f_5bcf767a5cfb9d2424000001",
        "externalId": "NODE-03GORY8Y",
        "neighbors": [
          {
            "id": "n_5da0d33e14d1214fc8000053",
            "weight": 0
          },
          {
            "id": "n_5da0d35114d1214fc8000058",
            "weight": 0
          },
          {
            "id": "n_5da775d414d121256800003d",
            "weight": 0
          }
        ],
        "space": [],
        "flags": [
          1
        ]
      }
    },
    {
      "type": "Feature",
      "geometry": {
        "type": "Point",
        "coordinates": [
          12.534704315303472,
          45.67100150207377
        ]
      },
      "properties": {
        "id": "n_5da0d56214d1214fc800006b",
        "map": "f_5bcf767a5cfb9d2424000001",
        "externalId": "NODE-795VDZZI",
        "neighbors": [
          {
            "id": "n_5da0d33b14d1214fc8000051",
            "weight": 0
          },
          {
            "id": "n_5da0d35314d1214fc8000059",
            "weight": 0
          },
          {
            "id": "n_5da0d56314d1214fc800006c",
            "weight": 0
          },
          {
            "id": "n_5da0d37314d1214fc8000060",
            "weight": 0
          },
          {
            "id": "n_5da775d414d121256800003d",
            "weight": 0
          }
        ],
        "space": [],
        "flags": [
          1
        ]
      }
    },
    {
      "type": "Feature",
      "geometry": {
        "type": "Point",
        "coordinates": [
          12.53477664832742,
          45.67090078534887
        ]
      },
      "properties": {
        "id": "n_5da0d56314d1214fc800006c",
        "map": "f_5bcf767a5cfb9d2424000001",
        "externalId": "NODE-6TODCRCC",
        "neighbors": [
          {
            "id": "n_5da0d56214d1214fc800006b",
            "weight": 0
          },
          {
            "id": "n_5da0d37314d1214fc8000060",
            "weight": 0
          },
          {
            "id": "n_5da0d37814d1214fc8000062",
            "weight": 0
          }
        ],
        "space": [],
        "flags": [
          1
        ]
      }
    },
    {
      "type": "Feature",
      "geometry": {
        "type": "Point",
        "coordinates": [
          12.535329102211167,
          45.67122415962002
        ]
      },
      "properties": {
        "id": "n_5da0d58714d1214fc800006e",
        "map": "f_5bcf767a5cfb9d2424000001",
        "externalId": "NODE-KKEQC4GC",
        "neighbors": [
          {
            "id": "n_5bcf88a65cfb9d2424000287",
            "weight": 0
          },
          {
            "id": "n_5da76dfe14d121256800002a",
            "weight": 0
          },
          {
            "id": "n_61e597931dfa1553ba000001",
            "weight": 0
          }
        ],
        "space": [],
        "flags": [
          1
        ]
      }
    },
    {
      "type": "Feature",
      "geometry": {
        "type": "Point",
        "coordinates": [
          12.535427080353951,
          45.67140210542163
        ]
      },
      "properties": {
        "id": "n_5da0d58a14d1214fc800006f",
        "map": "f_5bcf767a5cfb9d2424000001",
        "externalId": "NODE-0Y2O2MYQ",
        "neighbors": [
          {
            "id": "n_5bcf88a65cfb9d2424000287",
            "weight": 0
          },
          {
            "id": "n_5da0d58c14d1214fc8000070",
            "weight": 0
          },
          {
            "id": "n_5c12c189f1d68a7e0c000001",
            "weight": 0
          }
        ],
        "space": [],
        "flags": [
          1
        ]
      }
    },
    {
      "type": "Feature",
      "geometry": {
        "type": "Point",
        "coordinates": [
          12.535286579149622,
          45.67135490488561
        ]
      },
      "properties": {
        "id": "n_5da0d58c14d1214fc8000070",
        "map": "f_5bcf767a5cfb9d2424000001",
        "externalId": "NODE-2UOUJ1LJ",
        "neighbors": [
          {
            "id": "n_5da0d58a14d1214fc800006f",
            "weight": 0
          }
        ],
        "space": [
          "s_61e597891dfa1553ba000000"
        ],
        "flags": [
          1
        ]
      }
    },
    {
      "type": "Feature",
      "geometry": {
        "type": "Point",
        "coordinates": [
          12.534681986868055,
          45.67078835690335
        ]
      },
      "properties": {
        "id": "n_5da76d9a14d1212568000028",
        "map": "f_5bcf767a5cfb9d2424000001",
        "externalId": "NODE-BXO0YCFX",
        "neighbors": [
          {
            "id": "n_5c0abd81f1d68a2bae000009",
            "weight": 0
          },
          {
            "id": "n_5da76d9b14d1212568000029",
            "weight": 0
          },
          {
            "id": "n_5da0d37314d1214fc8000060",
            "weight": 0
          },
          {
            "id": "n_68776a6fad5c74f3d5de1b1c",
            "weight": 0
          }
        ],
        "space": [],
        "flags": [
          1
        ]
      }
    },
    {
      "type": "Feature",
      "geometry": {
        "type": "Point",
        "coordinates": [
          12.534573487173738,
          45.6707519551194
        ]
      },
      "properties": {
        "id": "n_5da76d9b14d1212568000029",
        "map": "f_5bcf767a5cfb9d2424000001",
        "externalId": "NODE-R91U9PIG",
        "neighbors": [
          {
            "id": "n_5da76d9a14d1212568000028",
            "weight": 0
          }
        ],
        "space": [
          "s_5da76bed14d1212568000020"
        ],
        "flags": [
          1
        ]
      }
    },
    {
      "type": "Feature",
      "geometry": {
        "type": "Point",
        "coordinates": [
          12.535511887248347,
          45.67128716272446
        ]
      },
      "properties": {
        "id": "n_5da76dfe14d121256800002a",
        "map": "f_5bcf767a5cfb9d2424000001",
        "externalId": "NODE-26D9WMS2",
        "neighbors": [
          {
            "id": "n_5da0d58714d1214fc800006e",
            "weight": 0
          },
          {
            "id": "n_5bcf889f5cfb9d2424000286",
            "weight": 0
          },
          {
            "id": "n_5bcf88a65cfb9d2424000287",
            "weight": 0
          }
        ],
        "space": [],
        "flags": [
          1
        ]
      }
    },
    {
      "type": "Feature",
      "geometry": {
        "type": "Point",
        "coordinates": [
          12.53506424955115,
          45.67113181891986
        ]
      },
      "properties": {
        "id": "n_5da76e1d14d121256800002b",
        "map": "f_5bcf767a5cfb9d2424000001",
        "externalId": "NODE-I6N8IKXT",
        "neighbors": [
          {
            "id": "n_5da0d35914d1214fc800005c",
            "weight": 0
          },
          {
            "id": "n_5da76e1f14d121256800002c",
            "weight": 0
          },
          {
            "id": "n_5da76e2614d121256800002d",
            "weight": 0
          }
        ],
        "space": [],
        "flags": [
          1
        ]
      }
    },
    {
      "type": "Feature",
      "geometry": {
        "type": "Point",
        "coordinates": [
          12.53503442191967,
          45.67117221062151
        ]
      },
      "properties": {
        "id": "n_5da76e1f14d121256800002c",
        "map": "f_5bcf767a5cfb9d2424000001",
        "externalId": "NODE-Q5XNKCRV",
        "neighbors": [
          {
            "id": "n_5da76e1d14d121256800002b",
            "weight": 0
          }
        ],
        "space": [
          "s_61e597c71dfa1553ba000002"
        ],
        "flags": [
          1
        ]
      }
    },
    {
      "type": "Feature",
      "geometry": {
        "type": "Point",
        "coordinates": [
          12.53502886419697,
          45.67111896695441
        ]
      },
      "properties": {
        "id": "n_5da76e2614d121256800002d",
        "map": "f_5bcf767a5cfb9d2424000001",
        "externalId": "NODE-HK322KSH",
        "neighbors": [
          {
            "id": "n_5da0d35314d1214fc8000059",
            "weight": 0
          },
          {
            "id": "n_5da76e1d14d121256800002b",
            "weight": 0
          }
        ],
        "space": [],
        "flags": [
          1
        ]
      }
    },
    {
      "type": "Feature",
      "geometry": {
        "type": "Point",
        "coordinates": [
          12.535218720784561,
          45.67113501905003
        ]
      },
      "properties": {
        "id": "n_5da76e2a14d121256800002f",
        "map": "f_5bcf767a5cfb9d2424000001",
        "externalId": "NODE-Z9F81CP8",
        "neighbors": [
          {
            "id": "n_5da0d35914d1214fc800005c",
            "weight": 0
          }
        ],
        "space": [
          "s_5bfc1a0a5cfb9d6e7e000023"
        ],
        "flags": [
          1
        ]
      }
    },
    {
      "type": "Feature",
      "geometry": {
        "type": "Point",
        "coordinates": [
          12.534633494735512,
          45.670848240929494
        ]
      },
      "properties": {
        "id": "n_5da76e8514d1212568000033",
        "map": "f_5bcf767a5cfb9d2424000001",
        "externalId": "NODE-MYTI1CZM",
        "neighbors": [
          {
            "id": "n_5da0d37314d1214fc8000060",
            "weight": 0
          },
          {
            "id": "n_5da0d37514d1214fc8000061",
            "weight": 0
          },
          {
            "id": "n_5da76e8814d1212568000034",
            "weight": 0
          },
          {
            "id": "n_68776a6fad5c74f3d5de1b1c",
            "weight": 0
          }
        ],
        "space": [],
        "flags": [
          1
        ]
      }
    },
    {
      "type": "Feature",
      "geometry": {
        "type": "Point",
        "coordinates": [
          12.534551673868096,
          45.670947196892094
        ]
      },
      "properties": {
        "id": "n_5da76e8814d1212568000034",
        "map": "f_5bcf767a5cfb9d2424000001",
        "externalId": "NODE-XD2Y3LJS",
        "neighbors": [
          {
            "id": "n_5da76e8514d1212568000033",
            "weight": 0
          },
          {
            "id": "n_5da0d32e14d1214fc8000050",
            "weight": 0
          },
          {
            "id": "n_5da0d33b14d1214fc8000051",
            "weight": 0
          },
          {
            "id": "n_5da775d714d121256800003f",
            "weight": 0
          }
        ],
        "space": [],
        "flags": [
          1
        ]
      }
    },
    {
      "type": "Feature",
      "geometry": {
        "type": "Point",
        "coordinates": [
          12.534463875990484,
          45.671060480088165
        ]
      },
      "properties": {
        "id": "n_5da76e8c14d1212568000035",
        "map": "f_5bcf767a5cfb9d2424000001",
        "externalId": "NODE-JTGBTDUC",
        "neighbors": [
          {
            "id": "n_5da0d33e14d1214fc8000053",
            "weight": 0
          },
          {
            "id": "n_5da0d34414d1214fc8000056",
            "weight": 0
          },
          {
            "id": "n_5da775d714d121256800003f",
            "weight": 0
          },
          {
            "id": "n_624dcca7014de65aab000168",
            "weight": 0
          }
        ],
        "space": [],
        "flags": [
          1
        ]
      }
    },
    {
      "type": "Feature",
      "geometry": {
        "type": "Point",
        "coordinates": [
          12.534663461282191,
          45.671054712221505
        ]
      },
      "properties": {
        "id": "n_5da775d414d121256800003d",
        "map": "f_5bcf767a5cfb9d2424000001",
        "externalId": "NODE-RJO5VWXD",
        "neighbors": [
          {
            "id": "n_5da0d56014d1214fc800006a",
            "weight": 0
          },
          {
            "id": "n_5da0d56214d1214fc800006b",
            "weight": 0
          },
          {
            "id": "n_5da775d514d121256800003e",
            "weight": 0
          }
        ],
        "space": [],
        "flags": [
          1
        ]
      }
    },
    {
      "type": "Feature",
      "geometry": {
        "type": "Point",
        "coordinates": [
          12.53456954652863,
          45.67102049285321
        ]
      },
      "properties": {
        "id": "n_5da775d514d121256800003e",
        "map": "f_5bcf767a5cfb9d2424000001",
        "externalId": "NODE-FYEV7DYR",
        "neighbors": [
          {
            "id": "n_5da775d414d121256800003d",
            "weight": 0
          },
          {
            "id": "n_5da0d33b14d1214fc8000051",
            "weight": 0
          },
          {
            "id": "n_5da0d33e14d1214fc8000053",
            "weight": 0
          },
          {
            "id": "n_5da775d714d121256800003f",
            "weight": 0
          }
        ],
        "space": [],
        "flags": [
          1
        ]
      }
    },
    {
      "type": "Feature",
      "geometry": {
        "type": "Point",
        "coordinates": [
          12.534511784787396,
          45.670998717958376
        ]
      },
      "properties": {
        "id": "n_5da775d714d121256800003f",
        "map": "f_5bcf767a5cfb9d2424000001",
        "externalId": "NODE-54458Y7O",
        "neighbors": [
          {
            "id": "n_5da775d514d121256800003e",
            "weight": 0
          },
          {
            "id": "n_5da76e8814d1212568000034",
            "weight": 0
          },
          {
            "id": "n_5da76e8c14d1212568000035",
            "weight": 0
          },
          {
            "id": "n_5da775e514d1212568000040",
            "weight": 0
          }
        ],
        "space": [],
        "flags": [
          1
        ]
      }
    },
    {
      "type": "Feature",
      "geometry": {
        "type": "Point",
        "coordinates": [
          12.534322290407843,
          45.67093770452035
        ]
      },
      "properties": {
        "id": "n_5da775e514d1212568000040",
        "map": "f_5bcf767a5cfb9d2424000001",
        "externalId": "NODE-X37KNQ6O",
        "neighbors": [
          {
            "id": "n_5da775d714d121256800003f",
            "weight": 0
          }
        ],
        "space": [
          "s_624dcc42014de65aab000001"
        ],
        "flags": [
          1
        ]
      }
    },
    {
      "type": "Feature",
      "geometry": {
        "type": "Point",
        "coordinates": [
          12.53660302744106,
          45.67064966846743
        ]
      },
      "properties": {
        "id": "n_5db3297b880d376d76000002",
        "map": "f_5bcf767a5cfb9d2424000001",
        "externalId": "NODE-H2P22PDT",
        "neighbors": [
          {
            "id": "n_5bcf89f85cfb9d24240002aa",
            "weight": 0
          },
          {
            "id": "n_5bfc5af45cfb9d6a790000d7",
            "weight": 0
          },
          {
            "id": "n_5db3297d880d376d76000003",
            "weight": 0
          }
        ],
        "space": [],
        "flags": [
          1
        ]
      }
    },
    {
      "type": "Feature",
      "geometry": {
        "type": "Point",
        "coordinates": [
          12.536600141710958,
          45.670609498893754
        ]
      },
      "properties": {
        "id": "n_5db3297d880d376d76000003",
        "map": "f_5bcf767a5cfb9d2424000001",
        "externalId": "NODE-Q0L5OSY5",
        "neighbors": [
          {
            "id": "n_5bcf89f05cfb9d24240002a7",
            "weight": 0
          },
          {
            "id": "n_5bfc5b915cfb9d6a790000fa",
            "weight": 0
          },
          {
            "id": "n_5db3297b880d376d76000002",
            "weight": 0
          }
        ],
        "space": [],
        "flags": [
          1
        ]
      }
    },
    {
      "type": "Feature",
      "geometry": {
        "type": "Point",
        "coordinates": [
          12.535242169944883,
          45.671194079675686
        ]
      },
      "properties": {
        "id": "n_61e597931dfa1553ba000001",
        "map": "f_5bcf767a5cfb9d2424000001",
        "externalId": "NODE-I0ST3G5O",
        "neighbors": [
          {
            "id": "n_5bcf8fbc5cfb9d2424000369",
            "weight": 0
          },
          {
            "id": "n_5da0d35914d1214fc800005c",
            "weight": 0
          },
          {
            "id": "n_5da0d58714d1214fc800006e",
            "weight": 0
          }
        ],
        "space": [],
        "flags": [
          1
        ]
      }
    },
    {
      "type": "Feature",
      "geometry": {
        "type": "Point",
        "coordinates": [
          12.53639813932829,
          45.670872163533474
        ]
      },
      "properties": {
        "id": "n_61e5980a1dfa1553ba000004",
        "map": "f_5bcf767a5cfb9d2424000001",
        "externalId": "NODE-YIL016RJ",
        "neighbors": [
          {
            "id": "n_5bfc5b835cfb9d6a790000f5",
            "weight": 0
          },
          {
            "id": "n_5bfc5d245cfb9d6a7900010d",
            "weight": 0
          },
          {
            "id": "n_61e6b6c21dfa157441000000",
            "weight": 0
          }
        ],
        "space": [],
        "flags": [
          1
        ]
      }
    },
    {
      "type": "Feature",
      "geometry": {
        "type": "Point",
        "coordinates": [
          12.536453326338068,
          45.670961606998354
        ]
      },
      "properties": {
        "id": "n_61e6b6c21dfa157441000000",
        "map": "f_5bcf767a5cfb9d2424000001",
        "externalId": "NODE-G06BC9I5",
        "neighbors": [
          {
            "id": "n_61e5980a1dfa1553ba000004",
            "weight": 0
          }
        ],
        "space": [
          "s_61e598011dfa1553ba000003"
        ],
        "flags": [
          1
        ]
      }
    },
    {
      "type": "Feature",
      "geometry": {
        "type": "Point",
        "coordinates": [
          12.53420865602345,
          45.67096492144757
        ]
      },
      "properties": {
        "id": "n_624dcca7014de65aab000168",
        "map": "f_5bcf767a5cfb9d2424000001",
        "externalId": "NODE-GB3PC6CM",
        "neighbors": [
          {
            "id": "n_5da76e8c14d1212568000035",
            "weight": 0
          },
          {
            "id": "n_624dccac014de65aab000169",
            "weight": 0
          }
        ],
        "space": [],
        "flags": [
          1
        ]
      }
    },
    {
      "type": "Feature",
      "geometry": {
        "type": "Point",
        "coordinates": [
          12.534235608181014,
          45.67092166930371
        ]
      },
      "properties": {
        "id": "n_624dccac014de65aab000169",
        "map": "f_5bcf767a5cfb9d2424000001",
        "externalId": "NODE-33JSC8PY",
        "neighbors": [
          {
            "id": "n_624dcca7014de65aab000168",
            "weight": 0
          }
        ],
        "space": [
          "s_624dcc42014de65aab000000"
        ],
        "flags": [
          1
        ]
      }
    },
    {
      "type": "Feature",
      "geometry": {
        "type": "Point",
        "coordinates": [
          12.537548687177688,
          45.6727297233006
        ]
      },
      "properties": {
        "id": "n_6486d62b5108b2737b798904",
        "map": "f_5bcf767a5cfb9d2424000001",
        "externalId": "NODE-VCHBV44B",
        "neighbors": [
          {
            "id": "n_5bcf8ef55cfb9d2424000337",
            "weight": 0
          }
        ],
        "space": [
          "s_6486d6155108b2737b798903"
        ],
        "flags": [
          1
        ]
      }
    },
    {
      "type": "Feature",
      "geometry": {
        "type": "Point",
        "coordinates": [
          12.537697940362483,
          45.67263668619166
        ]
      },
      "properties": {
        "id": "n_64e7725c462f1218075833a4",
        "map": "f_5bcf767a5cfb9d2424000001",
        "externalId": "NODE-Q3IRMADM",
        "neighbors": [
          {
            "id": "n_5bcf8ef55cfb9d2424000337",
            "weight": 0
          }
        ],
        "space": [
          "s_64e77254462f1218075833a3"
        ],
        "flags": [
          1
        ]
      }
    },
    {
      "type": "Feature",
      "geometry": {
        "type": "Point",
        "coordinates": [
          12.532254862444997,
          45.66923593742888
        ]
      },
      "properties": {
        "id": "n_65a9275b6644e6b07b11e159",
        "map": "f_5bcf767a5cfb9d2424000001",
        "externalId": "NODE-TL0XBDLV",
        "neighbors": [],
        "space": [],
        "flags": [
          1
        ]
      }
    },
    {
      "type": "Feature",
      "geometry": {
        "type": "Point",
        "coordinates": [
          12.538637247330382,
          45.67230890094157
        ]
      },
      "properties": {
        "id": "n_65a92b966644e6b07b11e420",
        "map": "f_5bcf767a5cfb9d2424000001",
        "externalId": "NODE-0YR1KGC6",
        "neighbors": [
          {
            "id": "n_5bfc55875cfb9d6a79000065",
            "weight": 0
          }
        ],
        "space": [
          "s_652afc8eed20563d1db138e5"
        ],
        "flags": [
          1
        ]
      }
    },
    {
      "type": "Feature",
      "geometry": {
        "type": "Point",
        "coordinates": [
          12.536900322279736,
          45.671126531057155
        ]
      },
      "properties": {
        "id": "n_66a7a3088f0568582b404ccd",
        "map": "f_5bcf767a5cfb9d2424000001",
        "externalId": "NODE-QWC52RMJ",
        "neighbors": [
          {
            "id": "n_5bcf8b085cfb9d24240002bf",
            "weight": 0
          },
          {
            "id": "n_5bcf8b155cfb9d24240002c2",
            "weight": 0
          },
          {
            "id": "n_5bcf8b035cfb9d24240002be",
            "weight": 0
          },
          {
            "id": "n_5bcf8abd5cfb9d24240002b8",
            "weight": 0
          }
        ],
        "space": [
          "s_66a7a2f38f0568582b404ccc"
        ],
        "flags": [
          1
        ]
      }
    },
    {
      "type": "Feature",
      "geometry": {
        "type": "Point",
        "coordinates": [
          12.53423567523709,
          45.67072247823128
        ]
      },
      "properties": {
        "id": "n_67516eeaa9220ee6e690367a",
        "map": "f_5bcf767a5cfb9d2424000001",
        "externalId": "NODE-5DQX8FXV",
        "neighbors": [
          {
            "id": "n_5c0abd7ef1d68a2bae000007",
            "weight": 0
          },
          {
            "id": "n_67516eeaa9220ee6e690367b",
            "weight": 0
          }
        ],
        "space": [],
        "flags": [
          1
        ]
      }
    },
    {
      "type": "Feature",
      "geometry": {
        "type": "Point",
        "coordinates": [
          12.534098536221977,
          45.67092469640123
        ]
      },
      "properties": {
        "id": "n_67516eeaa9220ee6e690367b",
        "map": "f_5bcf767a5cfb9d2424000001",
        "externalId": "NODE-VE9KMWYK",
        "neighbors": [
          {
            "id": "n_67516eeaa9220ee6e690367a",
            "weight": 0
          }
        ],
        "space": [],
        "flags": [
          1
        ]
      }
    },
    {
      "type": "Feature",
      "geometry": {
        "type": "Point",
        "coordinates": [
          12.53410112027209,
          45.67092661799807
        ]
      },
      "properties": {
        "id": "n_67516eeaa9220ee6e6903682",
        "map": "f_5bcf767a5cfb9d2424000001",
        "externalId": "NODE-WA7FSF1F",
        "neighbors": [
          {
            "id": "n_5c0abd80f1d68a2bae000008",
            "weight": 0
          }
        ],
        "space": [],
        "flags": [
          1
        ]
      }
    },
    {
      "type": "Feature",
      "geometry": {
        "type": "Point",
        "coordinates": [
          12.536192500119359,
          45.66987822547786
        ]
      },
      "properties": {
        "id": "n_687767eaad5c74f3d5de19b7",
        "map": "f_5bcf767a5cfb9d2424000001",
        "externalId": "NODE-TWC9XYRL",
        "neighbors": [
          {
            "id": "n_5bfc542b5cfb9d6a79000047",
            "weight": 0
          }
        ],
        "space": [
          "s_6877674cad5c74f3d5de19b6"
        ],
        "flags": [
          1
        ]
      }
    },
    {
      "type": "Feature",
      "geometry": {
        "type": "Point",
        "coordinates": [
          12.534645229895588,
          45.67083417468371
        ]
      },
      "properties": {
        "id": "n_68776a6fad5c74f3d5de1b1c",
        "map": "f_5bcf767a5cfb9d2424000001",
        "externalId": "NODE-OR9GI6GU",
        "neighbors": [
          {
            "id": "n_5da76d9a14d1212568000028",
            "weight": 0
          },
          {
            "id": "n_5da76e8514d1212568000033",
            "weight": 0
          }
        ],
        "space": [
          "s_687768f1ad5c74f3d5de1b1b"
        ],
        "flags": [
          1
        ]
      }
    },
    {
      "type": "Feature",
      "geometry": {
        "type": "Point",
        "coordinates": [
          12.53559706785107,
          45.66982110701385
        ]
      },
      "properties": {
        "id": "n_6894b62e32dcf44a98cc88eb",
        "map": "f_5bcf767a5cfb9d2424000001",
        "externalId": "NODE-S5N43TLO",
        "neighbors": [
          {
            "id": "n_6894b62f32dcf44a98cc88ec",
            "weight": 0
          }
        ],
        "space": [
          "s_6894b62732dcf44a98cc88ea"
        ],
        "flags": [
          1
        ]
      }
    },
    {
      "type": "Feature",
      "geometry": {
        "type": "Point",
        "coordinates": [
          12.535597939085735,
          45.66989154625997
        ]
      },
      "properties": {
        "id": "n_6894b62f32dcf44a98cc88ec",
        "map": "f_5bcf767a5cfb9d2424000001",
        "externalId": "NODE-NLIV1U34",
        "neighbors": [
          {
            "id": "n_6894b62e32dcf44a98cc88eb",
            "weight": 0
          },
          {
            "id": "n_5bcf86695cfb9d2424000248",
            "weight": 0
          },
          {
            "id": "n_5bcf86715cfb9d242400024b",
            "weight": 0
          }
        ],
        "space": [],
        "flags": [
          1
        ]
      }
    }
  ]
}
