{
  "type": "FeatureCollection",
  "features": [
    {
      "type": "Feature",
      "properties": {
        "id": "f_59fa1587a10b6d1f6b000000",
        "externalId": "MAP-9A7R8ALM",
        "elevation": 0,
        "name": "Ground Level",
        "shortName": "GL"
      },
      "geometry": {
        "type": "MultiPolygon",
        "coordinates": [
          [
            [
              [
                5.984695053723897,
                51.201016413432676
              ],
              [
                5.985056707402265,
                51.200799717204795
              ],
              [
                5.985114075073221,
                51.20083896807237
              ],
              [
                5.98522353848695,
                51.2007751615302
              ],
              [
                5.985292073968309,
                51.20073433854798
              ],
              [
                5.985367440942789,
                51.20078411374956
              ],
              [
                5.985413623213771,
                51.20075648115802
              ],
              [
                5.9854139639322765,
                51.20075670295344
              ],
              [
                5.985415233298304,
                51.20075594627839
              ],
              [
                5.98555455595118,
                51.200847675346296
              ],
              [
                5.9856450788577105,
                51.20079835067271
              ],
              [
                5.985464321544808,
                51.20067919658761
              ],
              [
                5.985466354529417,
                51.20062855325324
              ],
              [
                5.985971133244572,
                51.20032788350463
              ],
              [
                5.986116959318369,
                51.20042414728675
              ],
              [
                5.986178044874644,
                51.20030615399755
              ],
              [
                5.986275329992221,
                51.200116842901124
              ],
              [
                5.986296523625113,
                51.200070290968334
              ],
              [
                5.986305435780581,
                51.20005215189325
              ],
              [
                5.986308255337827,
                51.200052720789685
              ],
              [
                5.986309497944641,
                51.200050278152176
              ],
              [
                5.986309533117668,
                51.20005028524896
              ],
              [
                5.986310202998737,
                51.20004898169038
              ],
              [
                5.986330088451931,
                51.20005299393614
              ],
              [
                5.986499492824124,
                51.19972371760597
              ],
              [
                5.986499630772536,
                51.19972345024892
              ],
              [
                5.986503536820232,
                51.19971912318679
              ],
              [
                5.986509924694296,
                51.199711865867464
              ],
              [
                5.986507125584733,
                51.19971101041159
              ],
              [
                5.986509153201346,
                51.199708652813555
              ],
              [
                5.986508543706352,
                51.199708397185546
              ],
              [
                5.986517402666822,
                51.199699060801194
              ],
              [
                5.9865198468458845,
                51.199696218847876
              ],
              [
                5.986564574425638,
                51.19964864125494
              ],
              [
                5.98676264134854,
                51.19941911926792
              ],
              [
                5.9867828323650905,
                51.19940035746341
              ],
              [
                5.986828585054646,
                51.199367768460256
              ],
              [
                5.986829113798785,
                51.19936803368466
              ],
              [
                5.986888243462279,
                51.19932176120665
              ],
              [
                5.9868875442857306,
                51.19932141071484
              ],
              [
                5.987023402147653,
                51.19921508621369
              ],
              [
                5.987091964125303,
                51.19916233767295
              ],
              [
                5.9871528585852145,
                51.199114684136795
              ],
              [
                5.98715162058155,
                51.19911406224111
              ],
              [
                5.987221930398603,
                51.19905981220078
              ],
              [
                5.987266456270411,
                51.19902507296193
              ],
              [
                5.987390249617581,
                51.199049168193326
              ],
              [
                5.9874228882322855,
                51.19898565023542
              ],
              [
                5.987452620286665,
                51.19899150609449
              ],
              [
                5.987481066700965,
                51.198936146351386
              ],
              [
                5.9874782929430905,
                51.19893558671285
              ],
              [
                5.987512859056862,
                51.19886831720422
              ],
              [
                5.987629882380094,
                51.19889178383433
              ],
              [
                5.9876395271700575,
                51.198893722622756
              ],
              [
                5.987679243268961,
                51.19881680825556
              ],
              [
                5.9876530415589535,
                51.19881164490173
              ],
              [
                5.987644009865425,
                51.198808592654046
              ],
              [
                5.987640199567176,
                51.1988068401213
              ],
              [
                5.987637157833261,
                51.19880511953229
              ],
              [
                5.987634878753748,
                51.198803060936484
              ],
              [
                5.987633552172547,
                51.19880144015716
              ],
              [
                5.987610090828181,
                51.19879674537456
              ],
              [
                5.987577141829083,
                51.198862352959935
              ],
              [
                5.987254425479693,
                51.19879760832406
              ],
              [
                5.987287161515287,
                51.19873400135134
              ],
              [
                5.987187144558766,
                51.19871365569687
              ],
              [
                5.987172001370277,
                51.19874312570664
              ],
              [
                5.987168110194305,
                51.198747260634626
              ],
              [
                5.987156369365514,
                51.19875559305163
              ],
              [
                5.987137279778489,
                51.198762565261354
              ],
              [
                5.987111219923362,
                51.19876247354567
              ],
              [
                5.987087098276203,
                51.198754408468936
              ],
              [
                5.987072971967622,
                51.19874331695486
              ],
              [
                5.987067053854668,
                51.1987319140434
              ],
              [
                5.98706779816729,
                51.198723207916835
              ],
              [
                5.987104752502234,
                51.198651291693146
              ],
              [
                5.987102050364886,
                51.19865074846552
              ],
              [
                5.987227291769644,
                51.19840686357438
              ],
              [
                5.987229024379895,
                51.19840721315714
              ],
              [
                5.987223975802817,
                51.198405520060504
              ],
              [
                5.9872190922146205,
                51.19840318158601
              ],
              [
                5.9872144890514365,
                51.19839991592622
              ],
              [
                5.987211887359114,
                51.198396192849614
              ],
              [
                5.987211763450831,
                51.198392231583156
              ],
              [
                5.987213825093901,
                51.19838821940437
              ],
              [
                5.987217779617071,
                51.19838434350465
              ],
              [
                5.987224528519421,
                51.19838152330153
              ],
              [
                5.987233016915947,
                51.19838028407808
              ],
              [
                5.987243353547131,
                51.198380032768746
              ],
              [
                5.987247444220503,
                51.19838085812958
              ],
              [
                5.987270064351312,
                51.19833683680191
              ],
              [
                5.987267906802664,
                51.19833640148092
              ],
              [
                5.987267295403941,
                51.19833674538023
              ],
              [
                5.987259583769421,
                51.198333559430296
              ],
              [
                5.98725653654935,
                51.19833142991604
              ],
              [
                5.987253992703506,
                51.19832832450712
              ],
              [
                5.987253012505333,
                51.19832552978568
              ],
              [
                5.98725324176805,
                51.19832197610774
              ],
              [
                5.987254672862083,
                51.19831919103555
              ],
              [
                5.987257796239399,
                51.19831622009303
              ],
              [
                5.987261194339296,
                51.19831431116838
              ],
              [
                5.987266151241779,
                51.19831271675798
              ],
              [
                5.987270611466905,
                51.198312101995334
              ],
              [
                5.987275912282876,
                51.19831223700449
              ],
              [
                5.987359985710557,
                51.198148619717266
              ],
              [
                5.9873625829305235,
                51.19814914374901
              ],
              [
                5.987414252956648,
                51.19804858730013
              ],
              [
                5.987418008846257,
                51.19804745970924
              ],
              [
                5.98741986377975,
                51.198044533887135
              ],
              [
                5.987423162761399,
                51.19804064103689
              ],
              [
                5.987427489398586,
                51.198036781362696
              ],
              [
                5.987432348135725,
                51.19803347348425
              ],
              [
                5.987438039146154,
                51.198030530523376
              ],
              [
                5.98744418520028,
                51.198028067355864
              ],
              [
                5.9874507197625695,
                51.19802596725488
              ],
              [
                5.987457492076593,
                51.19802453853563
              ],
              [
                5.987464757302774,
                51.19802355881231
              ],
              [
                5.987471962580803,
                51.19802321803198
              ],
              [
                5.987479200157363,
                51.19802337024422
              ],
              [
                5.987492580581156,
                51.198024885593696
              ],
              [
                5.987490967760701,
                51.198028024381095
              ],
              [
                5.987490824597748,
                51.198028302997365
              ],
              [
                5.987491269223765,
                51.19802839270765
              ],
              [
                5.987529301925745,
                51.197953762994175
              ],
              [
                5.987532674121691,
                51.197954415423375
              ],
              [
                5.987494470184334,
                51.19802903855173
              ],
              [
                5.987494025558305,
                51.19802894884144
              ],
              [
                5.9874804882648265,
                51.19805529440429
              ],
              [
                5.987773728342435,
                51.1981144597535
              ],
              [
                5.987771745890911,
                51.19811831794069
              ],
              [
                5.987859277299006,
                51.19813561353737
              ],
              [
                5.987867095335575,
                51.19812039825084
              ],
              [
                5.987867148308364,
                51.1981204089387
              ],
              [
                5.987867647694031,
                51.19811943704554
              ],
              [
                5.9879891908902385,
                51.19814395974168
              ],
              [
                5.9879447126696395,
                51.198230522512034
              ],
              [
                5.988001857065308,
                51.1982420519829
              ],
              [
                5.988070861356935,
                51.19810775643798
              ],
              [
                5.988072128425057,
                51.19810801208081
              ],
              [
                5.988072612391488,
                51.19810708872771
              ],
              [
                5.988190023746955,
                51.198130777561325
              ],
              [
                5.98816396806459,
                51.19818183047074
              ],
              [
                5.988651275332642,
                51.198280147741265
              ],
              [
                5.988673538977587,
                51.19823681724531
              ],
              [
                5.988674214599465,
                51.19823695355378
              ],
              [
                5.988683588834397,
                51.19821870899288
              ],
              [
                5.989401082875445,
                51.19836567715651
              ],
              [
                5.989414192878311,
                51.198368813927914
              ],
              [
                5.9894523470468295,
                51.19837860260997
              ],
              [
                5.9895135442491965,
                51.19839550009102
              ],
              [
                5.9901468576103225,
                51.19859017735198
              ],
              [
                5.990248622074707,
                51.19861980890557
              ],
              [
                5.991049109531483,
                51.19883639690176
              ],
              [
                5.991078911206931,
                51.19884486872556
              ],
              [
                5.991102144320021,
                51.198852753588696
              ],
              [
                5.991120048116545,
                51.19885993212874
              ],
              [
                5.991145941028418,
                51.1988714285032
              ],
              [
                5.991160004952402,
                51.19888226049921
              ],
              [
                5.991175305298643,
                51.198896416879286
              ],
              [
                5.991197106310724,
                51.198917788310396
              ],
              [
                5.991214063546474,
                51.198942856925015
              ],
              [
                5.991224675088104,
                51.19896652231983
              ],
              [
                5.9912272033936205,
                51.19898376028307
              ],
              [
                5.9912113862502805,
                51.199078353480665
              ],
              [
                5.991176876178278,
                51.199236456356914
              ],
              [
                5.991167847243019,
                51.19925517600753
              ],
              [
                5.991154004191703,
                51.199272186416096
              ],
              [
                5.991138503267958,
                51.19928898550729
              ],
              [
                5.99112175175555,
                51.19930516296725
              ],
              [
                5.9911109909343905,
                51.19931197089445
              ],
              [
                5.991004635756295,
                51.19935545933717
              ],
              [
                5.990989163251384,
                51.199352338115965
              ],
              [
                5.990960532378833,
                51.199404371924246
              ],
              [
                5.99108532785436,
                51.19942954646922
              ],
              [
                5.990841149404403,
                51.19990672419012
              ],
              [
                5.990839785107253,
                51.19991358266992
              ],
              [
                5.990838114615529,
                51.19993058864698
              ],
              [
                5.990839356383376,
                51.199952240826015
              ],
              [
                5.99084826098513,
                51.199972732879225
              ],
              [
                5.9908575932895864,
                51.199990482174876
              ],
              [
                5.990864576979295,
                51.200005543955136
              ],
              [
                5.990865038589965,
                51.20000846610743
              ],
              [
                5.990864731755145,
                51.20001135606283
              ],
              [
                5.990863267136782,
                51.20001573462869
              ],
              [
                5.990861555578539,
                51.20001944838632
              ],
              [
                5.990859247244716,
                51.200022795820594
              ],
              [
                5.990855757078466,
                51.20002615078802
              ],
              [
                5.990851377609734,
                51.200029326360585
              ],
              [
                5.990844583393242,
                51.2000329988683
              ],
              [
                5.990830018068455,
                51.20003842465309
              ],
              [
                5.990814316498515,
                51.200043006233834
              ],
              [
                5.990799244839908,
                51.20004636177423
              ],
              [
                5.990784097179168,
                51.200048717931374
              ],
              [
                5.990759490109113,
                51.20005076492207
              ],
              [
                5.990745729080196,
                51.20005118705429
              ],
              [
                5.990734852491161,
                51.20005096106212
              ],
              [
                5.990717039507586,
                51.200049335815606
              ],
              [
                5.990692983589279,
                51.200045344028034
              ],
              [
                5.990277955058758,
                51.19996752479594
              ],
              [
                5.989675900328201,
                51.19984606981779
              ],
              [
                5.98966326058874,
                51.19984278179366
              ],
              [
                5.9896532126243365,
                51.19983903287104
              ],
              [
                5.989645700266646,
                51.19983493423672
              ],
              [
                5.989638881245766,
                51.199829868598755
              ],
              [
                5.9896299572020695,
                51.19981896643962
              ],
              [
                5.989678933212271,
                51.199825694842204
              ],
              [
                5.989653876639003,
                51.199820640028236
              ],
              [
                5.989683032926594,
                51.19976472508371
              ],
              [
                5.989971693811252,
                51.19982304399436
              ],
              [
                5.989944289492433,
                51.19987624450555
              ],
              [
                5.990073923845471,
                51.199903118415676
              ],
              [
                5.990086584252031,
                51.1998784773984
              ],
              [
                5.990010421672088,
                51.19986311287597
              ],
              [
                5.990011933715645,
                51.19986016998687
              ],
              [
                5.98997565146226,
                51.19985285061637
              ],
              [
                5.989987819219783,
                51.19982916852061
              ],
              [
                5.989975403758412,
                51.19982666390194
              ],
              [
                5.989996849825605,
                51.199786833676534
              ],
              [
                5.990092715772205,
                51.19980617309353
              ],
              [
                5.990103005525978,
                51.19978614604344
              ],
              [
                5.989601636088228,
                51.19968485305366
              ],
              [
                5.9895149904830625,
                51.199669138909364
              ],
              [
                5.989427890942328,
                51.19965744597329
              ],
              [
                5.98933979720909,
                51.19964951987128
              ],
              [
                5.98925106076797,
                51.19964557923724
              ],
              [
                5.989164429111834,
                51.19964529669925
              ],
              [
                5.989077945600241,
                51.19964886128338
              ],
              [
                5.988997665578699,
                51.199655627980896
              ],
              [
                5.989001688346832,
                51.19967118703209
              ],
              [
                5.989052597558642,
                51.19966472889641
              ],
              [
                5.989203469433371,
                51.19966564631733
              ],
              [
                5.989202486679634,
                51.19972104387704
              ],
              [
                5.989205549152592,
                51.19972043170967
              ],
              [
                5.9892023593623165,
                51.19977095620737
              ],
              [
                5.989205525300113,
                51.1997766380198
              ],
              [
                5.989210274018874,
                51.19978153196675
              ],
              [
                5.98921595677995,
                51.199785753410815
              ],
              [
                5.989222573583352,
                51.19978930235187
              ],
              [
                5.989225485467165,
                51.199790506990766
              ],
              [
                5.989230012982088,
                51.199792399752226
              ],
              [
                5.989246747251838,
                51.19979688511996
              ],
              [
                5.989256104530777,
                51.19979815787211
              ],
              [
                5.989352622349068,
                51.19979598140037
              ],
              [
                5.989481275453577,
                51.19980041092487
              ],
              [
                5.989509295481257,
                51.19980471054413
              ],
              [
                5.98950586255363,
                51.19980795391505
              ],
              [
                5.989502130737559,
                51.199811014169725
              ],
              [
                5.989497102601214,
                51.19981430478379
              ],
              [
                5.989491942044249,
                51.19981670774655
              ],
              [
                5.989485301784171,
                51.19981893501396
              ],
              [
                5.989477765873247,
                51.199820612835566
              ],
              [
                5.989469569800302,
                51.199821665297
              ],
              [
                5.989460656250415,
                51.199822203955534
              ],
              [
                5.989319379190771,
                51.199819040766144
              ],
              [
                5.989279901100913,
                51.19981870234237
              ],
              [
                5.989265250834248,
                51.19981894489391
              ],
              [
                5.989223910004943,
                51.19982032159498
              ],
              [
                5.9891572507509006,
                51.19982360171778
              ],
              [
                5.98911522264013,
                51.199826315966895
              ],
              [
                5.989076689170746,
                51.199829488980455
              ],
              [
                5.989045251259377,
                51.199832986585385
              ],
              [
                5.988935712725055,
                51.199848279713535
              ],
              [
                5.988880846699207,
                51.19985725984382
              ],
              [
                5.988840453771081,
                51.19986596170962
              ],
              [
                5.988797999256259,
                51.19987867576816
              ],
              [
                5.988737934605205,
                51.19989853798472
              ],
              [
                5.988671742028609,
                51.19992306795618
              ],
              [
                5.988611201788853,
                51.19994996824601
              ],
              [
                5.988558474669701,
                51.19997770667288
              ],
              [
                5.9885104623863015,
                51.200004674414124
              ],
              [
                5.988471430078838,
                51.20002791882986
              ],
              [
                5.988445705566905,
                51.20004474587153
              ],
              [
                5.988337214613135,
                51.200124087218406
              ],
              [
                5.988316922384738,
                51.20014065738361
              ],
              [
                5.9883079759205735,
                51.2001500455865
              ],
              [
                5.988293386679619,
                51.200161247250875
              ],
              [
                5.988273087693748,
                51.20017019009818
              ],
              [
                5.98824731102826,
                51.20017298469519
              ],
              [
                5.988246198549027,
                51.20017288190012
              ],
              [
                5.988245520948044,
                51.200173483889174
              ],
              [
                5.988216253999877,
                51.20016900269154
              ],
              [
                5.988188471650382,
                51.2001624399757
              ],
              [
                5.988167727795359,
                51.200156510798394
              ],
              [
                5.9881595783533275,
                51.200153930932814
              ],
              [
                5.988155682994039,
                51.200152427641775
              ],
              [
                5.988148390379913,
                51.20014777924753
              ],
              [
                5.988144292441284,
                51.20013977877084
              ],
              [
                5.988149980691672,
                51.20012821854856
              ],
              [
                5.988218080201858,
                51.200052978529406
              ],
              [
                5.988218940960298,
                51.20005188373484
              ],
              [
                5.9882221960255055,
                51.20004880208845
              ],
              [
                5.988228886067506,
                51.20004404953712
              ],
              [
                5.988240045974009,
                51.200037939972866
              ],
              [
                5.988250060240442,
                51.20003273328738
              ],
              [
                5.9882578549340515,
                51.200028161153824
              ],
              [
                5.988263398011507,
                51.2000245327275
              ],
              [
                5.988266362307913,
                51.200022398193646
              ],
              [
                5.988264152753382,
                51.20002140188739
              ],
              [
                5.988265144137019,
                51.20002061783652
              ],
              [
                5.988196968480903,
                51.199989028352114
              ],
              [
                5.988261688033957,
                51.199932221331366
              ],
              [
                5.988277021691372,
                51.19991957080668
              ],
              [
                5.9883403435475016,
                51.19987847182443
              ],
              [
                5.988325549533851,
                51.199868479866964
              ],
              [
                5.98830704440803,
                51.19987948595779
              ],
              [
                5.988304802533479,
                51.199877949043724
              ],
              [
                5.988248348163262,
                51.19991559132063
              ],
              [
                5.988193331399932,
                51.19995739370814
              ],
              [
                5.988143157664321,
                51.20000164118432
              ],
              [
                5.9880949223186075,
                51.20005069507415
              ],
              [
                5.988055367816653,
                51.20009855152648
              ],
              [
                5.988020129774702,
                51.20014908903087
              ],
              [
                5.9879570640710496,
                51.20026611891657
              ],
              [
                5.9878926661165135,
                51.200391452688365
              ],
              [
                5.987924946908923,
                51.200398091582926
              ],
              [
                5.987952538784421,
                51.20034461918271
              ],
              [
                5.98801574581455,
                51.20035737124493
              ],
              [
                5.9880159687878285,
                51.20035693731728
              ],
              [
                5.988018456802943,
                51.200357439275315
              ],
              [
                5.988088107894799,
                51.200222844463944
              ],
              [
                5.988089014602128,
                51.20022148748614
              ],
              [
                5.988092770697697,
                51.2002188515065
              ],
              [
                5.988100911264781,
                51.20021705746023
              ],
              [
                5.988114996006754,
                51.20021826936752
              ],
              [
                5.988134744711668,
                51.20022264525577
              ],
              [
                5.988155924911917,
                51.20022852553133
              ],
              [
                5.988174137719099,
                51.20023533833023
              ],
              [
                5.988184983956303,
                51.200242512330156
              ],
              [
                5.988190935405428,
                51.20025002730693
              ],
              [
                5.98819596151415,
                51.20025832464284
              ],
              [
                5.988197894452683,
                51.20026754745036
              ],
              [
                5.988194567570305,
                51.2002778402757
              ],
              [
                5.988163072666822,
                51.20032622118131
              ],
              [
                5.988154542976251,
                51.200340358682055
              ],
              [
                5.988129900874969,
                51.20038409179386
              ],
              [
                5.988094282260474,
                51.200453485776265
              ],
              [
                5.988091671339621,
                51.20045295902346
              ],
              [
                5.987921938438665,
                51.20078556504346
              ],
              [
                5.987917003903143,
                51.200790965465075
              ],
              [
                5.987903505794997,
                51.20080386322172
              ],
              [
                5.9878833152104525,
                51.20081946984778
              ],
              [
                5.9878581842763,
                51.200832849753134
              ],
              [
                5.987827807035283,
                51.20084344932643
              ],
              [
                5.987792443799782,
                51.200852673906056
              ],
              [
                5.987755133057109,
                51.200858430552444
              ],
              [
                5.9877186780799185,
                51.20085870169758
              ],
              [
                5.987679844481676,
                51.20085443386096
              ],
              [
                5.987639988760596,
                51.200849098850966
              ],
              [
                5.987596449205364,
                51.20084252872132
              ],
              [
                5.9875627869152215,
                51.20086181333953
              ],
              [
                5.987625706733018,
                51.20090439676243
              ],
              [
                5.986863481166829,
                51.20136352649427
              ],
              [
                5.986894430018294,
                51.20138428481391
              ],
              [
                5.986791418650058,
                51.20144492816021
              ],
              [
                5.986811300479021,
                51.20145742641367
              ],
              [
                5.986849648045872,
                51.201435519937576
              ],
              [
                5.986852291936156,
                51.201434577407426
              ],
              [
                5.986859065798209,
                51.20143323811823
              ],
              [
                5.986868347862065,
                51.20143351176487
              ],
              [
                5.98687863693317,
                51.20143755578823
              ],
              [
                5.986944945899102,
                51.20148154137167
              ],
              [
                5.986958482202386,
                51.20145637132387
              ],
              [
                5.9869656540585385,
                51.20145769516514
              ],
              [
                5.986950536271534,
                51.20148524970567
              ],
              [
                5.986955742371343,
                51.20148870313515
              ],
              [
                5.987045977813584,
                51.201458772031984
              ],
              [
                5.987049360808634,
                51.20146326741607
              ],
              [
                5.9869608856531205,
                51.20149211489473
              ],
              [
                5.986963109105618,
                51.20149358980621
              ],
              [
                5.986967650019331,
                51.20149913755944
              ],
              [
                5.987003384645066,
                51.201506512827
              ],
              [
                5.987001627495027,
                51.20151107835012
              ],
              [
                5.986970878625935,
                51.201504642711264
              ],
              [
                5.986977004938233,
                51.20151582757494
              ],
              [
                5.986979535553726,
                51.20153687923648
              ],
              [
                5.98696576331567,
                51.201558331742646
              ],
              [
                5.98694942492063,
                51.20157102550918
              ],
              [
                5.986939552566222,
                51.20157801283798
              ],
              [
                5.986934518290266,
                51.20158093311743
              ],
              [
                5.986932694859021,
                51.20158142617679
              ],
              [
                5.986950650800363,
                51.20159538084318
              ],
              [
                5.986848148656743,
                51.20165465110635
              ],
              [
                5.986797977306785,
                51.20161476253737
              ],
              [
                5.9861697779410115,
                51.20198838713259
              ],
              [
                5.986050273987064,
                51.20190962345669
              ],
              [
                5.986050221469988,
                51.20190965472624
              ],
              [
                5.985920218768361,
                51.20182450509757
              ],
              [
                5.984754732427048,
                51.20105643830612
              ],
              [
                5.9847552823023245,
                51.201056109393136
              ],
              [
                5.984695053723897,
                51.201016413432676
              ]
            ],
            [
              [
                5.9880534520072315,
                51.200364978495486
              ],
              [
                5.988056028282057,
                51.20036549826072
              ],
              [
                5.988056165836279,
                51.20036523056683
              ],
              [
                5.988053589561077,
                51.200364710802354
              ],
              [
                5.9880534520072315,
                51.200364978495486
              ]
            ],
            [
              [
                5.990729321410395,
                51.19937669256475
              ],
              [
                5.990951241241297,
                51.19942117856384
              ],
              [
                5.990951313207029,
                51.199421038489476
              ],
              [
                5.990950110771443,
                51.19942079745181
              ],
              [
                5.9909881754904335,
                51.19935213885796
              ],
              [
                5.99098773922216,
                51.19935205085089
              ],
              [
                5.990989365530425,
                51.19934888538889
              ],
              [
                5.990766517357868,
                51.19930429481714
              ],
              [
                5.990729321410395,
                51.19937669256475
              ]
            ]
          ],
          [
            [
              [
                5.98600594341362,
                51.1995220674689
              ],
              [
                5.9860137400832185,
                51.19950521503198
              ],
              [
                5.986018145117904,
                51.19950611616206
              ],
              [
                5.986015201345914,
                51.19951257014697
              ],
              [
                5.986415477895164,
                51.19959235029603
              ],
              [
                5.986418623933184,
                51.199585617306845
              ],
              [
                5.986423046786822,
                51.1995865220139
              ],
              [
                5.986415179477891,
                51.199603360196534
              ],
              [
                5.986410773989821,
                51.19960245899454
              ],
              [
                5.98641372540203,
                51.19959610474689
              ],
              [
                5.986013445074292,
                51.19951648389353
              ],
              [
                5.986010366253625,
                51.19952297219039
              ],
              [
                5.98600594341362,
                51.1995220674689
              ]
            ]
          ],
          [
            [
              [
                5.986243471480978,
                51.202009343811916
              ],
              [
                5.98670246162274,
                51.20173514767157
              ],
              [
                5.988437565828747,
                51.202883627866804
              ],
              [
                5.98797735836667,
                51.20316185379532
              ],
              [
                5.986243471480978,
                51.202009343811916
              ]
            ]
          ],
          [
            [
              [
                5.986702794316961,
                51.20168278725273
              ],
              [
                5.9867897787160285,
                51.20163395968954
              ],
              [
                5.986828742217495,
                51.20166121106628
              ],
              [
                5.986741757808269,
                51.201710038658376
              ],
              [
                5.986702794316961,
                51.20168278725273
              ]
            ]
          ],
          [
            [
              [
                5.986840574066027,
                51.20169746511363
              ],
              [
                5.986858471338719,
                51.20166263817631
              ],
              [
                5.986969636358944,
                51.201685066295724
              ],
              [
                5.986951739161585,
                51.20171989325002
              ],
              [
                5.986840574066027,
                51.20169746511363
              ]
            ]
          ],
          [
            [
              [
                5.986883230940518,
                51.20136086921727
              ],
              [
                5.98692996080527,
                51.201333137331524
              ],
              [
                5.986978368915826,
                51.2013044093518
              ],
              [
                5.987028297446962,
                51.2013369099781
              ],
              [
                5.986980335883381,
                51.201365518109924
              ],
              [
                5.986933109231072,
                51.201393687669494
              ],
              [
                5.986883230940518,
                51.20136086921727
              ]
            ]
          ],
          [
            [
              [
                5.986927471370509,
                51.19829673906746
              ],
              [
                5.986929902793563,
                51.19829206710797
              ],
              [
                5.987036116564138,
                51.19831363270984
              ],
              [
                5.987011486522252,
                51.19828225261574
              ],
              [
                5.98701789742937,
                51.198279846776565
              ],
              [
                5.987048071982639,
                51.198318543155
              ],
              [
                5.986985927544161,
                51.198337475371524
              ],
              [
                5.986982399801329,
                51.19833337797001
              ],
              [
                5.987034064733519,
                51.19831790585974
              ],
              [
                5.986927471370509,
                51.19829673906746
              ]
            ]
          ],
          [
            [
              [
                5.987204758119953,
                51.20164598432845
              ],
              [
                5.987222655097304,
                51.20161115733557
              ],
              [
                5.9873338201706074,
                51.201633585109974
              ],
              [
                5.987315923268589,
                51.20166841211981
              ],
              [
                5.987204758119953,
                51.20164598432845
              ]
            ]
          ],
          [
            [
              [
                5.988076371721626,
                51.20228647942277
              ],
              [
                5.989527216383901,
                51.20141943852542
              ],
              [
                5.989530452071417,
                51.201417506226136
              ],
              [
                5.989581938431532,
                51.20145131461866
              ],
              [
                5.989630525149705,
                51.201423635874804
              ],
              [
                5.9897165111930795,
                51.20143841407071
              ],
              [
                5.990128976196408,
                51.20170764865586
              ],
              [
                5.990047741607666,
                51.201756100814634
              ],
              [
                5.990698369714044,
                51.20218589148749
              ],
              [
                5.990701438127653,
                51.20218791790788
              ],
              [
                5.989250441551333,
                51.203055541585854
              ],
              [
                5.989247203395926,
                51.20305747843337
              ],
              [
                5.988076371721626,
                51.20228647942277
              ]
            ]
          ],
          [
            [
              [
                5.988099265013365,
                51.2006192499934
              ],
              [
                5.988163346534939,
                51.20049454099614
              ],
              [
                5.9881653051875,
                51.20049149214313
              ],
              [
                5.98817062808258,
                51.200484571010264
              ],
              [
                5.988178950893568,
                51.20047677910264
              ],
              [
                5.98819003452725,
                51.20047163519161
              ],
              [
                5.988221360884644,
                51.200464917172454
              ],
              [
                5.988191124150316,
                51.200523761142165
              ],
              [
                5.988189026888405,
                51.200532809045434
              ],
              [
                5.988191060017505,
                51.20054146012171
              ],
              [
                5.9881968722423595,
                51.200550012744046
              ],
              [
                5.9882059383559705,
                51.200558729952874
              ],
              [
                5.988219401310151,
                51.200565381710916
              ],
              [
                5.98823528830159,
                51.200568464218726
              ],
              [
                5.988248775145911,
                51.20056934015245
              ],
              [
                5.988254448778811,
                51.20056937778985
              ],
              [
                5.988308890816074,
                51.20056695432017
              ],
              [
                5.988564237271682,
                51.200560536304025
              ],
              [
                5.98913650575699,
                51.20054437690026
              ],
              [
                5.989141766468486,
                51.20054445422208
              ],
              [
                5.989154638293902,
                51.200543852980005
              ],
              [
                5.989170738586623,
                51.20054193513897
              ],
              [
                5.989185328839055,
                51.20053799045179
              ],
              [
                5.989196463338787,
                51.20053236485108
              ],
              [
                5.989205515161005,
                51.20052582684834
              ],
              [
                5.989211957213607,
                51.200518639354385
              ],
              [
                5.98921519622272,
                51.200510805928914
              ],
              [
                5.989215659919214,
                51.20050302761441
              ],
              [
                5.989214383640725,
                51.20049366803629
              ],
              [
                5.989211151543418,
                51.20048391401655
              ],
              [
                5.989205974400931,
                51.20047450560365
              ],
              [
                5.989204704918938,
                51.20047277350289
              ],
              [
                5.988824860715868,
                51.200032309571874
              ],
              [
                5.988818041476159,
                51.200034500703715
              ],
              [
                5.988749285679331,
                51.20005408582057
              ],
              [
                5.988724721209866,
                51.20002625193536
              ],
              [
                5.988715257050651,
                51.2000148715843
              ],
              [
                5.988710318164678,
                51.200001944308454
              ],
              [
                5.988712126083249,
                51.1999896399245
              ],
              [
                5.988716643690829,
                51.199980465454814
              ],
              [
                5.988719066702091,
                51.1999768951637
              ],
              [
                5.9887104802523305,
                51.199964953883985
              ],
              [
                5.988876396057806,
                51.19991023561424
              ],
              [
                5.988881431055243,
                51.19991457239459
              ],
              [
                5.988875876430212,
                51.199925382772
              ],
              [
                5.9888963695494555,
                51.199968016112386
              ],
              [
                5.988888472223759,
                51.19996925187185
              ],
              [
                5.988880287629907,
                51.19997104479876
              ],
              [
                5.988870756630216,
                51.199973549849
              ],
              [
                5.988863760139298,
                51.19997570546788
              ],
              [
                5.988861070732735,
                51.19997749977104
              ],
              [
                5.988856459258208,
                51.19998456442752
              ],
              [
                5.988855869321769,
                51.19999182540689
              ],
              [
                5.988860786950568,
                51.19999982850603
              ],
              [
                5.988866684318446,
                51.20000630726233
              ],
              [
                5.98886944515528,
                51.20000895524355
              ],
              [
                5.989269047583301,
                51.20047591392349
              ],
              [
                5.989282553954317,
                51.20049241464083
              ],
              [
                5.989307882240132,
                51.20051991025994
              ],
              [
                5.989324328287873,
                51.20053183799454
              ],
              [
                5.989968331744236,
                51.200648840598745
              ],
              [
                5.98998781565753,
                51.20060761696794
              ],
              [
                5.9900437988564255,
                51.20061786721537
              ],
              [
                5.99002451769626,
                51.20065906807341
              ],
              [
                5.990008533393326,
                51.200693235281854
              ],
              [
                5.9897486616483775,
                51.201248674097236
              ],
              [
                5.989689863392896,
                51.20123779677279
              ],
              [
                5.9898820393478065,
                51.200831306629766
              ],
              [
                5.98995216839432,
                51.20068297188838
              ],
              [
                5.989355102444373,
                51.200574331220565
              ],
              [
                5.988223378179213,
                51.20060615949534
              ],
              [
                5.988216580380553,
                51.200606018058636
              ],
              [
                5.98820062732607,
                51.20060612045127
              ],
              [
                5.988181795949773,
                51.2006072412731
              ],
              [
                5.988166425025833,
                51.20061041335801
              ],
              [
                5.9881572094879,
                51.20061421227764
              ],
              [
                5.988151286562535,
                51.20061695322517
              ],
              [
                5.988147777487942,
                51.200619197253616
              ],
              [
                5.9881398169463225,
                51.20062743128295
              ],
              [
                5.988099265013365,
                51.2006192499934
              ]
            ]
          ],
          [
            [
              [
                5.989957433054357,
                51.20048342189755
              ],
              [
                5.989993221916522,
                51.20041376706938
              ],
              [
                5.99004880366928,
                51.20042497965725
              ],
              [
                5.9900130148824475,
                51.20049463450237
              ],
              [
                5.989957433054357,
                51.20048342189755
              ]
            ]
          ],
          [
            [
              [
                5.989989444272598,
                51.20060417102993
              ],
              [
                5.9899911333130085,
                51.20060059755438
              ],
              [
                5.990046984949105,
                51.200611059142204
              ],
              [
                5.990045469688736,
                51.20061429707762
              ],
              [
                5.989989444272598,
                51.20060417102993
              ]
            ]
          ],
          [
            [
              [
                5.989992890478773,
                51.20059687964472
              ],
              [
                5.989994514644848,
                51.20059344351023
              ],
              [
                5.990050271856009,
                51.200604035370795
              ],
              [
                5.990048694311391,
                51.20060740637268
              ],
              [
                5.989992890478773,
                51.20059687964472
              ]
            ]
          ],
          [
            [
              [
                5.989996240458116,
                51.200589791968454
              ],
              [
                5.989997768391887,
                51.20058655917274
              ],
              [
                5.990053587714849,
                51.20059695028237
              ],
              [
                5.990051980593967,
                51.20060038419739
              ],
              [
                5.989996240458116,
                51.200589791968454
              ]
            ]
          ],
          [
            [
              [
                5.989999459314586,
                51.20058298164907
              ],
              [
                5.990001050066302,
                51.20057961589455
              ],
              [
                5.990056809255072,
                51.20059006633585
              ],
              [
                5.9900552321634315,
                51.20059343607603
              ],
              [
                5.989999459314586,
                51.20058298164907
              ]
            ]
          ],
          [
            [
              [
                5.990000379675968,
                51.20039983610244
              ],
              [
                5.990036168408264,
                51.20033018126118
              ],
              [
                5.990091750070621,
                51.200341393828715
              ],
              [
                5.990055961413659,
                51.200411048686924
              ],
              [
                5.990000379675968,
                51.20039983610244
              ]
            ]
          ],
          [
            [
              [
                5.990002840643839,
                51.200575827604695
              ],
              [
                5.990004337734041,
                51.20057265980357
              ],
              [
                5.990060188472373,
                51.200582845322856
              ],
              [
                5.990058520442113,
                51.20058640962965
              ],
              [
                5.990002840643839,
                51.200575827604695
              ]
            ]
          ],
          [
            [
              [
                5.990006063609089,
                51.200569008520446
              ],
              [
                5.990007730712899,
                51.20056548117258
              ],
              [
                5.990229771123375,
                51.20009568680254
              ],
              [
                5.990283129292343,
                51.200106450779835
              ],
              [
                5.99006344946331,
                51.20057587733148
              ],
              [
                5.9900618670082295,
                51.200579258658514
              ],
              [
                5.990006063609089,
                51.200569008520446
              ]
            ]
          ],
          [
            [
              [
                5.990043326141736,
                51.20031625029163
              ],
              [
                5.990079114744162,
                51.20024659543725
              ],
              [
                5.990134696316122,
                51.200257807984464
              ],
              [
                5.990098907789028,
                51.20032746285575
              ],
              [
                5.990043326141736,
                51.20031625029163
              ]
            ]
          ],
          [
            [
              [
                5.9901076537436975,
                51.20071181661175
              ],
              [
                5.990123871033067,
                51.20067752549733
              ],
              [
                5.990679830386499,
                51.200780807407135
              ],
              [
                5.990663686294132,
                51.200816049555854
              ],
              [
                5.9901076537436975,
                51.20071181661175
              ]
            ]
          ],
          [
            [
              [
                5.990164617464752,
                51.20000475803873
              ],
              [
                5.990226272066076,
                51.199985714198164
              ],
              [
                5.990256708728882,
                51.200024586667624
              ],
              [
                5.9902501713592855,
                51.200026810338684
              ],
              [
                5.990225302345043,
                51.199994493875096
              ],
              [
                5.9901919283836,
                51.20006136451684
              ],
              [
                5.990184448744537,
                51.20005986165427
              ],
              [
                5.99021846072861,
                51.199993219268855
              ],
              [
                5.990168500678863,
                51.200008776188014
              ],
              [
                5.990164617464752,
                51.20000475803873
              ]
            ]
          ],
          [
            [
              [
                5.990395499285905,
                51.20006945662703
              ],
              [
                5.990431509856672,
                51.19999984674387
              ],
              [
                5.990487055245883,
                51.200011128894694
              ],
              [
                5.990451044750231,
                51.200080738794895
              ],
              [
                5.990395499285905,
                51.20006945662703
              ]
            ]
          ],
          [
            [
              [
                5.9907952694189195,
                51.20084037748392
              ],
              [
                5.990813132532567,
                51.20080560667514
              ],
              [
                5.991858311598487,
                51.200997618170625
              ],
              [
                5.991879497152845,
                51.200956382170446
              ],
              [
                5.991888058548653,
                51.200959585022375
              ],
              [
                5.991905999977152,
                51.200968984872794
              ],
              [
                5.991921084741776,
                51.20098432746708
              ],
              [
                5.991921723871422,
                51.20100524327619
              ],
              [
                5.9917517093684225,
                51.201364051934455
              ],
              [
                5.991649574235926,
                51.20137333877425
              ],
              [
                5.991647388550227,
                51.20137338976844
              ],
              [
                5.991642948119481,
                51.201372863135816
              ],
              [
                5.991639658241764,
                51.201370477670395
              ],
              [
                5.99164080609145,
                51.20136480522071
              ],
              [
                5.991649153392333,
                51.20134779327166
              ],
              [
                5.991653016604835,
                51.201338363598936
              ],
              [
                5.991717581787947,
                51.20135138715484
              ],
              [
                5.9917177606967735,
                51.201351423242805
              ],
              [
                5.991863276378097,
                51.201055198846106
              ],
              [
                5.991792402238562,
                51.201042993614095
              ],
              [
                5.991800590232449,
                51.20102705640772
              ],
              [
                5.9907952694189195,
                51.20084037748392
              ]
            ]
          ],
          [
            [
              [
                5.992376830410057,
                51.20007903711053
              ],
              [
                5.99248797721977,
                51.19991038209001
              ],
              [
                5.992613747505859,
                51.199943129867044
              ],
              [
                5.992676766265773,
                51.19984595039771
              ],
              [
                5.992911833182057,
                51.1999079411759
              ],
              [
                5.992848843027741,
                51.200005080814044
              ],
              [
                5.99313809688391,
                51.2000790001102
              ],
              [
                5.99299877579237,
                51.20028708044472
              ],
              [
                5.992632542566562,
                51.20018957878952
              ],
              [
                5.992661064492302,
                51.200151190778236
              ],
              [
                5.992376830410057,
                51.20007903711053
              ]
            ]
          ],
          [
            [
              [
                5.992732937688218,
                51.20068876527762
              ],
              [
                5.9931216110820085,
                51.20055682862064
              ],
              [
                5.993576727364644,
                51.2010833801957
              ],
              [
                5.993188691169601,
                51.20121670631823
              ],
              [
                5.992732937688218,
                51.20068876527762
              ]
            ]
          ],
          [
            [
              [
                5.9930680389286115,
                51.20031478140784
              ],
              [
                5.993226545528912,
                51.20007496276975
              ],
              [
                5.99354358247943,
                51.200156105110516
              ],
              [
                5.993548129186861,
                51.20014725445472
              ],
              [
                5.993582194200581,
                51.200138971682684
              ],
              [
                5.993624101512319,
                51.20014742434428
              ],
              [
                5.993449309732573,
                51.200413178746736
              ],
              [
                5.9930680389286115,
                51.20031478140784
              ]
            ]
          ],
          [
            [
              [
                5.993400518593607,
                51.200524110554326
              ],
              [
                5.993679314810828,
                51.20010560106279
              ],
              [
                5.994515716775649,
                51.200321622186834
              ],
              [
                5.994346945504288,
                51.200577002667984
              ],
              [
                5.994126178930188,
                51.2005201762817
              ],
              [
                5.994073129595195,
                51.20060051370518
              ],
              [
                5.993811282470336,
                51.20053212068611
              ],
              [
                5.993757530533749,
                51.20061639185608
              ],
              [
                5.993400518593607,
                51.200524110554326
              ]
            ]
          ]
        ]
      }
    },
    {
      "type": "Feature",
      "properties": {
        "id": "f_5bcf35357eb6ef6703000006",
        "externalId": "MAP-I6S4VY4Y",
        "elevation": 1,
        "name": "Level 1",
        "shortName": "L1"
      },
      "geometry": {
        "type": "MultiPolygon",
        "coordinates": [
          [
            [
              [
                5.984697417979083,
                51.20101697386457
              ],
              [
                5.985059121065605,
                51.2008003098851
              ],
              [
                5.9851164798221665,
                51.20083956588818
              ],
              [
                5.9852921948305005,
                51.20073709743956
              ],
              [
                5.985366964016928,
                51.20078639968703
              ],
              [
                5.985416052574494,
                51.20075709451213
              ],
              [
                5.985556566064243,
                51.200848587530594
              ],
              [
                5.985650576958574,
                51.200797315991075
              ],
              [
                5.985470044113332,
                51.20067736199321
              ],
              [
                5.985471970950788,
                51.20062963045845
              ],
              [
                5.985971520377643,
                51.20033109452309
              ],
              [
                5.986105226719643,
                51.200421016738154
              ],
              [
                5.986119088330992,
                51.20043016978516
              ],
              [
                5.986308531971617,
                51.20005780559291
              ],
              [
                5.986309323702991,
                51.20005619472548
              ],
              [
                5.98630934892465,
                51.200056199816885
              ],
              [
                5.986311982234263,
                51.20005102387008
              ],
              [
                5.986331830204376,
                51.20005503050994
              ],
              [
                5.986502165336382,
                51.19972418326772
              ],
              [
                5.986514425854711,
                51.19971056895242
              ],
              [
                5.98651104114222,
                51.199709172253534
              ],
              [
                5.986567545796845,
                51.1996495544651
              ],
              [
                5.986766079009057,
                51.19942089853455
              ],
              [
                5.986771853009449,
                51.19941508962152
              ],
              [
                5.986777851994139,
                51.19941040858418
              ],
              [
                5.986782076761427,
                51.19940731750465
              ],
              [
                5.9867876284113395,
                51.199402160241235
              ],
              [
                5.986805694938513,
                51.19938929544897
              ],
              [
                5.98726782189554,
                51.1990277448054
              ],
              [
                5.98739253185478,
                51.19905245151206
              ],
              [
                5.987425400269934,
                51.19898851758908
              ],
              [
                5.987454956834447,
                51.19899402877171
              ],
              [
                5.987486152154007,
                51.198933102898046
              ],
              [
                5.987485804388257,
                51.1989330326979
              ],
              [
                5.987516948113373,
                51.19887245313609
              ],
              [
                5.987517181931951,
                51.198872500334666
              ],
              [
                5.987517895456904,
                51.198871106788076
              ],
              [
                5.987641710168321,
                51.19889564487413
              ],
              [
                5.987681901962662,
                51.19881796109118
              ],
              [
                5.987655642902487,
                51.19881283266619
              ],
              [
                5.9876466350768185,
                51.19880973508665
              ],
              [
                5.98764274311674,
                51.198808026910605
              ],
              [
                5.98763973226611,
                51.19880636128783
              ],
              [
                5.9876377390720315,
                51.198804778082376
              ],
              [
                5.987636110395596,
                51.198802714930046
              ],
              [
                5.987190414004642,
                51.19871354535701
              ],
              [
                5.987174526884162,
                51.19874444802258
              ],
              [
                5.987170574315663,
                51.19874850889799
              ],
              [
                5.9871588977919545,
                51.19875690259544
              ],
              [
                5.987139824708155,
                51.198763913896315
              ],
              [
                5.9871136945237335,
                51.198763842315
              ],
              [
                5.987089610639514,
                51.19875581935773
              ],
              [
                5.9870754037196185,
                51.19874469773669
              ],
              [
                5.987069483178464,
                51.19873334224268
              ],
              [
                5.987070234915363,
                51.19872462521822
              ],
              [
                5.987109657779316,
                51.19864794250791
              ],
              [
                5.987109047379187,
                51.19864783159001
              ],
              [
                5.98723195581162,
                51.19840875663505
              ],
              [
                5.987226418072402,
                51.19840685151694
              ],
              [
                5.9872215116176175,
                51.19840452030365
              ],
              [
                5.987216975171909,
                51.19840131663204
              ],
              [
                5.987214415056103,
                51.19839755246196
              ],
              [
                5.987214345464648,
                51.19839360220596
              ],
              [
                5.9872164555888965,
                51.19838961223373
              ],
              [
                5.987220404780786,
                51.198385710590635
              ],
              [
                5.987227078200408,
                51.19838292470444
              ],
              [
                5.9872355675344515,
                51.19838172315219
              ],
              [
                5.987245946426319,
                51.19838154266893
              ],
              [
                5.987250107963401,
                51.19838238273798
              ],
              [
                5.98727271519993,
                51.19833840799562
              ],
              [
                5.987269140549332,
                51.19833768639853
              ],
              [
                5.987272440518953,
                51.19833126737468
              ],
              [
                5.987269683967183,
                51.19833071092314
              ],
              [
                5.987267365086363,
                51.19833201411512
              ],
              [
                5.98726386742033,
                51.19833057001944
              ],
              [
                5.987261787725642,
                51.19832911694716
              ],
              [
                5.987259907117894,
                51.19832681841693
              ],
              [
                5.987259238231966,
                51.19832491209892
              ],
              [
                5.987259408668577,
                51.198322289564345
              ],
              [
                5.987260371165474,
                51.19832041735029
              ],
              [
                5.987262675720751,
                51.19831822562011
              ],
              [
                5.987264994601009,
                51.19831692242824
              ],
              [
                5.9872686627021015,
                51.1983157439893
              ],
              [
                5.987271704892733,
                51.198315324847314
              ],
              [
                5.987275890055107,
                51.198315431646904
              ],
              [
                5.987275842793501,
                51.198316898184004
              ],
              [
                5.987279380267209,
                51.19831776833841
              ],
              [
                5.987416980290645,
                51.19805011198576
              ],
              [
                5.9874242059790586,
                51.19804794617712
              ],
              [
                5.987425618974241,
                51.19804571781437
              ],
              [
                5.9874286109966555,
                51.1980421887842
              ],
              [
                5.987432525410428,
                51.198038698344796
              ],
              [
                5.987436873809279,
                51.198035738334674
              ],
              [
                5.987442007101639,
                51.198033084374515
              ],
              [
                5.98744764312796,
                51.19803082711382
              ],
              [
                5.987453568477594,
                51.1980289234724
              ],
              [
                5.987459645653126,
                51.1980276409096
              ],
              [
                5.987466225562985,
                51.198026755046115
              ],
              [
                5.987472743888429,
                51.19802644718109
              ],
              [
                5.987479269378411,
                51.19802658358487
              ],
              [
                5.98748594669517,
                51.19802734106718
              ],
              [
                5.9874846709954515,
                51.19802982255381
              ],
              [
                5.987491725489276,
                51.19802770805858
              ],
              [
                5.987476318968797,
                51.198056874897745
              ],
              [
                5.987769856679322,
                51.19811592014784
              ],
              [
                5.987768040586405,
                51.19811945284535
              ],
              [
                5.987861883629812,
                51.19813737513224
              ],
              [
                5.987869812535071,
                51.198121951613594
              ],
              [
                5.987985712841754,
                51.198145347224354
              ],
              [
                5.987941691502417,
                51.19823097899328
              ],
              [
                5.988004523600979,
                51.198243662211716
              ],
              [
                5.988073941186675,
                51.19810862831175
              ],
              [
                5.988187173915021,
                51.19813148523645
              ],
              [
                5.988161204781546,
                51.19818200178597
              ],
              [
                5.988654721296903,
                51.19828162048092
              ],
              [
                5.9886865619570395,
                51.19821968101633
              ],
              [
                5.98940405130448,
                51.198366657811874
              ],
              [
                5.989417225950831,
                51.19836982136757
              ],
              [
                5.989455407855725,
                51.198379631567
              ],
              [
                5.989516642467544,
                51.198396530301046
              ],
              [
                5.990149970579589,
                51.1985912638887
              ],
              [
                5.990251704589236,
                51.198620912169794
              ],
              [
                5.991052236949538,
                51.19883754173127
              ],
              [
                5.991082031752422,
                51.19884606442148
              ],
              [
                5.991105269035531,
                51.198853940143465
              ],
              [
                5.991123188332944,
                51.19886108696109
              ],
              [
                5.991149150085744,
                51.19887263685268
              ],
              [
                5.991163211549611,
                51.19888347010796
              ],
              [
                5.9911785086797975,
                51.198897627858656
              ],
              [
                5.991200210324708,
                51.198919031611034
              ],
              [
                5.991217126000085,
                51.198944094388835
              ],
              [
                5.991227696418571,
                51.19896775352435
              ],
              [
                5.991230297473763,
                51.19898495786993
              ],
              [
                5.9912144051035305,
                51.199079538842014
              ],
              [
                5.9911798842232775,
                51.19923770502115
              ],
              [
                5.991170886454872,
                51.199256393879445
              ],
              [
                5.991157093714839,
                51.19927345077274
              ],
              [
                5.991141571891236,
                51.19929028169949
              ],
              [
                5.991124739422555,
                51.19930645449206
              ],
              [
                5.991114042695513,
                51.199313287250405
              ],
              [
                5.991007794699828,
                51.19935672857734
              ],
              [
                5.990990898936081,
                51.19935331858078
              ],
              [
                5.990994049541346,
                51.199347189208346
              ],
              [
                5.99077129249553,
                51.199302230874295
              ],
              [
                5.990730985306804,
                51.1993806459783
              ],
              [
                5.9909472724198904,
                51.199424023721036
              ],
              [
                5.990947089113603,
                51.199424380333525
              ],
              [
                5.990952424622581,
                51.19942545718227
              ],
              [
                5.990962712810589,
                51.19940544199821
              ],
              [
                5.991088026208396,
                51.19943073337647
              ],
              [
                5.990843739118493,
                51.19990788941419
              ],
              [
                5.990842414873179,
                51.19991478101323
              ],
              [
                5.990840657796925,
                51.19993179463339
              ],
              [
                5.990841859359551,
                51.19995343992835
              ],
              [
                5.990850800146937,
                51.19997389188468
              ],
              [
                5.990860092361876,
                51.19999159796148
              ],
              [
                5.990867019327107,
                51.20000664949203
              ],
              [
                5.990867545113861,
                51.2000095601116
              ],
              [
                5.99086726783459,
                51.20001250546049
              ],
              [
                5.990865884418364,
                51.200016838923844
              ],
              [
                5.99086414262797,
                51.20002057113929
              ],
              [
                5.990861790740215,
                51.20002384811031
              ],
              [
                5.990858240580875,
                51.20002720305327
              ],
              [
                5.990853884355649,
                51.20003040761328
              ],
              [
                5.990847112271674,
                51.20003403482862
              ],
              [
                5.990832574378085,
                51.200039403538675
              ],
              [
                5.990816954640204,
                51.20004401268521
              ],
              [
                5.990801835409249,
                51.200047418996405
              ],
              [
                5.990786681598177,
                51.2000497850886
              ],
              [
                5.990762013743301,
                51.2000517562672
              ],
              [
                5.99074822838265,
                51.20005214755821
              ],
              [
                5.990737291788001,
                51.200051846852375
              ],
              [
                5.9907195967940945,
                51.20005018213096
              ],
              [
                5.990695594757909,
                51.20004619894647
              ],
              [
                5.990280701060951,
                51.19996830471926
              ],
              [
                5.989678673789792,
                51.19984679592569
              ],
              [
                5.989665993691701,
                51.19984354779809
              ],
              [
                5.989655916367518,
                51.19983974255679
              ],
              [
                5.989648435149994,
                51.19983569867029
              ],
              [
                5.98964159914777,
                51.19983062876213
              ],
              [
                5.989632617182153,
                51.199819651988804
              ],
              [
                5.989712028020683,
                51.199830528549406
              ],
              [
                5.989664548751406,
                51.1998209455891
              ],
              [
                5.9896896120191565,
                51.19977218949833
              ],
              [
                5.989967504130514,
                51.19982827774106
              ],
              [
                5.989942938261417,
                51.19987606679279
              ],
              [
                5.990076664300252,
                51.199903802106256
              ],
              [
                5.990091157814946,
                51.19987560708127
              ],
              [
                5.990017722971453,
                51.19986078559194
              ],
              [
                5.990019235340894,
                51.19985784350571
              ],
              [
                5.98998295367692,
                51.19985052067809
              ],
              [
                5.989993276749215,
                51.199830438704176
              ],
              [
                5.989978230542901,
                51.1998274018918
              ],
              [
                5.989999627248984,
                51.19978761086106
              ],
              [
                5.990095560138035,
                51.199806973240754
              ],
              [
                5.990107727777953,
                51.19978330281118
              ],
              [
                5.989518890038371,
                51.19966604146872
              ],
              [
                5.989432507399221,
                51.19965586343533
              ],
              [
                5.989353538322073,
                51.199648104222405
              ],
              [
                5.989279803550731,
                51.199643195252776
              ],
              [
                5.989274865849482,
                51.19964297551173
              ],
              [
                5.98919283081076,
                51.19964293723205
              ],
              [
                5.989099217006025,
                51.199646367552575
              ],
              [
                5.988991506251971,
                51.19965247537834
              ],
              [
                5.989004117913913,
                51.199671971117006
              ],
              [
                5.989055745592007,
                51.19966544162596
              ],
              [
                5.989206580958716,
                51.199666328287215
              ],
              [
                5.989205556928893,
                51.19972178154997
              ],
              [
                5.989208672472887,
                51.19972114343798
              ],
              [
                5.9892054183120935,
                51.1997716937733
              ],
              [
                5.98920860755258,
                51.19977744221641
              ],
              [
                5.989213448838226,
                51.199782306355196
              ],
              [
                5.989219131239004,
                51.199786565330456
              ],
              [
                5.989225794641366,
                51.19979009977032
              ],
              [
                5.989233225880663,
                51.19979324796616
              ],
              [
                5.989249921079653,
                51.19979777397829
              ],
              [
                5.98925920735577,
                51.199799070194956
              ],
              [
                5.9893557501798265,
                51.199796968909155
              ],
              [
                5.989484443264732,
                51.19980140589203
              ],
              [
                5.9895123907016,
                51.19980565677863
              ],
              [
                5.9895089975329325,
                51.199808858875926
              ],
              [
                5.989505211296045,
                51.199811870932535
              ],
              [
                5.989500117344886,
                51.19981513566532
              ],
              [
                5.989494974651562,
                51.19981757872524
              ],
              [
                5.989488375377507,
                51.19981983849689
              ],
              [
                5.989480750637812,
                51.1998215345753
              ],
              [
                5.989472618935263,
                51.199822574805275
              ],
              [
                5.989463645347087,
                51.19982307609447
              ],
              [
                5.989322314721565,
                51.1998198523132
              ],
              [
                5.989282919613925,
                51.199819502557816
              ],
              [
                5.989268346038767,
                51.19981974687105
              ],
              [
                5.989227028688851,
                51.19982111250429
              ],
              [
                5.989160404469795,
                51.199824393778876
              ],
              [
                5.9891184644591515,
                51.19982708516157
              ],
              [
                5.989079934984328,
                51.1998302066065
              ],
              [
                5.989048413246138,
                51.19983367234623
              ],
              [
                5.988938830097316,
                51.199848996719965
              ],
              [
                5.988883950755298,
                51.19985799422024
              ],
              [
                5.988843461404878,
                51.199866722682415
              ],
              [
                5.988801044367372,
                51.199879391840355
              ],
              [
                5.988740944566644,
                51.19989919331539
              ],
              [
                5.988674828669688,
                51.19992370932687
              ],
              [
                5.988614363972262,
                51.19995055913961
              ],
              [
                5.988561560131223,
                51.19997831561688
              ],
              [
                5.9885134881972055,
                51.20000526821729
              ],
              [
                5.988474457195718,
                51.2000285719298
              ],
              [
                5.988448817466835,
                51.20004537778307
              ],
              [
                5.9883402499723895,
                51.20012474680265
              ],
              [
                5.988319972378608,
                51.200141355718515
              ],
              [
                5.988311023408624,
                51.200150706028325
              ],
              [
                5.988296390315604,
                51.20016191035695
              ],
              [
                5.988276161083624,
                51.20017090266613
              ],
              [
                5.9882503766760795,
                51.20017363202548
              ],
              [
                5.988245696697743,
                51.200173265509925
              ],
              [
                5.988347398936151,
                51.2000829655323
              ],
              [
                5.988350006323896,
                51.20007976474814
              ],
              [
                5.988351972060908,
                51.20006902949436
              ],
              [
                5.988343694982719,
                51.20005924039944
              ],
              [
                5.988332979405302,
                51.200052132650136
              ],
              [
                5.988327681796911,
                51.200049378159854
              ],
              [
                5.9882668900315235,
                51.20002195313681
              ],
              [
                5.9882679054267385,
                51.20002116174461
              ],
              [
                5.988199736938446,
                51.19998956616141
              ],
              [
                5.988264546699054,
                51.19993280516385
              ],
              [
                5.988279801210399,
                51.199920201011345
              ],
              [
                5.988343221332935,
                51.19987912567737
              ],
              [
                5.988323022212572,
                51.199865454058546
              ],
              [
                5.988301008775815,
                51.19987921555217
              ],
              [
                5.988248637674427,
                51.199913652376424
              ],
              [
                5.988186412438036,
                51.19995847454312
              ],
              [
                5.988135000936175,
                51.200003230048466
              ],
              [
                5.988091815882123,
                51.200047133519966
              ],
              [
                5.9880504979273,
                51.20009680313916
              ],
              [
                5.988036979450613,
                51.20011617751901
              ],
              [
                5.988007246536826,
                51.20016397988045
              ],
              [
                5.987937812175126,
                51.20029231948715
              ],
              [
                5.987919430403471,
                51.20032792187537
              ],
              [
                5.987888998179286,
                51.20039307347322
              ],
              [
                5.987926987314851,
                51.200400741582214
              ],
              [
                5.987955009021044,
                51.20034623547338
              ],
              [
                5.988017719512181,
                51.20035889355522
              ],
              [
                5.988018504415057,
                51.20035736680418
              ],
              [
                5.988056297905809,
                51.200364995382145
              ],
              [
                5.988042685282673,
                51.200391473927034
              ],
              [
                5.988044623880853,
                51.20039186523077
              ],
              [
                5.988020682313049,
                51.20043837538085
              ],
              [
                5.988094394219688,
                51.20045325401425
              ],
              [
                5.98792441783561,
                51.20078601930819
              ],
              [
                5.9879195171893835,
                51.200791389537684
              ],
              [
                5.9879060453587005,
                51.20080426744827
              ],
              [
                5.987885779825594,
                51.200819820962714
              ],
              [
                5.987860586407938,
                51.20083319893104
              ],
              [
                5.987830125147007,
                51.20084384070529
              ],
              [
                5.987794819090419,
                51.200853061734584
              ],
              [
                5.98775749559627,
                51.20085883728429
              ],
              [
                5.987720946460867,
                51.20085913544312
              ],
              [
                5.987682048180337,
                51.200854838706185
              ],
              [
                5.987642257766021,
                51.20084945163081
              ],
              [
                5.9875987608473284,
                51.20084287355587
              ],
              [
                5.987565200420925,
                51.200862139779495
              ],
              [
                5.987628151980803,
                51.2009047248332
              ],
              [
                5.9868657670635335,
                51.20136428073183
              ],
              [
                5.986896828891378,
                51.20138500401476
              ],
              [
                5.986793757405798,
                51.20144569039525
              ],
              [
                5.986813571102507,
                51.201458165068075
              ],
              [
                5.986851953960159,
                51.20143631744894
              ],
              [
                5.986854556620027,
                51.20143537903033
              ],
              [
                5.986861341505222,
                51.20143398094543
              ],
              [
                5.9868706996698435,
                51.20143422165108
              ],
              [
                5.986881081852685,
                51.201438236252926
              ],
              [
                5.986965481676015,
                51.201494241255794
              ],
              [
                5.986970606632696,
                51.2015005773349
              ],
              [
                5.986979373414549,
                51.201516554209746
              ],
              [
                5.986981868687393,
                51.20153755079341
              ],
              [
                5.986968186019757,
                51.20155900889972
              ],
              [
                5.986951921006941,
                51.201571667403975
              ],
              [
                5.986942046403551,
                51.201578616759235
              ],
              [
                5.986936987409497,
                51.20158150719245
              ],
              [
                5.9869351342458295,
                51.20158201877181
              ],
              [
                5.9869531103890345,
                51.201595967583614
              ],
              [
                5.986850659459159,
                51.20165521717084
              ],
              [
                5.986800525847267,
                51.201615268334024
              ],
              [
                5.98617185102659,
                51.20198910219468
              ],
              [
                5.986053475904113,
                51.20191105469681
              ],
              [
                5.986050007328055,
                51.20191310214433
              ],
              [
                5.985915950213417,
                51.201826493380075
              ],
              [
                5.984746780345943,
                51.20105578434048
              ],
              [
                5.984751763065525,
                51.20105280485616
              ],
              [
                5.984697417979083,
                51.20101697386457
              ]
            ]
          ],
          [
            [
              [
                5.986235607570829,
                51.20200973377522
              ],
              [
                5.986699868191956,
                51.20173265610084
              ],
              [
                5.988444515697676,
                51.20288309050122
              ],
              [
                5.987978803762815,
                51.20316112473321
              ],
              [
                5.986235607570829,
                51.20200973377522
              ]
            ]
          ],
          [
            [
              [
                5.9869280742202475,
                51.19829640220669
              ],
              [
                5.986930516063231,
                51.198291728858514
              ],
              [
                5.987036714205911,
                51.19831330216456
              ],
              [
                5.9870120946035,
                51.198281922748635
              ],
              [
                5.98701851414577,
                51.19827951614824
              ],
              [
                5.987048675995354,
                51.198318213892605
              ],
              [
                5.9869865130675075,
                51.19833714260761
              ],
              [
                5.98698298450567,
                51.198333047622626
              ],
              [
                5.987034655870191,
                51.19831757320492
              ],
              [
                5.9869280742202475,
                51.19829640220669
              ]
            ]
          ],
          [
            [
              [
                5.988076074759445,
                51.202286245432454
              ],
              [
                5.98953034263287,
                51.20141740156294
              ],
              [
                5.98958182690767,
                51.20145121283083
              ],
              [
                5.9896304258515185,
                51.20142354184557
              ],
              [
                5.989716407694411,
                51.20143832465937
              ],
              [
                5.990128809349089,
                51.20170760313165
              ],
              [
                5.99004756695842,
                51.20175604240016
              ],
              [
                5.99070114763294,
                51.20218791980738
              ],
              [
                5.989246721288238,
                51.203057349383776
              ],
              [
                5.988076074759445,
                51.202286245432454
              ]
            ]
          ],
          [
            [
              [
                5.98809933928501,
                51.20061901872895
              ],
              [
                5.9881634492049045,
                51.20049431542359
              ],
              [
                5.988165408551843,
                51.20049126674476
              ],
              [
                5.988170733023449,
                51.200484346085624
              ],
              [
                5.988179057609935,
                51.200476554919526
              ],
              [
                5.988190142417225,
                51.20047141199747
              ],
              [
                5.988221470732085,
                51.20046469688993
              ],
              [
                5.988191220611786,
                51.20052353814716
              ],
              [
                5.988189120856239,
                51.20053258577791
              ],
              [
                5.98819115201708,
                51.20054123703821
              ],
              [
                5.98819696229709,
                51.20054979018221
              ],
              [
                5.98820602642927,
                51.20055850820351
              ],
              [
                5.988219487701435,
                51.20056516150433
              ],
              [
                5.988235374534472,
                51.200568245319886
              ],
              [
                5.988248860741983,
                51.200569122369906
              ],
              [
                5.98825453486563,
                51.20056916049298
              ],
              [
                5.9883089770452305,
                51.20056674177212
              ],
              [
                5.988564325029872,
                51.20056034657017
              ],
              [
                5.9891365973465405,
                51.200544238295805
              ],
              [
                5.989141858115878,
                51.20054431595136
              ],
              [
                5.989154730023096,
                51.200543715969204
              ],
              [
                5.989170830301216,
                51.2005417995051
              ],
              [
                5.989185421898734,
                51.200537856208804
              ],
              [
                5.989196557678179,
                51.200532231600725
              ],
              [
                5.989205610990747,
                51.20052569440503
              ],
              [
                5.9892120546808085,
                51.20051850748473
              ],
              [
                5.9892152954735165,
                51.20051067434653
              ],
              [
                5.989215760940316,
                51.200502896071335
              ],
              [
                5.989214486791522,
                51.200493536376634
              ],
              [
                5.989211256913152,
                51.20048378206544
              ],
              [
                5.989206081910423,
                51.20047437318739
              ],
              [
                5.9892058904406325,
                51.200474111844805
              ],
              [
                5.989200478517524,
                51.20046770696825
              ],
              [
                5.989202937338063,
                51.20047046543635
              ],
              [
                5.9888250687561415,
                51.2000321429816
              ],
              [
                5.988818249015954,
                51.20003433350471
              ],
              [
                5.988749488743587,
                51.200053912483384
              ],
              [
                5.988724930601801,
                51.20002607639569
              ],
              [
                5.988715469029915,
                51.20001469519587
              ],
              [
                5.988710533084526,
                51.20000176747521
              ],
              [
                5.988712343803738,
                51.19998946324945
              ],
              [
                5.988716863500398,
                51.19998028918093
              ],
              [
                5.988719287324815,
                51.19997671910534
              ],
              [
                5.988710703590269,
                51.199964777055136
              ],
              [
                5.988876631892731,
                51.19991007359553
              ],
              [
                5.988881665904587,
                51.19991441082696
              ],
              [
                5.988876108817913,
                51.199925220711
              ],
              [
                5.988896592240456,
                51.19996785589412
              ],
              [
                5.98888869463141,
                51.199969090948265
              ],
              [
                5.988880509627336,
                51.199970883144346
              ],
              [
                5.988870978054999,
                51.19997338734365
              ],
              [
                5.98886398107164,
                51.199975542337974
              ],
              [
                5.988861291256019,
                51.1999773364013
              ],
              [
                5.988856678172521,
                51.19998440064766
              ],
              [
                5.988856086583516,
                51.1999916615763
              ],
              [
                5.9888610023923405,
                51.199999665117026
              ],
              [
                5.9888668982874105,
                51.20000614440202
              ],
              [
                5.988869658522374,
                51.20000879263065
              ],
              [
                5.989269154789289,
                51.200475787143375
              ],
              [
                5.989282657408738,
                51.200492289072045
              ],
              [
                5.989307979443961,
                51.2005197869618
              ],
              [
                5.989324422332144,
                51.20053171610797
              ],
              [
                5.989968399777289,
                51.20064877636693
              ],
              [
                5.9899878930849235,
                51.20060755444767
              ],
              [
                5.9900438739662425,
                51.20061780970014
              ],
              [
                5.990024583431743,
                51.2006590088284
              ],
              [
                5.99000859132773,
                51.20069317467394
              ],
              [
                5.989748593121467,
                51.20124859038204
              ],
              [
                5.989689797305952,
                51.20123770782763
              ],
              [
                5.989882066310401,
                51.200831234779706
              ],
              [
                5.989952228656288,
                51.20068290620459
              ],
              [
                5.989355187275859,
                51.20057421215651
              ],
              [
                5.988223455463186,
                51.20060593931717
              ],
              [
                5.988216657694894,
                51.20060579727302
              ],
              [
                5.988200704612841,
                51.20060589824024
              ],
              [
                5.98818187297643,
                51.20060701737974
              ],
              [
                5.988166501326477,
                51.200610188092085
              ],
              [
                5.98815728492152,
                51.20061398618932
              ],
              [
                5.988151361370789,
                51.200616726608374
              ],
              [
                5.988147851769033,
                51.20061897035024
              ],
              [
                5.988139889366912,
                51.20062720364417
              ],
              [
                5.98809933928501,
                51.20061901872895
              ]
            ]
          ],
          [
            [
              [
                5.989989522484658,
                51.200604108654225
              ],
              [
                5.989991212338778,
                51.20060053532862
              ],
              [
                5.990047061609166,
                51.20061100190979
              ],
              [
                5.9900455456114985,
                51.2006142397107
              ],
              [
                5.989989522484658,
                51.200604108654225
              ]
            ]
          ],
          [
            [
              [
                5.98999297035114,
                51.20059681757497
              ],
              [
                5.989994595299648,
                51.20059338158466
              ],
              [
                5.99005035011543,
                51.20060397843019
              ],
              [
                5.990048771803213,
                51.200607349292035
              ],
              [
                5.98999297035114,
                51.20059681757497
              ]
            ]
          ],
          [
            [
              [
                5.9899963219444015,
                51.20058973019611
              ],
              [
                5.989997850614302,
                51.20058649753604
              ],
              [
                5.990053667587591,
                51.20059689363611
              ],
              [
                5.990052059684785,
                51.20060032740846
              ],
              [
                5.9899963219444015,
                51.20058973019611
              ]
            ]
          ],
          [
            [
              [
                5.989999542351633,
                51.20058292016248
              ],
              [
                5.9900011338697565,
                51.20057955454918
              ],
              [
                5.9900568906953335,
                51.20059000997557
              ],
              [
                5.9900553128363825,
                51.200593379575736
              ],
              [
                5.989999542351633,
                51.20058292016248
              ]
            ]
          ],
          [
            [
              [
                5.990002925309916,
                51.20057576641827
              ],
              [
                5.99000442312145,
                51.200572598750064
              ],
              [
                5.990060271556907,
                51.20058278926254
              ],
              [
                5.990058602715031,
                51.200586353421265
              ],
              [
                5.990002925309916,
                51.20057576641827
              ]
            ]
          ],
          [
            [
              [
                5.990006149827923,
                51.20056894762015
              ],
              [
                5.990007817734936,
                51.20056542042028
              ],
              [
                5.990229965120059,
                51.200095645762254
              ],
              [
                5.990283320853903,
                51.20010641451019
              ],
              [
                5.990063534134499,
                51.20057582156066
              ],
              [
                5.990061950909468,
                51.20057920274722
              ],
              [
                5.990006149827923,
                51.20056894762015
              ]
            ]
          ],
          [
            [
              [
                5.990087977484935,
                51.200708064317055
              ],
              [
                5.9901034725800875,
                51.20067367220408
              ],
              [
                5.9906798685870895,
                51.20078080676749
              ],
              [
                5.990663716469857,
                51.2008160474833
              ],
              [
                5.990087977484935,
                51.200708064317055
              ]
            ]
          ],
          [
            [
              [
                5.990164835205373,
                51.2000047121748
              ],
              [
                5.9902264890353,
                51.19998566653349
              ],
              [
                5.990256911815668,
                51.2000245506526
              ],
              [
                5.990250371034319,
                51.200026773069155
              ],
              [
                5.9902255262505175,
                51.19999445157036
              ],
              [
                5.990192135287267,
                51.20006131839314
              ],
              [
                5.990184641979445,
                51.200059818318756
              ],
              [
                5.990218680746159,
                51.19999318064628
              ],
              [
                5.990168717485184,
                51.20000873076633
              ],
              [
                5.990164835205373,
                51.2000047121748
              ]
            ]
          ],
          [
            [
              [
                5.990795293499734,
                51.200840388426656
              ],
              [
                5.990813166709549,
                51.20080561825158
              ],
              [
                5.9918583007796515,
                51.200997722890534
              ],
              [
                5.991879495724459,
                51.20095648877212
              ],
              [
                5.99188805639359,
                51.20095969239013
              ],
              [
                5.991905995687119,
                51.20096909384634
              ],
              [
                5.991921076964699,
                51.20098443779277
              ],
              [
                5.991921711334179,
                51.20100535366402
              ],
              [
                5.991751615124034,
                51.201364147229185
              ],
              [
                5.991649477851138,
                51.20137342494544
              ],
              [
                5.991647292151994,
                51.20137347574447
              ],
              [
                5.991642851841009,
                51.20137294871503
              ],
              [
                5.991639562505521,
                51.20137056295457
              ],
              [
                5.99164071164585,
                51.201364890606
              ],
              [
                5.991649062820306,
                51.201347879397865
              ],
              [
                5.991652928179824,
                51.20133845006798
              ],
              [
                5.991717669318382,
                51.201351515500676
              ],
              [
                5.991863252455123,
                51.2010553040251
              ],
              [
                5.991792381074264,
                51.201043092457304
              ],
              [
                5.991800572697339,
                51.20102715597843
              ],
              [
                5.990795293499734,
                51.200840388426656
              ]
            ]
          ],
          [
            [
              [
                5.9923843648517865,
                51.200077260667186
              ],
              [
                5.992491250803921,
                51.19991513753741
              ],
              [
                5.99261704237589,
                51.19994790354821
              ],
              [
                5.992680073795271,
                51.19985074468289
              ],
              [
                5.992904793608233,
                51.19991003086692
              ],
              [
                5.992841756853687,
                51.200007200997355
              ],
              [
                5.993130935085625,
                51.20008113049879
              ],
              [
                5.992995937948062,
                51.200282673959705
              ],
              [
                5.992640245255288,
                51.20018794110058
              ],
              [
                5.992668817619715,
                51.20014949970549
              ],
              [
                5.9923843648517865,
                51.200077260667186
              ]
            ]
          ],
          [
            [
              [
                5.992740592732404,
                51.20069036560764
              ],
              [
                5.993119441211489,
                51.20056180812063
              ],
              [
                5.993569112733242,
                51.2010822375596
              ],
              [
                5.993190880077243,
                51.20121215141297
              ],
              [
                5.992740592732404,
                51.20069036560764
              ]
            ]
          ],
          [
            [
              [
                5.993075513231076,
                51.200313086922634
              ],
              [
                5.993229788918845,
                51.200079762915514
              ],
              [
                5.993547244452781,
                51.20016104579256
              ],
              [
                5.993552829111037,
                51.200150179965114
              ],
              [
                5.993582552363194,
                51.200142955224884
              ],
              [
                5.99361678949422,
                51.20014986419594
              ],
              [
                5.9934463871077694,
                51.200408839766475
              ],
              [
                5.993075513231076,
                51.200313086922634
              ]
            ]
          ],
          [
            [
              [
                5.993407957680811,
                51.20052245199775
              ],
              [
                5.9936825308291555,
                51.200110448416716
              ],
              [
                5.994508533318265,
                51.20032387069164
              ],
              [
                5.994343992332209,
                51.200572750096555
              ],
              [
                5.9941232366395445,
                51.20051590355634
              ],
              [
                5.994070179693919,
                51.20059621919763
              ],
              [
                5.993808285688207,
                51.20052778646386
              ],
              [
                5.993754506716839,
                51.20061206467502
              ],
              [
                5.993407957680811,
                51.20052245199775
              ]
            ]
          ]
        ]
      }
    }
  ]
}
