{
  "type": "FeatureCollection",
  "features": [
    {
      "type": "Feature",
      "geometry": {
        "type": "Point",
        "coordinates": [
          5.986445060082503,
          51.20175758097419
        ]
      },
      "properties": {
        "id": "n_59fc7a109adddd60fc000005",
        "map": "f_59fa1587a10b6d1f6b000000",
        "externalId": "NODE-F10A4TUI",
        "neighbors": [
          {
            "id": "n_59fc7a1c9adddd60fc000008",
            "weight": 0
          },
          {
            "id": "n_605df8a82d417e37e7000000",
            "weight": 0
          },
          {
            "id": "n_68825e414b225636e86b8452",
            "weight": 0
          },
          {
            "id": "n_68f895355100f5aacbbd0437",
            "weight": 0
          }
        ],
        "space": [],
        "flags": [
          1
        ]
      }
    },
    {
      "type": "Feature",
      "geometry": {
        "type": "Point",
        "coordinates": [
          5.986341022129499,
          51.201687466805694
        ]
      },
      "properties": {
        "id": "n_59fc7a1c9adddd60fc000008",
        "map": "f_59fa1587a10b6d1f6b000000",
        "externalId": "NODE-12OSD4O8",
        "neighbors": [
          {
            "id": "n_59fc7a109adddd60fc000005",
            "weight": 0
          },
          {
            "id": "n_59fcb84b1f3be7749e000015",
            "weight": 0
          },
          {
            "id": "n_59fcb86d1f3be7749e000016",
            "weight": 0
          }
        ],
        "space": [],
        "flags": [
          1
        ]
      }
    },
    {
      "type": "Feature",
      "geometry": {
        "type": "Point",
        "coordinates": [
          5.985959574830499,
          51.20143830378548
        ]
      },
      "properties": {
        "id": "n_59fc7a489adddd60fc000016",
        "map": "f_59fa1587a10b6d1f6b000000",
        "externalId": "NODE-T8MUKSZ5",
        "neighbors": [
          {
            "id": "n_59fcb93c1f3be7749e000028",
            "weight": 0
          },
          {
            "id": "n_59fcb8441f3be7749e000011",
            "weight": 0
          },
          {
            "id": "n_59fcb83e1f3be7749e00000e",
            "weight": 0
          }
        ],
        "space": [],
        "flags": [
          1
        ]
      }
    },
    {
      "type": "Feature",
      "geometry": {
        "type": "Point",
        "coordinates": [
          5.986575865445763,
          51.20107733043217
        ]
      },
      "properties": {
        "id": "n_59fc7a4a9adddd60fc000017",
        "map": "f_59fa1587a10b6d1f6b000000",
        "externalId": "NODE-JEQL55ZD",
        "neighbors": [
          {
            "id": "n_59fc7a529adddd60fc000018",
            "weight": 0
          },
          {
            "id": "n_59fcbc7f1f3be7749e000081",
            "weight": 0
          },
          {
            "id": "n_59fcbc991f3be7749e000085",
            "weight": 0
          }
        ],
        "space": [],
        "flags": [
          1
        ]
      }
    },
    {
      "type": "Feature",
      "geometry": {
        "type": "Point",
        "coordinates": [
          5.986707896269019,
          51.20104554349537
        ]
      },
      "properties": {
        "id": "n_59fc7a529adddd60fc000018",
        "map": "f_59fa1587a10b6d1f6b000000",
        "externalId": "NODE-M8PQEYHV",
        "neighbors": [
          {
            "id": "n_59fc7a4a9adddd60fc000017",
            "weight": 0
          },
          {
            "id": "n_59fcbc991f3be7749e000085",
            "weight": 0
          },
          {
            "id": "n_59fcbca31f3be7749e000086",
            "weight": 0
          },
          {
            "id": "n_59fcbcac1f3be7749e000087",
            "weight": 0
          },
          {
            "id": "n_59fcbcb21f3be7749e000089",
            "weight": 0
          }
        ],
        "space": [],
        "flags": [
          1
        ]
      }
    },
    {
      "type": "Feature",
      "geometry": {
        "type": "Point",
        "coordinates": [
          5.987044005121563,
          51.200852748029455
        ]
      },
      "properties": {
        "id": "n_59fc7a549adddd60fc000019",
        "map": "f_59fa1587a10b6d1f6b000000",
        "externalId": "NODE-WKJ6QETY",
        "neighbors": [
          {
            "id": "n_59fcbd4f1f3be7749e000092",
            "weight": 0
          },
          {
            "id": "n_59fcbd5b1f3be7749e000095",
            "weight": 0
          }
        ],
        "space": [],
        "flags": [
          1
        ]
      }
    },
    {
      "type": "Feature",
      "geometry": {
        "type": "Point",
        "coordinates": [
          5.987364100456599,
          51.200719759230914
        ]
      },
      "properties": {
        "id": "n_59fc7a5a9adddd60fc00001a",
        "map": "f_59fa1587a10b6d1f6b000000",
        "externalId": "NODE-FNI8JIYL",
        "neighbors": [
          {
            "id": "n_59fc7a5f9adddd60fc000023",
            "weight": 0
          },
          {
            "id": "n_59fcbd831f3be7749e00009b",
            "weight": 0
          },
          {
            "id": "n_59fcbd8a1f3be7749e00009d",
            "weight": 0
          }
        ],
        "space": [],
        "flags": [
          1
        ]
      }
    },
    {
      "type": "Feature",
      "geometry": {
        "type": "Point",
        "coordinates": [
          5.9871006146972165,
          51.20084287674162
        ]
      },
      "properties": {
        "id": "n_59fc7a5f9adddd60fc00001b",
        "map": "f_59fa1587a10b6d1f6b000000",
        "externalId": "NODE-2XS7REPR",
        "neighbors": [
          {
            "id": "n_59fc7a5f9adddd60fc00001c",
            "weight": 0
          },
          {
            "id": "n_59fcbd5b1f3be7749e000095",
            "weight": 0
          }
        ],
        "space": [],
        "flags": [
          1
        ]
      }
    },
    {
      "type": "Feature",
      "geometry": {
        "type": "Point",
        "coordinates": [
          5.987154933288223,
          51.2008369823106
        ]
      },
      "properties": {
        "id": "n_59fc7a5f9adddd60fc00001c",
        "map": "f_59fa1587a10b6d1f6b000000",
        "externalId": "NODE-0OQ2FHI8",
        "neighbors": [
          {
            "id": "n_59fc7a5f9adddd60fc00001b",
            "weight": 0
          },
          {
            "id": "n_59fc7a5f9adddd60fc00001d",
            "weight": 0
          },
          {
            "id": "n_59fcbd631f3be7749e000096",
            "weight": 0
          }
        ],
        "space": [],
        "flags": [
          1
        ]
      }
    },
    {
      "type": "Feature",
      "geometry": {
        "type": "Point",
        "coordinates": [
          5.987200780522694,
          51.20082884734545
        ]
      },
      "properties": {
        "id": "n_59fc7a5f9adddd60fc00001d",
        "map": "f_59fa1587a10b6d1f6b000000",
        "externalId": "NODE-MLDLFD1Z",
        "neighbors": [
          {
            "id": "n_59fc7a5f9adddd60fc00001c",
            "weight": 0
          },
          {
            "id": "n_59fc7a5f9adddd60fc00001e",
            "weight": 0
          }
        ],
        "space": [],
        "flags": [
          1
        ]
      }
    },
    {
      "type": "Feature",
      "geometry": {
        "type": "Point",
        "coordinates": [
          5.987238951353306,
          51.2008187355636
        ]
      },
      "properties": {
        "id": "n_59fc7a5f9adddd60fc00001e",
        "map": "f_59fa1587a10b6d1f6b000000",
        "externalId": "NODE-GQK76F10",
        "neighbors": [
          {
            "id": "n_59fc7a5f9adddd60fc00001d",
            "weight": 0
          },
          {
            "id": "n_59fc7a5f9adddd60fc00001f",
            "weight": 0
          },
          {
            "id": "n_59fcbd771f3be7749e000098",
            "weight": 0
          }
        ],
        "space": [],
        "flags": [
          1
        ]
      }
    },
    {
      "type": "Feature",
      "geometry": {
        "type": "Point",
        "coordinates": [
          5.987270240735056,
          51.20080691067982
        ]
      },
      "properties": {
        "id": "n_59fc7a5f9adddd60fc00001f",
        "map": "f_59fa1587a10b6d1f6b000000",
        "externalId": "NODE-K7JXV3XY",
        "neighbors": [
          {
            "id": "n_59fc7a5f9adddd60fc00001e",
            "weight": 0
          },
          {
            "id": "n_59fc7a5f9adddd60fc000020",
            "weight": 0
          }
        ],
        "space": [],
        "flags": [
          1
        ]
      }
    },
    {
      "type": "Feature",
      "geometry": {
        "type": "Point",
        "coordinates": [
          5.9872924535384255,
          51.20079663214305
        ]
      },
      "properties": {
        "id": "n_59fc7a5f9adddd60fc000020",
        "map": "f_59fa1587a10b6d1f6b000000",
        "externalId": "NODE-LSHSUQYC",
        "neighbors": [
          {
            "id": "n_59fc7a5f9adddd60fc00001f",
            "weight": 0
          },
          {
            "id": "n_59fc7a5f9adddd60fc000021",
            "weight": 0
          }
        ],
        "space": [],
        "flags": [
          1
        ]
      }
    },
    {
      "type": "Feature",
      "geometry": {
        "type": "Point",
        "coordinates": [
          5.987314541774765,
          51.200783253453054
        ]
      },
      "properties": {
        "id": "n_59fc7a5f9adddd60fc000021",
        "map": "f_59fa1587a10b6d1f6b000000",
        "externalId": "NODE-10YW7APS",
        "neighbors": [
          {
            "id": "n_59fc7a5f9adddd60fc000020",
            "weight": 0
          },
          {
            "id": "n_59fc7a5f9adddd60fc000022",
            "weight": 0
          },
          {
            "id": "n_59fcbd7b1f3be7749e000099",
            "weight": 0
          }
        ],
        "space": [],
        "flags": [
          1
        ]
      }
    },
    {
      "type": "Feature",
      "geometry": {
        "type": "Point",
        "coordinates": [
          5.987336139636284,
          51.200764713115106
        ]
      },
      "properties": {
        "id": "n_59fc7a5f9adddd60fc000022",
        "map": "f_59fa1587a10b6d1f6b000000",
        "externalId": "NODE-987N4BPK",
        "neighbors": [
          {
            "id": "n_59fc7a5f9adddd60fc000021",
            "weight": 0
          },
          {
            "id": "n_59fc7a5f9adddd60fc000023",
            "weight": 0
          }
        ],
        "space": [],
        "flags": [
          1
        ]
      }
    },
    {
      "type": "Feature",
      "geometry": {
        "type": "Point",
        "coordinates": [
          5.987347852793454,
          51.20074867293395
        ]
      },
      "properties": {
        "id": "n_59fc7a5f9adddd60fc000023",
        "map": "f_59fa1587a10b6d1f6b000000",
        "externalId": "NODE-AY8JALXW",
        "neighbors": [
          {
            "id": "n_59fc7a5f9adddd60fc000022",
            "weight": 0
          },
          {
            "id": "n_59fc7a5a9adddd60fc00001a",
            "weight": 0
          }
        ],
        "space": [],
        "flags": [
          1
        ]
      }
    },
    {
      "type": "Feature",
      "geometry": {
        "type": "Point",
        "coordinates": [
          5.987495501103996,
          51.20045760272083
        ]
      },
      "properties": {
        "id": "n_59fc7a6f9adddd60fc000024",
        "map": "f_59fa1587a10b6d1f6b000000",
        "externalId": "NODE-IKKT549D",
        "neighbors": [
          {
            "id": "n_59fcbd9d1f3be7749e0000a6",
            "weight": 0
          },
          {
            "id": "n_59fcbd9a1f3be7749e0000a4",
            "weight": 0
          },
          {
            "id": "n_59fcbd961f3be7749e0000a2",
            "weight": 0
          },
          {
            "id": "n_59fcbde71f3be7749e0000ab",
            "weight": 0
          }
        ],
        "space": [],
        "flags": [
          1
        ]
      }
    },
    {
      "type": "Feature",
      "geometry": {
        "type": "Point",
        "coordinates": [
          5.986608089813579,
          51.20028048085737
        ]
      },
      "properties": {
        "id": "n_59fc7a729adddd60fc000025",
        "map": "f_59fa1587a10b6d1f6b000000",
        "externalId": "NODE-91TECGBX",
        "neighbors": [
          {
            "id": "n_59fc7cb99adddd60fc0000a3",
            "weight": 0
          },
          {
            "id": "n_59fcba3c1f3be7749e00004a",
            "weight": 0
          },
          {
            "id": "n_5b7ada1520a5b4691f000002",
            "weight": 0
          },
          {
            "id": "n_68825e544b225636e86b8455",
            "weight": 0
          }
        ],
        "space": [],
        "flags": [
          1
        ]
      }
    },
    {
      "type": "Feature",
      "geometry": {
        "type": "Point",
        "coordinates": [
          5.9866904153201315,
          51.200120277086185
        ]
      },
      "properties": {
        "id": "n_59fc7a799adddd60fc000026",
        "map": "f_59fa1587a10b6d1f6b000000",
        "externalId": "NODE-OGKQVTS3",
        "neighbors": [
          {
            "id": "n_59fcba571f3be7749e000050",
            "weight": 0
          },
          {
            "id": "n_5e27780e05412d2094000000",
            "weight": 0
          },
          {
            "id": "n_68825e604b225636e86b8457",
            "weight": 0
          }
        ],
        "space": [],
        "flags": [
          1
        ]
      }
    },
    {
      "type": "Feature",
      "geometry": {
        "type": "Point",
        "coordinates": [
          5.986841642204323,
          51.19982598957338
        ]
      },
      "properties": {
        "id": "n_59fc7a7f9adddd60fc000027",
        "map": "f_59fa1587a10b6d1f6b000000",
        "externalId": "NODE-0IB2S28U",
        "neighbors": [
          {
            "id": "n_59fc7a909adddd60fc00002a",
            "weight": 0
          },
          {
            "id": "n_59fcba791f3be7749e00005d",
            "weight": 0
          }
        ],
        "space": [],
        "flags": [
          1
        ]
      }
    },
    {
      "type": "Feature",
      "geometry": {
        "type": "Point",
        "coordinates": [
          5.987054383334011,
          51.199567176254156
        ]
      },
      "properties": {
        "id": "n_59fc7a839adddd60fc000028",
        "map": "f_59fa1587a10b6d1f6b000000",
        "externalId": "NODE-3O0FVD4L",
        "neighbors": [
          {
            "id": "n_59fc7a909adddd60fc000032",
            "weight": 0
          },
          {
            "id": "n_59fcbaa21f3be7749e000065",
            "weight": 0
          }
        ],
        "space": [],
        "flags": [
          1
        ]
      }
    },
    {
      "type": "Feature",
      "geometry": {
        "type": "Point",
        "coordinates": [
          5.9874601623947745,
          51.19925882698826
        ]
      },
      "properties": {
        "id": "n_59fc7a869adddd60fc000029",
        "map": "f_59fa1587a10b6d1f6b000000",
        "externalId": "NODE-SMDRQFIE",
        "neighbors": [
          {
            "id": "n_59fcbacb1f3be7749e000074",
            "weight": 0
          },
          {
            "id": "n_59fcbad01f3be7749e000076",
            "weight": 0
          },
          {
            "id": "n_63b59c965e3b8b8100877768",
            "weight": 0
          }
        ],
        "space": [],
        "flags": [
          1
        ]
      }
    },
    {
      "type": "Feature",
      "geometry": {
        "type": "Point",
        "coordinates": [
          5.986864107413253,
          51.19978824064618
        ]
      },
      "properties": {
        "id": "n_59fc7a909adddd60fc00002a",
        "map": "f_59fa1587a10b6d1f6b000000",
        "externalId": "NODE-KWA3OMXZ",
        "neighbors": [
          {
            "id": "n_59fc7a7f9adddd60fc000027",
            "weight": 0
          },
          {
            "id": "n_59fc7a909adddd60fc00002b",
            "weight": 0
          },
          {
            "id": "n_59fcba821f3be7749e00005e",
            "weight": 0
          },
          {
            "id": "n_59fcba851f3be7749e00005f",
            "weight": 0
          }
        ],
        "space": [],
        "flags": [
          1
        ]
      }
    },
    {
      "type": "Feature",
      "geometry": {
        "type": "Point",
        "coordinates": [
          5.986881203635632,
          51.19976093979747
        ]
      },
      "properties": {
        "id": "n_59fc7a909adddd60fc00002b",
        "map": "f_59fa1587a10b6d1f6b000000",
        "externalId": "NODE-EYSL3UCX",
        "neighbors": [
          {
            "id": "n_59fc7a909adddd60fc00002a",
            "weight": 0
          },
          {
            "id": "n_59fc7a909adddd60fc00002c",
            "weight": 0
          }
        ],
        "space": [],
        "flags": [
          1
        ]
      }
    },
    {
      "type": "Feature",
      "geometry": {
        "type": "Point",
        "coordinates": [
          5.986899889339599,
          51.19973361241845
        ]
      },
      "properties": {
        "id": "n_59fc7a909adddd60fc00002c",
        "map": "f_59fa1587a10b6d1f6b000000",
        "externalId": "NODE-60XM3MTZ",
        "neighbors": [
          {
            "id": "n_59fc7a909adddd60fc00002b",
            "weight": 0
          },
          {
            "id": "n_59fc7a909adddd60fc00002d",
            "weight": 0
          }
        ],
        "space": [],
        "flags": [
          1
        ]
      }
    },
    {
      "type": "Feature",
      "geometry": {
        "type": "Point",
        "coordinates": [
          5.9869203464066825,
          51.1997077557196
        ]
      },
      "properties": {
        "id": "n_59fc7a909adddd60fc00002d",
        "map": "f_59fa1587a10b6d1f6b000000",
        "externalId": "NODE-4H0ZPBKS",
        "neighbors": [
          {
            "id": "n_59fc7a909adddd60fc00002c",
            "weight": 0
          },
          {
            "id": "n_59fc7a909adddd60fc00002e",
            "weight": 0
          },
          {
            "id": "n_59fcba8d1f3be7749e000060",
            "weight": 0
          },
          {
            "id": "n_59fcba921f3be7749e000061",
            "weight": 0
          }
        ],
        "space": [],
        "flags": [
          1
        ]
      }
    },
    {
      "type": "Feature",
      "geometry": {
        "type": "Point",
        "coordinates": [
          5.986940944390039,
          51.19968324098085
        ]
      },
      "properties": {
        "id": "n_59fc7a909adddd60fc00002e",
        "map": "f_59fa1587a10b6d1f6b000000",
        "externalId": "NODE-GLGM3R1H",
        "neighbors": [
          {
            "id": "n_59fc7a909adddd60fc00002d",
            "weight": 0
          },
          {
            "id": "n_59fc7a909adddd60fc00002f",
            "weight": 0
          }
        ],
        "space": [],
        "flags": [
          1
        ]
      }
    },
    {
      "type": "Feature",
      "geometry": {
        "type": "Point",
        "coordinates": [
          5.986961921092453,
          51.19965967915937
        ]
      },
      "properties": {
        "id": "n_59fc7a909adddd60fc00002f",
        "map": "f_59fa1587a10b6d1f6b000000",
        "externalId": "NODE-KJMAAX3C",
        "neighbors": [
          {
            "id": "n_59fc7a909adddd60fc00002e",
            "weight": 0
          },
          {
            "id": "n_59fc7a909adddd60fc000030",
            "weight": 0
          },
          {
            "id": "n_6303b0ab924f0f575068a473",
            "weight": 0
          }
        ],
        "space": [],
        "flags": [
          1
        ]
      }
    },
    {
      "type": "Feature",
      "geometry": {
        "type": "Point",
        "coordinates": [
          5.98698351525605,
          51.199636680909904
        ]
      },
      "properties": {
        "id": "n_59fc7a909adddd60fc000030",
        "map": "f_59fa1587a10b6d1f6b000000",
        "externalId": "NODE-5OPLB1OW",
        "neighbors": [
          {
            "id": "n_59fc7a909adddd60fc00002f",
            "weight": 0
          },
          {
            "id": "n_59fc7a909adddd60fc000031",
            "weight": 0
          }
        ],
        "space": [],
        "flags": [
          1
        ]
      }
    },
    {
      "type": "Feature",
      "geometry": {
        "type": "Point",
        "coordinates": [
          5.9870059646812965,
          51.1996138571893
        ]
      },
      "properties": {
        "id": "n_59fc7a909adddd60fc000031",
        "map": "f_59fa1587a10b6d1f6b000000",
        "externalId": "NODE-GNUUARDJ",
        "neighbors": [
          {
            "id": "n_59fc7a909adddd60fc000030",
            "weight": 0
          },
          {
            "id": "n_59fc7a909adddd60fc000032",
            "weight": 0
          },
          {
            "id": "n_59fcba951f3be7749e000062",
            "weight": 0
          },
          {
            "id": "n_59fcba991f3be7749e000063",
            "weight": 0
          }
        ],
        "space": [],
        "flags": [
          1
        ]
      }
    },
    {
      "type": "Feature",
      "geometry": {
        "type": "Point",
        "coordinates": [
          5.987029507930101,
          51.19959081861604
        ]
      },
      "properties": {
        "id": "n_59fc7a909adddd60fc000032",
        "map": "f_59fa1587a10b6d1f6b000000",
        "externalId": "NODE-BU6HKCPR",
        "neighbors": [
          {
            "id": "n_59fc7a909adddd60fc000031",
            "weight": 0
          },
          {
            "id": "n_59fc7a839adddd60fc000028",
            "weight": 0
          }
        ],
        "space": [],
        "flags": [
          1
        ]
      }
    },
    {
      "type": "Feature",
      "geometry": {
        "type": "Point",
        "coordinates": [
          5.987734156343456,
          51.199073949253375
        ]
      },
      "properties": {
        "id": "n_59fc7a9d9adddd60fc000033",
        "map": "f_59fa1587a10b6d1f6b000000",
        "externalId": "NODE-18X49EVS",
        "neighbors": [
          {
            "id": "n_59fc7aae9adddd60fc000045",
            "weight": 0
          },
          {
            "id": "n_5a032c574b3a915cdf00000d",
            "weight": 0
          }
        ],
        "space": [],
        "flags": [
          1
        ]
      }
    },
    {
      "type": "Feature",
      "geometry": {
        "type": "Point",
        "coordinates": [
          5.987534224139481,
          51.199212346259436
        ]
      },
      "properties": {
        "id": "n_59fc7aae9adddd60fc00003d",
        "map": "f_59fa1587a10b6d1f6b000000",
        "externalId": "NODE-WLFC6LXR",
        "neighbors": [
          {
            "id": "n_59fc7aae9adddd60fc00003e",
            "weight": 0
          },
          {
            "id": "n_59fcbad01f3be7749e000076",
            "weight": 0
          }
        ],
        "space": [],
        "flags": [
          1
        ]
      }
    },
    {
      "type": "Feature",
      "geometry": {
        "type": "Point",
        "coordinates": [
          5.987590036277168,
          51.199181325448095
        ]
      },
      "properties": {
        "id": "n_59fc7aae9adddd60fc00003e",
        "map": "f_59fa1587a10b6d1f6b000000",
        "externalId": "NODE-JFT0WKGW",
        "neighbors": [
          {
            "id": "n_59fc7aae9adddd60fc00003d",
            "weight": 0
          },
          {
            "id": "n_59fc7aae9adddd60fc00003f",
            "weight": 0
          },
          {
            "id": "n_59fcbad41f3be7749e000077",
            "weight": 0
          }
        ],
        "space": [],
        "flags": [
          1
        ]
      }
    },
    {
      "type": "Feature",
      "geometry": {
        "type": "Point",
        "coordinates": [
          5.9876108658861416,
          51.199169825643004
        ]
      },
      "properties": {
        "id": "n_59fc7aae9adddd60fc00003f",
        "map": "f_59fa1587a10b6d1f6b000000",
        "externalId": "NODE-KK80XHJF",
        "neighbors": [
          {
            "id": "n_59fc7aae9adddd60fc00003e",
            "weight": 0
          },
          {
            "id": "n_59fc7aae9adddd60fc000040",
            "weight": 0
          },
          {
            "id": "n_59fccb3b1f3be77336000126",
            "weight": 0
          }
        ],
        "space": [],
        "flags": [
          1
        ]
      }
    },
    {
      "type": "Feature",
      "geometry": {
        "type": "Point",
        "coordinates": [
          5.987632119953589,
          51.19915925242984
        ]
      },
      "properties": {
        "id": "n_59fc7aae9adddd60fc000040",
        "map": "f_59fa1587a10b6d1f6b000000",
        "externalId": "NODE-EZC8JA2L",
        "neighbors": [
          {
            "id": "n_59fc7aae9adddd60fc00003f",
            "weight": 0
          },
          {
            "id": "n_59fc7aae9adddd60fc000041",
            "weight": 0
          }
        ],
        "space": [],
        "flags": [
          1
        ]
      }
    },
    {
      "type": "Feature",
      "geometry": {
        "type": "Point",
        "coordinates": [
          5.987651832852538,
          51.1991481487137
        ]
      },
      "properties": {
        "id": "n_59fc7aae9adddd60fc000041",
        "map": "f_59fa1587a10b6d1f6b000000",
        "externalId": "NODE-UIU26ST6",
        "neighbors": [
          {
            "id": "n_59fc7aae9adddd60fc000040",
            "weight": 0
          },
          {
            "id": "n_59fc7aae9adddd60fc000042",
            "weight": 0
          }
        ],
        "space": [],
        "flags": [
          1
        ]
      }
    },
    {
      "type": "Feature",
      "geometry": {
        "type": "Point",
        "coordinates": [
          5.987670019287735,
          51.19913639114047
        ]
      },
      "properties": {
        "id": "n_59fc7aae9adddd60fc000042",
        "map": "f_59fa1587a10b6d1f6b000000",
        "externalId": "NODE-RPH72G8Z",
        "neighbors": [
          {
            "id": "n_59fc7aae9adddd60fc000041",
            "weight": 0
          },
          {
            "id": "n_59fc7aae9adddd60fc000043",
            "weight": 0
          }
        ],
        "space": [],
        "flags": [
          1
        ]
      }
    },
    {
      "type": "Feature",
      "geometry": {
        "type": "Point",
        "coordinates": [
          5.9876866941989615,
          51.19912385628049
        ]
      },
      "properties": {
        "id": "n_59fc7aae9adddd60fc000043",
        "map": "f_59fa1587a10b6d1f6b000000",
        "externalId": "NODE-2U98M4KO",
        "neighbors": [
          {
            "id": "n_59fc7aae9adddd60fc000042",
            "weight": 0
          },
          {
            "id": "n_59fc7aae9adddd60fc000044",
            "weight": 0
          }
        ],
        "space": [],
        "flags": [
          1
        ]
      }
    },
    {
      "type": "Feature",
      "geometry": {
        "type": "Point",
        "coordinates": [
          5.9877018725259505,
          51.19911042070396
        ]
      },
      "properties": {
        "id": "n_59fc7aae9adddd60fc000044",
        "map": "f_59fa1587a10b6d1f6b000000",
        "externalId": "NODE-94BVBFYK",
        "neighbors": [
          {
            "id": "n_59fc7aae9adddd60fc000043",
            "weight": 0
          },
          {
            "id": "n_59fc7aae9adddd60fc000045",
            "weight": 0
          }
        ],
        "space": [],
        "flags": [
          1
        ]
      }
    },
    {
      "type": "Feature",
      "geometry": {
        "type": "Point",
        "coordinates": [
          5.987715568973301,
          51.19909596105661
        ]
      },
      "properties": {
        "id": "n_59fc7aae9adddd60fc000045",
        "map": "f_59fa1587a10b6d1f6b000000",
        "externalId": "NODE-8871F3NU",
        "neighbors": [
          {
            "id": "n_59fc7aae9adddd60fc000044",
            "weight": 0
          },
          {
            "id": "n_59fc7a9d9adddd60fc000033",
            "weight": 0
          }
        ],
        "space": [],
        "flags": [
          1
        ]
      }
    },
    {
      "type": "Feature",
      "geometry": {
        "type": "Point",
        "coordinates": [
          5.9881078844406135,
          51.19835353934704
        ]
      },
      "properties": {
        "id": "n_59fc7aba9adddd60fc000046",
        "map": "f_59fa1587a10b6d1f6b000000",
        "externalId": "NODE-VB2CZGSP",
        "neighbors": [
          {
            "id": "n_59fcbf861f3be7749e0000f0",
            "weight": 0
          },
          {
            "id": "n_59fcbf961f3be7749e0000f1",
            "weight": 0
          },
          {
            "id": "n_5a0332044b3a915cdf000034",
            "weight": 0
          },
          {
            "id": "n_68825e6f4b225636e86b845b",
            "weight": 0
          }
        ],
        "space": [],
        "flags": [
          1
        ]
      }
    },
    {
      "type": "Feature",
      "geometry": {
        "type": "Point",
        "coordinates": [
          5.988547009995854,
          51.19847688319453
        ]
      },
      "properties": {
        "id": "n_59fc7acc9adddd60fc00004a",
        "map": "f_59fa1587a10b6d1f6b000000",
        "externalId": "NODE-LUHUSEUS",
        "neighbors": [
          {
            "id": "n_59fcc0161f3be77336000001",
            "weight": 0
          },
          {
            "id": "n_64e8b7088d33991afdc9d63a",
            "weight": 0
          }
        ],
        "space": [],
        "flags": [
          1
        ]
      }
    },
    {
      "type": "Feature",
      "geometry": {
        "type": "Point",
        "coordinates": [
          5.990436345205495,
          51.19962294594836
        ]
      },
      "properties": {
        "id": "n_59fc7ae59adddd60fc00004e",
        "map": "f_59fa1587a10b6d1f6b000000",
        "externalId": "NODE-7WB4HASX",
        "neighbors": [
          {
            "id": "n_59fc7afb9adddd60fc000059",
            "weight": 0
          },
          {
            "id": "n_59fcc31b1f3be77336000086",
            "weight": 0
          },
          {
            "id": "n_59fcc3221f3be77336000087",
            "weight": 0
          },
          {
            "id": "n_59fcc3271f3be77336000089",
            "weight": 0
          }
        ],
        "space": [],
        "flags": [
          1
        ]
      }
    },
    {
      "type": "Feature",
      "geometry": {
        "type": "Point",
        "coordinates": [
          5.9902606185823055,
          51.19958709508697
        ]
      },
      "properties": {
        "id": "n_59fc7afb9adddd60fc000059",
        "map": "f_59fa1587a10b6d1f6b000000",
        "externalId": "NODE-G5J26RWP",
        "neighbors": [
          {
            "id": "n_59fc7ae59adddd60fc00004e",
            "weight": 0
          },
          {
            "id": "n_59fcc3081f3be77336000081",
            "weight": 0
          },
          {
            "id": "n_59fcc30f1f3be77336000083",
            "weight": 0
          },
          {
            "id": "n_640b3f612735893ec16f9ee7",
            "weight": 0
          }
        ],
        "space": [],
        "flags": [
          1
        ]
      }
    },
    {
      "type": "Feature",
      "geometry": {
        "type": "Point",
        "coordinates": [
          5.990056823165882,
          51.1995466576985
        ]
      },
      "properties": {
        "id": "n_59fc7afb9adddd60fc00005a",
        "map": "f_59fa1587a10b6d1f6b000000",
        "externalId": "NODE-SLSW1QDD",
        "neighbors": [
          {
            "id": "n_59fcc3051f3be7733600007f",
            "weight": 0
          },
          {
            "id": "n_59fcc3081f3be77336000081",
            "weight": 0
          },
          {
            "id": "n_59fcc3431f3be77336000094",
            "weight": 0
          }
        ],
        "space": [],
        "flags": [
          1
        ]
      }
    },
    {
      "type": "Feature",
      "geometry": {
        "type": "Point",
        "coordinates": [
          5.989861024949472,
          51.19950763322083
        ]
      },
      "properties": {
        "id": "n_59fc7afb9adddd60fc00005b",
        "map": "f_59fa1587a10b6d1f6b000000",
        "externalId": "NODE-3PQIKDTH",
        "neighbors": [
          {
            "id": "n_59fcc3011f3be7733600007d",
            "weight": 0
          },
          {
            "id": "n_59fcc3461f3be77336000096",
            "weight": 0
          },
          {
            "id": "n_59fcc3491f3be77336000097",
            "weight": 0
          }
        ],
        "space": [],
        "flags": [
          1
        ]
      }
    },
    {
      "type": "Feature",
      "geometry": {
        "type": "Point",
        "coordinates": [
          5.989282892728303,
          51.19943100039416
        ]
      },
      "properties": {
        "id": "n_59fc7afb9adddd60fc00005e",
        "map": "f_59fa1587a10b6d1f6b000000",
        "externalId": "NODE-XGP8NQY9",
        "neighbors": [
          {
            "id": "n_59fcc2d71f3be77336000064",
            "weight": 0
          },
          {
            "id": "n_59fcc2f21f3be77336000075",
            "weight": 0
          }
        ],
        "space": [],
        "flags": [
          1
        ]
      }
    },
    {
      "type": "Feature",
      "geometry": {
        "type": "Point",
        "coordinates": [
          5.987899302018124,
          51.19985203640128
        ]
      },
      "properties": {
        "id": "n_59fc7bf19adddd60fc000066",
        "map": "f_59fa1587a10b6d1f6b000000",
        "externalId": "NODE-5WAYLCRJ",
        "neighbors": [
          {
            "id": "n_59fcbe391f3be7749e0000c2",
            "weight": 0
          },
          {
            "id": "n_5a032ccb4b3a915cdf000010",
            "weight": 0
          }
        ],
        "space": [],
        "flags": [
          1
        ]
      }
    },
    {
      "type": "Feature",
      "geometry": {
        "type": "Point",
        "coordinates": [
          5.988028291294567,
          51.199749037194735
        ]
      },
      "properties": {
        "id": "n_59fc7bf19adddd60fc000067",
        "map": "f_59fa1587a10b6d1f6b000000",
        "externalId": "NODE-9PD3A2LY",
        "neighbors": [
          {
            "id": "n_59fcbe611f3be7749e0000d5",
            "weight": 0
          },
          {
            "id": "n_59fcbe671f3be7749e0000d7",
            "weight": 0
          },
          {
            "id": "n_5a032ccb4b3a915cdf000018",
            "weight": 0
          }
        ],
        "space": [],
        "flags": [
          1
        ]
      }
    },
    {
      "type": "Feature",
      "geometry": {
        "type": "Point",
        "coordinates": [
          5.988119232908058,
          51.19968761501513
        ]
      },
      "properties": {
        "id": "n_59fc7bf19adddd60fc000068",
        "map": "f_59fa1587a10b6d1f6b000000",
        "externalId": "NODE-2V20HM7V",
        "neighbors": [
          {
            "id": "n_59fcbe6d1f3be7749e0000da",
            "weight": 0
          },
          {
            "id": "n_59fcbe721f3be7749e0000dc",
            "weight": 0
          },
          {
            "id": "n_59fcbe671f3be7749e0000d7",
            "weight": 0
          }
        ],
        "space": [],
        "flags": [
          1
        ]
      }
    },
    {
      "type": "Feature",
      "geometry": {
        "type": "Point",
        "coordinates": [
          5.988456283383746,
          51.1995397499717
        ]
      },
      "properties": {
        "id": "n_59fc7bf19adddd60fc00006a",
        "map": "f_59fa1587a10b6d1f6b000000",
        "externalId": "NODE-Q2CQQL5I",
        "neighbors": [
          {
            "id": "n_59fc7d489adddd60fc0000d5",
            "weight": 0
          },
          {
            "id": "n_59fc7d4f9adddd60fc0000d7",
            "weight": 0
          },
          {
            "id": "n_59fcc2b81f3be7733600005c",
            "weight": 0
          }
        ],
        "space": [],
        "flags": [
          1
        ]
      }
    },
    {
      "type": "Feature",
      "geometry": {
        "type": "Point",
        "coordinates": [
          5.9880465301552945,
          51.199036420137645
        ]
      },
      "properties": {
        "id": "n_59fc7c019adddd60fc00006c",
        "map": "f_59fa1587a10b6d1f6b000000",
        "externalId": "NODE-USKR3X40",
        "neighbors": [
          {
            "id": "n_59fcbf4c1f3be7749e0000e6",
            "weight": 0
          },
          {
            "id": "n_59fcc3c21f3be773360000a8",
            "weight": 0
          },
          {
            "id": "n_5a0331df4b3a915cdf000029",
            "weight": 0
          }
        ],
        "space": [],
        "flags": [
          1
        ]
      }
    },
    {
      "type": "Feature",
      "geometry": {
        "type": "Point",
        "coordinates": [
          5.987783463763642,
          51.19898395953871
        ]
      },
      "properties": {
        "id": "n_59fc7c039adddd60fc00006d",
        "map": "f_59fa1587a10b6d1f6b000000",
        "externalId": "NODE-UIPH9EU0",
        "neighbors": [
          {
            "id": "n_59fc7c239adddd60fc00006e",
            "weight": 0
          },
          {
            "id": "n_5a032c574b3a915cdf00000d",
            "weight": 0
          },
          {
            "id": "n_5a0331d64b3a915cdf000027",
            "weight": 0
          },
          {
            "id": "n_5eecb510fa02a7522f000000",
            "weight": 0
          }
        ],
        "space": [],
        "flags": [
          1
        ]
      }
    },
    {
      "type": "Feature",
      "geometry": {
        "type": "Point",
        "coordinates": [
          5.9879282567055885,
          51.19901255792345
        ]
      },
      "properties": {
        "id": "n_59fc7c239adddd60fc00006e",
        "map": "f_59fa1587a10b6d1f6b000000",
        "externalId": "NODE-91F4VSD2",
        "neighbors": [
          {
            "id": "n_59fc7c039adddd60fc00006d",
            "weight": 0
          },
          {
            "id": "n_59fcbf511f3be7749e0000e8",
            "weight": 0
          },
          {
            "id": "n_59fcc3c21f3be773360000a8",
            "weight": 0
          }
        ],
        "space": [],
        "flags": [
          1
        ]
      }
    },
    {
      "type": "Feature",
      "geometry": {
        "type": "Point",
        "coordinates": [
          5.988023261292494,
          51.198517276424596
        ]
      },
      "properties": {
        "id": "n_59fc7c359adddd60fc000082",
        "map": "f_59fa1587a10b6d1f6b000000",
        "externalId": "NODE-HO6OGOWC",
        "neighbors": [
          {
            "id": "n_59fcbfae1f3be7749e0000f5",
            "weight": 0
          },
          {
            "id": "n_59fcc3b21f3be773360000a3",
            "weight": 0
          },
          {
            "id": "n_5a0331f94b3a915cdf000032",
            "weight": 0
          },
          {
            "id": "n_68825e6f4b225636e86b845b",
            "weight": 0
          }
        ],
        "space": [],
        "flags": [
          1
        ]
      }
    },
    {
      "type": "Feature",
      "geometry": {
        "type": "Point",
        "coordinates": [
          5.987438958633177,
          51.198215193058736
        ]
      },
      "properties": {
        "id": "n_59fc7c3a9adddd60fc000083",
        "map": "f_59fa1587a10b6d1f6b000000",
        "externalId": "NODE-K39LBQ78",
        "neighbors": [
          {
            "id": "n_5ac24e6a3e7e1800b4000002",
            "weight": 0
          }
        ],
        "space": [
          "s_59fc701ea10b6d1f6b000361"
        ],
        "flags": [
          1
        ]
      }
    },
    {
      "type": "Feature",
      "geometry": {
        "type": "Point",
        "coordinates": [
          5.988277597874951,
          51.1983990502236
        ]
      },
      "properties": {
        "id": "n_59fc7c539adddd60fc000084",
        "map": "f_59fa1587a10b6d1f6b000000",
        "externalId": "NODE-L4TQAN5J",
        "neighbors": [
          {
            "id": "n_59fcbf9e1f3be7749e0000f3",
            "weight": 0
          },
          {
            "id": "n_5a0332044b3a915cdf000034",
            "weight": 0
          },
          {
            "id": "n_5a03326b4b3a915cdf00003a",
            "weight": 0
          }
        ],
        "space": [],
        "flags": [
          1
        ]
      }
    },
    {
      "type": "Feature",
      "geometry": {
        "type": "Point",
        "coordinates": [
          5.986578203938691,
          51.20034102532933
        ]
      },
      "properties": {
        "id": "n_59fc7cb99adddd60fc0000a3",
        "map": "f_59fa1587a10b6d1f6b000000",
        "externalId": "NODE-O4DF7E5X",
        "neighbors": [
          {
            "id": "n_59fc7a729adddd60fc000025",
            "weight": 0
          },
          {
            "id": "n_59fcb9f61f3be7749e000047",
            "weight": 0
          },
          {
            "id": "n_59fcba2f1f3be7749e000049",
            "weight": 0
          },
          {
            "id": "n_5a03340b4b3a917ba2000006",
            "weight": 0
          },
          {
            "id": "n_5b7ada1520a5b4691f000002",
            "weight": 0
          },
          {
            "id": "n_5c066d3c8f0f7b264700000b",
            "weight": 0
          }
        ],
        "space": [],
        "flags": [
          1
        ]
      }
    },
    {
      "type": "Feature",
      "geometry": {
        "type": "Point",
        "coordinates": [
          5.985347342355245,
          51.20103825022931
        ]
      },
      "properties": {
        "id": "n_59fc7cc09adddd60fc0000a4",
        "map": "f_59fa1587a10b6d1f6b000000",
        "externalId": "NODE-HNWEI2M5",
        "neighbors": [
          {
            "id": "n_59fcc4341f3be773360000fb",
            "weight": 0
          },
          {
            "id": "n_59fcb8251f3be7749e000007",
            "weight": 0
          },
          {
            "id": "n_59fcb82d1f3be7749e00000a",
            "weight": 0
          },
          {
            "id": "n_59fcb8241f3be7749e000006",
            "weight": 0
          }
        ],
        "space": [],
        "flags": [
          1
        ]
      }
    },
    {
      "type": "Feature",
      "geometry": {
        "type": "Point",
        "coordinates": [
          5.9860312472128125,
          51.200633036005385
        ]
      },
      "properties": {
        "id": "n_59fc7d089adddd60fc0000cf",
        "map": "f_59fa1587a10b6d1f6b000000",
        "externalId": "NODE-C2QXQHLT",
        "neighbors": [
          {
            "id": "n_59fc7d0b9adddd60fc0000d0",
            "weight": 0
          },
          {
            "id": "n_59fcb9a51f3be7749e000039",
            "weight": 0
          },
          {
            "id": "n_59fcb9b01f3be7749e00003b",
            "weight": 0
          },
          {
            "id": "n_59fcb9b51f3be7749e00003d",
            "weight": 0
          }
        ],
        "space": [],
        "flags": [
          1
        ]
      }
    },
    {
      "type": "Feature",
      "geometry": {
        "type": "Point",
        "coordinates": [
          5.986106849662108,
          51.20062415110823
        ]
      },
      "properties": {
        "id": "n_59fc7d0b9adddd60fc0000d0",
        "map": "f_59fa1587a10b6d1f6b000000",
        "externalId": "NODE-JX2OB5GZ",
        "neighbors": [
          {
            "id": "n_59fc7d089adddd60fc0000cf",
            "weight": 0
          },
          {
            "id": "n_59fcb9b51f3be7749e00003d",
            "weight": 0
          },
          {
            "id": "n_59fcb9de1f3be7749e000043",
            "weight": 0
          }
        ],
        "space": [],
        "flags": [
          1
        ]
      }
    },
    {
      "type": "Feature",
      "geometry": {
        "type": "Point",
        "coordinates": [
          5.988711278869816,
          51.199865792496794
        ]
      },
      "properties": {
        "id": "n_59fc7d349adddd60fc0000d2",
        "map": "f_59fa1587a10b6d1f6b000000",
        "externalId": "NODE-0GNZJP4R",
        "neighbors": [
          {
            "id": "n_59fc7d459adddd60fc0000d4",
            "weight": 0
          },
          {
            "id": "n_5a03289b4b3a915cdf000006",
            "weight": 0
          },
          {
            "id": "n_62579da28eb9f4253d00001e",
            "weight": 0
          }
        ],
        "space": [],
        "flags": [
          1
        ]
      }
    },
    {
      "type": "Feature",
      "geometry": {
        "type": "Point",
        "coordinates": [
          5.988548742356833,
          51.19991756380137
        ]
      },
      "properties": {
        "id": "n_59fc7d459adddd60fc0000d4",
        "map": "f_59fa1587a10b6d1f6b000000",
        "externalId": "NODE-DZWXS6D5",
        "neighbors": [
          {
            "id": "n_59fc7d349adddd60fc0000d2",
            "weight": 0
          },
          {
            "id": "n_5a0c92bff3ea2309be000005",
            "weight": 0
          }
        ],
        "space": [],
        "flags": [
          1
        ]
      }
    },
    {
      "type": "Feature",
      "geometry": {
        "type": "Point",
        "coordinates": [
          5.988341737228041,
          51.19958121532193
        ]
      },
      "properties": {
        "id": "n_59fc7d489adddd60fc0000d5",
        "map": "f_59fa1587a10b6d1f6b000000",
        "externalId": "NODE-8HCEU651",
        "neighbors": [
          {
            "id": "n_59fc7bf19adddd60fc00006a",
            "weight": 0
          },
          {
            "id": "n_5dd27772fa02a720b0000001",
            "weight": 0
          }
        ],
        "space": [],
        "flags": [
          1
        ]
      }
    },
    {
      "type": "Feature",
      "geometry": {
        "type": "Point",
        "coordinates": [
          5.988567612426381,
          51.19950932050937
        ]
      },
      "properties": {
        "id": "n_59fc7d4f9adddd60fc0000d7",
        "map": "f_59fa1587a10b6d1f6b000000",
        "externalId": "NODE-IQLXDF0T",
        "neighbors": [
          {
            "id": "n_59fc7bf19adddd60fc00006a",
            "weight": 0
          },
          {
            "id": "n_59fcc2c11f3be7733600005f",
            "weight": 0
          }
        ],
        "space": [],
        "flags": [
          1
        ]
      }
    },
    {
      "type": "Feature",
      "geometry": {
        "type": "Point",
        "coordinates": [
          5.985248960943235,
          51.200872755189934
        ]
      },
      "properties": {
        "id": "n_59fcb80f1f3be7749e000003",
        "map": "f_59fa1587a10b6d1f6b000000",
        "externalId": "NODE-26VEIXJZ",
        "neighbors": [
          {
            "id": "n_59fcb8171f3be7749e000005",
            "weight": 0
          }
        ],
        "space": [
          "s_679a491d75f64e856170193c"
        ],
        "flags": [
          1
        ]
      }
    },
    {
      "type": "Feature",
      "geometry": {
        "type": "Point",
        "coordinates": [
          5.985116068102769,
          51.20101464798607
        ]
      },
      "properties": {
        "id": "n_59fcb8161f3be7749e000004",
        "map": "f_59fa1587a10b6d1f6b000000",
        "externalId": "NODE-7Z4P6BNF",
        "neighbors": [
          {
            "id": "n_5c07ae389739880cd5000009",
            "weight": 0
          }
        ],
        "space": [
          "s_69cf73934d6359125ee43194"
        ],
        "flags": [
          1
        ]
      }
    },
    {
      "type": "Feature",
      "geometry": {
        "type": "Point",
        "coordinates": [
          5.985170961380359,
          51.20092117243464
        ]
      },
      "properties": {
        "id": "n_59fcb8171f3be7749e000005",
        "map": "f_59fa1587a10b6d1f6b000000",
        "externalId": "NODE-PCP8ELSD",
        "neighbors": [
          {
            "id": "n_5c07ae389739880cd5000009",
            "weight": 0
          },
          {
            "id": "n_59fcb80f1f3be7749e000003",
            "weight": 0
          },
          {
            "id": "n_5e449f5505412d3675000521",
            "weight": 0
          }
        ],
        "space": [],
        "flags": [
          1
        ]
      }
    },
    {
      "type": "Feature",
      "geometry": {
        "type": "Point",
        "coordinates": [
          5.985247082837942,
          51.201095819227476
        ]
      },
      "properties": {
        "id": "n_59fcb8241f3be7749e000006",
        "map": "f_59fa1587a10b6d1f6b000000",
        "externalId": "NODE-7NNSVZL8",
        "neighbors": [
          {
            "id": "n_59fc7cc09adddd60fc0000a4",
            "weight": 0
          }
        ],
        "space": [
          "s_69cf73934d6359125ee43194"
        ],
        "flags": [
          1
        ]
      }
    },
    {
      "type": "Feature",
      "geometry": {
        "type": "Point",
        "coordinates": [
          5.985267236122732,
          51.2009860536933
        ]
      },
      "properties": {
        "id": "n_59fcb8251f3be7749e000007",
        "map": "f_59fa1587a10b6d1f6b000000",
        "externalId": "NODE-DVWHVFZB",
        "neighbors": [
          {
            "id": "n_59fc7cc09adddd60fc0000a4",
            "weight": 0
          },
          {
            "id": "n_5c07ae389739880cd5000009",
            "weight": 0
          }
        ],
        "space": [],
        "flags": [
          1
        ]
      }
    },
    {
      "type": "Feature",
      "geometry": {
        "type": "Point",
        "coordinates": [
          5.9853298115027505,
          51.20114304048046
        ]
      },
      "properties": {
        "id": "n_59fcb82a1f3be7749e000008",
        "map": "f_59fa1587a10b6d1f6b000000",
        "externalId": "NODE-SIP6A4DA",
        "neighbors": [
          {
            "id": "n_59fcb82d1f3be7749e00000a",
            "weight": 0
          }
        ],
        "space": [
          "s_59fc6a5ca10b6d1f6b00030b"
        ],
        "flags": [
          1
        ]
      }
    },
    {
      "type": "Feature",
      "geometry": {
        "type": "Point",
        "coordinates": [
          5.985423694970351,
          51.20108825689847
        ]
      },
      "properties": {
        "id": "n_59fcb82d1f3be7749e00000a",
        "map": "f_59fa1587a10b6d1f6b000000",
        "externalId": "NODE-0D826Q90",
        "neighbors": [
          {
            "id": "n_59fcb8f91f3be7749e000023",
            "weight": 0
          },
          {
            "id": "n_59fcb8ff1f3be7749e000024",
            "weight": 0
          },
          {
            "id": "n_59fc7cc09adddd60fc0000a4",
            "weight": 0
          },
          {
            "id": "n_59fcb82a1f3be7749e000008",
            "weight": 0
          }
        ],
        "space": [],
        "flags": [
          1
        ]
      }
    },
    {
      "type": "Feature",
      "geometry": {
        "type": "Point",
        "coordinates": [
          5.985650648396588,
          51.20123650791663
        ]
      },
      "properties": {
        "id": "n_59fcb8381f3be7749e00000c",
        "map": "f_59fa1587a10b6d1f6b000000",
        "externalId": "NODE-PXVZV46T",
        "neighbors": [
          {
            "id": "n_59fcb8a71f3be7749e00001d",
            "weight": 0
          },
          {
            "id": "n_59fcb8aa1f3be7749e00001e",
            "weight": 0
          },
          {
            "id": "n_59fcb8b41f3be7749e000021",
            "weight": 0
          },
          {
            "id": "n_5e4474a105412d77a80011e1",
            "weight": 0
          }
        ],
        "space": [],
        "flags": [
          1
        ]
      }
    },
    {
      "type": "Feature",
      "geometry": {
        "type": "Point",
        "coordinates": [
          5.985784976848591,
          51.201440513480286
        ]
      },
      "properties": {
        "id": "n_59fcb83d1f3be7749e00000d",
        "map": "f_59fa1587a10b6d1f6b000000",
        "externalId": "NODE-A4CJXTW8",
        "neighbors": [
          {
            "id": "n_59fcb83e1f3be7749e00000e",
            "weight": 0
          }
        ],
        "space": [
          "s_59fc6a5ba10b6d1f6b0002f2"
        ],
        "flags": [
          1
        ]
      }
    },
    {
      "type": "Feature",
      "geometry": {
        "type": "Point",
        "coordinates": [
          5.985876785722943,
          51.2013842244545
        ]
      },
      "properties": {
        "id": "n_59fcb83e1f3be7749e00000e",
        "map": "f_59fa1587a10b6d1f6b000000",
        "externalId": "NODE-73UFLFIW",
        "neighbors": [
          {
            "id": "n_59fcb83d1f3be7749e00000d",
            "weight": 0
          },
          {
            "id": "n_59fcb88b1f3be7749e000018",
            "weight": 0
          },
          {
            "id": "n_59fcb89a1f3be7749e000019",
            "weight": 0
          },
          {
            "id": "n_59fc7a489adddd60fc000016",
            "weight": 0
          }
        ],
        "space": [],
        "flags": [
          1
        ]
      }
    },
    {
      "type": "Feature",
      "geometry": {
        "type": "Point",
        "coordinates": [
          5.986032286632255,
          51.20148579934631
        ]
      },
      "properties": {
        "id": "n_59fcb8441f3be7749e000011",
        "map": "f_59fa1587a10b6d1f6b000000",
        "externalId": "NODE-FP7UK2EH",
        "neighbors": [
          {
            "id": "n_59fcb8491f3be7749e000013",
            "weight": 0
          },
          {
            "id": "n_59fc7a489adddd60fc000016",
            "weight": 0
          },
          {
            "id": "n_68b05c2e4ddc331286343483",
            "weight": 0
          }
        ],
        "space": [],
        "flags": [
          1
        ]
      }
    },
    {
      "type": "Feature",
      "geometry": {
        "type": "Point",
        "coordinates": [
          5.986110997989289,
          51.20153721421481
        ]
      },
      "properties": {
        "id": "n_59fcb8491f3be7749e000013",
        "map": "f_59fa1587a10b6d1f6b000000",
        "externalId": "NODE-ARRMS72U",
        "neighbors": [
          {
            "id": "n_59fcb8441f3be7749e000011",
            "weight": 0
          },
          {
            "id": "n_59fcb84b1f3be7749e000015",
            "weight": 0
          },
          {
            "id": "n_59fcb8721f3be7749e000017",
            "weight": 0
          },
          {
            "id": "n_69ce1b6c37bac85e73b1bfab",
            "weight": 0
          }
        ],
        "space": [],
        "flags": [
          1
        ]
      }
    },
    {
      "type": "Feature",
      "geometry": {
        "type": "Point",
        "coordinates": [
          5.986219550865288,
          51.2016081215199
        ]
      },
      "properties": {
        "id": "n_59fcb84b1f3be7749e000015",
        "map": "f_59fa1587a10b6d1f6b000000",
        "externalId": "NODE-9POAPF79",
        "neighbors": [
          {
            "id": "n_59fc7a1c9adddd60fc000008",
            "weight": 0
          },
          {
            "id": "n_59fcb8491f3be7749e000013",
            "weight": 0
          }
        ],
        "space": [],
        "flags": [
          1
        ]
      }
    },
    {
      "type": "Feature",
      "geometry": {
        "type": "Point",
        "coordinates": [
          5.986249708504761,
          51.20174184454999
        ]
      },
      "properties": {
        "id": "n_59fcb86d1f3be7749e000016",
        "map": "f_59fa1587a10b6d1f6b000000",
        "externalId": "NODE-K803D7FN",
        "neighbors": [
          {
            "id": "n_59fc7a1c9adddd60fc000008",
            "weight": 0
          }
        ],
        "space": [
          "s_59fc6a5ca10b6d1f6b000320"
        ],
        "flags": [
          1
        ]
      }
    },
    {
      "type": "Feature",
      "geometry": {
        "type": "Point",
        "coordinates": [
          5.986179231603166,
          51.20149699745561
        ]
      },
      "properties": {
        "id": "n_59fcb8721f3be7749e000017",
        "map": "f_59fa1587a10b6d1f6b000000",
        "externalId": "NODE-J6SAA4R3",
        "neighbors": [
          {
            "id": "n_59fcb8491f3be7749e000013",
            "weight": 0
          }
        ],
        "space": [
          "s_68b05c144ddc331286343481"
        ],
        "flags": [
          1
        ]
      }
    },
    {
      "type": "Feature",
      "geometry": {
        "type": "Point",
        "coordinates": [
          5.985953759705122,
          51.20133769752756
        ]
      },
      "properties": {
        "id": "n_59fcb88b1f3be7749e000018",
        "map": "f_59fa1587a10b6d1f6b000000",
        "externalId": "NODE-ZWZZK6L2",
        "neighbors": [
          {
            "id": "n_59fcb83e1f3be7749e00000e",
            "weight": 0
          }
        ],
        "space": [
          "s_59fc6a5ba10b6d1f6b00028e"
        ],
        "flags": [
          1
        ]
      }
    },
    {
      "type": "Feature",
      "geometry": {
        "type": "Point",
        "coordinates": [
          5.985803552553685,
          51.20133638752219
        ]
      },
      "properties": {
        "id": "n_59fcb89a1f3be7749e000019",
        "map": "f_59fa1587a10b6d1f6b000000",
        "externalId": "NODE-4BSMQ0EY",
        "neighbors": [
          {
            "id": "n_59fcb83e1f3be7749e00000e",
            "weight": 0
          },
          {
            "id": "n_59fcb89b1f3be7749e00001a",
            "weight": 0
          },
          {
            "id": "n_59fcb8a71f3be7749e00001d",
            "weight": 0
          }
        ],
        "space": [],
        "flags": [
          1
        ]
      }
    },
    {
      "type": "Feature",
      "geometry": {
        "type": "Point",
        "coordinates": [
          5.985898677752121,
          51.201278952202735
        ]
      },
      "properties": {
        "id": "n_59fcb89b1f3be7749e00001a",
        "map": "f_59fa1587a10b6d1f6b000000",
        "externalId": "NODE-6B72UFWA",
        "neighbors": [
          {
            "id": "n_59fcb89a1f3be7749e000019",
            "weight": 0
          }
        ],
        "space": [
          "s_59fc6a5ba10b6d1f6b00028f"
        ],
        "flags": [
          1
        ]
      }
    },
    {
      "type": "Feature",
      "geometry": {
        "type": "Point",
        "coordinates": [
          5.985821753942171,
          51.2012300219593
        ]
      },
      "properties": {
        "id": "n_59fcb8a31f3be7749e00001b",
        "map": "f_59fa1587a10b6d1f6b000000",
        "externalId": "NODE-JUNQWVR1",
        "neighbors": [
          {
            "id": "n_59fcb8a71f3be7749e00001d",
            "weight": 0
          }
        ],
        "space": [
          "s_59fc6a5ba10b6d1f6b000290"
        ],
        "flags": [
          1
        ]
      }
    },
    {
      "type": "Feature",
      "geometry": {
        "type": "Point",
        "coordinates": [
          5.985726620074873,
          51.201286133992795
        ]
      },
      "properties": {
        "id": "n_59fcb8a71f3be7749e00001d",
        "map": "f_59fa1587a10b6d1f6b000000",
        "externalId": "NODE-S82LMVUI",
        "neighbors": [
          {
            "id": "n_59fcb8a31f3be7749e00001b",
            "weight": 0
          },
          {
            "id": "n_59fcb8381f3be7749e00000c",
            "weight": 0
          },
          {
            "id": "n_59fcb89a1f3be7749e000019",
            "weight": 0
          }
        ],
        "space": [],
        "flags": [
          1
        ]
      }
    },
    {
      "type": "Feature",
      "geometry": {
        "type": "Point",
        "coordinates": [
          5.985743881625895,
          51.20118048822596
        ]
      },
      "properties": {
        "id": "n_59fcb8aa1f3be7749e00001e",
        "map": "f_59fa1587a10b6d1f6b000000",
        "externalId": "NODE-WYNJUJ5F",
        "neighbors": [
          {
            "id": "n_59fcb8381f3be7749e00000c",
            "weight": 0
          }
        ],
        "space": [
          "s_59fc6a5ba10b6d1f6b000291"
        ],
        "flags": [
          1
        ]
      }
    },
    {
      "type": "Feature",
      "geometry": {
        "type": "Point",
        "coordinates": [
          5.985665060809413,
          51.20113035100084
        ]
      },
      "properties": {
        "id": "n_59fcb8b01f3be7749e00001f",
        "map": "f_59fa1587a10b6d1f6b000000",
        "externalId": "NODE-LSXX0JJQ",
        "neighbors": [
          {
            "id": "n_59fcb8b41f3be7749e000021",
            "weight": 0
          }
        ],
        "space": [
          "s_59fc6a5ca10b6d1f6b000336"
        ],
        "flags": [
          1
        ]
      }
    },
    {
      "type": "Feature",
      "geometry": {
        "type": "Point",
        "coordinates": [
          5.985572898697741,
          51.20118572024358
        ]
      },
      "properties": {
        "id": "n_59fcb8b41f3be7749e000021",
        "map": "f_59fa1587a10b6d1f6b000000",
        "externalId": "NODE-0J5ARPOZ",
        "neighbors": [
          {
            "id": "n_59fcb8b01f3be7749e00001f",
            "weight": 0
          },
          {
            "id": "n_59fcb8381f3be7749e00000c",
            "weight": 0
          },
          {
            "id": "n_59fcb8f91f3be7749e000023",
            "weight": 0
          }
        ],
        "space": [],
        "flags": [
          1
        ]
      }
    },
    {
      "type": "Feature",
      "geometry": {
        "type": "Point",
        "coordinates": [
          5.985499666159639,
          51.2011378831216
        ]
      },
      "properties": {
        "id": "n_59fcb8f91f3be7749e000023",
        "map": "f_59fa1587a10b6d1f6b000000",
        "externalId": "NODE-YU0ZUHUA",
        "neighbors": [
          {
            "id": "n_59fcb82d1f3be7749e00000a",
            "weight": 0
          },
          {
            "id": "n_59fcb8b41f3be7749e000021",
            "weight": 0
          }
        ],
        "space": [],
        "flags": [
          1
        ]
      }
    },
    {
      "type": "Feature",
      "geometry": {
        "type": "Point",
        "coordinates": [
          5.985498843340901,
          51.20104329601507
        ]
      },
      "properties": {
        "id": "n_59fcb8ff1f3be7749e000024",
        "map": "f_59fa1587a10b6d1f6b000000",
        "externalId": "NODE-IF3IEH5X",
        "neighbors": [
          {
            "id": "n_59fcb82d1f3be7749e00000a",
            "weight": 0
          }
        ],
        "space": [
          "s_63b59cbb5e3b8b8100877769"
        ],
        "flags": [
          1
        ]
      }
    },
    {
      "type": "Feature",
      "geometry": {
        "type": "Point",
        "coordinates": [
          5.9861397931001346,
          51.20133274737359
        ]
      },
      "properties": {
        "id": "n_59fcb93c1f3be7749e000028",
        "map": "f_59fa1587a10b6d1f6b000000",
        "externalId": "NODE-0K278VAH",
        "neighbors": [
          {
            "id": "n_59fcbc661f3be7749e00007b",
            "weight": 0
          },
          {
            "id": "n_59fc7a489adddd60fc000016",
            "weight": 0
          }
        ],
        "space": [],
        "flags": [
          1
        ]
      }
    },
    {
      "type": "Feature",
      "geometry": {
        "type": "Point",
        "coordinates": [
          5.9855187734420445,
          51.20093689885342
        ]
      },
      "properties": {
        "id": "n_59fcb97a1f3be7749e00002d",
        "map": "f_59fa1587a10b6d1f6b000000",
        "externalId": "NODE-GJL1OKDR",
        "neighbors": [
          {
            "id": "n_59fcc4341f3be773360000fb",
            "weight": 0
          },
          {
            "id": "n_679a495875f64e856170193e",
            "weight": 0
          }
        ],
        "space": [],
        "flags": [
          1
        ]
      }
    },
    {
      "type": "Feature",
      "geometry": {
        "type": "Point",
        "coordinates": [
          5.985664842925537,
          51.20075514051134
        ]
      },
      "properties": {
        "id": "n_59fcb9861f3be7749e00002f",
        "map": "f_59fa1587a10b6d1f6b000000",
        "externalId": "NODE-S32WAPTU",
        "neighbors": [
          {
            "id": "n_59fcb9871f3be7749e000030",
            "weight": 0
          }
        ],
        "space": [
          "s_59fc6a5ca10b6d1f6b00030d"
        ],
        "flags": [
          1
        ]
      }
    },
    {
      "type": "Feature",
      "geometry": {
        "type": "Point",
        "coordinates": [
          5.985740822334568,
          51.200805239401426
        ]
      },
      "properties": {
        "id": "n_59fcb9871f3be7749e000030",
        "map": "f_59fa1587a10b6d1f6b000000",
        "externalId": "NODE-8NE8QRRW",
        "neighbors": [
          {
            "id": "n_59fcb9861f3be7749e00002f",
            "weight": 0
          },
          {
            "id": "n_59fcb98d1f3be7749e000031",
            "weight": 0
          },
          {
            "id": "n_59fcb9921f3be7749e000033",
            "weight": 0
          },
          {
            "id": "n_679a495875f64e856170193e",
            "weight": 0
          }
        ],
        "space": [],
        "flags": [
          1
        ]
      }
    },
    {
      "type": "Feature",
      "geometry": {
        "type": "Point",
        "coordinates": [
          5.985806447522328,
          51.20084881765218
        ]
      },
      "properties": {
        "id": "n_59fcb98d1f3be7749e000031",
        "map": "f_59fa1587a10b6d1f6b000000",
        "externalId": "NODE-9DXALRZY",
        "neighbors": [
          {
            "id": "n_59fcb9871f3be7749e000030",
            "weight": 0
          }
        ],
        "space": [
          "s_59fc6a5ba10b6d1f6b000298"
        ],
        "flags": [
          1
        ]
      }
    },
    {
      "type": "Feature",
      "geometry": {
        "type": "Point",
        "coordinates": [
          5.985881832496716,
          51.200806217271136
        ]
      },
      "properties": {
        "id": "n_59fcb9911f3be7749e000032",
        "map": "f_59fa1587a10b6d1f6b000000",
        "externalId": "NODE-MPNZ2GWY",
        "neighbors": [
          {
            "id": "n_59fcb9921f3be7749e000033",
            "weight": 0
          }
        ],
        "space": [
          "s_5bcf68ab76a5b612ae000006"
        ],
        "flags": [
          1
        ]
      }
    },
    {
      "type": "Feature",
      "geometry": {
        "type": "Point",
        "coordinates": [
          5.985813938463217,
          51.20076188639787
        ]
      },
      "properties": {
        "id": "n_59fcb9921f3be7749e000033",
        "map": "f_59fa1587a10b6d1f6b000000",
        "externalId": "NODE-WNQBYB1V",
        "neighbors": [
          {
            "id": "n_59fcb9911f3be7749e000032",
            "weight": 0
          },
          {
            "id": "n_59fcb9871f3be7749e000030",
            "weight": 0
          },
          {
            "id": "n_59fcb9931f3be7749e000034",
            "weight": 0
          },
          {
            "id": "n_59fcb99a1f3be7749e000036",
            "weight": 0
          }
        ],
        "space": [],
        "flags": [
          1
        ]
      }
    },
    {
      "type": "Feature",
      "geometry": {
        "type": "Point",
        "coordinates": [
          5.9857361544500565,
          51.20071187207592
        ]
      },
      "properties": {
        "id": "n_59fcb9931f3be7749e000034",
        "map": "f_59fa1587a10b6d1f6b000000",
        "externalId": "NODE-EQYQ8DDC",
        "neighbors": [
          {
            "id": "n_59fcb9921f3be7749e000033",
            "weight": 0
          }
        ],
        "space": [
          "s_59fc6a5ca10b6d1f6b00030e"
        ],
        "flags": [
          1
        ]
      }
    },
    {
      "type": "Feature",
      "geometry": {
        "type": "Point",
        "coordinates": [
          5.985814813709773,
          51.20066624237752
        ]
      },
      "properties": {
        "id": "n_59fcb9991f3be7749e000035",
        "map": "f_59fa1587a10b6d1f6b000000",
        "externalId": "NODE-X56VZSWY",
        "neighbors": [
          {
            "id": "n_59fcb99a1f3be7749e000036",
            "weight": 0
          }
        ],
        "space": [
          "s_59fc6a5ca10b6d1f6b00032d"
        ],
        "flags": [
          1
        ]
      }
    },
    {
      "type": "Feature",
      "geometry": {
        "type": "Point",
        "coordinates": [
          5.9858917929275535,
          51.20071572373649
        ]
      },
      "properties": {
        "id": "n_59fcb99a1f3be7749e000036",
        "map": "f_59fa1587a10b6d1f6b000000",
        "externalId": "NODE-JTHZ19WN",
        "neighbors": [
          {
            "id": "n_59fcb9991f3be7749e000035",
            "weight": 0
          },
          {
            "id": "n_59fcb9a51f3be7749e000039",
            "weight": 0
          },
          {
            "id": "n_59fcb9c71f3be7749e00003f",
            "weight": 0
          },
          {
            "id": "n_59fcb9921f3be7749e000033",
            "weight": 0
          }
        ],
        "space": [],
        "flags": [
          1
        ]
      }
    },
    {
      "type": "Feature",
      "geometry": {
        "type": "Point",
        "coordinates": [
          5.985999553201605,
          51.20078423679086
        ]
      },
      "properties": {
        "id": "n_59fcb9a11f3be7749e000037",
        "map": "f_59fa1587a10b6d1f6b000000",
        "externalId": "NODE-WJC9YX71",
        "neighbors": [
          {
            "id": "n_59fcb9c71f3be7749e00003f",
            "weight": 0
          }
        ],
        "space": [
          "s_59fc6a5ba10b6d1f6b000295"
        ],
        "flags": [
          1
        ]
      }
    },
    {
      "type": "Feature",
      "geometry": {
        "type": "Point",
        "coordinates": [
          5.986072654206298,
          51.20073748547015
        ]
      },
      "properties": {
        "id": "n_59fcb9a41f3be7749e000038",
        "map": "f_59fa1587a10b6d1f6b000000",
        "externalId": "NODE-1735SHVV",
        "neighbors": [
          {
            "id": "n_59fcb9c31f3be7749e00003e",
            "weight": 0
          }
        ],
        "space": [
          "s_59fc6a5ca10b6d1f6b000308"
        ],
        "flags": [
          1
        ]
      }
    },
    {
      "type": "Feature",
      "geometry": {
        "type": "Point",
        "coordinates": [
          5.985968627828885,
          51.200670165468644
        ]
      },
      "properties": {
        "id": "n_59fcb9a51f3be7749e000039",
        "map": "f_59fa1587a10b6d1f6b000000",
        "externalId": "NODE-U3JWL99E",
        "neighbors": [
          {
            "id": "n_59fc7d089adddd60fc0000cf",
            "weight": 0
          },
          {
            "id": "n_59fcb99a1f3be7749e000036",
            "weight": 0
          },
          {
            "id": "n_59fcb9ae1f3be7749e00003a",
            "weight": 0
          },
          {
            "id": "n_59fcb9c31f3be7749e00003e",
            "weight": 0
          }
        ],
        "space": [],
        "flags": [
          1
        ]
      }
    },
    {
      "type": "Feature",
      "geometry": {
        "type": "Point",
        "coordinates": [
          5.985890693764153,
          51.20062005189918
        ]
      },
      "properties": {
        "id": "n_59fcb9ae1f3be7749e00003a",
        "map": "f_59fa1587a10b6d1f6b000000",
        "externalId": "NODE-ONDGPCAE",
        "neighbors": [
          {
            "id": "n_59fcb9a51f3be7749e000039",
            "weight": 0
          }
        ],
        "space": [
          "s_59fc6a5ba10b6d1f6b000277"
        ],
        "flags": [
          1
        ]
      }
    },
    {
      "type": "Feature",
      "geometry": {
        "type": "Point",
        "coordinates": [
          5.985955646315791,
          51.20058318796119
        ]
      },
      "properties": {
        "id": "n_59fcb9b01f3be7749e00003b",
        "map": "f_59fa1587a10b6d1f6b000000",
        "externalId": "NODE-TFOHCJBV",
        "neighbors": [
          {
            "id": "n_59fc7d089adddd60fc0000cf",
            "weight": 0
          }
        ],
        "space": [
          "s_5ef8bbaafa02a7031e000003"
        ],
        "flags": [
          1
        ]
      }
    },
    {
      "type": "Feature",
      "geometry": {
        "type": "Point",
        "coordinates": [
          5.986075989781984,
          51.20066128258879
        ]
      },
      "properties": {
        "id": "n_59fcb9b51f3be7749e00003d",
        "map": "f_59fa1587a10b6d1f6b000000",
        "externalId": "NODE-I2ETUKEW",
        "neighbors": [
          {
            "id": "n_59fc7d0b9adddd60fc0000d0",
            "weight": 0
          },
          {
            "id": "n_59fcb9c31f3be7749e00003e",
            "weight": 0
          },
          {
            "id": "n_59fc7d089adddd60fc0000cf",
            "weight": 0
          },
          {
            "id": "n_63b4544dbc5b62c44ab63523",
            "weight": 0
          }
        ],
        "space": [],
        "flags": [
          1
        ]
      }
    },
    {
      "type": "Feature",
      "geometry": {
        "type": "Point",
        "coordinates": [
          5.986012926974397,
          51.200698527885976
        ]
      },
      "properties": {
        "id": "n_59fcb9c31f3be7749e00003e",
        "map": "f_59fa1587a10b6d1f6b000000",
        "externalId": "NODE-F5X9LJ1J",
        "neighbors": [
          {
            "id": "n_59fcb9b51f3be7749e00003d",
            "weight": 0
          },
          {
            "id": "n_59fcb9a41f3be7749e000038",
            "weight": 0
          },
          {
            "id": "n_59fcb9a51f3be7749e000039",
            "weight": 0
          },
          {
            "id": "n_59fcb9c71f3be7749e00003f",
            "weight": 0
          }
        ],
        "space": [],
        "flags": [
          1
        ]
      }
    },
    {
      "type": "Feature",
      "geometry": {
        "type": "Point",
        "coordinates": [
          5.985937046913315,
          51.20074471844337
        ]
      },
      "properties": {
        "id": "n_59fcb9c71f3be7749e00003f",
        "map": "f_59fa1587a10b6d1f6b000000",
        "externalId": "NODE-C4RT6OX3",
        "neighbors": [
          {
            "id": "n_59fcb9c31f3be7749e00003e",
            "weight": 0
          },
          {
            "id": "n_59fcb99a1f3be7749e000036",
            "weight": 0
          },
          {
            "id": "n_59fcb9a11f3be7749e000037",
            "weight": 0
          }
        ],
        "space": [],
        "flags": [
          1
        ]
      }
    },
    {
      "type": "Feature",
      "geometry": {
        "type": "Point",
        "coordinates": [
          5.986094549301903,
          51.20055163536493
        ]
      },
      "properties": {
        "id": "n_59fcb9dd1f3be7749e000042",
        "map": "f_59fa1587a10b6d1f6b000000",
        "externalId": "NODE-G4COMMWV",
        "neighbors": [
          {
            "id": "n_59fcb9de1f3be7749e000043",
            "weight": 0
          }
        ],
        "space": [
          "s_5ef8bbaafa02a7031e000002"
        ],
        "flags": [
          1
        ]
      }
    },
    {
      "type": "Feature",
      "geometry": {
        "type": "Point",
        "coordinates": [
          5.986158939645723,
          51.20059345569101
        ]
      },
      "properties": {
        "id": "n_59fcb9de1f3be7749e000043",
        "map": "f_59fa1587a10b6d1f6b000000",
        "externalId": "NODE-WXUPUXF2",
        "neighbors": [
          {
            "id": "n_59fcb9dd1f3be7749e000042",
            "weight": 0
          },
          {
            "id": "n_59fc7d0b9adddd60fc0000d0",
            "weight": 0
          },
          {
            "id": "n_59fcb9e71f3be7749e000045",
            "weight": 0
          }
        ],
        "space": [],
        "flags": [
          1
        ]
      }
    },
    {
      "type": "Feature",
      "geometry": {
        "type": "Point",
        "coordinates": [
          5.986185030086993,
          51.200494937474765
        ]
      },
      "properties": {
        "id": "n_59fcb9e61f3be7749e000044",
        "map": "f_59fa1587a10b6d1f6b000000",
        "externalId": "NODE-EQC861S2",
        "neighbors": [
          {
            "id": "n_59fcb9e71f3be7749e000045",
            "weight": 0
          }
        ],
        "space": [
          "s_59fc6a5ba10b6d1f6b00029c"
        ],
        "flags": [
          1
        ]
      }
    },
    {
      "type": "Feature",
      "geometry": {
        "type": "Point",
        "coordinates": [
          5.986248525569557,
          51.20053849909346
        ]
      },
      "properties": {
        "id": "n_59fcb9e71f3be7749e000045",
        "map": "f_59fa1587a10b6d1f6b000000",
        "externalId": "NODE-L5TPP07J",
        "neighbors": [
          {
            "id": "n_59fcb9e61f3be7749e000044",
            "weight": 0
          },
          {
            "id": "n_59fcb9de1f3be7749e000043",
            "weight": 0
          },
          {
            "id": "n_59fcb9f61f3be7749e000047",
            "weight": 0
          },
          {
            "id": "n_5a01ce764b3a911e1d000004",
            "weight": 0
          }
        ],
        "space": [],
        "flags": [
          1
        ]
      }
    },
    {
      "type": "Feature",
      "geometry": {
        "type": "Point",
        "coordinates": [
          5.986312955615036,
          51.20041312243142
        ]
      },
      "properties": {
        "id": "n_59fcb9f51f3be7749e000046",
        "map": "f_59fa1587a10b6d1f6b000000",
        "externalId": "NODE-FEIOIA93",
        "neighbors": [
          {
            "id": "n_59fcb9f61f3be7749e000047",
            "weight": 0
          }
        ],
        "space": [
          "s_59fc6a5ca10b6d1f6b00030f"
        ],
        "flags": [
          1
        ]
      }
    },
    {
      "type": "Feature",
      "geometry": {
        "type": "Point",
        "coordinates": [
          5.986382009196997,
          51.200457805412206
        ]
      },
      "properties": {
        "id": "n_59fcb9f61f3be7749e000047",
        "map": "f_59fa1587a10b6d1f6b000000",
        "externalId": "NODE-XEYHO1BA",
        "neighbors": [
          {
            "id": "n_59fcb9f51f3be7749e000046",
            "weight": 0
          },
          {
            "id": "n_59fc7cb99adddd60fc0000a3",
            "weight": 0
          },
          {
            "id": "n_59fcb9e71f3be7749e000045",
            "weight": 0
          }
        ],
        "space": [],
        "flags": [
          1
        ]
      }
    },
    {
      "type": "Feature",
      "geometry": {
        "type": "Point",
        "coordinates": [
          5.986396132653923,
          51.20030498157663
        ]
      },
      "properties": {
        "id": "n_59fcba2f1f3be7749e000049",
        "map": "f_59fa1587a10b6d1f6b000000",
        "externalId": "NODE-9P6Y88MO",
        "neighbors": [
          {
            "id": "n_59fc7cb99adddd60fc0000a3",
            "weight": 0
          }
        ],
        "space": [
          "s_59fc6a5ca10b6d1f6b000315"
        ],
        "flags": [
          1
        ]
      }
    },
    {
      "type": "Feature",
      "geometry": {
        "type": "Point",
        "coordinates": [
          5.98643023153803,
          51.20024459526762
        ]
      },
      "properties": {
        "id": "n_59fcba3c1f3be7749e00004a",
        "map": "f_59fa1587a10b6d1f6b000000",
        "externalId": "NODE-BNZT1RWN",
        "neighbors": [
          {
            "id": "n_59fc7a729adddd60fc000025",
            "weight": 0
          }
        ],
        "space": [
          "s_59fc6a5ca10b6d1f6b000314"
        ],
        "flags": [
          1
        ]
      }
    },
    {
      "type": "Feature",
      "geometry": {
        "type": "Point",
        "coordinates": [
          5.986802673035889,
          51.20037931921047
        ]
      },
      "properties": {
        "id": "n_59fcba481f3be7749e00004b",
        "map": "f_59fa1587a10b6d1f6b000000",
        "externalId": "NODE-WUSFI8K0",
        "neighbors": [
          {
            "id": "n_59fcba491f3be7749e00004c",
            "weight": 0
          }
        ],
        "space": [
          "s_59fc6a5ca10b6d1f6b000307"
        ],
        "flags": [
          1
        ]
      }
    },
    {
      "type": "Feature",
      "geometry": {
        "type": "Point",
        "coordinates": [
          5.98683041304769,
          51.2003253374654
        ]
      },
      "properties": {
        "id": "n_59fcba491f3be7749e00004c",
        "map": "f_59fa1587a10b6d1f6b000000",
        "externalId": "NODE-CORY2T5A",
        "neighbors": [
          {
            "id": "n_59fcba481f3be7749e00004b",
            "weight": 0
          },
          {
            "id": "n_59fcba501f3be7749e00004d",
            "weight": 0
          },
          {
            "id": "n_5bcf72d776a5b612ae000008",
            "weight": 0
          },
          {
            "id": "n_68825e5f4b225636e86b8456",
            "weight": 0
          }
        ],
        "space": [],
        "flags": [
          1
        ]
      }
    },
    {
      "type": "Feature",
      "geometry": {
        "type": "Point",
        "coordinates": [
          5.986851889141208,
          51.20028354514215
        ]
      },
      "properties": {
        "id": "n_59fcba501f3be7749e00004d",
        "map": "f_59fa1587a10b6d1f6b000000",
        "externalId": "NODE-AOYYQPBN",
        "neighbors": [
          {
            "id": "n_59fcba491f3be7749e00004c",
            "weight": 0
          }
        ],
        "space": [
          "s_59fc6a5ca10b6d1f6b00034f"
        ],
        "flags": [
          1
        ]
      }
    },
    {
      "type": "Feature",
      "geometry": {
        "type": "Point",
        "coordinates": [
          5.986464424815503,
          51.200189993694146
        ]
      },
      "properties": {
        "id": "n_59fcba531f3be7749e00004e",
        "map": "f_59fa1587a10b6d1f6b000000",
        "externalId": "NODE-AI722LBO",
        "neighbors": [
          {
            "id": "n_5a032bd64b3a915cdf00000a",
            "weight": 0
          }
        ],
        "space": [
          "s_59fc6a5ca10b6d1f6b000313"
        ],
        "flags": [
          1
        ]
      }
    },
    {
      "type": "Feature",
      "geometry": {
        "type": "Point",
        "coordinates": [
          5.986601486424921,
          51.2001023343874
        ]
      },
      "properties": {
        "id": "n_59fcba571f3be7749e000050",
        "map": "f_59fa1587a10b6d1f6b000000",
        "externalId": "NODE-FRCE6W8E",
        "neighbors": [
          {
            "id": "n_59fc7a799adddd60fc000026",
            "weight": 0
          }
        ],
        "space": [
          "s_5bd06e2676a5b62586000000"
        ],
        "flags": [
          1
        ]
      }
    },
    {
      "type": "Feature",
      "geometry": {
        "type": "Point",
        "coordinates": [
          5.986791407453562,
          51.20010758988345
        ]
      },
      "properties": {
        "id": "n_59fcba591f3be7749e000051",
        "map": "f_59fa1587a10b6d1f6b000000",
        "externalId": "NODE-ADNJTT6E",
        "neighbors": [
          {
            "id": "n_5e27780e05412d2094000000",
            "weight": 0
          }
        ],
        "space": [
          "s_5e1f256cfa02a744cf000003"
        ],
        "flags": [
          1
        ]
      }
    },
    {
      "type": "Feature",
      "geometry": {
        "type": "Point",
        "coordinates": [
          5.986642754350691,
          51.20001842455559
        ]
      },
      "properties": {
        "id": "n_59fcba5c1f3be7749e000052",
        "map": "f_59fa1587a10b6d1f6b000000",
        "externalId": "NODE-RMUE25R8",
        "neighbors": [
          {
            "id": "n_59fcba5d1f3be7749e000053",
            "weight": 0
          }
        ],
        "space": [
          "s_59fc6a5ca10b6d1f6b000311"
        ],
        "flags": [
          1
        ]
      }
    },
    {
      "type": "Feature",
      "geometry": {
        "type": "Point",
        "coordinates": [
          5.986733367531031,
          51.200036692486975
        ]
      },
      "properties": {
        "id": "n_59fcba5d1f3be7749e000053",
        "map": "f_59fa1587a10b6d1f6b000000",
        "externalId": "NODE-SEIHOIT1",
        "neighbors": [
          {
            "id": "n_59fcba5c1f3be7749e000052",
            "weight": 0
          },
          {
            "id": "n_59fcba661f3be7749e000057",
            "weight": 0
          },
          {
            "id": "n_5e27780e05412d2094000000",
            "weight": 0
          }
        ],
        "space": [],
        "flags": [
          1
        ]
      }
    },
    {
      "type": "Feature",
      "geometry": {
        "type": "Point",
        "coordinates": [
          5.9866737268251535,
          51.199955448194274
        ]
      },
      "properties": {
        "id": "n_59fcba651f3be7749e000056",
        "map": "f_59fa1587a10b6d1f6b000000",
        "externalId": "NODE-VP9VE802",
        "neighbors": [
          {
            "id": "n_59fcba661f3be7749e000057",
            "weight": 0
          }
        ],
        "space": [
          "s_59fc6a5ca10b6d1f6b000310"
        ],
        "flags": [
          1
        ]
      }
    },
    {
      "type": "Feature",
      "geometry": {
        "type": "Point",
        "coordinates": [
          5.9867655815869165,
          51.199974004027254
        ]
      },
      "properties": {
        "id": "n_59fcba661f3be7749e000057",
        "map": "f_59fa1587a10b6d1f6b000000",
        "externalId": "NODE-IJVGRQ9G",
        "neighbors": [
          {
            "id": "n_59fcba651f3be7749e000056",
            "weight": 0
          },
          {
            "id": "n_59fcba5d1f3be7749e000053",
            "weight": 0
          },
          {
            "id": "n_59fcba691f3be7749e000058",
            "weight": 0
          },
          {
            "id": "n_59fcba6c1f3be7749e00005a",
            "weight": 0
          }
        ],
        "space": [],
        "flags": [
          1
        ]
      }
    },
    {
      "type": "Feature",
      "geometry": {
        "type": "Point",
        "coordinates": [
          5.986856646187146,
          51.19999229912176
        ]
      },
      "properties": {
        "id": "n_59fcba691f3be7749e000058",
        "map": "f_59fa1587a10b6d1f6b000000",
        "externalId": "NODE-XZ0UKSYP",
        "neighbors": [
          {
            "id": "n_59fcba661f3be7749e000057",
            "weight": 0
          }
        ],
        "space": [
          "s_59fc6a5ba10b6d1f6b0002ae"
        ],
        "flags": [
          1
        ]
      }
    },
    {
      "type": "Feature",
      "geometry": {
        "type": "Point",
        "coordinates": [
          5.986706397070448,
          51.19988901955851
        ]
      },
      "properties": {
        "id": "n_59fcba6b1f3be7749e000059",
        "map": "f_59fa1587a10b6d1f6b000000",
        "externalId": "NODE-G7QS0WWB",
        "neighbors": [
          {
            "id": "n_59fcba6c1f3be7749e00005a",
            "weight": 0
          }
        ],
        "space": [
          "s_59fc6a5ba10b6d1f6b00029b"
        ],
        "flags": [
          1
        ]
      }
    },
    {
      "type": "Feature",
      "geometry": {
        "type": "Point",
        "coordinates": [
          5.986799585217461,
          51.199907832865726
        ]
      },
      "properties": {
        "id": "n_59fcba6c1f3be7749e00005a",
        "map": "f_59fa1587a10b6d1f6b000000",
        "externalId": "NODE-N3PA971L",
        "neighbors": [
          {
            "id": "n_59fcba6b1f3be7749e000059",
            "weight": 0
          },
          {
            "id": "n_59fcba661f3be7749e000057",
            "weight": 0
          },
          {
            "id": "n_59fcba6d1f3be7749e00005b",
            "weight": 0
          },
          {
            "id": "n_59fcba791f3be7749e00005d",
            "weight": 0
          }
        ],
        "space": [],
        "flags": [
          1
        ]
      }
    },
    {
      "type": "Feature",
      "geometry": {
        "type": "Point",
        "coordinates": [
          5.986894071853963,
          51.19992689682141
        ]
      },
      "properties": {
        "id": "n_59fcba6d1f3be7749e00005b",
        "map": "f_59fa1587a10b6d1f6b000000",
        "externalId": "NODE-D6DNITK5",
        "neighbors": [
          {
            "id": "n_59fcba6c1f3be7749e00005a",
            "weight": 0
          }
        ],
        "space": [
          "s_59fc6a5ba10b6d1f6b0002ad"
        ],
        "flags": [
          1
        ]
      }
    },
    {
      "type": "Feature",
      "geometry": {
        "type": "Point",
        "coordinates": [
          5.9867382074819115,
          51.19982433903599
        ]
      },
      "properties": {
        "id": "n_59fcba771f3be7749e00005c",
        "map": "f_59fa1587a10b6d1f6b000000",
        "externalId": "NODE-ACQ4KZCK",
        "neighbors": [
          {
            "id": "n_59fcba791f3be7749e00005d",
            "weight": 0
          }
        ],
        "space": [
          "s_59fc6a5ba10b6d1f6b0002a1"
        ],
        "flags": [
          1
        ]
      }
    },
    {
      "type": "Feature",
      "geometry": {
        "type": "Point",
        "coordinates": [
          5.98683269392176,
          51.19984340304109
        ]
      },
      "properties": {
        "id": "n_59fcba791f3be7749e00005d",
        "map": "f_59fa1587a10b6d1f6b000000",
        "externalId": "NODE-FG7HT0W7",
        "neighbors": [
          {
            "id": "n_59fcba771f3be7749e00005c",
            "weight": 0
          },
          {
            "id": "n_59fc7a7f9adddd60fc000027",
            "weight": 0
          },
          {
            "id": "n_59fcba6c1f3be7749e00005a",
            "weight": 0
          }
        ],
        "space": [],
        "flags": [
          1
        ]
      }
    },
    {
      "type": "Feature",
      "geometry": {
        "type": "Point",
        "coordinates": [
          5.9867879902630845,
          51.19976327346569
        ]
      },
      "properties": {
        "id": "n_59fcba821f3be7749e00005e",
        "map": "f_59fa1587a10b6d1f6b000000",
        "externalId": "NODE-0CV9RZ18",
        "neighbors": [
          {
            "id": "n_59fc7a909adddd60fc00002a",
            "weight": 0
          }
        ],
        "space": [
          "s_5bd06e6876a5b62586000001"
        ],
        "flags": [
          1
        ]
      }
    },
    {
      "type": "Feature",
      "geometry": {
        "type": "Point",
        "coordinates": [
          5.986943970335436,
          51.19981642353827
        ]
      },
      "properties": {
        "id": "n_59fcba851f3be7749e00005f",
        "map": "f_59fa1587a10b6d1f6b000000",
        "externalId": "NODE-5ZL76OTZ",
        "neighbors": [
          {
            "id": "n_59fc7a909adddd60fc00002a",
            "weight": 0
          }
        ],
        "space": [
          "s_59fc6a5ca10b6d1f6b000330"
        ],
        "flags": [
          1
        ]
      }
    },
    {
      "type": "Feature",
      "geometry": {
        "type": "Point",
        "coordinates": [
          5.986801527626312,
          51.199669602766264
        ]
      },
      "properties": {
        "id": "n_59fcba8d1f3be7749e000060",
        "map": "f_59fa1587a10b6d1f6b000000",
        "externalId": "NODE-GPAJQJWJ",
        "neighbors": [
          {
            "id": "n_59fc7a909adddd60fc00002d",
            "weight": 0
          }
        ],
        "space": [
          "s_59fc6a5ba10b6d1f6b0002a4"
        ],
        "flags": [
          1
        ]
      }
    },
    {
      "type": "Feature",
      "geometry": {
        "type": "Point",
        "coordinates": [
          5.987040735057807,
          51.19974892389375
        ]
      },
      "properties": {
        "id": "n_59fcba921f3be7749e000061",
        "map": "f_59fa1587a10b6d1f6b000000",
        "externalId": "NODE-QC0P3F6T",
        "neighbors": [
          {
            "id": "n_59fc7a909adddd60fc00002d",
            "weight": 0
          }
        ],
        "space": [
          "s_6303afc9924f0f575068a471"
        ],
        "flags": [
          1
        ]
      }
    },
    {
      "type": "Feature",
      "geometry": {
        "type": "Point",
        "coordinates": [
          5.986918968717372,
          51.199585979852124
        ]
      },
      "properties": {
        "id": "n_59fcba951f3be7749e000062",
        "map": "f_59fa1587a10b6d1f6b000000",
        "externalId": "NODE-OJ9GYYPB",
        "neighbors": [
          {
            "id": "n_59fc7a909adddd60fc000031",
            "weight": 0
          }
        ],
        "space": [
          "s_59fc6a5ba10b6d1f6b0002a3"
        ],
        "flags": [
          1
        ]
      }
    },
    {
      "type": "Feature",
      "geometry": {
        "type": "Point",
        "coordinates": [
          5.987097203075063,
          51.19964500368065
        ]
      },
      "properties": {
        "id": "n_59fcba991f3be7749e000063",
        "map": "f_59fa1587a10b6d1f6b000000",
        "externalId": "NODE-127K4YMA",
        "neighbors": [
          {
            "id": "n_59fc7a909adddd60fc000031",
            "weight": 0
          }
        ],
        "space": [
          "s_59fc6a5ca10b6d1f6b000332"
        ],
        "flags": [
          1
        ]
      }
    },
    {
      "type": "Feature",
      "geometry": {
        "type": "Point",
        "coordinates": [
          5.986994467693307,
          51.19951664967973
        ]
      },
      "properties": {
        "id": "n_59fcbaa11f3be7749e000064",
        "map": "f_59fa1587a10b6d1f6b000000",
        "externalId": "NODE-RK4VIHSP",
        "neighbors": [
          {
            "id": "n_59fcbaa21f3be7749e000065",
            "weight": 0
          }
        ],
        "space": [
          "s_59fc6a5ba10b6d1f6b0002a2"
        ],
        "flags": [
          1
        ]
      }
    },
    {
      "type": "Feature",
      "geometry": {
        "type": "Point",
        "coordinates": [
          5.987070773663041,
          51.199553186216136
        ]
      },
      "properties": {
        "id": "n_59fcbaa21f3be7749e000065",
        "map": "f_59fa1587a10b6d1f6b000000",
        "externalId": "NODE-G2A5LFA1",
        "neighbors": [
          {
            "id": "n_59fcbaa11f3be7749e000064",
            "weight": 0
          },
          {
            "id": "n_59fc7a839adddd60fc000028",
            "weight": 0
          },
          {
            "id": "n_59fcbaa61f3be7749e000066",
            "weight": 0
          },
          {
            "id": "n_59fcbaa91f3be7749e000068",
            "weight": 0
          }
        ],
        "space": [],
        "flags": [
          1
        ]
      }
    },
    {
      "type": "Feature",
      "geometry": {
        "type": "Point",
        "coordinates": [
          5.987132195363933,
          51.199582875818905
        ]
      },
      "properties": {
        "id": "n_59fcbaa61f3be7749e000066",
        "map": "f_59fa1587a10b6d1f6b000000",
        "externalId": "NODE-JDOQ5WWA",
        "neighbors": [
          {
            "id": "n_59fcbaa21f3be7749e000065",
            "weight": 0
          }
        ],
        "space": [
          "s_59fc6a5ba10b6d1f6b00029d"
        ],
        "flags": [
          1
        ]
      }
    },
    {
      "type": "Feature",
      "geometry": {
        "type": "Point",
        "coordinates": [
          5.9870691661872195,
          51.19945484555222
        ]
      },
      "properties": {
        "id": "n_59fcbaa91f3be7749e000067",
        "map": "f_59fa1587a10b6d1f6b000000",
        "externalId": "NODE-EONAXE37",
        "neighbors": [
          {
            "id": "n_59fcbaa91f3be7749e000068",
            "weight": 0
          }
        ],
        "space": [
          "s_59fc6a5ba10b6d1f6b0002a9"
        ],
        "flags": [
          1
        ]
      }
    },
    {
      "type": "Feature",
      "geometry": {
        "type": "Point",
        "coordinates": [
          5.9871473563006425,
          51.19949368408667
        ]
      },
      "properties": {
        "id": "n_59fcbaa91f3be7749e000068",
        "map": "f_59fa1587a10b6d1f6b000000",
        "externalId": "NODE-GFA8AJBR",
        "neighbors": [
          {
            "id": "n_59fcbaa91f3be7749e000067",
            "weight": 0
          },
          {
            "id": "n_59fcbaa21f3be7749e000065",
            "weight": 0
          },
          {
            "id": "n_59fcbaae1f3be7749e000069",
            "weight": 0
          },
          {
            "id": "n_59fcbab11f3be7749e00006b",
            "weight": 0
          }
        ],
        "space": [],
        "flags": [
          1
        ]
      }
    },
    {
      "type": "Feature",
      "geometry": {
        "type": "Point",
        "coordinates": [
          5.9872134411624,
          51.19952623639086
        ]
      },
      "properties": {
        "id": "n_59fcbaae1f3be7749e000069",
        "map": "f_59fa1587a10b6d1f6b000000",
        "externalId": "NODE-DVZNL5U0",
        "neighbors": [
          {
            "id": "n_59fcbaa91f3be7749e000068",
            "weight": 0
          }
        ],
        "space": [
          "s_59fc6a5ba10b6d1f6b00029e"
        ],
        "flags": [
          1
        ]
      }
    },
    {
      "type": "Feature",
      "geometry": {
        "type": "Point",
        "coordinates": [
          5.987135622074303,
          51.19939714402911
        ]
      },
      "properties": {
        "id": "n_59fcbab01f3be7749e00006a",
        "map": "f_59fa1587a10b6d1f6b000000",
        "externalId": "NODE-1YR7Q3JO",
        "neighbors": [
          {
            "id": "n_59fcbab11f3be7749e00006b",
            "weight": 0
          }
        ],
        "space": [
          "s_59fc6a5ba10b6d1f6b0002a8"
        ],
        "flags": [
          1
        ]
      }
    },
    {
      "type": "Feature",
      "geometry": {
        "type": "Point",
        "coordinates": [
          5.987221254322538,
          51.19943940595633
        ]
      },
      "properties": {
        "id": "n_59fcbab11f3be7749e00006b",
        "map": "f_59fa1587a10b6d1f6b000000",
        "externalId": "NODE-XXV4PUTC",
        "neighbors": [
          {
            "id": "n_59fcbab01f3be7749e00006a",
            "weight": 0
          },
          {
            "id": "n_59fcbaa91f3be7749e000068",
            "weight": 0
          },
          {
            "id": "n_59fcbab31f3be7749e00006c",
            "weight": 0
          },
          {
            "id": "n_59fcbab71f3be7749e00006e",
            "weight": 0
          }
        ],
        "space": [],
        "flags": [
          1
        ]
      }
    },
    {
      "type": "Feature",
      "geometry": {
        "type": "Point",
        "coordinates": [
          5.98729200234917,
          51.19947482095731
        ]
      },
      "properties": {
        "id": "n_59fcbab31f3be7749e00006c",
        "map": "f_59fa1587a10b6d1f6b000000",
        "externalId": "NODE-B2ZJGSZ0",
        "neighbors": [
          {
            "id": "n_59fcbab11f3be7749e00006b",
            "weight": 0
          }
        ],
        "space": [
          "s_59fc6a5ba10b6d1f6b00029f"
        ],
        "flags": [
          1
        ]
      }
    },
    {
      "type": "Feature",
      "geometry": {
        "type": "Point",
        "coordinates": [
          5.987192940598017,
          51.1993452864739
        ]
      },
      "properties": {
        "id": "n_59fcbab61f3be7749e00006d",
        "map": "f_59fa1587a10b6d1f6b000000",
        "externalId": "NODE-HEKEYFQX",
        "neighbors": [
          {
            "id": "n_59fcbab71f3be7749e00006e",
            "weight": 0
          }
        ],
        "space": [
          "s_59fc6a5ba10b6d1f6b0002aa"
        ],
        "flags": [
          1
        ]
      }
    },
    {
      "type": "Feature",
      "geometry": {
        "type": "Point",
        "coordinates": [
          5.987286014976148,
          51.19939097179225
        ]
      },
      "properties": {
        "id": "n_59fcbab71f3be7749e00006e",
        "map": "f_59fa1587a10b6d1f6b000000",
        "externalId": "NODE-NG9OJWAV",
        "neighbors": [
          {
            "id": "n_59fcbab61f3be7749e00006d",
            "weight": 0
          },
          {
            "id": "n_59fcbab11f3be7749e00006b",
            "weight": 0
          },
          {
            "id": "n_59fcbaba1f3be7749e00006f",
            "weight": 0
          },
          {
            "id": "n_59fcbac41f3be7749e000073",
            "weight": 0
          }
        ],
        "space": [],
        "flags": [
          1
        ]
      }
    },
    {
      "type": "Feature",
      "geometry": {
        "type": "Point",
        "coordinates": [
          5.987361426168405,
          51.19942924948982
        ]
      },
      "properties": {
        "id": "n_59fcbaba1f3be7749e00006f",
        "map": "f_59fa1587a10b6d1f6b000000",
        "externalId": "NODE-NM4GTN0M",
        "neighbors": [
          {
            "id": "n_59fcbab71f3be7749e00006e",
            "weight": 0
          }
        ],
        "space": [
          "s_59fc6a5ba10b6d1f6b0002a0"
        ],
        "flags": [
          1
        ]
      }
    },
    {
      "type": "Feature",
      "geometry": {
        "type": "Point",
        "coordinates": [
          5.987382661004294,
          51.19931629878223
        ]
      },
      "properties": {
        "id": "n_59fcbabf1f3be7749e000071",
        "map": "f_59fa1587a10b6d1f6b000000",
        "externalId": "NODE-LH5SONOX",
        "neighbors": [
          {
            "id": "n_59fcbac41f3be7749e000073",
            "weight": 0
          },
          {
            "id": "n_63b59c965e3b8b8100877768",
            "weight": 0
          }
        ],
        "space": [],
        "flags": [
          1
        ]
      }
    },
    {
      "type": "Feature",
      "geometry": {
        "type": "Point",
        "coordinates": [
          5.987415870884233,
          51.19937104638857
        ]
      },
      "properties": {
        "id": "n_59fcbac31f3be7749e000072",
        "map": "f_59fa1587a10b6d1f6b000000",
        "externalId": "NODE-P8KOD02J",
        "neighbors": [
          {
            "id": "n_59fcbac41f3be7749e000073",
            "weight": 0
          }
        ],
        "space": [
          "s_59fc6a5ca10b6d1f6b000334"
        ],
        "flags": [
          1
        ]
      }
    },
    {
      "type": "Feature",
      "geometry": {
        "type": "Point",
        "coordinates": [
          5.987352565092015,
          51.199339054891034
        ]
      },
      "properties": {
        "id": "n_59fcbac41f3be7749e000073",
        "map": "f_59fa1587a10b6d1f6b000000",
        "externalId": "NODE-2V5N8JU9",
        "neighbors": [
          {
            "id": "n_59fcbac31f3be7749e000072",
            "weight": 0
          },
          {
            "id": "n_59fcbab71f3be7749e00006e",
            "weight": 0
          },
          {
            "id": "n_59fcbabf1f3be7749e000071",
            "weight": 0
          }
        ],
        "space": [],
        "flags": [
          1
        ]
      }
    },
    {
      "type": "Feature",
      "geometry": {
        "type": "Point",
        "coordinates": [
          5.987537432951398,
          51.199295634723654
        ]
      },
      "properties": {
        "id": "n_59fcbacb1f3be7749e000074",
        "map": "f_59fa1587a10b6d1f6b000000",
        "externalId": "NODE-47Y8MFWK",
        "neighbors": [
          {
            "id": "n_59fc7a869adddd60fc000029",
            "weight": 0
          }
        ],
        "space": [
          "s_59fc6a5ca10b6d1f6b000335"
        ],
        "flags": [
          1
        ]
      }
    },
    {
      "type": "Feature",
      "geometry": {
        "type": "Point",
        "coordinates": [
          5.987327560824638,
          51.19924375458967
        ]
      },
      "properties": {
        "id": "n_59fcbace1f3be7749e000075",
        "map": "f_59fa1587a10b6d1f6b000000",
        "externalId": "NODE-8L6JVQDD",
        "neighbors": [
          {
            "id": "n_63b59c965e3b8b8100877768",
            "weight": 0
          }
        ],
        "space": [
          "s_63b59c895e3b8b8100877767"
        ],
        "flags": [
          1
        ]
      }
    },
    {
      "type": "Feature",
      "geometry": {
        "type": "Point",
        "coordinates": [
          5.987491222844582,
          51.199236342354105
        ]
      },
      "properties": {
        "id": "n_59fcbad01f3be7749e000076",
        "map": "f_59fa1587a10b6d1f6b000000",
        "externalId": "NODE-ZO63GNKA",
        "neighbors": [
          {
            "id": "n_59fc7a869adddd60fc000029",
            "weight": 0
          },
          {
            "id": "n_59fc7aae9adddd60fc00003d",
            "weight": 0
          }
        ],
        "space": [],
        "flags": [
          1
        ]
      }
    },
    {
      "type": "Feature",
      "geometry": {
        "type": "Point",
        "coordinates": [
          5.987486740893828,
          51.19913165626196
        ]
      },
      "properties": {
        "id": "n_59fcbad41f3be7749e000077",
        "map": "f_59fa1587a10b6d1f6b000000",
        "externalId": "NODE-CSLY4UXU",
        "neighbors": [
          {
            "id": "n_59fc7aae9adddd60fc00003e",
            "weight": 0
          }
        ],
        "space": [
          "s_59fc6a5ba10b6d1f6b0002ab"
        ],
        "flags": [
          1
        ]
      }
    },
    {
      "type": "Feature",
      "geometry": {
        "type": "Point",
        "coordinates": [
          5.9864209534133455,
          51.20125940538048
        ]
      },
      "properties": {
        "id": "n_59fcbc641f3be7749e00007a",
        "map": "f_59fa1587a10b6d1f6b000000",
        "externalId": "NODE-07K9LB8V",
        "neighbors": [
          {
            "id": "n_59fcbc661f3be7749e00007b",
            "weight": 0
          }
        ],
        "space": [
          "s_59fc6a5ba10b6d1f6b000287"
        ],
        "flags": [
          1
        ]
      }
    },
    {
      "type": "Feature",
      "geometry": {
        "type": "Point",
        "coordinates": [
          5.986347782294372,
          51.201210924189546
        ]
      },
      "properties": {
        "id": "n_59fcbc661f3be7749e00007b",
        "map": "f_59fa1587a10b6d1f6b000000",
        "externalId": "NODE-D7E5TQRY",
        "neighbors": [
          {
            "id": "n_59fcbc641f3be7749e00007a",
            "weight": 0
          },
          {
            "id": "n_59fcb93c1f3be7749e000028",
            "weight": 0
          },
          {
            "id": "n_59fcbc711f3be7749e00007c",
            "weight": 0
          },
          {
            "id": "n_59fcbc741f3be7749e00007e",
            "weight": 0
          }
        ],
        "space": [],
        "flags": [
          1
        ]
      }
    },
    {
      "type": "Feature",
      "geometry": {
        "type": "Point",
        "coordinates": [
          5.986295974524068,
          51.201175763733445
        ]
      },
      "properties": {
        "id": "n_59fcbc711f3be7749e00007c",
        "map": "f_59fa1587a10b6d1f6b000000",
        "externalId": "NODE-17QIU0NZ",
        "neighbors": [
          {
            "id": "n_59fcbc661f3be7749e00007b",
            "weight": 0
          }
        ],
        "space": [
          "s_59fc6a5ba10b6d1f6b00027b"
        ],
        "flags": [
          1
        ]
      }
    },
    {
      "type": "Feature",
      "geometry": {
        "type": "Point",
        "coordinates": [
          5.986370289829181,
          51.2011275070593
        ]
      },
      "properties": {
        "id": "n_59fcbc731f3be7749e00007d",
        "map": "f_59fa1587a10b6d1f6b000000",
        "externalId": "NODE-PLIBYJRW",
        "neighbors": [
          {
            "id": "n_59fcbc741f3be7749e00007e",
            "weight": 0
          }
        ],
        "space": [
          "s_59fc6a5ca10b6d1f6b000318"
        ],
        "flags": [
          1
        ]
      }
    },
    {
      "type": "Feature",
      "geometry": {
        "type": "Point",
        "coordinates": [
          5.986426089492619,
          51.201165057927795
        ]
      },
      "properties": {
        "id": "n_59fcbc741f3be7749e00007e",
        "map": "f_59fa1587a10b6d1f6b000000",
        "externalId": "NODE-06UIHN1D",
        "neighbors": [
          {
            "id": "n_59fcbc731f3be7749e00007d",
            "weight": 0
          },
          {
            "id": "n_59fcbc661f3be7749e00007b",
            "weight": 0
          },
          {
            "id": "n_59fcbc791f3be7749e00007f",
            "weight": 0
          },
          {
            "id": "n_59fcbc7f1f3be7749e000081",
            "weight": 0
          }
        ],
        "space": [],
        "flags": [
          1
        ]
      }
    },
    {
      "type": "Feature",
      "geometry": {
        "type": "Point",
        "coordinates": [
          5.9864884020715206,
          51.201205747625814
        ]
      },
      "properties": {
        "id": "n_59fcbc791f3be7749e00007f",
        "map": "f_59fa1587a10b6d1f6b000000",
        "externalId": "NODE-AOWDVS2K",
        "neighbors": [
          {
            "id": "n_59fcbc741f3be7749e00007e",
            "weight": 0
          }
        ],
        "space": [
          "s_59fc6a5ba10b6d1f6b000283"
        ],
        "flags": [
          1
        ]
      }
    },
    {
      "type": "Feature",
      "geometry": {
        "type": "Point",
        "coordinates": [
          5.986442784847648,
          51.20108043224626
        ]
      },
      "properties": {
        "id": "n_59fcbc7d1f3be7749e000080",
        "map": "f_59fa1587a10b6d1f6b000000",
        "externalId": "NODE-HXXLGSL5",
        "neighbors": [
          {
            "id": "n_59fcbc7f1f3be7749e000081",
            "weight": 0
          }
        ],
        "space": [
          "s_59fc6a5ca10b6d1f6b000317"
        ],
        "flags": [
          1
        ]
      }
    },
    {
      "type": "Feature",
      "geometry": {
        "type": "Point",
        "coordinates": [
          5.986503359839829,
          51.20111979883192
        ]
      },
      "properties": {
        "id": "n_59fcbc7f1f3be7749e000081",
        "map": "f_59fa1587a10b6d1f6b000000",
        "externalId": "NODE-0PLCQK6W",
        "neighbors": [
          {
            "id": "n_59fcbc7d1f3be7749e000080",
            "weight": 0
          },
          {
            "id": "n_59fc7a4a9adddd60fc000017",
            "weight": 0
          },
          {
            "id": "n_59fcbc741f3be7749e00007e",
            "weight": 0
          },
          {
            "id": "n_59fcbc801f3be7749e000082",
            "weight": 0
          }
        ],
        "space": [],
        "flags": [
          1
        ]
      }
    },
    {
      "type": "Feature",
      "geometry": {
        "type": "Point",
        "coordinates": [
          5.986559619023315,
          51.20115669394452
        ]
      },
      "properties": {
        "id": "n_59fcbc801f3be7749e000082",
        "map": "f_59fa1587a10b6d1f6b000000",
        "externalId": "NODE-TZBAWIAI",
        "neighbors": [
          {
            "id": "n_59fcbc7f1f3be7749e000081",
            "weight": 0
          }
        ],
        "space": [
          "s_59fc6a5ba10b6d1f6b00028b"
        ],
        "flags": [
          1
        ]
      }
    },
    {
      "type": "Feature",
      "geometry": {
        "type": "Point",
        "coordinates": [
          5.986702764361002,
          51.201158668466945
        ]
      },
      "properties": {
        "id": "n_59fcbc971f3be7749e000084",
        "map": "f_59fa1587a10b6d1f6b000000",
        "externalId": "NODE-TPJUIY8Z",
        "neighbors": [
          {
            "id": "n_59fcbc991f3be7749e000085",
            "weight": 0
          }
        ],
        "space": [
          "s_59fc6a5ca10b6d1f6b00032c"
        ],
        "flags": [
          1
        ]
      }
    },
    {
      "type": "Feature",
      "geometry": {
        "type": "Point",
        "coordinates": [
          5.986615056158577,
          51.20110253461557
        ]
      },
      "properties": {
        "id": "n_59fcbc991f3be7749e000085",
        "map": "f_59fa1587a10b6d1f6b000000",
        "externalId": "NODE-VXDFHHXN",
        "neighbors": [
          {
            "id": "n_59fcbc971f3be7749e000084",
            "weight": 0
          },
          {
            "id": "n_59fc7a529adddd60fc000018",
            "weight": 0
          },
          {
            "id": "n_59fc7a4a9adddd60fc000017",
            "weight": 0
          }
        ],
        "space": [],
        "flags": [
          1
        ]
      }
    },
    {
      "type": "Feature",
      "geometry": {
        "type": "Point",
        "coordinates": [
          5.986787942731338,
          51.20109899813111
        ]
      },
      "properties": {
        "id": "n_59fcbca31f3be7749e000086",
        "map": "f_59fa1587a10b6d1f6b000000",
        "externalId": "NODE-44B8H5BE",
        "neighbors": [
          {
            "id": "n_59fc7a529adddd60fc000018",
            "weight": 0
          }
        ],
        "space": [
          "s_5bcf761f76a5b612ae00000b"
        ],
        "flags": [
          1
        ]
      }
    },
    {
      "type": "Feature",
      "geometry": {
        "type": "Point",
        "coordinates": [
          5.986601925703117,
          51.20097709325793
        ]
      },
      "properties": {
        "id": "n_59fcbcac1f3be7749e000087",
        "map": "f_59fa1587a10b6d1f6b000000",
        "externalId": "NODE-M38NQBM7",
        "neighbors": [
          {
            "id": "n_59fc7a529adddd60fc000018",
            "weight": 0
          }
        ],
        "space": [
          "s_6478a3fdbf79ae90ddb0ed76"
        ],
        "flags": [
          1
        ]
      }
    },
    {
      "type": "Feature",
      "geometry": {
        "type": "Point",
        "coordinates": [
          5.986767710801368,
          51.2010084112285
        ]
      },
      "properties": {
        "id": "n_59fcbcb21f3be7749e000089",
        "map": "f_59fa1587a10b6d1f6b000000",
        "externalId": "NODE-LS0MX29O",
        "neighbors": [
          {
            "id": "n_59fc7a529adddd60fc000018",
            "weight": 0
          },
          {
            "id": "n_59fcbcb31f3be7749e00008a",
            "weight": 0
          },
          {
            "id": "n_59fcbcb81f3be7749e00008c",
            "weight": 0
          }
        ],
        "space": [],
        "flags": [
          1
        ]
      }
    },
    {
      "type": "Feature",
      "geometry": {
        "type": "Point",
        "coordinates": [
          5.986843674167448,
          51.20105995625377
        ]
      },
      "properties": {
        "id": "n_59fcbcb31f3be7749e00008a",
        "map": "f_59fa1587a10b6d1f6b000000",
        "externalId": "NODE-IGBFLDQ9",
        "neighbors": [
          {
            "id": "n_59fcbcb21f3be7749e000089",
            "weight": 0
          }
        ],
        "space": [
          "s_59fc6a5ba10b6d1f6b000284"
        ],
        "flags": [
          1
        ]
      }
    },
    {
      "type": "Feature",
      "geometry": {
        "type": "Point",
        "coordinates": [
          5.9867791044592575,
          51.20091461543838
        ]
      },
      "properties": {
        "id": "n_59fcbcb61f3be7749e00008b",
        "map": "f_59fa1587a10b6d1f6b000000",
        "externalId": "NODE-BIO4KKCV",
        "neighbors": [
          {
            "id": "n_59fcbcb81f3be7749e00008c",
            "weight": 0
          }
        ],
        "space": [
          "s_59fc6a5ba10b6d1f6b00027e"
        ],
        "flags": [
          1
        ]
      }
    },
    {
      "type": "Feature",
      "geometry": {
        "type": "Point",
        "coordinates": [
          5.9868481592451355,
          51.2009592981448
        ]
      },
      "properties": {
        "id": "n_59fcbcb81f3be7749e00008c",
        "map": "f_59fa1587a10b6d1f6b000000",
        "externalId": "NODE-XPIRXF33",
        "neighbors": [
          {
            "id": "n_59fcbcb61f3be7749e00008b",
            "weight": 0
          },
          {
            "id": "n_59fcbcb21f3be7749e000089",
            "weight": 0
          },
          {
            "id": "n_59fcbcb91f3be7749e00008d",
            "weight": 0
          },
          {
            "id": "n_59fcbd481f3be7749e00008f",
            "weight": 0
          }
        ],
        "space": [],
        "flags": [
          1
        ]
      }
    },
    {
      "type": "Feature",
      "geometry": {
        "type": "Point",
        "coordinates": [
          5.986920749402145,
          51.20100596212447
        ]
      },
      "properties": {
        "id": "n_59fcbcb91f3be7749e00008d",
        "map": "f_59fa1587a10b6d1f6b000000",
        "externalId": "NODE-WFKGL6LU",
        "neighbors": [
          {
            "id": "n_59fcbcb81f3be7749e00008c",
            "weight": 0
          }
        ],
        "space": [
          "s_59fc6a5ba10b6d1f6b000285"
        ],
        "flags": [
          1
        ]
      }
    },
    {
      "type": "Feature",
      "geometry": {
        "type": "Point",
        "coordinates": [
          5.9868577630320745,
          51.200868985040756
        ]
      },
      "properties": {
        "id": "n_59fcbd461f3be7749e00008e",
        "map": "f_59fa1587a10b6d1f6b000000",
        "externalId": "NODE-UYBELI8L",
        "neighbors": [
          {
            "id": "n_59fcbd481f3be7749e00008f",
            "weight": 0
          }
        ],
        "space": [
          "s_59fc6a5ca10b6d1f6b00032b"
        ],
        "flags": [
          1
        ]
      }
    },
    {
      "type": "Feature",
      "geometry": {
        "type": "Point",
        "coordinates": [
          5.986924038746082,
          51.200913106998165
        ]
      },
      "properties": {
        "id": "n_59fcbd481f3be7749e00008f",
        "map": "f_59fa1587a10b6d1f6b000000",
        "externalId": "NODE-N4N99BS4",
        "neighbors": [
          {
            "id": "n_59fcbd461f3be7749e00008e",
            "weight": 0
          },
          {
            "id": "n_59fcbcb81f3be7749e00008c",
            "weight": 0
          },
          {
            "id": "n_59fcbd491f3be7749e000090",
            "weight": 0
          },
          {
            "id": "n_59fcbd4f1f3be7749e000092",
            "weight": 0
          }
        ],
        "space": [],
        "flags": [
          1
        ]
      }
    },
    {
      "type": "Feature",
      "geometry": {
        "type": "Point",
        "coordinates": [
          5.986991302727819,
          51.20095653668482
        ]
      },
      "properties": {
        "id": "n_59fcbd491f3be7749e000090",
        "map": "f_59fa1587a10b6d1f6b000000",
        "externalId": "NODE-R6L4H2CU",
        "neighbors": [
          {
            "id": "n_59fcbd481f3be7749e00008f",
            "weight": 0
          }
        ],
        "space": [
          "s_59fc6a5ba10b6d1f6b00028d"
        ],
        "flags": [
          1
        ]
      }
    },
    {
      "type": "Feature",
      "geometry": {
        "type": "Point",
        "coordinates": [
          5.9869316636013865,
          51.200814707092825
        ]
      },
      "properties": {
        "id": "n_59fcbd4e1f3be7749e000091",
        "map": "f_59fa1587a10b6d1f6b000000",
        "externalId": "NODE-1UP83KXZ",
        "neighbors": [
          {
            "id": "n_59fcbd4f1f3be7749e000092",
            "weight": 0
          }
        ],
        "space": [
          "s_59fc6a5ba10b6d1f6b000280"
        ],
        "flags": [
          1
        ]
      }
    },
    {
      "type": "Feature",
      "geometry": {
        "type": "Point",
        "coordinates": [
          5.987007265934524,
          51.20086455450811
        ]
      },
      "properties": {
        "id": "n_59fcbd4f1f3be7749e000092",
        "map": "f_59fa1587a10b6d1f6b000000",
        "externalId": "NODE-WYC0AP8O",
        "neighbors": [
          {
            "id": "n_59fcbd4e1f3be7749e000091",
            "weight": 0
          },
          {
            "id": "n_59fc7a549adddd60fc000019",
            "weight": 0
          },
          {
            "id": "n_59fcbd481f3be7749e00008f",
            "weight": 0
          },
          {
            "id": "n_59fcbd501f3be7749e000093",
            "weight": 0
          }
        ],
        "space": [],
        "flags": [
          1
        ]
      }
    },
    {
      "type": "Feature",
      "geometry": {
        "type": "Point",
        "coordinates": [
          5.9870669942226,
          51.20090351158613
        ]
      },
      "properties": {
        "id": "n_59fcbd501f3be7749e000093",
        "map": "f_59fa1587a10b6d1f6b000000",
        "externalId": "NODE-LDYUP3QX",
        "neighbors": [
          {
            "id": "n_59fcbd4f1f3be7749e000092",
            "weight": 0
          }
        ],
        "space": [
          "s_59fc6a5ba10b6d1f6b00028c"
        ],
        "flags": [
          1
        ]
      }
    },
    {
      "type": "Feature",
      "geometry": {
        "type": "Point",
        "coordinates": [
          5.987096473119855,
          51.20078645828317
        ]
      },
      "properties": {
        "id": "n_59fcbd5a1f3be7749e000094",
        "map": "f_59fa1587a10b6d1f6b000000",
        "externalId": "NODE-R2QTPLU5",
        "neighbors": [
          {
            "id": "n_59fcbd5b1f3be7749e000095",
            "weight": 0
          }
        ],
        "space": [
          "s_59fc6a5ba10b6d1f6b00027f"
        ],
        "flags": [
          1
        ]
      }
    },
    {
      "type": "Feature",
      "geometry": {
        "type": "Point",
        "coordinates": [
          5.9870578059515065,
          51.20084976678322
        ]
      },
      "properties": {
        "id": "n_59fcbd5b1f3be7749e000095",
        "map": "f_59fa1587a10b6d1f6b000000",
        "externalId": "NODE-VN5928BD",
        "neighbors": [
          {
            "id": "n_59fcbd5a1f3be7749e000094",
            "weight": 0
          },
          {
            "id": "n_59fc7a549adddd60fc000019",
            "weight": 0
          },
          {
            "id": "n_59fc7a5f9adddd60fc00001b",
            "weight": 0
          }
        ],
        "space": [],
        "flags": [
          1
        ]
      }
    },
    {
      "type": "Feature",
      "geometry": {
        "type": "Point",
        "coordinates": [
          5.987219887396644,
          51.20088054589853
        ]
      },
      "properties": {
        "id": "n_59fcbd631f3be7749e000096",
        "map": "f_59fa1587a10b6d1f6b000000",
        "externalId": "NODE-WZ3X15VW",
        "neighbors": [
          {
            "id": "n_59fc7a5f9adddd60fc00001c",
            "weight": 0
          }
        ],
        "space": [
          "s_59fc6a5ba10b6d1f6b000289"
        ],
        "flags": [
          1
        ]
      }
    },
    {
      "type": "Feature",
      "geometry": {
        "type": "Point",
        "coordinates": [
          5.987300902669794,
          51.20086614097331
        ]
      },
      "properties": {
        "id": "n_59fcbd771f3be7749e000098",
        "map": "f_59fa1587a10b6d1f6b000000",
        "externalId": "NODE-FJJ5FVBQ",
        "neighbors": [
          {
            "id": "n_59fc7a5f9adddd60fc00001e",
            "weight": 0
          }
        ],
        "space": [
          "s_59fc6a5ba10b6d1f6b000288"
        ],
        "flags": [
          1
        ]
      }
    },
    {
      "type": "Feature",
      "geometry": {
        "type": "Point",
        "coordinates": [
          5.987389876735998,
          51.20083027908887
        ]
      },
      "properties": {
        "id": "n_59fcbd7b1f3be7749e000099",
        "map": "f_59fa1587a10b6d1f6b000000",
        "externalId": "NODE-3GZLRGVF",
        "neighbors": [
          {
            "id": "n_59fc7a5f9adddd60fc000021",
            "weight": 0
          }
        ],
        "space": [
          "s_59fc6a5ba10b6d1f6b000286"
        ],
        "flags": [
          1
        ]
      }
    },
    {
      "type": "Feature",
      "geometry": {
        "type": "Point",
        "coordinates": [
          5.987269568639378,
          51.20070030252821
        ]
      },
      "properties": {
        "id": "n_59fcbd831f3be7749e00009b",
        "map": "f_59fa1587a10b6d1f6b000000",
        "externalId": "NODE-HA6A398H",
        "neighbors": [
          {
            "id": "n_59fc7a5a9adddd60fc00001a",
            "weight": 0
          }
        ],
        "space": [
          "s_59fc6a5ba10b6d1f6b00026f"
        ],
        "flags": [
          1
        ]
      }
    },
    {
      "type": "Feature",
      "geometry": {
        "type": "Point",
        "coordinates": [
          5.987490017992669,
          51.20068134477127
        ]
      },
      "properties": {
        "id": "n_59fcbd891f3be7749e00009c",
        "map": "f_59fa1587a10b6d1f6b000000",
        "externalId": "NODE-FL6WVWKO",
        "neighbors": [
          {
            "id": "n_59fcbd8a1f3be7749e00009d",
            "weight": 0
          }
        ],
        "space": [
          "s_648727f3c70025dc08f3a4f3"
        ],
        "flags": [
          1
        ]
      }
    },
    {
      "type": "Feature",
      "geometry": {
        "type": "Point",
        "coordinates": [
          5.987393586301257,
          51.20066190152557
        ]
      },
      "properties": {
        "id": "n_59fcbd8a1f3be7749e00009d",
        "map": "f_59fa1587a10b6d1f6b000000",
        "externalId": "NODE-WYD0EJJF",
        "neighbors": [
          {
            "id": "n_59fcbd891f3be7749e00009c",
            "weight": 0
          },
          {
            "id": "n_59fc7a5a9adddd60fc00001a",
            "weight": 0
          },
          {
            "id": "n_59fcbd901f3be7749e00009f",
            "weight": 0
          }
        ],
        "space": [],
        "flags": [
          1
        ]
      }
    },
    {
      "type": "Feature",
      "geometry": {
        "type": "Point",
        "coordinates": [
          5.987524828367127,
          51.20061135104014
        ]
      },
      "properties": {
        "id": "n_59fcbd8f1f3be7749e00009e",
        "map": "f_59fa1587a10b6d1f6b000000",
        "externalId": "NODE-7TSCL1OK",
        "neighbors": [
          {
            "id": "n_59fcbd901f3be7749e00009f",
            "weight": 0
          }
        ],
        "space": [
          "s_59fc6a5ba10b6d1f6b000276"
        ],
        "flags": [
          1
        ]
      }
    },
    {
      "type": "Feature",
      "geometry": {
        "type": "Point",
        "coordinates": [
          5.987429379178763,
          51.200592247479484
        ]
      },
      "properties": {
        "id": "n_59fcbd901f3be7749e00009f",
        "map": "f_59fa1587a10b6d1f6b000000",
        "externalId": "NODE-JLVNO3GZ",
        "neighbors": [
          {
            "id": "n_59fcbd8f1f3be7749e00009e",
            "weight": 0
          },
          {
            "id": "n_59fcbd8a1f3be7749e00009d",
            "weight": 0
          },
          {
            "id": "n_59fcbd911f3be7749e0000a0",
            "weight": 0
          },
          {
            "id": "n_59fcbd961f3be7749e0000a2",
            "weight": 0
          }
        ],
        "space": [],
        "flags": [
          1
        ]
      }
    },
    {
      "type": "Feature",
      "geometry": {
        "type": "Point",
        "coordinates": [
          5.987340449084602,
          51.20057430534081
        ]
      },
      "properties": {
        "id": "n_59fcbd911f3be7749e0000a0",
        "map": "f_59fa1587a10b6d1f6b000000",
        "externalId": "NODE-NJAC87W4",
        "neighbors": [
          {
            "id": "n_59fcbd901f3be7749e00009f",
            "weight": 0
          }
        ],
        "space": [
          "s_59fc6a5ba10b6d1f6b000270"
        ],
        "flags": [
          1
        ]
      }
    },
    {
      "type": "Feature",
      "geometry": {
        "type": "Point",
        "coordinates": [
          5.987556080861668,
          51.2005486222512
        ]
      },
      "properties": {
        "id": "n_59fcbd951f3be7749e0000a1",
        "map": "f_59fa1587a10b6d1f6b000000",
        "externalId": "NODE-93L8UW3B",
        "neighbors": [
          {
            "id": "n_59fcbd961f3be7749e0000a2",
            "weight": 0
          }
        ],
        "space": [
          "s_62a9858aa4f03486974e08ec"
        ],
        "flags": [
          1
        ]
      }
    },
    {
      "type": "Feature",
      "geometry": {
        "type": "Point",
        "coordinates": [
          5.987461592675974,
          51.20052955882866
        ]
      },
      "properties": {
        "id": "n_59fcbd961f3be7749e0000a2",
        "map": "f_59fa1587a10b6d1f6b000000",
        "externalId": "NODE-4IQ8IZDB",
        "neighbors": [
          {
            "id": "n_59fcbd951f3be7749e0000a1",
            "weight": 0
          },
          {
            "id": "n_59fcbd901f3be7749e00009f",
            "weight": 0
          },
          {
            "id": "n_59fc7a6f9adddd60fc000024",
            "weight": 0
          }
        ],
        "space": [],
        "flags": [
          1
        ]
      }
    },
    {
      "type": "Feature",
      "geometry": {
        "type": "Point",
        "coordinates": [
          5.9876400122742135,
          51.200486758470966
        ]
      },
      "properties": {
        "id": "n_59fcbd9a1f3be7749e0000a4",
        "map": "f_59fa1587a10b6d1f6b000000",
        "externalId": "NODE-GAFLK3CD",
        "neighbors": [
          {
            "id": "n_59fc7a6f9adddd60fc000024",
            "weight": 0
          }
        ],
        "space": [],
        "flags": [
          1
        ]
      }
    },
    {
      "type": "Feature",
      "geometry": {
        "type": "Point",
        "coordinates": [
          5.987168802019841,
          51.20046664261845
        ]
      },
      "properties": {
        "id": "n_59fcbd9c1f3be7749e0000a5",
        "map": "f_59fa1587a10b6d1f6b000000",
        "externalId": "NODE-VQIHO2S5",
        "neighbors": [
          {
            "id": "n_59fcbd9d1f3be7749e0000a6",
            "weight": 0
          }
        ],
        "space": [
          "s_59fc6a5ba10b6d1f6b000271"
        ],
        "flags": [
          1
        ]
      }
    },
    {
      "type": "Feature",
      "geometry": {
        "type": "Point",
        "coordinates": [
          5.98720280543481,
          51.20040047134007
        ]
      },
      "properties": {
        "id": "n_59fcbd9d1f3be7749e0000a6",
        "map": "f_59fa1587a10b6d1f6b000000",
        "externalId": "NODE-0M1GDTX8",
        "neighbors": [
          {
            "id": "n_59fcbd9c1f3be7749e0000a5",
            "weight": 0
          },
          {
            "id": "n_59fcbd9e1f3be7749e0000a7",
            "weight": 0
          },
          {
            "id": "n_59fc7a6f9adddd60fc000024",
            "weight": 0
          },
          {
            "id": "n_5bcf72d776a5b612ae000008",
            "weight": 0
          }
        ],
        "space": [],
        "flags": [
          1
        ]
      }
    },
    {
      "type": "Feature",
      "geometry": {
        "type": "Point",
        "coordinates": [
          5.98722875534367,
          51.20034997219993
        ]
      },
      "properties": {
        "id": "n_59fcbd9e1f3be7749e0000a7",
        "map": "f_59fa1587a10b6d1f6b000000",
        "externalId": "NODE-KH1C201N",
        "neighbors": [
          {
            "id": "n_59fcbd9d1f3be7749e0000a6",
            "weight": 0
          }
        ],
        "space": [
          "s_654945d0dc4d1d969dc06e41"
        ],
        "flags": [
          1
        ]
      }
    },
    {
      "type": "Feature",
      "geometry": {
        "type": "Point",
        "coordinates": [
          5.987548295098976,
          51.20035486295317
        ]
      },
      "properties": {
        "id": "n_59fcbde71f3be7749e0000ab",
        "map": "f_59fa1587a10b6d1f6b000000",
        "externalId": "NODE-EZZ5FX7E",
        "neighbors": [
          {
            "id": "n_59fcbdec1f3be7749e0000ac",
            "weight": 0
          },
          {
            "id": "n_59fc7a6f9adddd60fc000024",
            "weight": 0
          },
          {
            "id": "n_654945f0dc4d1d969dc06e43",
            "weight": 0
          }
        ],
        "space": [],
        "flags": [
          1
        ]
      }
    },
    {
      "type": "Feature",
      "geometry": {
        "type": "Point",
        "coordinates": [
          5.9877289337292225,
          51.20039130753174
        ]
      },
      "properties": {
        "id": "n_59fcbdec1f3be7749e0000ac",
        "map": "f_59fa1587a10b6d1f6b000000",
        "externalId": "NODE-SA1BDYJP",
        "neighbors": [
          {
            "id": "n_59fcbde71f3be7749e0000ab",
            "weight": 0
          }
        ],
        "space": [
          "s_5bcf785c76a5b612ae00000d"
        ],
        "flags": [
          1
        ]
      }
    },
    {
      "type": "Feature",
      "geometry": {
        "type": "Point",
        "coordinates": [
          5.987909581676764,
          51.200541144683015
        ]
      },
      "properties": {
        "id": "n_59fcbdf51f3be7749e0000af",
        "map": "f_59fa1587a10b6d1f6b000000",
        "externalId": "NODE-JBNDF5Q4",
        "neighbors": [
          {
            "id": "n_5a0328954b3a915cdf000004",
            "weight": 0
          }
        ],
        "space": [],
        "flags": [
          1
        ]
      }
    },
    {
      "type": "Feature",
      "geometry": {
        "type": "Point",
        "coordinates": [
          5.9877371246356885,
          51.2003276160405
        ]
      },
      "properties": {
        "id": "n_59fcbdfb1f3be7749e0000b0",
        "map": "f_59fa1587a10b6d1f6b000000",
        "externalId": "NODE-PEMXZBYH",
        "neighbors": [
          {
            "id": "n_59fcbdfc1f3be7749e0000b1",
            "weight": 0
          }
        ],
        "space": [
          "s_59fc6a5ba10b6d1f6b0002af"
        ],
        "flags": [
          1
        ]
      }
    },
    {
      "type": "Feature",
      "geometry": {
        "type": "Point",
        "coordinates": [
          5.9875787186501475,
          51.200295656974575
        ]
      },
      "properties": {
        "id": "n_59fcbdfc1f3be7749e0000b1",
        "map": "f_59fa1587a10b6d1f6b000000",
        "externalId": "NODE-69HRDPOM",
        "neighbors": [
          {
            "id": "n_59fcbdfb1f3be7749e0000b0",
            "weight": 0
          },
          {
            "id": "n_59fcbe061f3be7749e0000b4",
            "weight": 0
          },
          {
            "id": "n_654945f0dc4d1d969dc06e43",
            "weight": 0
          }
        ],
        "space": [],
        "flags": [
          1
        ]
      }
    },
    {
      "type": "Feature",
      "geometry": {
        "type": "Point",
        "coordinates": [
          5.987409953511777,
          51.20030773288758
        ]
      },
      "properties": {
        "id": "n_59fcbe001f3be7749e0000b2",
        "map": "f_59fa1587a10b6d1f6b000000",
        "externalId": "NODE-6J8H3Y72",
        "neighbors": [
          {
            "id": "n_654945f0dc4d1d969dc06e43",
            "weight": 0
          }
        ],
        "space": [
          "s_654945d0dc4d1d969dc06e41"
        ],
        "flags": [
          1
        ]
      }
    },
    {
      "type": "Feature",
      "geometry": {
        "type": "Point",
        "coordinates": [
          5.987710977474743,
          51.20025315295337
        ]
      },
      "properties": {
        "id": "n_59fcbe051f3be7749e0000b3",
        "map": "f_59fa1587a10b6d1f6b000000",
        "externalId": "NODE-WIRMA5C1",
        "neighbors": [
          {
            "id": "n_59fcbe061f3be7749e0000b4",
            "weight": 0
          }
        ],
        "space": [
          "s_59fc6a5ba10b6d1f6b0002cb"
        ],
        "flags": [
          1
        ]
      }
    },
    {
      "type": "Feature",
      "geometry": {
        "type": "Point",
        "coordinates": [
          5.987610931736741,
          51.20023296828274
        ]
      },
      "properties": {
        "id": "n_59fcbe061f3be7749e0000b4",
        "map": "f_59fa1587a10b6d1f6b000000",
        "externalId": "NODE-TDYB0HIA",
        "neighbors": [
          {
            "id": "n_59fcbe051f3be7749e0000b3",
            "weight": 0
          },
          {
            "id": "n_59fcbe131f3be7749e0000b5",
            "weight": 0
          },
          {
            "id": "n_59fcbe191f3be7749e0000b7",
            "weight": 0
          },
          {
            "id": "n_59fcbdfc1f3be7749e0000b1",
            "weight": 0
          }
        ],
        "space": [],
        "flags": [
          1
        ]
      }
    },
    {
      "type": "Feature",
      "geometry": {
        "type": "Point",
        "coordinates": [
          5.9874671208777,
          51.200204273530666
        ]
      },
      "properties": {
        "id": "n_59fcbe131f3be7749e0000b5",
        "map": "f_59fa1587a10b6d1f6b000000",
        "externalId": "NODE-P8ZE86WK",
        "neighbors": [
          {
            "id": "n_59fcbe061f3be7749e0000b4",
            "weight": 0
          }
        ],
        "space": [
          "s_59fc6a5ca10b6d1f6b000304"
        ],
        "flags": [
          1
        ]
      }
    },
    {
      "type": "Feature",
      "geometry": {
        "type": "Point",
        "coordinates": [
          5.98750230840553,
          51.20013994317308
        ]
      },
      "properties": {
        "id": "n_59fcbe181f3be7749e0000b6",
        "map": "f_59fa1587a10b6d1f6b000000",
        "externalId": "NODE-YRQYPB10",
        "neighbors": [
          {
            "id": "n_59fcbe191f3be7749e0000b7",
            "weight": 0
          }
        ],
        "space": [
          "s_59fc6a5ca10b6d1f6b000303"
        ],
        "flags": [
          1
        ]
      }
    },
    {
      "type": "Feature",
      "geometry": {
        "type": "Point",
        "coordinates": [
          5.987646818583548,
          51.200169098914834
        ]
      },
      "properties": {
        "id": "n_59fcbe191f3be7749e0000b7",
        "map": "f_59fa1587a10b6d1f6b000000",
        "externalId": "NODE-NFU37DG5",
        "neighbors": [
          {
            "id": "n_59fcbe181f3be7749e0000b6",
            "weight": 0
          },
          {
            "id": "n_59fcbe061f3be7749e0000b4",
            "weight": 0
          },
          {
            "id": "n_59fcbe211f3be7749e0000b8",
            "weight": 0
          },
          {
            "id": "n_59fcbe391f3be7749e0000ca",
            "weight": 0
          }
        ],
        "space": [],
        "flags": [
          1
        ]
      }
    },
    {
      "type": "Feature",
      "geometry": {
        "type": "Point",
        "coordinates": [
          5.98774525699776,
          51.200188113667274
        ]
      },
      "properties": {
        "id": "n_59fcbe211f3be7749e0000b8",
        "map": "f_59fa1587a10b6d1f6b000000",
        "externalId": "NODE-IY1OU3V1",
        "neighbors": [
          {
            "id": "n_59fcbe191f3be7749e0000b7",
            "weight": 0
          }
        ],
        "space": [
          "s_59fc6a5ba10b6d1f6b0002cc"
        ],
        "flags": [
          1
        ]
      }
    },
    {
      "type": "Feature",
      "geometry": {
        "type": "Point",
        "coordinates": [
          5.987860249946072,
          51.19988720432722
        ]
      },
      "properties": {
        "id": "n_59fcbe391f3be7749e0000c2",
        "map": "f_59fa1587a10b6d1f6b000000",
        "externalId": "NODE-N99ZB0F8",
        "neighbors": [
          {
            "id": "n_59fc7bf19adddd60fc000066",
            "weight": 0
          },
          {
            "id": "n_59fcbe4c1f3be7749e0000cf",
            "weight": 0
          }
        ],
        "space": [],
        "flags": [
          1
        ]
      }
    },
    {
      "type": "Feature",
      "geometry": {
        "type": "Point",
        "coordinates": [
          5.987824002396708,
          51.19991941337487
        ]
      },
      "properties": {
        "id": "n_59fcbe391f3be7749e0000c3",
        "map": "f_59fa1587a10b6d1f6b000000",
        "externalId": "NODE-TSON9EUV",
        "neighbors": [
          {
            "id": "n_59fcbe391f3be7749e0000c4",
            "weight": 0
          },
          {
            "id": "n_59fcbe4c1f3be7749e0000cf",
            "weight": 0
          }
        ],
        "space": [],
        "flags": [
          1
        ]
      }
    },
    {
      "type": "Feature",
      "geometry": {
        "type": "Point",
        "coordinates": [
          5.987796221123654,
          51.19994378483089
        ]
      },
      "properties": {
        "id": "n_59fcbe391f3be7749e0000c4",
        "map": "f_59fa1587a10b6d1f6b000000",
        "externalId": "NODE-SS0GP0V6",
        "neighbors": [
          {
            "id": "n_59fcbe391f3be7749e0000c3",
            "weight": 0
          },
          {
            "id": "n_59fcbe391f3be7749e0000c5",
            "weight": 0
          },
          {
            "id": "n_5c07a3b09739880cd5000004",
            "weight": 0
          }
        ],
        "space": [],
        "flags": [
          1
        ]
      }
    },
    {
      "type": "Feature",
      "geometry": {
        "type": "Point",
        "coordinates": [
          5.987762414342767,
          51.19998406110207
        ]
      },
      "properties": {
        "id": "n_59fcbe391f3be7749e0000c5",
        "map": "f_59fa1587a10b6d1f6b000000",
        "externalId": "NODE-5SKS61X9",
        "neighbors": [
          {
            "id": "n_59fcbe391f3be7749e0000c4",
            "weight": 0
          },
          {
            "id": "n_59fcbe391f3be7749e0000c6",
            "weight": 0
          },
          {
            "id": "n_59fcbe471f3be7749e0000cd",
            "weight": 0
          },
          {
            "id": "n_5bcf820276a5b64902000007",
            "weight": 0
          }
        ],
        "space": [],
        "flags": [
          1
        ]
      }
    },
    {
      "type": "Feature",
      "geometry": {
        "type": "Point",
        "coordinates": [
          5.987741864459824,
          51.20001074792969
        ]
      },
      "properties": {
        "id": "n_59fcbe391f3be7749e0000c6",
        "map": "f_59fa1587a10b6d1f6b000000",
        "externalId": "NODE-TDWKLL2J",
        "neighbors": [
          {
            "id": "n_59fcbe391f3be7749e0000c5",
            "weight": 0
          },
          {
            "id": "n_59fcbe391f3be7749e0000c7",
            "weight": 0
          }
        ],
        "space": [],
        "flags": [
          1
        ]
      }
    },
    {
      "type": "Feature",
      "geometry": {
        "type": "Point",
        "coordinates": [
          5.987720751781298,
          51.20004074903894
        ]
      },
      "properties": {
        "id": "n_59fcbe391f3be7749e0000c7",
        "map": "f_59fa1587a10b6d1f6b000000",
        "externalId": "NODE-07TQYHWV",
        "neighbors": [
          {
            "id": "n_59fcbe391f3be7749e0000c6",
            "weight": 0
          },
          {
            "id": "n_59fcbe391f3be7749e0000c8",
            "weight": 0
          },
          {
            "id": "n_59fcbe3b1f3be7749e0000cb",
            "weight": 0
          },
          {
            "id": "n_59fcbe411f3be7749e0000cc",
            "weight": 0
          }
        ],
        "space": [],
        "flags": [
          1
        ]
      }
    },
    {
      "type": "Feature",
      "geometry": {
        "type": "Point",
        "coordinates": [
          5.98770147119738,
          51.200071188541116
        ]
      },
      "properties": {
        "id": "n_59fcbe391f3be7749e0000c8",
        "map": "f_59fa1587a10b6d1f6b000000",
        "externalId": "NODE-WAITS9W2",
        "neighbors": [
          {
            "id": "n_59fcbe391f3be7749e0000c7",
            "weight": 0
          },
          {
            "id": "n_59fcbe391f3be7749e0000c9",
            "weight": 0
          }
        ],
        "space": [],
        "flags": [
          1
        ]
      }
    },
    {
      "type": "Feature",
      "geometry": {
        "type": "Point",
        "coordinates": [
          5.987683242580462,
          51.200102462667545
        ]
      },
      "properties": {
        "id": "n_59fcbe391f3be7749e0000c9",
        "map": "f_59fa1587a10b6d1f6b000000",
        "externalId": "NODE-6APY5XAO",
        "neighbors": [
          {
            "id": "n_59fcbe391f3be7749e0000c8",
            "weight": 0
          },
          {
            "id": "n_59fcbe391f3be7749e0000ca",
            "weight": 0
          },
          {
            "id": "n_5a0332324b3a915cdf000037",
            "weight": 0
          }
        ],
        "space": [],
        "flags": [
          1
        ]
      }
    },
    {
      "type": "Feature",
      "geometry": {
        "type": "Point",
        "coordinates": [
          5.987665285146137,
          51.20013496739398
        ]
      },
      "properties": {
        "id": "n_59fcbe391f3be7749e0000ca",
        "map": "f_59fa1587a10b6d1f6b000000",
        "externalId": "NODE-EOQW1131",
        "neighbors": [
          {
            "id": "n_59fcbe391f3be7749e0000c9",
            "weight": 0
          },
          {
            "id": "n_59fcbe191f3be7749e0000b7",
            "weight": 0
          }
        ],
        "space": [],
        "flags": [
          1
        ]
      }
    },
    {
      "type": "Feature",
      "geometry": {
        "type": "Point",
        "coordinates": [
          5.987855873405304,
          51.200077897890175
        ]
      },
      "properties": {
        "id": "n_59fcbe3b1f3be7749e0000cb",
        "map": "f_59fa1587a10b6d1f6b000000",
        "externalId": "NODE-A0C3ZFRO",
        "neighbors": [
          {
            "id": "n_59fcbe391f3be7749e0000c7",
            "weight": 0
          }
        ],
        "space": [
          "s_59fc6a5ba10b6d1f6b0002cc"
        ],
        "flags": [
          1
        ]
      }
    },
    {
      "type": "Feature",
      "geometry": {
        "type": "Point",
        "coordinates": [
          5.987564351325215,
          51.1999983423673
        ]
      },
      "properties": {
        "id": "n_59fcbe411f3be7749e0000cc",
        "map": "f_59fa1587a10b6d1f6b000000",
        "externalId": "NODE-ITNDLVX5",
        "neighbors": [
          {
            "id": "n_59fcbe391f3be7749e0000c7",
            "weight": 0
          }
        ],
        "space": [
          "s_5bcf812776a5b64902000006"
        ],
        "flags": [
          1
        ]
      }
    },
    {
      "type": "Feature",
      "geometry": {
        "type": "Point",
        "coordinates": [
          5.987896984176999,
          51.20002093646832
        ]
      },
      "properties": {
        "id": "n_59fcbe471f3be7749e0000cd",
        "map": "f_59fa1587a10b6d1f6b000000",
        "externalId": "NODE-RB8DI0TO",
        "neighbors": [
          {
            "id": "n_59fcbe391f3be7749e0000c5",
            "weight": 0
          }
        ],
        "space": [
          "s_59fc6a5ba10b6d1f6b0002c7"
        ],
        "flags": [
          1
        ]
      }
    },
    {
      "type": "Feature",
      "geometry": {
        "type": "Point",
        "coordinates": [
          5.987944504738441,
          51.19995125402281
        ]
      },
      "properties": {
        "id": "n_59fcbe4b1f3be7749e0000ce",
        "map": "f_59fa1587a10b6d1f6b000000",
        "externalId": "NODE-70PY2V89",
        "neighbors": [
          {
            "id": "n_59fcbe4c1f3be7749e0000cf",
            "weight": 0
          }
        ],
        "space": [
          "s_59fc6a5ba10b6d1f6b0002c8"
        ],
        "flags": [
          1
        ]
      }
    },
    {
      "type": "Feature",
      "geometry": {
        "type": "Point",
        "coordinates": [
          5.987840265357624,
          51.19990496225547
        ]
      },
      "properties": {
        "id": "n_59fcbe4c1f3be7749e0000cf",
        "map": "f_59fa1587a10b6d1f6b000000",
        "externalId": "NODE-YFKF7NZ6",
        "neighbors": [
          {
            "id": "n_59fcbe4b1f3be7749e0000ce",
            "weight": 0
          },
          {
            "id": "n_59fcbe391f3be7749e0000c2",
            "weight": 0
          },
          {
            "id": "n_59fcbe391f3be7749e0000c3",
            "weight": 0
          }
        ],
        "space": [],
        "flags": [
          1
        ]
      }
    },
    {
      "type": "Feature",
      "geometry": {
        "type": "Point",
        "coordinates": [
          5.9878086122649785,
          51.199778352490284
        ]
      },
      "properties": {
        "id": "n_59fcbe511f3be7749e0000d0",
        "map": "f_59fa1587a10b6d1f6b000000",
        "externalId": "NODE-XEQJAMDC",
        "neighbors": [
          {
            "id": "n_5a032ccb4b3a915cdf000011",
            "weight": 0
          }
        ],
        "space": [
          "s_5c0660dd8f0f7b2647000008"
        ],
        "flags": [
          1
        ]
      }
    },
    {
      "type": "Feature",
      "geometry": {
        "type": "Point",
        "coordinates": [
          5.988002119031984,
          51.199867520132
        ]
      },
      "properties": {
        "id": "n_59fcbe5b1f3be7749e0000d1",
        "map": "f_59fa1587a10b6d1f6b000000",
        "externalId": "NODE-H6ZXR868",
        "neighbors": [
          {
            "id": "n_5a032ccb4b3a915cdf000011",
            "weight": 0
          }
        ],
        "space": [
          "s_59fc6a5ba10b6d1f6b0002c9"
        ],
        "flags": [
          1
        ]
      }
    },
    {
      "type": "Feature",
      "geometry": {
        "type": "Point",
        "coordinates": [
          5.988111299077086,
          51.19979855964546
        ]
      },
      "properties": {
        "id": "n_59fcbe611f3be7749e0000d4",
        "map": "f_59fa1587a10b6d1f6b000000",
        "externalId": "NODE-AHQGQ5GA",
        "neighbors": [
          {
            "id": "n_59fcbe611f3be7749e0000d5",
            "weight": 0
          }
        ],
        "space": [
          "s_59fc6a5ca10b6d1f6b000328"
        ],
        "flags": [
          1
        ]
      }
    },
    {
      "type": "Feature",
      "geometry": {
        "type": "Point",
        "coordinates": [
          5.988111299077086,
          51.19979855964546
        ]
      },
      "properties": {
        "id": "n_59fcbe611f3be7749e0000d5",
        "map": "f_59fa1587a10b6d1f6b000000",
        "externalId": "NODE-XGOF1LIJ",
        "neighbors": [
          {
            "id": "n_59fcbe611f3be7749e0000d4",
            "weight": 0
          },
          {
            "id": "n_59fc7bf19adddd60fc000067",
            "weight": 0
          }
        ],
        "space": [
          "s_59fc6a5ca10b6d1f6b000328"
        ],
        "flags": [
          1
        ]
      }
    },
    {
      "type": "Feature",
      "geometry": {
        "type": "Point",
        "coordinates": [
          5.987977948823095,
          51.199637888114175
        ]
      },
      "properties": {
        "id": "n_59fcbe661f3be7749e0000d6",
        "map": "f_59fa1587a10b6d1f6b000000",
        "externalId": "NODE-YV2F978B",
        "neighbors": [
          {
            "id": "n_59fcbe671f3be7749e0000d7",
            "weight": 0
          }
        ],
        "space": [
          "s_59fc6a5ca10b6d1f6b00031b"
        ],
        "flags": [
          1
        ]
      }
    },
    {
      "type": "Feature",
      "geometry": {
        "type": "Point",
        "coordinates": [
          5.988084082724676,
          51.199710194800275
        ]
      },
      "properties": {
        "id": "n_59fcbe671f3be7749e0000d7",
        "map": "f_59fa1587a10b6d1f6b000000",
        "externalId": "NODE-QRGJGP9U",
        "neighbors": [
          {
            "id": "n_59fcbe661f3be7749e0000d6",
            "weight": 0
          },
          {
            "id": "n_59fc7bf19adddd60fc000067",
            "weight": 0
          },
          {
            "id": "n_59fc7bf19adddd60fc000068",
            "weight": 0
          }
        ],
        "space": [],
        "flags": [
          1
        ]
      }
    },
    {
      "type": "Feature",
      "geometry": {
        "type": "Point",
        "coordinates": [
          5.988188314058688,
          51.19973845237517
        ]
      },
      "properties": {
        "id": "n_59fcbe6d1f3be7749e0000da",
        "map": "f_59fa1587a10b6d1f6b000000",
        "externalId": "NODE-2WASOOR3",
        "neighbors": [
          {
            "id": "n_59fc7bf19adddd60fc000068",
            "weight": 0
          }
        ],
        "space": [
          "s_59fc6a5ba10b6d1f6b0002ce"
        ],
        "flags": [
          1
        ]
      }
    },
    {
      "type": "Feature",
      "geometry": {
        "type": "Point",
        "coordinates": [
          5.988093660226809,
          51.19956929534645
        ]
      },
      "properties": {
        "id": "n_59fcbe711f3be7749e0000db",
        "map": "f_59fa1587a10b6d1f6b000000",
        "externalId": "NODE-M2VOVAGW",
        "neighbors": [
          {
            "id": "n_59fcbe721f3be7749e0000dc",
            "weight": 0
          }
        ],
        "space": [
          "s_5c0651288f0f7b2647000003"
        ],
        "flags": [
          1
        ]
      }
    },
    {
      "type": "Feature",
      "geometry": {
        "type": "Point",
        "coordinates": [
          5.988196264403596,
          51.19964657615481
        ]
      },
      "properties": {
        "id": "n_59fcbe721f3be7749e0000dc",
        "map": "f_59fa1587a10b6d1f6b000000",
        "externalId": "NODE-N7LCL4UH",
        "neighbors": [
          {
            "id": "n_59fcbe711f3be7749e0000db",
            "weight": 0
          },
          {
            "id": "n_59fc7bf19adddd60fc000068",
            "weight": 0
          },
          {
            "id": "n_5d7126acfa02a728e0000001",
            "weight": 0
          }
        ],
        "space": [],
        "flags": [
          1
        ]
      }
    },
    {
      "type": "Feature",
      "geometry": {
        "type": "Point",
        "coordinates": [
          5.988174960856612,
          51.199553866852455
        ]
      },
      "properties": {
        "id": "n_59fcbe771f3be7749e0000de",
        "map": "f_59fa1587a10b6d1f6b000000",
        "externalId": "NODE-XJO3NQ4T",
        "neighbors": [
          {
            "id": "n_5d7126acfa02a728e0000001",
            "weight": 0
          }
        ],
        "space": [
          "s_5d70c39bfa02a762e3000000"
        ],
        "flags": [
          1
        ]
      }
    },
    {
      "type": "Feature",
      "geometry": {
        "type": "Point",
        "coordinates": [
          5.988742405081891,
          51.19972785459937
        ]
      },
      "properties": {
        "id": "n_59fcbe791f3be7749e0000df",
        "map": "f_59fa1587a10b6d1f6b000000",
        "externalId": "NODE-XKZOGKRT",
        "neighbors": [
          {
            "id": "n_62579da28eb9f4253d00001e",
            "weight": 0
          }
        ],
        "space": [
          "s_59fc6a5ba10b6d1f6b0002b0"
        ],
        "flags": [
          1
        ]
      }
    },
    {
      "type": "Feature",
      "geometry": {
        "type": "Point",
        "coordinates": [
          5.988030951641751,
          51.199294037866316
        ]
      },
      "properties": {
        "id": "n_59fcbf3f1f3be7749e0000e0",
        "map": "f_59fa1587a10b6d1f6b000000",
        "externalId": "NODE-BFA5G56U",
        "neighbors": [
          {
            "id": "n_59fcbf411f3be7749e0000e1",
            "weight": 0
          }
        ],
        "space": [
          "s_59fc6a5ba10b6d1f6b0002a6"
        ],
        "flags": [
          1
        ]
      }
    },
    {
      "type": "Feature",
      "geometry": {
        "type": "Point",
        "coordinates": [
          5.98820952964063,
          51.19923664580104
        ]
      },
      "properties": {
        "id": "n_59fcbf411f3be7749e0000e1",
        "map": "f_59fa1587a10b6d1f6b000000",
        "externalId": "NODE-N2HPOKWK",
        "neighbors": [
          {
            "id": "n_59fcbf3f1f3be7749e0000e0",
            "weight": 0
          },
          {
            "id": "n_59fcbf421f3be7749e0000e2",
            "weight": 0
          },
          {
            "id": "n_59fcbf461f3be7749e0000e4",
            "weight": 0
          },
          {
            "id": "n_68a87ff4a8bd702e5766e39e",
            "weight": 0
          }
        ],
        "space": [],
        "flags": [
          1
        ]
      }
    },
    {
      "type": "Feature",
      "geometry": {
        "type": "Point",
        "coordinates": [
          5.988399518271801,
          51.199176517094614
        ]
      },
      "properties": {
        "id": "n_59fcbf421f3be7749e0000e2",
        "map": "f_59fa1587a10b6d1f6b000000",
        "externalId": "NODE-330DPVFB",
        "neighbors": [
          {
            "id": "n_59fcbf411f3be7749e0000e1",
            "weight": 0
          }
        ],
        "space": [
          "s_59fc6a5ba10b6d1f6b0002c0"
        ],
        "flags": [
          1
        ]
      }
    },
    {
      "type": "Feature",
      "geometry": {
        "type": "Point",
        "coordinates": [
          5.987994741901338,
          51.19924145079938
        ]
      },
      "properties": {
        "id": "n_59fcbf451f3be7749e0000e3",
        "map": "f_59fa1587a10b6d1f6b000000",
        "externalId": "NODE-VY5KOVJN",
        "neighbors": [
          {
            "id": "n_59fcbf461f3be7749e0000e4",
            "weight": 0
          }
        ],
        "space": [
          "s_59fc6a5ba10b6d1f6b0002a7"
        ],
        "flags": [
          1
        ]
      }
    },
    {
      "type": "Feature",
      "geometry": {
        "type": "Point",
        "coordinates": [
          5.988166900977615,
          51.19918428179575
        ]
      },
      "properties": {
        "id": "n_59fcbf461f3be7749e0000e4",
        "map": "f_59fa1587a10b6d1f6b000000",
        "externalId": "NODE-XRXGW66K",
        "neighbors": [
          {
            "id": "n_59fcbf451f3be7749e0000e3",
            "weight": 0
          },
          {
            "id": "n_59fcbf411f3be7749e0000e1",
            "weight": 0
          },
          {
            "id": "n_59fcbf4c1f3be7749e0000e6",
            "weight": 0
          }
        ],
        "space": [],
        "flags": [
          1
        ]
      }
    },
    {
      "type": "Feature",
      "geometry": {
        "type": "Point",
        "coordinates": [
          5.988299549123946,
          51.19906163787709
        ]
      },
      "properties": {
        "id": "n_59fcbf4b1f3be7749e0000e5",
        "map": "f_59fa1587a10b6d1f6b000000",
        "externalId": "NODE-G09SCUWS",
        "neighbors": [
          {
            "id": "n_59fcbf4c1f3be7749e0000e6",
            "weight": 0
          }
        ],
        "space": [
          "s_59fc6a5ba10b6d1f6b0002c1"
        ],
        "flags": [
          1
        ]
      }
    },
    {
      "type": "Feature",
      "geometry": {
        "type": "Point",
        "coordinates": [
          5.988114365916525,
          51.199119748562104
        ]
      },
      "properties": {
        "id": "n_59fcbf4c1f3be7749e0000e6",
        "map": "f_59fa1587a10b6d1f6b000000",
        "externalId": "NODE-EOZ9KSWY",
        "neighbors": [
          {
            "id": "n_59fcbf4b1f3be7749e0000e5",
            "weight": 0
          },
          {
            "id": "n_59fc7c019adddd60fc00006c",
            "weight": 0
          },
          {
            "id": "n_59fcbf461f3be7749e0000e4",
            "weight": 0
          },
          {
            "id": "n_59fcbf4d1f3be7749e0000e7",
            "weight": 0
          }
        ],
        "space": [],
        "flags": [
          1
        ]
      }
    },
    {
      "type": "Feature",
      "geometry": {
        "type": "Point",
        "coordinates": [
          5.98794833088379,
          51.199174048321254
        ]
      },
      "properties": {
        "id": "n_59fcbf4d1f3be7749e0000e7",
        "map": "f_59fa1587a10b6d1f6b000000",
        "externalId": "NODE-BFW1GX15",
        "neighbors": [
          {
            "id": "n_59fcbf4c1f3be7749e0000e6",
            "weight": 0
          }
        ],
        "space": [
          "s_59fc6a5ba10b6d1f6b0002f6"
        ],
        "flags": [
          1
        ]
      }
    },
    {
      "type": "Feature",
      "geometry": {
        "type": "Point",
        "coordinates": [
          5.987862913564661,
          51.19913590471365
        ]
      },
      "properties": {
        "id": "n_59fcbf511f3be7749e0000e8",
        "map": "f_59fa1587a10b6d1f6b000000",
        "externalId": "NODE-55RPYX0E",
        "neighbors": [
          {
            "id": "n_59fc7c239adddd60fc00006e",
            "weight": 0
          }
        ],
        "space": [
          "s_59fc6a5ba10b6d1f6b0002f7"
        ],
        "flags": [
          1
        ]
      }
    },
    {
      "type": "Feature",
      "geometry": {
        "type": "Point",
        "coordinates": [
          5.987644584649578,
          51.19862153152868
        ]
      },
      "properties": {
        "id": "n_59fcbf6f1f3be7749e0000ec",
        "map": "f_59fa1587a10b6d1f6b000000",
        "externalId": "NODE-F0H7KDA7",
        "neighbors": [
          {
            "id": "n_59fcbf701f3be7749e0000ed",
            "weight": 0
          }
        ],
        "space": [
          "s_5c6aa27849cd5e2e63000000"
        ],
        "flags": [
          1
        ]
      }
    },
    {
      "type": "Feature",
      "geometry": {
        "type": "Point",
        "coordinates": [
          5.987939153757184,
          51.19868096384133
        ]
      },
      "properties": {
        "id": "n_59fcbf701f3be7749e0000ed",
        "map": "f_59fa1587a10b6d1f6b000000",
        "externalId": "NODE-EAMKXUPS",
        "neighbors": [
          {
            "id": "n_59fcbf6f1f3be7749e0000ec",
            "weight": 0
          },
          {
            "id": "n_59fcc3b51f3be773360000a5",
            "weight": 0
          },
          {
            "id": "n_59fcc3bb1f3be773360000a6",
            "weight": 0
          },
          {
            "id": "n_59fcc3c61f3be773360000aa",
            "weight": 0
          }
        ],
        "space": [],
        "flags": [
          1
        ]
      }
    },
    {
      "type": "Feature",
      "geometry": {
        "type": "Point",
        "coordinates": [
          5.9866596781477845,
          51.19824509268378
        ]
      },
      "properties": {
        "id": "n_59fcbf781f3be7749e0000ee",
        "map": "f_59fa1587a10b6d1f6b000000",
        "externalId": "NODE-II15Y3C4",
        "neighbors": [
          {
            "id": "n_5ac24e3d3e7e1800b4000000",
            "weight": 0
          }
        ],
        "space": [],
        "flags": [
          1
        ]
      }
    },
    {
      "type": "Feature",
      "geometry": {
        "type": "Point",
        "coordinates": [
          5.988065455247194,
          51.19824319609447
        ]
      },
      "properties": {
        "id": "n_59fcbf821f3be7749e0000ef",
        "map": "f_59fa1587a10b6d1f6b000000",
        "externalId": "NODE-EZOQZ8TA",
        "neighbors": [
          {
            "id": "n_59fcbf861f3be7749e0000f0",
            "weight": 0
          }
        ],
        "space": [
          "s_59fc6a5ba10b6d1f6b0002d5"
        ],
        "flags": [
          1
        ]
      }
    },
    {
      "type": "Feature",
      "geometry": {
        "type": "Point",
        "coordinates": [
          5.988019680768276,
          51.19833227682379
        ]
      },
      "properties": {
        "id": "n_59fcbf861f3be7749e0000f0",
        "map": "f_59fa1587a10b6d1f6b000000",
        "externalId": "NODE-IVQLLY4L",
        "neighbors": [
          {
            "id": "n_59fcbf821f3be7749e0000ef",
            "weight": 0
          },
          {
            "id": "n_59fc7aba9adddd60fc000046",
            "weight": 0
          },
          {
            "id": "n_5a0331ec4b3a915cdf00002d",
            "weight": 0
          }
        ],
        "space": [],
        "flags": [
          1
        ]
      }
    },
    {
      "type": "Feature",
      "geometry": {
        "type": "Point",
        "coordinates": [
          5.988144993183645,
          51.198283228647455
        ]
      },
      "properties": {
        "id": "n_59fcbf961f3be7749e0000f1",
        "map": "f_59fa1587a10b6d1f6b000000",
        "externalId": "NODE-SORQUPJN",
        "neighbors": [
          {
            "id": "n_59fc7aba9adddd60fc000046",
            "weight": 0
          }
        ],
        "space": [
          "s_59fc6a5ba10b6d1f6b0002ed"
        ],
        "flags": [
          1
        ]
      }
    },
    {
      "type": "Feature",
      "geometry": {
        "type": "Point",
        "coordinates": [
          5.988240550552265,
          51.198471633464855
        ]
      },
      "properties": {
        "id": "n_59fcbf9e1f3be7749e0000f3",
        "map": "f_59fa1587a10b6d1f6b000000",
        "externalId": "NODE-BIBUK7CV",
        "neighbors": [
          {
            "id": "n_59fc7c539adddd60fc000084",
            "weight": 0
          }
        ],
        "space": [
          "s_59fc6a5ba10b6d1f6b0002c6"
        ],
        "flags": [
          1
        ]
      }
    },
    {
      "type": "Feature",
      "geometry": {
        "type": "Point",
        "coordinates": [
          5.98813441928981,
          51.19853970344051
        ]
      },
      "properties": {
        "id": "n_59fcbfae1f3be7749e0000f5",
        "map": "f_59fa1587a10b6d1f6b000000",
        "externalId": "NODE-MNO4MB3M",
        "neighbors": [
          {
            "id": "n_59fc7c359adddd60fc000082",
            "weight": 0
          }
        ],
        "space": [
          "s_5c0fdb539739883270000000"
        ],
        "flags": [
          1
        ]
      }
    },
    {
      "type": "Feature",
      "geometry": {
        "type": "Point",
        "coordinates": [
          5.988625740087098,
          51.19841343222629
        ]
      },
      "properties": {
        "id": "n_59fcc0151f3be77336000000",
        "map": "f_59fa1587a10b6d1f6b000000",
        "externalId": "NODE-WDQJIKQD",
        "neighbors": [
          {
            "id": "n_59fcc0161f3be77336000001",
            "weight": 0
          }
        ],
        "space": [
          "s_59fc6a5ba10b6d1f6b0002d6"
        ],
        "flags": [
          1
        ]
      }
    },
    {
      "type": "Feature",
      "geometry": {
        "type": "Point",
        "coordinates": [
          5.988586904819411,
          51.198488775872
        ]
      },
      "properties": {
        "id": "n_59fcc0161f3be77336000001",
        "map": "f_59fa1587a10b6d1f6b000000",
        "externalId": "NODE-3LO2NIPV",
        "neighbors": [
          {
            "id": "n_59fcc0151f3be77336000000",
            "weight": 0
          },
          {
            "id": "n_59fc7acc9adddd60fc00004a",
            "weight": 0
          },
          {
            "id": "n_59fcc0171f3be77336000002",
            "weight": 0
          },
          {
            "id": "n_59fcc01a1f3be77336000004",
            "weight": 0
          }
        ],
        "space": [],
        "flags": [
          1
        ]
      }
    },
    {
      "type": "Feature",
      "geometry": {
        "type": "Point",
        "coordinates": [
          5.988554764177053,
          51.19855347768512
        ]
      },
      "properties": {
        "id": "n_59fcc0171f3be77336000002",
        "map": "f_59fa1587a10b6d1f6b000000",
        "externalId": "NODE-EB4KGDKE",
        "neighbors": [
          {
            "id": "n_59fcc0161f3be77336000001",
            "weight": 0
          }
        ],
        "space": [
          "s_59fc6a5ba10b6d1f6b0002e4"
        ],
        "flags": [
          1
        ]
      }
    },
    {
      "type": "Feature",
      "geometry": {
        "type": "Point",
        "coordinates": [
          5.988667254129299,
          51.19857906394871
        ]
      },
      "properties": {
        "id": "n_59fcc01a1f3be77336000003",
        "map": "f_59fa1587a10b6d1f6b000000",
        "externalId": "NODE-WM6WNW6B",
        "neighbors": [
          {
            "id": "n_59fcc01a1f3be77336000004",
            "weight": 0
          }
        ],
        "space": [
          "s_59fc6a5ba10b6d1f6b0002e3"
        ],
        "flags": [
          1
        ]
      }
    },
    {
      "type": "Feature",
      "geometry": {
        "type": "Point",
        "coordinates": [
          5.9887008419788055,
          51.19851176301459
        ]
      },
      "properties": {
        "id": "n_59fcc01a1f3be77336000004",
        "map": "f_59fa1587a10b6d1f6b000000",
        "externalId": "NODE-9CSJBVRW",
        "neighbors": [
          {
            "id": "n_59fcc01a1f3be77336000003",
            "weight": 0
          },
          {
            "id": "n_59fcc0161f3be77336000001",
            "weight": 0
          },
          {
            "id": "n_59fcc01b1f3be77336000005",
            "weight": 0
          },
          {
            "id": "n_59fcc0241f3be77336000007",
            "weight": 0
          }
        ],
        "space": [],
        "flags": [
          1
        ]
      }
    },
    {
      "type": "Feature",
      "geometry": {
        "type": "Point",
        "coordinates": [
          5.98873126283165,
          51.19845255673715
        ]
      },
      "properties": {
        "id": "n_59fcc01b1f3be77336000005",
        "map": "f_59fa1587a10b6d1f6b000000",
        "externalId": "NODE-EP49I7SK",
        "neighbors": [
          {
            "id": "n_59fcc01a1f3be77336000004",
            "weight": 0
          }
        ],
        "space": [
          "s_59fc6a5ba10b6d1f6b0002d7"
        ],
        "flags": [
          1
        ]
      }
    },
    {
      "type": "Feature",
      "geometry": {
        "type": "Point",
        "coordinates": [
          5.9887675226767545,
          51.19860187029287
        ]
      },
      "properties": {
        "id": "n_59fcc0231f3be77336000006",
        "map": "f_59fa1587a10b6d1f6b000000",
        "externalId": "NODE-GEFDYUFN",
        "neighbors": [
          {
            "id": "n_59fcc0241f3be77336000007",
            "weight": 0
          }
        ],
        "space": [
          "s_59fc6a5ba10b6d1f6b0002e6"
        ],
        "flags": [
          1
        ]
      }
    },
    {
      "type": "Feature",
      "geometry": {
        "type": "Point",
        "coordinates": [
          5.988803663415376,
          51.19853250741413
        ]
      },
      "properties": {
        "id": "n_59fcc0241f3be77336000007",
        "map": "f_59fa1587a10b6d1f6b000000",
        "externalId": "NODE-GITUD79G",
        "neighbors": [
          {
            "id": "n_59fcc0231f3be77336000006",
            "weight": 0
          },
          {
            "id": "n_59fcc01a1f3be77336000004",
            "weight": 0
          },
          {
            "id": "n_59fcc0251f3be77336000008",
            "weight": 0
          },
          {
            "id": "n_59fcc02c1f3be7733600000a",
            "weight": 0
          }
        ],
        "space": [],
        "flags": [
          1
        ]
      }
    },
    {
      "type": "Feature",
      "geometry": {
        "type": "Point",
        "coordinates": [
          5.988834084149775,
          51.198473301110035
        ]
      },
      "properties": {
        "id": "n_59fcc0251f3be77336000008",
        "map": "f_59fa1587a10b6d1f6b000000",
        "externalId": "NODE-D3L0RHS7",
        "neighbors": [
          {
            "id": "n_59fcc0241f3be77336000007",
            "weight": 0
          }
        ],
        "space": [
          "s_59fc6a5ba10b6d1f6b0002d9"
        ],
        "flags": [
          1
        ]
      }
    },
    {
      "type": "Feature",
      "geometry": {
        "type": "Point",
        "coordinates": [
          5.988867916919262,
          51.198622345563535
        ]
      },
      "properties": {
        "id": "n_59fcc02b1f3be77336000009",
        "map": "f_59fa1587a10b6d1f6b000000",
        "externalId": "NODE-NGZ7UZIP",
        "neighbors": [
          {
            "id": "n_59fcc02c1f3be7733600000a",
            "weight": 0
          }
        ],
        "space": [
          "s_59fc6a5ba10b6d1f6b0002e5"
        ],
        "flags": [
          1
        ]
      }
    },
    {
      "type": "Feature",
      "geometry": {
        "type": "Point",
        "coordinates": [
          5.988903705983079,
          51.19855269106772
        ]
      },
      "properties": {
        "id": "n_59fcc02c1f3be7733600000a",
        "map": "f_59fa1587a10b6d1f6b000000",
        "externalId": "NODE-9NY4ZNV6",
        "neighbors": [
          {
            "id": "n_59fcc02b1f3be77336000009",
            "weight": 0
          },
          {
            "id": "n_59fcc0241f3be77336000007",
            "weight": 0
          },
          {
            "id": "n_59fcc0341f3be7733600000c",
            "weight": 0
          },
          {
            "id": "n_59fcc8ba1f3be77336000125",
            "weight": 0
          }
        ],
        "space": [],
        "flags": [
          1
        ]
      }
    },
    {
      "type": "Feature",
      "geometry": {
        "type": "Point",
        "coordinates": [
          5.988934588066577,
          51.19849234783932
        ]
      },
      "properties": {
        "id": "n_59fcc0341f3be7733600000c",
        "map": "f_59fa1587a10b6d1f6b000000",
        "externalId": "NODE-PH4X1Q8M",
        "neighbors": [
          {
            "id": "n_59fcc02c1f3be7733600000a",
            "weight": 0
          }
        ],
        "space": [
          "s_59fc6a5ba10b6d1f6b0002d8"
        ],
        "flags": [
          1
        ]
      }
    },
    {
      "type": "Feature",
      "geometry": {
        "type": "Point",
        "coordinates": [
          5.989174965703997,
          51.19871980840331
        ]
      },
      "properties": {
        "id": "n_59fcc04b1f3be7733600000e",
        "map": "f_59fa1587a10b6d1f6b000000",
        "externalId": "NODE-73EDSJHU",
        "neighbors": [
          {
            "id": "n_59fcc04c1f3be7733600000f",
            "weight": 0
          }
        ],
        "space": [
          "s_59fc6a5ba10b6d1f6b0002e7"
        ],
        "flags": [
          1
        ]
      }
    },
    {
      "type": "Feature",
      "geometry": {
        "type": "Point",
        "coordinates": [
          5.9892288449335265,
          51.19861828735279
        ]
      },
      "properties": {
        "id": "n_59fcc04c1f3be7733600000f",
        "map": "f_59fa1587a10b6d1f6b000000",
        "externalId": "NODE-3653LYKA",
        "neighbors": [
          {
            "id": "n_59fcc04b1f3be7733600000e",
            "weight": 0
          },
          {
            "id": "n_59fcc0591f3be77336000010",
            "weight": 0
          },
          {
            "id": "n_59fcc8ba1f3be77336000125",
            "weight": 0
          },
          {
            "id": "n_6a68b7df28bc21443ff6ffae",
            "weight": 0
          }
        ],
        "space": [],
        "flags": [
          1
        ]
      }
    },
    {
      "type": "Feature",
      "geometry": {
        "type": "Point",
        "coordinates": [
          5.989263465458267,
          51.19854947335606
        ]
      },
      "properties": {
        "id": "n_59fcc0591f3be77336000010",
        "map": "f_59fa1587a10b6d1f6b000000",
        "externalId": "NODE-NIP58MKH",
        "neighbors": [
          {
            "id": "n_59fcc04c1f3be7733600000f",
            "weight": 0
          }
        ],
        "space": [
          "s_59fc6a5ca10b6d1f6b000325"
        ],
        "flags": [
          1
        ]
      }
    },
    {
      "type": "Feature",
      "geometry": {
        "type": "Point",
        "coordinates": [
          5.989427087677778,
          51.19860254778579
        ]
      },
      "properties": {
        "id": "n_59fcc0611f3be77336000011",
        "map": "f_59fa1587a10b6d1f6b000000",
        "externalId": "NODE-309APDRY",
        "neighbors": [
          {
            "id": "n_5a01ce4a4b3a911e1d000002",
            "weight": 0
          }
        ],
        "space": [
          "s_59fc6a5ba10b6d1f6b0002e0"
        ],
        "flags": [
          1
        ]
      }
    },
    {
      "type": "Feature",
      "geometry": {
        "type": "Point",
        "coordinates": [
          5.989530899211501,
          51.19862733492448
        ]
      },
      "properties": {
        "id": "n_59fcc0d31f3be77336000013",
        "map": "f_59fa1587a10b6d1f6b000000",
        "externalId": "NODE-AA5TXFLK",
        "neighbors": [
          {
            "id": "n_5b7ad8f620a5b4691f000000",
            "weight": 0
          }
        ],
        "space": [
          "s_59fc6a5ca10b6d1f6b00033d"
        ],
        "flags": [
          1
        ]
      }
    },
    {
      "type": "Feature",
      "geometry": {
        "type": "Point",
        "coordinates": [
          5.989432481473978,
          51.198818885287814
        ]
      },
      "properties": {
        "id": "n_59fcc0ee1f3be7733600001d",
        "map": "f_59fa1587a10b6d1f6b000000",
        "externalId": "NODE-VC3UA1US",
        "neighbors": [
          {
            "id": "n_5b7ad8fb20a5b4691f000001",
            "weight": 0
          }
        ],
        "space": [
          "s_59fc6a5ba10b6d1f6b0002e8"
        ],
        "flags": [
          1
        ]
      }
    },
    {
      "type": "Feature",
      "geometry": {
        "type": "Point",
        "coordinates": [
          5.989860391430707,
          51.1988456347842
        ]
      },
      "properties": {
        "id": "n_59fcc0f51f3be7733600001f",
        "map": "f_59fa1587a10b6d1f6b000000",
        "externalId": "NODE-J8FGG160",
        "neighbors": [
          {
            "id": "n_59fcc1011f3be77336000022",
            "weight": 0
          },
          {
            "id": "n_5a01ce434b3a911e1d000000",
            "weight": 0
          },
          {
            "id": "n_6303b0fa924f0f575068a476",
            "weight": 0
          }
        ],
        "space": [],
        "flags": [
          1
        ]
      }
    },
    {
      "type": "Feature",
      "geometry": {
        "type": "Point",
        "coordinates": [
          5.9901270654247325,
          51.19878027767498
        ]
      },
      "properties": {
        "id": "n_59fcc0ff1f3be77336000021",
        "map": "f_59fa1587a10b6d1f6b000000",
        "externalId": "NODE-4PAR7LQW",
        "neighbors": [
          {
            "id": "n_59fcc1011f3be77336000022",
            "weight": 0
          }
        ],
        "space": [
          "s_59fc6a5ba10b6d1f6b0002df"
        ],
        "flags": [
          1
        ]
      }
    },
    {
      "type": "Feature",
      "geometry": {
        "type": "Point",
        "coordinates": [
          5.990071594922699,
          51.198888242717246
        ]
      },
      "properties": {
        "id": "n_59fcc1011f3be77336000022",
        "map": "f_59fa1587a10b6d1f6b000000",
        "externalId": "NODE-F33OPSQQ",
        "neighbors": [
          {
            "id": "n_59fcc0ff1f3be77336000021",
            "weight": 0
          },
          {
            "id": "n_59fcc0f51f3be7733600001f",
            "weight": 0
          },
          {
            "id": "n_5a03320e4b3a915cdf000036",
            "weight": 0
          },
          {
            "id": "n_68308434913fe71f13876a48",
            "weight": 0
          }
        ],
        "space": [],
        "flags": [
          1
        ]
      }
    },
    {
      "type": "Feature",
      "geometry": {
        "type": "Point",
        "coordinates": [
          5.990311435524202,
          51.19885990659282
        ]
      },
      "properties": {
        "id": "n_59fcc1021f3be77336000023",
        "map": "f_59fa1587a10b6d1f6b000000",
        "externalId": "NODE-VY08QBCP",
        "neighbors": [
          {
            "id": "n_59fcc1031f3be77336000024",
            "weight": 0
          }
        ],
        "space": [
          "s_62bc7a0b3da142df562484d4"
        ],
        "flags": [
          1
        ]
      }
    },
    {
      "type": "Feature",
      "geometry": {
        "type": "Point",
        "coordinates": [
          5.990271682801804,
          51.19892860777677
        ]
      },
      "properties": {
        "id": "n_59fcc1031f3be77336000024",
        "map": "f_59fa1587a10b6d1f6b000000",
        "externalId": "NODE-R0D0FUPL",
        "neighbors": [
          {
            "id": "n_59fcc1021f3be77336000023",
            "weight": 0
          },
          {
            "id": "n_59fcc1051f3be77336000025",
            "weight": 0
          },
          {
            "id": "n_59fcc10b1f3be77336000027",
            "weight": 0
          },
          {
            "id": "n_5a03320e4b3a915cdf000036",
            "weight": 0
          }
        ],
        "space": [],
        "flags": [
          1
        ]
      }
    },
    {
      "type": "Feature",
      "geometry": {
        "type": "Point",
        "coordinates": [
          5.990228316191733,
          51.19901349230942
        ]
      },
      "properties": {
        "id": "n_59fcc1051f3be77336000025",
        "map": "f_59fa1587a10b6d1f6b000000",
        "externalId": "NODE-WIET06RB",
        "neighbors": [
          {
            "id": "n_59fcc1031f3be77336000024",
            "weight": 0
          }
        ],
        "space": [
          "s_59fc6a5ba10b6d1f6b0002eb"
        ],
        "flags": [
          1
        ]
      }
    },
    {
      "type": "Feature",
      "geometry": {
        "type": "Point",
        "coordinates": [
          5.990328782277609,
          51.19903237610957
        ]
      },
      "properties": {
        "id": "n_59fcc1091f3be77336000026",
        "map": "f_59fa1587a10b6d1f6b000000",
        "externalId": "NODE-0IRJ75KU",
        "neighbors": [
          {
            "id": "n_59fcc10b1f3be77336000027",
            "weight": 0
          }
        ],
        "space": [
          "s_59fc6a5ba10b6d1f6b0002e9"
        ],
        "flags": [
          1
        ]
      }
    },
    {
      "type": "Feature",
      "geometry": {
        "type": "Point",
        "coordinates": [
          5.990371726872845,
          51.198948790178584
        ]
      },
      "properties": {
        "id": "n_59fcc10b1f3be77336000027",
        "map": "f_59fa1587a10b6d1f6b000000",
        "externalId": "NODE-HU96NPVL",
        "neighbors": [
          {
            "id": "n_59fcc1091f3be77336000026",
            "weight": 0
          },
          {
            "id": "n_59fcc1031f3be77336000024",
            "weight": 0
          },
          {
            "id": "n_59fcc10e1f3be77336000029",
            "weight": 0
          }
        ],
        "space": [],
        "flags": [
          1
        ]
      }
    },
    {
      "type": "Feature",
      "geometry": {
        "type": "Point",
        "coordinates": [
          5.990434384619443,
          51.19905367970203
        ]
      },
      "properties": {
        "id": "n_59fcc10d1f3be77336000028",
        "map": "f_59fa1587a10b6d1f6b000000",
        "externalId": "NODE-32UD7990",
        "neighbors": [
          {
            "id": "n_59fcc10e1f3be77336000029",
            "weight": 0
          }
        ],
        "space": [
          "s_59fc6a5ba10b6d1f6b0002ea"
        ],
        "flags": [
          1
        ]
      }
    },
    {
      "type": "Feature",
      "geometry": {
        "type": "Point",
        "coordinates": [
          5.990477329042931,
          51.19897009373238
        ]
      },
      "properties": {
        "id": "n_59fcc10e1f3be77336000029",
        "map": "f_59fa1587a10b6d1f6b000000",
        "externalId": "NODE-D4WHVHU4",
        "neighbors": [
          {
            "id": "n_59fcc10d1f3be77336000028",
            "weight": 0
          },
          {
            "id": "n_59fcc10b1f3be77336000027",
            "weight": 0
          },
          {
            "id": "n_59fcc10f1f3be7733600002a",
            "weight": 0
          },
          {
            "id": "n_59fcc11c1f3be7733600002e",
            "weight": 0
          }
        ],
        "space": [],
        "flags": [
          1
        ]
      }
    },
    {
      "type": "Feature",
      "geometry": {
        "type": "Point",
        "coordinates": [
          5.990514905285656,
          51.19889695599603
        ]
      },
      "properties": {
        "id": "n_59fcc10f1f3be7733600002a",
        "map": "f_59fa1587a10b6d1f6b000000",
        "externalId": "NODE-AMLQKV4L",
        "neighbors": [
          {
            "id": "n_59fcc10e1f3be77336000029",
            "weight": 0
          }
        ],
        "space": [
          "s_62bc7a0b3da142df562484d4"
        ],
        "flags": [
          1
        ]
      }
    },
    {
      "type": "Feature",
      "geometry": {
        "type": "Point",
        "coordinates": [
          5.990554381272273,
          51.19918689485394
        ]
      },
      "properties": {
        "id": "n_59fcc1151f3be7733600002b",
        "map": "f_59fa1587a10b6d1f6b000000",
        "externalId": "NODE-9O2NK5TT",
        "neighbors": [
          {
            "id": "n_59fcc1161f3be7733600002c",
            "weight": 0
          }
        ],
        "space": [
          "s_59fc6a5ca10b6d1f6b00035c"
        ],
        "flags": [
          1
        ]
      }
    },
    {
      "type": "Feature",
      "geometry": {
        "type": "Point",
        "coordinates": [
          5.990650424236167,
          51.19920626972989
        ]
      },
      "properties": {
        "id": "n_59fcc1161f3be7733600002c",
        "map": "f_59fa1587a10b6d1f6b000000",
        "externalId": "NODE-0JDYQHXJ",
        "neighbors": [
          {
            "id": "n_59fcc1151f3be7733600002b",
            "weight": 0
          },
          {
            "id": "n_59fcc1881f3be77336000054",
            "weight": 0
          },
          {
            "id": "n_59fcc18d1f3be77336000056",
            "weight": 0
          }
        ],
        "space": [],
        "flags": [
          1
        ]
      }
    },
    {
      "type": "Feature",
      "geometry": {
        "type": "Point",
        "coordinates": [
          5.990539466265862,
          51.19912423149585
        ]
      },
      "properties": {
        "id": "n_59fcc11b1f3be7733600002d",
        "map": "f_59fa1587a10b6d1f6b000000",
        "externalId": "NODE-1DI1RBTR",
        "neighbors": [
          {
            "id": "n_59fcc11c1f3be7733600002e",
            "weight": 0
          }
        ],
        "space": [
          "s_59fc6a5ca10b6d1f6b00035c"
        ],
        "flags": [
          1
        ]
      }
    },
    {
      "type": "Feature",
      "geometry": {
        "type": "Point",
        "coordinates": [
          5.990605484002499,
          51.19899574212736
        ]
      },
      "properties": {
        "id": "n_59fcc11c1f3be7733600002e",
        "map": "f_59fa1587a10b6d1f6b000000",
        "externalId": "NODE-4B7TIMRF",
        "neighbors": [
          {
            "id": "n_59fcc11b1f3be7733600002d",
            "weight": 0
          },
          {
            "id": "n_59fcc10e1f3be77336000029",
            "weight": 0
          },
          {
            "id": "n_59fcc1231f3be7733600002f",
            "weight": 0
          },
          {
            "id": "n_5a01cfc04b3a911e1d000006",
            "weight": 0
          }
        ],
        "space": [],
        "flags": [
          1
        ]
      }
    },
    {
      "type": "Feature",
      "geometry": {
        "type": "Point",
        "coordinates": [
          5.990654300744216,
          51.198902629316436
        ]
      },
      "properties": {
        "id": "n_59fcc1231f3be7733600002f",
        "map": "f_59fa1587a10b6d1f6b000000",
        "externalId": "NODE-KIAGRGGF",
        "neighbors": [
          {
            "id": "n_59fcc11c1f3be7733600002e",
            "weight": 0
          }
        ],
        "space": [
          "s_59fc6a5ca10b6d1f6b00033e"
        ],
        "flags": [
          1
        ]
      }
    },
    {
      "type": "Feature",
      "geometry": {
        "type": "Point",
        "coordinates": [
          5.990691650645943,
          51.19912602712342
        ]
      },
      "properties": {
        "id": "n_59fcc12b1f3be77336000030",
        "map": "f_59fa1587a10b6d1f6b000000",
        "externalId": "NODE-K9BRQDN5",
        "neighbors": [
          {
            "id": "n_59fcc17f1f3be77336000052",
            "weight": 0
          },
          {
            "id": "n_59fcc1881f3be77336000054",
            "weight": 0
          },
          {
            "id": "n_5a01cfef4b3a911e1d000019",
            "weight": 0
          }
        ],
        "space": [],
        "flags": [
          1
        ]
      }
    },
    {
      "type": "Feature",
      "geometry": {
        "type": "Point",
        "coordinates": [
          5.990946860206744,
          51.19894233112635
        ]
      },
      "properties": {
        "id": "n_59fcc14a1f3be7733600004d",
        "map": "f_59fa1587a10b6d1f6b000000",
        "externalId": "NODE-PBIU3T5G",
        "neighbors": [
          {
            "id": "n_5a01cfe44b3a911e1d000016",
            "weight": 0
          }
        ],
        "space": [
          "s_5bc0d723992c1b123d000008"
        ],
        "flags": [
          1
        ]
      }
    },
    {
      "type": "Feature",
      "geometry": {
        "type": "Point",
        "coordinates": [
          5.990844728575349,
          51.199078803263575
        ]
      },
      "properties": {
        "id": "n_59fcc15d1f3be7733600004f",
        "map": "f_59fa1587a10b6d1f6b000000",
        "externalId": "NODE-QGPU2GVK",
        "neighbors": [
          {
            "id": "n_5a01cfef4b3a911e1d000019",
            "weight": 0
          }
        ],
        "space": [
          "s_5d71289bfa02a728e0000003"
        ],
        "flags": [
          1
        ]
      }
    },
    {
      "type": "Feature",
      "geometry": {
        "type": "Point",
        "coordinates": [
          5.990908034053865,
          51.199016237051445
        ]
      },
      "properties": {
        "id": "n_59fcc16c1f3be77336000050",
        "map": "f_59fa1587a10b6d1f6b000000",
        "externalId": "NODE-OX4MYCQ4",
        "neighbors": [
          {
            "id": "n_5a01cfe44b3a911e1d000016",
            "weight": 0
          }
        ],
        "space": [
          "s_5d71289bfa02a728e0000003"
        ],
        "flags": [
          1
        ]
      }
    },
    {
      "type": "Feature",
      "geometry": {
        "type": "Point",
        "coordinates": [
          5.990808047372839,
          51.19915019972849
        ]
      },
      "properties": {
        "id": "n_59fcc17f1f3be77336000052",
        "map": "f_59fa1587a10b6d1f6b000000",
        "externalId": "NODE-9M6T8O76",
        "neighbors": [
          {
            "id": "n_59fcc12b1f3be77336000030",
            "weight": 0
          }
        ],
        "space": [
          "s_59fc6a5ca10b6d1f6b00033f"
        ],
        "flags": [
          1
        ]
      }
    },
    {
      "type": "Feature",
      "geometry": {
        "type": "Point",
        "coordinates": [
          5.990781205174088,
          51.19920005748518
        ]
      },
      "properties": {
        "id": "n_59fcc1861f3be77336000053",
        "map": "f_59fa1587a10b6d1f6b000000",
        "externalId": "NODE-CA8SR2E8",
        "neighbors": [
          {
            "id": "n_59fcc1881f3be77336000054",
            "weight": 0
          }
        ],
        "space": [
          "s_59fc6a5ca10b6d1f6b000327"
        ],
        "flags": [
          1
        ]
      }
    },
    {
      "type": "Feature",
      "geometry": {
        "type": "Point",
        "coordinates": [
          5.9906653115673745,
          51.199177293234776
        ]
      },
      "properties": {
        "id": "n_59fcc1881f3be77336000054",
        "map": "f_59fa1587a10b6d1f6b000000",
        "externalId": "NODE-R5D0TPA4",
        "neighbors": [
          {
            "id": "n_59fcc1861f3be77336000053",
            "weight": 0
          },
          {
            "id": "n_59fcc1161f3be7733600002c",
            "weight": 0
          },
          {
            "id": "n_59fcc12b1f3be77336000030",
            "weight": 0
          }
        ],
        "space": [],
        "flags": [
          1
        ]
      }
    },
    {
      "type": "Feature",
      "geometry": {
        "type": "Point",
        "coordinates": [
          5.99074131910868,
          51.199271960568375
        ]
      },
      "properties": {
        "id": "n_59fcc18c1f3be77336000055",
        "map": "f_59fa1587a10b6d1f6b000000",
        "externalId": "NODE-PA3AYGIU",
        "neighbors": [
          {
            "id": "n_59fcc18d1f3be77336000056",
            "weight": 0
          }
        ],
        "space": [
          "s_59fc6a5ba10b6d1f6b0002db"
        ],
        "flags": [
          1
        ]
      }
    },
    {
      "type": "Feature",
      "geometry": {
        "type": "Point",
        "coordinates": [
          5.990627950056465,
          51.19925001308913
        ]
      },
      "properties": {
        "id": "n_59fcc18d1f3be77336000056",
        "map": "f_59fa1587a10b6d1f6b000000",
        "externalId": "NODE-NU8TBT79",
        "neighbors": [
          {
            "id": "n_59fcc18c1f3be77336000055",
            "weight": 0
          },
          {
            "id": "n_59fcc1161f3be7733600002c",
            "weight": 0
          },
          {
            "id": "n_59fcc1971f3be77336000059",
            "weight": 0
          }
        ],
        "space": [],
        "flags": [
          1
        ]
      }
    },
    {
      "type": "Feature",
      "geometry": {
        "type": "Point",
        "coordinates": [
          5.990680869690876,
          51.19944549451351
        ]
      },
      "properties": {
        "id": "n_59fcc1961f3be77336000058",
        "map": "f_59fa1587a10b6d1f6b000000",
        "externalId": "NODE-AB9JGQJV",
        "neighbors": [
          {
            "id": "n_59fcc1971f3be77336000059",
            "weight": 0
          }
        ],
        "space": [
          "s_59fc6a5ca10b6d1f6b000340"
        ],
        "flags": [
          1
        ]
      }
    },
    {
      "type": "Feature",
      "geometry": {
        "type": "Point",
        "coordinates": [
          5.990541917929593,
          51.19941746374299
        ]
      },
      "properties": {
        "id": "n_59fcc1971f3be77336000059",
        "map": "f_59fa1587a10b6d1f6b000000",
        "externalId": "NODE-2ZGSOWA8",
        "neighbors": [
          {
            "id": "n_59fcc1961f3be77336000058",
            "weight": 0
          },
          {
            "id": "n_59fcc3271f3be77336000089",
            "weight": 0
          },
          {
            "id": "n_59fcc18d1f3be77336000056",
            "weight": 0
          }
        ],
        "space": [],
        "flags": [
          1
        ]
      }
    },
    {
      "type": "Feature",
      "geometry": {
        "type": "Point",
        "coordinates": [
          5.988321281143255,
          51.19937844293672
        ]
      },
      "properties": {
        "id": "n_59fcc2b81f3be7733600005c",
        "map": "f_59fa1587a10b6d1f6b000000",
        "externalId": "NODE-ELEP7YVW",
        "neighbors": [
          {
            "id": "n_59fcc2b91f3be7733600005d",
            "weight": 0
          },
          {
            "id": "n_59fc7bf19adddd60fc00006a",
            "weight": 0
          },
          {
            "id": "n_68a87ff4a8bd702e5766e39e",
            "weight": 0
          }
        ],
        "space": [],
        "flags": [
          1
        ]
      }
    },
    {
      "type": "Feature",
      "geometry": {
        "type": "Point",
        "coordinates": [
          5.98848936222934,
          51.199322563395455
        ]
      },
      "properties": {
        "id": "n_59fcc2b91f3be7733600005d",
        "map": "f_59fa1587a10b6d1f6b000000",
        "externalId": "NODE-21W90BHW",
        "neighbors": [
          {
            "id": "n_59fcc2b81f3be7733600005c",
            "weight": 0
          }
        ],
        "space": [
          "s_59fc6a5ba10b6d1f6b0002d4"
        ],
        "flags": [
          1
        ]
      }
    },
    {
      "type": "Feature",
      "geometry": {
        "type": "Point",
        "coordinates": [
          5.988646044279858,
          51.19938246398676
        ]
      },
      "properties": {
        "id": "n_59fcc2c01f3be7733600005e",
        "map": "f_59fa1587a10b6d1f6b000000",
        "externalId": "NODE-HEXQBE8I",
        "neighbors": [
          {
            "id": "n_5bd076d276a5b62586000007",
            "weight": 0
          }
        ],
        "space": [
          "s_59fc6a5ba10b6d1f6b0002d4"
        ],
        "flags": [
          1
        ]
      }
    },
    {
      "type": "Feature",
      "geometry": {
        "type": "Point",
        "coordinates": [
          5.988649415399089,
          51.199487802748905
        ]
      },
      "properties": {
        "id": "n_59fcc2c11f3be7733600005f",
        "map": "f_59fa1587a10b6d1f6b000000",
        "externalId": "NODE-LA0S0CS5",
        "neighbors": [
          {
            "id": "n_59fc7d4f9adddd60fc0000d7",
            "weight": 0
          },
          {
            "id": "n_5bd076d276a5b62586000007",
            "weight": 0
          }
        ],
        "space": [],
        "flags": [
          1
        ]
      }
    },
    {
      "type": "Feature",
      "geometry": {
        "type": "Point",
        "coordinates": [
          5.98875538120794,
          51.19946610900905
        ]
      },
      "properties": {
        "id": "n_59fcc2c61f3be77336000061",
        "map": "f_59fa1587a10b6d1f6b000000",
        "externalId": "NODE-BAZ73KDT",
        "neighbors": [
          {
            "id": "n_5bd076d276a5b62586000007",
            "weight": 0
          },
          {
            "id": "n_68825e754b225636e86b845d",
            "weight": 0
          }
        ],
        "space": [],
        "flags": [
          1
        ]
      }
    },
    {
      "type": "Feature",
      "geometry": {
        "type": "Point",
        "coordinates": [
          5.988898250438537,
          51.19952005911374
        ]
      },
      "properties": {
        "id": "n_59fcc2ca1f3be77336000063",
        "map": "f_59fa1587a10b6d1f6b000000",
        "externalId": "NODE-3RGFNMO8",
        "neighbors": [
          {
            "id": "n_59fcc2d71f3be7733600006b",
            "weight": 0
          }
        ],
        "space": [
          "s_59fc6a5ba10b6d1f6b0002b2"
        ],
        "flags": [
          1
        ]
      }
    },
    {
      "type": "Feature",
      "geometry": {
        "type": "Point",
        "coordinates": [
          5.989243297730076,
          51.19943069986565
        ]
      },
      "properties": {
        "id": "n_59fcc2d71f3be77336000064",
        "map": "f_59fa1587a10b6d1f6b000000",
        "externalId": "NODE-YNTLTPIO",
        "neighbors": [
          {
            "id": "n_59fc7afb9adddd60fc00005e",
            "weight": 0
          },
          {
            "id": "n_59fcc2d71f3be77336000065",
            "weight": 0
          },
          {
            "id": "n_59fcc3751f3be7733600009f",
            "weight": 0
          }
        ],
        "space": [],
        "flags": [
          1
        ]
      }
    },
    {
      "type": "Feature",
      "geometry": {
        "type": "Point",
        "coordinates": [
          5.989200723886546,
          51.199431324446685
        ]
      },
      "properties": {
        "id": "n_59fcc2d71f3be77336000065",
        "map": "f_59fa1587a10b6d1f6b000000",
        "externalId": "NODE-CCGF3BU8",
        "neighbors": [
          {
            "id": "n_59fcc2d71f3be77336000064",
            "weight": 0
          },
          {
            "id": "n_59fcc2d71f3be77336000066",
            "weight": 0
          },
          {
            "id": "n_59fcc2ed1f3be77336000073",
            "weight": 0
          }
        ],
        "space": [],
        "flags": [
          1
        ]
      }
    },
    {
      "type": "Feature",
      "geometry": {
        "type": "Point",
        "coordinates": [
          5.989150518145531,
          51.19943257323054
        ]
      },
      "properties": {
        "id": "n_59fcc2d71f3be77336000066",
        "map": "f_59fa1587a10b6d1f6b000000",
        "externalId": "NODE-J2323XOO",
        "neighbors": [
          {
            "id": "n_59fcc2d71f3be77336000065",
            "weight": 0
          },
          {
            "id": "n_59fcc2d71f3be77336000067",
            "weight": 0
          },
          {
            "id": "n_59fcc37b1f3be773360000a0",
            "weight": 0
          }
        ],
        "space": [],
        "flags": [
          1
        ]
      }
    },
    {
      "type": "Feature",
      "geometry": {
        "type": "Point",
        "coordinates": [
          5.989098689594235,
          51.19943449937914
        ]
      },
      "properties": {
        "id": "n_59fcc2d71f3be77336000067",
        "map": "f_59fa1587a10b6d1f6b000000",
        "externalId": "NODE-3D1O35P0",
        "neighbors": [
          {
            "id": "n_59fcc2d71f3be77336000066",
            "weight": 0
          },
          {
            "id": "n_59fcc2d71f3be77336000068",
            "weight": 0
          },
          {
            "id": "n_59fcc2e91f3be77336000072",
            "weight": 0
          }
        ],
        "space": [],
        "flags": [
          1
        ]
      }
    },
    {
      "type": "Feature",
      "geometry": {
        "type": "Point",
        "coordinates": [
          5.989044448406471,
          51.199437393986194
        ]
      },
      "properties": {
        "id": "n_59fcc2d71f3be77336000068",
        "map": "f_59fa1587a10b6d1f6b000000",
        "externalId": "NODE-BWKU84JW",
        "neighbors": [
          {
            "id": "n_59fcc2d71f3be77336000067",
            "weight": 0
          },
          {
            "id": "n_59fcc2d71f3be77336000069",
            "weight": 0
          },
          {
            "id": "n_59fcc3801f3be773360000a1",
            "weight": 0
          }
        ],
        "space": [],
        "flags": [
          1
        ]
      }
    },
    {
      "type": "Feature",
      "geometry": {
        "type": "Point",
        "coordinates": [
          5.988988161895469,
          51.19944057201318
        ]
      },
      "properties": {
        "id": "n_59fcc2d71f3be77336000069",
        "map": "f_59fa1587a10b6d1f6b000000",
        "externalId": "NODE-2GCI88NI",
        "neighbors": [
          {
            "id": "n_59fcc2d71f3be77336000068",
            "weight": 0
          },
          {
            "id": "n_59fcc2e21f3be77336000070",
            "weight": 0
          },
          {
            "id": "n_59fcc2e61f3be77336000071",
            "weight": 0
          }
        ],
        "space": [],
        "flags": [
          1
        ]
      }
    },
    {
      "type": "Feature",
      "geometry": {
        "type": "Point",
        "coordinates": [
          5.988925755473719,
          51.19944550926543
        ]
      },
      "properties": {
        "id": "n_59fcc2d71f3be7733600006a",
        "map": "f_59fa1587a10b6d1f6b000000",
        "externalId": "NODE-S3ZAP3R9",
        "neighbors": [
          {
            "id": "n_59fcc2d71f3be7733600006b",
            "weight": 0
          },
          {
            "id": "n_59fcc2e21f3be77336000070",
            "weight": 0
          }
        ],
        "space": [],
        "flags": [
          1
        ]
      }
    },
    {
      "type": "Feature",
      "geometry": {
        "type": "Point",
        "coordinates": [
          5.988870029906578,
          51.199451068819236
        ]
      },
      "properties": {
        "id": "n_59fcc2d71f3be7733600006b",
        "map": "f_59fa1587a10b6d1f6b000000",
        "externalId": "NODE-NM0EX4KH",
        "neighbors": [
          {
            "id": "n_59fcc2d71f3be7733600006a",
            "weight": 0
          },
          {
            "id": "n_59fcc2ca1f3be77336000063",
            "weight": 0
          },
          {
            "id": "n_59fcc2df1f3be7733600006e",
            "weight": 0
          }
        ],
        "space": [],
        "flags": [
          1
        ]
      }
    },
    {
      "type": "Feature",
      "geometry": {
        "type": "Point",
        "coordinates": [
          5.988809439937698,
          51.199458678727254
        ]
      },
      "properties": {
        "id": "n_59fcc2d71f3be7733600006c",
        "map": "f_59fa1587a10b6d1f6b000000",
        "externalId": "NODE-NYY259BE",
        "neighbors": [
          {
            "id": "n_59fcc2df1f3be7733600006e",
            "weight": 0
          },
          {
            "id": "n_68825e754b225636e86b845d",
            "weight": 0
          }
        ],
        "space": [],
        "flags": [
          1
        ]
      }
    },
    {
      "type": "Feature",
      "geometry": {
        "type": "Point",
        "coordinates": [
          5.988814488926889,
          51.19934879739537
        ]
      },
      "properties": {
        "id": "n_59fcc2de1f3be7733600006d",
        "map": "f_59fa1587a10b6d1f6b000000",
        "externalId": "NODE-6C94VUOI",
        "neighbors": [
          {
            "id": "n_59fcc2df1f3be7733600006e",
            "weight": 0
          }
        ],
        "space": [
          "s_59fc6a5ba10b6d1f6b0002f8"
        ],
        "flags": [
          1
        ]
      }
    },
    {
      "type": "Feature",
      "geometry": {
        "type": "Point",
        "coordinates": [
          5.988850341892042,
          51.1994530930754
        ]
      },
      "properties": {
        "id": "n_59fcc2df1f3be7733600006e",
        "map": "f_59fa1587a10b6d1f6b000000",
        "externalId": "NODE-HALJ67UY",
        "neighbors": [
          {
            "id": "n_59fcc2de1f3be7733600006d",
            "weight": 0
          },
          {
            "id": "n_59fcc2d71f3be7733600006b",
            "weight": 0
          },
          {
            "id": "n_59fcc2d71f3be7733600006c",
            "weight": 0
          }
        ],
        "space": [],
        "flags": [
          1
        ]
      }
    },
    {
      "type": "Feature",
      "geometry": {
        "type": "Point",
        "coordinates": [
          5.988938429252713,
          51.199357811981514
        ]
      },
      "properties": {
        "id": "n_59fcc2e11f3be7733600006f",
        "map": "f_59fa1587a10b6d1f6b000000",
        "externalId": "NODE-4NQQLY3D",
        "neighbors": [
          {
            "id": "n_59fcc2e21f3be77336000070",
            "weight": 0
          }
        ],
        "space": [
          "s_59fc6a5ba10b6d1f6b0002f9"
        ],
        "flags": [
          1
        ]
      }
    },
    {
      "type": "Feature",
      "geometry": {
        "type": "Point",
        "coordinates": [
          5.988954298414651,
          51.199442965194486
        ]
      },
      "properties": {
        "id": "n_59fcc2e21f3be77336000070",
        "map": "f_59fa1587a10b6d1f6b000000",
        "externalId": "NODE-BV5ELTLM",
        "neighbors": [
          {
            "id": "n_59fcc2e11f3be7733600006f",
            "weight": 0
          },
          {
            "id": "n_59fcc2d71f3be77336000069",
            "weight": 0
          },
          {
            "id": "n_59fcc2d71f3be7733600006a",
            "weight": 0
          }
        ],
        "space": [],
        "flags": [
          1
        ]
      }
    },
    {
      "type": "Feature",
      "geometry": {
        "type": "Point",
        "coordinates": [
          5.989005049525566,
          51.1995108571787
        ]
      },
      "properties": {
        "id": "n_59fcc2e61f3be77336000071",
        "map": "f_59fa1587a10b6d1f6b000000",
        "externalId": "NODE-RQL7IXBW",
        "neighbors": [
          {
            "id": "n_59fcc2d71f3be77336000069",
            "weight": 0
          }
        ],
        "space": [
          "s_59fc6a5ba10b6d1f6b0002b3"
        ],
        "flags": [
          1
        ]
      }
    },
    {
      "type": "Feature",
      "geometry": {
        "type": "Point",
        "coordinates": [
          5.989106289789898,
          51.19950483688663
        ]
      },
      "properties": {
        "id": "n_59fcc2e91f3be77336000072",
        "map": "f_59fa1587a10b6d1f6b000000",
        "externalId": "NODE-1UHPE7DF",
        "neighbors": [
          {
            "id": "n_59fcc2d71f3be77336000067",
            "weight": 0
          }
        ],
        "space": [
          "s_59fc6a5ba10b6d1f6b0002b4"
        ],
        "flags": [
          1
        ]
      }
    },
    {
      "type": "Feature",
      "geometry": {
        "type": "Point",
        "coordinates": [
          5.989202601995834,
          51.19950458729621
        ]
      },
      "properties": {
        "id": "n_59fcc2ed1f3be77336000073",
        "map": "f_59fa1587a10b6d1f6b000000",
        "externalId": "NODE-QCKY4KX7",
        "neighbors": [
          {
            "id": "n_59fcc2d71f3be77336000065",
            "weight": 0
          }
        ],
        "space": [
          "s_59fc6a5ba10b6d1f6b0002b5"
        ],
        "flags": [
          1
        ]
      }
    },
    {
      "type": "Feature",
      "geometry": {
        "type": "Point",
        "coordinates": [
          5.989311923676546,
          51.19952295214559
        ]
      },
      "properties": {
        "id": "n_59fcc2f11f3be77336000074",
        "map": "f_59fa1587a10b6d1f6b000000",
        "externalId": "NODE-XOBX2O6H",
        "neighbors": [
          {
            "id": "n_59fcc2f21f3be77336000075",
            "weight": 0
          }
        ],
        "space": [
          "s_59fc6a5ba10b6d1f6b0002b7"
        ],
        "flags": [
          1
        ]
      }
    },
    {
      "type": "Feature",
      "geometry": {
        "type": "Point",
        "coordinates": [
          5.989318214800806,
          51.19943197637503
        ]
      },
      "properties": {
        "id": "n_59fcc2f21f3be77336000075",
        "map": "f_59fa1587a10b6d1f6b000000",
        "externalId": "NODE-Z8VDFKBW",
        "neighbors": [
          {
            "id": "n_59fcc2f11f3be77336000074",
            "weight": 0
          },
          {
            "id": "n_59fc7afb9adddd60fc00005e",
            "weight": 0
          },
          {
            "id": "n_59fcc36a1f3be7733600009e",
            "weight": 0
          }
        ],
        "space": [],
        "flags": [
          1
        ]
      }
    },
    {
      "type": "Feature",
      "geometry": {
        "type": "Point",
        "coordinates": [
          5.989410482922505,
          51.19953361066786
        ]
      },
      "properties": {
        "id": "n_59fcc2f51f3be77336000076",
        "map": "f_59fa1587a10b6d1f6b000000",
        "externalId": "NODE-4M7EO8C6",
        "neighbors": [
          {
            "id": "n_59fcc2f51f3be77336000077",
            "weight": 0
          }
        ],
        "space": [
          "s_59fc6a5ba10b6d1f6b0002b6"
        ],
        "flags": [
          1
        ]
      }
    },
    {
      "type": "Feature",
      "geometry": {
        "type": "Point",
        "coordinates": [
          5.989427286152288,
          51.199439023683
        ]
      },
      "properties": {
        "id": "n_59fcc2f51f3be77336000077",
        "map": "f_59fa1587a10b6d1f6b000000",
        "externalId": "NODE-BZYT68TL",
        "neighbors": [
          {
            "id": "n_59fcc2f51f3be77336000076",
            "weight": 0
          },
          {
            "id": "n_59fcc36a1f3be7733600009e",
            "weight": 0
          },
          {
            "id": "n_65fd8c29a237ee8a407b9998",
            "weight": 0
          }
        ],
        "space": [],
        "flags": [
          1
        ]
      }
    },
    {
      "type": "Feature",
      "geometry": {
        "type": "Point",
        "coordinates": [
          5.989505988875342,
          51.19954520863866
        ]
      },
      "properties": {
        "id": "n_59fcc2f71f3be77336000078",
        "map": "f_59fa1587a10b6d1f6b000000",
        "externalId": "NODE-FMFO3A4I",
        "neighbors": [
          {
            "id": "n_59fcc2f81f3be77336000079",
            "weight": 0
          }
        ],
        "space": [
          "s_59fc6a5ca10b6d1f6b000329"
        ],
        "flags": [
          1
        ]
      }
    },
    {
      "type": "Feature",
      "geometry": {
        "type": "Point",
        "coordinates": [
          5.989535167584721,
          51.19945064030329
        ]
      },
      "properties": {
        "id": "n_59fcc2f81f3be77336000079",
        "map": "f_59fa1587a10b6d1f6b000000",
        "externalId": "NODE-FU7XTC3D",
        "neighbors": [
          {
            "id": "n_59fcc2f71f3be77336000078",
            "weight": 0
          },
          {
            "id": "n_59fcc35f1f3be7733600009b",
            "weight": 0
          },
          {
            "id": "n_65fd8c29a237ee8a407b9998",
            "weight": 0
          }
        ],
        "space": [],
        "flags": [
          1
        ]
      }
    },
    {
      "type": "Feature",
      "geometry": {
        "type": "Point",
        "coordinates": [
          5.9896137122411135,
          51.1995561782466
        ]
      },
      "properties": {
        "id": "n_59fcc2fb1f3be7733600007a",
        "map": "f_59fa1587a10b6d1f6b000000",
        "externalId": "NODE-DHEQST0X",
        "neighbors": [
          {
            "id": "n_59fcc34f1f3be77336000099",
            "weight": 0
          }
        ],
        "space": [
          "s_59fc6a5ba10b6d1f6b0002b8"
        ],
        "flags": [
          1
        ]
      }
    },
    {
      "type": "Feature",
      "geometry": {
        "type": "Point",
        "coordinates": [
          5.989759323157993,
          51.19958246054449
        ]
      },
      "properties": {
        "id": "n_59fcc3001f3be7733600007c",
        "map": "f_59fa1587a10b6d1f6b000000",
        "externalId": "NODE-VQ9KZC60",
        "neighbors": [
          {
            "id": "n_59fcc3011f3be7733600007d",
            "weight": 0
          }
        ],
        "space": [
          "s_59fc6a5ba10b6d1f6b0002b9"
        ],
        "flags": [
          1
        ]
      }
    },
    {
      "type": "Feature",
      "geometry": {
        "type": "Point",
        "coordinates": [
          5.989803522616951,
          51.199496340357
        ]
      },
      "properties": {
        "id": "n_59fcc3011f3be7733600007d",
        "map": "f_59fa1587a10b6d1f6b000000",
        "externalId": "NODE-UC6S9ROC",
        "neighbors": [
          {
            "id": "n_59fcc3001f3be7733600007c",
            "weight": 0
          },
          {
            "id": "n_59fc7afb9adddd60fc00005b",
            "weight": 0
          },
          {
            "id": "n_5bd07d5b76a5b6258600000c",
            "weight": 0
          }
        ],
        "space": [],
        "flags": [
          1
        ]
      }
    },
    {
      "type": "Feature",
      "geometry": {
        "type": "Point",
        "coordinates": [
          5.989965005464559,
          51.19962149419143
        ]
      },
      "properties": {
        "id": "n_59fcc3041f3be7733600007e",
        "map": "f_59fa1587a10b6d1f6b000000",
        "externalId": "NODE-2Y6E32ZC",
        "neighbors": [
          {
            "id": "n_59fcc3051f3be7733600007f",
            "weight": 0
          }
        ],
        "space": [
          "s_59fc6a5ba10b6d1f6b0002ba"
        ],
        "flags": [
          1
        ]
      }
    },
    {
      "type": "Feature",
      "geometry": {
        "type": "Point",
        "coordinates": [
          5.990008662661238,
          51.19953688197178
        ]
      },
      "properties": {
        "id": "n_59fcc3051f3be7733600007f",
        "map": "f_59fa1587a10b6d1f6b000000",
        "externalId": "NODE-OW64UPUB",
        "neighbors": [
          {
            "id": "n_59fcc3041f3be7733600007e",
            "weight": 0
          },
          {
            "id": "n_59fc7afb9adddd60fc00005a",
            "weight": 0
          },
          {
            "id": "n_59fcc3461f3be77336000096",
            "weight": 0
          }
        ],
        "space": [],
        "flags": [
          1
        ]
      }
    },
    {
      "type": "Feature",
      "geometry": {
        "type": "Point",
        "coordinates": [
          5.990102637828471,
          51.199672629283235
        ]
      },
      "properties": {
        "id": "n_59fcc3071f3be77336000080",
        "map": "f_59fa1587a10b6d1f6b000000",
        "externalId": "NODE-FON5NZNP",
        "neighbors": [
          {
            "id": "n_59fcc3081f3be77336000081",
            "weight": 0
          }
        ],
        "space": [
          "s_59fc6a5ba10b6d1f6b0002bb"
        ],
        "flags": [
          1
        ]
      }
    },
    {
      "type": "Feature",
      "geometry": {
        "type": "Point",
        "coordinates": [
          5.990157460651314,
          51.199566284689176
        ]
      },
      "properties": {
        "id": "n_59fcc3081f3be77336000081",
        "map": "f_59fa1587a10b6d1f6b000000",
        "externalId": "NODE-7CHBUDNK",
        "neighbors": [
          {
            "id": "n_59fcc3071f3be77336000080",
            "weight": 0
          },
          {
            "id": "n_59fc7afb9adddd60fc000059",
            "weight": 0
          },
          {
            "id": "n_59fc7afb9adddd60fc00005a",
            "weight": 0
          },
          {
            "id": "n_59fcc3091f3be77336000082",
            "weight": 0
          }
        ],
        "space": [],
        "flags": [
          1
        ]
      }
    },
    {
      "type": "Feature",
      "geometry": {
        "type": "Point",
        "coordinates": [
          5.990196423890888,
          51.19949009126159
        ]
      },
      "properties": {
        "id": "n_59fcc3091f3be77336000082",
        "map": "f_59fa1587a10b6d1f6b000000",
        "externalId": "NODE-BHG4BBNI",
        "neighbors": [
          {
            "id": "n_59fcc3081f3be77336000081",
            "weight": 0
          }
        ],
        "space": [
          "s_59fc6a5ba10b6d1f6b0002bd"
        ],
        "flags": [
          1
        ]
      }
    },
    {
      "type": "Feature",
      "geometry": {
        "type": "Point",
        "coordinates": [
          5.990193424151482,
          51.1997136987785
        ]
      },
      "properties": {
        "id": "n_59fcc30f1f3be77336000083",
        "map": "f_59fa1587a10b6d1f6b000000",
        "externalId": "NODE-A3J2ADKA",
        "neighbors": [
          {
            "id": "n_59fc7afb9adddd60fc000059",
            "weight": 0
          }
        ],
        "space": [
          "s_5bd074db76a5b62586000003"
        ],
        "flags": [
          1
        ]
      }
    },
    {
      "type": "Feature",
      "geometry": {
        "type": "Point",
        "coordinates": [
          5.990191858929737,
          51.19977759725694
        ]
      },
      "properties": {
        "id": "n_59fcc31b1f3be77336000085",
        "map": "f_59fa1587a10b6d1f6b000000",
        "externalId": "NODE-HLXVGM1E",
        "neighbors": [
          {
            "id": "n_59fcc31b1f3be77336000086",
            "weight": 0
          }
        ],
        "space": [
          "s_5bd074db76a5b62586000003"
        ],
        "flags": [
          1
        ]
      }
    },
    {
      "type": "Feature",
      "geometry": {
        "type": "Point",
        "coordinates": [
          5.9903412215851635,
          51.199808088816795
        ]
      },
      "properties": {
        "id": "n_59fcc31b1f3be77336000086",
        "map": "f_59fa1587a10b6d1f6b000000",
        "externalId": "NODE-WO8UCXYL",
        "neighbors": [
          {
            "id": "n_59fcc31b1f3be77336000085",
            "weight": 0
          },
          {
            "id": "n_59fc7ae59adddd60fc00004e",
            "weight": 0
          },
          {
            "id": "n_5aafccf6f3ea235dd3000003",
            "weight": 0
          }
        ],
        "space": [],
        "flags": [
          1
        ]
      }
    },
    {
      "type": "Feature",
      "geometry": {
        "type": "Point",
        "coordinates": [
          5.990627472062685,
          51.199661655728114
        ]
      },
      "properties": {
        "id": "n_59fcc3221f3be77336000087",
        "map": "f_59fa1587a10b6d1f6b000000",
        "externalId": "NODE-W8I13H4B",
        "neighbors": [
          {
            "id": "n_59fc7ae59adddd60fc00004e",
            "weight": 0
          }
        ],
        "space": [
          "s_59fc6a5ca10b6d1f6b000323"
        ],
        "flags": [
          1
        ]
      }
    },
    {
      "type": "Feature",
      "geometry": {
        "type": "Point",
        "coordinates": [
          5.990495251322942,
          51.199508293854976
        ]
      },
      "properties": {
        "id": "n_59fcc3271f3be77336000089",
        "map": "f_59fa1587a10b6d1f6b000000",
        "externalId": "NODE-P4SC4N7K",
        "neighbors": [
          {
            "id": "n_59fc7ae59adddd60fc00004e",
            "weight": 0
          },
          {
            "id": "n_59fcc1971f3be77336000059",
            "weight": 0
          }
        ],
        "space": [],
        "flags": [
          1
        ]
      }
    },
    {
      "type": "Feature",
      "geometry": {
        "type": "Point",
        "coordinates": [
          5.99009571175445,
          51.19947011571144
        ]
      },
      "properties": {
        "id": "n_59fcc3431f3be77336000094",
        "map": "f_59fa1587a10b6d1f6b000000",
        "externalId": "NODE-JH9L9JX8",
        "neighbors": [
          {
            "id": "n_59fc7afb9adddd60fc00005a",
            "weight": 0
          }
        ],
        "space": [
          "s_59fc6a5ba10b6d1f6b0002be"
        ],
        "flags": [
          1
        ]
      }
    },
    {
      "type": "Feature",
      "geometry": {
        "type": "Point",
        "coordinates": [
          5.989991289263108,
          51.19944940412868
        ]
      },
      "properties": {
        "id": "n_59fcc3451f3be77336000095",
        "map": "f_59fa1587a10b6d1f6b000000",
        "externalId": "NODE-JYSHGQE7",
        "neighbors": [
          {
            "id": "n_59fcc3461f3be77336000096",
            "weight": 0
          }
        ],
        "space": [
          "s_59fc6a5ba10b6d1f6b0002cf"
        ],
        "flags": [
          1
        ]
      }
    },
    {
      "type": "Feature",
      "geometry": {
        "type": "Point",
        "coordinates": [
          5.989951604901275,
          51.19952567888127
        ]
      },
      "properties": {
        "id": "n_59fcc3461f3be77336000096",
        "map": "f_59fa1587a10b6d1f6b000000",
        "externalId": "NODE-S53JCBQ7",
        "neighbors": [
          {
            "id": "n_59fcc3451f3be77336000095",
            "weight": 0
          },
          {
            "id": "n_59fc7afb9adddd60fc00005b",
            "weight": 0
          },
          {
            "id": "n_59fcc3051f3be7733600007f",
            "weight": 0
          }
        ],
        "space": [],
        "flags": [
          1
        ]
      }
    },
    {
      "type": "Feature",
      "geometry": {
        "type": "Point",
        "coordinates": [
          5.989900205626473,
          51.19943133813768
        ]
      },
      "properties": {
        "id": "n_59fcc3491f3be77336000097",
        "map": "f_59fa1587a10b6d1f6b000000",
        "externalId": "NODE-XCYXZI0C",
        "neighbors": [
          {
            "id": "n_59fc7afb9adddd60fc00005b",
            "weight": 0
          }
        ],
        "space": [
          "s_59fc6a5ba10b6d1f6b0002d0"
        ],
        "flags": [
          1
        ]
      }
    },
    {
      "type": "Feature",
      "geometry": {
        "type": "Point",
        "coordinates": [
          5.989694643768784,
          51.199395010052626
        ]
      },
      "properties": {
        "id": "n_59fcc34f1f3be77336000098",
        "map": "f_59fa1587a10b6d1f6b000000",
        "externalId": "NODE-2MAPTYR4",
        "neighbors": [
          {
            "id": "n_59fcc34f1f3be77336000099",
            "weight": 0
          }
        ],
        "space": [
          "s_5bd07c4676a5b6258600000b"
        ],
        "flags": [
          1
        ]
      }
    },
    {
      "type": "Feature",
      "geometry": {
        "type": "Point",
        "coordinates": [
          5.989656469103356,
          51.19946962229545
        ]
      },
      "properties": {
        "id": "n_59fcc34f1f3be77336000099",
        "map": "f_59fa1587a10b6d1f6b000000",
        "externalId": "NODE-3W71WJV4",
        "neighbors": [
          {
            "id": "n_59fcc34f1f3be77336000098",
            "weight": 0
          },
          {
            "id": "n_59fcc35f1f3be7733600009b",
            "weight": 0
          },
          {
            "id": "n_59fcc2fb1f3be7733600007a",
            "weight": 0
          },
          {
            "id": "n_5bd07d5b76a5b6258600000c",
            "weight": 0
          }
        ],
        "space": [],
        "flags": [
          1
        ]
      }
    },
    {
      "type": "Feature",
      "geometry": {
        "type": "Point",
        "coordinates": [
          5.989563308118457,
          51.19945508738255
        ]
      },
      "properties": {
        "id": "n_59fcc35f1f3be7733600009b",
        "map": "f_59fa1587a10b6d1f6b000000",
        "externalId": "NODE-G8WDT2R2",
        "neighbors": [
          {
            "id": "n_59fcc2f81f3be77336000079",
            "weight": 0
          },
          {
            "id": "n_59fcc34f1f3be77336000099",
            "weight": 0
          }
        ],
        "space": [],
        "flags": [
          1
        ]
      }
    },
    {
      "type": "Feature",
      "geometry": {
        "type": "Point",
        "coordinates": [
          5.989543595270397,
          51.19934521557919
        ]
      },
      "properties": {
        "id": "n_59fcc3621f3be7733600009c",
        "map": "f_59fa1587a10b6d1f6b000000",
        "externalId": "NODE-CZNUXEZN",
        "neighbors": [
          {
            "id": "n_65fd8c29a237ee8a407b9998",
            "weight": 0
          }
        ],
        "space": [
          "s_65fd8c06a237ee8a407b9997"
        ],
        "flags": [
          1
        ]
      }
    },
    {
      "type": "Feature",
      "geometry": {
        "type": "Point",
        "coordinates": [
          5.989371468583076,
          51.199334475408726
        ]
      },
      "properties": {
        "id": "n_59fcc3691f3be7733600009d",
        "map": "f_59fa1587a10b6d1f6b000000",
        "externalId": "NODE-GVEM0EJL",
        "neighbors": [
          {
            "id": "n_59fcc36a1f3be7733600009e",
            "weight": 0
          }
        ],
        "space": [
          "s_59fc6a5ca10b6d1f6b0002fd"
        ],
        "flags": [
          1
        ]
      }
    },
    {
      "type": "Feature",
      "geometry": {
        "type": "Point",
        "coordinates": [
          5.989359693795457,
          51.19943399746324
        ]
      },
      "properties": {
        "id": "n_59fcc36a1f3be7733600009e",
        "map": "f_59fa1587a10b6d1f6b000000",
        "externalId": "NODE-2GLY0CB3",
        "neighbors": [
          {
            "id": "n_59fcc3691f3be7733600009d",
            "weight": 0
          },
          {
            "id": "n_59fcc2f21f3be77336000075",
            "weight": 0
          },
          {
            "id": "n_59fcc2f51f3be77336000077",
            "weight": 0
          }
        ],
        "space": [],
        "flags": [
          1
        ]
      }
    },
    {
      "type": "Feature",
      "geometry": {
        "type": "Point",
        "coordinates": [
          5.989243694876648,
          51.1993541020062
        ]
      },
      "properties": {
        "id": "n_59fcc3751f3be7733600009f",
        "map": "f_59fa1587a10b6d1f6b000000",
        "externalId": "NODE-7LS80P0T",
        "neighbors": [
          {
            "id": "n_59fcc2d71f3be77336000064",
            "weight": 0
          }
        ],
        "space": [
          "s_59fc6a5ca10b6d1f6b0002fc"
        ],
        "flags": [
          1
        ]
      }
    },
    {
      "type": "Feature",
      "geometry": {
        "type": "Point",
        "coordinates": [
          5.989145457836964,
          51.19935610635989
        ]
      },
      "properties": {
        "id": "n_59fcc37b1f3be773360000a0",
        "map": "f_59fa1587a10b6d1f6b000000",
        "externalId": "NODE-67LD8V88",
        "neighbors": [
          {
            "id": "n_59fcc2d71f3be77336000066",
            "weight": 0
          }
        ],
        "space": [
          "s_59fc6a5ca10b6d1f6b0002fb"
        ],
        "flags": [
          1
        ]
      }
    },
    {
      "type": "Feature",
      "geometry": {
        "type": "Point",
        "coordinates": [
          5.989033017781254,
          51.1993584003999
        ]
      },
      "properties": {
        "id": "n_59fcc3801f3be773360000a1",
        "map": "f_59fa1587a10b6d1f6b000000",
        "externalId": "NODE-AH4HESNZ",
        "neighbors": [
          {
            "id": "n_59fcc2d71f3be77336000068",
            "weight": 0
          }
        ],
        "space": [
          "s_59fc6a5ca10b6d1f6b0002fa"
        ],
        "flags": [
          1
        ]
      }
    },
    {
      "type": "Feature",
      "geometry": {
        "type": "Point",
        "coordinates": [
          5.988126040614264,
          51.198590964584625
        ]
      },
      "properties": {
        "id": "n_59fcc3b11f3be773360000a2",
        "map": "f_59fa1587a10b6d1f6b000000",
        "externalId": "NODE-0ND6WM7M",
        "neighbors": [
          {
            "id": "n_59fcc3b21f3be773360000a3",
            "weight": 0
          }
        ],
        "space": [
          "s_694032b2e35f3c2c9f44453a"
        ],
        "flags": [
          1
        ]
      }
    },
    {
      "type": "Feature",
      "geometry": {
        "type": "Point",
        "coordinates": [
          5.987998208046603,
          51.19856603438483
        ]
      },
      "properties": {
        "id": "n_59fcc3b21f3be773360000a3",
        "map": "f_59fa1587a10b6d1f6b000000",
        "externalId": "NODE-0HMVY2EW",
        "neighbors": [
          {
            "id": "n_59fcc3b11f3be773360000a2",
            "weight": 0
          },
          {
            "id": "n_59fc7c359adddd60fc000082",
            "weight": 0
          },
          {
            "id": "n_59fcc3b51f3be773360000a5",
            "weight": 0
          }
        ],
        "space": [],
        "flags": [
          1
        ]
      }
    },
    {
      "type": "Feature",
      "geometry": {
        "type": "Point",
        "coordinates": [
          5.988091849752214,
          51.19864642752903
        ]
      },
      "properties": {
        "id": "n_59fcc3b51f3be773360000a4",
        "map": "f_59fa1587a10b6d1f6b000000",
        "externalId": "NODE-17UZAPUZ",
        "neighbors": [
          {
            "id": "n_59fcc3b51f3be773360000a5",
            "weight": 0
          }
        ],
        "space": [
          "s_694032b2e35f3c2c9f44453a"
        ],
        "flags": [
          1
        ]
      }
    },
    {
      "type": "Feature",
      "geometry": {
        "type": "Point",
        "coordinates": [
          5.987969575700651,
          51.198621757761394
        ]
      },
      "properties": {
        "id": "n_59fcc3b51f3be773360000a5",
        "map": "f_59fa1587a10b6d1f6b000000",
        "externalId": "NODE-H39JAP9E",
        "neighbors": [
          {
            "id": "n_59fcc3b51f3be773360000a4",
            "weight": 0
          },
          {
            "id": "n_59fcbf701f3be7749e0000ed",
            "weight": 0
          },
          {
            "id": "n_59fcc3b21f3be773360000a3",
            "weight": 0
          },
          {
            "id": "n_5a0331f84b3a915cdf000031",
            "weight": 0
          }
        ],
        "space": [],
        "flags": [
          1
        ]
      }
    },
    {
      "type": "Feature",
      "geometry": {
        "type": "Point",
        "coordinates": [
          5.9880614279496,
          51.19870563364068
        ]
      },
      "properties": {
        "id": "n_59fcc3bb1f3be773360000a6",
        "map": "f_59fa1587a10b6d1f6b000000",
        "externalId": "NODE-74QDRFOD",
        "neighbors": [
          {
            "id": "n_59fcbf701f3be7749e0000ed",
            "weight": 0
          }
        ],
        "space": [
          "s_59fc6a5ba10b6d1f6b0002c3"
        ],
        "flags": [
          1
        ]
      }
    },
    {
      "type": "Feature",
      "geometry": {
        "type": "Point",
        "coordinates": [
          5.9880616274427325,
          51.198884793158385
        ]
      },
      "properties": {
        "id": "n_59fcc3c01f3be773360000a7",
        "map": "f_59fa1587a10b6d1f6b000000",
        "externalId": "NODE-C5Q6L0N2",
        "neighbors": [
          {
            "id": "n_59fcc3c21f3be773360000a8",
            "weight": 0
          }
        ],
        "space": [
          "s_59fc6a5ca10b6d1f6b00035b"
        ],
        "flags": [
          1
        ]
      }
    },
    {
      "type": "Feature",
      "geometry": {
        "type": "Point",
        "coordinates": [
          5.9879896165981386,
          51.19902493758749
        ]
      },
      "properties": {
        "id": "n_59fcc3c21f3be773360000a8",
        "map": "f_59fa1587a10b6d1f6b000000",
        "externalId": "NODE-P7JO3P7A",
        "neighbors": [
          {
            "id": "n_59fcc3c01f3be773360000a7",
            "weight": 0
          },
          {
            "id": "n_59fc7c019adddd60fc00006c",
            "weight": 0
          },
          {
            "id": "n_59fc7c239adddd60fc00006e",
            "weight": 0
          }
        ],
        "space": [],
        "flags": [
          1
        ]
      }
    },
    {
      "type": "Feature",
      "geometry": {
        "type": "Point",
        "coordinates": [
          5.9880431035807185,
          51.19879095807694
        ]
      },
      "properties": {
        "id": "n_59fcc3c51f3be773360000a9",
        "map": "f_59fa1587a10b6d1f6b000000",
        "externalId": "NODE-1JYN7IFM",
        "neighbors": [
          {
            "id": "n_59fcc3c61f3be773360000aa",
            "weight": 0
          }
        ],
        "space": [
          "s_59fc6a5ca10b6d1f6b00035b"
        ],
        "flags": [
          1
        ]
      }
    },
    {
      "type": "Feature",
      "geometry": {
        "type": "Point",
        "coordinates": [
          5.98789799453274,
          51.19876106617221
        ]
      },
      "properties": {
        "id": "n_59fcc3c61f3be773360000aa",
        "map": "f_59fa1587a10b6d1f6b000000",
        "externalId": "NODE-6SXJ9IMP",
        "neighbors": [
          {
            "id": "n_59fcc3c51f3be773360000a9",
            "weight": 0
          },
          {
            "id": "n_59fcbf701f3be7749e0000ed",
            "weight": 0
          },
          {
            "id": "n_5a0331d64b3a915cdf000027",
            "weight": 0
          }
        ],
        "space": [],
        "flags": [
          1
        ]
      }
    },
    {
      "type": "Feature",
      "geometry": {
        "type": "Point",
        "coordinates": [
          5.988299027503666,
          51.198957597445514
        ]
      },
      "properties": {
        "id": "n_59fcc3d11f3be773360000ab",
        "map": "f_59fa1587a10b6d1f6b000000",
        "externalId": "NODE-NX3QPPUK",
        "neighbors": [
          {
            "id": "n_5a0331df4b3a915cdf000029",
            "weight": 0
          }
        ],
        "space": [
          "s_59fc6a5ba10b6d1f6b0002c2"
        ],
        "flags": [
          1
        ]
      }
    },
    {
      "type": "Feature",
      "geometry": {
        "type": "Point",
        "coordinates": [
          5.985395914481162,
          51.201009745114305
        ]
      },
      "properties": {
        "id": "n_59fcc4341f3be773360000fb",
        "map": "f_59fa1587a10b6d1f6b000000",
        "externalId": "NODE-M4YBAFPV",
        "neighbors": [
          {
            "id": "n_59fc7cc09adddd60fc0000a4",
            "weight": 0
          },
          {
            "id": "n_59fcb97a1f3be7749e00002d",
            "weight": 0
          }
        ],
        "space": [],
        "flags": [
          1
        ]
      }
    },
    {
      "type": "Feature",
      "geometry": {
        "type": "Point",
        "coordinates": [
          5.989006527602345,
          51.19857343528948
        ]
      },
      "properties": {
        "id": "n_59fcc8ba1f3be77336000125",
        "map": "f_59fa1587a10b6d1f6b000000",
        "externalId": "NODE-6ROPFRJE",
        "neighbors": [
          {
            "id": "n_59fcc02c1f3be7733600000a",
            "weight": 0
          },
          {
            "id": "n_59fcc04c1f3be7733600000f",
            "weight": 0
          }
        ],
        "space": [],
        "flags": [
          1
        ]
      }
    },
    {
      "type": "Feature",
      "geometry": {
        "type": "Point",
        "coordinates": [
          5.98770122661218,
          51.19923950615302
        ]
      },
      "properties": {
        "id": "n_59fccb3b1f3be77336000126",
        "map": "f_59fa1587a10b6d1f6b000000",
        "externalId": "NODE-PLY75VY1",
        "neighbors": [
          {
            "id": "n_59fc7aae9adddd60fc00003f",
            "weight": 0
          }
        ],
        "space": [
          "s_59fc6a5ba10b6d1f6b00029a"
        ],
        "flags": [
          0
        ]
      }
    },
    {
      "type": "Feature",
      "geometry": {
        "type": "Point",
        "coordinates": [
          5.989915862376414,
          51.1987376698418
        ]
      },
      "properties": {
        "id": "n_5a01ce434b3a911e1d000000",
        "map": "f_59fa1587a10b6d1f6b000000",
        "externalId": "NODE-SQLKMUQH",
        "neighbors": [
          {
            "id": "n_59fcc0f51f3be7733600001f",
            "weight": 0
          }
        ],
        "space": [
          "s_59fc6a5ca10b6d1f6b00033c"
        ],
        "flags": [
          1
        ]
      }
    },
    {
      "type": "Feature",
      "geometry": {
        "type": "Point",
        "coordinates": [
          5.989598316272046,
          51.198795544840856
        ]
      },
      "properties": {
        "id": "n_5a01ce464b3a911e1d000001",
        "map": "f_59fa1587a10b6d1f6b000000",
        "externalId": "NODE-RP1LBRSL",
        "neighbors": [
          {
            "id": "n_5a01ce504b3a911e1d000003",
            "weight": 0
          },
          {
            "id": "n_5b7ad8fb20a5b4691f000001",
            "weight": 0
          },
          {
            "id": "n_62a6ed816f450b5e3fe99f76",
            "weight": 0
          },
          {
            "id": "n_6303b0fa924f0f575068a476",
            "weight": 0
          }
        ],
        "space": [],
        "flags": [
          1
        ]
      }
    },
    {
      "type": "Feature",
      "geometry": {
        "type": "Point",
        "coordinates": [
          5.989401141162942,
          51.19865304741209
        ]
      },
      "properties": {
        "id": "n_5a01ce4a4b3a911e1d000002",
        "map": "f_59fa1587a10b6d1f6b000000",
        "externalId": "NODE-ZRO4TLHP",
        "neighbors": [
          {
            "id": "n_59fcc0611f3be77336000011",
            "weight": 0
          },
          {
            "id": "n_5a01ce504b3a911e1d000003",
            "weight": 0
          },
          {
            "id": "n_5b7ad8f620a5b4691f000000",
            "weight": 0
          },
          {
            "id": "n_6a68b7df28bc21443ff6ffae",
            "weight": 0
          }
        ],
        "space": [],
        "flags": [
          1
        ]
      }
    },
    {
      "type": "Feature",
      "geometry": {
        "type": "Point",
        "coordinates": [
          5.9894816904450385,
          51.198723110116475
        ]
      },
      "properties": {
        "id": "n_5a01ce504b3a911e1d000003",
        "map": "f_59fa1587a10b6d1f6b000000",
        "externalId": "NODE-CS248HEK",
        "neighbors": [
          {
            "id": "n_5a01ce464b3a911e1d000001",
            "weight": 0
          },
          {
            "id": "n_5a01ce4a4b3a911e1d000002",
            "weight": 0
          },
          {
            "id": "n_5b7ad8f620a5b4691f000000",
            "weight": 0
          },
          {
            "id": "n_5b7ad8fb20a5b4691f000001",
            "weight": 0
          }
        ],
        "space": [],
        "flags": [
          1
        ]
      }
    },
    {
      "type": "Feature",
      "geometry": {
        "type": "Point",
        "coordinates": [
          5.986319463467068,
          51.20058548417209
        ]
      },
      "properties": {
        "id": "n_5a01ce764b3a911e1d000004",
        "map": "f_59fa1587a10b6d1f6b000000",
        "externalId": "NODE-BVJZ10VF",
        "neighbors": [
          {
            "id": "n_59fcb9e71f3be7749e000045",
            "weight": 0
          }
        ],
        "space": [
          "s_63b3ddeecfec1253d43198f0"
        ],
        "flags": [
          1
        ]
      }
    },
    {
      "type": "Feature",
      "geometry": {
        "type": "Point",
        "coordinates": [
          5.990744113907668,
          51.19902391281332
        ]
      },
      "properties": {
        "id": "n_5a01cfc04b3a911e1d000006",
        "map": "f_59fa1587a10b6d1f6b000000",
        "externalId": "NODE-79B6LMMB",
        "neighbors": [
          {
            "id": "n_59fcc11c1f3be7733600002e",
            "weight": 0
          },
          {
            "id": "n_5a01cfef4b3a911e1d000019",
            "weight": 0
          },
          {
            "id": "n_5a01cfe44b3a911e1d000016",
            "weight": 0
          }
        ],
        "space": [],
        "flags": [
          1
        ]
      }
    },
    {
      "type": "Feature",
      "geometry": {
        "type": "Point",
        "coordinates": [
          5.9908027026666755,
          51.198993451085975
        ]
      },
      "properties": {
        "id": "n_5a01cfe44b3a911e1d000016",
        "map": "f_59fa1587a10b6d1f6b000000",
        "externalId": "NODE-SGE85D2D",
        "neighbors": [
          {
            "id": "n_59fcc16c1f3be77336000050",
            "weight": 0
          },
          {
            "id": "n_59fcc14a1f3be7733600004d",
            "weight": 0
          },
          {
            "id": "n_5a01cfc04b3a911e1d000006",
            "weight": 0
          }
        ],
        "space": [],
        "flags": [
          1
        ]
      }
    },
    {
      "type": "Feature",
      "geometry": {
        "type": "Point",
        "coordinates": [
          5.990728009929829,
          51.19905525759039
        ]
      },
      "properties": {
        "id": "n_5a01cfef4b3a911e1d000019",
        "map": "f_59fa1587a10b6d1f6b000000",
        "externalId": "NODE-NHTYT6HQ",
        "neighbors": [
          {
            "id": "n_59fcc15d1f3be7733600004f",
            "weight": 0
          },
          {
            "id": "n_59fcc12b1f3be77336000030",
            "weight": 0
          },
          {
            "id": "n_5a01cfc04b3a911e1d000006",
            "weight": 0
          }
        ],
        "space": [],
        "flags": [
          1
        ]
      }
    },
    {
      "type": "Feature",
      "geometry": {
        "type": "Point",
        "coordinates": [
          5.98687512514203,
          51.201497486812194
        ]
      },
      "properties": {
        "id": "n_5a0328864b3a915cdf000000",
        "map": "f_59fa1587a10b6d1f6b000000",
        "externalId": "NODE-NKYF4FQV",
        "neighbors": [
          {
            "id": "n_5a03288b4b3a915cdf000001",
            "weight": 0
          },
          {
            "id": "n_5d3b109a78b1027985000001",
            "weight": 0
          },
          {
            "id": "n_68825e414b225636e86b8452",
            "weight": 0
          }
        ],
        "space": [],
        "flags": [
          1
        ]
      }
    },
    {
      "type": "Feature",
      "geometry": {
        "type": "Point",
        "coordinates": [
          5.987023175403418,
          51.2015531869684
        ]
      },
      "properties": {
        "id": "n_5a03288b4b3a915cdf000001",
        "map": "f_59fa1587a10b6d1f6b000000",
        "externalId": "NODE-IZY2NGFX",
        "neighbors": [
          {
            "id": "n_5a0328864b3a915cdf000000",
            "weight": 0
          },
          {
            "id": "n_654bb10553ad38ca265afef4",
            "weight": 0
          },
          {
            "id": "n_68825e344b225636e86b8450",
            "weight": 0
          }
        ],
        "space": [],
        "flags": [
          1
        ]
      }
    },
    {
      "type": "Feature",
      "geometry": {
        "type": "Point",
        "coordinates": [
          5.988530593271011,
          51.20184008388576
        ]
      },
      "properties": {
        "id": "n_5a03288d4b3a915cdf000002",
        "map": "f_59fa1587a10b6d1f6b000000",
        "externalId": "NODE-U79I4TR8",
        "neighbors": [
          {
            "id": "n_5a03288e4b3a915cdf000003",
            "weight": 0
          },
          {
            "id": "n_68825e344b225636e86b8450",
            "weight": 0
          }
        ],
        "space": [],
        "flags": [
          1
        ]
      }
    },
    {
      "type": "Feature",
      "geometry": {
        "type": "Point",
        "coordinates": [
          5.98863987994019,
          51.20191010125266
        ]
      },
      "properties": {
        "id": "n_5a03288e4b3a915cdf000003",
        "map": "f_59fa1587a10b6d1f6b000000",
        "externalId": "NODE-RT8VDYTL",
        "neighbors": [
          {
            "id": "n_5a03288d4b3a915cdf000002",
            "weight": 0
          },
          {
            "id": "n_5c86899bc776bd03b600000e",
            "weight": 0
          }
        ],
        "space": [],
        "flags": [
          1
        ]
      }
    },
    {
      "type": "Feature",
      "geometry": {
        "type": "Point",
        "coordinates": [
          5.988150253118472,
          51.2005899306625
        ]
      },
      "properties": {
        "id": "n_5a0328954b3a915cdf000004",
        "map": "f_59fa1587a10b6d1f6b000000",
        "externalId": "NODE-UKDZOKPA",
        "neighbors": [
          {
            "id": "n_59fcbdf51f3be7749e0000af",
            "weight": 0
          },
          {
            "id": "n_5a0328994b3a915cdf000005",
            "weight": 0
          },
          {
            "id": "n_654bb0f053ad38ca265afef2",
            "weight": 0
          }
        ],
        "space": [],
        "flags": [
          1
        ]
      }
    },
    {
      "type": "Feature",
      "geometry": {
        "type": "Point",
        "coordinates": [
          5.989311389012756,
          51.20055358162317
        ]
      },
      "properties": {
        "id": "n_5a0328994b3a915cdf000005",
        "map": "f_59fa1587a10b6d1f6b000000",
        "externalId": "NODE-KW9JXYGN",
        "neighbors": [
          {
            "id": "n_5a0328954b3a915cdf000004",
            "weight": 0
          },
          {
            "id": "n_5c868863c776bd03b6000006",
            "weight": 0
          },
          {
            "id": "n_654bb12953ad38ca265afef7",
            "weight": 0
          }
        ],
        "space": [],
        "flags": [
          1
        ]
      }
    },
    {
      "type": "Feature",
      "geometry": {
        "type": "Point",
        "coordinates": [
          5.988817100347543,
          51.19999507397547
        ]
      },
      "properties": {
        "id": "n_5a03289b4b3a915cdf000006",
        "map": "f_59fa1587a10b6d1f6b000000",
        "externalId": "NODE-3N79KRMW",
        "neighbors": [
          {
            "id": "n_59fc7d349adddd60fc0000d2",
            "weight": 0
          },
          {
            "id": "n_654bb0f453ad38ca265afef3",
            "weight": 0
          },
          {
            "id": "n_654bb12953ad38ca265afef7",
            "weight": 0
          }
        ],
        "space": [],
        "flags": [
          1
        ]
      }
    },
    {
      "type": "Feature",
      "geometry": {
        "type": "Point",
        "coordinates": [
          5.99187653512141,
          51.201020604738616
        ]
      },
      "properties": {
        "id": "n_5a0328a74b3a915cdf000007",
        "map": "f_59fa1587a10b6d1f6b000000",
        "externalId": "NODE-BJ31IRVH",
        "neighbors": [
          {
            "id": "n_5c868863c776bd03b6000006",
            "weight": 0
          }
        ],
        "space": [],
        "flags": [
          1
        ]
      }
    },
    {
      "type": "Feature",
      "geometry": {
        "type": "Point",
        "coordinates": [
          5.9866350969904225,
          51.20022458312334
        ]
      },
      "properties": {
        "id": "n_5a032bd64b3a915cdf00000a",
        "map": "f_59fa1587a10b6d1f6b000000",
        "externalId": "NODE-WWFA7661",
        "neighbors": [
          {
            "id": "n_59fcba531f3be7749e00004e",
            "weight": 0
          },
          {
            "id": "n_68825e544b225636e86b8455",
            "weight": 0
          },
          {
            "id": "n_68825e604b225636e86b8457",
            "weight": 0
          }
        ],
        "space": [],
        "flags": [
          1
        ]
      }
    },
    {
      "type": "Feature",
      "geometry": {
        "type": "Point",
        "coordinates": [
          5.987747672671023,
          51.1990536136928
        ]
      },
      "properties": {
        "id": "n_5a032c574b3a915cdf00000d",
        "map": "f_59fa1587a10b6d1f6b000000",
        "externalId": "NODE-8B1N7U5V",
        "neighbors": [
          {
            "id": "n_59fc7a9d9adddd60fc000033",
            "weight": 0
          },
          {
            "id": "n_59fc7c039adddd60fc00006d",
            "weight": 0
          },
          {
            "id": "n_5a032c584b3a915cdf00000e",
            "weight": 0
          }
        ],
        "space": [],
        "flags": [
          1
        ]
      }
    },
    {
      "type": "Feature",
      "geometry": {
        "type": "Point",
        "coordinates": [
          5.987592132612769,
          51.19902109959527
        ]
      },
      "properties": {
        "id": "n_5a032c584b3a915cdf00000e",
        "map": "f_59fa1587a10b6d1f6b000000",
        "externalId": "NODE-WMBY5Y84",
        "neighbors": [
          {
            "id": "n_5a032c574b3a915cdf00000d",
            "weight": 0
          }
        ],
        "space": [
          "s_62a986dba4f03486974e0b52"
        ],
        "flags": [
          1
        ]
      }
    },
    {
      "type": "Feature",
      "geometry": {
        "type": "Point",
        "coordinates": [
          5.98791340604109,
          51.199839692126034
        ]
      },
      "properties": {
        "id": "n_5a032ccb4b3a915cdf000010",
        "map": "f_59fa1587a10b6d1f6b000000",
        "externalId": "NODE-15ZIDQQ0",
        "neighbors": [
          {
            "id": "n_59fc7bf19adddd60fc000066",
            "weight": 0
          },
          {
            "id": "n_5a032ccb4b3a915cdf000011",
            "weight": 0
          }
        ],
        "space": [],
        "flags": [
          1
        ]
      }
    },
    {
      "type": "Feature",
      "geometry": {
        "type": "Point",
        "coordinates": [
          5.98792674700945,
          51.199828231533125
        ]
      },
      "properties": {
        "id": "n_5a032ccb4b3a915cdf000011",
        "map": "f_59fa1587a10b6d1f6b000000",
        "externalId": "NODE-BMHQL6D2",
        "neighbors": [
          {
            "id": "n_5a032ccb4b3a915cdf000010",
            "weight": 0
          },
          {
            "id": "n_5a032ccb4b3a915cdf000012",
            "weight": 0
          },
          {
            "id": "n_59fcbe5b1f3be7749e0000d1",
            "weight": 0
          },
          {
            "id": "n_59fcbe511f3be7749e0000d0",
            "weight": 0
          }
        ],
        "space": [],
        "flags": [
          1
        ]
      }
    },
    {
      "type": "Feature",
      "geometry": {
        "type": "Point",
        "coordinates": [
          5.987939510314672,
          51.19981749362625
        ]
      },
      "properties": {
        "id": "n_5a032ccb4b3a915cdf000012",
        "map": "f_59fa1587a10b6d1f6b000000",
        "externalId": "NODE-1S5CKNLW",
        "neighbors": [
          {
            "id": "n_5a032ccb4b3a915cdf000011",
            "weight": 0
          },
          {
            "id": "n_5a032ccb4b3a915cdf000013",
            "weight": 0
          }
        ],
        "space": [],
        "flags": [
          1
        ]
      }
    },
    {
      "type": "Feature",
      "geometry": {
        "type": "Point",
        "coordinates": [
          5.987951882173777,
          51.199807317329686
        ]
      },
      "properties": {
        "id": "n_5a032ccb4b3a915cdf000013",
        "map": "f_59fa1587a10b6d1f6b000000",
        "externalId": "NODE-BUQBWD90",
        "neighbors": [
          {
            "id": "n_5a032ccb4b3a915cdf000012",
            "weight": 0
          },
          {
            "id": "n_5a032ccb4b3a915cdf000014",
            "weight": 0
          }
        ],
        "space": [],
        "flags": [
          1
        ]
      }
    },
    {
      "type": "Feature",
      "geometry": {
        "type": "Point",
        "coordinates": [
          5.9879640479774405,
          51.19979754164698
        ]
      },
      "properties": {
        "id": "n_5a032ccb4b3a915cdf000014",
        "map": "f_59fa1587a10b6d1f6b000000",
        "externalId": "NODE-RY9IT9AX",
        "neighbors": [
          {
            "id": "n_5a032ccb4b3a915cdf000013",
            "weight": 0
          },
          {
            "id": "n_5a032ccb4b3a915cdf000015",
            "weight": 0
          }
        ],
        "space": [],
        "flags": [
          1
        ]
      }
    },
    {
      "type": "Feature",
      "geometry": {
        "type": "Point",
        "coordinates": [
          5.987976193706839,
          51.19978800557779
        ]
      },
      "properties": {
        "id": "n_5a032ccb4b3a915cdf000015",
        "map": "f_59fa1587a10b6d1f6b000000",
        "externalId": "NODE-AXUMRPQM",
        "neighbors": [
          {
            "id": "n_5a032ccb4b3a915cdf000014",
            "weight": 0
          },
          {
            "id": "n_5a032ccb4b3a915cdf000016",
            "weight": 0
          }
        ],
        "space": [],
        "flags": [
          1
        ]
      }
    },
    {
      "type": "Feature",
      "geometry": {
        "type": "Point",
        "coordinates": [
          5.987988505107693,
          51.1997785481973
        ]
      },
      "properties": {
        "id": "n_5a032ccb4b3a915cdf000016",
        "map": "f_59fa1587a10b6d1f6b000000",
        "externalId": "NODE-R9XTW27K",
        "neighbors": [
          {
            "id": "n_5a032ccb4b3a915cdf000015",
            "weight": 0
          },
          {
            "id": "n_5a032ccb4b3a915cdf000017",
            "weight": 0
          }
        ],
        "space": [],
        "flags": [
          1
        ]
      }
    },
    {
      "type": "Feature",
      "geometry": {
        "type": "Point",
        "coordinates": [
          5.988001167919342,
          51.19976900821032
        ]
      },
      "properties": {
        "id": "n_5a032ccb4b3a915cdf000017",
        "map": "f_59fa1587a10b6d1f6b000000",
        "externalId": "NODE-QYSLT7OH",
        "neighbors": [
          {
            "id": "n_5a032ccb4b3a915cdf000016",
            "weight": 0
          },
          {
            "id": "n_5a032ccb4b3a915cdf000018",
            "weight": 0
          }
        ],
        "space": [],
        "flags": [
          1
        ]
      }
    },
    {
      "type": "Feature",
      "geometry": {
        "type": "Point",
        "coordinates": [
          5.988014368128035,
          51.19975922498654
        ]
      },
      "properties": {
        "id": "n_5a032ccb4b3a915cdf000018",
        "map": "f_59fa1587a10b6d1f6b000000",
        "externalId": "NODE-8FV96TW5",
        "neighbors": [
          {
            "id": "n_5a032ccb4b3a915cdf000017",
            "weight": 0
          },
          {
            "id": "n_59fc7bf19adddd60fc000067",
            "weight": 0
          }
        ],
        "space": [],
        "flags": [
          1
        ]
      }
    },
    {
      "type": "Feature",
      "geometry": {
        "type": "Point",
        "coordinates": [
          5.987746708996109,
          51.19876898054723
        ]
      },
      "properties": {
        "id": "n_5a0331d54b3a915cdf000026",
        "map": "f_59fa1587a10b6d1f6b000000",
        "externalId": "NODE-ZO15Q8U7",
        "neighbors": [
          {
            "id": "n_5a0331d64b3a915cdf000027",
            "weight": 0
          }
        ],
        "space": [
          "s_5a032f5d4b3a915cdf00001c"
        ],
        "flags": [
          1
        ]
      }
    },
    {
      "type": "Feature",
      "geometry": {
        "type": "Point",
        "coordinates": [
          5.987880099173122,
          51.1987958932681
        ]
      },
      "properties": {
        "id": "n_5a0331d64b3a915cdf000027",
        "map": "f_59fa1587a10b6d1f6b000000",
        "externalId": "NODE-XUJLS37U",
        "neighbors": [
          {
            "id": "n_5a0331d54b3a915cdf000026",
            "weight": 0
          },
          {
            "id": "n_59fc7c039adddd60fc00006d",
            "weight": 0
          },
          {
            "id": "n_59fcc3c61f3be773360000aa",
            "weight": 0
          }
        ],
        "space": [],
        "flags": [
          1
        ]
      }
    },
    {
      "type": "Feature",
      "geometry": {
        "type": "Point",
        "coordinates": [
          5.988185508094417,
          51.19899303513724
        ]
      },
      "properties": {
        "id": "n_5a0331df4b3a915cdf000029",
        "map": "f_59fa1587a10b6d1f6b000000",
        "externalId": "NODE-07FUJ3PE",
        "neighbors": [
          {
            "id": "n_59fc7c019adddd60fc00006c",
            "weight": 0
          },
          {
            "id": "n_59fcc3d11f3be773360000ab",
            "weight": 0
          },
          {
            "id": "n_5a0331e04b3a915cdf00002a",
            "weight": 0
          }
        ],
        "space": [],
        "flags": [
          1
        ]
      }
    },
    {
      "type": "Feature",
      "geometry": {
        "type": "Point",
        "coordinates": [
          5.988263291165566,
          51.19884394921921
        ]
      },
      "properties": {
        "id": "n_5a0331e04b3a915cdf00002a",
        "map": "f_59fa1587a10b6d1f6b000000",
        "externalId": "NODE-752G3QMX",
        "neighbors": [
          {
            "id": "n_5a0331df4b3a915cdf000029",
            "weight": 0
          },
          {
            "id": "n_68825e694b225636e86b8459",
            "weight": 0
          }
        ],
        "space": [],
        "flags": [
          1
        ]
      }
    },
    {
      "type": "Feature",
      "geometry": {
        "type": "Point",
        "coordinates": [
          5.988455057183811,
          51.19888140876036
        ]
      },
      "properties": {
        "id": "n_5a0331e44b3a915cdf00002b",
        "map": "f_59fa1587a10b6d1f6b000000",
        "externalId": "NODE-ECSXMU6E",
        "neighbors": [
          {
            "id": "n_68825e694b225636e86b8459",
            "weight": 0
          }
        ],
        "space": [
          "s_59fc6a5ba10b6d1f6b00026e"
        ],
        "flags": [
          1
        ]
      }
    },
    {
      "type": "Feature",
      "geometry": {
        "type": "Point",
        "coordinates": [
          5.987889005022443,
          51.198202675428085
        ]
      },
      "properties": {
        "id": "n_5a0331eb4b3a915cdf00002c",
        "map": "f_59fa1587a10b6d1f6b000000",
        "externalId": "NODE-MLTV90MT",
        "neighbors": [
          {
            "id": "n_5a0331ec4b3a915cdf00002d",
            "weight": 0
          }
        ],
        "space": [
          "s_5bc0d7e5992c1b123d000018"
        ],
        "flags": [
          1
        ]
      }
    },
    {
      "type": "Feature",
      "geometry": {
        "type": "Point",
        "coordinates": [
          5.9878391517872345,
          51.19829587943234
        ]
      },
      "properties": {
        "id": "n_5a0331ec4b3a915cdf00002d",
        "map": "f_59fa1587a10b6d1f6b000000",
        "externalId": "NODE-V1NMBJ5U",
        "neighbors": [
          {
            "id": "n_5a0331eb4b3a915cdf00002c",
            "weight": 0
          },
          {
            "id": "n_59fcbf861f3be7749e0000f0",
            "weight": 0
          },
          {
            "id": "n_5bc0d7e9992c1b123d00001a",
            "weight": 0
          }
        ],
        "space": [],
        "flags": [
          1
        ]
      }
    },
    {
      "type": "Feature",
      "geometry": {
        "type": "Point",
        "coordinates": [
          5.987275507807192,
          51.198532014783986
        ]
      },
      "properties": {
        "id": "n_5a0331f24b3a915cdf00002e",
        "map": "f_59fa1587a10b6d1f6b000000",
        "externalId": "NODE-RJ1CRT8M",
        "neighbors": [
          {
            "id": "n_5a0331f84b3a915cdf000031",
            "weight": 0
          }
        ],
        "space": [
          "s_5c3344d99739883c9a000001"
        ],
        "flags": [
          1
        ]
      }
    },
    {
      "type": "Feature",
      "geometry": {
        "type": "Point",
        "coordinates": [
          5.9874543656508825,
          51.198517979210536
        ]
      },
      "properties": {
        "id": "n_5a0331f84b3a915cdf000031",
        "map": "f_59fa1587a10b6d1f6b000000",
        "externalId": "NODE-TSRB66AB",
        "neighbors": [
          {
            "id": "n_5a0331f94b3a915cdf000032",
            "weight": 0
          },
          {
            "id": "n_59fcc3b51f3be773360000a5",
            "weight": 0
          },
          {
            "id": "n_5a0331f24b3a915cdf00002e",
            "weight": 0
          },
          {
            "id": "n_5c63fa9249cd5e3672000001",
            "weight": 0
          }
        ],
        "space": [],
        "flags": [
          1
        ]
      }
    },
    {
      "type": "Feature",
      "geometry": {
        "type": "Point",
        "coordinates": [
          5.98750637802668,
          51.1984129894172
        ]
      },
      "properties": {
        "id": "n_5a0331f94b3a915cdf000032",
        "map": "f_59fa1587a10b6d1f6b000000",
        "externalId": "NODE-NTJ8HGKC",
        "neighbors": [
          {
            "id": "n_5a0331f84b3a915cdf000031",
            "weight": 0
          },
          {
            "id": "n_59fc7c359adddd60fc000082",
            "weight": 0
          },
          {
            "id": "n_5ac24e6a3e7e1800b4000002",
            "weight": 0
          },
          {
            "id": "n_5c3345679739883c9a000002",
            "weight": 0
          }
        ],
        "space": [],
        "flags": [
          1
        ]
      }
    },
    {
      "type": "Feature",
      "geometry": {
        "type": "Point",
        "coordinates": [
          5.988213291124778,
          51.198381805560885
        ]
      },
      "properties": {
        "id": "n_5a0332044b3a915cdf000034",
        "map": "f_59fa1587a10b6d1f6b000000",
        "externalId": "NODE-RQ6I466V",
        "neighbors": [
          {
            "id": "n_59fc7aba9adddd60fc000046",
            "weight": 0
          },
          {
            "id": "n_59fc7c539adddd60fc000084",
            "weight": 0
          }
        ],
        "space": [],
        "flags": [
          1
        ]
      }
    },
    {
      "type": "Feature",
      "geometry": {
        "type": "Point",
        "coordinates": [
          5.990165980629671,
          51.19890805257056
        ]
      },
      "properties": {
        "id": "n_5a03320e4b3a915cdf000036",
        "map": "f_59fa1587a10b6d1f6b000000",
        "externalId": "NODE-2NAXICKU",
        "neighbors": [
          {
            "id": "n_59fcc1011f3be77336000022",
            "weight": 0
          },
          {
            "id": "n_59fcc1031f3be77336000024",
            "weight": 0
          },
          {
            "id": "n_5c07aa909739880cd5000005",
            "weight": 0
          }
        ],
        "space": [],
        "flags": [
          1
        ]
      }
    },
    {
      "type": "Feature",
      "geometry": {
        "type": "Point",
        "coordinates": [
          5.987522785195031,
          51.20007096598453
        ]
      },
      "properties": {
        "id": "n_5a0332324b3a915cdf000037",
        "map": "f_59fa1587a10b6d1f6b000000",
        "externalId": "NODE-FOIE2X8C",
        "neighbors": [
          {
            "id": "n_59fcbe391f3be7749e0000c9",
            "weight": 0
          }
        ],
        "space": [
          "s_59fc6a5ca10b6d1f6b000322"
        ],
        "flags": [
          1
        ]
      }
    },
    {
      "type": "Feature",
      "geometry": {
        "type": "Point",
        "coordinates": [
          5.988342557481735,
          51.19841839702237
        ]
      },
      "properties": {
        "id": "n_5a03326b4b3a915cdf00003a",
        "map": "f_59fa1587a10b6d1f6b000000",
        "externalId": "NODE-TMME7CIG",
        "neighbors": [
          {
            "id": "n_59fc7c539adddd60fc000084",
            "weight": 0
          },
          {
            "id": "n_5a03326c4b3a915cdf00003b",
            "weight": 0
          },
          {
            "id": "n_64e8b7088d33991afdc9d63a",
            "weight": 0
          }
        ],
        "space": [],
        "flags": [
          1
        ]
      }
    },
    {
      "type": "Feature",
      "geometry": {
        "type": "Point",
        "coordinates": [
          5.988379649429366,
          51.198345964120556
        ]
      },
      "properties": {
        "id": "n_5a03326c4b3a915cdf00003b",
        "map": "f_59fa1587a10b6d1f6b000000",
        "externalId": "NODE-PU4WMD5D",
        "neighbors": [
          {
            "id": "n_5a03326b4b3a915cdf00003a",
            "weight": 0
          }
        ],
        "space": [
          "s_5bbf6bdb1fd9a96014000009"
        ],
        "flags": [
          1
        ]
      }
    },
    {
      "type": "Feature",
      "geometry": {
        "type": "Point",
        "coordinates": [
          5.985407914516926,
          51.20126511013554
        ]
      },
      "properties": {
        "id": "n_5a0333bf4b3a917ba2000000",
        "map": "f_59fa1587a10b6d1f6b000000",
        "externalId": "NODE-O6BE492E",
        "neighbors": [
          {
            "id": "n_5a0333ca4b3a917ba2000001",
            "weight": 0
          }
        ],
        "space": [
          "s_5a0329114b3a915cdf000008"
        ],
        "flags": [
          1
        ]
      }
    },
    {
      "type": "Feature",
      "geometry": {
        "type": "Point",
        "coordinates": [
          5.985501654582435,
          51.201324307198945
        ]
      },
      "properties": {
        "id": "n_5a0333ca4b3a917ba2000001",
        "map": "f_59fa1587a10b6d1f6b000000",
        "externalId": "NODE-4XLU5DT9",
        "neighbors": [
          {
            "id": "n_5a0333bf4b3a917ba2000000",
            "weight": 0
          },
          {
            "id": "n_5a0333ce4b3a917ba2000002",
            "weight": 0
          },
          {
            "id": "n_5c62979649cd5e58f7000002",
            "weight": 0
          },
          {
            "id": "n_5e4474a105412d77a80011e1",
            "weight": 0
          }
        ],
        "space": [],
        "flags": [
          1
        ]
      }
    },
    {
      "type": "Feature",
      "geometry": {
        "type": "Point",
        "coordinates": [
          5.985569423722797,
          51.20136719385845
        ]
      },
      "properties": {
        "id": "n_5a0333ce4b3a917ba2000002",
        "map": "f_59fa1587a10b6d1f6b000000",
        "externalId": "NODE-E4MZ6085",
        "neighbors": [
          {
            "id": "n_5a0333ca4b3a917ba2000001",
            "weight": 0
          }
        ],
        "space": [
          "s_5a0333dc4b3a917ba2000004"
        ],
        "flags": [
          1
        ]
      }
    },
    {
      "type": "Feature",
      "geometry": {
        "type": "Point",
        "coordinates": [
          5.986746566812142,
          51.20037437977592
        ]
      },
      "properties": {
        "id": "n_5a03340b4b3a917ba2000006",
        "map": "f_59fa1587a10b6d1f6b000000",
        "externalId": "NODE-GDY3CVQI",
        "neighbors": [
          {
            "id": "n_59fc7cb99adddd60fc0000a3",
            "weight": 0
          }
        ],
        "space": [
          "s_59fc6a5ca10b6d1f6b000307"
        ],
        "flags": [
          1
        ]
      }
    },
    {
      "type": "Feature",
      "geometry": {
        "type": "Point",
        "coordinates": [
          5.988462851622934,
          51.19983258544546
        ]
      },
      "properties": {
        "id": "n_5a0c92bff3ea2309be000005",
        "map": "f_59fa1587a10b6d1f6b000000",
        "externalId": "NODE-1TMVJBDH",
        "neighbors": [
          {
            "id": "n_59fc7d459adddd60fc0000d4",
            "weight": 0
          }
        ],
        "space": [
          "s_62579f8c8eb9f4253d00001f"
        ],
        "flags": [
          0
        ]
      }
    },
    {
      "type": "Feature",
      "geometry": {
        "type": "Point",
        "coordinates": [
          5.990268183837617,
          51.19994833375364
        ]
      },
      "properties": {
        "id": "n_5aafccf6f3ea235dd3000003",
        "map": "f_59fa1587a10b6d1f6b000000",
        "externalId": "NODE-WOKZAJW9",
        "neighbors": [
          {
            "id": "n_59fcc31b1f3be77336000086",
            "weight": 0
          },
          {
            "id": "n_5c86887dc776bd03b6000008",
            "weight": 0
          },
          {
            "id": "n_5d3b128d78b102798500000f",
            "weight": 0
          },
          {
            "id": "n_68825e854b225636e86b8460",
            "weight": 0
          }
        ],
        "space": [],
        "flags": [
          1
        ]
      }
    },
    {
      "type": "Feature",
      "geometry": {
        "type": "Point",
        "coordinates": [
          5.991103105318783,
          51.2001265997711
        ]
      },
      "properties": {
        "id": "n_5aafccfdf3ea235dd3000004",
        "map": "f_59fa1587a10b6d1f6b000000",
        "externalId": "NODE-4M1JZGGO",
        "neighbors": [
          {
            "id": "n_5aafcd03f3ea235dd3000006",
            "weight": 0
          },
          {
            "id": "n_68825e854b225636e86b8460",
            "weight": 0
          }
        ],
        "space": [],
        "flags": [
          1
        ]
      }
    },
    {
      "type": "Feature",
      "geometry": {
        "type": "Point",
        "coordinates": [
          5.9916919550774415,
          51.19935487384749
        ]
      },
      "properties": {
        "id": "n_5aafcd03f3ea235dd3000006",
        "map": "f_59fa1587a10b6d1f6b000000",
        "externalId": "NODE-SVQ1PDYE",
        "neighbors": [
          {
            "id": "n_5aafcd1ef3ea235dd3000007",
            "weight": 0
          },
          {
            "id": "n_5aafccfdf3ea235dd3000004",
            "weight": 0
          }
        ],
        "space": [],
        "flags": [
          1
        ]
      }
    },
    {
      "type": "Feature",
      "geometry": {
        "type": "Point",
        "coordinates": [
          5.9922349315423045,
          51.199512986012586
        ]
      },
      "properties": {
        "id": "n_5aafcd1ef3ea235dd3000007",
        "map": "f_59fa1587a10b6d1f6b000000",
        "externalId": "NODE-57MTQ9HA",
        "neighbors": [
          {
            "id": "n_5aafcd03f3ea235dd3000006",
            "weight": 0
          },
          {
            "id": "n_5aafced3f3ea235dd3000009",
            "weight": 0
          }
        ],
        "space": [],
        "flags": [
          1
        ]
      }
    },
    {
      "type": "Feature",
      "geometry": {
        "type": "Point",
        "coordinates": [
          5.994959068784041,
          51.200323813947165
        ]
      },
      "properties": {
        "id": "n_5aafced3f3ea235dd3000009",
        "map": "f_59fa1587a10b6d1f6b000000",
        "externalId": "NODE-7XFXKS0K",
        "neighbors": [
          {
            "id": "n_5aafcd1ef3ea235dd3000007",
            "weight": 0
          },
          {
            "id": "n_5aafced8f3ea235dd300000a",
            "weight": 0
          }
        ],
        "space": [],
        "flags": [
          1
        ]
      }
    },
    {
      "type": "Feature",
      "geometry": {
        "type": "Point",
        "coordinates": [
          5.99477147649679,
          51.20059347099074
        ]
      },
      "properties": {
        "id": "n_5aafced8f3ea235dd300000a",
        "map": "f_59fa1587a10b6d1f6b000000",
        "externalId": "NODE-NL08AG4Z",
        "neighbors": [
          {
            "id": "n_5aafced3f3ea235dd3000009",
            "weight": 0
          },
          {
            "id": "n_5aafcedbf3ea235dd300000b",
            "weight": 0
          }
        ],
        "space": [],
        "flags": [
          1
        ]
      }
    },
    {
      "type": "Feature",
      "geometry": {
        "type": "Point",
        "coordinates": [
          5.9941834464984725,
          51.200947180493564
        ]
      },
      "properties": {
        "id": "n_5aafcedbf3ea235dd300000b",
        "map": "f_59fa1587a10b6d1f6b000000",
        "externalId": "NODE-WOJ4OBX3",
        "neighbors": [
          {
            "id": "n_5aafced8f3ea235dd300000a",
            "weight": 0
          }
        ],
        "space": [],
        "flags": [
          1
        ]
      }
    },
    {
      "type": "Feature",
      "geometry": {
        "type": "Point",
        "coordinates": [
          5.98714187648424,
          51.198340675490385
        ]
      },
      "properties": {
        "id": "n_5ac24e3d3e7e1800b4000000",
        "map": "f_59fa1587a10b6d1f6b000000",
        "externalId": "NODE-PLBPXG0M",
        "neighbors": [
          {
            "id": "n_59fcbf781f3be7749e0000ee",
            "weight": 0
          },
          {
            "id": "n_5ac24e403e7e1800b4000001",
            "weight": 0
          }
        ],
        "space": [],
        "flags": [
          1
        ]
      }
    },
    {
      "type": "Feature",
      "geometry": {
        "type": "Point",
        "coordinates": [
          5.9872989675232775,
          51.198041278425464
        ]
      },
      "properties": {
        "id": "n_5ac24e403e7e1800b4000001",
        "map": "f_59fa1587a10b6d1f6b000000",
        "externalId": "NODE-PCCIJLQ8",
        "neighbors": [
          {
            "id": "n_5ac24e3d3e7e1800b4000000",
            "weight": 0
          }
        ],
        "space": [],
        "flags": [
          1
        ]
      }
    },
    {
      "type": "Feature",
      "geometry": {
        "type": "Point",
        "coordinates": [
          5.98759227614831,
          51.198245819605695
        ]
      },
      "properties": {
        "id": "n_5ac24e6a3e7e1800b4000002",
        "map": "f_59fa1587a10b6d1f6b000000",
        "externalId": "NODE-NVQGWW5I",
        "neighbors": [
          {
            "id": "n_5a0331f94b3a915cdf000032",
            "weight": 0
          },
          {
            "id": "n_59fc7c3a9adddd60fc000083",
            "weight": 0
          },
          {
            "id": "n_5bc0d6a0992c1b123d000006",
            "weight": 0
          }
        ],
        "space": [],
        "flags": [
          1
        ]
      }
    },
    {
      "type": "Feature",
      "geometry": {
        "type": "Point",
        "coordinates": [
          5.98950674220626,
          51.19867435183949
        ]
      },
      "properties": {
        "id": "n_5b7ad8f620a5b4691f000000",
        "map": "f_59fa1587a10b6d1f6b000000",
        "externalId": "NODE-AWC1P046",
        "neighbors": [
          {
            "id": "n_59fcc0d31f3be77336000013",
            "weight": 0
          },
          {
            "id": "n_5a01ce504b3a911e1d000003",
            "weight": 0
          },
          {
            "id": "n_5a01ce4a4b3a911e1d000002",
            "weight": 0
          }
        ],
        "space": [],
        "flags": [
          1
        ]
      }
    },
    {
      "type": "Feature",
      "geometry": {
        "type": "Point",
        "coordinates": [
          5.989460217464646,
          51.19876490292105
        ]
      },
      "properties": {
        "id": "n_5b7ad8fb20a5b4691f000001",
        "map": "f_59fa1587a10b6d1f6b000000",
        "externalId": "NODE-RC1J2V59",
        "neighbors": [
          {
            "id": "n_5a01ce464b3a911e1d000001",
            "weight": 0
          },
          {
            "id": "n_59fcc0ee1f3be7733600001d",
            "weight": 0
          },
          {
            "id": "n_5a01ce504b3a911e1d000003",
            "weight": 0
          }
        ],
        "space": [],
        "flags": [
          1
        ]
      }
    },
    {
      "type": "Feature",
      "geometry": {
        "type": "Point",
        "coordinates": [
          5.986663670581516,
          51.20029169504887
        ]
      },
      "properties": {
        "id": "n_5b7ada1520a5b4691f000002",
        "map": "f_59fa1587a10b6d1f6b000000",
        "externalId": "NODE-RH3IN834",
        "neighbors": [
          {
            "id": "n_59fc7cb99adddd60fc0000a3",
            "weight": 0
          },
          {
            "id": "n_59fc7a729adddd60fc000025",
            "weight": 0
          },
          {
            "id": "n_68825e5f4b225636e86b8456",
            "weight": 0
          }
        ],
        "space": [],
        "flags": [
          1
        ]
      }
    },
    {
      "type": "Feature",
      "geometry": {
        "type": "Point",
        "coordinates": [
          5.987738411215985,
          51.198275451989105
        ]
      },
      "properties": {
        "id": "n_5bc0d6a0992c1b123d000006",
        "map": "f_59fa1587a10b6d1f6b000000",
        "externalId": "NODE-LLM7VUZS",
        "neighbors": [
          {
            "id": "n_5ac24e6a3e7e1800b4000002",
            "weight": 0
          },
          {
            "id": "n_5bc0d7e9992c1b123d00001a",
            "weight": 0
          }
        ],
        "space": [],
        "flags": [
          1
        ]
      }
    },
    {
      "type": "Feature",
      "geometry": {
        "type": "Point",
        "coordinates": [
          5.987808040801161,
          51.19828957094687
        ]
      },
      "properties": {
        "id": "n_5bc0d7e9992c1b123d00001a",
        "map": "f_59fa1587a10b6d1f6b000000",
        "externalId": "NODE-HC98BYLD",
        "neighbors": [
          {
            "id": "n_5a0331ec4b3a915cdf00002d",
            "weight": 0
          },
          {
            "id": "n_5bc0d6a0992c1b123d000006",
            "weight": 0
          }
        ],
        "space": [],
        "flags": [
          1
        ]
      }
    },
    {
      "type": "Feature",
      "geometry": {
        "type": "Point",
        "coordinates": [
          5.98699338215195,
          51.20035790717576
        ]
      },
      "properties": {
        "id": "n_5bcf72d776a5b612ae000008",
        "map": "f_59fa1587a10b6d1f6b000000",
        "externalId": "NODE-YY4QVNVK",
        "neighbors": [
          {
            "id": "n_59fcba491f3be7749e00004c",
            "weight": 0
          },
          {
            "id": "n_59fcbd9d1f3be7749e0000a6",
            "weight": 0
          },
          {
            "id": "n_5bcf72d976a5b612ae000009",
            "weight": 0
          }
        ],
        "space": [],
        "flags": [
          1
        ]
      }
    },
    {
      "type": "Feature",
      "geometry": {
        "type": "Point",
        "coordinates": [
          5.986958003218393,
          51.20042579972481
        ]
      },
      "properties": {
        "id": "n_5bcf72d976a5b612ae000009",
        "map": "f_59fa1587a10b6d1f6b000000",
        "externalId": "NODE-5K1GM1DB",
        "neighbors": [
          {
            "id": "n_5bcf72d776a5b612ae000008",
            "weight": 0
          },
          {
            "id": "n_5c07dd8e9739884359000005",
            "weight": 0
          }
        ],
        "space": [],
        "flags": [
          1
        ]
      }
    },
    {
      "type": "Feature",
      "geometry": {
        "type": "Point",
        "coordinates": [
          5.987589433698118,
          51.19993650449514
        ]
      },
      "properties": {
        "id": "n_5bcf820276a5b64902000007",
        "map": "f_59fa1587a10b6d1f6b000000",
        "externalId": "NODE-DGDQCN7B",
        "neighbors": [
          {
            "id": "n_59fcbe391f3be7749e0000c5",
            "weight": 0
          }
        ],
        "space": [
          "s_5bcf812776a5b64902000005"
        ],
        "flags": [
          1
        ]
      }
    },
    {
      "type": "Feature",
      "geometry": {
        "type": "Point",
        "coordinates": [
          5.988702659183101,
          51.19947607495797
        ]
      },
      "properties": {
        "id": "n_5bd076d276a5b62586000007",
        "map": "f_59fa1587a10b6d1f6b000000",
        "externalId": "NODE-0ULI1CSO",
        "neighbors": [
          {
            "id": "n_59fcc2c11f3be7733600005f",
            "weight": 0
          },
          {
            "id": "n_59fcc2c61f3be77336000061",
            "weight": 0
          },
          {
            "id": "n_59fcc2c01f3be7733600005e",
            "weight": 0
          }
        ],
        "space": [],
        "flags": [
          1
        ]
      }
    },
    {
      "type": "Feature",
      "geometry": {
        "type": "Point",
        "coordinates": [
          5.989761661110783,
          51.19948838358471
        ]
      },
      "properties": {
        "id": "n_5bd07d5b76a5b6258600000c",
        "map": "f_59fa1587a10b6d1f6b000000",
        "externalId": "NODE-FLFMR0RU",
        "neighbors": [
          {
            "id": "n_59fcc3011f3be7733600007d",
            "weight": 0
          },
          {
            "id": "n_59fcc34f1f3be77336000099",
            "weight": 0
          },
          {
            "id": "n_5bd07d6076a5b6258600000d",
            "weight": 0
          }
        ],
        "space": [],
        "flags": [
          1
        ]
      }
    },
    {
      "type": "Feature",
      "geometry": {
        "type": "Point",
        "coordinates": [
          5.989798385633377,
          51.19941511597962
        ]
      },
      "properties": {
        "id": "n_5bd07d6076a5b6258600000d",
        "map": "f_59fa1587a10b6d1f6b000000",
        "externalId": "NODE-PV1C00EL",
        "neighbors": [
          {
            "id": "n_5bd07d5b76a5b6258600000c",
            "weight": 0
          }
        ],
        "space": [
          "s_5bd07c4676a5b6258600000a"
        ],
        "flags": [
          1
        ]
      }
    },
    {
      "type": "Feature",
      "geometry": {
        "type": "Point",
        "coordinates": [
          5.986508318944329,
          51.20047514145269
        ]
      },
      "properties": {
        "id": "n_5c066d3c8f0f7b264700000b",
        "map": "f_59fa1587a10b6d1f6b000000",
        "externalId": "NODE-R5474PJ0",
        "neighbors": [
          {
            "id": "n_59fc7cb99adddd60fc0000a3",
            "weight": 0
          }
        ],
        "space": [
          "s_63b3ddeecfec1253d43198f0"
        ],
        "flags": [
          1
        ]
      }
    },
    {
      "type": "Feature",
      "geometry": {
        "type": "Point",
        "coordinates": [
          5.9876314438298515,
          51.199876714974614
        ]
      },
      "properties": {
        "id": "n_5c07a3b09739880cd5000004",
        "map": "f_59fa1587a10b6d1f6b000000",
        "externalId": "NODE-4LN73ELU",
        "neighbors": [
          {
            "id": "n_59fcbe391f3be7749e0000c4",
            "weight": 0
          }
        ],
        "space": [
          "s_5c0660dd8f0f7b2647000009"
        ],
        "flags": [
          1
        ]
      }
    },
    {
      "type": "Feature",
      "geometry": {
        "type": "Point",
        "coordinates": [
          5.990220346933527,
          51.198800326013206
        ]
      },
      "properties": {
        "id": "n_5c07aa909739880cd5000005",
        "map": "f_59fa1587a10b6d1f6b000000",
        "externalId": "NODE-NMUPRXW0",
        "neighbors": [
          {
            "id": "n_5a03320e4b3a915cdf000036",
            "weight": 0
          }
        ],
        "space": [
          "s_62bc7a0b3da142df562484d4"
        ],
        "flags": [
          1
        ]
      }
    },
    {
      "type": "Feature",
      "geometry": {
        "type": "Point",
        "coordinates": [
          5.9852165744053885,
          51.200951911895295
        ]
      },
      "properties": {
        "id": "n_5c07ae389739880cd5000009",
        "map": "f_59fa1587a10b6d1f6b000000",
        "externalId": "NODE-KP1CZMEA",
        "neighbors": [
          {
            "id": "n_59fcb8161f3be7749e000004",
            "weight": 0
          },
          {
            "id": "n_59fcb8171f3be7749e000005",
            "weight": 0
          },
          {
            "id": "n_59fcb8251f3be7749e000007",
            "weight": 0
          }
        ],
        "space": [],
        "flags": [
          1
        ]
      }
    },
    {
      "type": "Feature",
      "geometry": {
        "type": "Point",
        "coordinates": [
          5.98627537192248,
          51.20186049114312
        ]
      },
      "properties": {
        "id": "n_5c07d9c39739884359000001",
        "map": "f_59fa1587a10b6d1f6b000000",
        "externalId": "NODE-F699ORPN",
        "neighbors": [
          {
            "id": "n_5c07d9cc9739884359000002",
            "weight": 0
          },
          {
            "id": "n_68f895355100f5aacbbd0437",
            "weight": 0
          }
        ],
        "space": [],
        "flags": [
          1
        ]
      }
    },
    {
      "type": "Feature",
      "geometry": {
        "type": "Point",
        "coordinates": [
          5.986178313560871,
          51.20179724307642
        ]
      },
      "properties": {
        "id": "n_5c07d9cc9739884359000002",
        "map": "f_59fa1587a10b6d1f6b000000",
        "externalId": "NODE-9XL1VKI5",
        "neighbors": [
          {
            "id": "n_5c07d9c39739884359000001",
            "weight": 0
          }
        ],
        "space": [
          "s_5bc0d5b8992c1b123d000001"
        ],
        "flags": [
          1
        ]
      }
    },
    {
      "type": "Feature",
      "geometry": {
        "type": "Point",
        "coordinates": [
          5.986880135014382,
          51.20041147631428
        ]
      },
      "properties": {
        "id": "n_5c07dd8e9739884359000005",
        "map": "f_59fa1587a10b6d1f6b000000",
        "externalId": "NODE-2TOJ7EG7",
        "neighbors": [
          {
            "id": "n_5bcf72d976a5b612ae000009",
            "weight": 0
          }
        ],
        "space": [
          "s_5c07dc939739884359000003"
        ],
        "flags": [
          1
        ]
      }
    },
    {
      "type": "Feature",
      "geometry": {
        "type": "Point",
        "coordinates": [
          5.9873892332803305,
          51.198390276271425
        ]
      },
      "properties": {
        "id": "n_5c3345679739883c9a000002",
        "map": "f_59fa1587a10b6d1f6b000000",
        "externalId": "NODE-5XHU3EGE",
        "neighbors": [
          {
            "id": "n_5a0331f94b3a915cdf000032",
            "weight": 0
          },
          {
            "id": "n_5c33456c9739883c9a000003",
            "weight": 0
          }
        ],
        "space": [],
        "flags": [
          1
        ]
      }
    },
    {
      "type": "Feature",
      "geometry": {
        "type": "Point",
        "coordinates": [
          5.987372053504652,
          51.19842371020904
        ]
      },
      "properties": {
        "id": "n_5c33456c9739883c9a000003",
        "map": "f_59fa1587a10b6d1f6b000000",
        "externalId": "NODE-LQG4U3QK",
        "neighbors": [
          {
            "id": "n_5c3345679739883c9a000002",
            "weight": 0
          }
        ],
        "space": [
          "s_5c3344d99739883c9a000000"
        ],
        "flags": [
          1
        ]
      }
    },
    {
      "type": "Feature",
      "geometry": {
        "type": "Point",
        "coordinates": [
          5.98544603629558,
          51.20135613569885
        ]
      },
      "properties": {
        "id": "n_5c62979649cd5e58f7000002",
        "map": "f_59fa1587a10b6d1f6b000000",
        "externalId": "NODE-1ERIG5UN",
        "neighbors": [
          {
            "id": "n_5a0333ca4b3a917ba2000001",
            "weight": 0
          }
        ],
        "space": [
          "s_5c62960949cd5e58f7000000"
        ],
        "flags": [
          1
        ]
      }
    },
    {
      "type": "Feature",
      "geometry": {
        "type": "Point",
        "coordinates": [
          5.98730466837833,
          51.19848746808382
        ]
      },
      "properties": {
        "id": "n_5c63fa9249cd5e3672000001",
        "map": "f_59fa1587a10b6d1f6b000000",
        "externalId": "NODE-3V88F06J",
        "neighbors": [
          {
            "id": "n_5a0331f84b3a915cdf000031",
            "weight": 0
          }
        ],
        "space": [
          "s_5c63fa6449cd5e3672000000"
        ],
        "flags": [
          1
        ]
      }
    },
    {
      "type": "Feature",
      "geometry": {
        "type": "Point",
        "coordinates": [
          5.9900829628330445,
          51.201768257656774
        ]
      },
      "properties": {
        "id": "n_5c868835c776bd03b6000000",
        "map": "f_59fa1587a10b6d1f6b000000",
        "externalId": "NODE-FSNK42HQ",
        "neighbors": [
          {
            "id": "n_5c86883ec776bd03b6000001",
            "weight": 0
          }
        ],
        "space": [],
        "flags": [
          1
        ]
      }
    },
    {
      "type": "Feature",
      "geometry": {
        "type": "Point",
        "coordinates": [
          5.9898750580828315,
          51.201630378340155
        ]
      },
      "properties": {
        "id": "n_5c86883ec776bd03b6000001",
        "map": "f_59fa1587a10b6d1f6b000000",
        "externalId": "NODE-09QGBZKY",
        "neighbors": [
          {
            "id": "n_5c868835c776bd03b6000000",
            "weight": 0
          },
          {
            "id": "n_5c868845c776bd03b6000002",
            "weight": 0
          }
        ],
        "space": [],
        "flags": [
          1
        ]
      }
    },
    {
      "type": "Feature",
      "geometry": {
        "type": "Point",
        "coordinates": [
          5.989505680569777,
          51.20139402709168
        ]
      },
      "properties": {
        "id": "n_5c868845c776bd03b6000002",
        "map": "f_59fa1587a10b6d1f6b000000",
        "externalId": "NODE-GPFJLZHR",
        "neighbors": [
          {
            "id": "n_5c86883ec776bd03b6000001",
            "weight": 0
          },
          {
            "id": "n_5c86884bc776bd03b6000003",
            "weight": 0
          },
          {
            "id": "n_5c8688d1c776bd03b600000b",
            "weight": 0
          },
          {
            "id": "n_5c8688fcc776bd03b600000c",
            "weight": 0
          }
        ],
        "space": [],
        "flags": [
          1
        ]
      }
    },
    {
      "type": "Feature",
      "geometry": {
        "type": "Point",
        "coordinates": [
          5.989573920399289,
          51.20130324361722
        ]
      },
      "properties": {
        "id": "n_5c86884bc776bd03b6000003",
        "map": "f_59fa1587a10b6d1f6b000000",
        "externalId": "NODE-8RLP443M",
        "neighbors": [
          {
            "id": "n_5c868845c776bd03b6000002",
            "weight": 0
          },
          {
            "id": "n_5c868851c776bd03b6000004",
            "weight": 0
          }
        ],
        "space": [],
        "flags": [
          1
        ]
      }
    },
    {
      "type": "Feature",
      "geometry": {
        "type": "Point",
        "coordinates": [
          5.98961741075921,
          51.201216692369265
        ]
      },
      "properties": {
        "id": "n_5c868851c776bd03b6000004",
        "map": "f_59fa1587a10b6d1f6b000000",
        "externalId": "NODE-F6KRCHSX",
        "neighbors": [
          {
            "id": "n_5c86884bc776bd03b6000003",
            "weight": 0
          },
          {
            "id": "n_5c86885ac776bd03b6000005",
            "weight": 0
          }
        ],
        "space": [],
        "flags": [
          1
        ]
      }
    },
    {
      "type": "Feature",
      "geometry": {
        "type": "Point",
        "coordinates": [
          5.989726706302197,
          51.201233205714395
        ]
      },
      "properties": {
        "id": "n_5c86885ac776bd03b6000005",
        "map": "f_59fa1587a10b6d1f6b000000",
        "externalId": "NODE-DEEIPJH4",
        "neighbors": [
          {
            "id": "n_5c868851c776bd03b6000004",
            "weight": 0
          },
          {
            "id": "n_5c868863c776bd03b6000006",
            "weight": 0
          }
        ],
        "space": [],
        "flags": [
          1
        ]
      }
    },
    {
      "type": "Feature",
      "geometry": {
        "type": "Point",
        "coordinates": [
          5.989982364974987,
          51.20067409334564
        ]
      },
      "properties": {
        "id": "n_5c868863c776bd03b6000006",
        "map": "f_59fa1587a10b6d1f6b000000",
        "externalId": "NODE-UHNCXTBP",
        "neighbors": [
          {
            "id": "n_5c86885ac776bd03b6000005",
            "weight": 0
          },
          {
            "id": "n_5a0328994b3a915cdf000005",
            "weight": 0
          },
          {
            "id": "n_5a0328a74b3a915cdf000007",
            "weight": 0
          },
          {
            "id": "n_5c868872c776bd03b6000007",
            "weight": 0
          }
        ],
        "space": [],
        "flags": [
          1
        ]
      }
    },
    {
      "type": "Feature",
      "geometry": {
        "type": "Point",
        "coordinates": [
          5.990046191683349,
          51.20054501366045
        ]
      },
      "properties": {
        "id": "n_5c868872c776bd03b6000007",
        "map": "f_59fa1587a10b6d1f6b000000",
        "externalId": "NODE-8PQD3MDC",
        "neighbors": [
          {
            "id": "n_5c868863c776bd03b6000006",
            "weight": 0
          },
          {
            "id": "n_655e2de814530837ce49412a",
            "weight": 0
          }
        ],
        "space": [],
        "flags": [
          1
        ]
      }
    },
    {
      "type": "Feature",
      "geometry": {
        "type": "Point",
        "coordinates": [
          5.990265116265754,
          51.20004885652076
        ]
      },
      "properties": {
        "id": "n_5c86887dc776bd03b6000008",
        "map": "f_59fa1587a10b6d1f6b000000",
        "externalId": "NODE-WE3USMUN",
        "neighbors": [
          {
            "id": "n_5aafccf6f3ea235dd3000003",
            "weight": 0
          },
          {
            "id": "n_5e2fb99c1c41735fd300057c",
            "weight": 0
          }
        ],
        "space": [],
        "flags": [
          1
        ]
      }
    },
    {
      "type": "Feature",
      "geometry": {
        "type": "Point",
        "coordinates": [
          5.98823938276544,
          51.20220814576261
        ]
      },
      "properties": {
        "id": "n_5c868895c776bd03b6000009",
        "map": "f_59fa1587a10b6d1f6b000000",
        "externalId": "NODE-XO116Y1H",
        "neighbors": [
          {
            "id": "n_5c8688bec776bd03b600000a",
            "weight": 0
          }
        ],
        "space": [],
        "flags": [
          1
        ]
      }
    },
    {
      "type": "Feature",
      "geometry": {
        "type": "Point",
        "coordinates": [
          5.988189216319079,
          51.202175885100004
        ]
      },
      "properties": {
        "id": "n_5c8688bec776bd03b600000a",
        "map": "f_59fa1587a10b6d1f6b000000",
        "externalId": "NODE-E8Z8DORH",
        "neighbors": [
          {
            "id": "n_5c868895c776bd03b6000009",
            "weight": 0
          },
          {
            "id": "n_5c8688d1c776bd03b600000b",
            "weight": 0
          }
        ],
        "space": [],
        "flags": [
          1
        ]
      }
    },
    {
      "type": "Feature",
      "geometry": {
        "type": "Point",
        "coordinates": [
          5.9886380145317935,
          51.20190895617875
        ]
      },
      "properties": {
        "id": "n_5c8688d1c776bd03b600000b",
        "map": "f_59fa1587a10b6d1f6b000000",
        "externalId": "NODE-ATKDCZDR",
        "neighbors": [
          {
            "id": "n_5c8688bec776bd03b600000a",
            "weight": 0
          },
          {
            "id": "n_5c868845c776bd03b6000002",
            "weight": 0
          }
        ],
        "space": [],
        "flags": [
          1
        ]
      }
    },
    {
      "type": "Feature",
      "geometry": {
        "type": "Point",
        "coordinates": [
          5.990771192729138,
          51.2017201300492
        ]
      },
      "properties": {
        "id": "n_5c8688fcc776bd03b600000c",
        "map": "f_59fa1587a10b6d1f6b000000",
        "externalId": "NODE-42GZSS8V",
        "neighbors": [
          {
            "id": "n_5c868845c776bd03b6000002",
            "weight": 0
          }
        ],
        "space": [],
        "flags": [
          1
        ]
      }
    },
    {
      "type": "Feature",
      "geometry": {
        "type": "Point",
        "coordinates": [
          5.988805951275,
          51.201866267774406
        ]
      },
      "properties": {
        "id": "n_5c868983c776bd03b600000d",
        "map": "f_59fa1587a10b6d1f6b000000",
        "externalId": "NODE-P6N9DKU5",
        "neighbors": [
          {
            "id": "n_5c86899bc776bd03b6000016",
            "weight": 0
          }
        ],
        "space": [],
        "flags": [
          1
        ]
      }
    },
    {
      "type": "Feature",
      "geometry": {
        "type": "Point",
        "coordinates": [
          5.9886712641656645,
          51.201891525130314
        ]
      },
      "properties": {
        "id": "n_5c86899bc776bd03b600000e",
        "map": "f_59fa1587a10b6d1f6b000000",
        "externalId": "NODE-B3N9QUGK",
        "neighbors": [
          {
            "id": "n_5a03288e4b3a915cdf000003",
            "weight": 0
          },
          {
            "id": "n_5c86899bc776bd03b600000f",
            "weight": 0
          }
        ],
        "space": [],
        "flags": [
          1
        ]
      }
    },
    {
      "type": "Feature",
      "geometry": {
        "type": "Point",
        "coordinates": [
          5.988698183196629,
          51.20187543070781
        ]
      },
      "properties": {
        "id": "n_5c86899bc776bd03b600000f",
        "map": "f_59fa1587a10b6d1f6b000000",
        "externalId": "NODE-FII9DCSJ",
        "neighbors": [
          {
            "id": "n_5c86899bc776bd03b600000e",
            "weight": 0
          },
          {
            "id": "n_5c86899bc776bd03b6000010",
            "weight": 0
          }
        ],
        "space": [],
        "flags": [
          1
        ]
      }
    },
    {
      "type": "Feature",
      "geometry": {
        "type": "Point",
        "coordinates": [
          5.988717935373619,
          51.20186373296073
        ]
      },
      "properties": {
        "id": "n_5c86899bc776bd03b6000010",
        "map": "f_59fa1587a10b6d1f6b000000",
        "externalId": "NODE-2YMWXHZS",
        "neighbors": [
          {
            "id": "n_5c86899bc776bd03b600000f",
            "weight": 0
          },
          {
            "id": "n_5c86899bc776bd03b6000011",
            "weight": 0
          }
        ],
        "space": [],
        "flags": [
          1
        ]
      }
    },
    {
      "type": "Feature",
      "geometry": {
        "type": "Point",
        "coordinates": [
          5.988734127633627,
          51.20185480286423
        ]
      },
      "properties": {
        "id": "n_5c86899bc776bd03b6000011",
        "map": "f_59fa1587a10b6d1f6b000000",
        "externalId": "NODE-KVU0MIR6",
        "neighbors": [
          {
            "id": "n_5c86899bc776bd03b6000010",
            "weight": 0
          },
          {
            "id": "n_5c86899bc776bd03b6000012",
            "weight": 0
          }
        ],
        "space": [],
        "flags": [
          1
        ]
      }
    },
    {
      "type": "Feature",
      "geometry": {
        "type": "Point",
        "coordinates": [
          5.988748061358466,
          51.201849515495795
        ]
      },
      "properties": {
        "id": "n_5c86899bc776bd03b6000012",
        "map": "f_59fa1587a10b6d1f6b000000",
        "externalId": "NODE-VE1455HF",
        "neighbors": [
          {
            "id": "n_5c86899bc776bd03b6000011",
            "weight": 0
          },
          {
            "id": "n_5c86899bc776bd03b6000013",
            "weight": 0
          }
        ],
        "space": [],
        "flags": [
          1
        ]
      }
    },
    {
      "type": "Feature",
      "geometry": {
        "type": "Point",
        "coordinates": [
          5.988760025635664,
          51.201847373215195
        ]
      },
      "properties": {
        "id": "n_5c86899bc776bd03b6000013",
        "map": "f_59fa1587a10b6d1f6b000000",
        "externalId": "NODE-8JRC1O87",
        "neighbors": [
          {
            "id": "n_5c86899bc776bd03b6000012",
            "weight": 0
          },
          {
            "id": "n_5c86899bc776bd03b6000014",
            "weight": 0
          }
        ],
        "space": [],
        "flags": [
          1
        ]
      }
    },
    {
      "type": "Feature",
      "geometry": {
        "type": "Point",
        "coordinates": [
          5.988770961378108,
          51.20184824111943
        ]
      },
      "properties": {
        "id": "n_5c86899bc776bd03b6000014",
        "map": "f_59fa1587a10b6d1f6b000000",
        "externalId": "NODE-A65LZWSB",
        "neighbors": [
          {
            "id": "n_5c86899bc776bd03b6000013",
            "weight": 0
          },
          {
            "id": "n_5c86899bc776bd03b6000015",
            "weight": 0
          }
        ],
        "space": [],
        "flags": [
          1
        ]
      }
    },
    {
      "type": "Feature",
      "geometry": {
        "type": "Point",
        "coordinates": [
          5.988781809498085,
          51.20185198430511
        ]
      },
      "properties": {
        "id": "n_5c86899bc776bd03b6000015",
        "map": "f_59fa1587a10b6d1f6b000000",
        "externalId": "NODE-ZLXKHEJE",
        "neighbors": [
          {
            "id": "n_5c86899bc776bd03b6000014",
            "weight": 0
          },
          {
            "id": "n_5c86899bc776bd03b6000016",
            "weight": 0
          }
        ],
        "space": [],
        "flags": [
          1
        ]
      }
    },
    {
      "type": "Feature",
      "geometry": {
        "type": "Point",
        "coordinates": [
          5.988794442148723,
          51.20185810346416
        ]
      },
      "properties": {
        "id": "n_5c86899bc776bd03b6000016",
        "map": "f_59fa1587a10b6d1f6b000000",
        "externalId": "NODE-KGN8VM0Q",
        "neighbors": [
          {
            "id": "n_5c86899bc776bd03b6000015",
            "weight": 0
          },
          {
            "id": "n_5c868983c776bd03b600000d",
            "weight": 0
          }
        ],
        "space": [],
        "flags": [
          1
        ]
      }
    },
    {
      "type": "Feature",
      "geometry": {
        "type": "Point",
        "coordinates": [
          5.986892711921979,
          51.20143130887092
        ]
      },
      "properties": {
        "id": "n_5d3b109a78b1027985000001",
        "map": "f_59fa1587a10b6d1f6b000000",
        "externalId": "NODE-PTLHVPOU",
        "neighbors": [
          {
            "id": "n_5a0328864b3a915cdf000000",
            "weight": 0
          },
          {
            "id": "n_5d3b10c978b1027985000003",
            "weight": 0
          }
        ],
        "space": [],
        "flags": [
          1
        ]
      }
    },
    {
      "type": "Feature",
      "geometry": {
        "type": "Point",
        "coordinates": [
          5.9869920700186725,
          51.20137284817061
        ]
      },
      "properties": {
        "id": "n_5d3b10c978b1027985000003",
        "map": "f_59fa1587a10b6d1f6b000000",
        "externalId": "NODE-X4UTBPIJ",
        "neighbors": [
          {
            "id": "n_5d3b109a78b1027985000001",
            "weight": 0
          },
          {
            "id": "n_5d3b123278b1027985000008",
            "weight": 0
          }
        ],
        "space": [],
        "flags": [
          1
        ]
      }
    },
    {
      "type": "Feature",
      "geometry": {
        "type": "Point",
        "coordinates": [
          5.986965721244945,
          51.20135154202684
        ]
      },
      "properties": {
        "id": "n_5d3b123278b1027985000008",
        "map": "f_59fa1587a10b6d1f6b000000",
        "externalId": "NODE-AJNKICKW",
        "neighbors": [
          {
            "id": "n_5d3b10c978b1027985000003",
            "weight": 0
          }
        ],
        "space": [
          "s_62a9b15ba4f03486974e0dc6"
        ],
        "flags": [
          1
        ]
      }
    },
    {
      "type": "Feature",
      "geometry": {
        "type": "Point",
        "coordinates": [
          5.989804934896242,
          51.19985495776245
        ]
      },
      "properties": {
        "id": "n_5d3b128d78b102798500000f",
        "map": "f_59fa1587a10b6d1f6b000000",
        "externalId": "NODE-7VLDWAKG",
        "neighbors": [
          {
            "id": "n_5aafccf6f3ea235dd3000003",
            "weight": 0
          },
          {
            "id": "n_5e383c3f05412d78be000a47",
            "weight": 0
          },
          {
            "id": "n_6257e2e28eb9f44e76000733",
            "weight": 0
          }
        ],
        "space": [],
        "flags": [
          1
        ]
      }
    },
    {
      "type": "Feature",
      "geometry": {
        "type": "Point",
        "coordinates": [
          5.98825724474624,
          51.199617673958095
        ]
      },
      "properties": {
        "id": "n_5d7126acfa02a728e0000001",
        "map": "f_59fa1587a10b6d1f6b000000",
        "externalId": "NODE-2E0DF3MZ",
        "neighbors": [
          {
            "id": "n_59fcbe721f3be7749e0000dc",
            "weight": 0
          },
          {
            "id": "n_59fcbe771f3be7749e0000de",
            "weight": 0
          },
          {
            "id": "n_68825e794b225636e86b845e",
            "weight": 0
          }
        ],
        "space": [],
        "flags": [
          1
        ]
      }
    },
    {
      "type": "Feature",
      "geometry": {
        "type": "Point",
        "coordinates": [
          5.988312736780072,
          51.19959134967448
        ]
      },
      "properties": {
        "id": "n_5dd27772fa02a720b0000001",
        "map": "f_59fa1587a10b6d1f6b000000",
        "externalId": "NODE-T8JMPPSY",
        "neighbors": [
          {
            "id": "n_59fc7d489adddd60fc0000d5",
            "weight": 0
          },
          {
            "id": "n_5dd27777fa02a720b0000003",
            "weight": 0
          },
          {
            "id": "n_68825e794b225636e86b845e",
            "weight": 0
          }
        ],
        "space": [],
        "flags": [
          1
        ]
      }
    },
    {
      "type": "Feature",
      "geometry": {
        "type": "Point",
        "coordinates": [
          5.98824795160146,
          51.199519243850524
        ]
      },
      "properties": {
        "id": "n_5dd27777fa02a720b0000003",
        "map": "f_59fa1587a10b6d1f6b000000",
        "externalId": "NODE-FOHUXSSZ",
        "neighbors": [
          {
            "id": "n_5dd27772fa02a720b0000001",
            "weight": 0
          }
        ],
        "space": [
          "s_68a87fefa8bd702e5766e39c"
        ],
        "flags": [
          1
        ]
      }
    },
    {
      "type": "Feature",
      "geometry": {
        "type": "Point",
        "coordinates": [
          5.986705809925865,
          51.200090319364634
        ]
      },
      "properties": {
        "id": "n_5e27780e05412d2094000000",
        "map": "f_59fa1587a10b6d1f6b000000",
        "externalId": "NODE-OHEIF10T",
        "neighbors": [
          {
            "id": "n_59fc7a799adddd60fc000026",
            "weight": 0
          },
          {
            "id": "n_59fcba5d1f3be7749e000053",
            "weight": 0
          },
          {
            "id": "n_59fcba591f3be7749e000051",
            "weight": 0
          }
        ],
        "space": [],
        "flags": [
          1
        ]
      }
    },
    {
      "type": "Feature",
      "geometry": {
        "type": "Point",
        "coordinates": [
          5.990258340846646,
          51.20010406932936
        ]
      },
      "properties": {
        "id": "n_5e2fb99c1c41735fd300057c",
        "map": "f_59fa1587a10b6d1f6b000000",
        "externalId": "NODE-2W3WFU3Z",
        "neighbors": [
          {
            "id": "n_5c86887dc776bd03b6000008",
            "weight": 0
          },
          {
            "id": "n_654bb12f53ad38ca265afef8",
            "weight": 0
          },
          {
            "id": "n_655e2de014530837ce494128",
            "weight": 0
          }
        ],
        "space": [],
        "flags": [
          1
        ]
      }
    },
    {
      "type": "Feature",
      "geometry": {
        "type": "Point",
        "coordinates": [
          5.9898129873417005,
          51.199839285437534
        ]
      },
      "properties": {
        "id": "n_5e383c3f05412d78be000a47",
        "map": "f_59fa1587a10b6d1f6b000000",
        "externalId": "NODE-7YPAG5U6",
        "neighbors": [
          {
            "id": "n_5d3b128d78b102798500000f",
            "weight": 0
          }
        ],
        "space": [
          "s_5e383a2a05412d78be000003"
        ],
        "flags": [
          1
        ]
      }
    },
    {
      "type": "Feature",
      "geometry": {
        "type": "Point",
        "coordinates": [
          5.985542728119967,
          51.20130082079557
        ]
      },
      "properties": {
        "id": "n_5e4474a105412d77a80011e1",
        "map": "f_59fa1587a10b6d1f6b000000",
        "externalId": "NODE-8LGL1LYX",
        "neighbors": [
          {
            "id": "n_5a0333ca4b3a917ba2000001",
            "weight": 0
          },
          {
            "id": "n_59fcb8381f3be7749e00000c",
            "weight": 0
          }
        ],
        "space": [
          "s_5e4470cf05412d77a8000000"
        ],
        "flags": [
          1
        ]
      }
    },
    {
      "type": "Feature",
      "geometry": {
        "type": "Point",
        "coordinates": [
          5.985087685663708,
          51.20086644384896
        ]
      },
      "properties": {
        "id": "n_5e449f5505412d3675000521",
        "map": "f_59fa1587a10b6d1f6b000000",
        "externalId": "NODE-U82QUBT1",
        "neighbors": [
          {
            "id": "n_59fcb8171f3be7749e000005",
            "weight": 0
          }
        ],
        "space": [
          "s_5e449d9105412d3675000003"
        ],
        "flags": [
          1
        ]
      }
    },
    {
      "type": "Feature",
      "geometry": {
        "type": "Point",
        "coordinates": [
          5.987625904490189,
          51.19895155543967
        ]
      },
      "properties": {
        "id": "n_5eecb510fa02a7522f000000",
        "map": "f_59fa1587a10b6d1f6b000000",
        "externalId": "NODE-V70SV01N",
        "neighbors": [
          {
            "id": "n_59fc7c039adddd60fc00006d",
            "weight": 0
          }
        ],
        "space": [
          "s_62a986dba4f03486974e0b52"
        ],
        "flags": [
          1
        ]
      }
    },
    {
      "type": "Feature",
      "geometry": {
        "type": "Point",
        "coordinates": [
          5.986601663165284,
          51.20185774050856
        ]
      },
      "properties": {
        "id": "n_605df8a82d417e37e7000000",
        "map": "f_59fa1587a10b6d1f6b000000",
        "externalId": "NODE-MCYF4C15",
        "neighbors": [
          {
            "id": "n_59fc7a109adddd60fc000005",
            "weight": 0
          }
        ],
        "space": [
          "s_5e2ef80a05412d529a0004df"
        ],
        "flags": [
          1
        ]
      }
    },
    {
      "type": "Feature",
      "geometry": {
        "type": "Point",
        "coordinates": [
          5.988815004056262,
          51.199831061126176
        ]
      },
      "properties": {
        "id": "n_62579da28eb9f4253d00001e",
        "map": "f_59fa1587a10b6d1f6b000000",
        "externalId": "NODE-N3RZCT1Z",
        "neighbors": [
          {
            "id": "n_59fc7d349adddd60fc0000d2",
            "weight": 0
          },
          {
            "id": "n_59fcbe791f3be7749e0000df",
            "weight": 0
          },
          {
            "id": "n_6257e2e28eb9f44e76000733",
            "weight": 0
          }
        ],
        "space": [],
        "flags": [
          1
        ]
      }
    },
    {
      "type": "Feature",
      "geometry": {
        "type": "Point",
        "coordinates": [
          5.989559279487664,
          51.19981516301157
        ]
      },
      "properties": {
        "id": "n_6257e2e28eb9f44e76000733",
        "map": "f_59fa1587a10b6d1f6b000000",
        "externalId": "NODE-AS74QQRG",
        "neighbors": [
          {
            "id": "n_5d3b128d78b102798500000f",
            "weight": 0
          },
          {
            "id": "n_62579da28eb9f4253d00001e",
            "weight": 0
          }
        ],
        "space": [],
        "flags": [
          1
        ]
      }
    },
    {
      "type": "Feature",
      "geometry": {
        "type": "Point",
        "coordinates": [
          5.989564037768168,
          51.19886226145485
        ]
      },
      "properties": {
        "id": "n_62a6ed816f450b5e3fe99f76",
        "map": "f_59fa1587a10b6d1f6b000000",
        "externalId": "NODE-JXL9DBJF",
        "neighbors": [
          {
            "id": "n_5a01ce464b3a911e1d000001",
            "weight": 0
          }
        ],
        "space": [
          "s_62459269d597647160000004"
        ],
        "flags": [
          1
        ]
      }
    },
    {
      "type": "Feature",
      "geometry": {
        "type": "Point",
        "coordinates": [
          5.987076905994031,
          51.19970240893502
        ]
      },
      "properties": {
        "id": "n_6303b0ab924f0f575068a473",
        "map": "f_59fa1587a10b6d1f6b000000",
        "externalId": "NODE-3D236N0X",
        "neighbors": [
          {
            "id": "n_59fc7a909adddd60fc00002f",
            "weight": 0
          }
        ],
        "space": [
          "s_6303afc9924f0f575068a470"
        ],
        "flags": [
          1
        ]
      }
    },
    {
      "type": "Feature",
      "geometry": {
        "type": "Point",
        "coordinates": [
          5.989754139151091,
          51.198897230326345
        ]
      },
      "properties": {
        "id": "n_6303b0f1924f0f575068a475",
        "map": "f_59fa1587a10b6d1f6b000000",
        "externalId": "NODE-RK73Z9R0",
        "neighbors": [
          {
            "id": "n_6303b0fa924f0f575068a476",
            "weight": 0
          }
        ],
        "space": [
          "s_6303ac19924f0f575068a46f"
        ],
        "flags": [
          1
        ]
      }
    },
    {
      "type": "Feature",
      "geometry": {
        "type": "Point",
        "coordinates": [
          5.9897881376941875,
          51.19883105829878
        ]
      },
      "properties": {
        "id": "n_6303b0fa924f0f575068a476",
        "map": "f_59fa1587a10b6d1f6b000000",
        "externalId": "NODE-TEK88ABK",
        "neighbors": [
          {
            "id": "n_6303b0f1924f0f575068a475",
            "weight": 0
          },
          {
            "id": "n_59fcc0f51f3be7733600001f",
            "weight": 0
          },
          {
            "id": "n_5a01ce464b3a911e1d000001",
            "weight": 0
          },
          {
            "id": "n_68e91b57e5c5e3d14b72b2aa",
            "weight": 0
          }
        ],
        "space": [],
        "flags": [
          1
        ]
      }
    },
    {
      "type": "Feature",
      "geometry": {
        "type": "Point",
        "coordinates": [
          5.986139726416943,
          51.200701510359316
        ]
      },
      "properties": {
        "id": "n_63b4544dbc5b62c44ab63523",
        "map": "f_59fa1587a10b6d1f6b000000",
        "externalId": "NODE-MDGYXMWC",
        "neighbors": [
          {
            "id": "n_59fcb9b51f3be7749e00003d",
            "weight": 0
          }
        ],
        "space": [
          "s_63b3ddeecfec1253d43198f1"
        ],
        "flags": [
          1
        ]
      }
    },
    {
      "type": "Feature",
      "geometry": {
        "type": "Point",
        "coordinates": [
          5.9874180546145315,
          51.199290052395924
        ]
      },
      "properties": {
        "id": "n_63b59c965e3b8b8100877768",
        "map": "f_59fa1587a10b6d1f6b000000",
        "externalId": "NODE-ADO1T174",
        "neighbors": [
          {
            "id": "n_59fcbace1f3be7749e000075",
            "weight": 0
          },
          {
            "id": "n_59fc7a869adddd60fc000029",
            "weight": 0
          },
          {
            "id": "n_59fcbabf1f3be7749e000071",
            "weight": 0
          }
        ],
        "space": [],
        "flags": [
          1
        ]
      }
    },
    {
      "type": "Feature",
      "geometry": {
        "type": "Point",
        "coordinates": [
          5.990313957392093,
          51.199479101031315
        ]
      },
      "properties": {
        "id": "n_640b3f612735893ec16f9ee7",
        "map": "f_59fa1587a10b6d1f6b000000",
        "externalId": "NODE-2HUR87TU",
        "neighbors": [
          {
            "id": "n_59fc7afb9adddd60fc000059",
            "weight": 0
          }
        ],
        "space": [
          "s_640b3d212735893ec16f9c85"
        ],
        "flags": [
          1
        ]
      }
    },
    {
      "type": "Feature",
      "geometry": {
        "type": "Point",
        "coordinates": [
          5.988462988732637,
          51.19853296287974
        ]
      },
      "properties": {
        "id": "n_64e8b7068d33991afdc9d639",
        "map": "f_59fa1587a10b6d1f6b000000",
        "externalId": "NODE-EXR70FJG",
        "neighbors": [
          {
            "id": "n_64e8b7088d33991afdc9d63a",
            "weight": 0
          }
        ],
        "space": [
          "s_64e8adbf8942113016cdb6e8"
        ],
        "flags": [
          1
        ]
      }
    },
    {
      "type": "Feature",
      "geometry": {
        "type": "Point",
        "coordinates": [
          5.988498778339256,
          51.19846330850744
        ]
      },
      "properties": {
        "id": "n_64e8b7088d33991afdc9d63a",
        "map": "f_59fa1587a10b6d1f6b000000",
        "externalId": "NODE-N76PJP8Q",
        "neighbors": [
          {
            "id": "n_64e8b7068d33991afdc9d639",
            "weight": 0
          },
          {
            "id": "n_59fc7acc9adddd60fc00004a",
            "weight": 0
          },
          {
            "id": "n_5a03326b4b3a915cdf00003a",
            "weight": 0
          }
        ],
        "space": [],
        "flags": [
          1
        ]
      }
    },
    {
      "type": "Feature",
      "geometry": {
        "type": "Point",
        "coordinates": [
          5.987557243210379,
          51.20033744943087
        ]
      },
      "properties": {
        "id": "n_654945f0dc4d1d969dc06e43",
        "map": "f_59fa1587a10b6d1f6b000000",
        "externalId": "NODE-BK2Q90AP",
        "neighbors": [
          {
            "id": "n_59fcbe001f3be7749e0000b2",
            "weight": 0
          },
          {
            "id": "n_59fcbde71f3be7749e0000ab",
            "weight": 0
          },
          {
            "id": "n_59fcbdfc1f3be7749e0000b1",
            "weight": 0
          }
        ],
        "space": [],
        "flags": [
          1
        ]
      }
    },
    {
      "type": "Feature",
      "geometry": {
        "type": "Point",
        "coordinates": [
          5.988378339527484,
          51.200203499929614
        ]
      },
      "properties": {
        "id": "n_654bb0ef53ad38ca265afef1",
        "map": "f_59fa1587a10b6d1f6b000000",
        "externalId": "NODE-MGAGLIPM",
        "neighbors": [
          {
            "id": "n_654bb0f053ad38ca265afef2",
            "weight": 0
          },
          {
            "id": "n_654bb0f453ad38ca265afef3",
            "weight": 0
          }
        ],
        "space": [],
        "flags": [
          1
        ]
      }
    },
    {
      "type": "Feature",
      "geometry": {
        "type": "Point",
        "coordinates": [
          5.988238994830181,
          51.20039063779205
        ]
      },
      "properties": {
        "id": "n_654bb0f053ad38ca265afef2",
        "map": "f_59fa1587a10b6d1f6b000000",
        "externalId": "NODE-MZ7IUEYS",
        "neighbors": [
          {
            "id": "n_654bb0ef53ad38ca265afef1",
            "weight": 0
          },
          {
            "id": "n_5a0328954b3a915cdf000004",
            "weight": 0
          }
        ],
        "space": [],
        "flags": [
          1
        ]
      }
    },
    {
      "type": "Feature",
      "geometry": {
        "type": "Point",
        "coordinates": [
          5.988611618254666,
          51.20005130303515
        ]
      },
      "properties": {
        "id": "n_654bb0f453ad38ca265afef3",
        "map": "f_59fa1587a10b6d1f6b000000",
        "externalId": "NODE-KSPEV16T",
        "neighbors": [
          {
            "id": "n_654bb0ef53ad38ca265afef1",
            "weight": 0
          },
          {
            "id": "n_5a03289b4b3a915cdf000006",
            "weight": 0
          }
        ],
        "space": [],
        "flags": [
          1
        ]
      }
    },
    {
      "type": "Feature",
      "geometry": {
        "type": "Point",
        "coordinates": [
          5.98690277301253,
          51.201621866590976
        ]
      },
      "properties": {
        "id": "n_654bb10553ad38ca265afef4",
        "map": "f_59fa1587a10b6d1f6b000000",
        "externalId": "NODE-KWURX9YG",
        "neighbors": [
          {
            "id": "n_5a03288b4b3a915cdf000001",
            "weight": 0
          },
          {
            "id": "n_68825e464b225636e86b8454",
            "weight": 0
          }
        ],
        "space": [],
        "flags": [
          1
        ]
      }
    },
    {
      "type": "Feature",
      "geometry": {
        "type": "Point",
        "coordinates": [
          5.987007353988083,
          51.2016933967027
        ]
      },
      "properties": {
        "id": "n_654bb10653ad38ca265afef5",
        "map": "f_59fa1587a10b6d1f6b000000",
        "externalId": "NODE-HD7UZWJO",
        "neighbors": [
          {
            "id": "n_68825e464b225636e86b8454",
            "weight": 0
          }
        ],
        "space": [],
        "flags": [
          1
        ]
      }
    },
    {
      "type": "Feature",
      "geometry": {
        "type": "Point",
        "coordinates": [
          5.988991723169726,
          51.20004798426584
        ]
      },
      "properties": {
        "id": "n_654bb12953ad38ca265afef6",
        "map": "f_59fa1587a10b6d1f6b000000",
        "externalId": "NODE-GKSB90FZ",
        "neighbors": [
          {
            "id": "n_654bb12953ad38ca265afef7",
            "weight": 0
          }
        ],
        "space": [],
        "flags": [
          1
        ]
      }
    },
    {
      "type": "Feature",
      "geometry": {
        "type": "Point",
        "coordinates": [
          5.988892775768126,
          51.20008058236798
        ]
      },
      "properties": {
        "id": "n_654bb12953ad38ca265afef7",
        "map": "f_59fa1587a10b6d1f6b000000",
        "externalId": "NODE-G40NCDKI",
        "neighbors": [
          {
            "id": "n_654bb12953ad38ca265afef6",
            "weight": 0
          },
          {
            "id": "n_5a0328994b3a915cdf000005",
            "weight": 0
          },
          {
            "id": "n_5a03289b4b3a915cdf000006",
            "weight": 0
          }
        ],
        "space": [],
        "flags": [
          1
        ]
      }
    },
    {
      "type": "Feature",
      "geometry": {
        "type": "Point",
        "coordinates": [
          5.990093607175923,
          51.200070732865576
        ]
      },
      "properties": {
        "id": "n_654bb12f53ad38ca265afef8",
        "map": "f_59fa1587a10b6d1f6b000000",
        "externalId": "NODE-7E8819EX",
        "neighbors": [
          {
            "id": "n_5e2fb99c1c41735fd300057c",
            "weight": 0
          }
        ],
        "space": [],
        "flags": [
          1
        ]
      }
    },
    {
      "type": "Feature",
      "geometry": {
        "type": "Point",
        "coordinates": [
          5.990136535837903,
          51.200359619812176
        ]
      },
      "properties": {
        "id": "n_654bb14753ad38ca265afef9",
        "map": "f_59fa1587a10b6d1f6b000000",
        "externalId": "NODE-C3PGW12U",
        "neighbors": [
          {
            "id": "n_655e2de014530837ce494128",
            "weight": 0
          },
          {
            "id": "n_655e2de314530837ce494129",
            "weight": 0
          }
        ],
        "space": [],
        "flags": [
          1
        ]
      }
    },
    {
      "type": "Feature",
      "geometry": {
        "type": "Point",
        "coordinates": [
          5.990003118390798,
          51.2004542007863
        ]
      },
      "properties": {
        "id": "n_655e2dcd14530837ce494125",
        "map": "f_59fa1587a10b6d1f6b000000",
        "externalId": "NODE-KWQ9CI49",
        "neighbors": [
          {
            "id": "n_655e2de814530837ce49412a",
            "weight": 0
          }
        ],
        "space": [
          "s_655e2d6314530837ce494121"
        ],
        "flags": [
          1
        ]
      }
    },
    {
      "type": "Feature",
      "geometry": {
        "type": "Point",
        "coordinates": [
          5.990046064902273,
          51.200370614974474
        ]
      },
      "properties": {
        "id": "n_655e2dd114530837ce494126",
        "map": "f_59fa1587a10b6d1f6b000000",
        "externalId": "NODE-AG20590Z",
        "neighbors": [
          {
            "id": "n_655e2de314530837ce494129",
            "weight": 0
          }
        ],
        "space": [
          "s_655e2d8d14530837ce494123"
        ],
        "flags": [
          1
        ]
      }
    },
    {
      "type": "Feature",
      "geometry": {
        "type": "Point",
        "coordinates": [
          5.990089011257908,
          51.20028702914693
        ]
      },
      "properties": {
        "id": "n_655e2ddb14530837ce494127",
        "map": "f_59fa1587a10b6d1f6b000000",
        "externalId": "NODE-53C6X1QX",
        "neighbors": [
          {
            "id": "n_655e2de014530837ce494128",
            "weight": 0
          }
        ],
        "space": [
          "s_655e2dad14530837ce494124"
        ],
        "flags": [
          1
        ]
      }
    },
    {
      "type": "Feature",
      "geometry": {
        "type": "Point",
        "coordinates": [
          5.9901668255379,
          51.20030272669905
        ]
      },
      "properties": {
        "id": "n_655e2de014530837ce494128",
        "map": "f_59fa1587a10b6d1f6b000000",
        "externalId": "NODE-U0UZ68HA",
        "neighbors": [
          {
            "id": "n_655e2ddb14530837ce494127",
            "weight": 0
          },
          {
            "id": "n_5e2fb99c1c41735fd300057c",
            "weight": 0
          },
          {
            "id": "n_654bb14753ad38ca265afef9",
            "weight": 0
          }
        ],
        "space": [],
        "flags": [
          1
        ]
      }
    },
    {
      "type": "Feature",
      "geometry": {
        "type": "Point",
        "coordinates": [
          5.990123879308825,
          51.20038631255508
        ]
      },
      "properties": {
        "id": "n_655e2de314530837ce494129",
        "map": "f_59fa1587a10b6d1f6b000000",
        "externalId": "NODE-YETF5HLP",
        "neighbors": [
          {
            "id": "n_655e2dd114530837ce494126",
            "weight": 0
          },
          {
            "id": "n_654bb14753ad38ca265afef9",
            "weight": 0
          },
          {
            "id": "n_655e2de814530837ce49412a",
            "weight": 0
          }
        ],
        "space": [],
        "flags": [
          1
        ]
      }
    },
    {
      "type": "Feature",
      "geometry": {
        "type": "Point",
        "coordinates": [
          5.990083712015357,
          51.20047045902332
        ]
      },
      "properties": {
        "id": "n_655e2de814530837ce49412a",
        "map": "f_59fa1587a10b6d1f6b000000",
        "externalId": "NODE-XZ7MD6OC",
        "neighbors": [
          {
            "id": "n_655e2dcd14530837ce494125",
            "weight": 0
          },
          {
            "id": "n_5c868872c776bd03b6000007",
            "weight": 0
          },
          {
            "id": "n_655e2de314530837ce494129",
            "weight": 0
          }
        ],
        "space": [],
        "flags": [
          1
        ]
      }
    },
    {
      "type": "Feature",
      "geometry": {
        "type": "Point",
        "coordinates": [
          5.989512440011976,
          51.19944819302811
        ]
      },
      "properties": {
        "id": "n_65fd8c29a237ee8a407b9998",
        "map": "f_59fa1587a10b6d1f6b000000",
        "externalId": "NODE-4QKAYD48",
        "neighbors": [
          {
            "id": "n_59fcc3621f3be7733600009c",
            "weight": 0
          },
          {
            "id": "n_59fcc2f51f3be77336000077",
            "weight": 0
          },
          {
            "id": "n_59fcc2f81f3be77336000079",
            "weight": 0
          }
        ],
        "space": [],
        "flags": [
          1
        ]
      }
    },
    {
      "type": "Feature",
      "geometry": {
        "type": "Point",
        "coordinates": [
          5.985495183793474,
          51.20088234785893
        ]
      },
      "properties": {
        "id": "n_679a495875f64e856170193d",
        "map": "f_59fa1587a10b6d1f6b000000",
        "externalId": "NODE-VRBX91W4",
        "neighbors": [
          {
            "id": "n_679a495875f64e856170193e",
            "weight": 0
          }
        ],
        "space": [
          "s_679a491d75f64e856170193b"
        ],
        "flags": [
          1
        ]
      }
    },
    {
      "type": "Feature",
      "geometry": {
        "type": "Point",
        "coordinates": [
          5.9855511424947805,
          51.200916701562264
        ]
      },
      "properties": {
        "id": "n_679a495875f64e856170193e",
        "map": "f_59fa1587a10b6d1f6b000000",
        "externalId": "NODE-ZQZBSS4Z",
        "neighbors": [
          {
            "id": "n_679a495875f64e856170193d",
            "weight": 0
          },
          {
            "id": "n_59fcb97a1f3be7749e00002d",
            "weight": 0
          },
          {
            "id": "n_59fcb9871f3be7749e000030",
            "weight": 0
          }
        ],
        "space": [],
        "flags": [
          1
        ]
      }
    },
    {
      "type": "Feature",
      "geometry": {
        "type": "Point",
        "coordinates": [
          5.990034017983284,
          51.1989613803116
        ]
      },
      "properties": {
        "id": "n_68308434913fe71f13876a48",
        "map": "f_59fa1587a10b6d1f6b000000",
        "externalId": "NODE-OJWOT576",
        "neighbors": [
          {
            "id": "n_59fcc1011f3be77336000022",
            "weight": 0
          }
        ],
        "space": [
          "s_6303ac19924f0f575068a46e"
        ],
        "flags": [
          1
        ]
      }
    },
    {
      "type": "Feature",
      "geometry": {
        "type": "Point",
        "coordinates": [
          5.987274508250878,
          51.201637104434475
        ]
      },
      "properties": {
        "id": "n_68825e344b225636e86b844f",
        "map": "f_59fa1587a10b6d1f6b000000",
        "externalId": "NODE-XS6A9HGT",
        "neighbors": [
          {
            "id": "n_68825e344b225636e86b8450",
            "weight": 0
          }
        ],
        "space": [
          "s_68825c994b225636e86b81e2"
        ],
        "flags": [
          1
        ]
      }
    },
    {
      "type": "Feature",
      "geometry": {
        "type": "Point",
        "coordinates": [
          5.987293156120452,
          51.20160457234766
        ]
      },
      "properties": {
        "id": "n_68825e344b225636e86b8450",
        "map": "f_59fa1587a10b6d1f6b000000",
        "externalId": "NODE-I92AHJ7J",
        "neighbors": [
          {
            "id": "n_68825e344b225636e86b844f",
            "weight": 0
          },
          {
            "id": "n_5a03288b4b3a915cdf000001",
            "weight": 0
          },
          {
            "id": "n_5a03288d4b3a915cdf000002",
            "weight": 0
          }
        ],
        "space": [],
        "flags": [
          1
        ]
      }
    },
    {
      "type": "Feature",
      "geometry": {
        "type": "Point",
        "coordinates": [
          5.986761749814538,
          51.20166947796396
        ]
      },
      "properties": {
        "id": "n_68825e404b225636e86b8451",
        "map": "f_59fa1587a10b6d1f6b000000",
        "externalId": "NODE-1SZUB84O",
        "neighbors": [
          {
            "id": "n_68825e414b225636e86b8452",
            "weight": 0
          }
        ],
        "space": [
          "s_68825c854b225636e86b81e1"
        ],
        "flags": [
          1
        ]
      }
    },
    {
      "type": "Feature",
      "geometry": {
        "type": "Point",
        "coordinates": [
          5.986671100817469,
          51.20162087686139
        ]
      },
      "properties": {
        "id": "n_68825e414b225636e86b8452",
        "map": "f_59fa1587a10b6d1f6b000000",
        "externalId": "NODE-SV5FXCHL",
        "neighbors": [
          {
            "id": "n_68825e404b225636e86b8451",
            "weight": 0
          },
          {
            "id": "n_59fc7a109adddd60fc000005",
            "weight": 0
          },
          {
            "id": "n_5a0328864b3a915cdf000000",
            "weight": 0
          }
        ],
        "space": [],
        "flags": [
          1
        ]
      }
    },
    {
      "type": "Feature",
      "geometry": {
        "type": "Point",
        "coordinates": [
          5.986903286790345,
          51.201688193807
        ]
      },
      "properties": {
        "id": "n_68825e454b225636e86b8453",
        "map": "f_59fa1587a10b6d1f6b000000",
        "externalId": "NODE-D5O8YZF9",
        "neighbors": [
          {
            "id": "n_68825e464b225636e86b8454",
            "weight": 0
          }
        ],
        "space": [
          "s_68825c444b225636e86b81e0"
        ],
        "flags": [
          1
        ]
      }
    },
    {
      "type": "Feature",
      "geometry": {
        "type": "Point",
        "coordinates": [
          5.986930208302283,
          51.20164063149999
        ]
      },
      "properties": {
        "id": "n_68825e464b225636e86b8454",
        "map": "f_59fa1587a10b6d1f6b000000",
        "externalId": "NODE-3J0YFR6L",
        "neighbors": [
          {
            "id": "n_68825e454b225636e86b8453",
            "weight": 0
          },
          {
            "id": "n_654bb10553ad38ca265afef4",
            "weight": 0
          },
          {
            "id": "n_654bb10653ad38ca265afef5",
            "weight": 0
          }
        ],
        "space": [],
        "flags": [
          1
        ]
      }
    },
    {
      "type": "Feature",
      "geometry": {
        "type": "Point",
        "coordinates": [
          5.986622241478339,
          51.20025150961245
        ]
      },
      "properties": {
        "id": "n_68825e544b225636e86b8455",
        "map": "f_59fa1587a10b6d1f6b000000",
        "externalId": "NODE-IOVDSM2K",
        "neighbors": [
          {
            "id": "n_59fc7a729adddd60fc000025",
            "weight": 0
          },
          {
            "id": "n_5a032bd64b3a915cdf00000a",
            "weight": 0
          }
        ],
        "space": [
          "s_68825cef4b225636e86b81e3"
        ],
        "flags": [
          1
        ]
      }
    },
    {
      "type": "Feature",
      "geometry": {
        "type": "Point",
        "coordinates": [
          5.986733702387645,
          51.20030582489269
        ]
      },
      "properties": {
        "id": "n_68825e5f4b225636e86b8456",
        "map": "f_59fa1587a10b6d1f6b000000",
        "externalId": "NODE-JD6YC03S",
        "neighbors": [
          {
            "id": "n_59fcba491f3be7749e00004c",
            "weight": 0
          },
          {
            "id": "n_5b7ada1520a5b4691f000002",
            "weight": 0
          },
          {
            "id": "n_68825e604b225636e86b8457",
            "weight": 0
          }
        ],
        "space": [],
        "flags": [
          1
        ]
      }
    },
    {
      "type": "Feature",
      "geometry": {
        "type": "Point",
        "coordinates": [
          5.986663974624554,
          51.200170132774154
        ]
      },
      "properties": {
        "id": "n_68825e604b225636e86b8457",
        "map": "f_59fa1587a10b6d1f6b000000",
        "externalId": "NODE-ARIHU779",
        "neighbors": [
          {
            "id": "n_68825e5f4b225636e86b8456",
            "weight": 0
          },
          {
            "id": "n_59fc7a799adddd60fc000026",
            "weight": 0
          },
          {
            "id": "n_5a032bd64b3a915cdf00000a",
            "weight": 0
          }
        ],
        "space": [],
        "flags": [
          1
        ]
      }
    },
    {
      "type": "Feature",
      "geometry": {
        "type": "Point",
        "coordinates": [
          5.988347995515196,
          51.198772521608284
        ]
      },
      "properties": {
        "id": "n_68825e674b225636e86b8458",
        "map": "f_59fa1587a10b6d1f6b000000",
        "externalId": "NODE-1URLM7DM",
        "neighbors": [
          {
            "id": "n_68825e694b225636e86b8459",
            "weight": 0
          }
        ],
        "space": [
          "s_68825d6c4b225636e86b81e7"
        ],
        "flags": [
          1
        ]
      }
    },
    {
      "type": "Feature",
      "geometry": {
        "type": "Point",
        "coordinates": [
          5.988306765339547,
          51.198852763391244
        ]
      },
      "properties": {
        "id": "n_68825e694b225636e86b8459",
        "map": "f_59fa1587a10b6d1f6b000000",
        "externalId": "NODE-H49FASX5",
        "neighbors": [
          {
            "id": "n_68825e674b225636e86b8458",
            "weight": 0
          },
          {
            "id": "n_5a0331e04b3a915cdf00002a",
            "weight": 0
          },
          {
            "id": "n_5a0331e44b3a915cdf00002b",
            "weight": 0
          }
        ],
        "space": [],
        "flags": [
          1
        ]
      }
    },
    {
      "type": "Feature",
      "geometry": {
        "type": "Point",
        "coordinates": [
          5.988089395552124,
          51.19849648696164
        ]
      },
      "properties": {
        "id": "n_68825e6e4b225636e86b845a",
        "map": "f_59fa1587a10b6d1f6b000000",
        "externalId": "NODE-EQE635IJ",
        "neighbors": [
          {
            "id": "n_68825e6f4b225636e86b845b",
            "weight": 0
          }
        ],
        "space": [
          "s_68825d724b225636e86b81e8"
        ],
        "flags": [
          1
        ]
      }
    },
    {
      "type": "Feature",
      "geometry": {
        "type": "Point",
        "coordinates": [
          5.988040387634617,
          51.198484138831205
        ]
      },
      "properties": {
        "id": "n_68825e6f4b225636e86b845b",
        "map": "f_59fa1587a10b6d1f6b000000",
        "externalId": "NODE-510CZ0C0",
        "neighbors": [
          {
            "id": "n_68825e6e4b225636e86b845a",
            "weight": 0
          },
          {
            "id": "n_59fc7aba9adddd60fc000046",
            "weight": 0
          },
          {
            "id": "n_59fc7c359adddd60fc000082",
            "weight": 0
          }
        ],
        "space": [],
        "flags": [
          1
        ]
      }
    },
    {
      "type": "Feature",
      "geometry": {
        "type": "Point",
        "coordinates": [
          5.988765318098051,
          51.19942744453187
        ]
      },
      "properties": {
        "id": "n_68825e754b225636e86b845c",
        "map": "f_59fa1587a10b6d1f6b000000",
        "externalId": "NODE-CKRLC2RT",
        "neighbors": [
          {
            "id": "n_68825e754b225636e86b845d",
            "weight": 0
          }
        ],
        "space": [
          "s_68825d2e4b225636e86b81e5"
        ],
        "flags": [
          1
        ]
      }
    },
    {
      "type": "Feature",
      "geometry": {
        "type": "Point",
        "coordinates": [
          5.988779125881858,
          51.19946284538222
        ]
      },
      "properties": {
        "id": "n_68825e754b225636e86b845d",
        "map": "f_59fa1587a10b6d1f6b000000",
        "externalId": "NODE-59YU8DP6",
        "neighbors": [
          {
            "id": "n_68825e754b225636e86b845c",
            "weight": 0
          },
          {
            "id": "n_59fcc2c61f3be77336000061",
            "weight": 0
          },
          {
            "id": "n_59fcc2d71f3be7733600006c",
            "weight": 0
          }
        ],
        "space": [],
        "flags": [
          1
        ]
      }
    },
    {
      "type": "Feature",
      "geometry": {
        "type": "Point",
        "coordinates": [
          5.988283013241476,
          51.199604405902186
        ]
      },
      "properties": {
        "id": "n_68825e794b225636e86b845e",
        "map": "f_59fa1587a10b6d1f6b000000",
        "externalId": "NODE-5SGC64JR",
        "neighbors": [
          {
            "id": "n_5d7126acfa02a728e0000001",
            "weight": 0
          },
          {
            "id": "n_5dd27772fa02a720b0000001",
            "weight": 0
          }
        ],
        "space": [
          "s_68825d524b225636e86b81e6"
        ],
        "flags": [
          1
        ]
      }
    },
    {
      "type": "Feature",
      "geometry": {
        "type": "Point",
        "coordinates": [
          5.990448673606076,
          51.20003640361185
        ]
      },
      "properties": {
        "id": "n_68825e844b225636e86b845f",
        "map": "f_59fa1587a10b6d1f6b000000",
        "externalId": "NODE-UZLKAVL8",
        "neighbors": [
          {
            "id": "n_68825e854b225636e86b8460",
            "weight": 0
          }
        ],
        "space": [
          "s_68825d164b225636e86b81e4"
        ],
        "flags": [
          1
        ]
      }
    },
    {
      "type": "Feature",
      "geometry": {
        "type": "Point",
        "coordinates": [
          5.990469780195438,
          51.19999137766816
        ]
      },
      "properties": {
        "id": "n_68825e854b225636e86b8460",
        "map": "f_59fa1587a10b6d1f6b000000",
        "externalId": "NODE-XAUTT1UH",
        "neighbors": [
          {
            "id": "n_68825e844b225636e86b845f",
            "weight": 0
          },
          {
            "id": "n_5aafccf6f3ea235dd3000003",
            "weight": 0
          },
          {
            "id": "n_5aafccfdf3ea235dd3000004",
            "weight": 0
          }
        ],
        "space": [],
        "flags": [
          1
        ]
      }
    },
    {
      "type": "Feature",
      "geometry": {
        "type": "Point",
        "coordinates": [
          5.988152758353265,
          51.19938459347836
        ]
      },
      "properties": {
        "id": "n_68a87ff3a8bd702e5766e39d",
        "map": "f_59fa1587a10b6d1f6b000000",
        "externalId": "NODE-7JPE1BFC",
        "neighbors": [
          {
            "id": "n_68a87ff4a8bd702e5766e39e",
            "weight": 0
          }
        ],
        "space": [
          "s_68a87fefa8bd702e5766e39b"
        ],
        "flags": [
          1
        ]
      }
    },
    {
      "type": "Feature",
      "geometry": {
        "type": "Point",
        "coordinates": [
          5.988289926951926,
          51.19933865888336
        ]
      },
      "properties": {
        "id": "n_68a87ff4a8bd702e5766e39e",
        "map": "f_59fa1587a10b6d1f6b000000",
        "externalId": "NODE-2DXHQ165",
        "neighbors": [
          {
            "id": "n_68a87ff3a8bd702e5766e39d",
            "weight": 0
          },
          {
            "id": "n_59fcbf411f3be7749e0000e1",
            "weight": 0
          },
          {
            "id": "n_59fcc2b81f3be7733600005c",
            "weight": 0
          }
        ],
        "space": [],
        "flags": [
          1
        ]
      }
    },
    {
      "type": "Feature",
      "geometry": {
        "type": "Point",
        "coordinates": [
          5.986090212455297,
          51.20145105383313
        ]
      },
      "properties": {
        "id": "n_68b05c2e4ddc331286343483",
        "map": "f_59fa1587a10b6d1f6b000000",
        "externalId": "NODE-KEKR0J7P",
        "neighbors": [
          {
            "id": "n_59fcb8441f3be7749e000011",
            "weight": 0
          }
        ],
        "space": [
          "s_68b05c144ddc331286343482"
        ],
        "flags": [
          1
        ]
      }
    },
    {
      "type": "Feature",
      "geometry": {
        "type": "Point",
        "coordinates": [
          5.989802452841009,
          51.198803196389484
        ]
      },
      "properties": {
        "id": "n_68e91b57e5c5e3d14b72b2aa",
        "map": "f_59fa1587a10b6d1f6b000000",
        "externalId": "NODE-Q0O33KQP",
        "neighbors": [
          {
            "id": "n_6303b0fa924f0f575068a476",
            "weight": 0
          }
        ],
        "space": [
          "s_68e91b50e5c5e3d14b72b2a9"
        ],
        "flags": [
          1
        ]
      }
    },
    {
      "type": "Feature",
      "geometry": {
        "type": "Point",
        "coordinates": [
          5.98631397422184,
          51.20183708014783
        ]
      },
      "properties": {
        "id": "n_68f895355100f5aacbbd0437",
        "map": "f_59fa1587a10b6d1f6b000000",
        "externalId": "NODE-HY7RZX96",
        "neighbors": [
          {
            "id": "n_59fc7a109adddd60fc000005",
            "weight": 0
          },
          {
            "id": "n_5c07d9c39739884359000001",
            "weight": 0
          }
        ],
        "space": [
          "s_68f895035100f5aacbbd0436"
        ],
        "flags": [
          1
        ]
      }
    },
    {
      "type": "Feature",
      "geometry": {
        "type": "Point",
        "coordinates": [
          5.986016862749282,
          51.201591236299556
        ]
      },
      "properties": {
        "id": "n_69ce1b6c37bac85e73b1bfab",
        "map": "f_59fa1587a10b6d1f6b000000",
        "externalId": "NODE-QMD64FOQ",
        "neighbors": [
          {
            "id": "n_59fcb8491f3be7749e000013",
            "weight": 0
          }
        ],
        "space": [
          "s_69ce1aff2183306f3e08c898"
        ],
        "flags": [
          1
        ]
      }
    },
    {
      "type": "Feature",
      "geometry": {
        "type": "Point",
        "coordinates": [
          5.989281129983853,
          51.1986538199939
        ]
      },
      "properties": {
        "id": "n_6a68b7df28bc21443ff6ffad",
        "map": "f_59fa1587a10b6d1f6b000000",
        "externalId": "NODE-AJGJ8ESO",
        "neighbors": [
          {
            "id": "n_6a68b7df28bc21443ff6ffae",
            "weight": 0
          }
        ],
        "space": [
          "s_6a68b7d528bc21443ff6ffac"
        ],
        "flags": [
          1
        ]
      }
    },
    {
      "type": "Feature",
      "geometry": {
        "type": "Point",
        "coordinates": [
          5.989292761246361,
          51.198631182243005
        ]
      },
      "properties": {
        "id": "n_6a68b7df28bc21443ff6ffae",
        "map": "f_59fa1587a10b6d1f6b000000",
        "externalId": "NODE-BLH5H7DP",
        "neighbors": [
          {
            "id": "n_6a68b7df28bc21443ff6ffad",
            "weight": 0
          },
          {
            "id": "n_59fcc04c1f3be7733600000f",
            "weight": 0
          },
          {
            "id": "n_5a01ce4a4b3a911e1d000002",
            "weight": 0
          }
        ],
        "space": [],
        "flags": [
          1
        ]
      }
    }
  ]
}
