brandId,brandName,aliases,categoryId,logo,luxuryLevel,rankingWeight,brandStatus,originCountryId
aqua,AQUA+,[],fashion,,fashion,50,active,
atsuro-tayama,Atsuro Tayama,[],fashion,,fashion,50,active,
bricks-house,Bricks House,[],fashion,,fashion,50,active,
cdf-beauty,cdf Beauty,[],beauty,,fashion,50,active,
cocktail,Cocktail,[],fashion,,fashion,50,active,
comvita,Comvita,[],fashion,,fashion,50,active,
dr-kong,Dr. Kong,[],fashion,,fashion,50,active,
egg-optical-boutique,eGG Optical Boutique,[],fashion,,fashion,50,active,
fortress,Fortress,[],fashion,,fashion,50,active,
her-own-words,Her own words,[],fashion,,fashion,50,active,
hk-jebn,HK JEBN,[],fashion,,fashion,50,active,
initial,initial,[],fashion,,fashion,50,active,
i-t,i.t,[],fashion,,fashion,50,active,
kinji,KINJI,[],fashion,,fashion,50,active,
la-compagnie-des-petits,La Compagnie des Petits,[],fashion,,fashion,50,active,
life-kan,LIFE KAN,[],fashion,,fashion,50,active,
lukfook-jewellery,Lukfook Jewellery,[],jewelry-watches,,fashion,50,active,
mabelle,MaBelle,[],fashion,,fashion,50,active,
mannings,Mannings,[],fashion,,fashion,50,active,
maryling,MARYLING,[],fashion,,fashion,50,active,
optical-88,OPTICAL 88 Factory,[],fashion,,fashion,50,active,
popcorn,Popcorn,[],fashion,,fashion,50,active,
rue-madame,Rue Madame,[],fashion,,fashion,50,active,
sa-sa,Sa Sa,[],fashion,,fashion,50,active,
simply-toys,Simply Toys,[],kids,,fashion,50,active,
taste,TaSTe,[],fashion,,fashion,50,active,
tsl,TSL,[],fashion,,fashion,50,active,
vivaia,VIVAIA,[],fashion,,fashion,50,active,
georg-jensen,Georg Jensen,[],fashion,,fashion,50,active,
go-wild,GO WILD,[],fashion,,fashion,50,active,
duty-zero-by-cdf,DUTY ZERO by cdf,[],fashion,,fashion,50,active,
ag-jeans,AG Jeans,[],fashion,,fashion,50,active,
ann-taylor,Ann Taylor,[],fashion,,fashion,50,active,
aritzia,Aritzia,[],fashion,,fashion,50,active,
buck-mason,Buck Mason,[],fashion,,fashion,50,active,
chicos,Chico's Off The Rack,[],fashion,,fashion,50,active,
david-yurman,David Yurman,[],fashion,,fashion,50,active,
footwork,Footwork,[],shoes-bags,,fashion,50,active,
fragrance-bay,Fragrance Bay,[],beauty,,fashion,50,active,
frankies-bikinis,Frankies Bikinis,[],fashion,,fashion,50,active,
gymboree,Gymboree,[],kids,,fashion,50,active,
kevin-jewelers,Kevin Jewelers,[],jewelry-watches,,fashion,50,active,
khanbogd,Khanbogd,[],fashion,,fashion,50,active,
louis-castel,Louis Castel,[],fashion,,fashion,50,active,
outerknown,Outerknown,[],fashion,,fashion,50,active,
paradise-toys,Paradise Toys,[],kids,,fashion,50,active,
rails,Rails,[],fashion,,fashion,50,active,
rebag,Rebag,[],shoes-bags,,fashion,50,active,
reformation,Reformation,[],fashion,,fashion,50,active,
sferra,SFERRA,[],home-lifestyle,,lifestyle,50,active,
shades-in-the-desert,Shades In The Desert,[],fashion,,fashion,50,active,
skims,Skims,[],fashion,,fashion,50,active,
tokyo-beauty,Tokyo Beauty,[],beauty,,fashion,50,active,
travismathew,TravisMathew,[],sportswear,,sports,50,active,
banter-by-piercing-pagoda,Banter by Piercing Pagoda,[],jewelry-watches,,fashion,50,active,
boxlunch,BoxLunch,[],home-lifestyle,,lifestyle,50,active,
bring-it-back,Bring It Back,[],fashion,,fashion,50,active,
bylt,BYLT,[],fashion,,fashion,50,active,
oshkosh-bgosh,Oshkosh Bgosh,[],kids,,fashion,50,active,
cbd-bloomstem,CBD Bloomstem,[],home-lifestyle,,lifestyle,50,active,
culture-kings,Culture Kings,[],fashion,,fashion,50,active,
express,Express,[],fashion,,fashion,50,active,
fashion-q,Fashion Q,[],fashion,,fashion,50,active,
inspire-me,Inspire Me,[],fashion,,fashion,50,active,
kalifano,Kalifano,[],fashion,,fashion,50,active,
lucchese-bootmaker,Lucchese Bootmaker,[],shoes-bags,,fashion,50,active,
luxury-beauty-store,LUXURY BEAUTY STORE,[],beauty,,fashion,50,active,
oliver-peoples,Oliver Peoples,[],fashion,,fashion,50,active,
perfumes-4u,Perfumes 4U,[],beauty,,fashion,50,active,
purple,Purple,[],fashion,,fashion,50,active,
racing-miami,Racing Miami Las Vegas,[],fashion,,fashion,50,active,
retro-city-games,Retro City Games,[],home-lifestyle,,lifestyle,50,active,
reyn-spooner,Reyn Spooner,[],fashion,,fashion,50,active,
vercini,Vercini,[],fashion,,fashion,50,active,
viva-vegas-gifts,Viva Vegas Gifts,[],home-lifestyle,,lifestyle,50,active,
welcome-to-las-vegas,Welcome to Las Vegas,[],fashion,,fashion,50,active,
b-c-stock,B.C Stock,[],fashion,,fashion,50,active,
uraha,Uraha,[],fashion,,fashion,50,active,
boy-london,Boy London,[],fashion,,fashion,50,active,
blue-way,Blue Way,[],fashion,,fashion,50,active,
sst-and-c,SST&C,[],fashion,,fashion,50,active,
bazaar,Bazaar,[],fashion,,fashion,50,active,
arnold-palmer,Arnold Palmer,[],fashion,,fashion,50,active,
roots,Roots,[],fashion,,fashion,50,active,
stayreal,Stayreal,[],fashion,,fashion,50,active,
ty-select,Ty Select,[],fashion,,fashion,50,active,
mon-birdie,Mon Birdie,[],fashion,,fashion,50,active,
yuen,Yuen,[],fashion,,fashion,50,active,
shiatzy-chen,Shiatzy Chen,[],fashion,,fashion,50,active,
nara-camicie,Nara Camicie,[],fashion,,fashion,50,active,
free-area,Free Area,[],fashion,,fashion,50,active,
scottish-house,Scottish House,[],fashion,,fashion,50,active,
gozo,Gozo,[],fashion,,fashion,50,active,
a-la-sha,à la sha,[],fashion,,fashion,50,active,
and-st,and ST,[],fashion,,fashion,50,active,
plain-me,Plain-me,[],fashion,,fashion,50,active,
la-feta,La Féta,[],fashion,,fashion,50,active,
ncaa,NCAA,[],fashion,,fashion,50,active,
gu,GU,[],fashion,,fashion,50,active,
brappers,BRAPPERS,[],fashion,,fashion,50,active,
big-train,BIG TRAIN,[],fashion,,fashion,50,active,
en-suey,en-suey 銀穗,[],fashion,,fashion,50,active,
mode-marie,Mode Marie 曼黛瑪璉,[],fashion,,fashion,50,active,
little-market,LITTLE MARKET,[],fashion,,fashion,50,active,
brand-49132e982aaf,好感未來,[],fashion,,fashion,50,active,
nonspace,nonspace,[],fashion,,fashion,50,active,
tuantuan,團團TUANTUAN,[],fashion,,fashion,50,active,
inlook,INLook,[],fashion,,fashion,50,active,
otto,OTTO服飾,[],fashion,,fashion,50,active,
anybears,ANYBEARS,[],fashion,,fashion,50,active,
vibe,VIBE,[],fashion,,fashion,50,active,
la-boutique-du-velo,La Boutique Du Velo,[],sportswear,,sports,50,active,
traveler,Traveler,[],sportswear,,sports,50,active,
hilltop,HillTop 山頂鳥,[],sportswear,,sports,50,active,
atunas,Atunas,[],sportswear,,sports,50,active,
super-golf,Super Golf,[],sportswear,,sports,50,active,
ispo,ISPO+,[],sportswear,,sports,50,active,
wildmeet,WILDMEET,[],sportswear,,sports,50,active,
new-wolsey,New Wolsey,[],sportswear,,sports,50,active,
brand-a9f7dbd63818,城市綠洲,[],sportswear,,sports,50,active,
nba-store,NBA STORE,[],sportswear,,sports,50,active,
stancave,STANCAVE,[],sportswear,,sports,50,active,
honma,HONMA,[],sportswear,,sports,50,active,
aroak,AROAK,[],sportswear,,sports,50,active,
porter-international,Porter International,[],shoes-bags,,fashion,50,active,
uniarts,Uniarts,[],shoes-bags,,fashion,50,active,
all-black-collection,ALL BLACK COLLECTION,[],shoes-bags,,fashion,50,active,
d-af,D+AF,[],shoes-bags,,fashion,50,active,
byhue,BYHUE,[],shoes-bags,,fashion,50,active,
moonstar,MOONSTAR,[],shoes-bags,,fashion,50,active,
new-step,NEW STEP,[],shoes-bags,,fashion,50,active,
impact,impact 怡寶書包,[],shoes-bags,,fashion,50,active,
royal-elastics,Royal Elastics,[],shoes-bags,,fashion,50,active,
regettacanoe,RegettaCanoe,[],shoes-bags,,fashion,50,active,
brand-cdcbabe8cdd9,小金牛,[],shoes-bags,,fashion,50,active,
achilles-sorbo,Achilles Sorbo,[],shoes-bags,,fashion,50,active,
dogday,Dogday,[],home-lifestyle,,lifestyle,50,active,
hengstyle,hengstyle,[],home-lifestyle,,lifestyle,50,active,
yvonne-collection,YVONNE COLLECTION,[],home-lifestyle,,lifestyle,50,active,
xiaomi,小米之家授權店,[],home-lifestyle,,lifestyle,50,active,
beutii,Beutii,[],home-lifestyle,,lifestyle,50,active,
brand-fc526a487485,毛巾美術館,[],home-lifestyle,,lifestyle,50,active,
btp,晶澈BTP,[],home-lifestyle,,lifestyle,50,active,
brand-1ed6662cd9c1,三花棉業,[],home-lifestyle,,lifestyle,50,active,
muji,MUJI 無印良品,[],home-lifestyle,,lifestyle,50,active,
hola,HOLA,[],home-lifestyle,,lifestyle,50,active,
lock-and-lock,LocknLock樂扣樂扣,[],home-lifestyle,,lifestyle,50,active,
tendays,TENDAYS,[],home-lifestyle,,lifestyle,50,active,
brand-b347a083ff2b,元氣熊,[],home-lifestyle,,lifestyle,50,active,
fuji-massage-chair,FUJI按摩椅,[],home-lifestyle,,lifestyle,50,active,
peter-rabbit,Peter Rabbit,[],home-lifestyle,,lifestyle,50,active,
tonia-nicole,Tonia Nicole 東妮寢飾,[],home-lifestyle,,lifestyle,50,active,
standard-products,Standard Products,[],home-lifestyle,,lifestyle,50,active,
threeppy,Threeppy,[],home-lifestyle,,lifestyle,50,active,
dhc,DHC,[],home-lifestyle,,lifestyle,50,active,
o-right,O'right,[],home-lifestyle,,lifestyle,50,active,
iam,iam我適文創,[],home-lifestyle,,lifestyle,50,active,
yuan,阿原YUAN,[],home-lifestyle,,lifestyle,50,active,
nitori,NITORI 宜得利,[],home-lifestyle,,lifestyle,50,active,
muc-muc,慕可慕客MUC MUC,[],home-lifestyle,,lifestyle,50,active,
housuxi,HOUSUXI 舒希,[],home-lifestyle,,lifestyle,50,active,
brand-c80fec4d8155,星紅織品,[],home-lifestyle,,lifestyle,50,active,
check-2-check,CHECK 2 CHECK,[],home-lifestyle,,lifestyle,50,active,
brand-eeeebf9a38ad,朵莉絲行李箱,[],home-lifestyle,,lifestyle,50,active,
vecs-gardenia,VECS Gardenia,[],home-lifestyle,,lifestyle,50,active,
les-enphants,les enphants,[],kids,,fashion,50,active,
mamas-and-papas,Mamas&Papas,[],kids,,fashion,50,active,
rookie,Rookie,[],kids,,fashion,50,active,
akachan-honpo,akachan honpo,[],kids,,fashion,50,active,
baby-city,Baby City,[],kids,,fashion,50,active,
markey-s,MARKEY'S,[],kids,,fashion,50,active,
brand-5b7dcd1df841,抱抱羊,[],kids,,fashion,50,active,
designer-fragrances-and-cosmetic-co,Designer Fragrances＆Cosmetic Co,[],fashion,,fashion,50,active,
lorya,LORYA,[],fashion,,fashion,50,active,
toy-select,TOY SELECT,[],fashion,,fashion,50,active,
kinloch-anderson,金安德森皮件-Ⅰ館 2F 室內區 Gozo前,[],fashion,,fashion,50,active,
fraas,FRAAS,[],fashion,,fashion,50,active,
dalla,Dalla,[],fashion,,fashion,50,active,
scent-of-seoul,scent of seoul,[],fashion,,fashion,50,active,
maybee,MayBee充棉娃娃,[],fashion,,fashion,50,active,
innisfree,INNISFREE,[],fashion,,fashion,50,active,
g-shock,G-Shock,[],jewelry-watches,,fashion,50,active,
formosa-watch,Formosa Watch,[],jewelry-watches,,fashion,50,active,
just-gold,Just Gold,[],jewelry-watches,,fashion,50,active,
vacanza-accessory,vacanza accessory,[],jewelry-watches,,fashion,50,active,
finiss-x-ilco,FINISS x ILCO,[],jewelry-watches,,fashion,50,active,
bonny-and-read,BONNY & READ,[],jewelry-watches,,fashion,50,active,
brand-fugetsu,Brand楓月,[],jewelry-watches,,fashion,50,active,
brand-91d2a485325d,今生金飾,[],jewelry-watches,,fashion,50,active,
bandai,Bandai,[],kids,,fashion,50,active,
funbox,Funbox,[],kids,,fashion,50,active,
gashapon,GASHAPON,[],kids,,fashion,50,active,
tomods,Tomod’s,[],home-lifestyle,,lifestyle,50,active,
mia-c-bon,Mia C'bon,[],home-lifestyle,,lifestyle,50,active,
eslite,誠品書店/誠品生活,[],home-lifestyle,,lifestyle,50,active,
eslite-expo,誠品生活 expo,[],home-lifestyle,,lifestyle,50,active,
osim,OSIM,[],home-lifestyle,,lifestyle,50,active,
data-express,德誼數位 Apple,[],home-lifestyle,,lifestyle,50,active,
brand-ea2c8807030a,友士,[],home-lifestyle,,lifestyle,50,active,
toys-r-us,玩具反斗城,[],home-lifestyle,,lifestyle,50,active,
pop-toys,POP TOYS,[],home-lifestyle,,lifestyle,50,active,
brand-0a25b68cb728,新各界家電生活館,[],home-lifestyle,,lifestyle,50,active,
volvo,Volvo,[],home-lifestyle,,lifestyle,50,active,
jinghua,JINGHUA,[],home-lifestyle,,lifestyle,50,active,
7-eleven,7-ELEVEN,[],home-lifestyle,,lifestyle,50,active,
a,A+,[],home-lifestyle,,lifestyle,50,active,
bulova,Bulova,[],jewelry-watches,,fashion,50,active,
camilla,Camilla,[],fashion,,fashion,50,active,
primark,Primark,[],fashion,,fashion,50,active,
primicia-luggage,Primicia Luggage,[],shoes-bags,,fashion,50,active,
vitamin-world,Vitamin World,[],home-lifestyle,,lifestyle,50,active,
aerie,Aerie,[],fashion,,fashion,50,active,
bloomingdales,Bloomingdale's - The,[],fashion,,fashion,50,active,
ella-sfpo,Ella SFPO,[],fashion,,fashion,50,active,
finish-line,Finish Line,[],sportswear,,sports,50,active,
forever-drip-d,Forever Drip'd,[],home-lifestyle,,lifestyle,50,active,
inspire-shoes,Inspire Shoes,[],shoes-bags,,fashion,50,active,
la-fragancia,La Fragancia,[],beauty,,fashion,50,active,
nokwal,Nokwal,[],fashion,,fashion,50,active,
perfume-de-paris,Perfume De Paris,[],beauty,,fashion,50,active,
sephora,Sephora,[],beauty,,fashion,50,active,
timbuk2,Timbuk2,[],shoes-bags,,fashion,50,active,
valliani-jewelers,Valliani Jewelers,[],jewelry-watches,,fashion,50,active,
aguabendita,aguabendita,[],fashion,,fashion,50,active,
ariat,Ariat,[],sportswear,,sports,50,active,
babycottons,babycottons,[],kids,,fashion,50,active,
books-a-million,Books-A-Million,[],home-lifestyle,,lifestyle,50,active,
brandsmart-usa,BrandsMart USA,[],home-lifestyle,,lifestyle,50,active,
champs-sports,Champs Sports,[],sportswear,,sports,50,active,
charlotte-russe,Charlotte Russe,[],fashion,,fashion,50,active,
cotton-natural,Cotton Natural,[],fashion,,fashion,50,active,
cubavera,Cubavera,[],fashion,,fashion,50,active,
cult-gaia,Cult Gaia,[],fashion,,fashion,50,active,
designers-jewelry-collection,Designers Jewelry Collection,[],jewelry-watches,,fashion,50,active,
diamonds-international,Diamonds International,[],jewelry-watches,,fashion,50,active,
dick-s-sporting-goods,Dick's Sporting Goods,[],sportswear,,sports,50,active,
elegance-perfumes,Elegance Perfumes,[],beauty,,fashion,50,active,
five-below,Five Below,[],fashion,,fashion,50,active,
florsheim,Florsheim Shoes,[],shoes-bags,,fashion,50,active,
greg-norman,Greg Norman,[],sportswear,,sports,50,active,
herve-leger,Herve Leger,[],fashion,,fashion,50,active,
homesense,Homesense,[],home-lifestyle,,lifestyle,50,active,
hot-topic,Hot Topic,[],fashion,,fashion,50,active,
huk,HUK,[],sportswear,,sports,50,active,
james-bark,James Bark,[],fashion,,fashion,50,active,
johnny-was,Johnny Was,[],fashion,,fashion,50,active,
lafayette-148-new-york,Lafayette 148 New York,[],fashion,,fashion,50,active,
lelior,Lelior,[],beauty,,fashion,50,active,
luli-fama,Luli Fama,[],fashion,,fashion,50,active,
mania-jeans,Mania Jeans,[],fashion,,fashion,50,active,
marshalls,Marshalls,[],fashion,,fashion,50,active,
moida,Moida,[],beauty,,fashion,50,active,
nini-and-loli,Nini and Loli,[],kids,,fashion,50,active,
nordstrom-rack,Nordstrom Rack,[],fashion,,fashion,50,active,
oasis-cigar,Oasis Cigar,[],home-lifestyle,,lifestyle,50,active,
premier-by-showtime,Premier by Showtime,[],fashion,,fashion,50,active,
runner-s-depot,Runner's Depot,[],sportswear,,sports,50,active,
sneaker-lovers,Sneaker Lovers,[],shoes-bags,,fashion,50,active,
solaris,Solaris,[],fashion,,fashion,50,active,
spencer-gifts,Spencer Gifts,[],home-lifestyle,,lifestyle,50,active,
splendid,Splendid,[],fashion,,fashion,50,active,
super-bins,Super Bins,[],home-lifestyle,,lifestyle,50,active,
target,Super Target,[],home-lifestyle,,lifestyle,50,active,
tj-maxx,T.J. Maxx,[],fashion,,fashion,50,active,
t-mobile,T-Mobile,[],home-lifestyle,,lifestyle,50,active,
tns-usa,TNS-USA,[],fashion,,fashion,50,active,
traveltino,Traveltino,[],fashion,,fashion,50,active,
uniform-advantage,Uniform Advantage,[],fashion,,fashion,50,active,
vx-technologies,VX Technologies,[],home-lifestyle,,lifestyle,50,active,
o-and-b,O And B,[],shoes-bags,,fashion,50,active,
k-beauty-ave,K-Beauty Ave,[],beauty,,fashion,50,active,
l-agence,L'Agence,[],fashion,,fashion,50,active,
loveshackfancy,LoveShackFancy,[],fashion,,fashion,50,active,
lukure,LUKURË,[],fashion,,fashion,50,active,
rothy-s,Rothy's,[],shoes-bags,,fashion,50,active,
rudsak,Rudsak,[],fashion,,fashion,50,active,
sayki,Sayki,[],fashion,,fashion,50,active,
shop-the-sample,Shop The Sample,[],fashion,,fashion,50,active,
twp-clothing,TWP Clothing,[],fashion,,fashion,50,active,
blu-kids,Blu Kids,[],fashion,,fashion,60,active,italy
brumode-paris,Brumode Paris,[],fashion,,fashion,60,active,italy
calliope,Calliope,[],fashion,,fashion,60,active,italy
candida,Candida,[],fashion,,fashion,60,active,italy
cotton-silk,Cotton&Silk,[],fashion,,fashion,60,active,italy
david-saddler,David Saddler 7 Camicie,[],fashion,,fashion,60,active,italy
distretto12,Distretto12,[],fashion,,fashion,60,active,italy
empresa,Empresa,[],fashion,,fashion,60,active,italy
cavaliere,Cavaliere,[],fashion,,fashion,50,active,unknown
colins,Colin’s,"[""Colin's"",""Colins""]",fashion,,fashion,50,active,unknown
d-s-damat,"D""S Damat","[""D\""S Damat"",""DSDamat"",""D\""S Damat Outlet""]",fashion,,fashion,60,active,poland
10days,10DAYS,"[""10 Days""]",fashion,,fashion,68,active,netherlands
4f,4F,"[""4F"",""4F"",""4F Outlet""]",sportswear,,fashion,60,active,poland
4tel,4tel,[],electronics,,lifestyle,50,active,
7-for-all-mankind,7 For All Mankind,"[""7 For All Mankind®"",""7ForAllMankind"",""Seven For All Mankind"",""7FAM""]",fashion,,premium,78,active,united-states
883-police-milano,883 Police Milano,"[""883 Police"",""883PoliceMilano"",""883Police""]",fashion,,fashion,68,active,italy
a-bathing-ape,A Bathing Ape,"[""BAPE"",""A Bathing Ape Pirate Store"",""ABathingApe""]",fashion,,premium,84,active,japan
aanda,A&A,"[""A & A""]",fashion,,fashion,60,active,unknown
a-p-c,A.P.C.,"[""APC"",""Atelier de Production et de Creation"",""A P C""]",fashion,,premium,82,active,france
a-v-v,A.v.v,"[""avv"",""A v v"",""Avv""]",fashion,,fashion,70,active,japan
aaiko,Aaiko,"[""AAIKO""]",fashion,,fashion,66,active,netherlands
abaci,Abaci,[],fashion,,lifestyle,50,active,united-kingdom
abahouse,Abahouse,"[""ABAHOUSE""]",fashion,,premium,73,active,japan
abc-mart,ABC-Mart,"[""ABC Mart"",""ABC-Mart Sports Outlet"",""ABCMart"",""ABC Mart Sports Outlet"",""ABCMartSportsOutlet""]",shoes-bags,,lifestyle,78,active,japan
abel-and-lula,Abel and Lula,"[""Abel and Lula""]",kids,,lifestyle,62,active,
abercrombie-and-fitch,Abercrombie & Fitch,"[""Abercrombie"",""Abercrombie and Fitch"",""Abercrombie & Fitch Outlet"",""Abercrombie Fitch"",""AbercrombieFitch"",""AbercrombieandFitch"",""Abercrombie and Fitch Outlet"",""Abercrombie Fitch Outlet""]",fashion,,premium,84,active,united-states
abro,ABRO,[],fashion,,fashion,60,active,unknown
acandco,AC&co.,"[""AC & Co"",""AC&Co"",""Altınyıldız Classics AC&co.""]",fashion,,fashion,60,active,unknown
ace-bags-and-luggage,Ace Bags & Luggage,"[""ACE"",""Ace Bags"",""Ace Luggage"",""Ace Bags and Luggage"",""Ace Bags Luggage"",""AceBagsLuggage"",""AceBags"",""AceLuggage""]",shoes-bags,,lifestyle,72,active,japan
acne-studios,Acne Studios,"[""AcneStudios""]",fashion,,premium,86,active,sweden
acqua-di-parma,Acqua di Parma,"[""Acqua di Parma"",""AcquadiParma""]",beauty,,luxury,86,active,italy
adenauer-and-co,Adenauer&Co,"[""Adenauer & Co"",""Adenauer and Co"",""AdenauerandCo"",""Adenauer Co"",""AdenauerCo""]",fashion,,lifestyle,66,active,germany
adidas,Adidas,"[""adidas Outlet Store"",""adidas Originals"",""adidasOutletStore"",""adidasOriginals"",""adidas"",""Adidas Outlet"",""Adidas Outlet Store""]",sportswear,,sports,96,active,germany
adidas-golf,Adidas Golf,"[""AdidasGolf"",""adidas Golf""]",sportswear,,sports,84,active,germany
adidas-kids,adidas kids,"[""adidaskids"",""Adidas Kids""]",fashion,,fashion,70,active,
adidas-originals,adidas Originals,"[""adidasOriginals"",""Adidas Originals""]",fashion,,fashion,70,active,
adolfo-dominguez,Adolfo Domínguez,"[""Adolfo Dominguez"",""AdolfoDominguez""]",fashion,,premium,78,active,spain
adventure-sports-rossignol,Adventure Sports/Rossignol,"[""Adventure Sports"",""Rossignol"",""Adventure Sports Rossignol"",""Adventure Sports/Rossignol""]",sportswear,,sports,70,active,france
aerin,AERIN,[],fashion,,fashion,70,active,
aeronautica-militare,Aeronautica Militare,"[""AeronauticaMilitare""]",fashion,,premium,74,active,italy
aesop,Aesop,[],beauty,,premium,84,active,australia
affenzahn,Affenzahn,[],fashion,,fashion,70,active,
ag-spaldingandbros,AG Spalding&Bros,"[""AG Spalding&Bros"",""AG Spalding & Bros"",""A.G. Spalding & Bros""]",fashion,,fashion,62,active,
agnes-b,agnès b.,"[""Agnes b"",""Agnès b""]",fashion,,premium,76,active,france
aigle,Aigle,[],fashion,,lifestyle,75,active,france
aigner,Aigner,"[""Etienne Aigner"",""EtienneAigner""]",shoes-bags,,premium,76,active,germany
aimn,Aim'n,"[""Aimn"",""Aim’n"",""Aim n"",""Aim'n Sportswear"",""Aimn Sportswear""]",sportswear,,sports,72,active,sweden
aimerfeel,Aimerfeel,[],fashion,,lifestyle,68,active,japan
airforce,Airforce,"[""Airforce Sport""]",fashion,,fashion,66,active,netherlands
airforce-kids,Airforce Kids,"[""Airforce Kids Store""]",kids,,fashion,60,active,netherlands
ajax-fanshop,Ajax Fanshop,"[""Ajax Fan Shop"",""AFC Ajax Fanshop""]",sportswear,,sports,70,active,netherlands
ajmal-perfumes,Ajmal Perfumes,"[""Ajmal"",""AjmalPerfumes""]",beauty,,premium,70,active,united-arab-emirates
akris,Akris,[],luxury,,luxury,83,active,switzerland
alain-afflelou,Alain Afflelou,[],eyewear,,lifestyle,60,active,france
alaia,Alaïa,"[""Alaia""]",luxury,,luxury,88,active,france
alberta-ferretti,Alberta Ferretti,"[""AlbertaFerretti""]",luxury,,luxury,86,active,italy
alberta-ferretti-moschino,Alberta Ferretti - Moschino,[],fashion,,fashion,60,active,unknown
alberto,Alberto,[],fashion,,premium,67,active,germany
albione,Albione,"[""Albione"",""Albione"",""Albione Outlet""]",fashion,,fashion,60,active,poland
alcott,Alcott,[],fashion,,fashion,60,active,
aldo,ALDO,"[""Aldo""]",shoes-bags,,fashion,79,active,canada
aldo-coppola,Aldo Coppola,"[""AldoCoppola""]",beauty,,premium,70,active,italy
ale,ALE,"[""'ALE"",""‘ALE""]",fashion,,fashion,60,active,greece
alexander-mcqueen,Alexander McQueen,"[""McQueen"",""AlexanderMcQueen""]",luxury,,luxury,94,active,united-kingdom
alexander-wang,Alexander Wang,"[""AlexanderWang""]",fashion,,premium,84,active,united-states
alfi,alfi,[],home,,fashion,60,active,unknown
algo-bonito,Algo Bonito,[],fashion,,fashion,60,active,spain
alina,Alina,[],fashion,,fashion,70,active,
alina-cosmetics,Alina Cosmetics,"[""Alina"",""AlinaCosmetics""]",beauty,,lifestyle,70,active,austria
all-good-things,All Good Things,"[""AllGoodThings""]",fashion,,lifestyle,50,active,united-kingdom
allegri,Allegri,[],fashion,,premium,72,active,italy
allsaints,AllSaints,"[""All Saints""]",fashion,,premium,82,active,united-kingdom
allsport-fashion,Allsport & Fashion,"[""Allsport&Fashion"",""Allsport and Fashion""]",fashion,,fashion,60,active,norway
allude,Allude,[],fashion,,premium,69,active,germany
alpha-industries,Alpha Industries,"[""AlphaIndustries""]",fashion,,lifestyle,75,active,united-states
alpha-tauri,Alpha Tauri,"[""AlphaTauri""]",fashion,,premium,76,active,austria
alpine-pro,Alpine Pro,"[""Alpine Pro"",""AlpinePro"",""Alpine Pro Outlet""]",sportswear,,fashion,60,active,poland
altea,Altea,[],fashion,,premium,68,active,italy
altershops,Altershops,"[""Altershops""]",fashion,,fashion,60,active,greece
alvaro-moreno,Alvaro Moreno,"[""Álvaro Moreno"",""AlvaroMoreno""]",fashion,,fashion,70,active,spain
alvi,Alvi,[],home,,lifestyle,70,active,
alviero-martini-1a-classe,Alviero Martini 1A Classe,"[""Alviero Martini"",""1A Classe"",""AlvieroMartini"",""1AClasse""]",fashion,,premium,78,active,italy
ambitious,Ambitious,[],shoes-bags,,fashion,70,active,portugal
amelie,Amelie,[],fashion,,fashion,50,active,
america-today,America Today,[],fashion,,fashion,68,active,netherlands
american-eagle,American Eagle,"[""American Eagle Outfitters"",""AE"",""AmericanEagle""]",fashion,,lifestyle,80,active,united-states
american-stars,American Stars,"[""AmericanStars""]",fashion,,fashion,60,active,greece
american-tourister,American Tourister,"[""AmericanTourister"",""American Tourister Luggage""]",fashion,,fashion,70,active,
american-vintage,American Vintage,"[""AmericanVintage""]",fashion,,premium,78,active,france
ami-paris,AMI Paris,"[""AMI Alexandre Mattiussi"",""AMI"",""AMIParis""]",fashion,,premium,84,active,france
amina-rubinacci,Amina Rubinacci,"[""AminaRubinacci""]",fashion,,premium,74,active,italy
amnesia,Amnesia,"[""Amnesia Fashion""]",fashion,,fashion,70,active,hungary
amora,Amora,[],fashion,,fashion,50,active,
anayi,ANAYI,"[""Anayi""]",fashion,,premium,72,active,japan
and-wander,and wander,"[""And Wander"",""andwander"",""AndWander""]",sportswear,,premium,74,active,japan
andersons,Anderson's,"[""Andersons"",""Anderson’s"",""Anderson s""]",fashion,,premium,66,active,italy
andersson-bell,Andersson Bell,"[""AnderssonBell""]",fashion,,premium,76,active,south-korea
andre-maurice,Andre' Maurice,"[""Andre’ Maurice"",""Andre Maurice"",""AndreMaurice""]",fashion,,fashion,60,active,
andre-maurice-cashmere,ANDRÈ MAURICE CASHMERE,[],fashion,,fashion,50,active,
angel-and-rocket,Angel & Rocket,"[""Angel and Rocket"",""Angel Rocket"",""AngelRocket""]",fashion,,lifestyle,50,active,united-kingdom
angelico,Angelico,[],fashion,,premium,74,active,italy
animal,Animal,[],fashion,,lifestyle,68,active,united-kingdom
anne-de-solene,Anne de Solène,"[""Anne de Solene"",""AnnedeSolene""]",home,,premium,70,active,france
anne-fontaine,Anne Fontaine,"[""AnneFontaine""]",fashion,,premium,70,active,france
anne-klein,Anne Klein,"[""AnneKlein""]",fashion,,fashion,72,active,united-states
annoushka,Annoushka,[],jewelry-watches,,premium,78,active,united-kingdom
anteprima,Anteprima,[],shoes-bags,,premium,76,active,japan
anthonys,Anthony's,"[""Anthonys"",""ANTHONY'S""]",fashion,,fashion,55,active,czech-republic
antica-focacceria,Antica Focacceria San Francesco,[],food,,lifestyle,60,active,
antologia,Antologia,[],fashion,,fashion,60,active,
antonio-marras,Antonio Marras,"[""AntonioMarras""]",fashion,,luxury,82,active,italy
antony-morato,Antony Morato,"[""AntonyMorato""]",fashion,,fashion,74,active,italy
apart,Apart,"[""Apart"",""Apart"",""Apart Outlet""]",jewelry-watches,,fashion,60,active,poland
apranga-outlet,Apranga Outlet,"[""Apranga""]",fashion,,lifestyle,50,active,lithuania
aquanova,Aquanova,[],homeware,,fashion,60,active,unknown
aquascutum,Aquascutum,[],fashion,,premium,80,active,united-kingdom
aquazzura,Aquazzura,[],shoes-bags,,luxury,84,active,italy
ara,Ara,[],fashion,,fashion,50,active,
arcteryx,Arc'teryx,"[""Arcteryx"",""Arc'teryx Outlet"",""Arc’teryx"",""Arc teryx"",""Arc’teryx Outlet"",""Arc teryx Outlet"",""ArcteryxOutlet""]",sportswear,,premium,89,active,canada
arcadia,Arcádia,"[""Arcadia"",""Arcadia Chocolates"",""Arcádia Chocolates"",""Arcadia Chocolates Outlet""]",food-confectionery,,premium,70,active,portugal
ardeco,Ardeco,[],fashion,,fashion,50,active,
arena,Arena,[],fashion,,fashion,50,active,
argentum,Argentum,"[""Argentum Jewellery"",""Argentum Jewelry""]",jewelry-watches,,lifestyle,70,active,croatia
aristocrazy,Aristocrazy,[],jewelry-watches,,premium,72,active,spain
armani,Armani,"[""Armani Outlet"",""Giorgio Armani"",""ArmaniOutlet"",""GiorgioArmani""]",luxury,,luxury,94,active,italy
armani-exchange,Armani Exchange,"[""A|X"",""AX Armani Exchange"",""ArmaniExchange"",""A X"",""AX"",""AXArmaniExchange"",""A/X"",""Armani A/X"",""Armani AX""]",fashion,,premium,84,active,italy
armata-di-mare,Armata di Mare Jeans,"[""ArmatadiMareJeans""]",fashion,,fashion,60,active,
art-of-chocolate,Art of Chocolate,"[""ArtofChocolate""]",food,,fashion,70,active,belgium
artchives-by-galeries-bartoux,Art'Chives by Galeries Bartoux,[],fashion,,fashion,50,active,
artele-siuvykla,Artelė Siuvykla,[],fashion,,lifestyle,50,active,lithuania
arthur,Arthur,"[""Arthur Outlet""]",fashion,,fashion,58,active,france
asics,ASICS,"[""Asics""]",sportswear,,sports,90,active,japan
aspact,Aspact,[],fashion,,fashion,70,active,netherlands
aspesi,Aspesi,[],fashion,,premium,76,active,italy
aspinal-of-london,Aspinal of London,"[""AspinalofLondon""]",shoes-bags,,premium,78,active,united-kingdom
astrid-and-miyu,Astrid & Miyu,"[""Astrid and Miyu"",""Astrid Miyu"",""AstridMiyu"",""AstridandMiyu""]",jewelry-watches,,premium,76,active,united-kingdom
atelier-galleries,Atelier Galleries,"[""AtelierGalleries""]",jewelry-watches,,premium,68,active,united-kingdom
atelier-torino,Atelier Torino,"[""AtelierTorino""]",fashion,,fashion,70,active,
atletico-de-madrid,Atlético de Madrid,[],sports,,sports,60,active,spain
atomic,ATOMIC,[],fashion,,fashion,50,active,
attrattivo,attrattivo,"[""attrattivo""]",fashion,,fashion,60,active,greece
aubade,Aubade,[],fashion,,premium,74,active,france
autrefois,Autrefois...,"[""Autrefois""]",food,,lifestyle,70,active,france
ava-lingerie,Ava Lingerie,[],fashion,,lifestyle,50,active,lithuania
aveda,AVEDA,[],beauty,,premium,70,active,
aventurx,Aventurx,"[""Aventurx""]",fashion,,fashion,60,active,
aw-fashion,AW Fashion,"[""AW Fashion"",""AWFashion"",""AW Fashion Outlet""]",fashion,,fashion,60,active,poland
axel-arigato,Axel Arigato,"[""AxelArigato""]",shoes-bags,,premium,80,active,sweden
aeropostale,Aéropostale,"[""Aeropostale""]",fashion,,lifestyle,70,active,united-states
b-and-m,B&M,"[""BandM"",""B M"",""BM""]",home,,lifestyle,50,active,united-kingdom
ba-and-sh,ba&sh,"[""ba and sh"",""bash"",""baandsh"",""ba sh"",""ba & sh""]",fashion,,premium,82,active,france
babor,BABOR,"[""Babor""]",beauty,,premium,76,active,germany
baccarat,Baccarat,[],home,,luxury,70,active,france
bag-stories,Bag Stories,"[""Bag Stories""]",shoes-bags,,fashion,60,active,greece
bagatelle,Bagatelle,"[""Bagatelle"",""Bagatelle"",""Bagatelle Outlet""]",fashion,,fashion,60,active,poland
bagatt,Bagatt,"[""Bagatt Outlet""]",shoes-bags,,fashion,60,active,italy
bagbarn,Bagbarn,[],shoes-bags,,lifestyle,60,active,united-kingdom
baggage-factory,Baggage Factory,"[""BaggageFactory""]",shoes-bags,,lifestyle,62,active,united-kingdom
baggage-world,Baggage World,"[""BaggageWorld""]",shoes-bags,,lifestyle,60,active,united-kingdom
bags-and-more,Bags & More,"[""Bags and More""]",accessories,,lifestyle,50,active,lithuania
bahlsen,Bahlsen,[],fashion,,fashion,60,active,unknown
bajkowy-labirynt,Bajkowy Labirynt,[],kids,,lifestyle,50,active,
baldessarini,Baldessarini,[],fashion,,fashion,60,active,unknown
baldinini,Baldinini,[],shoes-bags,,premium,79,active,italy
balenciaga,Balenciaga,[],luxury,,luxury,96,active,france
bally,Bally,[],luxury,,luxury,88,active,switzerland
balmain,Balmain,[],luxury,,luxury,92,active,france
baltzelts,Baltzelts,"[""Baltzelts""]",jewelry,,lifestyle,62,active,
bamford,Bamford,[],beauty,,premium,76,active,united-kingdom
banana-republic,Banana Republic,"[""Banana Republic Factory"",""BananaRepublic""]",fashion,,premium,82,active,united-states
bang-and-olufsen,Bang & Olufsen,"[""Bang and Olufsen"",""B&O"",""Bang Olufsen"",""BangOlufsen"",""BangandOlufsen"",""BandO"",""B O"",""BO""]",home,,luxury,86,active,denmark
baracuta,Baracuta,[],fashion,,premium,77,active,united-kingdom
barbour,Barbour,"[""J. Barbour & Sons"",""J. Barbour and Sons"",""J Barbour Sons"",""JBarbourSons""]",fashion,,premium,86,active,united-kingdom
barbuti,BARBUTI,[],fashion,,fashion,50,active,
bareminerals,bareMinerals,"[""Bare Minerals"",""BareMinerals""]",beauty,,premium,75,active,united-states
barca-store,Barça Store,[],fashion,,fashion,50,active,
bassetti,Bassetti,[],home,,premium,70,active,italy
baume-et-mercier,Baume & Mercier,"[""Baume et Mercier"",""Baume and Mercier"",""Baume Mercier"",""BaumeMercier"",""BaumeetMercier""]",jewelry-watches,,luxury,82,active,switzerland
baytree-interiors,Baytree Interiors,"[""BaytreeInteriors""]",home,,lifestyle,60,active,united-kingdom
bata,Baťa,"[""Bata"",""Baťa Outlet"",""Bata Outlet""]",shoes-bags,,fashion,70,active,czech-republic
bcbgmaxazria,BCBGMAXAZRIA,"[""BCBG Max Azria"",""BCBG"",""BCBGMaxAzria""]",fashion,,premium,76,active,united-states
beams,BEAMS,"[""Beams""]",fashion,,premium,82,active,japan
beanpole,Beanpole,[],fashion,,premium,78,active,south-korea
beardshop-lt,Beardshop.lt,[],beauty,,lifestyle,50,active,lithuania
beatriz-furest,Beatriz Furest,"[""BeatrizFurest""]",fashion,,fashion,68,active,spain
beauty-nail,Beauty Nail,[],beauty,,lifestyle,50,active,lithuania
beauty-outlet,Beauty Outlet,"[""BeautyOutlet""]",beauty,,lifestyle,65,active,united-kingdom
beaute-prestige-international,Beauté Prestige International,"[""Beaute Prestige International"",""BPI""]",beauty,,premium,72,active,france
bebe,bebe,"[""Bebe""]",fashion,,fashion,72,active,united-states
bedeck,Bedeck,[],home,,lifestyle,64,active,united-kingdom
bel-air-athletic,Bel Air Athletic,"[""Bel Air Athletic""]",sportswear,,sports,62,active,
beldona,Beldona,"[""Beldona""]",fashion,,fashion,60,active,
bella-p,Bella P.,"[""Bella P.""]",fashion,,fashion,60,active,greece
belotti-otticaudito,Belotti OtticaUdito,"[""Belotti OtticaUdito"",""BelottiOtticaUdito""]",eyewear,,fashion,60,active,
belros,Belros,[],fashion,,fashion,50,active,
belstaff,Belstaff,[],fashion,,premium,82,active,united-kingdom
ben-sherman,Ben Sherman,"[""BenSherman""]",fashion,,premium,72,active,united-kingdom
benefit-cosmetics,Benefit Cosmetics,"[""Benefit"",""BenefitCosmetics""]",beauty,,premium,78,active,united-states
benetton,Benetton,"[""United Colors of Benetton""]",fashion,,fashion,80,active,italy
bensimon,Bensimon,"[""Bensimon Concept Store Outlet""]",fashion,,fashion,64,active,france
berenice,Berenice,[],fashion,,premium,70,active,france
beretta,Beretta,"[""Fabbrica d'Armi Pietro Beretta""]",sports,,premium,70,active,italy
bergans,Bergans,"[""Bergans of Norway"",""BergansOfNorway"",""Bergans Outlet""]",outdoor,,sports,72,active,norway
berghaus,Berghaus,[],sportswear,,sports,72,active,united-kingdom
bergson,Bergson,[],outdoor,,sports,60,active,poland
bergzeit,Bergzeit,[],fashion,,premium,70,active,
bering,BERING,"[""Bering""]",jewelry-watches,,fashion,67,active,denmark
berluti,Berluti,[],luxury,,luxury,90,active,france
berndorf,Berndorf,"[""Berndorf Besteck"",""BerndorfBesteck""]",home,,lifestyle,68,active,austria
berto-lucci,Berto Lucci,"[""Berto Lucci""]",fashion,,fashion,60,active,greece
betty-barclay,Betty Barclay,"[""BettyBarclay""]",fashion,,fashion,72,active,germany
beverly-hills-polo-club,Beverly Hills Polo Club,"[""BHPC"",""BeverlyHillsPoloClub""]",fashion,,lifestyle,70,active,united-states
bialetti,Bialetti,[],home,,lifestyle,60,active,
bialetti-industrie,BIALETTI INDUSTRIE,[],fashion,,fashion,50,active,
bianca,BIANCA,[],fashion,,fashion,60,active,unknown
biba,Biba,[],fashion,,fashion,50,active,
big-star,Big Star,"[""Big Star"",""BigStar"",""Big Star Outlet""]",fashion,,fashion,60,active,poland
bik-bok,Bik Bok,"[""BikBok""]",fashion,,fashion,64,active,norway
biking-point,Biking Point,[],fashion,,fashion,50,active,
bill-cost,Bill Cost,"[""Bill Cost""]",fashion,,fashion,60,active,greece
billabong,Billabong,[],sportswear,,sports,72,active,australia
billieblush,Billieblush,[],children,,fashion,68,active,france
billionaire,Billionaire,[],fashion,,luxury,70,active,italy
bimani,Bimani,[],fashion,,fashion,68,active,spain
bimba-and-lola,Bimba & Lola,[],fashion,,fashion,50,active,
bimba-y-lola,BIMBA Y LOLA,"[""Bimba y Lola"",""BIMBAYLOLA"",""BimbayLola""]",fashion,,premium,78,active,spain
biotherm,Biotherm,[],beauty,,fashion,60,active,unknown
birkenstock,Birkenstock,[],shoes-bags,,lifestyle,88,active,germany
bjorn-borg,Björn Borg,"[""Bjorn Borg"",""BjornBorg""]",fashion,,fashion,60,active,unknown
black-label-crestbridge,Black Label Crestbridge,[],fashion,,premium,74,active,japan
black-swan,Black Swan,"[""Black Swan""]",fashion,,fashion,62,active,
black-yak,Black Yak,"[""BLACKYAK"",""BlackYak""]",sportswear,,sports,78,active,south-korea
black-and-decker,Black+Decker,"[""Black Decker"",""BlackDecker""]",home,,lifestyle,70,active,united-states
blackout,Blackout,"[""Blackout""]",fashion,,fashion,60,active,
blanc-des-vosges,Blanc des Vosges,"[""Blanc Des Vosges""]",home,,premium,62,active,france
bleuforet-olympia,Bleuforêt - Olympia,"[""Bleuforet - Olympia"",""Bleuforêt Olympia"",""Bleuforet Olympia"",""BleuforetOlympia""]",fashion,,lifestyle,70,active,france
blitz-for-eyes,"Blitz, for eyes","[""Blitz, for eyes"",""Blitz for eyes"",""Blitzforeyes""]",fashion,,fashion,60,active,
blue-banana,Blue Banana,"[""BlueBanana""]",fashion,,fashion,68,active,spain
blue-diamond-garden-centre,Blue Diamond Garden Centre,"[""Blue Diamond"",""Springfields Garden Centre"",""BlueDiamond""]",home,,lifestyle,62,active,united-kingdom
blue-label-crestbridge,Blue Label Crestbridge,"[""BlueLabelCrestbridge""]",fashion,,premium,74,active,japan
blumarine,Blumarine,[],fashion,,premium,78,active,italy
bobbi-brown,BOBBI BROWN,"[""BOBBIBROWN""]",beauty,,fashion,60,active,unknown
boboli,Boboli,[],fashion,,fashion,50,active,
bodytalk,Bodytalk,"[""Bodytalk""]",sportswear,,fashion,60,active,greece
boggi-milano,Boggi Milano,"[""Boggi"",""BoggiMilano""]",fashion,,premium,80,active,italy
boglioli,Boglioli,[],fashion,,luxury,79,active,italy
bogner,Bogner,[],sportswear,,premium,80,active,germany
bohemia-crystal-and-porcelain,Bohemia Crystal & Porcelain,"[""BOHEMIA CRYSTAL & PORCELAIN"",""Bohemia Crystal and Porcelain""]",homeware,,lifestyle,58,active,czech-republic
bomboogie,Bomboogie,[],fashion,,fashion,68,active,italy
bompard,Bompard,[],fashion,,premium,70,active,france
bonmarche,Bonmarché,"[""Bonmarche""]",fashion,,lifestyle,60,active,united-kingdom
bonpoint,Bonpoint,[],children,,luxury,80,active,france
boomerang,Boomerang,[],home,,lifestyle,70,active,france
boon-the-shop,Boon The Shop,"[""BoonTheShop""]",luxury,,luxury,78,active,south-korea
boots,Boots,"[""Boots Pharmacy"",""BootsPharmacy""]",health-beauty,,lifestyle,78,active,united-kingdom
borbonese,Borbonese,[],shoes-bags,,premium,78,active,italy
borgio,Borgio,"[""Borgio"",""Borgio"",""Borgio Outlet""]",fashion,,fashion,60,active,poland
borgo-tessile,Borgo Tessile,[],home-lifestyle,,lifestyle,58,active,italy
borsalino,Borsalino,[],fashion,,luxury,82,active,italy
bose,Bose,[],home,,premium,82,active,united-states
boss,BOSS,"[""Boss"",""BOSS Outlet"",""BOSS Womenswear"",""BOSSOutlet"",""Hugo Boss"",""HUGO BOSS"",""HugoBoss"",""HUGOBOSS""]",fashion,,premium,93,active,germany
boss-kids,BOSS Kids,"[""Hugo Boss Kids"",""BOSSKids"",""HugoBossKids""]",children,,premium,74,active,germany
boss-orange,Boss Orange,"[""BossOrange""]",fashion,,fashion,60,active,unknown
boss-sample-store,BOSS Sample Store,"[""BOSSSampleStore""]",fashion,,fashion,60,active,unknown
boston,Boston,[],fashion,,fashion,50,active,
bottega-del-sarto,Bottega del Sarto,"[""BottegadelSarto""]",fashion,,fashion,60,active,
bottega-veneta,Bottega Veneta,"[""BottegaVeneta""]",luxury,,luxury,96,active,italy
bottega-verde,Bottega Verde,"[""BottegaVerde""]",beauty,,fashion,60,active,
botticelli,Botticelli,[],shoes-bags,,premium,68,active,italy
boutique-dos-relogios,Boutique dos Relógios,"[""Boutique dos Relogios"",""Boutique dos Relógios Outlet"",""Boutique dos Relogios Outlet"",""BoutiquedosRelogios""]",jewelry-watches,,premium,72,active,portugal
boxeur-des-rues,Boxeur Des Rues,"[""BoxeurDesRues""]",sportswear,,fashion,70,active,italy
boxeur-des-rues-malloy,Boxeur des Rues Malloy,"[""BoxeurdesRuesMalloy""]",fashion,,fashion,60,active,
bperfect,BPerfect,"[""BPerfect Cosmetics"",""BPerfectCosmetics""]",beauty,,lifestyle,60,active,united-kingdom
braccialini,Braccialini,[],shoes-bags,,premium,76,active,italy
brand-collection,Brand Collection,"[""Brand Collection"",""BrandCollection"",""Brand Collection Outlet""]",fashion,,fashion,60,active,poland
brand-collection-for-ladies,Brand Collection for Ladies,"[""Brand Collection for Ladies"",""BrandCollectionforLadies"",""Brand Collection for Ladies Outlet""]",fashion,,fashion,60,active,poland
brand-eyewear,Brand Eyewear,"[""BrandEyewear""]",eyewear,,lifestyle,60,active,united-kingdom
brands-hub,Brands HUB,[],fashion,,fashion,60,active,unknown
brandsloft,BrandsLoft,"[""BrandsLoft""]",fashion,,fashion,60,active,
braun-buffel,BRAUN BÜFFEL,"[""BRAUN BUFFEL"",""BRAUNBUFFEL""]",fashion,,fashion,60,active,unknown
brave-kid,Brave Kid,"[""BraveKid""]",fashion,,fashion,60,active,
brax,Brax,[],fashion,,fashion,74,active,germany
breil,Breil,[],accessories,,fashion,60,active,
breitling,Breitling,[],jewelry-watches,,luxury,90,active,switzerland
bremont,Bremont,[],jewelry-watches,,luxury,82,active,united-kingdom
brgn,BRGN,"[""BRGN Outlet"",""BRGN Pop Up"",""BRGN Pop-Up"",""Bergen""]",fashion,,premium,64,active,norway
brics,Bric’s,"[""Bric's"",""Brics"",""Bric’s Milano"",""Bric s"",""Bric's Milano"",""Bric s Milano"",""BricsMilano""]",shoes-bags,,premium,76,active,italy
brioni,Brioni,[],luxury,,luxury,91,active,italy
brnm-man,BRNM Man,"[""BRNMMan""]",fashion,,fashion,60,active,
brooks,Brooks,"[""Brooks Running"",""BrooksRunning""]",sportswear,,sports,82,active,united-states
brooks-brothers,Brooks Brothers,"[""BrooksBrothers""]",fashion,,premium,86,active,united-states
brosway,Brosway,[],jewelry-watches,,fashion,62,active,italy
brownie,Brownie,[],fashion,,fashion,68,active,spain
brums,Brums,"[""Brums""]",fashion,,fashion,60,active,
brunello-cucinelli,Brunello Cucinelli,"[""BrunelloCucinelli""]",luxury,,luxury,93,active,italy
bruno-banani,Bruno Banani,"[""BrunoBanani""]",fashion,,fashion,60,active,unknown
brunotti,Brunotti,[],sportswear,,fashion,70,active,netherlands
bruun-stengade,Bruun & Stengade,"[""Bruun Stengade"",""Bruun and Stengade"",""Bruun&Stengade""]",fashion,,fashion,60,active,denmark
brundl-bike,Bründl Bike,[],fashion,,fashion,50,active,
brundl-sports,Bründl Sports,[],fashion,,fashion,50,active,
bsb,BSB,[],fashion,,fashion,60,active,unknown
budget-sport,Budget Sport,"[""BudgetSport""]",sportswear,,lifestyle,60,active,finland
bugatti,Bugatti,"[""bugatti fashion"",""bugattifashion""]",fashion,,fashion,72,active,germany
bullpadel,Bullpadel,"[""Bull Padel""]",sportswear,,sports,58,active,spain
bumble-and-bumble,Bumble and bumble,"[""Bumble & bumble"",""Bumbleandbumble""]",beauty,,fashion,60,active,unknown
burberry,Burberry,[],luxury,,luxury,96,active,united-kingdom
burlington,Burlington,[],sportswear,,premium,70,active,
burton,Burton,"[""Burton Snowboards"",""BurtonSnowboards""]",sportswear,,sports,80,active,united-states
bushman,Bushman,"[""BUSHMAN""]",fashion,,lifestyle,58,active,czech-republic
by-malene-birger,By Malene Birger,"[""ByMaleneBirger""]",fashion,,premium,72,active,denmark
byredo,Byredo,[],beauty,,luxury,84,active,sweden
bytom,Bytom,"[""Bytom"",""Bytom"",""Bytom Outlet""]",fashion,,fashion,60,active,poland
beaba,Béaba,"[""Beaba""]",kids,,lifestyle,55,active,france
ce-bassetti,C'è Bassetti,[],home,,fashion,50,active,
c-p-company,C.P. Company,"[""CP Company"",""C P Company"",""CPCompany""]",fashion,,premium,82,active,italy
cabaia,Cabaia,[],shoes-bags,,lifestyle,70,active,france
cabane-de-zucca,CABANE de ZUCCa,"[""Zucca"",""CABANEdeZUCCa""]",fashion,,premium,68,active,japan
cadbury,Cadbury,[],food,,lifestyle,78,active,united-kingdom
caffe-mediceo,Caffè Mediceo,"[""Caffe Mediceo"",""CaffeMediceo""]",food,,lifestyle,60,active,
caleffi,Caleffi,[],home,,lifestyle,65,active,italy
calendar-club,Calendar Club,"[""CalendarClub""]",accessories,,lifestyle,50,active,united-kingdom
calida,Calida,[],fashion,,fashion,60,active,unknown
callaghan-gorila,Callaghan Gorila,[],fashion,,fashion,60,active,spain
callaway-golf,Callaway Golf,"[""Callaway"",""CallawayGolf""]",sportswear,,sports,82,active,united-states
calvin-klein,Calvin Klein,"[""Calvin Klein Jeans"",""Calvin Klein Underwear"",""CK"",""Calvin Klein Outlet"",""CalvinKlein"",""CalvinKleinJeans"",""CalvinKleinUnderwear"",""CalvinKleinOutlet"",""CALVİN KLEİN""]",fashion,,premium,92,active,united-states
calvin-klein-jeans,Calvin Klein Jeans,"[""CalvinKleinJeans"",""CK Jeans""]",fashion,,fashion,70,active,
calvin-klein-performance,Calvin Klein Performance,"[""Calvin Klein Performance""]",fashion,,premium,72,active,
calvin-klein-underwear,Calvin Klein Underwear,"[""CalvinKleinUnderwear"",""CK Underwear""]",fashion,,premium,70,active,united-states
calzedonia,Calzedonia,[],fashion,,fashion,70,active,italy
calzedonia-intimissimi-tezenis,Calzedonia Intimissimi Tezenis,"[""Calzedonia"",""Intimissimi"",""Tezenis""]",fashion,,fashion,70,active,italy
calzedonia-intimissimi,Calzedonia Intimissimi,[],fashion,,fashion,60,active,
camel-active,Camel Active,"[""camel active"",""CamelActive"",""camelactive""]",fashion,,lifestyle,72,active,germany
camicissima,Camicissima,[],fashion,,fashion,70,active,italy
camomilla,Camomilla,"[""Camomilla""]",fashion,,fashion,62,active,
camp-david,Camp David,"[""CAMP DAVID"",""CampDavid"",""CAMPDAVID""]",fashion,,lifestyle,70,active,germany
camper,Camper,[],shoes-bags,,fashion,82,active,spain
canada-goose,Canada Goose,"[""CanadaGoose""]",fashion,,luxury,88,active,canada
canali,Canali,[],fashion,,luxury,84,active,italy
capello-point,Capello Point,"[""CapelloPoint""]",beauty,,fashion,60,active,
caprice,Caprice,"[""Caprice""]",shoes-bags,,fashion,62,active,
caractere,CARACTÈRE,[],fashion,,fashion,50,active,
card-centre,Card Centre,"[""CardCentre""]",accessories,,lifestyle,55,active,united-kingdom
card-factory,Card Factory,"[""CardFactory""]",accessories,,lifestyle,60,active,united-kingdom
carducci-milano,Carducci Milano,"[""Carducci"",""CarducciMilano""]",fashion,,fashion,66,active,italy
carhartt,Carhartt,[],fashion,,fashion,70,active,
carhartt-wip,Carhartt WIP,"[""Carhartt Work In Progress"",""CarharttWIP""]",fashion,,premium,78,active,united-states
carl-gross,Carl Gross,"[""CarlGross""]",fashion,,fashion,60,active,unknown
carla-g,Carla G.,"[""Carla G"",""CarlaG""]",shoes-bags,,fashion,60,active,
carlings,Carlings,"[""Carlings Outlet"",""Carlings Store""]",fashion,,lifestyle,68,active,norway
carlo-pignatelli,Carlo Pignatelli,"[""CarloPignatelli""]",fashion,,fashion,60,active,
carolina-herrera,Carolina Herrera,"[""CH Carolina Herrera"",""CarolinaHerrera"",""CHCarolinaHerrera""]",luxury,,luxury,88,active,united-states
caroll,Caroll,[],fashion,,lifestyle,70,active,france
carpisa,Carpisa,"[""Carpisa Outlet"",""Carpisa Store"",""Carpisa Valdichiana""]",shoes-bags,,lifestyle,68,active,italy
carrera,Carrera,"[""Carrera""]",eyewear,,lifestyle,62,active,
carters,Carter's,"[""Carters"",""OshKosh B'gosh"",""Carter’s"",""Carter s"",""OshKosh B’gosh"",""OshKosh B gosh"",""OshKoshBgosh""]",children,,lifestyle,76,active,united-states
cartier,Cartier,[],jewelry-watches,,luxury,96,active,france
carvela,Carvela,[],shoes-bags,,premium,70,active,united-kingdom
casa-angelesi,Casa Angelesi,"[""CasaAngelesi""]",home-lifestyle,,lifestyle,58,active,italy
casadei,Casadei,[],shoes-bags,,luxury,82,active,italy
cascade,Cascade,"[""Cascade""]",fashion,,fashion,62,active,
cassal,Cassal,"[""Cassal""]",fashion,,fashion,62,active,
castaner,Castañer,[],fashion,,fashion,50,active,
castellani,Castellani,[],fashion,,premium,50,active,
castore,Castore,[],sportswear,,sports,73,active,united-kingdom
cath-kidston,Cath Kidston,"[""CathKidston""]",home,,fashion,72,active,united-kingdom
cattier,Cattier,[],fashion,,fashion,70,active,
cavallaro-napoli,Cavallaro Napoli,"[""CavallaroNapoli""]",fashion,,fashion,70,active,netherlands
cavani,Cavani,[],fashion,,lifestyle,60,active,united-kingdom
cc-collection-corneliani,CC Collection Corneliani,[],fashion,,fashion,50,active,
cecil,Cecil,[],fashion,,fashion,60,active,unknown
cecil-street-one,Cecil | Street One,"[""Cecil Street One"",""Cecil and Street One""]",fashion,,fashion,65,active,germany
celine,Celine,"[""Céline""]",luxury,,luxury,95,active,france
celio,Celio,"[""Celio Outlet"",""Celio*"",""Celio Star""]",fashion,,fashion,68,active,france
ceo,CEO,[],fashion,,fashion,70,active,
cex,CeX,"[""CEX""]",electronics,,lifestyle,68,active,united-kingdom
cfab,cfab,[],fashion,,fashion,70,active,
ch-carolina-herrera,CH Carolina Herrera,"[""Carolina Herrera"",""CHCarolinaHerrera"",""CarolinaHerrera""]",fashion,,luxury,88,active,united-states
champion,Champion,[],sportswear,,sports,82,active,united-states
change-lingerie,Change Lingerie,"[""ChangeLingerie""]",fashion,,fashion,60,active,unknown
chapelle,Chapelle,[],fashion,,lifestyle,62,active,united-kingdom
character-com,Character.com,"[""Character"",""Character com"",""Charactercom""]",children,,lifestyle,60,active,united-kingdom
charles-le-golf,Charles Le Golf,[],fashion,,fashion,50,active,france
charles-tyrwhitt,Charles Tyrwhitt,"[""CharlesTyrwhitt""]",fashion,,premium,74,active,united-kingdom
charlotte-tilbury,Charlotte Tilbury,"[""CharlotteTilbury""]",beauty,,premium,84,active,united-kingdom
charriol,Charriol,"[""Philippe Charriol"",""PhilippeCharriol""]",jewelry-watches,,luxury,76,active,switzerland
chasin,CHASIN',"[""CHASIN’"",""CHASIN""]",fashion,,fashion,70,active,netherlands
chekani,Chekani,[],fashion,,fashion,60,active,united-kingdom
chekani-girls,Chekani Girls,"[""ChekaniGirls""]",fashion,,fashion,60,active,united-kingdom
chellena,Chellena,"[""Chellena Outlet""]",fashion,,fashion,50,active,poland
chevignon,Chevignon,[],fashion,,fashion,66,active,france
chicco,Chicco,[],children,,lifestyle,70,active,italy
chika10,Chika10,[],fashion,,fashion,60,active,spain
chiquifestival,Chiquifestival,"[""Chiquifestival""]",children,,fashion,40,active,spain
chloe,Chloé,"[""Chloe""]",luxury,,luxury,92,active,france
choice,Choice,"[""Choice Discount"",""ChoiceDiscount""]",fashion,,lifestyle,62,active,united-kingdom
chopard,Chopard,[],jewelry-watches,,luxury,90,active,switzerland
christ,CHRIST,[],fashion,,fashion,60,active,unknown
christian-louboutin,Christian Louboutin,"[""ChristianLouboutin""]",shoes-bags,,luxury,93,active,france
christine-laure,Christine Laure,"[""ChristineLaure""]",fashion,,lifestyle,70,active,france
christy,Christy,[],home,,lifestyle,60,active,united-kingdom
churchs,Church's,"[""Church’s"",""Church s"",""Churchs""]",shoes-bags,,luxury,70,active,united-kingdom
ciaopanic,Ciaopanic,[],fashion,,fashion,68,active,japan
ciesse-piumini,Ciesse Piumini,"[""CiessePiumini""]",fashion,,fashion,60,active,
cinesa,Cinesa,"[""Cinesa""]",services,,lifestyle,55,active,spain
cinque,Cinque,[],fashion,,fashion,60,active,unknown
cinzia-rocca,Cinzia Rocca,[],fashion,,premium,66,active,italy
citadium,Citadium,[],fashion,,fashion,50,active,
citizen,Citizen,"[""Citizen Watch"",""CitizenWatch""]",jewelry-watches,,premium,82,active,japan
city-jeans,City Jeans,[],fashion,,lifestyle,50,active,lithuania
claires,Claire's,"[""Claire’s"",""Claire s"",""Claires""]",accessories,,lifestyle,50,active,united-kingdom
clarins,Clarins,[],beauty,,premium,86,active,france
claris-virot,Claris Virot,"[""ClarisVirot""]",shoes-bags,,premium,70,active,france
clarks,Clarks,[],shoes-bags,,lifestyle,84,active,united-kingdom
claudia-strater,Claudia Sträter,"[""Claudia Strater"",""ClaudiaStrater""]",fashion,,fashion,70,active,netherlands
claudie-pierlot,Claudie Pierlot,"[""ClaudiePierlot""]",fashion,,premium,82,active,france
clinians,Clinians,[],beauty,,fashion,60,active,
clinique,Clinique,[],beauty,,premium,84,active,united-states
clintons,Clintons,[],accessories,,lifestyle,60,active,united-kingdom
clogau-gold,Clogau Gold,"[""Clogau"",""ClogauGold""]",jewelry-watches,,premium,70,active,united-kingdom
closed,Closed,[],fashion,,fashion,60,active,unknown
cloud-shop,Cloud Shop,"[""Cloud Shop"",""CloudShop"",""Cloud Shop Outlet""]",fashion,,fashion,60,active,poland
cle-de-peau,Clé de Peau,[],fashion,,fashion,50,active,
cmp,CMP,[],sportswear,,lifestyle,70,active,italy
cmp-campagnolo,CMP Campagnolo,"[""CMPCampagnolo""]",sportswear,,sports,60,active,
coach,Coach,"[""Coach Outlet"",""Coach New York"",""CoachOutlet"",""CoachNewYork""]",shoes-bags,,premium,92,active,united-states
coccinelle,Coccinelle,[],shoes-bags,,premium,82,active,italy
coeur-de-lion,Coeur de Lion,"[""CoeurdeLion""]",fashion,,fashion,60,active,unknown
cold-culture,Cold Culture,[],fashion,,fashion,50,active,
cole-haan,Cole Haan,"[""ColeHaan""]",shoes-bags,,premium,84,active,united-states
coleman,Coleman,[],home,,lifestyle,78,active,united-states
colmar,Colmar,"[""Colmar Originals"",""ColmarOriginals""]",sportswear,,premium,77,active,italy
colors-of-california,Colors of California,[],shoes-bags,,lifestyle,60,active,italy
columbia,Columbia,"[""Columbia Sportswear"",""ColumbiaSportswear""]",sportswear,,sports,88,active,united-states
come-in-una-favola,Come in una Favola,"[""Come In Una Favola"",""ComeinunaFavola""]",fashion,,fashion,58,active,italy
comma,Comma,[],fashion,,fashion,60,active,unknown
comme-des-garcons,Comme des Garçons,"[""Comme des Garcons"",""CDG"",""CommedesGarcons""]",fashion,,luxury,86,active,japan
companys,Companys,"[""Companys""]",fashion,,fashion,60,active,
converse,Converse,"[""Converse Factory Store"",""ConverseFactoryStore""]",shoes-bags,,lifestyle,88,active,united-states
cook-n-dine,Cook N Dine,"[""CookNDine""]",home,,lifestyle,50,active,united-kingdom
coolligan,Coolligan,[],fashion,,fashion,60,active,spain
coosy,Coosy,[],fashion,,fashion,60,active,spain
copenhagen,Copenhagen,[],fashion,,fashion,60,active,unknown
copenhagen-studios,COPENHAGEN STUDIOS,"[""COPENHAGENSTUDIOS""]",fashion,,fashion,60,active,unknown
corneliani,Corneliani,[],fashion,,luxury,82,active,italy
cos,COS,"[""Collection of Style"",""CollectionofStyle""]",fashion,,premium,78,active,sweden
cosmoparis,Cosmoparis,[],shoes-bags,,fashion,62,active,france
costume-national,Costume National,"[""Costume National"",""CostumeNational""]",fashion,,fashion,60,active,
cotonella,Cotonella,"[""Cotonella Intimo""]",fashion,,lifestyle,58,active,italy
cotton-and-silk,Cotton & Silk,[],fashion,,fashion,50,active,
cotton-traders,Cotton Traders,"[""CottonTraders""]",fashion,,lifestyle,68,active,united-kingdom
couronne,Couronne,[],shoes-bags,,premium,70,active,south-korea
cover-beauty,Cover Beauty,"[""CoverBeauty""]",beauty,,lifestyle,60,active,united-kingdom
covernat,Covernat,[],fashion,,lifestyle,70,active,south-korea
craghoppers,Craghoppers,[],sportswear,,lifestyle,60,active,united-kingdom
creed,Creed,[],beauty,,luxury,86,active,united-kingdom
crew-clothing,Crew Clothing,"[""CrewClothing""]",fashion,,lifestyle,68,active,united-kingdom
crew-clothing-company,Crew Clothing Company,"[""CrewClothingCompany""]",fashion,,lifestyle,50,active,united-kingdom
cristina-oria,Cristina Oria,"[""CristinaOria""]",home,,premium,70,active,spain
cristinas,Cristina's,[],fashion,,fashion,50,active,
crocs,Crocs,[],shoes-bags,,lifestyle,84,active,united-states
cropp,Cropp,"[""Cropp Town"",""Cropp Outlet""]",fashion,,lifestyle,68,active,poland
cross-jeans,Cross Jeans,"[""Cross Jeans"",""CrossJeans"",""Cross Jeans Outlet""]",fashion,,fashion,60,active,poland
cubus,Cubus,"[""Cubus Outlet"",""Cubus Store""]",fashion,,lifestyle,70,active,norway
currentbody-skin,CurrentBody Skin,"[""CurrentBody"",""CurrentBodySkin""]",beauty,,premium,74,active,united-kingdom
customellow,Customellow,[],fashion,,premium,72,active,south-korea
cyrillus,Cyrillus,[],fashion,,fashion,56,active,france
czas-na-herbate,Czas na Herbatę,"[""Czas na Herbatę"",""CzasnaHerbatę"",""Czas na Herbatę Outlet""]",food-confectionery,,fashion,60,active,poland
damante,D'Amante,[],fashion,,fashion,50,active,
ds-damat,D’S Damat,"[""DS Damat"",""D'S DAMAT"",""D'S Damat""]",fashion,,fashion,50,active,
dainese,Dainese,[],sportswear,,sports,60,active,
dajar,Dajar,"[""Dajar"",""Dajar"",""Dajar Outlet""]",home,,fashion,60,active,poland
dajar-home-and-garden,Dajar Home & Garden,"[""Dajar Home and Garden"",""Dajar""]",home-lifestyle,,lifestyle,58,active,poland
damiani,Damiani,[],jewelry-watches,,luxury,70,active,italy
dancing-betty,Dancing Betty,"[""DancingBetty""]",fashion,,lifestyle,60,active,united-kingdom
daniel-hechter,Daniel Hechter,"[""DanielHechter""]",fashion,,premium,70,active,
daniele-donati,Daniele Donati,[],shoes-bags,,lifestyle,50,active,lithuania
danija-outlet,Danija Outlet,"[""Danija""]",shoes-bags,,lifestyle,50,active,lithuania
dare2b,Dare2B,"[""Dare2B""]",sportswear,,sports,62,active,
darphin-paris,Darphin Paris,"[""DarphinParis""]",beauty,,fashion,60,active,unknown
datch,DATCH,[],fashion,,fashion,50,active,
davi-jubiler,Davi Jubiler,"[""Davi Jewellery""]",jewelry,,lifestyle,50,active,poland
david-barry,David Barry,"[""DavidBarry""]",fashion,,lifestyle,55,active,united-kingdom
david-clulow,David Clulow,"[""DavidClulow""]",eyewear,,premium,68,active,united-kingdom
david-clulow-sunglasses,David Clulow Sunglasses,"[""David Clulow"",""DavidClulow""]",eyewear,,premium,74,active,united-kingdom
david-naman,David Naman,"[""DavidNaman""]",fashion,,fashion,60,active,
decathlon,Decathlon,[],sports,,sports,60,active,france
deeluxe,DEELUXE,[],fashion,,fashion,60,active,unknown
delsey,Delsey,[],shoes-bags,,premium,70,active,france
demeyere,Demeyere,[],homeware,,fashion,60,active,unknown
denby,Denby,[],home,,premium,72,active,united-kingdom
denham,Denham,"[""DENHAM the Jeanmaker""]",fashion,,premium,72,active,netherlands
deni-cler,Deni Cler,"[""Deni Cler Milano""]",fashion,,premium,64,active,poland
denim-dream,Denim Dream,[],fashion,,lifestyle,50,active,lithuania
denim-dream-outlet,Denim Dream Outlet,"[""Denim Dream""]",fashion,,fashion,60,active,unknown
derbe,Derbe,[],fashion,,fashion,60,active,unknown
des-petits-hauts,Des Petits Hauts,[],fashion,,fashion,66,active,france
descamps,Descamps,[],home,,premium,70,active,france
descente,Descente,[],sportswear,,sports,82,active,japan
descente-golf,Descente Golf,"[""DescenteGolf""]",sportswear,,sports,76,active,japan
designer-exchange,Designer Exchange,"[""DesignerExchange""]",luxury,,premium,70,active,united-kingdom
desigual,Desigual,[],fashion,,fashion,82,active,spain
desiree,Desirèe,[],fashion,,fashion,50,active,
destock-jeans,DESTOCK JEANS,[],fashion,,fashion,60,active,unknown
devold,Devold,"[""Devold of Norway"",""DevoldOfNorway"",""Devold Outlet""]",outdoor,,sports,70,active,norway
didriksons,Didriksons,[],fashion,,fashion,60,active,unknown
diadora,Diadora,[],sportswear,,sports,72,active,italy
diesel,Diesel,[],fashion,,premium,86,active,italy
diesel-kids,Diesel Kids,"[""DieselKids""]",children,,premium,70,active,italy
digby-and-champ,Digby & Champ,"[""Digby and Champ"",""Digby Champ"",""DigbyChamp"",""DigbyandChamp""]",home,,lifestyle,64,active,united-kingdom
digel,Digel,"[""Digel"",""Digel"",""Digel Outlet""]",fashion,,fashion,60,active,poland
dika,DIKA,[],fashion,,fashion,60,active,unknown
dim,DIM,[],fashion,,lifestyle,70,active,france
dinoland,Dinoland,[],children,,lifestyle,62,active,austria
dior,Dior,"[""Christian Dior"",""ChristianDior""]",luxury,,luxury,98,active,france
diptyque,Diptyque,[],beauty,,luxury,82,active,france
discovery-expedition,Discovery Expedition,"[""DiscoveryExpedition""]",sportswear,,sports,76,active,south-korea
diverse,Diverse,"[""Diverse"",""Diverse"",""Diverse Outlet""]",fashion,,fashion,60,active,poland
divo,Divo,[],fashion,,lifestyle,50,active,lithuania
dixie,Dixie,"[""Dixie Fashion""]",fashion,,fashion,58,active,italy
djeco,Djeco,"[""Djeco""]",kids,,lifestyle,62,active,
dkny,DKNY,"[""Donna Karan New York"",""DonnaKaranNewYork""]",fashion,,premium,84,active,united-states
doc-barnet,Doc Barnet,"[""DocBarnet""]",shoes-bags,,lifestyle,60,active,united-kingdom
dockers,Dockers,[],fashion,,lifestyle,78,active,united-states
dodo,Dodo,[],home,,lifestyle,70,active,france
dolce-and-gabbana,Dolce & Gabbana,"[""Dolce and Gabbana"",""D&G"",""Dolce Gabbana"",""DolceGabbana"",""DolceandGabbana"",""DandG"",""D G"",""DG""]",luxury,,luxury,94,active,italy
dolceandgabbana,Dolce&Gabbana,"[""Dolce&Gabbana"",""Dolce & Gabbana"",""D&G""]",fashion,,luxury,90,active,
dolomite,Dolomite,"[""DOLOMITE"",""Dolomite Outdoor""]",sportswear,,premium,60,active,italy
dondup,Dondup,[],fashion,,premium,75,active,italy
donum,Donum,[],gifts,,lifestyle,50,active,lithuania
dooney-and-bourke,Dooney & Bourke,"[""Dooney and Bourke"",""Dooney Bourke"",""DooneyBourke"",""DooneyandBourke""]",shoes-bags,,premium,76,active,united-states
doriani-cashmere,Doriani Cashmere,"[""Doriani"",""DorianiCashmere""]",fashion,,premium,60,active,italy
dore-dore,Doré Doré,"[""Dore Dore"",""DoreDore""]",fashion,,premium,70,active,france
double-two,Double TWO,"[""Double Two"",""DoubleTWO"",""DoubleTwo""]",fashion,,lifestyle,55,active,united-kingdom
douglas,Douglas,[],beauty,,fashion,60,active,
douglas-pop-up-store,Douglas Pop Up Store,"[""Douglas Pop-Up Store"",""DouglasPopUpStore""]",beauty,,lifestyle,68,active,germany
dr-jart,Dr. Jart+,"[""Dr Jart"",""DrJart""]",beauty,,fashion,60,active,unknown
dr-martens,Dr. Martens,"[""Doc Martens"",""Dr Martens"",""DrMartens"",""DocMartens""]",shoes-bags,,lifestyle,86,active,united-kingdom
dressmann,Dressmann,"[""Dressmann Outlet"",""Dressmann Store""]",fashion,,lifestyle,70,active,norway
drogas,Drogas,[],beauty,,lifestyle,50,active,lithuania
druni,Druni,[],beauty,,fashion,50,active,
dsquared2,Dsquared2,[],fashion,,luxury,84,active,italy
dstrezzed,DSTREZZED,[],fashion,,fashion,50,active,
du-bonheur-dans-la-maison,Du Bonheur dans la Maison,[],home,,lifestyle,55,active,france
du-pareil-au-meme,Du Pareil Au Même,"[""Du Pareil Au Meme"",""DuPareilAuMeme""]",fashion,,lifestyle,70,active,france
dune-london,Dune London,"[""Dune"",""DuneLondon""]",shoes-bags,,fashion,74,active,united-kingdom
dunhill,Dunhill,"[""Alfred Dunhill"",""AlfredDunhill""]",luxury,,luxury,84,active,united-kingdom
dust-and-cream,Dust + Cream,"[""Dust and Cream""]",beauty,,fashion,60,active,greece
duvetica,Duvetica,[],fashion,,premium,75,active,italy
dv8,DV8,"[""DV8 Fashion"",""DV8Fashion""]",fashion,,lifestyle,60,active,united-kingdom
dyson,Dyson,[],home,,premium,82,active,united-kingdom
e-karts,E-Karts,"[""E-Karts""]",services,,lifestyle,45,active,spain
earth-music-and-ecology,earth music&ecology,"[""earth music and ecology"",""earth musicandecology"",""earth music ecology"",""earthmusicecology"",""earth music & ecology"",""earthmusicandecology""]",fashion,,fashion,72,active,japan
eastpak,Eastpak,"[""Eastpak""]",shoes-bags,,fashion,60,active,greece
ebel,Ebel,[],fashion,,fashion,60,active,unknown
ecco,Ecco,"[""ECCO"",""ECCO Outlet"",""ECCOOutlet""]",shoes-bags,,lifestyle,84,active,denmark
ecoalf,Ecoalf,"[""ECOALF""]",fashion,,premium,76,active,spain
eden,Eden,"[""Eden Menswear"",""EdenMenswear""]",fashion,,lifestyle,58,active,united-kingdom
eden-menswear,Eden Menswear,"[""EdenMenswear""]",fashion,,lifestyle,60,active,united-kingdom
echarme,Echarme,[],fashion,,fashion,55,active,italy
eden-park,Eden Park,"[""EdenPark""]",fashion,,premium,70,active,france
edwin,EDWIN,"[""Edwin""]",fashion,,premium,78,active,japan
ego-smart,EGO Smart,[],electronics,,lifestyle,50,active,lithuania
egoist,EGOIST,"[""Egoist""]",fashion,,fashion,70,active,japan
eider,EIDER,"[""Eider""]",sportswear,,sports,78,active,france
el-corte-ingles,El Corte Inglés,"[""El Corte Ingles""]",department-store,,fashion,76,active,spain
el-corte-ingles-outlet,El Corte Inglés Outlet,[],department-store,,premium,60,active,spain
el-ganso,El Ganso,"[""ElGanso""]",fashion,,fashion,72,active,spain
elemis,ELEMIS,"[""Elemis""]",beauty,,premium,82,active,united-kingdom
elena-miro,Elena Mirò,"[""Elena Miro"",""ElenaMiro""]",fashion,,fashion,70,active,italy
eleventy,Eleventy,[],fashion,,premium,78,active,italy
elisabetta-franchi,Elisabetta Franchi,"[""ElisabettaFranchi""]",fashion,,premium,84,active,italy
ellesse,ellesse,"[""Ellesse""]",sportswear,,sports,78,active,italy
ellman,Ellman,[],fashion,,fashion,50,active,
elmas-phil,Elmas Phil,"[""Elmas Phil"",""ElmasPhil""]",fashion,,fashion,60,active,
elmas-phil-collection,Elmas Phil Collection,"[""Elmas Phil Collection"",""ElmasPhilCollection""]",fashion,,fashion,60,active,
elmas-phil-uomo,Elmas Phil Uomo,"[""Elmas Phil Uomo"",""ElmasPhilUomo""]",fashion,,fashion,60,active,
emilio-pucci,Emilio Pucci,"[""EmilioPucci""]",fashion,,luxury,70,active,italy
eminence,Eminence,[],fashion,,lifestyle,70,active,france
emma-bridgewater,Emma Bridgewater,"[""EmmaBridgewater""]",home,,premium,74,active,united-kingdom
empik,Empik,"[""Empik"",""Empik"",""Empik Outlet""]",books-stationery,,fashion,60,active,poland
emporio-armani,Emporio Armani,"[""EmporioArmani"",""Armani""]",fashion,,premium,88,active,italy
emsa,Emsa,[],fashion,,fashion,70,active,
encuentro-moda,Encuentro Moda,"[""Encuentro""]",fashion,,fashion,54,active,spain
enrico-coveri,Enrico Coveri,"[""EnricoCoveri""]",fashion,,fashion,60,active,
eponymo,Eponymo,"[""Eponymo""]",fashion,,fashion,60,active,greece
eredi-pisano,Eredipisanò,"[""Eredipisano""]",fashion,,fashion,60,active,
erika-cavallini,Erika Cavallini,"[""ErikaCavallini""]",fashion,,fashion,60,active,
ermanno-scervino,Ermanno Scervino,"[""ErmannoScervino""]",fashion,,luxury,84,active,italy
ermenegildo-zegna,Ermenegildo Zegna,"[""Zegna"",""ErmenegildoZegna"",""ZEGNA""]",luxury,,luxury,92,active,italy
ernest-jones,Ernest Jones,"[""ErnestJones""]",jewelry-watches,,premium,72,active,united-kingdom
escada,Escada,[],fashion,,luxury,82,active,germany
eseoese,eseOese,[],fashion,,fashion,50,active,
esercito-italiano,ESERCITO ITALIANO,[],fashion,,fashion,50,active,
esotiq,Esotiq,[],fashion,,fashion,50,active,
espa,ESPA,[],beauty,,premium,72,active,united-kingdom
espaco-casa,Espaço Casa,[],home,,fashion,70,active,portugal
esprit,Esprit,[],fashion,,premium,70,active,
essa-trends,Essa Trends,"[""ESSA Trends"",""Essa Trends Outlet""]",fashion,,fashion,60,active,poland
essentiel-antwerp,Essentiel Antwerp,"[""EssentielAntwerp""]",fashion,,fashion,60,active,unknown
este-outlet,Este Outlet,"[""Este""]",fashion,,lifestyle,50,active,lithuania
estella,Estella,[],fashion,,fashion,60,active,unknown
estee-lauder,Estée Lauder,"[""Estee Lauder"",""EsteeLauder""]",beauty,,premium,88,active,united-states
etam,Etam,[],fashion,,fashion,76,active,france
etam-undiz,Etam-Undiz,"[""Etam Undiz"",""EtamUndiz""]",fashion,,lifestyle,70,active,france
eterna,Eterna,[],fashion,,premium,70,active,
etnia-barcelona,Etnia Barcelona,[],fashion,,fashion,50,active,
eton,Eton,"[""Eton Shirts"",""EtonShirts"",""Eton Shirt""]",fashion,,premium,78,active,sweden
etro,Etro,[],luxury,,luxury,88,active,italy
etto,Etto,[],fashion,,lifestyle,50,active,united-kingdom
eurobank,Eurobank,"[""Eurobank""]",home-lifestyle,,fashion,60,active,greece
eurokos,Eurokos,[],beauty,,lifestyle,50,active,lithuania
everest-exclusive,Everest Exclusive,"[""Everest Exclusive""]",home-lifestyle,,fashion,60,active,greece
excelsa,Excélsa,"[""Excelsa""]",home-lifestyle,,lifestyle,58,active,italy
expresso,Expresso,[],fashion,,fashion,70,active,netherlands
eyeq,EyeQ,"[""EyeQ""]",eyewear,,fashion,60,active,greece
family-optic,Family Optic,"[""Family Optic"",""FamilyOptic"",""Family Optic Outlet""]",eyewear,,fashion,60,active,poland
fay,Fay,[],fashion,,premium,80,active,italy
fifty,Fifty,[],fashion,,fashion,70,active,spain
filippo,Filippo,"[""Filippo"",""Filippo"",""Filippo Outlet""]",shoes-bags,,fashion,60,active,poland
franco-feruzzi,Franco Feruzzi,"[""Franco Feruzzi"",""FrancoFeruzzi"",""Franco Feruzzi Outlet""]",fashion,,fashion,60,active,poland
gato-preto,Gato Preto,[],home,,fashion,70,active,portugal
ad-twenty,AD Twenty,"[""ADTwenty"",""AD Twenty Outlet""]",fashion,,fashion,60,active,unknown
brawns,Brawn’s,"[""Brawns""]",fashion,,fashion,60,active,unknown
casio,Casio,[],accessories,,fashion,60,active,unknown
catch,Catch,[],fashion,,fashion,60,active,unknown
cesare-paciotti,Cesare Paciotti,[],fashion,,premium,60,active,unknown
cluse,Cluse,[],accessories,,fashion,60,active,unknown
corso-roma,Corso Roma,"[""Corso Roma 9""]",fashion,,fashion,60,active,unknown
corso-roma-boutique,Corso Roma Boutique,"[""Corso Roma Boutique Outlet""]",fashion,,fashion,60,active,unknown
cromia,Cromia,[],fashion,,fashion,60,active,unknown
cruyff,Cruyff,[],fashion,,fashion,60,active,unknown
david-jones,David Jones,[],fashion,,fashion,60,active,unknown
europa-92-denim-bar,Europa 92 Denim Bar,[],fashion,,fashion,60,active,unknown
apro-police,Apró Police,"[""Apro Police""]",fashion,,fashion,50,active,unknown
belles,Belles,[],fashion,,fashion,50,active,unknown
bjorklund-lifestyle,Bjørklund Lifestyle,"[""Bjorklund Lifestyle"",""Bjørklund"",""Bjorklund""]",jewelry-watches,,lifestyle,50,active,norway
brick,BRICK,[],fashion,,fashion,50,active,unknown
budmil,Budmil,[],fashion,,fashion,50,active,unknown
decades,Decades,[],fashion,,fashion,50,active,unknown
devergo,Devergo,[],fashion,,fashion,50,active,unknown
dm,dm,"[""DM"",""dm drogerie markt""]",beauty,,fashion,50,active,unknown
drk,DRK,[],fashion,,fashion,50,active,unknown
cotton-box,Cotton Box,"[""COTTON BOX""]",home-lifestyle,,lifestyle,50,active,unknown
easy-travel,Easy Travel,"[""EASY TRAVEL""]",travel,,lifestyle,50,active,unknown
desforges,Desforges,[],home-lifestyle,,fashion,50,active,unknown
dim-outlet,DIM Outlet,"[""DIM""]",fashion,,fashion,50,active,unknown
essie,Essie,[],beauty,,fashion,50,active,unknown
fashion-on-trend,Fashion on Trend,"[""Fashion On Trend"",""FashionOnTrend""]",fashion,,fashion,50,active,united-kingdom
balibaris,Balibaris,[],fashion,,premium,72,active,france
decimas,Décimas,"[""Decimas"",""Décimas Outlet"",""Decimas Outlet""]",sportswear,,sports,64,active,spain
duldi,Duldi,[],food-confectionery,,lifestyle,50,active,spain
el-pulpo,El Pulpo,[],fashion,,fashion,62,active,spain
adj-paris,ADJ Paris,[],fashion,,premium,70,active,france
cacharel,Cacharel,[],fashion,,premium,70,active,france
dimension-stores,Dimension Stores,[],fashion,,premium,70,active,france
eric-bompard,Eric Bompard,[],fashion,,premium,70,active,france
armani-outlet,Armani Outlet,[],fashion,,fashion,50,active,italy
camomilla-italia,Camomilla Italia,[],fashion,,fashion,50,active,italy
cap-de-barbaria,Cap De Barbaria,[],fashion,,fashion,50,active,italy
caporiccio,Caporiccio,[],fashion,,fashion,50,active,italy
cavalli-class,Cavalli Class,[],fashion,,fashion,50,active,italy
ciesse-piumini-jeckerson,Ciesse Piumini - Jeckerson,[],fashion,,fashion,50,active,italy
cisalfa-sport,Cisalfa Sport,[],fashion,,fashion,50,active,italy
coincasa,Coincasa,"[""Coin Casa""]",home,,fashion,60,active,italy
do-home,Do-Home,[],home,,fashion,50,active,italy
elena-miro-fiorella-rubino,Elena Mirò - Fiorella Rubino,[],fashion,,fashion,50,active,italy
euronics,Euronics,[],fashion,,fashion,50,active,italy
biker-outlet,Biker Outlet,[],fashion,,fashion,50,active,spain
drippblue,Drippblue,[],fashion,,fashion,50,active,spain
fifty-factory,Fifty Factory,"[""Fifty Factory (Grupo Cortefiel)""]",fashion,,fashion,60,active,spain
fk-donna-uomo,FK Donna Uomo,"[""FK Donna Uomo""]",fashion,,fashion,50,active,spain
gold-princess,Gold Princess,[],jewelry,,lifestyle,50,active,spain
collective,Collective,[],fashion,,fashion,50,active,romania
conte-of-florence,Conte of Florence,[],fashion,,premium,50,active,italy
deha,Deha,[],sportswear,,fashion,50,active,italy
blumelange,Blumelange,[],fashion,,fashion,60,active,italy
brands-off-price,Brands Off Price,[],fashion,,fashion,60,active,italy
centro-ottico-megavision,Centro Ottico Megavision,[],accessories,,lifestyle,60,active,italy
colibri-ensemble,Colibrì Ensemble,[],fashion,,fashion,60,active,italy
eppy,Eppy,[],fashion,,fashion,60,active,italy
adv,ADV,[],fashion,,fashion,60,active,
altinyildiz-classics,Altınyıldız Classics,"[""ALTINYILDIZ"",""Altınyıldız"",""Altinyildiz Classics""]",fashion,,fashion,60,active,
arma-life,ARMA LIFE,"[""Arma Life""]",fashion,,fashion,60,active,
armagan-oyuncak,ARMAĞAN OYUNCAK,"[""Armağan Oyuncak""]",books-toys,,lifestyle,60,active,
armine,ARMINE,"[""Armine"",""ARMİNE EŞARP"",""Armine Eşarp""]",fashion,,fashion,60,active,
atasun-optik,ATASUN OPTİK,"[""Atasun Optik""]",eyewear,,lifestyle,60,active,
avva,AVVA,[],fashion,,fashion,60,active,
back-and-bond,BACK & BOND,"[""Back & Bond""]",shoes-bags,,fashion,60,active,
beko,BEKO,[],electronics,,lifestyle,60,active,
bosch,BOSCH,[],electronics,,lifestyle,60,active,
boyner,BOYNER,[],department-store,,lifestyle,60,active,
brillant-soley,BRILLANT SOLEY,"[""Brillant Soley""]",home,,lifestyle,60,active,
carrefour,CARREFOUR,"[""CARREFOUR EKSPRESS"",""Carrefour Ekspress""]",department-store,,lifestyle,60,active,
city-bag,CITY BAG,"[""City Bag""]",shoes-bags,,fashion,60,active,
coolcase,COOLCASE,"[""Coolcase""]",accessories,,lifestyle,60,active,
dagi,DAGİ,"[""Dagi""]",fashion,,fashion,60,active,
defacto,DEFACTO,"[""DeFacto"",""DEFACTO KIDS""]",fashion,,fashion,60,active,
deichmann,DEICHMANN,[],shoes-bags,,fashion,60,active,
derimod,DERİMOD,"[""Derimod""]",shoes-bags,,fashion,60,active,
dufy,DUFY,[],fashion,,fashion,60,active,
e-bebek,E-BEBEK,"[""e-Bebek""]",children,,lifestyle,60,active,
english-home,ENGLISH HOME,"[""English Home""]",home,,lifestyle,60,active,
aker,Aker,[],fashion,,fashion,60,active,
amasya-et,Amasya Et,[],food,,lifestyle,60,active,
atasay,Atasay,[],jewelry-watches,,fashion,60,active,
b-and-g-store,B&G Store,"[""B&G STORE""]",fashion,,fashion,60,active,
bambi,Bambi,[],shoes-bags,,fashion,60,active,
bargello,Bargello,[],beauty,,lifestyle,60,active,
barrels-and-oil,BARRELS AND OIL,[],fashion,,fashion,60,active,
beymen,Beymen,"[""Beymen Business"",""Beymen Club"",""Beymen Outlet""]",fashion,,fashion,60,active,
brandys,Brandy's,[],fashion,,fashion,60,active,
cift-geyik-karaca,Çift Geyik Karaca,[],fashion,,fashion,60,active,
creaphone,Creaphone,[],electronics,,lifestyle,60,active,
damat-tween,DAMAT TWEEN,[],fashion,,fashion,60,active,
divarese,Divarese,[],shoes-bags,,fashion,60,active,
easycep,EasyCep,[],electronics,,lifestyle,60,active,
elle,Elle,[],fashion,,fashion,60,active,
esen-esarp,Esen Eşarp,[],fashion,,fashion,60,active,
eve,Eve,"[""EVE SHOP""]",beauty,,lifestyle,60,active,
evidea,Evidea,[],home,,lifestyle,60,active,
akya-saat,AKYA SAAT,"[""Akya Saat""]",jewelry-watches,,lifestyle,50,active,
alix-avien,Alix Avien,[],beauty,,lifestyle,50,active,
ayakkabi-dunyasi,AYAKKABI DÜNYASI,"[""Ayakkabı Dünyası""]",shoes-bags,,lifestyle,50,active,
beauty-omelette,BEAUTY OMELETTE,"[""Beauty Omelette""]",beauty,,lifestyle,50,active,
blue-diamond-jewelry,Blue Diamond,"[""BLUE DIAMOND""]",jewelry-watches,,lifestyle,50,active,
bob-vale,BOB VALE,"[""Bob Vale""]",fashion,,lifestyle,50,active,
brandroom,Brandroom,"[""BRANDROOM OUTLET"",""Brandroom Outlet""]",fashion,,lifestyle,50,active,
caseland,Caseland,[],electronics,,lifestyle,50,active,
covertech,COVERTECH,"[""Covertech""]",electronics,,lifestyle,50,active,
d-p-parfum,D&P PARFÜM,"[""D&P Parfüm""]",beauty,,lifestyle,50,active,
damsmood,DAMSMOOD,[],fashion,,lifestyle,50,active,
derique,DERIQUE,"[""Derique"",""DERIQUE (YENİ)""]",fashion,,lifestyle,50,active,
edwards,Edwards,"[""EDWARDS OUTLET"",""Edwards Outlet""]",fashion,,lifestyle,50,active,
exxe-selection,EXXE SELECTION,"[""Exxe Selection""]",fashion,,lifestyle,50,active,
adil-isik,ADİL IŞIK,"[""ADİL IŞIK""]",fashion,,fashion,50,active,
altinbas,ALTINBAŞ,"[""ALTINBAŞ""]",jewelry-watches,,fashion,50,active,
ambar,AMBAR,"[""AMBAR""]",fashion,,fashion,50,active,
aris-pirlanta,ARİŞ PIRLANTA,"[""ARİŞ PIRLANTA""]",jewelry-watches,,fashion,50,active,
atakoy-ayakkabi,ATAKÖY AYAKKABI,"[""ATAKÖY AYAKKABI""]",shoes-bags,,fashion,50,active,
bambi-yatak,Bambi Yatak,[],home,,lifestyle,50,active,
bershka,BERSHKA,"[""BERSHKA""]",fashion,,fashion,50,active,
bilt,BILT,"[""BILT""]",fashion,,fashion,50,active,
bornova-optik,BORNOVA OPTİK,"[""BORNOVA OPTİK""]",eyewear,,lifestyle,50,active,
brandeyes-optik,BRANDEYES OPTİK,"[""BRANDEYES OPTİK""]",eyewear,,lifestyle,50,active,
can-kardesler-kuruyemis,CAN KARDEŞLER KURUYEMİŞ,"[""CAN KARDEŞLER KURUYEMİŞ""]",food,,lifestyle,50,active,
cepax,CEPAX,"[""CEPAX""]",electronics,,lifestyle,50,active,
ceran-saat,CERAN SAAT,"[""CERAN SAAT""]",jewelry-watches,,fashion,50,active,
chima,CHIMA,"[""CHIMA""]",fashion,,fashion,50,active,
cilek-konsept,ÇİLEK KONSEPT,"[""ÇİLEK KONSEPT""]",home,,lifestyle,50,active,
d-and-r,D&R,"[""D&R""]",books-stationery,,lifestyle,50,active,
d-diamond,D DIAMOND,"[""D DIAMOND""]",jewelry-watches,,fashion,50,active,
david-walker,DAVID WALKER,"[""DAVID WALKER""]",beauty,,lifestyle,50,active,
desa,DESA,"[""DESA""]",shoes-bags,,fashion,50,active,
dukkan-leyla,DÜKKAN LEYLA,"[""DÜKKAN LEYLA""]",fashion,,fashion,50,active,
ecrou,ECROU,"[""ECROU""]",fashion,,fashion,50,active,
elit-optik,ELİT OPTİK,"[""ELİT OPTİK""]",eyewear,,lifestyle,50,active,
emo-optik,EMO OPTİK,"[""EMO OPTİK""]",eyewear,,lifestyle,50,active,
enplus,ENPLUS,"[""ENPLUS""]",home,,lifestyle,50,active,
addax,Addax,[],fashion,,fashion,50,active,
arifoglu,Arifoğlu,"[""ARIFOGLU""]",food,,lifestyle,50,active,
asra-pirlanta,Asra Pırlanta,[],jewelry-watches,,premium,50,active,
be-parfum,BE Parfum,"[""B&E PERFUMUM"",""BE Parfüm""]",beauty,,lifestyle,50,active,
bebeto,Bebeto,[],food,,lifestyle,50,active,
bella-maison,Bella Maison,[],home,,lifestyle,50,active,
bilik-deri,Bilik Deri,[],shoes-bags,,fashion,50,active,
bisse,Bisse,[],fashion,,fashion,50,active,
bluemint,Bluemint,[],fashion,,fashion,50,active,
bottega,Bottega,[],fashion,,fashion,50,active,
broche,Broche,[],fashion,,fashion,50,active,
deniz-kabugu,Deniz Kabuğu,[],accessories,,lifestyle,50,active,
deriden,Deriden,[],shoes-bags,,fashion,50,active,
derinet,Derinet,[],shoes-bags,,fashion,50,active,
elegance-optik,Elegance Optik,[],eyewear,,lifestyle,50,active,
esref-saati,Eşref Saati,[],jewelry-watches,,premium,50,active,
afilli-cezvem,Afilli Cezve'm,[],home,,lifestyle,50,active,
anpa-gross,Anpa Gross,[],food,,lifestyle,50,active,
armor-service,Armor Service,[],electronics,,lifestyle,50,active,
btm,BTM,[],fashion,,fashion,50,active,
caretta-caretta,Caretta Caretta,[],jewelry-watches,,premium,50,active,
cashmera,Cashmera,[],fashion,,fashion,50,active,
civil,Civil,[],children,,lifestyle,50,active,
costumen,Costumen,[],fashion,,fashion,50,active,
batik,Batik,[],fashion,,fashion,50,active,
bijulife,Bijulife,[],accessories,,lifestyle,50,active,
charmains,Charmains,[],accessories,,lifestyle,50,active,
crystalia-boutique,Crystalia Boutique,"[""Crystalia Boutıque""]",fashion,,fashion,50,active,
adl,ADL,[],fashion,,lifestyle,50,active,
adore-oyuncak,ADORE OYUNCAK,[],books-toys,,lifestyle,50,active,
bad-bear,BAD BEAR,[],fashion,,lifestyle,50,active,
baroni-diamond,Baroni Diamond,[],jewelry-watches,,lifestyle,50,active,
bonitas,BONİTAS,[],fashion,,lifestyle,50,active,
chakra,CHAKRA,[],home,,lifestyle,50,active,
choc-nette,Choc Nette,[],food-confectionery,,lifestyle,50,active,
derol,D'EROL,[],fashion,,lifestyle,50,active,
dsg-outlet,DSG OUTLET,[],fashion,,lifestyle,50,active,
efor,EFOR,[],fashion,,lifestyle,50,active,
ekol,EKOL,[],fashion,,lifestyle,50,active,
elite-supplements,Elite Supplements,[],health-beauty,,lifestyle,50,active,unknown
christian-lacroix,Christian Lacroix,[],fashion,,fashion,50,active,unknown
call-it-spring,Call It Spring,[],fashion,,fashion,50,active,unknown
basel-watch,Basel Watch,[],jewelry-watches,,lifestyle,50,active,unknown
annabelle,Annabelle,[],fashion,,fashion,50,active,unknown
1b,1B,[],fashion,,fashion,50,active,unknown
binous-lifestyle,Binous Lifestyle,[],fashion,,fashion,50,active,unknown
dr-nutrition,Dr. Nutrition,[],health-beauty,,lifestyle,50,active,unknown
eleganza-gold-and-diamonds,ELEGANZA Gold & Diamonds,[],jewelry-watches,,lifestyle,50,active,unknown
carter-and-white,Carter & White,[],fashion,,fashion,50,active,unknown
bareeze,Bareeze,[],fashion,,fashion,50,active,unknown
duozoulu,Duozoulu,[],fashion,,fashion,50,active,unknown
bath-and-body-works,Bath & Body Works,[],beauty,,lifestyle,50,active,unknown
essenzi-perfumes,Essenzi Perfumes,[],beauty,,lifestyle,50,active,unknown
eyewa,Eyewa,[],eyewear,,lifestyle,50,active,unknown
bossini,Bossini,[],fashion,,fashion,50,active,unknown
coronet,Coronet,[],fashion,,fashion,50,active,unknown
dwell,Dwell,[],homeware,,lifestyle,50,active,unknown
belucci-active,Belucci Active,[],fashion,,fashion,50,active,unknown
bauhaus,Bauhaus,[],fashion,,fashion,50,active,unknown
condotti,Condotti,[],fashion,,fashion,50,active,unknown
damas-jewellery,Damas Jewellery,[],jewelry-watches,,lifestyle,50,active,unknown
berghoff,Berghoff,[],homeware,,lifestyle,50,active,unknown
cuple,Cuple,[],fashion,,fashion,50,active,unknown
basic-baxx,Basic Baxx,[],fashion,,fashion,50,active,unknown
cannon-home,Cannon Home,[],homeware,,lifestyle,50,active,unknown
al-ejaz-perfumes,Al Ejaz Perfumes,[],beauty,,lifestyle,50,active,unknown
brands-for-less,Brands for Less,[],fashion,,fashion,50,active,unknown
bellissimo,Bellissimo,[],fashion,,fashion,50,active,unknown
comicave,Comicave,[],gifts,,lifestyle,50,active,unknown
absolute-sports,Absolute Sports,[],sportswear,,sports,50,active,unknown
all-day-minimart,All Day Minimart,[],department-store,,lifestyle,50,active,unknown
coral-perfumes,Coral Perfumes,[],beauty,,lifestyle,50,active,unknown
daiso,Daiso,[],gifts,,lifestyle,50,active,unknown
baby-smile,Baby Smile,[],kids,,lifestyle,50,active,unknown
barakat-optical,Barakat Optical,[],eyewear,,lifestyle,50,active,unknown
chic-chic,Chic Chic,[],fashion,,fashion,50,active,unknown
big-brands-perfumes,Big Brands Perfumes,[],beauty,,lifestyle,50,active,unknown
arabian-oud,Arabian Oud,[],beauty,,lifestyle,50,active,unknown
aftershock-london,Aftershock London,[],fashion,,fashion,50,active,unknown
da-milano,Da Milano,[],fashion,,fashion,50,active,unknown
al-jaber-opticals,Al Jaber Opticals,[],eyewear,,lifestyle,50,active,unknown
aster-pharmacy,Aster Pharmacy,[],health-beauty,,lifestyle,50,active,unknown
charles-and-keith,Charles & Keith,[],fashion,,fashion,50,active,unknown
babyshop,Babyshop,[],kids,,lifestyle,50,active,unknown
edgers-london,Edgers London,[],fashion,,fashion,50,active,unknown
brand-bazaar,Brand Bazaar,[],fashion,,fashion,50,active,united-arab-emirates
alessandro-dell-acqua,Alessandro Dell Acqua,[],fashion,,lifestyle,50,active,italy
binsina-pharmacy,BinSina Pharmacy,[],health-beauty,,lifestyle,50,active,united-arab-emirates
candy-hearts,Candy Hearts,[],food-confectionery,,lifestyle,50,active,unknown
aizone,Aizone,"[""Aïzone""]",fashion,,fashion,50,active,unknown
adam-et-rope,Adam et Rope,[],fashion,,,50,active,
adore,Adore,[],fashion,,,50,active,
agete,Agete,[],fashion,,,50,active,
ambush,Ambush,[],fashion,,,50,active,
amiri,Amiri,[],fashion,,,50,active,
and-per-se,And Per Se,[],fashion,,,50,active,
as-know-as,As Know As,[],fashion,,,50,active,
barneys-new-york,Barneys New York,[],fashion,,,50,active,
blue-label-black-label-crestbridge,Blue Label / Black Label Crestbridge,[],fashion,,,50,active,
bonaventura,Bonaventura,[],fashion,,,50,active,
briefing,Briefing,[],fashion,,,50,active,
canterbury,Canterbury,[],fashion,,,50,active,
casio-watch,Casio Watch,[],jewelry-watches,,,50,active,
chums,Chums,[],fashion,,,50,active,
converse-tokyo,Converse Tokyo,[],fashion,,,50,active,
cosme-kitchen-village,Cosme Kitchen Village,[],beauty,,,50,active,
cosmetics-and-designer-fragrances,Cosmetics & Designer Fragrances,[],beauty,,,50,active,
delonghi,DeLonghi,[],home-lifestyle,,,50,active,
descente-store-golf,Descente Store Golf,[],sportswear,,,50,active,
diana,Diana,[],fashion,,,50,active,
dressterior,Dressterior,[],fashion,,,50,active,
edifice,Edifice,[],fashion,,,50,active,
elendeek,Elendeek,[],fashion,,,50,active,
emmi,Emmi,[],fashion,,,50,active,
enfold,Enfold,[],fashion,,,50,active,
23ku,23Ku,[],fashion,,,50,active,
enoteca-and-cases,Enoteca & Cases,[],food-chocolate,,,50,active,
briefing-felisi,BRIEFING / Felisi,[],shoes-bags,,lifestyle,50,active,
asics-walking,asics WALKING,[],shoes-bags,,lifestyle,50,active,
anuans-eimy-istoire,anuans EIMY ISTOIRE,[],fashion,,lifestyle,50,active,
babylone-stock,BABYLONE STOCK,[],fashion,,lifestyle,50,active,
celule,Celule,[],beauty,,lifestyle,50,active,
disney-store,Disney store,[],gifts,,lifestyle,50,active,
emoda,EMODA,[],fashion,,lifestyle,50,active,
anna-sui-mini,ANNA SUI mini,[],children,,lifestyle,50,active,
avirex-depot-lhp,AVIREX DEPOT / LHP,[],fashion,,lifestyle,50,active,
epoca,EPOCA,[],fashion,,lifestyle,50,active,
cassina-ixc,Cassina ixc,[],home,,lifestyle,50,active,
edwin-something,EDWIN/SOMETHING,[],fashion,,lifestyle,50,active,
botanist,BOTANIST,"[""BOTANIST Factory""]",beauty,,lifestyle,50,active,
ca4la,CA4LA,[],accessories,,lifestyle,50,active,
estnation,ESTNATION,[],fashion,,lifestyle,50,active,
arpege-story,Arpege story,[],fashion,,lifestyle,50,active,
earth-music-and-ecology-super-prem-store-american-holic,earth music&ecology super prem store / AMERICAN HOLIC,[],fashion,,lifestyle,50,active,
ciaopanic-doudou,Ciaopanic / DOUDOU,[],fashion,,lifestyle,50,active,
carcru-stock,carcru stock,[],accessories,,lifestyle,50,active,
ahkah,AHKAH,[],jewelry-watches,,lifestyle,50,active,
dr-ci-labo,Dr.Ci:Labo,[],beauty,,lifestyle,50,active,
duo,DUO,[],beauty,,lifestyle,50,active,
anker-store,Anker Store,[],electronics,,lifestyle,50,active,
bridgestone-golf-plaza,BRIDGESTONE GOLF PLAZA,[],sportswear,,lifestyle,50,active,
bshop,Bshop,"[""Bshop OUTLET""]",fashion,,lifestyle,50,active,
b2nd,B'2nd,[],fashion,,lifestyle,50,active,
afternoon-tea-living,Afternoon Tea LIVING,[],home,,lifestyle,50,active,
coach-mens,COACH MENS,"[""Coach Men's"",""Coach Men Modern Active""]",fashion,,lifestyle,50,active,
dean-and-de-luca,DEAN & DE LUCA,[],food,,lifestyle,50,active,
alexandre-de-paris,ALEXANDRE DE PARIS,[],accessories,,lifestyle,50,active,
aoure,AOURE,[],fashion,,lifestyle,50,active,
boconcept,BoConcept,[],home,,lifestyle,50,active,
actus-soholm-cafe,ACTUS / SOHOLM CAFÉ,[],home,,lifestyle,50,active,
boso-shiki-no-kura-shunsai,Boso Shiki no Kura Shunsai,[],food,,lifestyle,50,active,
candy-a-go-go,CANDY☆A☆GO☆GO!,[],food-confectionery,,lifestyle,50,active,
alfredobannister,Alfredobannister,[],lifestyle,,lifestyle,50,active,
avirex,Avirex,[],lifestyle,,lifestyle,50,active,
capsule-toy-store-otonamo,Capsule Toy Store Otonamo,[],lifestyle,,lifestyle,50,active,
chez-toi,Chez Toi,[],lifestyle,,lifestyle,50,active,
crocodile,Crocodile,[],lifestyle,,lifestyle,50,active,
d-urban,D'urban,[],lifestyle,,lifestyle,50,active,
dc,DC,[],lifestyle,,lifestyle,50,active,
delsey-paris,Delsey Paris,[],lifestyle,,lifestyle,50,active,
designworks,Designworks,[],lifestyle,,lifestyle,50,active,
dou-dou,Dou Dou,[],lifestyle,,lifestyle,50,active,
evisu,Evisu,[],lifestyle,,lifestyle,50,active,
eyevan,Eyevan,[],lifestyle,,lifestyle,50,active,
aimer,AIMER,[],fashion,,fashion,60,active,
anine-bing,ANINE BING,[],fashion,,fashion,60,active,
apm-monaco,APM MONACO,[],jewelry-watches,,fashion,60,active,
bosideng,Bosideng,[],fashion,,fashion,60,active,
chj-jewellery,CHJ JEWELLERY,[],jewelry-watches,,fashion,60,active,
chloechen,CHLOECHEN,[],fashion,,fashion,60,active,
christofle,Christofle,[],homeware,,fashion,60,active,
croquis,Croquis,[],fashion,,fashion,60,active,
curiel,Curiel,[],fashion,,fashion,60,active,
dan-nong,DĀN NÓNG,[],fashion,,fashion,60,active,
dazzle,DAZZLE,[],fashion,,fashion,60,active,
documents,DOCUMENTS,[],fashion,,fashion,60,active,
edition,Edition,[],fashion,,fashion,60,active,
eland,ELAND,[],fashion,,fashion,60,active,
erdos,ERDOS,[],fashion,,fashion,60,active,
exception,EXCEPTION,[],fashion,,fashion,60,active,
13de-marzo,13DE MARZO,[],fashion,,fashion,60,active,
1436,1436,[],fashion,,fashion,60,active,
big-brand-bazaar,Big Brand Bazaar,"[""BBZ""]",fashion,,lifestyle,58,active,
6ixty8ight,6IXTY8IGHT,"[""6ixty 8ight"",""6ixty8ight""]",fashion,,fashion,72,active,
alice-olivia,Alice + Olivia,"[""Alice and Olivia""]",fashion,,premium,82,active,united-states
ashworth,Ashworth,[],sportswear,,sports,70,active,united-states
bora-aksu,BORA AKSU,"[""Bora Aksu""]",fashion,,premium,78,active,united-kingdom
casetify,CASETiFY,"[""Casetify""]",electronics,,lifestyle,76,active,
chow-sang-sang,Chow Sang Sang,[],jewelry-watches,,premium,80,active,hong-kong
chow-tai-fook,CHOW TAI FOOK,"[""Chow Tai Fook""]",jewelry-watches,,premium,84,active,hong-kong
dickies,Dickies,[],fashion,,lifestyle,72,active,united-states
adabat,Adabat,[],sports,,sports,60,active,
airweave,Airweave,[],lifestyle,,lifestyle,60,active,
american-holic,American Holic,[],fashion,,fashion,60,active,
azul-by-moussy,Azul by Moussy,[],fashion,,fashion,60,active,
barnyardstorm,Barnyardstorm,[],fashion,,fashion,60,active,
bayflow,Bayflow,[],fashion,,fashion,60,active,
c-pla-premium,#C-pla Premium,[],lifestyle,,lifestyle,60,active,
cobra-puma-golf,Cobra Puma Golf,[],sports,,sports,60,active,
colony-2139,Colony 2139,[],fashion,,fashion,60,active,
craft-standard-boutique,Craft Standard Boutique,[],fashion,,fashion,60,active,
danner,Danner,[],fashion,,fashion,60,active,
dog-dept,Dog Dept,[],lifestyle,,lifestyle,60,active,
ete,Ete,[],fashion,,fashion,60,active,
actus,Actus,[],lifestyle,,lifestyle,60,active,
barclay-plus,Barclay +,[],fashion,,fashion,60,active,
arknets,Arknets,"[""ARKnets""]",fashion,,,60,active,
albedo,ALBEDO,[],shoes-bags,,fashion,50,active,unknown
alphakid,ALPHAKID,[],toys,,lifestyle,50,active,unknown
anta,ANTA,"[""anta""]",sportswear,,sports,50,active,unknown
arrow,ARROW,[],fashion,,fashion,50,active,unknown
b-me-by-wacoal,B’ME BY WACOAL,[],fashion,,fashion,50,active,unknown
body-glove,Body Glove,"[""BODY GLOVE""]",sportswear,,sports,50,active,unknown
bp-world,BP WORLD,[],travel,,lifestyle,50,active,unknown
brandzale,BRANDZALE,"[""brandzale""]",shoes-bags,,fashion,50,active,unknown
bsc-lingerie,BSC LINGERIE,[],fashion,,fashion,50,active,unknown
carnival,CARNIVAL,"[""carnival""]",sportswear,,sports,50,active,unknown
diane-von-furstenberg,Diane von Furstenberg,"[""DVF"",""DVF - DIANE VON FURSTENBERG"",""DVF DIANE VON FURSTENBERG""]",fashion,,premium,50,active,unknown
dosh,DOSH,"[""dosh""]",fashion,,fashion,50,active,unknown
element-72,ELEMENT 72,"[""element72""]",outdoor,,lifestyle,50,active,unknown
era-won,ERA WON,"[""erawon""]",fashion,,fashion,50,active,unknown
eveandboy,EVEANDBOY,[],beauty,,lifestyle,50,active,unknown
aape,AAPE,[],fashion,,fashion,50,active,
adidas-outlet-store-location-2,adidas Outlet Store (Location 2),[],fashion,,fashion,50,active,
agabang-flex,Agabang Flex,[],fashion,,fashion,50,active,
akemi-outlet,Akemi Outlet,[],lifestyle,,lifestyle,50,active,
and-z,And Z,[],fashion,,fashion,50,active,
and-z-by-zio-zia,And Z by Zio Zia,[],fashion,,fashion,50,active,
andar,ANDAR,[],sports,,sports,50,active,
anta-kids,ANTA Kids,[],fashion,,fashion,50,active,
auntie-annes-p,Auntie Anne's(P),[],fashion,,fashion,50,active,
b-space-outlet,b.space OUTLET,[],fashion,,fashion,50,active,
ball-watch,BALL WATCH,[],fashion,,fashion,50,active,
barrel,Barrel,[],sports,,sports,50,active,
bbc-earth,BBC Earth,[],sports,,sports,50,active,
beauty-scents,Beauty Scents,[],lifestyle,,lifestyle,50,active,
bebe-de-pino,Bebe de Pino,[],fashion,,fashion,50,active,
benebene,BeneBene,[],fashion,,fashion,50,active,
benetton-kids,Benetton Kids,[],fashion,,fashion,50,active,
best-kacang-putih,Best Kacang Putih,[],lifestyle,,lifestyle,50,active,
best-kacang-putih-location-2,Best Kacang Putih (Location 2),[],lifestyle,,lifestyle,50,active,
birkenstock-sup-sup,BIRKENSTOCK<sup>®</sup>,[],fashion,,fashion,50,active,
boldest,Boldest,[],sports,,sports,50,active,
bonia,Bonia,[],fashion,,fashion,50,active,
brompton-london,Brompton London,[],sports,,sports,50,active,
brown-breath,Brown Breath,[],fashion,,fashion,50,active,
c-p-company-coevo,C.P.Company/Coevo,[],fashion,,fashion,50,active,
carlo-rino,Carlo Rino,[],fashion,,fashion,50,active,
casamia,CASAMIA,"[""Casamia""]",lifestyle,,lifestyle,50,active,
cc-collect,CC collect,[],fashion,,fashion,50,active,
champion-kids-cafe,Champion(Kids Cafe),[],fashion,,fashion,50,active,
city-breeze,City Breeze,[],fashion,,fashion,50,active,
city-chain,City Chain,[],fashion,,fashion,50,active,
cleveland-golf,CLEVELAND GOLF,[],sports,,sports,50,active,
code-graphy,Code Graphy,[],fashion,,fashion,50,active,
codegraphy,Codegraphy,[],fashion,,fashion,50,active,
cometa-lux,COMETA LUX,[],luxury,,luxury,50,active,
converse-by-you,Converse By You,[],sports,,sports,50,active,
cotton-on,Cotton On,[],fashion,,fashion,50,active,
cotton-on-body,Cotton On Body,[],fashion,,fashion,50,active,
cotton-on-kids,Cotton On Kids,[],fashion,,fashion,50,active,
cozynest,Cozynest,[],lifestyle,,lifestyle,50,active,
d-o-d,D.O.D,[],sports,,sports,50,active,
daks-acc,DAKS ACC,[],fashion,,fashion,50,active,
deco,DECO,[],fashion,,fashion,50,active,
della-lana,DELLA LANA,[],fashion,,fashion,50,active,
demoo,Demoo,[],fashion,,fashion,50,active,
ee-place,EE PLACE,[],fashion,,fashion,50,active,
emart24,Emart24,[],fashion,,fashion,50,active,
enfance,Enfance,[],fashion,,fashion,50,active,
ettoi,Ettoi,[],fashion,,fashion,50,active,
eye-avenue-pes,Eye Avenue(PES),[],fashion,,fashion,50,active,
gaudi-uomo,Gaudì Uomo,[],fashion,,fashion,60,active,italy
genius,Genius,[],fashion,,fashion,60,active,italy
hanita,Hanita,[],fashion,,fashion,60,active,italy
fleetwood-garden-world,Fleetwood Garden World,[],home,,lifestyle,45,active,united-kingdom
home-bargains,Home Bargains,[],home,,lifestyle,60,active,united-kingdom
faberge,Faberge,"[""Faberge""]",jewelry,,luxury,90,active,
fabiana-filippi,Fabiana Filippi,"[""FabianaFilippi""]",fashion,,luxury,82,active,italy
fabienne-chapot,Fabienne Chapot,"[""FabienneChapot""]",fashion,,fashion,70,active,netherlands
fabletics,Fabletics,[],sportswear,,sports,76,active,united-states
fablu,Fablu,[],fashion,,fashion,50,active,
facis,Facis,[],fashion,,fashion,60,active,
falconeri,Falconeri,[],fashion,,premium,70,active,italy
falke,FALKE,"[""Falke""]",fashion,,premium,76,active,germany
familia-optica,Familia Optica,[],eyewear,,lifestyle,50,active,lithuania
familon,Familon,"[""Familon Brand Store""]",home,,lifestyle,58,active,finland
famous-footwear,Famous Footwear,"[""Famous Footwear Outlet"",""FamousFootwear"",""FamousFootwearOutlet""]",shoes-bags,,lifestyle,72,active,united-states
famous-store,Famous Store,"[""FamousStore""]",fashion,,lifestyle,55,active,united-kingdom
fantastica,Fantastica,[],food-confectionery,,lifestyle,55,active,united-kingdom
farinella,Farinella,[],food,,lifestyle,60,active,
farrutx,Farrutx,[],fashion,,premium,60,active,spain
fashion-and-friends-xyz,Fashion&Friends / XYZ,"[""Fashion & Friends"",""Fashion and Friends"",""Fashion&Friends"",""XYZ""]",fashion,,fashion,68,active,serbia
fatface,FatFace,[],fashion,,lifestyle,60,active,united-kingdom
faconnable,Façonnable,"[""Faconnable""]",fashion,,premium,78,active,france
fc-bayern-munchen,FC Bayern München,"[""FC Bayern Munchen"",""FCBayernMunchen""]",fashion,,fashion,70,active,
feltrinelli-librerie,Feltrinelli Librerie,"[""Feltrinelli""]",books-stationery,,lifestyle,65,active,italy
fendi,Fendi,[],luxury,,luxury,96,active,italy
feratt-fashion,Feratt Fashion,"[""FERATT FASHION"",""Feratt""]",fashion,,fashion,56,active,czech-republic
ferragamo,Ferragamo,"[""Salvatore Ferragamo"",""SalvatoreFerragamo""]",luxury,,luxury,94,active,italy
ferrari,Ferrari,"[""Ferrari Store"",""FerrariStore""]",fashion,,premium,78,active,italy
festina-group,Festina Group,[],fashion,,fashion,50,active,
fifth-house,FIFTH HOUSE,"[""Fifth House""]",fashion,,fashion,62,active,netherlands
fifty-outlet,Fifty Outlet,[],fashion,,fashion,50,active,
figaret,Figaret,[],fashion,,premium,70,active,france
fila,FILA,"[""Fila""]",sportswear,,sports,84,active,italy
filippa-k,Filippa K,"[""FilippaK"",""Filippa K Outlet""]",fashion,,premium,76,active,sweden
find-kapoor,Find Kapoor,"[""FIND KAPOOR"",""FindKapoor"",""FINDKAPOOR""]",shoes-bags,,fashion,68,active,south-korea
finlayson,Finlayson,[],home,,lifestyle,60,active,finland
finsbury,Finsbury,[],shoes-bags,,premium,70,active,france
fiorella-rubino,Fiorella Rubino,"[""Fiorella Rubino"",""FiorellaRubino""]",fashion,,fashion,60,active,
fissler,Fissler,[],home,,premium,76,active,germany
fjallraven,Fjällräven,"[""Fjallraven""]",sportswear,,premium,80,active,sweden
flabelus,Flabelus,[],shoes-bags,,premium,70,active,spain
flannels,Flannels,[],fashion,,premium,80,active,united-kingdom
flavio-castellani,Flavio Castellani,"[""FlavioCastellani""]",fashion,,fashion,60,active,
flik-flak,Flik Flak,"[""FlikFlak""]",jewelry-watches,,fashion,66,active,switzerland
florencia,Florencia,[],fashion,,fashion,50,active,
floris-van-bommel,Floris van Bommel,"[""FlorisvanBommel""]",shoes-bags,,fashion,70,active,netherlands
floyy,Floyy,[],fashion,,lifestyle,50,active,lithuania
follestad,Follestad,"[""Follestad Outlet""]",fashion,,premium,62,active,norway
folli-follie,Folli Follie,"[""FolliFollie""]",jewelry-watches,,fashion,66,active,greece
foot-locker,Foot Locker,"[""FootLocker""]",sportswear,,sports,82,active,united-states
forever-21,Forever 21,"[""Forever21""]",fashion,,fashion,78,active,united-states
fortnum-and-mason,Fortnum & Mason,"[""Fortnum and Mason"",""Fortnum Mason"",""FortnumMason"",""FortnumandMason""]",food-confectionery,,premium,84,active,united-kingdom
fortwenger,FORTWENGER,[],food-confectionery,,fashion,60,active,unknown
fossier,Fossier,[],food,,lifestyle,70,active,france
fossil,Fossil,[],jewelry-watches,,fashion,82,active,united-states
four,FOUR,[],fashion,,fashion,55,active,netherlands
fox,Fox,"[""FOX""]",fashion,,lifestyle,55,active,
fracomina,Fracomina,[],fashion,,fashion,70,active,italy
francescas,Francesca’s,"[""Francesca's"",""francesca’s"",""Francesca s"",""Francescas"",""francesca's"",""francesca s"",""francescas""]",fashion,,fashion,68,active,united-states
francfranc,Francfranc,[],home,,fashion,74,active,japan
frankie-garage,FRANKIE GARAGE,[],fashion,,fashion,50,active,
fratelli-petridi,Fratelli Petridi,"[""Fratelli Petridi""]",shoes-bags,,fashion,60,active,greece
fratelli-rossetti,Fratelli Rossetti,"[""FratelliRossetti""]",shoes-bags,,luxury,82,active,italy
freaks-store,FREAK'S STORE,"[""Freak's Store"",""FREAK’S STORE"",""FREAK S STORE"",""FREAKSSTORE"",""Freak’s Store"",""Freak s Store"",""FreaksStore""]",fashion,,premium,74,active,japan
fred-mello,Fred Mello,"[""FredMello""]",fashion,,fashion,60,active,
fred-perry,Fred Perry,"[""FredPerry""]",fashion,,premium,82,active,united-kingdom
freddy,Freddy,"[""Freddy""]",fashion,,fashion,60,active,
free-people,Free People,"[""FreePeople""]",fashion,,premium,82,active,united-states
free-shop-1,Free Shop 1,"[""Free Shop 1"",""FreeShop1""]",fashion,,fashion,60,active,
free-shop-2,Free Shop 2,"[""Free Shop 2"",""FreeShop2""]",fashion,,fashion,60,active,
free-shop-perfumes-cosmetics,Free Shop Perfumes & Cosmetics,"[""Free Shop Perfumes & Cosmetics"",""Free Shop Perfumes and Cosmetics"",""Free Shop Perfumes Cosmetics""]",fashion,,fashion,60,active,
freitag,Freitag,"[""Freitag""]",fashion,,fashion,60,active,
french-connection,French Connection,"[""FCUK"",""FrenchConnection""]",fashion,,premium,72,active,united-kingdom
frette,Frette,[],home,,luxury,82,active,italy
frey-wille,Frey Wille,"[""FREYWILLE"",""FreyWille""]",jewelry-watches,,luxury,78,active,austria
freywille,FreyWille,"[""Frey Wille""]",jewelry-watches,,premium,74,active,austria
frederique-constant,Frédérique Constant,"[""Frederique Constant"",""FrederiqueConstant""]",jewelry-watches,,luxury,78,active,switzerland
fukuske,Fukuske,"[""Fukuske Outlet"",""FukuskeOutlet""]",fashion,,lifestyle,66,active,japan
funplay-outlet-militari,FunPlay Outlet Militari,"[""FunPlay""]",services,,fashion,50,active,unknown
furla,Furla,[],shoes-bags,,premium,88,active,italy
fursac,Fursac,[],fashion,,premium,70,active,france
fusalp,Fusalp,[],fashion,,premium,70,active,france
g-star,G-Star,"[""G Star"",""GStar""]",fashion,,premium,70,active,netherlands
g-star-raw,G-Star RAW,"[""G-Star"",""G Star Raw"",""G Star RAW"",""GStarRAW"",""G Star"",""GStar"",""GStarRaw""]",fashion,,premium,84,active,netherlands
g-k-mayer,G. K. Mayer,"[""G K Mayer"",""GKMayer""]",fashion,,fashion,60,active,unknown
g-h-bass,G.H. Bass,"[""GH Bass"",""Bass"",""G H Bass"",""GHBass""]",shoes-bags,,lifestyle,74,active,united-states
g-k-mayer-shoes,G.K. Mayer Shoes,"[""G K Mayer Shoes"",""GKMayerShoes""]",shoes-bags,,fashion,70,active,germany
gaastra,Gaastra,[],fashion,,premium,70,active,
gabel,Gabel,[],home,,fashion,50,active,
gabel-casa,GABEL CASA,[],fashion,,fashion,50,active,
gabor,Gabor,"[""Gabor""]",shoes-bags,,premium,72,active,
galeries-lafayette-outlet,Galeries Lafayette L'Outlet,"[""Galeries Lafayette Outlet""]",department-store,,premium,78,active,france
gallo,Gallo,[],fashion,,premium,68,active,italy
game,GAME,"[""Game""]",electronics,,lifestyle,60,active,united-kingdom
gap-kids,GAP Kids,"[""Gap Kids""]",kids,,lifestyle,70,active,united-states
ganni,Ganni,[],fashion,,premium,80,active,denmark
gant,GANT,"[""Gant"",""GANT Man"",""GANT Woman""]",fashion,,premium,82,active,united-states
gap,GAP,"[""Gap"",""Gap Factory"",""Gap Outlet"",""GapFactory"",""GapOutlet""]",fashion,,lifestyle,84,active,united-states
garage,Garage,[],fashion,,fashion,70,active,canada
garcia,Garcia,[],fashion,,lifestyle,70,active,netherlands
garnier-thiebaut,Garnier-Thiebaut,"[""Garnier Thiebaut"",""GarnierThiebaut""]",home,,premium,70,active,france
gas,Gas,"[""GAS Jeans"",""GASJeans""]",fashion,,fashion,70,active,italy
gatta,Gatta,"[""Gatta"",""Gatta"",""Gatta Outlet""]",fashion,,fashion,60,active,poland
gaudi,Gaudì,"[""Gaudi""]",fashion,,fashion,60,active,
gazzarrini,Gazzarrini,[],fashion,,premium,68,active,italy
gelato-pique,gelato pique,"[""Gelato Pique"",""gelatopique"",""GelatoPique""]",fashion,,premium,76,active,japan
general-store,GENERAL STORE,[],fashion,,fashion,50,active,
general-store-usa,General Store USA,[],fashion,,fashion,50,active,
genten,genten,"[""Genten""]",shoes-bags,,premium,72,active,japan
gentiluomo,Gentiluomo,[],fashion,,fashion,70,active,netherlands
gentle-monster,Gentle Monster,"[""GentleMonster""]",shoes-bags,,premium,82,active,south-korea
geox,Geox,[],shoes-bags,,lifestyle,86,active,italy
gerry-st-tropez,Gerry St. Tropez,"[""Gerry St Tropez"",""GerryStTropez""]",fashion,,premium,70,active,
gerry-st-weber,Gerry St. Weber,"[""Gerry Weber"",""Gerry St Weber"",""GerryStWeber"",""GerryWeber""]",fashion,,fashion,72,active,germany
gerry-weber,Gerry Weber,"[""GerryWeber""]",fashion,,premium,70,active,
gertrude,Gertrude,[],fashion,,premium,70,active,france
giacomo-conti,Giacomo Conti,"[""Giacomo Conti"",""GiacomoConti"",""Giacomo Conti Outlet""]",fashion,,fashion,60,active,poland
gianvito-rossi,Gianvito Rossi,"[""GianvitoRossi""]",shoes-bags,,luxury,84,active,italy
giesswein,Giesswein,[],shoes-bags,,premium,70,active,austria
gift-company,Gift Company,"[""GiftCompany""]",accessories,,lifestyle,58,active,united-kingdom
gina,Gina,"[""Gina Shoes"",""GinaShoes""]",shoes-bags,,luxury,76,active,united-kingdom
gina-tricot,Gina Tricot,"[""GinaTricot"",""Gina Tricot Outlet""]",fashion,,fashion,68,active,sweden
giordano,Giordano,[],fashion,,lifestyle,74,active,china
gioseppo,Gioseppo,[],fashion,,fashion,60,active,spain
giunti-al-punto,Giunti al Punto,[],fashion,,fashion,50,active,
giunti-al-punto-librerie,Giunti al Punto Librerie,[],books-toys,,lifestyle,60,active,
giuseppe-zanotti,Giuseppe Zanotti,"[""GiuseppeZanotti""]",shoes-bags,,luxury,86,active,italy
given,Given,[],fashion,,lifestyle,50,active,lithuania
givenchy,Givenchy,[],luxury,,luxury,94,active,france
givenchy-kids,Givenchy Kids,"[""GivenchyKids""]",children,,luxury,78,active,france
glitter,Glitter,"[""Glitter Accessories"",""Glitter Outlet"",""Glitter Store""]",jewelry-watches,,fashion,66,active,sweden
global-work,Global Work,"[""GLOBAL WORK"",""GlobalWork"",""GLOBALWORK""]",fashion,,fashion,72,active,japan
gnc,GNC,"[""General Nutrition Centers""]",home,,lifestyle,72,active,united-states
gobik,Gobik,[],sportswear,,sports,66,active,spain
godiva,Godiva,[],food-confectionery,,premium,80,active,belgium
golden-bear,Golden Bear,"[""GoldenBear""]",fashion,,lifestyle,68,active,japan
golden-goose,Golden Goose,"[""GoldenGoose""]",shoes-bags,,luxury,86,active,italy
golf-apparel-shop,Golf Apparel Shop,"[""Golf Apparel Shop Outlet""]",sportswear,,fashion,50,active,united-kingdom
goldenpoint,Goldenpoint,[],fashion,,fashion,70,active,italy
goldenpoint-outlet,GOLDENPOINT OUTLET,[],fashion,,fashion,50,active,
goldwin,Goldwin,[],sportswear,,premium,78,active,japan
golf-5,Golf 5,"[""Golf5""]",sportswear,,sports,68,active,japan
golf-apparel,Golf Apparel,"[""GolfApparel""]",sportswear,,lifestyle,64,active,united-kingdom
gong-cha,Gong Cha,"[""GongCha""]",food-confectionery,,lifestyle,66,active,taiwan
graniph,Graniph,"[""Design Tshirts Store Graniph""]",fashion,,lifestyle,70,active,japan
grape-tree,Grape Tree,"[""GrapeTree""]",food,,lifestyle,60,active,united-kingdom
green-parks,Green Parks,"[""GreenParks""]",fashion,,fashion,68,active,japan
grybai,Grybai,[],food-chocolate,,lifestyle,50,active,lithuania
gs-sport,GS Sport,"[""GS SPORT""]",fashion,,fashion,50,active,
gucci,Gucci,[],luxury,,luxury,98,active,italy
greno,Greno,[],home,,lifestyle,60,active,poland
guerlain,Guerlain,[],beauty,,luxury,88,active,france
guess,Guess,"[""GUESS"",""GUESS Factory"",""GUESS Kids"",""GUESSFactory""]",fashion,,premium,88,active,united-states
guess-accessoire,Guess Accessoire,"[""GuessAccessoire""]",fashion,,fashion,60,active,unknown
guess-accessoires,GUESS ACCESSOIRES,[],fashion,,fashion,60,active,unknown
guess-accessories,Guess Accessories,"[""GUESS Accessories"",""GuessAccessories""]",accessories,,fashion,60,active,
guess-kids,Guess Kids,"[""GUESS Kids"",""GuessKids"",""GUESSKids""]",children,,fashion,70,active,united-states
guess-men,Guess Men,"[""GuessMen""]",fashion,,fashion,72,active,united-states
gutteridge,Gutteridge,[],fashion,,premium,72,active,italy
gutteridge-accessories,Gutteridge Accessories,[],accessories,,fashion,66,active,italy
gymshark,Gymshark,[],sportswear,,sports,78,active,united-kingdom
gerard-darel,Gérard Darel,"[""Gerard Darel"",""GerardDarel""]",fashion,,premium,76,active,france
h-and-m,H&M,"[""H and M"",""Hennes & Mauritz"",""Hennes and Mauritz"",""HM"",""H&M Outlet""]",fashion,,lifestyle,90,active,sweden
h-samuel,H.Samuel,"[""H Samuel"",""HSamuel""]",jewelry-watches,,lifestyle,60,active,united-kingdom
hackett,Hackett,"[""Hackett London"",""HackettLondon""]",fashion,,premium,82,active,united-kingdom
hackett-london,Hackett London,"[""HackettLondon""]",fashion,,premium,70,active,united-kingdom
haggar,Haggar,"[""Haggar Clothing Co."",""Haggar Clothing Co"",""HaggarClothingCo""]",fashion,,lifestyle,74,active,united-states
haglofs,Haglöfs,"[""Haglofs""]",sportswear,,premium,78,active,sweden
hair-point,Hair Point,[],beauty,,lifestyle,50,active,poland
halfprice,HalfPrice,"[""Half Price""]",fashion,,fashion,60,active,unknown
hallmark,Hallmark,[],accessories,,lifestyle,70,active,united-states
halonen,Halonen,"[""Halonen Outlet"",""Halonen Fashion"",""Muoti Halonen""]",fashion,,lifestyle,68,active,finland
halus,Halus,[],fashion,,lifestyle,50,active,lithuania
hamericas,Hamerica's,"[""Hamerica’s"",""Hamerica s"",""Hamericas""]",food,,lifestyle,60,active,
hamilton,Hamilton,[],fashion,,fashion,60,active,unknown
hanes,Hanes,[],fashion,,lifestyle,76,active,united-states
hannah,Hannah,"[""HANNAH""]",sportswear,,sports,58,active,czech-republic
hanro,Hanro,[],fashion,,premium,74,active,switzerland
happy-socks,Happy Socks,"[""Happy Socks""]",accessories,,fashion,60,active,greece
haribo,HARIBO,"[""Haribo""]",food-confectionery,,lifestyle,74,active,germany
harmont-and-blaine,Harmont & Blaine,"[""Harmont and Blaine"",""Harmont Blaine"",""HarmontBlaine"",""HarmontandBlaine""]",fashion,,premium,80,active,italy
harmont-and-blaine-junior,Harmont & Blaine Junior,"[""Harmont & Blaine Junior"",""Harmont and Blaine Junior"",""Harmont Blaine Junior"",""HarmontBlaineJunior""]",fashion,,fashion,60,active,
harry,Harry,[],fashion,,fashion,60,active,spain
hartmann,Hartmann,[],shoes-bags,,premium,72,active,united-states
hatley,Hatley,[],fashion,,lifestyle,62,active,canada
havaianas,Havaianas,[],shoes-bags,,lifestyle,82,active,brazil
hawkers,Hawkers,[],eyewear,,lifestyle,70,active,spain
hays-travel,Hays Travel,"[""HaysTravel""]",travel,,lifestyle,60,active,united-kingdom
hazzys,Hazzys,"[""HAZZYS""]",fashion,,premium,76,active,south-korea
hc-pro-outlet,HC Pro Outlet,[],fashion,,fashion,60,active,unknown
heavy-tools,Heavy Tools,"[""HEAVY TOOLS""]",fashion,,lifestyle,56,active,hungary
hechter-paris,Hechter Paris,"[""HechterParis""]",fashion,,fashion,60,active,unknown
helly-hansen,Helly Hansen,"[""HH"",""HellyHansen""]",sportswear,,premium,82,active,norway
helzberg-diamonds,Helzberg Diamonds,"[""Helzberg"",""HelzbergDiamonds""]",jewelry-watches,,premium,76,active,united-states
henri-lloyd,Henri Lloyd,"[""HenriLloyd""]",fashion,,premium,70,active,united-kingdom
henry-cottons,Henry Cotton’s,"[""Henry Cotton's"",""Henry Cotton s"",""HenryCottons""]",fashion,,premium,72,active,united-kingdom
henry-richards,Henry Richards,"[""HenryRichards""]",fashion,,lifestyle,50,active,united-kingdom
heritage,Heritage,"[""Héritage""]",luxury,,luxury,62,active,france
hermitage,Hermitage,[],fashion,,fashion,60,active,
herno,Herno,[],fashion,,luxury,84,active,italy
herschel,Herschel,"[""Herschel Supply Co."",""Herschel Supply Co"",""HerschelSupplyCo""]",shoes-bags,,lifestyle,78,active,canada
hervis,Hervis,"[""Hervis Sports"",""Hervis Sport""]",sportswear,,lifestyle,66,active,austria
heschung,Heschung,[],shoes-bags,,premium,64,active,france
hickey-freeman,Hickey Freeman,"[""HickeyFreeman""]",fashion,,premium,72,active,united-states
himalaya,Himalaya,[],outdoor,,fashion,50,active,unknown
himountain,HiMountain,"[""Hi Mountain""]",outdoor,,sports,58,active,poland
hispanitas,Hispanitas,[],fashion,,fashion,50,active,
hobbs,Hobbs,[],fashion,,premium,74,active,united-kingdom
hobbs-london,Hobbs London,"[""Hobbs"",""HobbsLondon""]",fashion,,premium,78,active,united-kingdom
hoff,HOFF,[],fashion,,fashion,60,active,unknown
hogan,Hogan,[],shoes-bags,,luxury,86,active,italy
hogan-at-tods,Hogan at Tod's,"[""Hogan at Tods"",""Hogan"",""Hogan at Tod’s"",""Hogan at Tod s"",""HoganatTods""]",shoes-bags,,premium,78,active,italy
hoka,HOKA,"[""Hoka""]",sportswear,,premium,82,active,france
holland-and-barrett,Holland & Barrett,"[""Holland and Barrett"",""Holland Barrett"",""HollandBarrett"",""HollandandBarrett""]",beauty,,lifestyle,72,active,united-kingdom
holland-cooper,Holland Cooper,"[""HollandCooper""]",fashion,,premium,76,active,united-kingdom
hollister,Hollister,"[""Hollister Co."",""Hollister Co"",""HollisterCo""]",fashion,,lifestyle,80,active,united-states
home-and-cook,Home & Cook,"[""Home and Cook"",""Home Cook"",""HomeCook""]",home,,lifestyle,60,active,
honeys,Honeys,[],fashion,,fashion,68,active,japan
hotel-chocolat,Hotel Chocolat,"[""HotelChocolat""]",food,,premium,74,active,united-kingdom
hour-passion,Hour Passion,"[""HourPassion""]",jewelry-watches,,premium,82,active,switzerland
house-of-cavani,House of Cavani,"[""HouseofCavani""]",fashion,,lifestyle,60,active,united-kingdom
house-of-tweed,House of Tweed,"[""HouseofTweed""]",fashion,,lifestyle,50,active,united-kingdom
hublot-mode-marine,Hublot Mode Marine,"[""HublotModeMarine""]",fashion,,lifestyle,70,active,france
hugo,HUGO,"[""Hugo Boss HUGO"",""HugoBossHUGO"",""Hugo Boss"",""Hugo""]",fashion,,premium,86,active,germany
hugo-boss,Hugo Boss,"[""Hugo Boss""]",fashion,,premium,72,active,
hugo-kids,HUGO Kids,"[""HUGOKids""]",children,,premium,70,active,germany
human-woman,Human Woman,"[""HUMAN WOMAN"",""HumanWoman"",""HUMANWOMAN""]",fashion,,premium,70,active,japan
hummel,Hummel,[],sportswear,,fashion,70,active,denmark
hunkemoller,Hunkemöller,"[""Hunkemoller""]",fashion,,fashion,78,active,netherlands
hunter,Hunter,"[""Hunter Boots"",""HunterBoots""]",shoes-bags,,premium,76,active,united-kingdom
hurley,Hurley,[],sportswear,,sports,78,active,united-states
hush-puppies,Hush Puppies,"[""HushPuppies""]",shoes-bags,,lifestyle,76,active,united-states
haagen-dazs,Häagen-Dazs,"[""Haagen-Dazs"",""Häagen Dazs"",""Haagen Dazs"",""HaagenDazs""]",food-confectionery,,premium,74,active,united-states
heydude,HEYDUDE,"[""HEY DUDE"",""Hey Dude""]",shoes-bags,,lifestyle,70,active,italy
hogl,Högl,"[""Hoegl"",""Hogl""]",shoes-bags,,premium,76,active,austria
hoyer,Høyer,"[""Hoyer"",""Høyer Outlet"",""Hoyer Outlet""]",fashion,,premium,62,active,norway
iblues,iBlues,"[""iBlues""]",fashion,,fashion,62,active,
iceberg,Iceberg,[],fashion,,premium,80,active,italy
icebreaker,Icebreaker,"[""Icebreaker""]",fashion,,fashion,60,active,
iciberlin,iciBerlin,"[""iciBerlin""]",eyewear,,lifestyle,62,active,
iconic-beauty,Iconic Beauty,[],beauty,,fashion,50,active,unknown
icons-hair-nails,Icons Hair & Nails,"[""Icons Hair and Nails""]",beauty,,fashion,60,active,greece
ido,iDO,"[""IDO""]",fashion,,fashion,50,active,
iena,IENA,"[""Iena""]",fashion,,premium,74,active,japan
iittala,Iittala,[],home,,premium,78,active,finland
ikea,IKEA,[],home,,lifestyle,60,active,sweden
ikks,IKKS,[],fashion,,premium,70,active,france
il-bisonte,Il Bisonte,"[""IlBisonte""]",shoes-bags,,premium,80,active,italy
il-gufo,Il Gufo,"[""IlGufo""]",children,,premium,70,active,italy
il-lanificio,Il Lanificio,"[""IlLanificio""]",fashion,,premium,70,active,italy
il-torracchione,Il Torracchione,"[""IlTorracchione""]",food,,lifestyle,60,active,
imperial,Imperial,[],fashion,,fashion,60,active,
indi-and-cold,Indi & Cold,[],fashion,,premium,60,active,spain
indivi,INDIVI,"[""Indivi""]",fashion,,fashion,68,active,japan
ingni,INGNI,"[""Ingni""]",fashion,,fashion,70,active,japan
inmedio,Inmedio,"[""Inmedio"",""Inmedio"",""Inmedio Outlet""]",books-stationery,,fashion,60,active,poland
inspira,Inspira,[],fashion,,fashion,50,active,
interni,Interni,"[""Interni""]",fashion,,fashion,60,active,greece
intersport,INTERSPORT,"[""Intersport"",""INTERSPORT Outlet"",""Intersport Outlet""]",sportswear,,sports,82,active,switzerland
inglot,Inglot,[],beauty,,lifestyle,70,active,poland
intimissimi,Intimissimi,[],fashion,,fashion,82,active,italy
intrend,Intrend,"[""Intrend Max Mara"",""In Trend""]",fashion,,fashion,70,active,italy
inumbra-home,Inumbra Home,[],home-lifestyle,,lifestyle,50,active,lithuania
invicta,Invicta,[],jewelry-watches,,fashion,74,active,united-states
inwear,InWear,"[""Inwear"",""In Wear"",""InWear Copenhagen"",""Inwear Copenhagen""]",fashion,,premium,74,active,denmark
ipanema,Ipanema,[],shoes-bags,,lifestyle,65,active,brazil
iqos,IQOS,"[""IQOS"",""IQOS"",""IQOS Outlet""]",electronics,,fashion,60,active,poland
iris-galerie,Iris Galerie,"[""IrisGalerie""]",services,,lifestyle,64,active,france
iro,IRO,"[""Iro Paris"",""IroParis""]",fashion,,premium,80,active,france
iro-paris,IRO Paris,[],fashion,,fashion,50,active,
isabel-marant,Isabel Marant,"[""IsabelMarant""]",fashion,,luxury,86,active,france
isaia,Isaia,[],luxury,,luxury,86,active,italy
issey-miyake,Issey Miyake,"[""IsseyMiyake""]",luxury,,luxury,86,active,japan
itaka,Itaka,"[""ITAKA""]",travel,,lifestyle,55,active,poland
italian-factory,Italian Factory,[],fashion,,fashion,50,active,
italian-fashion,Italian Fashion,"[""Italian Fashion"",""ItalianFashion"",""Italian Fashion Outlet""]",fashion,,fashion,60,active,poland
ixos,iXOS,"[""Ixos""]",fashion,,premium,68,active,italy
izac,Izac,[],fashion,,lifestyle,70,active,france
izas,Izas,[],sports,,sports,60,active,spain
izipizi,IZIPIZI,"[""Izipizi""]",eyewear,,fashion,70,active,france
izod,IZOD,"[""Izod""]",fashion,,lifestyle,76,active,united-states
izzi,Izzi,[],fashion,,fashion,50,active,
izzue,Izzue,[],fashion,,fashion,70,active,china
j-crew,J.Crew,"[""J Crew"",""J.Crew Factory"",""JCrew"",""J Crew Factory"",""JCrewFactory""]",fashion,,premium,84,active,united-states
j-estina,J.ESTINA,"[""J Estina"",""J. Estina"",""J ESTINA"",""JESTINA"",""JEstina""]",jewelry-watches,,premium,72,active,south-korea
j-lindeberg,J.Lindeberg,"[""J Lindeberg"",""JLindeberg""]",fashion,,premium,70,active,
jm-weston,J.M. Weston,"[""J M Weston"",""JMWeston""]",shoes-bags,,luxury,70,active,france
j-press,J.Press,"[""J Press"",""JPress""]",fashion,,premium,74,active,united-states
jacadi,Jacadi,"[""Jacadi Paris"",""JacadiParis""]",children,,premium,78,active,france
jacadi-paris,Jacadi Paris,"[""Jacadi Paris"",""JacadiParis""]",fashion,,fashion,60,active,
jack-and-jones,Jack & Jones,"[""Jack and Jones"",""Jack Jones"",""JACK&JONES"",""Jack&Jones"",""JackandJones"",""JackJones"",""JACK & JONES""]",fashion,,fashion,80,active,denmark
jack-and-jones-kids,Jack & Jones Kids,"[""JACK&JONES Kids"",""Jack and Jones Kids"",""Jack Jones Kids"",""JackJonesKids""]",fashion,,fashion,70,active,
jack-wills,Jack Wills,"[""JackWills""]",fashion,,fashion,72,active,united-kingdom
jack-wolfskin,Jack Wolfskin,"[""JackWolfskin""]",sportswear,,sports,82,active,germany
jackandjones,Jack&Jones,[],fashion,,fashion,50,active,
jacob-cohen,Jacob Cohën,"[""Jacob Cohen"",""JacobCohen""]",fashion,,premium,78,active,italy
jacquemus,Jacquemus,[],fashion,,luxury,70,active,france
jaeger,Jaeger,[],fashion,,premium,74,active,united-kingdom
jaked,Jaked,"[""Jaked""]",fashion,,fashion,60,active,
james-lakeland,James Lakeland,"[""JamesLakeland""]",fashion,,lifestyle,50,active,united-kingdom
jana,Jana,"[""Jana""]",shoes-bags,,fashion,62,active,
janie-and-jack,Janie and Jack,"[""Janie & Jack"",""JanieandJack""]",children,,premium,72,active,united-states
jaweed-popal,Jaweed Popal,"[""JP Fine Tailoring"",""JaweedPopal"",""JPFineTailoring""]",fashion,,lifestyle,58,active,united-kingdom
jbl,JBL,[],home,,lifestyle,78,active,united-states
jd-sports,JD Sports,"[""JD"",""JDSports""]",sportswear,,sports,82,active,united-kingdom
jdy,JDY,[],fashion,,fashion,60,active,unknown
jeckerson,Jeckerson,[],fashion,,fashion,60,active,
jeff-de-bruges,Jeff de Bruges,"[""JeffdeBruges""]",food,,lifestyle,70,active,france
jerem,Jerem,"[""Jerem""]",fashion,,fashion,60,active,
jigsaw,Jigsaw,[],fashion,,premium,74,active,united-kingdom
jil-sander,Jil Sander,"[""JilSander""]",luxury,,luxury,86,active,germany
jill-stuart,Jill Stuart,"[""JillStuart""]",fashion,,premium,76,active,united-states
jimmy-choo,Jimmy Choo,"[""JimmyChoo""]",shoes-bags,,luxury,92,active,united-kingdom
jins,JINS,"[""Jins""]",shoes-bags,,fashion,74,active,japan
jjxx,JJXX,[],fashion,,fashion,50,active,
jo-malone,Jo Malone,"[""Jo Malone London""]",beauty,,premium,50,active,united-kingdom
jo-malone-london,Jo Malone London,"[""Jo Malone"",""JoMaloneLondon"",""JoMalone""]",beauty,,luxury,84,active,united-kingdom
jockey,Jockey,[],fashion,,lifestyle,74,active,united-states
joe-browns,Joe Browns,"[""JoeBrowns""]",fashion,,lifestyle,64,active,united-kingdom
joe-s-jeans,Joe's Jeans,"[""Joes Jeans"",""Joe’s Jeans"",""Joe s Jeans"",""JoesJeans""]",fashion,,premium,74,active,united-states
john-henric,John Henric,"[""JohnHenric"",""John Henric Sweden"",""JohnHenricSweden""]",fashion,,premium,74,active,sweden
john-lewis,John Lewis Home Outlet,"[""JohnLewisHomeOutlet""]",home,,lifestyle,50,active,united-kingdom
john-richmond,John Richmond,"[""John Richmond"",""JohnRichmond""]",fashion,,fashion,60,active,
john-smedley,John Smedley,"[""JohnSmedley""]",fashion,,premium,76,active,united-kingdom
john-varvatos,John Varvatos,"[""JohnVarvatos""]",fashion,,premium,80,active,united-states
johnston-and-murphy,Johnston & Murphy,"[""Johnston and Murphy"",""Johnston Murphy"",""JohnstonMurphy"",""JohnstonandMurphy""]",shoes-bags,,premium,78,active,united-states
jolidon,Jolidon,[],fashion,,fashion,50,active,unknown
jolleo,Jolleo,"[""JOLLEO""]",fashion,,lifestyle,50,active,
joma,Joma,[],fashion,,fashion,50,active,
joop,JOOP!,"[""Joop"",""Joop! Men"",""Joop! Women"",""JOOP"",""JoopMen"",""JoopWomen""]",fashion,,premium,80,active,germany
joop-men,Joop! Men,"[""JOOP! Men"",""JoopMen"",""JOOPMen""]",fashion,,premium,72,active,germany
joop-women,JOOP! Women,"[""Joop! Women"",""JOOPWomen"",""JoopWomen""]",fashion,,premium,72,active,germany
jos-a-bank,Jos. A. Bank,"[""Jos A Bank"",""Jos. A Bank"",""JosABank""]",fashion,,premium,76,active,united-states
josef-seibel,JOSEF SEIBEL,[],fashion,,fashion,60,active,unknown
joseph,Joseph,[],fashion,,premium,78,active,united-kingdom
jott,JOTT,"[""Just Over The Top"",""JustOverTheTop""]",fashion,,premium,76,active,france
joules,Joules,[],fashion,,lifestyle,72,active,united-kingdom
journal-standard,Journal Standard,"[""JournalStandard""]",fashion,,premium,76,active,japan
journeys,Journeys,[],shoes-bags,,lifestyle,74,active,united-states
juicy-couture,Juicy Couture,"[""JuicyCouture""]",fashion,,fashion,76,active,united-states
julian-charles,Julian Charles,"[""JulianCharles""]",home,,lifestyle,60,active,united-kingdom
julie-sandlau,Julie Sandlau,"[""JulieSandlau""]",jewelry-watches,,fashion,70,active,denmark
jump-and-co,Jump & Co,"[""Jump and Co""]",shoes-bags,,fashion,55,active,france
jun,JUN,"[""Jun""]",fashion,,fashion,68,active,japan
junghans,Junghans,[],fashion,,fashion,60,active,unknown
junred,JunRed,"[""JUNRed""]",fashion,,fashion,68,active,japan
jutka-and-riska,Jutka & Riska,"[""Jutka and Riska""]",fashion,,fashion,61,active,netherlands
junn-j,Juun.J,"[""Juun J"",""JuunJ""]",fashion,,luxury,80,active,south-korea
juvia,JUVIA,[],fashion,,fashion,70,active,
k-swiss,K-Swiss,"[""K Swiss"",""KSwiss""]",sportswear,,sports,74,active,united-states
k-way,K-Way,"[""K Way"",""KWay""]",fashion,,premium,82,active,france
k2,K2,"[""K2 Korea"",""K2Korea""]",sportswear,,sports,78,active,south-korea
kalogirou,Kalogirou,"[""Kalogirou""]",shoes-bags,,fashion,60,active,greece
kalogirou-pret-a-porter,Kalogirou Pret-a-Porter,"[""Kalogirou Pret-a-Porter""]",fashion,,fashion,60,active,greece
kamalion,Kamalion,"[""Kamalion"",""Kamalion"",""Kamalion Outlet""]",accessories,,fashion,60,active,poland
kangol,Kangol,[],fashion,,lifestyle,74,active,united-kingdom
kangra,Kangra,[],fashion,,premium,72,active,italy
kappa,Kappa,[],sportswear,,sports,78,active,italy
kappahl,Kappahl,"[""KappAhl"",""Kappahl Outlet"",""KappAhl Outlet""]",fashion,,lifestyle,72,active,sweden
kapten-and-son,Kapten & Son,"[""Kapten and Son"",""Kapten Son"",""KaptenSon""]",fashion,,fashion,60,active,unknown
karen-millen,Karen Millen,"[""KarenMillen""]",fashion,,premium,80,active,united-kingdom
kari-traa,Kari Traa,"[""KariTraa"",""Kari Traa Sportswear"",""KariTraaSportswear""]",sportswear,,sports,76,active,norway
karl-lagerfeld,Karl Lagerfeld,"[""KARL LAGERFELD"",""Karl"",""KarlLagerfeld""]",fashion,,premium,86,active,france
karl-lagerfeld-kids,Karl Lagerfeld Kids,"[""KarlLagerfeldKids""]",children,,premium,72,active,france
kartell,Kartell,[],homeware,,premium,82,active,italy
kate-spade,Kate Spade,"[""KateSpade""]",shoes-bags,,premium,70,active,united-states
kate-spade-new-york,Kate Spade New York,"[""Kate Spade"",""Kate Spade Outlet"",""KateSpadeNewYork"",""KateSpade"",""KateSpadeOutlet""]",shoes-bags,,premium,90,active,united-states
kathmandu,Kathmandu,[],sportswear,,sports,72,active,new-zealand
kava,Kava,[],food-chocolate,,lifestyle,50,active,lithuania
kay-jewelers,Kay Jewelers,"[""Kay"",""KayJewelers""]",jewelry-watches,,premium,78,active,united-states
kazar,Kazar,"[""Kazar"",""Kazar"",""Kazar Outlet""]",shoes-bags,,fashion,60,active,poland
keds,Keds,[],shoes-bags,,lifestyle,74,active,united-states
keen,KEEN,"[""Keen""]",shoes-bags,,sports,80,active,united-states
keitykla,Keitykla,[],home-lifestyle,,lifestyle,50,active,lithuania
kem,KEM,"[""KEM""]",shoes-bags,,fashion,60,active,greece
kendra-scott,Kendra Scott,"[""KendraScott""]",jewelry-watches,,fashion,78,active,united-states
kennel-and-schmenger,Kennel & Schmenger,"[""Kennel and Schmenger"",""Kennel Schmenger"",""KennelSchmenger""]",fashion,,fashion,60,active,unknown
kenneth-cole,Kenneth Cole,"[""KennethCole""]",shoes-bags,,fashion,78,active,united-states
kenvelo,Kenvelo,[],fashion,,fashion,60,active,unknown
kenzo,Kenzo,[],luxury,,luxury,88,active,france
kenzo-kids,KENZO Kids,"[""KENZOKids""]",children,,premium,72,active,france
kicks,KICKS,"[""Kicks"",""KICKS Beauty"",""Kicks Beauty"",""KICKS Outlet""]",beauty,,lifestyle,74,active,sweden
kid-blue,Kid Blue,"[""KID BLUE"",""KidBlue"",""KIDBLUE""]",fashion,,premium,68,active,japan
kid-space,Kid Space,"[""Kid Space"",""KidSpace""]",fashion,,fashion,60,active,
kid-space-collection,Kid Space Collection,"[""Kid Space Collection"",""KidSpaceCollection""]",fashion,,fashion,60,active,
kids-around,Kids Around,"[""KidsAround""]",children,,premium,76,active,france
kids-foot-locker,Kids Foot Locker,"[""Kid's Foot Locker"",""KidsFootLocker"",""Kid’s Foot Locker"",""Kid s Foot Locker""]",sportswear,,sports,72,active,united-states
kiehls,Kiehl’s Since 1851,"[""Kiehl's"",""Kiehls"",""Kiehl’s"",""Kiehl's Since 1851"",""Kiehl s Since 1851"",""KiehlsSince1851"",""Kiehl s""]",beauty,,premium,82,active,united-states
kiko,KIKO,[],beauty,,fashion,60,active,unknown
kiko-milano,KIKO Milano,"[""Kiko"",""KIKO MILANO"",""KIKOMilano""]",beauty,,fashion,78,active,italy
kilner,Kilner,[],home,,lifestyle,50,active,united-kingdom
kilpi,Kilpi,"[""KILPI""]",sportswear,,sports,58,active,czech-republic
king-louie,King Louie,"[""KingLouie""]",fashion,,fashion,70,active,netherlands
kipling,Kipling,[],shoes-bags,,fashion,82,active,belgium
kirsh,KIRSH,"[""Kirsh""]",fashion,,fashion,70,active,south-korea
kitchen-and-more,kitchen & more,"[""kitchen & more"",""kitchen and more"",""kitchen more"",""kitchenmore""]",fashion,,fashion,60,active,
kitchen-living-dining,Kitchen Living Dining,"[""KLD""]",home,,fashion,70,active,denmark
kitchen-aid,KitchenAid,"[""Kitchen Aid""]",home,,premium,80,active,united-states
kitikate,Kitikate,"[""KITIKATE""]",kids,,lifestyle,54,active,turkey
kiton,Kiton,[],luxury,,luxury,88,active,italy
kiwi-st-tropez,Kiwi St-Tropez,"[""Kiwi St Tropez"",""KiwiStTropez""]",fashion,,lifestyle,70,active,france
kizik,Kizik,[],shoes-bags,,lifestyle,70,active,united-states
kjus,KJUS,[],fashion,,fashion,60,active,unknown
klass,Klass,[],fashion,,lifestyle,60,active,united-kingdom
klauser,Klauser,[],fashion,,fashion,70,active,
klenoty-aurum,Klenoty Aurum,"[""KLENOTY AURUM""]",jewelry-watches,,fashion,58,active,czech-republic
klattermusen,Klättermusen,"[""Klattermusen""]",sportswear,,premium,76,active,sweden
kneipp,Kneipp,[],beauty,,lifestyle,70,active,germany
knirps,Knirps,[],home,,premium,66,active,germany
kocca,Kocca,[],fashion,,fashion,70,active,italy
kolon-sport,Kolon Sport,"[""KOLON SPORT"",""KolonSport"",""KOLONSPORT""]",sportswear,,sports,78,active,south-korea
kookai,Kookaï,"[""Kookai""]",fashion,,fashion,72,active,france
korres,Korres,[],beauty,,premium,74,active,greece
koton,Koton,"[""Koton Kids""]",fashion,,fashion,76,active,turkey
krosno,Krosno,"[""KROSNO Glass""]",home-lifestyle,,lifestyle,50,active,poland
krups,Krups,[],home,,premium,65,active,germany
kubenz,Kubenz,"[""Kubenz"",""Kubenz"",""Kubenz Outlet""]",fashion,,fashion,60,active,poland
kuhn-rikon,Kuhn Rikon,"[""KuhnRikon""]",home,,lifestyle,50,active,united-kingdom
kuho,KUHO,"[""Kuho""]",fashion,,premium,76,active,south-korea
kulig,Kulig,"[""Kulig"",""Kulig"",""Kulig Outlet""]",shoes-bags,,fashion,60,active,poland
kumkang,Kumkang,[],shoes-bags,,fashion,70,active,south-korea
kurt-geiger,Kurt Geiger,"[""KurtGeiger""]",shoes-bags,,premium,78,active,united-kingdom
kurt-muller,Kurt Muller,"[""KurtMuller""]",fashion,,lifestyle,60,active,united-kingdom
kusmi-tea,Kusmi Tea,"[""KusmiTea""]",food-confectionery,,premium,68,active,france
kerastase,Kérastase,"[""Kerastase""]",beauty,,premium,80,active,france
family,Family,[],fashion,,fashion,60,active,unknown
fashion-and-friends-outlet-store,Fashion & Friends Outlet Store,"[""Fashion and Friends Outlet Store"",""Fashion & Friends""]",fashion,,fashion,60,active,unknown
five-star-fashion,Five Star Fashion,[],fashion,,fashion,60,active,unknown
galileo,Galileo,[],fashion,,fashion,60,active,unknown
good-bags,Good Bags,[],accessories,,fashion,60,active,unknown
goorin-bros,Goorin Bros.,[],accessories,,fashion,60,active,unknown
jacques-lemans,Jacques Lemans,[],accessories,,fashion,60,active,unknown
jcout,JCout,[],fashion,,fashion,60,active,unknown
jeordies,Jeordie’s,[],fashion,,fashion,60,active,unknown
just-cavalli,Just Cavalli,[],fashion,,premium,60,active,unknown
falcons,Falcon’s,"[""Falcon's"",""Falcons""]",fashion,,fashion,50,active,unknown
kocka-store,Kocka Store,[],kids,,fashion,50,active,unknown
flambrex,Flambrex,[],fashion,,fashion,50,active,unknown
froddo,Froddo,"[""FRODDO""]",shoes-bags,,fashion,50,active,croatia
garnier,Garnier,[],beauty,,fashion,50,active,unknown
geographical-norway,Geographical Norway,[],fashion,,fashion,50,active,unknown
gil-bret,Gil Bret,[],fashion,,fashion,50,active,unknown
jerem-paris,Jerem Paris,[],fashion,,fashion,50,active,unknown
florentino,Florentino,[],fashion,,premium,65,active,spain
hardrige,Hardrige,[],shoes-bags,,premium,62,active,france
krack,Krack,[],shoes-bags,,lifestyle,58,active,spain
faguo,Faguo,[],fashion,,premium,70,active,france
from-future,From Future,[],fashion,,premium,70,active,france
kujten,Kujten,[],fashion,,premium,70,active,france
general-store-outdoor-napapijri-mcs,General Store Outdoor (Napapijri - MCS),[],fashion,,fashion,50,active,italy
i-giardini-di-giulia,I Giardini di Giulia,[],fashion,,fashion,50,active,italy
ideabellezza,Ideabellezza,[],fashion,,fashion,50,active,italy
hamilton-and-brown,Hamilton and Brown,"[""Hamilton & Brown""]",fashion,,fashion,50,active,united-kingdom
general-store-outdoor,General Store Outdoor,[],sports,,sports,60,active,italy
fast,FAST,[],fashion,,fashion,60,active,
fenerium,FENERIUM,[],sportswear,,sports,60,active,
flas-optik,FLAS OPTİK,"[""Flas Optik""]",eyewear,,lifestyle,60,active,
flo,FLO,[],shoes-bags,,fashion,60,active,
golden-rose,GOLDEN ROSE,"[""Golden Rose""]",beauty,,lifestyle,60,active,
gratis,GRATIS,[],beauty,,lifestyle,60,active,
gs-store,GS STORE,"[""GS Store""]",sportswear,,sports,60,active,
gusto,GUSTO,[],fashion,,fashion,60,active,
hatemoglu,HATEMOĞLU,"[""Hatemoğlu""]",fashion,,fashion,60,active,
in-street,In Street,"[""SPORT İN STREET"",""Sport In Street"",""IN STREET""]",sportswear,,sports,60,active,
ipekyol,İPEKYOL,"[""Ipekyol""]",fashion,,fashion,60,active,
kigili,KİĞILI,"[""Kiğılı""]",fashion,,fashion,60,active,
kilifcim,KILIFÇIM,"[""Kılıfçım""]",accessories,,lifestyle,60,active,
klaud,KLAUD,[],fashion,,fashion,60,active,
korkmaz,KORKMAZ,[],homeware,,lifestyle,60,active,
krc-zuccaciye,KRC ZÜCCACİYE,"[""KRC Züccaciye""]",homeware,,lifestyle,60,active,
kuban-kuyumcu,KUBAN KUYUMCU,"[""Kuban Kuyumcu""]",jewelry,,fashion,60,active,
george-hogg,George Hogg,[],shoes-bags,,fashion,60,active,
igs,İgs,[],fashion,,fashion,60,active,
jeanslab,JeansLab,[],fashion,,fashion,60,active,
jumbo,Jumbo,[],home,,lifestyle,60,active,
karaca,Karaca,"[""KARACA ZÜCCACİYE""]",home,,lifestyle,60,active,
kiit-gamer,Kiit Gamer,[],electronics,,lifestyle,60,active,
flormar,Flormar,[],beauty,,lifestyle,50,active,
greyder,Greyder,[],shoes-bags,,lifestyle,50,active,
kip,KİP,"[""Kip""]",fashion,,lifestyle,50,active,
knitss-hemington,KNITSS&HEMINGTON,"[""Knitss & Hemington"",""HEMINGTON""]",fashion,,lifestyle,50,active,
fakir-hausgerate,Fakir Hausgeräte,[],home,,lifestyle,50,active,
flying-tiger,Flying Tiger,[],home,,lifestyle,50,active,
frederic-patric-parfum,FREDERIC PATRIC PARFUM,"[""FREDERIC PATRIC PARFUM""]",beauty,,lifestyle,50,active,
galaxy-optik,GALAXY OPTİK,"[""GALAXY OPTİK""]",eyewear,,lifestyle,50,active,
gallery-crystal,GALLERY CRYSTAL,"[""GALLERY CRYSTAL""]",home,,lifestyle,50,active,
gmg,GMG,"[""GMG""]",fashion,,fashion,50,active,
gurgenciler,Gürgençler,"[""GÜRGENÇLER/APPLE"",""Gürgençler/Apple""]",electronics,,lifestyle,50,active,
harley-davidson,HARLEY DAVIDSON,"[""HARLEY DAVIDSON""]",fashion,,fashion,50,active,
hobbiez-world,HOBBIEZ WORLD,"[""HOBBIEZ WORLD""]",toys,,lifestyle,50,active,
homend,HOMEND,"[""HOMEND""]",home,,lifestyle,50,active,
hotic,HOTİÇ,"[""HOTİÇ""]",shoes-bags,,fashion,50,active,
isabella-silver-gumus,ISABELLA SILVER-GÜMÜŞ,"[""ISABELLA SILVER-GÜMÜŞ""]",jewelry-watches,,fashion,50,active,
iyo,IYO,"[""IYO""]",electronics,,lifestyle,50,active,
jimmy-key,JIMMY KEY,"[""JIMMY KEY""]",fashion,,fashion,50,active,
karcher,Kärcher,[],home,,lifestyle,50,active,
kasaba-active-sports,KASABA ACTIVE SPORTS,"[""KASABA ACTIVE SPORTS""]",sportswear,,fashion,50,active,
kiit-teknoloji,KİİT TEKNOLOJİ,"[""KİİT TEKNOLOJİ""]",electronics,,lifestyle,50,active,
kirmizi-kedi,KIRMIZI KEDİ,"[""KIRMIZI KEDİ""]",books-stationery,,lifestyle,50,active,
kocak,KOÇAK,"[""KOÇAK""]",jewelry-watches,,fashion,50,active,
koctas,KOÇTAŞ,"[""KOÇTAŞ""]",home,,lifestyle,50,active,
kokos-accessories,KOKOŞ ACCESSORIES,"[""KOKOŞ ACCESSORIES""]",accessories,,lifestyle,50,active,
konyali-saat,KONYALI SAAT,"[""KONYALI SAAT""]",jewelry-watches,,fashion,50,active,
kartal-yuvasi,Kartal Yuvası,"[""BJK Store"",""BJK STORE KARTAL YUVASI"",""BJK Store Kartal Yuvası""]",fashion,,fashion,50,active,
flower,Flower,[],fashion,,fashion,50,active,
g-lingerie,G-Lingerie,"[""G-LNGERİE""]",fashion,,fashion,50,active,
gizia,Gizia,[],fashion,,fashion,50,active,
goz-grup-optik,Göz Grup Optik,[],eyewear,,lifestyle,50,active,
hazerbaba,Hazerbaba,[],food,,lifestyle,50,active,
in-formal,In-Formal,[],fashion,,fashion,50,active,
ipekevim,İpekevim,[],home,,lifestyle,50,active,
kavale,Kavale,[],fashion,,fashion,50,active,
kayra,Kayra,[],fashion,,fashion,50,active,
kom,Kom,[],fashion,,fashion,50,active,
finery-by-nerrs,Finery By Nerrs,[],jewelry-watches,,premium,50,active,
finery-jewelry,Finery Jewelry,[],jewelry-watches,,premium,50,active,
hammer-jack,Hammer Jack,[],shoes-bags,,fashion,50,active,
harput-dibek,Harput Dibek,[],food,,lifestyle,50,active,
homeax,Home'ax,[],home,,lifestyle,50,active,
kompedan,Kompedan,[],fashion,,fashion,50,active,
kuppeli,Küppeli,[],accessories,,lifestyle,50,active,
kuum,Kuum,[],shoes-bags,,fashion,50,active,
fullamoda,Fullamoda,[],fashion,,fashion,50,active,
gif-accessories,Gif Accessories,[],accessories,,lifestyle,50,active,
global-optik,Global Optik,[],eyewear,,lifestyle,50,active,
grande-canta,Grande Çanta,[],shoes-bags,,fashion,50,active,
karizma-group,Karizma Group,[],sportswear,,sports,50,active,
fistikoglu-kuruyemis,FISTIKOĞLU KURUYEMİŞ,[],food,,lifestyle,50,active,
fresh-scarfs,FRESH SCARFS,[],accessories,,lifestyle,50,active,
hello-sweetie-haribo,HELLO SWEETIE HARIBO,[],food-confectionery,,lifestyle,50,active,
hupalupa-store,HUPALUPA STORE,[],books-toys,,lifestyle,50,active,
italian,ITALIAN,[],fashion,,lifestyle,50,active,
joia,JOIA,[],fashion,,lifestyle,50,active,
kids-home,KİDS HOME,[],fashion,,fashion,50,active,
jawhara,Jawhara,[],jewelry-watches,,lifestyle,50,active,unknown
ferre-sports,Ferre Sports,[],sportswear,,sports,50,active,unknown
gianfranco-ferre,Gianfranco Ferre,[],fashion,,fashion,50,active,unknown
gentle-park,Gentle Park,[],fashion,,fashion,50,active,unknown
glam-beaute,Glam Beauté,[],beauty,,lifestyle,50,active,unknown
k-corner,K Corner,[],fashion,,fashion,50,active,unknown
kas-australia-and-camel-company,Kas Australia and Camel Company,[],fashion,,fashion,50,active,unknown
grand-stores,Grand Stores,[],department-store,,lifestyle,50,active,unknown
kids-puzzle,Kids Puzzle,[],kids,,lifestyle,50,active,unknown
fashion-for-less,Fashion for Less,[],fashion,,fashion,50,active,unknown
fyor,Fyor,[],fashion,,fashion,50,active,unknown
jashanmal-around-the-world,Jashanmal Around The World,[],department-store,,lifestyle,50,active,unknown
etoile-outlet,Etoile Outlet,[],fashion,,fashion,50,active,united-arab-emirates
fabi,Fabi,[],shoes-bags,,lifestyle,50,active,italy
first-one-mobile,First One Mobile,[],electronics,,lifestyle,50,active,united-arab-emirates
grand-bazaar,Grand Bazaar,[],fashion,,lifestyle,50,active,unknown
jashanmal-fashion-outlet,Jashanmal Fashion Outlet,[],fashion,,fashion,50,active,united-arab-emirates
fragrance-outlet,Fragrance Outlet,[],beauty,,,50,active,
fray-i-d,Fray I.D,[],fashion,,,50,active,
gallardagalante,Gallardagalante,[],fashion,,,50,active,
gianni-chiarini,Gianni Chiarini,[],fashion,,,50,active,
ginza-maggy,Ginza Maggy,[],fashion,,,50,active,
ined,Ined,[],fashion,,,50,active,
isaia-napoli,Isaia Napoli,[],fashion,,,50,active,
j-and-m-davidson,J&M Davidson,[],fashion,,,50,active,
kaneko-optical,Kaneko Optical,[],fashion,,,50,active,
kanematsu,Kanematsu,[],fashion,,,50,active,
kolor,Kolor,[],fashion,,,50,active,
fauchon,Fauchon,[],food-chocolate,,,50,active,
kuzefukushouten,Kuzefukushouten,[],food-chocolate,,,50,active,
izone-new-york,Izone New York,[],eyewear,,,50,active,
felisi,Felisi,[],shoes-bags,,lifestyle,50,active,
global-work-lowrys-farm,GLOBAL WORK / LOWRYS FARM,[],fashion,,lifestyle,50,active,
gunze,GUNZE,"[""GUNZE OUTLET""]",fashion,,lifestyle,50,active,
hawkins-and-vans,HAWKINS & VANS,[],shoes-bags,,lifestyle,50,active,
gelato-pique-snidel-fray-i-d,gelato pique/SNIDEL/FRAY I.D,[],fashion,,lifestyle,50,active,
hat-shop-outlet,Hat Shop OUTLET,[],accessories,,lifestyle,50,active,
hunting-world,HUNTING WORLD,[],shoes-bags,,lifestyle,50,active,
gregory,GREGORY,[],outdoor,,lifestyle,50,active,
feiler,FEILER Factory Outlet,[],accessories,,lifestyle,50,active,
john-masters-organics-select,john masters organics select,[],beauty,,lifestyle,50,active,
kate-spade-new-york-kids,kate spade new york kids,[],children,,lifestyle,50,active,
garmin,GARMIN,[],electronics,,lifestyle,50,active,
instant-skateboards,Instant Skateboards,[],sportswear,,lifestyle,50,active,
gente-di-mare,Gente di Mare,[],fashion,,lifestyle,50,active,
kisarazu-concept-store,KISARAZU CONCEPT STORE,[],gifts,,lifestyle,50,active,
kaldi-coffee-farm,KALDI COFFEE FARM,[],food,,lifestyle,50,active,
g-fore,G/Fore,[],lifestyle,,lifestyle,50,active,
huf,Huf,[],lifestyle,,lifestyle,50,active,
in,In,[],lifestyle,,lifestyle,50,active,
jeanasis,Jeanasis,[],lifestyle,,lifestyle,50,active,
kastane,Kastane,[],lifestyle,,lifestyle,50,active,
kitkat,Kitkat,"[""KitKat""]",food,,lifestyle,50,active,
fila-kids,FILA Kids,[],kids,,fashion,60,active,
gentspace,GENTSPACE,[],fashion,,fashion,60,active,
giada,GIADA,[],fashion,,fashion,60,active,
glasstique,Glasstique,[],eyewear,,fashion,60,active,
haixingmarket,HaixingMarket,[],fashion,,fashion,60,active,
hechter,HECHTER,[],fashion,,fashion,60,active,
hefang,HEFANG,[],jewelry-watches,,fashion,60,active,
hilditch-key,Hilditch & Key,[],fashion,,fashion,60,active,
hoka-one-one,HOKA ONE ONE,[],sportswear,,sports,60,active,
jewelria,JEWELRIA,[],jewelry-watches,,fashion,60,active,
jnby-by-jnby,jnby by JNBY,[],kids,,fashion,60,active,
jnby,JNBY,[],fashion,,fashion,60,active,
kailas,KAILAS,[],outdoor,,lifestyle,60,active,
kolon-sports,KOLON SPORTS,[],outdoor,,lifestyle,60,active,
g2000,G2000,[],fashion,,fashion,70,active,hong-kong
gyda,Gyda,[],fashion,,fashion,60,active,
hawkins,Hawkins,[],fashion,,fashion,60,active,
hipshop,Hipshop,[],fashion,,fashion,60,active,
international-eyewear-gallery,International Eyewear Gallery,[],fashion,,fashion,60,active,
karl-kani,Karl Kani,[],fashion,,fashion,60,active,
heal-creek,Heal Creek,[],sports,,sports,60,active,
hilton-grand-vacations,Hilton Grand Vacations,[],lifestyle,,lifestyle,60,active,
foxfire,Foxfire,[],sportswear,,,60,active,
jack-bunny,Jack Bunny,"[""Jack Bunny!!""]",sportswear,,,60,active,
fitflop,FitFlop,"[""FITFLOP""]",shoes-bags,,fashion,50,active,unknown
frank-lunette,FRANK LUNETTE,[],eyewear,,fashion,50,active,unknown
glassaholic,GLASSAHOLIC,[],eyewear,,fashion,50,active,unknown
golf-revolution,GOLF REVOLUTION,[],sports,,sports,50,active,unknown
gq,GQ,[],fashion,,fashion,50,active,unknown
hybrid-outfitters,HYBRID OUTFITTERS,[],fashion,,fashion,50,active,unknown
jelly-bunny,JELLY BUNNY,[],shoes-bags,,fashion,50,active,unknown
jim-thompson,JIM THOMPSON,[],fashion,,premium,50,active,unknown
josilins,JOSILINS,[],fashion,,fashion,50,active,unknown
jubilee-diamond,JUBILEE DIAMOND,[],jewelry-watches,,premium,50,active,unknown
fahren,Fahren,[],fashion,,fashion,50,active,
fidani-chocolatier,FIDANI Chocolatier,[],lifestyle,,lifestyle,50,active,
focus-point-outlet,Focus Point Outlet,[],fashion,,fashion,50,active,
frat,FRAT,[],fashion,,fashion,50,active,
froops-korea-pes,FROOPS KOREA(PES),[],fashion,,fashion,50,active,
galaxy-lansmere,GALAXY/LANSMERE,[],fashion,,fashion,50,active,
galeries-voir,Galeries Voir,[],fashion,,fashion,50,active,
goal-studio-p,Goal Studio(P),[],fashion,,fashion,50,active,
goldendew-roseedor,GOLDENDEW/ROSEEDOR,[],fashion,,fashion,50,active,
golfzone-market,Golfzone market,[],sports,,sports,50,active,
guess-jeans-underwear-kids,Guess Jeans/Underwear/kids,[],fashion,,fashion,50,active,
hago,Hago,"[""HAGO""]",fashion,,fashion,50,active,
helvesko-pes,Helvesko(PES),[],sports,,sports,50,active,
heratige-kumkang,Heratige Kumkang,[],fashion,,fashion,50,active,
hush-puppiestm,Hush Puppies™,[],fashion,,fashion,50,active,
i-love-j,I Love J,[],fashion,,fashion,50,active,
ilail,ILAIL,"[""Ilail""]",fashion,,fashion,50,active,
information-center,Information Center,[],fashion,,fashion,50,active,
issey-miyake-pleats-please,ISSEY MIYAKE/PLEATS PLEASE,[],luxury,,luxury,50,active,
it-michaa,IT MICHAA,[],fashion,,fashion,50,active,
izzat-baba,Izzat Baba,[],fashion,,fashion,50,active,
jags-money,JAGS Money,[],lifestyle,,lifestyle,50,active,
jill-stuart-new-york,JILL STUART NEW YORK,[],fashion,,fashion,50,active,
jj-jigott,JJ Jigott,[],fashion,,fashion,50,active,
jons,Jons,[],fashion,,fashion,50,active,
kodak,Kodak,[],sports,,sports,50,active,
kodak-apparel,KODAK APPAREL,[],fashion,,fashion,50,active,
la-corona,La Corona,[],shoes-bags,,fashion,60,active,italy
le-vip-milano,Le Vip Milano,[],fashion,,fashion,60,active,italy
lizalu,Lizalù,[],fashion,,fashion,60,active,italy
luigi-fusaro,Luigi Fusaro,[],fashion,,fashion,60,active,italy
murphy-nye,Murphy&Nye,[],fashion,,fashion,60,active,italy
nuvolari,Nuvolari,[],fashion,,fashion,60,active,italy
ovs,OVS,[],fashion,,fashion,60,active,italy
lavendergirls-boutique,Lavendergirls Boutique,"[""Lavendergirls""]",fashion,,fashion,45,active,united-kingdom
london-leathers-direct,London Leathers Direct,"[""London Leathers""]",accessories,,fashion,45,active,united-kingdom
land-mobile,Land Mobile,[],electronics,,fashion,50,active,unknown
mirano,Mirano,[],fashion,,fashion,50,active,unknown
mizar,Mizar,[],fashion,,fashion,50,active,unknown
motor-jeans-outlet-militari,Motor Jeans Outlet Militari,"[""Motor Jeans""]",fashion,,fashion,50,active,unknown
music-spot,Music Spot,[],books-stationery,,lifestyle,45,active,united-kingdom
not-only-candles,(Not Only) Candles,"[""Not Only Candles"",""NotOnlyCandles""]",home,,lifestyle,64,active,france
l-artisan-parfumeur,L'Artisan Parfumeur,"[""L’Artisan Parfumeur"",""L Artisan Parfumeur"",""LArtisanParfumeur""]",beauty,,premium,70,active,france
latelier-des-createurs,L'Atelier des Créateurs,"[""L’Atelier des Créateurs""]",fashion,,lifestyle,50,active,france
lerbolario,L'ERBOLARIO,[],fashion,,fashion,50,active,
l-occitane,L'Occitane,"[""LOccitane"",""L Occitane"",""L'Occitane en Provence"",""L’Occitane"",""L’Occitane en Provence"",""L Occitane en Provence"",""LOccitaneenProvence"",""Loccitane""]",beauty,,premium,88,active,france
loreal,L'Oréal,"[""L'Oreal"",""L’Oréal"",""L Oréal"",""L Oreal"",""LOreal""]",beauty,,lifestyle,70,active,france
loreal-beauty-store,L'Oréal Beauty Store,"[""L'Oreal Beauty Store"",""L’Oréal Beauty Store"",""L Oréal Beauty Store"",""L Oreal Beauty Store"",""LOrealBeautyStore""]",beauty,,fashion,70,active,france
l-oreal-paris,L'Oréal Paris,"[""LOreal Paris"",""L Oreal Paris"",""L'Oréal"",""L'Oreal Paris"",""L’Oréal Paris"",""L Oréal Paris"",""LOrealParis"",""L'Oreal"",""L’Oréal"",""L Oréal"",""L Oreal"",""LOreal""]",beauty,,lifestyle,84,active,france
la-casa-de-las-carcasas,La Casa De Las Carcasas,[],fashion,,fashion,50,active,
la-casa-italiana,La Casa Italiana,"[""LaCasaItaliana""]",home,,lifestyle,60,active,
la-martina,La Martina,"[""LaMartina""]",fashion,,premium,78,active,argentina
la-mer,La Mer,"[""LaMer""]",beauty,,fashion,60,active,unknown
la-perla,La Perla,"[""LaPerla""]",fashion,,luxury,84,active,italy
la-piadineria,La Piadineria,"[""LaPiadineria""]",food,,lifestyle,60,active,
lacoste,Lacoste,[],fashion,,premium,90,active,france
laduree,Ladurée,"[""Laduree""]",food-confectionery,,premium,72,active,france
lagostina,Lagostina,[],home,,premium,74,active,italy
lagostina-and-rowenta,Lagostina & Rowenta,"[""Lagostina and Rowenta"",""Lagostina Rowenta"",""LagostinaRowenta"",""LagostinaandRowenta""]",home,,premium,70,active,italy
lagostina-home-cook,Lagostina Home & Cook,"[""Lagostina Home and Cook"",""Lagostina Home Cook"",""LagostinaHomeCook""]",home,,lifestyle,70,active,italy
lakeside-furniture-direct,Lakeside Furniture Direct,[],home,,lifestyle,50,active,united-kingdom
lalique,Lalique,[],home,,luxury,86,active,france
lamford,Lamford,[],fashion,,fashion,60,active,spain
lancel,Lancel,[],shoes-bags,,premium,70,active,france
lancerto,Lancerto,"[""Lancerto"",""Lancerto"",""Lancerto Outlet""]",fashion,,fashion,60,active,poland
lancome,Lancôme,"[""Lancome""]",beauty,,fashion,60,active,unknown
lanvin,Lanvin,[],luxury,,luxury,88,active,france
lapin-house,Lapin House,"[""Lapin House""]",children,,fashion,60,active,greece
lardini,Lardini,[],fashion,,premium,70,active,italy
laura-ashley,Laura Ashley,"[""LauraAshley""]",home,,fashion,70,active,united-kingdom
lavard,Lavard,"[""Lavard"",""Lavard"",""Lavard Outlet""]",fashion,,fashion,60,active,poland
le-coq-sportif,Le Coq Sportif,"[""LeCoqSportif""]",sportswear,,sports,78,active,france
le-creuset,Le Creuset,"[""LE CREUSET"",""LeCreuset""]",home,,premium,84,active,france
le-creuset-pop-up,Le Creuset Pop Up,"[""Le Creuset Pop-Up"",""LeCreusetPopUp""]",home,,premium,72,active,france
le-silla,Le Silla,"[""LeSilla""]",shoes-bags,,luxury,78,active,italy
le-tanneur,Le Tanneur,"[""LeTanneur""]",shoes-bags,,premium,70,active,france
le-temps-des-cerises,Le Temps des Cerises,"[""LeTempsdesCerises""]",fashion,,lifestyle,70,active,france
lead-and-ball,Lead + Ball,"[""Lead Ball"",""LeadBall""]",fashion,,lifestyle,50,active,united-kingdom
leading-labels,Leading Labels,"[""LeadingLabels""]",fashion,,lifestyle,55,active,united-kingdom
lee,Lee,"[""Lee Jeans"",""LeeJeans""]",fashion,,lifestyle,82,active,united-states
lee-cooper,Lee Cooper,"[""LeeCooper""]",fashion,,lifestyle,70,active,united-kingdom
lee-wrangler,Lee Wrangler,"[""Lee & WRANGLER"",""Lee & Wrangler"",""LeeWrangler""]",fashion,,fashion,60,active,
lefties,Lefties,[],fashion,,fashion,70,active,spain
legami,Legami,[],books-stationery,,lifestyle,58,active,italy
lego,LEGO,"[""Lego"",""The LEGO Store"",""TheLEGOStore""]",toys,,lifestyle,84,active,denmark
lego-wear,LEGO Wear,"[""Lego Wear"",""LEGOWear"",""LegoWear"",""LEGO Wear Outlet""]",children,,premium,76,active,denmark
lekia,Lekia,"[""Lekia Outlet"",""Lekia Toy Store""]",toys,,lifestyle,60,active,sweden
lemon-jelly,Lemon Jelly,[],shoes-bags,,fashion,70,active,portugal
lentee,Lentee,[],accessories,,lifestyle,58,active,italy
leonidas,Leonidas,[],food,,fashion,60,active,unknown
les-georgettes,Les Georgettes,"[""LesGeorgettes""]",jewelry-watches,,premium,70,active,france
les-soeurs,Les Soeurs,"[""LesSoeurs""]",fashion,,fashion,60,active,unknown
le-sportsac,LeSportsac,"[""Le Sportsac""]",shoes-bags,,fashion,74,active,united-states
leva,Leva,[],fashion,,lifestyle,50,active,lithuania
levis,Levi's,"[""Levi s"",""Levi s Outlet"",""Levi Strauss"",""Levi's"",""Levi’s"",""Levi's Clearance"",""Levi's Outlet"",""Levi’s Clearance"",""Levi’s Outlet"",""Levis"",""LevisOutlet"",""LeviStrauss"",""LEVI'S""]",fashion,,lifestyle,90,active,united-states
lexington,Lexington,"[""Lexington Company"",""The Lexington Company"",""LexingtonCompany"",""Lexington Home""]",home,,premium,76,active,sweden
lids,Lids,[],fashion,,lifestyle,50,active,united-kingdom
liebeskind,Liebeskind,[],fashion,,fashion,50,active,
liebeskind-berlin,Liebeskind Berlin,"[""LiebeskindBerlin""]",fashion,,fashion,60,active,unknown
lifestyle-and-mobility,Lifestyle and Mobility,"[""Lifestyle & Mobility"",""LifestyleandMobility"",""Lifestyle Mobility"",""LifestyleMobility""]",health-beauty,,lifestyle,55,active,united-kingdom
lindex,Lindex,[],fashion,,fashion,65,active,sweden
lindt,Lindt,"[""Lindt & Sprüngli"",""Lindt and Sprungli"",""Lindt & Sprungli"",""Lindt and Sprüngli"",""Lindt Sprüngli"",""Lindt Sprungli"",""LindtSprungli"",""LindtandSprungli"",""Lindt Chocolate"",""Lindt Chocolates""]",food-confectionery,,premium,84,active,switzerland
lindt-chocolaterie,Lindt Chocolaterie,"[""Lindt"",""Lindt Chocolate""]",food-confectionery,,premium,76,active,switzerland
lion-of-porches,Lion of Porches,[],fashion,,fashion,70,active,portugal
lipault,Lipault,[],shoes-bags,,lifestyle,70,active,france
liquid-jungle,Liquid Jungle,"[""Liquid Jungle"",""LiquidJungle"",""Liquid Jungle Outlet""]",fashion,,fashion,60,active,poland
lirene,Lirene,[],beauty,,lifestyle,50,active,poland
little-dutch,Little Dutch,"[""Little Dutch""]",kids,,lifestyle,62,active,
liu-jo,Liu Jo,"[""Liu.Jo"",""LiuJo""]",fashion,,premium,84,active,italy
liu-jo-accessori,Liu Jo Accessori,[],fashion,,fashion,50,active,
liu-jo-kids,Liu Jo Kids,"[""LiuJoKids""]",children,,fashion,70,active,italy
liu-jo-uomo,Liu Jo Uomo,"[""LiuJoUomo""]",fashion,,fashion,60,active,
liujo,Liu.Jo,"[""Liu Jo"",""LiuJo""]",fashion,,premium,74,active,italy
liviana-conti,Liviana Conti,"[""LivianaConti""]",fashion,,fashion,60,active,
lladro,Lladró,"[""Lladro""]",home,,luxury,72,active,spain
lloyd,LLOYD,"[""Lloyd Shoes"",""LloydShoes""]",shoes-bags,,premium,78,active,germany
loake,Loake,[],shoes-bags,,lifestyle,60,active,united-kingdom
lodenfrey,Lodenfrey,[],fashion,,fashion,70,active,
lodger,Lodger,"[""Lodger""]",kids,,lifestyle,62,active,
loewe,Loewe,[],luxury,,luxury,92,active,spain
loewe-perfumes,LOEWE Perfumes,"[""Loewe Perfumes"",""LOEWEPerfumes"",""LoewePerfumes""]",beauty,,luxury,82,active,spain
loft,LOFT,"[""Ann Taylor LOFT"",""LOFT Outlet"",""AnnTaylorLOFT"",""LOFTOutlet"",""LOFT (YENİLENİYOR)""]",fashion,,fashion,78,active,united-states
lola-casademunt,Lola Casademunt,"[""LolaCasademunt""]",fashion,,fashion,70,active,spain
londis,Londis,"[""Londis Post Office Store""]",food-confectionery,,lifestyle,55,active,united-kingdom
longchamp,Longchamp,[],shoes-bags,,premium,90,active,france
longines,Longines,[],jewelry-watches,,luxury,86,active,switzerland
loois-outlet,Loois Outlet,"[""Loois""]",fashion,,lifestyle,50,active,lithuania
loop,LOOP,"[""LOOP""]",fashion,,fashion,60,active,
loro-piana,Loro Piana,"[""LoroPiana""]",luxury,,luxury,94,active,italy
lotto,Lotto,"[""Lotto Sport"",""LottoSport""]",sportswear,,sports,74,active,italy
lottusse,Lottusse,[],shoes-bags,,fashion,70,active,spain
loungefly,Loungefly,[],shoes-bags,,fashion,70,active,united-states
lovable,Lovable,[],fashion,,fashion,60,active,
lovisa,Lovisa,[],jewelry-watches,,lifestyle,66,active,australia
lowrys-farm,LOWRYS FARM,"[""Lowrys Farm"",""LOWRYSFARM"",""LowrysFarm""]",fashion,,fashion,70,active,japan
lpb-woman,LPB Woman,"[""LPBWoman""]",fashion,,lifestyle,70,active,france
lucky-brand,Lucky Brand,"[""Lucky Brand Jeans"",""LuckyBrand"",""LuckyBrandJeans""]",fashion,,lifestyle,78,active,united-states
lucky-doggy,Lucky Doggy,"[""Lucky Doggy""]",kids,,lifestyle,62,active,
lucy-and-yak,Lucy & Yak,"[""Lucy and Yak"",""Lucy Yak"",""LucyYak"",""LucyandYak""]",fashion,,lifestyle,68,active,united-kingdom
luhta,Luhta,"[""Luhta Outlet"",""Luhta Sportswear"",""Luhta Brand Store""]",sportswear,,sports,76,active,finland
luisa-cerano,Luisa Cerano,"[""LuisaCerano""]",fashion,,premium,78,active,germany
luisa-spagnoli,Luisa Spagnoli,"[""LuisaSpagnoli""]",fashion,,fashion,60,active,
luke-1977,LUKE 1977,"[""LUKE1977""]",fashion,,fashion,66,active,united-kingdom
lululemon,lululemon,"[""Lululemon Athletica"",""LululemonAthletica""]",sportswear,,premium,88,active,canada
luxenter,Luxenter,[],jewelry,,premium,60,active,spain
luxury-fashion-store,Luxury Fashion Store,"[""Luxury Fashion Store"",""LuxuryFashionStore""]",fashion,,fashion,60,active,
luxury-zone,Luxury Zone,"[""LuxuryZone""]",jewelry-watches,,luxury,72,active,italy
luxuryzone,LuxuryZone,"[""Luxury Zone""]",fashion,,luxury,78,active,italy
lyko,Lyko,"[""Lyko Beauty"",""Lyko Hair"",""LykoBeauty"",""Lyko Sverige""]",beauty,,lifestyle,74,active,sweden
lyle-and-scott,Lyle & Scott,"[""Lyle and Scott"",""Lyle Scott"",""LyleScott""]",fashion,,premium,74,active,united-kingdom
laderach,Läderach,"[""Laderach"",""Läderach Chocolatier Suisse"",""Laderach Chocolatier Suisse""]",food-confectionery,,premium,78,active,switzerland
m-store,M+ Store,[],fashion,,fashion,50,active,
m-store-electronics,M Store,[],electronics,,lifestyle,50,active,
mac-cosmetics,MAC Cosmetics,"[""MACCosmetics""]",beauty,,fashion,60,active,unknown
macarons-and-inspirations,MACARONS & INSPIRATIONS,[],food-confectionery,,fashion,60,active,unknown
mackage,Mackage,[],fashion,,luxury,82,active,canada
made-in-m,Made in M,[],fashion,,fashion,50,active,poland
maidenhead-aquatics,Maidenhead Aquatics,"[""MaidenheadAquatics""]",home,,lifestyle,55,active,united-kingdom
maison-123,Maison 123,"[""Maison123""]",fashion,,lifestyle,70,active,france
maison-caffet,Maison Caffet,"[""MaisonCaffet""]",food,,premium,70,active,france
maison-margiela,Maison Margiela,"[""Maison Martin Margiela"",""MaisonMargiela"",""MaisonMartinMargiela""]",luxury,,luxury,88,active,france
maison-montagut,Maison Montagut,"[""Montagut""]",fashion,,premium,60,active,france
maison-peugeot,Maison Peugeot,"[""Peugeot Saveurs""]",home,,premium,68,active,france
maison-yellow,Maison Yellow,"[""MaisonYellow""]",food,,lifestyle,70,active,france
maje,Maje,[],fashion,,premium,86,active,france
majestic-filatures,Majestic Filatures,[],fashion,,premium,70,active,france
majestic-legon,Majestic Legon,"[""MajesticLegon""]",fashion,,fashion,68,active,japan
majorica,Majorica,[],jewelry,,premium,60,active,spain
malbon-golf,Malbon Golf,"[""MalbonGolf""]",sportswear,,premium,74,active,united-states
malelions,Malelions,[],fashion,,fashion,70,active,netherlands
malo,Malo,[],fashion,,luxury,78,active,italy
malo-italia,Malo Italia,"[""Malo Italia"",""MaloItalia""]",fashion,,fashion,60,active,
maliparmi,Malìparmi,"[""Maliparmi""]",fashion,,premium,76,active,italy
mammut,Mammut,[],sportswear,,premium,82,active,switzerland
mandarina-duck,Mandarina Duck,"[""MANDARINA DUCK"",""MandarinaDuck""]",shoes-bags,,fashion,76,active,italy
manetti,Manetti,"[""Manetti""]",fashion,,fashion,60,active,greece
manfield,Manfield,[],shoes-bags,,lifestyle,70,active,france
mango,Mango,"[""Mango Outlet"",""MangoOutlet""]",fashion,,fashion,84,active,spain
manila-grace,Manila Grace,"[""ManilaGrace""]",fashion,,fashion,60,active,
manner,Manner,"[""Josef Manner"",""JosefManner""]",food-confectionery,,lifestyle,72,active,austria
manolo-blahnik,Manolo Blahnik,"[""ManoloBlahnik""]",shoes-bags,,luxury,88,active,united-kingdom
manuel-ritz,Manuel Ritz,"[""Manuel Ritz""]",fashion,,premium,72,active,
marabika,Marabika,[],fashion,,lifestyle,50,active,lithuania
marc-and-andre,Marc & André,"[""Marc and André""]",fashion,,lifestyle,50,active,lithuania
marc-aurel,Marc Aurel,"[""MarcAurel""]",fashion,,fashion,60,active,unknown
marc-cain,Marc Cain,"[""MarcCain""]",fashion,,premium,82,active,germany
marc-jacobs,Marc Jacobs,"[""MarcJacobs""]",fashion,,premium,88,active,united-states
marc-jacobs-kids,Marc Jacobs Kids,"[""MarcJacobsKids""]",children,,premium,72,active,united-states
marc-o-polo,Marc O'Polo,"[""Marc OPolo"",""Marc O Polo"",""Marc O’Polo"",""MarcOPolo""]",fashion,,premium,82,active,germany
marc-opolo,Marc O’Polo,"[""Marc O Polo"",""Marc O'Polo"",""MarcOPolo""]",fashion,,fashion,60,active,unknown
marc-o-polo-denim,Marc O'Polo Denim,"[""Marc O’Polo Denim"",""Marc O Polo Denim"",""MarcOPoloDenim""]",fashion,,fashion,70,active,
mardi-mercredi,Mardi Mercredi,"[""MardiMercredi""]",fashion,,premium,74,active,south-korea
marella,Marella,"[""Marella""]",fashion,,premium,72,active,
mareso-milano,Mareso Milano,[],fashion,,fashion,50,active,poland
marie-stella-maris,Marie-Stella-Maris,"[""Marie Stella Maris"",""MarieStellaMaris""]",beauty,,fashion,70,active,netherlands
marilyn,Marilyn,"[""Marilyn"",""Marilyn"",""Marilyn Outlet""]",fashion,,fashion,60,active,poland
marimekko,Marimekko,[],fashion,,premium,78,active,finland
marina-militare,Marina Militare Sportswear,[],fashion,,fashion,60,active,
marina-rinaldi,Marina Rinaldi,"[""MarinaRinaldi""]",fashion,,premium,80,active,italy
marine-layer,Marine Layer,"[""MarineLayer""]",fashion,,premium,74,active,united-states
marithe-francois-girbaud,Marithé François Girbaud,"[""Marithe Francois Girbaud""]",fashion,,premium,72,active,france
mark-and-lona,MARK & LONA,"[""Mark and Lona"",""Mark & Lona"",""MARK and LONA"",""MARK LONA"",""MARKLONA"",""MarkandLona"",""Mark Lona"",""MarkLona""]",sportswear,,premium,74,active,japan
marks-and-spencer,Marks & Spencer,"[""Marks and Spencer"",""M&S"",""Marks Spencer"",""MarksSpencer"",""MarksandSpencer"",""MandS"",""M S"",""MS""]",fashion,,lifestyle,82,active,united-kingdom
marlies-dekkers,Marlies Dekkers,"[""MarliesDekkers""]",fashion,,fashion,60,active,unknown
marni,Marni,[],luxury,,luxury,84,active,italy
marshal,Marshal,[],fashion,,fashion,50,active,
martina-outlet,Martina Outlet,"[""Martina""]",fashion,,lifestyle,50,active,lithuania
marvelis,Marvelis,[],fashion,,fashion,70,active,
masai,Masai Copenhagen,"[""Masai""]",fashion,,fashion,70,active,denmark
mass,Mass,"[""Mass Shoes"",""Mass Store""]",shoes-bags,,lifestyle,58,active,slovenia
master-bunny-edition,Master Bunny Edition,"[""Master Bunny"",""MasterBunnyEdition"",""MasterBunny""]",sportswear,,premium,72,active,japan
mastersport,Mastersport,"[""Mastersport"",""Mastersport"",""Mastersport Outlet""]",sportswear,,fashion,60,active,poland
mastersport-reebok,Mastersport-Reebok,"[""Mastersport-Reebok"",""Mastersport-Reebok"",""Mastersport-Reebok Outlet""]",sportswear,,fashion,60,active,poland
matinique,Matinique,"[""Matinique Copenhagen"",""Matinique menswear"",""MatiniqueMenswear""]",fashion,,premium,74,active,denmark
matou-france,Matou France,"[""Matou France""]",fashion,,fashion,60,active,greece
mavi,Mavi,[],fashion,,premium,70,active,
max-mara,Max Mara,"[""MaxMara""]",luxury,,luxury,88,active,italy
max-and-co,MAX&Co.,"[""MAX and Co"",""Max&Co"",""MAXandCo."",""MAX Co"",""MAXCo"",""MAX & Co"",""Max & Co"",""MAXandCo"",""MaxandCo"",""Max Co"",""MaxCo""]",fashion,,premium,80,active,italy
maxi-cosi,MAXI COSI,[],fashion,,fashion,60,active,unknown
mayoral,Mayoral,[],fashion,,fashion,50,active,
mcgregor,McGregor,[],fashion,,premium,70,active,united-states
mcm,MCM,[],luxury,,luxury,86,active,germany
mcqueen,McQueen,[],fashion,,luxury,70,active,united-kingdom
mc2-saint-barth,MC2 Saint Barth,"[""MC2 ST BARTH""]",fashion,,premium,75,active,italy
mcs,MCS,[],fashion,,fashion,70,active,italy
medi-market,Medi-Market,"[""Medi Market""]",fashion,,fashion,50,active,
medicine,Medicine,"[""Medicine"",""Medicine"",""Medicine Outlet""]",fashion,,fashion,60,active,poland
melby,Melby,[],fashion,,fashion,50,active,
melissa-odabash,Melissa Odabash,[],fashion,,premium,66,active,united-kingdom
melluso,Melluso,[],fashion,,fashion,50,active,
menkind,Menkind,[],accessories,,lifestyle,58,active,united-kingdom
mephisto,Mephisto,[],shoes-bags,,premium,70,active,france
merrell,Merrell,[],sportswear,,sports,82,active,united-states
messi,Messi,"[""Messi Store""]",sportswear,,sports,72,active,argentina
mey,Mey,[],fashion,,fashion,60,active,unknown
michael-kors,Michael Kors,"[""Michael Kors Outlet"",""MichaelKors"",""MichaelKorsOutlet"",""MK""]",shoes-bags,,premium,92,active,united-states
michael-kors-kids,Michael Kors Kids,"[""MichaelKorsKids""]",children,,premium,72,active,united-states
miki-house,Miki House,"[""MIKI HOUSE"",""MikiHouse"",""MIKIHOUSE""]",children,,premium,76,active,japan
mila-owen,Mila Owen,"[""MilaOwen""]",fashion,,premium,74,active,japan
milano-cortina-2026,Milano Cortina 2026,"[""MilanoCortina2026""]",sportswear,,lifestyle,70,active,italy
milano-brands,MILANO THE ITALIAN BRANDS,"[""Milano the Italian Brands"",""MILANO THE ITALIAN BRANDS""]",fashion,,fashion,60,active,italy
millefiori-store,Millefiori store,"[""Millefiori store"",""Millefioristore""]",fashion,,fashion,60,active,
millet,Millet,[],sportswear,,premium,78,active,france
mind-bridge,Mind Bridge,"[""MindBridge""]",fashion,,fashion,70,active,south-korea
miniso,MINISO,[],accessories,,lifestyle,50,active,united-kingdom
mint-velvet,Mint Velvet,"[""MintVelvet""]",fashion,,premium,74,active,united-kingdom
miriade,Miriade,"[""Miriade""]",fashion,,fashion,60,active,
mise-au-green,MISE AU GREEN,[],fashion,,fashion,60,active,unknown
miss-sixty,Miss Sixty,"[""MissSixty""]",fashion,,fashion,70,active,italy
missoni,Missoni,[],luxury,,luxury,86,active,italy
mitsumine,Mitsumine,[],fashion,,premium,68,active,japan
miu-miu,Miu Miu,"[""MiuMiu""]",luxury,,luxury,92,active,italy
mizuno,Mizuno,[],sportswear,,sports,84,active,japan
mlb-korea,MLB Korea,"[""MLB"",""MLBKorea""]",fashion,,lifestyle,76,active,south-korea
modesto-bertotto,Modesto Bertotto,"[""Modesto Bertotto"",""ModestoBertotto""]",fashion,,fashion,60,active,
modeva,Modeva,"[""Modeva""]",fashion,,fashion,60,active,
molly-bracken,Molly Bracken,"[""Molly Bracken""]",fashion,,fashion,62,active,
molton,Molton,"[""Molton"",""Molton"",""Molton Outlet""]",fashion,,fashion,60,active,poland
molton-brown,Molton Brown,"[""MoltonBrown""]",beauty,,premium,80,active,united-kingdom
momoni,Momonì,"[""Momoni""]",fashion,,premium,73,active,italy
moncler,Moncler,[],luxury,,luxury,94,active,france
moncler-grenoble,Moncler Grenoble,"[""MonclerGrenoble""]",sportswear,,luxury,86,active,france
mondadori,MONDADORI,[],fashion,,fashion,50,active,
monica-vinader,Monica Vinader,"[""MonicaVinader""]",jewelry-watches,,premium,80,active,united-kingdom
monkey-park,Monkey Park,"[""Monkey Park""]",services,,lifestyle,45,active,spain
monnalisa,Monnalisa,[],children,,luxury,78,active,italy
monsoon,Monsoon,[],fashion,,lifestyle,60,active,united-kingdom
montblanc,Montblanc,[],jewelry-watches,,luxury,90,active,germany
montezemolo,Montezemolo,[],fashion,,fashion,60,active,
montura,Montura,"[""Montura Store""]",sportswear,,premium,60,active,italy
montu,Montù,[],fashion,,fashion,50,active,
moorer,Moorer,[],fashion,,luxury,82,active,italy
moose-knuckles,Moose Knuckles,"[""MooseKnuckles""]",fashion,,luxury,82,active,canada
more-and-more,More & More,"[""More and More"",""More More"",""MoreMore""]",fashion,,premium,70,active,
morellato,Morellato,[],jewelry-watches,,premium,70,active,italy
morgan,Morgan,"[""Morgan""]",fashion,,fashion,60,active,
morris,Morris,"[""Morris Stockholm"",""Morris Outlet""]",fashion,,premium,68,active,sweden
morrisons,Morrisons,[],food,,lifestyle,60,active,united-kingdom
mos-professional-cosmetics,MOS Professional Cosmetics,[],beauty,,lifestyle,50,active,lithuania
moschino,Moschino,[],luxury,,luxury,88,active,italy
moss,Moss,[],fashion,,lifestyle,70,active,united-kingdom
motel-a-miio,Motel a Miio,"[""MotelaMiio""]",fashion,,fashion,60,active,unknown
mother-earth,Mother Earth,"[""Mother Earth"",""MotherEarth"",""Mother Earth Outlet""]",fashion,,fashion,60,active,poland
mothercare,Mothercare,[],children,,lifestyle,74,active,united-kingdom
motivi,Motivi,[],fashion,,fashion,60,active,
motostore,Motostore,[],sports,,lifestyle,60,active,spain
moulinex,Moulinex,[],home,,lifestyle,70,active,
mountain-warehouse,Mountain Warehouse,"[""MountainWarehouse""]",sportswear,,sports,76,active,united-kingdom
moussy,MOUSSY,"[""Moussy""]",fashion,,premium,74,active,japan
movado,Movado,[],jewelry-watches,,premium,84,active,united-states
mr-marvis,MR MARVIS,"[""MRMARVIS""]",fashion,,fashion,70,active,netherlands
mr-simms,Mr Simms,"[""MrSimms""]",food,,lifestyle,60,active,united-kingdom
mr-wonderful,Mr. Wonderful,[],fashion,,fashion,50,active,
msch-copenhagen,MSCH Copenhagen,[],fashion,,fashion,70,active,denmark
msgm,MSGM,[],fashion,,premium,78,active,italy
muchachomalo,Muchachomalo,[],fashion,,fashion,62,active,netherlands
mulberry,Mulberry,[],shoes-bags,,luxury,86,active,united-kingdom
multiopticas,Multiópticas,"[""Multiópticas""]",eyewear,,lifestyle,60,active,spain
munich,Munich,[],fashion,,fashion,50,active,
munsingwear,Munsingwear,[],sportswear,,sports,68,active,united-states
murmur,murmur,[],home,,lifestyle,60,active,united-kingdom
murua,MURUA,"[""Murua""]",fashion,,fashion,68,active,japan
musinsa-standard,Musinsa Standard,"[""MusinsaStandard""]",fashion,,fashion,72,active,south-korea
mustang,Mustang,"[""Mustang Jeans"",""MustangJeans""]",fashion,,lifestyle,76,active,germany
my-burgenland,my burgenland,"[""myBurgenland"",""myburgenland""]",food,,lifestyle,62,active,austria
my-jewellery,My Jewellery,"[""MyJewellery""]",fashion,,fashion,60,active,unknown
my-kare,MY-KARE,"[""MY KARE"",""MYKARE""]",beauty,,lifestyle,70,active,south-korea
moeve,Möve,"[""Move""]",fashion,,fashion,60,active,unknown
n-natural-beauty-basic,N. Natural Beauty Basic,"[""Natural Beauty Basic"",""N Natural Beauty Basic"",""NNaturalBeautyBasic"",""NaturalBeautyBasic""]",fashion,,fashion,70,active,japan
n-peal,N.Peal,"[""N Peal"",""NPeal""]",fashion,,premium,78,active,united-kingdom
n-peal-cashmere,N.Peal Cashmere,"[""N Peal Cashmere"",""NPealCashmere""]",fashion,,fashion,70,active,
naima,Naïma,"[""Naima""]",beauty,,lifestyle,65,active,italy
name-it,Name It,"[""NAME IT"",""NameIt"",""NAMEIT""]",children,,fashion,74,active,denmark
nano-universe,Nano Universe,"[""nano・universe"",""nano universe"",""NanoUniverse"",""nanouniverse""]",fashion,,premium,76,active,japan
nanso,Nanso,[],fashion,,fashion,58,active,finland
nanan,Nanán,"[""Nanan""]",children,,premium,66,active,italy
napapijri,Napapijri,[],fashion,,premium,82,active,italy
narciso-rodriguez,Narciso Rodriguez,"[""NarcisoRodriguez""]",beauty,,premium,70,active,united-states
nars,NARS,[],beauty,,premium,70,active,france
national-geographic-apparel,National Geographic Apparel,"[""National Geographic"",""NationalGeographic""]",sportswear,,premium,74,active,south-korea
naulover,Naulover,[],fashion,,fashion,50,active,
nautica,Nautica,"[""Nautica Factory Store"",""NauticaFactoryStore""]",fashion,,lifestyle,82,active,united-states
navy-and-green,Navy & Green,"[""Navy and Green""]",fashion,,fashion,60,active,greece
nba-style,NBA Style,"[""NBA"",""NBAStyle""]",sportswear,,lifestyle,72,active,united-states
neom,NEOM,"[""Neom Organics"",""NeomOrganics""]",beauty,,premium,76,active,united-kingdom
neonail,NeoNail,[],beauty,,lifestyle,50,active,
nepa,NEPA,"[""Nepa""]",sportswear,,sports,76,active,south-korea
nepa-kids,NEPA Kids,"[""Nepa Kids"",""NEPAKids"",""NepaKids""]",children,,sports,68,active,south-korea
nespresso,Nespresso,[],home,,premium,70,active,switzerland
neuhaus,Neuhaus,[],food,,fashion,60,active,unknown
new-balance,New Balance,"[""NB"",""New Balance Factory Store"",""NewBalance""]",sportswear,,sports,92,active,united-states
new-era,New Era,"[""New Era Cap"",""NewEra"",""NewEraCap""]",fashion,,lifestyle,76,active,united-states
new-yorker,New Yorker,"[""NEW YORKER"",""NewYorker"",""New Yorker Outlet""]",fashion,,lifestyle,72,active,germany
new-zealand-auckland,New Zealand Auckland,"[""NewZealandAuckland""]",fashion,,fashion,60,active,unknown
next,Next,[],fashion,,lifestyle,80,active,united-kingdom
nice-claup,NICE CLAUP,"[""Nice Claup"",""NICECLAUP"",""NiceClaup""]",fashion,,fashion,68,active,japan
nik-and-nik,NIK&NIK,"[""NIKandNIK"",""NIK NIK"",""NIKNIK""]",fashion,,fashion,60,active,unknown
nike,Nike,"[""Nike Factory Store"",""Nike Unite"",""Nike Outlet"",""NikeFactoryStore"",""NikeUnite"",""NikeOutlet""]",sportswear,,sports,98,active,united-states
nike-factory-store,Nike Factory Store,"[""Nike Outlet""]",fashion,,sports,50,active,
nike-golf,Nike Golf,"[""NikeGolf"",""Nike""]",sportswear,,sports,82,active,united-states
nike-unite,Nike Unite,"[""NikeUnite"",""Nike"",""Nike Outlet""]",fashion,,fashion,70,active,
nikkie,Nikkie,[],fashion,,fashion,60,active,netherlands
nine-west,Nine West,"[""NineWest""]",shoes-bags,,fashion,80,active,united-states
no-label,No Label,"[""NoLabel""]",fashion,,fashion,70,active,netherlands
nobis,Nobis,[],fashion,,premium,78,active,canada
nolley-s,NOLLEY'S,"[""Nolley's"",""Nolleys"",""NOLLEY’S"",""NOLLEY S"",""NOLLEYS"",""Nolley’s"",""Nolley s""]",fashion,,premium,70,active,japan
noon,Noon,[],fashion,,fashion,60,active,spain
nordisk,Nordisk,[],sportswear,,premium,72,active,denmark
noritake,Noritake,[],home,,premium,74,active,japan
norre,Norre,[],fashion,,lifestyle,50,active,lithuania
norrona,Norrøna,"[""Norrona"",""Norröna"",""Norroena"",""Norrøna Outdoor"",""Norrona Outdoor""]",sportswear,,sports,82,active,norway
north-sails,North Sails,"[""NorthSails""]",fashion,,premium,78,active,united-states
northweek,Northweek,[],eyewear,,lifestyle,60,active,spain
not-shy,Not Shy,"[""NotShy""]",fashion,,premium,70,active,france
notshy,NOTSHY,"[""Not Shy""]",fashion,,premium,64,active,france
nove25,NOVE25,"[""Nove25""]",jewelry-watches,,premium,74,active,italy
ns-king-bonus-outlet,NS King BONUS Outlet,"[""NS King Bonus""]",fashion,,fashion,60,active,unknown
nubikk,Nubikk,"[""NUBIKK""]",shoes-bags,,premium,70,active,netherlands
nude-project,Nude Project,"[""NudeProject""]",fashion,,fashion,70,active,spain
nudie-jeans,Nudie Jeans,"[""NudieJeans""]",fashion,,premium,74,active,sweden
nueces,Nueces,"[""Nueces""]",home-lifestyle,,fashion,60,active,greece
numero-uno,Numero Uno,[],fashion,,fashion,60,active,unknown
nur-die,Nur Die,[],fashion,,fashion,50,active,
ny-lab,NY LAB – MULTIBRAND,"[""NY LAB – MULTIBRAND"",""NYLABMULTIBRAND""]",fashion,,fashion,60,active,
nymphes-art-and-jewellery,Nymphes Art & Jewellery,"[""Nymphes Art and Jewellery""]",jewelry-watches,,fashion,60,active,greece
nza-new-zealand-auckland,NZA New Zealand Auckland,"[""NZA"",""New Zealand Auckland""]",fashion,,fashion,65,active,netherlands
n21,N°21,"[""N21"",""Numero Ventuno"",""NumeroVentuno""]",fashion,,luxury,82,active,italy
nunez-de-arenas,Núñez de Arenas,[],fashion,,fashion,60,active,spain
o-bag,O bag,"[""O Bag"",""Obag"",""OBag""]",shoes-bags,,fashion,68,active,italy
oneill,O'Neill,"[""ONeill"",""O Neill"",""O’Neill""]",sportswear,,sports,78,active,united-states
oace,OACE,[],fashion,,fashion,60,active,unknown
oak-and-fort,Oak + Fort,"[""Oak and Fort"",""Oak Fort"",""OakFort"",""Oak & Fort"",""OakandFort""]",fashion,,fashion,72,active,canada
oakley,Oakley,[],eyewear,,sports,86,active,united-states
oakley-vault,Oakley Vault,"[""OakleyVault""]",jewelry-watches,,premium,70,active,
obey,Obey,[],fashion,,fashion,60,active,united-states
occhio-papavassiliou,Occhio Papavassiliou,"[""Occhio Papavassiliou""]",eyewear,,fashion,60,active,greece
ochnik,Ochnik,"[""Ochnik"",""Ochnik"",""Ochnik Outlet""]",fashion,,fashion,60,active,poland
odlo,Odlo,[],sportswear,,sports,78,active,norway
off-price,Off/Price,"[""Off Price""]",fashion,,,50,active,
off-broadway-shoe-warehouse,Off Broadway Shoe Warehouse,[],shoes-bags,,lifestyle,70,active,united-states
off-white,Off-White,"[""Off White"",""OffWhite""]",luxury,,luxury,90,active,italy
oh-gar,Oh!Gar,[],homeware,,lifestyle,60,active,spain
ohoo-outlet,Ohoo Outlet,"[""OHOO Outlet""]",fashion,,fashion,60,active,unknown
okaidi,Okaïdi -Kids fashion,"[""Okaïdi Outlet -Kids fashion"",""Okaidi -Kids fashion"",""Okaïdi Kids fashion"",""Okaidi Kids fashion"",""OkaidiKidsfashion"",""Okaidi Outlet -Kids fashion"",""Okaïdi Outlet Kids fashion"",""Okaidi Outlet Kids fashion""]",fashion,,fashion,60,active,
old-navy,Old Navy,"[""Old Navy Outlet"",""OldNavy"",""OldNavyOutlet""]",fashion,,lifestyle,82,active,united-states
old-ridel,Old Ridel,[],fashion,,fashion,50,active,
olive-des-olive,Olive des Olive,"[""OlivedesOlive""]",fashion,,fashion,68,active,japan
oliver-bonas,Oliver Bonas,"[""OliverBonas""]",fashion,,lifestyle,72,active,united-kingdom
oliviers-and-co,Oliviers & Co,"[""Oliviers and Co"",""O&CO""]",food,,premium,62,active,france
olsen,Olsen,[],fashion,,lifestyle,60,active,germany
oltre,Oltre,[],fashion,,fashion,70,active,italy
olymp,OLYMP,[],fashion,,fashion,70,active,
on,On,[],sportswear,,premium,70,active,switzerland
on-the-common,On The Common,"[""OnTheCommon""]",fashion,,lifestyle,50,active,united-kingdom
one-exchange,One Exchange,"[""One Exchange""]",home-lifestyle,,fashion,60,active,greece
onitsuka-tiger,Onitsuka Tiger,"[""OnitsukaTiger""]",sportswear,,premium,84,active,japan
only,ONLY,[],fashion,,fashion,60,active,
only-and-sons,Only & Sons,"[""Only&Sons"",""Only and Sons"",""Only Sons"",""OnlySons"",""OnlyandSons""]",fashion,,fashion,70,active,denmark
optic-and-co,Optic & Co.,"[""Optic and Co""]",eyewear,,lifestyle,50,active,poland
optio-optika,OptiO Optika,[],eyewear,,lifestyle,50,active,lithuania
optyk-mikulscy,Optyk Mikulscy,"[""Optyk Mikulscy Outlet""]",eyewear,,lifestyle,60,active,poland
opus,Opus,[],fashion,,fashion,60,active,unknown
orange-toys,Orange Toys,"[""Orange Toys""]",kids,,lifestyle,62,active,
orfeo-paris,Orfeo Paris,"[""Orfeo""]",fashion,,fashion,56,active,france
original-marines,ORIGINAL MARINES,[],fashion,,fashion,50,active,
original-penguin,Original Penguin,"[""Penguin"",""OriginalPenguin""]",fashion,,fashion,76,active,united-states
origins,ORIGINS,[],beauty,,fashion,60,active,unknown
orlebar-brown,Orlebar Brown,"[""OrlebarBrown""]",fashion,,premium,76,active,united-kingdom
oro-vivo,Oro Vivo,[],fashion,,fashion,50,active,
oroton,Oroton,[],shoes-bags,,premium,74,active,australia
orrefors-kosta-boda,Orrefors Kosta Boda,"[""Orrefors"",""Kosta Boda"",""Orrefors & Kosta Boda"",""OrreforsKostaBoda"",""KostaBoda""]",home,,premium,78,active,sweden
ortovox,Ortovox,[],sportswear,,premium,70,active,
oscar-jacobson,Oscar Jacobson,"[""OscarJacobson"",""Oscar Jacobson Menswear"",""Oscar Jacobson Golf""]",fashion,,premium,78,active,sweden
osprey,Osprey London,"[""OspreyLondon""]",shoes-bags,,lifestyle,60,active,united-kingdom
osprey-london,OSPREY LONDON,"[""Osprey London"",""OSPREYLONDON"",""OspreyLondon""]",shoes-bags,,premium,72,active,united-kingdom
otter,Otter,[],shoes-bags,,fashion,50,active,unknown
otterbox,OtterBox,[],home,,lifestyle,70,active,united-states
otto-dame,Otto d'Ame,"[""Otto d’Ame"",""OttodAme""]",fashion,,fashion,58,active,italy
ottolenghi,Ottolenghi,[],food-confectionery,,premium,76,active,united-kingdom
outdoor-products,Outdoor Products,"[""OutdoorProducts""]",sportswear,,lifestyle,68,active,united-states
outlet-space,Outlet Space,[],department-store,,lifestyle,50,active,lithuania
outly,OUTLY,"[""Outly""]",accessories,,fashion,60,active,
outsidein,OutsideIn,[],fashion,,lifestyle,60,active,united-kingdom
outly-luxury,OUTLY Luxury,"[""Outly Luxury""]",eyewear,,premium,65,active,italy
oxbow,Oxbow,[],sportswear,,lifestyle,70,active,france
oxford-company,Oxford Company,"[""Oxford Company""]",fashion,,fashion,60,active,greece
oysho,Oysho,[],fashion,,fashion,76,active,spain
parosh,P.A.R.O.S.H.,"[""P.A.R.O.S.H"",""PAROSH"",""P A R O S H""]",fashion,,premium,78,active,italy
pacific-sunwear,PacSun,"[""Pacific Sunwear"",""PacificSunwear""]",fashion,,lifestyle,76,active,united-states
pageboy,PAGEBOY,"[""Pageboy""]",fashion,,fashion,68,active,japan
paige,PAIGE,"[""Paige""]",fashion,,premium,78,active,united-states
pako-lorente,Pako Lorente,"[""Pako Lorente"",""PakoLorente"",""Pako Lorente Outlet""]",fashion,,fashion,60,active,poland
pal-zileri,Pal Zileri,"[""PalZileri""]",fashion,,premium,76,active,italy
palais-des-thes,Palais des Thés,"[""Palais des Thes"",""PalaisdesThes""]",food,,premium,70,active,france
palladium,Palladium,"[""Palladium""]",shoes-bags,,premium,72,active,
panaidis-eyewear-boutique,Panaidis Eyewear Boutique,"[""Panaidis Eyewear Boutique""]",eyewear,,fashion,60,active,greece
pandora,Pandora,[],jewelry-watches,,premium,86,active,denmark
paola-reina,Paola Reina,"[""Paola Reina""]",kids,,lifestyle,62,active,
paolo-pecora-milano,Paolo Pecora Milano,[],fashion,,premium,65,active,italy
paoloni,Paoloni,"[""Paoloni""]",fashion,,premium,72,active,
paragon,Paragon,[],sportswear,,sports,60,active,
parfois,Parfois,[],accessories,,lifestyle,76,active,portugal
paris-optique,Paris Optique,[],eyewear,,lifestyle,50,active,
partioaitta,Partioaitta,"[""Partioaitta Outlet"",""Partioaitta Outdoor"",""Partioaitta Retkeily""]",outdoor,,sports,72,active,finland
patagonia,Patagonia,[],sportswear,,premium,86,active,united-states
patrizia-aryton,Patrizia Aryton,[],fashion,,premium,50,active,
patrizia-pepe,Patrizia Pepe,"[""PatriziaPepe""]",fashion,,fashion,60,active,
paul-and-shark,Paul & Shark,"[""Paul and Shark"",""Paul Shark"",""PaulShark"",""PaulandShark""]",fashion,,premium,82,active,italy
paul-costelloe,Paul Costelloe,"[""PaulCostelloe""]",fashion,,premium,72,active,ireland
paul-le-cafe,PAUL LE CAFÉ,[],food-confectionery,,fashion,60,active,unknown
paul-smith,Paul Smith,"[""PaulSmith""]",fashion,,premium,84,active,united-kingdom
pavers,Pavers,[],shoes-bags,,lifestyle,66,active,united-kingdom
pdpaola,PDPAOLA,[],jewelry-watches,,premium,72,active,spain
peach-john,Peach John,"[""PeachJohn""]",fashion,,fashion,70,active,japan
peacocks,Peacocks,[],fashion,,lifestyle,60,active,united-kingdom
peak-performance,Peak Performance,"[""PeakPerformance""]",sportswear,,sports,76,active,sweden
pearly-gates,Pearly Gates,"[""PearlyGates""]",sportswear,,premium,74,active,japan
pedro-del-hierro,Pedro del Hierro,"[""PedrodelHierro""]",fashion,,premium,76,active,spain
pegador,Pegador,[],fashion,,fashion,60,active,unknown
penhaligons,Penhaligon's,"[""Penhaligons"",""Penhaligon’s"",""Penhaligon s""]",beauty,,luxury,84,active,united-kingdom
pennyblack,Pennyblack,"[""Pennyblack""]",fashion,,premium,72,active,
penti,Penti,[],fashion,,fashion,50,active,unknown
pentik,Pentik,"[""Pentik Outlet"",""Pentik Store"",""Pentik Home""]",home,,lifestyle,70,active,finland
pepe-jeans,Pepe Jeans,"[""PepeJeans""]",fashion,,fashion,80,active,united-kingdom
pepe-jeans-london,Pepe Jeans London,[],fashion,,fashion,50,active,
pere-optika-outlet,Pere Optika Outlet,[],eyewear,,fashion,60,active,unknown
perfect-suit-factory,Perfect Suit Factory,"[""P.S.FA"",""PSFA"",""PerfectSuitFactory"",""P S FA""]",fashion,,fashion,68,active,japan
perfumania,Perfumania,[],beauty,,fashion,72,active,united-states
perry-ellis,Perry Ellis,"[""PerryEllis""]",fashion,,fashion,78,active,united-states
peserico,Peserico,[],fashion,,premium,78,active,italy
peter-thomas-roth,Peter Thomas Roth,"[""PeterThomasRoth""]",beauty,,premium,76,active,united-states
petit-bateau,Petit Bateau,"[""PetitBateau""]",children,,premium,78,active,france
petrol-industries,Petrol Industries,"[""PetrolIndustries""]",fashion,,fashion,68,active,netherlands
peuterey,Peuterey,[],fashion,,premium,80,active,italy
pharmacy295,Pharmacy295,"[""Pharmacy295""]",beauty,,fashion,60,active,greece
phase-eight,Phase Eight,"[""PhaseEight""]",fashion,,premium,72,active,united-kingdom
philipp-plein,Philipp Plein,"[""PhilippPlein""]",luxury,,luxury,88,active,switzerland
phone-outlet,Phone Outlet,"[""PhoneOutlet""]",electronics,,lifestyle,50,active,united-kingdom
pieces,PIECES,[],fashion,,fashion,50,active,
pierre-cardin,Pierre Cardin,"[""pierre cardin"",""PierreCardin""]",fashion,,premium,76,active,france
pitbull,Pitbull,[],fashion,,lifestyle,60,active,poland
pikolinos,Pikolinos,[],fashion,,premium,60,active,spain
pinalli,Pinalli,[],beauty,,fashion,60,active,
pink-victorias-secret,PINK,"[""Victoria’s Secret PINK"",""Victoria Secret PINK"",""Victoria's Secret PINK"",""Victoria s Secret PINK"",""VictoriasSecretPINK"",""VictoriaSecretPINK""]",fashion,,fashion,78,active,united-states
pinko,Pinko,[],fashion,,premium,84,active,italy
piquadro-the-bridge,Piquadro - The Bridge,[],fashion,,fashion,50,active,
piquadro,Piquadro / The Bridge,"[""Piquadro The Bridge"",""PiquadroTheBridge""]",accessories,,fashion,60,active,
playmobil,Playmobil,[],children,,lifestyle,76,active,germany
plaza,PLAZA,"[""Plaza""]",home,,fashion,68,active,japan
pleats-mama,Pleats Mama,"[""PleatsMama""]",shoes-bags,,fashion,70,active,south-korea
plein-sport,Plein Sport,"[""PleinSport""]",sportswear,,premium,72,active,switzerland
pme-legend,PME Legend,"[""PMELegend""]",fashion,,fashion,60,active,unknown
poke-house,Poke House,"[""PokeHouse""]",food,,lifestyle,60,active,
polham,POLHAM,"[""Polham""]",fashion,,fashion,70,active,south-korea
police,Police,[],eyewear,,fashion,72,active,italy
pollini,Pollini,[],shoes-bags,,premium,80,active,italy
polo-ralph-lauren,Polo Ralph Lauren,"[""Polo Ralph Lauren Factory Store"",""Ralph Lauren"",""PoloRalphLauren"",""RalphLauren"",""Polo""]",fashion,,premium,92,active,united-states
polo-ralph-lauren-children,Polo Ralph Lauren Children,"[""Ralph Lauren Children"",""RalphLaurenChildren"",""Ralph Lauren Kids"",""Polo Kids""]",children,,premium,82,active,united-states
polo-ralph-lauren-men,Polo Ralph Lauren Men,"[""Ralph Lauren Men"",""PoloRalphLaurenMen"",""RalphLaurenMen"",""Polo Men""]",fashion,,premium,82,active,united-states
polo-ralph-lauren-women,Polo Ralph Lauren Women,"[""Ralph Lauren Women"",""PoloRalphLaurenWomen"",""RalphLaurenWomen"",""Polo Women""]",fashion,,premium,82,active,united-states
pomellato,Pomellato,[],jewelry-watches,,luxury,84,active,italy
pompea,Pompea,[],fashion,,fashion,50,active,
pop-mart,Pop Mart,"[""POP MART"",""PopMart"",""POPMART""]",home,,lifestyle,74,active,china
porsche-design,Porsche Design,"[""PorscheDesign""]",home,,luxury,82,active,germany
portmeirion,Portmeirion,[],home,,lifestyle,50,active,united-kingdom
pottery-barn-outlet,Pottery Barn Outlet,"[""Pottery Barn"",""PotteryBarnOutlet"",""PotteryBarn""]",home,,premium,78,active,united-states
pourchet,Pourchet,[],shoes-bags,,premium,66,active,france
prada,Prada,[],luxury,,luxury,98,active,italy
premium-sneaker-outlet,Premium Sneaker Outlet,"[""Premium Sneaker""]",fashion,,fashion,60,active,unknown
pretty-ballerinas,Pretty Ballerinas,"[""PrettyBallerinas""]",shoes-bags,,premium,74,active,spain
primigi,Primigi,[],fashion,,fashion,50,active,
primor,Primor,[],beauty,,fashion,50,active,
prince-oliver,Prince Oliver,"[""Prince Oliver""]",fashion,,fashion,60,active,greece
printemps,Printemps,[],fashion,,premium,70,active,france
privilege,Privilege,[],fashion,,fashion,50,active,
pro-image-sports,Pro Image Sports,"[""ProImageSports""]",sportswear,,lifestyle,70,active,united-states
pro7,Pro7,[],electronics,,lifestyle,50,active,lithuania
procook,ProCook,[],home,,lifestyle,68,active,united-kingdom
profuomo,Profuomo,[],fashion,,premium,70,active,netherlands
project-x-paris,Project X Paris,"[""ProjectXParis""]",fashion,,lifestyle,70,active,france
prospecs,Prospecs,[],sportswear,,sports,72,active,south-korea
protest,Protest,[],sportswear,,fashion,60,active,unknown
prochnik,Próchnik,[],fashion,,premium,50,active,
p-s-paul-smith,PS Paul Smith,"[""P.S. Paul Smith"",""PSPaulSmith"",""P S Paul Smith""]",fashion,,premium,78,active,united-kingdom
psycho-bunny,Psycho Bunny,"[""PsychoBunny""]",fashion,,premium,78,active,united-states
puccini,Puccini,"[""Puccini"",""Puccini"",""Puccini Outlet""]",shoes-bags,,fashion,60,active,poland
pull-and-bear,Pull & Bear,[],fashion,,fashion,60,active,spain
puma,PUMA,"[""Puma"",""PUMA Outlet"",""PUMAOutlet""]",sportswear,,sports,92,active,germany
puma-kids,Puma Kids,"[""PumaKids""]",children,,fashion,70,active,germany
punto-blanco,Punto Blanco,[],fashion,,premium,60,active,spain
pupa,Pupa,"[""Pupa Milano""]",beauty,,lifestyle,70,active,italy
pupa-outlet,Pupa Outlet,"[""PupaOutlet""]",beauty,,fashion,60,active,
pure-path,Pure Path,"[""PurePath""]",fashion,,fashion,70,active,netherlands
purificacion-garcia,Purificación García,"[""Purificacion Garcia"",""PurificacionGarcia""]",fashion,,premium,78,active,spain
pushbutton,Pushbutton,[],fashion,,premium,72,active,south-korea
pyrenex,Pyrenex,[],fashion,,premium,68,active,france
original-factory-shop,The Original Factory Shop,"[""Original Factory Shop"",""OriginalFactoryShop""]",department-store,,lifestyle,58,active,united-kingdom
lisca,Lisca,[],fashion,,fashion,60,active,unknown
lonsdale-london,Lonsdale London,[],fashion,,fashion,60,active,unknown
ltb,LTB,[],fashion,,fashion,60,active,unknown
maya-maya,Maya Maya,[],fashion,,fashion,60,active,unknown
mercer,Mercer,[],fashion,,fashion,60,active,unknown
meyba,Meyba,[],fashion,,fashion,60,active,unknown
mylin,MyLin,[],fashion,,fashion,60,active,unknown
off-the-pitch,Off The Pitch,[],fashion,,fashion,60,active,unknown
optika-anda,Optika Anda,[],accessories,,fashion,60,active,unknown
optotim,Optotim,[],accessories,,fashion,60,active,unknown
palmers,Palmers,[],fashion,,fashion,60,active,unknown
polaroid,Polaroid,[],accessories,,fashion,60,active,unknown
oui,Oui,[],fashion,,fashion,50,active,unknown
parfum-outlet,Parfüm Outlet,"[""Parfum Outlet""]",beauty,,fashion,50,active,unknown
parkside,Parkside,[],fashion,,fashion,50,active,unknown
pirex-papir,Pirex Papír,"[""Pirex Papir""]",home-lifestyle,,fashion,50,active,unknown
petroff,Petroff,[],fashion,,fashion,50,active,unknown
maybelline-new-york,Maybelline New York,"[""Maybelline""]",beauty,,fashion,50,active,unknown
nyx-professional-makeup,NYX Professional Makeup,"[""NYX""]",beauty,,fashion,50,active,unknown
peluches-a-gogo,Peluches à Gogo,[],kids,,fashion,50,active,unknown
m-and-s-outlet,M&S Outlet,"[""M&S"",""M&S Outlet"",""Marks & Spencer"",""Marks & Spencer Outlet"",""Marks and Spencer"",""Marks and Spencer Outlet""]",fashion,,premium,84,active,united-kingdom
milano,Milano,[],fashion,,fashion,50,active,unknown
nipas-beauty,Nipa's Beauty,"[""Nipas Beauty"",""Nipa Beauty""]",beauty,,lifestyle,50,active,united-kingdom
pavers-skechers,Pavers / Skechers,"[""Pavers"",""Pavers Skechers"",""Pavers/Skechers"",""Skechers""]",shoes-bags,,lifestyle,66,active,united-kingdom
les-petites-bombes,Les Petites Bombes,"[""LPB Woman""]",fashion,,fashion,60,active,france
massimo-dutti,Massimo Dutti,[],fashion,,premium,76,active,spain
lacroix,Lacroix,[],fashion,,premium,70,active,france
lancaster,Lancaster,[],shoes-bags,,premium,70,active,france
lagostina-home-and-cook,Lagostina - Home & Cook,[],home,,fashion,50,active,italy
lemporio-del-tabacco,L'Emporio del Tabacco,[],fashion,,fashion,50,active,italy
montevago-luxury-bags,Montevago Luxury Bags,[],fashion,,fashion,50,active,italy
nuvola,NUVOLA,[],fashion,,fashion,50,active,italy
pittarosso,PittaRosso,[],fashion,,fashion,50,active,italy
luke-boys,LUKE Boys,"[""Luke Boys""]",fashion,,fashion,50,active,united-kingdom
outlet-sport,Outlet Sport,"[""Outletsport""]",sportswear,,sports,50,active,spain
pepco,PEPCO,"[""Pepco""]",fashion,,lifestyle,60,active,poland
marina-yachting,Marina Yachting,[],fashion,,premium,50,active,italy
outlet-el-corte-ingles,Outlet El Corte Inglés,[],department-store,,lifestyle,50,active,spain
primadonna,Primadonna,[],fashion,,fashion,50,active,italy
promise,Promise,[],fashion,,fashion,50,active,spain
marlu,Marlù,[],jewelry,,fashion,60,active,italy
meltin-wear,Meltin Wear,[],fashion,,fashion,60,active,italy
nero-lab,NERO.lab,[],fashion,,fashion,60,active,italy
nomade-style-in-motion,NŌMADE – Style in motion,[],fashion,,fashion,60,active,italy
opium-milano,Opium Milano,[],fashion,,fashion,60,active,italy
poltronesofa,Poltronesofà,[],home,,lifestyle,60,active,italy
lc-waikiki,LCWAİKİKİ,"[""LC Waikiki"",""LCW""]",fashion,,fashion,60,active,
legraff,LEGRAFF,[],fashion,,fashion,60,active,
lelas-company,LELAS COMPANY,"[""Lelas Company"",""Lelas Parfüm"",""LELAS""]",beauty,,lifestyle,60,active,
lescon,LESCON,[],sportswear,,sports,60,active,
linens,LINENS,"[""LINENS OUTLET"",""Linens Outlet""]",home,,lifestyle,60,active,
loris-parfum,LORİS PARFÜM,"[""Loris Parfüm""]",beauty,,lifestyle,60,active,
loya,LOYA,[],fashion,,fashion,60,active,
lufian,LUFİAN,"[""Lufian""]",fashion,,fashion,60,active,
mad-parfum,MAD PARFÜM,"[""Mad Parfüm""]",beauty,,lifestyle,60,active,
madame-coco,MADAME COCO,"[""Madame Coco""]",home,,lifestyle,60,active,
maraton,MARATON,[],sportswear,,sports,60,active,
melissa,MELİSSA,"[""Melissa""]",fashion,,fashion,60,active,
mi-shop,Mİ SHOP,"[""Mi Shop"",""MI STORE""]",electronics,,lifestyle,60,active,
miss-murem,MISS MUREM,"[""Miss Murem""]",fashion,,fashion,60,active,
mr-diy,MR.D.I.Y,"[""MR. D.I.Y"",""Mr. D.I.Y"",""MR.DIY""]",homeware,,lifestyle,60,active,
osmanli-oud-parfum,OSMANLI OUD PARFÜM,"[""Osmanlı Oud Parfüm""]",beauty,,lifestyle,60,active,
ozdilek,ÖZDİLEK,"[""Özdilek""]",home,,lifestyle,60,active,
ozgur-aksesuar,ÖZGÜR AKSESUAR,"[""Özgür Aksesuar""]",accessories,,lifestyle,60,active,
lizay,Lizay,[],jewelry-watches,,fashion,60,active,
migros,Migros,"[""5M Migros""]",food,,lifestyle,60,active,
nefeli-giyim,Nefeli Giyim,[],fashion,,fashion,60,active,
network,Network,[],fashion,,fashion,60,active,
opmar-optik,Opmar Optik,[],eyewear,,lifestyle,60,active,
osmanli-sarayi-kokulari,Osmanlı Sarayı Kokuları,[],beauty,,lifestyle,60,active,
panco,Panço,[],fashion,,fashion,60,active,
prime-kitap,Prime Kitap,[],books-stationery,,lifestyle,60,active,
les-benjamins,Les Benjamins,[],fashion,,lifestyle,50,active,
lg,LG,[],electronics,,lifestyle,50,active,
media-markt,MEDIA MARKT,"[""Media Markt""]",electronics,,lifestyle,50,active,
mudo,Mudo,"[""MUDO"",""Mudo Concept"",""MUDO CONCEPT""]",home,,lifestyle,50,active,
my-polo-home,MY POLO HOME,"[""My Polo Home""]",home,,lifestyle,50,active,
pintir,PINTIR,"[""Pintir""]",fashion,,lifestyle,50,active,
love-my-body,LOVE MY BODY,"[""LOVE MY BODY""]",fashion,,fashion,50,active,
mclub,MClub,[],beauty,,lifestyle,50,active,
menderes-home,MENDERES HOME,"[""MENDERES HOME""]",home,,lifestyle,50,active,
mion,Mion,[],beauty,,lifestyle,50,active,
muscent-perfume,MUSCENT PERFUME,"[""MUSCENT PERFUME""]",beauty,,lifestyle,50,active,
naramaxx,NARAMAXX,"[""NARAMAXX""]",fashion,,fashion,50,active,
occasion,OCCASION,"[""OCCASION""]",fashion,,fashion,50,active,
oxxo,OXXO,"[""OXXO""]",fashion,,fashion,50,active,
perfume-point,PERFUME POINT,"[""PERFUME POINT""]",beauty,,lifestyle,50,active,
mr-cep,Mr. Cep,[],electronics,,lifestyle,50,active,
n-sport,N Sport,[],sportswear,,sports,50,active,
neva-kuruyemis,Neva Kuruyemiş,[],food,,lifestyle,50,active,
nocturne,Nocturne,[],fashion,,fashion,50,active,
ozaltin-kuyumculuk,Özaltın Kuyumculuk,[],jewelry-watches,,premium,50,active,
madam-home,Madam Home,[],home,,lifestyle,50,active,
manche,Manche,[],fashion,,fashion,50,active,
miracle-woman,Miracle Woman,[],shoes-bags,,fashion,50,active,
morven,Morven,[],fashion,,fashion,50,active,
oxo-aksesuar,Oxo Aksesuar,[],accessories,,lifestyle,50,active,
palmiye,Palmiye,[],beauty,,lifestyle,50,active,
palmiye-soap-house,Palmiye Soap House,[],beauty,,lifestyle,50,active,
perotti,Perotti,[],home,,lifestyle,50,active,
lamodameda,Lamodameda,[],fashion,,fashion,50,active,
matmazel,Matmazel,[],shoes-bags,,fashion,50,active,
mizalle,Mizalle,[],fashion,,fashion,50,active,
modanisa,Modanisa,[],fashion,,fashion,50,active,
parle-paris,Parlé Paris,[],fashion,,fashion,50,active,
paulmark,Paulmark,[],fashion,,fashion,50,active,
pink-and-more,Pink & More,[],home,,lifestyle,50,active,
laura-bella,LAURA BELLA,[],fashion,,lifestyle,50,active,
lcw-dream,LCW DREAM,[],fashion,,fashion,50,active,
lcw-xside,LCW XSIDE,[],fashion,,fashion,50,active,
lui-jo-milano,LUI JO MILANO,[],fashion,,lifestyle,50,active,
mado,Mado,"[""Mado Dondurma""]",food,,lifestyle,50,active,
manuka,MANUKA,[],fashion,,lifestyle,50,active,
minikido,MİNİKİDO,[],fashion,,fashion,50,active,
mudo-collection,MUDO COLLECTION,[],fashion,,fashion,50,active,
nomination-italy,NOMINATION ITALY,[],jewelry-watches,,lifestyle,50,active,
opticity,OPTICITY,[],eyewear,,lifestyle,50,active,
orients-silver,ORİENT'S SİLVER,[],jewelry-watches,,lifestyle,50,active,
perge-kuyumculuk,PERGE KUYUMCULUK,[],jewelry-watches,,lifestyle,50,active,
piserro,PİSERRO,[],fashion,,lifestyle,50,active,
polo-garage,POLO GARAGE,[],fashion,,lifestyle,50,active,
purpur-accessories,PURPUR ACCESSORIES,[],accessories,,lifestyle,50,active,
lome-kids,Lome Kids,[],kids,,lifestyle,50,active,unknown
little-castle,Little Castle,[],kids,,lifestyle,50,active,unknown
lifestyle,Lifestyle,[],fashion,,fashion,50,active,unknown
luxe-marca,Luxe Marca,[],fashion,,fashion,50,active,unknown
mr-grey,Mr. Grey,[],fashion,,fashion,50,active,unknown
mumuso,Mumuso,[],gifts,,lifestyle,50,active,unknown
menbur,Menbur,[],fashion,,fashion,50,active,unknown
ontime,Ontime,[],jewelry-watches,,lifestyle,50,active,unknown
pharmacy-for-less,Pharmacy For Less,[],health-beauty,,lifestyle,50,active,unknown
optic-art-optical,Optic Art Optical,[],eyewear,,lifestyle,50,active,unknown
optics-for-less,Optics for Less,[],eyewear,,lifestyle,50,active,unknown
nu-athlete,Nu Athlete,[],sportswear,,sports,50,active,unknown
myshops,Myshops,[],fashion,,fashion,50,active,unknown
logo-opia,Logo Opia,[],fashion,,fashion,50,active,unknown
lulu-hypermarket,Lulu Hypermarket,[],department-store,,lifestyle,50,active,unknown
lenskart,Lenskart,[],eyewear,,lifestyle,50,active,unknown
notino-gallery,Notino Gallery,[],beauty,,lifestyle,50,active,unknown
mario-barutti,Mario Barutti,[],fashion,,fashion,50,active,unknown
lily-s,Lily's,[],fashion,,fashion,50,active,unknown
la-zotti,La Zotti,[],fashion,,fashion,50,active,unknown
louis-feraud,Louis Feraud,[],fashion,,fashion,50,active,unknown
optivision,OptiVision,[],eyewear,,lifestyle,50,active,unknown
molini,Molini,[],fashion,,fashion,50,active,unknown
native-art-gallery,Native Art Gallery,[],gifts,,lifestyle,50,active,unknown
let-s-vape,Let's Vape,[],accessories,,lifestyle,50,active,unknown
orlando-sports,Orlando Sports,[],sportswear,,sports,50,active,unknown
nishat-linen,Nishat Linen,[],fashion,,fashion,50,active,unknown
nayomi,Nayomi,[],fashion,,fashion,50,active,unknown
necktie-corner,Necktie Corner,[],fashion,,fashion,50,active,unknown
little-angels,Little Angels,[],kids,,lifestyle,50,active,unknown
olivia-burton,Olivia Burton,[],jewelry-watches,,lifestyle,50,active,unknown
priceless,Priceless,[],fashion,,fashion,50,active,unknown
mario-bruni,Mario Bruni,[],fashion,,fashion,50,active,unknown
la-vie-en-rose,La Vie En Rose,[],fashion,,fashion,50,active,unknown
la-senza,La Senza,[],fashion,,fashion,50,active,unknown
osvaldo-sabatini,Osvaldo Sabatini,[],fashion,,fashion,50,active,unknown
opera-shoes,Opera Shoes,[],shoes-bags,,lifestyle,50,active,unknown
petra-cosmetics,Petra Cosmetics,[],beauty,,lifestyle,50,active,unknown
l-l-bean,L.L.Bean,[],fashion,,,50,active,
lephil,Lephil,[],fashion,,,50,active,
lily-brown,Lily Brown,[],fashion,,,50,active,
mackintosh,Mackintosh,[],fashion,,,50,active,
maison-kitsune,Maison Kitsuné,[],fashion,,,50,active,
maison-special,Maison Special,[],fashion,,,50,active,
margaret-howell,Margaret Howell,[],fashion,,,50,active,
mezzo-piano,Mezzo Piano,[],kids,,,50,active,
new-balance-golf,New Balance Golf,[],sportswear,,,50,active,
orobianco,Orobianco,[],fashion,,,50,active,
patou,Patou,[],fashion,,,50,active,
ping,Ping,[],sportswear,,,50,active,
pokemon-store,Pokemon Store,[],kids,,,50,active,
pierre-marcolini,Pierre Marcolini,[],food-chocolate,,,50,active,
madras-lanvin-collection,madras / LANVIN COLLECTION,[],fashion,,lifestyle,50,active,
niko-and,niko and...,[],fashion,,lifestyle,50,active,
nihonbashi-kiya,Nihonbashi Kiya,[],homeware,,lifestyle,50,active,
lunetterie,Lunetterie,[],eyewear,,lifestyle,50,active,
lovot-store-lab,LOVOT Store lab.,[],electronics,,lifestyle,50,active,
oriental-traffic,ORiental TRaffic,[],shoes-bags,,lifestyle,50,active,
nicole,NICOLE,[],fashion,,lifestyle,50,active,
matsumoto-kiyoshi,Matsumoto Kiyoshi OUTLET,[],health-beauty,,lifestyle,50,active,
papas-mademoiselle-nonnon,PAPAS/MADEMOISELLE NONNON,[],fashion,,lifestyle,50,active,
pallas-palace,PAL'LAS PALACE,[],fashion,,lifestyle,50,active,
mont-bell,mont-bell,"[""Montbell"",""mont-bell/mont-bell factory outlet""]",outdoor,,lifestyle,50,active,
paul-smith-underwear,Paul Smith UNDERWEAR,[],fashion,,lifestyle,50,active,
mila-owen-celford,Mila Owen / CELFORD,[],fashion,,lifestyle,50,active,
mackintosh-philosophy,MACKINTOSH PHILOSOPHY,[],fashion,,lifestyle,50,active,
mackintosh-london,MACKINTOSH LONDON,[],fashion,,lifestyle,50,active,
moda-claire,Moda Claire,"[""Moda Claire Outlet""]",fashion,,lifestyle,50,active,
nishikawa,nishikawa,[],home,,lifestyle,50,active,
paul-stuart,Paul Stuart,[],fashion,,lifestyle,50,active,
lucien-pellat-finet-jacob-coen,lucien pellat-finet / Jacob coen,[],fashion,,lifestyle,50,active,
lanvin-collection,LANVIN COLLECTION,[],fashion,,lifestyle,50,active,
mercedes-benz,Mercedes-Benz,[],electronics,,lifestyle,50,active,
manolo-blahnik-fragrance-outlet,MANOLO BLAHNIK / FRAGRANCE OUTLET,[],shoes-bags,,lifestyle,50,active,
paul-smith-bag,Paul Smith BAG,[],shoes-bags,,lifestyle,50,active,
pasand-by-ne-quittez-pas,Pasand by ne Quittez pas,[],fashion,,lifestyle,50,active,
pxg,PXG,[],sportswear,,lifestyle,50,active,
meijiya,Meijiya,"[""Meijiya OUTLET"",""Meidi-Ya""]",food,,lifestyle,50,active,
lupicia-bon-marche,Lupicia Bon Marche,[],food,,lifestyle,50,active,
patisserie-sadaharu-aoki-paris,Patisserie Sadaharu AOKI Paris,[],food-confectionery,,lifestyle,50,active,
laline,Laline,[],lifestyle,,lifestyle,50,active,
lhp,Lhp,[],lifestyle,,lifestyle,50,active,
logos,Logos,[],lifestyle,,lifestyle,50,active,
madras,Madras,[],lifestyle,,lifestyle,50,active,
mamanoreform,Mamanoreform,[],lifestyle,,lifestyle,50,active,
mary-quant,Mary Quant,[],lifestyle,,lifestyle,50,active,
mercuryduo,Mercuryduo,[],lifestyle,,lifestyle,50,active,
mountain-hardware,Mountain Hardware,[],lifestyle,,lifestyle,50,active,
mystic,Mystic,[],lifestyle,,lifestyle,50,active,
owndays,Owndays,[],lifestyle,,lifestyle,50,active,
pet-paradise,Pet Paradise,[],lifestyle,,lifestyle,50,active,
lanecrawford,LANECRAWFORD,[],department-store,,fashion,60,active,
laurel,Laurèl,[],fashion,,fashion,60,active,
lenscrafters,LensCrafters,[],eyewear,,fashion,60,active,
less,LESS,[],fashion,,fashion,60,active,
let-s-vintage,LET'S VINTAGE,[],fashion,,fashion,60,active,
maia-active,MAIA ACTIVE,[],sportswear,,sports,60,active,
marisfrolg,Marisfrolg,[],fashion,,fashion,60,active,
mo-co,MO&Co.,[],fashion,,fashion,60,active,
monologue,MONOLOGUE,[],jewelry-watches,,fashion,60,active,
moodytiger,moodytiger,[],kids,,fashion,60,active,
mugen-optical,Mugen Optical,[],eyewear,,fashion,60,active,
neiwai,NEIWAI,[],fashion,,fashion,60,active,
new-balance-kids,new balance kids,[],kids,,fashion,60,active,
nice-rice,Nice Rice,[],fashion,,fashion,60,active,
papito,PAPITO,[],kids,,fashion,60,active,
paw-in-paw,Paw in Paw,[],kids,,fashion,60,active,
ports,PORTS,[],fashion,,fashion,60,active,
lc-waikiki-kids,LC Waikiki Kids,"[""LC Waikiki Kids""]",kids,,lifestyle,65,active,turkey
masterpiece,Masterpiece,[],fashion,,fashion,60,active,
melrose,Melrose,[],fashion,,fashion,60,active,
mens-bigi,Men's Bigi,[],fashion,,fashion,60,active,
mens-melrose,Men's Melrose,[],fashion,,fashion,60,active,
override,Override,[],fashion,,fashion,60,active,
pet-three,Pet Three,[],lifestyle,,lifestyle,60,active,
petit-main,Petit Main,[],fashion,,fashion,60,active,
plantation,Plantation,[],fashion,,fashion,60,active,
pom-ponette,Pom Ponette,[],fashion,,fashion,60,active,
lautreamont,Lautreamont,[],fashion,,fashion,60,active,
leonard,Leonard,[],fashion,,premium,60,active,
lavenham,Lavenham,[],fashion,,,60,active,
le-souk,Le Souk,"[""LE SOUK""]",fashion,,,60,active,
leilian,Leilian,[],fashion,,,60,active,
life,.LIFE,[],electronics,,lifestyle,50,active,unknown
mlab,MLAB,[],travel,,lifestyle,50,active,unknown
o-b-outlet-store-geox,"O&B OUTLET STORE, GEOX","[""O B OUTLET STORE, GEOX""]",shoes-bags,,fashion,50,active,unknown
omazz,OMAZZ,[],home,,lifestyle,50,active,unknown
origani,ORIGANI,[],beauty,,lifestyle,50,active,unknown
outlet-by-club-21,OUTLET BY CLUB 21,[],fashion,,fashion,50,active,unknown
pasaya,PASAYA,[],home,,lifestyle,50,active,unknown
polo-world,POLO WORLD,[],travel,,lifestyle,50,active,unknown
pomelo-outlet,POMELO OUTLET,[],fashion,,fashion,50,active,unknown
pp-space,PP SPACE,[],fashion,,fashion,50,active,unknown
lap,LAP,[],fashion,,fashion,50,active,
lee-sup-sup,LEE<sup>®</sup>,[],fashion,,fashion,50,active,
levis-sup-sup-outlet-store,Levi's<sup>®</sup> Outlet Store,[],fashion,,fashion,50,active,
lf-acc-multi,LF Acc Multi,[],fashion,,fashion,50,active,
lg-bestshop,LG Bestshop,[],lifestyle,,lifestyle,50,active,
line,Line,[],fashion,,fashion,50,active,
list,List,[],fashion,,fashion,50,active,
loeuvre,LOEUVRE,[],fashion,,fashion,50,active,
look-optics,Look Optics,[],fashion,,fashion,50,active,
look-optics-pes,Look Optics(PES),[],fashion,,fashion,50,active,
lucky-chouette-atelier,Lucky Chouette/Atelier,[],fashion,,fashion,50,active,
luxottica,luxottica,"[""Luxottica""]",fashion,,fashion,50,active,
lynn,LYNN,[],fashion,,fashion,50,active,
lynn-moe,Lynn/Moe,[],fashion,,fashion,50,active,
magicedition-by-room-seven,MagicEdition by Room Seven,[],fashion,,fashion,50,active,
melium-designer-outlet,Melium Designer Outlet,[],fashion,,fashion,50,active,
metrocity,MetroCity,[],fashion,,fashion,50,active,
mmlg,MMLG,[],fashion,,fashion,50,active,
moimolon,Moimolon,[],fashion,,fashion,50,active,
montigo,Montigo,[],lifestyle,,lifestyle,50,active,
my-little-tiger,My Little Tiger,[],fashion,,fashion,50,active,
mynews,myNEWS,[],lifestyle,,lifestyle,50,active,
no-brand,NO BRAND,[],lifestyle,,lifestyle,50,active,
no-manual,No manual,[],fashion,,fashion,50,active,
nordisk-pes,Nordisk(PES),[],sports,,sports,50,active,
o2nd,O'2ND,[],fashion,,fashion,50,active,
obermain,Obermain,[],fashion,,fashion,50,active,
obscura,Obscura,[],fashion,,fashion,50,active,
obzee,OBZEE,[],fashion,,fashion,50,active,
oilily,Oilily,[],luxury,,luxury,50,active,
oilive-young,Oilive Young,[],fashion,,fashion,50,active,
olive-young,Olive young,[],lifestyle,,lifestyle,50,active,
olzen,Olzen,[],fashion,,fashion,50,active,
on-and-on,On&On,[],fashion,,fashion,50,active,
openrunproject,OpenRunProject,[],fashion,,fashion,50,active,
oryany,Oryany,[],fashion,,fashion,50,active,
paju-market,PAJU MARKET,[],lifestyle,,lifestyle,50,active,
pedro-outlet,Pedro Outlet,[],fashion,,fashion,50,active,
perfume-gallery-pes,Perfume Gallery(PES),[],fashion,,fashion,50,active,
philipp-plein-golf,Philipp Plein Golf,[],sports,,sports,50,active,
ping-golf,Ping golf,[],sports,,sports,50,active,
plastic-island,PLASTIC ISLAND,"[""Plastic Island""]",fashion,,fashion,50,active,
platform-place,Platform Place,[],luxury,,luxury,50,active,
point-convenience-store,Point Convenience Store,[],lifestyle,,lifestyle,50,active,
polham-kids,Polham Kids,[],fashion,,fashion,50,active,
poney-outlet,Poney Outlet,[],fashion,,fashion,50,active,
prendang,Prendang,[],fashion,,fashion,50,active,
r-and-b,R&B,"[""R and B"",""R&B Fashion""]",fashion,,fashion,60,active,
terraces,Terraces,"[""Terraces Outlet"",""Terraces Menswear""]",fashion,,fashion,45,active,united-kingdom
q-pot,Q-pot.,"[""Q-pot"",""Q pot"",""Qpot""]",jewelry-watches,,fashion,66,active,japan
quapi,Quapi,[],kids,,fashion,58,active,netherlands
quba-sails,Quba Sails,"[""QubaSails""]",fashion,,lifestyle,60,active,united-kingdom
quiksilver,Quiksilver,[],sportswear,,sports,82,active,united-states
randr-boutique,R&R Boutique,[],fashion,,fashion,60,active,unknown
rm-williams,R.M.Williams,"[""R.M. Williams"",""RM Williams"",""R M Williams"",""RMWilliams""]",shoes-bags,,premium,80,active,australia
rab,Rab,[],sportswear,,premium,76,active,united-kingdom
rabanne,Rabanne,[],fashion,,luxury,70,active,france
rack-room-shoes,Rack Room Shoes,"[""RackRoomShoes""]",shoes-bags,,lifestyle,72,active,united-states
rademar-outlet,Rademar Outlet,"[""Rademar""]",fashion,,fashion,60,active,unknown
radley,Radley,[],shoes-bags,,premium,74,active,united-kingdom
rado,Rado,[],jewelry-watches,,fashion,70,active,switzerland
rag-and-bone,rag & bone,"[""Rag and Bone"",""Rag & Bone"",""rag and bone"",""rag bone"",""ragbone"",""RagandBone"",""Rag Bone"",""RagBone""]",fashion,,premium,84,active,united-states
raging-bull,Raging Bull,"[""RagingBull""]",fashion,,lifestyle,60,active,united-kingdom
ragno,RAGNO,[],fashion,,fashion,50,active,
ragwear,Ragwear,[],fashion,,premium,70,active,
rahva-raamat,Rahva Raamat,[],books-toys,,fashion,60,active,unknown
rainbow,Rainbow,[],fashion,,lifestyle,68,active,united-states
rally-house,Rally House,"[""RallyHouse""]",sportswear,,lifestyle,70,active,united-states
ralph-lauren,Ralph Lauren,[],fashion,,fashion,50,active,
ralph-lauren-children,Ralph Lauren Children,"[""Polo Ralph Lauren Children"",""RalphLaurenChildren""]",children,,premium,80,active,united-states
ralph-lauren-home,Ralph Lauren Home,"[""RalphLaurenHome""]",fashion,,premium,70,active,
rampal-latour,Rampal Latour,"[""RampalLatour""]",beauty,,lifestyle,70,active,france
ravensburger,Ravensburger,[],children,,lifestyle,70,active,germany
ray-ban,Ray-Ban,"[""Ray Ban"",""RayBan""]",eyewear,,premium,90,active,united-states
rebecca-minkoff,Rebecca Minkoff,"[""RebeccaMinkoff""]",shoes-bags,,premium,76,active,united-states
rebel-queen,Rebel Queen,"[""RebelQueen""]",fashion,,fashion,68,active,italy
recman,Recman,[],fashion,,fashion,58,active,poland
recto,RECTO,"[""Recto""]",fashion,,premium,74,active,south-korea
red-bull-world,Red Bull World,"[""Red Bull"",""RedBullWorld"",""RedBull""]",sportswear,,lifestyle,72,active,austria
reebok,Reebok,"[""Reebok Outlet"",""ReebokOutlet""]",sportswear,,sports,86,active,united-states
refa,ReFa,"[""Refa""]",beauty,,premium,74,active,japan
refrigiwear,RefrigiWear,[],fashion,,premium,78,active,united-states
refrigue,Refrigue,[],fashion,,lifestyle,70,active,portugal
regal,REGAL,"[""Regal""]",shoes-bags,,premium,72,active,japan
regatta-great-outdoors,Regatta Great Outdoors,"[""Regatta"",""RegattaGreatOutdoors""]",sportswear,,lifestyle,60,active,united-kingdom
regatta-x-craghoppers,Regatta x Craghoppers,"[""Regatta x Craghoppers Outlet"",""RegattaxCraghoppers""]",outdoor,,lifestyle,60,active,united-kingdom
regis,Regis,[],beauty,,lifestyle,58,active,united-kingdom
reima,Reima,"[""Reima Outlet""]",children,,sports,68,active,finland
reiss,Reiss,[],fashion,,premium,82,active,united-kingdom
remonte,Remonte,"[""Remonte""]",shoes-bags,,fashion,62,active,
rene-caovilla,Rene Caovilla,"[""Renè Caovilla"",""René Caovilla"",""ReneCaovilla""]",shoes-bags,,luxury,84,active,italy
rene-lezard,Rene Lezard,"[""ReneLezard""]",fashion,,premium,70,active,
repetto,Repetto,[],shoes-bags,,premium,70,active,france
replay,Replay,[],fashion,,premium,82,active,italy
republica,Republica,[],fashion,,fashion,50,active,
retail-phone-accessories,Retail Phone Accessories,[],electronics,,lifestyle,50,active,united-kingdom
rh-plus,Rh+,"[""Rh+"",""Rh""]",fashion,,fashion,60,active,
riani,Riani,[],fashion,,premium,74,active,germany
rich-and-royal,Rich & Royal,"[""Rich and Royal"",""Rich Royal"",""RichRoyal""]",fashion,,premium,70,active,
riedel,Riedel,[],home,,premium,76,active,austria
rienda,rienda,"[""Rienda""]",fashion,,fashion,68,active,japan
rimowa,RIMOWA,"[""Rimowa""]",home,,luxury,84,active,germany
rinoandpelle,Rino&Pelle,"[""Rino&Pelle"",""Rino & Pelle""]",fashion,,fashion,62,active,
rip-curl,Rip Curl,[],fashion,,fashion,50,active,
rinascimento,Rinascimento,[],fashion,,fashion,70,active,italy
rituals,Rituals,"[""Rituals Cosmetics"",""RitualsCosmetics""]",beauty,,premium,80,active,netherlands
river-woods,River Woods,"[""RiverWoods""]",fashion,,fashion,60,active,unknown
rixo,RIXO,"[""Rixo""]",fashion,,premium,78,active,united-kingdom
robert-graham,Robert Graham,"[""RobertGraham""]",fashion,,premium,74,active,united-states
roberto-cavalli,Roberto Cavalli,"[""RobertoCavalli""]",luxury,,luxury,88,active,italy
roberto-coin,Roberto Coin,"[""RobertoCoin""]",jewelry-watches,,luxury,84,active,italy
roberto-verino,Roberto Verino,"[""RobertoVerino""]",fashion,,premium,74,active,spain
rockport,Rockport,[],shoes-bags,,lifestyle,78,active,united-states
rococo,Rococo,"[""Rococo""]",fashion,,fashion,60,active,greece
rococo-uomo,Rococo Uomo,"[""Rococo Uomo""]",fashion,,fashion,60,active,greece
rodd-and-gunn,Rodd & Gunn,"[""Rodd and Gunn"",""Rodd Gunn"",""RoddGunn""]",fashion,,lifestyle,60,active,united-kingdom
roeckl,Roeckl,[],shoes-bags,,premium,70,active,
roger-vivier,Roger Vivier,"[""RogerVivier""]",shoes-bags,,luxury,88,active,france
rohan,Rohan,[],sportswear,,lifestyle,68,active,united-kingdom
roman,Roman,[],fashion,,lifestyle,60,active,united-kingdom
romeo-gigli,Romeo Gigli,"[""RomeoGigli""]",fashion,,premium,60,active,italy
roncato,Roncato,[],accessories,,fashion,60,active,
rope-picnic,Rope Picnic,"[""ROPE PICNIC"",""RopePicnic"",""ROPEPICNIC""]",fashion,,fashion,70,active,japan
rosendahl-design-group,Rosendahl Design Group,"[""Rosendahl""]",home,,fashion,70,active,denmark
rosenthal,Rosenthal,[],home,,lifestyle,70,active,
rossignol,Rossignol,[],sportswear,,premium,82,active,france
rossmann,Rossmann,"[""Rossmann"",""Rossmann"",""Rossmann Outlet""]",beauty,,fashion,60,active,poland
rowenta,Rowenta,[],home,,premium,65,active,germany
roxy,Roxy,[],sportswear,,sports,78,active,united-states
roy-robson,Roy Robson,"[""RoyRobson""]",fashion,,fashion,70,active,
roy-rogers,Roy Roger’s,"[""Roy Roger's"",""Roy Rogers"",""Roy Roger s"",""RoyRogers""]",fashion,,premium,76,active,italy
royal-copenhagen,Royal Copenhagen,"[""Royal Copenhagen Outlet""]",home,,fashion,70,active,denmark
royal-smoke,Royal Smoke,[],home-lifestyle,,lifestyle,50,active,lithuania
rtv-euro-agd,RTV Euro AGD,"[""RTV Euro AGD"",""RTVEuroAGD"",""RTV Euro AGD Outlet""]",electronics,,fashion,60,active,poland
rue21,rue21,"[""Rue21""]",fashion,,lifestyle,72,active,united-states
rukka,Rukka,"[""Rukka Outlet"",""RukkaOutlet""]",fashion,,fashion,60,active,
rumi,RUMI,"[""Rumi""]",fashion,,lifestyle,66,active,united-states
russell-and-bromley,Russell & Bromley,"[""Russell and Bromley"",""Russell Bromley"",""RussellBromley""]",shoes-bags,,lifestyle,50,active,united-kingdom
russell-athletic,Russell Athletic,"[""Russell"",""RussellAthletic""]",sportswear,,sports,76,active,united-states
rvca,RVCA,[],sportswear,,lifestyle,72,active,united-states
rylko,Ryłko,"[""Ryłko"",""Ryłko"",""Ryłko Outlet""]",shoes-bags,,fashion,60,active,poland
roesle,Rösle,"[""Rosle""]",fashion,,fashion,60,active,unknown
s-c-o-u-t,S.C.O.U.T.,[],fashion,,fashion,50,active,
s-oliver,s.Oliver,"[""s Oliver"",""sOliver""]",fashion,,fashion,72,active,germany
sabon,Sabon,[],beauty,,fashion,50,active,unknown
st-dupont,S.T. Dupont,"[""ST Dupont"",""S T Dupont""]",luxury,,luxury,72,active,france
sabor-a-espana,Sabor a España,"[""Sabor a Espana"",""SaboraEspana""]",food,,lifestyle,65,active,spain
sacai,sacai,"[""Sacai""]",luxury,,luxury,84,active,japan
safety-1st,Safety 1st,"[""Safety1st""]",children,,lifestyle,66,active,united-states
sagiakos,Sagiakos,"[""Sagiakos""]",fashion,,fashion,60,active,greece
sail-racing,Sail Racing,"[""SailRacing"",""Sail Racing International"",""Sail Racing Sportswear""]",sportswear,,sports,76,active,sweden
saint-laurent,Saint Laurent,"[""Yves Saint Laurent"",""YSL"",""Saint Laurent"",""SaintLaurent"",""YvesSaintLaurent""]",luxury,,luxury,96,active,france
saks-off-5th,Saks OFF 5TH,"[""Saks Fifth Avenue OFF 5TH"",""Saks Off 5th"",""SaksOFF5TH"",""SaksOff5th""]",fashion,,premium,84,active,united-states
salamander-outlet,Salamander Outlet,"[""Salamander""]",fashion,,fashion,60,active,unknown
salewa,Salewa,[],fashion,,fashion,60,active,unknown
salomon,Salomon,[],sportswear,,sports,86,active,france
salsa,Salsa,"[""Salsa""]",fashion,,fashion,62,active,
salsa-jeans,Salsa Jeans,[],fashion,,fashion,50,active,
saltrock,Saltrock,[],fashion,,lifestyle,60,active,united-kingdom
salvatore-ferragamo,Salvatore Ferragamo,"[""SalvatoreFerragamo""]",luxury,,fashion,70,active,italy
samanta-lingerie,Samanta Lingerie,"[""Samanta""]",fashion,,fashion,56,active,poland
sambonet,Sambonet,"[""Sambonet Paderno""]",home-lifestyle,,premium,60,active,italy
samsonite,Samsonite,[],shoes-bags,,premium,86,active,united-states
samsoe-samsoe,Samsøe Samsøe,"[""Samsoe Samsoe""]",fashion,,fashion,70,active,denmark
sand-copenhagen,Sand Copenhagen,"[""SAND"",""Sand"",""SAND Copenhagen"",""SandCopenhagen""]",fashion,,premium,76,active,denmark
sandro,Sandro,[],fashion,,premium,86,active,france
sandro-ferrone,Sandro Ferrone,"[""SandroFerrone""]",fashion,,fashion,72,active,italy
sandro-kids,Sandro Kids,[],fashion,,fashion,50,active,
sanrio,Sanrio,[],children,,lifestyle,72,active,japan
santoni,Santoni,[],shoes-bags,,luxury,84,active,italy
sas-factory-shoe-store,SAS Factory Shoe Store,"[""SAS Shoes"",""San Antonio Shoemakers"",""SASFactoryShoeStore"",""SASShoes"",""SanAntonioShoemakers""]",shoes-bags,,lifestyle,72,active,united-states
sash-and-co,Sash & Co,"[""Sash and Co"",""Sash Co"",""SashCo"",""SashandCo""]",jewelry-watches,,lifestyle,55,active,united-kingdom
satch,Satch,[],fashion,,fashion,70,active,
saucony,Saucony,[],sportswear,,sports,80,active,united-states
save-the-duck,Save The Duck,"[""SaveTheDuck""]",fashion,,premium,78,active,italy
sbs,SBS,"[""SBS""]",fashion,,fashion,60,active,
scalpers,Scalpers,[],fashion,,premium,76,active,spain
scalpers-woman,Scalpers Woman,"[""ScalpersWoman""]",fashion,,fashion,70,active,spain
scamp-and-dude,Scamp & Dude,"[""Scamp and Dude"",""Scamp Dude"",""ScampDude"",""ScampandDude""]",fashion,,lifestyle,66,active,united-kingdom
scarpa,SCARPA,"[""Scarpa""]",sportswear,,premium,76,active,italy
scents,Scents,[],home,,fashion,70,active,netherlands
schiesser,Schiesser,[],fashion,,fashion,60,active,unknown
schlossberg,Schlossberg,"[""Schlossberg Outlet"",""SchlossbergOutlet""]",fashion,,fashion,60,active,
schott,Schott,[],fashion,,premium,70,active,united-states
schuh,Schuh,[],shoes-bags,,lifestyle,70,active,united-kingdom
schoffel,Schöffel,"[""Schoffel""]",fashion,,premium,70,active,
scorett,Scorett,"[""Scorett Shoes"",""Scorett Footwear"",""Scorett Outlet""]",shoes-bags,,fashion,72,active,sweden
scorpion-bay,Scorpion Bay,[],fashion,,fashion,50,active,
scotch-and-soda,Scotch & Soda,"[""Scotch and Soda"",""Scotch Soda"",""ScotchSoda"",""ScotchandSoda""]",fashion,,premium,80,active,netherlands
scotch-grain,Scotch Grain,"[""ScotchGrain""]",shoes-bags,,premium,72,active,japan
scotta-1985,Scotta 1985,"[""Scotta""]",fashion,,fashion,63,active,spain
scuffers,Scuffers,[],fashion,,fashion,68,active,spain
seagull,Seagull,[],fashion,,fashion,70,active,
seasalt,Seasalt,"[""Seasalt Cornwall"",""SeasaltCornwall""]",fashion,,lifestyle,70,active,united-kingdom
seaside,Seaside,[],shoes-bags,,fashion,70,active,portugal
sebago,Sebago,"[""Sebago""]",shoes-bags,,fashion,60,active,greece
secrid,Secrid,[],shoes-bags,,premium,70,active,
seidensticker,Seidensticker,[],fashion,,fashion,60,active,unknown
seiko,Seiko,[],jewelry-watches,,premium,84,active,japan
selected,Selected,[],fashion,,fashion,60,active,unknown
self-portrait,Self-Portrait,"[""Self Portrait"",""SelfPortrait""]",fashion,,premium,82,active,united-kingdom
selva-oro,SELVA ORO,[],fashion,,fashion,50,active,
serendipity,Serendipity,[],accessories,,lifestyle,60,active,united-kingdom
serge-blanco,Serge Blanco,"[""SergeBlanco""]",fashion,,lifestyle,70,active,france
sergio-rossi,Sergio Rossi,"[""SergioRossi""]",shoes-bags,,luxury,84,active,italy
sessun,Sessùn,"[""Sessun""]",fashion,,premium,70,active,france
seventy,Seventy,[],fashion,,premium,74,active,italy
shilton,Shilton,[],fashion,,fashion,55,active,france
shinola,Shinola,[],jewelry-watches,,premium,78,active,united-states
ships,SHIPS,"[""Ships""]",fashion,,premium,74,active,japan
shiseido,Shiseido,[],beauty,,premium,86,active,japan
shoe-carnival,Shoe Carnival,"[""ShoeCarnival""]",shoes-bags,,lifestyle,72,active,united-states
shoe-dept,SHOE DEPT.,"[""Shoe Dept"",""SHOE DEPT. ENCORE"",""SHOE DEPT"",""SHOEDEPT"",""ShoeDept"",""SHOE DEPT ENCORE"",""SHOEDEPTENCORE""]",shoes-bags,,lifestyle,70,active,united-states
shoe-palace,Shoe Palace,"[""ShoePalace""]",shoes-bags,,lifestyle,72,active,united-states
shoebuya,Shoebuya,"[""Shoe Buya"",""ShoeBuya""]",shoes-bags,,fashion,58,active,italy
shreeji-presents-the-village-news,Shreeji Presents: The Village News,"[""Shreeji"",""The Village News"",""Shreeji Presents The Village News"",""TheVillageNews""]",home,,lifestyle,68,active,united-kingdom
siebel,Siebel,[],jewelry-watches,,fashion,70,active,netherlands
siebel-diamonds,Siebel Diamonds,"[""SiebelDiamonds""]",jewelry-watches,,fashion,70,active,netherlands
siebel-juweliers,Siebel Juweliers,"[""Siebel Jewelers""]",jewelry-watches,,premium,65,active,netherlands
sigg,SIGG,"[""Sigg""]",home,,premium,66,active,switzerland
sigikid,Sigikid,[],fashion,,fashion,60,active,unknown
signal,Signal,"[""SIGNAL""]",fashion,,fashion,70,active,denmark
silbon,Silbon,"[""SILBON""]",fashion,,fashion,72,active,spain
silesia-jeans,Silesia Jeans,[],fashion,,fashion,50,active,poland
silver-fox,Silver Fox,[],accessories,,lifestyle,50,active,lithuania
silvestri-e-taddei,Silvestri e Taddei,[],fashion,,fashion,50,active,
simone-perele,Simone Pérèle,"[""Simone Perele"",""SimonePerele""]",fashion,,premium,70,active,france
simonetta,Simonetta,[],children,,luxury,76,active,italy
simorra,Simorra,"[""Javier Simorra"",""JavierSimorra""]",fashion,,premium,72,active,spain
simple-caracters,Simple Caracters,"[""Simple Caracters""]",fashion,,fashion,60,active,greece
sinsay,Sinsay,"[""SINSAY""]",fashion,,lifestyle,50,active,lithuania
sisley,Sisley,[],fashion,,fashion,76,active,italy
sissy-boy,Sissy Boy,"[""SissyBoy""]",fashion,,fashion,70,active,netherlands
sita-murt,Sita Murt,"[""SitaMurt""]",fashion,,fashion,70,active,spain
sizeer,Sizeer,[],sportswear,,sports,50,active,
sjyp,SJYP,[],fashion,,premium,72,active,south-korea
skechers,Skechers,"[""Skechers Outlet"",""SkechersOutlet""]",sportswear,,lifestyle,88,active,united-states
skin-travel,Skin Travel,[],shoes-bags,,fashion,70,active,portugal
skinija,Skinija,[],fashion,,lifestyle,50,active,lithuania
skiny,Skiny Hanro,"[""Skiny Hanro Outlet"",""SkinyHanro"",""SkinyHanroOutlet""]",fashion,,fashion,60,active,
skiro,Skiro,[],fashion,,lifestyle,50,active,lithuania
skomax,SKOMAX,"[""Skomax""]",shoes-bags,,lifestyle,55,active,norway
skopes,Skopes,[],fashion,,lifestyle,62,active,united-kingdom
skullcandy,Skullcandy,[],home,,lifestyle,70,active,united-states
skyl,SKYL,[],fashion,,lifestyle,60,active,united-kingdom
sloggi,Sloggi,[],fashion,,premium,70,active,
slowear,Slowear,[],fashion,,premium,80,active,italy
sly,SLY,"[""Sly""]",fashion,,fashion,70,active,japan
smashbox,smashbox,[],beauty,,fashion,60,active,unknown
smiggle,Smiggle,[],accessories,,lifestyle,50,active,united-kingdom
smyk,SMYK,"[""SMYK"",""SMYK"",""SMYK Outlet""]",children,,fashion,60,active,poland
snidel,SNIDEL,"[""Snidel""]",fashion,,premium,74,active,japan
snow-peak,Snow Peak,"[""SnowPeak""]",sportswear,,premium,82,active,japan
socks-and-more,Socks + More,"[""Socks and More""]",accessories,,fashion,60,active,greece
sofiaman,Sofiaman,[],fashion,,fashion,60,active,unknown
sokisahtel-outlet,Sokisahtel Outlet,"[""Sokisahtel""]",fashion,,fashion,60,active,unknown
sol-ere,SOL'ERE,[],fashion,,fashion,60,active,unknown
solar,Solar,"[""Solar"",""Solar"",""Solar Outlet""]",fashion,,fashion,60,active,poland
sole-trader,Sole Trader,"[""SoleTrader""]",shoes-bags,,lifestyle,50,active,united-kingdom
soliver,sOliver,"[""sOliver"",""s.Oliver"",""S Oliver""]",fashion,,fashion,62,active,
soloptical,Soloptical,[],eyewear,,lifestyle,60,active,spain
sony,Sony,[],home,,premium,78,active,japan
sony-centre,Sony Centre,"[""SonyCentre""]",electronics,,lifestyle,50,active,united-kingdom
sorbino,Sorbino,[],fashion,,fashion,70,active,italy
sorvella,Sorvella,"[""Sorvella"",""Sorvella"",""Sorvella Outlet""]",fashion,,fashion,60,active,poland
sorvella-perfume,Sorvella Perfume,"[""Sorvella""]",beauty,,lifestyle,50,active,poland
soul-converse,Soul/Converse,"[""Soul/Converse"",""Soul/Converse"",""Soul/Converse Outlet""]",sportswear,,fashion,60,active,poland
southern-marsh,Southern Marsh,"[""SouthernMarsh""]",fashion,,lifestyle,68,active,united-states
spada,Spada,[],fashion,,fashion,70,active,italy
spagnolo,SPAGNOLO,"[""Spagnolo""]",fashion,,fashion,62,active,spain
spanx,SPANX,"[""Spanx""]",fashion,,premium,76,active,united-states
sparkys,Sparkys,"[""SPARKYS"",""Sparky's""]",kids,,lifestyle,56,active,czech-republic
spencer-s,Spencer’s,"[""Spencer's"",""Spencers"",""Spencer s""]",home,,lifestyle,68,active,united-states
sperry,Sperry,[],shoes-bags,,lifestyle,78,active,united-states
spick-and-span,Spick & Span,"[""Spick and Span"",""Spick Span"",""SpickSpan"",""SpickandSpan""]",fashion,,premium,72,active,japan
spontini,Spontini,[],fashion,,fashion,55,active,france
sport-vision,Sport Vision,"[""SportVision"",""Sport Vision Outlet""]",sportswear,,sports,62,active,serbia
sportalm,Sportalm,[],fashion,,fashion,60,active,unknown
sportland-outlet,Sportland Outlet,"[""Sportland""]",sportswear,,fashion,60,active,unknown
sportplus-outlet,Sportplus Outlet,"[""Sportplus""]",sportswear,,fashion,60,active,unknown
sports-direct,Sports Direct,"[""SportsDirect""]",sportswear,,sports,70,active,united-kingdom
spyder,Spyder,[],sportswear,,sports,78,active,united-states
st-john,St. John,"[""St John"",""StJohn""]",fashion,,luxury,82,active,united-states
stadium,Stadium,[],sportswear,,lifestyle,62,active,sweden
staff-gallery,Staff Gallery,"[""Staff Gallery""]",fashion,,fashion,60,active,greece
stag-london,Stag London,"[""StagLondon""]",fashion,,lifestyle,58,active,united-kingdom
stance,Stance,[],fashion,,lifestyle,72,active,united-states
star-jewelry,STAR JEWELRY,"[""Star Jewelry"",""STARJEWELRY"",""StarJewelry""]",jewelry-watches,,premium,72,active,japan
state-of-art,State of Art,"[""StateofArt""]",fashion,,fashion,70,active,netherlands
staub,Staub,[],home,,fashion,50,active,
stefanel,Stefanel,[],fashion,,fashion,64,active,italy
steiff,Steiff,[],fashion,,fashion,70,active,
stella-mccartney,Stella McCartney,"[""StellaMcCartney""]",luxury,,luxury,88,active,united-kingdom
steve-madden,Steve Madden,"[""SteveMadden""]",shoes-bags,,fashion,82,active,united-states
stock-c,Stock C,[],fashion,,fashion,50,active,france
stockout,Stockout,[],fashion,,fashion,70,active,portugal
stone-island,Stone Island,"[""StoneIsland""]",fashion,,luxury,88,active,italy
storck,Storck,[],food,,lifestyle,70,active,
stormberg,Stormberg,"[""Stormberg Outlet""]",outdoor,,fashion,60,active,norway
stradivarius,Stradivarius,[],fashion,,fashion,60,active,spain
street-one,Street One,"[""StreetOne""]",fashion,,fashion,70,active,germany
strellson,Strellson,[],fashion,,fashion,70,active,
stroili,STROILI,[],fashion,,fashion,50,active,
stuart-weitzman,Stuart Weitzman,"[""StuartWeitzman""]",shoes-bags,,luxury,84,active,united-states
studio-optyczne,Studio Optyczne,[],eyewear,,lifestyle,50,active,poland
sugarfree,Sugarfree,"[""Sugarfree""]",fashion,,fashion,60,active,greece
suit-direct,Suit Direct,"[""SuitDirect""]",fashion,,lifestyle,60,active,united-kingdom
suits-inc,Suits Inc,[],fashion,,fashion,50,active,
suitsupply,Suitsupply,[],fashion,,premium,78,active,netherlands
summum,Summum,"[""Summum Woman""]",fashion,,fashion,64,active,netherlands
sun-factory,Sun Factory,"[""SunFactory""]",accessories,,lifestyle,70,active,france
sun-valley,Sun Valley,"[""SunValley""]",sportswear,,lifestyle,70,active,france
sun68,Sun68,[],fashion,,fashion,70,active,italy
suncoo,Suncoo,[],fashion,,premium,70,active,france
sundek,Sundek,[],fashion,,fashion,60,active,
sunglass-hut,Sunglass Hut,"[""SunglassHut""]",eyewear,,premium,82,active,united-states
sunglass-hut-lux,Sunglass Hut Lux,"[""SunglassHutLux""]",eyewear,,premium,70,active,
suns-boards,Suns Boards,"[""SunsBoards""]",sportswear,,lifestyle,70,active,italy
sunset-suits,Sunset Suits,"[""Sunset Suits"",""SunsetSuits"",""Sunset Suits Outlet""]",fashion,,fashion,60,active,poland
sunspel,Sunspel,[],fashion,,premium,74,active,united-kingdom
superdry,Superdry,[],fashion,,premium,82,active,united-kingdom
superdry-and-co,Superdry & Co,"[""Superdry and Co"",""Superdry Co"",""SuperdryCo""]",fashion,,fashion,70,active,united-kingdom
swarovski,Swarovski,"[""SWAROVSKI""]",jewelry-watches,,premium,88,active,austria
swatch,Swatch,[],jewelry-watches,,fashion,82,active,switzerland
sweaty-betty,Sweaty Betty,"[""SweatyBetty""]",sportswear,,premium,78,active,united-kingdom
swix,Swix,"[""Swix Outlet""]",sportswear,,sports,70,active,norway
system-homme,System Homme,"[""SystemHomme""]",fashion,,premium,76,active,south-korea
sostrene-grene,Søstrene Grene,"[""SstreneGrene""]",home,,lifestyle,60,active,united-kingdom
t-m-lewin,T.M.Lewin,"[""T.M. Lewin"",""TM Lewin"",""T M Lewin"",""TMLewin""]",fashion,,premium,72,active,united-kingdom
tachikichi,Tachikichi,[],home,,premium,68,active,japan
tag-heuer,TAG Heuer,"[""Tag Heuer"",""TAGHeuer"",""TagHeuer""]",jewelry-watches,,luxury,90,active,switzerland
tailor-club,Tailor Club,"[""TailorClub""]",fashion,,fashion,60,active,
tailor-vintage,Tailor Vintage,"[""TailorVintage""]",fashion,,lifestyle,68,active,united-states
takashimaya,Takashimaya,[],home,,premium,72,active,japan
takeo-kikuchi,Takeo Kikuchi,"[""TakeoKikuchi""]",fashion,,premium,76,active,japan
talbots,Talbots,"[""Talbots Outlet"",""TalbotsOutlet""]",fashion,,fashion,78,active,united-states
tamaris,Tamaris,"[""Tamaris Outlet""]",shoes-bags,,lifestyle,66,active,germany
tantuum,Tantuum,[],fashion,,fashion,58,active,poland
tara-jarmon,Tara Jarmon,"[""TaraJarmon""]",fashion,,premium,70,active,france
taranko,Taranko,[],fashion,,fashion,50,active,
tchibo,Tchibo,"[""Tchibo"",""Tchibo"",""Tchibo Outlet""]",home,,fashion,60,active,poland
ted-baker,Ted Baker,"[""TedBaker""]",fashion,,premium,84,active,united-kingdom
tefal,Tefal,"[""T-fal"",""T fal"",""Tfal""]",home,,lifestyle,78,active,france
tefal-wmf,Tefal WMF,"[""Tefal"",""WMF""]",home,,lifestyle,80,active,
tefal-official-store,Tefal Official Store,"[""TefalOfficialStore""]",home,,premium,70,active,
teletorium,Teletorium,"[""Teletorium"",""Teletorium"",""Teletorium Outlet""]",electronics,,fashion,60,active,poland
tempe,Tempe,[],fashion,,fashion,60,active,spain
tempur,Tempur,[],home,,lifestyle,60,active,united-kingdom
tenson,Tenson,[],outdoor,,sports,64,active,sweden
tenth,Tenth,[],fashion,,fashion,50,active,
terranova,Terranova,"[""TERRANOVA""]",fashion,,fashion,60,active,unknown
teva,Teva,[],shoes-bags,,sports,78,active,united-states
textura,Textura,[],home,,fashion,50,active,
tezenis,Tezenis,[],fashion,,fashion,50,active,italy
the-art-of-shaving,The Art of Shaving,"[""TheArtofShaving""]",beauty,,premium,72,active,united-states
the-baggage-factory,The Baggage Factory,"[""TheBaggageFactory""]",shoes-bags,,lifestyle,60,active,united-kingdom
the-body-shop,The Body Shop,"[""TheBodyShop""]",beauty,,lifestyle,78,active,united-kingdom
the-bostonians,The Bostonians,"[""The Bostonians""]",fashion,,fashion,60,active,greece
the-brands-outlet,The Brands Outlet,[],fashion,,fashion,55,active,
the-bridge,The Bridge,"[""TheBridge""]",shoes-bags,,premium,78,active,italy
the-carousel-club,The Carousel Club,[],fashion,,fashion,50,active,
the-childrens-place,The Children's Place,"[""The Childrens Place"",""Children's Place Outlet"",""The Children’s Place"",""The Children s Place"",""TheChildrensPlace"",""Children’s Place Outlet"",""Children s Place Outlet"",""ChildrensPlaceOutlet""]",children,,lifestyle,78,active,united-states
the-cosmetics-company-store,The Cosmetics Company Store,"[""CCS"",""Cosmetics Company Store"",""TCCS"",""THE COSMETICS COMPANY STORE"",""The Cosmetics Company"",""The ELC Company Store"",""Estée Lauder Companies Store""]",beauty,,premium,82,active,united-states
the-entertainer,The Entertainer,"[""TheEntertainer""]",toys,,lifestyle,60,active,united-kingdom
the-fashion-factory,The Fashion Factory,[],fashion,,fashion,58,active,netherlands
tesco-express,Tesco Express,"[""Tesco""]",food,,lifestyle,65,active,united-kingdom
the-fragrance-shop,The Fragrance Shop,"[""Fragrance Shop"",""TheFragranceShop""]",beauty,,lifestyle,66,active,united-kingdom
the-gift-company,The Gift Company,"[""TheGiftCompany""]",accessories,,lifestyle,60,active,united-kingdom
the-kooples,The Kooples,"[""TheKooples""]",fashion,,premium,80,active,france
the-label-yard,The Label Yard,"[""TheLabelYard""]",fashion,,premium,60,active,united-kingdom
the-north-face,The North Face,"[""North Face"",""The North Face"",""THE NORTH FACE"",""The North Face Outlet"",""TheNorthFace"",""TheNorthFaceOutlet""]",sportswear,,premium,92,active,united-states
the-perfume-shop,The Perfume Shop,"[""ThePerfumeShop""]",beauty,,lifestyle,70,active,united-kingdom
the-potions-cauldron,The Potions Cauldron,"[""ThePotionsCauldron""]",accessories,,lifestyle,55,active,united-kingdom
the-press,The Press,[],books-stationery,,fashion,70,active,portugal
the-rangers-store,The Rangers Store,"[""Rangers Store""]",sportswear,,fashion,50,active,united-kingdom
the-range,The Range,"[""TheRange""]",home,,lifestyle,60,active,united-kingdom
the-society-shop,The Society Shop,"[""TheSocietyShop""]",fashion,,fashion,60,active,unknown
the-sweet-emporium,The Sweet Emporium,"[""TheSweetEmporium"",""Peggy Annes Sweet Emporium""]",food-confectionery,,lifestyle,50,active,united-kingdom
the-uniform-outlet,The Uniform Outlet,"[""TheUniformOutlet""]",fashion,,lifestyle,68,active,united-states
the-works,The Works,"[""TheWorks""]",books-stationery,,lifestyle,58,active,united-kingdom
theilma,Theilma,[],fashion,,premium,68,active,south-korea
theory,Theory,"[""Theory Outlet"",""TheoryOutlet""]",fashion,,premium,86,active,united-states
thom-browne,Thom Browne,"[""ThomBrowne""]",luxury,,luxury,88,active,united-states
thomas-sabo,Thomas Sabo,"[""ThomasSabo""]",jewelry-watches,,lifestyle,60,active,united-kingdom
thun,Thun,[],home,,lifestyle,60,active,
tiger-of-sweden,Tiger of Sweden,"[""TigerofSweden""]",fashion,,fashion,60,active,unknown
tillys,Tillys,[],fashion,,lifestyle,74,active,united-states
timberland,Timberland,"[""Timberland Outlet"",""TimberlandOutlet""]",sportswear,,lifestyle,86,active,united-states
timberland-kids,Timberland Kids,"[""TimberlandKids""]",children,,lifestyle,70,active,united-states
time-homme,Time Homme,"[""TimeHomme""]",fashion,,premium,78,active,south-korea
time-trend,Time Trend,"[""Time Trend"",""TimeTrend"",""Time Trend Outlet""]",jewelry-watches,,fashion,60,active,poland
tinar,Tinar,[],fashion,,fashion,50,active,unknown
tissot,Tissot,[],jewelry-watches,,premium,84,active,switzerland
tk-maxx,TK Maxx,"[""TKMaxx"",""T.K. Maxx"",""T K Maxx""]",fashion,,lifestyle,60,active,united-kingdom
toblerone,Toblerone,[],food-confectionery,,lifestyle,72,active,switzerland
tods,TOD'S,"[""Tod's"",""Tods"",""TOD’S"",""TOD S"",""TODS"",""Tod’s"",""Tod s""]",shoes-bags,,luxury,90,active,italy
tog24,TOG24,[],sportswear,,lifestyle,60,active,united-kingdom
toi-and-moi,Toi & moi,"[""Toi and moi""]",fashion,,fashion,60,active,greece
tokyo-shirts,Tokyo Shirts,"[""TOKYO SHIRTS"",""TokyoShirts"",""TOKYOSHIRTS""]",fashion,,fashion,68,active,japan
toledo-72,Toledo 72,"[""Toledo72""]",beauty,,premium,66,active,italy
tom-ford,Tom Ford,"[""TomFord""]",luxury,,luxury,94,active,united-states
tom-tailor,Tom Tailor,"[""TomTailor""]",fashion,,fashion,78,active,germany
tom-tailor-denim,Tom Tailor Denim,"[""TomTailorDenim""]",fashion,,fashion,60,active,unknown
tom-tailor-kids,Tom Tailor Kids,"[""TomTailorKids""]",fashion,,fashion,60,active,unknown
tommy-bahama,Tommy Bahama,"[""Tommy Bahama Outlet"",""TommyBahama"",""TommyBahamaOutlet""]",fashion,,premium,82,active,united-states
tommy-hilfiger,Tommy Hilfiger,"[""Tommy"",""Tommy Hilfiger"",""Tommy Hilfiger Outlet"",""TommyHilfiger"",""TommyHilfigerOutlet""]",fashion,,premium,92,active,united-states
tommy-hilfiger-kids,Tommy Hilfiger Kids,"[""TommyHilfigerKids""]",children,,premium,78,active,united-states
tommy-hilfiger-sport,Tommy Hilfiger Sport,"[""Tommy Hilfiger Sport""]",fashion,,fashion,62,active,
tommy-hilfiger-women-and-kids,Tommy Hilfiger Women & Kids,"[""Tommy Hilfiger Women and Kids"",""Tommy Hilfiger Women Kids""]",fashion,,premium,76,active,united-states
tommy-jeans,Tommy Jeans,"[""TommyJeans"",""Tommy Hilfiger Jeans""]",fashion,,premium,70,active,
tomorrowland,Tomorrowland,[],fashion,,premium,78,active,japan
tonet,Tonet,"[""Tonet""]",fashion,,premium,72,active,
too-faced,Too Faced,"[""TooFaced""]",beauty,,fashion,60,active,unknown
top-gift,Top Gift,"[""TopGift""]",accessories,,lifestyle,50,active,united-kingdom
topmerk-schoenen,Topmerk Schoenen,"[""TopmerkSchoenen""]",shoes-bags,,fashion,70,active,netherlands
torrid,Torrid,[],fashion,,fashion,74,active,united-states
tory-burch,Tory Burch,"[""Tory Burch Outlet"",""ToryBurch"",""ToryBurchOutlet""]",shoes-bags,,premium,90,active,united-states
tosca-blu,Tosca Blu,"[""ToscaBlu""]",shoes-bags,,fashion,58,active,italy
tous,TOUS,"[""Tous""]",jewelry-watches,,premium,78,active,spain
towmy,Towmy,[],fashion,,lifestyle,50,active,lithuania
toys-center,Toys Center,"[""ToysCenter""]",toys,,lifestyle,60,active,italy
toys-con-te,Toys Con Te,"[""ToysConTe""]",toys,,lifestyle,70,active,italy
toys-n-motion,Toys N Motion,"[""ToysNMotion""]",children,,lifestyle,66,active,united-states
toytown,Toytown,[],toys,,lifestyle,60,active,united-kingdom
tradehome-shoes,Tradehome Shoes,"[""TradehomeShoes""]",shoes-bags,,lifestyle,68,active,united-states
tradition-des-vosges,Tradition des Vosges,"[""TraditiondesVosges""]",home,,lifestyle,70,active,france
travelpro,Travelpro,[],shoes-bags,,lifestyle,72,active,united-states
trespass,Trespass,[],sportswear,,sports,76,active,united-kingdom
tripp,Tripp,[],shoes-bags,,lifestyle,70,active,united-kingdom
triumph,Triumph,[],fashion,,lifestyle,70,active,switzerland
true-religion,True Religion,"[""True Religion Outlet"",""TrueReligion"",""TrueReligionOutlet""]",fashion,,premium,82,active,united-states
trussardi,Trussardi,[],fashion,,premium,82,active,italy
tsakiris-mallas,Tsakiris Mallas,"[""Tsakiris Mallas""]",shoes-bags,,fashion,60,active,greece
tui,TUI,[],travel,,lifestyle,60,active,germany
tumi,TUMI,"[""Tumi""]",shoes-bags,,premium,88,active,united-states
twin-set,TWIN SET,[],fashion,,fashion,50,active,
twinset,Twinset,[],fashion,,premium,82,active,italy
twojeys,Twojeys,[],fashion,,fashion,50,active,
unique-home-design,Unique Home Design,[],home,,lifestyle,50,active,france
retro-jeans,Retro Jeans,[],fashion,,fashion,60,active,unknown
roberto-della-croce,Roberto Della Croce,[],fashion,,fashion,60,active,unknown
rosefield,Rosefield,[],accessories,,fashion,60,active,unknown
shoetique,Shoetique,[],fashion,,fashion,60,active,unknown
silhouette,Silhouette,[],accessories,,fashion,60,active,unknown
silit,Silit,[],home,,fashion,60,active,unknown
springfield,Springfield,[],fashion,,fashion,60,active,unknown
tisak,Tisak,[],books-stationery,,fashion,60,active,unknown
retro,Retro,[],fashion,,fashion,50,active,unknown
rieker,Rieker,[],shoes-bags,,fashion,50,active,unknown
ropogo,Ropogó,"[""Ropogo""]",food-chocolate,,fashion,50,active,unknown
saxoo-london,Saxoo London,[],fashion,,fashion,50,active,unknown
secret-shoes,Secret Shoes,[],shoes-bags,,fashion,50,active,unknown
sun-and-more,Sun & More,"[""Sun and More""]",fashion,,fashion,50,active,unknown
suit-and-wedding-store,Suit & Wedding Store,[],fashion,,fashion,50,active,unknown
swims,Swims,"[""SWIMS""]",fashion,,premium,50,active,norway
thomas-breitling,Thomas Breitling,[],fashion,,fashion,50,active,unknown
tufte-wear,Tufte Wear,"[""Tufte""]",fashion,,lifestyle,50,active,norway
tally-weijl,Tally Weijl,"[""TALLY WEIJL""]",fashion,,fashion,50,active,switzerland
tomas-gold,Tomas Gold,"[""TOMAS GOLD""]",jewelry-watches,,fashion,50,active,unknown
state-of-art-menswear,State of Art Menswear,"[""State of Art""]",fashion,,fashion,50,active,unknown
the-kooples-sport,The Kooples Sport,"[""Sport The Kooples""]",fashion,,fashion,50,active,unknown
shoeaholics,Shoeaholics,[],shoes-bags,,lifestyle,55,active,united-kingdom
superdrug,Superdrug,[],health-beauty,,lifestyle,70,active,united-kingdom
sergent-major,Sergent Major,[],kids,,lifestyle,60,active,france
sud-express,Sud Express,[],fashion,,fashion,62,active,france
soeur,Soeur,[],fashion,,premium,70,active,france
robe-di-kappa,Robe di Kappa,[],fashion,,fashion,50,active,italy
take-two,TAKE TWO,[],fashion,,fashion,50,active,italy
trony,Trony,[],fashion,,fashion,50,active,italy
toy-planet,Toy Planet,[],kids,,lifestyle,55,active,spain
sergio-y-cano,Sergio y Cano,[],accessories,,lifestyle,50,active,spain
sqrups,SQRUPS,[],department-store,,lifestyle,50,active,spain
tantrend,Tantrend,[],fashion,,fashion,50,active,spain
tuc-tuc,Tuc Tuc,[],kids,,lifestyle,50,active,spain
queen-helena,Queen Helena,[],beauty,,lifestyle,60,active,italy
rbc,RBC,[],fashion,,fashion,60,active,italy
relish,Relish,[],fashion,,fashion,60,active,italy
sarni-oro,Sarni Oro,[],jewelry,,fashion,60,active,italy
sartoria-italiana,Sartoria Italiana,[],fashion,,fashion,60,active,italy
sartoria-italiana-massimiliano-sorvino,Sartoria Italiana – Massimiliano Sorvino,[],fashion,,fashion,60,active,italy
sartoriani,Sartoriani,[],fashion,,fashion,60,active,italy
satya,Satya,[],fashion,,fashion,60,active,italy
scarpa-roma,Scarpa Roma,[],fashion,,fashion,60,active,italy
scavolini,Scavolini,[],home,,lifestyle,60,active,italy
silvian-heach,Silvian Heach,[],fashion,,fashion,60,active,italy
solazzo,Solazzo,[],fashion,,fashion,60,active,italy
sonny-bono,Sonny Bono,[],fashion,,fashion,60,active,italy
stroili-oro,Stroili Oro,[],jewelry,,fashion,60,active,italy
sublimen,Sublimen,[],fashion,,fashion,60,active,italy
suite-benedict,Suite Benedict,[],fashion,,fashion,60,active,italy
the-b,THE B,[],fashion,,fashion,60,active,italy
thun-shop,THUN Shop,[],home,,lifestyle,60,active,italy
rivella,RIVELLA,[],fashion,,fashion,60,active,
sarev,SAREV,[],home,,lifestyle,60,active,
spx,SPX,[],sportswear,,sports,60,active,
superstep,SUPERSTEP,[],sportswear,,sports,60,active,
supplementler,SUPPLEMENTLER,"[""Supplementler"",""SUPPLEMENTLER.COM""]",health-beauty,,lifestyle,60,active,
suvari,SÜVARİ,"[""Süvari""]",fashion,,fashion,60,active,
suwen,SUWEN,[],fashion,,fashion,60,active,
tac,TAÇ,"[""Taç""]",home,,lifestyle,60,active,
theorie,THEORIE,[],fashion,,fashion,60,active,
toyzz-shop,TOYZZ SHOP,"[""Toyzz Shop"",""TOYZZ SHOP""]",books-toys,,lifestyle,60,active,
turk-telekom,TURK TELEKOM,"[""Türk Telekom"",""TÜRK TELEKOM""]",electronics,,lifestyle,60,active,
turkcell,TURKCELL,[],electronics,,lifestyle,60,active,
ramsey,Ramsey,[],fashion,,fashion,60,active,
rue,Rue,[],fashion,,fashion,60,active,
ruzgar-alaz-aksesuar,Rüzgar Alaz Aksesuar,[],accessories,,fashion,60,active,
saat-saat,Saat&saat,"[""SAAT&SAAT EXCLUSIVE""]",jewelry-watches,,fashion,60,active,
sarar,Sarar,[],fashion,,fashion,60,active,
schafer,Schafer,[],home,,lifestyle,60,active,
siemens,Siemens,[],electronics,,lifestyle,60,active,
tedi,Tedi,[],home,,lifestyle,60,active,
teknosa,Teknosa,"[""TEKNOSA EXTRA""]",electronics,,lifestyle,60,active,
samsung,SAMSUNG,"[""Samsung"",""SAMSUNG MOBILE""]",electronics,,lifestyle,50,active,
sapkaci-madam,ŞAPKACI MADAM,"[""Şapkacı Madam""]",accessories,,lifestyle,50,active,
sneaks-up,Sneaks Up,"[""SNEAKS UP OUTLET"",""Sneaks Up Outlet""]",sportswear,,lifestyle,50,active,
tamer-tanca,TAMER TANCA,"[""Tamer Tanca""]",shoes-bags,,lifestyle,50,active,
tergan,TERGAN,"[""Tergan""]",shoes-bags,,lifestyle,50,active,
tudors,TUDORS,"[""Tudors""]",fashion,,lifestyle,50,active,
qumm,QUMM,"[""QUMM""]",fashion,,fashion,50,active,
reeder,Reeder,[],electronics,,lifestyle,50,active,
reema,REEMA,"[""REEMA""]",sportswear,,fashion,50,active,
sevil-parfumeri,Sevil Parfümeri,[],beauty,,lifestyle,50,active,
shoebox,SHOEBOX,"[""SHOEBOX""]",shoes-bags,,fashion,50,active,
sporthink,SPORTHINK,"[""SPORTHINK""]",sportswear,,fashion,50,active,
streetbox,STREETBOX,"[""STREETBOX""]",fashion,,fashion,50,active,
tuvid-xxxl,TUVİD XXXL,"[""TUVİD XXXL""]",fashion,,fashion,50,active,
smart-shop,Smart Shop,[],electronics,,lifestyle,50,active,
so-chic,So Chic,[],jewelry-watches,,premium,50,active,
tekno-shop,Tekno Shop,[],electronics,,lifestyle,50,active,
the-moose-bay,The Moose Bay,[],fashion,,fashion,50,active,
tugba,Tuğba,[],fashion,,fashion,50,active,
twist,Twist,[],fashion,,fashion,50,active,
sneaker-box,Sneaker Box,[],shoes-bags,,fashion,50,active,
the-crystal-home,The Crystal Home,[],home,,lifestyle,50,active,
the-most,The Most,[],accessories,,lifestyle,50,active,
time-factory,Time Factory,[],jewelry-watches,,premium,50,active,
sadik-yilmaz,Sadık Yılmaz,[],shoes-bags,,fashion,50,active,
shiffa-home,Shiffa Home,[],beauty,,lifestyle,50,active,
sirello-accs,Sirello Accs,"[""SIRELLO ACCS""]",accessories,,lifestyle,50,active,
suayse,Suayşe,[],fashion,,fashion,50,active,
tekzen,Tekzen,[],home,,lifestyle,50,active,
roberto-bravo,Roberto Bravo,[],jewelry-watches,,lifestyle,50,active,
royal-platinum-parfum,ROYAL PLATINUM PARFÜM,[],beauty,,lifestyle,50,active,
ruba,RUBA,[],fashion,,lifestyle,50,active,
ruz-ka-aksesuar,RUZ-KA AKSESUAR,[],accessories,,lifestyle,50,active,
shop-shoes,SHOP&SHOES,[],shoes-bags,,fashion,50,active,
sportive,SPORTIVE,[],sportswear,,sports,50,active,
studio-kids,STUDIO KIDS,[],fashion,,fashion,50,active,
takma-takma,Takma Takma,[],accessories,,lifestyle,50,active,
twigy,TWİGY,[],shoes-bags,,fashion,50,active,
the-catch,The Catch,[],fashion,,fashion,50,active,unknown
rivoli-group,Rivoli Group,[],jewelry-watches,,lifestyle,50,active,unknown
rivoli,Rivoli,[],jewelry-watches,,lifestyle,50,active,unknown
romit,Romit,[],fashion,,fashion,50,active,unknown
roberto-fabiani,Roberto Fabiani,[],fashion,,fashion,50,active,unknown
squatwolf,Squatwolf,[],sportswear,,sports,50,active,unknown
say,Say,[],fashion,,fashion,50,active,unknown
tiyabi,Tiyabi,[],fashion,,fashion,50,active,unknown
safa-abaya,Safa Abaya,[],fashion,,fashion,50,active,unknown
rivoli-eyezone,Rivoli Eyezone,[],eyewear,,lifestyle,50,active,unknown
shoes-hub,Shoes Hub,[],fashion,,fashion,50,active,unknown
simply-kitchen,Simply Kitchen,[],homeware,,lifestyle,50,active,unknown
that,THAT,[],fashion,,fashion,50,active,unknown
torinese,Torinese,[],fashion,,fashion,50,active,unknown
tanjim,Tanjim,[],fashion,,fashion,50,active,unknown
taif-al-emarat,Taif Al Emarat,[],beauty,,lifestyle,50,active,unknown
temperley-london,Temperley London,[],fashion,,fashion,50,active,unknown
the-giving-movement,The Giving Movement,[],sportswear,,sports,50,active,unknown
senso,Senso,[],fashion,,fashion,50,active,unknown
the-happy-place,The Happy Place,[],gifts,,lifestyle,50,active,unknown
swiss-arabian,Swiss Arabian,[],beauty,,lifestyle,50,active,unknown
socks-collection,Socks Collection,[],fashion,,fashion,50,active,unknown
salt-crystal,Salt Crystal,[],fashion,,fashion,50,active,unknown
sun-and-sand-sports,Sun & Sand Sports,[],sportswear,,sports,50,active,unknown
racetrack,Racetrack,[],sportswear,,sports,50,active,unknown
runners,Runners,[],sportswear,,sports,50,active,unknown
redtape,Redtape,[],fashion,,fashion,50,active,unknown
splash,Splash,[],fashion,,fashion,50,active,unknown
shoemart,Shoemart,[],fashion,,fashion,50,active,unknown
the-vault-by-damas,The Vault by Damas,[],jewelry-watches,,lifestyle,50,active,unknown
the-labels-factory,The Labels Factory,[],fashion,,fashion,50,active,unknown
sacoor-brothers,Sacoor Brothers,[],fashion,,fashion,50,active,unknown
the-watch-house,The Watch House,[],jewelry-watches,,lifestyle,50,active,unknown
swiss-watch-house,Swiss Watch House,[],jewelry-watches,,lifestyle,50,active,unknown
the-deal,The Deal,[],fashion,,fashion,50,active,unknown
the-athlete-s-co,The Athlete's Co.,[],sportswear,,sports,50,active,unknown
ricci-di-napoli,Ricci Di Napoli,[],fashion,,fashion,50,active,unknown
sacoor-one,Sacoor One,[],fashion,,fashion,50,active,unknown
riva-kids,Riva Kids,[],kids,,lifestyle,50,active,unknown
riva,Riva,[],fashion,,fashion,50,active,unknown
sjp-by-sarah-jessica-parker,SJP by Sarah Jessica Parker,[],fashion,,fashion,50,active,unknown
rodeo-drive,Rodeo Drive,[],fashion,,fashion,50,active,united-arab-emirates
sacoor-blue,Sacoor Blue,[],fashion,,lifestyle,50,active,portugal
time-flies,Time Flies,[],watches-jewelry,,lifestyle,50,active,unknown
ron-herman,Ron Herman,[],fashion,,,50,active,
sn-nishikawa,SN Nishikawa,[],home-lifestyle,,,50,active,
samantha-thavasa,Samantha Thavasa,[],fashion,,,50,active,
seven-eleven,Seven-Eleven,[],fashion,,,50,active,
soccer-junky,Soccer Junky,[],fashion,,,50,active,
stressless,Stressless,[],home-lifestyle,,,50,active,
stylemixer,Stylemixer,[],fashion,,,50,active,
tasaki,Tasaki,[],jewelry-watches,,,50,active,
tatras,Tatras,[],fashion,,,50,active,
taylormade,TaylorMade,[],sportswear,,,50,active,
three,Three,[],fashion,,,50,active,
topologie,Topologie,[],fashion,,,50,active,
tradies,Tradies,[],fashion,,,50,active,
traditional-weatherwear,Traditional Weatherwear,[],fashion,,,50,active,
ryu,Ryu,[],accessories,,,50,active,
trinity,Trinity,[],accessories,,,50,active,
sheltter-moussy,Shel'tter moussy,[],fashion,,lifestyle,50,active,
sylvanian-families-morino-ouchi-jigsaw-puzzle-shop-masterpiece,Sylvanian Families morino ouchi / Jigsaw Puzzle Shop Masterpiece,[],toys,,lifestyle,50,active,
rope-picnic-vis,Ropé Picnic / VIS,[],fashion,,lifestyle,50,active,
showa-nishikawa,SHOWA NISHIKAWA,[],home,,lifestyle,50,active,
tomica-and-plarail-shops,Tomica & Plarail Shops,[],toys,,lifestyle,50,active,
riedel-nachtmann,RIEDEL/NACHTMANN,[],homeware,,lifestyle,50,active,
sghr-sugahara,Sghr Sugahara,[],homeware,,lifestyle,50,active,
thermos-store,THERMOS STORE,"[""Thermos""]",home,,lifestyle,50,active,
samsonite-black-label,Samsonite BLACK LABEL,[],shoes-bags,,lifestyle,50,active,
strasburgo,STRASBURGO,[],fashion,,lifestyle,50,active,
saturdays-nyc,Saturdays NYC,[],fashion,,lifestyle,50,active,
stussy,STÜSSY,[],fashion,,lifestyle,50,active,
spick-and-span-journal-standard-edifice-iena-outlet-store,Spick & Span / JOURNAL STANDARD / ÉDIFICE / IÉNA OUTLET STORE,[],fashion,,lifestyle,50,active,
seep-eyevan,SeeP EYEVAN,[],eyewear,,lifestyle,50,active,
sanyoyamacho,sanyoyamacho,[],fashion,,lifestyle,50,active,
tcg-patagonia,TCG Patagonia,[],outdoor,,lifestyle,50,active,
the-north-face-helly-hansen-goldwin,THE NORTH FACE / HELLY HANSEN / Goldwin,[],outdoor,,lifestyle,50,active,
rodeo-crowns,Rodeo Crowns,[],lifestyle,,lifestyle,50,active,
rope,Rope,[],lifestyle,,lifestyle,50,active,
senshu-towel,Senshu Towel,[],lifestyle,,lifestyle,50,active,
shel-tter,Shel'tter,[],lifestyle,,lifestyle,50,active,
shimamura-music,Shimamura Music,[],lifestyle,,lifestyle,50,active,
sorel,Sorel,[],lifestyle,,lifestyle,50,active,
rockfish-weatherwear,Rockfish Weatherwear,[],shoes-bags,,fashion,60,active,
s-beauty-method,S-BEAUTY METHOD,[],beauty,,fashion,60,active,
staccato,STACCATO,[],shoes-bags,,fashion,60,active,
subdued,Subdued,[],fashion,,fashion,60,active,
tabio,Tabio,[],accessories,,fashion,60,active,
sam-edelman,Sam Edelman,[],shoes-bags,,premium,78,active,united-states
shanghai-tang,Shanghai Tang,"[""Shanghai Tang Outlet""]",fashion,,luxury,88,active,hong-kong
rive-droite-un-dix-cors,Rive Droite / Un Dix Cors,[],fashion,,fashion,60,active,
studio-clip,Studio Clip,[],lifestyle,,lifestyle,60,active,
sylvanian-families,Sylvanian Families,[],lifestyle,,lifestyle,60,active,
tiara,Tiara,[],fashion,,fashion,60,active,
queens-court,Queens Court,[],fashion,,fashion,60,active,
rouge-vif-la-cle,Rouge Vif La Cle,[],fashion,,fashion,60,active,
theory-luxe,Theory Luxe,"[""Theory luxe"",""theory luxe""]",fashion,,,60,active,
rev-runnr,REV RUNNR,[],sportswear,,sports,50,active,unknown
sabina,SABINA,[],fashion,,fashion,50,active,unknown
santas,SANTAS,[],home,,lifestyle,50,active,unknown
smiley,SMILEY,[],fashion,,fashion,50,active,unknown
swiss-watch,SWISS WATCH,[],watches-jewelry,,premium,50,active,unknown
the-travel-store,THE TRAVEL STORE,[],travel,,lifestyle,50,active,unknown
raive,RAIVE,[],fashion,,fashion,50,active,
rare-factory,Rare Factory,[],luxury,,luxury,50,active,
raum,RAUM,[],fashion,,fashion,50,active,
raum-men-barbour,Raum Men/Barbour,[],fashion,,fashion,50,active,
rawrow-wwp,Rawrow(WWP),[],fashion,,fashion,50,active,
renoma,RENOMA,"[""Renoma""]",fashion,,fashion,50,active,
rogatis,ROGATIS,"[""Rogatis""]",fashion,,fashion,50,active,
sacoor-outlet,Sacoor Outlet,[],fashion,,fashion,50,active,
santa-barbara-polo-and-racquet-club,Santa Barbara Polo & Racquet Club,[],fashion,,fashion,50,active,
sasa-outlet,Sasa Outlet,[],lifestyle,,lifestyle,50,active,
shesmiss,SHESMISS,[],fashion,,fashion,50,active,
shinsegae-factory-store-and-boon-the-shop,SHINSEGAE FACTORY STORE & BOON THE SHOP,[],fashion,,fashion,50,active,
shinsegae-l-and-b,Shinsegae L&B,[],lifestyle,,lifestyle,50,active,
sierra-design,Sierra Design,[],sports,,sports,50,active,
sofraum,Sofraum,[],lifestyle,,lifestyle,50,active,
songzio-paris,Songzio Paris,[],fashion,,fashion,50,active,
stryv,Stryv,[],lifestyle,,lifestyle,50,active,
theory-man,Theory Man,[],fashion,,fashion,50,active,
theory-men,Theory Men,[],fashion,,fashion,50,active,
thommcan,ThomMcAn,[],fashion,,fashion,50,active,
tomei,Tomei,[],fashion,,fashion,50,active,
toy-world,Toy World,[],fashion,,fashion,50,active,
travel-for-all,Travel For All,[],fashion,,fashion,50,active,
typo,Typo,[],lifestyle,,lifestyle,50,active,
bad-rhino,BadRhino,[],fashion,,lifestyle,50,active,united-kingdom
bensons-for-beds,Bensons for Beds,"[""BensonsforBeds""]",home,,lifestyle,50,active,united-kingdom
blacks,Blacks,[],outdoor,,lifestyle,50,active,united-kingdom
blank-home,BLANK HOME,"[""BLANK HOME"",""blankhome""]",fashion,,fashion,60,active,unknown
blue-inc,Blue Inc,"[""BlueInc""]",fashion,,lifestyle,50,active,united-kingdom
cambridge-satchel-company,Cambridge Satchel Company,"[""Cambridge Satchel Company"",""cambridgesatchelcompany""]",fashion,,fashion,60,active,unknown
camp-david-and-soccx,CAMP DAVID & SOCCX,"[""CAMP DAVID and SOCCX"",""campdavidandsoccx""]",fashion,,fashion,60,active,unknown
cecil-street-one-street-one-men,CECIL/STREET ONE/STREET ONE MEN,"[""CECIL/STREET ONE/STREET ONE MEN"",""cecilstreetonestreetonemen""]",fashion,,fashion,60,active,unknown
certina,Certina,"[""Certina"",""certina""]",jewelry-watches,,fashion,60,active,unknown
chloe-kids,Chloé Kids,"[""Chloé Kids"",""chloekids""]",children,,fashion,60,active,unknown
clarks-originals,Clarks Originals,"[""Clarks Originals"",""clarksoriginals""]",shoes-bags,,fashion,60,active,unknown
collectables,Collectables,[],accessories,,lifestyle,50,active,united-kingdom
currentbody,CurrentBody,"[""CurrentBody"",""currentbody""]",fashion,,fashion,60,active,unknown
denner-london,Denner London,"[""Denner London"",""dennerlondon""]",fashion,,fashion,60,active,unknown
dkny-kids,DKNY Kids,"[""DKNY Kids"",""dknykids""]",children,,fashion,60,active,unknown
drummuir-farm,Drummuir Farm,"[""DrummuirFarm""]",food,,lifestyle,50,active,united-kingdom
dylan-oaks,Dylan Oaks,"[""Dylan Oaks"",""dylanoaks""]",fashion,,fashion,60,active,unknown
funky-buddha,Funky Buddha,"[""Funky Buddha"",""funkybuddha""]",fashion,,fashion,60,active,unknown
galerie-de-beaute,Galerie de Beauté,"[""Galerie de Beauté"",""galeriedebeaute""]",beauty,,fashion,60,active,unknown
gym-coffee,Gym+Coffee,"[""Gym+Coffee"",""gymcoffee""]",fashion,,fashion,60,active,unknown
hmv,HMV,[],accessories,,lifestyle,50,active,united-kingdom
homeandcook,Home&Cook,"[""HomeandCook"",""homeandcook""]",fashion,,fashion,60,active,unknown
hotter,Hotter,[],shoes-bags,,lifestyle,50,active,united-kingdom
jane-plum-home,Jane Plum Home,"[""JanePlumHome""]",home,,lifestyle,50,active,united-kingdom
joseph-ribkoff,Joseph Ribkoff,"[""Joseph Ribkoff"",""josephribkoff""]",fashion,,fashion,60,active,unknown
kash-beauty,KASH Beauty,"[""KASH Beauty"",""kashbeauty""]",beauty,,fashion,60,active,unknown
loccitane-en-provence,L'Occitane en Provence,"[""L'Occitane en Provence"",""loccitaneenprovence""]",fashion,,fashion,60,active,unknown
lakeland-leather,Lakeland Leather,"[""LakelandLeather""]",fashion,,lifestyle,50,active,united-kingdom
little-marc-jacobs,LITTLE MARC JACOBS,"[""LITTLE MARC JACOBS"",""littlemarcjacobs""]",fashion,,fashion,60,active,unknown
louise-kennedy,Louise Kennedy,"[""Louise Kennedy"",""louisekennedy""]",fashion,,fashion,60,active,unknown
mantra,Mantra,"[""Mantra"",""mantra""]",fashion,,fashion,60,active,unknown
millies,Millies,"[""Millies"",""millies""]",fashion,,fashion,60,active,unknown
noa,NOA,"[""NOA"",""noa""]",fashion,,fashion,60,active,unknown
nuxe,Nuxe,"[""Nuxe"",""nuxe""]",fashion,,fashion,60,active,unknown
oxen,Oxen,[],fashion,,lifestyle,50,active,united-kingdom
pestle-and-mortar,Pestle & Mortar,"[""Pestle and Mortar"",""pestleandmortar""]",fashion,,fashion,60,active,unknown
precious-little-one,Precious Little One,"[""PreciousLittleOne""]",children,,lifestyle,50,active,united-kingdom
pretty-lavish,Pretty Lavish,"[""Pretty Lavish"",""prettylavish""]",fashion,,fashion,60,active,unknown
regatta,Regatta,[],outdoor,,lifestyle,50,active,united-kingdom
roman-originals,Roman Originals,"[""RomanOriginals""]",fashion,,lifestyle,50,active,united-kingdom
salamander,SALAMANDER,"[""SALAMANDER"",""salamander""]",fashion,,fashion,60,active,unknown
savoy-taylors-guild,Savoy Taylors Guild,"[""Savoy Taylors Guild"",""savoytaylorsguild""]",fashion,,fashion,60,active,unknown
sculpted-by-aimee,Sculpted by Aimee,"[""Sculpted by Aimee"",""sculptedbyaimee""]",fashion,,fashion,60,active,unknown
select,Select,[],fashion,,lifestyle,50,active,united-kingdom
skingredients,Skingredients,"[""Skingredients"",""skingredients""]",fashion,,fashion,60,active,unknown
sofa-com,Sofa.com,"[""Sofa com"",""Sofacom""]",home,,lifestyle,50,active,united-kingdom
speidel,SPEIDEL,"[""SPEIDEL"",""speidel""]",fashion,,fashion,60,active,unknown
spell,Spell,"[""Spell"",""spell""]",fashion,,fashion,60,active,unknown
sterntaler,STERNTALER,"[""STERNTALER"",""sterntaler""]",fashion,,fashion,60,active,unknown
sugar-plum-sweetery,Sugar Plum Sweetery,"[""Sugar Plum Sweetery"",""sugarplumsweetery""]",fashion,,fashion,60,active,unknown
the-white-company,The White Company,"[""TheWhiteCompany""]",home,,premium,80,active,united-kingdom
u-s-polo-assn,U.S. Polo Assn.,"[""US Polo Assn"",""U S Polo Assn"",""USPoloAssn"",""U.S. POLO ASSN. KİDS"",""U.S. Polo Assn. Kids""]",fashion,,lifestyle,76,active,united-states
ufc,UFC,"[""Ultimate Fighting Championship""]",sportswear,,sports,72,active,united-states
ugg,UGG,"[""UGG Australia"",""UGG Outlet"",""UGGAustralia"",""UGGOutlet""]",shoes-bags,,premium,88,active,united-states
ugo-colella,Ugo Colella,"[""UgoColella""]",fashion,,premium,72,active,italy
ulanka,Ulanka,[],fashion,,fashion,60,active,spain
ulla-popken,Ulla Popken,"[""UllaPopken""]",fashion,,fashion,72,active,germany
ulta-beauty,Ulta Beauty,"[""Ulta"",""UltaBeauty""]",beauty,,premium,80,active,united-states
umbro,Umbro,[],sportswear,,sports,76,active,united-kingdom
under-armour,Under Armour,"[""Under Armour Factory House"",""Under Armour Outlet"",""UnderArmour"",""UnderArmourOutlet""]",sportswear,,sports,92,active,united-states
underarmour,UnderArmour,"[""UnderArmour"",""Under Armour""]",sportswear,,sports,62,active,
union-glashutte,Union Glashütte,"[""Union Glashutte"",""UnionGlashutte""]",fashion,,fashion,60,active,unknown
unisa,Unisa,[],shoes-bags,,fashion,72,active,spain
unisono,Unisono,"[""Unisono"",""Unisono"",""Unisono Outlet""]",fashion,,fashion,60,active,poland
united-arrows,United Arrows,"[""UNITED ARROWS"",""UnitedArrows"",""UNITEDARROWS""]",fashion,,premium,80,active,japan
united-colors-of-benetton,United Colors of Benetton,"[""Benetton"",""United Colours of Benetton""]",sportswear,,premium,70,active,
unode50,UNOde50,"[""UNOde50""]",jewelry-watches,,premium,74,active,spain
upgreat,Upgreat,"[""UPGREAT""]",fashion,,fashion,60,active,unknown
uppercut-deluxe,Uppercut Deluxe,"[""UppercutDeluxe""]",beauty,,premium,68,active,australia
urban-project,Urban Project,[],fashion,,fashion,70,active,portugal
urban-research,Urban Research,"[""URBAN RESEARCH"",""UrbanResearch"",""URBANRESEARCH""]",fashion,,premium,78,active,japan
utenos,Utenos,[],fashion,,lifestyle,50,active,lithuania
uyn,Uyn,[],fashion,,fashion,50,active,
v12-ultimate-racing-store,V12 Ultimate Racing Store,"[""V12""]",accessories,,lifestyle,50,active,united-kingdom
vagabond,Vagabond,"[""Vagabond""]",shoes-bags,,premium,72,active,
valditaro,Valditaro,[],fashion,,premium,70,active,italy
valecuatro,Valecuatro,[],fashion,,fashion,60,active,spain
valentino,Valentino,"[""Maison Valentino"",""Valentino Garavani"",""MaisonValentino"",""ValentinoGaravani""]",luxury,,luxury,94,active,italy
valentino-garavani,Valentino Garavani,"[""ValentinoGaravani""]",luxury,,luxury,94,active,italy
vanessa-bruno,Vanessa Bruno,"[""VanessaBruno""]",fashion,,premium,76,active,france
vans,Vans,"[""Vans Outlet"",""VansOutlet""]",sportswear,,sports,88,active,united-states
vardas,Vardas,"[""Vardas""]",fashion,,fashion,60,active,greece
varg,Varg,"[""Varg"",""Varg"",""Varg Outlet""]",fashion,,fashion,60,active,poland
vaude,VAUDE,[],fashion,,fashion,60,active,unknown
veja,VEJA,[],shoes-bags,,premium,70,active,france
venchi,Venchi,[],food-chocolate,,premium,66,active,italy
venezia,Venezia,"[""Venezia"",""Venezia"",""Venezia Outlet""]",shoes-bags,,fashion,60,active,poland
vera-bradley,Vera Bradley,"[""Vera Bradley Factory Outlet"",""VeraBradley""]",shoes-bags,,fashion,78,active,united-states
vera-wang,Vera Wang,"[""VeraWang""]",fashion,,premium,78,active,united-states
veralab,Veralab,[],beauty,,premium,70,active,italy
vero-moda,Vero Moda,"[""VeroModa""]",fashion,,fashion,60,active,unknown
versace,Versace,[],luxury,,luxury,94,active,italy
vestus,Vestus,"[""Vestus"",""Vestus"",""Vestus Outlet""]",fashion,,fashion,60,active,poland
vicolo,Vicolo,[],fashion,,fashion,60,active,
victoria-s-secret,Victoria's Secret,"[""Victorias Secret"",""Victoria’s Secret Outlet"",""Victoria’s Secret"",""Victoria s Secret"",""VictoriasSecret"",""Victoria's Secret Outlet"",""Victoria s Secret Outlet""]",fashion,,premium,84,active,united-states
victorias-secret,Victoria’s Secret,"[""Victoria's Secret"",""Victoria s Secret"",""VictoriasSecret""]",fashion,,lifestyle,50,active,united-kingdom
victorinox,Victorinox,[],home,,premium,82,active,switzerland
viking-of-norway,Viking of Norway,"[""Viking Garn"",""Viking"",""VikingOfNorway"",""Viking of Norway Viking Garn""]",home,,lifestyle,60,active,norway
vila,VILA,[],fashion,,lifestyle,70,active,denmark
vilebrequin,Vilebrequin,[],fashion,,luxury,82,active,france
villa-valentina,Villa Valentina,"[""VillaValentina""]",fashion,,fashion,50,active,united-kingdom
villeroy-and-boch,Villeroy & Boch,"[""Villeroy and Boch"",""Villeroy Boch"",""VilleroyBoch"",""VilleroyandBoch""]",home,,premium,82,active,germany
vilniaus-juvelyrika,Vilniaus Juvelyrika,[],jewelry-watches,,lifestyle,50,active,lithuania
vince,Vince,[],fashion,,premium,82,active,united-states
vince-camuto,Vince Camuto,"[""VinceCamuto""]",shoes-bags,,fashion,80,active,united-states
vineyard-vines,Vineyard Vines,"[""VineyardVines""]",fashion,,premium,78,active,united-states
vingino,Vingino,[],children,,fashion,70,active,netherlands
vinrose,Vinrose,"[""Vinrose""]",kids,,lifestyle,62,active,
vionic,Vionic,[],shoes-bags,,lifestyle,74,active,united-states
vip-collection,VIP Collection,[],shoes-bags,,lifestyle,56,active,poland
visionlab,Visionlab,[],fashion,,fashion,50,active,
visionottica,VisionOttica,"[""Vision Ottica""]",eyewear,,lifestyle,72,active,italy
vistula,Vistula,"[""Vistula"",""Vistula"",""Vistula Outlet""]",fashion,,fashion,60,active,poland
vivienne-westwood,Vivienne Westwood,"[""VivienneWestwood""]",luxury,,luxury,86,active,united-kingdom
volcano,Volcano,"[""Volcano"",""Volcano"",""Volcano Outlet""]",fashion,,fashion,60,active,poland
volcom,Volcom,[],sportswear,,lifestyle,78,active,united-states
volvik,Volvik,[],sportswear,,sports,70,active,south-korea
von-dutch,Von Dutch,"[""VonDutch""]",fashion,,lifestyle,66,active,united-states
vov,VOV,[],fashion,,premium,72,active,south-korea
vuori,Vuori,[],sportswear,,premium,82,active,united-states
w-closet,w closet,"[""W Closet"",""wcloset"",""WCloset""]",fashion,,fashion,66,active,japan
w-kruk,W.Kruk,"[""W Kruk"",""W. Kruk"",""W.KRUK"",""WKruk"",""W. Kruk Outlet""]",jewelry-watches,,fashion,60,active,poland
waac,WAAC,[],sportswear,,premium,72,active,south-korea
wacoal,Wacoal,"[""WACOAL""]",fashion,,premium,78,active,japan
wakacje-pl,Wakacje.pl,"[""Wakacje.pl"",""Wakacjepl"",""Wakacje.pl Outlet""]",travel,,fashion,60,active,poland
wam-denim,WAM DENIM,[],fashion,,fashion,50,active,
watch-and-see,Watch & See,"[""Watch and See"",""Watch See"",""WatchSee"",""WatchandSee""]",jewelry-watches,,fashion,68,active,germany
watch-station,Watch Station,"[""WatchStation""]",accessories,,premium,70,active,
watch-station-international,Watch Station International,"[""Watch Station"",""WatchStation""]",jewelry-watches,,premium,78,active,united-states
watchfinder-and-co,Watchfinder & Co.,"[""Watchfinder and Co"",""Watchfinder"",""Watchfinder and Co."",""Watchfinder Co"",""WatchfinderCo"",""Watchfinder & Co"",""WatchfinderandCo""]",jewelry-watches,,premium,78,active,united-kingdom
waterdrop,waterdrop,"[""Waterdrop""]",home,,lifestyle,68,active,austria
waterford,Waterford,[],home,,luxury,76,active,ireland
wawa-outlet,Wawa Outlet,"[""Wawa""]",fashion,,lifestyle,50,active,lithuania
we-fashion,WE Fashion,"[""WE Fashion Outlet"",""WEFashion"",""WEFashionOutlet""]",fashion,,fashion,60,active,
wedgwood,Wedgwood,[],home,,luxury,78,active,united-kingdom
weekend-offender,Weekend Offender,"[""WeekendOffender""]",fashion,,lifestyle,62,active,united-kingdom
wego,WEGO,"[""Wego""]",fashion,,fashion,68,active,japan
weird-fish,Weird Fish,"[""WeirdFish""]",fashion,,lifestyle,60,active,united-kingdom
well-le-bourget,Well - Le Bourget,"[""Well Le Bourget"",""WellLeBourget""]",fashion,,lifestyle,70,active,france
wellensteyn,Wellensteyn,[],fashion,,premium,78,active,germany
wellmade,Wellmade,[],fashion,,fashion,70,active,south-korea
wenger,Wenger,[],home,,lifestyle,70,active,switzerland
werder-sports,Werder Sports,"[""Werder Sports"",""WerderSports""]",fashion,,fashion,60,active,
west-elm-outlet,West Elm Outlet,"[""West Elm"",""WestElmOutlet"",""WestElm""]",home,,premium,76,active,united-states
what-it-isnt,What it isn't,"[""What It Isnt"",""What it isn’t"",""What it isn t"",""Whatitisnt"",""WhatItIsnt""]",fashion,,lifestyle,68,active,south-korea
whistles,Whistles,[],fashion,,premium,74,active,united-kingdom
white-house-black-market,White House Black Market,"[""WHBM""]",fashion,,premium,80,active,united-states
white-stuff,White Stuff,"[""WhiteStuff""]",fashion,,lifestyle,72,active,united-kingdom
whittard,Whittard,[],food-confectionery,,premium,70,active,united-kingdom
whittard-of-chelsea,Whittard of Chelsea,"[""WhittardofChelsea""]",food,,lifestyle,50,active,united-kingdom
whsmith,WHSmith,"[""W H Smith""]",accessories,,lifestyle,60,active,united-kingdom
why-so-serious,Why So Serious,"[""WhySoSerious"",""Why So Serious Outlet""]",fashion,,fashion,60,active,czech-republic
wide-angle,Wide Angle,"[""WideAngle""]",sportswear,,sports,70,active,south-korea
williams-sonoma-outlet,Williams-Sonoma Outlet,"[""Williams Sonoma"",""Williams Sonoma Outlet"",""WilliamsSonomaOutlet"",""WilliamsSonoma""]",home,,premium,80,active,united-states
willsoor,Willsoor,"[""Willsoor"",""Willsoor"",""Willsoor Outlet""]",fashion,,fashion,60,active,poland
wilson,Wilson,"[""Wilson Sporting Goods"",""WilsonSportingGoods""]",sportswear,,sports,78,active,united-states
wilsons-leather,Wilsons Leather,"[""WilsonsLeather""]",fashion,,lifestyle,74,active,united-states
windsor,Windsor,[],fashion,,premium,78,active,germany
winky-lux,Winky Lux,"[""WinkyLux""]",beauty,,fashion,68,active,united-states
wittchen,Wittchen,"[""Wittchen"",""Wittchen"",""Wittchen Outlet""]",shoes-bags,,fashion,60,active,poland
wittchen-travel,Wittchen Travel,"[""Wittchen Travel"",""WittchenTravel"",""Wittchen Travel Outlet""]",shoes-bags,,fashion,60,active,poland
wmf,WMF,"[""W.M.F.""]",home,,premium,80,active,germany
wolford,Wolford,[],fashion,,premium,80,active,austria
wonder-play,Wonder Play,"[""WonderPlay""]",children,,lifestyle,68,active,united-states
wondercru,WonderCru,"[""WonderCru"",""wondercru""]",fashion,,fashion,60,active,unknown
wonders,Wonders,[],fashion,,fashion,50,active,
woolrich,Woolrich,[],fashion,,premium,82,active,united-states
wooyoungmi,Wooyoungmi,[],fashion,,luxury,80,active,south-korea
worst-behavior,Worst Behavior,"[""WorstBehavior""]",fashion,,fashion,60,active,unknown
wp-area,WP AREA,[],fashion,,fashion,50,active,
wp-lavori-in-corso,WP Lavori in Corso,"[""WP Store"",""WP Lavori"",""WPLavoriinCorso""]",fashion,,premium,60,active,italy
wrangler,Wrangler,[],fashion,,lifestyle,78,active,united-states
wrstbhvr,WRSTBHVR,[],fashion,,fashion,70,active,
wutscher-optik,Wutscher Optik,"[""sehen!wutscher"",""Wutscher"",""WutscherOptik"",""sehenwutscher""]",eyewear,,lifestyle,70,active,austria
wusthof,Wüsthof,"[""Wusthof""]",home,,premium,74,active,germany
x-bionic,X-Bionic,"[""XBionic"",""X Bionic""]",sportswear,,premium,72,active,switzerland
x-girl,X-girl,"[""Xgirl"",""X girl""]",fashion,,fashion,68,active,japan
xandres,Xandres,[],fashion,,fashion,60,active,unknown
xjeans,Xjeans,"[""Xjeans""]",fashion,,fashion,62,active,
xti,Xti,[],shoes-bags,,fashion,68,active,spain
y-3,Y-3,"[""Y3"",""adidas Y-3"",""Y 3"",""adidas Y 3"",""adidasY3""]",fashion,,luxury,78,active,japan
y-concept,Y-concept,"[""Y Concept"",""Y concept"",""Yconcept"",""YConcept""]",shoes-bags,,fashion,68,active,south-korea
yamamay,Yamamay,[],fashion,,fashion,60,active,
yankee-candle,Yankee Candle,"[""YankeeCandle""]",home,,lifestyle,78,active,united-states
yellow-box,Yellow Box,"[""YellowBox""]",shoes-bags,,lifestyle,70,active,united-states
yes,YES,"[""Yes"",""YES Outlet""]",jewelry-watches,,fashion,60,active,poland
yes-zee,Yes Zee,"[""YES ZEE"",""YES-ZEE""]",fashion,,fashion,50,active,
yeti,YETI,"[""Yeti""]",home,,premium,76,active,united-states
yohji-yamamoto,Yohji Yamamoto,"[""YohjiYamamoto""]",luxury,,luxury,84,active,japan
yonex,YONEX,"[""Yonex""]",sportswear,,sports,78,active,japan
yoo-kase,Yoo Kase,"[""YooKase""]",electronics,,lifestyle,55,active,united-kingdom
young-and-reckless,Young & Reckless,"[""Young and Reckless"",""Young Reckless"",""YoungReckless"",""YoungandReckless""]",fashion,,lifestyle,70,active,united-states
yours,Yours,[],fashion,,lifestyle,50,active,united-kingdom
yumi,Yumi,[],fashion,,fashion,62,active,united-kingdom
yves-delorme,Yves Delorme,"[""YvesDelorme""]",home,,premium,70,active,france
yves-rocher,Yves Rocher,"[""YVES ROCHER"",""YvesRocher""]",beauty,,fashion,74,active,france
yves-saint-laurent,Yves Saint Laurent,"[""Yves Saint Laurent""]",fashion,,luxury,90,active,
yves-salomon,Yves Salomon,"[""YvesSalomon""]",fashion,,luxury,70,active,france
ys,Y’s,"[""Y's"",""Ys"",""Y s""]",fashion,,luxury,78,active,japan
zadig-and-voltaire,Zadig & Voltaire,"[""Zadig and Voltaire"",""Zadig Voltaire"",""ZadigVoltaire"",""ZadigandVoltaire""]",fashion,,premium,84,active,france
zadigandvoltaire,Zadig&Voltaire,[],fashion,,fashion,50,active,
zales,Zales,"[""Zales Outlet"",""Zales The Diamond Store"",""ZalesOutlet"",""ZalesTheDiamondStore""]",jewelry-watches,,premium,78,active,united-states
zapa,Zapa,[],fashion,,premium,70,active,france
zara-home,Zara Home,[],home,,fashion,70,active,spain
zegna,ZEGNA,"[""Ermenegildo Zegna"",""Zegna""]",fashion,,luxury,70,active,italy
zero,zero,"[""Zero""]",fashion,,fashion,70,active,germany
zero-halliburton,Zero Halliburton,"[""ZeroHalliburton""]",shoes-bags,,premium,74,active,united-states
ziaja,Ziaja,"[""Ziaja dla Ciebie"",""ZiajadlaCiebie"",""Ziaja dla Ciebie Outlet""]",beauty,,fashion,60,active,poland
zimmermann,Zimmermann,[],fashion,,luxury,82,active,australia
ziosongzio,Ziosongzio,[],fashion,,premium,72,active,south-korea
ziozia,ZIOZIA,"[""Ziozia""]",fashion,,fashion,72,active,south-korea
zippy,Zippy,[],children,,fashion,70,active,portugal
zizzi,Zizzi,[],fashion,,fashion,58,active,denmark
zoff,Zoff,[],shoes-bags,,fashion,70,active,japan
zojirushi,Zojirushi,[],home,,premium,72,active,japan
zooc,ZOOC,"[""Zooc""]",fashion,,fashion,70,active,south-korea
zuiki,Zuiki,[],fashion,,fashion,50,active,
zumiez,Zumiez,[],fashion,,lifestyle,76,active,united-states
zwilling,Zwilling,"[""ZWILLING""]",home,,premium,70,active,germany
zwilling-ja-henckels,Zwilling J.A. Henckels,"[""Zwilling"",""Zwilling Henckels"",""Zwilling J A Henckels"",""ZwillingJAHenckels"",""ZwillingHenckels""]",home,,premium,84,active,germany
versace-jeans-couture,Versace Jeans Couture,[],fashion,,premium,60,active,unknown
versus-versace,Versus Versace,[],fashion,,premium,60,active,unknown
watch-center,Watch Center,[],accessories,,fashion,60,active,unknown
womensecret,Women’secret,"[""Women's Secret"",""Women Secret"",""Women’secret""]",fashion,,fashion,60,active,unknown
xyz-outlet,XYZ Outlet,[],fashion,,fashion,60,active,unknown
vicino,Vicino,[],restaurants-cafes,,fashion,50,active,unknown
wok-bar,Wok Bar,[],restaurants-cafes,,fashion,50,active,unknown
xs-manguasjad,XS Mänguasjad,"[""XS Manguasjad""]",toys,,lifestyle,50,active,estonia
vera-mont,Vera Mont,[],fashion,,fashion,50,active,unknown
wonderbra,Wonderbra,[],fashion,,fashion,50,active,unknown
waterstones,Waterstones,"[""Waterstone's""]",books-stationery,,lifestyle,70,active,united-kingdom
ungaro,Ungaro,[],fashion,,premium,70,active,france
vincenzo-dascanio,Vincenzo Dascanio,[],home,,fashion,50,active,italy
whao,WHAO,[],fashion,,fashion,50,active,italy
yajihula-anime,Yajihula Anime,"[""Yajihula""]",accessories,,lifestyle,50,active,unknown
unieuro,Unieuro,[],electronics,,lifestyle,60,active,italy
vorwerk,Vorwerk,[],home,,lifestyle,60,active,germany
wycon,Wycon,[],beauty,,lifestyle,60,active,italy
ziobiki,Ziobiki,[],fashion,,fashion,60,active,italy
uki,UKİ,"[""Uki""]",fashion,,fashion,60,active,
vatan-bilgisayar,VATAN BİLGİSAYAR,"[""Vatan Bilgisayar""]",electronics,,lifestyle,60,active,
vestel,VESTEL,"[""VESTEL EKSPRES""]",electronics,,lifestyle,60,active,
vicco,VİCCO,"[""Vicco""]",children,,lifestyle,60,active,
vodafone,VODAFONE,[],electronics,,lifestyle,60,active,
watsons,WATSONS,[],beauty,,lifestyle,60,active,
yeni-inci,YENİ İNCİ,"[""Yeni İnci""]",fashion,,fashion,60,active,
ulker-shop,Ülker Shop,[],food,,lifestyle,60,active,
vakko,Vakko,"[""Vakko Outlet"",""VAKKO BOUTİQUE""]",fashion,,fashion,60,active,
yargici,YARGICI,"[""Yargıcı""]",fashion,,lifestyle,50,active,
zen-diamond,ZEN DIAMOND,"[""Zen Diamond""]",jewelry-watches,,lifestyle,50,active,
valmenti,VALMENTI,"[""VALMENTI""]",fashion,,fashion,50,active,
vena,VENA,"[""VENA""]",fashion,,fashion,50,active,
venito,VENITO,"[""VENITO""]",shoes-bags,,fashion,50,active,
w-collection,W COLLECTION,"[""W COLLECTION""]",fashion,,fashion,50,active,
xenon-smart,XENON SMART,"[""XENON SMART""]",electronics,,lifestyle,50,active,
yatas,Yataş,[],home,,lifestyle,50,active,
yenilio,Yenilio,[],electronics,,lifestyle,50,active,
welcome-baby,Welcome Baby,[],kids,,lifestyle,50,active,
zeki,Zeki,[],fashion,,fashion,50,active,
ucla,UCLA,[],fashion,,fashion,50,active,
venesa,Venesa,[],fashion,,fashion,50,active,
veronica,Veronica,[],shoes-bags,,fashion,50,active,
vision-optik,Vision Optik,[],eyewear,,lifestyle,50,active,
yalinayak,Yalınayak,[],shoes-bags,,fashion,50,active,
unzilee,Unzilee,[],accessories,,lifestyle,50,active,
valence,Valence,[],fashion,,fashion,50,active,
u-s-polo-kids,U.S POLO KIDS,[],fashion,,fashion,50,active,
vialli-silver,VIALLI SILVER,[],jewelry-watches,,lifestyle,50,active,
yilmaz-optik,YILMAZ OPTİK,[],eyewear,,lifestyle,50,active,
zukti,Zukti,[],fashion,,fashion,50,active,unknown
vie,VIE,[],fashion,,fashion,50,active,unknown
xseswary,Xseswary,[],fashion,,fashion,50,active,unknown
xpressions-style,Xpressions Style,[],fashion,,fashion,50,active,unknown
xint,Xint,[],fashion,,fashion,50,active,unknown
via-milano,Via Milano,[],fashion,,fashion,50,active,unknown
underground-sport,Underground Sport,[],sportswear,,sports,50,active,unknown
yateem-optician,Yateem Optician,[],eyewear,,lifestyle,50,active,unknown
v-brand-gallery,V Brand Gallery,[],gifts,,lifestyle,50,active,unknown
usbs,USBS,[],fashion,,fashion,50,active,unknown
via-bambino,Via Bambino,[],kids,,lifestyle,50,active,unknown
v-perfumes,V Perfumes,[],beauty,,lifestyle,50,active,united-arab-emirates
water-gold-perfumes,Water Gold Perfumes,[],beauty,,lifestyle,50,active,unknown
xcite,Xcite,[],electronics,,lifestyle,50,active,kuwait
un3d,Un3d.,[],fashion,,,50,active,
untitled,Untitled,[],fashion,,,50,active,
vendome-aoyama,Vendome Aoyama,[],fashion,,,50,active,
verite,Verite,[],fashion,,,50,active,
wind-and-sea,Wind And Sea,[],fashion,,,50,active,
xlarge-x-girl,XLARGE/X-girl,[],fashion,,lifestyle,50,active,
vermicular-sustainable-store,Vermicular Sustainable Store,[],home,,lifestyle,50,active,
yaccomaricard,YACCOMARICARD,[],fashion,,lifestyle,50,active,
yogibo-store,Yogibo Store,[],lifestyle,,lifestyle,50,active,
undefeated,UNDEFEATED,[],sportswear,,sports,60,active,
urban-exploration,Urban Exploration,[],outdoor,,lifestyle,60,active,
we11done,WE11DONE,[],fashion,,fashion,60,active,
zuczug,ZUCZUG,[],fashion,,fashion,60,active,
ximi-vogue,XIMI VOGUE,"[""XIMI Vogue"",""XIMIVOGUE""]",fashion,,lifestyle,58,active,
uniqlo,UNIQLO,"[""Uniqlo""]",fashion,,fashion,82,active,japan
vis,Vis,[],fashion,,fashion,60,active,
warrix,WARRIX,[],sportswear,,sports,50,active,unknown
10corso-como-magazzini,10CORSO COMO MAGAZZINI,[],fashion,,fashion,50,active,
8-seconds,8 seconds,[],fashion,,fashion,50,active,
8seconds,8Seconds,[],fashion,,fashion,50,active,
universal-traveller-outlet,Universal Traveller Outlet,[],fashion,,fashion,50,active,
wacky-willy,Wacky Willy,[],fashion,,fashion,50,active,
wiggle-wiggle,Wiggle Wiggle,[],lifestyle,,lifestyle,50,active,
yale,YALE,[],fashion,,fashion,50,active,
zwiling,ZWILING,[],lifestyle,,lifestyle,50,active,
lansmere,LANSMERE,[],luxury,,,50,active,
rick-owens,Rick Owens,[],luxury,,,50,active,
beaker,BEAKER,[],fashion,,,50,active,
club-monaco,CLUB MONACO,[],fashion,,,50,active,
lebeige,LEBEIGE,[],fashion,,,50,active,
man-on-the-boon,MAN ON THE BOON.,[],fashion,,,50,active,
mine,MINE,[],fashion,,,50,active,
mue,MUE,[],fashion,,,50,active,
matin-kim,Matin Kim,[],fashion,,,50,active,
s-i-village,S.I. Village,[],fashion,,,50,active,
tom-greyhound,Tom Greyhound,[],fashion,,,50,active,
second-run,SECOND RUN,[],fashion,,,50,active,
shinsegae-factory-store,SHINSEGAE FACTORY STORE,[],fashion,,,50,active,
time,TIME,[],fashion,,,50,active,
dewl,DEWL,[],fashion,,,50,active,
daks,Daks,[],fashion,,,50,active,
froops,FROOPS,[],fashion,,,50,active,
izzat-baba-izzat-collection,IZZAT BABA / IZZAT COLLECTION,[],fashion,,,50,active,
jigott,JIGOTT,[],fashion,,,50,active,
juun-j-woman,Juun.J Woman,[],fashion,,,50,active,
lucky-chouette,LUCKY CHOUETTE,[],fashion,,,50,active,
le17septembre,Le17septembre,[],fashion,,,50,active,
michaa,MICHAA,[],fashion,,,50,active,
mojo-s-phine,MOJO.S.PHINE,[],fashion,,,50,active,
satur,SATUR,[],fashion,,,50,active,
sjsj,SJSJ,[],fashion,,,50,active,
studio-tomboy,STUDIO TOMBOY,[],fashion,,,50,active,
system,SYSTEM,[],fashion,,,50,active,
thursday-island,Thursday Island,[],fashion,,,50,active,
cambridge-members,CAMBRIDGE MEMBERS,[],fashion,,,50,active,
galaxy,GALAXY,[],fashion,,,50,active,
pottery,POTTERY,[],fashion,,,50,active,
series,SERIES,[],fashion,,,50,active,
solid-homme,SOLID HOMME,[],fashion,,,50,active,
songzio-homme,SONGZIO HOMME,[],fashion,,,50,active,
sieg,Sieg,[],fashion,,,50,active,
lifework,LifeWork,[],fashion,,,50,active,
helen-kaminski,Helen Kaminski,[],shoes-bags,,,50,active,
heritage-kumkang,Heritage Kumkang,[],shoes-bags,,,50,active,
joy-gryson,Joy Gryson,[],shoes-bags,,,50,active,
louis-quatorze,LOUIS QUATORZE,[],shoes-bags,,,50,active,
misope,Misope,[],shoes-bags,,,50,active,
suecomma-bonnie,Suecomma Bonnie,[],shoes-bags,,,50,active,
tandy,Tandy,[],shoes-bags,,,50,active,
vunque,vunque,[],shoes-bags,,,50,active,
a-p-c-golf,A.P.C. GOLF,[],sportswear,,,50,active,
anewgolf,ANEWGOLF,[],sportswear,,,50,active,
amazingcre,AmazingCre,[],sportswear,,,50,active,
boss-golf,Boss Golf,[],sportswear,,,50,active,
chervo,CHERVO,[],sportswear,,,50,active,
challenger,Challenger,[],sportswear,,,50,active,
discovery,DISCOVERY,[],sportswear,,,50,active,
dunlop,DUNLOP,[],sportswear,,,50,active,
dynafit,Dynafit,[],sportswear,,,50,active,
helinox,Helinox,[],sportswear,,,50,active,
lanvin-blanc,Lanvin Blanc,[],sportswear,,,50,active,
off-out,OFF/OUT,[],sportswear,,,50,active,
southcape,SOUTHCAPE,[],sportswear,,,50,active,
st-andrews,ST ANDREWS,[],sportswear,,,50,active,
titleist,Titleist,[],sportswear,,,50,active,
barbara-vivien,BARBARA/VIVIEN,[],shoes-bags,,,50,active,
babara,Babara,[],shoes-bags,,,50,active,
foot-joy,Foot Joy,[],sportswear,,,50,active,
golden-dew,Golden Dew,[],jewelry-watches,,,50,active,
roseedor,RoseeDor,[],jewelry-watches,,,50,active,
s-i-beauty-club,S.I Beauty Club,[],beauty,,,50,active,
soda,Soda,[],shoes-bags,,,50,active,
the-cosmetics-club,THE COSMETICS CLUB,[],beauty,,,50,active,
triumph-elle,Triumph/Elle,[],accessories,,,50,active,
venus-wacoal,Venus/Wacoal,[],accessories,,,50,active,
burberry-children,Burberry Children,[],kids,,,50,active,
happyland-house,Happyland House,[],kids,,,50,active,
kangol-kids,KANGOL KIDS,[],kids,,,50,active,
lee-kids,Lee Kids,[],kids,,,50,active,
little-ground,Little Ground,[],kids,,,50,active,
magic-edition,MAGIC EDITION,[],kids,,,50,active,
marithe-kids,Marithe Kids,[],kids,,,50,active,
national-geographic-kids,NATIONAL GEOGRAPHIC KIDS,[],kids,,,50,active,
nba-kids,NBA Kids,[],kids,,,50,active,
nike-kids-value-store,Nike Kids Value Store,[],kids,,,50,active,
off-label,Off Label,[],kids,,,50,active,
toebox,TOEBOX,[],kids,,,50,active,
top10-kids,Top10 Kids,[],kids,,,50,active,
bang-and-olufsen-bowers-and-wilkins,B&O/B&W,[],electronics,,,50,active,
jaju,JAJU,[],home-lifestyle,,,50,active,
wine-and-more,WINE&MORE,[],home-lifestyle,,,50,active,
art-centum,ART CENTUM,[],services,,,50,active,
fannie,Fannie,[],food,,,50,active,
five-guys,Five Guys,[],restaurants-cafes,,,50,active,
hansung-pop-up,HANSUNG POP-UP,[],services,,,50,active,
hwasoon,Hwasoon,[],food,,,50,active,
igane-topokki,Igane topokki,[],restaurants-cafes,,,50,active,
jackson,Jackson,[],food,,,50,active,
jung-kwan-jang,Jung Kwan Jang,[],food,,,50,active,
kary-market,Kary Market,[],food,,,50,active,
onsen,Onsen,[],restaurants-cafes,,,50,active,
palseonsaeng,Palseonsaeng,[],food,,,50,active,
pizzeria-o,Pizzeria O,[],restaurants-cafes,,,50,active,
shinsegae-outlet,Shinsegae Outlet,[],department-store,,,50,active,
taco-bell,Taco bell,[],restaurants-cafes,,,50,active,
twitzel,Twitzel,[],food-confectionery,,,50,active,
yeoju-ceramics,YEOJU CERAMICS,[],homeware,,,50,active,
yeoju-market-place,YEOJU MARKET PLACE,[],food,,,50,active,
ililhyang,ililhyang,[],restaurants-cafes,,,50,active,
