outletId,name,slug,aliases,countryId,cityId,address,latitude,longitude,openingHours,heroImage,galleryImages,storesCountText,rating,reviewCount,services,taxFreeAvailable,websiteUrl,centerMapUrl,googleMapsUrl,appleMapsUrl,yandexMapsUrl,status,cityCenterDistanceKm,cityCenterInfo,airports,distanceBasis,metadataVerifiedAt,airportDistanceKm,taxFreeOfficeInfo,outletName,restaurants,parking,nearby,officialWebsite,vatRate,minimumTaxFreeSpend,phone,email,estimatedRefundRate,taxFreeOperator,airportInfoText,cityCenterInfoText
woodbury-common-premium-outlets,Woodbury Common Premium Outlets,woodbury-common-premium-outlets,"[""Central Valley""]",united-states,new-york,"498 Red Apple Court, Central Valley, NY 10917, United States",41.3170679,-74.1267205,Daily 10:00–21:00. Holiday and individual store hours may vary.,,[],197 listed brands,0,0,"[""Customer Service"",""Dining"",""Parking""]",false,https://www.premiumoutlets.com/outlet/woodbury-common,https://www.premiumoutlets.com/outlet/woodbury-common/map,https://www.google.com/maps/search/?api=1&query=41.3170679%2C-74.1267205,"https://maps.apple.com/?ll=41.3170679,-74.1267205",https://yandex.com/maps/?ll=-74.1267205%2C41.3170679,active,63,"{""name"":""New York"",""distanceKm"":63}","[{""code"":""SWF"",""name"":""New York Stewart"",""distanceKm"":21},{""code"":""JFK"",""name"":""John F. Kennedy"",""distanceKm"":81},{""code"":""EWR"",""name"":""Newark Liberty"",""distanceKm"":70}]",straight-line,2026-09-12,21,,,,,,,,,,,,,,
sawgrass-mills,Sawgrass Mills,sawgrass-mills,"[""Sunrise""]",united-states,fort-lauderdale,"12801 W Sunrise Boulevard, Sunrise, FL 33323, United States",26.151697,-80.3209,Mon–Sat 10:00–21:00; Sun 11:00–20:00. Holiday and individual store hours may vary.,,[],221 listed brands,0,0,"[""Customer Service"",""Dining"",""Parking""]",false,https://www.simon.com/mall/sawgrass-mills,https://www.simon.com/mall/sawgrass-mills/map,https://www.google.com/maps/search/?api=1&query=26.151697%2C-80.3209,"https://maps.apple.com/?ll=26.151697,-80.3209",https://yandex.com/maps/?ll=-80.3209%2C26.151697,active,19,"{""name"":""Fort Lauderdale"",""distanceKm"":19}","[{""code"":""FLL"",""name"":""Fort Lauderdale–Hollywood"",""distanceKm"":19},{""code"":""MIA"",""name"":""Miami"",""distanceKm"":40}]",straight-line,2026-09-12,19,,,,,,,,,,,,,,
orlando-vineland-premium-outlets,Orlando Vineland Premium Outlets,orlando-vineland-premium-outlets,"[""Lake Buena Vista""]",united-states,orlando,"8200 Vineland Avenue, Orlando, FL 32821, United States",28.386771,-81.4926951,Mon–Sat 10:00–21:00; Sun 11:00–19:00. Holiday and individual store hours may vary.,,[],125 listed brands,0,0,"[""Customer Service"",""Dining"",""Parking""]",false,https://www.premiumoutlets.com/outlet/orlando-vineland,https://www.premiumoutlets.com/outlet/orlando-vineland/map,https://www.google.com/maps/search/?api=1&query=28.386771%2C-81.4926951,"https://maps.apple.com/?ll=28.386771,-81.4926951",https://yandex.com/maps/?ll=-81.4926951%2C28.386771,active,20,"{""name"":""Orlando"",""distanceKm"":20}","[{""code"":""MCO"",""name"":""Orlando"",""distanceKm"":19}]",straight-line,2026-09-12,19,,,,,,,,,,,,,,
las-vegas-north-premium-outlets,Las Vegas North Premium Outlets,las-vegas-north-premium-outlets,"[""Downtown Las Vegas""]",united-states,las-vegas,"875 S Grand Central Parkway, Las Vegas, NV 89106, United States",36.1636903,-115.1583205,Mon–Sat 10:00–20:00; Sun 10:00–19:00. Holiday and individual store hours may vary.,,[],148 listed brands,0,0,"[""Customer Service"",""Dining"",""Parking""]",false,https://www.premiumoutlets.com/outlet/las-vegas-north,https://www.premiumoutlets.com/outlet/las-vegas-north/map,https://www.google.com/maps/search/?api=1&query=36.1636903%2C-115.1583205,"https://maps.apple.com/?ll=36.1636903,-115.1583205",https://yandex.com/maps/?ll=-115.1583205%2C36.1636903,active,2,"{""name"":""Las Vegas"",""distanceKm"":2}","[{""code"":""LAS"",""name"":""Harry Reid"",""distanceKm"":9}]",straight-line,2026-09-12,9,,,,,,,,,,,,,,
desert-hills-premium-outlets,Desert Hills Premium Outlets,desert-hills-premium-outlets,"[""Cabazon""]",united-states,palm-springs,"48400 Seminole Drive, Cabazon, CA 92230, United States",33.928778,-116.815491,Mon–Sat 10:00–21:00; Sun 10:00–20:00. Holiday and individual store hours may vary.,,[],153 listed brands,0,0,"[""Customer Service"",""Dining"",""Parking""]",false,https://www.premiumoutlets.com/outlet/desert-hills,https://www.premiumoutlets.com/outlet/desert-hills/map,https://www.google.com/maps/search/?api=1&query=33.928778%2C-116.815491,"https://maps.apple.com/?ll=33.928778,-116.815491",https://yandex.com/maps/?ll=-116.815491%2C33.928778,active,27,"{""name"":""Palm Springs"",""distanceKm"":27}","[{""code"":""PSP"",""name"":""Palm Springs"",""distanceKm"":31},{""code"":""ONT"",""name"":""Ontario"",""distanceKm"":74},{""code"":""LAX"",""name"":""Los Angeles"",""distanceKm"":147}]",straight-line,2026-09-12,31,,,,,,,,,,,,,,
san-francisco-premium-outlets,San Francisco Premium Outlets,san-francisco-premium-outlets,"[""Livermore""]",united-states,san-francisco,"2774 Livermore Outlets Drive, Livermore, CA 94551, United States",37.6989923,-121.8441731,Mon–Sat 10:00–20:00; Sun 10:00–19:00. Holiday and individual store hours may vary.,,[],151 listed brands,0,0,"[""Customer Service"",""Dining"",""Parking""]",false,https://www.premiumoutlets.com/outlet/san-francisco,https://www.premiumoutlets.com/outlet/san-francisco/map,https://www.google.com/maps/search/?api=1&query=37.6989923%2C-121.8441731,"https://maps.apple.com/?ll=37.6989923,-121.8441731",https://yandex.com/maps/?ll=-121.8441731%2C37.6989923,active,51,"{""name"":""San Francisco"",""distanceKm"":51}","[{""code"":""OAK"",""name"":""Oakland"",""distanceKm"":33},{""code"":""SFO"",""name"":""San Francisco"",""distanceKm"":48},{""code"":""SJC"",""name"":""San José Mineta"",""distanceKm"":38}]",straight-line,2026-09-12,33,,,,,,,,,,,,,,
siam-premium-outlets,Siam Premium Outlets Bangkok,siam-premium-outlets,"[""Bang Sao Thong"",""siam-premium-outlet""]",thailand,bangkok,"989 Moo 14, Bang Sao Thong, Samut Prakan 10570, Thailand",13.6946139,100.8312053,Daily 10:00–22:00. Holiday and individual store hours may vary.,,[],108 listed brands,0,0,"[""Customer Service"",""Dining"",""Parking"",""Free Wi-Fi"",""Prayer Room"",""Nursing Room""]",true,https://www.siampremiumoutlets.com/en,https://www.siampremiumoutlets.com/en/map,https://www.google.com/maps/search/?api=1&query=13.6946139%2C100.8312053,"https://maps.apple.com/?ll=13.6946139,100.8312053",https://yandex.com/maps/?ll=100.8312053%2C13.6946139,active,33,"{""name"":""Bangkok"",""distanceKm"":33}","[{""code"":""BKK"",""name"":""Suvarnabhumi"",""distanceKm"":9},{""code"":""DMK"",""name"":""Don Mueang"",""distanceKm"":34}]",straight-line,2026-09-12,9,VAT refunds are available at participating shops; eligibility and customs validation apply.,,,,,,,,,,,,,
rinku-premium-outlets,Rinku Premium Outlets,rinku-premium-outlets,,japan,izumisano,"3-28 Rinku Ourai-Minami, Izumisano, Osaka 598-8508, Japan",34.40672,135.29417,"Shops 10:00 - 20:00; restaurants 11:00 - 21:00; cafe 09:30 - 20:00. Individual store, seasonal and special-date hours may vary.",,[],250 outlet stores,0,0,"[""Information Center"",""Tax-Free Shopping"",""Free Wi-Fi"",""ATM"",""Lockers"",""Prayer Room"",""Nursing Room"",""Stroller Rental"",""Wheelchair Rental"",""Parking""]",true,https://www.premiumoutlets.co.jp/en/rinku/,,"https://www.google.com/maps/search/?api=1&query=34.40672,135.29417","https://maps.apple.com/?ll=34.40672,135.29417&q=Rinku%20Premium%20Outlets","https://yandex.com/maps/?ll=135.29417,34.40672&z=16&text=Rinku%20Premium%20Outlets",active,1,"{""name"":""Rinku Town Station"",""distanceKm"":1}","[{""code"":""KIX"",""name"":""Kansai International Airport"",""distanceKm"":8}]",,,8,,Rinku Premium Outlets,[],"On-site parking is available; capacity, charges and busy-period arrangements should be confirmed before travel.",[],https://www.premiumoutlets.co.jp/en/rinku/,,,,,,,,
gotemba-premium-outlets,Gotemba Premium Outlets,gotemba-premium-outlets,,japan,gotemba,"1312 Fukasawa, Gotemba-shi, Shizuoka 412-0023, Japan",35.3067588,138.9620686,"Mar-Nov 10:00 - 20:00; Dec-Feb 10:00 - 19:00. Closed once yearly; next scheduled closure February 25, 2027. Seasonal and special hours may vary.",,[],290 outlet stores,0,0,"[""Information Center"",""Welcome Center"",""Tax-Free Shopping"",""Free Wi-Fi"",""ATM"",""Currency Exchange"",""Lockers"",""Prayer Room"",""Telephone Interpreting"",""Free Shuttle Bus"",""Taxi"",""Nursing Room"",""Baby Changing"",""First Aid / AED"",""Stroller Rental"",""Wheelchair Rental"",""Barrier-Free Access"",""Delivery Service"",""Parking"",""EV Charging"",""Pet-Friendly Areas"",""Smoking Areas""]",true,https://www.premiumoutlets.co.jp/en/gotemba/,,"https://www.google.com/maps/search/?api=1&query=35.3067588,138.9620686","https://maps.apple.com/?ll=35.3067588,138.9620686&q=Gotemba%20Premium%20Outlets","https://yandex.com/maps/?ll=138.9620686,35.3067588&z=16&text=Gotemba%20Premium%20Outlets",active,3,"{""name"":""JR Gotemba Station"",""distanceKm"":3}","[{""code"":""HND"",""name"":""Haneda Airport"",""distanceKm"":98},{""code"":""NRT"",""name"":""Narita International Airport"",""distanceKm"":165}]",,,98,,Gotemba Premium Outlets,[],All Gotemba Premium Outlets parking areas are free. Overflow/off-site parking may be used on busy days.,[],https://www.premiumoutlets.co.jp/en/gotemba/,,,,,,,,
mitsui-outlet-park-kisarazu,Mitsui Outlet Park Kisarazu,mitsui-outlet-park-kisarazu,,japan,kisarazu,"3-1-1 Kaneda-Higashi, Kisarazu-shi, Chiba 292-0009, Japan",35.43575,139.93551,Shops 10:00 - 20:00; restaurants 11:00 - 21:00; food court 10:30 - 21:00; cafe 09:30 - 21:00. Closed: not fixed. Individual shop and special-date hours may vary.,,[],330 stores,0,0,"[""General Information"",""Tourist Information"",""Tax-Free Counter"",""Free Wi-Fi"",""Foreign Currency Exchange"",""ATM"",""Free Coin Lockers"",""Free Baggage Storage"",""Delivery Service"",""AED"",""Wheelchair Rental"",""Accessible Toilets"",""Stroller Rental"",""Nursing Room"",""Baby Changing"",""Prayer Room"",""Parking"",""Valet Parking"",""EV Charging"",""Smoking Areas"",""Pet-Friendly Facilities""]",true,https://mitsui-shopping-park.com/en/mop/kisarazu/,,"https://www.google.com/maps/search/?api=1&query=35.43575,139.93551","https://maps.apple.com/?ll=35.43575,139.93551&q=Mitsui%20Outlet%20Park%20Kisarazu","https://yandex.com/maps/?ll=139.93551,35.43575&z=16&text=Mitsui%20Outlet%20Park%20Kisarazu",active,6,"{""name"":""JR Kisarazu Station"",""distanceKm"":6}","[{""code"":""HND"",""name"":""Haneda Airport"",""distanceKm"":22},{""code"":""NRT"",""name"":""Narita International Airport"",""distanceKm"":67}]",,,22,,Mitsui Outlet Park Kisarazu,[],"Approximately 6,200 parking spaces. General parking is free and normally available 09:30 - 21:30; paid valet service is also available.",[],https://mitsui-shopping-park.com/en/mop/kisarazu/,,,,,,,,
shisui-premium-outlets,Shisui Premium Outlets,shisui-premium-outlets,,japan,shisui,"2-4-1 Iizumi, Shisui-machi, Inba-gun, Chiba 285-0912, Japan",35.711917,140.292694,"Mar-Jan 10:00 - 20:00; Feb 10:00 - 19:00. Restaurants open until 20:00. Closed once yearly; next scheduled closure February 25, 2027. Individual store and special-date hours may vary.",,[],220 outlet stores,0,0,"[""Information Center"",""Tax-Free Shopping"",""Free Wi-Fi"",""Pocket Wi-Fi Rental"",""Narita Airport Flight Information"",""ATM"",""Currency Exchange"",""Lounge"",""Lockers"",""Prayer Room"",""Telephone Interpreting"",""Taxi"",""Nursing Room"",""Baby Changing"",""First Aid / AED"",""Stroller Rental"",""Wheelchair Rental"",""Clothing Alterations"",""Delivery Service"",""Pet-Friendly Areas"",""Smoking Areas""]",true,https://www.premiumoutlets.co.jp/en/shisui/,,"https://www.google.com/maps/search/?api=1&query=35.711917,140.292694","https://maps.apple.com/?ll=35.711917,140.292694&q=Shisui%20Premium%20Outlets","https://yandex.com/maps/?ll=140.292694,35.711917&z=16&text=Shisui%20Premium%20Outlets",active,3,"{""name"":""JR Shisui Station"",""distanceKm"":3}","[{""code"":""NRT"",""name"":""Narita International Airport"",""distanceKm"":12}]",,,12,,Shisui Premium Outlets,[],On-site parking is available. Busy-period arrangements and current parking rules should be confirmed before travel.,[],https://www.premiumoutlets.co.jp/en/shisui/,,,,,,,,
kobe-sanda-premium-outlets,Kobe-Sanda Premium Outlets,kobe-sanda-premium-outlets,,japan,kobe,"7-3 Kouzudai, Kita-ku, Kobe-shi, Hyogo 651-1515, Japan",34.860167,135.191778,"Mar-Jan 10:00 - 20:00; Feb 10:00 - 19:00. Restaurant hours vary by season. Closed once yearly; next scheduled closure February 25, 2027. Individual store and special-date hours may vary.",,[],210 outlet stores,0,0,"[""Information Center"",""Tax-Free Shopping"",""Free Wi-Fi"",""Credit Cards"",""UnionPay / Alipay+ / WeChat Pay"",""ATM"",""Currency Exchange"",""Lockers"",""Baggage Storage"",""Portable Charger"",""Telephone Interpreting"",""Taxi"",""Nursing Room"",""Baby Changing"",""First Aid / AED"",""Stroller Rental"",""Wheelchair Rental"",""Barrier-Free Access"",""EV Charging"",""Pet-Friendly Areas"",""Smoking Areas""]",true,https://www.premiumoutlets.co.jp/en/kobesanda/,,"https://www.google.com/maps/search/?api=1&query=34.860167,135.191778","https://maps.apple.com/?ll=34.860167,135.191778&q=Kobe-Sanda%20Premium%20Outlets","https://yandex.com/maps/?ll=135.191778,34.860167&z=16&text=Kobe-Sanda%20Premium%20Outlets",active,22,"{""name"":""Sannomiya Station"",""distanceKm"":22}","[{""code"":""KIX"",""name"":""Kansai International Airport"",""distanceKm"":70}]",,,70,,Kobe-Sanda Premium Outlets,[],On-site parking is available. Parking facilities normally operate around outlet opening hours; current arrangements should be confirmed before travel.,[],https://www.premiumoutlets.co.jp/en/kobesanda/,,,,,,,,
sano-premium-outlets,Sano Premium Outlets,sano-premium-outlets,,japan,sano,"2058 Koena-cho, Sano-shi, Tochigi 327-0822, Japan",36.292954,139.604903,"Mar-Jan 10:00 - 20:00; Feb 10:00 - 19:00. Restaurants generally open until 20:00. Closed once yearly; next scheduled closure February 25, 2027. Individual store and special-date hours may vary.",,[],180 outlet stores,0,0,"[""Information Center"",""Tax-Free Shopping"",""Free Wi-Fi"",""Credit Cards"",""UnionPay / Alipay+ / WeChat Pay"",""ATM"",""Currency Exchange"",""Lockers"",""Baggage Storage"",""Telephone Interpreting"",""Taxi"",""Nursing Room"",""Baby Changing"",""First Aid / AED"",""Stroller Rental"",""Wheelchair Rental"",""Barrier-Free Access"",""Clothing Alterations"",""Delivery Service"",""Pet-Friendly Areas"",""Smoking Areas""]",true,https://www.premiumoutlets.co.jp/en/sano/,,"https://www.google.com/maps/search/?api=1&query=36.292954,139.604903","https://maps.apple.com/?ll=36.292954,139.604903&q=Sano%20Premium%20Outlets","https://yandex.com/maps/?ll=139.604903,36.292954&z=16&text=Sano%20Premium%20Outlets",active,4,"{""name"":""Sano Station"",""distanceKm"":4}","[{""code"":""HND"",""name"":""Haneda Airport"",""distanceKm"":84}]",,,84,,Sano Premium Outlets,[],On-site parking is available. Accessible parking areas are provided; busy-period parking arrangements should be confirmed before travel.,[],https://www.premiumoutlets.co.jp/en/sano/,,,,,,,,
shanghai-village,Shanghai Village,shanghai-village,,china,shanghai,"88 Shendi East Road, Pudong, Shanghai",31.1415024,121.675705,Mon-Thu 10:00-21:00; Fri-Sun and public holidays 09:30-21:30. Special-event and special-date hours may vary.,,[],200+ boutiques,0,0,"[""Guest Welcome Center"",""Tax Refund"",""Gift Card"",""Baby Stroller Rental"",""Hands-free Shopping"",""Delivery"",""Valet Parking"",""Parking""]",true,https://sh.thebicestercollection.cn/en,,"https://www.google.com/maps/search/?api=1&query=31.1415024,121.675705","https://maps.apple.com/?ll=31.1415024,121.675705&q=Shanghai%20Village","https://yandex.com/maps/?ll=121.675705,31.1415024&z=16&text=Shanghai%20Village",active,30,"{""name"":""Central Shanghai"",""distanceKm"":30}","[{""code"":""PVG"",""name"":""Shanghai Pudong International Airport"",""distanceKm"":20}]",,,20,"Shanghai Village Tax Refund counter, No. 88 East Shendi Road; 021-2099-5888. Eligibility and participating-store conditions apply.",Shanghai Village,[],"Paid parking in P2, P3 or P4: CNY 10 per hour, maximum CNY 80 per day. Membership or purchase benefits may vary.",[],https://sh.thebicestercollection.cn/en,13,CNY 200,400-920-0088,info-shv@valueretailchina.com,,,,
citygate-outlets,Citygate Outlets,citygate-outlets,,hong-kong,tung-chung,"18-20 Tat Tung Road, Tung Chung, Lantau, Hong Kong",22.29026,113.94134,Daily 10:00 - 22:00. Individual store and holiday hours may vary.,,[],136 listed brands,0,0,"[""Customer Care Centre"",""Free Wi-Fi"",""Lockers"",""Foreign Exchange"",""Baby Care Room"",""Breastfeeding Room"",""ATM"",""Mobile Phone Charger Rental"",""Stroller Lending"",""Wheelchair Lending"",""Umbrella Lending"",""Delivery Service"",""Parking"",""EV Charging""]",false,https://www.citygateoutlets.com.hk/en/,,https://www.google.com/maps/search/?api=1&query=Citygate%20Outlets%2C%20Tung%20Chung%2C%20Hong%20Kong,https://maps.apple.com/?q=Citygate%20Outlets%20Hong%20Kong,https://yandex.com/maps/?text=Citygate%20Outlets%20Hong%20Kong,active,22,"{""name"":""Hong Kong"",""distanceKm"":22}","[{""code"":""HKG"",""name"":""Hong Kong"",""distanceKm"":3}]",straight-line,2026-09-12,3,"Hong Kong does not impose a general sales tax, VAT or GST, so a standard tourist VAT refund scheme is not applicable.",,"[""Olea"",""A Cheng Goose"",""Andante"",""Bakehouse"",""Blue Bottle Coffee"",""Canton House"",""Châteraisé"",""Chef Hung Taiwanese Beef Noodle"",""Chun Shui Tang Culture Tea House"",""Cinnabon"",""Cupping Room Coffee Roasters"",""Dab-pa Modern Chinese Cuisine"",""Essence"",""FireBird"",""Food Republic"",""Fresh"",""Genki Sushi"",""Golden Dragon"",""Goobne Chicken"",""Gyu-Kaku J"",""hana-musubi"",""HANNOSUKE"",""Jasmine"",""Kee Wah Bakery"",""LAW MARK KEE"",""LIAN"",""Luscious Yunnan Rice Noodles"",""McDonald's & McCafé"",""Meet Fresh"",""Mister Donut"",""Moccato"",""Moon Lok Chiu Chow"",""Nabe Urawa"",""Nha Trang Vietnamese Cuisine"",""Olea"",""Oolaa"",""Oreryu Shio Ramen"",""Outback Steakhouse"",""Pho Le"",""PizzaExpress"",""Pret A Manger"",""QUE"",""Shabu Days by Mou Mou Club"",""Shake Shack"",""Shokudo Wara"",""Silk."",""Starbucks Reserve™"",""TeaWood Taiwanese Cafe & Restaurant"",""TenRen's Tea"",""The Enclave"",""The Pavilion"",""TSUJIHAN"",""Venchi"",""Watson's Wine"",""XIHE YA YUAN""]",,,,,,,,,,,
mitsui-outlet-park-linkou,MITSUI OUTLET PARK Linkou,mitsui-outlet-park-linkou,,taiwan,linkou,"No. 356, Sec. 1, Wenhua 3rd Rd., Linkou Dist., New Taipei City 24448, Taiwan",25.07064,121.36511,Mon-Thu 11:00 - 21:30; Fri and day before holidays 11:00 - 22:00; Sat-Sun and holidays 10:30 - 22:00. Special-date hours may vary.,,[],239 listed brands,0,0,"[""Service Counter"",""Tax Refund"",""Lost Property Service"",""First Aid Kits"",""Parking"",""Floor Guide"",""Cinema""]",true,https://www.mitsui-shopping-park.com.tw/mop/linkou/en/,,https://www.google.com/maps/search/?api=1&query=MITSUI%20OUTLET%20PARK%20Linkou,https://maps.apple.com/?q=MITSUI%20OUTLET%20PARK%20Linkou,https://yandex.com/maps/?text=MITSUI%20OUTLET%20PARK%20Linkou,active,16,"{""name"":""Taipei"",""distanceKm"":16}","[{""code"":""TPE"",""name"":""Taiwan Taoyuan"",""distanceKm"":13}]",straight-line,2026-09-12,13,"Foreign travelers may apply for tax refund on eligible same-day purchases over TWD 2,000 at an authorized store. MITSUI OUTLET PARK Linkou provides tax-refund service at the Phase I 1F Service Counter.",,"[""Kura Sushi"",""Meet Fresh"",""Donq"",""The Secret Cake"",""春水堂"",""Starbucks"",""Godiva"",""Paul"",""Shin Yeh Cusine"",""Dian Shui Luo"",""靜岡勝政日式豬排"",""CoCo壱番屋"",""Kanpai"",""Tonchin Ramen"",""Turuhashifugetsu"",""四川吳抄手"",""Grazie"",""bibimbap & korea BBQ ビビﾑ"",""Chang Kee's Hainan Chi-fan"",""金子半之助"",""宮武讃岐烏龍麵"",""Kua `Aina"",""Japoli"",""J.S. FOODIES TOKYO"",""31冰淇淋"",""翰林茶棧"",""Häagen-Dazs 哈根達斯"",""beard papa’s"",""炸牛 元村"",""于記杏仁"",""飛機河粉"",""點點心"",""但馬屋"",""韓國一隻雞"",""牛品牛排專門店"",""太陽蕃茄拉麵"",""一風堂"",""粟米肉粒"",""加加港味"",""彩豚屋"",""肉のはせ川"",""武藏野麵包(期間限定店)"",""PRESERVE"",""JK STUDIO"",""The Café By 想 林口"",""gelato pique cafe"",""極之好味"",""林記海南雞飯"",""訪韓國傳統豆腐鍋"",""廟口鴨香飯"",""Chicken Eater"",""鰻鰻 EXPRESS"",""東京油組総本店"",""元気！もりちゃん亭"",""粕粕咖哩POPOCURRY"",""牛角次男坊"",""NARA Thai Cuisine"",""御前上茶"",""上善豆家"",""藍象廷"",""忠青商行"",""涓豆腐"",""京昌園"",""THE BBQ HOUSE"",""大阪王將"",""YAYOI彌生軒"",""得正"",""Suage北海道湯咖哩"",""武藏野の洋菓子"",""橫濱牛排"",""客美多咖啡 Komeda‘s Coffee"",""TOASTERiA CAFE"",""KOI PLUS"",""饗食天堂"",""創作蛋包飯蘋果樹"",""窯幸福"",""ㄛ店"",""本氣梅酒"",""Melons"",""心心甜心屋"",""豆腐里"",""芋艿川"",""艷麗"",""暮初食茶"",""小鱷先生""]",,,,5,"TWD 2,000",,,,,,
barberino,Barberino Designer Outlet,barberino,,italy,florence,"Via Meucci snc, 50031 Barberino di Mugello FI, Italy",44.0069,11.2141,10:00 - 20:00,,[],More than 130 stores,4.5,0,"[""Parking"",""Tax Free"",""Guest Services"",""Restaurants & Cafes"",""Shuttle / Transport Info"",""Private Transfer"",""Camper Parking Area"",""Wi-Fi"",""Gift Cards"",""Accessibility"",""ATM"",""Kids Area"",""Personal Shopping""]",true,https://www.barberinooutlet.com/en/,,https://maps.google.com/?q=Barberino+Designer+Outlet,http://maps.apple.com/?q=Barberino+Designer+Outlet,https://yandex.com/maps/?text=Barberino%20Designer%20Outlet,active,30,"{""name"":""Florence City Centre"",""distanceKm"":30,""recommendedRoute"":""Shuttle or car via A1""}","[{""code"":""FLR"",""name"":""Florence Airport"",""distanceKm"":20},{""code"":""BLQ"",""name"":""Bologna Airport"",""distanceKm"":75},{""code"":""PSA"",""name"":""Pisa International Airport"",""distanceKm"":105}]",,,20,"Eligible non-EU visitors can request a tax refund form in participating stores for purchases from €70.01 in the same store on the same day. Forms can be validated before departure at airport customs, at the Tax-Free kiosk located at Barberino Outlet Guest Services, or online.",,"[""Antica Focacceria San Francesco"",""Caffè Mediceo"",""Farinella"",""Hamerica's"",""Il Torracchione"",""La Piadineria"",""Lindt"",""Poke House""]",Official outlet services list visitor parking; check the official outlet website for current parking details.,"[{""name"":""Barberino di Mugello"",""distanceKm"":4},{""name"":""Florence"",""distanceKm"":30}]",,22,70.01 EUR,,,12,Participating stores / Tax-Free kiosk at Guest Services / EU customs validation,,
castel-romano,Castel Romano Designer Outlet,castel-romano,,italy,rome,"Via Ponte di Piscina Cupa 64, 00128 Castel Romano, Roma, Italy",41.7169,12.4446,Generally 10:00 - 20:00; summer special openings may extend to 21:00,,[],Over 150 designer brands,4.5,0,"[""Parking"",""Tax Free"",""Guest Services"",""Restaurants & Cafes"",""Shuttle / Transport Info"",""Wi-Fi"",""Gift Cards"",""Accessibility"",""ATM"",""Kids Area"",""Personal Shopping""]",true,https://www.mcarthurglen.com/en/outlets/it/designer-outlet-castel-romano/,,https://maps.google.com/?q=Castel+Romano+Designer+Outlet,http://maps.apple.com/?q=Castel+Romano+Designer+Outlet,https://yandex.com/maps/?text=Castel%20Romano%20Designer%20Outlet,active,25,"{""name"":""Rome City Centre"",""distanceKm"":25,""recommendedRoute"":""Shuttle bus from Rome Termini or car via Via Pontina""}","[{""code"":""FCO"",""name"":""Rome Fiumicino Airport"",""distanceKm"":25},{""code"":""CIA"",""name"":""Rome Ciampino Airport"",""distanceKm"":25}]",,,25,"Eligible non-EU visitors can request a tax refund form in participating stores when spending at least €70.01 in the same store on the same day. Castel Romano lists a Global Blue Tax Free desk and self-service kiosks at Guest Services, plus an onsite Forexchange Tax Refund Office for eligible in-centre refund assistance before EU customs validation.",,"[""Bollicine&Co"",""Bonetti"",""Eat Artisti del Gusto - Illy"",""Farinella"",""Ham Holy Burger"",""McDonald's"",""Obicà"",""Signorvino"",""Starbucks"",""Venchi""]",Official outlet services list visitor parking; check the official outlet website for current parking details.,"[{""name"":""Rome EUR"",""distanceKm"":18},{""name"":""Pomezia"",""distanceKm"":10}]",,22,70.01 EUR,,,12,Global Blue Tax Free desk / Guest Services self-service kiosks / Forexchange / EU customs validation,,
fidenza-village,Fidenza Village,fidenza-village,,italy,milan,"Via Federico Fellini 1, 43036 Fidenza PR, Italy",44.8637,10.0616,Generally 10:00 - 20:00; Thursday until 23:00 and selected summer dates until 22:00,,[],120+ Boutiques,4.6,0,"[""Parking"",""Tax Free"",""Guest Services"",""Restaurants & Cafes"",""Shuttle / Transport Info"",""Wi-Fi"",""Gift Cards"",""Accessibility"",""Hands-free Shopping"",""Personal Shopping"",""VIP Lounge""]",true,https://www.thebicestercollection.com/fidenza-village/en,,https://maps.google.com/?q=Fidenza+Village,http://maps.apple.com/?q=Fidenza+Village,https://yandex.com/maps/?text=Fidenza%20Village,active,110,"{""name"":""Milan City Centre"",""distanceKm"":110,""recommendedRoute"":""Train to Fidenza + local transfer""}","[{""code"":""LIN"",""name"":""Milan Linate Airport"",""distanceKm"":110},{""code"":""MXP"",""name"":""Milan Malpensa Airport"",""distanceKm"":150},{""code"":""BLQ"",""name"":""Bologna Guglielmo Marconi Airport"",""distanceKm"":115}]",,,110,Eligible non-EU visitors can request a VAT refund form in participating boutiques when spending over €70.01. Fidenza Village lists Global Blue and Planet instant tax-free kiosks located in The Concierge; airport customs validation remains available when leaving the EU.,,"[""Koi Sushi"",""Lievità"",""Lindt"",""Panino Giusto"",""Parma Menù"",""Signorvino"",""Venchi""]",Official outlet services list visitor parking; check the official outlet website for current parking details.,"[{""name"":""Parma"",""distanceKm"":30},{""name"":""Bologna"",""distanceKm"":115}]",,22,70.01 EUR,,,12,Global Blue and Planet tax-free kiosks / EU customs validation,,
la-reggia,La Reggia Designer Outlet,la-reggia,,italy,naples,"S.P. 336 Sannitica, 81025 Marcianise CE, Italy",41.0286,14.3092,10:00 - 21:00,,[],Over 160 designer brands,4.6,0,"[""Parking"",""Tax Free"",""Guest Services"",""Restaurants & Cafes"",""Shuttle / Transport Info"",""Wi-Fi"",""Gift Cards"",""Accessibility"",""ATM"",""Kids Area"",""Personal Shopping""]",false,https://www.mcarthurglen.com/en/outlets/it/designer-outlet-la-reggia/,,https://maps.google.com/?q=La+Reggia+Designer+Outlet+S.P.+336+Sannitica+Marcianise,http://maps.apple.com/?q=La+Reggia+Designer+Outlet+S.P.+336+Sannitica+Marcianise,https://yandex.com/maps/?text=La%20Reggia%20Designer%20Outlet%20S.P.%20336%20Sannitica%20Marcianise,active,30,"{""name"":""Naples City Centre"",""distanceKm"":30,""recommendedRoute"":""Shuttle bus or car via A1""}","[{""code"":""NAP"",""name"":""Naples International Airport"",""distanceKm"":20}]",,,20,No official outlet/operator tax-free desk or specific tax-free operator information was verified for this outlet. Eligible visitors should confirm directly with individual stores before purchase.,,"[""Artisti del Gusto"",""Burger King"",""Farinella"",""La Piadineria"",""Poke House"",""Re Nero Caffè"",""Rossopomodoro"",""Starbucks""]",Official outlet services list visitor parking; check the official outlet website for current parking details.,"[{""name"":""Caserta"",""distanceKm"":10},{""name"":""Naples"",""distanceKm"":30}]",,22,70.01 EUR,,,12,Not officially verified,,
noventa,Noventa di Piave Designer Outlet,noventa,,italy,venice,"Via Marco Polo 1, 30020 Noventa di Piave VE, Italy",45.6734,12.5446,10:00 - 20:00,,[],Over 170 stores,4.6,0,"[""Parking"",""Tax Free"",""Guest Services"",""Restaurants & Cafes"",""Shuttle / Transport Info"",""Wi-Fi"",""Gift Cards"",""Accessibility"",""ATM"",""Kids Area"",""Personal Shopping""]",true,https://www.mcarthurglen.com/en/outlets/it/designer-outlet-noventa-di-piave/,,https://maps.google.com/?q=Noventa+di+Piave+Designer+Outlet,http://maps.apple.com/?q=Noventa+di+Piave+Designer+Outlet,https://yandex.com/maps/?text=Noventa%20di%20Piave%20Designer%20Outlet,active,45,"{""name"":""Venice City Centre"",""distanceKm"":45,""recommendedRoute"":""Shuttle, bus, or car via A4""}","[{""code"":""VCE"",""name"":""Venice Marco Polo Airport"",""distanceKm"":30},{""code"":""TSF"",""name"":""Treviso Airport"",""distanceKm"":35},{""code"":""VRN"",""name"":""Verona Airport"",""distanceKm"":145}]",,,30,Eligible non-EU visitors can request a tax refund form in participating stores when spending at least €70.01 in the same store on the same day. Noventa di Piave lists in-centre Tax Refund points for assistance before EU customs validation.,,"[""Bistrot"",""Bollicine&Co."",""Bonetti"",""Farinella"",""Hamerica's"",""Jody's"",""La Piadineria"",""Lindt"",""Panino Giusto"",""Starbucks"",""Sutto Caffè"",""Sutto Osteria"",""Tramè"",""Venchi""]",Official outlet services list visitor parking; check the official outlet website for current parking details.,"[{""name"":""Noventa di Piave"",""distanceKm"":2},{""name"":""Venice"",""distanceKm"":45}]",,22,70.01 EUR,,,12,Participating stores / in-centre Tax Refund points / EU customs validation,,
serravalle-designer-outlet,Serravalle Designer Outlet,serravalle-designer-outlet,,italy,milan,"Via della Moda 1, 15069 Serravalle Scrivia AL, Italy",44.7359,8.8367,Monday - Friday 10:00 - 20:00; Saturday - Sunday 09:00 - 21:00,,[],Over 230 stores,4.6,0,"[""Parking"",""Tax Free"",""Guest Services"",""Restaurants & Cafes"",""Shuttle / Transport Info"",""Premium Parking"",""Wi-Fi"",""Gift Cards"",""Accessibility"",""ATM"",""Kids Area"",""Hands-free Shopping"",""Shopping from Home"",""Currency Exchange"",""Helmet Storage"",""Personal Shopping""]",true,https://www.mcarthurglen.com/en/outlets/it/designer-outlet-serravalle/,,https://maps.google.com/?q=Serravalle+Designer+Outlet,http://maps.apple.com/?q=Serravalle+Designer+Outlet,https://yandex.com/maps/?text=Serravalle%20Designer%20Outlet,active,95,"{""name"":""Milan City Centre"",""distanceKm"":95,""recommendedRoute"":""Shuttle or train + bus via Serravalle Scrivia""}","[{""code"":""LIN"",""name"":""Milan Linate Airport"",""distanceKm"":95},{""code"":""MXP"",""name"":""Milan Malpensa Airport"",""distanceKm"":120},{""code"":""GOA"",""name"":""Genoa Cristoforo Colombo Airport"",""distanceKm"":55}]",,,95,"Eligible non-EU visitors can request a tax refund form in participating stores when spending at least €70.01 in the same store on the same day. Serravalle lists in-centre refund support through the Western Union Tax Refund office open 10:00–20:00, the Global Blue direct refund point open 12:00–20:00, and self-service kiosks at Guest Services; customs validation is still required before leaving the EU.",,"[""Bollicine&Co"",""Bomaki"",""Bonetti"",""Cioccolati Italiani"",""Eataly"",""Farinella"",""Farinella Bakery"",""Focaccino"",""God Save The Food"",""La Piadineria"",""Le Dolci Terre"",""Mc Donald's"",""Obicà"",""Starbucks"",""Wagamama""]",Official outlet services list visitor parking; check the official outlet website for current parking details.,"[{""name"":""Genoa"",""distanceKm"":55},{""name"":""Novi Ligure"",""distanceKm"":7}]",,22,70.01 EUR,,,12,Western Union Tax Refund office / Global Blue direct refund point / Guest Services self-service kiosks / EU customs validation,,
the-mall-firenze,The Mall Firenze,the-mall-firenze,,italy,florence,"Via Europa 8, 50066 Leccio Reggello FI, Italy",43.6936,11.4656,10:00 - 20:00,,[],30+ Boutiques,4.6,0,"[""Booking a table"",""Direct Bus"",""Download Map"",""In-store appointment"",""Mail Order"",""Parking"",""Tax Free Lounge"",""EV Charging"",""Free Umbrella"",""The Mall Club"",""VIP Lounge by Poltrona Frau""]",true,https://firenze.themall.it/en/visit-us,,"https://www.google.it/maps/dir//The+Mall+Firenze,+Via+Europa+8,+50066+Leccio+Reggello+FI",http://maps.apple.com/?q=The+Mall+Firenze,https://yandex.com/maps/?text=The%20Mall%20Firenze,active,35,"{""name"":""Florence City Centre"",""distanceKm"":35,""recommendedRoute"":""Direct bus or car via A1""}","[{""code"":""FLR"",""name"":""Florence Airport"",""distanceKm"":45},{""code"":""PSA"",""name"":""Pisa International Airport"",""distanceKm"":120},{""code"":""BLQ"",""name"":""Bologna Airport"",""distanceKm"":125}]",,,45,"Guests from non-EU countries can request an immediate refund of part of the VAT on purchases over €70 made at The Mall Firenze or elsewhere in Italy. The Tax Free Lounge requires store-issued Tax Free forms, passport or eligible Swiss identity card, and a valid credit card in the applicant's name. The airport customs validation step is still required when leaving the European Union.",,"[""ToscaNino Bistrò"",""ToscaNino Restaurant&Bottega"",""Toscapino""]",Official outlet services list visitor parking; check the official outlet website for current parking details.,"[{""name"":""Reggello"",""distanceKm"":8},{""name"":""Florence"",""distanceKm"":35}]",,22,Over 70 EUR,,,12,The Mall Firenze Tax Free Lounge,,
valdichiana-village,Valdichiana Village,valdichiana-village,,italy,foiano-della-chiana,"Via Enzo Ferrari 5, 52045 Foiano della Chiana AR, Italy",43.2669,11.8147,Shops daily 10:00 - 20:00; restaurants & cafés Mon-Thu 09:00 - 21:00; Fri-Sun and public holidays 09:00 - 22:00; special summer opening hours may vary,,[],130+ Fashion & Lifestyle Brands,4.5,0,"[""Parking"",""Tax Free"",""Guest Services"",""Restaurants & Cafes"",""Transport Info"",""Wi-Fi"",""Gift Cards"",""Accessibility"",""ATM"",""Kids Area"",""Premium CLUB""]",false,https://www.valdichianadesignervillage.com/en/,,https://www.google.com/maps/search/?api=1&query=Valdichiana+Village+Via+Enzo+Ferrari+5+52045+Foiano+della+Chiana,http://maps.apple.com/?q=Valdichiana%20Village&address=Via%20Enzo%20Ferrari%205%2C%2052045%20Foiano%20della%20Chiana%20AR%2C%20Italy,https://yandex.com/maps/?text=Valdichiana%20Village%2C%20Via%20Enzo%20Ferrari%205%2C%2052045%20Foiano%20della%20Chiana,active,30,"{""name"":""Arezzo City Centre"",""distanceKm"":30,""recommendedRoute"":""Car via A1 / Valdichiana exit""}","[{""code"":""FLR"",""name"":""Florence Airport"",""distanceKm"":95},{""code"":""PEG"",""name"":""Perugia San Francesco d'Assisi Airport"",""distanceKm"":75}]",,,75,No official outlet/operator tax-free desk or specific tax-free operator information was verified for this outlet. Eligible visitors should confirm directly with individual stores before purchase.,,"[""Badiani"",""Billi's"",""Da Michele"",""Ice Village"",""La Piadineria - Yoyogurt"",""Old Wild West"",""Poke House"",""Terre di Masaccio""]",Official directions and village pages provide visitor access to Valdichiana Designer Village at Via Enzo Ferrari 5; parking availability should be confirmed on arrival.,"[{""name"":""Foiano della Chiana"",""distanceKm"":4},{""name"":""Arezzo"",""distanceKm"":30}]",,22,70.01 EUR,,,12,Not officially verified,,
palmanova-designer-village,Palmanova Designer Village,palmanova-designer-village,,italy,palmanova,"SP 126 Km 1,6, 33041 Joannis di Aiello del Friuli (UD), Italy",45.8786,13.3308,Monday - Sunday 10:00 - 20:00,,[],More than 90 FASHION & LIFESTYLE BRANDS,0,0,"[""Parking"",""Tax Free"",""Centre Information"",""Restaurants & Cafes"",""Free Wi-Fi"",""Gift Card"",""Premium CLUB"",""Transport Info""]",true,https://www.palmanovadesignervillage.com/en,,https://www.google.com/maps/search/?api=1&query=Palmanova+Designer+Village,http://maps.apple.com/?q=Palmanova%20Designer%20Village,https://yandex.com/maps/?text=Palmanova%20Designer%20Village,active,30,"{""name"":""Udine City Centre"",""distanceKm"":30,""recommendedRoute"":""Follow official Palmanova Designer Village directions to SP 126 Km 1,6.""}","[{""code"":""TRS"",""name"":""Trieste Airport"",""distanceKm"":20}]",,,20,Eligible non-EU visitors can request tax-free shopping support in participating stores and validate export documents when leaving the EU.,,"[""Antica Pizzeria Da Michele"",""Dall'Ava Italian Excellence"",""Dall’Ava Italian Excellence – Caffetteria Bakery"",""Hamerica's"",""La Piadineria""]","ROS lists 2,500 parking spaces for Palmanova Designer Village.",,,22,70.01 EUR,,,12,TAX FREE Shopping / participating stores / EU customs validation,,
franciacorta-designer-village,Franciacorta Designer Village,franciacorta-designer-village,,italy,rodengo-saiano,"Piazza Cascina Moie 1/2, 25050 Rodengo Saiano BS, Italy",45.5969,10.1078,10:00 - 20:00,,[],"More than 190 fashion, home, sports, and lifestyle brands",0,0,"[""Parking"",""Guest Services"",""Restaurants & Cafes"",""Centre Map"",""Gift Card"",""Premium CLUB"",""Transport Info""]",true,https://www.franciacortadesignervillage.com/en/,,https://www.google.com/maps/search/?api=1&query=Franciacorta+Designer+Village,http://maps.apple.com/?q=Franciacorta%20Designer%20Village,https://yandex.com/maps/?text=Franciacorta%20Designer%20Village,active,12,"{""name"":""Brescia City Centre"",""distanceKm"":12,""recommendedRoute"":""Use car or regional transport to Rodengo Saiano.""}","[{""code"":""BGY"",""name"":""Milan Bergamo Airport"",""distanceKm"":43}]",,,43,Eligible non-EU visitors should confirm tax-free availability with participating stores and validate export documents when leaving the EU.,,"[""Il Cascinale"",""McDonald's"",""Poke House"",""Spontini""]",Official centre pages list visitor services and centre map information for Franciacorta Designer Village; confirm current parking details on the official website before visiting.,,,22,70.01 EUR,,,12,Participating stores / EU customs validation,,
mantova-village,Mantova Village,mantova-village,,italy,bagnolo-san-vito,"Via Marco Biagi, 46031 Bagnolo San Vito MN, Italy",45.0818,10.8762,10:00 - 20:00,,[],More than 70 shops with Land of Fashion Club advantages,0,0,"[""Parking"",""Land of Fashion Club"",""Restaurants & Cafes"",""Village Map"",""Transport Info"",""Accessibility""]",true,https://www.mantovavillage.it/en,,https://www.google.com/maps/search/?api=1&query=Mantova+Village,http://maps.apple.com/?q=Mantova%20Village,https://yandex.com/maps/?text=Mantova%20Village,active,12,"{""name"":""Mantua City Centre"",""distanceKm"":12,""recommendedRoute"":""Use car or regional transport to Bagnolo San Vito.""}","[{""code"":""VRN"",""name"":""Verona Villafranca Airport"",""distanceKm"":45}]",,,45,"Eligible non-EU visitors can use the Global Blue instant Tax Free Refunds Kiosk at the Village Info Point, where available, and must validate export documents when leaving the EU.",,"[""Antica Pizzeria da Michele"",""Badiani"",""Hamerica's"",""I BELLINI"",""La Piadineria"",""Lindt"",""Pane Piero Pizza & Focaccia"",""Poke House"",""Renato Bosco""]",Official Mantova Village pages list Info Point entrance at Parking B and parking areas A-B-C-D.,,,22,70.01 EUR,,,12,Global Blue Tax Free Refunds Kiosk / participating stores / EU customs validation,,
vicolungo-the-style-outlets,Vicolungo The Style Outlets,vicolungo-the-style-outlets,,italy,vicolungo,"Piazza Santa Caterina, angolo Via Papa Giovanni XXIII, 28060 Vicolungo NO, Italy",45.4677,8.4612,Daily 09:00 - 21:00,,[],150 boutiques with over 300 brands,0,0,"[""Tax Free"",""Fast refund"",""Info Point"",""Shuttle Service"",""Free WiFi"",""Tesla Supercharger"",""Vico Lounge"",""Water refill station"",""Vico Junior"",""Kinder Joy of Moving park"",""YESMILANO CITY PASS""]",true,https://vicolungo.thestyleoutlets.it/en,,https://www.google.com/maps/search/?api=1&query=Vicolungo%20The%20Style%20Outlets%2C%20Piazza%20Santa%20Caterina%2C%2028060%20Vicolungo%20NO%2C%20Italy,http://maps.apple.com/?q=Vicolungo%20The%20Style%20Outlets&address=Piazza%20Santa%20Caterina%2C%2028060%20Vicolungo%20NO%2C%20Italy,https://yandex.com/maps/?text=Vicolungo%20The%20Style%20Outlets%2C%20Piazza%20Santa%20Caterina%2C%2028060%20Vicolungo%20NO%2C%20Italy,active,60,"{""name"":""Milan City Centre"",""distanceKm"":60,""recommendedRoute"":""Use current official map directions.""}","[{""code"":""MXP"",""name"":""Milan Malpensa Airport"",""distanceKm"":33}]",,,33,Eligible non-EU residents can ask participating stores for a Tax-Free form; Global Blue forms can be brought with a passport to the Info Point in the main square for credit-card refund processing before customs validation.,Vicolungo The Style Outlets,"[""ALICE PIZZA"",""ANTONINO, IL BANCO DI CANNAVACCIUOLO"",""ART&FOOD WOW VICOLUNGO"",""BEFED"",""BILLY TACOS"",""BOTEGA CAFFE CACAO"",""CALAVERA"",""EMOZIONI D'ITALIA"",""LA PIADINERIA"",""LINDT"",""LINO'S COFFEE"",""MISCUSI"",""OLD WILD WEST"",""PARMA MENÙ"",""PASTICCERIA PARIANI"",""POKE HOUSE"",""POPEYES"",""ROADHOUSE MEATERY"",""SIGNORVINO""]","Official parking information lists 3,500 car parking spaces, 95 motorcycle spaces and 18 bicycle spaces.",,https://vicolungo.thestyleoutlets.it/en,22,70.01 EUR,,,13,Global Blue / Tax Refund for Tourists / Premier Tax Free / Tax Free VAT Refund Service for Tourists,Milan Malpensa Airport • 33 km,Milan City Centre • 60 km
castel-guelfo-the-style-outlets,Castel Guelfo The Style Outlets,castel-guelfo-the-style-outlets,,italy,castel-guelfo-di-bologna,"Via del Commercio 4/2, 40023 Castel Guelfo di Bologna BO, Italy",44.4414,11.669,Daily 10:00 - 21:00,,[],110 boutiques with over 200 brands,0,0,"[""Tax free"",""Info Point"",""Shuttle Service"",""Free WiFi"",""Gift card"",""Foodie Bag"",""Water refill station"",""Book Sharing"",""Too Good To Go"",""Clothing collection"",""Playground""]",true,https://castel-guelfo.thestyleoutlets.it/en,,https://www.google.com/maps/search/?api=1&query=Castel%20Guelfo%20The%20Style%20Outlets%2C%20Via%20del%20Commercio%204%2F2%2C%2040023%20Castel%20Guelfo%20di%20Bologna%20BO%2C%20Italy,http://maps.apple.com/?q=Castel%20Guelfo%20The%20Style%20Outlets&address=Via%20del%20Commercio%204%2F2%2C%2040023%20Castel%20Guelfo%20di%20Bologna%20BO%2C%20Italy,https://yandex.com/maps/?text=Castel%20Guelfo%20The%20Style%20Outlets%2C%20Via%20del%20Commercio%204%2F2%2C%2040023%20Castel%20Guelfo%20di%20Bologna%20BO%2C%20Italy,active,28,"{""name"":""Bologna City Centre"",""distanceKm"":28,""recommendedRoute"":""Use current official map directions.""}","[{""code"":""BLQ"",""name"":""Bologna Guglielmo Marconi Airport"",""distanceKm"":35}]",,,35,Official services list Tax free; no specific refund operator or outlet desk process was verified from official outlet/operator sources.,Castel Guelfo The Style Outlets,"[""ALICE PIZZA"",""BILLY TACOS"",""BOTEGA CAFFE CACAO"",""FARINELLA BAKERY E COFFEE"",""I LOVE POKE"",""LA PIADINERIA"",""LINDT"",""ROADHOUSE MEATERY""]",Official services page links parking as visitor information; no further official parking capacity details were verified from official outlet/operator sources.,,https://castel-guelfo.thestyleoutlets.it/en,22,70.01 EUR,,,13,Not officially verified,Bologna Guglielmo Marconi Airport • 35 km,Bologna City Centre • 28 km
puglia-village,Puglia Village,puglia-village,"[""Puglia Outlet"",""Puglia Village Molfetta"",""Molfetta Outlet"",""Land of Fashion Puglia Village""]",italy,molfetta,"Via dei Portuali 12, Zona Calderina, 70056 Molfetta BA, Italy",41.2147,16.5636,Monday to Sunday and holidays 10:00 - 21:00,,[],90 stores,0,0,"[""Parking"",""Info Point"",""Restaurants & Cafes"",""Land of Fashion Club"",""Gift Card"",""Tax Free"",""EV Charging"",""Services for Children"",""Umbrella Hire"",""Bag Storage""]",true,https://www.pugliaoutlet.it/,,https://www.google.com/maps/search/?api=1&query=Puglia%20Village%2C%20Via%20dei%20Portuali%2012%2C%2070056%20Molfetta%20BA%2C%20Italy,http://maps.apple.com/?q=Puglia%20Village&address=Via%20dei%20Portuali%2012%2C%2070056%20Molfetta%20BA%2C%20Italy,https://yandex.com/maps/?text=Puglia%20Village%2C%20Via%20dei%20Portuali%2012%2C%2070056%20Molfetta%20BA%2C%20Italy,active,25,"{""name"":""Bari City Centre"",""distanceKm"":25,""recommendedRoute"":""Use current official map directions to Via dei Portuali 12, Molfetta.""}","[{""code"":""BRI"",""name"":""Bari Karol Wojtyla Airport"",""distanceKm"":20}]",,,20,Official Puglia Village news lists a Global Blue instant Tax Free Refunds Kiosk in the Village Info Point. Eligible non-EU visitors should request tax-free forms in participating stores and validate export documents when leaving the EU.,,"[""Bacio di Latte"",""Bacio di Puglia"",""Lindt"",""Momi Poke"",""Old Wild West"",""WHAO""]",Official Puglia Village information lists Info Point entrance at Parking A-C and parking areas A-B-C-D-E-F.,,,22,70.01 EUR,,,12,Global Blue Tax Free Refunds Kiosk / participating stores / EU customs validation,,
sicilia-outlet-village,Sicilia Outlet Village,sicilia-outlet-village,"[""Sicily Outlet Village"",""Sicilia Outlet Village Agira"",""Dittaino Outlet""]",italy,agira,"Autostrada A19 Palermo-Catania, Uscita Dittaino Outlet, 94011 Agira EN, Italy",37.5637,14.4666,Check official website for current opening hours,,[],Check official website for current store count,0,0,"[""Infopoint"",""Children's Play Area"",""Hands-free Shopping"",""Free Wifi"",""Tax Free Shopping"",""Shuttle Bus Service"",""Dog Friendly Services"",""Gift Card"",""Parking""]",true,https://www.siciliaoutletvillage.com/en,,https://www.google.com/maps/search/?api=1&query=Sicilia%20Outlet%20Village%2C%20Agira%2C%20Italy,http://maps.apple.com/?q=Sicilia%20Outlet%20Village&address=Agira%20EN%2C%20Italy,https://yandex.com/maps/?text=Sicilia%20Outlet%20Village%2C%20Agira%2C%20Italy,active,60,"{""name"":""Catania City Centre"",""distanceKm"":60,""recommendedRoute"":""Use current official map directions to the A19 Dittaino Outlet exit.""}","[{""code"":""CTA"",""name"":""Catania-Fontanarossa Airport"",""distanceKm"":70}]",,,70,Official services list Tax Free Shopping; no specific refund operator or outlet desk process was verified from official outlet/operator sources.,,"[""Caffè Vergnano"",""Fud Sud""]",Official services copy references large parking at Sicilia Outlet Village; confirm current parking details on the official website before visiting.,,,22,70.01 EUR,,,12,Participating stores / EU customs validation,,
scalo-milano-outlet-more,Scalo Milano Outlet & More,scalo-milano-outlet-more,"[""Scalo Milano"",""Scalo Milano Outlet"",""Scalo Milano Outlet and More"",""Scalo Milano Locate Triulzi""]",italy,locate-triulzi,"Via Milano 5, 20085 Locate di Triulzi MI, Italy",45.3577,9.2267,Monday - Friday 10:00 - 21:00; Saturday - Sunday 09:00 - 21:00,,[],180 boutiques,0,0,"[""Infopoint"",""Free Parking"",""Shuttle Bus"",""Global Blue Tax Free"",""Kids Area"",""Amazon Locker"",""The Concierge"",""The Place Hospitality Lounge"",""Free Wi-Fi""]",true,https://www.scalomilano.it/en/,,https://www.google.com/maps/search/?api=1&query=Scalo%20Milano%20Outlet%20%26%20More%2C%20Via%20Milano%205%2C%20Locate%20di%20Triulzi%20MI%2C%20Italy,http://maps.apple.com/?q=Scalo%20Milano%20Outlet%20%26%20More&address=Via%20Milano%205%2C%20Locate%20di%20Triulzi%20MI%2C%20Italy,https://yandex.com/maps/?text=Scalo%20Milano%20Outlet%20%26%20More%2C%20Via%20Milano%205%2C%20Locate%20di%20Triulzi%20MI%2C%20Italy,active,15,"{""name"":""Milan City Centre"",""distanceKm"":15,""recommendedRoute"":""Use current official map directions or Locate Triulzi railway station near Gate 1.""}","[{""code"":""LIN"",""name"":""Milan Linate Airport"",""distanceKm"":18},{""code"":""MXP"",""name"":""Milan Malpensa Airport"",""distanceKm"":65}]",,,18,Official Scalo Milano services state non-EU residents can claim a tax refund from a minimum purchase of €70.01 and obtain instant refunds from Global Blue kiosks located at The Concierge and Info Point.,,"[""Doppio Malto"",""La Piadineria"",""Mi scusi"",""Osteria Urbana - Vino e Cucina"",""Roadhouse Restaurant"",""Rossopomodoro""]",Official services list free parking outdoors and in a multilevel indoor garage.,,,22,70.01 EUR,,,12,Global Blue kiosks / participating boutiques / EU customs validation,,
torino-outlet-village,Torino Outlet Village,torino-outlet-village,"[""Turin Outlet Village"",""Torino Outlet Village Settimo Torinese"",""Settimo Torinese Outlet""]",italy,settimo-torinese,"Via Torino 160-162, 10036 Settimo Torinese TO, Italy",45.1238,7.777,Check official website for current opening hours,,[],Check official website for current store count,0,0,"[""Infopoint - Tourist Office"",""Kids Area"",""Free Parking"",""Transfer - Chauffeur-driven Rental"",""Electric Car Charging Stations"",""Hands-free Shopping"",""Free Wifi"",""Tax-Free Shopping"",""Dog Friendly Services"",""Gift Card""]",true,https://www.torinooutletvillage.com/,,https://www.google.com/maps/search/?api=1&query=Torino%20Outlet%20Village%2C%20Via%20Torino%20160-162%2C%20Settimo%20Torinese%20TO%2C%20Italy,http://maps.apple.com/?q=Torino%20Outlet%20Village&address=Via%20Torino%20160-162%2C%20Settimo%20Torinese%20TO%2C%20Italy,https://yandex.com/maps/?text=Torino%20Outlet%20Village%2C%20Via%20Torino%20160-162%2C%20Settimo%20Torinese%20TO%2C%20Italy,active,12,"{""name"":""Turin City Centre"",""distanceKm"":12,""recommendedRoute"":""Use current official map directions to Via Torino 160-162, Settimo Torinese.""}","[{""code"":""TRN"",""name"":""Turin Airport"",""distanceKm"":15}]",,,15,Official services list Tax-Free Shopping; no specific refund operator or outlet desk process was verified from official outlet/operator sources.,,"[""Caffè e Bollicine"",""La Piadineria"",""Re Nero Caffè""]",Official visit information lists ample free parking for visitors.,,,22,70.01 EUR,,,12,Participating stores / EU customs validation,,
mondovicino-outlet-village,Mondovicino Outlet Village,mondovicino-outlet-village,"[""Mondovicino"",""Mondovicino Outlet"",""Mondovì Outlet Village"",""Mondovi Outlet Village""]",italy,mondovi,"Piazza G. Jemina 47, 12084 Mondovì CN, Italy",44.3995,7.8157,Monday - Sunday 10:00 - 20:00,,[],Check official website for current store count,0,0,"[""Tax Free Shopping"",""Equipped Camper Area"",""Kids Play Area"",""Minigolf"",""Block Busters"",""Free Time""]",true,https://mondovicino.it/en/,,https://www.google.com/maps/search/?api=1&query=Mondovicino%20Outlet%20Village%2C%20Mondov%C3%AC%20CN%2C%20Italy,http://maps.apple.com/?q=Mondovicino%20Outlet%20Village&address=Mondov%C3%AC%20CN%2C%20Italy,https://yandex.com/maps/?text=Mondovicino%20Outlet%20Village%2C%20Mondov%C3%AC%20CN%2C%20Italy,active,4,"{""name"":""Mondovì City Centre"",""distanceKm"":4,""recommendedRoute"":""Use current official map directions to Mondovicino Outlet Village.""}","[{""code"":""CUF"",""name"":""Cuneo International Airport"",""distanceKm"":35},{""code"":""TRN"",""name"":""Turin Airport"",""distanceKm"":115}]",,,35,Official Mondovicino tax-free information states extra-EU citizens can request a tax-free form in store for single receipts of at least €70.01; no specific outlet desk location was verified from official outlet/operator sources.,,"[""Caffè Bistrot La Scuderia"",""Caffetteria Le Fontane"",""I Partenopei CAFE’ – RESTAURANT"",""Love IT Pizza"",""Sapori della Regione""]",Official services list an equipped camper area; confirm current visitor parking details on the official website before visiting.,,,22,70.01 EUR,,,12,International tax-free partners / participating stores / EU customs validation,,
brugnato-5terre-outlet-village,Brugnato 5Terre Outlet Village,brugnato-5terre-outlet-village,"[""Brugnato 5 Terre Outlet Village"",""5Terre Outlet Village"",""Brugnato Outlet""]",italy,brugnato,"Via Nuova Antica Romana snc, 19020 Brugnato SP, Italy",44.2365,9.7287,Mon-Sun 10:00 - 21:00; seasonal Summer Nights may vary,,[],Over 70 brands,0,0,"[""Parking"",""Info Point"",""Gift Card"",""Shuttle / Transport Info"",""VIP Club"",""App""]",false,https://www.brugnato5terreoutletvillage.it/it/,,https://www.google.com/maps/search/?api=1&query=Brugnato%205Terre%20Outlet%20Village%2C%20Via%20Nuova%20Antica%20Romana%2C%20Brugnato%2C%20Italy,http://maps.apple.com/?q=Brugnato%205Terre%20Outlet%20Village&address=Via%20Nuova%20Antica%20Romana%2C%20Brugnato%2C%20Italy,https://yandex.com/maps/?text=Brugnato%205Terre%20Outlet%20Village%2C%20Via%20Nuova%20Antica%20Romana%2C%20Brugnato%2C%20Italy,active,1,"{""name"":""Brugnato Town Centre"",""distanceKm"":1,""recommendedRoute"":""Use current official map directions to Via Nuova Antica Romana.""}","[{""code"":""PSA"",""name"":""Pisa International Airport"",""distanceKm"":85},{""code"":""GOA"",""name"":""Genoa Cristoforo Colombo Airport"",""distanceKm"":90}]",,,85,No official outlet/operator tax-free desk or specific tax-free operator information was verified for this outlet. Eligible visitors should confirm directly with individual stores before purchase.,,"[""La Friggitoria della Luna Blu"",""La Piadineria""]",Official visit pages include parking/visitor information; confirm current parking details on the official website before visiting.,[],,22,70.01 EUR,,,12,Not officially verified,,
valmontone-outlet,Valmontone Outlet,valmontone-outlet,"[""Valmontone Outlet Village"",""Outlet Valmontone""]",italy,valmontone,"Via della Pace, località Pascolaro, 00038 Valmontone RM, Italy",41.7778,12.9144,Mon-Fri 10:00 - 20:00; Sat-Sun and public holidays 10:00 - 21:00,,[],More than 180 brand stores,0,0,"[""Services"",""Map"",""Food Court"",""Promotions"",""App""]",true,https://www.valmontoneoutlet.com/en/,,https://www.google.com/maps/search/?api=1&query=Valmontone%20Outlet%2C%20Via%20della%20Pace%2C%20Valmontone%2C%20Italy,http://maps.apple.com/?q=Valmontone%20Outlet&address=Via%20della%20Pace%2C%20Valmontone%2C%20Italy,https://yandex.com/maps/?text=Valmontone%20Outlet%2C%20Via%20della%20Pace%2C%20Valmontone%2C%20Italy,active,3,"{""name"":""Valmontone Town Centre"",""distanceKm"":3,""recommendedRoute"":""Use current official map directions to Via della Pace, località Pascolaro.""}","[{""code"":""CIA"",""name"":""Rome Ciampino Airport"",""distanceKm"":40},{""code"":""FCO"",""name"":""Rome Fiumicino Airport"",""distanceKm"":65}]",,,40,Official news lists Tax-Free Shopping; no specific outlet tax-free operator or desk location was verified from official outlet/operator sources.,,"[""ALICE PIZZA"",""BURGER KING"",""CALAVERA"",""CASA ANGELESI"",""DISPENSA EMILIA"",""FATTORIA TOCCAFERRO"",""KFC"",""LA PIADINERIA"",""OLD WILD WEST"",""POKE HOUSE""]",Official outlet pages include visitor and where-we-are information; confirm current parking details on the official website before visiting.,,,22,70.01 EUR,,,12,Participating stores / EU customs validation,,
cilento-outlet-village,Cilento Outlet Village,cilento-outlet-village,"[""Cilento Outlet"",""Cilento Outlet Eboli""]",italy,eboli,"SS18 Tirrena Inferiore, 84025 Eboli SA, Italy",40.5866,14.9796,Mon-Sun 10:00 - 21:00,,[],Official current brand directory available,0,0,"[""Infopoints"",""Tax Free"",""Children's Play Areas"",""Dining Options"",""Over 4500 Parking Spaces"",""Tourist Bus Areas"",""Click & Collect""]",true,https://www.cilentooutlet.com/?lang=en,,https://www.google.com/maps/search/?api=1&query=Cilento%20Outlet%2C%20SS18%20Tirrena%20Inferiore%2C%20Eboli%2C%20Italy,http://maps.apple.com/?q=Cilento%20Outlet&address=SS18%20Tirrena%20Inferiore%2C%20Eboli%2C%20Italy,https://yandex.com/maps/?text=Cilento%20Outlet%2C%20SS18%20Tirrena%20Inferiore%2C%20Eboli%2C%20Italy,active,6,"{""name"":""Eboli Town Centre"",""distanceKm"":6,""recommendedRoute"":""Use current official map directions to SS18 Tirrena Inferiore.""}","[{""code"":""NAP"",""name"":""Naples International Airport"",""distanceKm"":90}]",,,90,Official centre information lists tax free among customer services; no specific refund operator or outlet desk process was verified from official outlet/operator sources.,,"[""McDonald's"",""Pizzeria Verdevasinicola""]",Official centre information lists over 4500 parking spaces and areas reserved for tourist buses.,,,22,70.01 EUR,,,12,Participating stores / EU customs validation,,
santangelo-outlet-village,Santangelo Outlet Village,santangelo-outlet-village,"[""Sant'Angelo Outlet Village"",""Città Sant'Angelo Outlet Village"",""Citta Santangelo Outlet Village""]",italy,citta-sant-angelo,"Città Sant'Angelo Outlet Village, Città Sant'Angelo PE, Italy",42.5315,14.1186,Opens at 10:00; check official website for current closing time,,[],Official current store directory available,0,0,"[""Shopping Map"",""Online Map"",""Food Court"",""Play Area"",""Store Promo"",""App""]",false,https://santangeloutlet.com/en/home-en/,,https://www.google.com/maps/search/?api=1&query=Santangelo%20Outlet%20Village%2C%20Citt%C3%A0%20Sant%27Angelo%2C%20Italy,http://maps.apple.com/?q=Santangelo%20Outlet%20Village&address=Citt%C3%A0%20Sant%27Angelo%2C%20Italy,https://yandex.com/maps/?text=Santangelo%20Outlet%20Village%2C%20Citt%C3%A0%20Sant%27Angelo%2C%20Italy,active,8,"{""name"":""Città Sant'Angelo Town Centre"",""distanceKm"":8,""recommendedRoute"":""Use current official map directions to Santangelo Outlet Village.""}","[{""code"":""PSR"",""name"":""Abruzzo Airport"",""distanceKm"":15}]",,,15,"No official outlet/operator tax-free service, refund operator, or desk information was verified for this outlet. Eligible visitors should confirm directly with individual stores before purchase.",,"[""Ami Pokè"",""Billy Tacos"",""Burger King"",""Fattoria Toccaferro"",""NERO.lab"",""Old Wild West"",""Sushiko""]",Official outlet pages include how-to-get-there and map information; confirm current parking details on the official website before visiting.,,,22,70.01 EUR,,,12,Not officially verified,,
city-outlet-bad-munstereifel,City Outlet Bad Münstereifel,city-outlet-bad-munstereifel,,germany,cologne,"Sittardweg 1, 53902 Bad Münstereifel, Germany",50.5557,6.7646,Mon-Sat 10:00 - 19:00; Sun closed,,[],Over 50 fashion & lifestyle brands,0,0,"[""Parking"",""Tax Free"",""Guest Services"",""Restaurants & Cafes"",""Transport Info"",""Wi-Fi"",""Gift Cards"",""Accessibility""]",false,https://www.cityoutletbadmuenstereifel.com/en/,,https://maps.google.com/?q=City+Outlet+Bad+M%C3%BCnstereifel%2C+Sittardweg+1%2C+53902+Bad+M%C3%BCnstereifel,http://maps.apple.com/?q=City+Outlet+Bad+M%C3%BCnstereifel&address=Sittardweg%201%2C%2053902%20Bad%20M%C3%BCnstereifel,https://yandex.com/maps/?text=City%20Outlet%20Bad%20M%C3%BCnstereifel%2C%20Sittardweg%201%2C%2053902%20Bad%20M%C3%BCnstereifel,active,65,"{""name"":""Cologne City Centre"",""distanceKm"":65,""recommendedRoute"":""Train to Bad Münstereifel via Euskirchen""}","[{""code"":""CGN"",""name"":""Cologne Bonn Airport"",""distanceKm"":80},{""code"":""DUS"",""name"":""Düsseldorf Airport"",""distanceKm"":115}]",,,80,No official outlet/operator tax-free desk or specific tax-free operator information was verified for this outlet. Eligible visitors should confirm directly with individual stores before purchase.,,"[""Amigo Grill"",""Bitburger Bierhaus"",""Café | Bar & Restaurant Marielle"",""Khon Thai - Restaurant"",""Lemonpie Airstream Food Truck"",""Outlet Lounge"",""The big Fryup Foodtruck""]",Official outlet services list visitor parking; check the official outlet website for current parking details.,"[{""name"":""Euskirchen"",""distanceKm"":20},{""name"":""Bonn"",""distanceKm"":45}]",,19,50.01 EUR,,,11,Not officially verified,,
designer-outlet-berlin,Designer Outlet Berlin,designer-outlet-berlin,,germany,berlin,"Alter Spandauer Weg 1, 14641 Wustermark, Germany",52.5478,12.9942,10:00 - 20:00,,[],100+ stores,4.5,0,"[""Parking"",""Tax Free"",""Guest Services"",""Restaurants & Cafes"",""Shuttle / Transport Info"",""Wi-Fi"",""Gift Cards"",""Accessibility"",""Kids Area"",""Personal Shopping""]",false,https://www.designeroutletberlin.com/en/,,https://maps.google.com/?q=Designer+Outlet+Berlin,http://maps.apple.com/?q=Designer+Outlet+Berlin,https://yandex.com/maps/?text=Designer%20Outlet%20Berlin,active,30,"{""name"":""Berlin City Centre"",""distanceKm"":30,""recommendedRoute"":""Shuttle bus, regional train, or car via B5""}","[{""code"":""BER"",""name"":""Berlin Brandenburg Airport"",""distanceKm"":55}]",,,55,No official outlet/operator tax-free desk or specific tax-free operator information was verified for this outlet. Eligible visitors should confirm directly with individual stores before purchase.,,"[""Cocos"",""Coffee-Bike"",""Coniato"",""Currypom!"",""dean & david"",""Five Guys"",""Frittenwerk"",""Grill-Pavillon"",""La Crêperie"",""Nordsee"",""Parmera"",""Starbucks""]",Official outlet services list visitor parking; check the official outlet website for current parking details.,"[{""name"":""Wustermark"",""distanceKm"":5},{""name"":""Potsdam"",""distanceKm"":30}]",,19,50.01 EUR,,,11,Not officially verified,,
designer-outlet-neumunster,Designer Outlet Neumünster,designer-outlet-neumunster,,germany,hamburg,"Oderstraße 10, 24539 Neumünster, Germany",54.1031,9.9966,Mon-Wed 09:00 - 20:00; Thu 10:00 - 20:00; Fri 09:00 - 24:00; Sat 10:00 - 20:00; Sun closed,,[],130+ stores,4.5,0,"[""Parking"",""Tax Free"",""Guest Services"",""Restaurants & Cafes"",""Transport Info"",""Wi-Fi"",""Gift Cards"",""Accessibility"",""Kids Area"",""Personal Shopping""]",false,https://www.mcarthurglen.com/en/outlets/de/designer-outlet-neumuenster/,,https://maps.google.com/?q=Designer+Outlet+Neumunster,http://maps.apple.com/?q=Designer+Outlet+Neumunster,https://yandex.com/maps/?text=Designer%20Outlet%20Neumunster,active,65,"{""name"":""Hamburg City Centre"",""distanceKm"":65,""recommendedRoute"":""Train to Neumünster, then local bus or taxi""}","[{""code"":""HAM"",""name"":""Hamburg Airport"",""distanceKm"":60}]",,,60,No official outlet/operator tax-free desk or specific tax-free operator information was verified for this outlet. Eligible visitors should confirm directly with individual stores before purchase.,,"[""Asiagourmet"",""Bistrot"",""Five Guys"",""Frittenwerk"",""Giovanni L."",""Marché Mövenpick"",""Nordsee"",""Starbucks"",""Tackmann's Coffee House""]",Official outlet services list visitor parking; check the official outlet website for current parking details.,"[{""name"":""Neumünster City Centre"",""distanceKm"":5},{""name"":""Kiel"",""distanceKm"":35}]",,19,50.01 EUR,,,11,Not officially verified,,
designer-outlets-wolfsburg,Designer Outlets Wolfsburg,designer-outlets-wolfsburg,,germany,hannover,"An der Vorburg 1, 38440 Wolfsburg, Germany",52.4294,10.7936,Mon-Thu 10:00 - 19:00; Fri-Sat 10:00 - 20:00; Sun closed; Summer Sale 12 Jun-2 Aug 2026 Mon-Sat 10:00 - 20:00,,[],Over 100 international top brands,4.5,0,"[""Parking"",""Tax Free"",""Guest Services"",""Restaurants & Cafes"",""Transport Info"",""Wi-Fi"",""Gift Cards"",""Accessibility"",""Kids Area""]",true,https://www.designeroutlets-wolfsburg.de/en/,,https://maps.google.com/?q=Designer+Outlets+Wolfsburg,http://maps.apple.com/?q=Designer+Outlets+Wolfsburg,https://yandex.com/maps/?text=Designer%20Outlets%20Wolfsburg,active,90,"{""name"":""Hannover City Centre"",""distanceKm"":90,""recommendedRoute"":""Train to Wolfsburg Hbf, then walk 2 minutes""}","[{""code"":""HAJ"",""name"":""Hannover Airport"",""distanceKm"":95},{""code"":""BER"",""name"":""Berlin Brandenburg Airport"",""distanceKm"":230}]",,,95,Eligible non-EU visitors can request a tax refund form in participating stores when purchases exceed the German minimum spend.,,"[""DEAN & DAVID"",""Five Guys"",""FRITTENWERK"",""L’Osteria"",""Starbucks""]",Official outlet services list visitor parking; check the official outlet website for current parking details.,"[{""name"":""Wolfsburg Hauptbahnhof"",""distanceKm"":1},{""name"":""Autostadt Wolfsburg"",""distanceKm"":1}]",,19,50.01 EUR,,,11,Global Blue / Planet / EU customs validation,,
ingolstadt-village,Ingolstadt Village,ingolstadt-village,,germany,munich,"Otto-Hahn-Straße 1, 85055 Ingolstadt, Germany",48.7832,11.4699,10:00 - 20:00,,[],110 boutiques,4.6,0,"[""Parking"",""Tax Free"",""Guest Services"",""Restaurants & Cafes"",""Shopping Express"",""Wi-Fi"",""Gift Cards"",""Accessibility"",""Hands-free Shopping"",""Personal Shopping""]",false,https://www.thebicestercollection.com/ingolstadt-village/en,,https://maps.google.com/?q=Ingolstadt+Village,http://maps.apple.com/?q=Ingolstadt+Village,https://yandex.com/maps/?text=Ingolstadt%20Village,active,80,"{""name"":""Munich City Centre"",""distanceKm"":80,""recommendedRoute"":""Shopping Express or train via Ingolstadt Hbf""}","[{""code"":""MUC"",""name"":""Munich Airport"",""distanceKm"":75},{""code"":""NUE"",""name"":""Nuremberg Airport"",""distanceKm"":95}]",,,75,No official outlet/operator tax-free desk or specific tax-free operator information was verified for this outlet. Eligible visitors should confirm directly with individual stores before purchase.,,"[""Bollicine&Co. Champagne Bar"",""Coffee Fellows"",""Indochine"",""Ladurée Salon de Thé"",""Lindt Café"",""Mancini"",""Mr. Smash & Co.""]",Official outlet services list visitor parking; check the official outlet website for current parking details.,"[{""name"":""Ingolstadt City Centre"",""distanceKm"":6},{""name"":""Audi Forum Ingolstadt"",""distanceKm"":8}]",,19,50.01 EUR,,,12,Not officially verified,,
montabaur-the-style-outlets,Outlet Montabaur,montabaur-the-style-outlets,,germany,frankfurt,"Am Fashion Outlet 72, 56410 Montabaur, Germany",50.4307,7.8238,10:00 - 20:00,,[],Over 70 international top brands in 60 shops,4.4,0,"[""Parking"",""Tax Free"",""Guest Services"",""Restaurants & Cafes"",""Transport Info"",""Wi-Fi"",""Gift Cards"",""Accessibility"",""Kids Area""]",false,https://outlet-montabaur.de/en,,https://maps.google.com/?q=Outlet+Montabaur%2C+Am+Fashion+Outlet+72%2C+56410+Montabaur,http://maps.apple.com/?q=Outlet%20Montabaur&address=Am%20Fashion%20Outlet%2072%2C%2056410%20Montabaur,https://yandex.com/maps/?text=Outlet%20Montabaur%2C%20Am%20Fashion%20Outlet%2072%2C%2056410%20Montabaur,active,90,"{""name"":""Frankfurt City Centre"",""distanceKm"":90,""recommendedRoute"":""ICE to Montabaur + taxi""}","[{""code"":""FRA"",""name"":""Frankfurt Airport"",""distanceKm"":95},{""code"":""CGN"",""name"":""Cologne Bonn Airport"",""distanceKm"":100}]",,,95,No official outlet/operator tax-free desk or specific tax-free operator information was verified for this outlet. Eligible visitors should confirm directly with individual stores before purchase.,,"[""dean & david"",""Olea"",""Pano Café"",""Pommes Freunde"",""Starbucks""]",Official outlet services list visitor parking; check the official outlet website for current parking details.,"[{""name"":""Montabaur"",""distanceKm"":2},{""name"":""Koblenz"",""distanceKm"":25}]",,19,50.01 EUR,,,11,Not officially verified,,
outletcity-metzingen,Outletcity Metzingen,outletcity-metzingen,,germany,stuttgart,"Hugo-Boss-Platz 4, 72555 Metzingen, Germany",48.5359,9.2812,Mon-Fri 10:00 - 20:00; Sat 09:00 - 20:00,,[],Over 170 premium and luxury brands,4.6,0,"[""Parking"",""Tax Free"",""Guest Services"",""Restaurants & Cafes"",""Shopping Shuttle"",""Wi-Fi"",""Gift Cards"",""Accessibility"",""Tax Free Counter"",""Personal Shopping""]",true,https://www.outletcity.com/en/metzingen/,,https://maps.google.com/?q=Outletcity+Metzingen%2C+Hugo-Boss-Platz+4%2C+72555+Metzingen,http://maps.apple.com/?q=Outletcity%20Metzingen&address=Hugo-Boss-Platz%204%2C%2072555%20Metzingen,https://yandex.com/maps/?text=Outletcity%20Metzingen%2C%20Hugo-Boss-Platz%204%2C%2072555%20Metzingen,active,35,"{""name"":""Stuttgart City Centre"",""distanceKm"":35,""recommendedRoute"":""Shopping Shuttle, train via Metzingen, or car via B27/B312""}","[{""code"":""STR"",""name"":""Stuttgart Airport"",""distanceKm"":25},{""code"":""FRA"",""name"":""Frankfurt Airport"",""distanceKm"":215},{""code"":""MUC"",""name"":""Munich Airport"",""distanceKm"":220}]",,,25,Eligible non-EU visitors can request a tax-free shopping form in participating stores. Outletcity Metzingen has a Tax Free Counter in the Welcome Centre where eligible forms and receipts can be checked before customs validation when leaving the EU. Estimated refunds are usually lower than the full VAT rate because operator fees may apply.,,"[""Almresi"",""Bäckerei-Keim - Café & Snacks"",""Bollicine&Co. Champagne Bar"",""BOSS Café"",""Champa Sushi & Bowl"",""Cinnamood"",""Frittenwerk"",""Keladam's Kebab"",""L'Osteria"",""McDonald's"",""Moxy Bistro"",""Ochaya"",""Starbucks"",""Tommy's Coffee"",""Zem Zem Coffee""]",Official outlet services list visitor parking; check the official outlet website for current parking details.,"[{""name"":""Metzingen Town Center"",""distanceKm"":1},{""name"":""Stuttgart"",""distanceKm"":35}]",,19,50.01 EUR,,,11,Global Blue / Planet / EU customs validation,,
wertheim-village,Wertheim Village,wertheim-village,,germany,frankfurt,"Almosenberg, 97877 Wertheim, Germany",49.7582,9.5115,10:00 - 20:00,,[],110 boutiques,4.6,0,"[""Parking"",""Tax Free"",""Guest Services"",""Restaurants & Cafes"",""Shopping Express"",""Wi-Fi"",""Gift Cards"",""Accessibility"",""Hands-free Shopping"",""Personal Shopping"",""VIP Parking""]",true,https://www.thebicestercollection.com/wertheim-village/en,,https://maps.google.com/?q=Wertheim+Village%2C+Almosenberg%2C+97877+Wertheim,http://maps.apple.com/?q=Wertheim%20Village&address=Almosenberg%2C%2097877%20Wertheim,https://yandex.com/maps/?text=Wertheim%20Village%2C%20Almosenberg%2C%2097877%20Wertheim,active,80,"{""name"":""Frankfurt City Centre"",""distanceKm"":80,""recommendedRoute"":""Shopping Express or train + local transfer via Wertheim""}","[{""code"":""FRA"",""name"":""Frankfurt Airport"",""distanceKm"":90},{""code"":""NUE"",""name"":""Nuremberg Airport"",""distanceKm"":125}]",,,90,"Non-EU guests can request a tax refund form at participating boutiques, with refunds available on purchases over €50.00. Wertheim Village directs guests to Global Blue or Planet Tax Refund for more information.",,"[""CINNAMOOD"",""Elaine's TakeAway"",""La Piazza"",""Saigon Social Club"",""The Coffee Corner"",""The Waffle""]",Official outlet services list visitor parking; check the official outlet website for current parking details.,"[{""name"":""Wertheim Town Center"",""distanceKm"":8},{""name"":""Frankfurt"",""distanceKm"":80}]",,19,50.01 EUR,,,11,Global Blue / Planet / EU customs validation,,
zweibrucken-fashion-outlet,Zweibrücken Fashion Outlet,zweibrucken-fashion-outlet,,germany,frankfurt,"Londoner Bogen 10-90, 66482 Zweibrücken, Germany",49.2522,7.3698,10:00 - 19:00,,[],More than 120 premium brands,4.5,0,"[""Parking"",""Tax Free"",""Guest Services"",""Restaurants & Cafes"",""Transport Info"",""Wi-Fi"",""Gift Cards"",""Accessibility"",""Kids Area"",""Personal Shopping"",""ATM"",""EV Charging"",""Wheelchair Rental"",""Powerbank""]",false,https://www.zweibrueckenfashionoutlet.com/en,,https://maps.google.com/?q=Zweibr%C3%BCcken+Fashion+Outlet%2C+Londoner+Bogen+10-90%2C+66482+Zweibr%C3%BCcken,http://maps.apple.com/?q=Zweibr%C3%BCcken%20Fashion%20Outlet&address=Londoner%20Bogen%2010-90%2C%2066482%20Zweibr%C3%BCcken,https://yandex.com/maps/?text=Zweibr%C3%BCcken%20Fashion%20Outlet%2C%20Londoner%20Bogen%2010-90%2C%2066482%20Zweibr%C3%BCcken,active,140,"{""name"":""Frankfurt City Centre"",""distanceKm"":140,""recommendedRoute"":""Train + regional transfer""}","[{""code"":""SCN"",""name"":""Saarbrücken Airport"",""distanceKm"":35},{""code"":""FRA"",""name"":""Frankfurt Airport"",""distanceKm"":140}]",,,35,No official outlet/operator tax-free desk or specific tax-free operator information was verified for this outlet. Eligible visitors should confirm directly with individual stores before purchase.,,"[""COFFEE-BIKE"",""DEAN & DAVID"",""Di Piu"",""DONNA MIA"",""DUNKIN DONUTS"",""FIVE GUYS"",""Frittenwerk"",""GRAND CAFÉ"",""Gusto"",""STARBUCKS"",""SUSHI TOMO""]",Official outlet services list visitor parking; check the official outlet website for current parking details.,"[{""name"":""Zweibrücken"",""distanceKm"":2},{""name"":""Saarbrücken"",""distanceKm"":35}]",,19,50.01 EUR,,,11,Not officially verified,,
halle-leipzig-the-style-outlets,Halle Leipzig The Style Outlets,halle-leipzig-the-style-outlets,,germany,halle-leipzig,"Berliner Straße 1, 06796 Sandersdorf-Brehna, Germany",51.5576,12.1975,Mon-Sat 10:00 - 20:00; Sun closed; special opening hours may vary,,[],Top outlet brands,4.3,0,"[""Parking"",""Tax Free"",""Guest Services"",""Restaurants & Cafes"",""Free Shuttle Bus"",""Wi-Fi"",""Gift Cards"",""Accessibility"",""Centre Plan""]",false,https://halle.leipzig.thestyleoutlets.de/en,,https://www.google.com/maps/search/?api=1&query=Halle+Leipzig+The+Style+Outlets+Berliner+Stra%C3%9Fe+1+06796+Sandersdorf-Brehna,http://maps.apple.com/?q=Halle%20Leipzig%20The%20Style%20Outlets&address=Berliner%20Stra%C3%9Fe%201%2C%2006796%20Sandersdorf-Brehna%2C%20Germany,https://yandex.com/maps/?text=Halle%20Leipzig%20The%20Style%20Outlets%2C%20Berliner%20Stra%C3%9Fe%201%2C%2006796%20Sandersdorf-Brehna,active,30,"{""name"":""Leipzig City Centre"",""distanceKm"":30,""recommendedRoute"":""Car via A9/A14 or outlet shuttle / regional public transport""}","[{""code"":""LEJ"",""name"":""Leipzig/Halle Airport"",""distanceKm"":25}]",,,25,No official outlet/operator tax-free desk or specific tax-free operator information was verified for this outlet. Eligible visitors should confirm directly with individual stores before purchase.,,"[""COFFEE FELLOWS"",""FRITTENWERK"",""GLOBAL DÖNER"",""MAMALICIOUS"",""STARBUCKS""]",Official visitor navigation includes Parking for the centre at Berliner Straße 1.,"[{""name"":""Halle (Saale)"",""distanceKm"":25},{""name"":""Leipzig"",""distanceKm"":30}]",,19,50.01 EUR,,,11,Not officially verified,,
designer-outlet-ochtrup,Designer Outlet Ochtrup,designer-outlet-ochtrup,,germany,ochtrup,"Laurenzstraße 55, 48607 Ochtrup, Germany",52.2093,7.1849,Mon-Sat 10:00 - 20:00; Sun closed,,[],Over 70 stores,0,0,"[""Parking"",""Guest Services"",""Tax-Free Shopping"",""Restaurants & Cafes"",""Transport Info"",""Wi-Fi"",""Gift Cards"",""Accessibility""]",false,https://www.mcarthurglen.com/en/outlets/de/designer-outlet-ochtrup/,,https://www.google.com/maps/search/?api=1&query=Designer%20Outlet%20Ochtrup%2C%20Laurenzstra%C3%9Fe%2055%2C%2048607%20Ochtrup%2C%20Germany,http://maps.apple.com/?q=Designer%20Outlet%20Ochtrup&address=Laurenzstra%C3%9Fe%2055%2C%2048607%20Ochtrup%2C%20Germany,https://yandex.com/maps/?text=Designer%20Outlet%20Ochtrup%2C%20Laurenzstra%C3%9Fe%2055%2C%2048607%20Ochtrup%2C%20Germany,active,2,"{""name"":""Ochtrup City Centre"",""distanceKm"":2,""recommendedRoute"":""Use current official map directions.""}","[{""code"":""FMO"",""name"":""Münster Osnabrück International Airport"",""distanceKm"":50}]",,,50,No official outlet/operator tax-free desk or specific tax-free operator information was verified for this outlet. Eligible visitors should confirm directly with individual stores before purchase.,Designer Outlet Ochtrup,"[""Alice Premium Döner"",""Beltman's"",""Frittenwerk"",""Frooters"",""La Passione"",""Pick Nick"",""Starbucks""]",Official outlet services list visitor parking; check the official outlet website for current parking details.,,https://www.mcarthurglen.com/en/outlets/de/designer-outlet-ochtrup/,19,50.01 EUR,,,11,Not officially verified,Münster Osnabrück International Airport • 50 km,Ochtrup City Centre • 2 km
designer-outlet-provence,Designer Outlet Provence,designer-outlet-provence,,france,marseille,"McArthurGlen Provence - Village de Marques, Mas de la Péronne, 13140 Miramas, France",43.5940132,4.993731,10:00 - 20:00,,[],More than 110 stores,4.5,0,"[""Parking"",""Tax Free"",""Guest Services"",""Restaurants & Cafes"",""Transport Info"",""Wi-Fi"",""Gift Cards"",""Accessibility"",""Kids Area"",""Personal Shopping""]",false,https://www.mcarthurglen.com/en/outlets/fr/designer-outlet-provence/,,https://maps.google.com/?q=Designer+Outlet+Provence+Miramas,http://maps.apple.com/?q=Designer+Outlet+Provence+Miramas,https://yandex.com/maps/?text=Designer%20Outlet%20Provence%20Miramas,active,55,"{""name"":""Marseille City Centre"",""distanceKm"":55,""recommendedRoute"":""Car, train via Miramas, or regional bus""}","[{""code"":""MRS"",""name"":""Marseille Provence Airport"",""distanceKm"":35},{""code"":""AVN"",""name"":""Avignon Provence Airport"",""distanceKm"":55}]",,,35,No official outlet/operator tax-free desk or specific tax-free operator information was verified for this outlet. Eligible visitors should confirm directly with individual stores before purchase.,,"[""Amorino"",""Bagelstein"",""Farinella"",""Five Guys"",""Illy Café"",""Jeff de Bruges"",""L'Emporthé"",""Lindt"",""Ma Première Cantine"",""Maison Yellow"",""Olivadors"",""Pokabowl"",""Starbucks""]",Official outlet services list visitor parking; check the official outlet website for current parking details.,"[{""name"":""Miramas"",""distanceKm"":5},{""name"":""Aix-en-Provence"",""distanceKm"":45}]",,20,100.01 EUR,,,12,Not officially verified,,
designer-outlet-troyes,Designer Outlet Troyes,designer-outlet-troyes,,france,paris,"Voie du Bois, 10150 Pont-Sainte-Marie, France",48.329731,4.101896,09:30 - 19:30,,[],Over 110 designer brands,4.5,0,"[""Parking"",""Tax Free"",""Guest Services"",""Restaurants & Cafes"",""Transport Info"",""Wi-Fi"",""Gift Cards"",""Accessibility"",""Kids Area"",""Personal Shopping""]",false,https://www.mcarthurglen.com/en/outlets/fr/designer-outlet-troyes/,,https://maps.google.com/?q=Designer+Outlet+Troyes,http://maps.apple.com/?q=Designer+Outlet+Troyes,https://yandex.com/maps/?text=Designer%20Outlet%20Troyes,active,170,"{""name"":""Paris City Centre"",""distanceKm"":170,""recommendedRoute"":""Train to Troyes + local bus or taxi""}","[{""code"":""ORY"",""name"":""Paris Orly Airport"",""distanceKm"":165},{""code"":""CDG"",""name"":""Paris Charles de Gaulle Airport"",""distanceKm"":180}]",,,165,No official outlet/operator tax-free desk or specific tax-free operator information was verified for this outlet. Eligible visitors should confirm directly with individual stores before purchase.,,"[""Amorino"",""Lindt"",""La Fring'ale"",""Maison Caffet"",""Mezzo di Pasta"",""Rosaparks"",""Starbucks""]",Official outlet services list visitor parking; check the official outlet website for current parking details.,"[{""name"":""Troyes City Centre"",""distanceKm"":5},{""name"":""Reims"",""distanceKm"":125}]",,20,100.01 EUR,,,12,Not officially verified,,
la-vallee-village,La Vallée Village,la-vallee-village,,france,paris,"3 Cours de la Garonne, 77700 Serris, France",48.8528497,2.78,10:00 - 20:30,,[],110 boutiques,4.6,0,"[""Parking"",""Tax Free"",""Guest Services"",""Restaurants & Cafes"",""Shuttle / Transport Info"",""Wi-Fi"",""Gift Cards"",""Accessibility"",""ATM"",""Personal Shopping""]",true,https://www.thebicestercollection.com/la-vallee-village/en,,https://maps.google.com/?q=La+Vallee+Village,http://maps.apple.com/?q=La+Vallee+Village,https://yandex.com/maps/?text=La%20Vallee%20Village,active,40,"{""name"":""Paris City Centre"",""distanceKm"":40,""recommendedRoute"":""RER A to Val d'Europe""}","[{""code"":""CDG"",""name"":""Paris Charles de Gaulle Airport"",""distanceKm"":35},{""code"":""ORY"",""name"":""Paris Orly Airport"",""distanceKm"":45}]",,,35,"Eligible non-EU visitors, including guests from the UK excluding Northern Ireland, can request a tax refund form in participating boutiques when spending more than €100. Validate forms with customs or a PABLO kiosk when leaving the EU, then claim the refund through airport reimbursement desks or by mailing documents to Global Blue or Planet.",,"[""Amorino"",""Art café"",""Ladurée"",""Momus"",""Pierre Hermé Paris"",""Pret A Manger"",""Ralph's Coffee"",""Wild & The Moon""]",Official outlet services list visitor parking; check the official outlet website for current parking details.,"[{""name"":""Disneyland Paris"",""distanceKm"":5},{""name"":""Val d'Europe"",""distanceKm"":1}]",,20,100.01 EUR,,,12,Global Blue / Planet / PABLO customs validation,,
roppenheim-the-style-outlets,Roppenheim The Style Outlets,roppenheim-the-style-outlets,,france,roppenheim,"1 Route de L’Europe, F-67480 Roppenheim, France",48.8431,8.0526,10:00 - 19:00,,[],more than 100 leading brands,0,0,"[""Parking"",""Tax Free"",""Info Point"",""Restaurants & Cafes"",""Tourism Office"",""Electric Car Charging Stations"",""Umbrella Loan"",""Clothing Collection"",""Water Refill""]",true,https://roppenheim.thestyleoutlets.fr/en,,https://www.google.com/maps/search/?api=1&query=Roppenheim+The+Style+Outlets,http://maps.apple.com/?q=Roppenheim%20The%20Style%20Outlets,https://yandex.com/maps/?text=Roppenheim%20The%20Style%20Outlets,active,40,"{""name"":""Strasbourg City Centre"",""distanceKm"":40,""recommendedRoute"":""Follow official centre directions to 1 Route de L’Europe, Roppenheim.""}","[{""code"":""FKB"",""name"":""Karlsruhe/Baden-Baden Airport"",""distanceKm"":20}]",,,20,Eligible non-EU visitors can request tax-free shopping support through the centre's Tax Free service and validate export documents when leaving the EU.,,"[""AMORINO"",""CORNER N'STREET"",""KAIMUG"",""LE BRETZ"",""MACARONS & INSPIRATIONS"",""PAUL LE CAFÉ"",""RUFF'S BURGER"",""SEGAFREDO ZANETTI""]","Official centre navigation includes Parking and How to get there pages for visitor access at 1 Route de L’Europe, F-67480 Roppenheim.",,,20,100.01 EUR,,,12,The Style Outlets tax-free service / EU customs validation,,
paris-giverny-designer-outlet,Paris-Giverny Designer Outlet,paris-giverny-designer-outlet,,france,douains,"1 Avenue du Capitaine Vandière de Vitrac, 27120 Douains, France",49.0417,1.4356,Mon-Fri 10:00 - 19:00; Sat 09:30 - 21:00; Sun 09:30 - 20:00,,[],Over 80 stores,0,0,"[""Free Parking"",""Guest Services"",""Restaurants & Cafes"",""Tourism"",""Gift Card"",""Shuttle"",""The Second Life"",""Free Wi-Fi"",""Luggage Lockers"",""EV Charging"",""Accessibility"",""Transport Info""]",true,https://www.mcarthurglen.com/en/outlets/fr/designer-outlet-paris-giverny/,,https://www.google.com/maps/search/?api=1&query=Paris-Giverny+Designer+Outlet,http://maps.apple.com/?q=Paris-Giverny%20Designer%20Outlet,https://yandex.com/maps/?text=Paris-Giverny%20Designer%20Outlet,active,75,"{""name"":""Paris City Centre"",""distanceKm"":75,""recommendedRoute"":""Use car, shuttle, or rail via Vernon-Giverny with onward local transport.""}","[{""code"":""ORY"",""name"":""Paris Orly Airport"",""distanceKm"":85},{""code"":""CDG"",""name"":""Paris Charles de Gaulle Airport"",""distanceKm"":95}]",,,85,Guests visiting from outside the EU can receive a tax refund on purchases; confirm participating store process and validate export documents when leaving the EU.,,"[""Amorino"",""As du Pick"",""Bollicine&Co."",""Five Guys"",""La Ruche"",""Ladurée"",""Les Hortensias"",""Lindt"",""Obicà"",""YUMI""]","Official services list free parking throughout the centre with no time limits, plus more than 120 electric car charging stations subject to availability and fees.",,,20,100.01 EUR,,,12,Participating stores / EU customs validation,,
one-nation-paris,One Nation Paris,one-nation-paris,"[""One Nation Paris"",""One Nation Paris Outlet""]",france,les-clayes-sous-bois,"1 rue du Président J.F Kennedy, 78340 Les Clayes-sous-Bois, France",48.8175,1.9868,Mon-Sun 10:00 - 20:00,,[],"90 boutiques and 400 fashion, outdoor, home and gourmet brands on the official website",0,0,"[""Centralized Tax Removal"",""Gift Card"",""Phone Battery Station"",""Donate Your Clothes"",""Hands-free Shopping"",""Stroller Loan"",""Reduced-Mobility Access"",""Express Touch-ups"",""Free Parking"",""Ecological Car Wash"",""Mobile Repair and Repurchase""]",true,https://www.onenation.fr/en/,,https://www.google.com/maps/search/?api=1&query=One%20Nation%20Paris%2C%201%20rue%20du%20Pr%C3%A9sident%20J.F%20Kennedy%2C%2078340%20Les%20Clayes-sous-Bois%2C%20France,http://maps.apple.com/?q=One%20Nation%20Paris&address=1%20rue%20du%20Pr%C3%A9sident%20J.F%20Kennedy%2C%2078340%20Les%20Clayes-sous-Bois%2C%20France,https://yandex.com/maps/?text=One%20Nation%20Paris%2C%201%20rue%20du%20Pr%C3%A9sident%20J.F%20Kennedy%2C%2078340%20Les%20Clayes-sous-Bois%2C%20France,active,30,"{""name"":""Paris City Centre"",""distanceKm"":30,""recommendedRoute"":""Use current official access directions to One Nation Paris.""}","[{""code"":""ORY"",""name"":""Paris Orly Airport"",""distanceKm"":35},{""code"":""CDG"",""name"":""Paris Charles de Gaulle Airport"",""distanceKm"":50}]",,,35,"Official services list centralized tax removal; confirm qualifying purchases, refund provider, minimum spend, and customs process at the centre.",One Nation Paris,"[""Eat Sushi"",""Illy Caffé"",""Lou-Licious"",""Maison Foude"",""Trattoria Locale""]","Official services page says free parking with 1,250 spaces on 2 levels and electric-car charging points.",,https://www.onenation.fr/en/,20,Not officially verified,,,0,Not officially verified,Paris Orly Airport • 35 km,Paris City Centre • 30 km
the-village-outlet,The Village Outlet,the-village-outlet,"[""The Village"",""The Village Outlet"",""The Village Lyon"",""The Village Villefontaine"",""The Village Le French Outlet""]",france,villefontaine,"Chemin du Couvent, Avenue Steve Biko, 38090 Villefontaine, France",45.62605,5.160324,Mon-Sat 10:00 - 20:00,,[],Official current store directory available,0,0,"[""Tax Free"",""Free Wi-Fi"",""Gift Card"",""Personal Shoppers"",""Stylists"",""Translators"",""Click & Collect"",""Outdoor Playground"",""Free Parking""]",true,https://thevillageoutlet.com/,,https://www.google.com/maps/search/?api=1&query=The%20Village%20Outlet%2C%20Chemin%20du%20Couvent%2C%20Avenue%20Steve%20Biko%2C%2038090%20Villefontaine%2C%20France,http://maps.apple.com/?q=The%20Village%20Outlet&address=Chemin%20du%20Couvent%2C%20Avenue%20Steve%20Biko%2C%2038090%20Villefontaine%2C%20France,https://yandex.com/maps/?text=The%20Village%20Outlet%2C%20Chemin%20du%20Couvent%2C%20Avenue%20Steve%20Biko%2C%2038090%20Villefontaine%2C%20France,active,30,"{""name"":""Lyon City Centre"",""distanceKm"":30,""recommendedRoute"":""Use current official access directions to The Village in Villefontaine.""}","[{""code"":""LYS"",""name"":""Lyon-Saint Exupéry Airport"",""distanceKm"":15}]",,,15,"Official visitor information lists centralized tax-free service and tax-free offices; confirm participating stores, refund provider, and customs validation process at the centre before purchase.",The Village Outlet,"[""Angelina"",""Bouillon Colette"",""Giardino"",""Bistrot Colette"",""Rendez-vous Bocuse"",""Pokawa"",""Lindt"",""Pierre Hermé"",""La Crêpe au Carré"",""Starbucks"",""Amorino"",""Vegas Kitchen""]",Official access information lists free visitor parking at The Village in Villefontaine.,,https://thevillageoutlet.com/,20,100.01 EUR,,,12,Centralized tax-free service / EU customs validation,Lyon-Saint Exupéry Airport • 15 km,Lyon City Centre • 30 km
roubaix-designer-outlet,Roubaix Designer Outlet,roubaix-designer-outlet,"[""Roubaix Designer Outlet"",""Designer Outlet Roubaix"",""McArthurGlen Roubaix"",""McArthurGlen Designer Outlet Roubaix""]",france,roubaix,"44 Mail de Lannoy, 59100 Roubaix, France",50.6919,3.1794,Mon-Sun 10:00 - 19:00,,[],More than 80 stores,0,0,"[""Tax Free"",""Guest Services"",""Parking"",""Bus Services"",""Metro or Tramway"",""Electric Car Charging"",""Accessibility"",""Wheelchair Rental"",""ATM"",""Tailoring"",""Gift Cards""]",true,https://www.mcarthurglen.com/en/outlets/fr/designer-outlet-roubaix/,,https://www.google.com/maps/search/?api=1&query=Roubaix%20Designer%20Outlet%2C%2044%20Mail%20de%20Lannoy%2C%2059100%20Roubaix%2C%20France,http://maps.apple.com/?q=Roubaix%20Designer%20Outlet&address=44%20Mail%20de%20Lannoy%2C%2059100%20Roubaix%2C%20France,https://yandex.com/maps/?text=Roubaix%20Designer%20Outlet%2C%2044%20Mail%20de%20Lannoy%2C%2059100%20Roubaix%2C%20France,active,15,"{""name"":""Lille City Centre"",""distanceKm"":15,""recommendedRoute"":""Official visit information says the centre is a 15-minute drive from Lille city centre and is accessible by metro, tramway, and bus.""}","[{""code"":""LIL"",""name"":""Lille Airport"",""distanceKm"":20},{""code"":""BRU"",""name"":""Brussels Airport"",""distanceKm"":115}]",,,20,"Official services state guests visiting from outside the EU can receive a tax refund on purchases; confirm participating stores, refund provider, and customs validation process at Guest Services.",Roubaix Designer Outlet,"[""Belga Queen"",""Crêperie Ted"",""Friterie Sam"",""Gusto"",""La Mie Câline"",""Leocorno"",""Lindt"",""McPie""]","Official services list private parking, including 1:30 hours of free parking with a purchase of €30 or more.",,https://www.mcarthurglen.com/en/outlets/fr/designer-outlet-roubaix/,20,100.01 EUR,,,12,Participating stores / EU customs validation,Lille Airport • 20 km,Lille City Centre • 15 km
bicester-village,Bicester Village,bicester-village,,united-kingdom,london,"50 Pingle Drive, Bicester, Oxfordshire OX26 6WD, United Kingdom",51.8916,-1.1561,09:00 - 21:00,,[],150+ Boutiques,4.6,0,"[""Parking"",""Guest Services"",""Restaurants & Cafes"",""Train Station Nearby"",""Hands-free Shopping"",""Personal Shopping"",""Wi-Fi"",""Gift Cards"",""Accessibility"",""Tax Free Info""]",false,https://www.thebicestercollection.com/bicester-village/en,,https://maps.google.com/?q=Bicester+Village,http://maps.apple.com/?q=Bicester+Village,https://yandex.com/maps/?text=Bicester%20Village,active,95,"{""name"":""London City Centre"",""distanceKm"":95,""recommendedRoute"":""Train from London Marylebone to Bicester Village""}","[{""code"":""LHR"",""name"":""London Heathrow Airport"",""distanceKm"":85},{""code"":""LGW"",""name"":""London Gatwick Airport"",""distanceKm"":110}]",,,85,Tourist VAT refunds for goods carried in personal luggage are generally not available for in-store purchases in Great Britain. Check official UK rules and the boutique before planning a tax-free refund.,,"[""Cecconi's"",""Ottolenghi"",""La Tua Pasta"",""Shan Shui"",""The Double Red Duke"",""Ralph's Coffee""]",Official outlet services list visitor parking; check the official outlet website for current parking details.,"[{""name"":""Oxford"",""distanceKm"":25},{""name"":""Bicester Town Centre"",""distanceKm"":2}]",,20,Not available,,,0,UK VAT Retail Export Scheme withdrawn in Great Britain,,
cheshire-oaks,Cheshire Oaks Designer Outlet,cheshire-oaks,,united-kingdom,liverpool,"Kinsey Road, Ellesmere Port, Cheshire CH65 9JJ, United Kingdom",53.2654,-2.8842,Mon-Fri 10:00 - 20:00; Sat 09:00 - 21:00; Sun 10:00 - 19:00,,[],140+ stores,4.6,0,"[""Parking"",""Guest Services"",""Restaurants & Cafes"",""Transport Info"",""Wi-Fi"",""Gift Cards"",""Accessibility"",""ATM"",""Kids Area"",""Personal Shopping""]",false,https://www.mcarthurglen.com/en/outlets/uk/designer-outlet-cheshire-oaks/,,https://maps.google.com/?q=Cheshire+Oaks+Designer+Outlet,http://maps.apple.com/?q=Cheshire+Oaks+Designer+Outlet,https://yandex.com/maps/?text=Cheshire%20Oaks%20Designer%20Outlet,active,25,"{""name"":""Liverpool City Centre"",""distanceKm"":25,""recommendedRoute"":""Train to Ellesmere Port or bus via Chester / Liverpool""}","[{""code"":""LPL"",""name"":""Liverpool John Lennon Airport"",""distanceKm"":40},{""code"":""MAN"",""name"":""Manchester Airport"",""distanceKm"":55}]",,,40,Tourist VAT refunds for in-store purchases are generally not available in Great Britain. Visitors should check official UK rules and individual stores before planning any tax-free shopping.,,"[""Auntie Anne's"",""Bakers & Baristas"",""Bubbleology"",""Chit 'n' Chaat"",""Comptoir Libanais"",""Costa Coffee"",""Ed's Easy Diner"",""Five Guys"",""Gail's Bakery"",""Greggs"",""Harry Ramsdens"",""Joe and The Juice"",""Krispy Kreme"",""McDonald's"",""Mowgli"",""PHO"",""Pizza Express"",""Pret A Manger"",""Slim Chickens"",""Starbucks"",""Tortilla"",""Wagamama"",""YO! Sushi""]",Official outlet services list visitor parking; check the official outlet website for current parking details.,"[{""name"":""Chester"",""distanceKm"":12},{""name"":""Ellesmere Port"",""distanceKm"":3}]",,20,Not available,,,0,UK VAT Retail Export Scheme withdrawn in Great Britain,,
ashford-designer-outlet,Ashford Designer Outlet,ashford-designer-outlet,,united-kingdom,ashford,"Kimberley Way, Ashford, Kent TN24 0SD, United Kingdom",51.1436,0.8754,Mon-Fri 10:00 - 20:00; Sat 09:00 - 21:00; Sun 10:00 - 18:00,,[],100+ stores,4.5,0,"[""Parking"",""Guest Services"",""Restaurants & Cafes"",""Transport Info"",""Accessibility"",""Gift Cards""]",false,https://www.mcarthurglen.com/en/outlets/uk/designer-outlet-ashford/,,https://maps.google.com/?q=Ashford+Designer+Outlet,http://maps.apple.com/?q=Ashford+Designer+Outlet,https://yandex.com/maps/?text=Ashford%20Designer%20Outlet,active,1,"{""name"":""Ashford Town Centre"",""distanceKm"":1,""recommendedRoute"":""Follow official outlet getting-here guidance via Kimberley Way""}","[{""code"":""LGW"",""name"":""London Gatwick Airport"",""distanceKm"":95}]",,,95,Tourist VAT refunds for in-store purchases are generally not available in Great Britain. Check official UK rules and the outlet before planning any tax-free shopping.,,"[""Caffè Nero"",""Churros Time"",""Cornish Bakery"",""Costa Coffee"",""Five Guys"",""KOKORO"",""Krispy Kreme"",""Nando's"",""Pizza Express"",""Pret A Manger"",""Slim Chickens"",""Starbucks"",""Top Dog"",""Wagamama"",""YO! Sushi""]",Official outlet services list visitor parking; check the official outlet website for current parking details.,[],,20,Not available,,,0,UK VAT Retail Export Scheme withdrawn in Great Britain,,
bridgend-designer-outlet,McArthurGlen Designer Outlet Bridgend,bridgend-designer-outlet,,united-kingdom,cardiff,"The Derwen, Bridgend, South Wales CF32 9SU, United Kingdom",51.5338,-3.577,Mon-Sat 10:00 - 20:00; Sun 10:00 - 18:00,,[],80+ stores,4.5,0,"[""Free Parking"",""Guest Services"",""Restaurants & Cafes"",""Transport Info"",""Accessibility"",""Gift Cards"",""EV Charging""]",false,https://www.mcarthurglen.com/en/outlets/uk/designer-outlet-bridgend/,,https://maps.google.com/?q=Bridgend+Designer+Outlet,http://maps.apple.com/?q=Bridgend+Designer+Outlet,https://yandex.com/maps/?text=Bridgend%20Designer%20Outlet,active,30,"{""name"":""Cardiff City Centre"",""distanceKm"":30,""recommendedRoute"":""Follow official outlet getting-here guidance from Cardiff or Swansea""}","[{""code"":""CWL"",""name"":""Cardiff Airport"",""distanceKm"":35}]",,,35,Tourist VAT refunds for in-store purchases are generally not available in Great Britain. Check official UK rules and the outlet before planning any tax-free shopping.,,"[""Chopstix"",""Costa Coffee"",""Cwtch X Crafty Smuggler"",""Five Guys"",""Greggs"",""Krispy Kreme"",""Love Churros"",""McDonald's"",""Mowgli"",""Nando's"",""Pogo Bakery"",""Slim Chickens"",""Starbucks"",""Wagamama"",""Zizzi""]",Official outlet services list free parking for visitors.,[],,20,Not available,,,0,UK VAT Retail Export Scheme withdrawn in Great Britain,,
caledonia-park,Caledonia Park Designer Outlet,caledonia-park,"[""Gretna Gateway"",""Gretna Gateway Outlet Village""]",united-kingdom,gretna,"Glasgow Road, Gretna DG16 5GG, United Kingdom",55.0006,-3.0676,Daily 09:00 - 18:00 (park hours; individual restaurants and stores may vary),,[],over 50 stores and restaurants,4.5,0,"[""Free Parking"",""Guest Information Hub"",""Restaurants & Cafes"",""Transport Info"",""Accessibility"",""Gift Cards"",""EV Charging"",""Quiet Hours""]",false,https://caledoniapark.com/,,https://maps.google.com/?q=Caledonia+Park+Designer+Outlet,http://maps.apple.com/?q=Caledonia+Park+Designer+Outlet,https://yandex.com/maps/?text=Caledonia%20Park%20Designer%20Outlet,active,10,"{""name"":""Gretna City Centre"",""distanceKm"":10,""recommendedRoute"":""Follow official Caledonia Park getting-here guidance via the Gretna exit from the M6/M74/A75""}","[{""code"":""NCL"",""name"":""Newcastle International Airport"",""distanceKm"":90}]",,,90,Tourist VAT refunds for in-store purchases are generally not available in Great Britain. Check official UK rules and the outlet before planning any tax-free shopping.,,"[""Burger King"",""Cadbury"",""Churro Loco"",""Cornish Bakery"",""Costa Coffee"",""Drummuir Farm"",""Greggs"",""Pizza Express"",""Starbucks"",""Subway"",""The Sweet Emporium""]",Official outlet services list free parking for visitors.,[],,20,Not available,,,0,UK VAT Retail Export Scheme withdrawn in Great Britain,,
clarks-village,Clarks Village,clarks-village,,united-kingdom,street,"12 Farm Road, Street BA16 0BB, United Kingdom",51.1277,-2.7425,Mon-Sat 09:00 - 18:00; Sun larger stores from 11:00,,[],90+ stores,4.5,0,"[""Parking"",""Guest Services"",""Restaurants & Cafes"",""Transport Info"",""Accessibility"",""Gift Cards""]",false,https://www.clarksvillage.co.uk/en,,https://maps.google.com/?q=Clarks+Village,http://maps.apple.com/?q=Clarks+Village,https://yandex.com/maps/?text=Clarks%20Village,active,1,"{""name"":""Street Town Centre"",""distanceKm"":1,""recommendedRoute"":""Follow official Clarks Village getting-here and parking guidance""}","[{""code"":""BRS"",""name"":""Bristol Airport"",""distanceKm"":40}]",,,40,Tourist VAT refunds for in-store purchases are generally not available in Great Britain. Check official UK rules and the outlet before planning any tax-free shopping.,,"[""Bill's"",""PizzaExpress"",""The Cornish Bakery"",""Wagamama"",""Caffè Nero"",""Slim Chickens""]",Official outlet services list visitor parking; check the official outlet website for current parking details.,[],,20,Not available,,,0,UK VAT Retail Export Scheme withdrawn in Great Britain,,
dalton-park,Dalton Park Outlet Shopping Destination,dalton-park,,united-kingdom,durham,"Church St, Murton, Seaham SR7 9HU, United Kingdom",54.8194,-1.3722,Mon-Fri 10:00 - 18:00; Sat 09:30 - 18:00; Sun 10:30 - 16:30,,[],65+ stores,4.5,0,"[""Parking"",""Guest Services"",""Restaurants & Cafes"",""Transport Info"",""Accessibility"",""Gift Cards""]",false,https://www.dalton-park.co.uk/,,https://maps.google.com/?q=Dalton+Park+Outlet+Shopping+Destination,http://maps.apple.com/?q=Dalton+Park+Outlet+Shopping+Destination,https://yandex.com/maps/?text=Dalton%20Park%20Outlet%20Shopping%20Destination,active,15,"{""name"":""Durham City Centre"",""distanceKm"":15,""recommendedRoute"":""Follow official Dalton Park getting-here guidance via the A19""}","[{""code"":""NCL"",""name"":""Newcastle International Airport"",""distanceKm"":35}]",,,35,Tourist VAT refunds for in-store purchases are generally not available in Great Britain. Check official UK rules and the outlet before planning any tax-free shopping.,,"[""Cafebar 1838"",""Bakers + Baristas"",""Costa Coffee"",""Etto"",""Greggs"",""Dancing Betty"",""KFC""]",Official outlet services list visitor parking; check the official outlet website for current parking details.,[],,20,Not available,,,0,UK VAT Retail Export Scheme withdrawn in Great Britain,,
east-midlands-designer-outlet,Frasers Plus Designer Outlet East Midlands,east-midlands-designer-outlet,,united-kingdom,nottingham,"Mansfield Road, South Normanton, Derbyshire DE55 2JW, United Kingdom",53.1062,-1.3239,Mon-Sat 09:00 - 20:00; Sun 10:00 - 18:00,,[],Over 65 designer brands,4.5,0,"[""Parking"",""Restaurants & Cafes"",""Transport Info"",""Accessibility"",""Gift Cards"",""EV Charging""]",false,https://fraserspluseastmidlands.com/,,https://maps.google.com/?q=East+Midlands+Designer+Outlet,http://maps.apple.com/?q=East+Midlands+Designer+Outlet,https://yandex.com/maps/?text=East%20Midlands%20Designer%20Outlet,active,30,"{""name"":""Nottingham City Centre"",""distanceKm"":30,""recommendedRoute"":""Follow official outlet guidance from Junction 28 of the M1""}","[{""code"":""EMA"",""name"":""East Midlands Airport"",""distanceKm"":35}]",,,35,Tourist VAT refunds for in-store purchases are generally not available in Great Britain. Check official UK rules and the outlet before planning any tax-free shopping.,,"[""Starbucks"",""Doughnotts"",""Pizza Express"",""Costa Coffee"",""Five Guys"",""Love Churros"",""BB’s"",""200 Degrees Coffee"",""Wagamama"",""Fluffy Fluffy"",""Rose Deli"",""Kouzina Greek"",""Slim Chickens"",""Chopstix""]",Official outlet services list visitor parking; check the official outlet website for current parking details.,[],,20,Not available,,,0,UK VAT Retail Export Scheme withdrawn in Great Britain,,
fleetwood-outlet,Fleetwood Outlet,fleetwood-outlet,"[""Affinity Lancashire"",""Affinity Lancashire Outlet Shopping"",""Freeport Fleetwood"",""Fleetwood Outlet Shopping""]",united-kingdom,fleetwood,"Anchorage Road, Fleetwood, Lancashire FY7 6AE, United Kingdom",53.9166,-3.0357,Mon-Sat 10:00 - 18:00; Sun 10:00 - 16:00,,[],Over 40 top brands,0,0,"[""Free Parking"",""Restaurants & Cafes"",""Centre Accessibility"",""Dog Friendly"",""Baby Changing"",""Wheelchair Hire""]",false,https://www.fleetwoodoutlet.com/,,https://maps.google.com/?q=Fleetwood+Outlet+Anchorage+Road+FY7+6AE,http://maps.apple.com/?q=Fleetwood+Outlet+Anchorage+Road+FY7+6AE,https://yandex.com/maps/?text=Fleetwood%20Outlet%20Anchorage%20Road%20FY7%206AE,active,2,"{""name"":""Fleetwood Town Centre"",""distanceKm"":2,""recommendedRoute"":""Follow official Affinity Lancashire getting-here guidance to Anchorage Road""}","[{""code"":""MAN"",""name"":""Manchester Airport"",""distanceKm"":95}]",,,95,Tourist VAT refunds for in-store purchases are generally not available in Great Britain. Check official UK rules and the outlet before planning any tax-free shopping.,,"[""Costa Coffee"",""Katie's"",""Poppies Tearoom"",""The Coffee Box & Bistro""]",Official outlet pages list free parking for visitors.,[],,20,Not available,,,0,UK VAT Retail Export Scheme withdrawn in Great Britain,,
gloucester-quays,Gloucester Quays,gloucester-quays,,united-kingdom,gloucester,"St Ann Way, Gloucester GL1 5SH, United Kingdom",51.8591,-2.2529,Mon-Fri 10:00 - 20:00; Sat 10:00 - 19:00; Sun 10:00 - 17:00,,[],50 stores,4.5,0,"[""Parking"",""Guest Services"",""Restaurants & Cafes"",""Transport Info"",""Accessibility"",""Gift Cards""]",false,https://gloucesterquays.co.uk/,,https://maps.google.com/?q=Gloucester+Quays,http://maps.apple.com/?q=Gloucester+Quays,https://yandex.com/maps/?text=Gloucester%20Quays,active,1,"{""name"":""Gloucester City Centre"",""distanceKm"":1,""recommendedRoute"":""10-minute walk from Gloucester City Centre per official getting-here guidance""}","[{""code"":""BHX"",""name"":""Birmingham Airport"",""distanceKm"":80}]",,,80,Tourist VAT refunds for in-store purchases are generally not available in Great Britain. Check official UK rules and the outlet before planning any tax-free shopping.,,"[""Bubble CiTea"",""Costa Coffee"",""Anatolian Palace"",""Subway"",""Bill’s"",""Pret"",""Bakers + Barista"",""Muse Brasserie"",""Pizza Express"",""Zizzi"",""Portivo Lounge"",""Brewhouse & Kitchen"",""Wagamama"",""Coal Kitchen"",""Banchina"",""Nando’s"",""Five Guys"",""Cornish Bakery""]",Official outlet services list visitor parking; check the official outlet website for current parking details.,[],,20,Not available,,,0,UK VAT Retail Export Scheme withdrawn in Great Britain,,
gunwharf-quays,Gunwharf Quays,gunwharf-quays,,united-kingdom,portsmouth,"Gunwharf Quays House, Portsmouth PO1 3TZ, United Kingdom",50.7952,-1.105,Mon-Fri 10:00 - 20:00; Sat 09:00 - 20:00; Sun 10:00 - 18:00,,[],90+ Stores,4.5,0,"[""Parking"",""Guest Services"",""Restaurants & Cafes"",""Transport Info"",""Accessibility"",""Gift Cards""]",false,https://gunwharf-quays.com/,,https://maps.google.com/?q=Gunwharf+Quays,http://maps.apple.com/?q=Gunwharf+Quays,https://yandex.com/maps/?text=Gunwharf%20Quays,active,1,"{""name"":""Portsmouth City Centre"",""distanceKm"":1,""recommendedRoute"":""Follow official Gunwharf Quays getting-here guidance""}","[{""code"":""SOU"",""name"":""Southampton Airport"",""distanceKm"":35}]",,,35,Tourist VAT refunds for in-store purchases are generally not available in Great Britain. Check official UK rules and the outlet before planning any tax-free shopping.,,"[""Carluccio’s"",""Frankie & Benny’s"",""Wagamama"",""Cosy Club"",""Giggling Squid"",""Nando's"",""PizzaExpress""]",Official outlet services list visitor parking; check the official outlet website for current parking details.,[],,20,Not available,,,0,UK VAT Retail Export Scheme withdrawn in Great Britain,,
icon-outlet-at-the-o2,Outlet Shopping at The O2,icon-outlet-at-the-o2,,united-kingdom,london,"Peninsula Square, London SE10 0DX, United Kingdom",51.5029,0.0032,"The O2 open daily 10:00 - 22:00; Outlet Shopping hours vary, check official listing",,[],Over 60 brands,4.5,0,"[""Parking"",""Welcome Desk"",""Restaurants & Cafes"",""Transport Info"",""Accessibility"",""Gift Cards"",""Outlet Shopping Parking Offer""]",false,https://www.theo2.co.uk/icon-outlet,,https://maps.google.com/?q=Outlet+Shopping+at+The+O2+SE10+0DX,http://maps.apple.com/?q=Outlet+Shopping+at+The+O2+SE10+0DX,https://yandex.com/maps/?text=Outlet%20Shopping%20at%20The%20O2%20SE10%200DX,active,10,"{""name"":""London City Centre"",""distanceKm"":10,""recommendedRoute"":""Follow official The O2 tube and rail guidance to North Greenwich""}","[{""code"":""LCY"",""name"":""London City Airport"",""distanceKm"":6}]",,,6,Tourist VAT refunds for in-store purchases are generally not available in Great Britain. Check official UK rules and the outlet before planning any tax-free shopping.,,"[""ASK Italian"",""Afrikana"",""All Bar One"",""Busaba"",""Cabana"",""Cafe Mint"",""Chipotle"",""Costa Coffee"",""Five Guys"",""Frankie & Benny’s"",""Gaucho"",""German Doner Kebab"",""Gordon Ramsay Street Burger"",""Haidilao Hot Pot"",""Haute Dolci"",""Jimmy’s World Grill & Bar"",""KFC"",""Kitchen Pizzeria"",""Las Iguanas"",""Maki & Ramen"",""Marugame Udon"",""Nando’s"",""PizzaExpress"",""Rodizio Rico"",""Scarlet Rasoi"",""Slim Chickens"",""Slug & Lettuce"",""Snowflake Luxury Gelato"",""Starbucks"",""TGI Fridays™"",""The Observatory"",""Thunderbird Fried Chicken"",""Wasabi"",""Wetherspoon"",""Zizzi""]",Official outlet services list visitor parking; check the official outlet website for current parking details.,[],,20,Not available,,,0,UK VAT Retail Export Scheme withdrawn in Great Britain,,
junction-32-outlet,Frasers Plus Designer Outlet Leeds,junction-32-outlet,"[""Junction 32 Outlet Shopping"",""Junction 32 Outlet"",""Designer Outlet Leeds""]",united-kingdom,leeds,"Tomahawk Trail, Glasshoughton, Castleford WF10 4FR, United Kingdom",53.7105,-1.3427,Mon-Fri 10:00 - 20:00; Sat 10:00 - 18:00; Sun 11:00 - 17:00,,[],80+ Stores,4.5,0,"[""Parking"",""Guest Services"",""Restaurants & Cafes"",""Transport Info"",""Accessibility"",""Gift Cards""]",false,https://junction32.com/,,https://maps.google.com/?q=Frasers+Plus+Designer+Outlet+Leeds+Tomahawk+Trail+Glasshoughton+Castleford+WF10+4FR,http://maps.apple.com/?q=Frasers+Plus+Designer+Outlet+Leeds+Tomahawk+Trail+Glasshoughton+Castleford+WF10+4FR,https://yandex.com/maps/?text=Frasers%20Plus%20Designer%20Outlet%20Leeds%20Tomahawk%20Trail%20Glasshoughton%20Castleford%20WF10%204FR,active,16,"{""name"":""Leeds City Centre"",""distanceKm"":16,""recommendedRoute"":""Follow official outlet directions to Tomahawk Trail, Glasshoughton, Castleford""}","[{""code"":""LBA"",""name"":""Leeds Bradford Airport"",""distanceKm"":35}]",,,35,Tourist VAT refunds for in-store purchases are generally not available in Great Britain. Check official UK rules and the outlet before planning any tax-free shopping.,,"[""200 Degrees Coffee"",""Bakers + Baristas"",""Cadbury Outlet"",""Chopstix"",""Costa"",""For the Love of Hot Dogs"",""Grape Tree"",""Greggs"",""Holland & Barrett"",""Krispy Kreme"",""Starbucks"",""Subway"",""The Nutella Donut Co"",""Tilly's Kitchen""]",Official outlet services list visitor parking; check the official outlet website for current parking details.,[],,20,Not available,,,0,UK VAT Retail Export Scheme withdrawn in Great Britain,,
lakeside-village,Lakeside Village Outlet Shopping,lakeside-village,,united-kingdom,doncaster,"White Rose Way, Doncaster DN4 5PH, United Kingdom",53.5031,-1.1284,Opening times vary per store; check official store pages,,[],Over 45 stores,4.5,0,"[""Free Parking"",""Restaurants & Cafes"",""Transport Info"",""Accessibility"",""Facilities"",""Coaches"",""Dog Friendly"",""Play Areas""]",false,https://lakeside-village.co.uk/,,https://maps.google.com/?q=Lakeside+Village+White+Rose+Way+Doncaster+DN4+5PH,http://maps.apple.com/?q=Lakeside+Village+White+Rose+Way+Doncaster+DN4+5PH,https://yandex.com/maps/?text=Lakeside%20Village%20White%20Rose%20Way%20Doncaster%20DN4%205PH,active,3,"{""name"":""Doncaster City Centre"",""distanceKm"":3,""recommendedRoute"":""Follow official directions to White Rose Way, just off Junction 3 of the M18""}","[{""code"":""LBA"",""name"":""Leeds Bradford Airport"",""distanceKm"":75}]",,,75,Tourist VAT refunds for in-store purchases are generally not available in Great Britain. Check official UK rules and the outlet before planning any tax-free shopping.,,"[""Costa Coffee"",""Costa Drive Thru"",""Etto"",""Greggs"",""Jamaica Blue"",""KFC"",""McDonald’s"",""Pizza Hut""]",Official outlet services list free parking for visitors.,[],,20,Not available,,,0,UK VAT Retail Export Scheme withdrawn in Great Britain,,
livingston-designer-outlet,Livingston Designer Outlet,livingston-designer-outlet,"[""Livingston Outlet"",""Livingston Designer Outlet Scotland"",""McArthurGlen Livingston Designer Outlet""]",united-kingdom,livingston,"Almondvale Avenue, Livingston, West Lothian EH54 6QX, United Kingdom",55.8837,-3.5164,Mon-Wed 09:00 - 18:00; Thu 09:00 - 20:00; Fri-Sat 09:00 - 18:00; Sun 10:00 - 18:00,,[],"Over 80 shops, restaurants and cafés",0,0,"[""Parking"",""Guest Services"",""Restaurants & Cafes"",""Outlet Map"",""Accessibility"",""Gift Cards"",""Hands-free Shopping"",""EV Charging"",""Coach Parking""]",false,https://livingstondesigneroutlet.com/,,https://maps.google.com/?q=Livingston+Designer+Outlet+EH54+6QX,http://maps.apple.com/?q=Livingston+Designer+Outlet+EH54+6QX,https://yandex.com/maps/?text=Livingston%20Designer%20Outlet%20EH54%206QX,active,1,"{""name"":""Livingston Town Centre"",""distanceKm"":1,""recommendedRoute"":""Follow official outlet getting-here guidance to Almondvale Avenue""}","[{""code"":""EDI"",""name"":""Edinburgh Airport"",""distanceKm"":20}]",,,20,Tourist VAT refunds for in-store purchases are generally not available in Great Britain. Check official UK rules and the outlet before planning any tax-free shopping.,,"[""Bakers and Baristas"",""Cafebar 1962"",""Caffe Nero"",""Chopstix Noodle Bar"",""Costa Coffee"",""Hamilton and Brown"",""Hot Flame"",""Kastriot’s Gyros 2 Go"",""McDonald’s"",""Millie’s Cookies"",""Pizza Express"",""Pizza Hut"",""Starbucks"",""Subway"",""Tikka Nation"",""Wetherspoon""]","Official outlet parking page lists 1,775 spaces across two car parks, including disabled, parent-and-child and EV charging bays.",[],,20,Not available,,,0,UK VAT Retail Export Scheme withdrawn in Great Britain,,
london-designer-outlet,London Designer Outlet,london-designer-outlet,,united-kingdom,london,"Wembley Park Boulevard, Wembley Park, London HA9 0FD, United Kingdom",51.558,-0.2836,Opening times vary per store/café/restaurant; Sunday larger-store hours split 11:00 - 17:00 or 12:00 - 18:00,,[],Over 80 stores,4.5,0,"[""Parking"",""Guest Services"",""Restaurants & Cafes"",""Transport Info"",""Accessibility"",""Gift Cards"",""Dog Friendly"",""Cinema"",""M&S Currency Exchange""]",false,https://www.londondesigneroutlet.com/,,https://maps.google.com/?q=London+Designer+Outlet+Wembley+Park+Boulevard+HA9+0FD,http://maps.apple.com/?q=London+Designer+Outlet+Wembley+Park+Boulevard+HA9+0FD,https://yandex.com/maps/?text=London%20Designer%20Outlet%20Wembley%20Park%20Boulevard%20HA9%200FD,active,10,"{""name"":""London City Centre"",""distanceKm"":10,""recommendedRoute"":""Train from London Marylebone to Wembley Stadium""}","[{""code"":""LHR"",""name"":""London Heathrow Airport"",""distanceKm"":20}]",,,20,Tourist VAT refunds for in-store purchases are generally not available in Great Britain. Check official UK rules and the outlet before planning any tax-free shopping.,,"[""Afrikana"",""Amorino"",""Beirut Wonders – Lebanese Street Food"",""Big Moe’s"",""Chaboba Bubble Tea"",""Churros Buenos"",""Costa Coffee"",""DumDum Donutterie"",""Frankie & Benny’s"",""JRC Global Buffet"",""Las Iguanas"",""Nando’s"",""Opa! Greek Bakery & Patisserie"",""PizzaExpress"",""Pret A Manger"",""Tandoori Fusion"",""Wagamama"",""Wenzel’s the Bakers"",""Mowchi""]",Official outlet services list visitor parking; check the official outlet website for current parking details.,[],,20,Not available,,,0,UK VAT Retail Export Scheme withdrawn in Great Britain,,
springfields-outlet,Springfields Designer Outlet & Leisure,springfields-outlet,,united-kingdom,spalding,"Camelgate, Spalding, Lincolnshire PE12 6EU, United Kingdom",52.791,-0.1511,Mon-Wed 09:30 - 18:00; Thu 09:30 - 20:00; Fri 09:30 - 18:00; Sat 09:00 - 18:00; Sun 10:30 - 17:00,,[],Over 55 outlet stores,4.5,0,"[""Parking"",""Restaurants & Cafes"",""Transport Info"",""Accessibility"",""Gift Cards"",""EV Charging"",""Festival Gardens""]",false,https://springfieldsoutlet.co.uk/,,https://maps.google.com/?q=Springfields+Designer+Outlet+%26+Leisure+PE12+6EU,http://maps.apple.com/?q=Springfields+Designer+Outlet+%26+Leisure+PE12+6EU,https://yandex.com/maps/?text=Springfields%20Designer%20Outlet%20%26%20Leisure%20PE12%206EU,active,2,"{""name"":""Spalding Town Centre"",""distanceKm"":2,""recommendedRoute"":""Follow official directions to Camelgate via the A16""}","[{""code"":""EMA"",""name"":""East Midlands Airport"",""distanceKm"":100}]",,,100,Tourist VAT refunds for in-store purchases are generally not available in Great Britain. Check official UK rules and the outlet before planning any tax-free shopping.,,"[""The Parlour Restaurant"",""The Noshery Co. Cafe & Restaurant"",""Petalo Lounge"",""Springy’s American Diner"",""Caffè Nero"",""Costa Coffee"",""Subway"",""Cadbury Outlet"",""The Sweet Emporium""]",Official outlet services list visitor parking; check the official outlet website for current parking details.,[],,20,Not available,,,0,UK VAT Retail Export Scheme withdrawn in Great Britain,,
swindon-designer-outlet,Swindon Designer Outlet,swindon-designer-outlet,,united-kingdom,swindon,"Kemble Drive, Swindon SN2 2DY, United Kingdom",51.5656,-1.7984,Mon-Sat 10:00 - 20:00; Sun 10:00 - 18:00,,[],Over 90 brands,4.5,0,"[""Transport & Parking"",""Shopping & Visitor Services"",""Accessibility"",""Family Services"",""Guest Services"",""Restaurants & Cafes"",""Gift Cards""]",false,https://designeroutletswindon.com/,,https://maps.google.com/?q=Swindon+Designer+Outlet+Kemble+Drive+SN2+2DY,http://maps.apple.com/?q=Swindon+Designer+Outlet+Kemble+Drive+SN2+2DY,https://yandex.com/maps/?text=Swindon%20Designer%20Outlet%20Kemble%20Drive%20SN2%202DY,active,1.5,"{""name"":""Swindon Town Centre"",""distanceKm"":1.5,""recommendedRoute"":""15 minute walk from Swindon Town Centre per official outlet guidance""}","[{""code"":""BRS"",""name"":""Bristol Airport"",""distanceKm"":75}]",,,75,Tourist VAT refunds for in-store purchases are generally not available in Great Britain. Check official UK rules and the outlet before planning any tax-free shopping.,,"[""Auntie Anne’s"",""Bubbleology"",""Costa Coffee"",""Don Churro"",""El Mexicana"",""Five Guys"",""Greggs"",""KFC"",""Kouzina Greek"",""Krispy Kreme Doughnuts"",""Pizza Express"",""Slim Chickens"",""SOHO Coffee"",""Starbucks"",""Subway"",""Wagamama""]",Official outlet services list visitor parking; check the official outlet website for current parking details.,[],,20,Not available,,,0,UK VAT Retail Export Scheme withdrawn in Great Britain,,
the-boulevard-banbridge,The Boulevard Banbridge,the-boulevard-banbridge,,united-kingdom,banbridge,"The Boulevard, Outlet Park, Banbridge BT32 4LF, United Kingdom",54.3449,-6.2842,Mon-Wed 10:00 - 18:00; Thu-Fri 10:00 - 21:00; Sat 09:00 - 18:00; Sun 13:00 - 18:00,,[],60+ stores,4.5,0,"[""Free Parking"",""Guest Services"",""Restaurants & Cafes"",""Transport Info"",""Accessibility"",""Gift Cards"",""EV Charging"",""Tax Free Shopping""]",true,https://the-boulevard.co.uk/,,https://maps.google.com/?q=The+Boulevard+Banbridge,http://maps.apple.com/?q=The+Boulevard+Banbridge,https://yandex.com/maps/?text=The%20Boulevard%20Banbridge,active,2,"{""name"":""Banbridge Town Centre"",""distanceKm"":2,""recommendedRoute"":""Follow official directions via the main A1 Belfast to Dublin road""}","[{""code"":""BFS"",""name"":""Belfast International Airport"",""distanceKm"":50}]",,,50,The Boulevard states non-EU citizens can request a tax refund receipt at participating stores when exporting goods. Check participating stores before purchase.,,"[""Baker’s & Barista’s"",""McDonald's"",""Salt Kitchen"",""Starbucks"",""Burger King"",""Costa Coffee""]",Official outlet services list free parking for visitors.,[],,20,Check participating stores,,,0,Participating stores at The Boulevard,,
the-galleria-outlet,The Galleria Outlet Shopping Centre,the-galleria-outlet,,united-kingdom,hatfield,"The Galleria Outlet Shopping Centre, Comet Way, Hatfield, Hertfordshire AL10 0XR, United Kingdom",51.763,-0.2417,Mon-Fri 10:00 - 20:00; Sat 10:00 - 18:00; Sun 11:00 - 17:00,,[],"Stores, restaurants and leisure venues under one roof",4.5,0,"[""Parking"",""Restaurants & Cafes"",""Transport Info"",""Accessibility"",""Wi-Fi"",""Baby Changing"",""Amazon Lockers"",""Post Office""]",false,https://thegalleria.co.uk/,,https://maps.google.com/?q=The+Galleria+Outlet+Shopping+Centre+AL10+0XR,http://maps.apple.com/?q=The+Galleria+Outlet+Shopping+Centre+AL10+0XR,https://yandex.com/maps/?text=The%20Galleria%20Outlet%20Shopping%20Centre%20AL10%200XR,active,1.5,"{""name"":""Hatfield Town Centre"",""distanceKm"":1.5,""recommendedRoute"":""Use A1(M) junction 3 or 4 and follow the A1001; use AL10 9TF for satnav parking access""}","[{""code"":""LTN"",""name"":""London Luton Airport"",""distanceKm"":20}]",,,20,Tourist VAT refunds for in-store purchases are generally not available in Great Britain. Check official UK rules and the outlet before planning any tax-free shopping.,,"[""Bite & Feast"",""Burger King"",""Caffè Nero"",""Prezzo"",""Sumac & Saffron"",""The Real China"",""Costa Coffee"",""Nando's"",""PizzaExpress"",""Wagamama""]",Official outlet services list visitor parking; check the official outlet website for current parking details.,[],,20,Not available,,,0,UK VAT Retail Export Scheme withdrawn in Great Britain,,
west-midlands-designer-outlet,West Midlands Designer Outlet,west-midlands-designer-outlet,,united-kingdom,birmingham,"Eastern Way, Cannock WS11 7JZ, United Kingdom",52.6819,-2.015,Mon-Fri 10:00 - 20:00; Sat 09:00 - 20:00; Sun 10:00 - 18:00,,[],Over 65 iconic brands,4.5,0,"[""Parking"",""Guest Services"",""Restaurants & Cafes"",""Transport Info"",""Accessibility"",""Gift Cards"",""Changing Places"",""SignLive""]",false,https://www.mcarthurglen.com/en/outlets/uk/designer-outlet-west-midlands/,,https://maps.google.com/?q=West+Midlands+Designer+Outlet+Eastern+Way+Cannock+WS11+7JZ,http://maps.apple.com/?q=West+Midlands+Designer+Outlet+Eastern+Way+Cannock+WS11+7JZ,https://yandex.com/maps/?text=West%20Midlands%20Designer%20Outlet%20Eastern%20Way%20Cannock%20WS11%207JZ,active,30,"{""name"":""Birmingham City Centre"",""distanceKm"":30,""recommendedRoute"":""30 minute drive from Birmingham City Centre per official outlet guidance""}","[{""code"":""BHX"",""name"":""Birmingham Airport"",""distanceKm"":45}]",,,45,Tourist VAT refunds for in-store purchases are generally not available in Great Britain. Check official UK rules and the outlet before planning any tax-free shopping.,,"[""200 Degrees Coffee"",""Doughnotts"",""Five Guys"",""Kouzina Greek"",""Love Churros"",""Meli Café & Patisserie"",""Phata Phat"",""Pizza Express"",""Slim Chickens"",""Starbucks"",""Wagamama""]",Official outlet services list visitor parking; check the official outlet website for current parking details.,[],,20,Not available,,,0,UK VAT Retail Export Scheme withdrawn in Great Britain,,
york-designer-outlet,York Designer Outlet,york-designer-outlet,,united-kingdom,york,"St Nicholas Avenue, Fulford, York YO19 4TA, United Kingdom",53.9227,-1.0786,Mon-Fri 09:30 - 20:00; Sat 09:00 - 20:00; Sun 10:00 - 18:00,,[],100+ stores,4.5,0,"[""Parking"",""Guest Services"",""Restaurants & Cafes"",""Transport Info"",""Accessibility"",""Gift Cards""]",false,https://www.mcarthurglen.com/en/outlets/uk/designer-outlet-york/,,https://maps.google.com/?q=York+Designer+Outlet,http://maps.apple.com/?q=York+Designer+Outlet,https://yandex.com/maps/?text=York%20Designer%20Outlet,active,6,"{""name"":""York City Centre"",""distanceKm"":6,""recommendedRoute"":""Approximately 15 minutes from York per official McArthurGlen plan-your-visit guidance""}","[{""code"":""LBA"",""name"":""Leeds Bradford Airport"",""distanceKm"":50}]",,,50,Tourist VAT refunds for in-store purchases are generally not available in Great Britain. Check official UK rules and the outlet before planning any tax-free shopping.,,"[""200 Degrees Coffee"",""Bagel Factory"",""Brew'd"",""Caffe Nero"",""Caffe Valeria"",""Chopstix"",""Five Guys"",""Krispy Kreme"",""McDonald's"",""Pizza Express"",""Pret A Manger"",""Shakamaka"",""Slim Chickens"",""Starbucks"",""The Fisherman's Wife"",""Wagamama"",""YO!""]",Official outlet services list visitor parking; check the official outlet website for current parking details.,[],,20,Not available,,,0,UK VAT Retail Export Scheme withdrawn in Great Britain,,
braintree-village,Braintree Village,braintree-village,"[""Braintree Outlet"",""Braintree Freeport"",""Braintree Village Outlet Shopping""]",united-kingdom,braintree,"Braintree Village, Charter Way, Chapel Hill, Braintree, Essex CM77 8YH, United Kingdom",51.8692,0.5702,Core opening hours vary by date; usual larger-store Sunday hours are 11:00 - 17:00,,[],Official current shop directory available,0,0,"[""Free Parking"",""Guest Services"",""Centre Map"",""Access and Mobility"",""PLUS+ Membership"",""Dog Friendly"",""Personal Styling""]",false,https://www.braintree-village.com/en/,,https://www.google.com/maps/search/?api=1&query=Braintree%20Village%2C%20Chapel%20Hill%2C%20Braintree%20CM77%208YH,http://maps.apple.com/?q=Braintree%20Village&address=Chapel%20Hill%2C%20Braintree%20CM77%208YH,https://yandex.com/maps/?text=Braintree%20Village%2C%20Chapel%20Hill%2C%20Braintree%20CM77%208YH,active,3,"{""name"":""Braintree Town Centre"",""distanceKm"":3,""recommendedRoute"":""Use current official map directions to Charter Way / Chapel Hill.""}","[{""code"":""STN"",""name"":""London Stansted Airport"",""distanceKm"":25},{""code"":""LCY"",""name"":""London City Airport"",""distanceKm"":75}]",,,25,Tourist VAT refunds for in-store purchases are generally not available in Great Britain. Check official UK rules and the outlet before planning any tax-free shopping.,,"[""Bill's"",""Brick Lane Bagel Co"",""Churros"",""Cornish Bakery"",""Costa Coffee"",""Gelato è Ciambella"",""PizzaExpress"",""Pret A Manger"",""SMÄSHED"",""The Real Greek"",""Thick or Thin? Piadina"",""Top Dog"",""Wildwood""]","Official centre pages list free parking for up to 6 hours, two car parks, more than 1,660 spaces, accessible bays, family bays, and coach spaces.",[],,20,Not available,,,0,UK VAT Retail Export Scheme withdrawn in Great Britain,,
affinity-sterling-mills,Affinity Sterling Mills Outlet Shopping,affinity-sterling-mills,"[""Sterling Mills"",""Sterling Mills Outlet"",""Affinity Sterling Mills"",""Sterling Mills Outlet Shopping""]",united-kingdom,tillicoultry,"Devon Vale, Tillicoultry, Clackmannanshire FK13 6HQ, United Kingdom",56.1534,-3.7449,Selected major stores 09:00 - 18:00; all other retail outlets 10:00 - 18:00,,[],Official current store directory available,0,0,"[""Centre Map"",""Facilities and Parents"",""Gift Cards"",""Mills+"",""Wheelchair Accessibility"",""Coach Trips"",""Click & Collect""]",false,https://www.sterlingmills.com/,,https://www.google.com/maps/search/?api=1&query=Affinity%20Sterling%20Mills%20Outlet%20Shopping%2C%20Devon%20Vale%2C%20Tillicoultry%20FK13%206HQ,http://maps.apple.com/?q=Affinity%20Sterling%20Mills%20Outlet%20Shopping&address=Devon%20Vale%2C%20Tillicoultry%20FK13%206HQ,https://yandex.com/maps/?text=Affinity%20Sterling%20Mills%20Outlet%20Shopping%2C%20Devon%20Vale%2C%20Tillicoultry%20FK13%206HQ,active,1,"{""name"":""Tillicoultry Town Centre"",""distanceKm"":1,""recommendedRoute"":""Use current official map directions to Devon Vale, Tillicoultry.""}","[{""code"":""EDI"",""name"":""Edinburgh Airport"",""distanceKm"":45},{""code"":""GLA"",""name"":""Glasgow Airport"",""distanceKm"":65}]",,,45,Tourist VAT refunds for in-store purchases are generally not available in Great Britain. Check official UK rules and the outlet before planning any tax-free shopping.,,"[""Bakers + Baristas"",""Costa"",""Greggs""]",Official centre pages include visitor facilities and location information; confirm current parking details on the official website before visiting.,[],,20,Not available,,,0,UK VAT Retail Export Scheme withdrawn in Great Britain,,
las-rozas-village,Las Rozas Village,las-rozas-village,,spain,madrid,"Calle Juan Ramón Jiménez 3, 28232 Las Rozas, Madrid, Spain",40.5037,-3.8968,10:00 - 22:00,,[],Over 100 boutiques,4.6,0,"[""Parking"",""Tax Free"",""Guest Services"",""Restaurants & Cafes"",""Transport Info"",""Wi-Fi"",""Gift Cards"",""Accessibility"",""Hands-free Shopping"",""Personal Shopping"",""EV Charging"",""Baby-changing Facilities""]",true,https://www.thebicestercollection.com/las-rozas-village/en,,"https://www.google.com/maps/search/?api=1&query=40.5037,-3.8968","http://maps.apple.com/?ll=40.5037,-3.8968&q=Las%20Rozas%20Village","https://yandex.com/maps/?ll=-3.8968,40.5037&z=16&text=Las%20Rozas%20Village",active,25,"{""name"":""Madrid City Centre"",""distanceKm"":25,""recommendedRoute"":""Bus, taxi or car""}","[{""code"":""MAD"",""name"":""Madrid-Barajas Airport"",""distanceKm"":30}]",,,30,"Eligible non-EU visitors can recover applicable VAT on purchases, up to 21%; ask Concierge for tax-free shopping assistance and complete EU customs validation when leaving the EU.",,"[""Cristina Oria"",""Joselito Kiosk"",""Joselito's Restaurant"",""Lindt"",""Mentidero Sal y Brasas"",""Mistura""]",Official outlet services list visitor parking; check the official outlet website for current parking details.,"[{""name"":""Las Rozas"",""distanceKm"":2},{""name"":""Madrid"",""distanceKm"":25}]",,21,0.01 EUR,,,12,Global Blue / Planet,,
designer-outlet-malaga,McArthurGlen Designer Outlet Málaga,designer-outlet-malaga,,spain,malaga,"Calle Alfonso Ponce de León 6, 29004 Málaga, Spain",36.6738,-4.4899,10:00 - 22:00,,[],More than 100 brands,4.5,0,"[""Parking"",""Tax Free"",""Guest Services"",""Restaurants & Cafes"",""Transport Info"",""Wi-Fi"",""Gift Cards"",""Accessibility"",""ATM"",""Kids Area"",""Personal Shopping""]",true,https://www.mcarthurglen.com/en/outlets/es/designer-outlet-malaga/,,"https://www.google.com/maps/search/?api=1&query=36.6738,-4.4899","http://maps.apple.com/?ll=36.6738,-4.4899&q=McArthurGlen%20Designer%20Outlet%20Malaga","https://yandex.com/maps/?ll=-4.4899,36.6738&z=16&text=McArthurGlen%20Designer%20Outlet%20Malaga",active,15,"{""name"":""Málaga City Centre"",""distanceKm"":15,""recommendedRoute"":""Train, bus or taxi""}","[{""code"":""AGP"",""name"":""Málaga-Costa del Sol Airport"",""distanceKm"":3}]",,,3,"Eligible non-EU visitors can request tax-free shopping information at Guest Services; Planet lists a refund location at McArthurGlen, Alfonso Ponce de León 6, with EU customs validation required when leaving the EU.",,"[""Ben & Jerry's"",""Five Guys"",""La Pecera"",""Sabor a España"",""Santo Cielo"",""Starbucks""]",Official outlet services list visitor parking; check the official outlet website for current parking details.,"[{""name"":""Málaga Airport"",""distanceKm"":3},{""name"":""Torremolinos"",""distanceKm"":6}]",,21,0.01 EUR,,,12,Planet / EU customs validation,,
viladecans-the-style-outlets,Viladecans The Style Outlets,viladecans-the-style-outlets,,spain,viladecans,"Ctra. de la Vila, 90, 08840 Viladecans, Barcelona, Spain",41.3189,2.0357,10:00 - 22:00,,[],All stores directory verified on the official website,0,0,"[""Parking"",""Tax Free"",""Restaurants & Cafes"",""Pet Friendly"",""Free Wi-Fi"",""Personal Shopper"",""Luggage Lockers"",""Transport Info""]",true,https://viladecans.thestyleoutlets.es/en,,https://www.google.com/maps/search/?api=1&query=Viladecans+The+Style+Outlets,http://maps.apple.com/?q=Viladecans%20The%20Style%20Outlets,https://yandex.com/maps/?text=Viladecans%20The%20Style%20Outlets,active,15,"{""name"":""Barcelona City Centre"",""distanceKm"":15,""recommendedRoute"":""Use RENFE commuter rail, car, taxi, or bus toward Viladecans.""}","[{""code"":""BCN"",""name"":""Barcelona-El Prat Airport"",""distanceKm"":6}]",,,6,Eligible non-EU visitors can request a Tax Free form at participating store cash desks for purchases of 70.01 EUR or more in a single receipt and validate the form at customs when leaving the EU.,,"[""BURGER KING"",""CASA CARMEN"",""CHALITO"",""FIVE GUYS"",""GROSSO NAPOLETANO"",""HARRY"",""LLAOLLAO"",""STARBUCKS"",""SUSHISOM"",""UDON""]","Official address is Ctra. de la Vila, 90, Viladecans; confirm current parking details on the official website before visiting.",,,21,70.01 EUR,,,12,"Global Blue, Tax Refund for Tourists, Premier Tax Free, or Tax Free VAT Refund Service for Tourists / EU customs validation",,
la-roca-village,La Roca Village,la-roca-village,,spain,barcelona,"La Roca Village s/n, Santa Agnès de Malanyanes, 08430 Barcelona, Spain",41.6105,2.3436,Mon-Sun 10:00 - 22:00,,[],More than 150 boutiques,0,0,"[""Tax-Free Shopping"",""Personal Shopping"",""Reserved Parking"",""Hands-Free Shopping"",""Concierge Services"",""Digital map"",""Gift Card"",""Shopping Express""]",true,https://www.thebicestercollection.com/la-roca-village/en/,,https://www.google.com/maps/search/?api=1&query=La%20Roca%20Village%2C%20Santa%20Agn%C3%A8s%20de%20Malanyanes%2C%2008430%20Barcelona%2C%20Spain,http://maps.apple.com/?q=La%20Roca%20Village&address=Santa%20Agn%C3%A8s%20de%20Malanyanes%2C%2008430%20Barcelona%2C%20Spain,https://yandex.com/maps/?text=La%20Roca%20Village%2C%20Santa%20Agn%C3%A8s%20de%20Malanyanes%2C%2008430%20Barcelona%2C%20Spain,active,40,"{""name"":""Barcelona City Centre"",""distanceKm"":40,""recommendedRoute"":""Use Shopping Express from Estació del Nord or current official map directions.""}","[{""code"":""BCN"",""name"":""Barcelona-El Prat Airport"",""distanceKm"":40}]",,,40,"Official Village pages advertise Tax-Free Shopping and instant tax refunds/currency exchange, but a minimum spend and named refund operator were not verified from official outlet/operator sources.",La Roca Village,"[""Andreu"",""Atmósferas Mordisco"",""Corso Iluzione"",""Cèntric"",""Dino"",""Farggi 1957""]",Official visit information lists free parking and electric car charging points; reserved parking can be requested through Concierge Services.,,https://www.thebicestercollection.com/la-roca-village/en/,21,Not verified,,,15.7,Not officially verified,Barcelona-El Prat Airport • 40 km,Barcelona City Centre • 40 km
mallorca-fashion-outlet,Mallorca Fashion Outlet,mallorca-fashion-outlet,"[""Mallorca Fashion Outlet"",""MFO"",""Mallorca outlet""]",spain,marratxi,"Autovía Palma-Inca, Km 7.1, salida 8, 07141 Marratxí, Balearic Islands, Spain",39.6215,2.7266,Mon-Sun 10:00 - 22:00; special days may vary,,[],Official current brand directory available,0,0,"[""Tax Free Shopping"",""Free Parking"",""Train Station"",""Virtual Shopping"",""Free Wi-Fi"",""Children's Area"",""Pet Friendly"",""Take Away"",""Bike Lockers"",""Rest Zone""]",true,https://www.mallorcafashionoutlet.com/en,,https://www.google.com/maps/search/?api=1&query=Mallorca%20Fashion%20Outlet%2C%20Autov%C3%ADa%20Palma-Inca%2C%20Km%207.1%2C%2007141%20Marratx%C3%AD%2C%20Spain,http://maps.apple.com/?q=Mallorca%20Fashion%20Outlet&address=Autov%C3%ADa%20Palma-Inca%2C%20Km%207.1%2C%2007141%20Marratx%C3%AD%2C%20Spain,https://yandex.com/maps/?text=Mallorca%20Fashion%20Outlet%2C%20Autov%C3%ADa%20Palma-Inca%2C%20Km%207.1%2C%2007141%20Marratx%C3%AD%2C%20Spain,active,10,"{""name"":""Palma City Centre"",""distanceKm"":10,""recommendedRoute"":""Use current official map directions to Autovía Palma-Inca, Km 7.1, salida 8.""}","[{""code"":""PMI"",""name"":""Palma de Mallorca Airport"",""distanceKm"":15}]",,,15,"Official centre services list Tax Free Shopping; confirm participating stores, refund provider, minimum spend, and customs process at the centre.",Mallorca Fashion Outlet,"[""Amorino"",""Block House"",""Coffee Fellows"",""Diablito"",""Don't Cry For Me"",""Dumpling Hub"",""Enrique Tomás"",""L'Osteria"",""Foster's Hollywood"",""Ginos"",""Häagen Dazs"",""Lindt"",""McDonald's"",""Skalop"",""Starbucks""]",Official services list free parking at the centre.,,https://www.mallorcafashionoutlet.com/en,21,Not officially verified,,,0,Not officially verified,Palma de Mallorca Airport • 15 km,Palma City Centre • 10 km
sevilla-fashion-outlet,Sevilla Fashion Outlet,sevilla-fashion-outlet,"[""Sevilla Fashion Outlet"",""Seville Fashion Outlet""]",spain,seville,"Calle Finca los Espartales, A-4, Km 531, 41300 San José de la Rinconada, Seville, Spain",37.4279,-5.9219,Mon-Sun 10:00 - 22:00; special days may vary,,[],Official current brand directory available; operator reports 100+ brands,0,0,"[""Tax Free Shopping"",""Free Parking"",""Information"",""Free Wi-Fi"",""ATM Service"",""Wheelchairs"",""Rest Zone"",""Lost & Found"",""First Aid"",""Pets"",""Lactation"",""Mobile Phone Chargers"",""Electric Chargers"",""Cloakroom""]",true,https://www.sevillafashionoutlet.com/en,,https://www.google.com/maps/search/?api=1&query=Sevilla%20Fashion%20Outlet%2C%20Calle%20Finca%20los%20Espartales%2C%20San%20Jos%C3%A9%20de%20la%20Rinconada%2C%20Spain,http://maps.apple.com/?q=Sevilla%20Fashion%20Outlet&address=Calle%20Finca%20los%20Espartales%2C%20San%20Jos%C3%A9%20de%20la%20Rinconada%2C%20Spain,https://yandex.com/maps/?text=Sevilla%20Fashion%20Outlet%2C%20Calle%20Finca%20los%20Espartales%2C%20San%20Jos%C3%A9%20de%20la%20Rinconada%2C%20Spain,active,15,"{""name"":""Seville City Centre"",""distanceKm"":15,""recommendedRoute"":""Use current official map directions to Calle Finca los Espartales.""}","[{""code"":""SVQ"",""name"":""Seville Airport"",""distanceKm"":5}]",,,5,"Official centre pages list Tax Free Shopping and a non-resident VIP Day Pass; confirm participating stores, refund provider, minimum spend, and customs process at the Information Point.",Sevilla Fashion Outlet,"[""100 Montaditos"",""Five Guys"",""Mito"",""Miro Tapas"",""Pinsere"",""Santa Gloria"",""Starbucks""]",Official amenities list free parking at the centre.,,https://www.sevillafashionoutlet.com/en,21,Not officially verified,,,0,Not officially verified,Seville Airport • 5 km,Seville City Centre • 15 km
getafe-the-style-outlets,Getafe The Style Outlets,getafe-the-style-outlets,"[""Getafe The Style Outlets"",""The Style Outlets Getafe""]",spain,getafe,"Avda. Río Guadalquivir, 15, 28906 Getafe, Madrid, Spain",40.2699,-3.6951,Mon-Sun 10:00 - 22:00; special days may vary,,[],Official current all stores directory available,0,0,"[""Tax Free Shopping"",""Tourist Discount Card"",""Free Wi-Fi"",""Electric Car Charging"",""Wheelchairs"",""Baby Cart Rental"",""Motorcycle Parking and Lockers"",""Gift Card"",""Storage"",""Safe Kids"",""Nursing Rooms"",""WhatsApp Chat"",""Pets Allowed""]",true,https://getafe.thestyleoutlets.es/en,,https://www.google.com/maps/search/?api=1&query=Getafe%20The%20Style%20Outlets%2C%20Avda.%20R%C3%ADo%20Guadalquivir%2015%2C%20Getafe%2C%20Spain,http://maps.apple.com/?q=Getafe%20The%20Style%20Outlets&address=Avda.%20R%C3%ADo%20Guadalquivir%2015%2C%20Getafe%2C%20Spain,https://yandex.com/maps/?text=Getafe%20The%20Style%20Outlets%2C%20Avda.%20R%C3%ADo%20Guadalquivir%2015%2C%20Getafe%2C%20Spain,active,17,"{""name"":""Madrid City Centre"",""distanceKm"":17,""recommendedRoute"":""Use current official map directions to Avda. Río Guadalquivir, 15.""}","[{""code"":""MAD"",""name"":""Adolfo Suárez Madrid-Barajas Airport"",""distanceKm"":25}]",,,25,"Official Tax Free Shopping page says non-EU residents should request the Tax-Free form in participating stores or use Global Blue Mobile Customer Care, validate at customs, and send the stamped form to the provider.",Getafe The Style Outlets,"[""CAFÉ Y TE"",""FIVE GUYS"",""HARRY THE COFFEE COLLECTIVE"",""RODILLA"",""THE CHATTER CAFÉ""]",Official visitor pages include parking information; services include motorcycle parking and lockers. Check official parking page for current car-parking details.,,https://getafe.thestyleoutlets.es/en,21,70.01 EUR on a single receipt,,,0,Global Blue / Tax Refund for Tourists / Premier Tax Free / Tax Free VAT Refund Service for Tourists,Adolfo Suárez Madrid-Barajas Airport • 25 km,Madrid City Centre • 17 km
san-sebastian-de-los-reyes-the-style-outlets,San Sebastián de los Reyes The Style Outlets,san-sebastian-de-los-reyes-the-style-outlets,"[""San Sebastián de los Reyes The Style Outlets"",""SS de los Reyes The Style Outlets"",""The Style Outlets San Sebastián de los Reyes""]",spain,san-sebastian-de-los-reyes,"C/ Salvador de Madariaga, s/n, 28702 San Sebastián de los Reyes, Madrid, Spain",40.5464,-3.6067,Mon-Sun 10:00 - 22:00; special days may vary,,[],Official current all stores directory available; official tourism page says over 80 brands,0,0,"[""Tax Free Shopping"",""Parking"",""Visitor Services"",""Restaurants & Cafes"",""Transport Info"",""Tourist Services""]",true,https://ss-de-los-reyes.thestyleoutlets.es/en,,https://www.google.com/maps/search/?api=1&query=San%20Sebasti%C3%A1n%20de%20los%20Reyes%20The%20Style%20Outlets%2C%20C%2F%20Salvador%20de%20Madariaga%2C%20Spain,http://maps.apple.com/?q=San%20Sebasti%C3%A1n%20de%20los%20Reyes%20The%20Style%20Outlets&address=C%2F%20Salvador%20de%20Madariaga%2C%2028702%20San%20Sebasti%C3%A1n%20de%20los%20Reyes%2C%20Spain,https://yandex.com/maps/?text=San%20Sebasti%C3%A1n%20de%20los%20Reyes%20The%20Style%20Outlets%2C%20C%2F%20Salvador%20de%20Madariaga%2C%20Spain,active,20,"{""name"":""Madrid City Centre"",""distanceKm"":20,""recommendedRoute"":""Use current official map directions to C/ Salvador de Madariaga.""}","[{""code"":""MAD"",""name"":""Adolfo Suárez Madrid-Barajas Airport"",""distanceKm"":10}]",,,10,"Official tourism page says Tax Free shopping is available in stores; confirm participating stores, refund provider, minimum spend, and customs process at the centre.",San Sebastián de los Reyes The Style Outlets,"[""FIVE GUYS"",""GROSSO NAPOLETANO"",""STARBUCKS COFFEE"",""THE CHATTER CAFÉ""]",Official visitor pages include parking information; check the official parking page for current details.,,https://ss-de-los-reyes.thestyleoutlets.es/en,21,Not officially verified,,,0,Not officially verified,Adolfo Suárez Madrid-Barajas Airport • 10 km,Madrid City Centre • 20 km
coruna-the-style-outlets,Coruña The Style Outlets,coruna-the-style-outlets,"[""Coruña The Style Outlets"",""Coruna The Style Outlets"",""A Coruña The Style Outlets"",""The Style Outlets Coruña"",""The Style Outlets Coruna""]",spain,a-coruna,"Avenida de Alvedro, 5, Nacional 550 km 9.5, 15189 Culleredo, A Coruña, Spain",43.3026,-8.3794,Mon-Sat 10:00 - 21:00; Sun closed,,[],Over 50 stores,0,0,"[""Parking"",""Free Wi-Fi"",""Free Storage"",""Nursing Rooms"",""Amazon Lockers"",""Umbrella Service"",""Electric Car Charging"",""Wheelchair Loan"",""Gift Card"",""Motorcycle Parking"",""WhatsApp Services"",""Pet Friendly""]",false,https://coruna.thestyleoutlets.es/en,,https://www.google.com/maps/search/?api=1&query=Coru%C3%B1a%20The%20Style%20Outlets%2C%20Avenida%20de%20Alvedro%205%2C%2015189%20Culleredo%2C%20A%20Coru%C3%B1a%2C%20Spain,http://maps.apple.com/?q=Coru%C3%B1a%20The%20Style%20Outlets&address=Avenida%20de%20Alvedro%205%2C%2015189%20Culleredo%2C%20A%20Coru%C3%B1a%2C%20Spain,https://yandex.com/maps/?text=Coru%C3%B1a%20The%20Style%20Outlets%2C%20Avenida%20de%20Alvedro%205%2C%2015189%20Culleredo%2C%20A%20Coru%C3%B1a%2C%20Spain,active,10,"{""name"":""A Coruña City Centre"",""distanceKm"":10,""recommendedRoute"":""Official operator information says the centre is 10 minutes from A Coruña city centre and less than 3 minutes from A Coruña airport.""}","[{""code"":""LCG"",""name"":""A Coruña Airport"",""distanceKm"":3}]",,,3,"No official outlet/operator tax-free service page, refund provider, or desk information was verified for this outlet. Eligible visitors should confirm directly with individual stores before purchase.",Coruña The Style Outlets,"[""LLAOLLAO"",""BURGER KING"",""PANARIA""]",Official centre navigation includes Parking and official services list free parking.,,https://coruna.thestyleoutlets.es/en,21,0.01 EUR,,,12,Not officially verified,A Coruña Airport • 3 km,A Coruña City Centre • 10 km
sambil-madrid,Sambil Madrid,sambil-madrid,"[""Sambil Outlet"",""Sambil Outlet Madrid"",""Centro Comercial Sambil Leganés""]",spain,madrid,"Calle de Mondragón s/n, 28917 Leganés, Madrid, Spain",40.3355,-3.7379,Mon-Sat 09:00 - 22:00; Sun and holidays 09:00 - 21:00; leisure and restaurants have separate hours,,[],Official current store directory available,0,0,"[""Parking"",""Restaurants & Cafes"",""Leisure"",""Cinema"",""Accessibility""]",false,https://sambiloutlet.es/,,https://www.google.com/maps/search/?api=1&query=Sambil%20Madrid%2C%20Legan%C3%A9s%2C%20Madrid%2C%20Spain,http://maps.apple.com/?q=Sambil%20Madrid&address=Legan%C3%A9s%2C%20Madrid%2C%20Spain,https://yandex.com/maps/?text=Sambil%20Madrid%2C%20Legan%C3%A9s%2C%20Madrid%2C%20Spain,active,12,"{""name"":""Madrid City Centre"",""distanceKm"":12,""recommendedRoute"":""Use current official map directions to Sambil Madrid in Leganés.""}","[{""code"":""MAD"",""name"":""Adolfo Suárez Madrid-Barajas Airport"",""distanceKm"":28}]",,,28,No official outlet/operator tax-free desk or specific tax-free operator information was verified for this centre. Eligible visitors should confirm directly with individual stores before purchase.,,"[""100 Montaditos"",""Acadios Kebab"",""Anubis Coctelería"",""Burger King"",""Candy Candy"",""El Reino Asador"",""Pure & Bowl""]",Official centre pages include visitor information for the centre; confirm current parking details on the official website before visiting.,,,21,0.01 EUR,,,12,Not officially verified,,
designer-outlet-roermond,Designer Outlet Roermond,designer-outlet-roermond,,netherlands,amsterdam,"Stadsweide 2, 6041 TD Roermond, Netherlands",51.1994,5.9883,Mon-Fri 10:00 - 20:00; Sat-Sun 09:00 - 21:00,,[],Over 200 designer brands,4.6,0,"[""Parking"",""Tax Free"",""Guest Services"",""Restaurants & Cafes"",""Transport Info"",""Wi-Fi"",""Gift Cards"",""Accessibility"",""Kids Area"",""Personal Shopping""]",true,https://www.mcarthurglen.com/en/outlets/nl/designer-outlet-roermond/,,https://maps.google.com/?q=Designer+Outlet+Roermond%2C+Stadsweide+2%2C+6041+TD+Roermond%2C+Netherlands,http://maps.apple.com/?q=Designer+Outlet+Roermond&address=Stadsweide+2%2C+6041+TD+Roermond%2C+Netherlands,https://yandex.com/maps/?text=Designer%20Outlet%20Roermond%2C%20Stadsweide%202%2C%206041%20TD%20Roermond%2C%20Netherlands,active,180,"{""name"":""Amsterdam City Centre"",""distanceKm"":180,""recommendedRoute"":""Train to Roermond, then walk 10-15 minutes""}","[{""code"":""EIN"",""name"":""Eindhoven Airport"",""distanceKm"":60},{""code"":""DUS"",""name"":""Düsseldorf Airport"",""distanceKm"":65},{""code"":""AMS"",""name"":""Amsterdam Schiphol Airport"",""distanceKm"":180}]",,,60,"Eligible non-EU visitors can request a tax refund form in participating stores when spending at least €50 in the same store on the same day. Guest Services, next to Polo Ralph Lauren, can assist with refund options before customs validation when leaving the EU.",,"[""Chez Margot"",""Cinnamood"",""Crêpes"",""Döner Kebab"",""Dunkin'"",""Frankie's Churros"",""Frites Boutique"",""Go To Italiano"",""Käfer"",""Kamps"",""Kamps To Go"",""La Place"",""La Place Cuisine"",""La Place Express"",""Le Pain Quotidien"",""Lindt"",""Macarons"",""MADAQ"",""McDonald's"",""MOOD to go"",""Oakberry"",""Pizzeria Positano On Wheels"",""Pommes Frites"",""Starbucks"",""Starbucks To Go"",""Sweet Avenue"",""The Burger Federation"",""Wagamama"",""Wurzt"",""YoYo Fresh Tea""]",Official outlet services list visitor parking; check the official outlet website for current parking details.,"[{""name"":""Roermond City Centre"",""distanceKm"":1},{""name"":""Düsseldorf"",""distanceKm"":65}]",,21,50.00 EUR,,,12,Global Blue / EU customs validation,,
designer-outlet-roosendaal,Designer Outlet Roosendaal,designer-outlet-roosendaal,,netherlands,rotterdam,"Rosada 70, 4703 TB Roosendaal, Netherlands",51.5365,4.4777,Mon-Sun 10:00 - 20:00,,[],Over 100 brands,4.4,0,"[""Parking"",""Tax Free"",""Guest Services"",""Restaurants & Cafes"",""Transport Info"",""Wi-Fi"",""Gift Cards"",""Accessibility"",""Kids Area"",""Personal Shopping""]",true,https://www.mcarthurglen.com/en/outlets/nl/designer-outlet-roosendaal/,,https://maps.google.com/?q=Designer+Outlet+Roosendaal%2C+Rosada+70%2C+4703+TB+Roosendaal%2C+Netherlands,http://maps.apple.com/?q=Designer+Outlet+Roosendaal&address=Rosada+70%2C+4703+TB+Roosendaal%2C+Netherlands,https://yandex.com/maps/?text=Designer%20Outlet%20Roosendaal%2C%20Rosada%2070%2C%204703%20TB%20Roosendaal%2C%20Netherlands,active,65,"{""name"":""Rotterdam City Centre"",""distanceKm"":65,""recommendedRoute"":""Train to Roosendaal, then local bus or taxi""}","[{""code"":""RTM"",""name"":""Rotterdam The Hague Airport"",""distanceKm"":65},{""code"":""AMS"",""name"":""Amsterdam Schiphol Airport"",""distanceKm"":115},{""code"":""BRU"",""name"":""Brussels Airport"",""distanceKm"":105}]",,,65,Eligible non-EU visitors can request a tax refund form in participating stores when spending at least €50 in the same store on the same day. Guest Services can assist with refund options before customs validation when leaving the EU.,,"[""Bonton"",""Casa del Caffè"",""Daan's Churros"",""Dunkin'"",""Frites Atelier"",""La Place"",""Lindt"",""Per Tutti""]",Official outlet services list visitor parking; check the official outlet website for current parking details.,"[{""name"":""Roosendaal City Centre"",""distanceKm"":3},{""name"":""Antwerp"",""distanceKm"":45}]",,21,50.00 EUR,,,12,Global Blue / EU customs validation,,
amsterdam-the-style-outlets,Amsterdam The Style Outlets,amsterdam-the-style-outlets,,netherlands,amsterdam,"SugarCity Ring 1, 1165 PB Halfweg, Netherlands",52.3842,4.7511,Mon-Thu 10:00 - 18:00; Fri-Sun 10:00 - 20:00,,[],Over 80 brands,0,0,"[""Tax refund"",""Information point"",""Gift card"",""Free WiFi"",""Electric car charging points"",""Pet friendly area"",""Borrow an umbrella"",""Borrow a phone charger"",""Luggage storage"",""Borrow a wheelchair"",""Taxi Stand"",""ATM"",""DHL ServicePoint""]",true,https://amsterdam.thestyleoutlets.nl/en,,https://www.google.com/maps/search/?api=1&query=Amsterdam%20The%20Style%20Outlets%2C%20SugarCity%20Ring%201%2C%201165%20PB%20Halfweg%2C%20Netherlands,http://maps.apple.com/?q=Amsterdam%20The%20Style%20Outlets&address=SugarCity%20Ring%201%2C%201165%20PB%20Halfweg%2C%20Netherlands,https://yandex.com/maps/?text=Amsterdam%20The%20Style%20Outlets%2C%20SugarCity%20Ring%201%2C%201165%20PB%20Halfweg%2C%20Netherlands,active,17,"{""name"":""Amsterdam City Centre"",""distanceKm"":17,""recommendedRoute"":""Use current official map directions.""}","[{""code"":""AMS"",""name"":""Amsterdam Schiphol Airport"",""distanceKm"":17}]",,,17,Official tourism information says tax refunds are available at the infopoint; no specific refund operator was verified from official outlet/operator sources.,Amsterdam The Style Outlets,"[""COFFEE FELLOWS"",""POMMES FRITES"",""SELVA ORO"",""STARBUCKS"",""THE BURGER FEDERATION""]","Official parking information lists more than 1,470 covered parking spaces below the centre, including 40 electric charging spots, plus another 750 outdoor spaces next to it.",,https://amsterdam.thestyleoutlets.nl/en,21,50 EUR,,,13,Not officially verified,Amsterdam Schiphol Airport • 17 km,Amsterdam City Centre • 17 km
batavia-stad-fashion-outlet,Batavia Stad Fashion Outlet,batavia-stad-fashion-outlet,,netherlands,lelystad,"Bataviaplein 60, 8242 PN Lelystad, Netherlands",52.5226,5.4397,Mon-Fri 10:00 - 18:00; Sat-Sun 10:00 - 20:00; special opening hours may apply,,[],250+ brands,0,0,"[""Tax Refund"",""Information Centre"",""Parking"",""WiFi"",""Luggage"",""Shopping Guide"",""Charging point cars"",""Payment options"",""VIP Room"",""Gift card"",""Wheelchair-friendly"",""Dogs"",""Groups"",""Powerbank"",""Flying Blue""]",true,https://www.bataviastad.nl/en,,https://www.google.com/maps/search/?api=1&query=Batavia%20Stad%20Fashion%20Outlet%2C%20Bataviaplein%2060%2C%208242%20PN%20Lelystad%2C%20Netherlands,http://maps.apple.com/?q=Batavia%20Stad%20Fashion%20Outlet&address=Bataviaplein%2060%2C%208242%20PN%20Lelystad%2C%20Netherlands,https://yandex.com/maps/?text=Batavia%20Stad%20Fashion%20Outlet%2C%20Bataviaplein%2060%2C%208242%20PN%20Lelystad%2C%20Netherlands,active,60,"{""name"":""Amsterdam City Centre"",""distanceKm"":60,""recommendedRoute"":""Use current official map directions.""}","[{""code"":""AMS"",""name"":""Amsterdam Schiphol Airport"",""distanceKm"":70}]",,,70,"Official amenities list Tax Refund, but no specific refund operator or outlet desk process was verified from official outlet/operator sources.",Batavia Stad Fashion Outlet,"[""Coffeecompany"",""De Ruyter Vis"",""Dunkin'"",""Ekmekci"",""Fashion Café"",""La Place"",""McDonald's"",""Salsa Shop"",""Starbucks"",""Subway"",""Twelve12""]",Official tourism information says parking is affordable and there are electric charging stations in the large car parks.,,https://www.bataviastad.nl/en,21,50 EUR,,,13,Not officially verified,Amsterdam Schiphol Airport • 70 km,Amsterdam City Centre • 60 km
factory-ursus,Factory Ursus,factory-ursus,,poland,warsaw,"Plac Czerwca 1976 r. 6, 02-495 Warszawa, Poland",52.1955,20.8842,Monday - Saturday 10:00 - 21:00; selected shopping Sundays 10:00 - 20:00; holidays may vary,,[],Over 100 outlet stores,0,0,"[""Free parking"",""EV charging station"",""Bike parking"",""Tax free"",""Playground"",""Parent and child room"",""Centre map"",""Tourist information""]",false,https://ursus.factory.pl/en,,https://www.google.com/maps/search/?api=1&query=Factory%20Ursus%2C%20Plac%20Czerwca%201976%20r.%206%2C%2002-495%20Warszawa%2C%20Poland,http://maps.apple.com/?q=Factory%20Ursus%2C%20Plac%20Czerwca%201976%20r.%206%2C%2002-495%20Warszawa%2C%20Poland,https://yandex.com/maps/?text=Factory%20Ursus%2C%20Plac%20Czerwca%201976%20r.%206%2C%2002-495%20Warszawa%2C%20Poland,active,10,"{""name"":""Warsaw City Centre"",""distanceKm"":10,""recommendedRoute"":""Use official Warsaw public transport or drive via live map directions to Plac Czerwca 1976 r. 6.""}","[{""code"":""WAW"",""name"":""Warsaw Chopin Airport"",""distanceKm"":8}]",,,8,No official outlet/operator tax-free desk or specific tax-free operator information was verified for this outlet. Eligible visitors should confirm directly with individual stores before purchase.,,"[""Costa Coffee"",""Gorąco Polecam"",""Love It"",""So Coffee""]",888 car parking spaces and 28 bicycle parking spaces.,[],,23,200 PLN,,,12,Not officially verified,,
factory-annopol,Factory Annopol,factory-annopol,,poland,warsaw,"Annopol 2, 03-236 Warszawa, Poland",52.3038,21.0232,Monday - Saturday 10:00 - 21:00; selected shopping Sundays 10:00 - 20:00; holidays may vary,,[],More than 100 outlet stores,0,0,"[""Free parking"",""EV charging station"",""Bike parking"",""Veturilo station"",""Tax free"",""Playground"",""Parent and child room"",""Centre map""]",false,https://annopol.factory.pl/en,,https://www.google.com/maps/search/?api=1&query=Factory%20Annopol%2C%20Annopol%202%2C%2003-236%20Warszawa%2C%20Poland,http://maps.apple.com/?q=Factory%20Annopol%2C%20Annopol%202%2C%2003-236%20Warszawa%2C%20Poland,https://yandex.com/maps/?text=Factory%20Annopol%2C%20Annopol%202%2C%2003-236%20Warszawa%2C%20Poland,active,11,"{""name"":""Warsaw City Centre"",""distanceKm"":11,""recommendedRoute"":""Use Metro M2 toward Bródno plus a short walk or local tram/bus, or drive via live map directions to Annopol 2.""}","[{""code"":""WAW"",""name"":""Warsaw Chopin Airport"",""distanceKm"":18},{""code"":""WMI"",""name"":""Warsaw Modlin Airport"",""distanceKm"":35}]",,,18,No official outlet/operator tax-free desk or specific tax-free operator information was verified for this outlet. Eligible visitors should confirm directly with individual stores before purchase.,,"[""Grycan Lody od Pokoleń"",""Popolo Pizza i Pasta"",""So Coffee"",""Sphinx""]","800 car parking spaces, 52 bicycle parking spaces and a Veturilo station.",[],,23,200 PLN,,,12,Not officially verified,,
wroclaw-fashion-outlet,Wrocław Fashion Outlet,wroclaw-fashion-outlet,,poland,wroclaw,"Graniczna 2, 54-610 Wrocław, Poland",51.109,16.887,Mon-Fri 10:00 - 21:00; Sat 09:00 - 21:00; selected Sundays closed,,[],100+ brands,0,0,"[""Free WIFI"",""Shop TAX FREE"",""Information Point"",""Electric Vehicle Charging Station"",""Gift card"",""Nearby parking spots"",""Dog Friendly"",""Parent and child room"",""Wheelchair friendly""]",true,https://www.wroclawfashionoutlet.com/en,,https://www.google.com/maps/search/?api=1&query=Wroc%C5%82aw%20Fashion%20Outlet%2C%20Graniczna%202%2C%2054-610%20Wroc%C5%82aw%2C%20Poland,http://maps.apple.com/?q=Wroc%C5%82aw%20Fashion%20Outlet&address=Graniczna%202%2C%2054-610%20Wroc%C5%82aw%2C%20Poland,https://yandex.com/maps/?text=Wroc%C5%82aw%20Fashion%20Outlet%2C%20Graniczna%202%2C%2054-610%20Wroc%C5%82aw%2C%20Poland,active,9,"{""name"":""Wrocław City Centre"",""distanceKm"":9,""recommendedRoute"":""Use direct tram or current official map directions.""}","[{""code"":""WRO"",""name"":""Wrocław Airport"",""distanceKm"":4}]",,,4,Official centre amenities list Shop TAX FREE; no specific refund operator or outlet desk process was verified from official outlet/operator sources.,Wrocław Fashion Outlet,"[""In Asia"",""Krasnolód"",""Pasibus"",""So! Coffee"",""Starbucks"",""Tutti Santi"",""Wagożercy""]",Official practical information lists Parking & Route at Graniczna 2 and nearby parking spots.,,https://www.wroclawfashionoutlet.com/en,23,200 PLN,,,14,Not officially verified,Wrocław Airport • 4 km,Wrocław City Centre • 9 km
designer-outlet-gdansk,Designer Outlet Gdańsk,designer-outlet-gdansk,"[""Designer Outlet Gdańsk"",""Designer Outlet Gdansk""]",poland,gdansk,"ul. Przywidzka 8, 80-174 Gdańsk, Poland",54.333,18.5753,Mon-Sat 09:00 - 21:00; shopping Sundays 09:00 - 20:00,,[],Official centre plan states 100 stores; operator reports more than 110 shops after the latest extension,0,0,"[""Tax Free"",""Disabled Services"",""Parking"",""Visitor Services""]",true,https://www.designeroutletgdansk.pl/en/,,https://www.google.com/maps/search/?api=1&query=Designer%20Outlet%20Gda%C5%84sk%2C%20ul.%20Przywidzka%208%2C%20Gda%C5%84sk%2C%20Poland,http://maps.apple.com/?q=Designer%20Outlet%20Gda%C5%84sk&address=ul.%20Przywidzka%208%2C%2080-174%20Gda%C5%84sk%2C%20Poland,https://yandex.com/maps/?text=Designer%20Outlet%20Gda%C5%84sk%2C%20ul.%20Przywidzka%208%2C%20Gda%C5%84sk%2C%20Poland,active,9,"{""name"":""Gdańsk City Centre"",""distanceKm"":9,""recommendedRoute"":""Use current official map directions to ul. Przywidzka 8.""}","[{""code"":""GDN"",""name"":""Gdańsk Lech Wałęsa Airport"",""distanceKm"":10}]",,,10,"Official tax-refund page says eligible non-EU tourists must spend at least 200 PLN including VAT, request a TAX FREE form from participating stores, and validate export with Customs; refunds may be handled by a tax-refund operator.",Designer Outlet Gdańsk,"[""Da Mere"",""Gorąco Polecam"",""Kebaya"",""Kuchnia Smaku"",""Papa Gyros"",""So Coffee"",""Thai Express""]",Official outlet access/service pages provide visitor parking information; check the official centre page for current details.,,https://www.designeroutletgdansk.pl/en/,23,200 PLN incl. VAT,,,0,Not officially verified,Gdańsk Lech Wałęsa Airport • 10 km,Gdańsk City Centre • 9 km
designer-outlet-sosnowiec,Designer Outlet Sosnowiec,designer-outlet-sosnowiec,"[""Designer Outlet Sosnowiec""]",poland,sosnowiec,"Orląt Lwowskich 138, 41-208 Sosnowiec, Poland",50.2954,19.1861,Mon-Sat 09:00 - 21:00; shopping Sundays may vary,,[],More than 100 fashion brands on the official outlet website,0,0,"[""ATM"",""Play Area"",""Free Wi-Fi"",""Restaurants and Cafes"",""Parent and Child Facilities"",""Information Point"",""Barrier-free Toilets"",""Tax Free"",""Electric Charging Stations""]",true,https://www.designeroutletsosnowiec.pl/en/,,https://www.google.com/maps/search/?api=1&query=Designer%20Outlet%20Sosnowiec%2C%20Orl%C4%85t%20Lwowskich%20138%2C%20Sosnowiec%2C%20Poland,http://maps.apple.com/?q=Designer%20Outlet%20Sosnowiec&address=Orl%C4%85t%20Lwowskich%20138%2C%2041-208%20Sosnowiec%2C%20Poland,https://yandex.com/maps/?text=Designer%20Outlet%20Sosnowiec%2C%20Orl%C4%85t%20Lwowskich%20138%2C%20Sosnowiec%2C%20Poland,active,10,"{""name"":""Sosnowiec City Centre"",""distanceKm"":10,""recommendedRoute"":""Use current official map directions to Orląt Lwowskich 138.""}","[{""code"":""KTW"",""name"":""Katowice Airport"",""distanceKm"":30}]",,,30,"Official tax-refund page says eligible non-EU tourists must spend at least 200 PLN including VAT, request a TAX FREE form from participating stores, and validate export with Customs; refunds may be handled by a tax-refund operator.",Designer Outlet Sosnowiec,"[""Thai Express"",""Kuchnia Smaku"",""So Coffee"",""Gorąco Polecam"",""Kebaya Kebab"",""Carte d'Or"",""Big Beef Burger""]",Official outlet access/service pages provide visitor parking information; check the official centre page for current details.,,https://www.designeroutletsosnowiec.pl/en/,23,200 PLN incl. VAT,,,0,Not officially verified,Katowice Airport • 30 km,Sosnowiec City Centre • 10 km
designer-outlet-warszawa,Designer Outlet Warszawa,designer-outlet-warszawa,"[""Designer Outlet Warszawa"",""Designer Outlet Warsaw""]",poland,piaseczno,"Puławska 42E, 05-500 Piaseczno, Poland",52.0817,21.0234,Mon-Sat 10:00 - 22:00; shopping Sundays 10:00 - 21:00,,[],Official centre plan states 130 stores; official website says more than 130 fashion brands,0,0,"[""Tax Free Refund"",""Shopping Cart Strollers"",""Parking"",""Visitor Services""]",true,https://www.designeroutletwarszawa.pl/en/,,https://www.google.com/maps/search/?api=1&query=Designer%20Outlet%20Warszawa%2C%20Pu%C5%82awska%2042E%2C%20Piaseczno%2C%20Poland,http://maps.apple.com/?q=Designer%20Outlet%20Warszawa&address=Pu%C5%82awska%2042E%2C%2005-500%20Piaseczno%2C%20Poland,https://yandex.com/maps/?text=Designer%20Outlet%20Warszawa%2C%20Pu%C5%82awska%2042E%2C%20Piaseczno%2C%20Poland,active,20,"{""name"":""Warsaw City Centre"",""distanceKm"":20,""recommendedRoute"":""Use current official map directions to Puławska 42E.""}","[{""code"":""WAW"",""name"":""Warsaw Chopin Airport"",""distanceKm"":15}]",,,15,"Official tax-refund page says eligible non-EU tourists must spend at least 200 PLN including VAT, request hard-copy or electronic tax-free documentation from participating stores, validate with Customs, and may receive refunds through providers such as Global Blue or Planet.",Designer Outlet Warszawa,"[""Green Caffè Nero"",""Gorąco Polecam"",""Kuchnia Smaku"",""Los Santos Bar"",""Subway"",""Thai Express"",""Vita Cafe""]",Official outlet news/service pages mention free parking; check the official centre page for current details.,,https://www.designeroutletwarszawa.pl/en/,23,200 PLN incl. VAT,,,0,Global Blue / Planet (examples named by official page),Warsaw Chopin Airport • 15 km,Warsaw City Centre • 20 km
freeport-lisboa-fashion-outlet,Freeport Lisboa Fashion Outlet,freeport-lisboa-fashion-outlet,,portugal,lisbon,"Avenida Euro 2004, 2890-154 Alcochete, Portugal",38.7549,-8.9418,Monday - Sunday 10:00 - 23:00; special dates may vary,,[],150+ Brands,0,0,"[""Tap Miles & Go"",""Tax Free w/ Immediate Refund"",""Freeport Outlet Shuttle"",""Parking"",""Shopping Assistance"",""Loan The Bag"",""Wi-Fi"",""WhatsApp"",""Pet Friendly""]",true,https://www.freeportfashionoutlet.pt/en,,"https://www.google.com/maps/search/?api=1&query=38.7549,-8.9418","http://maps.apple.com/?ll=38.7549,-8.9418&q=Freeport%20Lisboa%20Fashion%20Outlet","https://yandex.com/maps/?ll=-8.9418,38.7549&z=16&text=Freeport%20Lisboa%20Fashion%20Outlet",active,30,"{""name"":""Lisbon City Centre"",""distanceKm"":30,""recommendedRoute"":""Car or outlet shuttle""}","[{""code"":""LIS"",""name"":""Lisbon Airport"",""distanceKm"":25}]",,,25,Official outlet services list Tax Free with Immediate Refund; confirm participating stores and final refund conditions before purchase.,,"[""28"",""Basílico"",""Cañas y Tapas"",""Hamburgueria Portuguesa by Farnel"",""Lindt"",""Nairóbi"",""O Farnel"",""Portela"",""Sabores com Alma"",""Selfish with a Twist"",""Starbucks""]",Official services list parking; official practical information shows 2 parking locations.,"[{""name"":""Alcochete"",""distanceKm"":2},{""name"":""Lisbon"",""distanceKm"":30}]",,23,,,,,,,
vila-do-conde-porto-fashion-outlet,Vila do Conde Porto Fashion Outlet,vila-do-conde-porto-fashion-outlet,,portugal,porto,"Avenida Fonte Cova, 4485-592 Modivas, Vila do Conde, Portugal",41.3136,-8.7181,Monday - Sunday 10:00 - 23:00; special dates may vary,,[],150+ Brands,0,0,"[""Tap Miles & Go"",""Tax Free w/ Immediate Refund"",""Car Parking"",""WhatsApp"",""Shopping Assistance"",""Virtual Shopping"",""Loan The Bag"",""Pet Friendly""]",true,https://www.viladocondefashionoutlet.pt/en,,"https://www.google.com/maps/search/?api=1&query=41.3136,-8.7181","http://maps.apple.com/?ll=41.3136,-8.7181&q=Vila%20do%20Conde%20Porto%20Fashion%20Outlet","https://yandex.com/maps/?ll=-8.7181,41.3136&z=16&text=Vila%20do%20Conde%20Porto%20Fashion%20Outlet",active,30,"{""name"":""Porto City Centre"",""distanceKm"":30,""recommendedRoute"":""Metro, car or taxi""}","[{""code"":""OPO"",""name"":""Porto Airport"",""distanceKm"":15}]",,,15,Official outlet services list Tax Free with Immediate Refund; confirm participating stores and final refund conditions before purchase.,,"[""AndiAmo"",""Delfina"",""Duforno"",""H3"",""Pappa'Lab"",""Sibuya"",""Starbucks"",""Vila 953"",""Vitaminas""]",Official services list car parking; official accessibility information includes car parking.,"[{""name"":""Vila do Conde"",""distanceKm"":8},{""name"":""Porto"",""distanceKm"":30}]",,23,,,,,,,
fashion-house-outlet-centre-bucharest,FASHION HOUSE Outlet Centre Militari,fashion-house-outlet-centre-bucharest,,romania,bucharest,"Strada Comerțului nr. 7-13, Domnești, Ilfov, Romania",44.4364,25.9531,L-S: 10:00-21:00; D: 10:00-20:00,,[],Almost 60 outlet stores,0,0,"[""Parking"",""Restaurants & Cafes"",""Transport Info""]",false,https://fashionhouse.ro/militari/,,https://www.google.com/maps/search/?api=1&query=FASHION+HOUSE+Outlet+Centre+Militari,http://maps.apple.com/?q=FASHION%20HOUSE%20Outlet%20Centre%20Militari,https://yandex.com/maps/?text=FASHION%20HOUSE%20Outlet%20Centre%20Militari,active,13,"{""name"":""Bucharest City Centre"",""distanceKm"":13,""recommendedRoute"":""Drive west from Bucharest toward West Park Retail Militari on the A1 corridor.""}","[{""code"":""OTP"",""name"":""Henri Coandă International Airport"",""distanceKm"":25}]",,,25,No official outlet tax-free desk or operator information was verified for this centre.,,"[""5 To Go"",""Maroon"",""Shan-Xi Food & Coffee"",""TED’s Coffee CO""]",Parking is available at FASHION HOUSE Outlet Centre Militari; official/operator wording for capacity was not verified.,,,19,Not verified,,,0,Not verified,,
fashion-house-outlet-centre-pallady,FASHION HOUSE Outlet Centre Pallady,fashion-house-outlet-centre-pallady,"[""FASHION HOUSE Pallady"",""Fashion House Outlet Centre Pallady"",""Outlet Pallady"",""Fashion House București Pallady""]",romania,bucharest,"Intrarea pe A2, km 15, Cernica, Ilfov, Romania",44.4055,26.2072,L-V: 10:00-21:00; S-D: 10:00-22:00,,[],Official current brand directory available,0,0,"[""Parking"",""Restaurants & Cafes"",""Transport Info""]",false,https://fashionhouse.ro/pallady/,,https://www.google.com/maps/search/?api=1&query=FASHION%20HOUSE%20Outlet%20Centre%20Pallady,http://maps.apple.com/?q=FASHION%20HOUSE%20Outlet%20Centre%20Pallady,https://yandex.com/maps/?text=FASHION%20HOUSE%20Outlet%20Centre%20Pallady,active,15,"{""name"":""Bucharest City Centre"",""distanceKm"":15,""recommendedRoute"":""Drive east from Bucharest toward the A2 corridor and Cernica.""}","[{""code"":""OTP"",""name"":""Henri Coandă International Airport"",""distanceKm"":30}]",,,30,No official outlet tax-free desk or operator information was verified for this centre.,,"[""FORNETTI"",""Maroon Restaurant""]",Parking is available at FASHION HOUSE Outlet Centre Pallady; official/operator wording for capacity was not verified.,,,19,Not verified,,,0,Not verified,,
ringsted-outlet,Ringsted Designer Outlet,ringsted-outlet,,denmark,ringsted,"Klosterparks Allé 1, 4100 Ringsted, Denmark",55.453,11.7874,Monday - Sunday 10:00 - 19:00; public holidays and special dates may vary,,[],52 flagship outlets and 3 restaurants,0,0,"[""Free parking"",""EV charging station"",""Restaurant/Café"",""Activities for children"",""Coach parking"",""Accessible toilets"",""Baby Lounge"",""Defibrillator"",""Lost & found"",""Dogs welcome in common areas""]",false,https://ringsteddesigneroutlet.dk/en/,,"https://www.google.com/maps/search/?api=1&query=55.4530,11.7874","http://maps.apple.com/?ll=55.4530,11.7874&q=Ringsted%20Designer%20Outlet","https://yandex.com/maps/?ll=11.7874,55.4530&z=16&text=Ringsted%20Designer%20Outlet",active,65,"{""name"":""Copenhagen City Centre"",""distanceKm"":65,""recommendedRoute"":""Train to Ringsted or car via E20""}","[{""code"":""CPH"",""name"":""Copenhagen Airport"",""distanceKm"":65}]",,,65,No official outlet/operator tax-free desk or specific tax-free operator information was verified for this outlet. Eligible visitors should confirm directly with individual stores before purchase.,,"[""Espresso House"",""McDonald's"",""The Burger""]",872 parking spaces.,"[{""name"":""Ringsted"",""distanceKm"":2},{""name"":""Copenhagen"",""distanceKm"":65}]",,25,300.00 DKK,,,12,Not officially verified,,
t1-tallinn-outlet,T1 Tallinn Outlet,t1-tallinn-outlet,,estonia,tallinn,"Peterburi tee 2, 11415 Tallinn, Estonia",59.4215,24.7936,Shops Mon–Sun: 10-20,,[],16 outlet shops,0,0,"[""Parking"",""Restaurants & Cafes"",""Transport Info"",""Gift Cards"",""Accessibility"",""EV Charging"",""ATMs"",""Storage Lockers"",""Bicycle Storage""]",false,https://t1tallinn.com/en/shop-category/outlet-en/,,https://www.google.com/maps/search/?api=1&query=T1+Tallinn+Outlet,http://maps.apple.com/?q=T1%20Tallinn%20Outlet,https://yandex.com/maps/?text=T1%20Tallinn%20Outlet,active,4,"{""name"":""Tallinn City Centre"",""distanceKm"":4,""recommendedRoute"":""Follow official T1 how-to-get-here guidance via Peterburi tee.""}","[{""code"":""TLL"",""name"":""Tallinn Airport"",""distanceKm"":2}]",,,2,No official outlet tax-free desk or operator information was verified for T1 Tallinn Outlet.,,"[""Bad Habits"",""Boost Juice Bar"",""Claudz – family restaurant and café"",""Crudo Pizza & Pasta"",""Döner HeseKebab® & Gyros"",""Garage Sushi & Burger"",""Hesburger"",""Monk Restoran"",""MUMM Lounge baar"",""OSAY Bubble Tea"",""Pann & Kook"",""Panorama Lounge"",""Pelm Deli"",""Pelmen Käsitöö Kohvik"",""Puffid Bakery"",""Restoran Pelm"",""Restoran RIBI"",""Robert’s Coffee"",""SÜSI Grill & Chill"",""TOKUMARU"",""Zumin Lounge resto""]",T1 provides visitor parking information from its official Parking page; the centre also lists underground bicycle storage and 51 paid electric car charging points.,,,24,Not verified,,,0,Not verified,,
maasmechelen-village,Maasmechelen Village,maasmechelen-village,,belgium,maasmechelen,"Zetellaan 100, 3630 Maasmechelen, Belgium",50.9862,5.6995,10:00 - 19:00; selected restaurants and special dates may vary,,[],100+ Boutiques,4.6,0,"[""Complimentary Parking"",""Electric Car Charging"",""Tax Free"",""Guest Services"",""Restaurants & Cafes"",""Shopping Express"",""Wi-Fi"",""Gift Cards"",""Accessibility"",""Personal Shopping"",""Hands-free Shopping""]",true,https://www.thebicestercollection.com/maasmechelen-village/en,,https://www.google.com/maps/search/?api=1&query=Maasmechelen+Village+Zetellaan+100+3630+Maasmechelen,http://maps.apple.com/?q=Maasmechelen+Village%20Zetellaan%20100%203630%20Maasmechelen,https://yandex.com/maps/?text=Maasmechelen%20Village%20Zetellaan%20100%203630%20Maasmechelen,active,95,"{""name"":""Brussels City Centre"",""distanceKm"":95,""recommendedRoute"":""Shopping Express, car, or train to Genk plus De Lijn bus 45""}","[{""code"":""BRU"",""name"":""Brussels Airport"",""distanceKm"":95},{""code"":""MST"",""name"":""Maastricht Aachen Airport"",""distanceKm"":20}]",,,95,Eligible non-EU visitors may request tax-free documentation in participating boutiques and validate documents before leaving the EU.,,"[""Cho Gao"",""Churros & More"",""Izy Coffee"",""Le Pain Quotidien"",""Le Petit Belge"",""Le Spritzz""]",Official outlet services list visitor parking; check the official outlet website for current parking details.,"[{""name"":""Maastricht"",""distanceKm"":20},{""name"":""Genk"",""distanceKm"":18}]",,21,125.00 EUR,,,12,Global Blue / Planet,,
designer-outlet-luxembourg,Designer Outlet Luxembourg,designer-outlet-luxembourg,,belgium,messancy,"Route d'Arlon 199, 6780 Messancy, Belgium",49.6083,5.81,Mon-Thu 10:00 - 19:00; Fri-Sat 10:00 - 20:00; Sundays 5 and 12 July 10:00 - 19:00; closed Sunday and bank holidays otherwise; Hoppy restaurant Mon-Thu until 22:00 and Fri-Sat until midnight,,[],60+ Designer Brands,4.3,0,"[""Parking"",""Tax Free"",""Guest Services"",""Restaurants & Cafes"",""Transport Info"",""Wi-Fi"",""Gift Cards"",""Accessibility""]",false,https://www.designeroutletluxembourg.com/en/,,https://www.google.com/maps/search/?api=1&query=Designer+Outlet+Luxembourg+Route+d%27Arlon+199+6780+Messancy,http://maps.apple.com/?q=Designer%20Outlet%20Luxembourg&address=Route%20d%27Arlon%20199%2C%206780%20Messancy%2C%20Belgium,https://yandex.com/maps/?text=Designer%20Outlet%20Luxembourg%2C%20Route%20d%27Arlon%20199%2C%206780%20Messancy,active,25,"{""name"":""Luxembourg City Centre"",""distanceKm"":25,""recommendedRoute"":""Car via the A6/E25 toward Messancy""}","[{""code"":""LUX"",""name"":""Luxembourg Airport"",""distanceKm"":30}]",,,30,No official outlet/operator tax-free desk or specific tax-free operator information was verified for this outlet. Eligible visitors should confirm directly with individual stores before purchase.,,"[""Crêpes & Co"",""El Pepper"",""Hoppy restaurant""]",Official centre navigation includes parking information for visitors at the Messancy outlet.,"[{""name"":""Messancy"",""distanceKm"":2},{""name"":""Arlon"",""distanceKm"":8}]",,21,125.00 EUR,,,12,Not officially verified,,
ros-designer-outlet,Designer Outlet Croatia,ros-designer-outlet,,croatia,zagreb,"Alfreda Nobela 4, Sop, 10361 Sesvete - Kraljevec, Croatia",45.7875,16.169,Monday - Saturday 10:00 - 21:00,,[],Over 100 Fashion & Lifestyle Brands,0,0,"[""Restaurants"",""CLOAKROOM SERVICE"",""Café"",""CELL PHONE CHARGER RENTAL"",""TOILETS"",""BARRIER FREE TOILETS"",""Info Centre"",""Wheelchair rent"",""GIFT CARDS"",""FREE PARKING"",""CHILDREN’S PLAYGROUND""]",true,https://www.designeroutletcroatia.com/en/,,"https://www.google.com/maps/search/?api=1&query=45.7875,16.1690","http://maps.apple.com/?ll=45.7875,16.1690&q=Designer%20Outlet%20Croatia","https://yandex.com/maps/?ll=16.1690,45.7875&z=16&text=Designer%20Outlet%20Croatia",active,22,"{""name"":""Zagreb City Centre"",""distanceKm"":22,""recommendedRoute"":""Car via Slavonska avenija or IKEA bus from Savska ulica""}","[{""code"":""ZAG"",""name"":""Zagreb Airport"",""distanceKm"":18}]",,,18,Eligible non-EU visitors should request tax-free forms at participating stores and validate documents when leaving the EU.,,"[""Mlinar caffe""]",FREE PARKING,"[{""name"":""Sesvete"",""distanceKm"":8},{""name"":""Zagreb"",""distanceKm"":22}]",,25,EUR 100,,,13,Global Blue,,
premier-outlet-budapest,Premier Outlet Budapest,premier-outlet-budapest,,hungary,budapest,"Budaörsi út 4, 2051 Biatorbágy, Hungary",47.4599,18.9028,Monday - Sunday 10:00 - 20:00,,[],over 150 fashion brands up to 70% off,0,0,"[""WC"",""Free Wifi"",""Lockers"",""Café"",""Kids Playground"",""Infopoint""]",true,https://www.premieroutlet.hu/en/,,"https://www.google.com/maps/search/?api=1&query=47.4599,18.9028","http://maps.apple.com/?ll=47.4599,18.9028&q=Premier%20Outlet%20Budapest","https://yandex.com/maps/?ll=18.9028,47.4599&z=16&text=Premier%20Outlet%20Budapest",active,20,"{""name"":""Budapest City Centre"",""distanceKm"":20,""recommendedRoute"":""Car via M1/M7 or regional bus connections from Kelenföld""}","[{""code"":""BUD"",""name"":""Budapest Ferenc Liszt International Airport"",""distanceKm"":37}]",,,37,Request a Global Blue Tax-Free Form at participating stores; get customs validation when leaving the EU and claim the refund at Global Blue refund offices or Interchange at Budapest Airport.,,"[""Chimichanga"",""Churros Banditos"",""KFC"",""La Petite Anna"",""Ropogó"",""Starbucks"",""Subway"",""Vicino"",""Wok Bar""]",Free customer parking is available on site.,"[{""name"":""Biatorbágy"",""distanceKm"":3},{""name"":""Budapest"",""distanceKm"":20}]",,27,"HUF 68,001",,,15,Global Blue,,
designer-outlet-athens,Designer Outlet Athens,designer-outlet-athens,,greece,spata,"Oikodomiko Tetragono E71, Spata 190 04, Greece",37.9815,23.9107,Department stores Mon-Fri 10:00 - 21:00; Sat 10:00 - 20:00; Sun 11:00 - 20:00; coffee shops daily 09:00 - 22:00; restaurants Mon-Sat 12:00 - 22:00; Sun 12:00 - 20:00,,[],100+ Brands,4.5,0,"[""Parking"",""Tax Free"",""Guest Services"",""Restaurants & Cafes"",""Transport Info"",""Wi-Fi"",""Gift Cards"",""Accessibility"",""ATM"",""Kids Area""]",false,https://designeroutletathens.gr/en,,https://www.google.com/maps/search/?api=1&query=Designer+Outlet+Athens+Oikodomiko+Tetragono+E71+Spata+19004,http://maps.apple.com/?q=Designer%20Outlet%20Athens&address=Oikodomiko%20Tetragono%20E71%2C%20Spata%20190%2004%2C%20Greece,https://yandex.com/maps/?text=Designer%20Outlet%20Athens%2C%20Oikodomiko%20Tetragono%20E71%2C%20Spata%20190%2004,active,25,"{""name"":""Athens City Centre"",""distanceKm"":25,""recommendedRoute"":""Car or public transport via Spata / Smart Park area""}","[{""code"":""ATH"",""name"":""Athens International Airport"",""distanceKm"":10}]",,,10,No official outlet/operator tax-free desk or specific tax-free operator information was verified for this outlet. Eligible visitors should confirm directly with individual stores before purchase.,,"[""Everest Exclusive"",""Goody's Burger House"",""Il Barretto"",""Ιt’s All Greek"",""La Pasteria"",""Mikel Coffee"",""Nueces"",""Petite Fleur"",""Starbucks®""]",Official directions and centre information identify onsite visitor access at the outlet address; parking availability should be confirmed on arrival.,"[{""name"":""Spata"",""distanceKm"":3},{""name"":""Athens International Airport"",""distanceKm"":10}]",,24,50.00 EUR,,,12,Not officially verified,,
kildare-village,Kildare Village,kildare-village,,ireland,kildare,"Nurney Road, Kildare Town, Co. Kildare, R51 R265, Ireland",53.1548,-6.9149,Daily 09:00 - 20:00; special dates may vary,,[],100+ leading luxury boutiques,4.6,0,"[""Complimentary Parking"",""Valet Parking"",""Electric Car Charging"",""Tax Free"",""Guest Services"",""Restaurants & Cafes"",""Shopping Express"",""Wi-Fi"",""Gift Cards"",""Accessibility"",""Hands-free Shopping"",""Personal Shopping"",""Dog Kennels"",""Children's Playground""]",true,https://www.thebicestercollection.com/kildare-village/en/,,https://www.google.com/maps/search/?api=1&query=Kildare+Village+Nurney+Road+Kildare+Town+Co.+Kildare+R51+R265,http://maps.apple.com/?q=Kildare%20Village&address=Nurney%20Road%2C%20Kildare%20Town%2C%20Co.%20Kildare%2C%20R51%20R265%2C%20Ireland,https://yandex.com/maps/?text=Kildare%20Village%2C%20Nurney%20Road%2C%20Kildare%20Town%2C%20Co.%20Kildare%2C%20R51%20R265,active,60,"{""name"":""Dublin City Centre"",""distanceKm"":60,""recommendedRoute"":""Car via the M7 or Shopping Express / coach connections""}","[{""code"":""DUB"",""name"":""Dublin Airport"",""distanceKm"":65}]",,,65,Eligible non-EU visitors can request tax-free documentation in participating boutiques and validate export documents when leaving the EU.,,"[""Mani Pizza"",""Oakberry"",""Pret A Manger"",""Saba"",""Sprout & Co.""]",All parking at Kildare Village is complimentary. Pre-booking or reserved parking is not available to guests at this time.,"[{""name"":""Kildare Town"",""distanceKm"":1},{""name"":""Dublin"",""distanceKm"":60}]",,23,75.00 EUR,,,12,Participating boutiques / EU customs validation,,
via-jurmala-outlet-village,Via Jurmala Outlet Village,via-jurmala-outlet-village,,latvia,pinki,"Jaunā iela 12, Piņķi, Babīte Parish, Mārupe Municipality, Latvia",56.9415,23.9116,10:00 - 20:00,,[],"Outlet stores for fashion, lifestyle and necessities",0,0,"[""Parking"",""Restaurants & Cafes"",""Gastro Market"",""Transport Info"",""Accessibility""]",true,https://viajurmala.com/en/,,https://www.google.com/maps/search/?api=1&query=Via+Jurmala+Outlet+Village,http://maps.apple.com/?q=Via%20Jurmala%20Outlet%20Village,https://yandex.com/maps/?text=Via%20Jurmala%20Outlet%20Village,active,17,"{""name"":""Riga City Centre"",""distanceKm"":17,""recommendedRoute"":""Use car, taxi, or regional transport toward Piņķi / Jūrmala.""}","[{""code"":""RIX"",""name"":""Riga International Airport"",""distanceKm"":12}]",,,12,Eligible non-EU visitors should confirm tax-free availability with participating stores and validate export documents when leaving the EU.,,"[""Casa Mia"",""Gan Bei"",""Kafijas Banka"",""VANDAL""]",Official directions point visitors to the Via Jurmala Outlet Village parking lot behind Exupery International School in Piņķi.,,,21,44.00 EUR,,,12,Participating stores / EU customs validation,,
al-khiran-hybrid-outlet-mall,Al Khiran Hybrid Outlet Mall,al-khiran-hybrid-outlet-mall,,kuwait,al-khiran,"Al Khiran Hybrid Outlet Mall, Arabian Gulf Road, Al Khiran, Al Ahmadi Governorate, Kuwait",28.6618,48.3689,Tenant hours commonly published for the mall are Sun-Wed 10:00 - 22:00 and Thu-Sat 10:00 - 23:00; confirm mall-wide and holiday hours before travel.,,[],284 retail stores,0,0,"[""Customer Service"",""Dining"",""Parking"",""Waterfront Promenade""]",false,https://www.tamdeen.com/portfolio/al-khiran,,"https://www.google.com/maps/search/?api=1&query=28.6618,48.3689","https://maps.apple.com/?ll=28.6618,48.3689&q=Al%20Khiran%20Hybrid%20Outlet%20Mall","https://yandex.com/maps/?ll=48.3689,28.6618&z=16&text=Al%20Khiran%20Hybrid%20Outlet%20Mall",active,98,"{""name"":""Kuwait City / Kuwait Towers"",""distanceKm"":98}","[{""code"":""KWI"",""name"":""Kuwait International Airport"",""distanceKm"":86}]",,,86,,Al Khiran Hybrid Outlet Mall,[],"Tamdeen Group lists 4,884 parking spaces for Al Khiran.",[],https://www.tamdeen.com/portfolio/al-khiran,,,,,,,,
outlet-park-vilnius,Outlet Park Vilnius,outlet-park-vilnius,,lithuania,vilnius,"Verkių g. 29, LT-09108 Vilnius, Lithuania",54.7127,25.2996,10:00 - 20:00,,[],More than 40 branded stores,0,0,"[""Parking"",""Restaurants & Cafes"",""Leisure Terrace"",""Gym"",""Beauty Services"",""Transport Info""]",true,https://outletpark.lt/en/,,https://www.google.com/maps/search/?api=1&query=Outlet+Park+Vilnius,http://maps.apple.com/?q=Outlet%20Park%20Vilnius,https://yandex.com/maps/?text=Outlet%20Park%20Vilnius,active,6,"{""name"":""Vilnius City Centre"",""distanceKm"":6,""recommendedRoute"":""Use local public transport, taxi, or car to Ogmios, Verkių g. 29.""}","[{""code"":""VNO"",""name"":""Vilnius Airport"",""distanceKm"":12}]",,,12,Eligible non-EU visitors should confirm tax-free availability with participating stores and validate export documents when leaving the EU.,,"[""Caif Cafe"",""Candy Pop"",""Soprano Gelato""]","Official Outlet Park pages list the centre at Ogmios, Verkių g. 29 in Vilnius; confirm current parking details on the official website before visiting.",,,21,40.00 EUR,,,12,Participating stores / EU customs validation,,
norwegian-outlet,Oslo Fashion Outlet,norwegian-outlet,,norway,vestby,"Vestbyveien 155, 1543 Vestby, Norway",59.6009,10.7507,Monday - Friday 10:00 - 21:00; Saturday 10:00 - 19:00; Sunday closed,,[],60 of the biggest Scandinavian and international fashion and lifestyle brands,0,0,"[""Special opening hours"",""Parking"",""Electric car charger"",""Tourist Information Centre"",""Gift Card"",""Public transport"",""Accessibility"",""Tax Free"",""Free WI-FI"",""Umbrella"",""Shuttle bus""]",false,https://www.oslofashionoutlet.no/en,,https://www.google.com/maps/search/?api=1&query=Vestbyveien%20155%2C%201543%20Vestby%2C%20Norway,"http://maps.apple.com/?ll=59.6009,10.7507&q=Oslo%20Fashion%20Outlet","https://yandex.com/maps/?ll=10.7507,59.6009&z=16&text=Oslo%20Fashion%20Outlet",active,40,"{""name"":""Oslo City Centre"",""distanceKm"":40,""recommendedRoute"":""Drive south from Oslo via E6 toward Vestby, or use regional public transport to Vestby and local onward connections.""}","[{""code"":""OSL"",""name"":""Oslo Airport"",""distanceKm"":75}]",,,75,No official outlet/operator tax-free desk or specific tax-free operator information was verified for this outlet. Eligible visitors should confirm directly with individual stores before purchase.,,"[""Jærbakeren Arne Johannesen""]",Free parking is available at the centre; electric car chargers are also listed among the centre facilities.,[],,25,315 NOK,,,12,Not officially verified,,
ideapark-lempaala-outlet,Ideapark Lempäälä Outlet,ideapark-lempaala-outlet,,finland,lempaala,"Ideaparkinkatu 4, 37570 Lempäälä, Finland",61.3586,23.796,Most stores: Monday - Friday 10:00 - 20:00; Saturday 10:00 - 18:00; Sunday 12:00 - 18:00,,[],150 shops and services,0,0,"[""Information desk"",""Free parking"",""Shops and services"",""Restaurants and cafés"",""Entertainment and leisure"",""Bus access""]",false,https://lempaala.ideapark.fi/en/,,https://www.google.com/maps/search/?api=1&query=Ideaparkinkatu%204%2C%2037570%20Lemp%C3%A4%C3%A4l%C3%A4%2C%20Finland,"http://maps.apple.com/?ll=61.3586,23.7960&q=Ideapark%20Lemp%C3%A4%C3%A4l%C3%A4%20Outlet","https://yandex.com/maps/?ll=23.7960,61.3586&z=16&text=Ideapark%20Lemp%C3%A4%C3%A4l%C3%A4%20Outlet",active,18,"{""name"":""Tampere City Centre"",""distanceKm"":18,""recommendedRoute"":""Drive south from Tampere on E12/Highway 3, or use regional bus connections toward Ideapark Lempäälä.""}","[{""code"":""TMP"",""name"":""Tampere-Pirkkala Airport"",""distanceKm"":22}]",,,22,No official outlet/operator tax-free desk or specific tax-free operator information was verified for this outlet. Eligible visitors should confirm directly with individual stores before purchase.,,"[""Bella Roma & Daddy's Diner & Beefking"",""Burger King"",""Espresso House"",""Friends & Brgrs"",""Hesburger"",""Kotipizza"",""Pancho Villa"",""Pizza Hut"",""Rax Pizzabuffet"",""Seoul Good Ideapark"",""Subway""]",Free customer parking is available around Ideapark Lempäälä; follow on-site signs for the closest entrance and parking area.,[],,25.5,40 EUR,,,13,Not officially verified,,
fashion-arena-prague-outlet,Fashion Arena Prague Outlet,fashion-arena-prague-outlet,,czech-republic,prague,"Zamenhofova 440, Praha - Štěrboholy, 108 00, Czech Republic",50.0737,14.5526,Monday - Sunday 10:00 - 20:00; special opening hours may vary,,[],200+ brands,0,0,"[""Information Centre"",""Shop Tax Free"",""VIP Day Pass"",""Shuttle Bus from Metro A"",""Transport from the Downtown"",""Gift Card"",""Free Parking"",""E-car Charging Station"",""Group Booking"",""Currency Exchange"",""Pet-friendly"",""Other Services""]",true,https://www.fashion-arena.cz/en,,https://www.google.com/maps/search/?api=1&query=Zamenhofova%20440%2C%20108%2000%20Praha%20-%20%C5%A0t%C4%9Brboholy%2C%20Czech%20Republic,"http://maps.apple.com/?ll=50.0737,14.5526&q=Fashion%20Arena%20Prague%20Outlet","https://yandex.com/maps/?ll=14.5526,50.0737&z=16&text=Fashion%20Arena%20Prague%20Outlet",active,12,"{""name"":""Prague City Centre"",""distanceKm"":12,""recommendedRoute"":""Use the Fashion Arena shuttle or public transport toward Praha-Štěrboholy, or drive from central Prague.""}","[{""code"":""PRG"",""name"":""Václav Havel Airport Prague"",""distanceKm"":32}]",,,32,"Tax Free shopping is listed as a centre service, and the Information Centre is the Tax Free Refund point for eligible foreign visitors.",,"[""Červené jablko"",""Costa Coffee"",""Fruitisimo"",""Regal Burger"",""Satyam"",""Starbucks"",""Wrap'N Roll""]",Free parking is available at the centre; e-car charging stations are listed among the centre amenities.,[],,21,"2,001 CZK",,,12,Global Blue and Planet Payment,,
designer-outlet-parndorf,Designer Outlet Parndorf,designer-outlet-parndorf,,austria,vienna,"Designer Outlet Straße 1, 7111 Parndorf, Austria",47.9807,16.8425,Mon-Fri 09:00 - 21:00; Sat 09:00 - 18:00; Sun closed,,[],160 designer stores,4.6,0,"[""Free Parking"",""EV Charging"",""Disabled Parking"",""Guest Services"",""Gift Cards"",""Tax Free Shopping"",""Free Wi-Fi"",""ATM"",""Lockers"",""Luggage Drop"",""Family Facilities"",""Dog Friendly"",""Prayer or Quiet Room"",""Tailor Service"",""Shuttle Bus""]",true,https://www.mcarthurglen.com/en/outlets/at/designer-outlet-parndorf/,,https://www.google.com/maps/search/?api=1&query=Designer%20Outlet%20Stra%C3%9Fe%201%2C%207111%20Parndorf%2C%20Austria,http://maps.apple.com/?q=Designer%20Outlet%20Stra%C3%9Fe%201%2C%207111%20Parndorf%2C%20Austria,https://yandex.com/maps/?text=Designer%20Outlet%20Stra%C3%9Fe%201%2C%207111%20Parndorf%2C%20Austria,active,45,"{""name"":""Vienna City Centre"",""distanceKm"":45,""recommendedRoute"":""Shuttle bus from Vienna State Opera or train to Parndorf Ort with station bus""}","[{""code"":""VIE"",""name"":""Vienna International Airport"",""distanceKm"":40},{""code"":""BTS"",""name"":""Bratislava Airport"",""distanceKm"":45}]",,,40,Guests visiting from outside the EU can receive a tax refund on eligible purchases. Use the on-site tax-free office or participating stores for the current refund process and validate forms when leaving the EU.,,"[""Amici Napoli"",""Artner"",""Asia Up"",""Bistrot Italiano"",""Burger King"",""Cioco Bar"",""Döner Bros"",""Le Burger"",""Leon Street Food"",""Lia's"",""Lia's Bistrot"",""myBurgenland Bistro"",""Nannuk"",""Nordsee"",""Pretzels Paradise"",""Sacher Café"",""Starbucks"",""Tommy's Coffee"",""wagamama"",""Wurstliebe""]",Official outlet services list free parking for visitors.,"[{""name"":""Bratislava"",""distanceKm"":35},{""name"":""Neusiedl am See"",""distanceKm"":8}]",,20,75.01 EUR,,,12,Interchange / participating tax refund operators,,
designer-outlet-salzburg,Designer Outlet Salzburg,designer-outlet-salzburg,,austria,salzburg,"Kasernenstraße 1, 5073 Wals-Himmelreich, Austria",47.7947,12.9876,Mon-Fri 09:00 - 19:00; Sat 09:00 - 18:00; Sun closed,,[],Over 100 stores,0,0,"[""Parking"",""Guest Services"",""Tax-Free Shopping"",""Direct bus line"",""Wheelchair rental"",""Kids cabs"",""Breast feeding room"",""Dog friendly"",""Tailor service"",""Umbrellas""]",true,https://www.mcarthurglen.com/en/outlets/at/designer-outlet-salzburg/,,https://www.google.com/maps/search/?api=1&query=Designer%20Outlet%20Salzburg%2C%20Kasernenstra%C3%9Fe%201%2C%205073%20Wals-Himmelreich%2C%20Austria,http://maps.apple.com/?q=Designer%20Outlet%20Salzburg&address=Kasernenstra%C3%9Fe%201%2C%205073%20Wals-Himmelreich%2C%20Austria,https://yandex.com/maps/?text=Designer%20Outlet%20Salzburg%2C%20Kasernenstra%C3%9Fe%201%2C%205073%20Wals-Himmelreich%2C%20Austria,active,6,"{""name"":""Salzburg City Centre"",""distanceKm"":6,""recommendedRoute"":""Use current official map directions.""}","[{""code"":""SZG"",""name"":""Salzburg Airport"",""distanceKm"":1}]",,,1,Official services state that guests visiting from outside the EU can receive a tax refund on purchases; no specific refund operator or outlet desk process was verified from official outlet/operator sources.,Designer Outlet Salzburg,"[""Asia Cocos"",""Burger Lounge"",""Café Caprice"",""Frozen Yoghurt"",""Kaiten Asia"",""Mama's Deli"",""McDonald's"",""Rossopomodoro""]","Official services say there are plenty of parking zones, including multi-storey car parks; on-site parking is free for the first 2 hours and free with purchases of €200 or more when the ticket is validated at Guest Services.",,https://www.mcarthurglen.com/en/outlets/at/designer-outlet-salzburg/,20,75.01 EUR,,,13,Not officially verified,Salzburg Airport • 1 km,Salzburg City Centre • 6 km
hede-fashion-outlet,Hede Fashion Outlet,hede-fashion-outlet,,sweden,gothenburg,"Kungsparksvägen 80, 434 39 Kungsbacka, Sweden",57.5146,12.0766,Monday - Sunday 10:00 - 19:00; special opening hours may vary,,[],Over 150 fashion and lifestyle brands,0,0,"[""Parking"",""Public transport"",""Tourist Information Centre"",""Electric car charger"",""Accessibility"",""Gift cards"",""Tax Free"",""Pets"",""Umbrella""]",false,https://www.hedefashionoutlet.se/en,,https://www.google.com/maps/search/?api=1&query=Hede%20Fashion%20Outlet%2C%20Kungsparksv%C3%A4gen%2080%2C%20434%2039%20Kungsbacka%2C%20Sweden,http://maps.apple.com/?q=Hede%20Fashion%20Outlet%2C%20Kungsparksv%C3%A4gen%2080%2C%20434%2039%20Kungsbacka%2C%20Sweden,https://yandex.com/maps/?text=Hede%20Fashion%20Outlet%2C%20Kungsparksv%C3%A4gen%2080%2C%20434%2039%20Kungsbacka%2C%20Sweden,active,25,"{""name"":""Gothenburg City Centre"",""distanceKm"":25,""recommendedRoute"":""Use Västtrafik rail to Hede Station plus a short walk, the official seasonal shuttle when operating, or drive via E6.""}","[{""code"":""GOT"",""name"":""Gothenburg Landvetter Airport"",""distanceKm"":48}]",,,48,No official outlet/operator tax-free desk or specific tax-free operator information was verified for this outlet. Eligible visitors should confirm directly with individual stores before purchase.,,"[""Diné"",""Espresso House"",""Mena Mano"",""Triumfglass - Ice Cream Truck""]",Parking and route information is available on the official centre website.,[],,25,200 SEK,,,14,Not officially verified,,
foxtown-factory-stores,FoxTown Factory Stores,foxtown-factory-stores,,switzerland,mendrisio,"Via Angelo Maspoli 18, 6850 Mendrisio, Switzerland",45.8653,8.9802,"Daily 11:00 - 19:00; closed 1 Jan, Easter Sunday, 1 Aug, 25-26 Dec",,[],Over 160 stores and 250 brands,0,0,"[""Parking"",""Tax Free"",""Guest Services"",""Restaurants & Cafes"",""Wi-Fi"",""Gift Cards"",""ATM"",""Accessibility"",""EV Charging"",""Personal Shopping"",""Tailor's Store"",""Cloakroom"",""Powerbank Rental"",""Tourist InfoPoint""]",true,https://www.foxtown.com/en/homepage,,https://www.google.com/maps/search/?api=1&query=FoxTown%20Factory%20Stores%2C%20Via%20Angelo%20Maspoli%2018%2C%206850%20Mendrisio%2C%20Switzerland,http://maps.apple.com/?q=FoxTown%20Factory%20Stores%2C%20Via%20Angelo%20Maspoli%2018%2C%206850%20Mendrisio%2C%20Switzerland,https://yandex.com/maps/?text=FoxTown%20Factory%20Stores%2C%20Via%20Angelo%20Maspoli%2018%2C%206850%20Mendrisio%2C%20Switzerland,active,1,"{""name"":""Mendrisio City Centre"",""distanceKm"":1,""recommendedRoute"":""Walk or take local transport from Mendrisio station; FoxTown is directly connected to the station and close to the Mendrisio motorway exit.""}","[{""code"":""LUG"",""name"":""Lugano Airport"",""distanceKm"":23},{""code"":""MXP"",""name"":""Milan Malpensa Airport"",""distanceKm"":55}]",,,23,"Eligible non-Swiss residents can request tax-free forms at participating stores for purchases of at least CHF 300. Planet lists a refund point at TiChange, Via Angelo Maspoli 18, open daily 11:00 - 19:00, accepting domestic Tax Free forms with and without Customs stamp and international Tax Free forms with Customs stamp.",,"[""Braceria Elvetica Bistrot"",""Chalet Suisse"",""Fashion Caffe"",""Il Caffè"",""La Focacceria della Corte"",""Latte Macchiato"",""Maui Poke"",""Spaghetti Store"",""The Asian""]","1,800 parking spaces; EV charging available.",[],,8.1,300 CHF,,,5.5,Global Blue / Planet Tax Free / TiChange,,
landquart-fashion-outlet,Landquart Fashion Outlet,landquart-fashion-outlet,,switzerland,landquart,"Alpenblick 5, 7302 Landquart, Switzerland",46.9672,9.558,Daily 10:00 - 19:00,,[],Over 160 fashion and lifestyle brands in more than 80 stores,0,0,"[""Parking"",""Tax Free"",""Guest Services"",""Restaurants & Cafes"",""Wi-Fi"",""Gift Cards"",""ATM"",""Accessibility"",""EV Charging"",""Luggage Storage"",""Park & Rail"",""Miles & More"",""Contemplation Room"",""Dogs Welcome""]",false,https://www.landquartfashionoutlet.ch/en,,https://www.google.com/maps/search/?api=1&query=Landquart%20Fashion%20Outlet%2C%20Alpenblick%205%2C%207302%20Landquart%2C%20Switzerland,http://maps.apple.com/?q=Landquart%20Fashion%20Outlet%2C%20Alpenblick%205%2C%207302%20Landquart%2C%20Switzerland,https://yandex.com/maps/?text=Landquart%20Fashion%20Outlet%2C%20Alpenblick%205%2C%207302%20Landquart%2C%20Switzerland,active,1,"{""name"":""Landquart station / village centre"",""distanceKm"":1,""recommendedRoute"":""Walk from Landquart station or use the centre's Park & Rail and rail benefit options.""}","[{""code"":""ZRH"",""name"":""Zurich Airport"",""distanceKm"":110}]",,,110,No official outlet/operator tax-free desk or specific tax-free operator information was verified for this outlet. Eligible visitors should confirm directly with individual stores before purchase.,,"[""All about Crêpe"",""Coffee Fellows"",""Five Guys"",""Gondola Café"",""Hot Biron"",""Margaux Restaurant"",""Starbucks"",""Subway""]","1,550 parking spaces directly at the centre, including EV charging stations and parking for motorhomes and campers.",[],,8.1,300 CHF,,,5.5,Not officially verified,,
fashion-fish-factory-outlet,FASHION FISH,fashion-fish-factory-outlet,,switzerland,schoenenwerd,"Parkstrasse 1, 5012 Schönenwerd, Switzerland",47.3718,8.0012,Mon-Fri 10:00 - 18:30; Sat 10:00 - 18:00; Sun closed,,[],Over 45 different stores,0,0,"[""Parking"",""Restaurants & Cafes"",""Guest Services"",""Accessibility"",""EV Charging"",""Infodesk"",""Lockers"",""Dogs Welcome"",""Shipping of Purchases"",""Barrier-Free Toilets"",""Changing Table""]",true,https://www.fashionfish.ch/en/,,https://www.google.com/maps/search/?api=1&query=Fashion%20Fish%2C%20Parkstrasse%201%2C%205012%20Sch%C3%B6nenwerd%2C%20Switzerland,http://maps.apple.com/?q=Fashion%20Fish%2C%20Parkstrasse%201%2C%205012%20Sch%C3%B6nenwerd%2C%20Switzerland,https://yandex.com/maps/?text=Fashion%20Fish%2C%20Parkstrasse%201%2C%205012%20Sch%C3%B6nenwerd%2C%20Switzerland,active,1,"{""name"":""Schönenwerd station / village centre"",""distanceKm"":1,""recommendedRoute"":""Fashion Fish is located right next to Schönenwerd train station; by car, use the A1/A2 motorways and the Aarau West exit.""}","[{""code"":""ZRH"",""name"":""Zurich Airport"",""distanceKm"":55},{""code"":""BSL"",""name"":""EuroAirport Basel Mulhouse Freiburg"",""distanceKm"":65}]",,,55,Fashion Fish publishes Bally Tax Free conditions for eligible escorted foreign tour groups; general Swiss tax-free purchases require at least CHF 300 and export validation. No general on-site tax-free office was verified.,,"[""Restaurant Grano"",""Foodtruck""]",Outdoor parking and an underground parking garage are available; parking is chargeable across the site. Two EV charging stations are located in front of FASHION FISH base.,[],,8.1,300 CHF,,,5.5,Bally Tax Free for eligible escorted foreign tour groups / participating stores where available,,
viaport-asia-outlet-shopping,Viaport Asia Outlet Shopping,viaport-asia-outlet-shopping,"[""Viaport Asia"",""ViaPort Outlet""]",turkey,istanbul,"Yenişehir Mahallesi, Dedepaşa Caddesi No:19, 34912 Pendik, İstanbul, Türkiye",40.9296,29.3124,Daily 10:00–22:00,,[],250 stores,0,0,"[""Free Parking"",""Baby Care Room"",""Medical Room"",""ATM"",""Wheelchair"",""Lost Property"",""Valet"",""Information Desk"",""Prayer Room"",""Taxi Stand""]",false,https://www.viaport.com.tr/,,"https://www.google.com/maps/search/?api=1&query=40.9296,29.3124","https://maps.apple.com/?ll=40.9296,29.3124&q=Viaport%20Asia%20Outlet%20Shopping","https://yandex.com/maps/?ll=29.3124,40.9296&z=16&text=Viaport%20Asia%20Outlet%20Shopping",active,32,"{""name"":""Istanbul City Centre (approximate straight-line distance)"",""distanceKm"":32}","[{""code"":""SAW"",""name"":""Sabiha Gökçen International Airport (approximate straight-line distance)"",""distanceKm"":5}]",,,5,No official outlet/operator tax-free desk or specific tax-free operator information was verified for this outlet. Eligible visitors should confirm directly with individual stores before purchase.,,[],"Official outlet information states that Viaport Asia has free parking with capacity for approximately 4,000 vehicles.",,,,,,,,,,
212-outlet,212 Outlet,212-outlet,"[""212 Istanbul Power Outlet""]",turkey,istanbul,"Taşocağı Yolu Caddesi No:5, 34218 Mahmutbey, Bağcılar, İstanbul, Türkiye",41.0718,28.8035,,,[],,0,0,"[""Free Parking"",""Baby Care Room"",""Children’s Play Area"",""Disabled Access"",""Disabled Restroom"",""Medical Room"",""Prayer Room""]",false,https://212outlet.com/en/contact/,,"https://www.google.com/maps/search/?api=1&query=41.0718,28.8035","https://maps.apple.com/?ll=41.0718,28.8035&q=212%20Outlet","https://yandex.com/maps/?ll=28.8035,41.0718&z=16&text=212%20Outlet",active,15,"{""name"":""Istanbul City Centre (approximate straight-line distance)"",""distanceKm"":15}","[{""code"":""IST"",""name"":""Istanbul Airport (approximate straight-line distance)"",""distanceKm"":27}]",,,27,No official outlet/operator tax-free desk or specific tax-free operator information was verified for this outlet. Eligible visitors should confirm directly with individual stores before purchase.,,[],"Official outlet information states that 212 Outlet provides free indoor parking with capacity for approximately 3,500 vehicles.",,,,,,,,,,
olivium-outlet-center,Olivium Outlet Center,olivium-outlet-center,"[""Olivium Outlet""]",turkey,istanbul,"Prof. Dr. Muammer Aksoy Cad. No:30, Zeytinburnu, İstanbul, Türkiye",40.9908,28.9102,Daily 10:00–22:00,,[],129 stores,0,0,"[""ATM"",""Baby Care Room"",""Information Desk"",""Prayer Room"",""Lost Property"",""Medical Room"",""Wheelchair"",""Tailor"",""Shoe Shine"",""Dry Cleaning"",""Currency Exchange"",""Car Wash""]",false,https://www.olivium.com.tr/tr/,,"https://www.google.com/maps/search/?api=1&query=40.9908,28.9102","https://maps.apple.com/?ll=40.9908,28.9102&q=Olivium%20Outlet%20Center","https://yandex.com/maps/?ll=28.9102,40.9908&z=16&text=Olivium%20Outlet%20Center",active,5,"{""name"":""Istanbul City Centre (approximate straight-line distance)"",""distanceKm"":5}","[{""code"":""IST"",""name"":""Istanbul Airport (approximate straight-line distance)"",""distanceKm"":33}]",,,33,No official outlet/operator tax-free desk or specific tax-free operator information was verified for this outlet. Eligible visitors should confirm directly with individual stores before purchase.,,[],,,,,,,,,,,
starcity-outlet,StarCity Outlet,starcity-outlet,,turkey,istanbul,"Yenibosna Merkez Mahallesi, Değirmenbahçe Caddesi No:34, 34197 Bahçelievler, İstanbul, Türkiye",40.9947,28.8224,Daily 10:00–22:00,,[],,0,0,"[""Emergency Medical Unit"",""Free Parking"",""ATM"",""Baby Stroller"",""Baby Care Room"",""Children’s Play Area"",""Information Desk"",""Currency Exchange"",""Pharmacy"",""EV Charging"",""Prayer Room"",""Lost Property"",""Motorcycle Parking"",""Disabled Parking"",""Tax Free"",""Wheelchair"",""Free Wi-Fi"",""Tailor"",""Hairdresser"",""Gym""]",true,https://www.starcity.com.tr/,,"https://www.google.com/maps/search/?api=1&query=40.9947,28.8224","https://maps.apple.com/?ll=40.9947,28.8224&q=StarCity%20Outlet","https://yandex.com/maps/?ll=28.8224,40.9947&z=16&text=StarCity%20Outlet",active,14,"{""name"":""Istanbul City Centre (approximate straight-line distance)"",""distanceKm"":14}","[{""code"":""IST"",""name"":""Istanbul Airport (approximate straight-line distance)"",""distanceKm"":30}]",,,30,Official StarCity services state that Tax Free processing is available at the information desk near the Starbucks entrance daily from 10:00 to 22:00.,,[],,,,,,,,,,,
venezia-mega-outlet,Venezia Mega Outlet,venezia-mega-outlet,"[""Venezia Mega Outlet AVM""]",turkey,istanbul,"Karadeniz Mahallesi, Eski Edirne Asfaltı Caddesi No:408, 34250 Gaziosmanpaşa, İstanbul, Türkiye",41.0774,28.8579,,,[],,0,0,"[""ATM"",""Baby Care Room"",""Information Desk"",""Prayer Room"",""Lost Property"",""Medical Room"",""Taxi Stand""]",false,https://www.veneziamegaoutlet.com/,,"https://www.google.com/maps/search/?api=1&query=41.0774,28.8579","https://maps.apple.com/?ll=41.0774,28.8579&q=Venezia%20Mega%20Outlet","https://yandex.com/maps/?ll=28.8579,41.0774&z=16&text=Venezia%20Mega%20Outlet",active,12,"{""name"":""Istanbul City Centre (approximate straight-line distance)"",""distanceKm"":12}","[{""code"":""IST"",""name"":""Istanbul Airport (approximate straight-line distance)"",""distanceKm"":26}]",,,26,No official outlet/operator tax-free desk or specific tax-free operator information was verified for this outlet. Eligible visitors should confirm directly with individual stores before purchase.,,[],,,,,,,,,,,
optimum-premium-outlet-istanbul,Optimum Premium Outlet,optimum-premium-outlet-istanbul,"[""Istanbul Optimum"",""Optimum Outlet Istanbul""]",turkey,istanbul,"Yenisahra Mahallesi, Elibol Sokak No:2/B, 34746 Ataşehir, İstanbul, Türkiye",40.9895,29.0962,,,[],163 stores,0,0,"[""Baby Stroller""]",false,https://optimumistanbul.com/tr/,,"https://www.google.com/maps/search/?api=1&query=40.9895,29.0962","https://maps.apple.com/?ll=40.9895,29.0962&q=Optimum%20Premium%20Outlet","https://yandex.com/maps/?ll=29.0962,40.9895&z=16&text=Optimum%20Premium%20Outlet",active,11,"{""name"":""Istanbul City Centre (approximate straight-line distance)"",""distanceKm"":11}","[{""code"":""SAW"",""name"":""Sabiha Gökçen International Airport (approximate straight-line distance)"",""distanceKm"":19}]",,,19,No official outlet/operator tax-free desk or specific tax-free operator information was verified for this outlet. Eligible visitors should confirm directly with individual stores before purchase.,,[],,,,,,,,,,,
izmir-optimum,İzmir Optimum,izmir-optimum,"[""Izmir Optimum"",""Optimum Outlet İzmir""]",turkey,izmir,"Akçay Caddesi No:101, 35410 Gaziemir, İzmir, Türkiye",38.3242,27.1349,,,[],283 stores,0,0,[],false,https://izmiroptimum.com/en/contact,,"https://www.google.com/maps/search/?api=1&query=38.3242,27.1349","https://maps.apple.com/?ll=38.3242,27.1349&q=%C4%B0zmir%20Optimum","https://yandex.com/maps/?ll=27.1349,38.3242&z=16&text=%C4%B0zmir%20Optimum",active,10,"{""name"":""İzmir City Centre (approximate straight-line distance)"",""distanceKm"":10}","[{""code"":""ADB"",""name"":""İzmir Adnan Menderes Airport (approximate straight-line distance)"",""distanceKm"":4}]",,,4,No official outlet/operator tax-free desk or specific tax-free operator information was verified for this outlet. Eligible visitors should confirm directly with individual stores before purchase.,,[],,,,,,,,,,,
deepo-outlet-center,Deepo Outlet Center,deepo-outlet-center,"[""Deepo Outlet""]",turkey,antalya,"Altınova Sinan Mahallesi, Serik Caddesi No:309, 07170 Kepez, Antalya, Türkiye",36.9192,30.7945,Daily 10:00–22:30,,[],,0,0,[],false,http://www.deepo.com.tr/,,"https://www.google.com/maps/search/?api=1&query=36.9192,30.7945","https://maps.apple.com/?ll=36.9192,30.7945&q=Deepo%20Outlet%20Center","https://yandex.com/maps/?ll=30.7945,36.9192&z=16&text=Deepo%20Outlet%20Center",active,9,"{""name"":""Antalya City Centre (approximate straight-line distance)"",""distanceKm"":9}","[{""code"":""AYT"",""name"":""Antalya Airport (approximate straight-line distance)"",""distanceKm"":2}]",,,2,No official outlet/operator tax-free desk or specific tax-free operator information was verified for this outlet. Eligible visitors should confirm directly with individual stores before purchase.,,[],,,,,,,,,,,
dubai-outlet-mall,Dubai Outlet Mall,dubai-outlet-mall,,united-arab-emirates,dubai,"Dubai Outlet Mall, Dubai Al-Ain Road (Route 66), Dubai, UAE",25.06669,55.404252,Sun-Thu 10:00 - 22:00; Fri-Sat 10:00 - 00:00. Ramadan and festive-season hours may vary; contact the mall for current timings.,,[],Over 340 stores,0,0,"[""ATM"",""Baby Care Room"",""Baby Changing Room"",""Baby Carts"",""Car Wash"",""Customer Services"",""Dedicated Toilets"",""First Aid Room"",""Free Wi-Fi"",""Gift Vouchers"",""Internet Cafes"",""Lost & Found Property"",""Lost Child Assistance"",""Luggage Storage"",""Mall Directory"",""Mobile Charging Stations"",""Money Exchange"",""Outlet Plus Card"",""Parking"",""Photo Studio"",""Prayer Room"",""Valet Parking"",""Wheelchair""]",false,https://dubaioutletmall.com/,,"https://www.google.com/maps/search/?api=1&query=25.06669,55.404252","https://maps.apple.com/?ll=25.06669,55.404252&q=Dubai%20Outlet%20Mall","https://yandex.com/maps/?ll=55.404252,25.06669&z=16&text=Dubai%20Outlet%20Mall",active,20,"{""name"":""Downtown Dubai / Burj Khalifa"",""distanceKm"":20}","[{""code"":""DXB"",""name"":""Dubai International Airport"",""distanceKm"":21},{""code"":""DWC"",""name"":""Al Maktoum International Airport"",""distanceKm"":31}]",,,21,,Dubai Outlet Mall,[],Dubai Outlet Mall's official FAQ states that plenty of customer parking spaces and ample parking facilities are available; the official services page also lists Parking Spots and Valet Parking.,,https://dubaioutletmall.com/,,,,,,,,
the-outlet-village,The Outlet Village,the-outlet-village,,united-arab-emirates,dubai,"The Outlet Village, Dubai Parks and Resorts, Jebel Ali, Dubai, United Arab Emirates",24.95813,55.0517,Mon-Thu 10:00 - 22:00; Fri-Sun 10:00 - 23:00. Public-holiday and seasonal hours may vary; check the official website for current timings.,,[],More than 100 premium labels and stores (500+ brands represented across the destination),0,0,"[""ATM"",""Baby Changing Room"",""Customer Service"",""Free Wi-Fi"",""Lost & Found"",""Parking"",""Prayer Room"",""Valet Parking"",""Wheelchair""]",true,https://theoutletvillage.ae/en,,"https://www.google.com/maps/search/?api=1&query=24.95813,55.0517","https://maps.apple.com/?ll=24.95813,55.0517&q=The%20Outlet%20Village","https://yandex.com/maps/?ll=55.0517,24.95813&z=16&text=The%20Outlet%20Village",active,48,"{""name"":""Downtown Dubai / Burj Khalifa"",""distanceKm"":48}","[{""code"":""DXB"",""name"":""Dubai International Airport"",""distanceKm"":54},{""code"":""DWC"",""name"":""Al Maktoum International Airport"",""distanceKm"":24}]",,,54,,The Outlet Village,[],The official visitor information lists parking and valet parking among the destination's services.,[],https://theoutletvillage.ae/en,,,,,,,,
yeoju-premium-outlets,Yeoju Premium Outlets,yeoju-premium-outlets,,south-korea,yeoju,"360, Myeongpum-ro, Yeoju-si, Gyeonggi-do, Republic of Korea",37.24136,127.61273,"May-Oct: daily 10:30 - 21:00; Nov-Apr: Mon-Thu 10:30 - 20:30, Fri-Sun and public holidays 10:30 - 21:00. Restaurants daily 11:00 - 21:00; restaurant last orders close 30 minutes before closing time. Some stores close 30 minutes early.",,[],,0,0,"[""Information Center"",""Stroller Rental"",""Wheelchair Rental"",""Tax-Free Shopping"",""Payment Methods"",""Free Circular Bus"",""Shinsegae Gift Certificates"",""ATM"",""Free Wi-Fi"",""Lockers"",""Clothing Alteration Service"",""Mini Train"",""Children’s Playground"",""Merry-go-round"",""Bounce Spin"",""emart24"",""Nursing Room"",""Electric Car Charging Station"",""Tesla Electric Car Charging Station"",""Premium Lounge"",""Premium Parking Zone"",""Art Museum Ryeo"",""Mobile Phone Charging"",""Lost and Found"",""Pet-Friendly Areas""]",true,https://premiumoutlets.co.kr/rpage/en/main/index/01,https://premiumoutlets.co.kr/assets/attach/download/store/1/map,https://www.google.com/maps/search/?api=1&query=Yeoju%20Premium%20Outlets%2C%20360%2C%20Myeongpum-ro%2C%20Yeoju-si%2C%20Gyeonggi-do%2C%20Republic%20of%20Korea,https://maps.apple.com/?q=Yeoju%20Premium%20Outlets&address=360%2C%20Myeongpum-ro%2C%20Yeoju-si%2C%20Gyeonggi-do%2C%20Republic%20of%20Korea,https://yandex.com/maps/?text=Yeoju%20Premium%20Outlets%2C%20360%2C%20Myeongpum-ro%2C%20Yeoju-si%2C%20Gyeonggi-do%2C%20Republic%20of%20Korea,active,7,"{""name"":""Yeoju"",""distanceKm"":7}","[{""code"":""ICN"",""name"":""Incheon"",""distanceKm"":106},{""code"":""GMP"",""name"":""Gimpo"",""distanceKm"":81}]",straight-line,2026-09-12,106,"Tax Refund is available only at participating stores marked GLOBAL TAX FREE, GLOBAL BLUE, NICE TAX FREE, or another eligible Tax Refund operator. On-site kiosks are located at the East Bus Stop and West Information Center. Minimum purchase: KRW 15,000. Downtown refund limit: KRW 6,000,000; immediate refund limit per purchase: KRW 1,000,000; total immediate refund limit during the stay: KRW 5,000,000. Eligibility, documentation, customs validation and export-within-three-months requirements apply.",,"[""Damanegi"",""Asojeong"",""Outback Steakhouse"",""Yilyilhyang"",""Five Guys Burgers"",""Gongcha"",""Loro a nook"",""BHC POP"",""Starbucks"",""Streetchurros"",""EGGDROP"",""Jackson Pizza"",""Knotted"",""Twitzel"",""TIN TIN Express"",""Bongwoori Soban"",""Saboten"",""Solsot"",""Shima Sushi"",""Onsen Tendon"",""LEEGANE"",""Taco Bell"",""The original Paldang kaljebi"",""Palseonsaeng"",""Pizzeriao"",""HALFF COFFEE"",""Hwanee Bansang"",""Hwasunbanjeom""]",,,,10,"KRW 15,000",,,,,,
paju-premium-outlets,Paju Premium Outlets,paju-premium-outlets,,south-korea,paju,"200 Philseung-ro, Tanhyeon-myeon, Paju-si, Gyeonggi-do, Republic of Korea",37.7691889,126.6944399,"May-Oct: daily 10:30 - 21:00; Nov-Apr: Mon-Thu 10:30 - 20:30, Fri-Sun and public holidays 10:30 - 21:00. Restaurants daily 11:00 - 21:00; restaurant last orders close 30 minutes before closing time. Some stores may close 30 minutes early.",,[],236 listed brands,0,0,"[""Information Center"",""Stroller Rental"",""Wheelchair Rental"",""Tax-Free Shopping"",""Payment Methods"",""Shinsegae Gift Certificates"",""ATM"",""Free Wi-Fi"",""Clothing Alteration Service"",""Nursing Room"",""Electric Car Charging Station"",""Premium Lounge"",""Premium Parking Zone""]",true,https://www.premiumoutlets.co.kr/rpage/en/main/index/02,,https://www.google.com/maps/search/?api=1&query=Paju%20Premium%20Outlets%2C%20200%20Philseung-ro%2C%20Paju-si%2C%20South%20Korea,https://maps.apple.com/?q=Paju%20Premium%20Outlets,https://yandex.com/maps/?text=Paju%20Premium%20Outlets,active,8,"{""name"":""Paju"",""distanceKm"":8}","[{""code"":""GMP"",""name"":""Gimpo"",""distanceKm"":25},{""code"":""ICN"",""name"":""Incheon"",""distanceKm"":41}]",straight-line,2026-09-12,25,"Tax refund service is available to eligible foreign visitors at participating stores. Eligibility, documentation, customs validation and export requirements apply.",,,,,,10,"KRW 15,000",,,,,,
busan-premium-outlets,Busan Premium Outlets,busan-premium-outlets,,south-korea,busan,"1133 Jeonggwan-ro, Jangan-eup, Gijang-gun, Busan, Republic of Korea",35.3235415,129.2355574,"May-Oct: daily 10:30 - 21:00; Nov-Apr: Mon-Thu 10:30 - 20:30, Fri-Sun and public holidays 10:30 - 21:00. Restaurants daily 11:00 - 21:00; restaurant last orders close 30 minutes before closing time. Some stores may close 30 minutes early.",,[],245 listed brands,0,0,"[""Information Center"",""Stroller Rental"",""Wheelchair Rental"",""Tax-Free Shopping"",""Payment Methods"",""Shinsegae Gift Certificates"",""ATM"",""Free Wi-Fi"",""Lockers"",""Clothing Alteration Service"",""Mini Train"",""Children’s Playground"",""Merry-go-round"",""Nursing Room"",""Electric Car Charging Station"",""Tesla Electric Car Charging Station"",""Premium Lounge"",""Premium Parking Zone""]",true,https://www.premiumoutlets.co.kr/rpage/en/main/index/03,,https://www.google.com/maps/search/?api=1&query=Busan%20Premium%20Outlets%2C%201133%20Jeonggwan-ro%2C%20Busan%2C%20South%20Korea,https://maps.apple.com/?q=Busan%20Premium%20Outlets,https://yandex.com/maps/?text=Busan%20Premium%20Outlets,active,24,"{""name"":""Busan (Seomyeon)"",""distanceKm"":24}","[{""code"":""PUS"",""name"":""Gimhae"",""distanceKm"":31}]",straight-line,2026-09-12,31,"Tax refund service is available to eligible foreign visitors at participating stores. Eligibility, documentation, customs validation and export requirements apply.",,,,,,10,"KRW 15,000",,,,,,
genting-highlands-premium-outlets,Genting Highlands Premium Outlets,genting-highlands-premium-outlets,,malaysia,genting-highlands,"KM13, Genting Highlands Resorts, 69000 Genting Highlands, Pahang, Malaysia",3.4031789,101.7830097,Monday-Sunday 10:00 - 22:00.,,[],150 outlet stores,0,0,"[""Customer Service / Information Center"",""Cash Machines"",""Gift Cards"",""Stroller Rentals"",""Wheelchairs"",""Multi-Lingual Services""]",false,https://www.premiumoutlets.com.my/genting-highlands-premium-outlets,,https://www.google.com/maps/search/?api=1&query=Genting%20Highlands%20Premium%20Outlets%2C%20Pahang%2C%20Malaysia,https://maps.apple.com/?q=Genting%20Highlands%20Premium%20Outlets,https://yandex.com/maps/?text=Genting%20Highlands%20Premium%20Outlets,active,32,"{""name"":""Kuala Lumpur"",""distanceKm"":32}","[{""code"":""KUL"",""name"":""Kuala Lumpur"",""distanceKm"":74}]",straight-line,2026-09-12,74,,,,,,,,,,,,,,
