outletId,brandId,featured,relationStatus,taxRefundEligible
desert-hills-premium-outlets,7-for-all-mankind,false,active,
desert-hills-premium-outlets,acne-studios,false,active,
desert-hills-premium-outlets,adidas,false,active,
desert-hills-premium-outlets,ag-jeans,false,active,
desert-hills-premium-outlets,alexander-mcqueen,false,active,
desert-hills-premium-outlets,allsaints,false,active,
desert-hills-premium-outlets,american-eagle,false,active,
desert-hills-premium-outlets,amiri,false,active,
desert-hills-premium-outlets,ann-taylor,false,active,
desert-hills-premium-outlets,anne-fontaine,false,active,
desert-hills-premium-outlets,arcteryx,false,coming-soon,
desert-hills-premium-outlets,aritzia,false,active,
desert-hills-premium-outlets,armani-exchange,false,active,
desert-hills-premium-outlets,armani-outlet,false,active,
desert-hills-premium-outlets,balenciaga,false,active,
desert-hills-premium-outlets,balmain,false,active,
desert-hills-premium-outlets,banana-republic,false,active,
desert-hills-premium-outlets,a-bathing-ape,false,active,
desert-hills-premium-outlets,bath-and-body-works,false,active,
desert-hills-premium-outlets,bonpoint,false,active,
desert-hills-premium-outlets,boss,false,active,
desert-hills-premium-outlets,bottega-veneta,false,active,
desert-hills-premium-outlets,breitling,false,active,
desert-hills-premium-outlets,brunello-cucinelli,false,active,
desert-hills-premium-outlets,buck-mason,false,active,
desert-hills-premium-outlets,burberry,false,active,
desert-hills-premium-outlets,calvin-klein,false,active,
desert-hills-premium-outlets,carters,false,active,
desert-hills-premium-outlets,celine,false,active,
desert-hills-premium-outlets,carolina-herrera,false,active,
desert-hills-premium-outlets,chicos,false,active,
desert-hills-premium-outlets,chloe,false,active,
desert-hills-premium-outlets,christian-louboutin,false,active,
desert-hills-premium-outlets,citizen,false,active,
desert-hills-premium-outlets,claires,false,active,
desert-hills-premium-outlets,clarins,false,active,
desert-hills-premium-outlets,clarks,false,active,
desert-hills-premium-outlets,coach,false,active,
desert-hills-premium-outlets,cole-haan,false,active,
desert-hills-premium-outlets,columbia,false,active,
desert-hills-premium-outlets,crocs,false,active,
desert-hills-premium-outlets,david-yurman,false,active,
desert-hills-premium-outlets,diesel,false,active,
desert-hills-premium-outlets,dolce-and-gabbana,false,active,
desert-hills-premium-outlets,eleventy,false,coming-soon,
desert-hills-premium-outlets,eton,false,active,
desert-hills-premium-outlets,etro,false,active,
desert-hills-premium-outlets,fabletics,false,active,
desert-hills-premium-outlets,fendi,false,active,
desert-hills-premium-outlets,ferragamo,false,active,
desert-hills-premium-outlets,footwork,false,active,
desert-hills-premium-outlets,fragrance-bay,false,active,
desert-hills-premium-outlets,fragrance-outlet,false,active,
desert-hills-premium-outlets,frankies-bikinis,false,active,
desert-hills-premium-outlets,frette,false,active,
desert-hills-premium-outlets,ganni,false,active,
desert-hills-premium-outlets,gap,false,active,
desert-hills-premium-outlets,givenchy,false,active,
desert-hills-premium-outlets,golden-goose,false,active,
desert-hills-premium-outlets,golf-apparel-shop,false,active,
desert-hills-premium-outlets,gucci,false,active,
desert-hills-premium-outlets,guess,false,active,
desert-hills-premium-outlets,gymboree,false,active,
desert-hills-premium-outlets,hurley,false,active,
desert-hills-premium-outlets,isabel-marant,false,active,
desert-hills-premium-outlets,janie-and-jack,false,active,
desert-hills-premium-outlets,jimmy-choo,false,active,
desert-hills-premium-outlets,joe-s-jeans,false,active,
desert-hills-premium-outlets,john-varvatos,false,active,
desert-hills-premium-outlets,journeys,false,active,
desert-hills-premium-outlets,karl-lagerfeld,false,active,
desert-hills-premium-outlets,kate-spade-new-york,false,active,
desert-hills-premium-outlets,kay-jewelers,false,active,
desert-hills-premium-outlets,kenzo,false,active,
desert-hills-premium-outlets,kevin-jewelers,false,active,
desert-hills-premium-outlets,khanbogd,false,coming-soon,
desert-hills-premium-outlets,kipling,false,active,
desert-hills-premium-outlets,kurt-geiger,false,coming-soon,
desert-hills-premium-outlets,lacoste,false,active,
desert-hills-premium-outlets,levis,false,active,
desert-hills-premium-outlets,l-occitane,false,active,
desert-hills-premium-outlets,lids,false,active,
desert-hills-premium-outlets,loewe,false,active,
desert-hills-premium-outlets,loft,false,active,
desert-hills-premium-outlets,longchamp,false,active,
desert-hills-premium-outlets,loro-piana,false,active,
desert-hills-premium-outlets,louis-castel,false,active,
desert-hills-premium-outlets,lucky-brand,false,active,
desert-hills-premium-outlets,lululemon,false,active,
desert-hills-premium-outlets,mackage,false,active,
desert-hills-premium-outlets,maison-margiela,false,active,
desert-hills-premium-outlets,maje,false,active,
desert-hills-premium-outlets,marc-jacobs,false,active,
desert-hills-premium-outlets,marni,false,active,
desert-hills-premium-outlets,max-mara,false,active,
desert-hills-premium-outlets,mcm,false,active,
desert-hills-premium-outlets,michael-kors,false,active,
desert-hills-premium-outlets,moncler,false,active,
desert-hills-premium-outlets,montblanc,false,active,
desert-hills-premium-outlets,moodytiger,false,active,
desert-hills-premium-outlets,movado,false,active,
desert-hills-premium-outlets,nike,false,active,
desert-hills-premium-outlets,old-navy,false,coming-soon,
desert-hills-premium-outlets,outerknown,false,active,
desert-hills-premium-outlets,paige,false,active,
desert-hills-premium-outlets,pandora,false,active,
desert-hills-premium-outlets,paradise-toys,false,active,
desert-hills-premium-outlets,paul-smith,false,active,
desert-hills-premium-outlets,peserico,false,active,
desert-hills-premium-outlets,philipp-plein,false,active,
desert-hills-premium-outlets,polo-ralph-lauren,false,active,
desert-hills-premium-outlets,porsche-design,false,active,
desert-hills-premium-outlets,prada,false,active,
desert-hills-premium-outlets,psycho-bunny,false,active,
desert-hills-premium-outlets,puma,false,active,
desert-hills-premium-outlets,rag-and-bone,false,active,
desert-hills-premium-outlets,rails,false,active,
desert-hills-premium-outlets,rebag,false,active,
desert-hills-premium-outlets,reformation,false,active,
desert-hills-premium-outlets,reiss,false,active,
desert-hills-premium-outlets,saint-laurent,false,active,
desert-hills-premium-outlets,samsonite,false,active,
desert-hills-premium-outlets,sandro,false,active,
desert-hills-premium-outlets,sferra,false,active,
desert-hills-premium-outlets,shades-in-the-desert,false,active,
desert-hills-premium-outlets,skechers,false,active,
desert-hills-premium-outlets,skims,false,active,
desert-hills-premium-outlets,st-john,false,active,
desert-hills-premium-outlets,stuart-weitzman,false,active,
desert-hills-premium-outlets,sunglass-hut,false,active,
desert-hills-premium-outlets,swarovski,false,active,
desert-hills-premium-outlets,tag-heuer,false,active,
desert-hills-premium-outlets,the-cosmetics-company-store,false,active,
desert-hills-premium-outlets,the-north-face,false,active,
desert-hills-premium-outlets,theory,false,active,
desert-hills-premium-outlets,thom-browne,false,active,
desert-hills-premium-outlets,tods,false,active,
desert-hills-premium-outlets,tokyo-beauty,false,active,
desert-hills-premium-outlets,tom-ford,false,active,
desert-hills-premium-outlets,tommy-hilfiger,false,active,
desert-hills-premium-outlets,tory-burch,false,active,
desert-hills-premium-outlets,travismathew,false,active,
desert-hills-premium-outlets,true-religion,false,active,
desert-hills-premium-outlets,tumi,false,active,
desert-hills-premium-outlets,u-s-polo-assn,false,active,
desert-hills-premium-outlets,ugg,false,active,
desert-hills-premium-outlets,valentino,false,active,
desert-hills-premium-outlets,vans,false,active,
desert-hills-premium-outlets,versace,false,active,
desert-hills-premium-outlets,victorias-secret,false,active,
desert-hills-premium-outlets,vilebrequin,false,active,
desert-hills-premium-outlets,vince,false,active,
desert-hills-premium-outlets,wilson,false,active,
desert-hills-premium-outlets,y-3,false,active,
desert-hills-premium-outlets,zadig-and-voltaire,false,active,
desert-hills-premium-outlets,zegna,false,active,
desert-hills-premium-outlets,zimmermann,false,active,
desert-hills-premium-outlets,zumiez,false,active,
las-vegas-north-premium-outlets,7-for-all-mankind,false,active,
las-vegas-north-premium-outlets,abercrombie-and-fitch,false,active,
las-vegas-north-premium-outlets,adidas,false,active,
las-vegas-north-premium-outlets,aeropostale,false,active,
las-vegas-north-premium-outlets,aldo,false,active,
las-vegas-north-premium-outlets,allsaints,false,active,
las-vegas-north-premium-outlets,american-eagle,false,active,
las-vegas-north-premium-outlets,ann-taylor,false,active,
las-vegas-north-premium-outlets,anne-fontaine,false,active,
las-vegas-north-premium-outlets,arcteryx,false,active,
las-vegas-north-premium-outlets,aritzia,false,active,
las-vegas-north-premium-outlets,armani-exchange,false,active,
las-vegas-north-premium-outlets,armani-outlet,false,active,
las-vegas-north-premium-outlets,asics,false,active,
las-vegas-north-premium-outlets,banana-republic,false,active,
las-vegas-north-premium-outlets,banter-by-piercing-pagoda,false,active,
las-vegas-north-premium-outlets,birkenstock,false,active,
las-vegas-north-premium-outlets,boss,false,active,
las-vegas-north-premium-outlets,boxlunch,false,active,
las-vegas-north-premium-outlets,brics,false,active,
las-vegas-north-premium-outlets,bring-it-back,false,active,
las-vegas-north-premium-outlets,brooks-brothers,false,active,
las-vegas-north-premium-outlets,burberry,false,active,
las-vegas-north-premium-outlets,bylt,false,active,
las-vegas-north-premium-outlets,calvin-klein,false,active,
las-vegas-north-premium-outlets,canali,false,active,
las-vegas-north-premium-outlets,carters,false,active,
las-vegas-north-premium-outlets,oshkosh-bgosh,false,active,
las-vegas-north-premium-outlets,cbd-bloomstem,false,active,
las-vegas-north-premium-outlets,carolina-herrera,false,active,
las-vegas-north-premium-outlets,chicos,false,active,
las-vegas-north-premium-outlets,citizen,false,active,
las-vegas-north-premium-outlets,claires,false,active,
las-vegas-north-premium-outlets,clarins,false,active,
las-vegas-north-premium-outlets,clarks,false,active,
las-vegas-north-premium-outlets,coach,false,active,
las-vegas-north-premium-outlets,cole-haan,false,active,
las-vegas-north-premium-outlets,columbia,false,active,
las-vegas-north-premium-outlets,converse,false,active,
las-vegas-north-premium-outlets,crocs,false,active,
las-vegas-north-premium-outlets,culture-kings,false,active,
las-vegas-north-premium-outlets,david-yurman,false,active,
las-vegas-north-premium-outlets,diesel,false,active,
las-vegas-north-premium-outlets,disney-store,false,active,
las-vegas-north-premium-outlets,dkny,false,active,
las-vegas-north-premium-outlets,dolce-and-gabbana,false,active,
las-vegas-north-premium-outlets,dr-martens,false,active,
las-vegas-north-premium-outlets,etro,false,active,
las-vegas-north-premium-outlets,express,false,active,
las-vegas-north-premium-outlets,fabletics,false,active,
las-vegas-north-premium-outlets,famous-footwear,false,active,
las-vegas-north-premium-outlets,fashion-q,false,active,
las-vegas-north-premium-outlets,ferragamo,false,active,
las-vegas-north-premium-outlets,foot-locker,false,coming-soon,
las-vegas-north-premium-outlets,fragrance-outlet,false,active,
las-vegas-north-premium-outlets,gap,false,active,
las-vegas-north-premium-outlets,guess,false,active,
las-vegas-north-premium-outlets,gymboree,false,active,
las-vegas-north-premium-outlets,heydude,false,active,
las-vegas-north-premium-outlets,hoka,false,active,
las-vegas-north-premium-outlets,hour-passion,false,active,
las-vegas-north-premium-outlets,hurley,false,active,
las-vegas-north-premium-outlets,inspire-me,false,active,
las-vegas-north-premium-outlets,j-crew,false,active,
las-vegas-north-premium-outlets,jd-sports,false,active,
las-vegas-north-premium-outlets,jimmy-choo,false,active,
las-vegas-north-premium-outlets,john-varvatos,false,active,
las-vegas-north-premium-outlets,johnston-and-murphy,false,active,
las-vegas-north-premium-outlets,journeys,false,active,
las-vegas-north-premium-outlets,kalifano,false,active,
las-vegas-north-premium-outlets,karl-lagerfeld,false,active,
las-vegas-north-premium-outlets,kate-spade-new-york,false,active,
las-vegas-north-premium-outlets,kay-jewelers,false,active,
las-vegas-north-premium-outlets,kenzo,false,active,
las-vegas-north-premium-outlets,kipling,false,active,
las-vegas-north-premium-outlets,lacoste,false,active,
las-vegas-north-premium-outlets,le-creuset,false,active,
las-vegas-north-premium-outlets,levis,false,active,
las-vegas-north-premium-outlets,lids,false,active,
las-vegas-north-premium-outlets,l-occitane,false,active,
las-vegas-north-premium-outlets,longchamp,false,active,
las-vegas-north-premium-outlets,lovisa,false,active,
las-vegas-north-premium-outlets,lucchese-bootmaker,false,active,
las-vegas-north-premium-outlets,lululemon,false,active,
las-vegas-north-premium-outlets,luxury-beauty-store,false,active,
las-vegas-north-premium-outlets,maje,false,active,
las-vegas-north-premium-outlets,marc-jacobs,false,active,
las-vegas-north-premium-outlets,michael-kors,false,active,
las-vegas-north-premium-outlets,moose-knuckles,false,active,
las-vegas-north-premium-outlets,movado,false,active,
las-vegas-north-premium-outlets,nautica,false,active,
las-vegas-north-premium-outlets,new-balance,false,active,
las-vegas-north-premium-outlets,nike,false,active,
las-vegas-north-premium-outlets,oakley-vault,false,active,
las-vegas-north-premium-outlets,oliver-peoples,false,active,
las-vegas-north-premium-outlets,on,false,active,
las-vegas-north-premium-outlets,pacific-sunwear,false,active,
las-vegas-north-premium-outlets,paige,false,active,
las-vegas-north-premium-outlets,pandora,false,active,
las-vegas-north-premium-outlets,perfumania,false,active,
las-vegas-north-premium-outlets,perfumes-4u,false,active,
las-vegas-north-premium-outlets,perry-ellis,false,active,
las-vegas-north-premium-outlets,philipp-plein,false,active,
las-vegas-north-premium-outlets,pink-victorias-secret,false,active,
las-vegas-north-premium-outlets,polo-ralph-lauren,false,active,
las-vegas-north-premium-outlets,psycho-bunny,false,active,
las-vegas-north-premium-outlets,puma,false,active,
las-vegas-north-premium-outlets,purple,false,active,
las-vegas-north-premium-outlets,racing-miami,false,active,
las-vegas-north-premium-outlets,rag-and-bone,false,active,
las-vegas-north-premium-outlets,rebag,false,active,
las-vegas-north-premium-outlets,retro-city-games,false,active,
las-vegas-north-premium-outlets,reyn-spooner,false,coming-soon,
las-vegas-north-premium-outlets,robert-graham,false,active,
las-vegas-north-premium-outlets,samsonite,false,active,
las-vegas-north-premium-outlets,sandro,false,active,
las-vegas-north-premium-outlets,shoe-palace,false,active,
las-vegas-north-premium-outlets,skechers,false,active,
las-vegas-north-premium-outlets,skims,false,coming-soon,
las-vegas-north-premium-outlets,st-john,false,active,
las-vegas-north-premium-outlets,steve-madden,false,active,
las-vegas-north-premium-outlets,stuart-weitzman,false,active,
las-vegas-north-premium-outlets,sunglass-hut,false,active,
las-vegas-north-premium-outlets,swarovski,false,active,
las-vegas-north-premium-outlets,the-cosmetics-company-store,false,active,
las-vegas-north-premium-outlets,the-north-face,false,active,
las-vegas-north-premium-outlets,theory,false,active,
las-vegas-north-premium-outlets,tommy-bahama,false,active,
las-vegas-north-premium-outlets,tommy-hilfiger,false,active,
las-vegas-north-premium-outlets,tory-burch,false,active,
las-vegas-north-premium-outlets,travismathew,false,active,
las-vegas-north-premium-outlets,true-religion,false,active,
las-vegas-north-premium-outlets,tumi,false,active,
las-vegas-north-premium-outlets,u-s-polo-assn,false,active,
las-vegas-north-premium-outlets,ugg,false,active,
las-vegas-north-premium-outlets,under-armour,false,active,
las-vegas-north-premium-outlets,vans,false,active,
las-vegas-north-premium-outlets,vercini,false,active,
las-vegas-north-premium-outlets,versace,false,active,
las-vegas-north-premium-outlets,victorias-secret,false,active,
las-vegas-north-premium-outlets,vilebrequin,false,active,
las-vegas-north-premium-outlets,vince,false,active,
las-vegas-north-premium-outlets,vineyard-vines,false,active,
las-vegas-north-premium-outlets,viva-vegas-gifts,false,active,
las-vegas-north-premium-outlets,vuori,false,active,
las-vegas-north-premium-outlets,welcome-to-las-vegas,false,active,
las-vegas-north-premium-outlets,white-house-black-market,false,active,
las-vegas-north-premium-outlets,zadig-and-voltaire,false,active,
las-vegas-north-premium-outlets,zales,false,active,
las-vegas-north-premium-outlets,zimmermann,false,coming-soon,
las-vegas-north-premium-outlets,zumiez,false,active,
las-vegas-north-premium-outlets,zwilling,false,active,
orlando-vineland-premium-outlets,7-for-all-mankind,false,active,
orlando-vineland-premium-outlets,adidas,false,active,
orlando-vineland-premium-outlets,aeropostale,false,active,
orlando-vineland-premium-outlets,ag-jeans,false,active,
orlando-vineland-premium-outlets,allsaints,false,active,
orlando-vineland-premium-outlets,american-eagle,false,active,
orlando-vineland-premium-outlets,amiri,false,active,
orlando-vineland-premium-outlets,ann-taylor,false,active,
orlando-vineland-premium-outlets,anne-fontaine,false,active,
orlando-vineland-premium-outlets,sunglass-hut,false,active,
orlando-vineland-premium-outlets,armani-exchange,false,active,
orlando-vineland-premium-outlets,armani-outlet,false,active,
orlando-vineland-premium-outlets,asics,false,active,
orlando-vineland-premium-outlets,banana-republic,false,active,
orlando-vineland-premium-outlets,birkenstock,false,active,
orlando-vineland-premium-outlets,boss,false,active,
orlando-vineland-premium-outlets,bottega-veneta,false,active,
orlando-vineland-premium-outlets,brooks-brothers,false,active,
orlando-vineland-premium-outlets,brunello-cucinelli,false,active,
orlando-vineland-premium-outlets,bulova,false,active,
orlando-vineland-premium-outlets,burberry,false,active,
orlando-vineland-premium-outlets,calvin-klein,false,active,
orlando-vineland-premium-outlets,camilla,false,active,
orlando-vineland-premium-outlets,carters,false,active,
orlando-vineland-premium-outlets,carolina-herrera,false,active,
orlando-vineland-premium-outlets,citizen,false,active,
orlando-vineland-premium-outlets,claires,false,active,
orlando-vineland-premium-outlets,clarins,false,active,
orlando-vineland-premium-outlets,clarks,false,active,
orlando-vineland-premium-outlets,coach,false,active,
orlando-vineland-premium-outlets,cole-haan,false,active,
orlando-vineland-premium-outlets,columbia,false,active,
orlando-vineland-premium-outlets,converse,false,active,
orlando-vineland-premium-outlets,crocs,false,active,
orlando-vineland-premium-outlets,diesel,false,active,
orlando-vineland-premium-outlets,disney-store,false,active,
orlando-vineland-premium-outlets,dkny,false,active,
orlando-vineland-premium-outlets,dolce-and-gabbana,false,active,
orlando-vineland-premium-outlets,express,false,active,
orlando-vineland-premium-outlets,fabletics,false,active,
orlando-vineland-premium-outlets,ferragamo,false,active,
orlando-vineland-premium-outlets,ferrari,false,active,
orlando-vineland-premium-outlets,fragrance-outlet,false,active,
orlando-vineland-premium-outlets,gap,false,active,
orlando-vineland-premium-outlets,gucci,false,active,
orlando-vineland-premium-outlets,guess,false,active,
orlando-vineland-premium-outlets,heydude,false,active,
orlando-vineland-premium-outlets,hoka,false,active,
orlando-vineland-premium-outlets,hurley,false,active,
orlando-vineland-premium-outlets,j-crew,false,active,
orlando-vineland-premium-outlets,janie-and-jack,false,active,
orlando-vineland-premium-outlets,jd-sports,false,active,
orlando-vineland-premium-outlets,jimmy-choo,false,active,
orlando-vineland-premium-outlets,johnston-and-murphy,false,active,
orlando-vineland-premium-outlets,journeys,false,active,
orlando-vineland-premium-outlets,karl-lagerfeld,false,active,
orlando-vineland-premium-outlets,kate-spade-new-york,false,active,
orlando-vineland-premium-outlets,kay-jewelers,false,active,
orlando-vineland-premium-outlets,kipling,false,active,
orlando-vineland-premium-outlets,lacoste,false,active,
orlando-vineland-premium-outlets,levis,false,active,
orlando-vineland-premium-outlets,lids,false,active,
orlando-vineland-premium-outlets,loft,false,active,
orlando-vineland-premium-outlets,longchamp,false,active,
orlando-vineland-premium-outlets,lucky-brand,false,active,
orlando-vineland-premium-outlets,lululemon,false,active,
orlando-vineland-premium-outlets,marc-jacobs,false,active,
orlando-vineland-premium-outlets,max-mara,false,active,
orlando-vineland-premium-outlets,mcm,false,active,
orlando-vineland-premium-outlets,michael-kors,false,active,
orlando-vineland-premium-outlets,moncler,false,active,
orlando-vineland-premium-outlets,movado,false,active,
orlando-vineland-premium-outlets,nautica,false,active,
orlando-vineland-premium-outlets,new-balance,false,active,
orlando-vineland-premium-outlets,nike,false,active,
orlando-vineland-premium-outlets,oakley-vault,false,active,
orlando-vineland-premium-outlets,old-navy,false,active,
orlando-vineland-premium-outlets,original-penguin,false,active,
orlando-vineland-premium-outlets,pacific-sunwear,false,active,
orlando-vineland-premium-outlets,pandora,false,active,
orlando-vineland-premium-outlets,perfumania,false,active,
orlando-vineland-premium-outlets,perfumes-4u,false,active,
orlando-vineland-premium-outlets,perry-ellis,false,active,
orlando-vineland-premium-outlets,polo-ralph-lauren,false,active,
orlando-vineland-premium-outlets,prada,false,active,
orlando-vineland-premium-outlets,primark,false,active,
orlando-vineland-premium-outlets,primicia-luggage,false,active,
orlando-vineland-premium-outlets,garmin,false,active,
orlando-vineland-premium-outlets,psycho-bunny,false,active,
orlando-vineland-premium-outlets,puma,false,active,
orlando-vineland-premium-outlets,racing-miami,false,active,
orlando-vineland-premium-outlets,rack-room-shoes,false,active,
orlando-vineland-premium-outlets,samsonite,false,active,
orlando-vineland-premium-outlets,skechers,false,active,
orlando-vineland-premium-outlets,steve-madden,false,active,
orlando-vineland-premium-outlets,swarovski,false,active,
orlando-vineland-premium-outlets,tag-heuer,false,active,
orlando-vineland-premium-outlets,the-childrens-place,false,active,
orlando-vineland-premium-outlets,gymboree,false,active,
orlando-vineland-premium-outlets,the-cosmetics-company-store,false,active,
orlando-vineland-premium-outlets,the-north-face,false,active,
orlando-vineland-premium-outlets,theory,false,active,
orlando-vineland-premium-outlets,timberland,false,active,
orlando-vineland-premium-outlets,tommy-bahama,false,active,
orlando-vineland-premium-outlets,tommy-hilfiger,false,active,
orlando-vineland-premium-outlets,tory-burch,false,active,
orlando-vineland-premium-outlets,true-religion,false,active,
orlando-vineland-premium-outlets,tumi,false,active,
orlando-vineland-premium-outlets,u-s-polo-assn,false,active,
orlando-vineland-premium-outlets,ugg,false,active,
orlando-vineland-premium-outlets,under-armour,false,active,
orlando-vineland-premium-outlets,valentino,false,active,
orlando-vineland-premium-outlets,vans,false,active,
orlando-vineland-premium-outlets,vera-bradley,false,active,
orlando-vineland-premium-outlets,versace,false,active,
orlando-vineland-premium-outlets,victorias-secret,false,active,
orlando-vineland-premium-outlets,vilebrequin,false,active,
orlando-vineland-premium-outlets,vineyard-vines,false,active,
orlando-vineland-premium-outlets,vitamin-world,false,active,
orlando-vineland-premium-outlets,vuori,false,active,
orlando-vineland-premium-outlets,zadig-and-voltaire,false,active,
orlando-vineland-premium-outlets,zales,false,active,
orlando-vineland-premium-outlets,zegna,false,active,
orlando-vineland-premium-outlets,zumiez,false,active,
orlando-vineland-premium-outlets,zwilling,false,active,
san-francisco-premium-outlets,7-for-all-mankind,false,active,
san-francisco-premium-outlets,abercrombie-and-fitch,false,active,
san-francisco-premium-outlets,adidas,false,active,
san-francisco-premium-outlets,aerie,false,active,
san-francisco-premium-outlets,aeropostale,false,active,
san-francisco-premium-outlets,aldo,false,active,
san-francisco-premium-outlets,allsaints,false,active,
san-francisco-premium-outlets,american-eagle,false,active,
san-francisco-premium-outlets,ann-taylor,false,active,
san-francisco-premium-outlets,anne-fontaine,false,active,
san-francisco-premium-outlets,arcteryx,false,active,
san-francisco-premium-outlets,armani-exchange,false,active,
san-francisco-premium-outlets,armani-outlet,false,active,
san-francisco-premium-outlets,asics,false,active,
san-francisco-premium-outlets,banana-republic,false,active,
san-francisco-premium-outlets,bath-and-body-works,false,active,
san-francisco-premium-outlets,birkenstock,false,active,
san-francisco-premium-outlets,bloomingdales,false,active,
san-francisco-premium-outlets,boss,false,active,
san-francisco-premium-outlets,brics,false,active,
san-francisco-premium-outlets,brooks-brothers,false,active,
san-francisco-premium-outlets,brunello-cucinelli,false,active,
san-francisco-premium-outlets,burberry,false,active,
san-francisco-premium-outlets,calvin-klein,false,active,
san-francisco-premium-outlets,calvin-klein-underwear,false,active,
san-francisco-premium-outlets,carters,false,active,
san-francisco-premium-outlets,chicos,false,active,
san-francisco-premium-outlets,citizen,false,active,
san-francisco-premium-outlets,claires,false,active,
san-francisco-premium-outlets,clarins,false,active,
san-francisco-premium-outlets,clarks,false,active,
san-francisco-premium-outlets,coach,false,active,
san-francisco-premium-outlets,cole-haan,false,active,
san-francisco-premium-outlets,columbia,false,active,
san-francisco-premium-outlets,converse,false,active,
san-francisco-premium-outlets,crocs,false,active,
san-francisco-premium-outlets,diesel,false,active,
san-francisco-premium-outlets,disney-store,false,active,
san-francisco-premium-outlets,dkny,false,active,
san-francisco-premium-outlets,dolce-and-gabbana,false,active,
san-francisco-premium-outlets,dr-martens,false,active,
san-francisco-premium-outlets,ella-sfpo,false,active,
san-francisco-premium-outlets,express,false,active,
san-francisco-premium-outlets,fabletics,false,active,
san-francisco-premium-outlets,famous-footwear,false,active,
san-francisco-premium-outlets,fashion-q,false,active,
san-francisco-premium-outlets,ferragamo,false,active,
san-francisco-premium-outlets,finish-line,false,active,
san-francisco-premium-outlets,forever-drip-d,false,active,
san-francisco-premium-outlets,fossil,false,active,
san-francisco-premium-outlets,fragrance-outlet,false,active,
san-francisco-premium-outlets,furla,false,active,
san-francisco-premium-outlets,gap,false,active,
san-francisco-premium-outlets,givenchy,false,active,
san-francisco-premium-outlets,gucci,false,active,
san-francisco-premium-outlets,guess,false,active,
san-francisco-premium-outlets,gymboree,false,active,
san-francisco-premium-outlets,h-and-m,false,active,
san-francisco-premium-outlets,helly-hansen,false,active,
san-francisco-premium-outlets,heydude,false,active,
san-francisco-premium-outlets,hollister,false,active,
san-francisco-premium-outlets,hurley,false,active,
san-francisco-premium-outlets,inspire-shoes,false,active,
san-francisco-premium-outlets,j-crew,false,active,
san-francisco-premium-outlets,janie-and-jack,false,active,
san-francisco-premium-outlets,jimmy-choo,false,active,
san-francisco-premium-outlets,john-varvatos,false,active,
san-francisco-premium-outlets,journeys,false,coming-soon,
san-francisco-premium-outlets,karl-lagerfeld,false,active,
san-francisco-premium-outlets,kate-spade-new-york,false,active,
san-francisco-premium-outlets,kay-jewelers,false,active,
san-francisco-premium-outlets,kevin-jewelers,false,active,
san-francisco-premium-outlets,khanbogd,false,active,
san-francisco-premium-outlets,kipling,false,active,
san-francisco-premium-outlets,la-fragancia,false,active,
san-francisco-premium-outlets,lacoste,false,active,
san-francisco-premium-outlets,le-creuset,false,active,
san-francisco-premium-outlets,levis,false,active,
san-francisco-premium-outlets,lids,false,active,
san-francisco-premium-outlets,l-occitane,false,active,
san-francisco-premium-outlets,loft,false,active,
san-francisco-premium-outlets,longchamp,false,active,
san-francisco-premium-outlets,loro-piana,false,active,
san-francisco-premium-outlets,lucky-brand,false,active,
san-francisco-premium-outlets,lululemon,false,active,
san-francisco-premium-outlets,luxury-beauty-store,false,active,
san-francisco-premium-outlets,maje,false,active,
san-francisco-premium-outlets,marc-jacobs,false,active,
san-francisco-premium-outlets,marine-layer,false,active,
san-francisco-premium-outlets,max-mara,false,active,
san-francisco-premium-outlets,merrell,false,active,
san-francisco-premium-outlets,michael-kors,false,active,
san-francisco-premium-outlets,miniso,false,active,
san-francisco-premium-outlets,moncler,false,active,
san-francisco-premium-outlets,movado,false,active,
san-francisco-premium-outlets,new-balance,false,active,
san-francisco-premium-outlets,nike,false,active,
san-francisco-premium-outlets,nokwal,false,active,
san-francisco-premium-outlets,oakley-vault,false,active,
san-francisco-premium-outlets,old-navy,false,active,
san-francisco-premium-outlets,pacific-sunwear,false,active,
san-francisco-premium-outlets,pandora,false,active,
san-francisco-premium-outlets,perfumania,false,active,
san-francisco-premium-outlets,perfume-de-paris,false,active,
san-francisco-premium-outlets,peserico,false,active,
san-francisco-premium-outlets,polo-ralph-lauren,false,active,
san-francisco-premium-outlets,prada,false,active,
san-francisco-premium-outlets,psycho-bunny,false,active,
san-francisco-premium-outlets,puma,false,active,
san-francisco-premium-outlets,rack-room-shoes,false,active,
san-francisco-premium-outlets,rag-and-bone,false,active,
san-francisco-premium-outlets,roger-vivier,false,active,
san-francisco-premium-outlets,samsonite,false,active,
san-francisco-premium-outlets,sandro,false,active,
san-francisco-premium-outlets,sephora,false,active,
san-francisco-premium-outlets,shoe-palace,false,active,
san-francisco-premium-outlets,skechers,false,active,
san-francisco-premium-outlets,st-john,false,active,
san-francisco-premium-outlets,steve-madden,false,active,
san-francisco-premium-outlets,stuart-weitzman,false,active,
san-francisco-premium-outlets,sunglass-hut,false,active,
san-francisco-premium-outlets,superdry,false,active,
san-francisco-premium-outlets,swarovski,false,active,
san-francisco-premium-outlets,the-childrens-place,false,active,
san-francisco-premium-outlets,the-cosmetics-company-store,false,active,
san-francisco-premium-outlets,the-north-face,false,active,
san-francisco-premium-outlets,theory,false,active,
san-francisco-premium-outlets,timberland,false,active,
san-francisco-premium-outlets,timbuk2,false,active,
san-francisco-premium-outlets,tods,false,active,
san-francisco-premium-outlets,tokyo-beauty,false,active,
san-francisco-premium-outlets,tommy-hilfiger,false,active,
san-francisco-premium-outlets,tory-burch,false,active,
san-francisco-premium-outlets,toys-n-motion,false,active,
san-francisco-premium-outlets,true-religion,false,active,
san-francisco-premium-outlets,tumi,false,active,
san-francisco-premium-outlets,u-s-polo-assn,false,active,
san-francisco-premium-outlets,ugg,false,active,
san-francisco-premium-outlets,under-armour,false,active,
san-francisco-premium-outlets,valliani-jewelers,false,active,
san-francisco-premium-outlets,vans,false,active,
san-francisco-premium-outlets,versace,false,active,
san-francisco-premium-outlets,victorias-secret,false,active,
san-francisco-premium-outlets,vince,false,active,
san-francisco-premium-outlets,vitamin-world,false,active,
san-francisco-premium-outlets,vuori,false,active,
san-francisco-premium-outlets,watch-station-international,false,active,
san-francisco-premium-outlets,white-house-black-market,false,active,
san-francisco-premium-outlets,windsor,false,active,
san-francisco-premium-outlets,zales,false,active,
san-francisco-premium-outlets,zegna,false,active,
san-francisco-premium-outlets,zwilling,false,active,
sawgrass-mills,7-for-all-mankind,false,active,
sawgrass-mills,abercrombie-and-fitch,false,active,
sawgrass-mills,adidas,false,active,
sawgrass-mills,aerie,false,active,
sawgrass-mills,aeropostale,false,active,
sawgrass-mills,aguabendita,false,active,
sawgrass-mills,aldo,false,active,
sawgrass-mills,allsaints,false,active,
sawgrass-mills,american-eagle,false,active,
sawgrass-mills,amiri,false,active,
sawgrass-mills,anine-bing,false,active,
sawgrass-mills,ann-taylor,false,active,
sawgrass-mills,ariat,false,active,
sawgrass-mills,aritzia,false,coming-soon,
sawgrass-mills,armani,false,active,
sawgrass-mills,armani-exchange,false,active,
sawgrass-mills,asics,false,active,
sawgrass-mills,babycottons,false,active,
sawgrass-mills,balenciaga,false,active,
sawgrass-mills,balmain,false,active,
sawgrass-mills,banana-republic,false,active,
sawgrass-mills,banter-by-piercing-pagoda,false,active,
sawgrass-mills,bath-and-body-works,false,active,
sawgrass-mills,birkenstock,false,active,
sawgrass-mills,bloomingdales,false,active,
sawgrass-mills,books-a-million,false,active,
sawgrass-mills,boss,false,active,
sawgrass-mills,boxlunch,false,active,
sawgrass-mills,brandsmart-usa,false,active,
sawgrass-mills,breitling,false,active,
sawgrass-mills,brooks-brothers,false,active,
sawgrass-mills,brunello-cucinelli,false,active,
sawgrass-mills,burberry,false,active,
sawgrass-mills,burlington,false,active,
sawgrass-mills,bylt,false,active,
sawgrass-mills,calvin-klein,false,active,
sawgrass-mills,calvin-klein-underwear,false,active,
sawgrass-mills,calzedonia,false,active,
sawgrass-mills,carters,false,active,
sawgrass-mills,carolina-herrera,false,active,
sawgrass-mills,champs-sports,false,active,
sawgrass-mills,charlotte-russe,false,active,
sawgrass-mills,chicos,false,active,
sawgrass-mills,christian-louboutin,false,active,
sawgrass-mills,citizen,false,active,
sawgrass-mills,claires,false,active,
sawgrass-mills,clarins,false,active,
sawgrass-mills,clarks,false,active,
sawgrass-mills,coach,false,active,
sawgrass-mills,cole-haan,false,active,
sawgrass-mills,columbia,false,active,
sawgrass-mills,converse,false,active,
sawgrass-mills,cotton-natural,false,active,
sawgrass-mills,crocs,false,active,
sawgrass-mills,cubavera,false,active,
sawgrass-mills,cult-gaia,false,active,
sawgrass-mills,david-yurman,false,active,
sawgrass-mills,designers-jewelry-collection,false,active,
sawgrass-mills,diamonds-international,false,active,
sawgrass-mills,dick-s-sporting-goods,false,active,
sawgrass-mills,diesel,false,active,
sawgrass-mills,dolce-and-gabbana,false,active,
sawgrass-mills,elegance-perfumes,false,active,
sawgrass-mills,etro,false,active,
sawgrass-mills,express,false,active,
sawgrass-mills,fabletics,false,active,
sawgrass-mills,famous-footwear,false,active,
sawgrass-mills,fashion-q,false,active,
sawgrass-mills,fendi,false,active,
sawgrass-mills,ferragamo,false,active,
sawgrass-mills,five-below,false,active,
sawgrass-mills,florsheim,false,active,
sawgrass-mills,foot-locker,false,active,
sawgrass-mills,fossil,false,active,
sawgrass-mills,fragrance-outlet,false,active,
sawgrass-mills,frette,false,active,
sawgrass-mills,guess,false,active,
sawgrass-mills,gap,false,active,
sawgrass-mills,garage,false,active,
sawgrass-mills,gnc,false,active,
sawgrass-mills,greg-norman,false,active,
sawgrass-mills,g-star-raw,false,active,
sawgrass-mills,gucci,false,active,
sawgrass-mills,h-and-m,false,active,
sawgrass-mills,herve-leger,false,active,
sawgrass-mills,hollister,false,active,
sawgrass-mills,homesense,false,active,
sawgrass-mills,hot-topic,false,active,
sawgrass-mills,hugo,false,active,
sawgrass-mills,huk,false,active,
sawgrass-mills,hurley,false,active,
sawgrass-mills,intimissimi,false,active,
sawgrass-mills,invicta,false,active,
sawgrass-mills,j-crew,false,active,
sawgrass-mills,james-bark,false,active,
sawgrass-mills,janie-and-jack,false,active,
sawgrass-mills,jd-sports,false,active,
sawgrass-mills,jimmy-choo,false,active,
sawgrass-mills,johnny-was,false,active,
sawgrass-mills,journeys,false,active,
sawgrass-mills,karl-lagerfeld,false,active,
sawgrass-mills,kate-spade-new-york,false,active,
sawgrass-mills,kay-jewelers,false,active,
sawgrass-mills,kiko-milano,false,active,
sawgrass-mills,kipling,false,active,
sawgrass-mills,lacoste,false,active,
sawgrass-mills,lafayette-148-new-york,false,active,
sawgrass-mills,le-creuset,false,active,
sawgrass-mills,lego,false,active,
sawgrass-mills,lelior,false,active,
sawgrass-mills,levis,false,active,
sawgrass-mills,lids,false,active,
sawgrass-mills,l-occitane,false,active,
sawgrass-mills,loro-piana,false,active,
sawgrass-mills,lucky-brand,false,active,
sawgrass-mills,luli-fama,false,active,
sawgrass-mills,lululemon,false,active,
sawgrass-mills,maje,false,active,
sawgrass-mills,mania-jeans,false,active,
sawgrass-mills,marc-jacobs,false,active,
sawgrass-mills,marshalls,false,active,
sawgrass-mills,michael-kors,false,active,
sawgrass-mills,moida,false,coming-soon,
sawgrass-mills,moncler,false,active,
sawgrass-mills,monnalisa,false,active,
sawgrass-mills,montblanc,false,active,
sawgrass-mills,movado,false,active,
sawgrass-mills,nautica,false,active,
sawgrass-mills,new-balance,false,active,
sawgrass-mills,nike,false,active,
sawgrass-mills,nini-and-loli,false,active,
sawgrass-mills,nordstrom-rack,false,active,
sawgrass-mills,oakley-vault,false,active,
sawgrass-mills,oasis-cigar,false,active,
sawgrass-mills,off-broadway-shoe-warehouse,false,active,
sawgrass-mills,old-navy,false,active,
sawgrass-mills,original-penguin,false,active,
sawgrass-mills,pacific-sunwear,false,active,
sawgrass-mills,pandora,false,active,
sawgrass-mills,perfumania,false,active,
sawgrass-mills,perfumes-4u,false,active,
sawgrass-mills,perry-ellis,false,active,
sawgrass-mills,peserico,false,active,
sawgrass-mills,philipp-plein,false,active,
sawgrass-mills,plein-sport,false,active,
sawgrass-mills,polo-ralph-lauren,false,active,
sawgrass-mills,prada,false,active,
sawgrass-mills,premier-by-showtime,false,active,
sawgrass-mills,primark,false,active,
sawgrass-mills,garmin,false,active,
sawgrass-mills,psycho-bunny,false,active,
sawgrass-mills,puma,false,active,
sawgrass-mills,purificacion-garcia,false,active,
sawgrass-mills,racing-miami,false,active,
sawgrass-mills,rack-room-shoes,false,active,
sawgrass-mills,rag-and-bone,false,active,
sawgrass-mills,rebag,false,active,
sawgrass-mills,reebok,false,active,
sawgrass-mills,robert-graham,false,active,
sawgrass-mills,roberto-cavalli,false,active,
sawgrass-mills,runner-s-depot,false,active,
sawgrass-mills,saint-laurent,false,active,
sawgrass-mills,saks-off-5th,false,active,
sawgrass-mills,samsonite,false,active,
sawgrass-mills,samsung,false,active,
sawgrass-mills,sandro,false,active,
sawgrass-mills,sephora,false,active,
sawgrass-mills,sferra,false,active,
sawgrass-mills,shoe-palace,false,active,
sawgrass-mills,skechers,false,active,
sawgrass-mills,skims,false,active,
sawgrass-mills,sneaker-lovers,false,active,
sawgrass-mills,solaris,false,active,
sawgrass-mills,spencer-gifts,false,active,
sawgrass-mills,splendid,false,active,
sawgrass-mills,sportive,false,active,
sawgrass-mills,st-john,false,active,
sawgrass-mills,steve-madden,false,active,
sawgrass-mills,stuart-weitzman,false,active,
sawgrass-mills,sunglass-hut,false,active,
sawgrass-mills,super-bins,false,active,
sawgrass-mills,target,false,active,
sawgrass-mills,swarovski,false,active,
sawgrass-mills,swatch,false,active,
sawgrass-mills,tj-maxx,false,active,
sawgrass-mills,tag-heuer,false,active,
sawgrass-mills,the-childrens-place,false,active,
sawgrass-mills,gymboree,false,active,
sawgrass-mills,the-cosmetics-company-store,false,active,
sawgrass-mills,the-north-face,false,active,
sawgrass-mills,theory,false,active,
sawgrass-mills,timberland,false,active,
sawgrass-mills,tissot,false,active,
sawgrass-mills,t-mobile,false,active,
sawgrass-mills,tns-usa,false,active,
sawgrass-mills,tods,false,active,
sawgrass-mills,tommy-bahama,false,active,
sawgrass-mills,tommy-hilfiger,false,active,
sawgrass-mills,tory-burch,false,active,
sawgrass-mills,toys-r-us,false,active,
sawgrass-mills,traveltino,false,active,
sawgrass-mills,tumi,false,active,
sawgrass-mills,u-s-polo-assn,false,active,
sawgrass-mills,under-armour,false,active,
sawgrass-mills,uniform-advantage,false,active,
sawgrass-mills,unode50,false,active,
sawgrass-mills,valentino,false,active,
sawgrass-mills,vans,false,active,
sawgrass-mills,versace,false,active,
sawgrass-mills,pink-victorias-secret,false,active,
sawgrass-mills,vilebrequin,false,active,
sawgrass-mills,vince,false,active,
sawgrass-mills,vineyard-vines,false,active,
sawgrass-mills,vx-technologies,false,active,
sawgrass-mills,watch-station-international,false,active,
sawgrass-mills,windsor,false,active,
sawgrass-mills,wolford,false,active,
sawgrass-mills,zadig-and-voltaire,false,active,
sawgrass-mills,zales,false,active,
sawgrass-mills,zegna,false,active,
sawgrass-mills,zimmermann,false,active,
sawgrass-mills,zumiez,false,active,
sawgrass-mills,zwilling,false,active,
woodbury-common-premium-outlets,7-for-all-mankind,false,active,
woodbury-common-premium-outlets,abercrombie-and-fitch,false,active,
woodbury-common-premium-outlets,acne-studios,false,active,
woodbury-common-premium-outlets,adidas,false,active,
woodbury-common-premium-outlets,aerie,false,active,
woodbury-common-premium-outlets,aeropostale,false,active,
woodbury-common-premium-outlets,aldo,false,active,
woodbury-common-premium-outlets,alexander-mcqueen,false,active,
woodbury-common-premium-outlets,allsaints,false,active,
woodbury-common-premium-outlets,american-eagle,false,active,
woodbury-common-premium-outlets,amiri,false,active,
woodbury-common-premium-outlets,anine-bing,false,active,
woodbury-common-premium-outlets,ann-taylor,false,active,
woodbury-common-premium-outlets,anne-fontaine,false,active,
woodbury-common-premium-outlets,arcteryx,false,active,
woodbury-common-premium-outlets,aritzia,false,active,
woodbury-common-premium-outlets,armani-exchange,false,active,
woodbury-common-premium-outlets,armani-outlet,false,active,
woodbury-common-premium-outlets,asics,false,active,
woodbury-common-premium-outlets,balenciaga,false,active,
woodbury-common-premium-outlets,balmain,false,active,
woodbury-common-premium-outlets,banana-republic,false,active,
woodbury-common-premium-outlets,birkenstock,false,coming-soon,
woodbury-common-premium-outlets,bloomingdales,false,active,
woodbury-common-premium-outlets,boggi-milano,false,active,
woodbury-common-premium-outlets,bogner,false,active,
woodbury-common-premium-outlets,bonpoint,false,active,
woodbury-common-premium-outlets,boss,false,active,
woodbury-common-premium-outlets,bottega-veneta,false,active,
woodbury-common-premium-outlets,brioni,false,active,
woodbury-common-premium-outlets,brooks-brothers,false,active,
woodbury-common-premium-outlets,brunello-cucinelli,false,active,
woodbury-common-premium-outlets,burberry,false,active,
woodbury-common-premium-outlets,calvin-klein,false,active,
woodbury-common-premium-outlets,canada-goose,false,active,
woodbury-common-premium-outlets,carters,false,active,
woodbury-common-premium-outlets,oshkosh-bgosh,false,active,
woodbury-common-premium-outlets,celine,false,active,
woodbury-common-premium-outlets,chloe,false,active,
woodbury-common-premium-outlets,christian-louboutin,false,active,
woodbury-common-premium-outlets,citizen,false,active,
woodbury-common-premium-outlets,clarins,false,active,
woodbury-common-premium-outlets,clarks,false,active,
woodbury-common-premium-outlets,coach,false,active,
woodbury-common-premium-outlets,cole-haan,false,active,
woodbury-common-premium-outlets,columbia,false,active,
woodbury-common-premium-outlets,creed,false,active,
woodbury-common-premium-outlets,crocs,false,active,
woodbury-common-premium-outlets,david-yurman,false,active,
woodbury-common-premium-outlets,diesel,false,active,
woodbury-common-premium-outlets,dior,false,active,
woodbury-common-premium-outlets,dkny,false,active,
woodbury-common-premium-outlets,dolce-and-gabbana,false,active,
woodbury-common-premium-outlets,dunhill,false,active,
woodbury-common-premium-outlets,eleventy,false,active,
woodbury-common-premium-outlets,emilio-pucci,false,active,
woodbury-common-premium-outlets,eton,false,active,
woodbury-common-premium-outlets,etro,false,active,
woodbury-common-premium-outlets,express,false,active,
woodbury-common-premium-outlets,fendi,false,active,
woodbury-common-premium-outlets,ferragamo,false,active,
woodbury-common-premium-outlets,fragrance-outlet,false,active,
woodbury-common-premium-outlets,frette,false,active,
woodbury-common-premium-outlets,furla,false,active,
woodbury-common-premium-outlets,ganni,false,active,
woodbury-common-premium-outlets,gap,false,active,
woodbury-common-premium-outlets,givenchy,false,active,
woodbury-common-premium-outlets,golden-goose,false,active,
woodbury-common-premium-outlets,g-star-raw,false,active,
woodbury-common-premium-outlets,gucci,false,active,
woodbury-common-premium-outlets,guess,false,active,
woodbury-common-premium-outlets,gymboree,false,active,
woodbury-common-premium-outlets,helly-hansen,false,active,
woodbury-common-premium-outlets,herno,false,active,
woodbury-common-premium-outlets,hobbs,false,active,
woodbury-common-premium-outlets,hoka,false,active,
woodbury-common-premium-outlets,hollister,false,active,
woodbury-common-premium-outlets,hour-passion,false,active,
woodbury-common-premium-outlets,isabel-marant,false,active,
woodbury-common-premium-outlets,isaia,false,active,
woodbury-common-premium-outlets,j-crew,false,active,
woodbury-common-premium-outlets,janie-and-jack,false,active,
woodbury-common-premium-outlets,jil-sander,false,active,
woodbury-common-premium-outlets,jimmy-choo,false,active,
woodbury-common-premium-outlets,john-varvatos,false,active,
woodbury-common-premium-outlets,karl-lagerfeld,false,active,
woodbury-common-premium-outlets,kate-spade-new-york,false,active,
woodbury-common-premium-outlets,kay-jewelers,false,active,
woodbury-common-premium-outlets,k-beauty-ave,false,active,
woodbury-common-premium-outlets,kenzo,false,active,
woodbury-common-premium-outlets,kids-around,false,active,
woodbury-common-premium-outlets,kipling,false,active,
woodbury-common-premium-outlets,lacoste,false,active,
woodbury-common-premium-outlets,lafayette-148-new-york,false,active,
woodbury-common-premium-outlets,l-agence,false,active,
woodbury-common-premium-outlets,le-creuset,false,active,
woodbury-common-premium-outlets,lenscrafters,false,active,
woodbury-common-premium-outlets,levis,false,active,
woodbury-common-premium-outlets,lids,false,active,
woodbury-common-premium-outlets,l-occitane,false,active,
woodbury-common-premium-outlets,loewe,false,active,
woodbury-common-premium-outlets,loft,false,active,
woodbury-common-premium-outlets,longchamp,false,active,
woodbury-common-premium-outlets,loro-piana,false,active,
woodbury-common-premium-outlets,loveshackfancy,false,active,
woodbury-common-premium-outlets,lucky-brand,false,active,
woodbury-common-premium-outlets,lukure,false,active,
woodbury-common-premium-outlets,lululemon,false,active,
woodbury-common-premium-outlets,mackage,false,active,
woodbury-common-premium-outlets,maison-margiela,false,active,
woodbury-common-premium-outlets,maje,false,active,
woodbury-common-premium-outlets,marc-jacobs,false,active,
woodbury-common-premium-outlets,marni,false,active,
woodbury-common-premium-outlets,max-mara,false,active,
woodbury-common-premium-outlets,mcm,false,active,
woodbury-common-premium-outlets,michael-kors,false,active,
woodbury-common-premium-outlets,molton-brown,false,active,
woodbury-common-premium-outlets,moncler,false,active,
woodbury-common-premium-outlets,montblanc,false,active,
woodbury-common-premium-outlets,moose-knuckles,false,active,
woodbury-common-premium-outlets,movado,false,active,
woodbury-common-premium-outlets,mulberry,false,active,
woodbury-common-premium-outlets,new-balance,false,active,
woodbury-common-premium-outlets,nike,false,active,
woodbury-common-premium-outlets,oakley-vault,false,active,
woodbury-common-premium-outlets,off-white,false,active,
woodbury-common-premium-outlets,old-navy,false,active,
woodbury-common-premium-outlets,on,false,active,
woodbury-common-premium-outlets,pacific-sunwear,false,active,
woodbury-common-premium-outlets,paige,false,active,
woodbury-common-premium-outlets,pandora,false,active,
woodbury-common-premium-outlets,paul-smith,false,active,
woodbury-common-premium-outlets,perfumania,false,active,
woodbury-common-premium-outlets,peserico,false,active,
woodbury-common-premium-outlets,philipp-plein,false,active,
woodbury-common-premium-outlets,polo-ralph-lauren,false,active,
woodbury-common-premium-outlets,pop-mart,false,active,
woodbury-common-premium-outlets,prada,false,active,
woodbury-common-premium-outlets,psycho-bunny,false,active,
woodbury-common-premium-outlets,puma,false,active,
woodbury-common-premium-outlets,purple,false,active,
woodbury-common-premium-outlets,rag-and-bone,false,active,
woodbury-common-premium-outlets,reformation,false,active,
woodbury-common-premium-outlets,reiss,false,active,
woodbury-common-premium-outlets,robert-graham,false,active,
woodbury-common-premium-outlets,roberto-cavalli,false,active,
woodbury-common-premium-outlets,rothy-s,false,active,
woodbury-common-premium-outlets,rudsak,false,active,
woodbury-common-premium-outlets,saint-laurent,false,active,
woodbury-common-premium-outlets,saks-off-5th,false,active,
woodbury-common-premium-outlets,salomon,false,active,
woodbury-common-premium-outlets,samsonite,false,active,
woodbury-common-premium-outlets,sandro,false,active,
woodbury-common-premium-outlets,santoni,false,active,
woodbury-common-premium-outlets,sayki,false,active,
woodbury-common-premium-outlets,sferra,false,active,
woodbury-common-premium-outlets,shop-the-sample,false,active,
woodbury-common-premium-outlets,skechers,false,active,
woodbury-common-premium-outlets,skims,false,active,
woodbury-common-premium-outlets,st-john,false,active,
woodbury-common-premium-outlets,stella-mccartney,false,active,
woodbury-common-premium-outlets,steve-madden,false,active,
woodbury-common-premium-outlets,stone-island,false,active,
woodbury-common-premium-outlets,stuart-weitzman,false,active,
woodbury-common-premium-outlets,sunglass-hut,false,active,
woodbury-common-premium-outlets,swarovski,false,active,
woodbury-common-premium-outlets,tag-heuer,false,active,
woodbury-common-premium-outlets,the-childrens-place,false,active,
woodbury-common-premium-outlets,the-cosmetics-company-store,false,active,
woodbury-common-premium-outlets,the-north-face,false,active,
woodbury-common-premium-outlets,theory,false,active,
woodbury-common-premium-outlets,timberland,false,active,
woodbury-common-premium-outlets,tods,false,active,
woodbury-common-premium-outlets,tom-ford,false,active,
woodbury-common-premium-outlets,tommy-bahama,false,active,
woodbury-common-premium-outlets,tommy-hilfiger,false,active,
woodbury-common-premium-outlets,tory-burch,false,active,
woodbury-common-premium-outlets,true-religion,false,active,
woodbury-common-premium-outlets,tumi,false,active,
woodbury-common-premium-outlets,twp-clothing,false,active,
woodbury-common-premium-outlets,u-s-polo-assn,false,active,
woodbury-common-premium-outlets,ugg,false,active,
woodbury-common-premium-outlets,under-armour,false,active,
woodbury-common-premium-outlets,valentino,false,active,
woodbury-common-premium-outlets,vans,false,active,
woodbury-common-premium-outlets,vera-bradley,false,active,
woodbury-common-premium-outlets,versace,false,active,
woodbury-common-premium-outlets,victorias-secret,false,active,
woodbury-common-premium-outlets,vilebrequin,false,active,
woodbury-common-premium-outlets,vince,false,active,
woodbury-common-premium-outlets,vineyard-vines,false,active,
woodbury-common-premium-outlets,wilson,false,active,
woodbury-common-premium-outlets,yankee-candle,false,active,
woodbury-common-premium-outlets,zadig-and-voltaire,false,active,
woodbury-common-premium-outlets,zales,false,active,
woodbury-common-premium-outlets,zegna,false,active,
woodbury-common-premium-outlets,zimmermann,false,active,
woodbury-common-premium-outlets,zwilling,false,active,
gotemba-premium-outlets,a-bathing-ape,false,active,
gotemba-premium-outlets,a-p-c,false,active,
gotemba-premium-outlets,abahouse,false,active,
gotemba-premium-outlets,abc-mart,false,active,
gotemba-premium-outlets,ace-bags-and-luggage,false,active,
gotemba-premium-outlets,acne-studios,false,active,
gotemba-premium-outlets,adam-et-rope,false,active,
gotemba-premium-outlets,adidas,false,active,
gotemba-premium-outlets,adidas-golf,false,active,
gotemba-premium-outlets,adore,false,active,
gotemba-premium-outlets,agete,false,active,
gotemba-premium-outlets,agnes-b,false,active,
gotemba-premium-outlets,aigle,false,active,
gotemba-premium-outlets,alexander-wang,false,active,
gotemba-premium-outlets,ambush,false,active,
gotemba-premium-outlets,ami-paris,false,active,
gotemba-premium-outlets,amiri,false,active,
gotemba-premium-outlets,anayi,false,active,
gotemba-premium-outlets,and-per-se,false,active,
gotemba-premium-outlets,and-wander,false,active,
gotemba-premium-outlets,aquascutum,false,active,
gotemba-premium-outlets,arcteryx,false,active,
gotemba-premium-outlets,armani,false,active,
gotemba-premium-outlets,as-know-as,false,active,
gotemba-premium-outlets,asics,false,active,
gotemba-premium-outlets,balenciaga,false,active,
gotemba-premium-outlets,bally,false,active,
gotemba-premium-outlets,banana-republic,false,active,
gotemba-premium-outlets,barbour,false,active,
gotemba-premium-outlets,barneys-new-york,false,active,
gotemba-premium-outlets,beams,false,active,
gotemba-premium-outlets,blue-label-black-label-crestbridge,false,active,
gotemba-premium-outlets,bonaventura,false,active,
gotemba-premium-outlets,bonpoint,false,active,
gotemba-premium-outlets,boss,false,active,
gotemba-premium-outlets,bottega-veneta,false,active,
gotemba-premium-outlets,breitling,false,active,
gotemba-premium-outlets,brics,false,active,
gotemba-premium-outlets,briefing,false,active,
gotemba-premium-outlets,brioni,false,active,
gotemba-premium-outlets,brooks-brothers,false,active,
gotemba-premium-outlets,brunello-cucinelli,false,active,
gotemba-premium-outlets,burberry,false,active,
gotemba-premium-outlets,c-p-company,false,active,
gotemba-premium-outlets,callaway-golf,false,active,
gotemba-premium-outlets,calvin-klein,false,active,
gotemba-premium-outlets,camper,false,active,
gotemba-premium-outlets,canterbury,false,active,
gotemba-premium-outlets,casio-watch,false,active,
gotemba-premium-outlets,celine,false,active,
gotemba-premium-outlets,champion,false,active,
gotemba-premium-outlets,chloe,false,active,
gotemba-premium-outlets,christian-louboutin,false,active,
gotemba-premium-outlets,chums,false,active,
gotemba-premium-outlets,ciaopanic,false,active,
gotemba-premium-outlets,citizen,false,active,
gotemba-premium-outlets,coach,false,active,
gotemba-premium-outlets,cole-haan,false,active,
gotemba-premium-outlets,coleman,false,active,
gotemba-premium-outlets,columbia,false,active,
gotemba-premium-outlets,converse-tokyo,false,active,
gotemba-premium-outlets,cosme-kitchen-village,false,active,
gotemba-premium-outlets,cosmetics-and-designer-fragrances,false,active,
gotemba-premium-outlets,crocs,false,active,
gotemba-premium-outlets,delonghi,false,active,
gotemba-premium-outlets,descente,false,active,
gotemba-premium-outlets,descente-store-golf,false,active,
gotemba-premium-outlets,diana,false,active,
gotemba-premium-outlets,diesel,false,active,
gotemba-premium-outlets,dolceandgabbana,false,active,
gotemba-premium-outlets,dressterior,false,active,
gotemba-premium-outlets,dsquared2,false,active,
gotemba-premium-outlets,dunhill,false,active,
gotemba-premium-outlets,ecco,false,active,
gotemba-premium-outlets,edifice,false,active,
gotemba-premium-outlets,elendeek,false,active,
gotemba-premium-outlets,emmi,false,active,
gotemba-premium-outlets,enfold,false,active,
gotemba-premium-outlets,etro,false,active,
gotemba-premium-outlets,fendi,false,active,
gotemba-premium-outlets,ferragamo,false,active,
gotemba-premium-outlets,fragrance-outlet,false,active,
gotemba-premium-outlets,francfranc,false,active,
gotemba-premium-outlets,fray-i-d,false,active,
gotemba-premium-outlets,freaks-store,false,active,
gotemba-premium-outlets,fred-perry,false,active,
gotemba-premium-outlets,furla,false,active,
gotemba-premium-outlets,gallardagalante,false,active,
gotemba-premium-outlets,gap,false,active,
gotemba-premium-outlets,gelato-pique,false,active,
gotemba-premium-outlets,gianni-chiarini,false,active,
gotemba-premium-outlets,ginza-maggy,false,active,
gotemba-premium-outlets,givenchy,false,active,
gotemba-premium-outlets,graniph,false,active,
gotemba-premium-outlets,gucci,false,active,
gotemba-premium-outlets,hamilton,false,active,
gotemba-premium-outlets,helly-hansen,false,active,
gotemba-premium-outlets,herno,false,active,
gotemba-premium-outlets,hoka,false,active,
gotemba-premium-outlets,iena,false,active,
gotemba-premium-outlets,ined,false,active,
gotemba-premium-outlets,isaia-napoli,false,active,
gotemba-premium-outlets,issey-miyake,false,active,
gotemba-premium-outlets,izone-new-york,false,active,
gotemba-premium-outlets,j-and-m-davidson,false,active,
gotemba-premium-outlets,jm-weston,false,active,
gotemba-premium-outlets,j-press,false,active,
gotemba-premium-outlets,jil-sander,false,active,
gotemba-premium-outlets,jimmy-choo,false,active,
gotemba-premium-outlets,john-smedley,false,active,
gotemba-premium-outlets,journal-standard,false,active,
gotemba-premium-outlets,jun,false,active,
gotemba-premium-outlets,kaneko-optical,false,active,
gotemba-premium-outlets,kanematsu,false,active,
gotemba-premium-outlets,kate-spade-new-york,false,active,
gotemba-premium-outlets,kenzo,false,active,
gotemba-premium-outlets,kolor,false,active,
gotemba-premium-outlets,l-l-bean,false,active,
gotemba-premium-outlets,lacoste,false,active,
gotemba-premium-outlets,le-creuset,false,active,
gotemba-premium-outlets,lego,false,active,
gotemba-premium-outlets,lephil,false,active,
gotemba-premium-outlets,levis,false,active,
gotemba-premium-outlets,lily-brown,false,active,
gotemba-premium-outlets,loewe,false,active,
gotemba-premium-outlets,longchamp,false,active,
gotemba-premium-outlets,longines,false,active,
gotemba-premium-outlets,loro-piana,false,active,
gotemba-premium-outlets,lowrys-farm,false,active,
gotemba-premium-outlets,lululemon,false,active,
gotemba-premium-outlets,mackintosh,false,active,
gotemba-premium-outlets,maison-kitsune,false,active,
gotemba-premium-outlets,maison-margiela,false,active,
gotemba-premium-outlets,maison-special,false,active,
gotemba-premium-outlets,mammut,false,active,
gotemba-premium-outlets,manolo-blahnik,false,active,
gotemba-premium-outlets,marc-jacobs,false,active,
gotemba-premium-outlets,margaret-howell,false,active,
gotemba-premium-outlets,marimekko,false,active,
gotemba-premium-outlets,mark-and-lona,false,active,
gotemba-premium-outlets,marni,false,active,
gotemba-premium-outlets,max-mara,false,active,
gotemba-premium-outlets,mcgregor,false,active,
gotemba-premium-outlets,alexander-mcqueen,false,active,
gotemba-premium-outlets,mezzo-piano,false,active,
gotemba-premium-outlets,michael-kors,false,active,
gotemba-premium-outlets,miki-house,false,active,
gotemba-premium-outlets,mila-owen,false,active,
gotemba-premium-outlets,millet,false,active,
gotemba-premium-outlets,molton-brown,false,active,
gotemba-premium-outlets,moncler,false,active,
gotemba-premium-outlets,montblanc,false,active,
gotemba-premium-outlets,moorer,false,active,
gotemba-premium-outlets,moussy,false,active,
gotemba-premium-outlets,nano-universe,false,active,
gotemba-premium-outlets,new-balance,false,active,
gotemba-premium-outlets,new-balance-golf,false,active,
gotemba-premium-outlets,nike,false,active,
gotemba-premium-outlets,n21,false,active,
gotemba-premium-outlets,oakley,false,active,
gotemba-premium-outlets,off-white,false,active,
gotemba-premium-outlets,olive-des-olive,false,active,
gotemba-premium-outlets,onitsuka-tiger,false,active,
gotemba-premium-outlets,orobianco,false,active,
gotemba-premium-outlets,pandora,false,active,
gotemba-premium-outlets,patou,false,active,
gotemba-premium-outlets,paul-smith,false,active,
gotemba-premium-outlets,pearly-gates,false,active,
gotemba-premium-outlets,petit-bateau,false,active,
gotemba-premium-outlets,ping,false,active,
gotemba-premium-outlets,plaza,false,active,
gotemba-premium-outlets,pokemon-store,false,active,
gotemba-premium-outlets,polo-ralph-lauren,false,active,
gotemba-premium-outlets,polo-ralph-lauren-children,false,active,
gotemba-premium-outlets,prada,false,active,
gotemba-premium-outlets,puma,false,active,
gotemba-premium-outlets,ray-ban,false,active,
gotemba-premium-outlets,refa,false,active,
gotemba-premium-outlets,regal,false,active,
gotemba-premium-outlets,replay,false,active,
gotemba-premium-outlets,roger-vivier,false,active,
gotemba-premium-outlets,ron-herman,false,active,
gotemba-premium-outlets,rope-picnic,false,active,
gotemba-premium-outlets,royal-copenhagen,false,active,
gotemba-premium-outlets,ryu,false,active,
gotemba-premium-outlets,sn-nishikawa,false,active,
gotemba-premium-outlets,sabon,false,active,
gotemba-premium-outlets,saint-laurent,false,active,
gotemba-premium-outlets,samantha-thavasa,false,active,
gotemba-premium-outlets,samsonite,false,active,
gotemba-premium-outlets,sanrio,false,active,
gotemba-premium-outlets,scotch-grain,false,active,
gotemba-premium-outlets,seiko,false,active,
gotemba-premium-outlets,seven-eleven,false,active,
gotemba-premium-outlets,ships,false,active,
gotemba-premium-outlets,skechers,false,active,
gotemba-premium-outlets,sly,false,active,
gotemba-premium-outlets,snidel,false,active,
gotemba-premium-outlets,soccer-junky,false,active,
gotemba-premium-outlets,spick-and-span,false,active,
gotemba-premium-outlets,star-jewelry,false,active,
gotemba-premium-outlets,stella-mccartney,false,active,
gotemba-premium-outlets,stone-island,false,active,
gotemba-premium-outlets,stressless,false,active,
gotemba-premium-outlets,stylemixer,false,active,
gotemba-premium-outlets,swarovski,false,active,
gotemba-premium-outlets,swatch,false,active,
gotemba-premium-outlets,tefal,false,active,
gotemba-premium-outlets,tag-heuer,false,active,
gotemba-premium-outlets,takashimaya,false,active,
gotemba-premium-outlets,takeo-kikuchi,false,active,
gotemba-premium-outlets,tasaki,false,active,
gotemba-premium-outlets,tatras,false,active,
gotemba-premium-outlets,taylormade,false,active,
gotemba-premium-outlets,the-cosmetics-company-store,false,active,
gotemba-premium-outlets,the-north-face,false,active,
gotemba-premium-outlets,theory,false,active,
gotemba-premium-outlets,thom-browne,false,active,
gotemba-premium-outlets,three,false,active,
gotemba-premium-outlets,timberland,false,active,
gotemba-premium-outlets,tissot,false,active,
gotemba-premium-outlets,tods,false,active,
gotemba-premium-outlets,tom-ford,false,active,
gotemba-premium-outlets,tommy-hilfiger,false,active,
gotemba-premium-outlets,tomorrowland,false,active,
gotemba-premium-outlets,topologie,false,active,
gotemba-premium-outlets,tory-burch,false,active,
gotemba-premium-outlets,tradies,false,active,
gotemba-premium-outlets,traditional-weatherwear,false,active,
gotemba-premium-outlets,trinity,false,active,
gotemba-premium-outlets,triumph,false,active,
gotemba-premium-outlets,tumi,false,active,
gotemba-premium-outlets,ugg,false,active,
gotemba-premium-outlets,un3d,false,active,
gotemba-premium-outlets,under-armour,false,active,
gotemba-premium-outlets,united-arrows,false,active,
gotemba-premium-outlets,untitled,false,active,
gotemba-premium-outlets,urban-research,false,active,
gotemba-premium-outlets,valentino,false,active,
gotemba-premium-outlets,vendome-aoyama,false,active,
gotemba-premium-outlets,verite,false,active,
gotemba-premium-outlets,versace,false,active,
gotemba-premium-outlets,vivienne-westwood,false,active,
gotemba-premium-outlets,wacoal,false,active,
gotemba-premium-outlets,wedgwood,false,active,
gotemba-premium-outlets,wilson,false,active,
gotemba-premium-outlets,wind-and-sea,false,active,
gotemba-premium-outlets,woolrich,false,active,
gotemba-premium-outlets,y-3,false,active,
gotemba-premium-outlets,zegna,false,active,
gotemba-premium-outlets,zero-halliburton,false,active,
gotemba-premium-outlets,zwilling,false,active,
gotemba-premium-outlets,23ku,false,active,
gotemba-premium-outlets,enoteca-and-cases,false,active,
gotemba-premium-outlets,fauchon,false,active,
gotemba-premium-outlets,godiva,false,active,
gotemba-premium-outlets,haagen-dazs,false,active,
gotemba-premium-outlets,kuzefukushouten,false,active,
gotemba-premium-outlets,laduree,false,active,
gotemba-premium-outlets,lindt,false,active,
gotemba-premium-outlets,pierre-marcolini,false,active,
mitsui-outlet-park-kisarazu,23ku,false,active,
mitsui-outlet-park-kisarazu,a-p-c,false,active,
mitsui-outlet-park-kisarazu,abahouse,false,active,
mitsui-outlet-park-kisarazu,ace-bags-and-luggage,false,active,
mitsui-outlet-park-kisarazu,acne-studios,false,active,
mitsui-outlet-park-kisarazu,actus-soholm-cafe,false,active,
mitsui-outlet-park-kisarazu,adidas,false,active,
mitsui-outlet-park-kisarazu,adidas-golf,false,active,
mitsui-outlet-park-kisarazu,afternoon-tea-living,false,active,
mitsui-outlet-park-kisarazu,agnes-b,false,active,
mitsui-outlet-park-kisarazu,ahkah,false,active,
mitsui-outlet-park-kisarazu,alexandre-de-paris,false,active,
mitsui-outlet-park-kisarazu,allsaints,false,active,
mitsui-outlet-park-kisarazu,amiri,false,active,
mitsui-outlet-park-kisarazu,anker-store,false,active,
mitsui-outlet-park-kisarazu,anna-sui-mini,false,active,
mitsui-outlet-park-kisarazu,anuans-eimy-istoire,false,active,
mitsui-outlet-park-kisarazu,aoure,false,active,
mitsui-outlet-park-kisarazu,arcteryx,false,active,
mitsui-outlet-park-kisarazu,armani,false,active,
mitsui-outlet-park-kisarazu,arpege-story,false,active,
mitsui-outlet-park-kisarazu,as-know-as,false,active,
mitsui-outlet-park-kisarazu,asics,false,active,
mitsui-outlet-park-kisarazu,asics-walking,false,active,
mitsui-outlet-park-kisarazu,avirex-depot-lhp,false,active,
mitsui-outlet-park-kisarazu,b2nd,false,active,
mitsui-outlet-park-kisarazu,babylone-stock,false,active,
mitsui-outlet-park-kisarazu,balenciaga,false,active,
mitsui-outlet-park-kisarazu,bally,false,active,
mitsui-outlet-park-kisarazu,banana-republic,false,active,
mitsui-outlet-park-kisarazu,barbour,false,active,
mitsui-outlet-park-kisarazu,barneys-new-york,false,active,
mitsui-outlet-park-kisarazu,beams,false,active,
mitsui-outlet-park-kisarazu,bebe,false,active,
mitsui-outlet-park-kisarazu,billabong,false,active,
mitsui-outlet-park-kisarazu,birkenstock,false,active,
mitsui-outlet-park-kisarazu,blue-label-black-label-crestbridge,false,active,
mitsui-outlet-park-kisarazu,boconcept,false,active,
mitsui-outlet-park-kisarazu,bonaventura,false,active,
mitsui-outlet-park-kisarazu,bonpoint,false,active,
mitsui-outlet-park-kisarazu,boso-shiki-no-kura-shunsai,false,active,
mitsui-outlet-park-kisarazu,boss,false,active,
mitsui-outlet-park-kisarazu,botanist,false,active,
mitsui-outlet-park-kisarazu,bridgestone-golf-plaza,false,active,
mitsui-outlet-park-kisarazu,briefing-felisi,false,active,
mitsui-outlet-park-kisarazu,brooks-brothers,false,active,
mitsui-outlet-park-kisarazu,brunello-cucinelli,false,active,
mitsui-outlet-park-kisarazu,bshop,false,active,
mitsui-outlet-park-kisarazu,burberry,false,active,
mitsui-outlet-park-kisarazu,ca4la,false,active,
mitsui-outlet-park-kisarazu,cabane-de-zucca,false,active,
mitsui-outlet-park-kisarazu,callaway-golf,false,active,
mitsui-outlet-park-kisarazu,calvin-klein,false,active,
mitsui-outlet-park-kisarazu,camper,false,active,
mitsui-outlet-park-kisarazu,candy-a-go-go,false,active,
mitsui-outlet-park-kisarazu,carcru-stock,false,active,
mitsui-outlet-park-kisarazu,casio-watch,false,active,
mitsui-outlet-park-kisarazu,cassina-ixc,false,active,
mitsui-outlet-park-kisarazu,celine,false,active,
mitsui-outlet-park-kisarazu,celule,false,active,
mitsui-outlet-park-kisarazu,champion,false,active,
mitsui-outlet-park-kisarazu,chloe,false,active,
mitsui-outlet-park-kisarazu,ciaopanic-doudou,false,active,
mitsui-outlet-park-kisarazu,citizen,false,active,
mitsui-outlet-park-kisarazu,coach,false,active,
mitsui-outlet-park-kisarazu,coach-mens,false,active,
mitsui-outlet-park-kisarazu,cole-haan,false,active,
mitsui-outlet-park-kisarazu,columbia,false,active,
mitsui-outlet-park-kisarazu,converse,false,active,
mitsui-outlet-park-kisarazu,cosmetics-and-designer-fragrances,false,active,
mitsui-outlet-park-kisarazu,crocs,false,active,
mitsui-outlet-park-kisarazu,dean-and-de-luca,false,active,
mitsui-outlet-park-kisarazu,delonghi,false,active,
mitsui-outlet-park-kisarazu,denham,false,active,
mitsui-outlet-park-kisarazu,descente-store-golf,false,active,
mitsui-outlet-park-kisarazu,diesel,false,active,
mitsui-outlet-park-kisarazu,disney-store,false,active,
mitsui-outlet-park-kisarazu,dolceandgabbana,false,active,
mitsui-outlet-park-kisarazu,dr-ci-labo,false,active,
mitsui-outlet-park-kisarazu,dr-martens,false,active,
mitsui-outlet-park-kisarazu,dsquared2,false,active,
mitsui-outlet-park-kisarazu,dunhill,false,active,
mitsui-outlet-park-kisarazu,duo,false,active,
mitsui-outlet-park-kisarazu,earth-music-and-ecology-super-prem-store-american-holic,false,active,
mitsui-outlet-park-kisarazu,edwin-something,false,active,
mitsui-outlet-park-kisarazu,emmi,false,active,
mitsui-outlet-park-kisarazu,emoda,false,active,
mitsui-outlet-park-kisarazu,epoca,false,active,
mitsui-outlet-park-kisarazu,estnation,false,active,
mitsui-outlet-park-kisarazu,etro,false,active,
mitsui-outlet-park-kisarazu,feiler,false,active,
mitsui-outlet-park-kisarazu,felisi,false,active,
mitsui-outlet-park-kisarazu,fendi,false,active,
mitsui-outlet-park-kisarazu,ferragamo,false,active,
mitsui-outlet-park-kisarazu,francfranc,false,active,
mitsui-outlet-park-kisarazu,fred-perry,false,active,
mitsui-outlet-park-kisarazu,furla,false,active,
mitsui-outlet-park-kisarazu,gallardagalante,false,active,
mitsui-outlet-park-kisarazu,gap,false,active,
mitsui-outlet-park-kisarazu,garmin,false,active,
mitsui-outlet-park-kisarazu,gelato-pique-snidel-fray-i-d,false,active,
mitsui-outlet-park-kisarazu,gente-di-mare,false,active,
mitsui-outlet-park-kisarazu,givenchy,false,active,
mitsui-outlet-park-kisarazu,global-work-lowrys-farm,false,active,
mitsui-outlet-park-kisarazu,godiva,false,active,
mitsui-outlet-park-kisarazu,gregory,false,active,
mitsui-outlet-park-kisarazu,gucci,false,active,
mitsui-outlet-park-kisarazu,guess,false,active,
mitsui-outlet-park-kisarazu,gunze,false,active,
mitsui-outlet-park-kisarazu,hat-shop-outlet,false,active,
mitsui-outlet-park-kisarazu,hawkins-and-vans,false,active,
mitsui-outlet-park-kisarazu,herno,false,active,
mitsui-outlet-park-kisarazu,hoka,false,active,
mitsui-outlet-park-kisarazu,hunter,false,active,
mitsui-outlet-park-kisarazu,hunting-world,false,active,
mitsui-outlet-park-kisarazu,il-bisonte,false,active,
mitsui-outlet-park-kisarazu,ingni,false,active,
mitsui-outlet-park-kisarazu,instant-skateboards,false,active,
mitsui-outlet-park-kisarazu,j-press,false,active,
mitsui-outlet-park-kisarazu,jil-sander,false,active,
mitsui-outlet-park-kisarazu,jimmy-choo,false,active,
mitsui-outlet-park-kisarazu,jins,false,active,
mitsui-outlet-park-kisarazu,john-masters-organics-select,false,active,
mitsui-outlet-park-kisarazu,joseph,false,active,
mitsui-outlet-park-kisarazu,kaldi-coffee-farm,false,active,
mitsui-outlet-park-kisarazu,kate-spade-new-york,false,active,
mitsui-outlet-park-kisarazu,kate-spade-new-york-kids,false,active,
mitsui-outlet-park-kisarazu,keen,false,active,
mitsui-outlet-park-kisarazu,kenzo,false,active,
mitsui-outlet-park-kisarazu,kisarazu-concept-store,false,active,
mitsui-outlet-park-kisarazu,l-occitane,false,active,
mitsui-outlet-park-kisarazu,lacoste,false,active,
mitsui-outlet-park-kisarazu,lanvin-collection,false,active,
mitsui-outlet-park-kisarazu,le-creuset,false,active,
mitsui-outlet-park-kisarazu,le-sportsac,false,active,
mitsui-outlet-park-kisarazu,lego,false,active,
mitsui-outlet-park-kisarazu,levis,false,active,
mitsui-outlet-park-kisarazu,lindt,false,active,
mitsui-outlet-park-kisarazu,loewe,false,active,
mitsui-outlet-park-kisarazu,longchamp,false,active,
mitsui-outlet-park-kisarazu,lovot-store-lab,false,active,
mitsui-outlet-park-kisarazu,lucien-pellat-finet-jacob-coen,false,active,
mitsui-outlet-park-kisarazu,lululemon,false,active,
mitsui-outlet-park-kisarazu,lunetterie,false,active,
mitsui-outlet-park-kisarazu,lupicia-bon-marche,false,active,
mitsui-outlet-park-kisarazu,mackintosh-london,false,active,
mitsui-outlet-park-kisarazu,mackintosh-philosophy,false,active,
mitsui-outlet-park-kisarazu,madras-lanvin-collection,false,active,
mitsui-outlet-park-kisarazu,maison-kitsune,false,active,
mitsui-outlet-park-kisarazu,mammut,false,active,
mitsui-outlet-park-kisarazu,manolo-blahnik-fragrance-outlet,false,active,
mitsui-outlet-park-kisarazu,marc-jacobs,false,active,
mitsui-outlet-park-kisarazu,margaret-howell,false,active,
mitsui-outlet-park-kisarazu,marimekko,false,active,
mitsui-outlet-park-kisarazu,marni,false,active,
mitsui-outlet-park-kisarazu,matsumoto-kiyoshi,false,active,
mitsui-outlet-park-kisarazu,max-mara,false,active,
mitsui-outlet-park-kisarazu,meijiya,false,active,
mitsui-outlet-park-kisarazu,mercedes-benz,false,active,
mitsui-outlet-park-kisarazu,mezzo-piano,false,active,
mitsui-outlet-park-kisarazu,michael-kors,false,active,
mitsui-outlet-park-kisarazu,mila-owen-celford,false,active,
mitsui-outlet-park-kisarazu,mitsumine,false,active,
mitsui-outlet-park-kisarazu,moda-claire,false,active,
mitsui-outlet-park-kisarazu,mont-bell,false,active,
mitsui-outlet-park-kisarazu,mulberry,false,active,
mitsui-outlet-park-kisarazu,n-natural-beauty-basic,false,active,
mitsui-outlet-park-kisarazu,nano-universe,false,active,
mitsui-outlet-park-kisarazu,new-balance,false,active,
mitsui-outlet-park-kisarazu,new-balance-golf,false,active,
mitsui-outlet-park-kisarazu,new-era,false,active,
mitsui-outlet-park-kisarazu,new-yorker,false,active,
mitsui-outlet-park-kisarazu,nicole,false,active,
mitsui-outlet-park-kisarazu,nihonbashi-kiya,false,active,
mitsui-outlet-park-kisarazu,nike,false,active,
mitsui-outlet-park-kisarazu,niko-and,false,active,
mitsui-outlet-park-kisarazu,nishikawa,false,active,
mitsui-outlet-park-kisarazu,nolley-s,false,active,
mitsui-outlet-park-kisarazu,oakley-vault,false,active,
mitsui-outlet-park-kisarazu,onitsuka-tiger,false,active,
mitsui-outlet-park-kisarazu,oriental-traffic,false,active,
mitsui-outlet-park-kisarazu,orobianco,false,active,
mitsui-outlet-park-kisarazu,pallas-palace,false,active,
mitsui-outlet-park-kisarazu,papas-mademoiselle-nonnon,false,active,
mitsui-outlet-park-kisarazu,pasand-by-ne-quittez-pas,false,active,
mitsui-outlet-park-kisarazu,patisserie-sadaharu-aoki-paris,false,active,
mitsui-outlet-park-kisarazu,paul-smith,false,active,
mitsui-outlet-park-kisarazu,paul-smith-bag,false,active,
mitsui-outlet-park-kisarazu,paul-smith-underwear,false,active,
mitsui-outlet-park-kisarazu,paul-stuart,false,active,
mitsui-outlet-park-kisarazu,pearly-gates,false,active,
mitsui-outlet-park-kisarazu,ping,false,active,
mitsui-outlet-park-kisarazu,plaza,false,active,
mitsui-outlet-park-kisarazu,pokemon-store,false,active,
mitsui-outlet-park-kisarazu,polo-ralph-lauren,false,active,
mitsui-outlet-park-kisarazu,psycho-bunny,false,active,
mitsui-outlet-park-kisarazu,puma,false,active,
mitsui-outlet-park-kisarazu,pxg,false,active,
mitsui-outlet-park-kisarazu,quiksilver,false,active,
mitsui-outlet-park-kisarazu,ray-ban,false,active,
mitsui-outlet-park-kisarazu,refa,false,active,
mitsui-outlet-park-kisarazu,regal,false,active,
mitsui-outlet-park-kisarazu,repetto,false,active,
mitsui-outlet-park-kisarazu,replay,false,active,
mitsui-outlet-park-kisarazu,riedel-nachtmann,false,active,
mitsui-outlet-park-kisarazu,ron-herman,false,active,
mitsui-outlet-park-kisarazu,rope-picnic-vis,false,active,
mitsui-outlet-park-kisarazu,sabon,false,active,
mitsui-outlet-park-kisarazu,saint-laurent,false,active,
mitsui-outlet-park-kisarazu,salomon,false,active,
mitsui-outlet-park-kisarazu,samsonite-black-label,false,active,
mitsui-outlet-park-kisarazu,sanyoyamacho,false,active,
mitsui-outlet-park-kisarazu,saturdays-nyc,false,active,
mitsui-outlet-park-kisarazu,seep-eyevan,false,active,
mitsui-outlet-park-kisarazu,seiko,false,active,
mitsui-outlet-park-kisarazu,sergio-rossi,false,active,
mitsui-outlet-park-kisarazu,sghr-sugahara,false,active,
mitsui-outlet-park-kisarazu,sheltter-moussy,false,active,
mitsui-outlet-park-kisarazu,ships,false,active,
mitsui-outlet-park-kisarazu,showa-nishikawa,false,active,
mitsui-outlet-park-kisarazu,snow-peak,false,active,
mitsui-outlet-park-kisarazu,spick-and-span-journal-standard-edifice-iena-outlet-store,false,active,
mitsui-outlet-park-kisarazu,st-dupont,false,active,
mitsui-outlet-park-kisarazu,staub,false,active,
mitsui-outlet-park-kisarazu,stella-mccartney,false,active,
mitsui-outlet-park-kisarazu,strasburgo,false,active,
mitsui-outlet-park-kisarazu,stussy,false,active,
mitsui-outlet-park-kisarazu,swarovski,false,active,
mitsui-outlet-park-kisarazu,sylvanian-families-morino-ouchi-jigsaw-puzzle-shop-masterpiece,false,active,
mitsui-outlet-park-kisarazu,tasaki,false,active,
mitsui-outlet-park-kisarazu,taylormade,false,active,
mitsui-outlet-park-kisarazu,tcg-patagonia,false,active,
mitsui-outlet-park-kisarazu,tefal,false,active,
mitsui-outlet-park-kisarazu,tempur,false,active,
mitsui-outlet-park-kisarazu,the-cosmetics-company-store,false,active,
mitsui-outlet-park-kisarazu,the-north-face-helly-hansen-goldwin,false,active,
mitsui-outlet-park-kisarazu,theory,false,active,
mitsui-outlet-park-kisarazu,thermos-store,false,active,
mitsui-outlet-park-kisarazu,thom-browne,false,active,
mitsui-outlet-park-kisarazu,timberland,false,active,
mitsui-outlet-park-kisarazu,tomica-and-plarail-shops,false,active,
mitsui-outlet-park-kisarazu,tommy-hilfiger,false,active,
mitsui-outlet-park-kisarazu,tomorrowland,false,active,
mitsui-outlet-park-kisarazu,tory-burch,false,active,
mitsui-outlet-park-kisarazu,triumph,false,active,
mitsui-outlet-park-kisarazu,tumi,false,active,
mitsui-outlet-park-kisarazu,ugg,false,active,
mitsui-outlet-park-kisarazu,under-armour,false,active,
mitsui-outlet-park-kisarazu,united-arrows,false,active,
mitsui-outlet-park-kisarazu,urban-research,false,active,
mitsui-outlet-park-kisarazu,valentino,false,active,
mitsui-outlet-park-kisarazu,venchi,false,active,
mitsui-outlet-park-kisarazu,vermicular-sustainable-store,false,active,
mitsui-outlet-park-kisarazu,versace,false,active,
mitsui-outlet-park-kisarazu,vivienne-westwood,false,active,
mitsui-outlet-park-kisarazu,wacoal,false,active,
mitsui-outlet-park-kisarazu,xlarge-x-girl,false,active,
mitsui-outlet-park-kisarazu,y-3,false,active,
mitsui-outlet-park-kisarazu,yaccomaricard,false,active,
mitsui-outlet-park-kisarazu,zegna,false,active,
mitsui-outlet-park-kisarazu,zero-halliburton,false,active,
mitsui-outlet-park-kisarazu,zwilling,false,active,
rinku-premium-outlets,abahouse,false,active,
rinku-premium-outlets,abc-mart,false,active,
rinku-premium-outlets,ace-bags-and-luggage,false,active,
rinku-premium-outlets,adidas,false,active,
rinku-premium-outlets,adidas-golf,false,active,
rinku-premium-outlets,agnes-b,false,active,
rinku-premium-outlets,aigle,false,active,
rinku-premium-outlets,aimerfeel,false,active,
rinku-premium-outlets,alexander-wang,false,active,
rinku-premium-outlets,alfredobannister,false,active,
rinku-premium-outlets,and-per-se,false,active,
rinku-premium-outlets,anker-store,false,active,
rinku-premium-outlets,anteprima,false,active,
rinku-premium-outlets,aquascutum,false,active,
rinku-premium-outlets,arcteryx,false,active,
rinku-premium-outlets,armani,false,active,
rinku-premium-outlets,as-know-as,false,active,
rinku-premium-outlets,asics,false,active,
rinku-premium-outlets,avirex,false,active,
rinku-premium-outlets,bally,false,active,
rinku-premium-outlets,banana-republic,false,active,
rinku-premium-outlets,bebe,false,active,
rinku-premium-outlets,beams,false,active,
rinku-premium-outlets,blue-label-black-label-crestbridge,false,active,
rinku-premium-outlets,boss,false,active,
rinku-premium-outlets,bridgestone-golf-plaza,false,active,
rinku-premium-outlets,brooks-brothers,false,active,
rinku-premium-outlets,ca4la,false,active,
rinku-premium-outlets,cabane-de-zucca,false,active,
rinku-premium-outlets,callaway-golf,false,active,
rinku-premium-outlets,calvin-klein,false,active,
rinku-premium-outlets,camper,false,active,
rinku-premium-outlets,canterbury,false,active,
rinku-premium-outlets,capsule-toy-store-otonamo,false,active,
rinku-premium-outlets,casio-watch,false,active,
rinku-premium-outlets,champion,false,active,
rinku-premium-outlets,chez-toi,false,active,
rinku-premium-outlets,chums,false,active,
rinku-premium-outlets,ciaopanic,false,active,
rinku-premium-outlets,citizen,false,active,
rinku-premium-outlets,clarks,false,active,
rinku-premium-outlets,coach,false,active,
rinku-premium-outlets,coach-mens,false,active,
rinku-premium-outlets,cole-haan,false,active,
rinku-premium-outlets,coleman,false,active,
rinku-premium-outlets,columbia,false,active,
rinku-premium-outlets,converse,false,active,
rinku-premium-outlets,cosmetics-and-designer-fragrances,false,active,
rinku-premium-outlets,crocodile,false,active,
rinku-premium-outlets,crocs,false,active,
rinku-premium-outlets,d-urban,false,active,
rinku-premium-outlets,dc,false,active,
rinku-premium-outlets,delsey-paris,false,active,
rinku-premium-outlets,descente,false,active,
rinku-premium-outlets,designworks,false,active,
rinku-premium-outlets,desigual,false,active,
rinku-premium-outlets,diana,false,active,
rinku-premium-outlets,diesel,false,active,
rinku-premium-outlets,dou-dou,false,active,
rinku-premium-outlets,dunhill,false,active,
rinku-premium-outlets,earth-music-and-ecology,false,active,
rinku-premium-outlets,ecco,false,active,
rinku-premium-outlets,edwin,false,active,
rinku-premium-outlets,emoda,false,active,
rinku-premium-outlets,etro,false,active,
rinku-premium-outlets,evisu,false,active,
rinku-premium-outlets,eyevan,false,active,
rinku-premium-outlets,ferragamo,false,active,
rinku-premium-outlets,fila,false,active,
rinku-premium-outlets,francfranc,false,active,
rinku-premium-outlets,fukuske,false,active,
rinku-premium-outlets,furla,false,active,
rinku-premium-outlets,g-star-raw,false,active,
rinku-premium-outlets,g-fore,false,active,
rinku-premium-outlets,gallardagalante,false,active,
rinku-premium-outlets,gap,false,active,
rinku-premium-outlets,gelato-pique,false,active,
rinku-premium-outlets,graniph,false,active,
rinku-premium-outlets,guess,false,active,
rinku-premium-outlets,gunze,false,active,
rinku-premium-outlets,helly-hansen,false,active,
rinku-premium-outlets,hoka,false,active,
rinku-premium-outlets,huf,false,active,
rinku-premium-outlets,iittala,false,active,
rinku-premium-outlets,in,false,active,
rinku-premium-outlets,indivi,false,active,
rinku-premium-outlets,ined,false,active,
rinku-premium-outlets,max-mara,false,active,
rinku-premium-outlets,izone-new-york,false,active,
rinku-premium-outlets,j-press,false,active,
rinku-premium-outlets,jeanasis,false,active,
rinku-premium-outlets,jil-sander,false,active,
rinku-premium-outlets,jimmy-choo,false,active,
rinku-premium-outlets,journal-standard,false,active,
rinku-premium-outlets,jun,false,active,
rinku-premium-outlets,kaneko-optical,false,active,
rinku-premium-outlets,kastane,false,active,
rinku-premium-outlets,kate-spade-new-york,false,active,
rinku-premium-outlets,keen,false,active,
rinku-premium-outlets,kenzo,false,active,
rinku-premium-outlets,lacoste,false,active,
rinku-premium-outlets,laline,false,active,
rinku-premium-outlets,lanvin-collection,false,active,
rinku-premium-outlets,le-coq-sportif,false,active,
rinku-premium-outlets,le-creuset,false,active,
rinku-premium-outlets,le-sportsac,false,active,
rinku-premium-outlets,lego,false,active,
rinku-premium-outlets,levis,false,active,
rinku-premium-outlets,lhp,false,active,
rinku-premium-outlets,lily-brown,false,active,
rinku-premium-outlets,logos,false,active,
rinku-premium-outlets,longchamp,false,active,
rinku-premium-outlets,madras,false,active,
rinku-premium-outlets,mamanoreform,false,active,
rinku-premium-outlets,mammut,false,active,
rinku-premium-outlets,marc-jacobs,false,active,
rinku-premium-outlets,marimekko,false,active,
rinku-premium-outlets,mark-and-lona,false,active,
rinku-premium-outlets,mary-quant,false,active,
rinku-premium-outlets,mcm,false,active,
rinku-premium-outlets,mercuryduo,false,active,
rinku-premium-outlets,mezzo-piano,false,active,
rinku-premium-outlets,michael-kors,false,active,
rinku-premium-outlets,miki-house,false,active,
rinku-premium-outlets,mizuno,false,active,
rinku-premium-outlets,mountain-hardware,false,active,
rinku-premium-outlets,moussy,false,active,
rinku-premium-outlets,munsingwear,false,active,
rinku-premium-outlets,mystic,false,active,
rinku-premium-outlets,nano-universe,false,active,
rinku-premium-outlets,new-balance,false,active,
rinku-premium-outlets,new-balance-golf,false,active,
rinku-premium-outlets,new-era,false,active,
rinku-premium-outlets,nice-claup,false,active,
rinku-premium-outlets,nicole,false,active,
rinku-premium-outlets,nike,false,active,
rinku-premium-outlets,oakley,false,active,
rinku-premium-outlets,olive-des-olive,false,active,
rinku-premium-outlets,onitsuka-tiger,false,active,
rinku-premium-outlets,orobianco,false,active,
rinku-premium-outlets,owndays,false,active,
rinku-premium-outlets,pandora,false,active,
rinku-premium-outlets,peach-john,false,active,
rinku-premium-outlets,pearly-gates,false,active,
rinku-premium-outlets,pet-paradise,false,active,
rinku-premium-outlets,ping,false,active,
rinku-premium-outlets,polo-ralph-lauren,false,active,
rinku-premium-outlets,puma,false,active,
rinku-premium-outlets,quiksilver,false,active,
rinku-premium-outlets,ray-ban,false,active,
rinku-premium-outlets,reebok,false,active,
rinku-premium-outlets,refa,false,active,
rinku-premium-outlets,regal,false,active,
rinku-premium-outlets,replay,false,active,
rinku-premium-outlets,rienda,false,active,
rinku-premium-outlets,rodeo-crowns,false,active,
rinku-premium-outlets,rope,false,active,
rinku-premium-outlets,rope-picnic,false,active,
rinku-premium-outlets,roxy,false,active,
rinku-premium-outlets,royal-copenhagen,false,active,
rinku-premium-outlets,samsonite,false,active,
rinku-premium-outlets,sanrio,false,active,
rinku-premium-outlets,saturdays-nyc,false,active,
rinku-premium-outlets,scotch-grain,false,active,
rinku-premium-outlets,seiko,false,active,
rinku-premium-outlets,senshu-towel,false,active,
rinku-premium-outlets,sergio-rossi,false,active,
rinku-premium-outlets,seven-eleven,false,active,
rinku-premium-outlets,shel-tter,false,active,
rinku-premium-outlets,shimamura-music,false,active,
rinku-premium-outlets,showa-nishikawa,false,active,
rinku-premium-outlets,skechers,false,active,
rinku-premium-outlets,sly,false,active,
rinku-premium-outlets,snidel,false,active,
rinku-premium-outlets,snow-peak,false,active,
rinku-premium-outlets,sorel,false,active,
rinku-premium-outlets,spick-and-span,false,active,
rinku-premium-outlets,staub,false,active,
rinku-premium-outlets,swarovski,false,active,
rinku-premium-outlets,tefal,false,active,
rinku-premium-outlets,tachikichi,false,active,
rinku-premium-outlets,tag-heuer,false,active,
rinku-premium-outlets,takeo-kikuchi,false,active,
rinku-premium-outlets,tasaki,false,active,
rinku-premium-outlets,taylormade,false,active,
rinku-premium-outlets,tempur,false,active,
rinku-premium-outlets,the-cosmetics-company-store,false,active,
rinku-premium-outlets,the-north-face,false,active,
rinku-premium-outlets,theory,false,active,
rinku-premium-outlets,thermos-store,false,active,
rinku-premium-outlets,timberland,false,active,
rinku-premium-outlets,tissot,false,active,
rinku-premium-outlets,tommy-hilfiger,false,active,
rinku-premium-outlets,tory-burch,false,active,
rinku-premium-outlets,tradies,false,active,
rinku-premium-outlets,trinity,false,active,
rinku-premium-outlets,triumph,false,active,
rinku-premium-outlets,tumi,false,active,
rinku-premium-outlets,ugg,false,active,
rinku-premium-outlets,under-armour,false,active,
rinku-premium-outlets,united-arrows,false,active,
rinku-premium-outlets,untitled,false,active,
rinku-premium-outlets,urban-research,false,active,
rinku-premium-outlets,verite,false,active,
rinku-premium-outlets,versace,false,active,
rinku-premium-outlets,wacoal,false,active,
rinku-premium-outlets,xlarge-x-girl,false,active,
rinku-premium-outlets,yogibo-store,false,active,
rinku-premium-outlets,zegna,false,active,
rinku-premium-outlets,zero-halliburton,false,active,
rinku-premium-outlets,zwilling,false,active,
rinku-premium-outlets,23ku,false,active,
rinku-premium-outlets,godiva,false,active,
rinku-premium-outlets,kitkat,false,active,
rinku-premium-outlets,kuzefukushouten,false,active,
rinku-premium-outlets,lindt,false,active,
rinku-premium-outlets,plaza,false,active,
shisui-premium-outlets,ace-bags-and-luggage,false,active,
shisui-premium-outlets,adabat,false,active,
shisui-premium-outlets,adidas,false,active,
shisui-premium-outlets,adidas-golf,false,active,
shisui-premium-outlets,adolfo-dominguez,false,active,
shisui-premium-outlets,agnes-b,false,active,
shisui-premium-outlets,aimerfeel,false,active,
shisui-premium-outlets,airweave,false,active,
shisui-premium-outlets,alfredobannister,false,active,
shisui-premium-outlets,american-holic,false,active,
shisui-premium-outlets,anker-store,false,active,
shisui-premium-outlets,anteprima,false,active,
shisui-premium-outlets,aquascutum,false,active,
shisui-premium-outlets,as-know-as,false,active,
shisui-premium-outlets,asics,false,active,
shisui-premium-outlets,azul-by-moussy,false,active,
shisui-premium-outlets,banana-republic,false,active,
shisui-premium-outlets,barnyardstorm,false,active,
shisui-premium-outlets,bayflow,false,active,
shisui-premium-outlets,beams,false,active,
shisui-premium-outlets,billabong,false,active,
shisui-premium-outlets,boss,false,active,
shisui-premium-outlets,bridgestone-golf-plaza,false,active,
shisui-premium-outlets,brooks-brothers,false,active,
shisui-premium-outlets,c-pla-premium,false,active,
shisui-premium-outlets,callaway-golf,false,active,
shisui-premium-outlets,calvin-klein,false,active,
shisui-premium-outlets,camper,false,active,
shisui-premium-outlets,casio-watch,false,active,
shisui-premium-outlets,celule,false,active,
shisui-premium-outlets,champion,false,active,
shisui-premium-outlets,chez-toi,false,active,
shisui-premium-outlets,chums,false,active,
shisui-premium-outlets,ciaopanic,false,active,
shisui-premium-outlets,citizen,false,active,
shisui-premium-outlets,clarks,false,active,
shisui-premium-outlets,coach,false,active,
shisui-premium-outlets,cobra-puma-golf,false,active,
shisui-premium-outlets,cole-haan,false,active,
shisui-premium-outlets,coleman,false,active,
shisui-premium-outlets,colony-2139,false,active,
shisui-premium-outlets,columbia,false,active,
shisui-premium-outlets,converse,false,active,
shisui-premium-outlets,craft-standard-boutique,false,active,
shisui-premium-outlets,crocodile,false,active,
shisui-premium-outlets,crocs,false,active,
shisui-premium-outlets,d-urban,false,active,
shisui-premium-outlets,danner,false,active,
shisui-premium-outlets,dc,false,active,
shisui-premium-outlets,descente,false,active,
shisui-premium-outlets,desigual,false,active,
shisui-premium-outlets,diana,false,active,
shisui-premium-outlets,diesel,false,active,
shisui-premium-outlets,dog-dept,false,active,
shisui-premium-outlets,dou-dou,false,active,
shisui-premium-outlets,earth-music-and-ecology,false,active,
shisui-premium-outlets,ecco,false,active,
shisui-premium-outlets,edifice,false,active,
shisui-premium-outlets,edwin,false,active,
shisui-premium-outlets,emoda,false,active,
shisui-premium-outlets,enoteca-and-cases,false,active,
shisui-premium-outlets,ete,false,active,
shisui-premium-outlets,fissler,false,active,
shisui-premium-outlets,francfranc,false,active,
shisui-premium-outlets,freaks-store,false,active,
shisui-premium-outlets,fukuske,false,active,
shisui-premium-outlets,furla,false,active,
shisui-premium-outlets,g-star-raw,false,active,
shisui-premium-outlets,gallardagalante,false,active,
shisui-premium-outlets,gap,false,active,
shisui-premium-outlets,gelato-pique,false,active,
shisui-premium-outlets,global-work,false,active,
shisui-premium-outlets,graniph,false,active,
shisui-premium-outlets,gregory,false,active,
shisui-premium-outlets,guess,false,active,
shisui-premium-outlets,gunze,false,active,
shisui-premium-outlets,gyda,false,active,
shisui-premium-outlets,hawkins,false,active,
shisui-premium-outlets,helly-hansen,false,active,
shisui-premium-outlets,hipshop,false,active,
shisui-premium-outlets,hummel,false,active,
shisui-premium-outlets,iena,false,active,
shisui-premium-outlets,iittala,false,active,
shisui-premium-outlets,indivi,false,active,
shisui-premium-outlets,ined,false,active,
shisui-premium-outlets,ingni,false,active,
shisui-premium-outlets,international-eyewear-gallery,false,active,
shisui-premium-outlets,izone-new-york,false,active,
shisui-premium-outlets,journal-standard,false,active,
shisui-premium-outlets,jun,false,active,
shisui-premium-outlets,karl-kani,false,active,
shisui-premium-outlets,kate-spade-new-york,false,active,
shisui-premium-outlets,keen,false,active,
shisui-premium-outlets,kid-blue,false,active,
shisui-premium-outlets,lacoste,false,active,
shisui-premium-outlets,le-creuset,false,active,
shisui-premium-outlets,lego,false,active,
shisui-premium-outlets,levis,false,active,
shisui-premium-outlets,lily-brown,false,active,
shisui-premium-outlets,lowrys-farm,false,active,
shisui-premium-outlets,mamanoreform,false,active,
shisui-premium-outlets,mammut,false,active,
shisui-premium-outlets,masterpiece,false,active,
shisui-premium-outlets,mcgregor,false,active,
shisui-premium-outlets,melrose,false,active,
shisui-premium-outlets,mens-bigi,false,active,
shisui-premium-outlets,mens-melrose,false,active,
shisui-premium-outlets,mercuryduo,false,active,
shisui-premium-outlets,merrell,false,active,
shisui-premium-outlets,mezzo-piano,false,active,
shisui-premium-outlets,michael-kors,false,active,
shisui-premium-outlets,miki-house,false,active,
shisui-premium-outlets,mila-owen,false,active,
shisui-premium-outlets,mitsumine,false,active,
shisui-premium-outlets,moussy,false,active,
shisui-premium-outlets,munsingwear,false,active,
shisui-premium-outlets,nano-universe,false,active,
shisui-premium-outlets,new-balance,false,active,
shisui-premium-outlets,new-balance-golf,false,active,
shisui-premium-outlets,new-yorker,false,active,
shisui-premium-outlets,nice-claup,false,active,
shisui-premium-outlets,nicole,false,active,
shisui-premium-outlets,nike,false,active,
shisui-premium-outlets,nolley-s,false,active,
shisui-premium-outlets,oakley,false,active,
shisui-premium-outlets,olive-des-olive,false,active,
shisui-premium-outlets,orobianco,false,active,
shisui-premium-outlets,override,false,active,
shisui-premium-outlets,owndays,false,active,
shisui-premium-outlets,paul-stuart,false,active,
shisui-premium-outlets,pearly-gates,false,active,
shisui-premium-outlets,pet-paradise,false,active,
shisui-premium-outlets,pet-three,false,active,
shisui-premium-outlets,petit-main,false,active,
shisui-premium-outlets,ping,false,active,
shisui-premium-outlets,plantation,false,active,
shisui-premium-outlets,polo-ralph-lauren,false,active,
shisui-premium-outlets,pom-ponette,false,active,
shisui-premium-outlets,puma,false,active,
shisui-premium-outlets,quiksilver,false,active,
shisui-premium-outlets,regal,false,active,
shisui-premium-outlets,rive-droite-un-dix-cors,false,active,
shisui-premium-outlets,rope,false,active,
shisui-premium-outlets,roxy,false,active,
shisui-premium-outlets,royal-copenhagen,false,active,
shisui-premium-outlets,ryu,false,active,
shisui-premium-outlets,salomon,false,active,
shisui-premium-outlets,samantha-thavasa,false,active,
shisui-premium-outlets,samsonite,false,active,
shisui-premium-outlets,sanrio,false,active,
shisui-premium-outlets,seiko,false,active,
shisui-premium-outlets,seven-eleven,false,active,
shisui-premium-outlets,shel-tter,false,active,
shisui-premium-outlets,ships,false,active,
shisui-premium-outlets,showa-nishikawa,false,active,
shisui-premium-outlets,skechers,false,active,
shisui-premium-outlets,sly,false,active,
shisui-premium-outlets,snidel,false,active,
shisui-premium-outlets,snow-peak,false,active,
shisui-premium-outlets,spick-and-span,false,active,
shisui-premium-outlets,staub,false,active,
shisui-premium-outlets,studio-clip,false,active,
shisui-premium-outlets,sylvanian-families,false,active,
shisui-premium-outlets,tefal,false,active,
shisui-premium-outlets,tachikichi,false,active,
shisui-premium-outlets,takashimaya,false,active,
shisui-premium-outlets,takeo-kikuchi,false,active,
shisui-premium-outlets,taylormade,false,active,
shisui-premium-outlets,tempur,false,active,
shisui-premium-outlets,the-north-face,false,active,
shisui-premium-outlets,theory,false,active,
shisui-premium-outlets,thermos-store,false,active,
shisui-premium-outlets,tiara,false,active,
shisui-premium-outlets,tommy-hilfiger,false,active,
shisui-premium-outlets,triumph,false,active,
shisui-premium-outlets,tumi,false,active,
shisui-premium-outlets,ugg,false,active,
shisui-premium-outlets,under-armour,false,active,
shisui-premium-outlets,united-arrows,false,active,
shisui-premium-outlets,untitled,false,active,
shisui-premium-outlets,urban-research,false,active,
shisui-premium-outlets,vans,false,active,
shisui-premium-outlets,vendome-aoyama,false,active,
shisui-premium-outlets,verite,false,active,
shisui-premium-outlets,victorinox,false,active,
shisui-premium-outlets,wacoal,false,active,
shisui-premium-outlets,wedgwood,false,active,
shisui-premium-outlets,wego,false,active,
shisui-premium-outlets,zero-halliburton,false,active,
shisui-premium-outlets,cabane-de-zucca,false,active,
shisui-premium-outlets,zwilling-ja-henckels,false,active,
shisui-premium-outlets,23ku,false,active,
kobe-sanda-premium-outlets,abahouse,true,active,
kobe-sanda-premium-outlets,ace-bags-and-luggage,true,active,
kobe-sanda-premium-outlets,acne-studios,true,active,
kobe-sanda-premium-outlets,actus,true,active,
kobe-sanda-premium-outlets,adabat,true,active,
kobe-sanda-premium-outlets,adam-et-rope,true,active,
kobe-sanda-premium-outlets,adidas,true,active,
kobe-sanda-premium-outlets,adidas-golf,true,active,
kobe-sanda-premium-outlets,agete,true,active,
kobe-sanda-premium-outlets,aigle,true,active,
kobe-sanda-premium-outlets,ami-paris,true,active,
kobe-sanda-premium-outlets,anna-sui-mini,true,active,
kobe-sanda-premium-outlets,anteprima,false,active,
kobe-sanda-premium-outlets,arcteryx,false,active,
kobe-sanda-premium-outlets,armani,false,active,
kobe-sanda-premium-outlets,as-know-as,false,active,
kobe-sanda-premium-outlets,asics,false,active,
kobe-sanda-premium-outlets,balenciaga,false,active,
kobe-sanda-premium-outlets,bally,false,active,
kobe-sanda-premium-outlets,banana-republic,false,active,
kobe-sanda-premium-outlets,barclay-plus,false,active,
kobe-sanda-premium-outlets,barneys-new-york,false,active,
kobe-sanda-premium-outlets,beams,false,active,
kobe-sanda-premium-outlets,billabong,false,active,
kobe-sanda-premium-outlets,boss,false,active,
kobe-sanda-premium-outlets,bottega-veneta,false,active,
kobe-sanda-premium-outlets,briefing,false,active,
kobe-sanda-premium-outlets,brooks-brothers,false,active,
kobe-sanda-premium-outlets,brunello-cucinelli,false,active,
kobe-sanda-premium-outlets,bshop,false,active,
kobe-sanda-premium-outlets,burberry,false,active,
kobe-sanda-premium-outlets,callaway-golf,false,active,
kobe-sanda-premium-outlets,calvin-klein,false,active,
kobe-sanda-premium-outlets,camper,false,active,
kobe-sanda-premium-outlets,canada-goose,false,active,
kobe-sanda-premium-outlets,celine,false,active,
kobe-sanda-premium-outlets,champion,false,active,
kobe-sanda-premium-outlets,chez-toi,false,active,
kobe-sanda-premium-outlets,chloe,false,active,
kobe-sanda-premium-outlets,ciaopanic,false,active,
kobe-sanda-premium-outlets,citizen,false,active,
kobe-sanda-premium-outlets,coach,false,active,
kobe-sanda-premium-outlets,cole-haan,false,active,
kobe-sanda-premium-outlets,columbia,false,active,
kobe-sanda-premium-outlets,cosmetics-and-designer-fragrances,false,active,
kobe-sanda-premium-outlets,crocs,false,active,
kobe-sanda-premium-outlets,daks,false,active,
kobe-sanda-premium-outlets,delonghi,false,active,
kobe-sanda-premium-outlets,descente,false,active,
kobe-sanda-premium-outlets,designworks,false,active,
kobe-sanda-premium-outlets,diana,false,active,
kobe-sanda-premium-outlets,diesel,false,active,
kobe-sanda-premium-outlets,dolce-and-gabbana,false,active,
kobe-sanda-premium-outlets,dou-dou,false,active,
kobe-sanda-premium-outlets,dr-martens,false,active,
kobe-sanda-premium-outlets,dsquared2,false,active,
kobe-sanda-premium-outlets,dunhill,false,active,
kobe-sanda-premium-outlets,ecco,false,active,
kobe-sanda-premium-outlets,edifice,false,active,
kobe-sanda-premium-outlets,edwin,false,active,
kobe-sanda-premium-outlets,estnation,false,active,
kobe-sanda-premium-outlets,ete,false,active,
kobe-sanda-premium-outlets,etro,false,active,
kobe-sanda-premium-outlets,ferragamo,false,active,
kobe-sanda-premium-outlets,francfranc,false,active,
kobe-sanda-premium-outlets,freaks-store,false,active,
kobe-sanda-premium-outlets,fukuske,false,active,
kobe-sanda-premium-outlets,furla,false,active,
kobe-sanda-premium-outlets,gallardagalante,false,active,
kobe-sanda-premium-outlets,gap,false,active,
kobe-sanda-premium-outlets,gelato-pique,false,active,
kobe-sanda-premium-outlets,gianni-chiarini,false,active,
kobe-sanda-premium-outlets,givenchy,false,active,
kobe-sanda-premium-outlets,graniph,false,active,
kobe-sanda-premium-outlets,gucci,false,active,
kobe-sanda-premium-outlets,hamilton,false,active,
kobe-sanda-premium-outlets,hawkins,false,active,
kobe-sanda-premium-outlets,heal-creek,false,active,
kobe-sanda-premium-outlets,helly-hansen,false,active,
kobe-sanda-premium-outlets,herno,false,active,
kobe-sanda-premium-outlets,hilton-grand-vacations,false,active,
kobe-sanda-premium-outlets,hunter,false,active,
kobe-sanda-premium-outlets,iena,false,active,
kobe-sanda-premium-outlets,iittala,false,active,
kobe-sanda-premium-outlets,indivi,false,active,
kobe-sanda-premium-outlets,izone-new-york,false,active,
kobe-sanda-premium-outlets,jacadi,false,active,
kobe-sanda-premium-outlets,jil-sander,false,active,
kobe-sanda-premium-outlets,jimmy-choo,false,active,
kobe-sanda-premium-outlets,journal-standard,false,active,
kobe-sanda-premium-outlets,jun,false,active,
kobe-sanda-premium-outlets,kate-spade-new-york,false,active,
kobe-sanda-premium-outlets,kolor,false,active,
kobe-sanda-premium-outlets,lacoste,false,active,
kobe-sanda-premium-outlets,lardini,false,active,
kobe-sanda-premium-outlets,lautreamont,false,active,
kobe-sanda-premium-outlets,le-creuset,false,active,
kobe-sanda-premium-outlets,lego,false,active,
kobe-sanda-premium-outlets,leonard,false,active,
kobe-sanda-premium-outlets,levis,false,active,
kobe-sanda-premium-outlets,loewe,false,active,
kobe-sanda-premium-outlets,longines,false,active,
kobe-sanda-premium-outlets,lowrys-farm,false,active,
kobe-sanda-premium-outlets,mackintosh,false,active,
kobe-sanda-premium-outlets,maison-margiela,false,active,
kobe-sanda-premium-outlets,mamanoreform,false,active,
kobe-sanda-premium-outlets,marc-jacobs,false,active,
kobe-sanda-premium-outlets,margaret-howell,false,active,
kobe-sanda-premium-outlets,marni,false,active,
kobe-sanda-premium-outlets,max-mara,false,active,
kobe-sanda-premium-outlets,melrose,false,active,
kobe-sanda-premium-outlets,mens-bigi,false,active,
kobe-sanda-premium-outlets,mezzo-piano,false,active,
kobe-sanda-premium-outlets,michael-kors,false,active,
kobe-sanda-premium-outlets,miki-house,false,active,
kobe-sanda-premium-outlets,moncler,false,active,
kobe-sanda-premium-outlets,montblanc,false,active,
kobe-sanda-premium-outlets,moussy,false,active,
kobe-sanda-premium-outlets,msgm,false,active,
kobe-sanda-premium-outlets,nano-universe,false,active,
kobe-sanda-premium-outlets,new-balance,false,active,
kobe-sanda-premium-outlets,new-balance-golf,false,active,
kobe-sanda-premium-outlets,nice-claup,false,active,
kobe-sanda-premium-outlets,nike,false,active,
kobe-sanda-premium-outlets,nolley-s,false,active,
kobe-sanda-premium-outlets,oakley,false,active,
kobe-sanda-premium-outlets,olive-des-olive,false,active,
kobe-sanda-premium-outlets,paul-smith,false,active,
kobe-sanda-premium-outlets,pearly-gates,false,active,
kobe-sanda-premium-outlets,plaza,false,active,
kobe-sanda-premium-outlets,polo-ralph-lauren-children,false,active,
kobe-sanda-premium-outlets,prada,false,active,
kobe-sanda-premium-outlets,puma,false,active,
kobe-sanda-premium-outlets,queens-court,false,active,
kobe-sanda-premium-outlets,ralph-lauren,false,active,
kobe-sanda-premium-outlets,ray-ban,false,active,
kobe-sanda-premium-outlets,regal,false,active,
kobe-sanda-premium-outlets,rodeo-crowns,false,active,
kobe-sanda-premium-outlets,ron-herman,false,active,
kobe-sanda-premium-outlets,rope-picnic,false,active,
kobe-sanda-premium-outlets,rouge-vif-la-cle,false,active,
kobe-sanda-premium-outlets,ryu,false,active,
kobe-sanda-premium-outlets,sabon,false,active,
kobe-sanda-premium-outlets,samsonite,false,active,
kobe-sanda-premium-outlets,seiko,false,active,
kobe-sanda-premium-outlets,shel-tter,false,active,
kobe-sanda-premium-outlets,ships,false,active,
kobe-sanda-premium-outlets,snidel,false,active,
kobe-sanda-premium-outlets,spick-and-span,false,active,
kobe-sanda-premium-outlets,staub,false,active,
kobe-sanda-premium-outlets,strasburgo,false,active,
kobe-sanda-premium-outlets,stressless,false,active,
kobe-sanda-premium-outlets,swarovski,false,active,
kobe-sanda-premium-outlets,swatch,false,active,
kobe-sanda-premium-outlets,tefal,false,active,
kobe-sanda-premium-outlets,tachikichi,false,active,
kobe-sanda-premium-outlets,takashimaya,false,active,
kobe-sanda-premium-outlets,takeo-kikuchi,false,active,
kobe-sanda-premium-outlets,tasaki,false,active,
kobe-sanda-premium-outlets,tatras,false,active,
kobe-sanda-premium-outlets,taylormade,false,active,
kobe-sanda-premium-outlets,tempur,false,active,
kobe-sanda-premium-outlets,the-body-shop,false,active,
kobe-sanda-premium-outlets,the-cosmetics-company-store,false,active,
kobe-sanda-premium-outlets,the-north-face,false,active,
kobe-sanda-premium-outlets,theory,false,active,
kobe-sanda-premium-outlets,thom-browne,false,active,
kobe-sanda-premium-outlets,tods,false,active,
kobe-sanda-premium-outlets,tommy-hilfiger,false,active,
kobe-sanda-premium-outlets,tory-burch,false,active,
kobe-sanda-premium-outlets,triumph,false,active,
kobe-sanda-premium-outlets,tumi,false,active,
kobe-sanda-premium-outlets,ugg,false,active,
kobe-sanda-premium-outlets,under-armour,false,active,
kobe-sanda-premium-outlets,united-arrows,false,active,
kobe-sanda-premium-outlets,untitled,false,active,
kobe-sanda-premium-outlets,urban-research,false,active,
kobe-sanda-premium-outlets,valentino,false,active,
kobe-sanda-premium-outlets,vans,false,active,
kobe-sanda-premium-outlets,vendome-aoyama,false,active,
kobe-sanda-premium-outlets,versace,false,active,
kobe-sanda-premium-outlets,vis,false,active,
kobe-sanda-premium-outlets,vivienne-westwood,false,active,
kobe-sanda-premium-outlets,wacoal,false,active,
kobe-sanda-premium-outlets,wedgwood,false,active,
kobe-sanda-premium-outlets,wmf,false,active,
kobe-sanda-premium-outlets,zero-halliburton,false,active,
kobe-sanda-premium-outlets,zwilling-ja-henckels,false,active,
kobe-sanda-premium-outlets,23ku,false,active,
sano-premium-outlets,tachikichi,false,active,
sano-premium-outlets,aquascutum,false,active,
sano-premium-outlets,asics,false,active,
sano-premium-outlets,as-know-as,false,active,
sano-premium-outlets,adidas,false,active,
sano-premium-outlets,abahouse,false,active,
sano-premium-outlets,afternoon-tea-living,false,active,
sano-premium-outlets,under-armour,false,active,
sano-premium-outlets,urban-research,false,active,
sano-premium-outlets,iittala,false,active,
sano-premium-outlets,wedgwood,false,active,
sano-premium-outlets,xlarge-x-girl,false,active,
sano-premium-outlets,ecco,false,active,
sano-premium-outlets,etro,false,active,
sano-premium-outlets,edwin,false,active,
sano-premium-outlets,ace-bags-and-luggage,false,active,
sano-premium-outlets,olive-des-olive,false,active,
sano-premium-outlets,oakley,false,active,
sano-premium-outlets,gap,false,active,
sano-premium-outlets,clarks,false,active,
sano-premium-outlets,graniph,false,active,
sano-premium-outlets,kate-spade-new-york,false,active,
sano-premium-outlets,cosmetics-and-designer-fragrances,false,active,
sano-premium-outlets,columbia,false,active,
sano-premium-outlets,coach,false,active,
sano-premium-outlets,cole-haan,false,active,
sano-premium-outlets,coleman,false,active,
sano-premium-outlets,ferragamo,false,active,
sano-premium-outlets,the-cosmetics-company-store,false,active,
sano-premium-outlets,the-north-face,false,active,
sano-premium-outlets,citizen,false,active,
sano-premium-outlets,ships,false,active,
sano-premium-outlets,jimmy-choo,false,active,
sano-premium-outlets,journal-standard,false,active,
sano-premium-outlets,scotch-grain,false,active,
sano-premium-outlets,spick-and-span,false,active,
sano-premium-outlets,swarovski,false,active,
sano-premium-outlets,cabane-de-zucca,false,active,
sano-premium-outlets,seiko,false,active,
sano-premium-outlets,theory,false,active,
sano-premium-outlets,zero-halliburton,false,active,
sano-premium-outlets,diana,false,active,
sano-premium-outlets,dunhill,false,active,
sano-premium-outlets,d-urban,false,active,
sano-premium-outlets,ciaopanic,false,active,
sano-premium-outlets,tefal,false,active,
sano-premium-outlets,timberland,false,active,
sano-premium-outlets,taylormade,false,active,
sano-premium-outlets,diesel,false,active,
sano-premium-outlets,tumi,false,active,
sano-premium-outlets,tommy-hilfiger,false,active,
sano-premium-outlets,triumph,false,active,
sano-premium-outlets,nike,false,active,
sano-premium-outlets,nice-claup,false,active,
sano-premium-outlets,new-balance,false,active,
sano-premium-outlets,new-yorker,false,active,
sano-premium-outlets,banana-republic,false,active,
sano-premium-outlets,bally,false,active,
sano-premium-outlets,billabong,false,active,
sano-premium-outlets,beams,false,active,
sano-premium-outlets,peach-john,false,active,
sano-premium-outlets,furla,false,active,
sano-premium-outlets,fragrance-outlet,false,active,
sano-premium-outlets,brooks-brothers,false,active,
sano-premium-outlets,plaza,false,active,
sano-premium-outlets,plantation,false,active,
sano-premium-outlets,puma,false,active,
sano-premium-outlets,pet-paradise,false,active,
sano-premium-outlets,hawkins,false,active,
sano-premium-outlets,polo-ralph-lauren,false,active,
sano-premium-outlets,paul-smith,false,active,
sano-premium-outlets,margaret-howell,false,active,
sano-premium-outlets,miki-house,false,active,
sano-premium-outlets,mitsumine,false,active,
sano-premium-outlets,mezzo-piano,false,active,
sano-premium-outlets,melrose,false,active,
sano-premium-outlets,united-arrows,false,active,
sano-premium-outlets,lacoste,false,active,
sano-premium-outlets,regal,false,active,
sano-premium-outlets,levis,false,active,
sano-premium-outlets,le-souk,false,active,
sano-premium-outlets,le-creuset,false,active,
sano-premium-outlets,ray-ban,false,active,
sano-premium-outlets,lego,false,active,
sano-premium-outlets,le-sportsac,false,active,
sano-premium-outlets,royal-copenhagen,false,active,
sano-premium-outlets,wacoal,false,active,
sano-premium-outlets,vans,false,active,
sano-premium-outlets,vivienne-westwood,false,active,
sano-premium-outlets,kanematsu,false,active,
sano-premium-outlets,callaway-golf,false,active,
sano-premium-outlets,gallardagalante,false,active,
sano-premium-outlets,mamanoreform,false,active,
sano-premium-outlets,earth-music-and-ecology,false,active,
sano-premium-outlets,michael-kors,false,active,
sano-premium-outlets,tempur,false,active,
sano-premium-outlets,bebe,false,active,
sano-premium-outlets,desigual,false,active,
sano-premium-outlets,rope,false,active,
sano-premium-outlets,ined,false,active,
sano-premium-outlets,bridgestone-golf-plaza,false,active,
sano-premium-outlets,francfranc,false,active,
sano-premium-outlets,nano-universe,false,active,
sano-premium-outlets,verite,false,active,
sano-premium-outlets,lowrys-farm,false,active,
sano-premium-outlets,pearly-gates,false,active,
sano-premium-outlets,niko-and,false,active,
sano-premium-outlets,foxfire,false,active,
sano-premium-outlets,anna-sui-mini,false,active,
sano-premium-outlets,shel-tter,false,active,
sano-premium-outlets,champion,false,active,
sano-premium-outlets,sanrio,false,active,
sano-premium-outlets,indivi,false,active,
sano-premium-outlets,takeo-kikuchi,false,active,
sano-premium-outlets,ryu,false,active,
sano-premium-outlets,izone-new-york,false,active,
sano-premium-outlets,gelato-pique,false,active,
sano-premium-outlets,snidel,false,active,
sano-premium-outlets,tory-burch,false,active,
sano-premium-outlets,trinity,false,active,
sano-premium-outlets,mackintosh,false,active,
sano-premium-outlets,keen,false,active,
sano-premium-outlets,seven-eleven,false,active,
sano-premium-outlets,jun,false,active,
sano-premium-outlets,cobra-puma-golf,false,active,
sano-premium-outlets,leilian,false,active,
sano-premium-outlets,traditional-weatherwear,false,active,
sano-premium-outlets,untitled,false,active,
sano-premium-outlets,marc-jacobs,false,active,
sano-premium-outlets,ugg,false,active,
sano-premium-outlets,casio-watch,false,active,
sano-premium-outlets,airweave,false,active,
sano-premium-outlets,23ku,false,active,
sano-premium-outlets,l-occitane,false,active,
sano-premium-outlets,thermos-store,false,active,
sano-premium-outlets,orobianco,false,active,
sano-premium-outlets,new-balance-golf,false,active,
sano-premium-outlets,briefing,false,active,
sano-premium-outlets,takashimaya,false,active,
sano-premium-outlets,theory-luxe,false,active,
sano-premium-outlets,jack-bunny,false,active,
sano-premium-outlets,calvin-klein,false,active,
sano-premium-outlets,adidas-golf,false,active,
sano-premium-outlets,nishikawa,false,active,
sano-premium-outlets,denham,false,active,
sano-premium-outlets,ron-herman,false,active,
sano-premium-outlets,zwilling,false,active,
sano-premium-outlets,tradies,false,active,
sano-premium-outlets,armani,false,active,
sano-premium-outlets,owndays,false,active,
sano-premium-outlets,petit-main,false,active,
sano-premium-outlets,boss,false,active,
sano-premium-outlets,felisi,false,active,
sano-premium-outlets,ping,false,active,
sano-premium-outlets,converse,false,active,
sano-premium-outlets,lavenham,false,active,
sano-premium-outlets,refa,false,active,
sano-premium-outlets,descente,false,active,
sano-premium-outlets,arknets,false,active,
sano-premium-outlets,avirex,false,active,
sano-premium-outlets,anker-store,false,active,
shanghai-village,adidas-originals,false,active,
shanghai-village,adidas,false,active,
shanghai-village,aigle,false,active,
shanghai-village,aimer,false,active,
shanghai-village,alexander-mcqueen,false,active,
shanghai-village,allsaints,false,active,
shanghai-village,american-vintage,false,active,
shanghai-village,ami-paris,false,active,
shanghai-village,anine-bing,false,active,
shanghai-village,apm-monaco,false,active,
shanghai-village,arcteryx,false,active,
shanghai-village,armani,false,active,
shanghai-village,asics,false,active,
shanghai-village,ba-and-sh,false,active,
shanghai-village,balenciaga,false,active,
shanghai-village,bally,false,active,
shanghai-village,balmain,false,active,
shanghai-village,barbour,false,active,
shanghai-village,bogner,false,active,
shanghai-village,bonpoint,false,active,
shanghai-village,bosideng,false,active,
shanghai-village,boss,false,active,
shanghai-village,breitling,false,active,
shanghai-village,brooks-brothers,false,active,
shanghai-village,brunello-cucinelli,false,active,
shanghai-village,burberry,false,active,
shanghai-village,burton,false,active,
shanghai-village,calvin-klein,false,active,
shanghai-village,canada-goose,false,active,
shanghai-village,canali,false,active,
shanghai-village,carhartt-wip,false,active,
shanghai-village,celine,false,active,
shanghai-village,champion,false,active,
shanghai-village,chj-jewellery,false,active,
shanghai-village,chloe,false,active,
shanghai-village,chloechen,false,active,
shanghai-village,christofle,false,active,
shanghai-village,clarks,false,active,
shanghai-village,coach,false,active,
shanghai-village,converse,false,active,
shanghai-village,crocs,false,active,
shanghai-village,croquis,false,active,
shanghai-village,curiel,false,active,
shanghai-village,dan-nong,false,active,
shanghai-village,dazzle,false,active,
shanghai-village,descente,false,active,
shanghai-village,diesel,false,active,
shanghai-village,documents,false,active,
shanghai-village,dolceandgabbana,false,active,
shanghai-village,dr-martens,false,active,
shanghai-village,dunhill,false,active,
shanghai-village,dyson,false,active,
shanghai-village,ecco,false,active,
shanghai-village,edition,false,active,
shanghai-village,eland,false,active,
shanghai-village,erdos,false,active,
shanghai-village,ermanno-scervino,false,active,
shanghai-village,exception,false,active,
shanghai-village,ferragamo,false,active,
shanghai-village,fila,false,active,
shanghai-village,fila-kids,false,active,
shanghai-village,g-fore,false,active,
shanghai-village,gentspace,false,active,
shanghai-village,giada,false,active,
shanghai-village,givenchy,false,active,
shanghai-village,glasstique,false,active,
shanghai-village,golden-goose,false,active,
shanghai-village,goldwin,false,active,
shanghai-village,haglofs,false,active,
shanghai-village,haixingmarket,false,active,
shanghai-village,hazzys,false,active,
shanghai-village,hechter,false,active,
shanghai-village,hefang,false,active,
shanghai-village,helly-hansen,false,active,
shanghai-village,hilditch-key,false,active,
shanghai-village,hogan,false,active,
shanghai-village,tods,false,active,
shanghai-village,hoka-one-one,false,active,
shanghai-village,iro,false,active,
shanghai-village,isabel-marant,false,active,
shanghai-village,j-lindeberg,false,active,
shanghai-village,jewelria,false,active,
shanghai-village,jil-sander,false,active,
shanghai-village,jimmy-choo,false,active,
shanghai-village,jnby-by-jnby,false,active,
shanghai-village,jnby,false,active,
shanghai-village,joseph,false,active,
shanghai-village,kailas,false,active,
shanghai-village,kate-spade,false,active,
shanghai-village,kenzo,false,active,
shanghai-village,kiton,false,active,
shanghai-village,kolon-sports,false,active,
shanghai-village,l-occitane,false,active,
shanghai-village,loreal,false,active,
shanghai-village,lacoste,false,active,
shanghai-village,lanecrawford,false,active,
shanghai-village,laurel,false,active,
shanghai-village,lee,false,active,
shanghai-village,lenscrafters,false,active,
shanghai-village,less,false,active,
shanghai-village,let-s-vintage,false,active,
shanghai-village,levis,false,active,
shanghai-village,loewe,false,active,
shanghai-village,longchamp,false,active,
shanghai-village,loro-piana,false,active,
shanghai-village,lottusse,false,active,
shanghai-village,lululemon,false,active,
shanghai-village,maia-active,false,active,
shanghai-village,maison-kitsune,false,active,
shanghai-village,maison-margiela,false,active,
shanghai-village,maje,false,active,
shanghai-village,mammut,false,active,
shanghai-village,marisfrolg,false,active,
shanghai-village,marni,false,active,
shanghai-village,max-mara,false,active,
shanghai-village,mlb-korea,false,active,
shanghai-village,mo-co,false,active,
shanghai-village,monologue,false,active,
shanghai-village,montblanc,false,active,
shanghai-village,moodytiger,false,active,
shanghai-village,moose-knuckles,false,active,
shanghai-village,moschino,false,active,
shanghai-village,moussy,false,active,
shanghai-village,mugen-optical,false,active,
shanghai-village,nautica,false,active,
shanghai-village,neiwai,false,active,
shanghai-village,new-balance,false,active,
shanghai-village,new-balance-kids,false,active,
shanghai-village,new-era,false,active,
shanghai-village,nice-rice,false,active,
shanghai-village,nike,false,active,
shanghai-village,onitsuka-tiger,false,active,
shanghai-village,on,false,active,
shanghai-village,papito,false,active,
shanghai-village,patagonia,false,active,
shanghai-village,paw-in-paw,false,active,
shanghai-village,polo-ralph-lauren,false,active,
shanghai-village,ports,false,active,
shanghai-village,puma,false,active,
shanghai-village,ray-ban,false,active,
shanghai-village,rituals,false,active,
shanghai-village,rockfish-weatherwear,false,active,
shanghai-village,s-beauty-method,false,active,
shanghai-village,salomon,false,active,
shanghai-village,samsonite,false,active,
shanghai-village,sandro,false,active,
shanghai-village,saucony,false,active,
shanghai-village,self-portrait,false,active,
shanghai-village,shanghai-tang,false,active,
shanghai-village,skechers,false,active,
shanghai-village,staccato,false,active,
shanghai-village,stuart-weitzman,false,active,
shanghai-village,subdued,false,active,
shanghai-village,swarovski,false,active,
shanghai-village,tabio,false,active,
shanghai-village,the-cosmetics-company-store,false,active,
shanghai-village,the-north-face,false,active,
shanghai-village,theory,false,active,
shanghai-village,thom-browne,false,active,
shanghai-village,timberland,false,active,
shanghai-village,tom-ford,false,active,
shanghai-village,tommy-hilfiger,false,active,
shanghai-village,tory-burch,false,active,
shanghai-village,tumi,false,active,
shanghai-village,ugg,false,active,
shanghai-village,undefeated,false,active,
shanghai-village,underarmour,false,active,
shanghai-village,urban-exploration,false,active,
shanghai-village,valentino,false,active,
shanghai-village,versace,false,active,
shanghai-village,vivienne-westwood,false,active,
shanghai-village,vuori,false,active,
shanghai-village,wacoal,false,active,
shanghai-village,we11done,false,active,
shanghai-village,wedgwood,false,active,
shanghai-village,wmf,false,active,
shanghai-village,wooyoungmi,false,active,
shanghai-village,y-3,false,active,
shanghai-village,zuczug,false,active,
shanghai-village,zwilling,false,active,
shanghai-village,13de-marzo,false,active,
shanghai-village,1436,false,active,
citygate-outlets,adidas,false,active,
citygate-outlets,aigle,false,active,
citygate-outlets,alice-olivia,false,active,
citygate-outlets,american-eagle,false,active,
citygate-outlets,american-vintage,false,active,
citygate-outlets,anteprima,false,active,
citygate-outlets,aqua,false,active,
citygate-outlets,arcteryx,false,active,
citygate-outlets,armani-outlet,false,active,
citygate-outlets,ashworth,false,active,
citygate-outlets,asics,false,active,
citygate-outlets,atsuro-tayama,false,active,
citygate-outlets,bally,false,active,
citygate-outlets,bath-and-body-works,false,active,
citygate-outlets,bora-aksu,false,active,
citygate-outlets,breitling,false,active,
citygate-outlets,bricks-house,false,active,
citygate-outlets,brooks-brothers,false,active,
citygate-outlets,burberry,false,active,
citygate-outlets,calvin-klein,false,active,
citygate-outlets,calvin-klein-underwear,false,active,
citygate-outlets,camper,false,active,
citygate-outlets,casetify,false,active,
citygate-outlets,cath-kidston,false,active,
citygate-outlets,cdf-beauty,false,active,
citygate-outlets,chevignon,false,active,
citygate-outlets,chloe,false,active,
citygate-outlets,chow-sang-sang,false,active,
citygate-outlets,chow-tai-fook,false,active,
citygate-outlets,city-chain,false,active,
citygate-outlets,clarks,false,active,
citygate-outlets,club-monaco,false,active,
citygate-outlets,coach,false,active,
citygate-outlets,cocktail,false,active,
citygate-outlets,columbia,false,active,
citygate-outlets,comvita,false,active,
citygate-outlets,crocs,false,active,
citygate-outlets,daks,false,active,
citygate-outlets,descente,false,active,
citygate-outlets,diesel,false,active,
citygate-outlets,dior,false,active,
citygate-outlets,dr-kong,false,active,
citygate-outlets,dunhill,false,active,
citygate-outlets,ecco,false,active,
citygate-outlets,egg-optical-boutique,false,active,
citygate-outlets,evisu,false,active,
citygate-outlets,ferragamo,false,active,
citygate-outlets,fila,false,active,
citygate-outlets,fortress,false,active,
citygate-outlets,g2000,false,active,
citygate-outlets,glasstique,false,active,
citygate-outlets,her-own-words,false,active,
citygate-outlets,hk-jebn,false,active,
citygate-outlets,hour-passion,false,active,
citygate-outlets,boss,false,active,
citygate-outlets,initial,false,active,
citygate-outlets,i-t,false,active,
citygate-outlets,j-lindeberg,false,active,
citygate-outlets,jimmy-choo,false,active,
citygate-outlets,k-swiss,false,active,
citygate-outlets,kate-spade-new-york,false,active,
citygate-outlets,kenzo,false,active,
citygate-outlets,kinji,false,active,
citygate-outlets,kipling,false,active,
citygate-outlets,la-compagnie-des-petits,false,active,
citygate-outlets,lacoste,false,active,
citygate-outlets,lanecrawford,false,active,
citygate-outlets,le-creuset,false,active,
citygate-outlets,levis,false,active,
citygate-outlets,life-kan,false,active,
citygate-outlets,lukfook-jewellery,false,active,
citygate-outlets,lululemon,false,active,
citygate-outlets,mabelle,false,active,
citygate-outlets,maje,false,active,
citygate-outlets,mannings,false,active,
citygate-outlets,marc-jacobs,false,active,
citygate-outlets,marimekko,false,active,
citygate-outlets,marithe-francois-girbaud,false,active,
citygate-outlets,marks-and-spencer,false,active,
citygate-outlets,marni,false,active,
citygate-outlets,maryling,false,active,
citygate-outlets,matin-kim,false,active,
citygate-outlets,max-and-co,false,active,
citygate-outlets,max-mara,false,active,
citygate-outlets,michael-kors,false,active,
citygate-outlets,miss-sixty,false,active,
citygate-outlets,mlb-korea,false,active,
citygate-outlets,moodytiger,false,active,
citygate-outlets,national-geographic-apparel,false,active,
citygate-outlets,new-balance,false,active,
citygate-outlets,nike,false,active,
citygate-outlets,optical-88,false,active,
citygate-outlets,palladium,false,active,
citygate-outlets,pandora,false,active,
citygate-outlets,polo-ralph-lauren,false,active,
citygate-outlets,popcorn,false,active,
citygate-outlets,puma,false,active,
citygate-outlets,ray-ban,false,active,
citygate-outlets,repetto,false,active,
citygate-outlets,rue-madame,false,active,
citygate-outlets,sa-sa,false,active,
citygate-outlets,salomon,false,active,
citygate-outlets,sam-edelman,false,active,
citygate-outlets,samsonite,false,active,
citygate-outlets,sandro,false,active,
citygate-outlets,shanghai-tang,false,active,
citygate-outlets,simply-toys,false,active,
citygate-outlets,skechers,false,active,
citygate-outlets,sunglass-hut,false,active,
citygate-outlets,swarovski,false,active,
citygate-outlets,taste,false,active,
citygate-outlets,the-body-shop,false,active,
citygate-outlets,the-north-face,false,active,
citygate-outlets,theory,false,active,
citygate-outlets,thermos-store,false,active,
citygate-outlets,timberland,false,active,
citygate-outlets,tommy-hilfiger,false,active,
citygate-outlets,tory-burch,false,active,
citygate-outlets,tsl,false,active,
citygate-outlets,tumi,false,active,
citygate-outlets,under-armour,false,active,
citygate-outlets,uniqlo,false,active,
citygate-outlets,vans,false,active,
citygate-outlets,versace,false,active,
citygate-outlets,victorinox,false,active,
citygate-outlets,vilebrequin,false,active,
citygate-outlets,vivaia,false,active,
citygate-outlets,furla,false,active,
citygate-outlets,georg-jensen,false,active,
citygate-outlets,royal-copenhagen,false,active,
citygate-outlets,wedgwood,false,active,
citygate-outlets,geox,false,active,
citygate-outlets,go-wild,false,active,
citygate-outlets,disney-store,false,active,
citygate-outlets,kolon-sport,false,active,
citygate-outlets,duty-zero-by-cdf,false,active,
citygate-outlets,claudie-pierlot,false,inactive,
citygate-outlets,cole-haan,false,inactive,
citygate-outlets,guess,false,inactive,
citygate-outlets,hobbs-london,false,inactive,
citygate-outlets,hugo-boss,false,inactive,
citygate-outlets,nautica,false,inactive,
citygate-outlets,nike-unite,false,inactive,
citygate-outlets,rockport,false,inactive,
citygate-outlets,salvatore-ferragamo,false,inactive,
citygate-outlets,underarmour,false,inactive,
citygate-outlets,vivienne-westwood,false,inactive,
citygate-outlets,zegna,false,inactive,
citygate-outlets,6ixty8ight,false,inactive,
citygate-outlets,dickies,false,inactive,
mitsui-outlet-park-linkou,b-c-stock,false,active,
mitsui-outlet-park-linkou,snidel,false,active,
mitsui-outlet-park-linkou,gelato-pique,false,active,
mitsui-outlet-park-linkou,lily-brown,false,active,
mitsui-outlet-park-linkou,uraha,false,active,
mitsui-outlet-park-linkou,uniqlo,false,active,
mitsui-outlet-park-linkou,aigle,false,active,
mitsui-outlet-park-linkou,levis,false,active,
mitsui-outlet-park-linkou,i-t,false,active,
mitsui-outlet-park-linkou,boy-london,false,active,
mitsui-outlet-park-linkou,blue-way,false,active,
mitsui-outlet-park-linkou,edwin,false,active,
mitsui-outlet-park-linkou,sst-and-c,false,active,
mitsui-outlet-park-linkou,bazaar,false,active,
mitsui-outlet-park-linkou,lacoste,false,active,
mitsui-outlet-park-linkou,calvin-klein-jeans,false,active,
mitsui-outlet-park-linkou,tommy-hilfiger,false,active,
mitsui-outlet-park-linkou,beams,false,active,
mitsui-outlet-park-linkou,urban-research,false,active,
mitsui-outlet-park-linkou,united-arrows,false,active,
mitsui-outlet-park-linkou,arnold-palmer,false,active,
mitsui-outlet-park-linkou,nautica,false,active,
mitsui-outlet-park-linkou,roots,false,active,
mitsui-outlet-park-linkou,stayreal,false,active,
mitsui-outlet-park-linkou,ty-select,false,active,
mitsui-outlet-park-linkou,giuseppe-zanotti,false,active,
mitsui-outlet-park-linkou,stella-mccartney,false,active,
mitsui-outlet-park-linkou,mon-birdie,false,active,
mitsui-outlet-park-linkou,yuen,false,active,
mitsui-outlet-park-linkou,23ku,false,active,
mitsui-outlet-park-linkou,shiatzy-chen,false,active,
mitsui-outlet-park-linkou,max-mara,false,active,
mitsui-outlet-park-linkou,roberto-cavalli,false,active,
mitsui-outlet-park-linkou,triumph,false,active,
mitsui-outlet-park-linkou,nara-camicie,false,active,
mitsui-outlet-park-linkou,free-area,false,active,
mitsui-outlet-park-linkou,earth-music-and-ecology,false,active,
mitsui-outlet-park-linkou,wacoal,false,active,
mitsui-outlet-park-linkou,scottish-house,false,active,
mitsui-outlet-park-linkou,gozo,false,active,
mitsui-outlet-park-linkou,a-la-sha,false,active,
mitsui-outlet-park-linkou,yohji-yamamoto,false,active,
mitsui-outlet-park-linkou,club-monaco,false,active,
mitsui-outlet-park-linkou,polo-ralph-lauren,false,active,
mitsui-outlet-park-linkou,boss,false,active,
mitsui-outlet-park-linkou,gap,false,active,
mitsui-outlet-park-linkou,champion,false,active,
mitsui-outlet-park-linkou,and-st,false,active,
mitsui-outlet-park-linkou,mlb-korea,false,active,
mitsui-outlet-park-linkou,plain-me,false,active,
mitsui-outlet-park-linkou,kangol,false,active,
mitsui-outlet-park-linkou,fred-perry,false,active,
mitsui-outlet-park-linkou,abercrombie-and-fitch,false,active,
mitsui-outlet-park-linkou,la-feta,false,active,
mitsui-outlet-park-linkou,ncaa,false,active,
mitsui-outlet-park-linkou,gu,false,active,
mitsui-outlet-park-linkou,brappers,false,active,
mitsui-outlet-park-linkou,big-train,false,active,
mitsui-outlet-park-linkou,en-suey,false,active,
mitsui-outlet-park-linkou,mode-marie,false,active,
mitsui-outlet-park-linkou,little-market,false,active,
mitsui-outlet-park-linkou,huf,false,active,
mitsui-outlet-park-linkou,descente,false,active,
mitsui-outlet-park-linkou,american-holic,false,active,
mitsui-outlet-park-linkou,studio-clip,false,active,
mitsui-outlet-park-linkou,niko-and,false,active,
mitsui-outlet-park-linkou,nano-universe,false,active,
mitsui-outlet-park-linkou,hollister,false,active,
mitsui-outlet-park-linkou,brand-49132e982aaf,false,active,
mitsui-outlet-park-linkou,joseph,false,active,
mitsui-outlet-park-linkou,6ixty8ight,false,active,
mitsui-outlet-park-linkou,nonspace,false,active,
mitsui-outlet-park-linkou,tuantuan,false,active,
mitsui-outlet-park-linkou,inlook,false,active,
mitsui-outlet-park-linkou,otto,false,active,
mitsui-outlet-park-linkou,anybears,false,active,
mitsui-outlet-park-linkou,vibe,false,active,
mitsui-outlet-park-linkou,lee,false,active,
mitsui-outlet-park-linkou,la-boutique-du-velo,false,active,
mitsui-outlet-park-linkou,under-armour,false,active,
mitsui-outlet-park-linkou,munsingwear,false,active,
mitsui-outlet-park-linkou,le-coq-sportif,false,active,
mitsui-outlet-park-linkou,traveler,false,active,
mitsui-outlet-park-linkou,hilltop,false,active,
mitsui-outlet-park-linkou,atunas,false,active,
mitsui-outlet-park-linkou,merrell,false,active,
mitsui-outlet-park-linkou,columbia,false,active,
mitsui-outlet-park-linkou,the-north-face,false,active,
mitsui-outlet-park-linkou,nike,false,active,
mitsui-outlet-park-linkou,skechers,false,active,
mitsui-outlet-park-linkou,mizuno,false,active,
mitsui-outlet-park-linkou,asics,false,active,
mitsui-outlet-park-linkou,new-balance,false,active,
mitsui-outlet-park-linkou,adidas,false,active,
mitsui-outlet-park-linkou,puma,false,active,
mitsui-outlet-park-linkou,super-golf,false,active,
mitsui-outlet-park-linkou,mammut,false,active,
mitsui-outlet-park-linkou,ispo,false,active,
mitsui-outlet-park-linkou,wildmeet,false,active,
mitsui-outlet-park-linkou,chums,false,active,
mitsui-outlet-park-linkou,new-wolsey,false,active,
mitsui-outlet-park-linkou,national-geographic-apparel,false,active,
mitsui-outlet-park-linkou,brand-a9f7dbd63818,false,active,
mitsui-outlet-park-linkou,lululemon,false,active,
mitsui-outlet-park-linkou,nba-store,false,active,
mitsui-outlet-park-linkou,stancave,false,active,
mitsui-outlet-park-linkou,brooks,false,active,
mitsui-outlet-park-linkou,honma,false,active,
mitsui-outlet-park-linkou,aroak,false,active,
mitsui-outlet-park-linkou,porter-international,false,active,
mitsui-outlet-park-linkou,regal,false,active,
mitsui-outlet-park-linkou,orobianco,false,active,
mitsui-outlet-park-linkou,timberland,false,active,
mitsui-outlet-park-linkou,tumi,false,active,
mitsui-outlet-park-linkou,kate-spade-new-york,false,active,
mitsui-outlet-park-linkou,michael-kors,false,active,
mitsui-outlet-park-linkou,fitflop,false,active,
mitsui-outlet-park-linkou,uniarts,false,active,
mitsui-outlet-park-linkou,vans,false,active,
mitsui-outlet-park-linkou,hawkins,false,active,
mitsui-outlet-park-linkou,converse,false,active,
mitsui-outlet-park-linkou,clarks,false,active,
mitsui-outlet-park-linkou,kipling,false,active,
mitsui-outlet-park-linkou,birkenstock,false,active,
mitsui-outlet-park-linkou,ecco,false,active,
mitsui-outlet-park-linkou,hunter,false,active,
mitsui-outlet-park-linkou,gianni-chiarini,false,active,
mitsui-outlet-park-linkou,barbour,false,active,
mitsui-outlet-park-linkou,the-bridge,false,active,
mitsui-outlet-park-linkou,all-black-collection,false,active,
mitsui-outlet-park-linkou,ugg,false,active,
mitsui-outlet-park-linkou,d-af,false,active,
mitsui-outlet-park-linkou,byhue,false,active,
mitsui-outlet-park-linkou,moonstar,false,active,
mitsui-outlet-park-linkou,new-step,false,active,
mitsui-outlet-park-linkou,impact,false,active,
mitsui-outlet-park-linkou,royal-elastics,false,active,
mitsui-outlet-park-linkou,palladium,false,active,
mitsui-outlet-park-linkou,regettacanoe,false,active,
mitsui-outlet-park-linkou,brand-cdcbabe8cdd9,false,active,
mitsui-outlet-park-linkou,achilles-sorbo,false,active,
mitsui-outlet-park-linkou,dogday,false,active,
mitsui-outlet-park-linkou,le-creuset,false,active,
mitsui-outlet-park-linkou,samsonite,false,active,
mitsui-outlet-park-linkou,zwilling,false,active,
mitsui-outlet-park-linkou,hengstyle,false,active,
mitsui-outlet-park-linkou,yvonne-collection,false,active,
mitsui-outlet-park-linkou,tefal,false,active,
mitsui-outlet-park-linkou,xiaomi,false,active,
mitsui-outlet-park-linkou,beutii,false,active,
mitsui-outlet-park-linkou,brand-fc526a487485,false,active,
mitsui-outlet-park-linkou,btp,false,active,
mitsui-outlet-park-linkou,brand-1ed6662cd9c1,false,active,
mitsui-outlet-park-linkou,muji,false,active,
mitsui-outlet-park-linkou,hola,false,active,
mitsui-outlet-park-linkou,lock-and-lock,false,active,
mitsui-outlet-park-linkou,tendays,false,active,
mitsui-outlet-park-linkou,brand-b347a083ff2b,false,active,
mitsui-outlet-park-linkou,thermos-store,false,active,
mitsui-outlet-park-linkou,fuji-massage-chair,false,active,
mitsui-outlet-park-linkou,peter-rabbit,false,active,
mitsui-outlet-park-linkou,tonia-nicole,false,active,
mitsui-outlet-park-linkou,hallmark,false,active,
mitsui-outlet-park-linkou,daiso,false,active,
mitsui-outlet-park-linkou,standard-products,false,active,
mitsui-outlet-park-linkou,threeppy,false,active,
mitsui-outlet-park-linkou,dhc,false,active,
mitsui-outlet-park-linkou,o-right,false,active,
mitsui-outlet-park-linkou,iam,false,active,
mitsui-outlet-park-linkou,yuan,false,active,
mitsui-outlet-park-linkou,nitori,false,active,
mitsui-outlet-park-linkou,muc-muc,false,active,
mitsui-outlet-park-linkou,housuxi,false,active,
mitsui-outlet-park-linkou,royal-copenhagen,false,active,
mitsui-outlet-park-linkou,wedgwood,false,active,
mitsui-outlet-park-linkou,brand-c80fec4d8155,false,active,
mitsui-outlet-park-linkou,check-2-check,false,active,
mitsui-outlet-park-linkou,brand-eeeebf9a38ad,false,active,
mitsui-outlet-park-linkou,vecs-gardenia,false,active,
mitsui-outlet-park-linkou,les-enphants,false,active,
mitsui-outlet-park-linkou,mamas-and-papas,false,active,
mitsui-outlet-park-linkou,rookie,false,active,
mitsui-outlet-park-linkou,akachan-honpo,false,active,
mitsui-outlet-park-linkou,baby-city,false,active,
mitsui-outlet-park-linkou,markey-s,false,active,
mitsui-outlet-park-linkou,brand-5b7dcd1df841,false,active,
mitsui-outlet-park-linkou,the-body-shop,false,active,
mitsui-outlet-park-linkou,owndays,false,active,
mitsui-outlet-park-linkou,designer-fragrances-and-cosmetic-co,false,active,
mitsui-outlet-park-linkou,agnes-b,false,active,
mitsui-outlet-park-linkou,ray-ban,false,active,
mitsui-outlet-park-linkou,beauty-scents,false,active,
mitsui-outlet-park-linkou,lorya,false,active,
mitsui-outlet-park-linkou,cath-kidston,false,active,
mitsui-outlet-park-linkou,new-era,false,active,
mitsui-outlet-park-linkou,the-cosmetics-company-store,false,active,
mitsui-outlet-park-linkou,toy-select,false,active,
mitsui-outlet-park-linkou,kinloch-anderson,false,active,
mitsui-outlet-park-linkou,fraas,false,active,
mitsui-outlet-park-linkou,dalla,false,active,
mitsui-outlet-park-linkou,scent-of-seoul,false,active,
mitsui-outlet-park-linkou,maybee,false,active,
mitsui-outlet-park-linkou,innisfree,false,active,
mitsui-outlet-park-linkou,g-shock,false,active,
mitsui-outlet-park-linkou,formosa-watch,false,active,
mitsui-outlet-park-linkou,seiko,false,active,
mitsui-outlet-park-linkou,citizen,false,active,
mitsui-outlet-park-linkou,fossil,false,active,
mitsui-outlet-park-linkou,chow-sang-sang,false,active,
mitsui-outlet-park-linkou,just-gold,false,active,
mitsui-outlet-park-linkou,garmin,false,active,
mitsui-outlet-park-linkou,vacanza-accessory,false,active,
mitsui-outlet-park-linkou,finiss-x-ilco,false,active,
mitsui-outlet-park-linkou,bonny-and-read,false,active,
mitsui-outlet-park-linkou,brand-fugetsu,false,active,
mitsui-outlet-park-linkou,brand-91d2a485325d,false,active,
mitsui-outlet-park-linkou,bandai,false,active,
mitsui-outlet-park-linkou,lego,false,active,
mitsui-outlet-park-linkou,pop-mart,false,active,
mitsui-outlet-park-linkou,funbox,false,active,
mitsui-outlet-park-linkou,gashapon,false,active,
mitsui-outlet-park-linkou,tomods,false,active,
mitsui-outlet-park-linkou,mia-c-bon,false,active,
mitsui-outlet-park-linkou,eslite,false,active,
mitsui-outlet-park-linkou,eslite-expo,false,active,
mitsui-outlet-park-linkou,kaldi-coffee-farm,false,active,
mitsui-outlet-park-linkou,osim,false,active,
mitsui-outlet-park-linkou,data-express,false,active,
mitsui-outlet-park-linkou,brand-ea2c8807030a,false,active,
mitsui-outlet-park-linkou,toys-r-us,false,active,
mitsui-outlet-park-linkou,pop-toys,false,active,
mitsui-outlet-park-linkou,bose,false,active,
mitsui-outlet-park-linkou,brand-0a25b68cb728,false,active,
mitsui-outlet-park-linkou,volvo,false,active,
mitsui-outlet-park-linkou,samsung,false,active,
mitsui-outlet-park-linkou,jinghua,false,active,
mitsui-outlet-park-linkou,7-eleven,false,active,
mitsui-outlet-park-linkou,jins,false,active,
mitsui-outlet-park-linkou,a,false,active,
mitsui-outlet-park-linkou,calvin-klein,true,inactive,
mitsui-outlet-park-linkou,cole-haan,false,inactive,
mitsui-outlet-park-linkou,dr-martens,false,inactive,
mitsui-outlet-park-linkou,guess,false,inactive,
mitsui-outlet-park-linkou,hugo-boss,false,inactive,
mitsui-outlet-park-linkou,issey-miyake,false,inactive,
mitsui-outlet-park-linkou,nba-style,false,inactive,
mitsui-outlet-park-linkou,nike-unite,false,inactive,
mitsui-outlet-park-linkou,quiksilver,false,inactive,
mitsui-outlet-park-linkou,reebok,false,inactive,
mitsui-outlet-park-linkou,tefal-wmf,false,inactive,
mitsui-outlet-park-linkou,underarmour,false,inactive,
mitsui-outlet-park-linkou,zwilling-ja-henckels,false,inactive,
cilento-outlet-village,alcott,false,active,
cilento-outlet-village,antologia,false,active,
cilento-outlet-village,arena,false,active,
cilento-outlet-village,bialetti,false,active,
cilento-outlet-village,calliope,false,active,
cilento-outlet-village,cotton-silk,false,active,
cilento-outlet-village,datch,false,active,
cilento-outlet-village,elmas-phil,false,active,
cilento-outlet-village,fiorella-rubino,false,active,
cilento-outlet-village,fracomina,false,active,
cilento-outlet-village,general-store-outdoor,false,active,
cilento-outlet-village,geox,false,active,
cilento-outlet-village,gs-sport,false,active,
cilento-outlet-village,guess,false,active,
cilento-outlet-village,gutteridge,false,active,
cilento-outlet-village,harmont-and-blaine,false,active,
cilento-outlet-village,harmont-and-blaine-junior,false,active,
cilento-outlet-village,kappa,false,active,
cilento-outlet-village,kocca,false,active,
cilento-outlet-village,melluso,false,active,
cilento-outlet-village,miriade,false,active,
cilento-outlet-village,new-balance,false,active,
cilento-outlet-village,nike,false,active,
cilento-outlet-village,puma,false,active,
cilento-outlet-village,ragno,false,active,
cilento-outlet-village,timberland,false,active,
santangelo-outlet-village,adidas,false,active,
santangelo-outlet-village,alcott,false,active,
santangelo-outlet-village,antologia,false,active,
santangelo-outlet-village,arena,false,active,
santangelo-outlet-village,armata-di-mare,false,active,
santangelo-outlet-village,barbuti,false,active,
santangelo-outlet-village,blumelange,false,active,
santangelo-outlet-village,bottega-del-sarto,false,active,
santangelo-outlet-village,boxeur-des-rues,false,active,
santangelo-outlet-village,brands-off-price,false,active,
santangelo-outlet-village,caleffi,false,active,
santangelo-outlet-village,calliope,false,active,
santangelo-outlet-village,calzedonia,false,active,
santangelo-outlet-village,camicissima,false,active,
santangelo-outlet-village,camomilla-italia,false,active,
santangelo-outlet-village,caporiccio,false,active,
santangelo-outlet-village,caractere,false,active,
santangelo-outlet-village,carpisa,false,active,
santangelo-outlet-village,centro-ottico-megavision,false,active,
santangelo-outlet-village,clarks,false,active,
santangelo-outlet-village,cmp,false,active,
santangelo-outlet-village,colibri-ensemble,false,active,
santangelo-outlet-village,cotton-silk,false,active,
santangelo-outlet-village,desigual,false,active,
santangelo-outlet-village,elmas-phil,false,active,
santangelo-outlet-village,enrico-coveri,false,active,
santangelo-outlet-village,excelsa,false,active,
santangelo-outlet-village,facis,false,active,
santangelo-outlet-village,fiorella-rubino,false,active,
santangelo-outlet-village,fracomina,false,active,
santangelo-outlet-village,frankie-garage,false,active,
santangelo-outlet-village,freddy,false,active,
santangelo-outlet-village,gaudi,false,active,
santangelo-outlet-village,general-store,false,active,
santangelo-outlet-village,general-store-outdoor,false,active,
santangelo-outlet-village,giunti-al-punto,false,active,
santangelo-outlet-village,goldenpoint,false,active,
santangelo-outlet-village,gs-sport,false,active,
santangelo-outlet-village,guess,false,active,
santangelo-outlet-village,gutteridge,false,active,
santangelo-outlet-village,harmont-and-blaine,false,active,
santangelo-outlet-village,harmont-and-blaine-junior,false,active,
santangelo-outlet-village,hermitage,false,active,
santangelo-outlet-village,ideabellezza,false,active,
santangelo-outlet-village,il-lanificio,false,active,
santangelo-outlet-village,jack-and-jones,false,active,
santangelo-outlet-village,john-richmond,false,active,
santangelo-outlet-village,kiko,false,active,
santangelo-outlet-village,kocca,false,active,
santangelo-outlet-village,la-casa-italiana,false,active,
santangelo-outlet-village,le-vip-milano,false,active,
santangelo-outlet-village,legami,false,active,
santangelo-outlet-village,levis,false,active,
santangelo-outlet-village,liu-jo-uomo,false,active,
santangelo-outlet-village,marina-militare,false,active,
santangelo-outlet-village,marlu,false,active,
santangelo-outlet-village,meltin-wear,false,active,
santangelo-outlet-village,miriade,false,active,
santangelo-outlet-village,motivi,false,active,
santangelo-outlet-village,murphy-nye,false,active,
santangelo-outlet-village,nero-lab,false,active,
santangelo-outlet-village,nomade-style-in-motion,false,active,
santangelo-outlet-village,only,false,active,
santangelo-outlet-village,opium-milano,false,active,
santangelo-outlet-village,outly,false,active,
santangelo-outlet-village,paragon,false,active,
santangelo-outlet-village,pinalli,false,active,
santangelo-outlet-village,pompea,false,active,
santangelo-outlet-village,primadonna,false,active,
santangelo-outlet-village,primigi,false,active,
santangelo-outlet-village,puma,false,active,
santangelo-outlet-village,refrigiwear,false,active,
santangelo-outlet-village,relish,false,active,
santangelo-outlet-village,rinascimento,false,active,
santangelo-outlet-village,roncato,false,active,
santangelo-outlet-village,sarni-oro,false,active,
santangelo-outlet-village,sartoria-italiana-massimiliano-sorvino,false,active,
santangelo-outlet-village,satya,false,active,
santangelo-outlet-village,silvian-heach,false,active,
santangelo-outlet-village,skechers,false,active,
santangelo-outlet-village,sublimen,false,active,
santangelo-outlet-village,swarovski,false,active,
santangelo-outlet-village,take-two,false,active,
santangelo-outlet-village,the-b,false,active,
santangelo-outlet-village,timberland,false,active,
santangelo-outlet-village,toys-con-te,false,active,
santangelo-outlet-village,triumph,false,active,
santangelo-outlet-village,u-s-polo-assn,false,active,
santangelo-outlet-village,under-armour,false,active,
santangelo-outlet-village,zero,false,active,
valmontone-outlet,adidas,false,active,
valmontone-outlet,alcott,false,active,
valmontone-outlet,amelie,false,active,
valmontone-outlet,arena,false,active,
valmontone-outlet,armata-di-mare,false,active,
valmontone-outlet,bassetti,false,active,
valmontone-outlet,benetton,false,active,
valmontone-outlet,blu-kids,false,active,
valmontone-outlet,bottega-del-sarto,false,active,
valmontone-outlet,bottega-verde,false,active,
valmontone-outlet,boxeur-des-rues,false,active,
valmontone-outlet,breil,false,active,
valmontone-outlet,brumode-paris,false,active,
valmontone-outlet,caleffi,false,active,
valmontone-outlet,calvin-klein,false,active,
valmontone-outlet,calzedonia,false,active,
valmontone-outlet,camicissima,false,active,
valmontone-outlet,camomilla-italia,false,active,
valmontone-outlet,camper,false,active,
valmontone-outlet,candida,false,active,
valmontone-outlet,cap-de-barbaria,false,active,
valmontone-outlet,caporiccio,false,active,
valmontone-outlet,carpisa,false,active,
valmontone-outlet,champion,false,active,
valmontone-outlet,clarks,false,active,
valmontone-outlet,cmp,false,active,
valmontone-outlet,coccinelle,false,active,
valmontone-outlet,coincasa,false,active,
valmontone-outlet,come-in-una-favola,false,active,
valmontone-outlet,converse,false,active,
valmontone-outlet,cotton-silk,false,active,
valmontone-outlet,dainese,false,active,
valmontone-outlet,datch,false,active,
valmontone-outlet,david-naman,false,active,
valmontone-outlet,david-saddler,false,active,
valmontone-outlet,desigual,false,active,
valmontone-outlet,desiree,false,active,
valmontone-outlet,distretto12,false,active,
valmontone-outlet,douglas,false,active,
valmontone-outlet,elena-miro,false,active,
valmontone-outlet,empresa,false,active,
valmontone-outlet,eppy,false,active,
valmontone-outlet,excelsa,false,active,
valmontone-outlet,facis,false,active,
valmontone-outlet,falconeri,false,active,
valmontone-outlet,feltrinelli-librerie,false,active,
valmontone-outlet,fiorella-rubino,false,active,
valmontone-outlet,flavio-castellani,false,active,
valmontone-outlet,fracomina,false,active,
valmontone-outlet,gas,false,active,
valmontone-outlet,gaudi,false,active,
valmontone-outlet,gaudi-uomo,false,active,
valmontone-outlet,genius,false,active,
valmontone-outlet,geox,false,active,
valmontone-outlet,goldenpoint,false,active,
valmontone-outlet,guess,false,active,
valmontone-outlet,gutteridge,false,active,
valmontone-outlet,h-and-m,false,active,
valmontone-outlet,hanita,false,active,
valmontone-outlet,harmont-and-blaine,false,active,
valmontone-outlet,harmont-and-blaine-junior,false,active,
valmontone-outlet,hermitage,false,active,
valmontone-outlet,il-lanificio,false,active,
valmontone-outlet,intrend,false,active,
valmontone-outlet,jack-and-jones,false,active,
valmontone-outlet,john-richmond,false,active,
valmontone-outlet,kocca,false,active,
valmontone-outlet,la-corona,false,active,
valmontone-outlet,le-vip-milano,false,active,
valmontone-outlet,levis,false,active,
valmontone-outlet,liu-jo-uomo,false,active,
valmontone-outlet,liviana-conti,false,active,
valmontone-outlet,lizalu,false,active,
valmontone-outlet,lovable,false,active,
valmontone-outlet,luigi-fusaro,false,active,
valmontone-outlet,luisa-spagnoli,false,active,
valmontone-outlet,manila-grace,false,active,
valmontone-outlet,marina-militare,false,active,
valmontone-outlet,mcs,false,active,
valmontone-outlet,melby,false,active,
valmontone-outlet,miriade,false,active,
valmontone-outlet,motivi,false,active,
valmontone-outlet,murphy-nye,false,active,
valmontone-outlet,new-balance,false,active,
valmontone-outlet,nike,false,active,
valmontone-outlet,north-sails,false,active,
valmontone-outlet,nuvolari,false,active,
valmontone-outlet,oltre,false,active,
valmontone-outlet,only,false,active,
valmontone-outlet,original-marines,false,active,
valmontone-outlet,outly,false,active,
valmontone-outlet,ovs,false,active,
valmontone-outlet,pandora,false,active,
valmontone-outlet,paragon,false,active,
valmontone-outlet,patrizia-pepe,false,active,
valmontone-outlet,pinalli,false,active,
valmontone-outlet,piquadro,false,active,
valmontone-outlet,poltronesofa,false,active,
valmontone-outlet,primadonna,false,active,
valmontone-outlet,primigi,false,active,
valmontone-outlet,puma,false,active,
valmontone-outlet,pupa,false,active,
valmontone-outlet,queen-helena,false,active,
valmontone-outlet,rbc,false,active,
valmontone-outlet,reebok,false,active,
valmontone-outlet,refrigiwear,false,active,
valmontone-outlet,relish,false,active,
valmontone-outlet,replay,false,active,
valmontone-outlet,rituals,false,active,
valmontone-outlet,roncato,false,active,
valmontone-outlet,salewa,false,active,
valmontone-outlet,sandro-ferrone,false,active,
valmontone-outlet,sartoria-italiana,false,active,
valmontone-outlet,sartoriani,false,active,
valmontone-outlet,scarpa-roma,false,active,
valmontone-outlet,scavolini,false,active,
valmontone-outlet,scorpion-bay,false,active,
valmontone-outlet,silvian-heach,false,active,
valmontone-outlet,skechers,false,active,
valmontone-outlet,solazzo,false,active,
valmontone-outlet,sonny-bono,false,active,
valmontone-outlet,sorbino,false,active,
valmontone-outlet,stroili-oro,false,active,
valmontone-outlet,suite-benedict,false,active,
valmontone-outlet,sunglass-hut,false,active,
valmontone-outlet,swarovski,false,active,
valmontone-outlet,take-two,false,active,
valmontone-outlet,thun-shop,false,active,
valmontone-outlet,timberland,false,active,
valmontone-outlet,tommy-hilfiger,false,active,
valmontone-outlet,toys-con-te,false,active,
valmontone-outlet,triumph,false,active,
valmontone-outlet,trussardi,false,active,
valmontone-outlet,twinset,false,active,
valmontone-outlet,u-s-polo-assn,false,active,
valmontone-outlet,under-armour,false,active,
valmontone-outlet,unieuro,false,active,
valmontone-outlet,uyn,false,active,
valmontone-outlet,vicolo,false,active,
valmontone-outlet,vorwerk,false,active,
valmontone-outlet,wycon,false,active,
valmontone-outlet,yamamay,false,active,
valmontone-outlet,ziobiki,false,active,
valmontone-outlet,zuiki,false,active,
brugnato-5terre-outlet-village,adidas,false,active,
brugnato-5terre-outlet-village,asics,false,active,
brugnato-5terre-outlet-village,baldinini,false,active,
brugnato-5terre-outlet-village,bassetti,false,active,
brugnato-5terre-outlet-village,bialetti,false,active,
brugnato-5terre-outlet-village,boggi-milano,false,active,
brugnato-5terre-outlet-village,borbonese,false,active,
brugnato-5terre-outlet-village,calzedonia,false,active,
brugnato-5terre-outlet-village,camomilla-italia,false,active,
brugnato-5terre-outlet-village,champion,false,active,
brugnato-5terre-outlet-village,come-in-una-favola,false,active,
brugnato-5terre-outlet-village,conte-of-florence,false,active,
brugnato-5terre-outlet-village,deha,false,active,
brugnato-5terre-outlet-village,desigual,false,active,
brugnato-5terre-outlet-village,dockers,false,active,
brugnato-5terre-outlet-village,douglas,false,active,
brugnato-5terre-outlet-village,elena-miro,false,active,
brugnato-5terre-outlet-village,enrico-coveri,false,active,
brugnato-5terre-outlet-village,fratelli-rossetti,false,active,
brugnato-5terre-outlet-village,geox,false,active,
brugnato-5terre-outlet-village,guess,false,active,
brugnato-5terre-outlet-village,kappa,false,active,
brugnato-5terre-outlet-village,levis,false,active,
brugnato-5terre-outlet-village,liu-jo,false,active,
brugnato-5terre-outlet-village,liu-jo-uomo,false,active,
brugnato-5terre-outlet-village,manila-grace,false,active,
brugnato-5terre-outlet-village,marina-yachting,false,active,
brugnato-5terre-outlet-village,motivi,false,active,
brugnato-5terre-outlet-village,naima,false,active,
brugnato-5terre-outlet-village,napapijri,false,active,
brugnato-5terre-outlet-village,new-balance,false,active,
brugnato-5terre-outlet-village,nike,false,active,
brugnato-5terre-outlet-village,north-sails,false,active,
brugnato-5terre-outlet-village,pinko,false,active,
brugnato-5terre-outlet-village,primadonna,false,active,
brugnato-5terre-outlet-village,puma,false,active,
brugnato-5terre-outlet-village,replay,false,active,
brugnato-5terre-outlet-village,samsonite,false,active,
brugnato-5terre-outlet-village,skechers,false,active,
brugnato-5terre-outlet-village,timberland,false,active,
brugnato-5terre-outlet-village,triumph,false,active,
brugnato-5terre-outlet-village,twinset,false,active,
brugnato-5terre-outlet-village,under-armour,false,active,
barberino,adidas,false,active,
barberino,alcott,false,active,
barberino,andre-maurice,false,active,
barberino,antologia,false,active,
barberino,antony-morato,false,active,
barberino,armata-di-mare,false,active,
barberino,asics,false,active,
barberino,baldinini,false,active,
barberino,benetton,false,active,
barberino,bialetti,false,active,
barberino,blumarine,false,active,
barberino,boggi-milano,false,active,
barberino,borbonese,false,active,
barberino,boss,true,active,
barberino,bottega-del-sarto,false,active,
barberino,bottega-verde,false,active,
barberino,boxeur-des-rues-malloy,false,active,
barberino,brave-kid,false,active,
barberino,breil,false,active,
barberino,brnm-man,false,active,
barberino,brooks-brothers,false,active,
barberino,calvin-klein,false,active,
barberino,calzedonia-intimissimi,false,active,
barberino,camper,false,active,
barberino,capello-point,false,active,
barberino,carla-g,false,active,
barberino,carlo-pignatelli,false,active,
barberino,ciesse-piumini,false,active,
barberino,clinians,false,active,
barberino,cmp-campagnolo,false,active,
barberino,coccinelle,false,active,
barberino,columbia,false,active,
barberino,crocs,false,active,
barberino,dainese,false,active,
barberino,david-naman,false,active,
barberino,desigual,false,active,
barberino,douglas,false,active,
barberino,enrico-coveri,false,active,
barberino,eredi-pisano,false,active,
barberino,erika-cavallini,false,active,
barberino,facis,false,active,
barberino,flavio-castellani,false,active,
barberino,fred-mello,false,active,
barberino,furla,true,active,
barberino,gallo,false,active,
barberino,gap,false,active,
barberino,gas,false,active,
barberino,gaudi,false,active,
barberino,gazzarrini,false,active,
barberino,geox,false,active,
barberino,giunti-al-punto-librerie,false,active,
barberino,guess,false,active,
barberino,guess-accessories,false,active,
barberino,gutteridge,false,active,
barberino,harmont-and-blaine,false,active,
barberino,harmont-and-blaine-junior,false,active,
barberino,havaianas,false,active,
barberino,hermitage,false,active,
barberino,home-and-cook,false,active,
barberino,il-lanificio,false,active,
barberino,imperial,false,active,
barberino,ixos,false,active,
barberino,jack-and-jones,false,active,
barberino,jeckerson,false,active,
barberino,karl-lagerfeld,false,active,
barberino,loreal,false,active,
barberino,la-casa-italiana,false,active,
barberino,lacoste,false,active,
barberino,lee-wrangler,false,active,
barberino,levis,false,active,
barberino,liu-jo,false,active,
barberino,liu-jo-uomo,false,active,
barberino,liviana-conti,false,active,
barberino,lovable,false,active,
barberino,luisa-spagnoli,false,active,
barberino,manila-grace,false,active,
barberino,marina-militare,false,active,
barberino,michael-kors,true,active,
barberino,montezemolo,false,active,
barberino,motivi,false,active,
barberino,napapijri,false,active,
barberino,new-balance,false,active,
barberino,nike,true,active,
barberino,north-sails,false,active,
barberino,only,false,active,
barberino,outly,false,active,
barberino,paragon,false,active,
barberino,patrizia-pepe,false,active,
barberino,peserico,false,active,
barberino,peuterey,false,active,
barberino,pinalli,false,active,
barberino,pinko,false,active,
barberino,piquadro,false,active,
barberino,pollini,false,active,
barberino,polo-ralph-lauren,true,active,
barberino,puma,false,active,
barberino,pupa-outlet,false,active,
barberino,rebel-queen,false,active,
barberino,refrigiwear,false,active,
barberino,replay,false,active,
barberino,roncato,false,active,
barberino,salomon,false,active,
barberino,sandro-ferrone,false,active,
barberino,sisley,false,active,
barberino,skechers,false,active,
barberino,spada,false,active,
barberino,sundek,false,active,
barberino,sunglass-hut,false,active,
barberino,tailor-club,false,active,
barberino,the-bridge,false,active,
barberino,the-north-face,false,active,
barberino,thun,false,active,
barberino,timberland,false,active,
barberino,tommy-hilfiger,false,active,
barberino,trussardi,false,active,
barberino,twinset,false,active,
barberino,u-s-polo-assn,false,active,
barberino,vicolo,false,active,
barberino,woolrich,false,active,
barberino,yamamay,false,active,
castel-romano,adidas,false,active,
castel-romano,alberta-ferretti,false,active,
castel-romano,antony-morato,false,active,
castel-romano,aquascutum,false,active,
castel-romano,armani,true,active,
castel-romano,armani-exchange,false,active,
castel-romano,asics,false,active,
castel-romano,aspesi,false,active,
castel-romano,baldinini,false,active,
castel-romano,benetton,false,active,
castel-romano,blumarine,false,active,
castel-romano,boggi-milano,false,active,
castel-romano,boss,false,active,
castel-romano,brooks-brothers,false,active,
castel-romano,burberry,false,active,
castel-romano,calvin-klein,false,active,
castel-romano,coach,false,active,
castel-romano,coccinelle,false,active,
castel-romano,colmar,false,active,
castel-romano,desigual,false,active,
castel-romano,diesel,false,active,
castel-romano,dolce-and-gabbana,true,active,
castel-romano,elisabetta-franchi,false,active,
castel-romano,etro,true,active,
castel-romano,ferragamo,false,active,
castel-romano,fratelli-rossetti,false,active,
castel-romano,furla,false,active,
castel-romano,gallo,false,active,
castel-romano,gas,false,active,
castel-romano,gazzarrini,false,active,
castel-romano,geox,false,active,
castel-romano,guess,false,active,
castel-romano,gutteridge,false,active,
castel-romano,harmont-and-blaine,false,active,
castel-romano,havaianas,false,active,
castel-romano,il-lanificio,false,active,
castel-romano,ixos,false,active,
castel-romano,jack-and-jones,false,active,
castel-romano,kappa,false,active,
castel-romano,karl-lagerfeld,false,active,
castel-romano,kocca,false,active,
castel-romano,lacoste,false,active,
castel-romano,levis,false,active,
castel-romano,liu-jo,false,active,
castel-romano,michael-kors,true,active,
castel-romano,monnalisa,false,active,
castel-romano,moschino,false,active,
castel-romano,napapijri,false,active,
castel-romano,new-balance,false,active,
castel-romano,nike,false,active,
castel-romano,north-sails,false,active,
castel-romano,paul-and-shark,false,active,
castel-romano,peserico,false,active,
castel-romano,peuterey,false,active,
castel-romano,philipp-plein,false,active,
castel-romano,pinko,false,active,
castel-romano,pollini,false,active,
castel-romano,polo-ralph-lauren,false,active,
castel-romano,puma,false,active,
castel-romano,refrigiwear,false,active,
castel-romano,replay,false,active,
castel-romano,rituals,false,active,
castel-romano,roberto-cavalli,false,active,
castel-romano,roy-rogers,false,active,
castel-romano,salomon,false,active,
castel-romano,sandro-ferrone,false,active,
castel-romano,save-the-duck,false,active,
castel-romano,sergio-rossi,false,active,
castel-romano,sisley,false,active,
castel-romano,skechers,false,active,
castel-romano,spada,false,active,
castel-romano,stone-island,false,active,
castel-romano,sunglass-hut,false,active,
castel-romano,swarovski,false,active,
castel-romano,swatch,false,active,
castel-romano,the-bridge,false,active,
castel-romano,the-cosmetics-company-store,false,active,
castel-romano,the-north-face,false,active,
castel-romano,tommy-hilfiger,true,active,
castel-romano,trussardi,false,active,
castel-romano,under-armour,false,active,
castel-romano,valentino,false,active,
castel-romano,vans,false,active,
castel-romano,versace,true,active,
castel-romano,villeroy-and-boch,false,active,
castel-romano,woolrich,false,active,
fidenza-village,acqua-di-parma,false,active,
fidenza-village,adidas,true,active,
fidenza-village,alviero-martini-1a-classe,false,active,
fidenza-village,angelico,false,active,
fidenza-village,antonio-marras,false,active,
fidenza-village,armani,true,active,
fidenza-village,aspesi,false,active,
fidenza-village,baldinini,false,active,
fidenza-village,blumarine,false,active,
fidenza-village,boggi-milano,false,active,
fidenza-village,borbonese,false,active,
fidenza-village,borsalino,false,active,
fidenza-village,boss,true,active,
fidenza-village,braccialini,false,active,
fidenza-village,brooks-brothers,false,active,
fidenza-village,caleffi,false,active,
fidenza-village,calvin-klein,false,active,
fidenza-village,churchs,false,active,
fidenza-village,coach,false,active,
fidenza-village,coccinelle,false,active,
fidenza-village,crocs,false,active,
fidenza-village,diesel,false,active,
fidenza-village,dolce-and-gabbana,true,active,
fidenza-village,dsquared2,false,active,
fidenza-village,elena-miro,false,active,
fidenza-village,eleventy,false,active,
fidenza-village,elisabetta-franchi,false,active,
fidenza-village,ermanno-scervino,false,active,
fidenza-village,etro,false,active,
fidenza-village,fabiana-filippi,false,active,
fidenza-village,fay,false,active,
fidenza-village,ferragamo,true,active,
fidenza-village,ferrari,false,active,
fidenza-village,fratelli-rossetti,false,active,
fidenza-village,frette,false,active,
fidenza-village,furla,false,active,
fidenza-village,gallo,false,active,
fidenza-village,givenchy,false,active,
fidenza-village,guess,false,active,
fidenza-village,gutteridge,false,active,
fidenza-village,hogan,false,active,
fidenza-village,hugo,false,active,
fidenza-village,ixos,false,active,
fidenza-village,jacob-cohen,false,active,
fidenza-village,jil-sander,false,active,
fidenza-village,jimmy-choo,false,active,
fidenza-village,k-way,false,active,
fidenza-village,karl-lagerfeld,false,active,
fidenza-village,kartell,false,active,
fidenza-village,kids-around,false,active,
fidenza-village,l-occitane,false,active,
fidenza-village,lacoste,false,active,
fidenza-village,lagostina-home-cook,false,active,
fidenza-village,levis,false,active,
fidenza-village,liu-jo,false,active,
fidenza-village,liu-jo-uomo,false,active,
fidenza-village,loro-piana,false,active,
fidenza-village,luisa-spagnoli,false,active,
fidenza-village,luxuryzone,false,active,
fidenza-village,maliparmi,false,active,
fidenza-village,mandarina-duck,false,active,
fidenza-village,marni,false,active,
fidenza-village,michael-kors,false,active,
fidenza-village,missoni,false,active,
fidenza-village,miu-miu,false,active,
fidenza-village,monnalisa,false,active,
fidenza-village,moorer,false,active,
fidenza-village,napapijri,false,active,
fidenza-village,new-balance,false,active,
fidenza-village,nike,true,active,
fidenza-village,north-sails,false,active,
fidenza-village,nove25,false,active,
fidenza-village,outly,false,active,
fidenza-village,pandora,false,active,
fidenza-village,parosh,false,active,
fidenza-village,paul-and-shark,false,active,
fidenza-village,paul-smith,false,active,
fidenza-village,peserico,false,active,
fidenza-village,peuterey,false,active,
fidenza-village,pinalli,false,active,
fidenza-village,pinko,false,active,
fidenza-village,piquadro,false,active,
fidenza-village,pollini,false,active,
fidenza-village,polo-ralph-lauren,true,active,
fidenza-village,prada,true,active,
fidenza-village,puma,false,active,
fidenza-village,rene-caovilla,false,active,
fidenza-village,rituals,false,active,
fidenza-village,roy-rogers,false,active,
fidenza-village,salomon,false,active,
fidenza-village,samsonite,false,active,
fidenza-village,stella-mccartney,false,active,
fidenza-village,sunglass-hut,false,active,
fidenza-village,swarovski,false,active,
fidenza-village,the-bridge,false,active,
fidenza-village,the-cosmetics-company-store,false,active,
fidenza-village,the-north-face,false,active,
fidenza-village,timberland,false,active,
fidenza-village,tommy-hilfiger,false,active,
fidenza-village,trussardi,false,active,
fidenza-village,twinset,false,active,
fidenza-village,ugo-colella,false,active,
fidenza-village,under-armour,false,active,
fidenza-village,valentino-garavani,false,active,
fidenza-village,versace,true,active,
fidenza-village,vilebrequin,false,active,
fidenza-village,visionottica,false,active,
fidenza-village,vivienne-westwood,false,active,
fidenza-village,zegna,false,active,
fidenza-village,zwilling,false,active,
la-reggia,adidas,true,active,
la-reggia,alberta-ferretti,false,active,
la-reggia,antony-morato,false,active,
la-reggia,armani,true,active,
la-reggia,armani-exchange,false,active,
la-reggia,benetton,false,active,
la-reggia,blumarine,false,active,
la-reggia,boggi-milano,false,active,
la-reggia,boss,false,active,
la-reggia,brics,false,active,
la-reggia,brooks-brothers,false,active,
la-reggia,calvin-klein,false,active,
la-reggia,coach,false,active,
la-reggia,coccinelle,false,active,
la-reggia,colmar,false,active,
la-reggia,columbia,false,active,
la-reggia,crocs,false,active,
la-reggia,desigual,false,active,
la-reggia,diesel,false,active,
la-reggia,elisabetta-franchi,false,active,
la-reggia,ferragamo,false,active,
la-reggia,fratelli-rossetti,false,active,
la-reggia,frette,false,active,
la-reggia,furla,false,active,
la-reggia,gallo,false,active,
la-reggia,gas,false,active,
la-reggia,gazzarrini,false,active,
la-reggia,geox,false,active,
la-reggia,guess,false,active,
la-reggia,gutteridge,false,active,
la-reggia,harmont-and-blaine,false,active,
la-reggia,havaianas,false,active,
la-reggia,il-lanificio,false,active,
la-reggia,ixos,false,active,
la-reggia,jack-and-jones,false,active,
la-reggia,kappa,false,active,
la-reggia,karl-lagerfeld,false,active,
la-reggia,kocca,false,active,
la-reggia,lacoste,false,active,
la-reggia,levis,false,active,
la-reggia,liu-jo,false,active,
la-reggia,michael-kors,true,active,
la-reggia,monnalisa,false,active,
la-reggia,moschino,false,active,
la-reggia,napapijri,false,active,
la-reggia,new-balance,false,active,
la-reggia,nike,false,active,
la-reggia,north-sails,false,active,
la-reggia,paul-and-shark,false,active,
la-reggia,peserico,false,active,
la-reggia,philipp-plein,false,active,
la-reggia,pinko,false,active,
la-reggia,pollini,false,active,
la-reggia,polo-ralph-lauren,false,active,
la-reggia,puma,false,active,
la-reggia,refrigiwear,false,active,
la-reggia,replay,false,active,
la-reggia,rituals,false,active,
la-reggia,roberto-cavalli,false,active,
la-reggia,roy-rogers,false,active,
la-reggia,salomon,false,active,
la-reggia,sandro-ferrone,false,active,
la-reggia,saucony,false,active,
la-reggia,save-the-duck,false,active,
la-reggia,sisley,false,active,
la-reggia,skechers,false,active,
la-reggia,spada,false,active,
la-reggia,sunglass-hut,false,active,
la-reggia,swarovski,false,active,
la-reggia,swatch,false,active,
la-reggia,the-bridge,false,active,
la-reggia,the-cosmetics-company-store,false,active,
la-reggia,timberland,false,active,
la-reggia,tommy-hilfiger,false,active,
la-reggia,trussardi,false,active,
la-reggia,twinset,false,active,
la-reggia,under-armour,false,active,
la-reggia,vans,false,active,
la-reggia,versace,false,active,
la-reggia,villeroy-and-boch,false,active,
la-reggia,woolrich,false,active,
noventa,adidas,true,active,
noventa,alberta-ferretti,false,active,
noventa,alcott,false,active,
noventa,amina-rubinacci,false,active,
noventa,antony-morato,false,active,
noventa,armani,true,active,
noventa,armani-exchange,false,active,
noventa,asics,false,active,
noventa,baldinini,false,active,
noventa,balenciaga,false,active,
noventa,benetton,false,active,
noventa,bialetti,false,active,
noventa,birkenstock,false,active,
noventa,blumarine,false,active,
noventa,boggi-milano,false,active,
noventa,bomboogie,false,active,
noventa,borbonese,false,active,
noventa,boss,false,active,
noventa,bottega-del-sarto,false,active,
noventa,bottega-veneta,false,active,
noventa,boxeur-des-rues-malloy,false,active,
noventa,brave-kid,false,active,
noventa,burberry,false,active,
noventa,c-p-company,false,active,
noventa,caleffi,false,active,
noventa,calvin-klein,false,active,
noventa,casadei,false,active,
noventa,churchs,false,active,
noventa,cmp-campagnolo,false,active,
noventa,coach,false,active,
noventa,coccinelle,false,active,
noventa,colmar,false,active,
noventa,columbia,false,active,
noventa,corneliani,false,active,
noventa,crocs,false,active,
noventa,desigual,false,active,
noventa,diesel,false,active,
noventa,dolce-and-gabbana,false,active,
noventa,dondup,false,active,
noventa,dr-martens,false,active,
noventa,dsquared2,false,active,
noventa,elena-miro,false,active,
noventa,elisabetta-franchi,false,active,
noventa,eredi-pisano,false,active,
noventa,erika-cavallini,false,active,
noventa,ermenegildo-zegna,true,active,
noventa,etro,false,active,
noventa,fendi,false,active,
noventa,ferragamo,false,active,
noventa,flavio-castellani,false,active,
noventa,fratelli-rossetti,false,active,
noventa,frette,false,active,
noventa,furla,false,active,
noventa,gallo,false,active,
noventa,gas,false,active,
noventa,geox,false,active,
noventa,givenchy,false,active,
noventa,gucci,false,active,
noventa,guess,false,active,
noventa,guess-accessories,false,active,
noventa,gutteridge,false,active,
noventa,gutteridge-accessories,false,active,
noventa,haribo,false,active,
noventa,harmont-and-blaine,false,active,
noventa,havaianas,false,active,
noventa,hogan,false,active,
noventa,hugo,false,active,
noventa,iceberg,false,active,
noventa,il-lanificio,false,active,
noventa,isabel-marant,false,active,
noventa,isaia,false,active,
noventa,ixos,false,active,
noventa,jimmy-choo,false,active,
noventa,jo-malone-london,false,active,
noventa,k-way,false,active,
noventa,karl-lagerfeld,false,active,
noventa,kenzo,false,active,
noventa,kids-around,false,active,
noventa,kiton,false,active,
noventa,l-occitane,false,active,
noventa,lacoste,false,active,
noventa,lagostina-home-cook,false,active,
noventa,le-creuset,false,active,
noventa,le-silla,false,active,
noventa,levis,false,active,
noventa,lindt,false,active,
noventa,liu-jo,false,active,
noventa,liu-jo-uomo,false,active,
noventa,liviana-conti,false,active,
noventa,loreal,false,active,
noventa,loro-piana,false,active,
noventa,luisa-spagnoli,false,active,
noventa,luxury-zone,false,active,
noventa,maje,false,active,
noventa,marni,false,active,
noventa,michael-kors,false,active,
noventa,missoni,false,active,
noventa,miu-miu,false,active,
noventa,momoni,false,active,
noventa,moncler,false,active,
noventa,moorer,false,active,
noventa,moschino,false,active,
noventa,motivi,false,active,
noventa,msgm,false,active,
noventa,nanan,false,active,
noventa,napapijri,false,active,
noventa,new-balance,false,active,
noventa,nike,true,active,
noventa,north-sails,false,active,
noventa,off-white,false,active,
noventa,outly,false,active,
noventa,pal-zileri,false,active,
noventa,patrizia-pepe,false,active,
noventa,paul-and-shark,false,active,
noventa,paul-smith,false,active,
noventa,peserico,false,active,
noventa,peuterey,false,active,
noventa,philipp-plein,false,active,
noventa,pinalli,false,active,
noventa,pinko,false,active,
noventa,piquadro,false,active,
noventa,plein-sport,false,active,
noventa,pollini,false,active,
noventa,polo-ralph-lauren,true,active,
noventa,prada,false,active,
noventa,puma,false,active,
noventa,pupa,false,active,
noventa,rebel-queen,false,active,
noventa,refrigiwear,false,active,
noventa,replay,false,active,
noventa,rituals,false,active,
noventa,roberto-cavalli,false,active,
noventa,rossignol,false,active,
noventa,roy-rogers,false,active,
noventa,salomon,false,active,
noventa,samsonite,false,active,
noventa,sandro,false,active,
noventa,save-the-duck,false,active,
noventa,sergio-rossi,false,active,
noventa,seventy,false,active,
noventa,simonetta,false,active,
noventa,sisley,false,active,
noventa,skechers,false,active,
noventa,slowear,false,active,
noventa,spada,false,active,
noventa,sunglass-hut,false,active,
noventa,swarovski,false,active,
noventa,swatch,false,active,
noventa,the-bridge,false,active,
noventa,the-cosmetics-company-store,false,active,
noventa,the-north-face,false,active,
noventa,timberland,false,active,
noventa,tods,false,active,
noventa,tommy-hilfiger,false,active,
noventa,trussardi,false,active,
noventa,tumi,false,active,
noventa,twinset,false,active,
noventa,under-armour,false,active,
noventa,valentino,true,active,
noventa,vans,false,active,
noventa,versace,false,active,
noventa,victorias-secret,false,active,
noventa,vilebrequin,false,active,
noventa,villeroy-and-boch,false,active,
noventa,watch-and-see,false,active,
noventa,woolrich,false,active,
noventa,zegna,false,active,
serravalle-designer-outlet,acne-studios,false,active,
serravalle-designer-outlet,adidas,false,active,
serravalle-designer-outlet,alberta-ferretti,false,active,
serravalle-designer-outlet,aldo-coppola,false,active,
serravalle-designer-outlet,ami-paris,false,active,
serravalle-designer-outlet,andre-maurice,false,active,
serravalle-designer-outlet,antony-morato,false,active,
serravalle-designer-outlet,aquazzura,false,active,
serravalle-designer-outlet,armani,false,active,
serravalle-designer-outlet,asics,false,active,
serravalle-designer-outlet,aspesi,false,active,
serravalle-designer-outlet,baldinini,false,active,
serravalle-designer-outlet,balenciaga,false,active,
serravalle-designer-outlet,bally,false,active,
serravalle-designer-outlet,balmain,false,active,
serravalle-designer-outlet,benetton,false,active,
serravalle-designer-outlet,bialetti,false,active,
serravalle-designer-outlet,billionaire,false,active,
serravalle-designer-outlet,birkenstock,false,active,
serravalle-designer-outlet,blumarine,false,active,
serravalle-designer-outlet,boggi-milano,false,active,
serravalle-designer-outlet,bomboogie,false,active,
serravalle-designer-outlet,bonpoint,false,active,
serravalle-designer-outlet,borsalino,false,active,
serravalle-designer-outlet,boss,false,active,
serravalle-designer-outlet,boxeur-des-rues,false,active,
serravalle-designer-outlet,brave-kid,false,active,
serravalle-designer-outlet,brioni,false,active,
serravalle-designer-outlet,brooks-brothers,false,active,
serravalle-designer-outlet,burberry,false,active,
serravalle-designer-outlet,c-p-company,false,active,
serravalle-designer-outlet,calvin-klein,false,active,
serravalle-designer-outlet,calvin-klein-underwear,false,active,
serravalle-designer-outlet,calzedonia,false,active,
serravalle-designer-outlet,camicissima,false,active,
serravalle-designer-outlet,canali,false,active,
serravalle-designer-outlet,carhartt-wip,false,active,
serravalle-designer-outlet,casadei,false,active,
serravalle-designer-outlet,celine,false,active,
serravalle-designer-outlet,champion,false,active,
serravalle-designer-outlet,chicco,false,active,
serravalle-designer-outlet,claudie-pierlot,false,active,
serravalle-designer-outlet,cmp,false,active,
serravalle-designer-outlet,coach,false,active,
serravalle-designer-outlet,coccinelle,false,active,
serravalle-designer-outlet,columbia,false,active,
serravalle-designer-outlet,converse,false,active,
serravalle-designer-outlet,corneliani,false,active,
serravalle-designer-outlet,damiani,false,active,
serravalle-designer-outlet,david-naman,false,active,
serravalle-designer-outlet,delsey,false,active,
serravalle-designer-outlet,desigual,false,active,
serravalle-designer-outlet,diesel,false,active,
serravalle-designer-outlet,dolce-and-gabbana,false,active,
serravalle-designer-outlet,dondup,false,active,
serravalle-designer-outlet,dr-martens,false,active,
serravalle-designer-outlet,dsquared2,false,active,
serravalle-designer-outlet,elena-miro,false,active,
serravalle-designer-outlet,elisabetta-franchi,false,active,
serravalle-designer-outlet,emilio-pucci,false,active,
serravalle-designer-outlet,ermanno-scervino,false,active,
serravalle-designer-outlet,etro,false,active,
serravalle-designer-outlet,fabiana-filippi,false,active,
serravalle-designer-outlet,facis,false,active,
serravalle-designer-outlet,falconeri,false,active,
serravalle-designer-outlet,falke,false,active,
serravalle-designer-outlet,fay,false,active,
serravalle-designer-outlet,fendi,false,active,
serravalle-designer-outlet,ferragamo,false,active,
serravalle-designer-outlet,flavio-castellani,false,active,
serravalle-designer-outlet,fracomina,false,active,
serravalle-designer-outlet,fratelli-rossetti,false,active,
serravalle-designer-outlet,frette,false,active,
serravalle-designer-outlet,furla,false,active,
serravalle-designer-outlet,gallo,false,active,
serravalle-designer-outlet,gap,false,active,
serravalle-designer-outlet,gas,false,active,
serravalle-designer-outlet,gazzarrini,false,active,
serravalle-designer-outlet,geox,false,active,
serravalle-designer-outlet,givenchy,false,active,
serravalle-designer-outlet,gucci,false,active,
serravalle-designer-outlet,guess,false,active,
serravalle-designer-outlet,guess-accessories,false,active,
serravalle-designer-outlet,gutteridge,false,active,
serravalle-designer-outlet,haribo,false,active,
serravalle-designer-outlet,harmont-and-blaine,false,active,
serravalle-designer-outlet,havaianas,false,active,
serravalle-designer-outlet,hogan,false,active,
serravalle-designer-outlet,hour-passion,false,active,
serravalle-designer-outlet,iceberg,false,active,
serravalle-designer-outlet,il-gufo,false,active,
serravalle-designer-outlet,il-lanificio,false,active,
serravalle-designer-outlet,isaia,false,active,
serravalle-designer-outlet,ixos,false,active,
serravalle-designer-outlet,jack-and-jones,false,active,
serravalle-designer-outlet,jacob-cohen,false,active,
serravalle-designer-outlet,jimmy-choo,false,active,
serravalle-designer-outlet,k-way,false,active,
serravalle-designer-outlet,karl-lagerfeld,false,active,
serravalle-designer-outlet,kate-spade,false,active,
serravalle-designer-outlet,kenzo,false,active,
serravalle-designer-outlet,kids-around,false,active,
serravalle-designer-outlet,kiton,false,active,
serravalle-designer-outlet,kocca,false,active,
serravalle-designer-outlet,la-casa-italiana,false,active,
serravalle-designer-outlet,la-martina,false,active,
serravalle-designer-outlet,lacoste,false,active,
serravalle-designer-outlet,lagostina-and-rowenta,false,active,
serravalle-designer-outlet,lanvin,false,active,
serravalle-designer-outlet,lardini,false,active,
serravalle-designer-outlet,le-creuset,false,active,
serravalle-designer-outlet,le-silla,false,active,
serravalle-designer-outlet,lee-wrangler,false,active,
serravalle-designer-outlet,levis,false,active,
serravalle-designer-outlet,lindt,false,active,
serravalle-designer-outlet,liu-jo,false,active,
serravalle-designer-outlet,liu-jo-kids,false,active,
serravalle-designer-outlet,liu-jo-uomo,false,active,
serravalle-designer-outlet,l-occitane,false,active,
serravalle-designer-outlet,longchamp,false,active,
serravalle-designer-outlet,loreal,false,active,
serravalle-designer-outlet,loro-piana,false,active,
serravalle-designer-outlet,luisa-spagnoli,false,active,
serravalle-designer-outlet,luxury-zone,false,active,
serravalle-designer-outlet,maje,false,active,
serravalle-designer-outlet,maliparmi,false,active,
serravalle-designer-outlet,marc-jacobs,false,active,
serravalle-designer-outlet,marina-militare,false,active,
serravalle-designer-outlet,mcs,false,active,
serravalle-designer-outlet,michael-kors,false,active,
serravalle-designer-outlet,milano-cortina-2026,false,active,
serravalle-designer-outlet,missoni,false,active,
serravalle-designer-outlet,miu-miu,false,active,
serravalle-designer-outlet,momoni,false,active,
serravalle-designer-outlet,moncler,false,active,
serravalle-designer-outlet,monnalisa,false,active,
serravalle-designer-outlet,moorer,false,active,
serravalle-designer-outlet,morellato,false,active,
serravalle-designer-outlet,moschino,false,active,
serravalle-designer-outlet,motivi,false,active,
serravalle-designer-outlet,napapijri,false,active,
serravalle-designer-outlet,nespresso,false,active,
serravalle-designer-outlet,new-balance,false,active,
serravalle-designer-outlet,nike,false,active,
serravalle-designer-outlet,north-sails,false,active,
serravalle-designer-outlet,off-white,false,active,
serravalle-designer-outlet,oltre,false,active,
serravalle-designer-outlet,outly,false,active,
serravalle-designer-outlet,pal-zileri,false,active,
serravalle-designer-outlet,pandora,false,active,
serravalle-designer-outlet,paragon,false,active,
serravalle-designer-outlet,patrizia-pepe,false,active,
serravalle-designer-outlet,paul-and-shark,false,active,
serravalle-designer-outlet,peserico,false,active,
serravalle-designer-outlet,peuterey,false,active,
serravalle-designer-outlet,philipp-plein,false,active,
serravalle-designer-outlet,pinko,false,active,
serravalle-designer-outlet,piquadro,false,active,
serravalle-designer-outlet,pollini,false,active,
serravalle-designer-outlet,polo-ralph-lauren,false,active,
serravalle-designer-outlet,prada,false,active,
serravalle-designer-outlet,puma,false,active,
serravalle-designer-outlet,pupa,false,active,
serravalle-designer-outlet,refrigue,false,active,
serravalle-designer-outlet,replay,false,active,
serravalle-designer-outlet,rituals,false,active,
serravalle-designer-outlet,roberto-cavalli,false,active,
serravalle-designer-outlet,rossignol,false,active,
serravalle-designer-outlet,roy-rogers,false,active,
serravalle-designer-outlet,saint-laurent,false,active,
serravalle-designer-outlet,salomon,false,active,
serravalle-designer-outlet,samsonite,false,active,
serravalle-designer-outlet,sandro,false,active,
serravalle-designer-outlet,sandro-ferrone,false,active,
serravalle-designer-outlet,santoni,false,active,
serravalle-designer-outlet,saucony,false,active,
serravalle-designer-outlet,save-the-duck,false,active,
serravalle-designer-outlet,sergio-rossi,false,active,
serravalle-designer-outlet,simonetta,false,active,
serravalle-designer-outlet,skechers,false,active,
serravalle-designer-outlet,slowear,false,active,
serravalle-designer-outlet,sorbino,false,active,
serravalle-designer-outlet,spada,false,active,
serravalle-designer-outlet,stella-mccartney,false,active,
serravalle-designer-outlet,stone-island,false,active,
serravalle-designer-outlet,sunglass-hut,false,active,
serravalle-designer-outlet,suns-boards,false,active,
serravalle-designer-outlet,swarovski,false,active,
serravalle-designer-outlet,tag-heuer,false,active,
serravalle-designer-outlet,the-bridge,false,active,
serravalle-designer-outlet,the-cosmetics-company-store,false,active,
serravalle-designer-outlet,the-north-face,false,active,
serravalle-designer-outlet,timberland,false,active,
serravalle-designer-outlet,tods,false,active,
serravalle-designer-outlet,tommy-hilfiger,false,active,
serravalle-designer-outlet,tory-burch,false,active,
serravalle-designer-outlet,toys-con-te,false,active,
serravalle-designer-outlet,trussardi,false,active,
serravalle-designer-outlet,tumi,false,active,
serravalle-designer-outlet,twinset,false,active,
serravalle-designer-outlet,under-armour,false,active,
serravalle-designer-outlet,valditaro,false,active,
serravalle-designer-outlet,valentino,false,active,
serravalle-designer-outlet,vans,false,active,
serravalle-designer-outlet,veralab,false,active,
serravalle-designer-outlet,versace,false,active,
serravalle-designer-outlet,victorias-secret,false,active,
serravalle-designer-outlet,vilebrequin,false,active,
serravalle-designer-outlet,villeroy-and-boch,false,active,
serravalle-designer-outlet,vivienne-westwood,false,active,
serravalle-designer-outlet,woolrich,false,active,
serravalle-designer-outlet,yamamay,false,active,
serravalle-designer-outlet,zegna,false,active,
serravalle-designer-outlet,zimmermann,false,active,
serravalle-designer-outlet,zwilling,false,active,
the-mall-firenze,alberta-ferretti,false,active,
the-mall-firenze,alexander-mcqueen,true,active,
the-mall-firenze,armani,true,active,
the-mall-firenze,balenciaga,true,active,
the-mall-firenze,balmain,false,active,
the-mall-firenze,bottega-veneta,true,active,
the-mall-firenze,burberry,true,active,
the-mall-firenze,celine,false,active,
the-mall-firenze,coach,false,active,
the-mall-firenze,corneliani,false,active,
the-mall-firenze,dolce-and-gabbana,true,active,
the-mall-firenze,ermenegildo-zegna,false,active,
the-mall-firenze,etro,false,active,
the-mall-firenze,fendi,true,active,
the-mall-firenze,ferragamo,false,active,
the-mall-firenze,givenchy,false,active,
the-mall-firenze,gucci,true,active,
the-mall-firenze,hogan,false,active,
the-mall-firenze,jil-sander,false,active,
the-mall-firenze,jimmy-choo,false,active,
the-mall-firenze,kids-around,false,active,
the-mall-firenze,loro-piana,false,active,
the-mall-firenze,marni,false,active,
the-mall-firenze,moschino,false,active,
the-mall-firenze,off-white,false,active,
the-mall-firenze,prada,true,active,
the-mall-firenze,roberto-cavalli,false,active,
the-mall-firenze,saint-laurent,true,active,
the-mall-firenze,tods,false,active,
the-mall-firenze,tom-ford,false,active,
the-mall-firenze,valentino,true,active,
the-mall-firenze,versace,true,active,
valdichiana-village,adidas,false,active,
valdichiana-village,alcott,false,active,
valdichiana-village,antony-morato,false,active,
valdichiana-village,asics,false,active,
valdichiana-village,baldinini,false,active,
valdichiana-village,benetton,false,active,
valdichiana-village,bialetti,false,active,
valdichiana-village,boggi-milano,false,active,
valdichiana-village,borbonese,false,active,
valdichiana-village,boss,false,active,
valdichiana-village,bottega-verde,false,active,
valdichiana-village,calvin-klein,false,active,
valdichiana-village,calzedonia,false,active,
valdichiana-village,camper,false,active,
valdichiana-village,carpisa,false,active,
valdichiana-village,coccinelle,false,active,
valdichiana-village,columbia,false,active,
valdichiana-village,crocs,false,active,
valdichiana-village,desigual,false,active,
valdichiana-village,diesel,false,active,
valdichiana-village,ecco,false,active,
valdichiana-village,flavio-castellani,false,active,
valdichiana-village,gap,false,active,
valdichiana-village,geox,false,active,
valdichiana-village,guess,false,active,
valdichiana-village,harmont-and-blaine,false,active,
valdichiana-village,kiko-milano,false,active,
valdichiana-village,lacoste,false,active,
valdichiana-village,levis,false,active,
valdichiana-village,liu-jo,false,active,
valdichiana-village,mango,false,active,
valdichiana-village,michael-kors,false,active,
valdichiana-village,motivi,false,active,
valdichiana-village,napapijri,false,active,
valdichiana-village,nike,false,active,
valdichiana-village,pinko,false,active,
valdichiana-village,puma,false,active,
valdichiana-village,rituals,false,active,
valdichiana-village,salewa,false,active,
valdichiana-village,samsonite,false,active,
valdichiana-village,skechers,false,active,
valdichiana-village,sunglass-hut,false,active,
valdichiana-village,swatch,false,active,
valdichiana-village,the-north-face,false,active,
valdichiana-village,tommy-hilfiger,false,active,
valdichiana-village,triumph,false,active,
valdichiana-village,under-armour,false,active,
valdichiana-village,vans,false,active,
valdichiana-village,vicolo,false,active,
palmanova-designer-village,adidas,false,active,
palmanova-designer-village,alberta-ferretti,false,active,
palmanova-designer-village,alcott,false,active,
palmanova-designer-village,angelico,false,active,
palmanova-designer-village,arena,false,active,
palmanova-designer-village,baldinini,false,active,
palmanova-designer-village,bialetti,false,active,
palmanova-designer-village,boxeur-des-rues,false,active,
palmanova-designer-village,caleffi,false,active,
palmanova-designer-village,calvin-klein,false,active,
palmanova-designer-village,calzedonia,false,active,
palmanova-designer-village,camicissima,false,active,
palmanova-designer-village,carpisa,false,active,
palmanova-designer-village,cmp,false,active,
palmanova-designer-village,colors-of-california,false,active,
palmanova-designer-village,cotton-and-silk,false,active,
palmanova-designer-village,crocs,false,active,
palmanova-designer-village,desigual,false,active,
palmanova-designer-village,echarme,false,active,
palmanova-designer-village,emsa,false,active,
palmanova-designer-village,enrico-coveri,false,active,
palmanova-designer-village,excelsa,false,active,
palmanova-designer-village,facis,false,active,
palmanova-designer-village,fiorella-rubino,false,active,
palmanova-designer-village,flavio-castellani,false,active,
palmanova-designer-village,fracomina,false,active,
palmanova-designer-village,gant,false,active,
palmanova-designer-village,gap,false,active,
palmanova-designer-village,gap-kids,false,active,
palmanova-designer-village,gaudi,false,active,
palmanova-designer-village,giunti-al-punto,false,active,
palmanova-designer-village,gs-sport,false,active,
palmanova-designer-village,guess,false,active,
palmanova-designer-village,gutteridge,false,active,
palmanova-designer-village,hermitage,false,active,
palmanova-designer-village,heydude,false,active,
palmanova-designer-village,home-and-cook,false,active,
palmanova-designer-village,iceberg,false,active,
palmanova-designer-village,ido,false,active,
palmanova-designer-village,intimissimi,false,active,
palmanova-designer-village,ipanema,false,active,
palmanova-designer-village,ixos,false,active,
palmanova-designer-village,jack-and-jones,false,active,
palmanova-designer-village,kappa,false,active,
palmanova-designer-village,kiko-milano,false,active,
palmanova-designer-village,kocca,false,active,
palmanova-designer-village,krups,false,active,
palmanova-designer-village,lagostina,false,active,
palmanova-designer-village,lee-wrangler,false,active,
palmanova-designer-village,levis,false,active,
palmanova-designer-village,lindt,false,active,
palmanova-designer-village,liu-jo-uomo,false,active,
palmanova-designer-village,marc-o-polo,false,active,
palmanova-designer-village,marina-militare,false,active,
palmanova-designer-village,mc2-saint-barth,false,active,
palmanova-designer-village,medi-market,false,active,
palmanova-designer-village,melluso,false,active,
palmanova-designer-village,miriade,false,active,
palmanova-designer-village,moschino,false,active,
palmanova-designer-village,moulinex,false,active,
palmanova-designer-village,naima,false,active,
palmanova-designer-village,napapijri,false,active,
palmanova-designer-village,new-balance,false,active,
palmanova-designer-village,nike,false,active,
palmanova-designer-village,north-sails,false,active,
palmanova-designer-village,oltre,false,active,
palmanova-designer-village,outly,false,active,
palmanova-designer-village,outly-luxury,false,active,
palmanova-designer-village,paolo-pecora-milano,false,active,
palmanova-designer-village,paragon,false,active,
palmanova-designer-village,piquadro,false,active,
palmanova-designer-village,pollini,false,active,
palmanova-designer-village,pompea,false,active,
palmanova-designer-village,puma,false,active,
palmanova-designer-village,pupa,false,active,
palmanova-designer-village,rinascimento,false,active,
palmanova-designer-village,roncato,false,active,
palmanova-designer-village,rowenta,false,active,
palmanova-designer-village,salewa,false,active,
palmanova-designer-village,sandro-ferrone,false,active,
palmanova-designer-village,skechers,false,active,
palmanova-designer-village,sunglass-hut,false,active,
palmanova-designer-village,superdry,false,active,
palmanova-designer-village,tefal,false,active,
palmanova-designer-village,the-bridge,false,active,
palmanova-designer-village,timberland,false,active,
palmanova-designer-village,tommy-hilfiger,false,active,
palmanova-designer-village,toys-center,false,active,
palmanova-designer-village,triumph,false,active,
palmanova-designer-village,u-s-polo-assn,false,active,
palmanova-designer-village,under-armour,false,active,
palmanova-designer-village,united-colors-of-benetton,false,active,
palmanova-designer-village,vicolo,false,active,
palmanova-designer-village,wmf,false,active,
palmanova-designer-village,yes-zee,false,active,
palmanova-designer-village,zuiki,false,active,
mantova-village,adidas,false,active,
mantova-village,amelie,false,active,
mantova-village,antologia,false,active,
mantova-village,arena,false,active,
mantova-village,bialetti,false,active,
mantova-village,bottega-del-sarto,false,active,
mantova-village,boxeur-des-rues-malloy,false,active,
mantova-village,breil,false,active,
mantova-village,ce-bassetti,false,active,
mantova-village,caleffi,false,active,
mantova-village,calzedonia-intimissimi,false,active,
mantova-village,carpisa,false,active,
mantova-village,cc-collection-corneliani,false,active,
mantova-village,champion,false,active,
mantova-village,cmp,false,active,
mantova-village,cotton-and-silk,false,active,
mantova-village,cristinas,false,active,
mantova-village,damante,false,active,
mantova-village,desigual,false,active,
mantova-village,desiree,false,active,
mantova-village,douglas,false,active,
mantova-village,elena-miro,false,active,
mantova-village,facis,false,active,
mantova-village,fiorella-rubino,false,active,
mantova-village,flavio-castellani,false,active,
mantova-village,gabel,false,active,
mantova-village,gas,false,active,
mantova-village,gaudi,false,active,
mantova-village,general-store-usa,false,active,
mantova-village,geox,false,active,
mantova-village,giunti-al-punto,false,active,
mantova-village,goldenpoint,false,active,
mantova-village,gs-sport,false,active,
mantova-village,guess,false,active,
mantova-village,gutteridge,false,active,
mantova-village,harmont-and-blaine,false,active,
mantova-village,hermitage,false,active,
mantova-village,il-lanificio,false,active,
mantova-village,imperial,false,active,
mantova-village,italian-factory,false,active,
mantova-village,jackandjones,false,active,
mantova-village,kiko,false,active,
mantova-village,kocca,false,active,
mantova-village,lee-wrangler,false,active,
mantova-village,alcott,false,active,
mantova-village,levis,false,active,
mantova-village,lindt,false,active,
mantova-village,liu-jo,false,active,
mantova-village,liu-jo-accessori,false,active,
mantova-village,liu-jo-uomo,false,active,
mantova-village,luisa-spagnoli,false,active,
mantova-village,manila-grace,false,active,
mantova-village,marina-militare,false,active,
mantova-village,mcs,false,active,
mantova-village,medi-market,false,active,
mantova-village,melby,false,active,
mantova-village,melluso,false,active,
mantova-village,montu,false,active,
mantova-village,motivi,false,active,
mantova-village,napapijri,false,active,
mantova-village,nike-factory-store,false,active,
mantova-village,north-sails,false,active,
mantova-village,outly,false,active,
mantova-village,paragon,false,active,
mantova-village,pinalli,false,active,
mantova-village,piquadro-the-bridge,false,active,
mantova-village,pollini,false,active,
mantova-village,pompea,false,active,
mantova-village,primigi,false,active,
mantova-village,privilege,false,active,
mantova-village,puma,false,active,
mantova-village,refrigue,false,active,
mantova-village,republica,false,active,
mantova-village,roncato,false,active,
mantova-village,salewa,false,active,
mantova-village,sandro-ferrone,false,active,
mantova-village,scorpion-bay,false,active,
mantova-village,silvestri-e-taddei,false,active,
mantova-village,skechers,false,active,
mantova-village,tailor-club,false,active,
mantova-village,timberland,false,active,
mantova-village,triumph,false,active,
mantova-village,trussardi,false,active,
mantova-village,united-colors-of-benetton,false,active,
mantova-village,uyn,false,active,
mantova-village,valditaro,false,active,
mantova-village,visionottica,false,active,
mantova-village,zuiki,false,active,
vicolungo-the-style-outlets,adidas,false,active,
vicolungo-the-style-outlets,alcott,false,active,
vicolungo-the-style-outlets,andre-maurice-cashmere,false,active,
vicolungo-the-style-outlets,angelico,false,active,
vicolungo-the-style-outlets,antony-morato,false,active,
vicolungo-the-style-outlets,arena,false,active,
vicolungo-the-style-outlets,armani,false,active,
vicolungo-the-style-outlets,asics,false,active,
vicolungo-the-style-outlets,barbuti,false,active,
vicolungo-the-style-outlets,bassetti,false,active,
vicolungo-the-style-outlets,bialetti-industrie,false,active,
vicolungo-the-style-outlets,boggi-milano,false,active,
vicolungo-the-style-outlets,borbonese,false,active,
vicolungo-the-style-outlets,boss,false,active,
vicolungo-the-style-outlets,bottega-del-sarto,false,active,
vicolungo-the-style-outlets,boxeur-des-rues,false,active,
vicolungo-the-style-outlets,breil,false,active,
vicolungo-the-style-outlets,caleffi,false,active,
vicolungo-the-style-outlets,calvin-klein-jeans,false,active,
vicolungo-the-style-outlets,calzedonia,false,active,
vicolungo-the-style-outlets,camicissima,false,active,
vicolungo-the-style-outlets,caractere,false,active,
vicolungo-the-style-outlets,clinians,false,active,
vicolungo-the-style-outlets,cmp,false,active,
vicolungo-the-style-outlets,colmar,false,active,
vicolungo-the-style-outlets,crocs,false,active,
vicolungo-the-style-outlets,david-naman,false,active,
vicolungo-the-style-outlets,desigual,false,active,
vicolungo-the-style-outlets,desiree,false,active,
vicolungo-the-style-outlets,elena-miro,false,active,
vicolungo-the-style-outlets,elisabetta-franchi,false,active,
vicolungo-the-style-outlets,enrico-coveri,false,active,
vicolungo-the-style-outlets,esercito-italiano,false,active,
vicolungo-the-style-outlets,facis,false,active,
vicolungo-the-style-outlets,fiorella-rubino,false,active,
vicolungo-the-style-outlets,flavio-castellani,false,active,
vicolungo-the-style-outlets,fracomina,false,active,
vicolungo-the-style-outlets,freddy,false,active,
vicolungo-the-style-outlets,gabel-casa,false,active,
vicolungo-the-style-outlets,gant,false,active,
vicolungo-the-style-outlets,gap,false,active,
vicolungo-the-style-outlets,gas,false,active,
vicolungo-the-style-outlets,goldenpoint-outlet,false,active,
vicolungo-the-style-outlets,guess,false,active,
vicolungo-the-style-outlets,guess-accessories,false,active,
vicolungo-the-style-outlets,gutteridge,false,active,
vicolungo-the-style-outlets,harmont-and-blaine,false,active,
vicolungo-the-style-outlets,havaianas,false,active,
vicolungo-the-style-outlets,ido,false,active,
vicolungo-the-style-outlets,il-lanificio,false,active,
vicolungo-the-style-outlets,imperial,false,active,
vicolungo-the-style-outlets,intrend,false,active,
vicolungo-the-style-outlets,invicta,false,active,
vicolungo-the-style-outlets,ixos,false,active,
vicolungo-the-style-outlets,jack-and-jones,false,active,
vicolungo-the-style-outlets,joma,false,active,
vicolungo-the-style-outlets,kappa,false,active,
vicolungo-the-style-outlets,kiko,false,active,
vicolungo-the-style-outlets,kocca,false,active,
vicolungo-the-style-outlets,lerbolario,false,active,
vicolungo-the-style-outlets,loreal,false,active,
vicolungo-the-style-outlets,la-casa-italiana,false,active,
vicolungo-the-style-outlets,lagostina,false,active,
vicolungo-the-style-outlets,lee,false,active,
vicolungo-the-style-outlets,levis,false,active,
vicolungo-the-style-outlets,liu-jo,false,active,
vicolungo-the-style-outlets,liviana-conti,false,active,
vicolungo-the-style-outlets,marina-militare,false,active,
vicolungo-the-style-outlets,mondadori,false,active,
vicolungo-the-style-outlets,motivi,false,active,
vicolungo-the-style-outlets,napapijri,false,active,
vicolungo-the-style-outlets,new-balance,false,active,
vicolungo-the-style-outlets,nike,false,active,
vicolungo-the-style-outlets,north-sails,false,active,
vicolungo-the-style-outlets,odlo,false,active,
vicolungo-the-style-outlets,oltre,false,active,
vicolungo-the-style-outlets,only,false,active,
vicolungo-the-style-outlets,original-marines,false,active,
vicolungo-the-style-outlets,outly,false,active,
vicolungo-the-style-outlets,pinalli,false,active,
vicolungo-the-style-outlets,piquadro,false,active,
vicolungo-the-style-outlets,pollini,false,active,
vicolungo-the-style-outlets,puma,false,active,
vicolungo-the-style-outlets,pupa-outlet,false,active,
vicolungo-the-style-outlets,ragno,false,active,
vicolungo-the-style-outlets,refrigue,false,active,
vicolungo-the-style-outlets,republica,false,active,
vicolungo-the-style-outlets,rituals,false,active,
vicolungo-the-style-outlets,roncato,false,active,
vicolungo-the-style-outlets,salomon,false,active,
vicolungo-the-style-outlets,sandro-ferrone,false,active,
vicolungo-the-style-outlets,sisley,false,active,
vicolungo-the-style-outlets,skechers,false,active,
vicolungo-the-style-outlets,stroili,false,active,
vicolungo-the-style-outlets,sunglass-hut,false,active,
vicolungo-the-style-outlets,swarovski,false,active,
vicolungo-the-style-outlets,the-north-face,false,active,
vicolungo-the-style-outlets,timberland,false,active,
vicolungo-the-style-outlets,tommy-hilfiger,false,active,
vicolungo-the-style-outlets,triumph,false,active,
vicolungo-the-style-outlets,trussardi,false,active,
vicolungo-the-style-outlets,twin-set,false,active,
vicolungo-the-style-outlets,u-s-polo-assn,false,active,
vicolungo-the-style-outlets,under-armour,false,active,
vicolungo-the-style-outlets,vans,false,active,
vicolungo-the-style-outlets,villeroy-and-boch,false,active,
vicolungo-the-style-outlets,visionottica,false,active,
vicolungo-the-style-outlets,wp-area,false,active,
vicolungo-the-style-outlets,yamamay,false,active,
vicolungo-the-style-outlets,yes-zee,false,active,
castel-guelfo-the-style-outlets,adidas,false,active,
castel-guelfo-the-style-outlets,angelico,false,active,
castel-guelfo-the-style-outlets,antologia,false,active,
castel-guelfo-the-style-outlets,arena,false,active,
castel-guelfo-the-style-outlets,asics,false,active,
castel-guelfo-the-style-outlets,baldinini,false,active,
castel-guelfo-the-style-outlets,bassetti,false,active,
castel-guelfo-the-style-outlets,borbonese,false,active,
castel-guelfo-the-style-outlets,bottega-del-sarto,false,active,
castel-guelfo-the-style-outlets,boxeur-des-rues,false,active,
castel-guelfo-the-style-outlets,caleffi,false,active,
castel-guelfo-the-style-outlets,calvin-klein-jeans,false,active,
castel-guelfo-the-style-outlets,calzedonia,false,active,
castel-guelfo-the-style-outlets,camicissima,false,active,
castel-guelfo-the-style-outlets,cmp,false,active,
castel-guelfo-the-style-outlets,colmar,false,active,
castel-guelfo-the-style-outlets,ds-damat,false,active,
castel-guelfo-the-style-outlets,datch,false,active,
castel-guelfo-the-style-outlets,desigual,false,active,
castel-guelfo-the-style-outlets,elena-miro,false,active,
castel-guelfo-the-style-outlets,enrico-coveri,false,active,
castel-guelfo-the-style-outlets,facis,false,active,
castel-guelfo-the-style-outlets,fiorella-rubino,false,active,
castel-guelfo-the-style-outlets,fracomina,false,active,
castel-guelfo-the-style-outlets,frankie-garage,false,active,
castel-guelfo-the-style-outlets,gap,false,active,
castel-guelfo-the-style-outlets,gaudi,false,active,
castel-guelfo-the-style-outlets,gazzarrini,false,active,
castel-guelfo-the-style-outlets,general-store,false,active,
castel-guelfo-the-style-outlets,gs-sport,false,active,
castel-guelfo-the-style-outlets,guess,false,active,
castel-guelfo-the-style-outlets,harmont-and-blaine,false,active,
castel-guelfo-the-style-outlets,havaianas,false,active,
castel-guelfo-the-style-outlets,hermitage,false,active,
castel-guelfo-the-style-outlets,ido,false,active,
castel-guelfo-the-style-outlets,imperial,false,active,
castel-guelfo-the-style-outlets,invicta,false,active,
castel-guelfo-the-style-outlets,ixos,false,active,
castel-guelfo-the-style-outlets,jack-and-jones,false,active,
castel-guelfo-the-style-outlets,kiko,false,active,
castel-guelfo-the-style-outlets,lerbolario,false,active,
castel-guelfo-the-style-outlets,lagostina,false,active,
castel-guelfo-the-style-outlets,levis,false,active,
castel-guelfo-the-style-outlets,liu-jo,false,active,
castel-guelfo-the-style-outlets,marina-militare,false,active,
castel-guelfo-the-style-outlets,melluso,false,active,
castel-guelfo-the-style-outlets,miriade,false,active,
castel-guelfo-the-style-outlets,mondadori,false,active,
castel-guelfo-the-style-outlets,motivi,false,active,
castel-guelfo-the-style-outlets,napapijri,false,active,
castel-guelfo-the-style-outlets,nike,false,active,
castel-guelfo-the-style-outlets,north-sails,false,active,
castel-guelfo-the-style-outlets,oltre,false,active,
castel-guelfo-the-style-outlets,only,false,active,
castel-guelfo-the-style-outlets,outly,false,active,
castel-guelfo-the-style-outlets,pinalli,false,active,
castel-guelfo-the-style-outlets,piquadro,false,active,
castel-guelfo-the-style-outlets,pollini,false,active,
castel-guelfo-the-style-outlets,douglas,false,active,
castel-guelfo-the-style-outlets,puma,false,active,
castel-guelfo-the-style-outlets,ragno,false,active,
castel-guelfo-the-style-outlets,refrigue,false,active,
castel-guelfo-the-style-outlets,republica,false,active,
castel-guelfo-the-style-outlets,roncato,false,active,
castel-guelfo-the-style-outlets,s-c-o-u-t,false,active,
castel-guelfo-the-style-outlets,salewa,false,active,
castel-guelfo-the-style-outlets,salomon,false,active,
castel-guelfo-the-style-outlets,samsonite,false,active,
castel-guelfo-the-style-outlets,sandro-ferrone,false,active,
castel-guelfo-the-style-outlets,skechers,false,active,
castel-guelfo-the-style-outlets,swarovski,false,active,
castel-guelfo-the-style-outlets,tailor-club,false,active,
castel-guelfo-the-style-outlets,thun,false,active,
castel-guelfo-the-style-outlets,timberland,false,active,
castel-guelfo-the-style-outlets,tommy-hilfiger,false,active,
castel-guelfo-the-style-outlets,triumph,false,active,
castel-guelfo-the-style-outlets,trussardi,false,active,
castel-guelfo-the-style-outlets,u-s-polo-assn,false,active,
castel-guelfo-the-style-outlets,vans,false,active,
castel-guelfo-the-style-outlets,yamamay,false,active,
castel-guelfo-the-style-outlets,yes-zee,false,active,
franciacorta-designer-village,adidas,false,active,
franciacorta-designer-village,angelico,false,active,
franciacorta-designer-village,arena,false,active,
franciacorta-designer-village,baldinini,false,active,
franciacorta-designer-village,barbuti,false,active,
franciacorta-designer-village,beretta,false,active,
franciacorta-designer-village,bialetti,false,active,
franciacorta-designer-village,blumarine,false,active,
franciacorta-designer-village,boggi-milano,false,active,
franciacorta-designer-village,borbonese,false,active,
franciacorta-designer-village,borgo-tessile,false,active,
franciacorta-designer-village,bottega-del-sarto,false,active,
franciacorta-designer-village,boxeur-des-rues-malloy,false,active,
franciacorta-designer-village,braccialini,false,active,
franciacorta-designer-village,brave-kid,false,active,
franciacorta-designer-village,breil,false,active,
franciacorta-designer-village,brics,false,active,
franciacorta-designer-village,brooks-brothers,false,active,
franciacorta-designer-village,brosway,false,active,
franciacorta-designer-village,caleffi,false,active,
franciacorta-designer-village,calvin-klein,false,active,
franciacorta-designer-village,carpisa,false,active,
franciacorta-designer-village,ciesse-piumini,false,active,
franciacorta-designer-village,jeckerson,false,active,
franciacorta-designer-village,cinzia-rocca,false,active,
franciacorta-designer-village,cmp,false,active,
franciacorta-designer-village,desigual,false,active,
franciacorta-designer-village,elena-miro,false,active,
franciacorta-designer-village,feltrinelli-librerie,false,active,
franciacorta-designer-village,fratelli-rossetti,false,active,
franciacorta-designer-village,furla,false,active,
franciacorta-designer-village,gap,false,active,
franciacorta-designer-village,guess,false,active,
franciacorta-designer-village,kappa,false,active,
franciacorta-designer-village,kiko-milano,false,active,
franciacorta-designer-village,loreal,false,active,
franciacorta-designer-village,lindt,false,active,
franciacorta-designer-village,levis,false,active,
franciacorta-designer-village,liu-jo,false,active,
franciacorta-designer-village,medi-market,false,active,
franciacorta-designer-village,motivi,false,active,
franciacorta-designer-village,nike,false,active,
franciacorta-designer-village,pinko,false,active,
franciacorta-designer-village,pollini,false,active,
franciacorta-designer-village,puma,false,active,
franciacorta-designer-village,roberto-cavalli,false,active,
franciacorta-designer-village,samsonite,false,active,
franciacorta-designer-village,sisley,false,active,
franciacorta-designer-village,skechers,false,active,
franciacorta-designer-village,sundek,false,active,
franciacorta-designer-village,the-north-face,false,active,
franciacorta-designer-village,tommy-hilfiger,false,active,
franciacorta-designer-village,twinset,false,active,
franciacorta-designer-village,under-armour,false,active,
franciacorta-designer-village,united-colors-of-benetton,false,active,
franciacorta-designer-village,venchi,false,active,
franciacorta-designer-village,villeroy-and-boch,false,active,
franciacorta-designer-village,toys-center,false,active,
franciacorta-designer-village,legami,false,active,
franciacorta-designer-village,pupa,false,active,
franciacorta-designer-village,roncato,false,active,
franciacorta-designer-village,stefanel,false,active,
franciacorta-designer-village,trussardi,false,active,
franciacorta-designer-village,aeronautica-militare,false,active,
franciacorta-designer-village,asics,false,active,
franciacorta-designer-village,bialetti-industrie,false,active,
franciacorta-designer-village,bottega-verde,false,active,
franciacorta-designer-village,camicissima,false,active,
franciacorta-designer-village,casa-angelesi,false,active,
franciacorta-designer-village,come-in-una-favola,false,active,
franciacorta-designer-village,cotonella,false,active,
franciacorta-designer-village,dixie,false,active,
franciacorta-designer-village,dolomite,false,active,
franciacorta-designer-village,doriani-cashmere,false,active,
franciacorta-designer-village,excelsa,false,active,
franciacorta-designer-village,facis,false,active,
franciacorta-designer-village,fiorella-rubino,false,active,
franciacorta-designer-village,flavio-castellani,false,active,
franciacorta-designer-village,fracomina,false,active,
franciacorta-designer-village,fred-mello,false,active,
franciacorta-designer-village,gabel,false,active,
franciacorta-designer-village,gallo,false,active,
franciacorta-designer-village,gazzarrini,false,active,
franciacorta-designer-village,gs-sport,false,active,
franciacorta-designer-village,gutteridge,false,active,
franciacorta-designer-village,harmont-and-blaine-junior,false,active,
franciacorta-designer-village,il-lanificio,false,active,
franciacorta-designer-village,ixos,false,active,
franciacorta-designer-village,kocca,false,active,
franciacorta-designer-village,la-casa-italiana,false,active,
franciacorta-designer-village,lagostina,false,active,
franciacorta-designer-village,lentee,false,active,
franciacorta-designer-village,liviana-conti,false,active,
franciacorta-designer-village,lovable,false,active,
franciacorta-designer-village,luisa-spagnoli,false,active,
franciacorta-designer-village,marina-militare,false,active,
franciacorta-designer-village,mcs,false,active,
franciacorta-designer-village,melluso,false,active,
franciacorta-designer-village,montura,false,active,
franciacorta-designer-village,murphy-nye,false,active,
franciacorta-designer-village,north-sails,false,active,
franciacorta-designer-village,oltre,false,active,
franciacorta-designer-village,otto-dame,false,active,
franciacorta-designer-village,outly,false,active,
franciacorta-designer-village,paragon,false,active,
franciacorta-designer-village,pinalli,false,active,
franciacorta-designer-village,rebel-queen,false,active,
franciacorta-designer-village,refrigiwear,false,active,
franciacorta-designer-village,romeo-gigli,false,active,
franciacorta-designer-village,rosenthal,false,active,
franciacorta-designer-village,rowenta,false,active,
franciacorta-designer-village,sambonet,false,active,
franciacorta-designer-village,sandro-ferrone,false,active,
franciacorta-designer-village,shoebuya,false,active,
franciacorta-designer-village,the-bridge,false,active,
franciacorta-designer-village,tosca-blu,false,active,
franciacorta-designer-village,ugo-colella,false,active,
franciacorta-designer-village,uyn,false,active,
franciacorta-designer-village,vicolo,false,active,
franciacorta-designer-village,wp-lavori-in-corso,false,active,
franciacorta-designer-village,yamamay,false,active,
franciacorta-designer-village,yes-zee,false,active,
franciacorta-designer-village,zuiki,false,active,
puglia-village,adidas,false,active,
puglia-village,alcott,false,active,
puglia-village,arena,false,active,
puglia-village,barbuti,false,active,
puglia-village,bialetti,false,active,
puglia-village,borbonese,false,active,
puglia-village,bottega-del-sarto,false,active,
puglia-village,caleffi,false,active,
puglia-village,calvin-klein,false,active,
puglia-village,calzedonia-intimissimi,false,active,
puglia-village,camicissima,false,active,
puglia-village,camomilla-italia,false,active,
puglia-village,cap-de-barbaria,false,active,
puglia-village,caporiccio,false,active,
puglia-village,carpisa,false,active,
puglia-village,ce-bassetti,false,active,
puglia-village,ciesse-piumini-jeckerson,false,active,
puglia-village,coincasa,false,active,
puglia-village,come-in-una-favola,false,active,
puglia-village,crocs,false,active,
puglia-village,desigual,false,active,
puglia-village,do-home,false,active,
puglia-village,douglas,false,active,
puglia-village,elena-miro-fiorella-rubino,false,active,
puglia-village,enrico-coveri,false,active,
puglia-village,excelsa,false,active,
puglia-village,facis,false,active,
puglia-village,fracomina,false,active,
puglia-village,fratelli-rossetti,false,active,
puglia-village,gaudi,false,active,
puglia-village,general-store-outdoor-napapijri-mcs,false,active,
puglia-village,goldenpoint,false,active,
puglia-village,gs-sport,false,active,
puglia-village,guess,false,active,
puglia-village,gutteridge,false,active,
puglia-village,harmont-and-blaine,false,active,
puglia-village,harmont-and-blaine-junior,false,active,
puglia-village,hermitage,false,active,
puglia-village,i-giardini-di-giulia,false,active,
puglia-village,ideabellezza,false,active,
puglia-village,jack-and-jones,false,active,
puglia-village,k-way,false,active,
puglia-village,kappa,false,active,
puglia-village,kiko,false,active,
puglia-village,kocca,false,active,
puglia-village,lagostina-home-and-cook,false,active,
puglia-village,legami,false,active,
puglia-village,lemporio-del-tabacco,false,active,
puglia-village,levis,false,active,
puglia-village,lindt,false,active,
puglia-village,liu-jo-uomo,false,active,
puglia-village,luisa-spagnoli,false,active,
puglia-village,manila-grace,false,active,
puglia-village,marina-militare,false,active,
puglia-village,melluso,false,active,
puglia-village,montevago-luxury-bags,false,active,
puglia-village,motivi,false,active,
puglia-village,nike,false,active,
puglia-village,north-sails,false,active,
puglia-village,nuvola,false,active,
puglia-village,outly,false,active,
puglia-village,patrizia-pepe,false,active,
puglia-village,puma,false,active,
puglia-village,refrigiwear,false,active,
puglia-village,roncato,false,active,
puglia-village,sandro-ferrone,false,active,
puglia-village,sundek,false,active,
puglia-village,take-two,false,active,
puglia-village,timberland,false,active,
puglia-village,tommy-hilfiger,false,active,
puglia-village,tommy-hilfiger-kids,false,active,
puglia-village,trussardi,false,active,
puglia-village,u-s-polo-assn,false,active,
puglia-village,under-armour,false,active,
puglia-village,vans,false,active,
puglia-village,whao,false,active,
puglia-village,yamamay,false,active,
sicilia-outlet-village,adidas,false,active,
sicilia-outlet-village,alberta-ferretti,false,active,
sicilia-outlet-village,alcott,false,active,
sicilia-outlet-village,alviero-martini-1a-classe,false,active,
sicilia-outlet-village,angelico,false,active,
sicilia-outlet-village,antony-morato,false,active,
sicilia-outlet-village,arena,false,active,
sicilia-outlet-village,armani-outlet,false,active,
sicilia-outlet-village,baldinini,false,active,
sicilia-outlet-village,bialetti,false,active,
sicilia-outlet-village,blumarine,false,active,
sicilia-outlet-village,boggi-milano,false,active,
sicilia-outlet-village,borbonese,false,active,
sicilia-outlet-village,boss,false,active,
sicilia-outlet-village,brooks-brothers,false,active,
sicilia-outlet-village,calvin-klein,false,active,
sicilia-outlet-village,camicissima,false,active,
sicilia-outlet-village,carpisa,false,active,
sicilia-outlet-village,cavalli-class,false,active,
sicilia-outlet-village,coach,false,active,
sicilia-outlet-village,colmar,false,active,
sicilia-outlet-village,desigual,false,active,
sicilia-outlet-village,diesel,false,active,
sicilia-outlet-village,dolce-and-gabbana,false,active,
sicilia-outlet-village,elena-miro,false,active,
sicilia-outlet-village,fay,false,active,
sicilia-outlet-village,fiorella-rubino,false,active,
sicilia-outlet-village,fratelli-rossetti,false,active,
sicilia-outlet-village,geox,false,active,
sicilia-outlet-village,guess,false,active,
sicilia-outlet-village,hogan,false,active,
sicilia-outlet-village,k-way,false,active,
sicilia-outlet-village,kiko,false,active,
sicilia-outlet-village,levis,false,active,
sicilia-outlet-village,lindt,false,active,
sicilia-outlet-village,liu-jo,false,active,
sicilia-outlet-village,michael-kors,false,active,
sicilia-outlet-village,moschino,false,active,
sicilia-outlet-village,nike,false,active,
sicilia-outlet-village,polo-ralph-lauren,false,active,
sicilia-outlet-village,puma,false,active,
sicilia-outlet-village,skechers,false,active,
sicilia-outlet-village,timberland,false,active,
sicilia-outlet-village,tommy-hilfiger,false,active,
sicilia-outlet-village,trussardi,false,active,
sicilia-outlet-village,u-s-polo-assn,false,active,
sicilia-outlet-village,under-armour,false,active,
sicilia-outlet-village,vans,false,active,
scalo-milano-outlet-more,adidas,false,active,
scalo-milano-outlet-more,amelie,false,active,
scalo-milano-outlet-more,angelico,false,active,
scalo-milano-outlet-more,antony-morato,false,active,
scalo-milano-outlet-more,bialetti,false,active,
scalo-milano-outlet-more,boggi-milano,false,active,
scalo-milano-outlet-more,borbonese,false,active,
scalo-milano-outlet-more,brooks-brothers,false,active,
scalo-milano-outlet-more,calvin-klein,false,active,
scalo-milano-outlet-more,cmp,false,active,
scalo-milano-outlet-more,colmar,false,active,
scalo-milano-outlet-more,crocs,false,active,
scalo-milano-outlet-more,dainese,false,active,
scalo-milano-outlet-more,diadora,false,active,
scalo-milano-outlet-more,dodo,false,active,
scalo-milano-outlet-more,fiorella-rubino,false,active,
scalo-milano-outlet-more,fratelli-rossetti,false,active,
scalo-milano-outlet-more,geox,false,active,
scalo-milano-outlet-more,guess,false,active,
scalo-milano-outlet-more,k-way,false,active,
scalo-milano-outlet-more,kartell,false,active,
scalo-milano-outlet-more,levis,false,active,
scalo-milano-outlet-more,lindt,false,active,
scalo-milano-outlet-more,liu-jo,false,active,
scalo-milano-outlet-more,manila-grace,false,active,
scalo-milano-outlet-more,new-balance,false,active,
scalo-milano-outlet-more,nike,false,active,
scalo-milano-outlet-more,original-marines,false,active,
scalo-milano-outlet-more,puma,false,active,
scalo-milano-outlet-more,rossignol,false,active,
scalo-milano-outlet-more,salewa,false,active,
scalo-milano-outlet-more,sebago,false,active,
scalo-milano-outlet-more,skechers,false,active,
scalo-milano-outlet-more,sundek,false,active,
scalo-milano-outlet-more,tommy-hilfiger,false,active,
scalo-milano-outlet-more,vans,false,active,
scalo-milano-outlet-more,vincenzo-dascanio,false,active,
torino-outlet-village,adidas,false,active,
torino-outlet-village,angelico,false,active,
torino-outlet-village,antony-morato,false,active,
torino-outlet-village,arena,false,active,
torino-outlet-village,armani-outlet,false,active,
torino-outlet-village,barbuti,false,active,
torino-outlet-village,bialetti,false,active,
torino-outlet-village,blumarine,false,active,
torino-outlet-village,boggi-milano,false,active,
torino-outlet-village,bottega-del-sarto,false,active,
torino-outlet-village,boxeur-des-rues,false,active,
torino-outlet-village,brave-kid,false,active,
torino-outlet-village,brooks-brothers,false,active,
torino-outlet-village,caleffi,false,active,
torino-outlet-village,calvin-klein,false,active,
torino-outlet-village,camicissima,false,active,
torino-outlet-village,caractere,false,active,
torino-outlet-village,ciesse-piumini,false,active,
torino-outlet-village,colmar,false,active,
torino-outlet-village,desigual,false,active,
torino-outlet-village,elena-miro,false,active,
torino-outlet-village,fiorella-rubino,false,active,
torino-outlet-village,fratelli-rossetti,false,active,
torino-outlet-village,geox,false,active,
torino-outlet-village,guess,false,active,
torino-outlet-village,k-way,false,active,
torino-outlet-village,kappa,false,active,
torino-outlet-village,kiko,false,active,
torino-outlet-village,levis,false,active,
torino-outlet-village,lindt,false,active,
torino-outlet-village,liu-jo,false,active,
torino-outlet-village,nike,false,active,
torino-outlet-village,puma,false,active,
torino-outlet-village,refrigiwear,false,active,
torino-outlet-village,sundek,false,active,
torino-outlet-village,timberland,false,active,
torino-outlet-village,tommy-hilfiger,false,active,
torino-outlet-village,trussardi,false,active,
torino-outlet-village,u-s-polo-assn,false,active,
torino-outlet-village,under-armour,false,active,
torino-outlet-village,vans,false,active,
torino-outlet-village,yamamay,false,active,
mondovicino-outlet-village,adidas,false,active,
mondovicino-outlet-village,alcott,false,active,
mondovicino-outlet-village,alpine-pro,false,active,
mondovicino-outlet-village,angelico,false,active,
mondovicino-outlet-village,arena,false,active,
mondovicino-outlet-village,armani-exchange,false,active,
mondovicino-outlet-village,bialetti,false,active,
mondovicino-outlet-village,blumarine,false,active,
mondovicino-outlet-village,brooks,false,active,
mondovicino-outlet-village,caleffi,false,active,
mondovicino-outlet-village,carpisa,false,active,
mondovicino-outlet-village,cisalfa-sport,false,active,
mondovicino-outlet-village,cmp,false,active,
mondovicino-outlet-village,colmar,false,active,
mondovicino-outlet-village,colors-of-california,false,active,
mondovicino-outlet-village,diadora,false,active,
mondovicino-outlet-village,douglas,false,active,
mondovicino-outlet-village,euronics,false,active,
mondovicino-outlet-village,facis,false,active,
mondovicino-outlet-village,fiorella-rubino,false,active,
mondovicino-outlet-village,geox,false,active,
mondovicino-outlet-village,goldenpoint,false,active,
mondovicino-outlet-village,guess,false,active,
mondovicino-outlet-village,k-way,false,active,
mondovicino-outlet-village,kiko,false,active,
mondovicino-outlet-village,liu-jo,false,active,
mondovicino-outlet-village,motivi,false,active,
mondovicino-outlet-village,nike,false,active,
mondovicino-outlet-village,original-marines,false,active,
mondovicino-outlet-village,pittarosso,false,active,
mondovicino-outlet-village,puma,false,active,
mondovicino-outlet-village,reebok,false,active,
mondovicino-outlet-village,robe-di-kappa,false,active,
mondovicino-outlet-village,skechers,false,active,
mondovicino-outlet-village,the-north-face,false,active,
mondovicino-outlet-village,timberland,false,active,
mondovicino-outlet-village,tommy-hilfiger,false,active,
mondovicino-outlet-village,trony,false,active,
mondovicino-outlet-village,yamamay,false,active,
city-outlet-bad-munstereifel,adidas,false,active,
city-outlet-bad-munstereifel,betty-barclay,false,active,
city-outlet-bad-munstereifel,birkenstock,false,active,
city-outlet-bad-munstereifel,boss,true,active,
city-outlet-bad-munstereifel,brax,false,active,
city-outlet-bad-munstereifel,bugatti,false,active,
city-outlet-bad-munstereifel,calvin-klein,false,active,
city-outlet-bad-munstereifel,camel-active,false,active,
city-outlet-bad-munstereifel,camp-david,false,active,
city-outlet-bad-munstereifel,cecil,false,active,
city-outlet-bad-munstereifel,ceo,false,active,
city-outlet-bad-munstereifel,fossil,false,active,
city-outlet-bad-munstereifel,jack-wolfskin,false,active,
city-outlet-bad-munstereifel,klauser,false,active,
city-outlet-bad-munstereifel,kneipp,false,active,
city-outlet-bad-munstereifel,levis,false,active,
city-outlet-bad-munstereifel,lindt,false,active,
city-outlet-bad-munstereifel,marc-o-polo,false,active,
city-outlet-bad-munstereifel,nike,false,active,
city-outlet-bad-munstereifel,only,false,active,
city-outlet-bad-munstereifel,only-and-sons,false,active,
city-outlet-bad-munstereifel,petrol-industries,false,active,
city-outlet-bad-munstereifel,polo-ralph-lauren,true,active,
city-outlet-bad-munstereifel,puma,false,active,
city-outlet-bad-munstereifel,schiesser,false,active,
city-outlet-bad-munstereifel,seagull,false,active,
city-outlet-bad-munstereifel,sigikid,false,active,
city-outlet-bad-munstereifel,skechers,false,active,
city-outlet-bad-munstereifel,steiff,false,active,
city-outlet-bad-munstereifel,street-one,false,active,
city-outlet-bad-munstereifel,tom-tailor,false,active,
city-outlet-bad-munstereifel,tommy-hilfiger,false,active,
city-outlet-bad-munstereifel,trespass,false,active,
city-outlet-bad-munstereifel,under-armour,false,active,
city-outlet-bad-munstereifel,vero-moda,false,active,
city-outlet-bad-munstereifel,wellensteyn,false,active,
city-outlet-bad-munstereifel,zero,false,active,
designer-outlet-berlin,adidas,false,active,
designer-outlet-berlin,adidas-kids,false,active,
designer-outlet-berlin,aigner,false,active,
designer-outlet-berlin,alina,false,active,
designer-outlet-berlin,american-vintage,false,active,
designer-outlet-berlin,armani,false,active,
designer-outlet-berlin,asics,false,active,
designer-outlet-berlin,bassetti,false,active,
designer-outlet-berlin,belstaff,false,active,
designer-outlet-berlin,betty-barclay,false,active,
designer-outlet-berlin,birkenstock,false,active,
designer-outlet-berlin,bogner,false,active,
designer-outlet-berlin,boss,true,active,
designer-outlet-berlin,boss-orange,false,active,
designer-outlet-berlin,brax,false,active,
designer-outlet-berlin,bruno-banani,false,active,
designer-outlet-berlin,calida,false,active,
designer-outlet-berlin,calvin-klein,false,active,
designer-outlet-berlin,camel-active,false,active,
designer-outlet-berlin,carhartt,false,active,
designer-outlet-berlin,cecil,false,active,
designer-outlet-berlin,change-lingerie,false,active,
designer-outlet-berlin,cinque,false,active,
designer-outlet-berlin,clarks,false,active,
designer-outlet-berlin,closed,false,active,
designer-outlet-berlin,coach,false,active,
designer-outlet-berlin,coccinelle,false,active,
designer-outlet-berlin,coeur-de-lion,false,active,
designer-outlet-berlin,colmar,false,active,
designer-outlet-berlin,columbia,false,active,
designer-outlet-berlin,comma,false,active,
designer-outlet-berlin,converse,false,active,
designer-outlet-berlin,copenhagen,false,active,
designer-outlet-berlin,crocs,false,active,
designer-outlet-berlin,derbe,false,active,
designer-outlet-berlin,didriksons,false,active,
designer-outlet-berlin,diesel,false,active,
designer-outlet-berlin,falke,false,active,
designer-outlet-berlin,fossil,false,active,
designer-outlet-berlin,fred-perry,false,active,
designer-outlet-berlin,furla,false,active,
designer-outlet-berlin,g-k-mayer,false,active,
designer-outlet-berlin,g-star-raw,false,active,
designer-outlet-berlin,gant,false,active,
designer-outlet-berlin,guess,false,active,
designer-outlet-berlin,guess-accessories,false,active,
designer-outlet-berlin,havaianas,false,active,
designer-outlet-berlin,hechter-paris,false,active,
designer-outlet-berlin,home-and-cook,false,active,
designer-outlet-berlin,hugo,false,active,
designer-outlet-berlin,hunkemoller,false,active,
designer-outlet-berlin,jack-and-jones,false,active,
designer-outlet-berlin,jack-and-jones-kids,false,active,
designer-outlet-berlin,jack-wolfskin,false,active,
designer-outlet-berlin,jdy,false,active,
designer-outlet-berlin,joop,false,active,
designer-outlet-berlin,kapten-and-son,false,active,
designer-outlet-berlin,karl-lagerfeld,false,active,
designer-outlet-berlin,kennel-and-schmenger,false,active,
designer-outlet-berlin,kneipp,false,active,
designer-outlet-berlin,kurt-geiger,false,active,
designer-outlet-berlin,lacoste,false,active,
designer-outlet-berlin,le-creuset,false,active,
designer-outlet-berlin,lee-wrangler,false,active,
designer-outlet-berlin,levis,false,active,
designer-outlet-berlin,liebeskind-berlin,false,active,
designer-outlet-berlin,lindt,false,active,
designer-outlet-berlin,lloyd,false,active,
designer-outlet-berlin,marc-aurel,false,active,
designer-outlet-berlin,marc-cain,false,active,
designer-outlet-berlin,marc-o-polo,false,active,
designer-outlet-berlin,marc-o-polo-denim,false,active,
designer-outlet-berlin,mey,false,active,
designer-outlet-berlin,michael-kors,true,active,
designer-outlet-berlin,moeve,false,active,
designer-outlet-berlin,motel-a-miio,false,active,
designer-outlet-berlin,mustang,false,active,
designer-outlet-berlin,name-it,false,active,
designer-outlet-berlin,new-balance,false,active,
designer-outlet-berlin,new-zealand-auckland,false,active,
designer-outlet-berlin,nike,false,active,
designer-outlet-berlin,nike-unite,false,active,
designer-outlet-berlin,odlo,false,active,
designer-outlet-berlin,olymp,false,active,
designer-outlet-berlin,oneill,false,active,
designer-outlet-berlin,only,false,active,
designer-outlet-berlin,only-and-sons,false,active,
designer-outlet-berlin,opus,false,active,
designer-outlet-berlin,pandora,false,active,
designer-outlet-berlin,pegador,false,active,
designer-outlet-berlin,petrol-industries,false,active,
designer-outlet-berlin,pme-legend,false,active,
designer-outlet-berlin,polo-ralph-lauren,true,active,
designer-outlet-berlin,porsche-design,false,active,
designer-outlet-berlin,puma,false,active,
designer-outlet-berlin,rituals,false,active,
designer-outlet-berlin,roesle,false,active,
designer-outlet-berlin,s-oliver,false,active,
designer-outlet-berlin,samsonite,false,active,
designer-outlet-berlin,schiesser,false,active,
designer-outlet-berlin,scotch-and-soda,false,active,
designer-outlet-berlin,seidensticker,false,active,
designer-outlet-berlin,sigikid,false,active,
designer-outlet-berlin,skechers,false,active,
designer-outlet-berlin,street-one,false,active,
designer-outlet-berlin,strellson,false,active,
designer-outlet-berlin,superdry,false,active,
designer-outlet-berlin,swarovski,false,active,
designer-outlet-berlin,tefal,false,active,
designer-outlet-berlin,the-label-yard,false,active,
designer-outlet-berlin,the-north-face,false,active,
designer-outlet-berlin,thomas-sabo,false,active,
designer-outlet-berlin,timberland,false,active,
designer-outlet-berlin,tom-ford,false,active,
designer-outlet-berlin,tom-tailor,false,active,
designer-outlet-berlin,tommy-hilfiger,false,active,
designer-outlet-berlin,tommy-hilfiger-kids,false,active,
designer-outlet-berlin,triumph,false,active,
designer-outlet-berlin,ugg,false,active,
designer-outlet-berlin,under-armour,false,active,
designer-outlet-berlin,vero-moda,false,active,
designer-outlet-berlin,versace,false,active,
designer-outlet-berlin,vila,false,active,
designer-outlet-berlin,villeroy-and-boch,false,active,
designer-outlet-berlin,watch-and-see,false,active,
designer-outlet-berlin,watch-station,false,active,
designer-outlet-berlin,wellensteyn,false,active,
designer-outlet-berlin,windsor,false,active,
designer-outlet-berlin,wmf,false,active,
designer-outlet-berlin,woolrich,false,active,
designer-outlet-berlin,zero,false,active,
designer-outlet-berlin,zwilling,false,active,
designer-outlet-neumunster,adenauer-and-co,false,active,
designer-outlet-neumunster,adidas,false,active,
designer-outlet-neumunster,adidas-kids,false,active,
designer-outlet-neumunster,aigner,false,active,
designer-outlet-neumunster,american-vintage,false,active,
designer-outlet-neumunster,armani,false,active,
designer-outlet-neumunster,asics,false,active,
designer-outlet-neumunster,bally,false,active,
designer-outlet-neumunster,bassetti,false,active,
designer-outlet-neumunster,belstaff,false,active,
designer-outlet-neumunster,betty-barclay,false,active,
designer-outlet-neumunster,birkenstock,false,active,
designer-outlet-neumunster,boss,true,active,
designer-outlet-neumunster,boss-orange,false,active,
designer-outlet-neumunster,brax,false,active,
designer-outlet-neumunster,bruno-banani,false,active,
designer-outlet-neumunster,calida,false,active,
designer-outlet-neumunster,calvin-klein,false,active,
designer-outlet-neumunster,camel-active,false,active,
designer-outlet-neumunster,carhartt,false,active,
designer-outlet-neumunster,cecil,false,active,
designer-outlet-neumunster,change-lingerie,false,active,
designer-outlet-neumunster,cinque,false,active,
designer-outlet-neumunster,closed,false,active,
designer-outlet-neumunster,coach,false,active,
designer-outlet-neumunster,coccinelle,false,active,
designer-outlet-neumunster,coeur-de-lion,false,active,
designer-outlet-neumunster,columbia,false,active,
designer-outlet-neumunster,comma,false,active,
designer-outlet-neumunster,converse,false,active,
designer-outlet-neumunster,copenhagen,false,active,
designer-outlet-neumunster,crocs,false,active,
designer-outlet-neumunster,derbe,false,active,
designer-outlet-neumunster,didriksons,false,active,
designer-outlet-neumunster,estella,false,active,
designer-outlet-neumunster,falke,false,active,
designer-outlet-neumunster,fossil,false,active,
designer-outlet-neumunster,fred-perry,false,active,
designer-outlet-neumunster,furla,false,active,
designer-outlet-neumunster,g-k-mayer,false,active,
designer-outlet-neumunster,g-star-raw,false,active,
designer-outlet-neumunster,gant,false,active,
designer-outlet-neumunster,guess,false,active,
designer-outlet-neumunster,guess-accessories,false,active,
designer-outlet-neumunster,hechter-paris,false,active,
designer-outlet-neumunster,hugo,false,active,
designer-outlet-neumunster,hunkemoller,false,active,
designer-outlet-neumunster,jack-and-jones,false,active,
designer-outlet-neumunster,jack-and-jones-kids,false,active,
designer-outlet-neumunster,jack-wolfskin,false,active,
designer-outlet-neumunster,jdy,false,active,
designer-outlet-neumunster,joop,false,active,
designer-outlet-neumunster,kapten-and-son,false,active,
designer-outlet-neumunster,karl-lagerfeld,false,active,
designer-outlet-neumunster,kennel-and-schmenger,false,active,
designer-outlet-neumunster,kneipp,false,active,
designer-outlet-neumunster,lacoste,false,active,
designer-outlet-neumunster,le-creuset,false,active,
designer-outlet-neumunster,lee-wrangler,false,active,
designer-outlet-neumunster,levis,false,active,
designer-outlet-neumunster,liebeskind-berlin,false,active,
designer-outlet-neumunster,lindt,false,active,
designer-outlet-neumunster,marc-aurel,false,active,
designer-outlet-neumunster,marc-o-polo,false,active,
designer-outlet-neumunster,marc-o-polo-denim,false,active,
designer-outlet-neumunster,mey,false,active,
designer-outlet-neumunster,michael-kors,true,active,
designer-outlet-neumunster,moeve,false,active,
designer-outlet-neumunster,motel-a-miio,false,active,
designer-outlet-neumunster,mustang,false,active,
designer-outlet-neumunster,name-it,false,active,
designer-outlet-neumunster,new-balance,false,active,
designer-outlet-neumunster,new-zealand-auckland,false,active,
designer-outlet-neumunster,nike,false,active,
designer-outlet-neumunster,odlo,false,active,
designer-outlet-neumunster,oneill,false,active,
designer-outlet-neumunster,only,false,active,
designer-outlet-neumunster,only-and-sons,false,active,
designer-outlet-neumunster,opus,false,active,
designer-outlet-neumunster,pandora,false,active,
designer-outlet-neumunster,pegador,false,active,
designer-outlet-neumunster,petrol-industries,false,active,
designer-outlet-neumunster,pme-legend,false,active,
designer-outlet-neumunster,polo-ralph-lauren,true,active,
designer-outlet-neumunster,puma,false,active,
designer-outlet-neumunster,rituals,false,active,
designer-outlet-neumunster,roesle,false,active,
designer-outlet-neumunster,s-oliver,false,active,
designer-outlet-neumunster,samsonite,false,active,
designer-outlet-neumunster,schiesser,false,active,
designer-outlet-neumunster,scotch-and-soda,false,active,
designer-outlet-neumunster,seidensticker,false,active,
designer-outlet-neumunster,sigikid,false,active,
designer-outlet-neumunster,skechers,false,active,
designer-outlet-neumunster,street-one,false,active,
designer-outlet-neumunster,superdry,false,active,
designer-outlet-neumunster,swarovski,false,active,
designer-outlet-neumunster,tefal,false,active,
designer-outlet-neumunster,the-label-yard,false,active,
designer-outlet-neumunster,the-north-face,false,active,
designer-outlet-neumunster,thomas-sabo,false,active,
designer-outlet-neumunster,timberland,false,active,
designer-outlet-neumunster,tom-tailor,false,active,
designer-outlet-neumunster,tommy-hilfiger,false,active,
designer-outlet-neumunster,tommy-hilfiger-kids,false,active,
designer-outlet-neumunster,triumph,false,active,
designer-outlet-neumunster,ugg,false,active,
designer-outlet-neumunster,under-armour,false,active,
designer-outlet-neumunster,vero-moda,false,active,
designer-outlet-neumunster,versace,false,active,
designer-outlet-neumunster,vila,false,active,
designer-outlet-neumunster,villeroy-and-boch,false,active,
designer-outlet-neumunster,watch-and-see,false,active,
designer-outlet-neumunster,waterdrop,false,active,
designer-outlet-neumunster,wellensteyn,false,active,
designer-outlet-neumunster,windsor,false,active,
designer-outlet-neumunster,wmf,false,active,
designer-outlet-neumunster,woolrich,false,active,
designer-outlet-neumunster,zero,false,active,
designer-outlet-neumunster,zwilling,false,active,
designer-outlets-wolfsburg,adidas,false,active,
designer-outlets-wolfsburg,affenzahn,false,active,
designer-outlets-wolfsburg,alvi,false,active,
designer-outlets-wolfsburg,american-tourister,false,active,
designer-outlets-wolfsburg,atelier-torino,false,active,
designer-outlets-wolfsburg,bassetti,false,active,
designer-outlets-wolfsburg,brax,false,active,
designer-outlets-wolfsburg,bruno-banani,false,active,
designer-outlets-wolfsburg,bugatti,false,active,
designer-outlets-wolfsburg,calida,false,active,
designer-outlets-wolfsburg,camel-active,false,active,
designer-outlets-wolfsburg,cattier,false,active,
designer-outlets-wolfsburg,cecil,false,active,
designer-outlets-wolfsburg,cinque,false,active,
designer-outlets-wolfsburg,columbia,false,active,
designer-outlets-wolfsburg,crocs,false,active,
designer-outlets-wolfsburg,desigual,false,active,
designer-outlets-wolfsburg,emsa,false,active,
designer-outlets-wolfsburg,falke,false,active,
designer-outlets-wolfsburg,g-k-mayer,false,active,
designer-outlets-wolfsburg,g-star-raw,false,active,
designer-outlets-wolfsburg,gant,false,active,
designer-outlets-wolfsburg,garcia,false,active,
designer-outlets-wolfsburg,guess,false,active,
designer-outlets-wolfsburg,jack-wolfskin,false,active,
designer-outlets-wolfsburg,joop,false,active,
designer-outlets-wolfsburg,karl-lagerfeld,false,active,
designer-outlets-wolfsburg,le-creuset,false,active,
designer-outlets-wolfsburg,levis,false,active,
designer-outlets-wolfsburg,liebeskind-berlin,false,active,
designer-outlets-wolfsburg,lindt,false,active,
designer-outlets-wolfsburg,mammut,false,active,
designer-outlets-wolfsburg,marc-o-polo,false,active,
designer-outlets-wolfsburg,marvelis,false,active,
designer-outlets-wolfsburg,michael-kors,true,active,
designer-outlets-wolfsburg,moeve,false,active,
designer-outlets-wolfsburg,moulinex,false,active,
designer-outlets-wolfsburg,nike,false,active,
designer-outlets-wolfsburg,oneill,false,active,
designer-outlets-wolfsburg,only,false,active,
designer-outlets-wolfsburg,petrol-industries,false,active,
designer-outlets-wolfsburg,puma,false,active,
designer-outlets-wolfsburg,rituals,false,active,
designer-outlets-wolfsburg,rosenthal,false,active,
designer-outlets-wolfsburg,rowenta,false,active,
designer-outlets-wolfsburg,roy-robson,false,active,
designer-outlets-wolfsburg,s-oliver,false,active,
designer-outlets-wolfsburg,samsonite,false,active,
designer-outlets-wolfsburg,satch,false,active,
designer-outlets-wolfsburg,schiesser,false,active,
designer-outlets-wolfsburg,sigikid,false,active,
designer-outlets-wolfsburg,skechers,false,active,
designer-outlets-wolfsburg,storck,false,active,
designer-outlets-wolfsburg,street-one,false,active,
designer-outlets-wolfsburg,sunglass-hut,false,active,
designer-outlets-wolfsburg,superdry,false,active,
designer-outlets-wolfsburg,swarovski,false,active,
designer-outlets-wolfsburg,tefal,false,active,
designer-outlets-wolfsburg,the-body-shop,false,active,
designer-outlets-wolfsburg,the-north-face,false,active,
designer-outlets-wolfsburg,tom-tailor,false,active,
designer-outlets-wolfsburg,tommy-hilfiger,false,active,
designer-outlets-wolfsburg,triumph,false,active,
designer-outlets-wolfsburg,under-armour,false,active,
designer-outlets-wolfsburg,vero-moda,false,active,
designer-outlets-wolfsburg,wellensteyn,false,active,
designer-outlets-wolfsburg,wmf,false,active,
ingolstadt-village,7-for-all-mankind,false,active,
ingolstadt-village,adidas-originals,false,active,
ingolstadt-village,aerin,false,active,
ingolstadt-village,aigner,false,active,
ingolstadt-village,arcteryx,false,active,
ingolstadt-village,armani,false,active,
ingolstadt-village,asics,false,active,
ingolstadt-village,aveda,false,active,
ingolstadt-village,ba-and-sh,false,active,
ingolstadt-village,babor,false,active,
ingolstadt-village,balenciaga,false,active,
ingolstadt-village,billionaire,false,active,
ingolstadt-village,boggi-milano,false,active,
ingolstadt-village,bogner,false,active,
ingolstadt-village,boss,true,active,
ingolstadt-village,brax,false,active,
ingolstadt-village,burberry,false,active,
ingolstadt-village,calvin-klein-jeans,false,active,
ingolstadt-village,calvin-klein-underwear,false,active,
ingolstadt-village,cfab,false,active,
ingolstadt-village,closed,false,active,
ingolstadt-village,coach,false,active,
ingolstadt-village,coccinelle,false,active,
ingolstadt-village,columbia,false,active,
ingolstadt-village,crocs,false,active,
ingolstadt-village,david-clulow-sunglasses,false,active,
ingolstadt-village,diesel,false,active,
ingolstadt-village,douglas,false,active,
ingolstadt-village,eleventy,false,active,
ingolstadt-village,etro,false,active,
ingolstadt-village,falke,false,active,
ingolstadt-village,fc-bayern-munchen,false,active,
ingolstadt-village,fossil,false,active,
ingolstadt-village,fred-perry,false,active,
ingolstadt-village,furla,false,active,
ingolstadt-village,gant,false,active,
ingolstadt-village,garcia,false,active,
ingolstadt-village,geox,false,active,
ingolstadt-village,gucci,false,active,
ingolstadt-village,guess,false,active,
ingolstadt-village,hour-passion,false,active,
ingolstadt-village,hugo,false,active,
ingolstadt-village,hunkemoller,false,active,
ingolstadt-village,jimmy-choo,false,active,
ingolstadt-village,juvia,false,active,
ingolstadt-village,karl-lagerfeld,false,active,
ingolstadt-village,kate-spade-new-york,false,active,
ingolstadt-village,kids-around,false,active,
ingolstadt-village,lacoste,false,active,
ingolstadt-village,le-creuset,false,active,
ingolstadt-village,levis,false,active,
ingolstadt-village,lindt,false,active,
ingolstadt-village,lloyd,false,active,
ingolstadt-village,l-occitane,false,active,
ingolstadt-village,lodenfrey,false,active,
ingolstadt-village,loewe,false,active,
ingolstadt-village,luisa-cerano,false,active,
ingolstadt-village,maje,false,active,
ingolstadt-village,marc-o-polo,false,active,
ingolstadt-village,mcm,false,active,
ingolstadt-village,mey,false,active,
ingolstadt-village,michael-kors,true,active,
ingolstadt-village,moeve,false,active,
ingolstadt-village,motel-a-miio,false,active,
ingolstadt-village,n-peal-cashmere,false,active,
ingolstadt-village,new-balance,false,active,
ingolstadt-village,nike,false,active,
ingolstadt-village,olymp,false,active,
ingolstadt-village,pandora,false,active,
ingolstadt-village,paul-and-shark,false,active,
ingolstadt-village,pepe-jeans,false,active,
ingolstadt-village,philipp-plein,false,active,
ingolstadt-village,polo-ralph-lauren,true,active,
ingolstadt-village,puma,false,active,
ingolstadt-village,rituals,false,active,
ingolstadt-village,rosenthal,false,active,
ingolstadt-village,salomon,false,active,
ingolstadt-village,samsonite,false,active,
ingolstadt-village,sandro,false,active,
ingolstadt-village,schiesser,false,active,
ingolstadt-village,sunglass-hut,false,active,
ingolstadt-village,sunglass-hut-lux,false,active,
ingolstadt-village,swarovski,false,active,
ingolstadt-village,the-cosmetics-company-store,false,active,
ingolstadt-village,the-north-face,false,active,
ingolstadt-village,timberland,false,active,
ingolstadt-village,tods,false,active,
ingolstadt-village,tom-tailor,false,active,
ingolstadt-village,tommy-hilfiger,false,active,
ingolstadt-village,tommy-hilfiger-kids,false,active,
ingolstadt-village,tumi,false,active,
ingolstadt-village,ugg,false,active,
ingolstadt-village,under-armour,false,active,
ingolstadt-village,versace,false,active,
ingolstadt-village,villeroy-and-boch,false,active,
ingolstadt-village,wellensteyn,false,active,
ingolstadt-village,windsor,false,active,
ingolstadt-village,wmf,false,active,
ingolstadt-village,woolrich,false,active,
ingolstadt-village,wrstbhvr,false,active,
ingolstadt-village,zwilling,false,active,
montabaur-the-style-outlets,adidas,false,active,
montabaur-the-style-outlets,asics,false,active,
montabaur-the-style-outlets,birkenstock,false,active,
montabaur-the-style-outlets,boss,false,active,
montabaur-the-style-outlets,calvin-klein,false,active,
montabaur-the-style-outlets,carl-gross,false,active,
montabaur-the-style-outlets,columbia,false,active,
montabaur-the-style-outlets,desigual,false,active,
montabaur-the-style-outlets,falke,false,active,
montabaur-the-style-outlets,fossil,false,active,
montabaur-the-style-outlets,gant,false,active,
montabaur-the-style-outlets,guess,false,active,
montabaur-the-style-outlets,hugo,false,active,
montabaur-the-style-outlets,jack-and-jones,false,active,
montabaur-the-style-outlets,jack-wolfskin,false,active,
montabaur-the-style-outlets,joop,false,active,
montabaur-the-style-outlets,le-creuset,false,active,
montabaur-the-style-outlets,levis,false,active,
montabaur-the-style-outlets,lindt,false,active,
montabaur-the-style-outlets,mustang,false,active,
montabaur-the-style-outlets,nike,false,active,
montabaur-the-style-outlets,only,false,active,
montabaur-the-style-outlets,only-and-sons,false,active,
montabaur-the-style-outlets,puma,false,active,
montabaur-the-style-outlets,skechers,false,active,
montabaur-the-style-outlets,strellson,false,active,
montabaur-the-style-outlets,tom-tailor,false,active,
montabaur-the-style-outlets,tommy-hilfiger,false,active,
montabaur-the-style-outlets,under-armour,false,active,
montabaur-the-style-outlets,wellensteyn,false,active,
outletcity-metzingen,7-for-all-mankind,false,active,
outletcity-metzingen,adidas,false,active,
outletcity-metzingen,aigner,false,active,
outletcity-metzingen,alberta-ferretti,false,active,
outletcity-metzingen,allsaints,false,active,
outletcity-metzingen,armani,false,active,
outletcity-metzingen,babor,false,active,
outletcity-metzingen,bahlsen,false,active,
outletcity-metzingen,balenciaga,false,active,
outletcity-metzingen,bally,false,active,
outletcity-metzingen,balmain,false,active,
outletcity-metzingen,belstaff,false,active,
outletcity-metzingen,bogner,false,active,
outletcity-metzingen,boss,false,active,
outletcity-metzingen,boss-sample-store,false,active,
outletcity-metzingen,bottega-veneta,false,active,
outletcity-metzingen,breitling,false,active,
outletcity-metzingen,burberry,false,active,
outletcity-metzingen,c-p-company,false,active,
outletcity-metzingen,calvin-klein,false,active,
outletcity-metzingen,coach,false,active,
outletcity-metzingen,columbia,false,active,
outletcity-metzingen,comma,false,active,
outletcity-metzingen,crocs,false,active,
outletcity-metzingen,diesel,false,active,
outletcity-metzingen,dolce-and-gabbana,false,active,
outletcity-metzingen,douglas,false,active,
outletcity-metzingen,dr-martens,false,active,
outletcity-metzingen,dsquared2,false,active,
outletcity-metzingen,estella,false,active,
outletcity-metzingen,falke,false,active,
outletcity-metzingen,ferragamo,false,active,
outletcity-metzingen,fossil,false,active,
outletcity-metzingen,furla,false,active,
outletcity-metzingen,g-star,false,active,
outletcity-metzingen,gant,false,active,
outletcity-metzingen,gucci,false,active,
outletcity-metzingen,guess,false,active,
outletcity-metzingen,hackett,false,active,
outletcity-metzingen,haribo,false,active,
outletcity-metzingen,hogan,false,active,
outletcity-metzingen,hour-passion,false,active,
outletcity-metzingen,hugo,false,active,
outletcity-metzingen,hunkemoller,false,active,
outletcity-metzingen,jack-and-jones,false,active,
outletcity-metzingen,jack-wolfskin,false,active,
outletcity-metzingen,jil-sander,false,active,
outletcity-metzingen,joop,false,active,
outletcity-metzingen,kapten-and-son,false,active,
outletcity-metzingen,karl-lagerfeld,false,active,
outletcity-metzingen,kennel-and-schmenger,false,active,
outletcity-metzingen,kjus,false,active,
outletcity-metzingen,kneipp,false,active,
outletcity-metzingen,l-occitane,false,active,
outletcity-metzingen,lacoste,false,active,
outletcity-metzingen,le-creuset,false,active,
outletcity-metzingen,lee,false,active,
outletcity-metzingen,levis,false,active,
outletcity-metzingen,liebeskind-berlin,false,active,
outletcity-metzingen,lindt,false,active,
outletcity-metzingen,longchamp,false,active,
outletcity-metzingen,lululemon,false,active,
outletcity-metzingen,maison-margiela,false,active,
outletcity-metzingen,mammut,false,active,
outletcity-metzingen,marc-o-polo,false,active,
outletcity-metzingen,max-mara,false,active,
outletcity-metzingen,mcm,false,active,
outletcity-metzingen,mey,false,active,
outletcity-metzingen,michael-kors,false,active,
outletcity-metzingen,missoni,false,active,
outletcity-metzingen,miu-miu,false,active,
outletcity-metzingen,moeve,false,active,
outletcity-metzingen,moncler,false,active,
outletcity-metzingen,moose-knuckles,false,active,
outletcity-metzingen,moschino,false,active,
outletcity-metzingen,motel-a-miio,false,active,
outletcity-metzingen,name-it,false,active,
outletcity-metzingen,new-balance,false,active,
outletcity-metzingen,nike,false,active,
outletcity-metzingen,oakley,false,active,
outletcity-metzingen,olymp,false,active,
outletcity-metzingen,only,false,active,
outletcity-metzingen,only-and-sons,false,active,
outletcity-metzingen,pandora,false,active,
outletcity-metzingen,paul-and-shark,false,active,
outletcity-metzingen,philipp-plein,false,active,
outletcity-metzingen,playmobil,false,active,
outletcity-metzingen,polo-ralph-lauren,false,active,
outletcity-metzingen,porsche-design,false,active,
outletcity-metzingen,prada,false,active,
outletcity-metzingen,puma,false,active,
outletcity-metzingen,rag-and-bone,false,active,
outletcity-metzingen,ravensburger,false,active,
outletcity-metzingen,rituals,false,active,
outletcity-metzingen,roesle,false,active,
outletcity-metzingen,s-oliver,false,active,
outletcity-metzingen,samsonite,false,active,
outletcity-metzingen,sandro,false,active,
outletcity-metzingen,schiesser,false,active,
outletcity-metzingen,seidensticker,false,active,
outletcity-metzingen,skechers,false,active,
outletcity-metzingen,storck,false,active,
outletcity-metzingen,strellson,false,active,
outletcity-metzingen,sunglass-hut,false,active,
outletcity-metzingen,superdry,false,active,
outletcity-metzingen,swarovski,false,active,
outletcity-metzingen,tefal,false,active,
outletcity-metzingen,the-cosmetics-company-store,false,active,
outletcity-metzingen,the-north-face,false,active,
outletcity-metzingen,thomas-sabo,false,active,
outletcity-metzingen,timberland,false,active,
outletcity-metzingen,tods,false,active,
outletcity-metzingen,tom-tailor,false,active,
outletcity-metzingen,tom-tailor-kids,false,active,
outletcity-metzingen,tommy-hilfiger,false,active,
outletcity-metzingen,tory-burch,false,active,
outletcity-metzingen,tumi,false,active,
outletcity-metzingen,ugg,false,active,
outletcity-metzingen,under-armour,false,active,
outletcity-metzingen,valentino-garavani,false,active,
outletcity-metzingen,vero-moda,false,active,
outletcity-metzingen,versace,false,active,
outletcity-metzingen,vilebrequin,false,active,
outletcity-metzingen,villeroy-and-boch,false,active,
outletcity-metzingen,windsor,false,active,
outletcity-metzingen,wmf,false,active,
outletcity-metzingen,woolrich,false,active,
outletcity-metzingen,worst-behavior,false,active,
outletcity-metzingen,wrangler,false,active,
outletcity-metzingen,zwilling,false,active,
wertheim-village,adidas,false,active,
wertheim-village,aerin,false,active,
wertheim-village,aigner,false,active,
wertheim-village,alfi,false,active,
wertheim-village,armani,false,active,
wertheim-village,asics,false,active,
wertheim-village,aveda,false,active,
wertheim-village,babor,false,active,
wertheim-village,belstaff,false,active,
wertheim-village,bobbi-brown,false,active,
wertheim-village,bogner,false,active,
wertheim-village,boss,false,active,
wertheim-village,braun-buffel,false,active,
wertheim-village,brax,false,active,
wertheim-village,breitling,false,active,
wertheim-village,bumble-and-bumble,false,active,
wertheim-village,calvin-klein,false,active,
wertheim-village,calvin-klein-underwear,false,active,
wertheim-village,cfab,false,active,
wertheim-village,christ,false,active,
wertheim-village,clarins,false,active,
wertheim-village,clinique,false,active,
wertheim-village,closed,false,active,
wertheim-village,coach,false,active,
wertheim-village,coccinelle,false,active,
wertheim-village,columbia,false,active,
wertheim-village,copenhagen-studios,false,active,
wertheim-village,crocs,false,active,
wertheim-village,darphin-paris,false,active,
wertheim-village,diesel,false,active,
wertheim-village,dr-jart,false,active,
wertheim-village,ebel,false,active,
wertheim-village,elisabetta-franchi,false,active,
wertheim-village,estee-lauder,false,active,
wertheim-village,estella,false,active,
wertheim-village,falke,false,active,
wertheim-village,fissler,false,active,
wertheim-village,fossil,false,active,
wertheim-village,fred-perry,false,active,
wertheim-village,furla,false,active,
wertheim-village,gant,false,active,
wertheim-village,garcia,false,active,
wertheim-village,geox,false,active,
wertheim-village,guess,false,active,
wertheim-village,guess-accessoire,false,active,
wertheim-village,hackett-london,false,active,
wertheim-village,hamilton,false,active,
wertheim-village,hogan,false,active,
wertheim-village,hugo,false,active,
wertheim-village,hunkemoller,false,active,
wertheim-village,jack-and-jones,false,active,
wertheim-village,jack-wolfskin,false,active,
wertheim-village,jacob-cohen,false,active,
wertheim-village,jo-malone-london,false,active,
wertheim-village,joop,false,active,
wertheim-village,junghans,false,active,
wertheim-village,kapten-and-son,false,active,
wertheim-village,karl-lagerfeld,false,active,
wertheim-village,kate-spade-new-york,false,active,
wertheim-village,l-occitane,false,active,
wertheim-village,la-mer,false,active,
wertheim-village,lacoste,false,active,
wertheim-village,le-creuset,false,active,
wertheim-village,levis,false,active,
wertheim-village,liebeskind-berlin,false,active,
wertheim-village,lloyd,false,active,
wertheim-village,longchamp,false,active,
wertheim-village,lululemon,false,active,
wertheim-village,mac-cosmetics,false,active,
wertheim-village,maje,false,active,
wertheim-village,mammut,false,active,
wertheim-village,marc-o-polo,false,active,
wertheim-village,mcm,false,active,
wertheim-village,mey,false,active,
wertheim-village,michael-kors,false,active,
wertheim-village,moeve,false,active,
wertheim-village,montblanc,false,active,
wertheim-village,motel-a-miio,false,active,
wertheim-village,napapijri,false,active,
wertheim-village,new-balance,false,active,
wertheim-village,nike,false,active,
wertheim-village,oace,false,active,
wertheim-village,odlo,false,active,
wertheim-village,origins,false,active,
wertheim-village,pandora,false,active,
wertheim-village,pegador,false,active,
wertheim-village,pepe-jeans,false,active,
wertheim-village,polo-ralph-lauren,false,active,
wertheim-village,puma,false,active,
wertheim-village,rituals,false,active,
wertheim-village,salomon,false,active,
wertheim-village,samsonite,false,active,
wertheim-village,sandro,false,active,
wertheim-village,schiesser,false,active,
wertheim-village,seidensticker,false,active,
wertheim-village,skechers,false,active,
wertheim-village,smashbox,false,active,
wertheim-village,steiff,false,active,
wertheim-village,sunglass-hut,false,active,
wertheim-village,swarovski,false,active,
wertheim-village,tag-heuer,false,active,
wertheim-village,the-cosmetics-company-store,false,active,
wertheim-village,the-kooples,false,active,
wertheim-village,the-north-face,false,active,
wertheim-village,thomas-sabo,false,active,
wertheim-village,tiger-of-sweden,false,active,
wertheim-village,timberland,false,active,
wertheim-village,tissot,false,active,
wertheim-village,tods,false,active,
wertheim-village,tom-ford,false,active,
wertheim-village,tom-tailor,false,active,
wertheim-village,tom-tailor-denim,false,active,
wertheim-village,tommy-hilfiger,false,active,
wertheim-village,tommy-hilfiger-kids,false,active,
wertheim-village,too-faced,false,active,
wertheim-village,tumi,false,active,
wertheim-village,ugg,false,active,
wertheim-village,under-armour,false,active,
wertheim-village,union-glashutte,false,active,
wertheim-village,vans,false,active,
wertheim-village,versace,false,active,
wertheim-village,villeroy-and-boch,false,active,
wertheim-village,wellensteyn,false,active,
wertheim-village,wmf,false,active,
wertheim-village,woolrich,false,active,
wertheim-village,wrstbhvr,false,active,
wertheim-village,zwilling,false,active,
zweibrucken-fashion-outlet,adidas,false,active,
zweibrucken-fashion-outlet,armani,false,active,
zweibrucken-fashion-outlet,asics,false,active,
zweibrucken-fashion-outlet,baldessarini,false,active,
zweibrucken-fashion-outlet,betty-barclay,false,active,
zweibrucken-fashion-outlet,birkenstock,false,active,
zweibrucken-fashion-outlet,bogner,false,active,
zweibrucken-fashion-outlet,boss,false,active,
zweibrucken-fashion-outlet,brax,false,active,
zweibrucken-fashion-outlet,calida,false,active,
zweibrucken-fashion-outlet,calvin-klein,false,active,
zweibrucken-fashion-outlet,camel-active,false,active,
zweibrucken-fashion-outlet,cecil,false,active,
zweibrucken-fashion-outlet,columbia,false,active,
zweibrucken-fashion-outlet,crocs,false,active,
zweibrucken-fashion-outlet,desigual,false,active,
zweibrucken-fashion-outlet,douglas,false,active,
zweibrucken-fashion-outlet,falke,false,active,
zweibrucken-fashion-outlet,fossil,false,active,
zweibrucken-fashion-outlet,g-star,false,active,
zweibrucken-fashion-outlet,gant,false,active,
zweibrucken-fashion-outlet,garcia,false,active,
zweibrucken-fashion-outlet,geox,false,active,
zweibrucken-fashion-outlet,guess,false,active,
zweibrucken-fashion-outlet,haribo,false,active,
zweibrucken-fashion-outlet,home-and-cook,false,active,
zweibrucken-fashion-outlet,jack-and-jones,false,active,
zweibrucken-fashion-outlet,jack-wolfskin,false,active,
zweibrucken-fashion-outlet,kapten-and-son,false,active,
zweibrucken-fashion-outlet,karl-lagerfeld,false,active,
zweibrucken-fashion-outlet,kneipp,false,active,
zweibrucken-fashion-outlet,lacoste,false,active,
zweibrucken-fashion-outlet,le-creuset,false,active,
zweibrucken-fashion-outlet,levis,false,active,
zweibrucken-fashion-outlet,lindt,false,active,
zweibrucken-fashion-outlet,marc-o-polo,false,active,
zweibrucken-fashion-outlet,michael-kors,false,active,
zweibrucken-fashion-outlet,mustang,false,active,
zweibrucken-fashion-outlet,nike,false,active,
zweibrucken-fashion-outlet,only,false,active,
zweibrucken-fashion-outlet,only-and-sons,false,active,
zweibrucken-fashion-outlet,pandora,false,active,
zweibrucken-fashion-outlet,pepe-jeans,false,active,
zweibrucken-fashion-outlet,puma,false,active,
zweibrucken-fashion-outlet,ravensburger,false,active,
zweibrucken-fashion-outlet,rituals,false,active,
zweibrucken-fashion-outlet,salewa,false,active,
zweibrucken-fashion-outlet,salomon,false,active,
zweibrucken-fashion-outlet,samsonite,false,active,
zweibrucken-fashion-outlet,schiesser,false,active,
zweibrucken-fashion-outlet,seidensticker,false,active,
zweibrucken-fashion-outlet,skechers,false,active,
zweibrucken-fashion-outlet,sportalm,false,active,
zweibrucken-fashion-outlet,strellson,false,active,
zweibrucken-fashion-outlet,sunglass-hut,false,active,
zweibrucken-fashion-outlet,swarovski,false,active,
zweibrucken-fashion-outlet,the-cosmetics-company-store,false,active,
zweibrucken-fashion-outlet,the-north-face,false,active,
zweibrucken-fashion-outlet,timberland,false,active,
zweibrucken-fashion-outlet,tom-tailor,false,active,
zweibrucken-fashion-outlet,tommy-hilfiger,false,active,
zweibrucken-fashion-outlet,under-armour,false,active,
zweibrucken-fashion-outlet,vaude,false,active,
zweibrucken-fashion-outlet,vero-moda,false,active,
zweibrucken-fashion-outlet,wellensteyn,false,active,
zweibrucken-fashion-outlet,wmf,false,active,
zweibrucken-fashion-outlet,zwilling,false,active,
halle-leipzig-the-style-outlets,adidas,false,active,
halle-leipzig-the-style-outlets,betty-barclay,false,active,
halle-leipzig-the-style-outlets,blank-home,false,active,
halle-leipzig-the-style-outlets,bottega-del-sarto,false,active,
halle-leipzig-the-style-outlets,brax,false,active,
halle-leipzig-the-style-outlets,bruno-banani,false,active,
halle-leipzig-the-style-outlets,bugatti,false,active,
halle-leipzig-the-style-outlets,camp-david-and-soccx,false,active,
halle-leipzig-the-style-outlets,cecil-street-one-street-one-men,false,active,
halle-leipzig-the-style-outlets,desigual,false,active,
halle-leipzig-the-style-outlets,ecco,false,active,
halle-leipzig-the-style-outlets,esprit,false,active,
halle-leipzig-the-style-outlets,g-star,false,active,
halle-leipzig-the-style-outlets,garcia,false,active,
halle-leipzig-the-style-outlets,guess,false,active,
halle-leipzig-the-style-outlets,haribo,false,active,
halle-leipzig-the-style-outlets,hechter-paris,false,active,
halle-leipzig-the-style-outlets,hunkemoller,false,active,
halle-leipzig-the-style-outlets,jack-and-jones,false,active,
halle-leipzig-the-style-outlets,jack-and-jones-kids,false,active,
halle-leipzig-the-style-outlets,jack-wolfskin,false,active,
halle-leipzig-the-style-outlets,jdy,false,active,
halle-leipzig-the-style-outlets,kneipp,false,active,
halle-leipzig-the-style-outlets,le-creuset,false,active,
halle-leipzig-the-style-outlets,levis,false,active,
halle-leipzig-the-style-outlets,lindt,false,active,
halle-leipzig-the-style-outlets,marc-opolo,false,active,
halle-leipzig-the-style-outlets,mountain-warehouse,false,active,
halle-leipzig-the-style-outlets,mustang,false,active,
halle-leipzig-the-style-outlets,moeve,false,active,
halle-leipzig-the-style-outlets,name-it,false,active,
halle-leipzig-the-style-outlets,nike,false,active,
halle-leipzig-the-style-outlets,only,false,active,
halle-leipzig-the-style-outlets,only-and-sons,false,active,
halle-leipzig-the-style-outlets,opus,false,active,
halle-leipzig-the-style-outlets,petrol-industries,false,active,
halle-leipzig-the-style-outlets,puma,false,active,
halle-leipzig-the-style-outlets,puma-kids,false,active,
halle-leipzig-the-style-outlets,ravensburger,false,active,
halle-leipzig-the-style-outlets,rich-and-royal,false,active,
halle-leipzig-the-style-outlets,roesle,false,active,
halle-leipzig-the-style-outlets,salamander,false,active,
halle-leipzig-the-style-outlets,samsonite,false,active,
halle-leipzig-the-style-outlets,schiesser,false,active,
halle-leipzig-the-style-outlets,seidensticker,false,active,
halle-leipzig-the-style-outlets,sigikid,false,active,
halle-leipzig-the-style-outlets,skechers,false,active,
halle-leipzig-the-style-outlets,speidel,false,active,
halle-leipzig-the-style-outlets,sterntaler,false,active,
halle-leipzig-the-style-outlets,sunglass-hut,false,active,
halle-leipzig-the-style-outlets,tefal,false,active,
halle-leipzig-the-style-outlets,tom-tailor,false,active,
halle-leipzig-the-style-outlets,tom-tailor-kids,false,active,
halle-leipzig-the-style-outlets,tommy-hilfiger,false,active,
halle-leipzig-the-style-outlets,trespass,false,active,
halle-leipzig-the-style-outlets,triumph,false,active,
halle-leipzig-the-style-outlets,vero-moda,false,active,
halle-leipzig-the-style-outlets,villeroy-and-boch,false,active,
halle-leipzig-the-style-outlets,watch-station,false,active,
halle-leipzig-the-style-outlets,wellensteyn,false,active,
halle-leipzig-the-style-outlets,wmf,false,active,
halle-leipzig-the-style-outlets,zero,false,active,
designer-outlet-ochtrup,nike,false,active,
designer-outlet-ochtrup,adidas,false,active,
designer-outlet-ochtrup,puma,false,active,
designer-outlet-ochtrup,cecil,false,active,
designer-outlet-ochtrup,levis,false,active,
designer-outlet-ochtrup,aigner,false,active,
designer-outlet-ochtrup,asics,false,active,
designer-outlet-ochtrup,betty-barclay,false,active,
designer-outlet-ochtrup,brax,false,active,
designer-outlet-ochtrup,camel-active,false,active,
designer-outlet-ochtrup,calvin-klein,false,active,
designer-outlet-ochtrup,camp-david,false,active,
designer-outlet-ochtrup,christ,false,active,
designer-outlet-ochtrup,cinque,false,active,
designer-outlet-ochtrup,comma,false,active,
designer-outlet-ochtrup,desigual,false,active,
designer-outlet-ochtrup,esprit,false,active,
designer-outlet-ochtrup,falke,false,active,
designer-outlet-ochtrup,fossil,false,active,
designer-outlet-ochtrup,garcia,false,active,
designer-outlet-ochtrup,geox,false,active,
designer-outlet-ochtrup,guess,false,active,
designer-outlet-ochtrup,haribo,false,active,
designer-outlet-ochtrup,home-and-cook,false,active,
designer-outlet-ochtrup,jack-and-jones,false,active,
designer-outlet-ochtrup,kneipp,false,active,
designer-outlet-ochtrup,lacoste,false,active,
designer-outlet-ochtrup,liebeskind,false,active,
designer-outlet-ochtrup,lindt,false,active,
designer-outlet-ochtrup,marc-aurel,false,active,
designer-outlet-ochtrup,marc-opolo,false,active,
designer-outlet-ochtrup,marvelis,false,active,
designer-outlet-ochtrup,more-and-more,false,active,
designer-outlet-ochtrup,motel-a-miio,false,active,
designer-outlet-ochtrup,mustang,false,active,
designer-outlet-ochtrup,moeve,false,active,
designer-outlet-ochtrup,name-it,false,active,
designer-outlet-ochtrup,nur-die,false,active,
designer-outlet-ochtrup,only,false,active,
designer-outlet-ochtrup,only-and-sons,false,active,
designer-outlet-ochtrup,pandora,false,active,
designer-outlet-ochtrup,pepe-jeans,false,active,
designer-outlet-ochtrup,pierre-cardin,false,active,
designer-outlet-ochtrup,playmobil,false,active,
designer-outlet-ochtrup,ravensburger,false,active,
designer-outlet-ochtrup,rosenthal,false,active,
designer-outlet-ochtrup,roesle,false,active,
designer-outlet-ochtrup,s-oliver,false,active,
designer-outlet-ochtrup,samsonite,false,active,
designer-outlet-ochtrup,schiesser,false,active,
designer-outlet-ochtrup,seidensticker,false,active,
designer-outlet-ochtrup,skechers,false,active,
designer-outlet-ochtrup,street-one,false,active,
designer-outlet-ochtrup,sunglass-hut,false,active,
designer-outlet-ochtrup,superdry,false,active,
designer-outlet-ochtrup,tefal,false,active,
designer-outlet-ochtrup,tom-tailor,false,active,
designer-outlet-ochtrup,tommy-hilfiger,false,active,
designer-outlet-ochtrup,triumph,false,active,
designer-outlet-ochtrup,under-armour,false,active,
designer-outlet-ochtrup,vero-moda,false,active,
designer-outlet-ochtrup,villeroy-and-boch,false,active,
designer-outlet-ochtrup,wmf,false,active,
designer-outlet-ochtrup,zero,false,active,
designer-outlet-provence,adidas,false,active,
designer-outlet-provence,american-vintage,false,active,
designer-outlet-provence,anne-de-solene,false,active,
designer-outlet-provence,armani,true,active,
designer-outlet-provence,asics,false,active,
designer-outlet-provence,aubade,false,active,
designer-outlet-provence,autrefois,false,active,
designer-outlet-provence,ba-and-sh,false,active,
designer-outlet-provence,birkenstock,false,active,
designer-outlet-provence,boggi-milano,false,active,
designer-outlet-provence,boomerang,false,active,
designer-outlet-provence,boss,true,active,
designer-outlet-provence,calvin-klein,false,active,
designer-outlet-provence,clarins,false,active,
designer-outlet-provence,claudie-pierlot,false,active,
designer-outlet-provence,coach,true,active,
designer-outlet-provence,columbia,false,active,
designer-outlet-provence,converse,false,active,
designer-outlet-provence,delsey,false,active,
designer-outlet-provence,desigual,false,active,
designer-outlet-provence,diesel,false,active,
designer-outlet-provence,dim,false,active,
designer-outlet-provence,dodo,false,active,
designer-outlet-provence,dore-dore,false,active,
designer-outlet-provence,eden-park,false,active,
designer-outlet-provence,etam-undiz,false,active,
designer-outlet-provence,finsbury,false,active,
designer-outlet-provence,fursac,false,active,
designer-outlet-provence,g-star,false,active,
designer-outlet-provence,garcia,false,active,
designer-outlet-provence,garnier-thiebaut,false,active,
designer-outlet-provence,geox,false,active,
designer-outlet-provence,gertrude,false,active,
designer-outlet-provence,guess,false,active,
designer-outlet-provence,guess-accessories,false,active,
designer-outlet-provence,hackett,false,active,
designer-outlet-provence,haribo,false,active,
designer-outlet-provence,home-and-cook,false,active,
designer-outlet-provence,hour-passion,false,active,
designer-outlet-provence,hublot-mode-marine,false,active,
designer-outlet-provence,ikks,false,active,
designer-outlet-provence,iro,false,active,
designer-outlet-provence,izac,false,active,
designer-outlet-provence,jeff-de-bruges,false,active,
designer-outlet-provence,jott,false,active,
designer-outlet-provence,karl-lagerfeld,false,active,
designer-outlet-provence,kids-around,false,active,
designer-outlet-provence,kiwi-st-tropez,false,active,
designer-outlet-provence,kusmi-tea,false,active,
designer-outlet-provence,l-occitane,false,active,
designer-outlet-provence,lacoste,false,active,
designer-outlet-provence,lancel,false,active,
designer-outlet-provence,le-coq-sportif,false,active,
designer-outlet-provence,le-creuset,false,active,
designer-outlet-provence,le-temps-des-cerises,false,active,
designer-outlet-provence,les-georgettes,false,active,
designer-outlet-provence,levis,false,active,
designer-outlet-provence,lindt,false,active,
designer-outlet-provence,loreal,false,active,
designer-outlet-provence,lpb-woman,false,active,
designer-outlet-provence,maison-123,false,active,
designer-outlet-provence,maje,false,active,
designer-outlet-provence,mephisto,false,active,
designer-outlet-provence,michael-kors,true,active,
designer-outlet-provence,new-balance,false,active,
designer-outlet-provence,new-era,false,active,
designer-outlet-provence,nike,false,active,
designer-outlet-provence,not-shy,false,active,
designer-outlet-provence,only,false,active,
designer-outlet-provence,outly,false,active,
designer-outlet-provence,pandora,false,active,
designer-outlet-provence,petit-bateau,false,active,
designer-outlet-provence,polo-ralph-lauren,true,active,
designer-outlet-provence,printemps,false,active,
designer-outlet-provence,project-x-paris,false,active,
designer-outlet-provence,puma,false,active,
designer-outlet-provence,pupa,false,active,
designer-outlet-provence,rampal-latour,false,active,
designer-outlet-provence,ravensburger,false,active,
designer-outlet-provence,rituals,false,active,
designer-outlet-provence,salomon,false,active,
designer-outlet-provence,samsonite,false,active,
designer-outlet-provence,sandro,false,active,
designer-outlet-provence,serge-blanco,false,active,
designer-outlet-provence,sessun,false,active,
designer-outlet-provence,simone-perele,false,active,
designer-outlet-provence,sun-valley,false,active,
designer-outlet-provence,suncoo,false,active,
designer-outlet-provence,sunglass-hut,false,active,
designer-outlet-provence,superdry,false,active,
designer-outlet-provence,tara-jarmon,false,active,
designer-outlet-provence,the-cosmetics-company-store,false,active,
designer-outlet-provence,the-kooples,false,active,
designer-outlet-provence,timberland,false,active,
designer-outlet-provence,tommy-hilfiger,false,active,
designer-outlet-provence,triumph,false,active,
designer-outlet-provence,under-armour,false,active,
designer-outlet-provence,vanessa-bruno,false,active,
designer-outlet-provence,villeroy-and-boch,false,active,
designer-outlet-provence,yves-delorme,false,active,
designer-outlet-provence,zadig-and-voltaire,false,active,
designer-outlet-provence,zapa,false,active,
designer-outlet-provence,zwilling,false,active,
designer-outlet-troyes,aigle,false,active,
designer-outlet-troyes,american-vintage,false,active,
designer-outlet-troyes,asics,false,active,
designer-outlet-troyes,black-and-decker,false,active,
designer-outlet-troyes,bleuforet-olympia,false,active,
designer-outlet-troyes,boggi-milano,false,active,
designer-outlet-troyes,boss,true,active,
designer-outlet-troyes,cabaia,false,active,
designer-outlet-troyes,calvin-klein,false,active,
designer-outlet-troyes,caroll,false,active,
designer-outlet-troyes,christine-laure,false,active,
designer-outlet-troyes,claudie-pierlot,false,active,
designer-outlet-troyes,coach,true,active,
designer-outlet-troyes,columbia,false,active,
designer-outlet-troyes,converse,false,active,
designer-outlet-troyes,crocs,false,active,
designer-outlet-troyes,descamps,false,active,
designer-outlet-troyes,desigual,false,active,
designer-outlet-troyes,dim,false,active,
designer-outlet-troyes,dodo,false,active,
designer-outlet-troyes,dore-dore,false,active,
designer-outlet-troyes,du-pareil-au-meme,false,active,
designer-outlet-troyes,eden-park,false,active,
designer-outlet-troyes,eminence,false,active,
designer-outlet-troyes,etam-undiz,false,active,
designer-outlet-troyes,faconnable,false,active,
designer-outlet-troyes,finsbury,false,active,
designer-outlet-troyes,fossier,false,active,
designer-outlet-troyes,fossil,false,active,
designer-outlet-troyes,furla,false,active,
designer-outlet-troyes,fursac,false,active,
designer-outlet-troyes,fusalp,false,active,
designer-outlet-troyes,gant,false,active,
designer-outlet-troyes,garcia,false,active,
designer-outlet-troyes,geox,false,active,
designer-outlet-troyes,gerard-darel,false,active,
designer-outlet-troyes,guess,false,active,
designer-outlet-troyes,haribo,false,active,
designer-outlet-troyes,havaianas,false,active,
designer-outlet-troyes,home-and-cook,false,active,
designer-outlet-troyes,ikks,false,active,
designer-outlet-troyes,izac,false,active,
designer-outlet-troyes,jacadi,false,active,
designer-outlet-troyes,jack-and-jones,false,active,
designer-outlet-troyes,karl-lagerfeld,false,active,
designer-outlet-troyes,kids-around,false,active,
designer-outlet-troyes,kusmi-tea,false,active,
designer-outlet-troyes,lacoste,false,active,
designer-outlet-troyes,lancel,false,active,
designer-outlet-troyes,le-coq-sportif,false,active,
designer-outlet-troyes,le-tanneur,false,active,
designer-outlet-troyes,le-temps-des-cerises,false,active,
designer-outlet-troyes,lee-cooper,false,active,
designer-outlet-troyes,lee-wrangler,false,active,
designer-outlet-troyes,levis,false,active,
designer-outlet-troyes,lindt,false,active,
designer-outlet-troyes,loreal,false,active,
designer-outlet-troyes,maison-123,false,active,
designer-outlet-troyes,maje,false,active,
designer-outlet-troyes,manfield,false,active,
designer-outlet-troyes,mango,false,active,
designer-outlet-troyes,mephisto,false,active,
designer-outlet-troyes,michael-kors,true,active,
designer-outlet-troyes,millet,false,active,
designer-outlet-troyes,my-kare,false,active,
designer-outlet-troyes,name-it,false,active,
designer-outlet-troyes,napapijri,false,active,
designer-outlet-troyes,new-balance,false,active,
designer-outlet-troyes,nike,false,active,
designer-outlet-troyes,not-only-candles,false,active,
designer-outlet-troyes,only,false,active,
designer-outlet-troyes,outly,false,active,
designer-outlet-troyes,oxbow,false,active,
designer-outlet-troyes,palais-des-thes,false,active,
designer-outlet-troyes,pandora,false,active,
designer-outlet-troyes,pepe-jeans,false,active,
designer-outlet-troyes,petit-bateau,false,active,
designer-outlet-troyes,pierre-cardin,false,active,
designer-outlet-troyes,playmobil,false,active,
designer-outlet-troyes,polo-ralph-lauren,true,active,
designer-outlet-troyes,puma,false,active,
designer-outlet-troyes,quiksilver,false,active,
designer-outlet-troyes,ravensburger,false,active,
designer-outlet-troyes,rituals,false,active,
designer-outlet-troyes,salomon,false,active,
designer-outlet-troyes,samsonite,false,active,
designer-outlet-troyes,sandro,false,active,
designer-outlet-troyes,schott,false,active,
designer-outlet-troyes,skechers,false,active,
designer-outlet-troyes,sun-factory,false,active,
designer-outlet-troyes,superdry,false,active,
designer-outlet-troyes,swarovski,false,active,
designer-outlet-troyes,swatch,false,active,
designer-outlet-troyes,tara-jarmon,false,active,
designer-outlet-troyes,the-kooples,false,active,
designer-outlet-troyes,timberland,false,active,
designer-outlet-troyes,tommy-hilfiger,false,active,
designer-outlet-troyes,tradition-des-vosges,false,active,
designer-outlet-troyes,under-armour,false,active,
designer-outlet-troyes,vila,false,active,
designer-outlet-troyes,villeroy-and-boch,false,active,
designer-outlet-troyes,well-le-bourget,false,active,
designer-outlet-troyes,zadig-and-voltaire,false,active,
la-vallee-village,acne-studios,false,active,
la-vallee-village,ami-paris,false,active,
la-vallee-village,anne-fontaine,false,active,
la-vallee-village,armani,true,active,
la-vallee-village,axel-arigato,false,active,
la-vallee-village,ba-and-sh,false,active,
la-vallee-village,baccarat,false,active,
la-vallee-village,balenciaga,false,active,
la-vallee-village,balmain,false,active,
la-vallee-village,beaute-prestige-international,false,active,
la-vallee-village,berenice,false,active,
la-vallee-village,birkenstock,false,active,
la-vallee-village,bompard,false,active,
la-vallee-village,bonpoint,false,active,
la-vallee-village,boss,true,active,
la-vallee-village,brunello-cucinelli,false,active,
la-vallee-village,burberry,true,active,
la-vallee-village,byredo,false,active,
la-vallee-village,calvin-klein,false,active,
la-vallee-village,charles-tyrwhitt,false,active,
la-vallee-village,chloe,false,active,
la-vallee-village,christian-louboutin,false,active,
la-vallee-village,churchs,false,active,
la-vallee-village,clarins,false,active,
la-vallee-village,claris-virot,false,active,
la-vallee-village,claudie-pierlot,false,active,
la-vallee-village,coach,true,active,
la-vallee-village,diesel,false,active,
la-vallee-village,diptyque,false,active,
la-vallee-village,dolce-and-gabbana,false,active,
la-vallee-village,fendi,false,active,
la-vallee-village,ferragamo,false,active,
la-vallee-village,figaret,false,active,
la-vallee-village,fred-perry,false,active,
la-vallee-village,furla,false,active,
la-vallee-village,fusalp,false,active,
la-vallee-village,gerard-darel,false,active,
la-vallee-village,givenchy,false,active,
la-vallee-village,golden-goose,false,active,
la-vallee-village,gucci,true,active,
la-vallee-village,guess,false,active,
la-vallee-village,hackett,false,active,
la-vallee-village,hogan,false,active,
la-vallee-village,hour-passion,false,active,
la-vallee-village,isabel-marant,false,active,
la-vallee-village,jacquemus,false,active,
la-vallee-village,jimmy-choo,false,active,
la-vallee-village,jm-weston,false,active,
la-vallee-village,k-way,false,active,
la-vallee-village,karl-lagerfeld,false,active,
la-vallee-village,kenzo,false,active,
la-vallee-village,kids-around,false,active,
la-vallee-village,l-artisan-parfumeur,false,active,
la-vallee-village,l-occitane,false,active,
la-vallee-village,lacoste,false,active,
la-vallee-village,lancel,false,active,
la-vallee-village,levis,false,active,
la-vallee-village,lipault,false,active,
la-vallee-village,loewe,false,active,
la-vallee-village,longchamp,false,active,
la-vallee-village,loro-piana,false,active,
la-vallee-village,lululemon,false,active,
la-vallee-village,maje,false,active,
la-vallee-village,marc-jacobs,false,active,
la-vallee-village,marni,false,active,
la-vallee-village,max-mara,false,active,
la-vallee-village,mcqueen,false,active,
la-vallee-village,michael-kors,true,active,
la-vallee-village,miu-miu,false,active,
la-vallee-village,moncler,false,active,
la-vallee-village,montblanc,false,active,
la-vallee-village,narciso-rodriguez,false,active,
la-vallee-village,nars,false,active,
la-vallee-village,on,false,active,
la-vallee-village,polo-ralph-lauren,true,active,
la-vallee-village,polo-ralph-lauren-children,false,active,
la-vallee-village,prada,true,active,
la-vallee-village,rabanne,false,active,
la-vallee-village,repetto,false,active,
la-vallee-village,saint-laurent,true,active,
la-vallee-village,samsonite,false,active,
la-vallee-village,sandro,false,active,
la-vallee-village,shiseido,false,active,
la-vallee-village,stone-island,false,active,
la-vallee-village,sunglass-hut,false,active,
la-vallee-village,the-cosmetics-company-store,false,active,
la-vallee-village,the-north-face,false,active,
la-vallee-village,timberland,false,active,
la-vallee-village,tissot,false,active,
la-vallee-village,tods,false,active,
la-vallee-village,tommy-hilfiger,false,active,
la-vallee-village,tory-burch,false,active,
la-vallee-village,tumi,false,active,
la-vallee-village,ugg,false,active,
la-vallee-village,valentino-garavani,false,active,
la-vallee-village,veja,false,active,
la-vallee-village,versace,false,active,
la-vallee-village,vilebrequin,false,active,
la-vallee-village,villeroy-and-boch,false,active,
la-vallee-village,watchfinder-and-co,false,active,
la-vallee-village,yves-salomon,false,active,
la-vallee-village,zadig-and-voltaire,false,active,
la-vallee-village,zegna,false,active,
la-vallee-village,zimmermann,false,active,
roppenheim-the-style-outlets,abro,false,active,
roppenheim-the-style-outlets,adidas,false,active,
roppenheim-the-style-outlets,american-vintage,false,active,
roppenheim-the-style-outlets,bianca,false,active,
roppenheim-the-style-outlets,boss,false,active,
roppenheim-the-style-outlets,bruno-banani,false,active,
roppenheim-the-style-outlets,calida,false,active,
roppenheim-the-style-outlets,calvin-klein,false,active,
roppenheim-the-style-outlets,cinque,false,active,
roppenheim-the-style-outlets,columbia,false,active,
roppenheim-the-style-outlets,converse,false,active,
roppenheim-the-style-outlets,crocs,false,active,
roppenheim-the-style-outlets,deeluxe,false,active,
roppenheim-the-style-outlets,desigual,false,active,
roppenheim-the-style-outlets,destock-jeans,false,active,
roppenheim-the-style-outlets,digel,false,active,
roppenheim-the-style-outlets,dodo,false,active,
roppenheim-the-style-outlets,eden-park,false,active,
roppenheim-the-style-outlets,etam,false,active,
roppenheim-the-style-outlets,fortwenger,false,active,
roppenheim-the-style-outlets,fossil,false,active,
roppenheim-the-style-outlets,g-star,false,active,
roppenheim-the-style-outlets,g-k-mayer-shoes,false,active,
roppenheim-the-style-outlets,gant,false,active,
roppenheim-the-style-outlets,garcia,false,active,
roppenheim-the-style-outlets,geox,false,active,
roppenheim-the-style-outlets,guess,false,active,
roppenheim-the-style-outlets,guess-accessoires,false,active,
roppenheim-the-style-outlets,haribo,false,active,
roppenheim-the-style-outlets,hechter-paris,false,active,
roppenheim-the-style-outlets,home-and-cook,false,active,
roppenheim-the-style-outlets,hugo,false,active,
roppenheim-the-style-outlets,ikks,false,active,
roppenheim-the-style-outlets,il-lanificio,false,active,
roppenheim-the-style-outlets,intrend,false,active,
roppenheim-the-style-outlets,jack-and-jones,false,active,
roppenheim-the-style-outlets,jack-wolfskin,false,active,
roppenheim-the-style-outlets,jeff-de-bruges,false,active,
roppenheim-the-style-outlets,jerem,false,active,
roppenheim-the-style-outlets,josef-seibel,false,active,
roppenheim-the-style-outlets,karl-lagerfeld,false,active,
roppenheim-the-style-outlets,kids-around,false,active,
roppenheim-the-style-outlets,kiko,false,active,
roppenheim-the-style-outlets,kusmi-tea,false,active,
roppenheim-the-style-outlets,lacoste,false,active,
roppenheim-the-style-outlets,le-coq-sportif,false,active,
roppenheim-the-style-outlets,le-creuset,false,active,
roppenheim-the-style-outlets,levis,false,active,
roppenheim-the-style-outlets,lindt,false,active,
roppenheim-the-style-outlets,macarons-and-inspirations,false,active,
roppenheim-the-style-outlets,maison-123,false,active,
roppenheim-the-style-outlets,marc-opolo,false,active,
roppenheim-the-style-outlets,marvelis,false,active,
roppenheim-the-style-outlets,maxi-cosi,false,active,
roppenheim-the-style-outlets,mephisto,false,active,
roppenheim-the-style-outlets,mey,false,active,
roppenheim-the-style-outlets,mise-au-green,false,active,
roppenheim-the-style-outlets,moeve,false,active,
roppenheim-the-style-outlets,mustang,false,active,
roppenheim-the-style-outlets,nike,false,active,
roppenheim-the-style-outlets,not-only-candles,false,active,
roppenheim-the-style-outlets,only,false,active,
roppenheim-the-style-outlets,only-and-sons,false,active,
roppenheim-the-style-outlets,outly,false,active,
roppenheim-the-style-outlets,pandora,false,active,
roppenheim-the-style-outlets,pepe-jeans,false,active,
roppenheim-the-style-outlets,petit-bateau,false,active,
roppenheim-the-style-outlets,project-x-paris,false,active,
roppenheim-the-style-outlets,puma,false,active,
roppenheim-the-style-outlets,ravensburger,false,active,
roppenheim-the-style-outlets,rich-and-royal,false,active,
roppenheim-the-style-outlets,rituals,false,active,
roppenheim-the-style-outlets,salomon,false,active,
roppenheim-the-style-outlets,samsonite,false,active,
roppenheim-the-style-outlets,seidensticker,false,active,
roppenheim-the-style-outlets,skechers,false,active,
roppenheim-the-style-outlets,sol-ere,false,active,
roppenheim-the-style-outlets,sunglass-hut,false,active,
roppenheim-the-style-outlets,swarovski,false,active,
roppenheim-the-style-outlets,the-cosmetics-company-store,false,active,
roppenheim-the-style-outlets,the-kooples,false,active,
roppenheim-the-style-outlets,the-north-face,false,active,
roppenheim-the-style-outlets,thomas-sabo,false,active,
roppenheim-the-style-outlets,timberland,false,active,
roppenheim-the-style-outlets,tom-tailor,false,active,
roppenheim-the-style-outlets,tommy-hilfiger,false,active,
roppenheim-the-style-outlets,tradition-des-vosges,false,active,
roppenheim-the-style-outlets,triumph,false,active,
roppenheim-the-style-outlets,vila,false,active,
roppenheim-the-style-outlets,villeroy-and-boch,false,active,
roppenheim-the-style-outlets,volcom,false,active,
roppenheim-the-style-outlets,wellensteyn,false,active,
roppenheim-the-style-outlets,wmf,false,active,
paris-giverny-designer-outlet,adidas,false,active,
paris-giverny-designer-outlet,aigle,false,active,
paris-giverny-designer-outlet,american-vintage,false,active,
paris-giverny-designer-outlet,anne-de-solene,false,active,
paris-giverny-designer-outlet,artchives-by-galeries-bartoux,false,active,
paris-giverny-designer-outlet,asics,false,active,
paris-giverny-designer-outlet,ba-and-sh,false,active,
paris-giverny-designer-outlet,boggi-milano,false,active,
paris-giverny-designer-outlet,boss,false,active,
paris-giverny-designer-outlet,cabaia,false,active,
paris-giverny-designer-outlet,calvin-klein,false,active,
paris-giverny-designer-outlet,citadium,false,active,
paris-giverny-designer-outlet,claudie-pierlot,false,active,
paris-giverny-designer-outlet,coach,false,active,
paris-giverny-designer-outlet,colmar,false,active,
paris-giverny-designer-outlet,columbia,false,active,
paris-giverny-designer-outlet,crocs,false,active,
paris-giverny-designer-outlet,delsey,false,active,
paris-giverny-designer-outlet,dolce-and-gabbana,false,active,
paris-giverny-designer-outlet,faconnable,false,active,
paris-giverny-designer-outlet,finsbury,false,active,
paris-giverny-designer-outlet,furla,false,active,
paris-giverny-designer-outlet,fursac,false,active,
paris-giverny-designer-outlet,gant,false,active,
paris-giverny-designer-outlet,gerard-darel,false,active,
paris-giverny-designer-outlet,guess,false,active,
paris-giverny-designer-outlet,hackett,false,active,
paris-giverny-designer-outlet,haribo,false,active,
paris-giverny-designer-outlet,hoff,false,active,
paris-giverny-designer-outlet,hogan,false,active,
paris-giverny-designer-outlet,home-and-cook,false,active,
paris-giverny-designer-outlet,iris-galerie,false,active,
paris-giverny-designer-outlet,izac,false,active,
paris-giverny-designer-outlet,jott,false,active,
paris-giverny-designer-outlet,karl-lagerfeld,false,active,
paris-giverny-designer-outlet,kids-around,false,active,
paris-giverny-designer-outlet,kusmi-tea,false,active,
paris-giverny-designer-outlet,loreal,false,active,
paris-giverny-designer-outlet,lacoste,false,active,
paris-giverny-designer-outlet,le-creuset,false,active,
paris-giverny-designer-outlet,le-tanneur,false,active,
paris-giverny-designer-outlet,les-georgettes,false,active,
paris-giverny-designer-outlet,levis,false,active,
paris-giverny-designer-outlet,lindt,false,active,
paris-giverny-designer-outlet,maje,false,active,
paris-giverny-designer-outlet,momoni,false,active,
paris-giverny-designer-outlet,name-it,false,active,
paris-giverny-designer-outlet,napapijri,false,active,
paris-giverny-designer-outlet,new-balance,false,active,
paris-giverny-designer-outlet,nike,false,active,
paris-giverny-designer-outlet,not-only-candles,false,active,
paris-giverny-designer-outlet,only,false,active,
paris-giverny-designer-outlet,petit-bateau,false,active,
paris-giverny-designer-outlet,philipp-plein,false,active,
paris-giverny-designer-outlet,polo-ralph-lauren,false,active,
paris-giverny-designer-outlet,printemps,false,active,
paris-giverny-designer-outlet,puma,false,active,
paris-giverny-designer-outlet,ravensburger,false,active,
paris-giverny-designer-outlet,rituals,false,active,
paris-giverny-designer-outlet,roberto-cavalli,false,active,
paris-giverny-designer-outlet,sandro,false,active,
paris-giverny-designer-outlet,sessun,false,active,
paris-giverny-designer-outlet,simone-perele,false,active,
paris-giverny-designer-outlet,staub,false,active,
paris-giverny-designer-outlet,sunglass-hut,false,active,
paris-giverny-designer-outlet,superdry,false,active,
paris-giverny-designer-outlet,the-carousel-club,false,active,
paris-giverny-designer-outlet,the-kooples,false,active,
paris-giverny-designer-outlet,tods,false,active,
paris-giverny-designer-outlet,tommy-hilfiger,false,active,
paris-giverny-designer-outlet,under-armour,false,active,
paris-giverny-designer-outlet,vanessa-bruno,false,active,
paris-giverny-designer-outlet,victorias-secret,false,active,
paris-giverny-designer-outlet,villeroy-and-boch,false,active,
paris-giverny-designer-outlet,vivienne-westwood,false,active,
paris-giverny-designer-outlet,yves-delorme,false,active,
paris-giverny-designer-outlet,zadig-and-voltaire,false,active,
paris-giverny-designer-outlet,zwilling,false,active,
one-nation-paris,adolfo-dominguez,false,active,
one-nation-paris,agnes-b,false,active,
one-nation-paris,aigle,false,active,
one-nation-paris,american-vintage,false,active,
one-nation-paris,armani,false,active,
one-nation-paris,arthur,false,active,
one-nation-paris,beaba,false,active,
one-nation-paris,bensimon,false,active,
one-nation-paris,betty-barclay,false,active,
one-nation-paris,blanc-des-vosges,false,active,
one-nation-paris,brooks-brothers,false,active,
one-nation-paris,caroll,false,active,
one-nation-paris,charles-le-golf,false,active,
one-nation-paris,chevignon,false,active,
one-nation-paris,claudie-pierlot,false,active,
one-nation-paris,columbia,false,active,
one-nation-paris,cosmoparis,false,active,
one-nation-paris,cyrillus,false,active,
one-nation-paris,des-petits-hauts,false,active,
one-nation-paris,dim,false,active,
one-nation-paris,dockers,false,active,
one-nation-paris,dodo,false,active,
one-nation-paris,dore-dore,false,active,
one-nation-paris,du-bonheur-dans-la-maison,false,active,
one-nation-paris,eden-park,false,active,
one-nation-paris,etam,false,active,
one-nation-paris,etro,false,active,
one-nation-paris,fursac,false,active,
one-nation-paris,galeries-lafayette-outlet,false,active,
one-nation-paris,garnier-thiebaut,false,active,
one-nation-paris,gerard-darel,false,active,
one-nation-paris,guess,false,active,
one-nation-paris,haribo,false,active,
one-nation-paris,hechter-paris,false,active,
one-nation-paris,heritage,false,active,
one-nation-paris,heschung,false,active,
one-nation-paris,home-and-cook,false,active,
one-nation-paris,hublot-mode-marine,false,active,
one-nation-paris,hunkemoller,false,active,
one-nation-paris,ikks,false,active,
one-nation-paris,jack-and-jones,false,active,
one-nation-paris,jerem,false,active,
one-nation-paris,jump-and-co,false,active,
one-nation-paris,kids-around,false,active,
one-nation-paris,kusmi-tea,false,active,
one-nation-paris,lacoste,false,active,
one-nation-paris,latelier-des-createurs,false,active,
one-nation-paris,levis,false,active,
one-nation-paris,lindt,false,active,
one-nation-paris,maison-123,false,active,
one-nation-paris,maison-montagut,false,active,
one-nation-paris,maison-peugeot,false,active,
one-nation-paris,maje,false,active,
one-nation-paris,majestic-filatures,false,active,
one-nation-paris,marc-jacobs,false,active,
one-nation-paris,melissa-odabash,false,active,
one-nation-paris,new-balance,false,active,
one-nation-paris,notshy,false,active,
one-nation-paris,oliviers-and-co,false,active,
one-nation-paris,orfeo-paris,false,active,
one-nation-paris,outly,false,active,
one-nation-paris,oxbow,false,active,
one-nation-paris,pourchet,false,active,
one-nation-paris,pyrenex,false,active,
one-nation-paris,quiksilver,false,active,
one-nation-paris,regatta,false,active,
one-nation-paris,rossignol,false,active,
one-nation-paris,samsonite,false,active,
one-nation-paris,sandro,false,active,
one-nation-paris,shilton,false,active,
one-nation-paris,spontini,false,active,
one-nation-paris,st-dupont,false,active,
one-nation-paris,stock-c,false,active,
one-nation-paris,suncoo,false,active,
one-nation-paris,tempur,false,active,
one-nation-paris,the-cosmetics-company-store,false,active,
one-nation-paris,the-kooples,false,active,
one-nation-paris,the-north-face,false,active,
one-nation-paris,timberland,false,active,
one-nation-paris,tory-burch,false,active,
one-nation-paris,triumph,false,active,
one-nation-paris,unique-home-design,false,active,
one-nation-paris,u-s-polo-assn,false,active,
one-nation-paris,vans,false,active,
one-nation-paris,villeroy-and-boch,false,active,
one-nation-paris,yves-delorme,false,active,
one-nation-paris,zadig-and-voltaire,false,active,
roubaix-designer-outlet,aigle,false,active,
roubaix-designer-outlet,american-vintage,false,active,
roubaix-designer-outlet,anne-de-solene,false,active,
roubaix-designer-outlet,aubade,false,active,
roubaix-designer-outlet,armani,false,active,
roubaix-designer-outlet,balibaris,false,active,
roubaix-designer-outlet,berenice,false,active,
roubaix-designer-outlet,boss,false,active,
roubaix-designer-outlet,calvin-klein,false,active,
roubaix-designer-outlet,caroll,false,active,
roubaix-designer-outlet,charles-le-golf,false,active,
roubaix-designer-outlet,claudie-pierlot,false,active,
roubaix-designer-outlet,crocs,false,active,
roubaix-designer-outlet,dim,false,active,
roubaix-designer-outlet,eden-park,false,active,
roubaix-designer-outlet,etam-undiz,false,active,
roubaix-designer-outlet,figaret,false,active,
roubaix-designer-outlet,fursac,false,active,
roubaix-designer-outlet,fusalp,false,active,
roubaix-designer-outlet,gant,false,active,
roubaix-designer-outlet,garcia,false,active,
roubaix-designer-outlet,geox,false,active,
roubaix-designer-outlet,guess,false,active,
roubaix-designer-outlet,hardrige,false,active,
roubaix-designer-outlet,haribo,false,active,
roubaix-designer-outlet,home-and-cook,false,active,
roubaix-designer-outlet,ikks,false,active,
roubaix-designer-outlet,izac,false,active,
roubaix-designer-outlet,jacadi,false,active,
roubaix-designer-outlet,jack-and-jones,false,active,
roubaix-designer-outlet,jott,false,active,
roubaix-designer-outlet,kusmi-tea,false,active,
roubaix-designer-outlet,loreal,false,active,
roubaix-designer-outlet,lacoste,false,active,
roubaix-designer-outlet,le-coq-sportif,false,active,
roubaix-designer-outlet,le-creuset,false,active,
roubaix-designer-outlet,les-georgettes,false,active,
roubaix-designer-outlet,les-petites-bombes,false,active,
roubaix-designer-outlet,levis,false,active,
roubaix-designer-outlet,lindt,false,active,
roubaix-designer-outlet,maison-123,false,active,
roubaix-designer-outlet,maje,false,active,
roubaix-designer-outlet,millet,false,active,
roubaix-designer-outlet,name-it,false,active,
roubaix-designer-outlet,new-balance,false,active,
roubaix-designer-outlet,only,false,active,
roubaix-designer-outlet,only-and-sons,false,active,
roubaix-designer-outlet,outly,false,active,
roubaix-designer-outlet,pepe-jeans,false,active,
roubaix-designer-outlet,petit-bateau,false,active,
roubaix-designer-outlet,pierre-cardin,false,active,
roubaix-designer-outlet,puma,false,active,
roubaix-designer-outlet,ravensburger,false,active,
roubaix-designer-outlet,river-woods,false,active,
roubaix-designer-outlet,samsonite,false,active,
roubaix-designer-outlet,sandro,false,active,
roubaix-designer-outlet,schott,false,active,
roubaix-designer-outlet,sergent-major,false,active,
roubaix-designer-outlet,sessun,false,active,
roubaix-designer-outlet,simone-perele,false,active,
roubaix-designer-outlet,sud-express,false,active,
roubaix-designer-outlet,suncoo,false,active,
roubaix-designer-outlet,superdry-and-co,false,active,
roubaix-designer-outlet,swarovski,false,active,
roubaix-designer-outlet,tara-jarmon,false,active,
roubaix-designer-outlet,the-kooples,false,active,
roubaix-designer-outlet,tommy-hilfiger,false,active,
roubaix-designer-outlet,vila,false,active,
roubaix-designer-outlet,yves-delorme,false,active,
roubaix-designer-outlet,zadig-and-voltaire,false,active,
the-village-outlet,adidas,false,active,
the-village-outlet,adj-paris,false,active,
the-village-outlet,aigle,false,active,
the-village-outlet,american-vintage,false,active,
the-village-outlet,anne-de-solene,false,active,
the-village-outlet,armani,false,active,
the-village-outlet,asics,false,active,
the-village-outlet,aubade,false,active,
the-village-outlet,ba-and-sh,false,active,
the-village-outlet,balibaris,false,active,
the-village-outlet,birkenstock,false,active,
the-village-outlet,blanc-des-vosges,false,active,
the-village-outlet,boggi-milano,false,active,
the-village-outlet,boss,false,active,
the-village-outlet,cacharel,false,active,
the-village-outlet,calvin-klein,false,active,
the-village-outlet,caroll,false,active,
the-village-outlet,charles-le-golf,false,active,
the-village-outlet,clarins,false,active,
the-village-outlet,claudie-pierlot,false,active,
the-village-outlet,coach,false,active,
the-village-outlet,colmar,false,active,
the-village-outlet,columbia,false,active,
the-village-outlet,converse,false,active,
the-village-outlet,crocs,false,active,
the-village-outlet,cyrillus,false,active,
the-village-outlet,des-petits-hauts,false,active,
the-village-outlet,desigual,false,active,
the-village-outlet,diesel,false,active,
the-village-outlet,dim,false,active,
the-village-outlet,dimension-stores,false,active,
the-village-outlet,dodo,false,active,
the-village-outlet,eden-park,false,active,
the-village-outlet,eric-bompard,false,active,
the-village-outlet,etam,false,active,
the-village-outlet,faguo,false,active,
the-village-outlet,figaret,false,active,
the-village-outlet,finsbury,false,active,
the-village-outlet,from-future,false,active,
the-village-outlet,furla,false,active,
the-village-outlet,fursac,false,active,
the-village-outlet,fusalp,false,active,
the-village-outlet,g-star,false,active,
the-village-outlet,galeries-lafayette-outlet,false,active,
the-village-outlet,gant,false,active,
the-village-outlet,garcia,false,active,
the-village-outlet,geox,false,active,
the-village-outlet,gerard-darel,false,active,
the-village-outlet,gertrude,false,active,
the-village-outlet,guess,false,active,
the-village-outlet,hackett,false,active,
the-village-outlet,hardrige,false,active,
the-village-outlet,haribo,false,active,
the-village-outlet,heschung,false,active,
the-village-outlet,home-and-cook,false,active,
the-village-outlet,hugo,false,active,
the-village-outlet,ikks,false,active,
the-village-outlet,iris-galerie,false,active,
the-village-outlet,iro,false,active,
the-village-outlet,izac,false,active,
the-village-outlet,jott,false,active,
the-village-outlet,karl-lagerfeld,false,active,
the-village-outlet,kids-around,false,active,
the-village-outlet,kujten,false,active,
the-village-outlet,kusmi-tea,false,active,
the-village-outlet,lacoste,false,active,
the-village-outlet,lacroix,false,active,
the-village-outlet,lancaster,false,active,
the-village-outlet,lancel,false,active,
the-village-outlet,le-coq-sportif,false,active,
the-village-outlet,le-creuset,false,active,
the-village-outlet,le-tanneur,false,active,
the-village-outlet,le-temps-des-cerises,false,active,
the-village-outlet,les-petites-bombes,false,active,
the-village-outlet,levis,false,active,
the-village-outlet,lindt,false,active,
the-village-outlet,loccitane-en-provence,false,active,
the-village-outlet,loreal,false,active,
the-village-outlet,maison-123,false,active,
the-village-outlet,maje,false,active,
the-village-outlet,millet,false,active,
the-village-outlet,new-balance,false,active,
the-village-outlet,nike,false,active,
the-village-outlet,notshy,false,active,
the-village-outlet,odlo,false,active,
the-village-outlet,pandora,false,active,
the-village-outlet,pepe-jeans,false,active,
the-village-outlet,petit-bateau,false,active,
the-village-outlet,polo-ralph-lauren,false,active,
the-village-outlet,puma,false,active,
the-village-outlet,pyrenex,false,active,
the-village-outlet,quiksilver,false,active,
the-village-outlet,rituals,false,active,
the-village-outlet,salomon,false,active,
the-village-outlet,samsonite,false,active,
the-village-outlet,sandro,false,active,
the-village-outlet,schott,false,active,
the-village-outlet,serge-blanco,false,active,
the-village-outlet,simone-perele,false,active,
the-village-outlet,skechers,false,active,
the-village-outlet,soeur,false,active,
the-village-outlet,st-dupont,false,active,
the-village-outlet,sud-express,false,active,
the-village-outlet,sun-valley,false,active,
the-village-outlet,sunglass-hut,false,active,
the-village-outlet,superdry,false,active,
the-village-outlet,tara-jarmon,false,active,
the-village-outlet,the-cosmetics-company-store,false,active,
the-village-outlet,the-kooples,false,active,
the-village-outlet,the-north-face,false,active,
the-village-outlet,timberland,false,active,
the-village-outlet,tommy-hilfiger,false,active,
the-village-outlet,triumph,false,active,
the-village-outlet,under-armour,false,active,
the-village-outlet,ungaro,false,active,
the-village-outlet,vanessa-bruno,false,active,
the-village-outlet,villeroy-and-boch,false,active,
the-village-outlet,wmf,false,active,
the-village-outlet,yves-delorme,false,active,
the-village-outlet,zadig-and-voltaire,false,active,
the-village-outlet,zapa,false,active,
the-village-outlet,zwilling,false,active,
affinity-sterling-mills,adidas,false,active,
affinity-sterling-mills,beauty-outlet,false,active,
affinity-sterling-mills,bonmarche,false,active,
affinity-sterling-mills,card-factory,false,active,
affinity-sterling-mills,castore,false,active,
affinity-sterling-mills,craghoppers,false,active,
affinity-sterling-mills,holland-and-barrett,false,active,
affinity-sterling-mills,home-bargains,false,active,
affinity-sterling-mills,julian-charles,false,active,
affinity-sterling-mills,klass,false,active,
affinity-sterling-mills,mountain-warehouse,false,active,
affinity-sterling-mills,music-spot,false,active,
affinity-sterling-mills,next,false,active,
affinity-sterling-mills,nike,false,active,
affinity-sterling-mills,pavers,false,active,
affinity-sterling-mills,peacocks,false,active,
affinity-sterling-mills,regatta,false,active,
affinity-sterling-mills,roman,false,active,
affinity-sterling-mills,skechers,false,active,
affinity-sterling-mills,skopes,false,active,
affinity-sterling-mills,tesco-express,false,active,
affinity-sterling-mills,the-fragrance-shop,false,active,
affinity-sterling-mills,the-works,false,active,
affinity-sterling-mills,trespass,false,active,
braintree-village,adidas,false,active,
braintree-village,barbour,false,active,
braintree-village,beauty-outlet,false,active,
braintree-village,bedeck,false,active,
braintree-village,belstaff,false,active,
braintree-village,ben-sherman,false,active,
braintree-village,boss,false,active,
braintree-village,cadbury,false,active,
braintree-village,calvin-klein,false,active,
braintree-village,clarks,false,active,
braintree-village,coach,false,active,
braintree-village,columbia,false,active,
braintree-village,crocs,false,active,
braintree-village,french-connection,false,active,
braintree-village,guess,false,active,
braintree-village,hobbs,false,active,
braintree-village,hollister,false,active,
braintree-village,joules,false,active,
braintree-village,kate-spade,false,active,
braintree-village,kids-around,false,active,
braintree-village,levis,false,active,
braintree-village,lovisa,false,active,
braintree-village,m-and-s-outlet,false,active,
braintree-village,mint-velvet,false,active,
braintree-village,molton-brown,false,active,
braintree-village,nike,false,active,
braintree-village,oliver-bonas,false,active,
braintree-village,pavers,false,active,
braintree-village,phase-eight,false,active,
braintree-village,polo-ralph-lauren,false,active,
braintree-village,procook,false,active,
braintree-village,ralph-lauren,false,active,
braintree-village,rituals,false,active,
braintree-village,skechers,false,active,
braintree-village,the-body-shop,false,active,
braintree-village,the-cosmetics-company-store,false,active,
braintree-village,the-north-face,false,active,
braintree-village,the-works,false,active,
braintree-village,timberland,false,active,
braintree-village,tommy-hilfiger,false,active,
braintree-village,white-stuff,false,active,
braintree-village,whistles,false,active,
braintree-village,whittard-of-chelsea,false,active,
fleetwood-outlet,beauty-outlet,false,active,
fleetwood-outlet,bonmarche,false,active,
fleetwood-outlet,cadbury,false,active,
fleetwood-outlet,clarks,false,active,
fleetwood-outlet,double-two,false,active,
fleetwood-outlet,fleetwood-garden-world,false,active,
fleetwood-outlet,gift-company,false,active,
fleetwood-outlet,hallmark,false,active,
fleetwood-outlet,home-bargains,false,active,
fleetwood-outlet,klass,false,active,
fleetwood-outlet,lavendergirls-boutique,false,active,
fleetwood-outlet,london-leathers-direct,false,active,
fleetwood-outlet,moss,false,active,
fleetwood-outlet,mountain-warehouse,false,active,
fleetwood-outlet,next,false,active,
fleetwood-outlet,pavers,false,active,
fleetwood-outlet,procook,false,active,
fleetwood-outlet,regatta,false,active,
fleetwood-outlet,roman,false,active,
fleetwood-outlet,skopes,false,active,
fleetwood-outlet,terraces,false,active,
fleetwood-outlet,the-body-shop,false,active,
fleetwood-outlet,the-fragrance-shop,false,active,
fleetwood-outlet,the-sweet-emporium,false,active,
fleetwood-outlet,the-works,false,active,
fleetwood-outlet,trespass,false,active,
fleetwood-outlet,weird-fish,false,active,
junction-32-outlet,adidas,false,active,
junction-32-outlet,animal,false,active,
junction-32-outlet,bad-rhino,false,active,
junction-32-outlet,baggage-factory,false,active,
junction-32-outlet,barbour,false,active,
junction-32-outlet,baytree-interiors,false,active,
junction-32-outlet,beauty-outlet,false,active,
junction-32-outlet,bedeck,false,active,
junction-32-outlet,ben-sherman,false,active,
junction-32-outlet,bensons-for-beds,false,active,
junction-32-outlet,blacks,false,active,
junction-32-outlet,blue-inc,false,active,
junction-32-outlet,bonmarche,false,active,
junction-32-outlet,cadbury,false,active,
junction-32-outlet,card-factory,false,active,
junction-32-outlet,castore,false,active,
junction-32-outlet,chapelle,false,active,
junction-32-outlet,clarks,false,active,
junction-32-outlet,collectables,false,active,
junction-32-outlet,cotton-traders,false,active,
junction-32-outlet,crew-clothing,false,active,
junction-32-outlet,denby,false,active,
junction-32-outlet,double-two,false,active,
junction-32-outlet,dune-london,false,active,
junction-32-outlet,eden,false,active,
junction-32-outlet,fatface,false,active,
junction-32-outlet,flannels,false,active,
junction-32-outlet,gift-company,false,active,
junction-32-outlet,grape-tree,false,active,
junction-32-outlet,hallmark,false,active,
junction-32-outlet,hmv,false,active,
junction-32-outlet,holland-and-barrett,false,active,
junction-32-outlet,hotter,false,active,
junction-32-outlet,jack-wills,false,active,
junction-32-outlet,jane-plum-home,false,active,
junction-32-outlet,julian-charles,false,active,
junction-32-outlet,klass,false,active,
junction-32-outlet,kurt-muller,false,active,
junction-32-outlet,levis,false,active,
junction-32-outlet,lovisa,false,active,
junction-32-outlet,lucy-and-yak,false,active,
junction-32-outlet,luke-1977,false,active,
junction-32-outlet,marks-and-spencer,false,active,
junction-32-outlet,moss,false,active,
junction-32-outlet,mountain-warehouse,false,active,
junction-32-outlet,new-balance,false,active,
junction-32-outlet,next,false,active,
junction-32-outlet,nike,false,active,
junction-32-outlet,oxen,false,active,
junction-32-outlet,pavers,false,active,
junction-32-outlet,precious-little-one,false,active,
junction-32-outlet,procook,false,active,
junction-32-outlet,radley,false,active,
junction-32-outlet,regatta-x-craghoppers,false,active,
junction-32-outlet,roman-originals,false,active,
junction-32-outlet,saltrock,false,active,
junction-32-outlet,select,false,active,
junction-32-outlet,skechers,false,active,
junction-32-outlet,skopes,false,active,
junction-32-outlet,sofa-com,false,active,
junction-32-outlet,sports-direct,false,active,
junction-32-outlet,suit-direct,false,active,
junction-32-outlet,tempur,false,active,
junction-32-outlet,the-body-shop,false,active,
junction-32-outlet,the-entertainer,false,active,
junction-32-outlet,the-fragrance-shop,false,active,
junction-32-outlet,the-works,false,active,
junction-32-outlet,tog24,false,active,
junction-32-outlet,trespass,false,active,
junction-32-outlet,victorias-secret,false,active,
junction-32-outlet,weird-fish,false,active,
junction-32-outlet,yours,false,active,
junction-32-outlet,luke-boys,false,active,
junction-32-outlet,the-sweet-emporium,false,active,
livingston-designer-outlet,adidas,false,active,
livingston-designer-outlet,animal,false,active,
livingston-designer-outlet,barbour,false,active,
livingston-designer-outlet,beauty-outlet,false,active,
livingston-designer-outlet,bedeck,false,active,
livingston-designer-outlet,belstaff,false,active,
livingston-designer-outlet,boss,false,active,
livingston-designer-outlet,cadbury,false,active,
livingston-designer-outlet,calvin-klein,false,active,
livingston-designer-outlet,carvela,false,active,
livingston-designer-outlet,castore,false,active,
livingston-designer-outlet,cavani,false,active,
livingston-designer-outlet,chapelle,false,active,
livingston-designer-outlet,clarks,false,active,
livingston-designer-outlet,columbia,false,active,
livingston-designer-outlet,crew-clothing,false,active,
livingston-designer-outlet,crocs,false,active,
livingston-designer-outlet,denby,false,active,
livingston-designer-outlet,dune-london,false,active,
livingston-designer-outlet,ernest-jones,false,active,
livingston-designer-outlet,fossil,false,active,
livingston-designer-outlet,fred-perry,false,active,
livingston-designer-outlet,french-connection,false,active,
livingston-designer-outlet,gift-company,false,active,
livingston-designer-outlet,golf-apparel-shop,false,active,
livingston-designer-outlet,guess,false,active,
livingston-designer-outlet,hamilton-and-brown,false,active,
livingston-designer-outlet,jack-and-jones,false,active,
livingston-designer-outlet,julian-charles,false,active,
livingston-designer-outlet,klass,false,active,
livingston-designer-outlet,kurt-geiger,false,active,
livingston-designer-outlet,kurt-muller,false,active,
livingston-designer-outlet,lacoste,false,active,
livingston-designer-outlet,le-creuset,false,active,
livingston-designer-outlet,levis,false,active,
livingston-designer-outlet,lindt,false,active,
livingston-designer-outlet,luke-1977,false,active,
livingston-designer-outlet,marks-and-spencer,false,active,
livingston-designer-outlet,molton-brown,false,active,
livingston-designer-outlet,monsoon,false,active,
livingston-designer-outlet,mountain-warehouse,false,active,
livingston-designer-outlet,murmur,false,active,
livingston-designer-outlet,new-balance,false,active,
livingston-designer-outlet,next,false,active,
livingston-designer-outlet,nike,false,active,
livingston-designer-outlet,original-penguin,false,active,
livingston-designer-outlet,pavers,false,active,
livingston-designer-outlet,procook,false,active,
livingston-designer-outlet,puma,false,active,
livingston-designer-outlet,radley,false,active,
livingston-designer-outlet,ravensburger,false,active,
livingston-designer-outlet,regatta,false,active,
livingston-designer-outlet,reiss,false,active,
livingston-designer-outlet,roman-originals,false,active,
livingston-designer-outlet,samsonite,false,active,
livingston-designer-outlet,skechers,false,active,
livingston-designer-outlet,skopes,false,active,
livingston-designer-outlet,sunglass-hut,false,active,
livingston-designer-outlet,the-body-shop,false,active,
livingston-designer-outlet,the-cosmetics-company-store,false,active,
livingston-designer-outlet,the-fragrance-shop,false,active,
livingston-designer-outlet,the-north-face,false,active,
livingston-designer-outlet,the-rangers-store,false,active,
livingston-designer-outlet,the-works,false,active,
livingston-designer-outlet,timberland,false,active,
livingston-designer-outlet,tog24,false,active,
livingston-designer-outlet,tommy-hilfiger,false,active,
livingston-designer-outlet,trespass,false,active,
livingston-designer-outlet,under-armour,false,active,
livingston-designer-outlet,vans,false,active,
livingston-designer-outlet,watch-station,false,active,
livingston-designer-outlet,weird-fish,false,active,
livingston-designer-outlet,yajihula-anime,false,active,
caledonia-park,adidas,false,active,
caledonia-park,ben-sherman,false,active,
caledonia-park,berghaus,false,active,
caledonia-park,boss,false,active,
caledonia-park,cadbury,false,active,
caledonia-park,calvin-klein,false,active,
caledonia-park,clarks,false,active,
caledonia-park,cotton-traders,false,active,
caledonia-park,crew-clothing,false,active,
caledonia-park,crocs,false,active,
caledonia-park,denby,false,active,
caledonia-park,dune-london,false,active,
caledonia-park,ellesse,false,active,
caledonia-park,french-connection,false,active,
caledonia-park,gift-company,false,active,
caledonia-park,hallmark,false,active,
caledonia-park,hobbs,false,active,
caledonia-park,jack-and-jones,false,active,
caledonia-park,kate-spade-new-york,false,active,
caledonia-park,lakeland-leather,false,active,
caledonia-park,le-creuset,false,active,
caledonia-park,levis,false,active,
caledonia-park,lindt,false,active,
caledonia-park,marks-and-spencer,false,active,
caledonia-park,molton-brown,false,active,
caledonia-park,moss,false,active,
caledonia-park,mountain-warehouse,false,active,
caledonia-park,next,false,active,
caledonia-park,nike,false,active,
caledonia-park,pavers,false,active,
caledonia-park,phase-eight,false,active,
caledonia-park,polo-ralph-lauren,false,active,
caledonia-park,procook,false,active,
caledonia-park,radley,false,active,
caledonia-park,rituals,false,active,
caledonia-park,rohan,false,active,
caledonia-park,skechers,false,active,
caledonia-park,superdry,false,active,
caledonia-park,swarovski,false,active,
caledonia-park,the-body-shop,false,active,
caledonia-park,the-cosmetics-company-store,false,active,
caledonia-park,the-fragrance-shop,false,active,
caledonia-park,the-sweet-emporium,false,active,
caledonia-park,tommy-hilfiger,false,active,
caledonia-park,trespass,false,active,
caledonia-park,under-armour,false,active,
caledonia-park,whistles,false,active,
caledonia-park,yankee-candle,false,active,
cheshire-oaks,7-for-all-mankind,false,active,
cheshire-oaks,abercrombie-and-fitch,false,active,
cheshire-oaks,adidas,false,active,
cheshire-oaks,allsaints,false,active,
cheshire-oaks,animal,false,active,
cheshire-oaks,armani,false,active,
cheshire-oaks,asics,false,active,
cheshire-oaks,atelier-galleries,false,active,
cheshire-oaks,barbour,false,active,
cheshire-oaks,beauty-outlet,false,active,
cheshire-oaks,bedeck,false,active,
cheshire-oaks,belstaff,false,active,
cheshire-oaks,ben-sherman,false,active,
cheshire-oaks,birkenstock,false,active,
cheshire-oaks,boss,false,active,
cheshire-oaks,burberry,false,active,
cheshire-oaks,cadbury,false,active,
cheshire-oaks,calvin-klein,false,active,
cheshire-oaks,carvela,false,active,
cheshire-oaks,castore,false,active,
cheshire-oaks,champion,false,active,
cheshire-oaks,charles-tyrwhitt,false,active,
cheshire-oaks,clarins,false,active,
cheshire-oaks,clarks,false,active,
cheshire-oaks,clogau-gold,false,active,
cheshire-oaks,coach,false,active,
cheshire-oaks,columbia,false,active,
cheshire-oaks,converse,false,active,
cheshire-oaks,crew-clothing,false,active,
cheshire-oaks,crocs,false,active,
cheshire-oaks,david-clulow,false,active,
cheshire-oaks,designer-exchange,false,active,
cheshire-oaks,diesel,false,active,
cheshire-oaks,digby-and-champ,false,active,
cheshire-oaks,dr-martens,false,active,
cheshire-oaks,dune-london,false,active,
cheshire-oaks,espa,false,active,
cheshire-oaks,fossil,false,active,
cheshire-oaks,fred-perry,false,active,
cheshire-oaks,french-connection,false,active,
cheshire-oaks,gant,false,active,
cheshire-oaks,golf-apparel,false,active,
cheshire-oaks,guess,false,active,
cheshire-oaks,hallmark,false,active,
cheshire-oaks,haribo,false,active,
cheshire-oaks,havaianas,false,active,
cheshire-oaks,hobbs,false,active,
cheshire-oaks,holland-and-barrett,false,active,
cheshire-oaks,hotel-chocolat,false,active,
cheshire-oaks,hour-passion,false,active,
cheshire-oaks,hugo,false,active,
cheshire-oaks,jack-and-jones,false,active,
cheshire-oaks,jack-wolfskin,false,active,
cheshire-oaks,jigsaw,false,active,
cheshire-oaks,joseph,false,active,
cheshire-oaks,joules,false,active,
cheshire-oaks,karl-lagerfeld,false,active,
cheshire-oaks,kate-spade-new-york,false,active,
cheshire-oaks,kids-around,false,active,
cheshire-oaks,kurt-geiger,false,active,
cheshire-oaks,l-occitane,false,active,
cheshire-oaks,lacoste,false,active,
cheshire-oaks,le-creuset,false,active,
cheshire-oaks,levis,false,active,
cheshire-oaks,lindt,false,active,
cheshire-oaks,lululemon,false,active,
cheshire-oaks,marks-and-spencer,false,active,
cheshire-oaks,michael-kors,false,active,
cheshire-oaks,molton-brown,false,active,
cheshire-oaks,moss,false,active,
cheshire-oaks,mountain-warehouse,false,active,
cheshire-oaks,mulberry,false,active,
cheshire-oaks,new-balance,false,active,
cheshire-oaks,next,false,active,
cheshire-oaks,nike,false,active,
cheshire-oaks,only,false,active,
cheshire-oaks,pavers,false,active,
cheshire-oaks,polo-ralph-lauren,false,active,
cheshire-oaks,procook,false,active,
cheshire-oaks,puma,false,active,
cheshire-oaks,radley,false,active,
cheshire-oaks,reiss,false,active,
cheshire-oaks,replay,false,active,
cheshire-oaks,rituals,false,active,
cheshire-oaks,samsonite,false,active,
cheshire-oaks,skechers,false,active,
cheshire-oaks,skopes,false,active,
cheshire-oaks,sunglass-hut,false,active,
cheshire-oaks,superdry,false,active,
cheshire-oaks,swarovski,false,active,
cheshire-oaks,sweaty-betty,false,active,
cheshire-oaks,the-body-shop,false,active,
cheshire-oaks,the-cosmetics-company-store,false,active,
cheshire-oaks,the-gift-company,false,active,
cheshire-oaks,the-north-face,false,active,
cheshire-oaks,the-perfume-shop,false,active,
cheshire-oaks,the-works,false,active,
cheshire-oaks,timberland,false,active,
cheshire-oaks,tommy-hilfiger,false,active,
cheshire-oaks,ugg,false,active,
cheshire-oaks,under-armour,false,active,
cheshire-oaks,vans,false,active,
cheshire-oaks,white-stuff,false,active,
cheshire-oaks,whittard,false,active,
york-designer-outlet,883-police-milano,false,active,
york-designer-outlet,adidas,false,active,
york-designer-outlet,asics,false,active,
york-designer-outlet,atelier-galleries,false,active,
york-designer-outlet,beauty-outlet,false,active,
york-designer-outlet,bedeck,false,active,
york-designer-outlet,belstaff,false,active,
york-designer-outlet,ben-sherman,false,active,
york-designer-outlet,boss,false,active,
york-designer-outlet,cadbury,false,active,
york-designer-outlet,calvin-klein,false,active,
york-designer-outlet,carvela,false,active,
york-designer-outlet,castore,false,active,
york-designer-outlet,chapelle,false,active,
york-designer-outlet,charles-tyrwhitt,false,active,
york-designer-outlet,clarins,false,active,
york-designer-outlet,clarks,false,active,
york-designer-outlet,coach,false,active,
york-designer-outlet,columbia,false,active,
york-designer-outlet,crew-clothing,false,active,
york-designer-outlet,crocs,false,active,
york-designer-outlet,denby,false,active,
york-designer-outlet,dr-martens,false,active,
york-designer-outlet,dune-london,false,active,
york-designer-outlet,ernest-jones,false,active,
york-designer-outlet,fantastica,false,active,
york-designer-outlet,fred-perry,false,active,
york-designer-outlet,french-connection,false,active,
york-designer-outlet,gant,false,active,
york-designer-outlet,gift-company,false,active,
york-designer-outlet,golf-apparel,false,active,
york-designer-outlet,guess,false,active,
york-designer-outlet,hackett,false,active,
york-designer-outlet,hallmark,false,active,
york-designer-outlet,haribo,false,active,
york-designer-outlet,hobbs,false,active,
york-designer-outlet,holland-and-barrett,false,active,
york-designer-outlet,hotel-chocolat,false,active,
york-designer-outlet,hugo,false,active,
york-designer-outlet,joe-browns,false,active,
york-designer-outlet,joules,false,active,
york-designer-outlet,kate-spade-new-york,false,active,
york-designer-outlet,kurt-geiger,false,active,
york-designer-outlet,lacoste,false,active,
york-designer-outlet,le-creuset,false,active,
york-designer-outlet,levis,false,active,
york-designer-outlet,lindt,false,active,
york-designer-outlet,lovisa,false,active,
york-designer-outlet,luke-1977,false,active,
york-designer-outlet,lyle-and-scott,false,active,
york-designer-outlet,marks-and-spencer,false,active,
york-designer-outlet,menkind,false,active,
york-designer-outlet,michael-kors,false,active,
york-designer-outlet,molton-brown,false,active,
york-designer-outlet,moss,false,active,
york-designer-outlet,mountain-warehouse,false,active,
york-designer-outlet,next,false,active,
york-designer-outlet,nike,false,active,
york-designer-outlet,only,false,active,
york-designer-outlet,original-penguin,false,active,
york-designer-outlet,osprey-london,false,active,
york-designer-outlet,paul-smith,false,active,
york-designer-outlet,pavers,false,active,
york-designer-outlet,penhaligons,false,active,
york-designer-outlet,polo-ralph-lauren,false,active,
york-designer-outlet,procook,false,active,
york-designer-outlet,puma,false,active,
york-designer-outlet,radley,false,active,
york-designer-outlet,ravensburger,false,active,
york-designer-outlet,reiss,false,active,
york-designer-outlet,replay,false,active,
york-designer-outlet,rituals,false,active,
york-designer-outlet,rm-williams,false,active,
york-designer-outlet,samsonite,false,active,
york-designer-outlet,skechers,false,active,
york-designer-outlet,skopes,false,active,
york-designer-outlet,sunglass-hut,false,active,
york-designer-outlet,superdry,false,active,
york-designer-outlet,swarovski,false,active,
york-designer-outlet,sweaty-betty,false,active,
york-designer-outlet,tefal,false,active,
york-designer-outlet,the-body-shop,false,active,
york-designer-outlet,the-cosmetics-company-store,false,active,
york-designer-outlet,the-label-yard,false,active,
york-designer-outlet,the-north-face,false,active,
york-designer-outlet,the-perfume-shop,false,active,
york-designer-outlet,the-potions-cauldron,false,active,
york-designer-outlet,the-works,false,active,
york-designer-outlet,timberland,false,active,
york-designer-outlet,tommy-hilfiger,false,active,
york-designer-outlet,ugg,false,active,
york-designer-outlet,under-armour,false,active,
york-designer-outlet,vans,false,active,
york-designer-outlet,white-stuff,false,active,
york-designer-outlet,whittard,false,active,
york-designer-outlet,yoo-kase,false,active,
york-designer-outlet,yumi,false,active,
ashford-designer-outlet,883-police-milano,false,active,
ashford-designer-outlet,abercrombie-and-fitch,false,active,
ashford-designer-outlet,adidas,false,active,
ashford-designer-outlet,allsaints,false,active,
ashford-designer-outlet,asics,false,active,
ashford-designer-outlet,barbour,false,active,
ashford-designer-outlet,beauty-outlet,false,active,
ashford-designer-outlet,bedeck,false,active,
ashford-designer-outlet,ben-sherman,false,active,
ashford-designer-outlet,birkenstock,false,active,
ashford-designer-outlet,boss,false,active,
ashford-designer-outlet,cadbury,false,active,
ashford-designer-outlet,calvin-klein,false,active,
ashford-designer-outlet,carhartt-wip,false,active,
ashford-designer-outlet,carvela,false,active,
ashford-designer-outlet,castore,false,active,
ashford-designer-outlet,chapelle,false,active,
ashford-designer-outlet,christy,false,active,
ashford-designer-outlet,clarins,false,active,
ashford-designer-outlet,clarks,false,active,
ashford-designer-outlet,coach,false,active,
ashford-designer-outlet,columbia,false,active,
ashford-designer-outlet,crew-clothing,false,active,
ashford-designer-outlet,crocs,false,active,
ashford-designer-outlet,denby,false,active,
ashford-designer-outlet,diesel,false,active,
ashford-designer-outlet,dr-martens,false,active,
ashford-designer-outlet,dune-london,false,active,
ashford-designer-outlet,eden-menswear,false,active,
ashford-designer-outlet,fossil,false,active,
ashford-designer-outlet,fred-perry,false,active,
ashford-designer-outlet,french-connection,false,active,
ashford-designer-outlet,gant,false,active,
ashford-designer-outlet,guess,false,active,
ashford-designer-outlet,hackett,false,active,
ashford-designer-outlet,haribo,false,active,
ashford-designer-outlet,havaianas,false,active,
ashford-designer-outlet,hobbs,false,active,
ashford-designer-outlet,hollister,false,active,
ashford-designer-outlet,jack-and-jones,false,active,
ashford-designer-outlet,joseph,false,active,
ashford-designer-outlet,joules,false,active,
ashford-designer-outlet,kate-spade-new-york,false,active,
ashford-designer-outlet,kids-around,false,active,
ashford-designer-outlet,kurt-geiger,false,active,
ashford-designer-outlet,lacoste,false,active,
ashford-designer-outlet,le-creuset,false,active,
ashford-designer-outlet,levis,false,active,
ashford-designer-outlet,lindt,false,active,
ashford-designer-outlet,loake,false,active,
ashford-designer-outlet,l-occitane,false,active,
ashford-designer-outlet,lyle-and-scott,false,active,
ashford-designer-outlet,marks-and-spencer,false,active,
ashford-designer-outlet,michael-kors,false,active,
ashford-designer-outlet,molton-brown,false,active,
ashford-designer-outlet,monsoon,false,active,
ashford-designer-outlet,moss,false,active,
ashford-designer-outlet,mountain-warehouse,false,active,
ashford-designer-outlet,nike,false,active,
ashford-designer-outlet,only,false,active,
ashford-designer-outlet,osprey-london,false,active,
ashford-designer-outlet,paul-costelloe,false,active,
ashford-designer-outlet,pavers,false,active,
ashford-designer-outlet,pepe-jeans,false,active,
ashford-designer-outlet,playmobil,false,active,
ashford-designer-outlet,polo-ralph-lauren,false,active,
ashford-designer-outlet,procook,false,active,
ashford-designer-outlet,puma,false,active,
ashford-designer-outlet,radley,false,active,
ashford-designer-outlet,ravensburger,false,active,
ashford-designer-outlet,reiss,false,active,
ashford-designer-outlet,rituals,false,active,
ashford-designer-outlet,rodd-and-gunn,false,active,
ashford-designer-outlet,roman,false,active,
ashford-designer-outlet,samsonite,false,active,
ashford-designer-outlet,skechers,false,active,
ashford-designer-outlet,skopes,false,active,
ashford-designer-outlet,suit-direct,false,active,
ashford-designer-outlet,sunglass-hut,false,active,
ashford-designer-outlet,superdry,false,active,
ashford-designer-outlet,swarovski,false,active,
ashford-designer-outlet,sweaty-betty,false,active,
ashford-designer-outlet,the-body-shop,false,active,
ashford-designer-outlet,the-cosmetics-company-store,false,active,
ashford-designer-outlet,the-gift-company,false,active,
ashford-designer-outlet,the-north-face,false,active,
ashford-designer-outlet,the-perfume-shop,false,active,
ashford-designer-outlet,thomas-sabo,false,active,
ashford-designer-outlet,timberland,false,active,
ashford-designer-outlet,tog24,false,active,
ashford-designer-outlet,tommy-hilfiger,false,active,
ashford-designer-outlet,trespass,false,active,
ashford-designer-outlet,tripp,false,active,
ashford-designer-outlet,ugg,false,active,
ashford-designer-outlet,under-armour,false,active,
ashford-designer-outlet,vans,false,active,
ashford-designer-outlet,weird-fish,false,active,
ashford-designer-outlet,white-stuff,false,active,
ashford-designer-outlet,yankee-candle,false,active,
ashford-designer-outlet,zwilling-ja-henckels,false,active,
gloucester-quays,adidas,false,active,
gloucester-quays,allsaints,false,active,
gloucester-quays,asics,false,active,
gloucester-quays,bagbarn,false,active,
gloucester-quays,baggage-world,false,active,
gloucester-quays,beauty-outlet,false,active,
gloucester-quays,ben-sherman,false,active,
gloucester-quays,berghaus,false,active,
gloucester-quays,brand-eyewear,false,active,
gloucester-quays,card-factory,false,active,
gloucester-quays,clarks,false,active,
gloucester-quays,crew-clothing,false,active,
gloucester-quays,doc-barnet,false,active,
gloucester-quays,dune-london,false,active,
gloucester-quays,eden-menswear,false,active,
gloucester-quays,h-samuel,false,active,
gloucester-quays,hallmark,false,active,
gloucester-quays,holland-and-barrett,false,active,
gloucester-quays,hotel-chocolat,false,active,
gloucester-quays,jack-wills,false,active,
gloucester-quays,joules,false,active,
gloucester-quays,le-creuset,false,active,
gloucester-quays,levis,false,active,
gloucester-quays,lindt,false,active,
gloucester-quays,marks-and-spencer,false,active,
gloucester-quays,menkind,false,active,
gloucester-quays,moss,false,active,
gloucester-quays,mountain-warehouse,false,active,
gloucester-quays,mr-simms,false,active,
gloucester-quays,next,false,active,
gloucester-quays,osprey-london,false,active,
gloucester-quays,pavers,false,active,
gloucester-quays,phase-eight,false,active,
gloucester-quays,procook,false,active,
gloucester-quays,puma,false,active,
gloucester-quays,quba-sails,false,active,
gloucester-quays,raging-bull,false,active,
gloucester-quays,roman,false,active,
gloucester-quays,saltrock,false,active,
gloucester-quays,skechers,false,active,
gloucester-quays,sostrene-grene,false,active,
gloucester-quays,suit-direct,false,active,
gloucester-quays,the-cosmetics-company-store,false,active,
gloucester-quays,the-fragrance-shop,false,active,
gloucester-quays,the-gift-company,false,active,
gloucester-quays,the-north-face,false,active,
gloucester-quays,the-works,false,active,
gloucester-quays,trespass,false,active,
gloucester-quays,weird-fish,false,active,
gloucester-quays,white-stuff,false,active,
clarks-village,asics,false,active,
clarks-village,barbour,false,active,
clarks-village,beauty-outlet,false,active,
clarks-village,bedeck,false,active,
clarks-village,belstaff,false,active,
clarks-village,ben-sherman,false,active,
clarks-village,boss,false,active,
clarks-village,cadbury,false,active,
clarks-village,calvin-klein,false,active,
clarks-village,carvela,false,active,
clarks-village,castore,false,active,
clarks-village,chapelle,false,active,
clarks-village,charles-tyrwhitt,false,active,
clarks-village,christy,false,active,
clarks-village,clarins,false,active,
clarks-village,clarks,false,active,
clarks-village,coach,false,active,
clarks-village,columbia,false,active,
clarks-village,crew-clothing,false,active,
clarks-village,crocs,false,active,
clarks-village,denby,false,active,
clarks-village,dr-martens,false,active,
clarks-village,dune-london,false,active,
clarks-village,ernest-jones,false,active,
clarks-village,fred-perry,false,active,
clarks-village,french-connection,false,active,
clarks-village,gant,false,active,
clarks-village,gift-company,false,active,
clarks-village,golf-apparel,false,active,
clarks-village,guess,false,active,
clarks-village,hackett,false,active,
clarks-village,hallmark,false,active,
clarks-village,haribo,false,active,
clarks-village,hatley,false,active,
clarks-village,hobbs,false,active,
clarks-village,holland-and-barrett,false,active,
clarks-village,hotel-chocolat,false,active,
clarks-village,hugo,false,active,
clarks-village,joe-browns,false,active,
clarks-village,joules,false,active,
clarks-village,kate-spade-new-york,false,active,
clarks-village,kurt-geiger,false,active,
clarks-village,lacoste,false,active,
clarks-village,le-creuset,false,active,
clarks-village,levis,false,active,
clarks-village,lindt,false,active,
clarks-village,lovisa,false,active,
clarks-village,luke-1977,false,active,
clarks-village,lyle-and-scott,false,active,
clarks-village,marks-and-spencer,false,active,
clarks-village,menkind,false,active,
clarks-village,michael-kors,false,active,
clarks-village,mint-velvet,false,active,
clarks-village,molton-brown,false,active,
clarks-village,moss,false,active,
clarks-village,mountain-warehouse,false,active,
clarks-village,next,false,active,
clarks-village,nike,false,active,
clarks-village,only,false,active,
clarks-village,original-penguin,false,active,
clarks-village,osprey-london,false,active,
clarks-village,paul-smith,false,active,
clarks-village,pavers,false,active,
clarks-village,penhaligons,false,active,
clarks-village,phase-eight,false,active,
clarks-village,polo-ralph-lauren,false,active,
clarks-village,procook,false,active,
clarks-village,puma,false,active,
clarks-village,radley,false,active,
clarks-village,ravensburger,false,active,
clarks-village,reiss,false,active,
clarks-village,replay,false,active,
clarks-village,rituals,false,active,
clarks-village,rm-williams,false,active,
clarks-village,samsonite,false,active,
clarks-village,scamp-and-dude,false,active,
clarks-village,skechers,false,active,
clarks-village,skopes,false,active,
clarks-village,sunglass-hut,false,active,
clarks-village,superdry,false,active,
clarks-village,swarovski,false,active,
clarks-village,sweaty-betty,false,active,
clarks-village,tefal,false,active,
clarks-village,the-body-shop,false,active,
clarks-village,the-cosmetics-company-store,false,active,
clarks-village,the-label-yard,false,active,
clarks-village,the-north-face,false,active,
clarks-village,the-works,false,active,
clarks-village,white-stuff,false,active,
clarks-village,jack-wolfskin,false,active,
clarks-village,suit-direct,false,active,
clarks-village,saltrock,false,active,
dalton-park,adidas,false,active,
dalton-park,baytree-interiors,false,active,
dalton-park,beauty-outlet,false,active,
dalton-park,bedeck,false,active,
dalton-park,belstaff,false,active,
dalton-park,ben-sherman,false,active,
dalton-park,bonmarche,false,active,
dalton-park,cadbury,false,active,
dalton-park,calvin-klein,false,active,
dalton-park,castore,false,active,
dalton-park,cavani,false,active,
dalton-park,chapelle,false,active,
dalton-park,clarks,false,active,
dalton-park,cover-beauty,false,active,
dalton-park,craghoppers,false,active,
dalton-park,crew-clothing,false,active,
dalton-park,denby,false,active,
dalton-park,dune-london,false,active,
dalton-park,fatface,false,active,
dalton-park,grape-tree,false,active,
dalton-park,hallmark,false,active,
dalton-park,hays-travel,false,active,
dalton-park,hobbs,false,active,
dalton-park,holland-and-barrett,false,active,
dalton-park,julian-charles,false,active,
dalton-park,klass,false,active,
dalton-park,kurt-muller,false,active,
dalton-park,levis,false,active,
dalton-park,lindt,false,active,
dalton-park,marks-and-spencer,false,active,
dalton-park,molton-brown,false,active,
dalton-park,morrisons,false,active,
dalton-park,moss,false,active,
dalton-park,mountain-warehouse,false,active,
dalton-park,new-balance,false,active,
dalton-park,next,false,active,
dalton-park,pavers,false,active,
dalton-park,phase-eight,false,active,
dalton-park,procook,false,active,
dalton-park,puma,false,active,
dalton-park,radley,false,active,
dalton-park,regatta-great-outdoors,false,active,
dalton-park,rituals,false,active,
dalton-park,roman,false,active,
dalton-park,saltrock,false,active,
dalton-park,skechers,false,active,
dalton-park,skopes,false,active,
dalton-park,sports-direct,false,active,
dalton-park,suit-direct,false,active,
dalton-park,tempur,false,active,
dalton-park,the-baggage-factory,false,active,
dalton-park,the-body-shop,false,active,
dalton-park,the-cosmetics-company-store,false,active,
dalton-park,the-entertainer,false,active,
dalton-park,the-fragrance-shop,false,active,
dalton-park,the-gift-company,false,active,
dalton-park,the-range,false,active,
dalton-park,the-works,false,active,
dalton-park,tog24,false,active,
dalton-park,tommy-hilfiger,false,active,
dalton-park,trespass,false,active,
dalton-park,weird-fish,false,active,
dalton-park,whistles,false,active,
dalton-park,white-stuff,false,active,
gunwharf-quays,883-police-milano,false,active,
gunwharf-quays,adidas,false,active,
gunwharf-quays,asics,false,active,
gunwharf-quays,beauty-outlet,false,active,
gunwharf-quays,bedeck,false,active,
gunwharf-quays,belstaff,false,active,
gunwharf-quays,ben-sherman,false,active,
gunwharf-quays,boots,false,active,
gunwharf-quays,boss,false,active,
gunwharf-quays,cadbury,false,active,
gunwharf-quays,calvin-klein,false,active,
gunwharf-quays,carvela,false,active,
gunwharf-quays,castore,false,active,
gunwharf-quays,chapelle,false,active,
gunwharf-quays,charles-tyrwhitt,false,active,
gunwharf-quays,clarins,false,active,
gunwharf-quays,clarks,false,active,
gunwharf-quays,coach,false,active,
gunwharf-quays,columbia,false,active,
gunwharf-quays,crew-clothing,false,active,
gunwharf-quays,crocs,false,active,
gunwharf-quays,denby,false,active,
gunwharf-quays,dr-martens,false,active,
gunwharf-quays,dune-london,false,active,
gunwharf-quays,ernest-jones,false,active,
gunwharf-quays,fred-perry,false,active,
gunwharf-quays,french-connection,false,active,
gunwharf-quays,gant,false,active,
gunwharf-quays,gift-company,false,active,
gunwharf-quays,golf-apparel,false,active,
gunwharf-quays,guess,false,active,
gunwharf-quays,hackett,false,active,
gunwharf-quays,hallmark,false,active,
gunwharf-quays,haribo,false,active,
gunwharf-quays,henri-lloyd,false,active,
gunwharf-quays,hobbs,false,active,
gunwharf-quays,hoka,false,active,
gunwharf-quays,holland-and-barrett,false,active,
gunwharf-quays,hotel-chocolat,false,active,
gunwharf-quays,hugo,false,active,
gunwharf-quays,joe-browns,false,active,
gunwharf-quays,joules,false,active,
gunwharf-quays,kate-spade-new-york,false,active,
gunwharf-quays,kurt-geiger,false,active,
gunwharf-quays,lacoste,false,active,
gunwharf-quays,le-creuset,false,active,
gunwharf-quays,levis,false,active,
gunwharf-quays,lindt,false,active,
gunwharf-quays,loake,false,active,
gunwharf-quays,lovisa,false,active,
gunwharf-quays,lucy-and-yak,false,active,
gunwharf-quays,luke-1977,false,active,
gunwharf-quays,lyle-and-scott,false,active,
gunwharf-quays,marks-and-spencer,false,active,
gunwharf-quays,menkind,false,active,
gunwharf-quays,michael-kors,false,active,
gunwharf-quays,molton-brown,false,active,
gunwharf-quays,moss,false,active,
gunwharf-quays,mountain-warehouse,false,active,
gunwharf-quays,next,false,active,
gunwharf-quays,nike,false,active,
gunwharf-quays,oliver-bonas,false,active,
gunwharf-quays,only,false,active,
gunwharf-quays,original-penguin,false,active,
gunwharf-quays,osprey-london,false,active,
gunwharf-quays,paul-smith,false,active,
gunwharf-quays,pavers,false,active,
gunwharf-quays,penhaligons,false,active,
gunwharf-quays,polo-ralph-lauren,false,active,
gunwharf-quays,procook,false,active,
gunwharf-quays,puma,false,active,
gunwharf-quays,radley,false,active,
gunwharf-quays,ravensburger,false,active,
gunwharf-quays,reiss,false,active,
gunwharf-quays,replay,false,active,
gunwharf-quays,rituals,false,active,
gunwharf-quays,rm-williams,false,active,
gunwharf-quays,samsonite,false,active,
gunwharf-quays,seasalt,false,active,
gunwharf-quays,skechers,false,active,
gunwharf-quays,skopes,false,active,
gunwharf-quays,sunglass-hut,false,active,
gunwharf-quays,superdry,false,active,
gunwharf-quays,swarovski,false,active,
gunwharf-quays,sweaty-betty,false,active,
gunwharf-quays,tefal,false,active,
gunwharf-quays,the-body-shop,false,active,
gunwharf-quays,the-cosmetics-company-store,false,active,
gunwharf-quays,the-label-yard,false,active,
gunwharf-quays,the-north-face,false,active,
gunwharf-quays,the-perfume-shop,false,active,
gunwharf-quays,the-potions-cauldron,false,active,
gunwharf-quays,the-works,false,active,
gunwharf-quays,timberland,false,active,
gunwharf-quays,tommy-hilfiger,false,active,
gunwharf-quays,whistles,false,active,
gunwharf-quays,white-stuff,false,active,
swindon-designer-outlet,adidas,false,active,
swindon-designer-outlet,angel-and-rocket,false,active,
swindon-designer-outlet,beauty-outlet,false,active,
swindon-designer-outlet,bedeck,false,active,
swindon-designer-outlet,ben-sherman,false,active,
swindon-designer-outlet,boss,false,active,
swindon-designer-outlet,cadbury,false,active,
swindon-designer-outlet,calendar-club,false,active,
swindon-designer-outlet,calvin-klein,false,active,
swindon-designer-outlet,carvela,false,active,
swindon-designer-outlet,castore,false,active,
swindon-designer-outlet,chapelle,false,active,
swindon-designer-outlet,character-com,false,active,
swindon-designer-outlet,charles-tyrwhitt,false,active,
swindon-designer-outlet,claires,false,active,
swindon-designer-outlet,clarins,false,active,
swindon-designer-outlet,clarks,false,active,
swindon-designer-outlet,crew-clothing-company,false,active,
swindon-designer-outlet,crocs,false,active,
swindon-designer-outlet,denby,false,active,
swindon-designer-outlet,dune-london,false,active,
swindon-designer-outlet,fossil,false,active,
swindon-designer-outlet,french-connection,false,active,
swindon-designer-outlet,gant,false,active,
swindon-designer-outlet,guess,false,active,
swindon-designer-outlet,hallmark,false,active,
swindon-designer-outlet,haribo,false,active,
swindon-designer-outlet,hobbs,false,active,
swindon-designer-outlet,holland-and-barrett,false,active,
swindon-designer-outlet,house-of-cavani,false,active,
swindon-designer-outlet,house-of-tweed,false,active,
swindon-designer-outlet,jack-and-jones,false,active,
swindon-designer-outlet,jack-wills,false,active,
swindon-designer-outlet,john-lewis,false,active,
swindon-designer-outlet,joules,false,active,
swindon-designer-outlet,kilner,false,active,
swindon-designer-outlet,kuhn-rikon,false,active,
swindon-designer-outlet,kurt-geiger,false,active,
swindon-designer-outlet,le-creuset,false,active,
swindon-designer-outlet,levis,false,active,
swindon-designer-outlet,lindt,false,active,
swindon-designer-outlet,luke-1977,false,active,
swindon-designer-outlet,marks-and-spencer,false,active,
swindon-designer-outlet,molton-brown,false,active,
swindon-designer-outlet,monsoon,false,active,
swindon-designer-outlet,moss,false,active,
swindon-designer-outlet,mountain-warehouse,false,active,
swindon-designer-outlet,new-balance,false,active,
swindon-designer-outlet,next,false,active,
swindon-designer-outlet,nike,false,active,
swindon-designer-outlet,only,false,active,
swindon-designer-outlet,original-penguin,false,active,
swindon-designer-outlet,paul-costelloe,false,active,
swindon-designer-outlet,pavers,false,active,
swindon-designer-outlet,phase-eight,false,active,
swindon-designer-outlet,police,false,active,
swindon-designer-outlet,polo-ralph-lauren,false,active,
swindon-designer-outlet,procook,false,active,
swindon-designer-outlet,puma,false,active,
swindon-designer-outlet,radley,false,active,
swindon-designer-outlet,ravensburger,false,active,
swindon-designer-outlet,regis,false,active,
swindon-designer-outlet,reiss,false,active,
swindon-designer-outlet,rituals,false,active,
swindon-designer-outlet,russell-and-bromley,false,active,
swindon-designer-outlet,skechers,false,active,
swindon-designer-outlet,skopes,false,active,
swindon-designer-outlet,smiggle,false,active,
swindon-designer-outlet,sole-trader,false,active,
swindon-designer-outlet,suit-direct,false,active,
swindon-designer-outlet,sunglass-hut,false,active,
swindon-designer-outlet,superdry,false,active,
swindon-designer-outlet,swarovski,false,active,
swindon-designer-outlet,tefal,false,active,
swindon-designer-outlet,tempur,false,active,
swindon-designer-outlet,the-body-shop,false,active,
swindon-designer-outlet,the-cosmetics-company-store,false,active,
swindon-designer-outlet,the-gift-company,false,active,
swindon-designer-outlet,the-perfume-shop,false,active,
swindon-designer-outlet,the-works,false,active,
swindon-designer-outlet,timberland,false,active,
swindon-designer-outlet,tog24,false,active,
swindon-designer-outlet,tommy-hilfiger,false,active,
swindon-designer-outlet,trespass,false,active,
swindon-designer-outlet,under-armour,false,active,
swindon-designer-outlet,vans,false,active,
swindon-designer-outlet,weird-fish,false,active,
swindon-designer-outlet,white-stuff,false,active,
swindon-designer-outlet,whittard-of-chelsea,false,active,
swindon-designer-outlet,yankee-candle,false,active,
swindon-designer-outlet,yoo-kase,false,active,
swindon-designer-outlet,yumi,false,active,
west-midlands-designer-outlet,adidas,false,active,
west-midlands-designer-outlet,asics,false,active,
west-midlands-designer-outlet,barbour,false,active,
west-midlands-designer-outlet,beauty-outlet,false,active,
west-midlands-designer-outlet,bedeck,false,active,
west-midlands-designer-outlet,belstaff,false,active,
west-midlands-designer-outlet,boss,false,active,
west-midlands-designer-outlet,calvin-klein,false,active,
west-midlands-designer-outlet,carhartt-wip,false,active,
west-midlands-designer-outlet,carvela,false,active,
west-midlands-designer-outlet,castore,false,active,
west-midlands-designer-outlet,chapelle,false,active,
west-midlands-designer-outlet,clarks,false,active,
west-midlands-designer-outlet,coach,false,active,
west-midlands-designer-outlet,crew-clothing-company,false,active,
west-midlands-designer-outlet,dune-london,false,active,
west-midlands-designer-outlet,eden,false,active,
west-midlands-designer-outlet,fred-perry,false,active,
west-midlands-designer-outlet,french-connection,false,active,
west-midlands-designer-outlet,gant,false,active,
west-midlands-designer-outlet,guess,false,active,
west-midlands-designer-outlet,haribo,false,active,
west-midlands-designer-outlet,hobbs,false,active,
west-midlands-designer-outlet,hugo,false,active,
west-midlands-designer-outlet,jack-and-jones,false,active,
west-midlands-designer-outlet,joules,false,active,
west-midlands-designer-outlet,kate-spade-new-york,false,active,
west-midlands-designer-outlet,kurt-geiger,false,active,
west-midlands-designer-outlet,lacoste,false,active,
west-midlands-designer-outlet,le-creuset,false,active,
west-midlands-designer-outlet,levis,false,active,
west-midlands-designer-outlet,lindt,false,active,
west-midlands-designer-outlet,luke-1977,false,active,
west-midlands-designer-outlet,lyle-and-scott,false,active,
west-midlands-designer-outlet,merrell,false,active,
west-midlands-designer-outlet,molton-brown,false,active,
west-midlands-designer-outlet,moss,false,active,
west-midlands-designer-outlet,mountain-warehouse,false,active,
west-midlands-designer-outlet,next,false,active,
west-midlands-designer-outlet,nike,false,active,
west-midlands-designer-outlet,on-the-common,false,active,
west-midlands-designer-outlet,paul-costelloe,false,active,
west-midlands-designer-outlet,pavers,false,active,
west-midlands-designer-outlet,police,false,active,
west-midlands-designer-outlet,polo-ralph-lauren,false,active,
west-midlands-designer-outlet,portmeirion,false,active,
west-midlands-designer-outlet,procook,false,active,
west-midlands-designer-outlet,puma,false,active,
west-midlands-designer-outlet,radley,false,active,
west-midlands-designer-outlet,reiss,false,active,
west-midlands-designer-outlet,rituals,false,active,
west-midlands-designer-outlet,saltrock,false,active,
west-midlands-designer-outlet,saucony,false,active,
west-midlands-designer-outlet,skechers,false,active,
west-midlands-designer-outlet,sunglass-hut,false,active,
west-midlands-designer-outlet,superdry,false,active,
west-midlands-designer-outlet,swarovski,false,active,
west-midlands-designer-outlet,the-body-shop,false,active,
west-midlands-designer-outlet,the-cosmetics-company-store,false,active,
west-midlands-designer-outlet,the-north-face,false,active,
west-midlands-designer-outlet,tommy-hilfiger,false,active,
west-midlands-designer-outlet,under-armour,false,active,
west-midlands-designer-outlet,vans,false,active,
west-midlands-designer-outlet,yankee-candle,false,active,
icon-outlet-at-the-o2,adidas,false,active,
icon-outlet-at-the-o2,all-good-things,false,active,
icon-outlet-at-the-o2,asics,false,active,
icon-outlet-at-the-o2,beauty-outlet,false,active,
icon-outlet-at-the-o2,bedeck,false,active,
icon-outlet-at-the-o2,calvin-klein,false,active,
icon-outlet-at-the-o2,carvela,false,active,
icon-outlet-at-the-o2,castore,false,active,
icon-outlet-at-the-o2,claires,false,active,
icon-outlet-at-the-o2,clarins,false,active,
icon-outlet-at-the-o2,clarks,false,active,
icon-outlet-at-the-o2,crew-clothing-company,false,active,
icon-outlet-at-the-o2,dune-london,false,active,
icon-outlet-at-the-o2,french-connection,false,active,
icon-outlet-at-the-o2,gant,false,active,
icon-outlet-at-the-o2,guess,false,active,
icon-outlet-at-the-o2,hackett,false,active,
icon-outlet-at-the-o2,hallmark,false,active,
icon-outlet-at-the-o2,henry-richards,false,active,
icon-outlet-at-the-o2,hobbs,false,active,
icon-outlet-at-the-o2,holland-and-barrett,false,active,
icon-outlet-at-the-o2,hotel-chocolat,false,active,
icon-outlet-at-the-o2,jack-wills,false,active,
icon-outlet-at-the-o2,james-lakeland,false,active,
icon-outlet-at-the-o2,kate-spade-new-york,false,active,
icon-outlet-at-the-o2,kurt-geiger,false,active,
icon-outlet-at-the-o2,le-creuset,false,active,
icon-outlet-at-the-o2,lead-and-ball,false,active,
icon-outlet-at-the-o2,levis,false,active,
icon-outlet-at-the-o2,lids,false,active,
icon-outlet-at-the-o2,lindt,false,active,
icon-outlet-at-the-o2,lovisa,false,active,
icon-outlet-at-the-o2,luke-1977,false,active,
icon-outlet-at-the-o2,moss,false,active,
icon-outlet-at-the-o2,murmur,false,active,
icon-outlet-at-the-o2,new-balance,false,active,
icon-outlet-at-the-o2,new-era,false,active,
icon-outlet-at-the-o2,next,false,active,
icon-outlet-at-the-o2,nike,false,active,
icon-outlet-at-the-o2,osprey-london,false,active,
icon-outlet-at-the-o2,phase-eight,false,active,
icon-outlet-at-the-o2,pop-mart,false,active,
icon-outlet-at-the-o2,procook,false,active,
icon-outlet-at-the-o2,radley,false,active,
icon-outlet-at-the-o2,raging-bull,false,active,
icon-outlet-at-the-o2,reiss,false,active,
icon-outlet-at-the-o2,rituals,false,active,
icon-outlet-at-the-o2,skechers,false,active,
icon-outlet-at-the-o2,skopes,false,active,
icon-outlet-at-the-o2,sole-trader,false,active,
icon-outlet-at-the-o2,sostrene-grene,false,active,
icon-outlet-at-the-o2,suit-direct,false,active,
icon-outlet-at-the-o2,sunglass-hut,false,active,
icon-outlet-at-the-o2,superdry,false,active,
icon-outlet-at-the-o2,t-m-lewin,false,active,
icon-outlet-at-the-o2,the-body-shop,false,active,
icon-outlet-at-the-o2,the-cosmetics-company-store,false,active,
icon-outlet-at-the-o2,the-entertainer,false,active,
icon-outlet-at-the-o2,the-fragrance-shop,false,active,
icon-outlet-at-the-o2,tommy-hilfiger,false,active,
icon-outlet-at-the-o2,top-gift,false,active,
icon-outlet-at-the-o2,under-armour,false,active,
icon-outlet-at-the-o2,v12-ultimate-racing-store,false,active,
icon-outlet-at-the-o2,villa-valentina,false,active,
icon-outlet-at-the-o2,whittard-of-chelsea,false,active,
icon-outlet-at-the-o2,whsmith,false,active,
lakeside-village,b-and-m,false,active,
lakeside-village,baggage-factory,false,active,
lakeside-village,beauty-outlet,false,active,
lakeside-village,bonmarche,false,active,
lakeside-village,cadbury,false,active,
lakeside-village,carvela,false,active,
lakeside-village,cavani,false,active,
lakeside-village,clarks,false,active,
lakeside-village,clintons,false,active,
lakeside-village,cook-n-dine,false,active,
lakeside-village,cotton-traders,false,active,
lakeside-village,denby,false,active,
lakeside-village,ernest-jones,false,active,
lakeside-village,gift-company,false,active,
lakeside-village,grape-tree,false,active,
lakeside-village,hallmark,false,active,
lakeside-village,holland-and-barrett,false,active,
lakeside-village,julian-charles,false,active,
lakeside-village,klass,false,active,
lakeside-village,lakeside-furniture-direct,false,active,
lakeside-village,luke-1977,false,active,
lakeside-village,marks-and-spencer,false,active,
lakeside-village,mountain-warehouse,false,active,
lakeside-village,next,false,active,
lakeside-village,pavers,false,active,
lakeside-village,procook,false,active,
lakeside-village,radley,false,active,
lakeside-village,retail-phone-accessories,false,active,
lakeside-village,roman,false,active,
lakeside-village,saltrock,false,active,
lakeside-village,skechers,false,active,
lakeside-village,skopes,false,active,
lakeside-village,sports-direct,false,active,
lakeside-village,suit-direct,false,active,
lakeside-village,the-body-shop,false,active,
lakeside-village,the-fragrance-shop,false,active,
lakeside-village,the-sweet-emporium,false,active,
lakeside-village,the-works,false,active,
lakeside-village,tog24,false,active,
lakeside-village,toytown,false,active,
lakeside-village,trespass,false,active,
lakeside-village,weird-fish,false,active,
london-designer-outlet,abaci,false,active,
london-designer-outlet,adidas,false,active,
london-designer-outlet,asics,false,active,
london-designer-outlet,beauty-outlet,false,active,
london-designer-outlet,boss,false,active,
london-designer-outlet,calvin-klein,false,active,
london-designer-outlet,carvela,false,active,
london-designer-outlet,champion,false,active,
london-designer-outlet,chapelle,false,active,
london-designer-outlet,clarks,false,active,
london-designer-outlet,columbia,false,active,
london-designer-outlet,converse,false,active,
london-designer-outlet,crocs,false,active,
london-designer-outlet,dune-london,false,active,
london-designer-outlet,french-connection,false,active,
london-designer-outlet,gap,false,active,
london-designer-outlet,guess,false,active,
london-designer-outlet,holland-and-barrett,false,active,
london-designer-outlet,kurt-geiger,false,active,
london-designer-outlet,levis,false,active,
london-designer-outlet,lindt,false,active,
london-designer-outlet,lovisa,false,active,
london-designer-outlet,marks-and-spencer,false,active,
london-designer-outlet,miniso,false,active,
london-designer-outlet,moss,false,active,
london-designer-outlet,new-balance,false,active,
london-designer-outlet,new-era,false,active,
london-designer-outlet,nike,false,active,
london-designer-outlet,phone-outlet,false,active,
london-designer-outlet,police,false,active,
london-designer-outlet,procook,false,active,
london-designer-outlet,puma,false,active,
london-designer-outlet,rituals,false,active,
london-designer-outlet,skechers,false,active,
london-designer-outlet,sony-centre,false,active,
london-designer-outlet,sunglass-hut,false,active,
london-designer-outlet,superdry,false,active,
london-designer-outlet,the-body-shop,false,active,
london-designer-outlet,the-cosmetics-company-store,false,active,
london-designer-outlet,the-fragrance-shop,false,active,
london-designer-outlet,the-north-face,false,active,
london-designer-outlet,timberland,false,active,
london-designer-outlet,tommy-hilfiger,false,active,
london-designer-outlet,trespass,false,active,
london-designer-outlet,vans,false,active,
london-designer-outlet,villeroy-and-boch,false,active,
bicester-village,acne-studios,false,active,
bicester-village,acqua-di-parma,false,active,
bicester-village,aesop,false,active,
bicester-village,alaia,true,active,
bicester-village,alexander-mcqueen,true,active,
bicester-village,allsaints,false,active,
bicester-village,ami-paris,false,active,
bicester-village,annoushka,false,active,
bicester-village,aquazzura,false,active,
bicester-village,arcteryx,false,active,
bicester-village,armani,true,active,
bicester-village,astrid-and-miyu,false,active,
bicester-village,axel-arigato,false,active,
bicester-village,ba-and-sh,false,active,
bicester-village,balenciaga,true,active,
bicester-village,balmain,false,active,
bicester-village,bamford,false,active,
bicester-village,bang-and-olufsen,false,active,
bicester-village,barbour,false,active,
bicester-village,beaute-prestige-international,false,active,
bicester-village,benefit-cosmetics,false,active,
bicester-village,birkenstock,false,active,
bicester-village,bonpoint,false,active,
bicester-village,boss,false,active,
bicester-village,bottega-veneta,true,active,
bicester-village,breitling,false,active,
bicester-village,bremont,false,active,
bicester-village,brioni,false,active,
bicester-village,brunello-cucinelli,false,active,
bicester-village,burberry,true,active,
bicester-village,byredo,false,active,
bicester-village,calvin-klein,false,active,
bicester-village,canada-goose,true,active,
bicester-village,carolina-herrera,false,active,
bicester-village,celine,true,active,
bicester-village,charles-tyrwhitt,false,active,
bicester-village,charlotte-tilbury,false,active,
bicester-village,chloe,false,active,
bicester-village,christian-louboutin,false,active,
bicester-village,clarins,false,active,
bicester-village,coach,false,active,
bicester-village,creed,false,active,
bicester-village,currentbody-skin,false,active,
bicester-village,david-clulow-sunglasses,false,active,
bicester-village,diesel,false,active,
bicester-village,dior,true,active,
bicester-village,diptyque,false,active,
bicester-village,dolce-and-gabbana,false,active,
bicester-village,dunhill,false,active,
bicester-village,dyson,false,active,
bicester-village,elemis,false,active,
bicester-village,eleventy,false,active,
bicester-village,emma-bridgewater,false,active,
bicester-village,ermenegildo-zegna,false,active,
bicester-village,etro,false,active,
bicester-village,fendi,true,active,
bicester-village,ferragamo,true,active,
bicester-village,fortnum-and-mason,false,active,
bicester-village,ganni,false,active,
bicester-village,gina,false,active,
bicester-village,givenchy,false,active,
bicester-village,golden-goose,false,active,
bicester-village,gucci,true,active,
bicester-village,guerlain,false,active,
bicester-village,hackett,false,active,
bicester-village,herno,false,active,
bicester-village,hogan,false,active,
bicester-village,hogan-at-tods,false,active,
bicester-village,holland-cooper,false,active,
bicester-village,hour-passion,false,active,
bicester-village,isabel-marant,false,active,
bicester-village,jacob-cohen,false,active,
bicester-village,jil-sander,false,active,
bicester-village,jimmy-choo,false,active,
bicester-village,jo-malone-london,false,active,
bicester-village,kate-spade-new-york,false,active,
bicester-village,kenzo,false,active,
bicester-village,kids-around,false,active,
bicester-village,kiton,false,active,
bicester-village,kurt-geiger,false,active,
bicester-village,l-occitane,false,active,
bicester-village,lacoste,false,active,
bicester-village,lalique,false,active,
bicester-village,le-creuset,false,active,
bicester-village,levis,false,active,
bicester-village,lindt,false,active,
bicester-village,loewe,true,active,
bicester-village,longchamp,false,active,
bicester-village,loro-piana,false,active,
bicester-village,lululemon,false,active,
bicester-village,maison-margiela,true,active,
bicester-village,maje,false,active,
bicester-village,manolo-blahnik,true,active,
bicester-village,marc-jacobs,false,active,
bicester-village,max-mara,false,active,
bicester-village,michael-kors,false,active,
bicester-village,missoni,false,active,
bicester-village,miu-miu,false,active,
bicester-village,molton-brown,false,active,
bicester-village,moncler,true,active,
bicester-village,monica-vinader,false,active,
bicester-village,montblanc,false,active,
bicester-village,moose-knuckles,false,active,
bicester-village,mulberry,true,active,
bicester-village,n-peal,false,active,
bicester-village,neom,false,active,
bicester-village,new-balance,false,active,
bicester-village,on,false,active,
bicester-village,orlebar-brown,false,active,
bicester-village,paige,false,active,
bicester-village,pandora,false,active,
bicester-village,paul-smith,false,active,
bicester-village,penhaligons,false,active,
bicester-village,polo-ralph-lauren,true,active,
bicester-village,prada,true,active,
bicester-village,ralph-lauren-children,false,active,
bicester-village,reiss,false,active,
bicester-village,rituals,false,active,
bicester-village,rixo,false,active,
bicester-village,roger-vivier,false,active,
bicester-village,saint-laurent,true,active,
bicester-village,samsonite,false,active,
bicester-village,sandro,false,active,
bicester-village,self-portrait,false,active,
bicester-village,shreeji-presents-the-village-news,false,active,
bicester-village,stella-mccartney,false,active,
bicester-village,stone-island,false,active,
bicester-village,sunglass-hut,false,active,
bicester-village,swarovski,false,active,
bicester-village,swatch,false,active,
bicester-village,sweaty-betty,false,active,
bicester-village,tag-heuer,false,active,
bicester-village,the-cosmetics-company-store,false,active,
bicester-village,the-north-face,false,active,
bicester-village,the-white-company,false,active,
bicester-village,thom-browne,false,active,
bicester-village,timberland,false,active,
bicester-village,tods,false,active,
bicester-village,tommy-hilfiger,false,active,
bicester-village,tommy-hilfiger-women-and-kids,false,active,
bicester-village,tory-burch,false,active,
bicester-village,tumi,false,active,
bicester-village,ugg,false,active,
bicester-village,under-armour,false,active,
bicester-village,valentino,true,active,
bicester-village,versace,false,active,
bicester-village,vilebrequin,false,active,
bicester-village,villeroy-and-boch,false,active,
bicester-village,vivienne-westwood,true,active,
bicester-village,watchfinder-and-co,false,active,
bicester-village,zimmermann,false,active,
bicester-village,zwilling-ja-henckels,false,active,
cheshire-oaks,armani-exchange,false,active,
cheshire-oaks,balmain,false,active,
cheshire-oaks,billieblush,false,active,
cheshire-oaks,boss-kids,false,active,
cheshire-oaks,colmar,false,active,
cheshire-oaks,dior,true,active,
cheshire-oaks,dolce-and-gabbana,true,active,
cheshire-oaks,fendi,true,active,
cheshire-oaks,fratelli-rossetti,false,active,
cheshire-oaks,gallo,false,active,
cheshire-oaks,givenchy,false,active,
cheshire-oaks,gucci,true,active,
cheshire-oaks,gutteridge,false,active,
cheshire-oaks,harmont-and-blaine,false,active,
cheshire-oaks,hugo-kids,false,active,
cheshire-oaks,iris-galerie,false,active,
cheshire-oaks,kenzo-kids,false,active,
cheshire-oaks,miu-miu,false,active,
cheshire-oaks,napapijri,false,active,
cheshire-oaks,new-era,false,active,
cheshire-oaks,north-sails,false,active,
cheshire-oaks,oakley,false,active,
cheshire-oaks,original-penguin,false,active,
cheshire-oaks,osprey-london,false,active,
cheshire-oaks,pandora,false,active,
cheshire-oaks,paul-costelloe,false,active,
cheshire-oaks,paul-smith,false,active,
cheshire-oaks,playmobil,false,active,
cheshire-oaks,police,false,active,
cheshire-oaks,pollini,false,active,
cheshire-oaks,prada,true,active,
cheshire-oaks,refrigiwear,false,active,
cheshire-oaks,salomon,false,active,
cheshire-oaks,save-the-duck,false,active,
cheshire-oaks,schuh,false,active,
cheshire-oaks,swatch,false,active,
cheshire-oaks,tag-heuer,false,active,
cheshire-oaks,tefal,false,active,
cheshire-oaks,timberland-kids,false,active,
cheshire-oaks,villeroy-and-boch,false,active,
cheshire-oaks,woolrich,false,active,
springfields-outlet,adidas,false,active,
springfields-outlet,beauty-outlet,false,active,
springfields-outlet,ben-sherman,false,active,
springfields-outlet,blue-diamond-garden-centre,false,active,
springfields-outlet,cadbury,false,active,
springfields-outlet,chapelle,false,active,
springfields-outlet,clarks,false,active,
springfields-outlet,cotton-traders,false,active,
springfields-outlet,craghoppers,false,active,
springfields-outlet,crew-clothing,false,active,
springfields-outlet,david-barry,false,active,
springfields-outlet,denby,false,active,
springfields-outlet,double-two,false,active,
springfields-outlet,ernest-jones,false,active,
springfields-outlet,famous-store,false,active,
springfields-outlet,fatface,false,active,
springfields-outlet,gap,false,active,
springfields-outlet,gift-company,false,active,
springfields-outlet,grape-tree,false,active,
springfields-outlet,hallmark,false,active,
springfields-outlet,haribo,false,active,
springfields-outlet,holland-and-barrett,false,active,
springfields-outlet,jack-wills,false,active,
springfields-outlet,joules,false,active,
springfields-outlet,julian-charles,false,active,
springfields-outlet,klass,false,active,
springfields-outlet,leading-labels,false,active,
springfields-outlet,levis,false,active,
springfields-outlet,maidenhead-aquatics,false,active,
springfields-outlet,marks-and-spencer,false,active,
springfields-outlet,molton-brown,false,active,
springfields-outlet,mountain-warehouse,false,active,
springfields-outlet,next,false,active,
springfields-outlet,nike,false,active,
springfields-outlet,original-factory-shop,false,active,
springfields-outlet,osprey-london,false,active,
springfields-outlet,pavers,false,active,
springfields-outlet,phase-eight,false,active,
springfields-outlet,procook,false,active,
springfields-outlet,quba-sails,false,active,
springfields-outlet,radley,false,active,
springfields-outlet,raging-bull,false,active,
springfields-outlet,regatta-great-outdoors,false,active,
springfields-outlet,roman,false,active,
springfields-outlet,saltrock,false,active,
springfields-outlet,skechers,false,active,
springfields-outlet,skopes,false,active,
springfields-outlet,sports-direct,false,active,
springfields-outlet,the-body-shop,false,active,
springfields-outlet,the-cosmetics-company-store,false,active,
springfields-outlet,the-perfume-shop,false,active,
springfields-outlet,the-works,false,active,
springfields-outlet,tog24,false,active,
springfields-outlet,trespass,false,active,
springfields-outlet,weird-fish,false,active,
springfields-outlet,white-stuff,false,active,
the-galleria-outlet,baggage-factory,false,active,
the-galleria-outlet,beauty-outlet,false,active,
the-galleria-outlet,cex,false,active,
the-galleria-outlet,chekani,false,active,
the-galleria-outlet,chekani-girls,false,active,
the-galleria-outlet,choice,false,active,
the-galleria-outlet,clarks,false,active,
the-galleria-outlet,fashion-on-trend,false,active,
the-galleria-outlet,grape-tree,false,active,
the-galleria-outlet,holland-and-barrett,false,active,
the-galleria-outlet,jaweed-popal,false,active,
the-galleria-outlet,le-creuset,false,active,
the-galleria-outlet,m-and-s-outlet,false,active,
the-galleria-outlet,milano,false,active,
the-galleria-outlet,moss,false,active,
the-galleria-outlet,mountain-warehouse,false,active,
the-galleria-outlet,nipas-beauty,false,active,
the-galleria-outlet,pavers-skechers,false,active,
the-galleria-outlet,regatta-great-outdoors,false,active,
the-galleria-outlet,shoeaholics,false,active,
the-galleria-outlet,sports-direct,false,active,
the-galleria-outlet,stag-london,false,active,
the-galleria-outlet,superdrug,false,active,
the-galleria-outlet,the-fragrance-shop,false,active,
the-galleria-outlet,the-sweet-emporium,false,active,
the-galleria-outlet,tk-maxx,false,active,
the-galleria-outlet,trespass,false,active,
the-galleria-outlet,waterstones,false,active,
the-boulevard-banbridge,adidas,false,active,
the-boulevard-banbridge,animal,false,active,
the-boulevard-banbridge,asics,false,active,
the-boulevard-banbridge,beauty-outlet,false,active,
the-boulevard-banbridge,bedeck,false,active,
the-boulevard-banbridge,ben-sherman,false,active,
the-boulevard-banbridge,bperfect,false,active,
the-boulevard-banbridge,castore,false,active,
the-boulevard-banbridge,clarks,false,active,
the-boulevard-banbridge,clintons,false,active,
the-boulevard-banbridge,craghoppers,false,active,
the-boulevard-banbridge,crew-clothing,false,active,
the-boulevard-banbridge,denby,false,active,
the-boulevard-banbridge,dune-london,false,active,
the-boulevard-banbridge,dv8,false,active,
the-boulevard-banbridge,french-connection,false,active,
the-boulevard-banbridge,guess,false,active,
the-boulevard-banbridge,hobbs,false,active,
the-boulevard-banbridge,holland-and-barrett,false,active,
the-boulevard-banbridge,house-of-cavani,false,active,
the-boulevard-banbridge,ikea,false,active,
the-boulevard-banbridge,jack-and-jones,false,active,
the-boulevard-banbridge,jack-wills,false,active,
the-boulevard-banbridge,joules,false,active,
the-boulevard-banbridge,kate-spade-new-york,false,active,
the-boulevard-banbridge,klass,false,active,
the-boulevard-banbridge,kurt-geiger,false,active,
the-boulevard-banbridge,levis,false,active,
the-boulevard-banbridge,marks-and-spencer,false,active,
the-boulevard-banbridge,molton-brown,false,active,
the-boulevard-banbridge,mountain-warehouse,false,active,
the-boulevard-banbridge,murmur,false,active,
the-boulevard-banbridge,next,false,active,
the-boulevard-banbridge,nike,false,active,
the-boulevard-banbridge,olsen,false,active,
the-boulevard-banbridge,outsidein,false,active,
the-boulevard-banbridge,pavers,false,active,
the-boulevard-banbridge,peacocks,false,active,
the-boulevard-banbridge,phase-eight,false,active,
the-boulevard-banbridge,police,false,active,
the-boulevard-banbridge,procook,false,active,
the-boulevard-banbridge,radley,false,active,
the-boulevard-banbridge,regatta-great-outdoors,false,active,
the-boulevard-banbridge,samsonite,false,active,
the-boulevard-banbridge,serendipity,false,active,
the-boulevard-banbridge,skechers,false,active,
the-boulevard-banbridge,skyl,false,active,
the-boulevard-banbridge,the-perfume-shop,false,active,
the-boulevard-banbridge,the-works,false,active,
the-boulevard-banbridge,timberland,false,active,
the-boulevard-banbridge,tog24,false,active,
the-boulevard-banbridge,toytown,false,active,
the-boulevard-banbridge,trespass,false,active,
the-boulevard-banbridge,under-armour,false,active,
the-boulevard-banbridge,vila,false,active,
the-boulevard-banbridge,whistles,false,active,
the-boulevard-banbridge,yankee-candle,false,active,
bridgend-designer-outlet,adidas,false,active,
bridgend-designer-outlet,animal,false,active,
bridgend-designer-outlet,armani,false,active,
bridgend-designer-outlet,asics,false,active,
bridgend-designer-outlet,barbour,false,active,
bridgend-designer-outlet,beauty-outlet,false,active,
bridgend-designer-outlet,ben-sherman,false,active,
bridgend-designer-outlet,boss,false,active,
bridgend-designer-outlet,cadbury,false,active,
bridgend-designer-outlet,calvin-klein,false,active,
bridgend-designer-outlet,card-centre,false,active,
bridgend-designer-outlet,carvela,false,active,
bridgend-designer-outlet,character-com,false,active,
bridgend-designer-outlet,clarks,false,active,
bridgend-designer-outlet,clogau-gold,false,active,
bridgend-designer-outlet,columbia,false,active,
bridgend-designer-outlet,crew-clothing,false,active,
bridgend-designer-outlet,crocs,false,active,
bridgend-designer-outlet,denby,false,active,
bridgend-designer-outlet,dolce-and-gabbana,false,active,
bridgend-designer-outlet,dune-london,false,active,
bridgend-designer-outlet,eden,false,active,
bridgend-designer-outlet,ernest-jones,false,active,
bridgend-designer-outlet,french-connection,false,active,
bridgend-designer-outlet,gift-company,false,active,
bridgend-designer-outlet,gucci,false,active,
bridgend-designer-outlet,guess,false,active,
bridgend-designer-outlet,haribo,false,active,
bridgend-designer-outlet,helly-hansen,false,active,
bridgend-designer-outlet,holland-and-barrett,false,active,
bridgend-designer-outlet,hotel-chocolat,false,active,
bridgend-designer-outlet,jack-wills,false,active,
bridgend-designer-outlet,joules,false,active,
bridgend-designer-outlet,klass,false,active,
bridgend-designer-outlet,le-creuset,false,active,
bridgend-designer-outlet,levis,false,active,
bridgend-designer-outlet,lindt,false,active,
bridgend-designer-outlet,marks-and-spencer,false,active,
bridgend-designer-outlet,molton-brown,false,active,
bridgend-designer-outlet,moss,false,active,
bridgend-designer-outlet,mountain-warehouse,false,active,
bridgend-designer-outlet,new-balance,false,active,
bridgend-designer-outlet,next,false,active,
bridgend-designer-outlet,oakley,false,active,
bridgend-designer-outlet,osprey,false,active,
bridgend-designer-outlet,pavers,false,active,
bridgend-designer-outlet,prada,false,active,
bridgend-designer-outlet,procook,false,active,
bridgend-designer-outlet,puma,false,active,
bridgend-designer-outlet,radley,false,active,
bridgend-designer-outlet,ravensburger,false,active,
bridgend-designer-outlet,ray-ban,false,active,
bridgend-designer-outlet,regatta-great-outdoors,false,active,
bridgend-designer-outlet,regis,false,active,
bridgend-designer-outlet,rituals,false,active,
bridgend-designer-outlet,rohan,false,active,
bridgend-designer-outlet,roman,false,active,
bridgend-designer-outlet,saltrock,false,active,
bridgend-designer-outlet,sash-and-co,false,active,
bridgend-designer-outlet,skechers,false,active,
bridgend-designer-outlet,skopes,false,active,
bridgend-designer-outlet,sports-direct,false,active,
bridgend-designer-outlet,suit-direct,false,active,
bridgend-designer-outlet,sunglass-hut,false,active,
bridgend-designer-outlet,superdry,false,active,
bridgend-designer-outlet,swarovski,false,active,
bridgend-designer-outlet,tempur,false,active,
bridgend-designer-outlet,the-body-shop,false,active,
bridgend-designer-outlet,the-cosmetics-company-store,false,active,
bridgend-designer-outlet,the-label-yard,false,active,
bridgend-designer-outlet,the-north-face,false,active,
bridgend-designer-outlet,the-perfume-shop,false,active,
bridgend-designer-outlet,the-works,false,active,
bridgend-designer-outlet,timberland,false,active,
bridgend-designer-outlet,tog24,false,active,
bridgend-designer-outlet,tommy-hilfiger,false,active,
bridgend-designer-outlet,trespass,false,active,
bridgend-designer-outlet,under-armour,false,active,
bridgend-designer-outlet,vans,false,active,
bridgend-designer-outlet,weekend-offender,false,active,
bridgend-designer-outlet,white-stuff,false,active,
bridgend-designer-outlet,whittard,false,active,
bridgend-designer-outlet,yankee-candle,false,active,
east-midlands-designer-outlet,adidas,false,active,
east-midlands-designer-outlet,barbour,false,active,
east-midlands-designer-outlet,beauty-outlet,false,active,
east-midlands-designer-outlet,boss,false,active,
east-midlands-designer-outlet,cadbury,false,active,
east-midlands-designer-outlet,calvin-klein,false,active,
east-midlands-designer-outlet,carvela,false,active,
east-midlands-designer-outlet,chapelle,false,active,
east-midlands-designer-outlet,clarks,false,active,
east-midlands-designer-outlet,crew-clothing,false,active,
east-midlands-designer-outlet,crocs,false,active,
east-midlands-designer-outlet,denby,false,active,
east-midlands-designer-outlet,ernest-jones,false,active,
east-midlands-designer-outlet,french-connection,false,active,
east-midlands-designer-outlet,hallmark,false,active,
east-midlands-designer-outlet,haribo,false,active,
east-midlands-designer-outlet,joules,false,active,
east-midlands-designer-outlet,klass,false,active,
east-midlands-designer-outlet,krups,false,active,
east-midlands-designer-outlet,kurt-geiger,false,active,
east-midlands-designer-outlet,lacoste,false,active,
east-midlands-designer-outlet,le-creuset,false,active,
east-midlands-designer-outlet,levis,false,active,
east-midlands-designer-outlet,lindt,false,active,
east-midlands-designer-outlet,marks-and-spencer,false,active,
east-midlands-designer-outlet,molton-brown,false,active,
east-midlands-designer-outlet,moss,false,active,
east-midlands-designer-outlet,mountain-warehouse,false,active,
east-midlands-designer-outlet,next,false,active,
east-midlands-designer-outlet,nike,false,active,
east-midlands-designer-outlet,pavers,false,active,
east-midlands-designer-outlet,procook,false,active,
east-midlands-designer-outlet,puma,false,active,
east-midlands-designer-outlet,radley,false,active,
east-midlands-designer-outlet,regatta-great-outdoors,false,active,
east-midlands-designer-outlet,rituals,false,active,
east-midlands-designer-outlet,roman,false,active,
east-midlands-designer-outlet,rowenta,false,active,
east-midlands-designer-outlet,skechers,false,active,
east-midlands-designer-outlet,skopes,false,active,
east-midlands-designer-outlet,suit-direct,false,active,
east-midlands-designer-outlet,sunglass-hut,false,active,
east-midlands-designer-outlet,superdry,false,active,
east-midlands-designer-outlet,swarovski,false,active,
east-midlands-designer-outlet,tefal,false,active,
east-midlands-designer-outlet,the-body-shop,false,active,
east-midlands-designer-outlet,the-cosmetics-company-store,false,active,
east-midlands-designer-outlet,the-label-yard,false,active,
east-midlands-designer-outlet,the-perfume-shop,false,active,
east-midlands-designer-outlet,the-works,false,active,
east-midlands-designer-outlet,timberland,false,active,
east-midlands-designer-outlet,tog24,false,active,
east-midlands-designer-outlet,tommy-hilfiger,false,active,
east-midlands-designer-outlet,under-armour,false,active,
east-midlands-designer-outlet,u-s-polo-assn,false,active,
east-midlands-designer-outlet,yankee-candle,false,active,
sambil-madrid,benetton,false,active,
sambil-madrid,biker-outlet,false,active,
sambil-madrid,decimas,false,active,
sambil-madrid,drippblue,false,active,
sambil-madrid,fifty-factory,false,active,
sambil-madrid,fk-donna-uomo,false,active,
sambil-madrid,gold-princess,false,active,
sambil-madrid,jack-and-jones,false,active,
sambil-madrid,joma,false,active,
sambil-madrid,outlet-el-corte-ingles,false,active,
sambil-madrid,outlet-sport,false,active,
sambil-madrid,pepco,false,active,
sambil-madrid,promise,false,active,
sambil-madrid,sergio-y-cano,false,active,
sambil-madrid,spagnolo,false,active,
sambil-madrid,sqrups,false,active,
sambil-madrid,tantrend,false,active,
sambil-madrid,toy-planet,false,active,
sambil-madrid,tuc-tuc,false,active,
designer-outlet-malaga,adidas,true,active,
designer-outlet-malaga,adolfo-dominguez,false,active,
designer-outlet-malaga,alvaro-moreno,false,active,
designer-outlet-malaga,american-vintage,false,active,
designer-outlet-malaga,antony-morato,false,active,
designer-outlet-malaga,aristocrazy,false,active,
designer-outlet-malaga,armani,true,active,
designer-outlet-malaga,asics,false,active,
designer-outlet-malaga,baldinini,false,active,
designer-outlet-malaga,beatriz-furest,false,active,
designer-outlet-malaga,bimba-y-lola,false,active,
designer-outlet-malaga,birkenstock,false,active,
designer-outlet-malaga,blue-banana,false,active,
designer-outlet-malaga,boss,false,active,
designer-outlet-malaga,boss-kids,false,active,
designer-outlet-malaga,calvin-klein,false,active,
designer-outlet-malaga,camper,false,active,
designer-outlet-malaga,ch-carolina-herrera,false,active,
designer-outlet-malaga,chloe,false,active,
designer-outlet-malaga,clarks,false,active,
designer-outlet-malaga,claudie-pierlot,false,active,
designer-outlet-malaga,coach,false,active,
designer-outlet-malaga,columbia,false,active,
designer-outlet-malaga,crocs,false,active,
designer-outlet-malaga,diesel,false,active,
designer-outlet-malaga,dockers,false,active,
designer-outlet-malaga,faconnable,false,active,
designer-outlet-malaga,ferragamo,false,active,
designer-outlet-malaga,furla,false,active,
designer-outlet-malaga,g-star-raw,false,active,
designer-outlet-malaga,gant,false,active,
designer-outlet-malaga,geox,false,active,
designer-outlet-malaga,givenchy-kids,false,active,
designer-outlet-malaga,guess,false,active,
designer-outlet-malaga,guess-men,false,active,
designer-outlet-malaga,hackett,false,active,
designer-outlet-malaga,haribo,false,active,
designer-outlet-malaga,harmont-and-blaine,false,active,
designer-outlet-malaga,havaianas,false,active,
designer-outlet-malaga,hawkers,false,active,
designer-outlet-malaga,hoff,false,active,
designer-outlet-malaga,home-and-cook,false,active,
designer-outlet-malaga,hugo,false,active,
designer-outlet-malaga,hugo-kids,false,active,
designer-outlet-malaga,intrend,false,active,
designer-outlet-malaga,karl-lagerfeld,false,active,
designer-outlet-malaga,karl-lagerfeld-kids,false,active,
designer-outlet-malaga,kenzo-kids,false,active,
designer-outlet-malaga,kids-around,false,active,
designer-outlet-malaga,krups,false,active,
designer-outlet-malaga,l-occitane,false,active,
designer-outlet-malaga,lacoste,false,active,
designer-outlet-malaga,le-creuset,false,active,
designer-outlet-malaga,levis,false,active,
designer-outlet-malaga,lindt,false,active,
designer-outlet-malaga,liu-jo,false,active,
designer-outlet-malaga,lola-casademunt,false,active,
designer-outlet-malaga,maje,false,active,
designer-outlet-malaga,marc-jacobs-kids,false,active,
designer-outlet-malaga,michael-kors,false,active,
designer-outlet-malaga,michael-kors-kids,false,active,
designer-outlet-malaga,moncler,true,active,
designer-outlet-malaga,moulinex,false,active,
designer-outlet-malaga,new-balance,false,active,
designer-outlet-malaga,new-era,false,active,
designer-outlet-malaga,outly,false,active,
designer-outlet-malaga,pal-zileri,false,active,
designer-outlet-malaga,pdpaola,false,active,
designer-outlet-malaga,pedro-del-hierro,false,active,
designer-outlet-malaga,pepe-jeans,false,active,
designer-outlet-malaga,philipp-plein,false,active,
designer-outlet-malaga,polo-ralph-lauren,true,active,
designer-outlet-malaga,puma,false,active,
designer-outlet-malaga,purificacion-garcia,false,active,
designer-outlet-malaga,ray-ban,false,active,
designer-outlet-malaga,roberto-cavalli,false,active,
designer-outlet-malaga,roberto-verino,false,active,
designer-outlet-malaga,rowenta,false,active,
designer-outlet-malaga,sabor-a-espana,false,active,
designer-outlet-malaga,samsonite,false,active,
designer-outlet-malaga,sandro,false,active,
designer-outlet-malaga,scalpers,false,active,
designer-outlet-malaga,silbon,false,active,
designer-outlet-malaga,simone-perele,false,active,
designer-outlet-malaga,simorra,false,active,
designer-outlet-malaga,sita-murt,false,active,
designer-outlet-malaga,swarovski,false,active,
designer-outlet-malaga,tefal,false,active,
designer-outlet-malaga,the-body-shop,false,active,
designer-outlet-malaga,the-north-face,false,active,
designer-outlet-malaga,timberland,false,active,
designer-outlet-malaga,timberland-kids,false,active,
designer-outlet-malaga,tommy-hilfiger,false,active,
designer-outlet-malaga,tumi,false,active,
designer-outlet-malaga,twinset,false,active,
designer-outlet-malaga,under-armour,false,active,
designer-outlet-malaga,vans,false,active,
designer-outlet-malaga,vilebrequin,false,active,
designer-outlet-malaga,villeroy-and-boch,false,active,
designer-outlet-malaga,volcom,false,active,
designer-outlet-malaga,wmf,false,active,
designer-outlet-malaga,zwilling,false,active,
las-rozas-village,adidas,false,active,
las-rozas-village,adolfo-dominguez,false,active,
las-rozas-village,aristocrazy,false,active,
las-rozas-village,armani,true,active,
las-rozas-village,ba-and-sh,false,active,
las-rozas-village,bimani,false,active,
las-rozas-village,bimba-y-lola,false,active,
las-rozas-village,birkenstock,false,active,
las-rozas-village,boss,false,active,
las-rozas-village,breitling,false,active,
las-rozas-village,brownie,false,active,
las-rozas-village,burberry,true,active,
las-rozas-village,calvin-klein,false,active,
las-rozas-village,calvin-klein-jeans,false,active,
las-rozas-village,calvin-klein-underwear,false,active,
las-rozas-village,ch-carolina-herrera,false,active,
las-rozas-village,chloe,false,active,
las-rozas-village,clarins,false,active,
las-rozas-village,coach,false,active,
las-rozas-village,columbia,false,active,
las-rozas-village,diesel,false,active,
las-rozas-village,dockers,false,active,
las-rozas-village,dolce-and-gabbana,true,active,
las-rozas-village,dyson,false,active,
las-rozas-village,ecoalf,false,active,
las-rozas-village,el-ganso,false,active,
las-rozas-village,elisabetta-franchi,false,active,
las-rozas-village,etro,false,active,
las-rozas-village,ferragamo,true,active,
las-rozas-village,flabelus,false,active,
las-rozas-village,furla,false,active,
las-rozas-village,gucci,true,active,
las-rozas-village,guess,false,active,
las-rozas-village,hackett,false,active,
las-rozas-village,herno,false,active,
las-rozas-village,hoff,false,active,
las-rozas-village,hour-passion,false,active,
las-rozas-village,isabel-marant,false,active,
las-rozas-village,jimmy-choo,false,active,
las-rozas-village,karl-lagerfeld,false,active,
las-rozas-village,kenzo,false,active,
las-rozas-village,l-occitane,false,active,
las-rozas-village,lacoste,false,active,
las-rozas-village,le-creuset,false,active,
las-rozas-village,levis,false,active,
las-rozas-village,lindt,false,active,
las-rozas-village,liu-jo,false,active,
las-rozas-village,loewe,true,active,
las-rozas-village,loewe-perfumes,false,active,
las-rozas-village,longchamp,false,active,
las-rozas-village,maje,false,active,
las-rozas-village,marc-jacobs,false,active,
las-rozas-village,michael-kors,false,active,
las-rozas-village,miu-miu,true,active,
las-rozas-village,montblanc,false,active,
las-rozas-village,new-balance,false,active,
las-rozas-village,nude-project,false,active,
las-rozas-village,pandora,false,active,
las-rozas-village,pdpaola,false,active,
las-rozas-village,philipp-plein,false,active,
las-rozas-village,pinko,false,active,
las-rozas-village,polo-ralph-lauren,true,active,
las-rozas-village,polo-ralph-lauren-children,false,active,
las-rozas-village,polo-ralph-lauren-men,false,active,
las-rozas-village,polo-ralph-lauren-women,false,active,
las-rozas-village,prada,true,active,
las-rozas-village,purificacion-garcia,false,active,
las-rozas-village,rituals,false,active,
las-rozas-village,samsonite,false,active,
las-rozas-village,sandro,false,active,
las-rozas-village,scalpers,false,active,
las-rozas-village,scalpers-woman,false,active,
las-rozas-village,scuffers,false,active,
las-rozas-village,shiseido,false,active,
las-rozas-village,silbon,false,active,
las-rozas-village,sunglass-hut,false,active,
las-rozas-village,swarovski,false,active,
las-rozas-village,tag-heuer,false,active,
las-rozas-village,the-cosmetics-company-store,false,active,
las-rozas-village,the-north-face,false,active,
las-rozas-village,timberland,false,active,
las-rozas-village,tommy-hilfiger,false,active,
las-rozas-village,tory-burch,false,active,
las-rozas-village,tous,false,active,
las-rozas-village,tumi,false,active,
las-rozas-village,ugg,false,active,
las-rozas-village,under-armour,false,active,
las-rozas-village,unode50,false,active,
las-rozas-village,valentino-garavani,false,active,
las-rozas-village,vans,false,active,
las-rozas-village,versace,true,active,
las-rozas-village,zadig-and-voltaire,false,active,
las-rozas-village,zwilling-ja-henckels,false,active,
viladecans-the-style-outlets,adidas,false,active,
viladecans-the-style-outlets,adolfo-dominguez,false,active,
viladecans-the-style-outlets,belros,false,active,
viladecans-the-style-outlets,biba,false,active,
viladecans-the-style-outlets,bimba-and-lola,false,active,
viladecans-the-style-outlets,boboli,false,active,
viladecans-the-style-outlets,boston,false,active,
viladecans-the-style-outlets,calzedonia,false,active,
viladecans-the-style-outlets,camper,false,active,
viladecans-the-style-outlets,converse,false,active,
viladecans-the-style-outlets,crocs,false,active,
viladecans-the-style-outlets,delsey,false,active,
viladecans-the-style-outlets,desigual,false,active,
viladecans-the-style-outlets,dockers,false,active,
viladecans-the-style-outlets,druni,false,active,
viladecans-the-style-outlets,festina-group,false,active,
viladecans-the-style-outlets,fifty-outlet,false,active,
viladecans-the-style-outlets,florencia,false,active,
viladecans-the-style-outlets,g-star,false,active,
viladecans-the-style-outlets,guess,false,active,
viladecans-the-style-outlets,haribo,false,active,
viladecans-the-style-outlets,harmont-and-blaine,false,active,
viladecans-the-style-outlets,hispanitas,false,active,
viladecans-the-style-outlets,home-and-cook,false,active,
viladecans-the-style-outlets,hurley,false,active,
viladecans-the-style-outlets,jack-and-jones,false,active,
viladecans-the-style-outlets,joma,false,active,
viladecans-the-style-outlets,kappa,false,active,
viladecans-the-style-outlets,la-casa-de-las-carcasas,false,active,
viladecans-the-style-outlets,lindt,false,active,
viladecans-the-style-outlets,liu-jo-uomo,false,active,
viladecans-the-style-outlets,m-store,false,active,
viladecans-the-style-outlets,mango,false,active,
viladecans-the-style-outlets,marc-opolo,false,active,
viladecans-the-style-outlets,mayoral,false,active,
viladecans-the-style-outlets,mr-wonderful,false,active,
viladecans-the-style-outlets,munich,false,active,
viladecans-the-style-outlets,naulover,false,active,
viladecans-the-style-outlets,new-era,false,active,
viladecans-the-style-outlets,nike,false,active,
viladecans-the-style-outlets,north-sails,false,active,
viladecans-the-style-outlets,oro-vivo,false,active,
viladecans-the-style-outlets,parfois,false,active,
viladecans-the-style-outlets,pedro-del-hierro,false,active,
viladecans-the-style-outlets,primor,false,active,
viladecans-the-style-outlets,puma,false,active,
viladecans-the-style-outlets,quiksilver,false,active,
viladecans-the-style-outlets,reebok,false,active,
viladecans-the-style-outlets,rip-curl,false,active,
viladecans-the-style-outlets,salsa-jeans,false,active,
viladecans-the-style-outlets,simorra,false,active,
viladecans-the-style-outlets,sita-murt,false,active,
viladecans-the-style-outlets,skechers,false,active,
viladecans-the-style-outlets,suits-inc,false,active,
viladecans-the-style-outlets,sunglass-hut,false,active,
viladecans-the-style-outlets,tenth,false,active,
viladecans-the-style-outlets,textura,false,active,
viladecans-the-style-outlets,the-body-shop,false,active,
viladecans-the-style-outlets,timberland,false,active,
viladecans-the-style-outlets,triumph,false,active,
viladecans-the-style-outlets,u-s-polo-assn,false,active,
viladecans-the-style-outlets,under-armour,false,active,
viladecans-the-style-outlets,visionlab,false,active,
viladecans-the-style-outlets,volcom,false,active,
viladecans-the-style-outlets,wonders,false,active,
la-roca-village,adidas,false,active,
la-roca-village,adolfo-dominguez,false,active,
la-roca-village,armani,false,active,
la-roca-village,asics,false,active,
la-roca-village,ba-and-sh,false,active,
la-roca-village,balenciaga,false,active,
la-roca-village,balmain,false,active,
la-roca-village,barca-store,false,active,
la-roca-village,biking-point,false,active,
la-roca-village,bimba-y-lola,false,active,
la-roca-village,birkenstock,false,active,
la-roca-village,boggi-milano,false,active,
la-roca-village,boss,false,active,
la-roca-village,brownie,false,active,
la-roca-village,brunello-cucinelli,false,active,
la-roca-village,burberry,false,active,
la-roca-village,calvin-klein-jeans,false,active,
la-roca-village,calvin-klein-underwear,false,active,
la-roca-village,camper,false,active,
la-roca-village,carhartt-wip,false,active,
la-roca-village,castaner,false,active,
la-roca-village,ch-carolina-herrera,false,active,
la-roca-village,clarins,false,active,
la-roca-village,claudie-pierlot,false,active,
la-roca-village,cle-de-peau,false,active,
la-roca-village,coach,false,active,
la-roca-village,cold-culture,false,active,
la-roca-village,cole-haan,false,active,
la-roca-village,columbia,false,active,
la-roca-village,diesel,false,active,
la-roca-village,dockers,false,active,
la-roca-village,dolceandgabbana,false,active,
la-roca-village,dr-martens,false,active,
la-roca-village,dsquared2,false,active,
la-roca-village,dyson,false,active,
la-roca-village,ecoalf,false,active,
la-roca-village,eleventy,false,active,
la-roca-village,eseoese,false,active,
la-roca-village,etnia-barcelona,false,active,
la-roca-village,etro,false,active,
la-roca-village,ferragamo,false,active,
la-roca-village,furla,false,active,
la-roca-village,gant,false,active,
la-roca-village,geox,false,active,
la-roca-village,golden-goose,false,active,
la-roca-village,gucci,false,active,
la-roca-village,guess,false,active,
la-roca-village,guess-accessories,false,active,
la-roca-village,hackett-london,false,active,
la-roca-village,havaianas,false,active,
la-roca-village,helly-hansen,false,active,
la-roca-village,hoff,false,active,
la-roca-village,hour-passion,false,active,
la-roca-village,inspira,false,active,
la-roca-village,iro-paris,false,active,
la-roca-village,isabel-marant,false,active,
la-roca-village,jimmy-choo,false,active,
la-roca-village,karl-lagerfeld,false,active,
la-roca-village,kenzo,false,active,
la-roca-village,kids-around,false,active,
la-roca-village,l-occitane,false,active,
la-roca-village,lacoste,false,active,
la-roca-village,le-creuset,false,active,
la-roca-village,levis,false,active,
la-roca-village,lindt,false,active,
la-roca-village,liujo,false,active,
la-roca-village,loewe,false,active,
la-roca-village,lola-casademunt,false,active,
la-roca-village,longchamp,false,active,
la-roca-village,maje,false,active,
la-roca-village,mandarina-duck,false,active,
la-roca-village,marc-jacobs,false,active,
la-roca-village,max-mara,false,active,
la-roca-village,michael-kors,false,active,
la-roca-village,miu-miu,false,active,
la-roca-village,moncler,false,active,
la-roca-village,montblanc,false,active,
la-roca-village,moschino,false,active,
la-roca-village,munich,false,active,
la-roca-village,napapijri,false,active,
la-roca-village,new-balance,false,active,
la-roca-village,nude-project,false,active,
la-roca-village,old-ridel,false,active,
la-roca-village,pepe-jeans-london,false,active,
la-roca-village,philipp-plein,false,active,
la-roca-village,pinko,false,active,
la-roca-village,piquadro,false,active,
la-roca-village,prada,false,active,
la-roca-village,puma,false,active,
la-roca-village,purificacion-garcia,false,active,
la-roca-village,quiksilver,false,active,
la-roca-village,ralph-lauren,false,active,
la-roca-village,replay,false,active,
la-roca-village,sandro,false,active,
la-roca-village,sandro-kids,false,active,
la-roca-village,sunglass-hut,false,active,
la-roca-village,swarovski,false,active,
la-roca-village,tag-heuer,false,active,
la-roca-village,the-north-face,false,active,
la-roca-village,timberland,false,active,
la-roca-village,tommy-hilfiger,false,active,
la-roca-village,twojeys,false,active,
la-roca-village,ugg,false,active,
la-roca-village,under-armour,false,active,
la-roca-village,vans,false,active,
la-roca-village,versace,false,active,
la-roca-village,vilebrequin,false,active,
la-roca-village,villeroy-and-boch,false,active,
la-roca-village,zadigandvoltaire,false,active,
la-roca-village,zegna,false,active,
la-roca-village,zwilling,false,active,
getafe-the-style-outlets,adidas,false,active,
getafe-the-style-outlets,adolfo-dominguez,false,active,
getafe-the-style-outlets,algo-bonito,false,active,
getafe-the-style-outlets,asics,false,active,
getafe-the-style-outlets,atletico-de-madrid,false,active,
getafe-the-style-outlets,belros,false,active,
getafe-the-style-outlets,boston,false,active,
getafe-the-style-outlets,callaghan-gorila,false,active,
getafe-the-style-outlets,calzedonia,false,active,
getafe-the-style-outlets,chika10,false,active,
getafe-the-style-outlets,coolligan,false,active,
getafe-the-style-outlets,crocs,false,active,
getafe-the-style-outlets,delsey,false,active,
getafe-the-style-outlets,desigual,false,active,
getafe-the-style-outlets,dockers,false,active,
getafe-the-style-outlets,druni,false,active,
getafe-the-style-outlets,etam,false,active,
getafe-the-style-outlets,festina-group,false,active,
getafe-the-style-outlets,fifty-outlet,false,active,
getafe-the-style-outlets,florencia,false,active,
getafe-the-style-outlets,g-star,false,active,
getafe-the-style-outlets,gioseppo,false,active,
getafe-the-style-outlets,guess,false,active,
getafe-the-style-outlets,havaianas,false,active,
getafe-the-style-outlets,hawkers,false,active,
getafe-the-style-outlets,hispanitas,false,active,
getafe-the-style-outlets,home-and-cook,false,active,
getafe-the-style-outlets,indi-and-cold,false,active,
getafe-the-style-outlets,izas,false,active,
getafe-the-style-outlets,jack-and-jones,false,active,
getafe-the-style-outlets,joma,false,active,
getafe-the-style-outlets,kappa,false,active,
getafe-the-style-outlets,kiko,false,active,
getafe-the-style-outlets,la-casa-de-las-carcasas,false,active,
getafe-the-style-outlets,lamford,false,active,
getafe-the-style-outlets,levis,false,active,
getafe-the-style-outlets,lindt,false,active,
getafe-the-style-outlets,mango,false,active,
getafe-the-style-outlets,mayoral,false,active,
getafe-the-style-outlets,munich,false,active,
getafe-the-style-outlets,new-balance,false,active,
getafe-the-style-outlets,new-era,false,active,
getafe-the-style-outlets,nike,false,active,
getafe-the-style-outlets,nunez-de-arenas,false,active,
getafe-the-style-outlets,oh-gar,false,active,
getafe-the-style-outlets,only,false,active,
getafe-the-style-outlets,oro-vivo,false,active,
getafe-the-style-outlets,parfois,false,active,
getafe-the-style-outlets,pepe-jeans,false,active,
getafe-the-style-outlets,pikolinos,false,active,
getafe-the-style-outlets,primor,false,active,
getafe-the-style-outlets,pull-and-bear,false,active,
getafe-the-style-outlets,puma-kids,false,active,
getafe-the-style-outlets,puma,false,active,
getafe-the-style-outlets,rituals,false,active,
getafe-the-style-outlets,salsa-jeans,false,active,
getafe-the-style-outlets,skechers,false,active,
getafe-the-style-outlets,soloptical,false,active,
getafe-the-style-outlets,stradivarius,false,active,
getafe-the-style-outlets,suits-inc,false,active,
getafe-the-style-outlets,sunglass-hut,false,active,
getafe-the-style-outlets,tenth,false,active,
getafe-the-style-outlets,triumph,false,active,
getafe-the-style-outlets,ulanka,false,active,
getafe-the-style-outlets,under-armour,false,active,
getafe-the-style-outlets,united-colors-of-benetton,false,active,
getafe-the-style-outlets,valecuatro,false,active,
getafe-the-style-outlets,vans,false,active,
san-sebastian-de-los-reyes-the-style-outlets,adidas,false,active,
san-sebastian-de-los-reyes-the-style-outlets,adolfo-dominguez,false,active,
san-sebastian-de-los-reyes-the-style-outlets,alain-afflelou,false,active,
san-sebastian-de-los-reyes-the-style-outlets,algo-bonito,false,active,
san-sebastian-de-los-reyes-the-style-outlets,alvaro-moreno,false,active,
san-sebastian-de-los-reyes-the-style-outlets,barbour,false,active,
san-sebastian-de-los-reyes-the-style-outlets,belros,false,active,
san-sebastian-de-los-reyes-the-style-outlets,biba,false,active,
san-sebastian-de-los-reyes-the-style-outlets,bimba-y-lola,false,active,
san-sebastian-de-los-reyes-the-style-outlets,blue-banana,false,active,
san-sebastian-de-los-reyes-the-style-outlets,boston,false,active,
san-sebastian-de-los-reyes-the-style-outlets,callaghan-gorila,false,active,
san-sebastian-de-los-reyes-the-style-outlets,calzedonia,false,active,
san-sebastian-de-los-reyes-the-style-outlets,camper,false,active,
san-sebastian-de-los-reyes-the-style-outlets,coosy,false,active,
san-sebastian-de-los-reyes-the-style-outlets,crocs,false,active,
san-sebastian-de-los-reyes-the-style-outlets,decathlon,false,active,
san-sebastian-de-los-reyes-the-style-outlets,desigual,false,active,
san-sebastian-de-los-reyes-the-style-outlets,dockers,false,active,
san-sebastian-de-los-reyes-the-style-outlets,el-corte-ingles-outlet,false,active,
san-sebastian-de-los-reyes-the-style-outlets,farrutx,false,active,
san-sebastian-de-los-reyes-the-style-outlets,festina-group,false,active,
san-sebastian-de-los-reyes-the-style-outlets,fifty-outlet,false,active,
san-sebastian-de-los-reyes-the-style-outlets,guess,false,active,
san-sebastian-de-los-reyes-the-style-outlets,harry,false,active,
san-sebastian-de-los-reyes-the-style-outlets,havaianas,false,active,
san-sebastian-de-los-reyes-the-style-outlets,hawkers,false,active,
san-sebastian-de-los-reyes-the-style-outlets,hispanitas,false,active,
san-sebastian-de-los-reyes-the-style-outlets,home-and-cook,false,active,
san-sebastian-de-los-reyes-the-style-outlets,jack-and-jones,false,active,
san-sebastian-de-los-reyes-the-style-outlets,kids-around,false,active,
san-sebastian-de-los-reyes-the-style-outlets,kiko,false,active,
san-sebastian-de-los-reyes-the-style-outlets,la-casa-de-las-carcasas,false,active,
san-sebastian-de-los-reyes-the-style-outlets,lamford,false,active,
san-sebastian-de-los-reyes-the-style-outlets,levis,false,active,
san-sebastian-de-los-reyes-the-style-outlets,lindt,false,active,
san-sebastian-de-los-reyes-the-style-outlets,lola-casademunt,false,active,
san-sebastian-de-los-reyes-the-style-outlets,luxenter,false,active,
san-sebastian-de-los-reyes-the-style-outlets,majorica,false,active,
san-sebastian-de-los-reyes-the-style-outlets,mango,false,active,
san-sebastian-de-los-reyes-the-style-outlets,mayoral,false,active,
san-sebastian-de-los-reyes-the-style-outlets,motostore,false,active,
san-sebastian-de-los-reyes-the-style-outlets,munich,false,active,
san-sebastian-de-los-reyes-the-style-outlets,napapijri,false,active,
san-sebastian-de-los-reyes-the-style-outlets,new-balance,false,active,
san-sebastian-de-los-reyes-the-style-outlets,new-era,false,active,
san-sebastian-de-los-reyes-the-style-outlets,northweek,false,active,
san-sebastian-de-los-reyes-the-style-outlets,nunez-de-arenas,false,active,
san-sebastian-de-los-reyes-the-style-outlets,obey,false,active,
san-sebastian-de-los-reyes-the-style-outlets,only,false,active,
san-sebastian-de-los-reyes-the-style-outlets,outly,false,active,
san-sebastian-de-los-reyes-the-style-outlets,parfois,false,active,
san-sebastian-de-los-reyes-the-style-outlets,pepe-jeans,false,active,
san-sebastian-de-los-reyes-the-style-outlets,primor,false,active,
san-sebastian-de-los-reyes-the-style-outlets,puma,false,active,
san-sebastian-de-los-reyes-the-style-outlets,punto-blanco,false,active,
san-sebastian-de-los-reyes-the-style-outlets,reebok,false,active,
san-sebastian-de-los-reyes-the-style-outlets,roberto-verino,false,active,
san-sebastian-de-los-reyes-the-style-outlets,salomon,false,active,
san-sebastian-de-los-reyes-the-style-outlets,salsa-jeans,false,active,
san-sebastian-de-los-reyes-the-style-outlets,samsonite,false,active,
san-sebastian-de-los-reyes-the-style-outlets,simorra,false,active,
san-sebastian-de-los-reyes-the-style-outlets,skechers,false,active,
san-sebastian-de-los-reyes-the-style-outlets,suits-inc,false,active,
san-sebastian-de-los-reyes-the-style-outlets,sunglass-hut,false,active,
san-sebastian-de-los-reyes-the-style-outlets,tempe,false,active,
san-sebastian-de-los-reyes-the-style-outlets,tenth,false,active,
san-sebastian-de-los-reyes-the-style-outlets,textura,false,active,
san-sebastian-de-los-reyes-the-style-outlets,triumph,false,active,
san-sebastian-de-los-reyes-the-style-outlets,under-armour,false,active,
san-sebastian-de-los-reyes-the-style-outlets,united-colors-of-benetton,false,active,
san-sebastian-de-los-reyes-the-style-outlets,valecuatro,false,active,
san-sebastian-de-los-reyes-the-style-outlets,villeroy-and-boch,false,active,
san-sebastian-de-los-reyes-the-style-outlets,visionlab,false,active,
san-sebastian-de-los-reyes-the-style-outlets,volcom,false,active,
san-sebastian-de-los-reyes-the-style-outlets,wmf,false,active,
san-sebastian-de-los-reyes-the-style-outlets,wonders,false,active,
san-sebastian-de-los-reyes-the-style-outlets,zara-home,false,active,
mallorca-fashion-outlet,hawkers,false,active,
mallorca-fashion-outlet,under-armour,false,active,
mallorca-fashion-outlet,boss,false,active,
mallorca-fashion-outlet,bimba-y-lola,false,active,
mallorca-fashion-outlet,columbia,false,active,
mallorca-fashion-outlet,michael-kors,false,active,
mallorca-fashion-outlet,karl-lagerfeld,false,active,
mallorca-fashion-outlet,tommy-hilfiger,false,active,
mallorca-fashion-outlet,lacoste,false,active,
mallorca-fashion-outlet,american-vintage,false,active,
mallorca-fashion-outlet,munich,false,active,
mallorca-fashion-outlet,diesel,false,active,
mallorca-fashion-outlet,converse,false,active,
mallorca-fashion-outlet,jack-and-jones,false,active,
mallorca-fashion-outlet,pepe-jeans,false,active,
mallorca-fashion-outlet,lola-casademunt,false,active,
mallorca-fashion-outlet,coach,false,active,
sevilla-fashion-outlet,adidas,false,active,
sevilla-fashion-outlet,adolfo-dominguez,false,active,
sevilla-fashion-outlet,alvaro-moreno,false,active,
sevilla-fashion-outlet,asics,false,active,
sevilla-fashion-outlet,billabong,false,active,
sevilla-fashion-outlet,bimba-y-lola,false,active,
sevilla-fashion-outlet,blue-banana,false,active,
sevilla-fashion-outlet,boss,false,active,
sevilla-fashion-outlet,bullpadel,false,active,
sevilla-fashion-outlet,callaghan-gorila,false,active,
sevilla-fashion-outlet,calvin-klein-underwear,false,active,
sevilla-fashion-outlet,calzedonia,false,active,
sevilla-fashion-outlet,clarks,false,active,
sevilla-fashion-outlet,columbia,false,active,
sevilla-fashion-outlet,desigual,false,active,
sevilla-fashion-outlet,dockers,false,active,
sevilla-fashion-outlet,coach,false,active,
sevilla-fashion-outlet,converse,false,active,
sevilla-fashion-outlet,diesel,false,active,
sevilla-fashion-outlet,e-karts,false,active,
sevilla-fashion-outlet,el-corte-ingles,false,active,
sevilla-fashion-outlet,faconnable,false,active,
sevilla-fashion-outlet,encuentro-moda,false,active,
sevilla-fashion-outlet,festina-group,false,active,
sevilla-fashion-outlet,fifty,false,active,
sevilla-fashion-outlet,g-star,false,active,
sevilla-fashion-outlet,gant,false,active,
sevilla-fashion-outlet,guess,false,active,
sevilla-fashion-outlet,hackett-london,false,active,
sevilla-fashion-outlet,harmont-and-blaine,false,active,
sevilla-fashion-outlet,hawkers,false,active,
sevilla-fashion-outlet,hoff,false,active,
sevilla-fashion-outlet,home-and-cook,false,active,
sevilla-fashion-outlet,jackandjones,false,active,
sevilla-fashion-outlet,karl-lagerfeld,false,active,
sevilla-fashion-outlet,kiko,false,active,
sevilla-fashion-outlet,lacoste,false,active,
sevilla-fashion-outlet,lefties,false,active,
sevilla-fashion-outlet,levis,false,active,
sevilla-fashion-outlet,lola-casademunt,false,active,
sevilla-fashion-outlet,mango,false,active,
sevilla-fashion-outlet,mayoral,false,active,
sevilla-fashion-outlet,michael-kors,false,active,
sevilla-fashion-outlet,multiopticas,false,active,
sevilla-fashion-outlet,munich,false,active,
sevilla-fashion-outlet,new-balance,false,active,
sevilla-fashion-outlet,new-era,false,active,
sevilla-fashion-outlet,nike,false,active,
sevilla-fashion-outlet,noon,false,active,
sevilla-fashion-outlet,north-sails,false,active,
sevilla-fashion-outlet,only,false,active,
sevilla-fashion-outlet,outly,false,active,
sevilla-fashion-outlet,parfois,false,active,
sevilla-fashion-outlet,pedro-del-hierro,false,active,
sevilla-fashion-outlet,pepe-jeans,false,active,
sevilla-fashion-outlet,polo-ralph-lauren,false,active,
sevilla-fashion-outlet,primor,false,active,
sevilla-fashion-outlet,pull-and-bear,false,active,
sevilla-fashion-outlet,puma,false,active,
sevilla-fashion-outlet,quiksilver,false,active,
sevilla-fashion-outlet,roberto-verino,false,active,
sevilla-fashion-outlet,rituals,false,active,
sevilla-fashion-outlet,salsa,false,active,
sevilla-fashion-outlet,scalpers,false,active,
sevilla-fashion-outlet,scotta-1985,false,active,
sevilla-fashion-outlet,silbon,false,active,
sevilla-fashion-outlet,skechers,false,active,
sevilla-fashion-outlet,spagnolo,false,active,
sevilla-fashion-outlet,stradivarius,false,active,
sevilla-fashion-outlet,sunglass-hut,false,active,
sevilla-fashion-outlet,swarovski,false,active,
sevilla-fashion-outlet,the-body-shop,false,active,
sevilla-fashion-outlet,tommy-hilfiger,false,active,
sevilla-fashion-outlet,tous,false,active,
sevilla-fashion-outlet,under-armour,false,active,
sevilla-fashion-outlet,unisa,false,active,
sevilla-fashion-outlet,vans,false,active,
mallorca-fashion-outlet,kids-around,false,active,
mallorca-fashion-outlet,simorra,false,active,
mallorca-fashion-outlet,levis,false,active,
mallorca-fashion-outlet,asics,false,active,
mallorca-fashion-outlet,calvin-klein,false,active,
mallorca-fashion-outlet,carhartt-wip,false,active,
mallorca-fashion-outlet,chiquifestival,false,active,
mallorca-fashion-outlet,cinesa,false,active,
mallorca-fashion-outlet,dockers,false,active,
mallorca-fashion-outlet,e-karts,false,active,
mallorca-fashion-outlet,el-corte-ingles-outlet,false,active,
mallorca-fashion-outlet,faconnable,false,active,
mallorca-fashion-outlet,furla,false,active,
mallorca-fashion-outlet,game,false,active,
mallorca-fashion-outlet,gant,false,active,
mallorca-fashion-outlet,guess,false,active,
mallorca-fashion-outlet,havaianas,false,active,
mallorca-fashion-outlet,home-and-cook,false,active,
mallorca-fashion-outlet,lindt,false,active,
mallorca-fashion-outlet,mango,false,active,
mallorca-fashion-outlet,monkey-park,false,active,
mallorca-fashion-outlet,multiopticas,false,active,
mallorca-fashion-outlet,new-balance,false,active,
mallorca-fashion-outlet,nike,false,active,
mallorca-fashion-outlet,north-sails,false,active,
mallorca-fashion-outlet,pandora,false,active,
mallorca-fashion-outlet,pedro-del-hierro,false,active,
mallorca-fashion-outlet,polo-ralph-lauren,false,active,
mallorca-fashion-outlet,primor,false,active,
mallorca-fashion-outlet,puma,false,active,
mallorca-fashion-outlet,quiksilver,false,active,
mallorca-fashion-outlet,rituals,false,active,
mallorca-fashion-outlet,scalpers,false,active,
mallorca-fashion-outlet,silbon,false,active,
mallorca-fashion-outlet,simone-perele,false,active,
mallorca-fashion-outlet,skechers,false,active,
mallorca-fashion-outlet,sunglass-hut,false,active,
mallorca-fashion-outlet,swarovski,false,active,
mallorca-fashion-outlet,textura,false,active,
mallorca-fashion-outlet,the-north-face,false,active,
mallorca-fashion-outlet,timberland,false,active,
mallorca-fashion-outlet,ugg,false,active,
mallorca-fashion-outlet,vans,false,active,
mallorca-fashion-outlet,wmf,false,active,
mallorca-fashion-outlet,zwilling,false,active,
coruna-the-style-outlets,adidas,false,active,
coruna-the-style-outlets,adolfo-dominguez,false,active,
coruna-the-style-outlets,alvaro-moreno,false,active,
coruna-the-style-outlets,belros,false,active,
coruna-the-style-outlets,callaghan-gorila,false,active,
coruna-the-style-outlets,crocs,false,active,
coruna-the-style-outlets,decimas,false,active,
coruna-the-style-outlets,desigual,false,active,
coruna-the-style-outlets,dockers,false,active,
coruna-the-style-outlets,druni,false,active,
coruna-the-style-outlets,duldi,false,active,
coruna-the-style-outlets,el-pulpo,false,active,
coruna-the-style-outlets,festina-group,false,active,
coruna-the-style-outlets,fifty-outlet,false,active,
coruna-the-style-outlets,florentino,false,active,
coruna-the-style-outlets,geox,false,active,
coruna-the-style-outlets,guess,false,active,
coruna-the-style-outlets,hawkers,false,active,
coruna-the-style-outlets,home-and-cook,false,active,
coruna-the-style-outlets,jack-and-jones,false,active,
coruna-the-style-outlets,joma,false,active,
coruna-the-style-outlets,kiko,false,active,
coruna-the-style-outlets,krack,false,active,
coruna-the-style-outlets,la-casa-de-las-carcasas,false,active,
coruna-the-style-outlets,lamford,false,active,
coruna-the-style-outlets,lindt,false,active,
coruna-the-style-outlets,mango,false,active,
coruna-the-style-outlets,mayoral,false,active,
coruna-the-style-outlets,munich,false,active,
coruna-the-style-outlets,nike,false,active,
coruna-the-style-outlets,north-sails,false,active,
coruna-the-style-outlets,nunez-de-arenas,false,active,
coruna-the-style-outlets,oh-gar,false,active,
coruna-the-style-outlets,oro-vivo,false,active,
coruna-the-style-outlets,parfois,false,active,
coruna-the-style-outlets,puma,false,active,
coruna-the-style-outlets,punto-blanco,false,active,
coruna-the-style-outlets,roberto-verino,false,active,
coruna-the-style-outlets,salsa-jeans,false,active,
coruna-the-style-outlets,skechers,false,active,
coruna-the-style-outlets,soloptical,false,active,
coruna-the-style-outlets,suits-inc,false,active,
coruna-the-style-outlets,sunglass-hut,false,active,
coruna-the-style-outlets,the-body-shop,false,active,
coruna-the-style-outlets,ulanka,false,active,
coruna-the-style-outlets,visionlab,false,active,
coruna-the-style-outlets,volcom,false,active,
designer-outlet-roermond,7-for-all-mankind,false,active,
designer-outlet-roermond,adenauer-and-co,false,active,
designer-outlet-roermond,adidas,true,active,
designer-outlet-roermond,adidas-kids,false,active,
designer-outlet-roermond,aigner,false,active,
designer-outlet-roermond,american-vintage,false,active,
designer-outlet-roermond,armani,false,active,
designer-outlet-roermond,asics,false,active,
designer-outlet-roermond,ba-and-sh,false,active,
designer-outlet-roermond,babor,false,active,
designer-outlet-roermond,balenciaga,true,active,
designer-outlet-roermond,bally,false,active,
designer-outlet-roermond,belstaff,false,active,
designer-outlet-roermond,birkenstock,false,active,
designer-outlet-roermond,boggi-milano,false,active,
designer-outlet-roermond,boss,false,active,
designer-outlet-roermond,brax,false,active,
designer-outlet-roermond,breitling,false,active,
designer-outlet-roermond,burberry,false,active,
designer-outlet-roermond,calvin-klein-jeans,false,active,
designer-outlet-roermond,calvin-klein-underwear,false,active,
designer-outlet-roermond,carhartt-wip,false,active,
designer-outlet-roermond,cavallaro-napoli,false,active,
designer-outlet-roermond,chloe,false,active,
designer-outlet-roermond,clarins,false,active,
designer-outlet-roermond,closed,false,active,
designer-outlet-roermond,coach,false,active,
designer-outlet-roermond,coccinelle,false,active,
designer-outlet-roermond,columbia,false,active,
designer-outlet-roermond,comma,false,active,
designer-outlet-roermond,copenhagen,false,active,
designer-outlet-roermond,crocs,false,active,
designer-outlet-roermond,diesel,false,active,
designer-outlet-roermond,dolce-and-gabbana,false,active,
designer-outlet-roermond,dr-martens,false,active,
designer-outlet-roermond,dsquared2,false,active,
designer-outlet-roermond,dyson,false,active,
designer-outlet-roermond,elisabetta-franchi,false,active,
designer-outlet-roermond,essentiel-antwerp,false,active,
designer-outlet-roermond,fabienne-chapot,false,active,
designer-outlet-roermond,falke,false,active,
designer-outlet-roermond,fendi,false,active,
designer-outlet-roermond,floris-van-bommel,false,active,
designer-outlet-roermond,fossil,false,active,
designer-outlet-roermond,fred-perry,false,active,
designer-outlet-roermond,furla,false,active,
designer-outlet-roermond,g-k-mayer-shoes,false,active,
designer-outlet-roermond,g-star,false,active,
designer-outlet-roermond,gant,false,active,
designer-outlet-roermond,garcia,false,active,
designer-outlet-roermond,geox,false,active,
designer-outlet-roermond,gucci,true,active,
designer-outlet-roermond,guess,false,active,
designer-outlet-roermond,guess-accessories,false,active,
designer-outlet-roermond,haribo,false,active,
designer-outlet-roermond,hechter-paris,false,active,
designer-outlet-roermond,hogan,false,active,
designer-outlet-roermond,hoka,false,active,
designer-outlet-roermond,hour-passion,false,active,
designer-outlet-roermond,hugo,false,active,
designer-outlet-roermond,hunkemoller,false,active,
designer-outlet-roermond,isabel-marant,false,active,
designer-outlet-roermond,jack-and-jones,false,active,
designer-outlet-roermond,jack-wolfskin,false,active,
designer-outlet-roermond,jimmy-choo,false,active,
designer-outlet-roermond,joop,false,active,
designer-outlet-roermond,kapten-and-son,false,active,
designer-outlet-roermond,karl-lagerfeld,false,active,
designer-outlet-roermond,kate-spade,false,active,
designer-outlet-roermond,kenzo,false,active,
designer-outlet-roermond,kids-around,false,active,
designer-outlet-roermond,lacoste,false,active,
designer-outlet-roermond,le-creuset,false,active,
designer-outlet-roermond,lee-wrangler,false,active,
designer-outlet-roermond,levis,false,active,
designer-outlet-roermond,liebeskind-berlin,false,active,
designer-outlet-roermond,lindt,false,active,
designer-outlet-roermond,liu-jo,false,active,
designer-outlet-roermond,l-occitane,false,active,
designer-outlet-roermond,loewe,false,active,
designer-outlet-roermond,longchamp,false,active,
designer-outlet-roermond,longines,false,active,
designer-outlet-roermond,loreal-beauty-store,false,active,
designer-outlet-roermond,lyle-and-scott,false,active,
designer-outlet-roermond,mackage,false,active,
designer-outlet-roermond,maje,false,active,
designer-outlet-roermond,marc-jacobs,false,active,
designer-outlet-roermond,marc-o-polo,false,active,
designer-outlet-roermond,marie-stella-maris,false,active,
designer-outlet-roermond,marlies-dekkers,false,active,
designer-outlet-roermond,michael-kors,false,active,
designer-outlet-roermond,miu-miu,false,active,
designer-outlet-roermond,moncler,false,active,
designer-outlet-roermond,moose-knuckles,false,active,
designer-outlet-roermond,motel-a-miio,false,active,
designer-outlet-roermond,moeve,false,active,
designer-outlet-roermond,my-jewellery,false,active,
designer-outlet-roermond,name-it,false,active,
designer-outlet-roermond,napapijri,false,active,
designer-outlet-roermond,new-balance,false,active,
designer-outlet-roermond,nike,false,active,
designer-outlet-roermond,nikkie,false,active,
designer-outlet-roermond,oakley,false,active,
designer-outlet-roermond,off-white,false,active,
designer-outlet-roermond,olymp,false,active,
designer-outlet-roermond,oneill,false,active,
designer-outlet-roermond,only,false,active,
designer-outlet-roermond,only-and-sons,false,active,
designer-outlet-roermond,pandora,false,active,
designer-outlet-roermond,paul-and-shark,false,active,
designer-outlet-roermond,pepe-jeans,false,active,
designer-outlet-roermond,peuterey,false,active,
designer-outlet-roermond,philipp-plein,false,active,
designer-outlet-roermond,pinko,false,active,
designer-outlet-roermond,pme-legend,false,active,
designer-outlet-roermond,polo-ralph-lauren,true,active,
designer-outlet-roermond,porsche-design,false,active,
designer-outlet-roermond,prada,true,active,
designer-outlet-roermond,protest,false,active,
designer-outlet-roermond,puma,false,active,
designer-outlet-roermond,puma-kids,false,active,
designer-outlet-roermond,rado,false,active,
designer-outlet-roermond,rituals,false,active,
designer-outlet-roermond,river-woods,false,active,
designer-outlet-roermond,roberto-cavalli,false,active,
designer-outlet-roermond,roesle,false,active,
designer-outlet-roermond,s-oliver,false,active,
designer-outlet-roermond,salomon,false,active,
designer-outlet-roermond,salvatore-ferragamo,false,active,
designer-outlet-roermond,samsonite,false,active,
designer-outlet-roermond,sandro,false,active,
designer-outlet-roermond,santoni,false,active,
designer-outlet-roermond,scents,false,active,
designer-outlet-roermond,schiesser,false,active,
designer-outlet-roermond,seidensticker,false,active,
designer-outlet-roermond,seiko,false,active,
designer-outlet-roermond,siebel-diamonds,false,active,
designer-outlet-roermond,skechers,false,active,
designer-outlet-roermond,strellson,false,active,
designer-outlet-roermond,sunglass-hut,false,active,
designer-outlet-roermond,superdry-and-co,false,active,
designer-outlet-roermond,swarovski,false,active,
designer-outlet-roermond,tag-heuer,false,active,
designer-outlet-roermond,tefal,false,active,
designer-outlet-roermond,the-body-shop,false,active,
designer-outlet-roermond,the-cosmetics-company-store,false,active,
designer-outlet-roermond,the-north-face,false,active,
designer-outlet-roermond,the-society-shop,false,active,
designer-outlet-roermond,timberland,false,active,
designer-outlet-roermond,tissot,false,active,
designer-outlet-roermond,tods,false,active,
designer-outlet-roermond,tom-tailor,false,active,
designer-outlet-roermond,tommy-hilfiger,false,active,
designer-outlet-roermond,tommy-hilfiger-kids,false,active,
designer-outlet-roermond,tory-burch,false,active,
designer-outlet-roermond,triumph,false,active,
designer-outlet-roermond,tumi,false,active,
designer-outlet-roermond,ugg,false,active,
designer-outlet-roermond,under-armour,false,active,
designer-outlet-roermond,valentino,false,active,
designer-outlet-roermond,vans,false,active,
designer-outlet-roermond,versace,false,active,
designer-outlet-roermond,victorinox,false,active,
designer-outlet-roermond,vilebrequin,false,active,
designer-outlet-roermond,villeroy-and-boch,false,active,
designer-outlet-roermond,vingino,false,active,
designer-outlet-roermond,watch-station,false,active,
designer-outlet-roermond,waterdrop,false,active,
designer-outlet-roermond,wellensteyn,false,active,
designer-outlet-roermond,windsor,false,active,
designer-outlet-roermond,wmf,false,active,
designer-outlet-roermond,woolrich,false,active,
designer-outlet-roermond,wrstbhvr,false,active,
designer-outlet-roermond,zadig-and-voltaire,false,active,
designer-outlet-roermond,zegna,false,active,
designer-outlet-roermond,zwilling,false,active,
designer-outlet-roosendaal,adidas,true,active,
designer-outlet-roosendaal,aquanova,false,active,
designer-outlet-roosendaal,art-of-chocolate,false,active,
designer-outlet-roosendaal,aspact,false,active,
designer-outlet-roosendaal,ba-and-sh,false,active,
designer-outlet-roosendaal,betty-barclay,false,active,
designer-outlet-roosendaal,bjorn-borg,false,active,
designer-outlet-roosendaal,boggi-milano,false,active,
designer-outlet-roosendaal,boss,false,active,
designer-outlet-roosendaal,brax,false,active,
designer-outlet-roosendaal,brunotti,false,active,
designer-outlet-roosendaal,calvin-klein,false,active,
designer-outlet-roosendaal,cavallaro-napoli,false,active,
designer-outlet-roosendaal,cecil,false,active,
designer-outlet-roosendaal,chasin,false,active,
designer-outlet-roosendaal,claudia-strater,false,active,
designer-outlet-roosendaal,columbia,false,active,
designer-outlet-roosendaal,crocs,true,active,
designer-outlet-roosendaal,essentiel-antwerp,false,active,
designer-outlet-roosendaal,expresso,false,active,
designer-outlet-roosendaal,falke,false,active,
designer-outlet-roosendaal,g-star,false,active,
designer-outlet-roosendaal,gant,false,active,
designer-outlet-roosendaal,garcia,false,active,
designer-outlet-roosendaal,gentiluomo,false,active,
designer-outlet-roosendaal,guess,false,active,
designer-outlet-roosendaal,guess-accessories,false,active,
designer-outlet-roosendaal,haribo,false,active,
designer-outlet-roosendaal,home-and-cook,false,active,
designer-outlet-roosendaal,hunkemoller,false,active,
designer-outlet-roosendaal,invicta,false,active,
designer-outlet-roosendaal,jack-and-jones,false,active,
designer-outlet-roosendaal,jack-wolfskin,false,active,
designer-outlet-roosendaal,jdy,false,active,
designer-outlet-roosendaal,karl-lagerfeld,false,active,
designer-outlet-roosendaal,king-louie,false,active,
designer-outlet-roosendaal,lacoste,true,active,
designer-outlet-roosendaal,le-creuset,false,active,
designer-outlet-roosendaal,lee,false,active,
designer-outlet-roosendaal,levis,false,active,
designer-outlet-roosendaal,lindt,false,active,
designer-outlet-roosendaal,l-occitane,false,active,
designer-outlet-roosendaal,loreal,false,active,
designer-outlet-roosendaal,lyle-and-scott,false,active,
designer-outlet-roosendaal,malelions,false,active,
designer-outlet-roosendaal,manfield,false,active,
designer-outlet-roosendaal,marlies-dekkers,false,active,
designer-outlet-roosendaal,mr-marvis,false,active,
designer-outlet-roosendaal,mustang,false,active,
designer-outlet-roosendaal,my-jewellery,false,active,
designer-outlet-roosendaal,name-it,false,active,
designer-outlet-roosendaal,new-balance,false,active,
designer-outlet-roosendaal,new-zealand-auckland,false,active,
designer-outlet-roosendaal,nike,true,active,
designer-outlet-roosendaal,nikkie,false,active,
designer-outlet-roosendaal,no-label,false,active,
designer-outlet-roosendaal,oneill,false,active,
designer-outlet-roosendaal,only,false,active,
designer-outlet-roosendaal,only-and-sons,false,active,
designer-outlet-roosendaal,petrol-industries,false,active,
designer-outlet-roosendaal,phase-eight,false,active,
designer-outlet-roosendaal,pme-legend,true,active,
designer-outlet-roosendaal,protest,false,active,
designer-outlet-roosendaal,puma,false,active,
designer-outlet-roosendaal,pure-path,false,active,
designer-outlet-roosendaal,ravensburger,false,active,
designer-outlet-roosendaal,regatta,false,active,
designer-outlet-roosendaal,rituals,false,active,
designer-outlet-roosendaal,river-woods,false,active,
designer-outlet-roosendaal,roesle,false,active,
designer-outlet-roosendaal,s-oliver,false,active,
designer-outlet-roosendaal,samsonite,false,active,
designer-outlet-roosendaal,scents,false,active,
designer-outlet-roosendaal,schiesser,false,active,
designer-outlet-roosendaal,siebel,false,active,
designer-outlet-roosendaal,sissy-boy,false,active,
designer-outlet-roosendaal,skechers,false,active,
designer-outlet-roosendaal,state-of-art,false,active,
designer-outlet-roosendaal,storck,false,active,
designer-outlet-roosendaal,street-one,false,active,
designer-outlet-roosendaal,suitsupply,false,active,
designer-outlet-roosendaal,sunglass-hut,false,active,
designer-outlet-roosendaal,superdry,false,active,
designer-outlet-roosendaal,tefal,false,active,
designer-outlet-roosendaal,the-body-shop,false,active,
designer-outlet-roosendaal,the-society-shop,false,active,
designer-outlet-roosendaal,timberland,false,active,
designer-outlet-roosendaal,tommy-hilfiger,false,active,
designer-outlet-roosendaal,tommy-hilfiger-kids,false,active,
designer-outlet-roosendaal,topmerk-schoenen,false,active,
designer-outlet-roosendaal,triumph,false,active,
designer-outlet-roosendaal,under-armour,false,active,
designer-outlet-roosendaal,vero-moda,false,active,
designer-outlet-roosendaal,vila,false,active,
designer-outlet-roosendaal,villeroy-and-boch,false,active,
designer-outlet-roosendaal,vingino,false,active,
designer-outlet-roosendaal,wellensteyn,false,active,
designer-outlet-roosendaal,wmf,false,active,
designer-outlet-roosendaal,wrangler,false,active,
amsterdam-the-style-outlets,adidas,false,active,
amsterdam-the-style-outlets,asics,false,active,
amsterdam-the-style-outlets,betty-barclay,false,active,
amsterdam-the-style-outlets,bjorn-borg,false,active,
amsterdam-the-style-outlets,calvin-klein,false,active,
amsterdam-the-style-outlets,chasin,false,active,
amsterdam-the-style-outlets,clarks,false,active,
amsterdam-the-style-outlets,columbia,false,active,
amsterdam-the-style-outlets,desigual,false,active,
amsterdam-the-style-outlets,dstrezzed,false,active,
amsterdam-the-style-outlets,g-star,false,active,
amsterdam-the-style-outlets,garcia,false,active,
amsterdam-the-style-outlets,guess,false,active,
amsterdam-the-style-outlets,hechter-paris,false,active,
amsterdam-the-style-outlets,hunkemoller,false,active,
amsterdam-the-style-outlets,il-lanificio,false,active,
amsterdam-the-style-outlets,intrend,false,active,
amsterdam-the-style-outlets,invicta,false,active,
amsterdam-the-style-outlets,jack-and-jones,false,active,
amsterdam-the-style-outlets,jack-and-jones-kids,false,active,
amsterdam-the-style-outlets,jjxx,false,active,
amsterdam-the-style-outlets,le-creuset,false,active,
amsterdam-the-style-outlets,levis,false,active,
amsterdam-the-style-outlets,liebeskind,false,active,
amsterdam-the-style-outlets,malelions,false,active,
amsterdam-the-style-outlets,marc-opolo,false,active,
amsterdam-the-style-outlets,name-it,false,active,
amsterdam-the-style-outlets,new-balance,false,active,
amsterdam-the-style-outlets,nike,false,active,
amsterdam-the-style-outlets,oneill,false,active,
amsterdam-the-style-outlets,only,false,active,
amsterdam-the-style-outlets,only-and-sons,false,active,
amsterdam-the-style-outlets,outly,false,active,
amsterdam-the-style-outlets,pepe-jeans,false,active,
amsterdam-the-style-outlets,petrol-industries,false,active,
amsterdam-the-style-outlets,pieces,false,active,
amsterdam-the-style-outlets,protest,false,active,
amsterdam-the-style-outlets,puma,false,active,
amsterdam-the-style-outlets,pure-path,false,active,
amsterdam-the-style-outlets,ravensburger,false,active,
amsterdam-the-style-outlets,s-oliver,false,active,
amsterdam-the-style-outlets,schiesser,false,active,
amsterdam-the-style-outlets,selected,false,active,
amsterdam-the-style-outlets,selva-oro,false,active,
amsterdam-the-style-outlets,sissy-boy,false,active,
amsterdam-the-style-outlets,skechers,false,active,
amsterdam-the-style-outlets,sunglass-hut,false,active,
amsterdam-the-style-outlets,tefal,false,active,
amsterdam-the-style-outlets,the-cosmetics-company-store,false,active,
amsterdam-the-style-outlets,tommy-hilfiger,false,active,
amsterdam-the-style-outlets,triumph,false,active,
amsterdam-the-style-outlets,vero-moda,false,active,
amsterdam-the-style-outlets,vila,false,active,
amsterdam-the-style-outlets,wam-denim,false,active,
amsterdam-the-style-outlets,wellensteyn,false,active,
batavia-stad-fashion-outlet,coach,false,active,
batavia-stad-fashion-outlet,polo-ralph-lauren,false,active,
batavia-stad-fashion-outlet,adidas,false,active,
batavia-stad-fashion-outlet,the-north-face,false,active,
batavia-stad-fashion-outlet,pure-path,false,active,
batavia-stad-fashion-outlet,napapijri,false,active,
batavia-stad-fashion-outlet,boss,false,active,
batavia-stad-fashion-outlet,desigual,false,active,
batavia-stad-fashion-outlet,tommy-hilfiger,false,active,
batavia-stad-fashion-outlet,nike,false,active,
batavia-stad-fashion-outlet,calvin-klein,false,active,
batavia-stad-fashion-outlet,levis,false,active,
batavia-stad-fashion-outlet,guess,false,active,
batavia-stad-fashion-outlet,puma,false,active,
batavia-stad-fashion-outlet,new-balance,false,active,
batavia-stad-fashion-outlet,skechers,false,active,
batavia-stad-fashion-outlet,lacoste,false,active,
batavia-stad-fashion-outlet,michael-kors,false,active,
batavia-stad-fashion-outlet,under-armour,false,active,
batavia-stad-fashion-outlet,g-star-raw,false,active,
batavia-stad-fashion-outlet,oneill,false,active,
batavia-stad-fashion-outlet,american-vintage,false,active,
batavia-stad-fashion-outlet,columbia,false,active,
batavia-stad-fashion-outlet,crocs,false,active,
batavia-stad-fashion-outlet,karl-lagerfeld,false,active,
batavia-stad-fashion-outlet,garcia,false,active,
batavia-stad-fashion-outlet,brunotti,false,active,
batavia-stad-fashion-outlet,10days,false,active,
batavia-stad-fashion-outlet,aaiko,false,active,
batavia-stad-fashion-outlet,airforce,false,active,
batavia-stad-fashion-outlet,airforce-kids,false,active,
batavia-stad-fashion-outlet,ajax-fanshop,false,active,
batavia-stad-fashion-outlet,america-today,false,active,
batavia-stad-fashion-outlet,aquanova,false,active,
batavia-stad-fashion-outlet,asics,false,active,
batavia-stad-fashion-outlet,aspact,false,active,
batavia-stad-fashion-outlet,bjorn-borg,false,active,
batavia-stad-fashion-outlet,calvin-klein-underwear,false,active,
batavia-stad-fashion-outlet,castore,false,active,
batavia-stad-fashion-outlet,cavallaro-napoli,false,active,
batavia-stad-fashion-outlet,cecil-street-one,false,active,
batavia-stad-fashion-outlet,chasin,false,active,
batavia-stad-fashion-outlet,claudia-strater,false,active,
batavia-stad-fashion-outlet,denham,false,active,
batavia-stad-fashion-outlet,diesel,false,active,
batavia-stad-fashion-outlet,dstrezzed,false,active,
batavia-stad-fashion-outlet,essentiel-antwerp,false,active,
batavia-stad-fashion-outlet,fifth-house,false,active,
batavia-stad-fashion-outlet,floris-van-bommel,false,active,
batavia-stad-fashion-outlet,four,false,active,
batavia-stad-fashion-outlet,gant,false,active,
batavia-stad-fashion-outlet,haribo,false,active,
batavia-stad-fashion-outlet,hunkemoller,false,active,
batavia-stad-fashion-outlet,iittala,false,active,
batavia-stad-fashion-outlet,inwear,false,active,
batavia-stad-fashion-outlet,jack-and-jones-kids,false,active,
batavia-stad-fashion-outlet,jackandjones,false,active,
batavia-stad-fashion-outlet,jutka-and-riska,false,active,
batavia-stad-fashion-outlet,king-louie,false,active,
batavia-stad-fashion-outlet,krups,false,active,
batavia-stad-fashion-outlet,loreal,false,active,
batavia-stad-fashion-outlet,le-creuset,false,active,
batavia-stad-fashion-outlet,lindt-chocolaterie,false,active,
batavia-stad-fashion-outlet,lyle-and-scott,false,active,
batavia-stad-fashion-outlet,maje,false,active,
batavia-stad-fashion-outlet,manfield,false,active,
batavia-stad-fashion-outlet,marlies-dekkers,false,active,
batavia-stad-fashion-outlet,matinique,false,active,
batavia-stad-fashion-outlet,mcgregor,false,active,
batavia-stad-fashion-outlet,messi,false,active,
batavia-stad-fashion-outlet,mey,false,active,
batavia-stad-fashion-outlet,msch-copenhagen,false,active,
batavia-stad-fashion-outlet,muchachomalo,false,active,
batavia-stad-fashion-outlet,my-jewellery,false,active,
batavia-stad-fashion-outlet,name-it,false,active,
batavia-stad-fashion-outlet,nik-and-nik,false,active,
batavia-stad-fashion-outlet,nikkie,false,active,
batavia-stad-fashion-outlet,no-label,false,active,
batavia-stad-fashion-outlet,nubikk,false,active,
batavia-stad-fashion-outlet,nza-new-zealand-auckland,false,active,
batavia-stad-fashion-outlet,only,false,active,
batavia-stad-fashion-outlet,only-and-sons,false,active,
batavia-stad-fashion-outlet,petrol-industries,false,active,
batavia-stad-fashion-outlet,pieces,false,active,
batavia-stad-fashion-outlet,pme-legend,false,active,
batavia-stad-fashion-outlet,profuomo,false,active,
batavia-stad-fashion-outlet,protest,false,active,
batavia-stad-fashion-outlet,quapi,false,active,
batavia-stad-fashion-outlet,ravensburger,false,active,
batavia-stad-fashion-outlet,reebok,false,active,
batavia-stad-fashion-outlet,regatta,false,active,
batavia-stad-fashion-outlet,replay,false,active,
batavia-stad-fashion-outlet,roesle,false,active,
batavia-stad-fashion-outlet,rowenta,false,active,
batavia-stad-fashion-outlet,samsonite,false,active,
batavia-stad-fashion-outlet,sandro,false,active,
batavia-stad-fashion-outlet,schiesser,false,active,
batavia-stad-fashion-outlet,scotch-and-soda,false,active,
batavia-stad-fashion-outlet,selected,false,active,
batavia-stad-fashion-outlet,siebel-juweliers,false,active,
batavia-stad-fashion-outlet,sissy-boy,false,active,
batavia-stad-fashion-outlet,state-of-art,false,active,
batavia-stad-fashion-outlet,suitsupply,false,active,
batavia-stad-fashion-outlet,summum,false,active,
batavia-stad-fashion-outlet,sunglass-hut,false,active,
batavia-stad-fashion-outlet,superdry,false,active,
batavia-stad-fashion-outlet,swarovski,false,active,
batavia-stad-fashion-outlet,tefal,false,active,
batavia-stad-fashion-outlet,tenson,false,active,
batavia-stad-fashion-outlet,the-body-shop,false,active,
batavia-stad-fashion-outlet,the-cosmetics-company-store,false,active,
batavia-stad-fashion-outlet,the-fashion-factory,false,active,
batavia-stad-fashion-outlet,the-society-shop,false,active,
batavia-stad-fashion-outlet,tom-tailor,false,active,
batavia-stad-fashion-outlet,tommy-hilfiger-kids,false,active,
batavia-stad-fashion-outlet,topmerk-schoenen,false,active,
batavia-stad-fashion-outlet,triumph,false,active,
batavia-stad-fashion-outlet,vero-moda,false,active,
batavia-stad-fashion-outlet,vila,false,active,
batavia-stad-fashion-outlet,villeroy-and-boch,false,active,
batavia-stad-fashion-outlet,vingino,false,active,
batavia-stad-fashion-outlet,watch-station,false,active,
batavia-stad-fashion-outlet,wellensteyn,false,active,
batavia-stad-fashion-outlet,wmf,false,active,
batavia-stad-fashion-outlet,zadig-and-voltaire,false,active,
maasmechelen-village,7-for-all-mankind,false,active,
maasmechelen-village,adidas,false,active,
maasmechelen-village,american-vintage,false,active,
maasmechelen-village,anne-de-solene,false,active,
maasmechelen-village,aquanova,false,active,
maasmechelen-village,armani,false,active,
maasmechelen-village,asics,false,active,
maasmechelen-village,ba-and-sh,false,active,
maasmechelen-village,biotherm,false,active,
maasmechelen-village,bjorn-borg,false,active,
maasmechelen-village,bobbi-brown,false,active,
maasmechelen-village,boggi-milano,false,active,
maasmechelen-village,boss,true,active,
maasmechelen-village,brax,false,active,
maasmechelen-village,calvin-klein,false,active,
maasmechelen-village,calvin-klein-underwear,false,active,
maasmechelen-village,chloe,false,active,
maasmechelen-village,clarins,false,active,
maasmechelen-village,clinique,false,active,
maasmechelen-village,coach,true,active,
maasmechelen-village,demeyere,false,active,
maasmechelen-village,diesel,false,active,
maasmechelen-village,dkny,false,active,
maasmechelen-village,essentiel-antwerp,false,active,
maasmechelen-village,estee-lauder,false,active,
maasmechelen-village,falke,false,active,
maasmechelen-village,furla,false,active,
maasmechelen-village,g-star-raw,false,active,
maasmechelen-village,gant,false,active,
maasmechelen-village,garcia,false,active,
maasmechelen-village,geox,false,active,
maasmechelen-village,guess,false,active,
maasmechelen-village,guess-accessories,false,active,
maasmechelen-village,hackett-london,false,active,
maasmechelen-village,hoff,false,active,
maasmechelen-village,home-and-cook,false,active,
maasmechelen-village,hugo,false,active,
maasmechelen-village,hunkemoller,false,active,
maasmechelen-village,jack-and-jones,false,active,
maasmechelen-village,k-way,false,active,
maasmechelen-village,karl-lagerfeld,false,active,
maasmechelen-village,kate-spade-new-york,false,active,
maasmechelen-village,kenzo,false,active,
maasmechelen-village,kids-around,false,active,
maasmechelen-village,kiehls,false,active,
maasmechelen-village,kipling,false,active,
maasmechelen-village,kusmi-tea,false,active,
maasmechelen-village,lacoste,false,active,
maasmechelen-village,lancome,false,active,
maasmechelen-village,le-creuset,false,active,
maasmechelen-village,leonidas,false,active,
maasmechelen-village,les-soeurs,false,active,
maasmechelen-village,levis,false,active,
maasmechelen-village,lindt,false,active,
maasmechelen-village,liu-jo,false,active,
maasmechelen-village,l-occitane,false,active,
maasmechelen-village,longchamp,false,active,
maasmechelen-village,loreal,false,active,
maasmechelen-village,mac-cosmetics,false,active,
maasmechelen-village,maje,false,active,
maasmechelen-village,mammut,false,active,
maasmechelen-village,marc-jacobs,false,active,
maasmechelen-village,marc-opolo,false,active,
maasmechelen-village,marlies-dekkers,false,active,
maasmechelen-village,max-mara,false,active,
maasmechelen-village,michael-kors,true,active,
maasmechelen-village,my-jewellery,false,active,
maasmechelen-village,neuhaus,false,active,
maasmechelen-village,new-balance,false,active,
maasmechelen-village,new-zealand-auckland,false,active,
maasmechelen-village,nik-and-nik,false,active,
maasmechelen-village,nike,true,active,
maasmechelen-village,nikkie,false,active,
maasmechelen-village,outly,false,active,
maasmechelen-village,pinko,false,active,
maasmechelen-village,polo-ralph-lauren-children,false,active,
maasmechelen-village,polo-ralph-lauren,true,active,
maasmechelen-village,protest,false,active,
maasmechelen-village,puma,false,active,
maasmechelen-village,rituals,false,active,
maasmechelen-village,river-woods,false,active,
maasmechelen-village,samsonite,false,active,
maasmechelen-village,sandro,false,active,
maasmechelen-village,schiesser,false,active,
maasmechelen-village,selected,false,active,
maasmechelen-village,skechers,false,active,
maasmechelen-village,sunglass-hut,false,active,
maasmechelen-village,swarovski,false,active,
maasmechelen-village,the-cosmetics-company-store,false,active,
maasmechelen-village,the-north-face,false,active,
maasmechelen-village,the-society-shop,false,active,
maasmechelen-village,timberland,false,active,
maasmechelen-village,tommy-hilfiger,true,active,
maasmechelen-village,twinset,false,active,
maasmechelen-village,ugg,false,active,
maasmechelen-village,under-armour,false,active,
maasmechelen-village,vans,false,active,
maasmechelen-village,villeroy-and-boch,false,active,
maasmechelen-village,watch-station,false,active,
maasmechelen-village,waterdrop,false,active,
maasmechelen-village,xandres,false,active,
maasmechelen-village,zadig-and-voltaire,false,active,
maasmechelen-village,zwilling,false,active,
designer-outlet-luxembourg,adidas,false,active,
designer-outlet-luxembourg,american-vintage,false,active,
designer-outlet-luxembourg,asics,false,active,
designer-outlet-luxembourg,betty-barclay,false,active,
designer-outlet-luxembourg,boss,false,active,
designer-outlet-luxembourg,boss-orange,false,active,
designer-outlet-luxembourg,calvin-klein,false,active,
designer-outlet-luxembourg,calvin-klein-underwear,false,active,
designer-outlet-luxembourg,desforges,false,active,
designer-outlet-luxembourg,desigual,false,active,
designer-outlet-luxembourg,diesel,false,active,
designer-outlet-luxembourg,dim-outlet,false,active,
designer-outlet-luxembourg,essie,false,active,
designer-outlet-luxembourg,gant,false,active,
designer-outlet-luxembourg,garcia,false,active,
designer-outlet-luxembourg,garnier,false,active,
designer-outlet-luxembourg,geographical-norway,false,active,
designer-outlet-luxembourg,geox,false,active,
designer-outlet-luxembourg,gil-bret,false,active,
designer-outlet-luxembourg,guess,false,active,
designer-outlet-luxembourg,home-and-cook,false,active,
designer-outlet-luxembourg,hugo,false,active,
designer-outlet-luxembourg,hunkemoller,false,active,
designer-outlet-luxembourg,jack-and-jones,false,active,
designer-outlet-luxembourg,jerem-paris,false,active,
designer-outlet-luxembourg,jjxx,false,active,
designer-outlet-luxembourg,krups,false,active,
designer-outlet-luxembourg,loreal,false,active,
designer-outlet-luxembourg,lagostina,false,active,
designer-outlet-luxembourg,le-creuset,false,active,
designer-outlet-luxembourg,levis,false,active,
designer-outlet-luxembourg,lindt,false,active,
designer-outlet-luxembourg,marc-opolo,false,active,
designer-outlet-luxembourg,maybelline-new-york,false,active,
designer-outlet-luxembourg,moulinex,false,active,
designer-outlet-luxembourg,mustang,false,active,
designer-outlet-luxembourg,name-it,false,active,
designer-outlet-luxembourg,new-balance,false,active,
designer-outlet-luxembourg,nyx-professional-makeup,false,active,
designer-outlet-luxembourg,oneill,false,active,
designer-outlet-luxembourg,only,false,active,
designer-outlet-luxembourg,only-and-sons,false,active,
designer-outlet-luxembourg,peluches-a-gogo,false,active,
designer-outlet-luxembourg,petrol-industries,false,active,
designer-outlet-luxembourg,puma,false,active,
designer-outlet-luxembourg,replay,false,active,
designer-outlet-luxembourg,rowenta,false,active,
designer-outlet-luxembourg,samsonite,false,active,
designer-outlet-luxembourg,schiesser,false,active,
designer-outlet-luxembourg,skechers,false,active,
designer-outlet-luxembourg,state-of-art-menswear,false,active,
designer-outlet-luxembourg,the-kooples,false,active,
designer-outlet-luxembourg,the-kooples-sport,false,active,
designer-outlet-luxembourg,tommy-hilfiger,false,active,
designer-outlet-luxembourg,tradition-des-vosges,false,active,
designer-outlet-luxembourg,trespass,false,active,
designer-outlet-luxembourg,vera-mont,false,active,
designer-outlet-luxembourg,vero-moda,false,active,
designer-outlet-luxembourg,vila,false,active,
designer-outlet-luxembourg,wmf,false,active,
designer-outlet-luxembourg,wonderbra,false,active,
designer-outlet-luxembourg,yves-delorme,false,active,
designer-outlet-luxembourg,zadig-and-voltaire,false,active,
designer-outlet-parndorf,7-for-all-mankind,false,active,
designer-outlet-parndorf,adidas,true,active,
designer-outlet-parndorf,aigner,false,active,
designer-outlet-parndorf,alberta-ferretti,false,active,
designer-outlet-parndorf,alina-cosmetics,false,active,
designer-outlet-parndorf,alpha-tauri,false,active,
designer-outlet-parndorf,arcteryx,false,active,
designer-outlet-parndorf,armani,true,active,
designer-outlet-parndorf,babor,false,active,
designer-outlet-parndorf,bally,false,active,
designer-outlet-parndorf,berndorf,false,active,
designer-outlet-parndorf,birkenstock,false,active,
designer-outlet-parndorf,boggi-milano,false,active,
designer-outlet-parndorf,bogner,false,active,
designer-outlet-parndorf,boss,true,active,
designer-outlet-parndorf,breitling,false,active,
designer-outlet-parndorf,burberry,true,active,
designer-outlet-parndorf,calvin-klein-jeans,false,active,
designer-outlet-parndorf,calvin-klein-underwear,false,active,
designer-outlet-parndorf,calzedonia,false,active,
designer-outlet-parndorf,carhartt-wip,false,active,
designer-outlet-parndorf,coach,false,active,
designer-outlet-parndorf,coccinelle,false,active,
designer-outlet-parndorf,columbia,false,active,
designer-outlet-parndorf,converse,false,active,
designer-outlet-parndorf,corneliani,false,active,
designer-outlet-parndorf,crocs,false,active,
designer-outlet-parndorf,desigual,false,active,
designer-outlet-parndorf,diesel,false,active,
designer-outlet-parndorf,dinoland,false,active,
designer-outlet-parndorf,dolce-and-gabbana,false,active,
designer-outlet-parndorf,douglas,false,active,
designer-outlet-parndorf,douglas-pop-up-store,false,active,
designer-outlet-parndorf,dr-martens,false,active,
designer-outlet-parndorf,dyson,false,active,
designer-outlet-parndorf,ecco,false,active,
designer-outlet-parndorf,falke,false,active,
designer-outlet-parndorf,ferragamo,false,active,
designer-outlet-parndorf,fissler,false,active,
designer-outlet-parndorf,freywille,false,active,
designer-outlet-parndorf,furla,false,active,
designer-outlet-parndorf,g-star-raw,false,active,
designer-outlet-parndorf,geox,false,active,
designer-outlet-parndorf,gucci,true,active,
designer-outlet-parndorf,guess,false,active,
designer-outlet-parndorf,guess-accessories,false,active,
designer-outlet-parndorf,guess-kids,false,active,
designer-outlet-parndorf,haribo,false,active,
designer-outlet-parndorf,hogan,false,active,
designer-outlet-parndorf,hoka,false,active,
designer-outlet-parndorf,hour-passion,false,active,
designer-outlet-parndorf,hugo,false,active,
designer-outlet-parndorf,hunkemoller,false,active,
designer-outlet-parndorf,hogl,false,active,
designer-outlet-parndorf,intimissimi,false,active,
designer-outlet-parndorf,jack-and-jones,false,active,
designer-outlet-parndorf,jack-wolfskin,false,active,
designer-outlet-parndorf,jimmy-choo,false,active,
designer-outlet-parndorf,joop-men,false,active,
designer-outlet-parndorf,joop-women,false,active,
designer-outlet-parndorf,karl-lagerfeld,false,active,
designer-outlet-parndorf,kate-spade,false,active,
designer-outlet-parndorf,kids-around,false,active,
designer-outlet-parndorf,kneipp,false,active,
designer-outlet-parndorf,loreal,false,active,
designer-outlet-parndorf,lacoste,false,active,
designer-outlet-parndorf,le-creuset,false,active,
designer-outlet-parndorf,le-creuset-pop-up,false,active,
designer-outlet-parndorf,levis,false,active,
designer-outlet-parndorf,lindt,false,active,
designer-outlet-parndorf,liujo,false,active,
designer-outlet-parndorf,longchamp,false,active,
designer-outlet-parndorf,laderach,false,active,
designer-outlet-parndorf,mammut,false,active,
designer-outlet-parndorf,manner,false,active,
designer-outlet-parndorf,marc-cain,false,active,
designer-outlet-parndorf,marc-opolo,false,active,
designer-outlet-parndorf,mcqueen,false,active,
designer-outlet-parndorf,michael-kors,false,active,
designer-outlet-parndorf,miu-miu,false,active,
designer-outlet-parndorf,moncler-grenoble,false,active,
designer-outlet-parndorf,montblanc,false,active,
designer-outlet-parndorf,moschino,false,active,
designer-outlet-parndorf,mountain-warehouse,false,active,
designer-outlet-parndorf,mustang,false,active,
designer-outlet-parndorf,my-burgenland,false,active,
designer-outlet-parndorf,name-it,false,active,
designer-outlet-parndorf,napapijri,false,active,
designer-outlet-parndorf,nespresso,false,active,
designer-outlet-parndorf,new-balance,false,active,
designer-outlet-parndorf,nike,true,active,
designer-outlet-parndorf,odlo,false,active,
designer-outlet-parndorf,olymp,false,active,
designer-outlet-parndorf,only,false,active,
designer-outlet-parndorf,pandora,false,active,
designer-outlet-parndorf,peak-performance,false,active,
designer-outlet-parndorf,pepe-jeans,false,active,
designer-outlet-parndorf,philipp-plein,false,active,
designer-outlet-parndorf,pinko,false,active,
designer-outlet-parndorf,playmobil,false,active,
designer-outlet-parndorf,pollini,false,active,
designer-outlet-parndorf,polo-ralph-lauren,true,active,
designer-outlet-parndorf,porsche-design,false,active,
designer-outlet-parndorf,prada,true,active,
designer-outlet-parndorf,puma,false,active,
designer-outlet-parndorf,ravensburger,false,active,
designer-outlet-parndorf,red-bull-world,false,active,
designer-outlet-parndorf,riedel,false,active,
designer-outlet-parndorf,rituals,false,active,
designer-outlet-parndorf,roberto-cavalli,false,active,
designer-outlet-parndorf,rosenthal,false,active,
designer-outlet-parndorf,roesle,false,active,
designer-outlet-parndorf,salomon,false,active,
designer-outlet-parndorf,samsonite,false,active,
designer-outlet-parndorf,santoni,false,active,
designer-outlet-parndorf,seidensticker,false,active,
designer-outlet-parndorf,skechers,false,active,
designer-outlet-parndorf,sportalm,false,active,
designer-outlet-parndorf,spyder,false,active,
designer-outlet-parndorf,storck,false,active,
designer-outlet-parndorf,sunglass-hut,false,active,
designer-outlet-parndorf,swarovski,false,active,
designer-outlet-parndorf,tefal,false,active,
designer-outlet-parndorf,the-body-shop,false,active,
designer-outlet-parndorf,the-cosmetics-company-store,false,active,
designer-outlet-parndorf,the-north-face,false,active,
designer-outlet-parndorf,timberland,false,active,
designer-outlet-parndorf,tods,false,active,
designer-outlet-parndorf,tom-tailor,false,active,
designer-outlet-parndorf,tommy-hilfiger,false,active,
designer-outlet-parndorf,tommy-hilfiger-kids,false,active,
designer-outlet-parndorf,tumi,false,active,
designer-outlet-parndorf,ugg,false,active,
designer-outlet-parndorf,under-armour,false,active,
designer-outlet-parndorf,valentino,false,active,
designer-outlet-parndorf,vans,false,active,
designer-outlet-parndorf,versace,false,active,
designer-outlet-parndorf,vilebrequin,false,active,
designer-outlet-parndorf,villeroy-and-boch,false,active,
designer-outlet-parndorf,waterdrop,false,active,
designer-outlet-parndorf,wellensteyn,false,active,
designer-outlet-parndorf,wmf,false,active,
designer-outlet-parndorf,woolrich,false,active,
designer-outlet-parndorf,wutscher-optik,false,active,
designer-outlet-parndorf,zegna,false,active,
designer-outlet-parndorf,zwilling,false,active,
designer-outlet-salzburg,adidas,false,active,
designer-outlet-salzburg,aigner,false,active,
designer-outlet-salzburg,alina-cosmetics,false,active,
designer-outlet-salzburg,ara,false,active,
designer-outlet-salzburg,ardeco,false,active,
designer-outlet-salzburg,asics,false,active,
designer-outlet-salzburg,atomic,false,active,
designer-outlet-salzburg,bassetti,false,active,
designer-outlet-salzburg,betty-barclay,false,active,
designer-outlet-salzburg,boss,false,active,
designer-outlet-salzburg,brax,false,active,
designer-outlet-salzburg,brundl-bike,false,active,
designer-outlet-salzburg,brundl-sports,false,active,
designer-outlet-salzburg,cecil,false,active,
designer-outlet-salzburg,calvin-klein,false,active,
designer-outlet-salzburg,camel-active,false,active,
designer-outlet-salzburg,carhartt-wip,false,active,
designer-outlet-salzburg,columbia,false,active,
designer-outlet-salzburg,comma,false,active,
designer-outlet-salzburg,crocs,false,active,
designer-outlet-salzburg,desigual,false,active,
designer-outlet-salzburg,diesel,false,active,
designer-outlet-salzburg,dyson,false,active,
designer-outlet-salzburg,fossil,false,active,
designer-outlet-salzburg,furla,false,active,
designer-outlet-salzburg,gant,false,active,
designer-outlet-salzburg,geox,false,active,
designer-outlet-salzburg,guess,false,active,
designer-outlet-salzburg,haribo,false,active,
designer-outlet-salzburg,home-and-cook,false,active,
designer-outlet-salzburg,hugo,false,active,
designer-outlet-salzburg,jack-and-jones,false,active,
designer-outlet-salzburg,jack-and-jones-kids,false,active,
designer-outlet-salzburg,jjxx,false,active,
designer-outlet-salzburg,joop,false,active,
designer-outlet-salzburg,kids-around,false,active,
designer-outlet-salzburg,kneipp,false,active,
designer-outlet-salzburg,lacoste,false,active,
designer-outlet-salzburg,levis,false,active,
designer-outlet-salzburg,liebeskind,false,active,
designer-outlet-salzburg,lindt,false,active,
designer-outlet-salzburg,marc-opolo,false,active,
designer-outlet-salzburg,michael-kors,false,active,
designer-outlet-salzburg,mustang,false,active,
designer-outlet-salzburg,nike,false,active,
designer-outlet-salzburg,only,false,active,
designer-outlet-salzburg,only-and-sons,false,active,
designer-outlet-salzburg,pandora,false,active,
designer-outlet-salzburg,pepe-jeans,false,active,
designer-outlet-salzburg,polo-ralph-lauren,false,active,
designer-outlet-salzburg,protest,false,active,
designer-outlet-salzburg,puma,false,active,
designer-outlet-salzburg,ravensburger,false,active,
designer-outlet-salzburg,roberto-cavalli,false,active,
designer-outlet-salzburg,rosenthal,false,active,
designer-outlet-salzburg,roesle,false,active,
designer-outlet-salzburg,samsonite,false,active,
designer-outlet-salzburg,schiesser,false,active,
designer-outlet-salzburg,seidensticker,false,active,
designer-outlet-salzburg,skechers,false,active,
designer-outlet-salzburg,sunglass-hut,false,active,
designer-outlet-salzburg,superdry,false,active,
designer-outlet-salzburg,tefal,false,active,
designer-outlet-salzburg,the-cosmetics-company-store,false,active,
designer-outlet-salzburg,the-north-face,false,active,
designer-outlet-salzburg,tom-tailor,false,active,
designer-outlet-salzburg,tommy-hilfiger,false,active,
designer-outlet-salzburg,triumph,false,active,
designer-outlet-salzburg,under-armour,false,active,
designer-outlet-salzburg,vero-moda,false,active,
designer-outlet-salzburg,villeroy-and-boch,false,active,
designer-outlet-salzburg,wmf,false,active,
designer-outlet-salzburg,wellensteyn,false,active,
designer-outlet-salzburg,windsor,false,active,
designer-outlet-salzburg,wolford,false,active,
fashion-fish-factory-outlet,bally,false,active,
fashion-fish-factory-outlet,beldona,false,active,
fashion-fish-factory-outlet,blackout,false,active,
fashion-fish-factory-outlet,bogner,false,active,
fashion-fish-factory-outlet,boss,false,active,
fashion-fish-factory-outlet,boxeur-des-rues,false,active,
fashion-fish-factory-outlet,brandsloft,false,active,
fashion-fish-factory-outlet,calida,false,active,
fashion-fish-factory-outlet,camel-active,false,active,
fashion-fish-factory-outlet,camp-david-and-soccx,false,active,
fashion-fish-factory-outlet,comma,false,active,
fashion-fish-factory-outlet,ecco,false,active,
fashion-fish-factory-outlet,free-shop-perfumes-cosmetics,false,active,
fashion-fish-factory-outlet,guess,false,active,
fashion-fish-factory-outlet,jack-and-jones,false,active,
fashion-fish-factory-outlet,jack-wolfskin,false,active,
fashion-fish-factory-outlet,kitchen-and-more,false,active,
fashion-fish-factory-outlet,kuhn-rikon,false,active,
fashion-fish-factory-outlet,lacoste,false,active,
fashion-fish-factory-outlet,liebeskind-berlin,false,active,
fashion-fish-factory-outlet,liu-jo,false,active,
fashion-fish-factory-outlet,luxury-fashion-store,false,active,
fashion-fish-factory-outlet,marc-o-polo,false,active,
fashion-fish-factory-outlet,marc-opolo,false,active,
fashion-fish-factory-outlet,max-mara,false,active,
fashion-fish-factory-outlet,modeva,false,active,
fashion-fish-factory-outlet,nike,false,active,
fashion-fish-factory-outlet,ny-lab,false,active,
fashion-fish-factory-outlet,odlo,false,active,
fashion-fish-factory-outlet,okaidi,false,active,
fashion-fish-factory-outlet,only,false,active,
fashion-fish-factory-outlet,pierre-cardin,false,active,
fashion-fish-factory-outlet,pme-legend,false,active,
fashion-fish-factory-outlet,puma,false,active,
fashion-fish-factory-outlet,roy-robson,false,active,
fashion-fish-factory-outlet,rukka,false,active,
fashion-fish-factory-outlet,s-oliver,false,active,
fashion-fish-factory-outlet,schiesser,false,active,
fashion-fish-factory-outlet,schlossberg,false,active,
fashion-fish-factory-outlet,skechers,false,active,
fashion-fish-factory-outlet,skiny,false,active,
fashion-fish-factory-outlet,tom-tailor,false,active,
fashion-fish-factory-outlet,watch-and-see,false,active,
fashion-fish-factory-outlet,we-fashion,false,active,
foxtown-factory-stores,7-for-all-mankind,false,active,
foxtown-factory-stores,akris,false,active,
foxtown-factory-stores,andre-maurice,false,active,
foxtown-factory-stores,angelico,false,active,
foxtown-factory-stores,armani,false,active,
foxtown-factory-stores,aspesi,false,active,
foxtown-factory-stores,aventurx,false,active,
foxtown-factory-stores,baldinini,false,active,
foxtown-factory-stores,bally,false,active,
foxtown-factory-stores,bassetti,false,active,
foxtown-factory-stores,belotti-otticaudito,false,active,
foxtown-factory-stores,blitz-for-eyes,false,active,
foxtown-factory-stores,boggi-milano,false,active,
foxtown-factory-stores,borbonese,false,active,
foxtown-factory-stores,boss,false,active,
foxtown-factory-stores,boxeur-des-rues,false,active,
foxtown-factory-stores,brics,false,active,
foxtown-factory-stores,brooks-brothers,false,active,
foxtown-factory-stores,brums,false,active,
foxtown-factory-stores,burberry,false,active,
foxtown-factory-stores,c-p-company,false,active,
foxtown-factory-stores,calida,false,active,
foxtown-factory-stores,calvin-klein,false,active,
foxtown-factory-stores,calzedonia,false,active,
foxtown-factory-stores,camicissima,false,active,
foxtown-factory-stores,caroll,false,active,
foxtown-factory-stores,churchs,false,active,
foxtown-factory-stores,clarks,false,active,
foxtown-factory-stores,cmp,false,active,
foxtown-factory-stores,coach,false,active,
foxtown-factory-stores,coccinelle,false,active,
foxtown-factory-stores,corneliani,false,active,
foxtown-factory-stores,costume-national,false,active,
foxtown-factory-stores,damiani,false,active,
foxtown-factory-stores,diesel,false,active,
foxtown-factory-stores,dockers,false,active,
foxtown-factory-stores,dolce-and-gabbana,false,active,
foxtown-factory-stores,dsquared2,false,active,
foxtown-factory-stores,ecco,false,active,
foxtown-factory-stores,elena-miro,false,active,
foxtown-factory-stores,elmas-phil,false,active,
foxtown-factory-stores,elmas-phil-collection,false,active,
foxtown-factory-stores,elmas-phil-uomo,false,active,
foxtown-factory-stores,etro,false,active,
foxtown-factory-stores,falke,false,active,
foxtown-factory-stores,fay,false,active,
foxtown-factory-stores,ferragamo,false,active,
foxtown-factory-stores,fiorella-rubino,false,active,
foxtown-factory-stores,flavio-castellani,false,active,
foxtown-factory-stores,fratelli-rossetti,false,active,
foxtown-factory-stores,freddy,false,active,
foxtown-factory-stores,free-shop-1,false,active,
foxtown-factory-stores,free-shop-2,false,active,
foxtown-factory-stores,freitag,false,active,
foxtown-factory-stores,furla,false,active,
foxtown-factory-stores,gant,false,active,
foxtown-factory-stores,gaudi,false,active,
foxtown-factory-stores,geox,false,active,
foxtown-factory-stores,guess,false,active,
foxtown-factory-stores,hackett-london,false,active,
foxtown-factory-stores,hanro,false,active,
foxtown-factory-stores,harmont-and-blaine,false,active,
foxtown-factory-stores,harmont-and-blaine-junior,false,active,
foxtown-factory-stores,hogan,false,active,
foxtown-factory-stores,hour-passion,false,active,
foxtown-factory-stores,icebreaker,false,active,
foxtown-factory-stores,il-lanificio,false,active,
foxtown-factory-stores,intimissimi,false,active,
foxtown-factory-stores,jacadi-paris,false,active,
foxtown-factory-stores,jack-and-jones,false,active,
foxtown-factory-stores,jaked,false,active,
foxtown-factory-stores,jerem,false,active,
foxtown-factory-stores,jimmy-choo,false,active,
foxtown-factory-stores,john-richmond,false,active,
foxtown-factory-stores,k-way,false,active,
foxtown-factory-stores,kid-space,false,active,
foxtown-factory-stores,kid-space-collection,false,active,
foxtown-factory-stores,kiko-milano,false,active,
foxtown-factory-stores,kiton,false,active,
foxtown-factory-stores,la-martina,false,active,
foxtown-factory-stores,lacoste,false,active,
foxtown-factory-stores,le-creuset,false,active,
foxtown-factory-stores,lee,false,active,
foxtown-factory-stores,levis,false,active,
foxtown-factory-stores,lindt,false,active,
foxtown-factory-stores,longchamp,false,active,
foxtown-factory-stores,loro-piana,false,active,
foxtown-factory-stores,maje,false,active,
foxtown-factory-stores,malo-italia,false,active,
foxtown-factory-stores,mammut,false,active,
foxtown-factory-stores,marc-opolo,false,active,
foxtown-factory-stores,michael-kors,false,active,
foxtown-factory-stores,millefiori-store,false,active,
foxtown-factory-stores,miriade,false,active,
foxtown-factory-stores,missoni,false,active,
foxtown-factory-stores,modesto-bertotto,false,active,
foxtown-factory-stores,moorer,false,active,
foxtown-factory-stores,morgan,false,active,
foxtown-factory-stores,motivi,false,active,
foxtown-factory-stores,napapijri,false,active,
foxtown-factory-stores,new-balance,false,active,
foxtown-factory-stores,nike,false,active,
foxtown-factory-stores,oakley,false,active,
foxtown-factory-stores,odlo,false,active,
foxtown-factory-stores,off-white,false,active,
foxtown-factory-stores,only,false,active,
foxtown-factory-stores,patrizia-pepe,false,active,
foxtown-factory-stores,paul-and-shark,false,active,
foxtown-factory-stores,peak-performance,false,active,
foxtown-factory-stores,pepe-jeans,false,active,
foxtown-factory-stores,peuterey,false,active,
foxtown-factory-stores,philipp-plein,false,active,
foxtown-factory-stores,pinko,false,active,
foxtown-factory-stores,plein-sport,false,active,
foxtown-factory-stores,pollini,false,active,
foxtown-factory-stores,polo-ralph-lauren,false,active,
foxtown-factory-stores,prada,false,active,
foxtown-factory-stores,puma,false,active,
foxtown-factory-stores,quiksilver,false,active,
foxtown-factory-stores,replay,false,active,
foxtown-factory-stores,rh-plus,false,active,
foxtown-factory-stores,salomon,false,active,
foxtown-factory-stores,samsonite,false,active,
foxtown-factory-stores,sandro,false,active,
foxtown-factory-stores,sandro-ferrone,false,active,
foxtown-factory-stores,sbs,false,active,
foxtown-factory-stores,simonetta,false,active,
foxtown-factory-stores,skechers,false,active,
foxtown-factory-stores,swarovski,false,active,
foxtown-factory-stores,the-north-face,false,active,
foxtown-factory-stores,timberland,false,active,
foxtown-factory-stores,tods,false,active,
foxtown-factory-stores,tommy-hilfiger,false,active,
foxtown-factory-stores,triumph,false,active,
foxtown-factory-stores,trussardi,false,active,
foxtown-factory-stores,tumi,false,active,
foxtown-factory-stores,ugg,false,active,
foxtown-factory-stores,vans,false,active,
foxtown-factory-stores,vaude,false,active,
foxtown-factory-stores,vero-moda,false,active,
foxtown-factory-stores,versace,false,active,
foxtown-factory-stores,villeroy-and-boch,false,active,
foxtown-factory-stores,wmf,false,active,
foxtown-factory-stores,wolford,false,active,
foxtown-factory-stores,woolrich,false,active,
foxtown-factory-stores,wrangler,false,active,
foxtown-factory-stores,zadig-and-voltaire,false,active,
landquart-fashion-outlet,7-for-all-mankind,false,active,
landquart-fashion-outlet,adidas,false,active,
landquart-fashion-outlet,aigner,false,active,
landquart-fashion-outlet,alpha-tauri,false,active,
landquart-fashion-outlet,american-vintage,false,active,
landquart-fashion-outlet,armani,false,active,
landquart-fashion-outlet,asics,false,active,
landquart-fashion-outlet,baldessarini,false,active,
landquart-fashion-outlet,bally,false,active,
landquart-fashion-outlet,beldona,false,active,
landquart-fashion-outlet,benetton,false,active,
landquart-fashion-outlet,bergzeit,false,active,
landquart-fashion-outlet,birkenstock,false,active,
landquart-fashion-outlet,boggi-milano,false,active,
landquart-fashion-outlet,bogner,false,active,
landquart-fashion-outlet,boss,false,active,
landquart-fashion-outlet,boss-kids,false,active,
landquart-fashion-outlet,brax,false,active,
landquart-fashion-outlet,brunello-cucinelli,false,active,
landquart-fashion-outlet,burberry,false,active,
landquart-fashion-outlet,burlington,false,active,
landquart-fashion-outlet,calida,false,active,
landquart-fashion-outlet,calvin-klein,false,active,
landquart-fashion-outlet,camel-active,false,active,
landquart-fashion-outlet,carhartt-wip,false,active,
landquart-fashion-outlet,cecil,false,active,
landquart-fashion-outlet,cinque,false,active,
landquart-fashion-outlet,clarks,false,active,
landquart-fashion-outlet,coach,false,active,
landquart-fashion-outlet,colmar,false,active,
landquart-fashion-outlet,columbia,false,active,
landquart-fashion-outlet,comma,false,active,
landquart-fashion-outlet,companys,false,active,
landquart-fashion-outlet,converse,false,active,
landquart-fashion-outlet,corneliani,false,active,
landquart-fashion-outlet,c-p-company,false,active,
landquart-fashion-outlet,crocs,false,active,
landquart-fashion-outlet,dainese,false,active,
landquart-fashion-outlet,daniel-hechter,false,active,
landquart-fashion-outlet,desigual,false,active,
landquart-fashion-outlet,diesel,false,active,
landquart-fashion-outlet,ecco,false,active,
landquart-fashion-outlet,eleventy,false,active,
landquart-fashion-outlet,ermenegildo-zegna,false,active,
landquart-fashion-outlet,esprit,false,active,
landquart-fashion-outlet,eterna,false,active,
landquart-fashion-outlet,falconeri,false,active,
landquart-fashion-outlet,falke,false,active,
landquart-fashion-outlet,fila,false,active,
landquart-fashion-outlet,fjallraven,false,active,
landquart-fashion-outlet,fossil,false,active,
landquart-fashion-outlet,freitag,false,active,
landquart-fashion-outlet,furla,false,active,
landquart-fashion-outlet,g-star,false,active,
landquart-fashion-outlet,g-star-raw,false,active,
landquart-fashion-outlet,gaastra,false,active,
landquart-fashion-outlet,gant,false,active,
landquart-fashion-outlet,garcia,false,active,
landquart-fashion-outlet,geox,false,active,
landquart-fashion-outlet,gerry-st-tropez,false,active,
landquart-fashion-outlet,gerry-weber,false,active,
landquart-fashion-outlet,guess,false,active,
landquart-fashion-outlet,hackett-london,false,active,
landquart-fashion-outlet,haglofs,false,active,
landquart-fashion-outlet,helly-hansen,false,active,
landquart-fashion-outlet,hugo,false,active,
landquart-fashion-outlet,hunkemoller,false,active,
landquart-fashion-outlet,icebreaker,false,active,
landquart-fashion-outlet,izipizi,false,active,
landquart-fashion-outlet,j-lindeberg,false,active,
landquart-fashion-outlet,jack-and-jones,false,active,
landquart-fashion-outlet,jack-wolfskin,false,active,
landquart-fashion-outlet,joop,false,active,
landquart-fashion-outlet,k-way,false,active,
landquart-fashion-outlet,kappa,false,active,
landquart-fashion-outlet,karl-lagerfeld,false,active,
landquart-fashion-outlet,kids-around,false,active,
landquart-fashion-outlet,kipling,false,active,
landquart-fashion-outlet,kjus,false,active,
landquart-fashion-outlet,kneipp,false,active,
landquart-fashion-outlet,la-martina,false,active,
landquart-fashion-outlet,lacoste,false,active,
landquart-fashion-outlet,laderach,false,active,
landquart-fashion-outlet,le-creuset,false,active,
landquart-fashion-outlet,levis,false,active,
landquart-fashion-outlet,liebeskind-berlin,false,active,
landquart-fashion-outlet,lindt,false,active,
landquart-fashion-outlet,liu-jo,false,active,
landquart-fashion-outlet,lloyd,false,active,
landquart-fashion-outlet,loop,false,active,
landquart-fashion-outlet,loreal,false,active,
landquart-fashion-outlet,maison-123,false,active,
landquart-fashion-outlet,maje,false,active,
landquart-fashion-outlet,mammut,false,active,
landquart-fashion-outlet,mango,false,active,
landquart-fashion-outlet,marc-cain,false,active,
landquart-fashion-outlet,marc-o-polo,false,active,
landquart-fashion-outlet,mavi,false,active,
landquart-fashion-outlet,mcm,false,active,
landquart-fashion-outlet,mey,false,active,
landquart-fashion-outlet,michael-kors,false,active,
landquart-fashion-outlet,mizuno,false,active,
landquart-fashion-outlet,moncler,false,active,
landquart-fashion-outlet,more-and-more,false,active,
landquart-fashion-outlet,mountain-warehouse,false,active,
landquart-fashion-outlet,moeve,false,active,
landquart-fashion-outlet,mustang,false,active,
landquart-fashion-outlet,name-it,false,active,
landquart-fashion-outlet,napapijri,false,active,
landquart-fashion-outlet,new-balance,false,active,
landquart-fashion-outlet,nike,false,active,
landquart-fashion-outlet,oakley,false,active,
landquart-fashion-outlet,oakley-vault,false,active,
landquart-fashion-outlet,odlo,false,active,
landquart-fashion-outlet,olsen,false,active,
landquart-fashion-outlet,on,false,active,
landquart-fashion-outlet,only,false,active,
landquart-fashion-outlet,ortovox,false,active,
landquart-fashion-outlet,oysho,false,active,
landquart-fashion-outlet,pandora,false,active,
landquart-fashion-outlet,parfois,false,active,
landquart-fashion-outlet,peak-performance,false,active,
landquart-fashion-outlet,pepe-jeans,false,active,
landquart-fashion-outlet,petit-bateau,false,active,
landquart-fashion-outlet,pierre-cardin,false,active,
landquart-fashion-outlet,pinko,false,active,
landquart-fashion-outlet,polo-ralph-lauren,false,active,
landquart-fashion-outlet,polo-ralph-lauren-children,false,active,
landquart-fashion-outlet,porsche-design,false,active,
landquart-fashion-outlet,prada,false,active,
landquart-fashion-outlet,puma,false,active,
landquart-fashion-outlet,ragwear,false,active,
landquart-fashion-outlet,ralph-lauren-home,false,active,
landquart-fashion-outlet,reebok,false,active,
landquart-fashion-outlet,rene-lezard,false,active,
landquart-fashion-outlet,replay,false,active,
landquart-fashion-outlet,rich-and-royal,false,active,
landquart-fashion-outlet,rituals,false,active,
landquart-fashion-outlet,roeckl,false,active,
landquart-fashion-outlet,rossignol,false,active,
landquart-fashion-outlet,rukka,false,active,
landquart-fashion-outlet,salomon,false,active,
landquart-fashion-outlet,samsonite,false,active,
landquart-fashion-outlet,sandro,false,active,
landquart-fashion-outlet,schiesser,false,active,
landquart-fashion-outlet,schoffel,false,active,
landquart-fashion-outlet,scotch-and-soda,false,active,
landquart-fashion-outlet,secrid,false,active,
landquart-fashion-outlet,seidensticker,false,active,
landquart-fashion-outlet,sigg,false,active,
landquart-fashion-outlet,skechers,false,active,
landquart-fashion-outlet,sloggi,false,active,
landquart-fashion-outlet,street-one,false,active,
landquart-fashion-outlet,strellson,false,active,
landquart-fashion-outlet,sunglass-hut,false,active,
landquart-fashion-outlet,superdry,false,active,
landquart-fashion-outlet,swarovski,false,active,
landquart-fashion-outlet,tefal-official-store,false,active,
landquart-fashion-outlet,the-cosmetics-company-store,false,active,
landquart-fashion-outlet,the-kooples,false,active,
landquart-fashion-outlet,the-north-face,false,active,
landquart-fashion-outlet,timberland,false,active,
landquart-fashion-outlet,tom-tailor,false,active,
landquart-fashion-outlet,tommy-hilfiger,false,active,
landquart-fashion-outlet,tommy-jeans,false,active,
landquart-fashion-outlet,triumph,false,active,
landquart-fashion-outlet,tumi,false,active,
landquart-fashion-outlet,ugg,false,active,
landquart-fashion-outlet,under-armour,false,active,
landquart-fashion-outlet,united-colors-of-benetton,false,active,
landquart-fashion-outlet,vans,false,active,
landquart-fashion-outlet,vaude,false,active,
landquart-fashion-outlet,vero-moda,false,active,
landquart-fashion-outlet,villeroy-and-boch,false,active,
landquart-fashion-outlet,watch-and-see,false,active,
landquart-fashion-outlet,wellensteyn,false,active,
landquart-fashion-outlet,werder-sports,false,active,
landquart-fashion-outlet,windsor,false,active,
landquart-fashion-outlet,wmf,false,active,
landquart-fashion-outlet,wolford,false,active,
landquart-fashion-outlet,woolrich,false,active,
landquart-fashion-outlet,wrangler,false,active,
landquart-fashion-outlet,saint-laurent,false,active,
landquart-fashion-outlet,zadig-and-voltaire,false,active,
landquart-fashion-outlet,zwilling,false,active,
freeport-lisboa-fashion-outlet,adidas,true,active,
freeport-lisboa-fashion-outlet,adolfo-dominguez,false,active,
freeport-lisboa-fashion-outlet,aldo,false,active,
freeport-lisboa-fashion-outlet,armani,false,active,
freeport-lisboa-fashion-outlet,asics,false,active,
freeport-lisboa-fashion-outlet,calvin-klein,false,active,
freeport-lisboa-fashion-outlet,calvin-klein-underwear,false,active,
freeport-lisboa-fashion-outlet,converse,false,active,
freeport-lisboa-fashion-outlet,douglas,false,active,
freeport-lisboa-fashion-outlet,espaco-casa,false,active,
freeport-lisboa-fashion-outlet,fila,false,active,
freeport-lisboa-fashion-outlet,furla,false,active,
freeport-lisboa-fashion-outlet,gato-preto,false,active,
freeport-lisboa-fashion-outlet,home-and-cook,false,active,
freeport-lisboa-fashion-outlet,hurley,false,active,
freeport-lisboa-fashion-outlet,invicta,false,active,
freeport-lisboa-fashion-outlet,jerem,false,active,
freeport-lisboa-fashion-outlet,karl-lagerfeld,true,active,
freeport-lisboa-fashion-outlet,kids-around,false,active,
freeport-lisboa-fashion-outlet,lacoste,false,active,
freeport-lisboa-fashion-outlet,le-creuset,false,active,
freeport-lisboa-fashion-outlet,lefties,false,active,
freeport-lisboa-fashion-outlet,levis,false,active,
freeport-lisboa-fashion-outlet,lion-of-porches,false,active,
freeport-lisboa-fashion-outlet,longchamp,false,active,
freeport-lisboa-fashion-outlet,lottusse,false,active,
freeport-lisboa-fashion-outlet,mango,false,active,
freeport-lisboa-fashion-outlet,michael-kors,true,active,
freeport-lisboa-fashion-outlet,new-balance,false,active,
freeport-lisboa-fashion-outlet,nike,false,active,
freeport-lisboa-fashion-outlet,polo-ralph-lauren,false,active,
freeport-lisboa-fashion-outlet,puma,false,active,
freeport-lisboa-fashion-outlet,seaside,false,active,
freeport-lisboa-fashion-outlet,skechers,false,active,
freeport-lisboa-fashion-outlet,stockout,false,active,
freeport-lisboa-fashion-outlet,sunglass-hut,false,active,
freeport-lisboa-fashion-outlet,the-body-shop,false,active,
freeport-lisboa-fashion-outlet,tommy-hilfiger,true,active,
freeport-lisboa-fashion-outlet,tous,false,active,
freeport-lisboa-fashion-outlet,under-armour,false,active,
freeport-lisboa-fashion-outlet,vans,false,active,
freeport-lisboa-fashion-outlet,zadig-and-voltaire,false,active,
vila-do-conde-porto-fashion-outlet,adidas,true,active,
vila-do-conde-porto-fashion-outlet,adolfo-dominguez,false,active,
vila-do-conde-porto-fashion-outlet,ambitious,false,active,
vila-do-conde-porto-fashion-outlet,american-tourister,false,active,
vila-do-conde-porto-fashion-outlet,arcadia,false,active,
vila-do-conde-porto-fashion-outlet,armani,false,active,
vila-do-conde-porto-fashion-outlet,asics,false,active,
vila-do-conde-porto-fashion-outlet,bimba-y-lola,false,active,
vila-do-conde-porto-fashion-outlet,birkenstock,false,active,
vila-do-conde-porto-fashion-outlet,boss,false,active,
vila-do-conde-porto-fashion-outlet,boutique-dos-relogios,false,active,
vila-do-conde-porto-fashion-outlet,calvin-klein,false,active,
vila-do-conde-porto-fashion-outlet,coach,false,active,
vila-do-conde-porto-fashion-outlet,fifty,false,active,
vila-do-conde-porto-fashion-outlet,fred-perry,false,active,
vila-do-conde-porto-fashion-outlet,furla,false,active,
vila-do-conde-porto-fashion-outlet,gant,false,active,
vila-do-conde-porto-fashion-outlet,guess,false,active,
vila-do-conde-porto-fashion-outlet,hackett,false,active,
vila-do-conde-porto-fashion-outlet,karl-lagerfeld,false,active,
vila-do-conde-porto-fashion-outlet,lacoste,false,active,
vila-do-conde-porto-fashion-outlet,lemon-jelly,false,active,
vila-do-conde-porto-fashion-outlet,levis,false,active,
vila-do-conde-porto-fashion-outlet,lindt,false,active,
vila-do-conde-porto-fashion-outlet,lottusse,false,active,
vila-do-conde-porto-fashion-outlet,michael-kors,true,active,
vila-do-conde-porto-fashion-outlet,new-era,false,active,
vila-do-conde-porto-fashion-outlet,nike,false,active,
vila-do-conde-porto-fashion-outlet,pandora,false,active,
vila-do-conde-porto-fashion-outlet,pedro-del-hierro,false,active,
vila-do-conde-porto-fashion-outlet,pepe-jeans,false,active,
vila-do-conde-porto-fashion-outlet,polo-ralph-lauren,false,active,
vila-do-conde-porto-fashion-outlet,puma,false,active,
vila-do-conde-porto-fashion-outlet,purificacion-garcia,false,active,
vila-do-conde-porto-fashion-outlet,rituals,false,active,
vila-do-conde-porto-fashion-outlet,samsonite,false,active,
vila-do-conde-porto-fashion-outlet,skin-travel,false,active,
vila-do-conde-porto-fashion-outlet,sunglass-hut,false,active,
vila-do-conde-porto-fashion-outlet,swarovski,false,active,
vila-do-conde-porto-fashion-outlet,the-press,false,active,
vila-do-conde-porto-fashion-outlet,timberland,false,active,
vila-do-conde-porto-fashion-outlet,tommy-hilfiger,true,active,
vila-do-conde-porto-fashion-outlet,tommy-hilfiger-kids,false,active,
vila-do-conde-porto-fashion-outlet,tous,false,active,
vila-do-conde-porto-fashion-outlet,trussardi,false,active,
vila-do-conde-porto-fashion-outlet,under-armour,false,active,
vila-do-conde-porto-fashion-outlet,urban-project,false,active,
vila-do-conde-porto-fashion-outlet,vans,false,active,
vila-do-conde-porto-fashion-outlet,volcom,false,active,
vila-do-conde-porto-fashion-outlet,zara-home,false,active,
vila-do-conde-porto-fashion-outlet,zippy,false,active,
vila-do-conde-porto-fashion-outlet,zwilling,false,active,
ringsted-outlet,adidas,true,active,
ringsted-outlet,asics,false,active,
ringsted-outlet,betty-barclay,false,active,
ringsted-outlet,boss,true,active,
ringsted-outlet,calvin-klein,false,active,
ringsted-outlet,companys,false,active,
ringsted-outlet,ecco,false,active,
ringsted-outlet,gant,false,active,
ringsted-outlet,guess,false,active,
ringsted-outlet,helly-hansen,false,active,
ringsted-outlet,home-and-cook,false,active,
ringsted-outlet,hugo,false,active,
ringsted-outlet,hummel,false,active,
ringsted-outlet,hunkemoller,false,active,
ringsted-outlet,jack-and-jones,false,active,
ringsted-outlet,jack-and-jones-kids,false,active,
ringsted-outlet,julie-sandlau,false,active,
ringsted-outlet,kitchen-living-dining,false,active,
ringsted-outlet,lacoste,false,active,
ringsted-outlet,le-creuset,false,active,
ringsted-outlet,levis,false,active,
ringsted-outlet,lindt,false,active,
ringsted-outlet,masai,false,active,
ringsted-outlet,msch-copenhagen,false,active,
ringsted-outlet,name-it,false,active,
ringsted-outlet,nike-factory-store,true,active,
ringsted-outlet,only,false,active,
ringsted-outlet,peak-performance,false,active,
ringsted-outlet,puma,false,active,
ringsted-outlet,rosendahl-design-group,false,active,
ringsted-outlet,royal-copenhagen,false,active,
ringsted-outlet,samsoe-samsoe,false,active,
ringsted-outlet,signal,false,active,
ringsted-outlet,skechers,false,active,
ringsted-outlet,superdry,false,active,
ringsted-outlet,tommy-hilfiger,true,active,
ringsted-outlet,triumph,false,active,
ringsted-outlet,vero-moda,false,active,
ringsted-outlet,zwilling,false,active,
fashion-house-outlet-centre-bucharest,acandco,false,active,
fashion-house-outlet-centre-bucharest,adidas,false,active,
fashion-house-outlet-centre-bucharest,boss,false,active,
fashion-house-outlet-centre-bucharest,brands-hub,false,active,
fashion-house-outlet-centre-bucharest,calvin-klein,false,active,
fashion-house-outlet-centre-bucharest,catch,false,active,
fashion-house-outlet-centre-bucharest,cavaliere,false,active,
fashion-house-outlet-centre-bucharest,colins,false,active,
fashion-house-outlet-centre-bucharest,columbia,false,active,
fashion-house-outlet-centre-bucharest,crocs,false,active,
fashion-house-outlet-centre-bucharest,desigual,false,active,
fashion-house-outlet-centre-bucharest,diesel,false,active,
fashion-house-outlet-centre-bucharest,dika,false,active,
fashion-house-outlet-centre-bucharest,ds-damat,false,active,
fashion-house-outlet-centre-bucharest,ecco,false,active,
fashion-house-outlet-centre-bucharest,funplay-outlet-militari,false,active,
fashion-house-outlet-centre-bucharest,gant,false,active,
fashion-house-outlet-centre-bucharest,guess,false,active,
fashion-house-outlet-centre-bucharest,hervis,false,active,
fashion-house-outlet-centre-bucharest,himalaya,false,active,
fashion-house-outlet-centre-bucharest,iconic-beauty,false,active,
fashion-house-outlet-centre-bucharest,jolidon,false,active,
fashion-house-outlet-centre-bucharest,land-mobile,false,active,
fashion-house-outlet-centre-bucharest,levis,false,active,
fashion-house-outlet-centre-bucharest,liujo,false,active,
fashion-house-outlet-centre-bucharest,marc-opolo,false,active,
fashion-house-outlet-centre-bucharest,mirano,false,active,
fashion-house-outlet-centre-bucharest,mizar,false,active,
fashion-house-outlet-centre-bucharest,motivi,false,active,
fashion-house-outlet-centre-bucharest,motor-jeans-outlet-militari,false,active,
fashion-house-outlet-centre-bucharest,nike,false,active,
fashion-house-outlet-centre-bucharest,numero-uno,false,active,
fashion-house-outlet-centre-bucharest,oltre,false,active,
fashion-house-outlet-centre-bucharest,otter,false,active,
fashion-house-outlet-centre-bucharest,penti,false,active,
fashion-house-outlet-centre-bucharest,puma,false,active,
fashion-house-outlet-centre-bucharest,randr-boutique,false,active,
fashion-house-outlet-centre-bucharest,sabon,false,active,
fashion-house-outlet-centre-bucharest,samsonite,false,active,
fashion-house-outlet-centre-bucharest,smyk,false,active,
fashion-house-outlet-centre-bucharest,sofiaman,false,active,
fashion-house-outlet-centre-bucharest,sport-vision,false,active,
fashion-house-outlet-centre-bucharest,stefanel,false,active,
fashion-house-outlet-centre-bucharest,the-cosmetics-company-store,false,active,
fashion-house-outlet-centre-bucharest,tinar,false,active,
fashion-house-outlet-centre-bucharest,tom-tailor,false,active,
fashion-house-outlet-centre-bucharest,tommy-hilfiger,false,active,
fashion-house-outlet-centre-bucharest,triumph,false,active,
fashion-house-outlet-centre-bucharest,under-armour,false,active,
fashion-house-outlet-centre-bucharest,u-s-polo-assn,false,active,
fashion-house-outlet-centre-bucharest,wittchen,false,active,
fashion-house-outlet-centre-pallady,acandco,false,active,
fashion-house-outlet-centre-pallady,adidas,false,active,
fashion-house-outlet-centre-pallady,brands-hub,false,active,
fashion-house-outlet-centre-pallady,bsb,false,active,
fashion-house-outlet-centre-pallady,calvin-klein,false,active,
fashion-house-outlet-centre-pallady,catch,false,active,
fashion-house-outlet-centre-pallady,cavaliere,false,active,
fashion-house-outlet-centre-pallady,collective,false,active,
fashion-house-outlet-centre-pallady,colins,false,active,
fashion-house-outlet-centre-pallady,crocs,false,active,
fashion-house-outlet-centre-pallady,d-s-damat,false,active,
fashion-house-outlet-centre-pallady,ecco,false,active,
fashion-house-outlet-centre-pallady,guess,false,active,
fashion-house-outlet-centre-pallady,levis,false,active,
fashion-house-outlet-centre-pallady,nike,false,active,
fashion-house-outlet-centre-pallady,numero-uno,false,active,
fashion-house-outlet-centre-pallady,randr-boutique,false,active,
fashion-house-outlet-centre-pallady,samsonite,false,active,
fashion-house-outlet-centre-pallady,sizeer,false,active,
fashion-house-outlet-centre-pallady,tinar,false,active,
fashion-house-outlet-centre-pallady,tom-tailor,false,active,
fashion-house-outlet-centre-pallady,tommy-hilfiger,false,active,
fashion-house-outlet-centre-pallady,triumph,false,active,
fashion-house-outlet-centre-pallady,under-armour,false,active,
fashion-house-outlet-centre-pallady,wittchen,false,active,
t1-tallinn-outlet,aanda,false,active,
t1-tallinn-outlet,cotton-box,false,active,
t1-tallinn-outlet,denim-dream-outlet,false,active,
t1-tallinn-outlet,easy-travel,false,active,
t1-tallinn-outlet,flambrex,false,active,
t1-tallinn-outlet,froddo,false,active,
t1-tallinn-outlet,halfprice,false,active,
t1-tallinn-outlet,hc-pro-outlet,false,active,
t1-tallinn-outlet,mandarina-duck,false,active,
t1-tallinn-outlet,ns-king-bonus-outlet,false,active,
t1-tallinn-outlet,ohoo-outlet,false,active,
t1-tallinn-outlet,petroff,false,active,
t1-tallinn-outlet,premium-sneaker-outlet,false,active,
t1-tallinn-outlet,rademar-outlet,false,active,
t1-tallinn-outlet,salamander-outlet,false,active,
t1-tallinn-outlet,sinsay,false,active,
t1-tallinn-outlet,sokisahtel-outlet,false,active,
t1-tallinn-outlet,sportland-outlet,false,active,
t1-tallinn-outlet,sportplus-outlet,false,active,
t1-tallinn-outlet,tally-weijl,false,active,
t1-tallinn-outlet,terranova,false,active,
t1-tallinn-outlet,tomas-gold,false,active,
t1-tallinn-outlet,upgreat,false,active,
t1-tallinn-outlet,xs-manguasjad,false,active,
t1-tallinn-outlet,yves-rocher,false,active,
factory-annopol,4f,false,active,
factory-annopol,adidas,false,active,
factory-annopol,adventure-sports-rossignol,false,active,
factory-annopol,albione,false,active,
factory-annopol,alpine-pro,false,active,
factory-annopol,aw-fashion,false,active,
factory-annopol,bagatelle,false,active,
factory-annopol,big-star,false,active,
factory-annopol,borgio,false,active,
factory-annopol,bytom,false,active,
factory-annopol,calvin-klein,false,active,
factory-annopol,change-lingerie,false,active,
factory-annopol,clarks,false,active,
factory-annopol,converse,false,active,
factory-annopol,crocs,false,active,
factory-annopol,cross-jeans,false,active,
factory-annopol,czas-na-herbate,false,active,
factory-annopol,dajar,false,active,
factory-annopol,digel,false,active,
factory-annopol,diverse,false,active,
factory-annopol,ecco,false,active,
factory-annopol,empik,false,active,
factory-annopol,family-optic,false,active,
factory-annopol,filippo,false,active,
factory-annopol,franco-feruzzi,false,active,
factory-annopol,gatta,false,active,
factory-annopol,giacomo-conti,false,active,
factory-annopol,guess,false,active,
factory-annopol,guess-accessories,false,active,
factory-annopol,helly-hansen,false,active,
factory-annopol,italian-fashion,false,active,
factory-annopol,jack-and-jones,false,active,
factory-annopol,jack-wolfskin,false,active,
factory-annopol,kamalion,false,active,
factory-annopol,kazar,false,active,
factory-annopol,kubenz,false,active,
factory-annopol,kulig,false,active,
factory-annopol,lancerto,false,active,
factory-annopol,lavard,false,active,
factory-annopol,lee-cooper,false,active,
factory-annopol,lee-wrangler,false,active,
factory-annopol,levis,false,active,
factory-annopol,lindt,false,active,
factory-annopol,liquid-jungle,false,active,
factory-annopol,marc-opolo,false,active,
factory-annopol,mastersport-reebok,false,active,
factory-annopol,medicine,false,active,
factory-annopol,molton,false,active,
factory-annopol,mother-earth,false,active,
factory-annopol,mountain-warehouse,false,active,
factory-annopol,mustang,false,active,
factory-annopol,new-balance,false,active,
factory-annopol,nike,false,active,
factory-annopol,ochnik,false,active,
factory-annopol,only,false,active,
factory-annopol,outly,false,active,
factory-annopol,pako-lorente,false,active,
factory-annopol,pepe-jeans,false,active,
factory-annopol,pierre-cardin,false,active,
factory-annopol,puccini,false,active,
factory-annopol,puma,false,active,
factory-annopol,regatta,false,active,
factory-annopol,rossmann,false,active,
factory-annopol,rtv-euro-agd,false,active,
factory-annopol,salewa,false,active,
factory-annopol,samsonite,false,active,
factory-annopol,skechers,false,active,
factory-annopol,smyk,false,active,
factory-annopol,sorvella,false,active,
factory-annopol,sunset-suits,false,active,
factory-annopol,tefal,false,active,
factory-annopol,teletorium,false,active,
factory-annopol,timberland,false,active,
factory-annopol,time-trend,false,active,
factory-annopol,trespass,false,active,
factory-annopol,triumph,false,active,
factory-annopol,under-armour,false,active,
factory-annopol,vans,false,active,
factory-annopol,venezia,false,active,
factory-annopol,vestus,false,active,
factory-annopol,villeroy-and-boch,false,active,
factory-annopol,vistula,false,active,
factory-annopol,volcano,false,active,
factory-annopol,w-kruk,false,active,
factory-annopol,wakacje-pl,false,active,
factory-annopol,wittchen,false,active,
factory-annopol,wittchen-travel,false,active,
factory-annopol,yes,false,active,
factory-annopol,ziaja,false,active,
factory-ursus,4f,false,active,
factory-ursus,adidas,false,active,
factory-ursus,albione,false,active,
factory-ursus,alpine-pro,false,active,
factory-ursus,apart,false,active,
factory-ursus,bagatelle,false,active,
factory-ursus,big-star,false,active,
factory-ursus,boss,false,active,
factory-ursus,brand-collection,false,active,
factory-ursus,brand-collection-for-ladies,false,active,
factory-ursus,bytom,false,active,
factory-ursus,calvin-klein,false,active,
factory-ursus,calzedonia,false,active,
factory-ursus,change-lingerie,false,active,
factory-ursus,cloud-shop,false,active,
factory-ursus,crocs,false,active,
factory-ursus,cross-jeans,false,active,
factory-ursus,d-s-damat,false,active,
factory-ursus,dajar,false,active,
factory-ursus,desigual,false,active,
factory-ursus,digel,false,active,
factory-ursus,diverse,false,active,
factory-ursus,ecco,false,active,
factory-ursus,empik,false,active,
factory-ursus,etam,false,active,
factory-ursus,family-optic,false,active,
factory-ursus,franco-feruzzi,false,active,
factory-ursus,gant,false,active,
factory-ursus,gatta,false,active,
factory-ursus,giacomo-conti,false,active,
factory-ursus,guess,false,active,
factory-ursus,guess-accessories,false,active,
factory-ursus,haribo,false,active,
factory-ursus,inmedio,false,active,
factory-ursus,iqos,false,active,
factory-ursus,italian-fashion,false,active,
factory-ursus,jack-and-jones,false,active,
factory-ursus,joop,false,active,
factory-ursus,kamalion,false,active,
factory-ursus,kubenz,false,active,
factory-ursus,kulig,false,active,
factory-ursus,lacoste,false,active,
factory-ursus,lancerto,false,active,
factory-ursus,lavard,false,active,
factory-ursus,lee-cooper,false,active,
factory-ursus,lee-wrangler,false,active,
factory-ursus,levis,false,active,
factory-ursus,lindt,false,active,
factory-ursus,marc-opolo,false,active,
factory-ursus,marilyn,false,active,
factory-ursus,mastersport,false,active,
factory-ursus,medicine,false,active,
factory-ursus,mother-earth,false,active,
factory-ursus,mountain-warehouse,false,active,
factory-ursus,mustang,false,active,
factory-ursus,new-balance,false,active,
factory-ursus,nike,false,active,
factory-ursus,ochnik,false,active,
factory-ursus,only,false,active,
factory-ursus,outly,false,active,
factory-ursus,pako-lorente,false,active,
factory-ursus,pandora,false,active,
factory-ursus,pepe-jeans,false,active,
factory-ursus,pierre-cardin,false,active,
factory-ursus,puma,false,active,
factory-ursus,regatta,false,active,
factory-ursus,rossmann,false,active,
factory-ursus,rylko,false,active,
factory-ursus,salomon,false,active,
factory-ursus,samsonite,false,active,
factory-ursus,skechers,false,active,
factory-ursus,smyk,false,active,
factory-ursus,solar,false,active,
factory-ursus,sorvella,false,active,
factory-ursus,soul-converse,false,active,
factory-ursus,sunset-suits,false,active,
factory-ursus,tchibo,false,active,
factory-ursus,tefal,false,active,
factory-ursus,teletorium,false,active,
factory-ursus,time-trend,false,active,
factory-ursus,trespass,false,active,
factory-ursus,triumph,false,active,
factory-ursus,under-armour,false,active,
factory-ursus,unisono,false,active,
factory-ursus,vans,false,active,
factory-ursus,venezia,false,active,
factory-ursus,vistula,false,active,
factory-ursus,volcano,false,active,
factory-ursus,w-kruk,false,active,
factory-ursus,wakacje-pl,false,active,
factory-ursus,willsoor,false,active,
factory-ursus,wittchen,false,active,
factory-ursus,yes,false,active,
factory-ursus,ziaja,false,active,
wroclaw-fashion-outlet,4f,false,active,
wroclaw-fashion-outlet,adidas,false,active,
wroclaw-fashion-outlet,albione,false,active,
wroclaw-fashion-outlet,apart,false,active,
wroclaw-fashion-outlet,asics,false,active,
wroclaw-fashion-outlet,bagatelle,false,active,
wroclaw-fashion-outlet,boss,false,active,
wroclaw-fashion-outlet,calvin-klein,false,active,
wroclaw-fashion-outlet,calzedonia-intimissimi-tezenis,false,active,
wroclaw-fashion-outlet,converse,false,active,
wroclaw-fashion-outlet,crocs,false,active,
wroclaw-fashion-outlet,cross-jeans,false,active,
wroclaw-fashion-outlet,desigual,false,active,
wroclaw-fashion-outlet,douglas,false,active,
wroclaw-fashion-outlet,ecco,false,active,
wroclaw-fashion-outlet,family-optic,false,active,
wroclaw-fashion-outlet,filippo,false,active,
wroclaw-fashion-outlet,gap,false,active,
wroclaw-fashion-outlet,giacomo-conti,false,active,
wroclaw-fashion-outlet,greno,false,active,
wroclaw-fashion-outlet,guess,false,active,
wroclaw-fashion-outlet,guess-accessories,false,active,
wroclaw-fashion-outlet,inglot,false,active,
wroclaw-fashion-outlet,itaka,false,active,
wroclaw-fashion-outlet,jack-and-jones,false,active,
wroclaw-fashion-outlet,joop,false,active,
wroclaw-fashion-outlet,karl-lagerfeld,false,active,
wroclaw-fashion-outlet,lacoste,false,active,
wroclaw-fashion-outlet,lancerto,false,active,
wroclaw-fashion-outlet,le-creuset,false,active,
wroclaw-fashion-outlet,lee-cooper,false,active,
wroclaw-fashion-outlet,lee-wrangler,false,active,
wroclaw-fashion-outlet,levis,false,active,
wroclaw-fashion-outlet,made-in-m,false,active,
wroclaw-fashion-outlet,marc-o-polo,false,active,
wroclaw-fashion-outlet,mayoral,false,active,
wroclaw-fashion-outlet,mountain-warehouse,false,active,
wroclaw-fashion-outlet,mustang,false,active,
wroclaw-fashion-outlet,new-balance,false,active,
wroclaw-fashion-outlet,nike,false,active,
wroclaw-fashion-outlet,ochnik,false,active,
wroclaw-fashion-outlet,only,false,active,
wroclaw-fashion-outlet,outly,false,active,
wroclaw-fashion-outlet,pako-lorente,false,active,
wroclaw-fashion-outlet,pepe-jeans,false,active,
wroclaw-fashion-outlet,pierre-cardin,false,active,
wroclaw-fashion-outlet,pitbull,false,active,
wroclaw-fashion-outlet,puma,false,active,
wroclaw-fashion-outlet,reebok,false,active,
wroclaw-fashion-outlet,salewa,false,active,
wroclaw-fashion-outlet,salomon,false,active,
wroclaw-fashion-outlet,schiesser,false,active,
wroclaw-fashion-outlet,skechers,false,active,
wroclaw-fashion-outlet,solar,false,active,
wroclaw-fashion-outlet,tefal-wmf,false,active,
wroclaw-fashion-outlet,teletorium,false,active,
wroclaw-fashion-outlet,tommy-hilfiger,false,active,
wroclaw-fashion-outlet,trespass,false,active,
wroclaw-fashion-outlet,triumph,false,active,
wroclaw-fashion-outlet,tui,false,active,
wroclaw-fashion-outlet,venezia,false,active,
wroclaw-fashion-outlet,villeroy-and-boch,false,active,
wroclaw-fashion-outlet,vistula,false,active,
wroclaw-fashion-outlet,w-kruk,false,active,
wroclaw-fashion-outlet,wellensteyn,false,active,
wroclaw-fashion-outlet,willsoor,false,active,
wroclaw-fashion-outlet,yes,false,active,
wroclaw-fashion-outlet,ziaja,false,active,
designer-outlet-gdansk,4f,false,active,
designer-outlet-gdansk,4tel,false,active,
designer-outlet-gdansk,adidas,false,active,
designer-outlet-gdansk,adventure-sports-rossignol,false,active,
designer-outlet-gdansk,albione,false,active,
designer-outlet-gdansk,alpine-pro,false,active,
designer-outlet-gdansk,amora,false,active,
designer-outlet-gdansk,apart,false,active,
designer-outlet-gdansk,asics,false,active,
designer-outlet-gdansk,bajkowy-labirynt,false,active,
designer-outlet-gdansk,baldessarini,false,active,
designer-outlet-gdansk,big-star,false,active,
designer-outlet-gdansk,boss,false,active,
designer-outlet-gdansk,bytom,false,active,
designer-outlet-gdansk,calvin-klein,false,active,
designer-outlet-gdansk,castellani,false,active,
designer-outlet-gdansk,change-lingerie,false,active,
designer-outlet-gdansk,clinique,false,active,
designer-outlet-gdansk,columbia,false,active,
designer-outlet-gdansk,crocs,false,active,
designer-outlet-gdansk,cross-jeans,false,active,
designer-outlet-gdansk,d-s-damat,false,active,
designer-outlet-gdansk,dajar,false,active,
designer-outlet-gdansk,desigual,false,active,
designer-outlet-gdansk,digel,false,active,
designer-outlet-gdansk,diverse,false,active,
designer-outlet-gdansk,ecco,false,active,
designer-outlet-gdansk,esotiq,false,active,
designer-outlet-gdansk,estee-lauder,false,active,
designer-outlet-gdansk,fablu,false,active,
designer-outlet-gdansk,gabor,false,active,
designer-outlet-gdansk,gap,false,active,
designer-outlet-gdansk,giacomo-conti,false,active,
designer-outlet-gdansk,guess,false,active,
designer-outlet-gdansk,guess-accessories,false,active,
designer-outlet-gdansk,guess-kids,false,active,
designer-outlet-gdansk,italian-fashion,false,active,
designer-outlet-gdansk,izzi,false,active,
designer-outlet-gdansk,jack-and-jones,false,active,
designer-outlet-gdansk,jack-wolfskin,false,active,
designer-outlet-gdansk,karl-lagerfeld,false,active,
designer-outlet-gdansk,kazar,false,active,
designer-outlet-gdansk,kubenz,false,active,
designer-outlet-gdansk,kulig,false,active,
designer-outlet-gdansk,lancerto,false,active,
designer-outlet-gdansk,le-creuset,false,active,
designer-outlet-gdansk,lee,false,active,
designer-outlet-gdansk,lee-cooper,false,active,
designer-outlet-gdansk,levis,false,active,
designer-outlet-gdansk,lindt,false,active,
designer-outlet-gdansk,marc-opolo,false,active,
designer-outlet-gdansk,marilyn,false,active,
designer-outlet-gdansk,medicine,false,active,
designer-outlet-gdansk,molton,false,active,
designer-outlet-gdansk,mountain-warehouse,false,active,
designer-outlet-gdansk,mustang,false,active,
designer-outlet-gdansk,neonail,false,active,
designer-outlet-gdansk,new-balance,false,active,
designer-outlet-gdansk,nike,false,active,
designer-outlet-gdansk,ochnik,false,active,
designer-outlet-gdansk,only,false,active,
designer-outlet-gdansk,outly,false,active,
designer-outlet-gdansk,pako-lorente,false,active,
designer-outlet-gdansk,paris-optique,false,active,
designer-outlet-gdansk,patrizia-aryton,false,active,
designer-outlet-gdansk,pepe-jeans,false,active,
designer-outlet-gdansk,pierre-cardin,false,active,
designer-outlet-gdansk,pinko,false,active,
designer-outlet-gdansk,prochnik,false,active,
designer-outlet-gdansk,puma,false,active,
designer-outlet-gdansk,regatta-great-outdoors,false,active,
designer-outlet-gdansk,rylko,false,active,
designer-outlet-gdansk,salomon,false,active,
designer-outlet-gdansk,schiesser,false,active,
designer-outlet-gdansk,sizeer,false,active,
designer-outlet-gdansk,solar,false,active,
designer-outlet-gdansk,taranko,false,active,
designer-outlet-gdansk,tchibo,false,active,
designer-outlet-gdansk,tefal,false,active,
designer-outlet-gdansk,the-cosmetics-company-store,false,active,
designer-outlet-gdansk,tommy-hilfiger,false,active,
designer-outlet-gdansk,trespass,false,active,
designer-outlet-gdansk,triumph,false,active,
designer-outlet-gdansk,unisono,false,active,
designer-outlet-gdansk,venezia,false,active,
designer-outlet-gdansk,villeroy-and-boch,false,active,
designer-outlet-gdansk,vistula,false,active,
designer-outlet-gdansk,volcano,false,active,
designer-outlet-gdansk,w-kruk,false,active,
designer-outlet-gdansk,wittchen,false,active,
designer-outlet-gdansk,wrangler,false,active,
designer-outlet-gdansk,yes,false,active,
designer-outlet-warszawa,4f,false,active,
designer-outlet-warszawa,4tel,false,active,
designer-outlet-warszawa,adidas,false,active,
designer-outlet-warszawa,albione,false,active,
designer-outlet-warszawa,amora,false,active,
designer-outlet-warszawa,armani,false,active,
designer-outlet-warszawa,bagatelle,false,active,
designer-outlet-warszawa,apart,false,active,
designer-outlet-warszawa,benetton,false,active,
designer-outlet-warszawa,boggi-milano,false,active,
designer-outlet-warszawa,boss,false,active,
designer-outlet-warszawa,bytom,false,active,
designer-outlet-warszawa,calvin-klein,false,active,
designer-outlet-warszawa,calzedonia,false,active,
designer-outlet-warszawa,castellani,false,active,
designer-outlet-warszawa,certina,false,active,
designer-outlet-warszawa,change-lingerie,false,active,
designer-outlet-warszawa,chellena,false,active,
designer-outlet-warszawa,clarks,false,active,
designer-outlet-warszawa,clinique,false,active,
designer-outlet-warszawa,coccinelle,false,active,
designer-outlet-warszawa,columbia,false,active,
designer-outlet-warszawa,crocs,false,active,
designer-outlet-warszawa,cross-jeans,false,active,
designer-outlet-warszawa,dajar-home-and-garden,false,active,
designer-outlet-warszawa,davi-jubiler,false,active,
designer-outlet-warszawa,desigual,false,active,
designer-outlet-warszawa,digel,false,active,
designer-outlet-warszawa,diverse,false,active,
designer-outlet-warszawa,ecco,false,active,
designer-outlet-warszawa,essa-trends,false,active,
designer-outlet-warszawa,estee-lauder,false,active,
designer-outlet-warszawa,fablu,false,active,
designer-outlet-warszawa,flik-flak,false,active,
designer-outlet-warszawa,furla,false,active,
designer-outlet-warszawa,gant,false,active,
designer-outlet-warszawa,gap,false,active,
designer-outlet-warszawa,geox,false,active,
designer-outlet-warszawa,guess,false,active,
designer-outlet-warszawa,hair-point,false,active,
designer-outlet-warszawa,hogl,false,active,
designer-outlet-warszawa,hour-passion,false,active,
designer-outlet-warszawa,intimissimi,false,active,
designer-outlet-warszawa,italian-fashion,false,active,
designer-outlet-warszawa,jo-malone,false,active,
designer-outlet-warszawa,karl-lagerfeld,false,active,
designer-outlet-warszawa,kazar,false,active,
designer-outlet-warszawa,krosno,false,active,
designer-outlet-warszawa,kulig,false,active,
designer-outlet-warszawa,lacoste,false,active,
designer-outlet-warszawa,lancerto,false,active,
designer-outlet-warszawa,lavard,false,active,
designer-outlet-warszawa,le-creuset,false,active,
designer-outlet-warszawa,lee,false,active,
designer-outlet-warszawa,lee-cooper,false,active,
designer-outlet-warszawa,lee-wrangler,false,active,
designer-outlet-warszawa,levis,false,active,
designer-outlet-warszawa,lindt,false,active,
designer-outlet-warszawa,lirene,false,active,
designer-outlet-warszawa,liu-jo,false,active,
designer-outlet-warszawa,longines,false,active,
designer-outlet-warszawa,luisa-spagnoli,false,active,
designer-outlet-warszawa,made-in-m,false,active,
designer-outlet-warszawa,marc-o-polo,false,active,
designer-outlet-warszawa,mareso-milano,false,active,
designer-outlet-warszawa,marilyn,false,active,
designer-outlet-warszawa,max-and-co,false,active,
designer-outlet-warszawa,max-mara,false,active,
designer-outlet-warszawa,michael-kors,false,active,
designer-outlet-warszawa,molton,false,active,
designer-outlet-warszawa,mother-earth,false,active,
designer-outlet-warszawa,mountain-warehouse,false,active,
designer-outlet-warszawa,mustang,false,active,
designer-outlet-warszawa,new-balance,false,active,
designer-outlet-warszawa,nike,false,active,
designer-outlet-warszawa,ochnik,false,active,
designer-outlet-warszawa,olsen,false,active,
designer-outlet-warszawa,only,false,active,
designer-outlet-warszawa,optic-and-co,false,active,
designer-outlet-warszawa,optyk-mikulscy,false,active,
designer-outlet-warszawa,outly,false,active,
designer-outlet-warszawa,paris-optique,false,active,
designer-outlet-warszawa,pennyblack,false,active,
designer-outlet-warszawa,pierre-cardin,false,active,
designer-outlet-warszawa,pinko,false,active,
designer-outlet-warszawa,polo-ralph-lauren,false,active,
designer-outlet-warszawa,puma,false,active,
designer-outlet-warszawa,rado,false,active,
designer-outlet-warszawa,rylko,false,active,
designer-outlet-warszawa,salewa,false,active,
designer-outlet-warszawa,samanta-lingerie,false,active,
designer-outlet-warszawa,samsonite,false,active,
designer-outlet-warszawa,skechers,false,active,
designer-outlet-warszawa,solar,false,active,
designer-outlet-warszawa,sorvella-perfume,false,active,
designer-outlet-warszawa,swarovski,false,active,
designer-outlet-warszawa,swatch,false,active,
designer-outlet-warszawa,tantuum,false,active,
designer-outlet-warszawa,tchibo,false,active,
designer-outlet-warszawa,tefal,false,active,
designer-outlet-warszawa,tezenis,false,active,
designer-outlet-warszawa,the-cosmetics-company-store,false,active,
designer-outlet-warszawa,the-north-face,false,active,
designer-outlet-warszawa,timberland,false,active,
designer-outlet-warszawa,tissot,false,active,
designer-outlet-warszawa,tommy-hilfiger,false,active,
designer-outlet-warszawa,tous,false,active,
designer-outlet-warszawa,trespass,false,active,
designer-outlet-warszawa,triumph,false,active,
designer-outlet-warszawa,trussardi,false,active,
designer-outlet-warszawa,twinset,false,active,
designer-outlet-warszawa,venezia,false,active,
designer-outlet-warszawa,villeroy-and-boch,false,active,
designer-outlet-warszawa,vistula,false,active,
designer-outlet-warszawa,volcano,false,active,
designer-outlet-warszawa,w-kruk,false,active,
designer-outlet-warszawa,willsoor,false,active,
designer-outlet-warszawa,wittchen,false,active,
designer-outlet-warszawa,wmf,false,active,
designer-outlet-warszawa,yes,false,active,
designer-outlet-sosnowiec,4f,false,active,
designer-outlet-sosnowiec,adidas,false,active,
designer-outlet-sosnowiec,alpine-pro,false,active,
designer-outlet-sosnowiec,amora,false,active,
designer-outlet-sosnowiec,apart,false,active,
designer-outlet-sosnowiec,asics,false,active,
designer-outlet-sosnowiec,bergson,false,active,
designer-outlet-sosnowiec,boss,false,active,
designer-outlet-sosnowiec,bytom,false,active,
designer-outlet-sosnowiec,calvin-klein,false,active,
designer-outlet-sosnowiec,change-lingerie,false,active,
designer-outlet-sosnowiec,crocs,false,active,
designer-outlet-sosnowiec,cross-jeans,false,active,
designer-outlet-sosnowiec,dajar-home-and-garden,false,active,
designer-outlet-sosnowiec,deni-cler,false,active,
designer-outlet-sosnowiec,desigual,false,active,
designer-outlet-sosnowiec,digel,false,active,
designer-outlet-sosnowiec,diverse,false,active,
designer-outlet-sosnowiec,ecco,false,active,
designer-outlet-sosnowiec,ellman,false,active,
designer-outlet-sosnowiec,gatta,false,active,
designer-outlet-sosnowiec,guess,false,active,
designer-outlet-sosnowiec,guess-kids,false,active,
designer-outlet-sosnowiec,himountain,false,active,
designer-outlet-sosnowiec,itaka,false,active,
designer-outlet-sosnowiec,italian-fashion,false,active,
designer-outlet-sosnowiec,jack-and-jones,false,active,
designer-outlet-sosnowiec,kazar,false,active,
designer-outlet-sosnowiec,kulig,false,active,
designer-outlet-sosnowiec,lancerto,false,active,
designer-outlet-sosnowiec,lavard,false,active,
designer-outlet-sosnowiec,lee,false,active,
designer-outlet-sosnowiec,lee-cooper,false,active,
designer-outlet-sosnowiec,levis,false,active,
designer-outlet-sosnowiec,marc-o-polo,false,active,
designer-outlet-sosnowiec,marshal,false,active,
designer-outlet-sosnowiec,mastersport,false,active,
designer-outlet-sosnowiec,medicine,false,active,
designer-outlet-sosnowiec,molton,false,active,
designer-outlet-sosnowiec,mountain-warehouse,false,active,
designer-outlet-sosnowiec,mustang,false,active,
designer-outlet-sosnowiec,new-balance,false,active,
designer-outlet-sosnowiec,nike,false,active,
designer-outlet-sosnowiec,ochnik,false,active,
designer-outlet-sosnowiec,only,false,active,
designer-outlet-sosnowiec,outly,false,active,
designer-outlet-sosnowiec,pako-lorente,false,active,
designer-outlet-sosnowiec,paris-optique,false,active,
designer-outlet-sosnowiec,patrizia-aryton,false,active,
designer-outlet-sosnowiec,pierre-cardin,false,active,
designer-outlet-sosnowiec,prochnik,false,active,
designer-outlet-sosnowiec,puma,false,active,
designer-outlet-sosnowiec,recman,false,active,
designer-outlet-sosnowiec,regatta-great-outdoors,false,active,
designer-outlet-sosnowiec,rylko,false,active,
designer-outlet-sosnowiec,salewa,false,active,
designer-outlet-sosnowiec,salomon,false,active,
designer-outlet-sosnowiec,samanta-lingerie,false,active,
designer-outlet-sosnowiec,silesia-jeans,false,active,
designer-outlet-sosnowiec,smyk,false,active,
designer-outlet-sosnowiec,studio-optyczne,false,active,
designer-outlet-sosnowiec,tantuum,false,active,
designer-outlet-sosnowiec,tefal,false,active,
designer-outlet-sosnowiec,the-cosmetics-company-store,false,active,
designer-outlet-sosnowiec,tommy-hilfiger,false,active,
designer-outlet-sosnowiec,tous,false,active,
designer-outlet-sosnowiec,triumph,false,active,
designer-outlet-sosnowiec,unisono,false,active,
designer-outlet-sosnowiec,venezia,false,active,
designer-outlet-sosnowiec,vestus,false,active,
designer-outlet-sosnowiec,villeroy-and-boch,false,active,
designer-outlet-sosnowiec,vip-collection,false,active,
designer-outlet-sosnowiec,vistula,false,active,
designer-outlet-sosnowiec,volcano,false,active,
designer-outlet-sosnowiec,w-kruk,false,active,
designer-outlet-sosnowiec,willsoor,false,active,
designer-outlet-sosnowiec,wittchen,false,active,
designer-outlet-sosnowiec,wrangler,false,active,
designer-outlet-sosnowiec,yes,false,active,
hede-fashion-outlet,adidas,false,active,
hede-fashion-outlet,aimn,false,active,
hede-fashion-outlet,bjorn-borg,false,active,
hede-fashion-outlet,boss,false,active,
hede-fashion-outlet,bruun-stengade,false,active,
hede-fashion-outlet,calvin-klein,false,active,
hede-fashion-outlet,didriksons,false,active,
hede-fashion-outlet,ecco,false,active,
hede-fashion-outlet,eton,false,active,
hede-fashion-outlet,filippa-k,false,active,
hede-fashion-outlet,gant,false,active,
hede-fashion-outlet,gina-tricot,false,active,
hede-fashion-outlet,guess,false,active,
hede-fashion-outlet,haglofs,false,active,
hede-fashion-outlet,helly-hansen,false,active,
hede-fashion-outlet,home-and-cook,false,active,
hede-fashion-outlet,hunkemoller,false,active,
hede-fashion-outlet,iittala,false,active,
hede-fashion-outlet,inwear,false,active,
hede-fashion-outlet,j-lindeberg,false,active,
hede-fashion-outlet,jack-and-jones,false,active,
hede-fashion-outlet,john-henric,false,active,
hede-fashion-outlet,kari-traa,false,active,
hede-fashion-outlet,lacoste,false,active,
hede-fashion-outlet,le-creuset,false,active,
hede-fashion-outlet,lee,false,active,
hede-fashion-outlet,lee-wrangler,false,active,
hede-fashion-outlet,lekia,false,active,
hede-fashion-outlet,levis,false,active,
hede-fashion-outlet,lexington,false,active,
hede-fashion-outlet,lindt,false,active,
hede-fashion-outlet,lyko,false,active,
hede-fashion-outlet,lyle-and-scott,false,active,
hede-fashion-outlet,marc-opolo,false,active,
hede-fashion-outlet,matinique,false,active,
hede-fashion-outlet,michael-kors,false,active,
hede-fashion-outlet,morris,false,active,
hede-fashion-outlet,name-it,false,active,
hede-fashion-outlet,norrona,false,active,
hede-fashion-outlet,only,false,active,
hede-fashion-outlet,orrefors-kosta-boda,false,active,
hede-fashion-outlet,oscar-jacobson,false,active,
hede-fashion-outlet,peak-performance,false,active,
hede-fashion-outlet,replay,false,active,
hede-fashion-outlet,sail-racing,false,active,
hede-fashion-outlet,samsoe-samsoe,false,active,
hede-fashion-outlet,samsonite,false,active,
hede-fashion-outlet,sand-copenhagen,false,active,
hede-fashion-outlet,scorett,false,active,
hede-fashion-outlet,selected,false,active,
hede-fashion-outlet,skechers,false,active,
hede-fashion-outlet,tommy-hilfiger,false,active,
hede-fashion-outlet,triumph,false,active,
hede-fashion-outlet,under-armour,false,active,
hede-fashion-outlet,varg,false,active,
hede-fashion-outlet,vero-moda,false,active,
hede-fashion-outlet,zwilling,false,active,
fashion-arena-prague-outlet,adidas,false,active,
fashion-arena-prague-outlet,alpine-pro,false,active,
fashion-arena-prague-outlet,anthonys,false,active,
fashion-arena-prague-outlet,asics,false,active,
fashion-arena-prague-outlet,bata,false,active,
fashion-arena-prague-outlet,bohemia-crystal-and-porcelain,false,active,
fashion-arena-prague-outlet,boss,false,active,
fashion-arena-prague-outlet,boxeur-des-rues,false,active,
fashion-arena-prague-outlet,bushman,false,active,
fashion-arena-prague-outlet,calvin-klein,false,active,
fashion-arena-prague-outlet,calzedonia,false,active,
fashion-arena-prague-outlet,celio,false,active,
fashion-arena-prague-outlet,comma,false,active,
fashion-arena-prague-outlet,crocs,false,active,
fashion-arena-prague-outlet,desigual,false,active,
fashion-arena-prague-outlet,diesel,false,active,
fashion-arena-prague-outlet,digel,false,active,
fashion-arena-prague-outlet,douglas,false,active,
fashion-arena-prague-outlet,ecco,false,active,
fashion-arena-prague-outlet,feratt-fashion,false,active,
fashion-arena-prague-outlet,fox,false,active,
fashion-arena-prague-outlet,furla,false,active,
fashion-arena-prague-outlet,gant,false,active,
fashion-arena-prague-outlet,gap,false,active,
fashion-arena-prague-outlet,gas,false,active,
fashion-arena-prague-outlet,geox,false,active,
fashion-arena-prague-outlet,guess,false,active,
fashion-arena-prague-outlet,hannah,false,active,
fashion-arena-prague-outlet,heavy-tools,false,active,
fashion-arena-prague-outlet,helly-hansen,false,active,
fashion-arena-prague-outlet,hogl,false,active,
fashion-arena-prague-outlet,hugo,false,active,
fashion-arena-prague-outlet,intimissimi,false,active,
fashion-arena-prague-outlet,jack-and-jones,false,active,
fashion-arena-prague-outlet,jerem,false,active,
fashion-arena-prague-outlet,jolleo,false,active,
fashion-arena-prague-outlet,karl-lagerfeld,false,active,
fashion-arena-prague-outlet,kilpi,false,active,
fashion-arena-prague-outlet,kitikate,false,active,
fashion-arena-prague-outlet,klenoty-aurum,false,active,
fashion-arena-prague-outlet,lacoste,false,active,
fashion-arena-prague-outlet,lee,false,active,
fashion-arena-prague-outlet,lee-cooper,false,active,
fashion-arena-prague-outlet,levis,false,active,
fashion-arena-prague-outlet,lindt,false,active,
fashion-arena-prague-outlet,liu-jo,false,active,
fashion-arena-prague-outlet,luxury-zone,false,active,
fashion-arena-prague-outlet,mango,false,active,
fashion-arena-prague-outlet,marc-o-polo,false,active,
fashion-arena-prague-outlet,milano-brands,false,active,
fashion-arena-prague-outlet,mustang,false,active,
fashion-arena-prague-outlet,nike,false,active,
fashion-arena-prague-outlet,only,false,active,
fashion-arena-prague-outlet,outly,false,active,
fashion-arena-prague-outlet,pandora,false,active,
fashion-arena-prague-outlet,peak-performance,false,active,
fashion-arena-prague-outlet,pepe-jeans,false,active,
fashion-arena-prague-outlet,pinko,false,active,
fashion-arena-prague-outlet,polo-ralph-lauren,false,active,
fashion-arena-prague-outlet,primigi,false,active,
fashion-arena-prague-outlet,puma,false,active,
fashion-arena-prague-outlet,regatta,false,active,
fashion-arena-prague-outlet,rip-curl,false,active,
fashion-arena-prague-outlet,rossignol,false,active,
fashion-arena-prague-outlet,s-oliver,false,active,
fashion-arena-prague-outlet,salomon,false,active,
fashion-arena-prague-outlet,samsonite,false,active,
fashion-arena-prague-outlet,skechers,false,active,
fashion-arena-prague-outlet,sparkys,false,active,
fashion-arena-prague-outlet,sunglass-hut,false,active,
fashion-arena-prague-outlet,swarovski,false,active,
fashion-arena-prague-outlet,tchibo,false,active,
fashion-arena-prague-outlet,tefal,false,active,
fashion-arena-prague-outlet,the-brands-outlet,false,active,
fashion-arena-prague-outlet,the-cosmetics-company-store,false,active,
fashion-arena-prague-outlet,toblerone,false,active,
fashion-arena-prague-outlet,tom-tailor,false,active,
fashion-arena-prague-outlet,tommy-hilfiger,false,active,
fashion-arena-prague-outlet,under-armour,false,active,
fashion-arena-prague-outlet,united-colors-of-benetton,false,active,
fashion-arena-prague-outlet,volcom,false,active,
fashion-arena-prague-outlet,wellensteyn,false,active,
fashion-arena-prague-outlet,why-so-serious,false,active,
fashion-arena-prague-outlet,wittchen,false,active,
fashion-arena-prague-outlet,wrangler,false,active,
fashion-arena-prague-outlet,yankee-candle,false,active,
premier-outlet-budapest,adidas,true,active,
premier-outlet-budapest,american-tourister,false,active,
premier-outlet-budapest,amnesia,false,active,
premier-outlet-budapest,apro-police,false,active,
premier-outlet-budapest,belles,false,active,
premier-outlet-budapest,boss,true,active,
premier-outlet-budapest,brick,false,active,
premier-outlet-budapest,budmil,false,active,
premier-outlet-budapest,calvin-klein,true,active,
premier-outlet-budapest,calzedonia,false,active,
premier-outlet-budapest,camel-active,false,active,
premier-outlet-budapest,columbia,false,active,
premier-outlet-budapest,converse,false,active,
premier-outlet-budapest,crocs,false,active,
premier-outlet-budapest,desigual,true,active,
premier-outlet-budapest,devergo,false,active,
premier-outlet-budapest,dm,false,active,
premier-outlet-budapest,drk,false,active,
premier-outlet-budapest,ecco,false,active,
premier-outlet-budapest,falcons,false,active,
premier-outlet-budapest,fifty,false,active,
premier-outlet-budapest,g-star-raw,false,active,
premier-outlet-budapest,gant,false,active,
premier-outlet-budapest,gap,false,active,
premier-outlet-budapest,gas,false,active,
premier-outlet-budapest,geox,true,active,
premier-outlet-budapest,guess,true,active,
premier-outlet-budapest,heavy-tools,false,active,
premier-outlet-budapest,helly-hansen,false,active,
premier-outlet-budapest,hervis,false,active,
premier-outlet-budapest,hogl,false,active,
premier-outlet-budapest,hugo,false,active,
premier-outlet-budapest,intimissimi,false,active,
premier-outlet-budapest,j-press,false,active,
premier-outlet-budapest,jack-and-jones,false,active,
premier-outlet-budapest,karl-lagerfeld,true,active,
premier-outlet-budapest,kazar,false,active,
premier-outlet-budapest,kocka-store,false,active,
premier-outlet-budapest,lacoste,true,active,
premier-outlet-budapest,lavard,false,active,
premier-outlet-budapest,levis,false,active,
premier-outlet-budapest,lindt,false,active,
premier-outlet-budapest,liu-jo,true,active,
premier-outlet-budapest,marc-o-polo,false,active,
premier-outlet-budapest,mustang,false,active,
premier-outlet-budapest,new-balance,false,active,
premier-outlet-budapest,nike,true,active,
premier-outlet-budapest,olymp,false,active,
premier-outlet-budapest,only,false,active,
premier-outlet-budapest,oui,false,active,
premier-outlet-budapest,parfum-outlet,false,active,
premier-outlet-budapest,parkside,false,active,
premier-outlet-budapest,pepe-jeans,false,active,
premier-outlet-budapest,pierre-cardin,false,active,
premier-outlet-budapest,pirex-papir,false,active,
premier-outlet-budapest,playmobil,false,active,
premier-outlet-budapest,puma,true,active,
premier-outlet-budapest,retro,false,active,
premier-outlet-budapest,rieker,false,active,
premier-outlet-budapest,ropogo,false,active,
premier-outlet-budapest,s-oliver,false,active,
premier-outlet-budapest,samsonite,false,active,
premier-outlet-budapest,saxoo-london,false,active,
premier-outlet-budapest,secret-shoes,false,active,
premier-outlet-budapest,seidensticker,false,active,
premier-outlet-budapest,skechers,false,active,
premier-outlet-budapest,sloggi,false,active,
premier-outlet-budapest,suit-and-wedding-store,false,active,
premier-outlet-budapest,sun-and-more,false,active,
premier-outlet-budapest,swarovski,false,active,
premier-outlet-budapest,tamaris,false,active,
premier-outlet-budapest,tefal,false,active,
premier-outlet-budapest,tezenis,false,active,
premier-outlet-budapest,the-cosmetics-company-store,false,active,
premier-outlet-budapest,thomas-breitling,false,active,
premier-outlet-budapest,tom-tailor,false,active,
premier-outlet-budapest,tommy-hilfiger,true,active,
premier-outlet-budapest,triumph,false,active,
premier-outlet-budapest,under-armour,false,active,
premier-outlet-budapest,united-colors-of-benetton,false,active,
premier-outlet-budapest,vans,false,active,
premier-outlet-budapest,vicino,false,active,
premier-outlet-budapest,wok-bar,false,active,
kildare-village,adidas,false,active,
kildare-village,allsaints,false,active,
kildare-village,american-tourister,false,active,
kildare-village,ba-and-sh,false,active,
kildare-village,barbour,false,active,
kildare-village,bedeck,false,active,
kildare-village,calvin-klein,false,active,
kildare-village,cambridge-satchel-company,false,active,
kildare-village,carvela,false,active,
kildare-village,castore,false,active,
kildare-village,certina,false,active,
kildare-village,charlotte-tilbury,false,active,
kildare-village,chloe-kids,false,active,
kildare-village,clarins,false,active,
kildare-village,clarks,false,active,
kildare-village,clarks-originals,false,active,
kildare-village,claudie-pierlot,false,active,
kildare-village,coach,false,active,
kildare-village,columbia,false,active,
kildare-village,crew-clothing-company,false,active,
kildare-village,crocs,false,active,
kildare-village,currentbody,false,active,
kildare-village,david-clulow-sunglasses,false,active,
kildare-village,denner-london,false,active,
kildare-village,diesel,false,active,
kildare-village,dkny,false,active,
kildare-village,dkny-kids,false,active,
kildare-village,dune-london,false,active,
kildare-village,dylan-oaks,false,active,
kildare-village,dyson,false,active,
kildare-village,ecco,false,active,
kildare-village,elemis,false,active,
kildare-village,eleventy,false,active,
kildare-village,ernest-jones,false,active,
kildare-village,flik-flak,false,active,
kildare-village,fossil,false,active,
kildare-village,furla,false,active,
kildare-village,gant,false,active,
kildare-village,golden-goose,false,active,
kildare-village,guess,false,active,
kildare-village,gym-coffee,false,active,
kildare-village,hackett-london,false,active,
kildare-village,hamilton,false,active,
kildare-village,havaianas,false,active,
kildare-village,hobbs,false,active,
kildare-village,homeandcook,false,active,
kildare-village,hour-passion,false,active,
kildare-village,hugo,false,active,
kildare-village,jack-and-jones,false,active,
kildare-village,jimmy-choo,false,active,
kildare-village,joseph-ribkoff,false,active,
kildare-village,k-way,false,active,
kildare-village,karl-lagerfeld-kids,false,active,
kildare-village,kash-beauty,false,active,
kildare-village,kate-spade-new-york,false,active,
kildare-village,kenzo-kids,false,active,
kildare-village,kids-around,false,active,
kildare-village,kurt-geiger,false,active,
kildare-village,loccitane-en-provence,false,active,
kildare-village,lacoste,false,active,
kildare-village,le-creuset,false,active,
kildare-village,levis,false,active,
kildare-village,lindt,false,active,
kildare-village,little-marc-jacobs,false,active,
kildare-village,longchamp,false,active,
kildare-village,longines,false,active,
kildare-village,louise-kennedy,false,active,
kildare-village,maje,false,active,
kildare-village,mantra,false,active,
kildare-village,michael-kors,false,active,
kildare-village,millies,false,active,
kildare-village,mint-velvet,false,active,
kildare-village,molton-brown,false,active,
kildare-village,moncler,false,active,
kildare-village,mulberry,false,active,
kildare-village,murmur,false,active,
kildare-village,neom,false,active,
kildare-village,new-balance,false,active,
kildare-village,nike,false,active,
kildare-village,noa,false,active,
kildare-village,nuxe,false,active,
kildare-village,pandora,false,active,
kildare-village,penhaligons,false,active,
kildare-village,pestle-and-mortar,false,active,
kildare-village,polo-ralph-lauren,false,active,
kildare-village,polo-ralph-lauren-children,false,active,
kildare-village,pretty-lavish,false,active,
kildare-village,puma,false,active,
kildare-village,rado,false,active,
kildare-village,reiss,false,active,
kildare-village,rituals,false,active,
kildare-village,rixo,false,active,
kildare-village,samsonite,false,active,
kildare-village,sandro,false,active,
kildare-village,savoy-taylors-guild,false,active,
kildare-village,sculpted-by-aimee,false,active,
kildare-village,skechers,false,active,
kildare-village,skingredients,false,active,
kildare-village,spell,false,active,
kildare-village,sugar-plum-sweetery,false,active,
kildare-village,sunglass-hut,false,active,
kildare-village,superdry,false,active,
kildare-village,swarovski,false,active,
kildare-village,swatch,false,active,
kildare-village,sweaty-betty,false,active,
kildare-village,the-cosmetics-company-store,false,active,
kildare-village,the-north-face,false,active,
kildare-village,the-perfume-shop,false,active,
kildare-village,the-white-company,false,active,
kildare-village,timberland,false,active,
kildare-village,tissot,false,active,
kildare-village,tog24,false,active,
kildare-village,tommy-hilfiger,false,active,
kildare-village,tommy-hilfiger-kids,false,active,
kildare-village,tory-burch,false,active,
kildare-village,under-armour,false,active,
kildare-village,vans,false,active,
kildare-village,villeroy-and-boch,false,active,
kildare-village,watch-station,false,active,
kildare-village,whistles,false,active,
kildare-village,white-stuff,false,active,
kildare-village,wondercru,false,active,
designer-outlet-athens,adidas,false,active,
designer-outlet-athens,ale,false,active,
designer-outlet-athens,altershops,false,active,
designer-outlet-athens,american-stars,false,active,
designer-outlet-athens,asics,false,active,
designer-outlet-athens,attrattivo,false,active,
designer-outlet-athens,bag-stories,false,active,
designer-outlet-athens,barbour,false,active,
designer-outlet-athens,bella-p,false,active,
designer-outlet-athens,berto-lucci,false,active,
designer-outlet-athens,bill-cost,false,active,
designer-outlet-athens,bodytalk,false,active,
designer-outlet-athens,boss,false,active,
designer-outlet-athens,brooks-brothers,false,active,
designer-outlet-athens,bsb,false,active,
designer-outlet-athens,calvin-klein,false,active,
designer-outlet-athens,camel-active,false,active,
designer-outlet-athens,camper,false,active,
designer-outlet-athens,champion,false,active,
designer-outlet-athens,cole-haan,false,active,
designer-outlet-athens,columbia,false,active,
designer-outlet-athens,diesel,false,active,
designer-outlet-athens,dust-and-cream,false,active,
designer-outlet-athens,eastpak,false,active,
designer-outlet-athens,eponymo,false,active,
designer-outlet-athens,eurobank,false,active,
designer-outlet-athens,everest-exclusive,false,active,
designer-outlet-athens,eyeq,false,active,
designer-outlet-athens,fratelli-petridi,false,active,
designer-outlet-athens,funky-buddha,false,active,
designer-outlet-athens,galerie-de-beaute,false,active,
designer-outlet-athens,gant,false,active,
designer-outlet-athens,geox,false,active,
designer-outlet-athens,guess,false,active,
designer-outlet-athens,gutteridge,false,active,
designer-outlet-athens,happy-socks,false,active,
designer-outlet-athens,harmont-and-blaine,false,active,
designer-outlet-athens,hugo,false,active,
designer-outlet-athens,icons-hair-nails,false,active,
designer-outlet-athens,interni,false,active,
designer-outlet-athens,kalogirou,false,active,
designer-outlet-athens,kalogirou-pret-a-porter,false,active,
designer-outlet-athens,kem,false,active,
designer-outlet-athens,kiko-milano,false,active,
designer-outlet-athens,lacoste,false,active,
designer-outlet-athens,lapin-house,false,active,
designer-outlet-athens,lee,false,active,
designer-outlet-athens,levis,false,active,
designer-outlet-athens,manetti,false,active,
designer-outlet-athens,matou-france,false,active,
designer-outlet-athens,mayoral,false,active,
designer-outlet-athens,napapijri,false,active,
designer-outlet-athens,nautica,false,active,
designer-outlet-athens,navy-and-green,false,active,
designer-outlet-athens,new-balance,false,active,
designer-outlet-athens,nike,false,active,
designer-outlet-athens,nueces,false,active,
designer-outlet-athens,nymphes-art-and-jewellery,false,active,
designer-outlet-athens,occhio-papavassiliou,false,active,
designer-outlet-athens,one-exchange,false,active,
designer-outlet-athens,oxford-company,false,active,
designer-outlet-athens,panaidis-eyewear-boutique,false,active,
designer-outlet-athens,pharmacy295,false,active,
designer-outlet-athens,pinko,false,active,
designer-outlet-athens,polo-ralph-lauren,false,active,
designer-outlet-athens,prince-oliver,false,active,
designer-outlet-athens,puma,false,active,
designer-outlet-athens,ralph-lauren-children,false,active,
designer-outlet-athens,replay,false,active,
designer-outlet-athens,rococo,false,active,
designer-outlet-athens,rococo-uomo,false,active,
designer-outlet-athens,sagiakos,false,active,
designer-outlet-athens,samsonite,false,active,
designer-outlet-athens,scotch-and-soda,false,active,
designer-outlet-athens,sebago,false,active,
designer-outlet-athens,simple-caracters,false,active,
designer-outlet-athens,sisley,false,active,
designer-outlet-athens,skechers,false,active,
designer-outlet-athens,socks-and-more,false,active,
designer-outlet-athens,staff-gallery,false,active,
designer-outlet-athens,sugarfree,false,active,
designer-outlet-athens,swarovski,false,active,
designer-outlet-athens,tefal,false,active,
designer-outlet-athens,the-bostonians,false,active,
designer-outlet-athens,the-north-face,false,active,
designer-outlet-athens,timberland,false,active,
designer-outlet-athens,toi-and-moi,false,active,
designer-outlet-athens,tommy-hilfiger,false,active,
designer-outlet-athens,triumph,false,active,
designer-outlet-athens,tsakiris-mallas,false,active,
designer-outlet-athens,under-armour,false,active,
designer-outlet-athens,united-colors-of-benetton,false,active,
designer-outlet-athens,vans,false,active,
designer-outlet-athens,vardas,false,active,
designer-outlet-athens,vilebrequin,false,active,
designer-outlet-athens,wrangler,false,active,
designer-outlet-athens,zadig-and-voltaire,false,active,
ros-designer-outlet,ad-twenty,false,active,
ros-designer-outlet,adidas,false,active,
ros-designer-outlet,ara,false,active,
ros-designer-outlet,argentum,false,active,
ros-designer-outlet,barbour,false,active,
ros-designer-outlet,boss,false,active,
ros-designer-outlet,braccialini,false,active,
ros-designer-outlet,brawns,false,active,
ros-designer-outlet,calvin-klein,false,active,
ros-designer-outlet,calzedonia,false,active,
ros-designer-outlet,casio,false,active,
ros-designer-outlet,catch,false,active,
ros-designer-outlet,cesare-paciotti,false,active,
ros-designer-outlet,champion,false,active,
ros-designer-outlet,cluse,false,active,
ros-designer-outlet,converse,false,active,
ros-designer-outlet,corso-roma,false,active,
ros-designer-outlet,corso-roma-boutique,false,active,
ros-designer-outlet,cromia,false,active,
ros-designer-outlet,cruyff,false,active,
ros-designer-outlet,david-jones,false,active,
ros-designer-outlet,desigual,false,active,
ros-designer-outlet,diesel,false,active,
ros-designer-outlet,douglas,false,active,
ros-designer-outlet,eastpak,false,active,
ros-designer-outlet,elmas-phil,false,active,
ros-designer-outlet,europa-92-denim-bar,false,active,
ros-designer-outlet,family,false,active,
ros-designer-outlet,fashion-and-friends-outlet-store,false,active,
ros-designer-outlet,fifty,false,active,
ros-designer-outlet,five-star-fashion,false,active,
ros-designer-outlet,fossil,false,active,
ros-designer-outlet,galileo,false,active,
ros-designer-outlet,gant,false,active,
ros-designer-outlet,gap,false,active,
ros-designer-outlet,good-bags,false,active,
ros-designer-outlet,goorin-bros,false,active,
ros-designer-outlet,guess,false,active,
ros-designer-outlet,hogl,false,active,
ros-designer-outlet,home-and-cook,false,active,
ros-designer-outlet,hugo,false,active,
ros-designer-outlet,intimissimi,false,active,
ros-designer-outlet,intrend,false,active,
ros-designer-outlet,jack-and-jones,false,active,
ros-designer-outlet,jacques-lemans,false,active,
ros-designer-outlet,jcout,false,active,
ros-designer-outlet,jeordies,false,active,
ros-designer-outlet,just-cavalli,false,active,
ros-designer-outlet,krups,false,active,
ros-designer-outlet,la-martina,false,active,
ros-designer-outlet,lacoste,false,active,
ros-designer-outlet,lagostina,false,active,
ros-designer-outlet,lee,false,active,
ros-designer-outlet,lee-cooper,false,active,
ros-designer-outlet,levis,false,active,
ros-designer-outlet,lisca,false,active,
ros-designer-outlet,liujo,false,active,
ros-designer-outlet,lonsdale-london,false,active,
ros-designer-outlet,lotto,false,active,
ros-designer-outlet,ltb,false,active,
ros-designer-outlet,mass,false,active,
ros-designer-outlet,maya-maya,false,active,
ros-designer-outlet,mercer,false,active,
ros-designer-outlet,meyba,false,active,
ros-designer-outlet,moulinex,false,active,
ros-designer-outlet,mustang,false,active,
ros-designer-outlet,mylin,false,active,
ros-designer-outlet,new-balance,false,active,
ros-designer-outlet,nike,false,active,
ros-designer-outlet,nine-west,false,active,
ros-designer-outlet,off-the-pitch,false,active,
ros-designer-outlet,only,false,active,
ros-designer-outlet,optika-anda,false,active,
ros-designer-outlet,optotim,false,active,
ros-designer-outlet,palmers,false,active,
ros-designer-outlet,parfois,false,active,
ros-designer-outlet,patrizia-pepe,false,active,
ros-designer-outlet,pierre-cardin,false,active,
ros-designer-outlet,polaroid,false,active,
ros-designer-outlet,police,false,active,
ros-designer-outlet,polo-ralph-lauren,false,active,
ros-designer-outlet,puma,false,active,
ros-designer-outlet,ray-ban,false,active,
ros-designer-outlet,reebok,false,active,
ros-designer-outlet,replay,false,active,
ros-designer-outlet,retro-jeans,false,active,
ros-designer-outlet,roberto-della-croce,false,active,
ros-designer-outlet,rosefield,false,active,
ros-designer-outlet,rowenta,false,active,
ros-designer-outlet,s-oliver,false,active,
ros-designer-outlet,salsa,false,active,
ros-designer-outlet,scotch-and-soda,false,active,
ros-designer-outlet,shoetique,false,active,
ros-designer-outlet,silhouette,false,active,
ros-designer-outlet,silit,false,active,
ros-designer-outlet,skechers,false,active,
ros-designer-outlet,sport-vision,false,active,
ros-designer-outlet,springfield,false,active,
ros-designer-outlet,ted-baker,false,active,
ros-designer-outlet,tefal,false,active,
ros-designer-outlet,the-north-face,false,active,
ros-designer-outlet,timberland,false,active,
ros-designer-outlet,tisak,false,active,
ros-designer-outlet,tom-tailor,false,active,
ros-designer-outlet,tommy-hilfiger,false,active,
ros-designer-outlet,ugg,false,active,
ros-designer-outlet,umbro,false,active,
ros-designer-outlet,under-armour,false,active,
ros-designer-outlet,united-colors-of-benetton,false,active,
ros-designer-outlet,u-s-polo-assn,false,active,
ros-designer-outlet,versace-jeans-couture,false,active,
ros-designer-outlet,versus-versace,false,active,
ros-designer-outlet,vilebrequin,false,active,
ros-designer-outlet,watch-center,false,active,
ros-designer-outlet,wellensteyn,false,active,
ros-designer-outlet,wmf,false,active,
ros-designer-outlet,womensecret,false,active,
ros-designer-outlet,wrangler,false,active,
ros-designer-outlet,xyz-outlet,false,active,
ros-designer-outlet,yamamay,false,active,
ideapark-lempaala-outlet,bik-bok,false,active,
ideapark-lempaala-outlet,bjorn-borg,false,active,
ideapark-lempaala-outlet,budget-sport,false,active,
ideapark-lempaala-outlet,carlings,false,active,
ideapark-lempaala-outlet,change-lingerie,false,active,
ideapark-lempaala-outlet,cropp,false,active,
ideapark-lempaala-outlet,cubus,false,active,
ideapark-lempaala-outlet,dressmann,false,active,
ideapark-lempaala-outlet,familon,false,active,
ideapark-lempaala-outlet,finlayson,false,active,
ideapark-lempaala-outlet,gant,false,active,
ideapark-lempaala-outlet,glitter,false,active,
ideapark-lempaala-outlet,guess,false,active,
ideapark-lempaala-outlet,h-and-m,false,active,
ideapark-lempaala-outlet,halonen,false,active,
ideapark-lempaala-outlet,iittala,false,active,
ideapark-lempaala-outlet,intersport,false,active,
ideapark-lempaala-outlet,jack-and-jones,false,active,
ideapark-lempaala-outlet,kappahl,false,active,
ideapark-lempaala-outlet,kicks,false,active,
ideapark-lempaala-outlet,lindex,false,active,
ideapark-lempaala-outlet,luhta,false,active,
ideapark-lempaala-outlet,marimekko,false,active,
ideapark-lempaala-outlet,name-it,false,active,
ideapark-lempaala-outlet,nanso,false,active,
ideapark-lempaala-outlet,new-yorker,false,active,
ideapark-lempaala-outlet,only,false,active,
ideapark-lempaala-outlet,partioaitta,false,active,
ideapark-lempaala-outlet,pentik,false,active,
ideapark-lempaala-outlet,rituals,false,active,
ideapark-lempaala-outlet,skechers,false,active,
ideapark-lempaala-outlet,stadium,false,active,
ideapark-lempaala-outlet,tommy-hilfiger,false,active,
ideapark-lempaala-outlet,vero-moda,false,active,
ideapark-lempaala-outlet,vila,false,active,
ideapark-lempaala-outlet,zizzi,false,active,
norwegian-outlet,adidas,false,active,
norwegian-outlet,allsport-fashion,false,active,
norwegian-outlet,bergans,false,active,
norwegian-outlet,bjorklund-lifestyle,false,active,
norwegian-outlet,bjorn-borg,false,active,
norwegian-outlet,boss,false,active,
norwegian-outlet,brgn,false,active,
norwegian-outlet,calvin-klein,false,active,
norwegian-outlet,companys,false,active,
norwegian-outlet,decades,false,active,
norwegian-outlet,devold,false,active,
norwegian-outlet,didriksons,false,active,
norwegian-outlet,diesel,false,active,
norwegian-outlet,ecco,false,active,
norwegian-outlet,eton,false,active,
norwegian-outlet,follestad,false,active,
norwegian-outlet,gant,false,active,
norwegian-outlet,guess,false,active,
norwegian-outlet,haglofs,false,active,
norwegian-outlet,helly-hansen,false,active,
norwegian-outlet,home-and-cook,false,active,
norwegian-outlet,hoyer,false,active,
norwegian-outlet,hunkemoller,false,active,
norwegian-outlet,j-lindeberg,false,active,
norwegian-outlet,jack-and-jones,false,active,
norwegian-outlet,kari-traa,false,active,
norwegian-outlet,le-creuset,false,active,
norwegian-outlet,lee,false,active,
norwegian-outlet,levis,false,active,
norwegian-outlet,lexington,false,active,
norwegian-outlet,lindt,false,active,
norwegian-outlet,lyko,false,active,
norwegian-outlet,mammut,false,active,
norwegian-outlet,matinique,false,active,
norwegian-outlet,nike,false,active,
norwegian-outlet,norrona,false,active,
norwegian-outlet,only,false,active,
norwegian-outlet,oscar-jacobson,false,active,
norwegian-outlet,peak-performance,false,active,
norwegian-outlet,reima,false,active,
norwegian-outlet,replay,false,active,
norwegian-outlet,rituals,false,active,
norwegian-outlet,samsonite,false,active,
norwegian-outlet,sand-copenhagen,false,active,
norwegian-outlet,selected,false,active,
norwegian-outlet,skechers,false,active,
norwegian-outlet,skomax,false,active,
norwegian-outlet,stormberg,false,active,
norwegian-outlet,swims,false,active,
norwegian-outlet,swix,false,active,
norwegian-outlet,tiger-of-sweden,false,active,
norwegian-outlet,tommy-hilfiger,false,active,
norwegian-outlet,tufte-wear,false,active,
norwegian-outlet,vero-moda,false,active,
norwegian-outlet,viking-of-norway,false,active,
norwegian-outlet,wrangler,false,active,
via-jurmala-outlet-village,abel-and-lula,false,active,
via-jurmala-outlet-village,adidas,false,active,
via-jurmala-outlet-village,ag-spaldingandbros,false,active,
via-jurmala-outlet-village,armani-exchange,false,active,
via-jurmala-outlet-village,balenciaga,false,active,
via-jurmala-outlet-village,baltzelts,false,active,
via-jurmala-outlet-village,bel-air-athletic,false,active,
via-jurmala-outlet-village,billionaire,false,active,
via-jurmala-outlet-village,black-swan,false,active,
via-jurmala-outlet-village,brooks-brothers,false,active,
via-jurmala-outlet-village,brunello-cucinelli,false,active,
via-jurmala-outlet-village,bugatti,false,active,
via-jurmala-outlet-village,burberry,false,active,
via-jurmala-outlet-village,calvin-klein,false,active,
via-jurmala-outlet-village,calvin-klein-performance,false,active,
via-jurmala-outlet-village,camomilla,false,active,
via-jurmala-outlet-village,caprice,false,active,
via-jurmala-outlet-village,carrera,false,active,
via-jurmala-outlet-village,cascade,false,active,
via-jurmala-outlet-village,cassal,false,active,
via-jurmala-outlet-village,celine,false,active,
via-jurmala-outlet-village,chloe,false,active,
via-jurmala-outlet-village,converse,false,active,
via-jurmala-outlet-village,crocs,false,active,
via-jurmala-outlet-village,dare2b,false,active,
via-jurmala-outlet-village,desigual,false,active,
via-jurmala-outlet-village,dior,false,active,
via-jurmala-outlet-village,djeco,false,active,
via-jurmala-outlet-village,dolceandgabbana,false,active,
via-jurmala-outlet-village,dsquared2,false,active,
via-jurmala-outlet-village,emporio-armani,false,active,
via-jurmala-outlet-village,ermenegildo-zegna,false,active,
via-jurmala-outlet-village,faberge,false,active,
via-jurmala-outlet-village,fendi,false,active,
via-jurmala-outlet-village,gabor,false,active,
via-jurmala-outlet-village,geox,false,active,
via-jurmala-outlet-village,gerry-weber,false,active,
via-jurmala-outlet-village,givenchy,false,active,
via-jurmala-outlet-village,gucci,false,active,
via-jurmala-outlet-village,guess,false,active,
via-jurmala-outlet-village,helly-hansen,false,active,
via-jurmala-outlet-village,hugo-boss,false,active,
via-jurmala-outlet-village,iblues,false,active,
via-jurmala-outlet-village,iciberlin,false,active,
via-jurmala-outlet-village,jana,false,active,
via-jurmala-outlet-village,karl-lagerfeld,false,active,
via-jurmala-outlet-village,lee,false,active,
via-jurmala-outlet-village,little-dutch,false,active,
via-jurmala-outlet-village,liu-jo,false,active,
via-jurmala-outlet-village,lodger,false,active,
via-jurmala-outlet-village,lucky-doggy,false,active,
via-jurmala-outlet-village,maje,false,active,
via-jurmala-outlet-village,manuel-ritz,false,active,
via-jurmala-outlet-village,marella,false,active,
via-jurmala-outlet-village,marina-rinaldi,false,active,
via-jurmala-outlet-village,marni,false,active,
via-jurmala-outlet-village,max-and-co,false,active,
via-jurmala-outlet-village,mayoral,false,active,
via-jurmala-outlet-village,michael-kors,false,active,
via-jurmala-outlet-village,molly-bracken,false,active,
via-jurmala-outlet-village,mustang,false,active,
via-jurmala-outlet-village,nike,false,active,
via-jurmala-outlet-village,oneill,false,active,
via-jurmala-outlet-village,orange-toys,false,active,
via-jurmala-outlet-village,palladium,false,active,
via-jurmala-outlet-village,paola-reina,false,active,
via-jurmala-outlet-village,paoloni,false,active,
via-jurmala-outlet-village,pennyblack,false,active,
via-jurmala-outlet-village,pepe-jeans,false,active,
via-jurmala-outlet-village,peserico,false,active,
via-jurmala-outlet-village,pinko,false,active,
via-jurmala-outlet-village,prada,false,active,
via-jurmala-outlet-village,puma,false,active,
via-jurmala-outlet-village,quiksilver,false,active,
via-jurmala-outlet-village,ray-ban,false,active,
via-jurmala-outlet-village,regatta,false,active,
via-jurmala-outlet-village,remonte,false,active,
via-jurmala-outlet-village,rinoandpelle,false,active,
via-jurmala-outlet-village,roberto-cavalli,false,active,
via-jurmala-outlet-village,roxy,false,active,
via-jurmala-outlet-village,salsa,false,active,
via-jurmala-outlet-village,salvatore-ferragamo,false,active,
via-jurmala-outlet-village,sandro,false,active,
via-jurmala-outlet-village,soliver,false,active,
via-jurmala-outlet-village,stella-mccartney,false,active,
via-jurmala-outlet-village,strellson,false,active,
via-jurmala-outlet-village,tamaris,false,active,
via-jurmala-outlet-village,ted-baker,false,active,
via-jurmala-outlet-village,the-north-face,false,active,
via-jurmala-outlet-village,tom-tailor,false,active,
via-jurmala-outlet-village,tommy-hilfiger,false,active,
via-jurmala-outlet-village,tommy-hilfiger-sport,false,active,
via-jurmala-outlet-village,tonet,false,active,
via-jurmala-outlet-village,twinset,false,active,
via-jurmala-outlet-village,underarmour,false,active,
via-jurmala-outlet-village,vagabond,false,active,
via-jurmala-outlet-village,valentino,false,active,
via-jurmala-outlet-village,vans,false,active,
via-jurmala-outlet-village,versace,false,active,
via-jurmala-outlet-village,vinrose,false,active,
via-jurmala-outlet-village,wolford,false,active,
via-jurmala-outlet-village,wrangler,false,active,
via-jurmala-outlet-village,xjeans,false,active,
via-jurmala-outlet-village,yves-saint-laurent,false,active,
via-jurmala-outlet-village,zippy,false,active,
outlet-park-vilnius,given,false,active,
outlet-park-vilnius,towmy,false,active,
outlet-park-vilnius,sinsay,false,active,
outlet-park-vilnius,skechers,false,active,
outlet-park-vilnius,halfprice,false,active,
outlet-park-vilnius,royal-smoke,false,active,
outlet-park-vilnius,marabika,false,active,
outlet-park-vilnius,grybai,false,active,
outlet-park-vilnius,optio-optika,false,active,
outlet-park-vilnius,donum,false,active,
outlet-park-vilnius,inumbra-home,false,active,
outlet-park-vilnius,daniele-donati,false,active,
outlet-park-vilnius,wawa-outlet,false,active,
outlet-park-vilnius,norre,false,active,
outlet-park-vilnius,marc-and-andre,false,active,
outlet-park-vilnius,drogas,false,active,
outlet-park-vilnius,floyy,false,active,
outlet-park-vilnius,ego-smart,false,active,
outlet-park-vilnius,mos-professional-cosmetics,false,active,
outlet-park-vilnius,crocs,false,active,
outlet-park-vilnius,silver-fox,false,active,
outlet-park-vilnius,kava,false,active,
outlet-park-vilnius,trespass,false,active,
outlet-park-vilnius,pako-lorente,false,active,
outlet-park-vilnius,divo,false,active,
outlet-park-vilnius,pro7,false,active,
outlet-park-vilnius,este-outlet,false,active,
outlet-park-vilnius,apranga-outlet,false,active,
outlet-park-vilnius,outlet-space,false,active,
outlet-park-vilnius,loois-outlet,false,active,
outlet-park-vilnius,adidas,false,active,
outlet-park-vilnius,ava-lingerie,false,active,
outlet-park-vilnius,beauty-nail,false,active,
outlet-park-vilnius,beardshop-lt,false,active,
outlet-park-vilnius,puma,false,active,
outlet-park-vilnius,nike,false,active,
outlet-park-vilnius,artele-siuvykla,false,active,
outlet-park-vilnius,keitykla,false,active,
outlet-park-vilnius,halus,false,active,
outlet-park-vilnius,regatta-great-outdoors,false,active,
outlet-park-vilnius,vilniaus-juvelyrika,false,active,
outlet-park-vilnius,familia-optica,false,active,
outlet-park-vilnius,city-jeans,false,active,
outlet-park-vilnius,eurokos,false,active,
outlet-park-vilnius,devold,false,active,
outlet-park-vilnius,denim-dream,false,active,
outlet-park-vilnius,danija-outlet,false,active,
outlet-park-vilnius,martina-outlet,false,active,
outlet-park-vilnius,utenos,false,active,
outlet-park-vilnius,sportland-outlet,false,active,
outlet-park-vilnius,leva,false,active,
outlet-park-vilnius,skiro,false,active,
outlet-park-vilnius,triumph,false,active,
outlet-park-vilnius,bags-and-more,false,active,
outlet-park-vilnius,skinija,false,active,
olivium-outlet-center,adidas,false,active,
olivium-outlet-center,adv,false,active,
olivium-outlet-center,altinyildiz-classics,false,active,
olivium-outlet-center,arma-life,false,active,
olivium-outlet-center,armagan-oyuncak,false,active,
olivium-outlet-center,armine,false,active,
olivium-outlet-center,atasun-optik,false,active,
olivium-outlet-center,avva,false,active,
olivium-outlet-center,back-and-bond,false,active,
olivium-outlet-center,beko,false,active,
olivium-outlet-center,bosch,false,active,
olivium-outlet-center,boyner,false,active,
olivium-outlet-center,brillant-soley,false,active,
olivium-outlet-center,cacharel,false,active,
olivium-outlet-center,carrefour,false,active,
olivium-outlet-center,city-bag,false,active,
olivium-outlet-center,colins,false,active,
olivium-outlet-center,coolcase,false,active,
olivium-outlet-center,dagi,false,active,
olivium-outlet-center,defacto,false,active,
olivium-outlet-center,deichmann,false,active,
olivium-outlet-center,derimod,false,active,
olivium-outlet-center,ds-damat,false,active,
olivium-outlet-center,dufy,false,active,
olivium-outlet-center,e-bebek,false,active,
olivium-outlet-center,english-home,false,active,
olivium-outlet-center,fast,false,active,
olivium-outlet-center,fenerium,false,active,
olivium-outlet-center,flas-optik,false,active,
olivium-outlet-center,flo,false,active,
olivium-outlet-center,golden-rose,false,active,
olivium-outlet-center,gratis,false,active,
olivium-outlet-center,gs-store,false,active,
olivium-outlet-center,gusto,false,active,
olivium-outlet-center,hatemoglu,false,active,
olivium-outlet-center,hummel,false,active,
olivium-outlet-center,in-street,false,active,
olivium-outlet-center,ipekyol,false,active,
olivium-outlet-center,kigili,false,active,
olivium-outlet-center,kilifcim,false,active,
olivium-outlet-center,klaud,false,active,
olivium-outlet-center,korkmaz,false,active,
olivium-outlet-center,koton,false,active,
olivium-outlet-center,krc-zuccaciye,false,active,
olivium-outlet-center,kuban-kuyumcu,false,active,
olivium-outlet-center,lc-waikiki,false,active,
olivium-outlet-center,lee,false,active,
olivium-outlet-center,legraff,false,active,
olivium-outlet-center,lelas-company,false,active,
olivium-outlet-center,lescon,false,active,
olivium-outlet-center,levis,false,active,
olivium-outlet-center,linens,false,active,
olivium-outlet-center,loris-parfum,false,active,
olivium-outlet-center,loya,false,active,
olivium-outlet-center,lufian,false,active,
olivium-outlet-center,mad-parfum,false,active,
olivium-outlet-center,madame-coco,false,active,
olivium-outlet-center,maraton,false,active,
olivium-outlet-center,mavi,false,active,
olivium-outlet-center,melissa,false,active,
olivium-outlet-center,mi-shop,false,active,
olivium-outlet-center,miss-murem,false,active,
olivium-outlet-center,mr-diy,false,active,
olivium-outlet-center,nike,false,active,
olivium-outlet-center,osmanli-oud-parfum,false,active,
olivium-outlet-center,ozdilek,false,active,
olivium-outlet-center,ozgur-aksesuar,false,active,
olivium-outlet-center,penti,false,active,
olivium-outlet-center,pierre-cardin,false,active,
olivium-outlet-center,puma,false,active,
olivium-outlet-center,rivella,false,active,
olivium-outlet-center,rossmann,false,active,
olivium-outlet-center,sarev,false,active,
olivium-outlet-center,skechers,false,active,
olivium-outlet-center,spx,false,active,
olivium-outlet-center,superstep,false,active,
olivium-outlet-center,supplementler,false,active,
olivium-outlet-center,suvari,false,active,
olivium-outlet-center,suwen,false,active,
olivium-outlet-center,swatch,false,active,
olivium-outlet-center,tac,false,active,
olivium-outlet-center,theorie,false,active,
olivium-outlet-center,toyzz-shop,false,active,
olivium-outlet-center,turk-telekom,false,active,
olivium-outlet-center,turkcell,false,active,
olivium-outlet-center,u-s-polo-assn,false,active,
olivium-outlet-center,uki,false,active,
olivium-outlet-center,vatan-bilgisayar,false,active,
olivium-outlet-center,vestel,false,active,
olivium-outlet-center,vicco,false,active,
olivium-outlet-center,vodafone,false,active,
olivium-outlet-center,watsons,false,active,
olivium-outlet-center,yeni-inci,false,active,
olivium-outlet-center,yves-rocher,false,active,
starcity-outlet,adidas,false,active,
starcity-outlet,aker,false,active,
starcity-outlet,altinyildiz-classics,false,active,
starcity-outlet,amasya-et,false,active,
starcity-outlet,armagan-oyuncak,false,active,
starcity-outlet,atasay,false,active,
starcity-outlet,atasun-optik,false,active,
starcity-outlet,b-and-g-store,false,active,
starcity-outlet,bambi,false,active,
starcity-outlet,bargello,false,active,
starcity-outlet,barrels-and-oil,false,active,
starcity-outlet,beymen,false,active,
starcity-outlet,boyner,false,active,
starcity-outlet,brandys,false,active,
starcity-outlet,cift-geyik-karaca,false,active,
starcity-outlet,colins,false,active,
starcity-outlet,columbia,false,active,
starcity-outlet,creaphone,false,active,
starcity-outlet,dagi,false,active,
starcity-outlet,damat-tween,false,active,
starcity-outlet,defacto,false,active,
starcity-outlet,derimod,false,active,
starcity-outlet,divarese,false,active,
starcity-outlet,ds-damat,false,active,
starcity-outlet,dufy,false,active,
starcity-outlet,e-bebek,false,active,
starcity-outlet,easycep,false,active,
starcity-outlet,elle,false,active,
starcity-outlet,esen-esarp,false,active,
starcity-outlet,eve,false,active,
starcity-outlet,evidea,false,active,
starcity-outlet,flo,false,active,
starcity-outlet,george-hogg,false,active,
starcity-outlet,gratis,false,active,
starcity-outlet,gs-store,false,active,
starcity-outlet,guess,false,active,
starcity-outlet,gusto,false,active,
starcity-outlet,hummel,false,active,
starcity-outlet,igs,false,active,
starcity-outlet,in-street,false,active,
starcity-outlet,ipekyol,false,active,
starcity-outlet,jack-and-jones,false,active,
starcity-outlet,jeanslab,false,active,
starcity-outlet,jumbo,false,active,
starcity-outlet,karaca,false,active,
starcity-outlet,kigili,false,active,
starcity-outlet,kiit-gamer,false,active,
starcity-outlet,klaud,false,active,
starcity-outlet,lc-waikiki,false,active,
starcity-outlet,lelas-company,false,active,
starcity-outlet,levis,false,active,
starcity-outlet,linens,false,active,
starcity-outlet,lizay,false,active,
starcity-outlet,ltb,false,active,
starcity-outlet,lufian,false,active,
starcity-outlet,madame-coco,false,active,
starcity-outlet,mavi,false,active,
starcity-outlet,migros,false,active,
starcity-outlet,mr-diy,false,active,
starcity-outlet,nefeli-giyim,false,active,
starcity-outlet,network,false,active,
starcity-outlet,new-balance,false,active,
starcity-outlet,opmar-optik,false,active,
starcity-outlet,osmanli-sarayi-kokulari,false,active,
starcity-outlet,panco,false,active,
starcity-outlet,penti,false,active,
starcity-outlet,pierre-cardin,false,active,
starcity-outlet,prime-kitap,false,active,
starcity-outlet,puma,false,active,
starcity-outlet,ramsey,false,active,
starcity-outlet,rue,false,active,
starcity-outlet,ruzgar-alaz-aksesuar,false,active,
starcity-outlet,saat-saat,false,active,
starcity-outlet,salomon,false,active,
starcity-outlet,sarar,false,active,
starcity-outlet,schafer,false,active,
starcity-outlet,siemens,false,active,
starcity-outlet,skechers,false,active,
starcity-outlet,spx,false,active,
starcity-outlet,superstep,false,active,
starcity-outlet,suvari,false,active,
starcity-outlet,suwen,false,active,
starcity-outlet,tac,false,active,
starcity-outlet,tedi,false,active,
starcity-outlet,tefal,false,active,
starcity-outlet,teknosa,false,active,
starcity-outlet,the-north-face,false,active,
starcity-outlet,timberland,false,active,
starcity-outlet,tommy-hilfiger,false,active,
starcity-outlet,toyzz-shop,false,active,
starcity-outlet,turk-telekom,false,active,
starcity-outlet,turkcell,false,active,
starcity-outlet,u-s-polo-assn,false,active,
starcity-outlet,ulker-shop,false,active,
starcity-outlet,united-colors-of-benetton,false,active,
starcity-outlet,vakko,false,active,
starcity-outlet,vans,false,active,
starcity-outlet,vicco,false,active,
starcity-outlet,vodafone,false,active,
starcity-outlet,watsons,false,active,
starcity-outlet,yves-rocher,false,active,
optimum-premium-outlet-istanbul,adidas,false,active,
optimum-premium-outlet-istanbul,akya-saat,false,active,
optimum-premium-outlet-istanbul,aldo,false,active,
optimum-premium-outlet-istanbul,alix-avien,false,active,
optimum-premium-outlet-istanbul,altinyildiz-classics,false,active,
optimum-premium-outlet-istanbul,asics,false,active,
optimum-premium-outlet-istanbul,atasay,false,active,
optimum-premium-outlet-istanbul,atasun-optik,false,active,
optimum-premium-outlet-istanbul,ayakkabi-dunyasi,false,active,
optimum-premium-outlet-istanbul,back-and-bond,false,active,
optimum-premium-outlet-istanbul,bambi,false,active,
optimum-premium-outlet-istanbul,bargello,false,active,
optimum-premium-outlet-istanbul,beauty-omelette,false,active,
optimum-premium-outlet-istanbul,beymen,false,active,
optimum-premium-outlet-istanbul,birkenstock,false,active,
optimum-premium-outlet-istanbul,blue-diamond-jewelry,false,active,
optimum-premium-outlet-istanbul,bob-vale,false,active,
optimum-premium-outlet-istanbul,boyner,false,active,
optimum-premium-outlet-istanbul,brandroom,false,active,
optimum-premium-outlet-istanbul,brandys,false,active,
optimum-premium-outlet-istanbul,brooks-brothers,false,active,
optimum-premium-outlet-istanbul,cacharel,false,active,
optimum-premium-outlet-istanbul,calvin-klein,false,active,
optimum-premium-outlet-istanbul,caseland,false,active,
optimum-premium-outlet-istanbul,columbia,false,active,
optimum-premium-outlet-istanbul,covertech,false,active,
optimum-premium-outlet-istanbul,d-p-parfum,false,active,
optimum-premium-outlet-istanbul,dagi,false,active,
optimum-premium-outlet-istanbul,damsmood,false,active,
optimum-premium-outlet-istanbul,decathlon,false,active,
optimum-premium-outlet-istanbul,deichmann,false,active,
optimum-premium-outlet-istanbul,derimod,false,active,
optimum-premium-outlet-istanbul,derique,false,active,
optimum-premium-outlet-istanbul,ds-damat,false,active,
optimum-premium-outlet-istanbul,dyson,false,active,
optimum-premium-outlet-istanbul,e-bebek,false,active,
optimum-premium-outlet-istanbul,easycep,false,active,
optimum-premium-outlet-istanbul,ecco,false,active,
optimum-premium-outlet-istanbul,edwards,false,active,
optimum-premium-outlet-istanbul,elle,false,active,
optimum-premium-outlet-istanbul,exxe-selection,false,active,
optimum-premium-outlet-istanbul,fenerium,false,active,
optimum-premium-outlet-istanbul,flo,false,active,
optimum-premium-outlet-istanbul,flormar,false,active,
optimum-premium-outlet-istanbul,gap,false,active,
optimum-premium-outlet-istanbul,gratis,false,active,
optimum-premium-outlet-istanbul,greyder,false,active,
optimum-premium-outlet-istanbul,gs-store,false,active,
optimum-premium-outlet-istanbul,guess,false,active,
optimum-premium-outlet-istanbul,ipekyol,false,active,
optimum-premium-outlet-istanbul,jack-and-jones,false,active,
optimum-premium-outlet-istanbul,jumbo,false,active,
optimum-premium-outlet-istanbul,karaca,false,active,
optimum-premium-outlet-istanbul,kigili,false,active,
optimum-premium-outlet-istanbul,kip,false,active,
optimum-premium-outlet-istanbul,knitss-hemington,false,active,
optimum-premium-outlet-istanbul,korkmaz,false,active,
optimum-premium-outlet-istanbul,lc-waikiki,false,active,
optimum-premium-outlet-istanbul,les-benjamins,false,active,
optimum-premium-outlet-istanbul,levis,false,active,
optimum-premium-outlet-istanbul,lg,false,active,
optimum-premium-outlet-istanbul,linens,false,active,
optimum-premium-outlet-istanbul,loris-parfum,false,active,
optimum-premium-outlet-istanbul,ltb,false,active,
optimum-premium-outlet-istanbul,lufian,false,active,
optimum-premium-outlet-istanbul,mango,false,active,
optimum-premium-outlet-istanbul,marks-and-spencer,false,active,
optimum-premium-outlet-istanbul,mavi,false,active,
optimum-premium-outlet-istanbul,media-markt,false,active,
optimum-premium-outlet-istanbul,migros,false,active,
optimum-premium-outlet-istanbul,mudo,false,active,
optimum-premium-outlet-istanbul,my-polo-home,false,active,
optimum-premium-outlet-istanbul,nautica,false,active,
optimum-premium-outlet-istanbul,network,false,active,
optimum-premium-outlet-istanbul,opmar-optik,false,active,
optimum-premium-outlet-istanbul,ozdilek,false,active,
optimum-premium-outlet-istanbul,pandora,false,active,
optimum-premium-outlet-istanbul,penti,false,active,
optimum-premium-outlet-istanbul,pierre-cardin,false,active,
optimum-premium-outlet-istanbul,pintir,false,active,
optimum-premium-outlet-istanbul,polo-ralph-lauren,false,active,
optimum-premium-outlet-istanbul,puma,false,active,
optimum-premium-outlet-istanbul,ramsey,false,active,
optimum-premium-outlet-istanbul,rossmann,false,active,
optimum-premium-outlet-istanbul,saat-saat,false,active,
optimum-premium-outlet-istanbul,samsonite,false,active,
optimum-premium-outlet-istanbul,samsung,false,active,
optimum-premium-outlet-istanbul,sapkaci-madam,false,active,
optimum-premium-outlet-istanbul,sarar,false,active,
optimum-premium-outlet-istanbul,save-the-duck,false,active,
optimum-premium-outlet-istanbul,skechers,false,active,
optimum-premium-outlet-istanbul,sneaks-up,false,active,
optimum-premium-outlet-istanbul,spx,false,active,
optimum-premium-outlet-istanbul,sunglass-hut,false,active,
optimum-premium-outlet-istanbul,suwen,false,active,
optimum-premium-outlet-istanbul,tamer-tanca,false,active,
optimum-premium-outlet-istanbul,tefal,false,active,
optimum-premium-outlet-istanbul,tergan,false,active,
optimum-premium-outlet-istanbul,the-cosmetics-company-store,false,active,
optimum-premium-outlet-istanbul,timberland,false,active,
optimum-premium-outlet-istanbul,tommy-hilfiger,false,active,
optimum-premium-outlet-istanbul,toyzz-shop,false,active,
optimum-premium-outlet-istanbul,tudors,false,active,
optimum-premium-outlet-istanbul,u-s-polo-assn,false,active,
optimum-premium-outlet-istanbul,vakko,false,active,
optimum-premium-outlet-istanbul,vans,false,active,
optimum-premium-outlet-istanbul,vestel,false,active,
optimum-premium-outlet-istanbul,vicco,false,active,
optimum-premium-outlet-istanbul,watsons,false,active,
optimum-premium-outlet-istanbul,yargici,false,active,
optimum-premium-outlet-istanbul,yves-rocher,false,active,
optimum-premium-outlet-istanbul,zen-diamond,false,active,
izmir-optimum,adidas,false,active,
izmir-optimum,adil-isik,false,active,
izmir-optimum,altinbas,false,active,
izmir-optimum,altinyildiz-classics,false,active,
izmir-optimum,ambar,false,active,
izmir-optimum,aris-pirlanta,false,active,
izmir-optimum,atakoy-ayakkabi,false,active,
izmir-optimum,atasay,false,active,
izmir-optimum,atasun-optik,false,active,
izmir-optimum,avva,false,active,
izmir-optimum,ayakkabi-dunyasi,false,active,
izmir-optimum,b-and-g-store,false,active,
izmir-optimum,bambi,false,active,
izmir-optimum,bambi-yatak,false,active,
izmir-optimum,bargello,false,active,
izmir-optimum,beko,false,active,
izmir-optimum,bershka,false,active,
izmir-optimum,beymen,false,active,
izmir-optimum,bilt,false,active,
izmir-optimum,birkenstock,false,active,
izmir-optimum,blue-diamond-jewelry,false,active,
izmir-optimum,bornova-optik,false,active,
izmir-optimum,bosch,false,active,
izmir-optimum,boyner,false,active,
izmir-optimum,brandeyes-optik,false,active,
izmir-optimum,brooks-brothers,false,active,
izmir-optimum,calvin-klein,false,active,
izmir-optimum,camper,false,active,
izmir-optimum,can-kardesler-kuruyemis,false,active,
izmir-optimum,cepax,false,active,
izmir-optimum,ceran-saat,false,active,
izmir-optimum,chima,false,active,
izmir-optimum,cilek-konsept,false,active,
izmir-optimum,colins,false,active,
izmir-optimum,columbia,false,active,
izmir-optimum,creaphone,false,active,
izmir-optimum,d-and-r,false,active,
izmir-optimum,d-diamond,false,active,
izmir-optimum,dagi,false,active,
izmir-optimum,damat-tween,false,active,
izmir-optimum,david-walker,false,active,
izmir-optimum,decathlon,false,active,
izmir-optimum,defacto,false,active,
izmir-optimum,deichmann,false,active,
izmir-optimum,derimod,false,active,
izmir-optimum,desa,false,active,
izmir-optimum,ds-damat,false,active,
izmir-optimum,dukkan-leyla,false,active,
izmir-optimum,dyson,false,active,
izmir-optimum,easycep,false,active,
izmir-optimum,ecco,false,active,
izmir-optimum,ecrou,false,active,
izmir-optimum,elit-optik,false,active,
izmir-optimum,elle,false,active,
izmir-optimum,emo-optik,false,active,
izmir-optimum,english-home,false,active,
izmir-optimum,enplus,false,active,
izmir-optimum,eve,false,active,
izmir-optimum,fakir-hausgerate,false,active,
izmir-optimum,fenerium,false,active,
izmir-optimum,flo,false,active,
izmir-optimum,flormar,false,active,
izmir-optimum,flying-tiger,false,active,
izmir-optimum,frederic-patric-parfum,false,active,
izmir-optimum,galaxy-optik,false,active,
izmir-optimum,gallery-crystal,false,active,
izmir-optimum,gant,false,active,
izmir-optimum,gap,false,active,
izmir-optimum,gmg,false,active,
izmir-optimum,gratis,false,active,
izmir-optimum,greyder,false,active,
izmir-optimum,gs-store,false,active,
izmir-optimum,guess,false,active,
izmir-optimum,gurgenciler,false,active,
izmir-optimum,h-and-m,false,active,
izmir-optimum,harley-davidson,false,active,
izmir-optimum,hatemoglu,false,active,
izmir-optimum,hobbiez-world,false,active,
izmir-optimum,homend,false,active,
izmir-optimum,hotic,false,active,
izmir-optimum,hummel,false,active,
izmir-optimum,in-street,false,active,
izmir-optimum,intersport,false,active,
izmir-optimum,ipekyol,false,active,
izmir-optimum,isabella-silver-gumus,false,active,
izmir-optimum,iyo,false,active,
izmir-optimum,jack-and-jones,false,active,
izmir-optimum,jimmy-key,false,active,
izmir-optimum,jumbo,false,active,
izmir-optimum,karaca,false,active,
izmir-optimum,karcher,false,active,
izmir-optimum,kartal-yuvasi,false,active,
izmir-optimum,kasaba-active-sports,false,active,
izmir-optimum,kigili,false,active,
izmir-optimum,kiit-teknoloji,false,active,
izmir-optimum,kip,false,active,
izmir-optimum,kirmizi-kedi,false,active,
izmir-optimum,kitikate,false,active,
izmir-optimum,kocak,false,active,
izmir-optimum,koctas,false,active,
izmir-optimum,kokos-accessories,false,active,
izmir-optimum,konyali-saat,false,active,
izmir-optimum,koton,false,active,
izmir-optimum,l-occitane,false,active,
izmir-optimum,lacoste,false,active,
izmir-optimum,lc-waikiki,false,active,
izmir-optimum,lee,false,active,
izmir-optimum,lefties,false,active,
izmir-optimum,les-benjamins,false,active,
izmir-optimum,lescon,false,active,
izmir-optimum,levis,false,active,
izmir-optimum,lg,false,active,
izmir-optimum,lizay,false,active,
izmir-optimum,loft,false,active,
izmir-optimum,love-my-body,false,active,
izmir-optimum,ltb,false,active,
izmir-optimum,lufian,false,active,
izmir-optimum,mad-parfum,false,active,
izmir-optimum,madame-coco,false,active,
izmir-optimum,mango,false,active,
izmir-optimum,mavi,false,active,
izmir-optimum,mclub,false,active,
izmir-optimum,media-markt,false,active,
izmir-optimum,menderes-home,false,active,
izmir-optimum,mi-shop,false,active,
izmir-optimum,migros,false,active,
izmir-optimum,mion,false,active,
izmir-optimum,mr-diy,false,active,
izmir-optimum,mudo,false,active,
izmir-optimum,muscent-perfume,false,active,
izmir-optimum,naramaxx,false,active,
izmir-optimum,nautica,false,active,
izmir-optimum,network,false,active,
izmir-optimum,nike,false,active,
izmir-optimum,occasion,false,active,
izmir-optimum,opmar-optik,false,active,
izmir-optimum,oxxo,false,active,
izmir-optimum,panco,false,active,
izmir-optimum,pandora,false,active,
izmir-optimum,penti,false,active,
izmir-optimum,perfume-point,false,active,
izmir-optimum,pierre-cardin,false,active,
izmir-optimum,pull-and-bear,false,active,
izmir-optimum,puma,false,active,
izmir-optimum,qumm,false,active,
izmir-optimum,reeder,false,active,
izmir-optimum,reema,false,active,
izmir-optimum,rossmann,false,active,
izmir-optimum,saat-saat,false,active,
izmir-optimum,samsonite,false,active,
izmir-optimum,samsung,false,active,
izmir-optimum,sarar,false,active,
izmir-optimum,schafer,false,active,
izmir-optimum,sevil-parfumeri,false,active,
izmir-optimum,shoebox,false,active,
izmir-optimum,siemens,false,active,
izmir-optimum,skechers,false,active,
izmir-optimum,sporthink,false,active,
izmir-optimum,stradivarius,false,active,
izmir-optimum,streetbox,false,active,
izmir-optimum,sunglass-hut,false,active,
izmir-optimum,superstep,false,active,
izmir-optimum,supplementler,false,active,
izmir-optimum,suvari,false,active,
izmir-optimum,suwen,false,active,
izmir-optimum,swarovski,false,active,
izmir-optimum,tamer-tanca,false,active,
izmir-optimum,tefal,false,active,
izmir-optimum,teknosa,false,active,
izmir-optimum,tommy-hilfiger,false,active,
izmir-optimum,toyzz-shop,false,active,
izmir-optimum,tudors,false,active,
izmir-optimum,turk-telekom,false,active,
izmir-optimum,turkcell,false,active,
izmir-optimum,tuvid-xxxl,false,active,
izmir-optimum,u-s-polo-assn,false,active,
izmir-optimum,under-armour,false,active,
izmir-optimum,vakko,false,active,
izmir-optimum,valmenti,false,active,
izmir-optimum,vatan-bilgisayar,false,active,
izmir-optimum,vena,false,active,
izmir-optimum,venito,false,active,
izmir-optimum,vestel,false,active,
izmir-optimum,vicco,false,active,
izmir-optimum,vodafone,false,active,
izmir-optimum,w-collection,false,active,
izmir-optimum,watsons,false,active,
izmir-optimum,wrangler,false,active,
izmir-optimum,xenon-smart,false,active,
izmir-optimum,yargici,false,active,
izmir-optimum,yatas,false,active,
izmir-optimum,yenilio,false,active,
izmir-optimum,yves-rocher,false,active,
izmir-optimum,zen-diamond,false,active,
viaport-asia-outlet-shopping,addax,false,active,
viaport-asia-outlet-shopping,adidas,false,active,
viaport-asia-outlet-shopping,adil-isik,false,active,
viaport-asia-outlet-shopping,aker,false,active,
viaport-asia-outlet-shopping,altinbas,false,active,
viaport-asia-outlet-shopping,altinyildiz-classics,false,active,
viaport-asia-outlet-shopping,arifoglu,false,active,
viaport-asia-outlet-shopping,aris-pirlanta,false,active,
viaport-asia-outlet-shopping,arma-life,false,active,
viaport-asia-outlet-shopping,asics,false,active,
viaport-asia-outlet-shopping,asra-pirlanta,false,active,
viaport-asia-outlet-shopping,atasay,false,active,
viaport-asia-outlet-shopping,atasun-optik,false,active,
viaport-asia-outlet-shopping,avva,false,active,
viaport-asia-outlet-shopping,ayakkabi-dunyasi,false,active,
viaport-asia-outlet-shopping,b-and-g-store,false,active,
viaport-asia-outlet-shopping,bambi,false,active,
viaport-asia-outlet-shopping,be-parfum,false,active,
viaport-asia-outlet-shopping,bebeto,false,active,
viaport-asia-outlet-shopping,bella-maison,false,active,
viaport-asia-outlet-shopping,beymen,false,active,
viaport-asia-outlet-shopping,bilik-deri,false,active,
viaport-asia-outlet-shopping,birkenstock,false,active,
viaport-asia-outlet-shopping,bisse,false,active,
viaport-asia-outlet-shopping,blue-diamond-jewelry,false,active,
viaport-asia-outlet-shopping,bluemint,false,active,
viaport-asia-outlet-shopping,bottega,false,active,
viaport-asia-outlet-shopping,boyner,false,active,
viaport-asia-outlet-shopping,brandys,false,active,
viaport-asia-outlet-shopping,broche,false,active,
viaport-asia-outlet-shopping,brooks-brothers,false,active,
viaport-asia-outlet-shopping,cacharel,false,active,
viaport-asia-outlet-shopping,calvin-klein,false,active,
viaport-asia-outlet-shopping,camper,false,active,
viaport-asia-outlet-shopping,chima,false,active,
viaport-asia-outlet-shopping,cift-geyik-karaca,false,active,
viaport-asia-outlet-shopping,cilek-konsept,false,active,
viaport-asia-outlet-shopping,colins,false,active,
viaport-asia-outlet-shopping,columbia,false,active,
viaport-asia-outlet-shopping,crocs,false,active,
viaport-asia-outlet-shopping,d-and-r,false,active,
viaport-asia-outlet-shopping,d-diamond,false,active,
viaport-asia-outlet-shopping,d-p-parfum,false,active,
viaport-asia-outlet-shopping,dagi,false,active,
viaport-asia-outlet-shopping,damat-tween,false,active,
viaport-asia-outlet-shopping,decathlon,false,active,
viaport-asia-outlet-shopping,defacto,false,active,
viaport-asia-outlet-shopping,deichmann,false,active,
viaport-asia-outlet-shopping,deniz-kabugu,false,active,
viaport-asia-outlet-shopping,deriden,false,active,
viaport-asia-outlet-shopping,derimod,false,active,
viaport-asia-outlet-shopping,derinet,false,active,
viaport-asia-outlet-shopping,desa,false,active,
viaport-asia-outlet-shopping,diesel,false,active,
viaport-asia-outlet-shopping,dockers,false,active,
viaport-asia-outlet-shopping,ds-damat,false,active,
viaport-asia-outlet-shopping,dufy,false,active,
viaport-asia-outlet-shopping,e-bebek,false,active,
viaport-asia-outlet-shopping,ecco,false,active,
viaport-asia-outlet-shopping,elegance-optik,false,active,
viaport-asia-outlet-shopping,elle,false,active,
viaport-asia-outlet-shopping,english-home,false,active,
viaport-asia-outlet-shopping,escada,false,active,
viaport-asia-outlet-shopping,esref-saati,false,active,
viaport-asia-outlet-shopping,eve,false,active,
viaport-asia-outlet-shopping,evidea,false,active,
viaport-asia-outlet-shopping,fenerium,false,active,
viaport-asia-outlet-shopping,flo,false,active,
viaport-asia-outlet-shopping,flormar,false,active,
viaport-asia-outlet-shopping,flower,false,active,
viaport-asia-outlet-shopping,flying-tiger,false,active,
viaport-asia-outlet-shopping,g-lingerie,false,active,
viaport-asia-outlet-shopping,gant,false,active,
viaport-asia-outlet-shopping,gizia,false,active,
viaport-asia-outlet-shopping,golden-rose,false,active,
viaport-asia-outlet-shopping,goz-grup-optik,false,active,
viaport-asia-outlet-shopping,gratis,false,active,
viaport-asia-outlet-shopping,greyder,false,active,
viaport-asia-outlet-shopping,gs-store,false,active,
viaport-asia-outlet-shopping,guess,false,active,
viaport-asia-outlet-shopping,haribo,false,active,
viaport-asia-outlet-shopping,hatemoglu,false,active,
viaport-asia-outlet-shopping,hazerbaba,false,active,
viaport-asia-outlet-shopping,hugo-boss,false,active,
viaport-asia-outlet-shopping,hummel,false,active,
viaport-asia-outlet-shopping,in-formal,false,active,
viaport-asia-outlet-shopping,in-street,false,active,
viaport-asia-outlet-shopping,intersport,false,active,
viaport-asia-outlet-shopping,ipekevim,false,active,
viaport-asia-outlet-shopping,ipekyol,false,active,
viaport-asia-outlet-shopping,jack-and-jones,false,active,
viaport-asia-outlet-shopping,karaca,false,active,
viaport-asia-outlet-shopping,kartal-yuvasi,false,active,
viaport-asia-outlet-shopping,kavale,false,active,
viaport-asia-outlet-shopping,kayra,false,active,
viaport-asia-outlet-shopping,kigili,false,active,
viaport-asia-outlet-shopping,kiko-milano,false,active,
viaport-asia-outlet-shopping,kip,false,active,
viaport-asia-outlet-shopping,knitss-hemington,false,active,
viaport-asia-outlet-shopping,kocak,false,active,
viaport-asia-outlet-shopping,koctas,false,active,
viaport-asia-outlet-shopping,kom,false,active,
viaport-asia-outlet-shopping,konyali-saat,false,active,
viaport-asia-outlet-shopping,koton,false,active,
viaport-asia-outlet-shopping,lc-waikiki,false,active,
viaport-asia-outlet-shopping,lee,false,active,
viaport-asia-outlet-shopping,lego,false,active,
viaport-asia-outlet-shopping,les-benjamins,false,active,
viaport-asia-outlet-shopping,levis,false,active,
viaport-asia-outlet-shopping,liu-jo,false,active,
viaport-asia-outlet-shopping,lizay,false,active,
viaport-asia-outlet-shopping,ltb,false,active,
viaport-asia-outlet-shopping,lufian,false,active,
viaport-asia-outlet-shopping,m-store-electronics,false,active,
viaport-asia-outlet-shopping,mad-parfum,false,active,
viaport-asia-outlet-shopping,madame-coco,false,active,
viaport-asia-outlet-shopping,mango,false,active,
viaport-asia-outlet-shopping,mavi,false,active,
viaport-asia-outlet-shopping,media-markt,false,active,
viaport-asia-outlet-shopping,migros,false,active,
viaport-asia-outlet-shopping,miniso,false,active,
viaport-asia-outlet-shopping,mr-cep,false,active,
viaport-asia-outlet-shopping,mudo,false,active,
viaport-asia-outlet-shopping,n-sport,false,active,
viaport-asia-outlet-shopping,network,false,active,
viaport-asia-outlet-shopping,neva-kuruyemis,false,active,
viaport-asia-outlet-shopping,new-balance,false,active,
viaport-asia-outlet-shopping,nike,false,active,
viaport-asia-outlet-shopping,nocturne,false,active,
viaport-asia-outlet-shopping,occasion,false,active,
viaport-asia-outlet-shopping,opmar-optik,false,active,
viaport-asia-outlet-shopping,ozaltin-kuyumculuk,false,active,
viaport-asia-outlet-shopping,ozdilek,false,active,
viaport-asia-outlet-shopping,panco,false,active,
viaport-asia-outlet-shopping,pandora,false,active,
viaport-asia-outlet-shopping,parfois,false,active,
viaport-asia-outlet-shopping,paul-and-shark,false,active,
viaport-asia-outlet-shopping,penti,false,active,
viaport-asia-outlet-shopping,perfume-point,false,active,
viaport-asia-outlet-shopping,pierre-cardin,false,active,
viaport-asia-outlet-shopping,puma,false,active,
viaport-asia-outlet-shopping,ramsey,false,active,
viaport-asia-outlet-shopping,reebok,false,active,
viaport-asia-outlet-shopping,roman,false,active,
viaport-asia-outlet-shopping,rossmann,false,active,
viaport-asia-outlet-shopping,ruzgar-alaz-aksesuar,false,active,
viaport-asia-outlet-shopping,saat-saat,false,active,
viaport-asia-outlet-shopping,samsonite,false,active,
viaport-asia-outlet-shopping,samsung,false,active,
viaport-asia-outlet-shopping,sarar,false,active,
viaport-asia-outlet-shopping,save-the-duck,false,active,
viaport-asia-outlet-shopping,schafer,false,active,
viaport-asia-outlet-shopping,skechers,false,active,
viaport-asia-outlet-shopping,smart-shop,false,active,
viaport-asia-outlet-shopping,so-chic,false,active,
viaport-asia-outlet-shopping,spx,false,active,
viaport-asia-outlet-shopping,sunglass-hut,false,active,
viaport-asia-outlet-shopping,superstep,false,active,
viaport-asia-outlet-shopping,suvari,false,active,
viaport-asia-outlet-shopping,suwen,false,active,
viaport-asia-outlet-shopping,swarovski,false,active,
viaport-asia-outlet-shopping,tamer-tanca,false,active,
viaport-asia-outlet-shopping,tefal,false,active,
viaport-asia-outlet-shopping,tekno-shop,false,active,
viaport-asia-outlet-shopping,tergan,false,active,
viaport-asia-outlet-shopping,the-cosmetics-company-store,false,active,
viaport-asia-outlet-shopping,the-moose-bay,false,active,
viaport-asia-outlet-shopping,the-north-face,false,active,
viaport-asia-outlet-shopping,tommy-hilfiger,false,active,
viaport-asia-outlet-shopping,toyzz-shop,false,active,
viaport-asia-outlet-shopping,tugba,false,active,
viaport-asia-outlet-shopping,turkcell,false,active,
viaport-asia-outlet-shopping,twist,false,active,
viaport-asia-outlet-shopping,u-s-polo-assn,false,active,
viaport-asia-outlet-shopping,under-armour,false,active,
viaport-asia-outlet-shopping,united-colors-of-benetton,false,active,
viaport-asia-outlet-shopping,vakko,false,active,
viaport-asia-outlet-shopping,vans,false,active,
viaport-asia-outlet-shopping,vodafone,false,active,
viaport-asia-outlet-shopping,watsons,false,active,
viaport-asia-outlet-shopping,welcome-baby,false,active,
viaport-asia-outlet-shopping,wrangler,false,active,
viaport-asia-outlet-shopping,yargici,false,active,
viaport-asia-outlet-shopping,yatas,false,active,
viaport-asia-outlet-shopping,yves-rocher,false,active,
viaport-asia-outlet-shopping,zeki,false,active,
viaport-asia-outlet-shopping,zen-diamond,false,active,
212-outlet,adidas,false,active,
212-outlet,adil-isik,false,active,
212-outlet,afilli-cezvem,false,active,
212-outlet,altinyildiz-classics,false,active,
212-outlet,anpa-gross,false,active,
212-outlet,arma-life,false,active,
212-outlet,armagan-oyuncak,false,active,
212-outlet,armine,false,active,
212-outlet,armor-service,false,active,
212-outlet,atasay,false,active,
212-outlet,atasun-optik,false,active,
212-outlet,back-and-bond,false,active,
212-outlet,bambi,false,active,
212-outlet,bargello,false,active,
212-outlet,barrels-and-oil,false,active,
212-outlet,be-parfum,false,active,
212-outlet,bebeto,false,active,
212-outlet,boyner,false,active,
212-outlet,btm,false,active,
212-outlet,caretta-caretta,false,active,
212-outlet,cashmera,false,active,
212-outlet,cift-geyik-karaca,false,active,
212-outlet,civil,false,active,
212-outlet,colins,false,active,
212-outlet,costumen,false,active,
212-outlet,d-p-parfum,false,active,
212-outlet,deichmann,false,active,
212-outlet,derimod,false,active,
212-outlet,ds-damat,false,active,
212-outlet,dufy,false,active,
212-outlet,eve,false,active,
212-outlet,finery-by-nerrs,false,active,
212-outlet,finery-jewelry,false,active,
212-outlet,flo,false,active,
212-outlet,flormar,false,active,
212-outlet,golden-rose,false,active,
212-outlet,gratis,false,active,
212-outlet,greyder,false,active,
212-outlet,gs-store,false,active,
212-outlet,hammer-jack,false,active,
212-outlet,harput-dibek,false,active,
212-outlet,hatemoglu,false,active,
212-outlet,homeax,false,active,
212-outlet,hummel,false,active,
212-outlet,igs,false,active,
212-outlet,kartal-yuvasi,false,active,
212-outlet,kiit-teknoloji,false,active,
212-outlet,kocak,false,active,
212-outlet,kompedan,false,active,
212-outlet,konyali-saat,false,active,
212-outlet,koton,false,active,
212-outlet,kuppeli,false,active,
212-outlet,kuum,false,active,
212-outlet,lc-waikiki,false,active,
212-outlet,lee,false,active,
212-outlet,lee-cooper,false,active,
212-outlet,lelas-company,false,active,
212-outlet,ltb,false,active,
212-outlet,lufian,false,active,
212-outlet,mad-parfum,false,active,
212-outlet,madam-home,false,active,
212-outlet,madame-coco,false,active,
212-outlet,manche,false,active,
212-outlet,mavi,false,active,
212-outlet,media-markt,false,active,
212-outlet,miracle-woman,false,active,
212-outlet,morven,false,active,
212-outlet,mr-diy,false,active,
212-outlet,mudo,false,active,
212-outlet,nike,false,active,
212-outlet,opmar-optik,false,active,
212-outlet,osmanli-oud-parfum,false,active,
212-outlet,oxo-aksesuar,false,active,
212-outlet,palmiye,false,active,
212-outlet,palmiye-soap-house,false,active,
212-outlet,penti,false,active,
212-outlet,perotti,false,active,
212-outlet,pierre-cardin,false,active,
212-outlet,puma,false,active,
212-outlet,reeder,false,active,
212-outlet,saat-saat,false,active,
212-outlet,sneaker-box,false,active,
212-outlet,superstep,false,active,
212-outlet,suvari,false,active,
212-outlet,suwen,false,active,
212-outlet,the-crystal-home,false,active,
212-outlet,the-most,false,active,
212-outlet,time-factory,false,active,
212-outlet,tommy-hilfiger,false,active,
212-outlet,tudors,false,active,
212-outlet,tugba,false,active,
212-outlet,turk-telekom,false,active,
212-outlet,turkcell,false,active,
212-outlet,u-s-polo-assn,false,active,
212-outlet,ucla,false,active,
212-outlet,uki,false,active,
212-outlet,vatan-bilgisayar,false,active,
212-outlet,venesa,false,active,
212-outlet,veronica,false,active,
212-outlet,vision-optik,false,active,
212-outlet,vodafone,false,active,
212-outlet,watsons,false,active,
212-outlet,wrangler,false,active,
212-outlet,yalinayak,false,active,
212-outlet,yves-rocher,false,active,
venezia-mega-outlet,adidas,false,active,
venezia-mega-outlet,adil-isik,false,active,
venezia-mega-outlet,aker,false,active,
venezia-mega-outlet,altinyildiz-classics,false,active,
venezia-mega-outlet,amasya-et,false,active,
venezia-mega-outlet,arma-life,false,active,
venezia-mega-outlet,armine,false,active,
venezia-mega-outlet,atasun-optik,false,active,
venezia-mega-outlet,avva,false,active,
venezia-mega-outlet,ayakkabi-dunyasi,false,active,
venezia-mega-outlet,b-and-g-store,false,active,
venezia-mega-outlet,back-and-bond,false,active,
venezia-mega-outlet,bambi,false,active,
venezia-mega-outlet,bargello,false,active,
venezia-mega-outlet,barrels-and-oil,false,active,
venezia-mega-outlet,batik,false,active,
venezia-mega-outlet,beymen,false,active,
venezia-mega-outlet,bijulife,false,active,
venezia-mega-outlet,boyner,false,active,
venezia-mega-outlet,carrefour,false,active,
venezia-mega-outlet,charmains,false,active,
venezia-mega-outlet,cift-geyik-karaca,false,active,
venezia-mega-outlet,cilek-konsept,false,active,
venezia-mega-outlet,colins,false,active,
venezia-mega-outlet,crystalia-boutique,false,active,
venezia-mega-outlet,d-p-parfum,false,active,
venezia-mega-outlet,dagi,false,active,
venezia-mega-outlet,defacto,false,active,
venezia-mega-outlet,derimod,false,active,
venezia-mega-outlet,ds-damat,false,active,
venezia-mega-outlet,dufy,false,active,
venezia-mega-outlet,e-bebek,false,active,
venezia-mega-outlet,ecrou,false,active,
venezia-mega-outlet,elle,false,active,
venezia-mega-outlet,english-home,false,active,
venezia-mega-outlet,eve,false,active,
venezia-mega-outlet,flo,false,active,
venezia-mega-outlet,flormar,false,active,
venezia-mega-outlet,fullamoda,false,active,
venezia-mega-outlet,gif-accessories,false,active,
venezia-mega-outlet,gizia,false,active,
venezia-mega-outlet,global-optik,false,active,
venezia-mega-outlet,golden-rose,false,active,
venezia-mega-outlet,grande-canta,false,active,
venezia-mega-outlet,gratis,false,active,
venezia-mega-outlet,greyder,false,active,
venezia-mega-outlet,guess,false,active,
venezia-mega-outlet,hotic,false,active,
venezia-mega-outlet,hummel,false,active,
venezia-mega-outlet,igs,false,active,
venezia-mega-outlet,in-street,false,active,
venezia-mega-outlet,ipekyol,false,active,
venezia-mega-outlet,jack-and-jones,false,active,
venezia-mega-outlet,jumbo,false,active,
venezia-mega-outlet,karaca,false,active,
venezia-mega-outlet,karizma-group,false,active,
venezia-mega-outlet,kayra,false,active,
venezia-mega-outlet,kigili,false,active,
venezia-mega-outlet,kiit-teknoloji,false,active,
venezia-mega-outlet,kiko-milano,false,active,
venezia-mega-outlet,kip,false,active,
venezia-mega-outlet,koton,false,active,
venezia-mega-outlet,lamodameda,false,active,
venezia-mega-outlet,lc-waikiki,false,active,
venezia-mega-outlet,loft,false,active,
venezia-mega-outlet,love-my-body,false,active,
venezia-mega-outlet,loya,false,active,
venezia-mega-outlet,ltb,false,active,
venezia-mega-outlet,lufian,false,active,
venezia-mega-outlet,mad-parfum,false,active,
venezia-mega-outlet,madame-coco,false,active,
venezia-mega-outlet,maraton,false,active,
venezia-mega-outlet,matmazel,false,active,
venezia-mega-outlet,mavi,false,active,
venezia-mega-outlet,merrell,false,active,
venezia-mega-outlet,mizalle,false,active,
venezia-mega-outlet,modanisa,false,active,
venezia-mega-outlet,mr-diy,false,active,
venezia-mega-outlet,network,false,active,
venezia-mega-outlet,nike,false,active,
venezia-mega-outlet,nocturne,false,active,
venezia-mega-outlet,opmar-optik,false,active,
venezia-mega-outlet,ozdilek,false,active,
venezia-mega-outlet,pandora,false,active,
venezia-mega-outlet,parle-paris,false,active,
venezia-mega-outlet,paulmark,false,active,
venezia-mega-outlet,penti,false,active,
venezia-mega-outlet,pierre-cardin,false,active,
venezia-mega-outlet,pink-and-more,false,active,
venezia-mega-outlet,puma,false,active,
venezia-mega-outlet,ramsey,false,active,
venezia-mega-outlet,reeder,false,active,
venezia-mega-outlet,roman,false,active,
venezia-mega-outlet,rossmann,false,active,
venezia-mega-outlet,saat-saat,false,active,
venezia-mega-outlet,sadik-yilmaz,false,active,
venezia-mega-outlet,samsonite,false,active,
venezia-mega-outlet,samsung,false,active,
venezia-mega-outlet,sarar,false,active,
venezia-mega-outlet,schafer,false,active,
venezia-mega-outlet,shiffa-home,false,active,
venezia-mega-outlet,sirello-accs,false,active,
venezia-mega-outlet,skechers,false,active,
venezia-mega-outlet,so-chic,false,active,
venezia-mega-outlet,spx,false,active,
venezia-mega-outlet,suayse,false,active,
venezia-mega-outlet,superstep,false,active,
venezia-mega-outlet,suvari,false,active,
venezia-mega-outlet,suwen,false,active,
venezia-mega-outlet,tamer-tanca,false,active,
venezia-mega-outlet,tedi,false,active,
venezia-mega-outlet,teknosa,false,active,
venezia-mega-outlet,tekzen,false,active,
venezia-mega-outlet,the-cosmetics-company-store,false,active,
venezia-mega-outlet,toyzz-shop,false,active,
venezia-mega-outlet,tudors,false,active,
venezia-mega-outlet,tugba,false,active,
venezia-mega-outlet,turk-telekom,false,active,
venezia-mega-outlet,turkcell,false,active,
venezia-mega-outlet,u-s-polo-assn,false,active,
venezia-mega-outlet,unzilee,false,active,
venezia-mega-outlet,vakko,false,active,
venezia-mega-outlet,valence,false,active,
venezia-mega-outlet,vicco,false,active,
venezia-mega-outlet,vodafone,false,active,
venezia-mega-outlet,watsons,false,active,
venezia-mega-outlet,yves-rocher,false,active,
deepo-outlet-center,adidas,false,active,
deepo-outlet-center,adl,false,active,
deepo-outlet-center,adore-oyuncak,false,active,
deepo-outlet-center,adv,false,active,
deepo-outlet-center,altinbas,false,active,
deepo-outlet-center,altinyildiz-classics,false,active,
deepo-outlet-center,arifoglu,false,active,
deepo-outlet-center,armine,false,active,
deepo-outlet-center,atasay,false,active,
deepo-outlet-center,avva,false,active,
deepo-outlet-center,ayakkabi-dunyasi,false,active,
deepo-outlet-center,b-and-g-store,false,active,
deepo-outlet-center,bad-bear,false,active,
deepo-outlet-center,bambi,false,active,
deepo-outlet-center,bargello,false,active,
deepo-outlet-center,baroni-diamond,false,active,
deepo-outlet-center,beko,false,active,
deepo-outlet-center,beymen,false,active,
deepo-outlet-center,bisse,false,active,
deepo-outlet-center,bonitas,false,active,
deepo-outlet-center,cacharel,false,active,
deepo-outlet-center,cepax,false,active,
deepo-outlet-center,chakra,false,active,
deepo-outlet-center,choc-nette,false,active,
deepo-outlet-center,cift-geyik-karaca,false,active,
deepo-outlet-center,cilek-konsept,false,active,
deepo-outlet-center,colins,false,active,
deepo-outlet-center,columbia,false,active,
deepo-outlet-center,d-and-r,false,active,
deepo-outlet-center,dagi,false,active,
deepo-outlet-center,damat-tween,false,active,
deepo-outlet-center,defacto,false,active,
deepo-outlet-center,derimod,false,active,
deepo-outlet-center,derol,false,active,
deepo-outlet-center,desa,false,active,
deepo-outlet-center,ds-damat,false,active,
deepo-outlet-center,dsg-outlet,false,active,
deepo-outlet-center,dufy,false,active,
deepo-outlet-center,dyson,false,active,
deepo-outlet-center,efor,false,active,
deepo-outlet-center,ekol,false,active,
deepo-outlet-center,elle,false,active,
deepo-outlet-center,emo-optik,false,active,
deepo-outlet-center,english-home,false,active,
deepo-outlet-center,exxe-selection,false,active,
deepo-outlet-center,fistikoglu-kuruyemis,false,active,
deepo-outlet-center,flo,false,active,
deepo-outlet-center,flormar,false,active,
deepo-outlet-center,frederic-patric-parfum,false,active,
deepo-outlet-center,fresh-scarfs,false,active,
deepo-outlet-center,g-lingerie,false,active,
deepo-outlet-center,gallery-crystal,false,active,
deepo-outlet-center,gant,false,active,
deepo-outlet-center,gizia,false,active,
deepo-outlet-center,gratis,false,active,
deepo-outlet-center,greyder,false,active,
deepo-outlet-center,guess,false,active,
deepo-outlet-center,h-and-m,false,active,
deepo-outlet-center,hatemoglu,false,active,
deepo-outlet-center,hello-sweetie-haribo,false,active,
deepo-outlet-center,hotic,false,active,
deepo-outlet-center,hummel,false,active,
deepo-outlet-center,hupalupa-store,false,active,
deepo-outlet-center,in-street,false,active,
deepo-outlet-center,ipekyol,false,active,
deepo-outlet-center,italian,false,active,
deepo-outlet-center,jack-and-jones,false,active,
deepo-outlet-center,jeanslab,false,active,
deepo-outlet-center,joia,false,active,
deepo-outlet-center,karaca,false,active,
deepo-outlet-center,kayra,false,active,
deepo-outlet-center,kids-home,false,active,
deepo-outlet-center,kigili,false,active,
deepo-outlet-center,kiko-milano,false,active,
deepo-outlet-center,kitikate,false,active,
deepo-outlet-center,kom,false,active,
deepo-outlet-center,korkmaz,false,active,
deepo-outlet-center,koton,false,active,
deepo-outlet-center,kuppeli,false,active,
deepo-outlet-center,laura-bella,false,active,
deepo-outlet-center,lc-waikiki,false,active,
deepo-outlet-center,lcw-dream,false,active,
deepo-outlet-center,lcw-xside,false,active,
deepo-outlet-center,lee-wrangler,false,active,
deepo-outlet-center,lelas-company,false,active,
deepo-outlet-center,lescon,false,active,
deepo-outlet-center,levis,false,active,
deepo-outlet-center,love-my-body,false,active,
deepo-outlet-center,ltb,false,active,
deepo-outlet-center,lufian,false,active,
deepo-outlet-center,lui-jo-milano,false,active,
deepo-outlet-center,mad-parfum,false,active,
deepo-outlet-center,madame-coco,false,active,
deepo-outlet-center,mado,false,active,
deepo-outlet-center,manuka,false,active,
deepo-outlet-center,marks-and-spencer,false,active,
deepo-outlet-center,mavi,false,active,
deepo-outlet-center,media-markt,false,active,
deepo-outlet-center,migros,false,active,
deepo-outlet-center,minikido,false,active,
deepo-outlet-center,miniso,false,active,
deepo-outlet-center,mr-diy,false,active,
deepo-outlet-center,mudo-collection,false,active,
deepo-outlet-center,naramaxx,false,active,
deepo-outlet-center,nautica,false,active,
deepo-outlet-center,nocturne,false,active,
deepo-outlet-center,nomination-italy,false,active,
deepo-outlet-center,occasion,false,active,
deepo-outlet-center,opticity,false,active,
deepo-outlet-center,orients-silver,false,active,
deepo-outlet-center,osmanli-oud-parfum,false,active,
deepo-outlet-center,oxxo,false,active,
deepo-outlet-center,panco,false,active,
deepo-outlet-center,pandora,false,active,
deepo-outlet-center,paul-and-shark,false,active,
deepo-outlet-center,penti,false,active,
deepo-outlet-center,perge-kuyumculuk,false,active,
deepo-outlet-center,pierre-cardin,false,active,
deepo-outlet-center,piserro,false,active,
deepo-outlet-center,polo-garage,false,active,
deepo-outlet-center,purpur-accessories,false,active,
deepo-outlet-center,roberto-bravo,false,active,
deepo-outlet-center,rossmann,false,active,
deepo-outlet-center,royal-platinum-parfum,false,active,
deepo-outlet-center,ruba,false,active,
deepo-outlet-center,rue,false,active,
deepo-outlet-center,ruz-ka-aksesuar,false,active,
deepo-outlet-center,saat-saat,false,active,
deepo-outlet-center,samsonite,false,active,
deepo-outlet-center,samsung,false,active,
deepo-outlet-center,sarar,false,active,
deepo-outlet-center,sarev,false,active,
deepo-outlet-center,schafer,false,active,
deepo-outlet-center,shop-shoes,false,active,
deepo-outlet-center,skechers,false,active,
deepo-outlet-center,sneaks-up,false,active,
deepo-outlet-center,sporthink,false,active,
deepo-outlet-center,sportive,false,active,
deepo-outlet-center,spx,false,active,
deepo-outlet-center,studio-kids,false,active,
deepo-outlet-center,sunglass-hut,false,active,
deepo-outlet-center,superstep,false,active,
deepo-outlet-center,suvari,false,active,
deepo-outlet-center,suwen,false,active,
deepo-outlet-center,takma-takma,false,active,
deepo-outlet-center,tamer-tanca,false,active,
deepo-outlet-center,tergan,false,active,
deepo-outlet-center,the-moose-bay,false,active,
deepo-outlet-center,toi-and-moi,false,active,
deepo-outlet-center,tommy-hilfiger,false,active,
deepo-outlet-center,toyzz-shop,false,active,
deepo-outlet-center,tudors,false,active,
deepo-outlet-center,tugba,false,active,
deepo-outlet-center,turk-telekom,false,active,
deepo-outlet-center,turkcell,false,active,
deepo-outlet-center,twigy,false,active,
deepo-outlet-center,twist,false,active,
deepo-outlet-center,u-s-polo-assn,false,active,
deepo-outlet-center,u-s-polo-kids,false,active,
deepo-outlet-center,under-armour,false,active,
deepo-outlet-center,united-colors-of-benetton,false,active,
deepo-outlet-center,vakko,false,active,
deepo-outlet-center,vatan-bilgisayar,false,active,
deepo-outlet-center,vialli-silver,false,active,
deepo-outlet-center,vodafone,false,active,
deepo-outlet-center,w-collection,false,active,
deepo-outlet-center,watsons,false,active,
deepo-outlet-center,yargici,false,active,
deepo-outlet-center,yilmaz-optik,false,active,
deepo-outlet-center,yves-rocher,false,active,
deepo-outlet-center,zen-diamond,false,active,
dubai-outlet-mall,elite-supplements,false,active,
dubai-outlet-mall,marks-and-spencer,false,active,
dubai-outlet-mall,the-catch,false,active,
dubai-outlet-mall,rivoli-group,false,active,
dubai-outlet-mall,christian-lacroix,false,active,
dubai-outlet-mall,rivoli,false,active,
dubai-outlet-mall,hackett-london,false,active,
dubai-outlet-mall,asics,false,active,
dubai-outlet-mall,call-it-spring,false,active,
dubai-outlet-mall,aldo,false,active,
dubai-outlet-mall,jawhara,false,active,
dubai-outlet-mall,basel-watch,false,active,
dubai-outlet-mall,annabelle,false,active,
dubai-outlet-mall,lome-kids,false,active,
dubai-outlet-mall,little-castle,false,active,
dubai-outlet-mall,zukti,false,active,
dubai-outlet-mall,romit,false,active,
dubai-outlet-mall,roberto-fabiani,false,active,
dubai-outlet-mall,bebe,false,active,
dubai-outlet-mall,ferre-sports,false,active,
dubai-outlet-mall,nautica,false,active,
dubai-outlet-mall,bata,false,active,
dubai-outlet-mall,squatwolf,false,active,
dubai-outlet-mall,lifestyle,false,active,
dubai-outlet-mall,vie,false,active,
dubai-outlet-mall,miniso,false,active,
dubai-outlet-mall,1b,false,active,
dubai-outlet-mall,gianfranco-ferre,false,active,
dubai-outlet-mall,kiko-milano,false,active,
dubai-outlet-mall,boggi-milano,false,active,
dubai-outlet-mall,puma-kids,false,active,
dubai-outlet-mall,say,false,active,
dubai-outlet-mall,american-eagle,false,active,
dubai-outlet-mall,ralph-lauren,false,active,
dubai-outlet-mall,binous-lifestyle,false,active,
dubai-outlet-mall,xseswary,false,active,
dubai-outlet-mall,xpressions-style,false,active,
dubai-outlet-mall,dr-nutrition,false,active,
dubai-outlet-mall,eleganza-gold-and-diamonds,false,active,
dubai-outlet-mall,carter-and-white,false,active,
dubai-outlet-mall,luxe-marca,false,active,
dubai-outlet-mall,tiyabi,false,active,
dubai-outlet-mall,mr-grey,false,active,
dubai-outlet-mall,bareeze,false,active,
dubai-outlet-mall,xint,false,active,
dubai-outlet-mall,hollister,false,active,
dubai-outlet-mall,abercrombie-and-fitch,false,active,
dubai-outlet-mall,ted-baker,false,active,
dubai-outlet-mall,sandro,false,active,
dubai-outlet-mall,maje,false,active,
dubai-outlet-mall,boots,false,active,
dubai-outlet-mall,duozoulu,false,active,
dubai-outlet-mall,mumuso,false,active,
dubai-outlet-mall,menbur,false,active,
dubai-outlet-mall,ontime,false,active,
dubai-outlet-mall,safa-abaya,false,active,
dubai-outlet-mall,pharmacy-for-less,false,active,
dubai-outlet-mall,bath-and-body-works,false,active,
dubai-outlet-mall,essenzi-perfumes,false,active,
dubai-outlet-mall,eyewa,false,active,
dubai-outlet-mall,rivoli-eyezone,false,active,
dubai-outlet-mall,bossini,false,active,
dubai-outlet-mall,shoes-hub,false,active,
dubai-outlet-mall,optic-art-optical,false,active,
dubai-outlet-mall,optics-for-less,false,active,
dubai-outlet-mall,marella,false,active,
dubai-outlet-mall,via-milano,false,active,
dubai-outlet-mall,ovs,false,active,
dubai-outlet-mall,gas,false,active,
dubai-outlet-mall,coronet,false,active,
dubai-outlet-mall,the-north-face,false,active,
dubai-outlet-mall,nu-athlete,false,active,
dubai-outlet-mall,underground-sport,false,active,
dubai-outlet-mall,simply-kitchen,false,active,
dubai-outlet-mall,dwell,false,active,
dubai-outlet-mall,ds-damat,false,active,
dubai-outlet-mall,myshops,false,active,
dubai-outlet-mall,belucci-active,false,active,
dubai-outlet-mall,u-s-polo-assn,false,active,
dubai-outlet-mall,sergio-rossi,false,active,
dubai-outlet-mall,boss,false,active,
dubai-outlet-mall,converse,false,active,
dubai-outlet-mall,logo-opia,false,active,
dubai-outlet-mall,lulu-hypermarket,false,active,
dubai-outlet-mall,that,false,active,
dubai-outlet-mall,lululemon,false,active,
dubai-outlet-mall,salomon,false,active,
dubai-outlet-mall,wilson,false,active,
dubai-outlet-mall,torinese,false,active,
dubai-outlet-mall,tanjim,false,active,
dubai-outlet-mall,gentle-park,false,active,
dubai-outlet-mall,bauhaus,false,active,
dubai-outlet-mall,taif-al-emarat,false,active,
dubai-outlet-mall,glam-beaute,false,active,
dubai-outlet-mall,lenskart,false,active,
dubai-outlet-mall,temperley-london,false,active,
dubai-outlet-mall,condotti,false,active,
dubai-outlet-mall,damas-jewellery,false,active,
dubai-outlet-mall,zadig-and-voltaire,false,active,
dubai-outlet-mall,new-balance,false,active,
dubai-outlet-mall,notino-gallery,false,active,
dubai-outlet-mall,the-giving-movement,false,active,
dubai-outlet-mall,geox,false,active,
dubai-outlet-mall,pandora,false,active,
dubai-outlet-mall,nine-west,false,active,
dubai-outlet-mall,allsaints,false,active,
dubai-outlet-mall,mario-barutti,false,active,
dubai-outlet-mall,yateem-optician,false,active,
dubai-outlet-mall,aigner,false,active,
dubai-outlet-mall,lily-s,false,active,
dubai-outlet-mall,senso,false,active,
dubai-outlet-mall,berghoff,false,active,
dubai-outlet-mall,v-brand-gallery,false,active,
dubai-outlet-mall,la-zotti,false,active,
dubai-outlet-mall,louis-feraud,false,active,
dubai-outlet-mall,usbs,false,active,
dubai-outlet-mall,cuple,false,active,
dubai-outlet-mall,the-happy-place,false,active,
dubai-outlet-mall,carters,false,active,
dubai-outlet-mall,via-bambino,false,active,
dubai-outlet-mall,swiss-arabian,false,active,
dubai-outlet-mall,optivision,false,active,
dubai-outlet-mall,molini,false,active,
dubai-outlet-mall,basic-baxx,false,active,
dubai-outlet-mall,native-art-gallery,false,active,
dubai-outlet-mall,cannon-home,false,active,
dubai-outlet-mall,villeroy-and-boch,false,active,
dubai-outlet-mall,al-ejaz-perfumes,false,active,
dubai-outlet-mall,let-s-vape,false,active,
dubai-outlet-mall,socks-collection,false,active,
dubai-outlet-mall,brands-for-less,false,active,
dubai-outlet-mall,columbia,false,active,
dubai-outlet-mall,timberland,false,active,
dubai-outlet-mall,bellissimo,false,active,
dubai-outlet-mall,orlando-sports,false,active,
dubai-outlet-mall,salt-crystal,false,active,
dubai-outlet-mall,sun-and-sand-sports,false,active,
dubai-outlet-mall,under-armour,false,active,
dubai-outlet-mall,comicave,false,active,
dubai-outlet-mall,absolute-sports,false,active,
dubai-outlet-mall,all-day-minimart,false,active,
dubai-outlet-mall,racetrack,false,active,
dubai-outlet-mall,runners,false,active,
dubai-outlet-mall,coral-perfumes,false,active,
dubai-outlet-mall,daiso,false,active,
dubai-outlet-mall,puma,false,active,
dubai-outlet-mall,vans,false,active,
dubai-outlet-mall,baby-smile,false,active,
dubai-outlet-mall,barakat-optical,false,active,
dubai-outlet-mall,nike,false,active,
dubai-outlet-mall,crocs,false,active,
dubai-outlet-mall,skechers,false,active,
dubai-outlet-mall,nishat-linen,false,active,
dubai-outlet-mall,baldinini,false,active,
dubai-outlet-mall,k-corner,false,active,
dubai-outlet-mall,biba,false,active,
dubai-outlet-mall,redtape,false,active,
dubai-outlet-mall,nayomi,false,active,
dubai-outlet-mall,chic-chic,false,active,
dubai-outlet-mall,wrangler,false,active,
dubai-outlet-mall,big-brands-perfumes,false,active,
dubai-outlet-mall,arabian-oud,false,active,
dubai-outlet-mall,furla,false,active,
dubai-outlet-mall,kas-australia-and-camel-company,false,active,
dubai-outlet-mall,montblanc,false,active,
dubai-outlet-mall,burberry,false,active,
dubai-outlet-mall,splash,false,active,
dubai-outlet-mall,aftershock-london,false,active,
dubai-outlet-mall,cole-haan,false,active,
dubai-outlet-mall,necktie-corner,false,active,
dubai-outlet-mall,adidas,false,active,
dubai-outlet-mall,shoemart,false,active,
dubai-outlet-mall,clarks,false,active,
dubai-outlet-mall,the-vault-by-damas,false,active,
dubai-outlet-mall,birkenstock,false,active,
dubai-outlet-mall,ecco,false,active,
dubai-outlet-mall,giordano,false,active,
dubai-outlet-mall,da-milano,false,active,
dubai-outlet-mall,the-labels-factory,false,active,
dubai-outlet-mall,guess,false,active,
dubai-outlet-mall,grand-stores,false,active,
dubai-outlet-mall,samsonite,false,active,
dubai-outlet-mall,al-jaber-opticals,false,active,
dubai-outlet-mall,mango,false,active,
dubai-outlet-mall,rituals,false,active,
dubai-outlet-mall,fred-perry,false,active,
dubai-outlet-mall,sacoor-brothers,false,active,
dubai-outlet-mall,little-angels,false,active,
dubai-outlet-mall,levis,false,active,
dubai-outlet-mall,superdry,false,active,
dubai-outlet-mall,olivia-burton,false,active,
dubai-outlet-mall,the-watch-house,false,active,
dubai-outlet-mall,diesel,false,active,
dubai-outlet-mall,calvin-klein,false,active,
dubai-outlet-mall,swiss-watch-house,false,active,
dubai-outlet-mall,coach,false,active,
dubai-outlet-mall,priceless,false,active,
dubai-outlet-mall,the-deal,false,active,
dubai-outlet-mall,the-athlete-s-co,false,active,
dubai-outlet-mall,tommy-hilfiger,false,active,
dubai-outlet-mall,dkny,false,active,
dubai-outlet-mall,kids-puzzle,false,active,
dubai-outlet-mall,pal-zileri,false,active,
dubai-outlet-mall,ricci-di-napoli,false,active,
dubai-outlet-mall,scotch-and-soda,false,active,
dubai-outlet-mall,fashion-for-less,false,active,
dubai-outlet-mall,sacoor-one,false,active,
dubai-outlet-mall,dune-london,false,active,
dubai-outlet-mall,aster-pharmacy,false,active,
dubai-outlet-mall,elisabetta-franchi,false,active,
dubai-outlet-mall,balmain,false,active,
dubai-outlet-mall,sunglass-hut,false,active,
dubai-outlet-mall,charles-and-keith,false,active,
dubai-outlet-mall,mario-bruni,false,active,
dubai-outlet-mall,riva-kids,false,active,
dubai-outlet-mall,la-vie-en-rose,false,active,
dubai-outlet-mall,la-senza,false,active,
dubai-outlet-mall,inglot,false,active,
dubai-outlet-mall,riva,false,active,
dubai-outlet-mall,fyor,false,active,
dubai-outlet-mall,choice,false,active,
dubai-outlet-mall,hugo,false,active,
dubai-outlet-mall,jashanmal-around-the-world,false,active,
dubai-outlet-mall,pierre-cardin,false,active,
dubai-outlet-mall,babyshop,false,active,
dubai-outlet-mall,edgers-london,false,active,
dubai-outlet-mall,osvaldo-sabatini,false,active,
dubai-outlet-mall,sjp-by-sarah-jessica-parker,false,active,
the-outlet-village,adidas,false,active,
the-outlet-village,aizone,false,active,
the-outlet-village,aldo,false,active,
the-outlet-village,alessandro-dell-acqua,false,active,
the-outlet-village,al-jaber-opticals,false,active,
the-outlet-village,all-day-minimart,false,active,
the-outlet-village,armani-outlet,false,active,
the-outlet-village,1b,false,active,
the-outlet-village,baldinini,false,active,
the-outlet-village,balmain,false,active,
the-outlet-village,bauhaus,false,active,
the-outlet-village,beverly-hills-polo-club,false,active,
the-outlet-village,binsina-pharmacy,false,active,
the-outlet-village,boss,false,active,
the-outlet-village,brand-bazaar,false,active,
the-outlet-village,calvin-klein,false,active,
the-outlet-village,candy-hearts,false,active,
the-outlet-village,carducci-milano,false,active,
the-outlet-village,carolina-herrera,false,active,
the-outlet-village,charriol,false,active,
the-outlet-village,choice,false,active,
the-outlet-village,coach,false,active,
the-outlet-village,converse,false,active,
the-outlet-village,crocs,false,active,
the-outlet-village,diesel,false,active,
the-outlet-village,diesel-kids,false,active,
the-outlet-village,dolceandgabbana,false,active,
the-outlet-village,elisabetta-franchi,false,active,
the-outlet-village,etoile-outlet,false,active,
the-outlet-village,fabi,false,active,
the-outlet-village,gianfranco-ferre,false,active,
the-outlet-village,first-one-mobile,false,active,
the-outlet-village,fred-perry,false,active,
the-outlet-village,furla,false,active,
the-outlet-village,gant,false,active,
the-outlet-village,grand-bazaar,false,active,
the-outlet-village,guess,false,active,
the-outlet-village,jashanmal-fashion-outlet,false,active,
the-outlet-village,lacoste,false,active,
the-outlet-village,levis,false,active,
the-outlet-village,longchamp,false,active,
the-outlet-village,louis-feraud,false,active,
the-outlet-village,marc-cain,false,active,
the-outlet-village,michael-kors,false,active,
the-outlet-village,montblanc,false,active,
the-outlet-village,nike,false,active,
the-outlet-village,opera-shoes,false,active,
the-outlet-village,pandora,false,active,
the-outlet-village,petra-cosmetics,false,active,
the-outlet-village,pierre-cardin,false,active,
the-outlet-village,pinko,false,active,
the-outlet-village,polo-ralph-lauren,false,active,
the-outlet-village,priceless,false,active,
the-outlet-village,puma,false,active,
the-outlet-village,riva,false,active,
the-outlet-village,rivoli,false,active,
the-outlet-village,sacoor-blue,false,active,
the-outlet-village,sacoor-one,false,active,
the-outlet-village,scotch-and-soda,false,active,
the-outlet-village,senso,false,active,
the-outlet-village,skechers,false,active,
the-outlet-village,swarovski,false,active,
the-outlet-village,temperley-london,false,active,
the-outlet-village,the-deal,false,active,
the-outlet-village,time-flies,false,active,
the-outlet-village,tommy-hilfiger,false,active,
the-outlet-village,tory-burch,false,active,
the-outlet-village,tumi,false,active,
the-outlet-village,under-armour,false,active,
the-outlet-village,villeroy-and-boch,false,active,
the-outlet-village,v-perfumes,false,active,
the-outlet-village,water-gold-perfumes,false,active,
the-outlet-village,zegna,false,active,
al-khiran-hybrid-outlet-mall,adidas,false,active,
al-khiran-hybrid-outlet-mall,aldo,false,active,
al-khiran-hybrid-outlet-mall,american-eagle,false,active,
al-khiran-hybrid-outlet-mall,asics,false,active,
al-khiran-hybrid-outlet-mall,banana-republic,false,active,
al-khiran-hybrid-outlet-mall,bath-and-body-works,false,active,
al-khiran-hybrid-outlet-mall,beverly-hills-polo-club,false,active,
al-khiran-hybrid-outlet-mall,birkenstock,false,active,
al-khiran-hybrid-outlet-mall,boots,false,active,
al-khiran-hybrid-outlet-mall,boss,false,active,
al-khiran-hybrid-outlet-mall,calvin-klein,false,active,
al-khiran-hybrid-outlet-mall,charles-and-keith,false,active,
al-khiran-hybrid-outlet-mall,choice,false,active,
al-khiran-hybrid-outlet-mall,claires,false,active,
al-khiran-hybrid-outlet-mall,crocs,false,active,
al-khiran-hybrid-outlet-mall,daiso,false,active,
al-khiran-hybrid-outlet-mall,dune-london,false,active,
al-khiran-hybrid-outlet-mall,foot-locker,false,active,
al-khiran-hybrid-outlet-mall,flying-tiger,false,active,
al-khiran-hybrid-outlet-mall,geox,false,active,
al-khiran-hybrid-outlet-mall,h-and-m,false,active,
al-khiran-hybrid-outlet-mall,ikea,false,active,
al-khiran-hybrid-outlet-mall,intersport,false,active,
al-khiran-hybrid-outlet-mall,kipling,false,active,
al-khiran-hybrid-outlet-mall,lc-waikiki,false,active,
al-khiran-hybrid-outlet-mall,levis,false,active,
al-khiran-hybrid-outlet-mall,mothercare,false,active,
al-khiran-hybrid-outlet-mall,lulu-hypermarket,false,active,
al-khiran-hybrid-outlet-mall,new-balance,false,active,
al-khiran-hybrid-outlet-mall,nike,false,active,
al-khiran-hybrid-outlet-mall,off-price,false,active,
al-khiran-hybrid-outlet-mall,ontime,false,active,
al-khiran-hybrid-outlet-mall,puma,false,active,
al-khiran-hybrid-outlet-mall,r-and-b,false,active,
al-khiran-hybrid-outlet-mall,reebok,false,active,
al-khiran-hybrid-outlet-mall,rituals,false,active,
al-khiran-hybrid-outlet-mall,skechers,false,active,
al-khiran-hybrid-outlet-mall,smiggle,false,active,
al-khiran-hybrid-outlet-mall,the-body-shop,false,active,
al-khiran-hybrid-outlet-mall,the-childrens-place,false,active,
al-khiran-hybrid-outlet-mall,tommy-hilfiger,false,active,
al-khiran-hybrid-outlet-mall,victoria-s-secret,false,active,
al-khiran-hybrid-outlet-mall,vilebrequin,false,active,
al-khiran-hybrid-outlet-mall,xcite,false,active,
al-khiran-hybrid-outlet-mall,big-brand-bazaar,false,active,
al-khiran-hybrid-outlet-mall,havaianas,false,active,
al-khiran-hybrid-outlet-mall,lc-waikiki-kids,false,active,
al-khiran-hybrid-outlet-mall,steve-madden,false,active,
al-khiran-hybrid-outlet-mall,ximi-vogue,false,active,
yeoju-premium-outlets,acne-studios,false,active,true
yeoju-premium-outlets,armani,false,active,true
yeoju-premium-outlets,andersson-bell,false,active,true
yeoju-premium-outlets,balenciaga,false,active,true
yeoju-premium-outlets,bally,false,active,true
yeoju-premium-outlets,boon-the-shop,false,active,true
yeoju-premium-outlets,boss,false,active,true
yeoju-premium-outlets,bottega-veneta,false,active,true
yeoju-premium-outlets,brunello-cucinelli,false,active,true
yeoju-premium-outlets,burberry,false,active,true
yeoju-premium-outlets,brioni,false,active,true
yeoju-premium-outlets,coach,false,active,true
yeoju-premium-outlets,corneliani,false,active,true
yeoju-premium-outlets,chloe,false,active,true
yeoju-premium-outlets,etro,false,active,true
yeoju-premium-outlets,fabiana-filippi,false,active,true
yeoju-premium-outlets,fendi,false,active,true
yeoju-premium-outlets,gucci,false,active,true
yeoju-premium-outlets,herno,false,active,true
yeoju-premium-outlets,jimmy-choo,false,active,true
yeoju-premium-outlets,jil-sander,false,active,true
yeoju-premium-outlets,kenzo,false,active,true
yeoju-premium-outlets,kiton,false,active,true
yeoju-premium-outlets,lansmere,false,active,true
yeoju-premium-outlets,loewe,false,active,true
yeoju-premium-outlets,loro-piana,false,active,true
yeoju-premium-outlets,lanvin-collection,false,active,true
yeoju-premium-outlets,marni,false,active,true
yeoju-premium-outlets,max-mara,false,active,true
yeoju-premium-outlets,michael-kors,false,active,true
yeoju-premium-outlets,moncler,false,active,true
yeoju-premium-outlets,montblanc,false,active,true
yeoju-premium-outlets,moschino,false,active,true
yeoju-premium-outlets,mulberry,false,active,true
yeoju-premium-outlets,maison-kitsune,false,active,true
yeoju-premium-outlets,maison-margiela,false,active,true
yeoju-premium-outlets,paul-smith,false,active,true
yeoju-premium-outlets,prada,false,active,true
yeoju-premium-outlets,roger-vivier,false,active,true
yeoju-premium-outlets,rick-owens,false,active,true
yeoju-premium-outlets,st-dupont,false,active,true
yeoju-premium-outlets,saint-laurent,false,active,true
yeoju-premium-outlets,ferragamo,false,active,true
yeoju-premium-outlets,stone-island,false,active,true
yeoju-premium-outlets,tods,false,active,true
yeoju-premium-outlets,tom-ford,false,active,true
yeoju-premium-outlets,tumi,false,active,true
yeoju-premium-outlets,thom-browne,false,active,true
yeoju-premium-outlets,valentino,false,active,true
yeoju-premium-outlets,versace,false,active,true
yeoju-premium-outlets,vivienne-westwood,false,active,true
yeoju-premium-outlets,zegna,false,active,true
yeoju-premium-outlets,a-p-c,false,active,true
yeoju-premium-outlets,allsaints,false,active,true
yeoju-premium-outlets,aspesi,false,active,true
yeoju-premium-outlets,beaker,false,active,true
yeoju-premium-outlets,barbour,false,active,true
yeoju-premium-outlets,botticelli,false,active,true
yeoju-premium-outlets,c-p-company,false,active,true
yeoju-premium-outlets,club-monaco,false,active,true
yeoju-premium-outlets,dkny,false,active,true
yeoju-premium-outlets,eleventy,false,active,true
yeoju-premium-outlets,golden-goose,false,active,true
yeoju-premium-outlets,iro,false,active,true
yeoju-premium-outlets,isabel-marant,false,active,true
yeoju-premium-outlets,jill-stuart,false,active,true
yeoju-premium-outlets,junn-j,false,active,true
yeoju-premium-outlets,kuho,false,active,true
yeoju-premium-outlets,lebeige,false,active,true
yeoju-premium-outlets,maje,false,active,true
yeoju-premium-outlets,man-on-the-boon,false,active,true
yeoju-premium-outlets,mine,false,active,true
yeoju-premium-outlets,moose-knuckles,false,active,true
yeoju-premium-outlets,mue,false,active,true
yeoju-premium-outlets,matin-kim,false,active,true
yeoju-premium-outlets,s-i-village,false,active,true
yeoju-premium-outlets,time-homme,false,active,true
yeoju-premium-outlets,theilma,false,active,true
yeoju-premium-outlets,tom-greyhound,false,active,true
yeoju-premium-outlets,vanessa-bruno,false,active,true
yeoju-premium-outlets,wooyoungmi,false,active,true
yeoju-premium-outlets,sandro,false,active,true
yeoju-premium-outlets,second-run,false,active,true
yeoju-premium-outlets,shinsegae-factory-store,false,active,true
yeoju-premium-outlets,theory,false,active,true
yeoju-premium-outlets,time,false,active,true
yeoju-premium-outlets,zadig-and-voltaire,false,active,true
yeoju-premium-outlets,benetton,false,active,true
yeoju-premium-outlets,beanpole,false,active,true
yeoju-premium-outlets,brooks-brothers,false,active,true
yeoju-premium-outlets,dewl,false,active,true
yeoju-premium-outlets,daks,false,active,true
yeoju-premium-outlets,egoist,false,active,true
yeoju-premium-outlets,froops,false,active,true
yeoju-premium-outlets,hazzys,false,active,true
yeoju-premium-outlets,izzat-baba-izzat-collection,false,active,true
yeoju-premium-outlets,jigott,false,active,true
yeoju-premium-outlets,juun-j-woman,false,active,true
yeoju-premium-outlets,lucky-chouette,false,active,true
yeoju-premium-outlets,lacoste,false,active,true
yeoju-premium-outlets,le17septembre,false,active,false
yeoju-premium-outlets,michaa,false,active,true
yeoju-premium-outlets,mojo-s-phine,false,active,true
yeoju-premium-outlets,marithe-francois-girbaud,false,active,true
yeoju-premium-outlets,polo-ralph-lauren,false,active,true
yeoju-premium-outlets,recto,false,active,true
yeoju-premium-outlets,satur,false,active,true
yeoju-premium-outlets,sjsj,false,active,true
yeoju-premium-outlets,studio-tomboy,false,active,true
yeoju-premium-outlets,system,false,active,true
yeoju-premium-outlets,tommy-hilfiger,false,active,true
yeoju-premium-outlets,thursday-island,false,active,true
yeoju-premium-outlets,vov,false,active,true
yeoju-premium-outlets,zooc,false,active,true
yeoju-premium-outlets,allegri,false,active,true
yeoju-premium-outlets,cambridge-members,false,active,true
yeoju-premium-outlets,customellow,false,active,true
yeoju-premium-outlets,galaxy,false,active,true
yeoju-premium-outlets,henry-cottons,false,active,true
yeoju-premium-outlets,pottery,false,active,false
yeoju-premium-outlets,series,false,active,true
yeoju-premium-outlets,solid-homme,false,active,true
yeoju-premium-outlets,songzio-homme,false,active,true
yeoju-premium-outlets,system-homme,false,active,true
yeoju-premium-outlets,sieg,false,active,true
yeoju-premium-outlets,calvin-klein,false,active,true
yeoju-premium-outlets,giordano,false,active,true
yeoju-premium-outlets,guess,false,active,true
yeoju-premium-outlets,levis,false,active,true
yeoju-premium-outlets,lifework,false,active,true
yeoju-premium-outlets,onitsuka-tiger,false,active,true
yeoju-premium-outlets,camper,false,active,true
yeoju-premium-outlets,couronne,false,active,true
yeoju-premium-outlets,crocs,false,active,true
yeoju-premium-outlets,ecco,false,active,true
yeoju-premium-outlets,helen-kaminski,false,active,true
yeoju-premium-outlets,heritage-kumkang,false,active,true
yeoju-premium-outlets,joy-gryson,false,active,true
yeoju-premium-outlets,louis-quatorze,false,active,true
yeoju-premium-outlets,mandarina-duck,false,active,true
yeoju-premium-outlets,misope,false,active,true
yeoju-premium-outlets,rockport,false,active,true
yeoju-premium-outlets,samsonite,false,active,true
yeoju-premium-outlets,suecomma-bonnie,false,active,true
yeoju-premium-outlets,tandy,false,active,true
yeoju-premium-outlets,ugg,false,active,true
yeoju-premium-outlets,vans,false,active,true
yeoju-premium-outlets,vunque,false,active,true
yeoju-premium-outlets,a-p-c-golf,false,active,true
yeoju-premium-outlets,anewgolf,false,active,true
yeoju-premium-outlets,adidas,false,active,true
yeoju-premium-outlets,amazingcre,false,active,true
yeoju-premium-outlets,black-yak,false,active,true
yeoju-premium-outlets,boss-golf,false,active,true
yeoju-premium-outlets,chervo,false,active,true
yeoju-premium-outlets,columbia,false,active,true
yeoju-premium-outlets,callaway-golf,false,active,true
yeoju-premium-outlets,challenger,false,active,false
yeoju-premium-outlets,descente,false,active,true
yeoju-premium-outlets,descente-golf,false,active,true
yeoju-premium-outlets,discovery,false,active,true
yeoju-premium-outlets,dunlop,false,active,true
yeoju-premium-outlets,dynafit,false,active,true
yeoju-premium-outlets,eider,false,active,true
yeoju-premium-outlets,g-fore,false,active,true
yeoju-premium-outlets,helinox,false,active,false
yeoju-premium-outlets,hoka,false,active,true
yeoju-premium-outlets,j-lindeberg,false,active,true
yeoju-premium-outlets,k2,false,active,true
yeoju-premium-outlets,kolon-sport,false,active,true
yeoju-premium-outlets,le-coq-sportif,false,active,false
yeoju-premium-outlets,lululemon,false,active,true
yeoju-premium-outlets,lanvin-blanc,false,active,true
yeoju-premium-outlets,malbon-golf,false,active,true
yeoju-premium-outlets,mark-and-lona,false,active,true
yeoju-premium-outlets,mlb-korea,false,active,true
yeoju-premium-outlets,master-bunny-edition,false,active,true
yeoju-premium-outlets,new-balance,false,active,false
yeoju-premium-outlets,new-era,false,active,true
yeoju-premium-outlets,nike-factory-store,false,active,true
yeoju-premium-outlets,nike-golf,false,active,true
yeoju-premium-outlets,national-geographic-apparel,false,active,true
yeoju-premium-outlets,off-out,false,active,true
yeoju-premium-outlets,patagonia,false,active,true
yeoju-premium-outlets,pxg,false,active,true
yeoju-premium-outlets,pearly-gates,false,active,true
yeoju-premium-outlets,salomon,false,active,true
yeoju-premium-outlets,southcape,false,active,true
yeoju-premium-outlets,st-andrews,false,active,true
yeoju-premium-outlets,snow-peak,false,active,true
yeoju-premium-outlets,the-north-face,false,active,true
yeoju-premium-outlets,titleist,false,active,true
yeoju-premium-outlets,umbro,false,active,true
yeoju-premium-outlets,under-armour,false,active,true
yeoju-premium-outlets,waac,false,active,true
yeoju-premium-outlets,barbara-vivien,false,active,true
yeoju-premium-outlets,babara,false,active,true
yeoju-premium-outlets,foot-joy,false,active,true
yeoju-premium-outlets,golden-dew,false,active,true
yeoju-premium-outlets,hunter,false,active,true
yeoju-premium-outlets,l-occitane,false,active,true
yeoju-premium-outlets,ray-ban,false,active,true
yeoju-premium-outlets,roseedor,false,active,true
yeoju-premium-outlets,s-i-beauty-club,false,active,true
yeoju-premium-outlets,swarovski,false,active,true
yeoju-premium-outlets,soda,false,active,true
yeoju-premium-outlets,the-cosmetics-club,false,active,true
yeoju-premium-outlets,the-cosmetics-company-store,false,active,true
yeoju-premium-outlets,triumph-elle,false,active,true
yeoju-premium-outlets,venus-wacoal,false,active,true
yeoju-premium-outlets,bonpoint,false,active,true
yeoju-premium-outlets,burberry-children,false,active,true
yeoju-premium-outlets,happyland-house,false,active,false
yeoju-premium-outlets,haribo,false,active,false
yeoju-premium-outlets,kangol-kids,false,active,true
yeoju-premium-outlets,kenzo-kids,false,active,true
yeoju-premium-outlets,lego,false,active,true
yeoju-premium-outlets,lee-kids,false,active,false
yeoju-premium-outlets,little-ground,false,active,true
yeoju-premium-outlets,magic-edition,false,active,true
yeoju-premium-outlets,marithe-kids,false,active,true
yeoju-premium-outlets,national-geographic-kids,false,active,true
yeoju-premium-outlets,nba-kids,false,active,false
yeoju-premium-outlets,nepa-kids,false,active,false
yeoju-premium-outlets,new-balance-kids,false,active,false
yeoju-premium-outlets,nike-kids-value-store,false,active,true
yeoju-premium-outlets,off-label,false,active,true
yeoju-premium-outlets,toebox,false,active,false
yeoju-premium-outlets,top10-kids,false,active,false
yeoju-premium-outlets,bang-and-olufsen-bowers-and-wilkins,false,active,false
yeoju-premium-outlets,jaju,false,active,true
yeoju-premium-outlets,wine-and-more,false,active,true
yeoju-premium-outlets,art-centum,false,active,false
yeoju-premium-outlets,fannie,false,active,false
yeoju-premium-outlets,five-guys,false,active,false
yeoju-premium-outlets,hansung-pop-up,false,active,false
yeoju-premium-outlets,hwasoon,false,active,false
yeoju-premium-outlets,igane-topokki,false,active,false
yeoju-premium-outlets,jackson,false,active,false
yeoju-premium-outlets,jung-kwan-jang,false,active,false
yeoju-premium-outlets,kary-market,false,active,false
yeoju-premium-outlets,onsen,false,active,false
yeoju-premium-outlets,palseonsaeng,false,active,false
yeoju-premium-outlets,pizzeria-o,false,active,false
yeoju-premium-outlets,shinsegae-outlet,false,active,false
yeoju-premium-outlets,taco-bell,false,active,false
yeoju-premium-outlets,twitzel,false,active,false
yeoju-premium-outlets,yeoju-ceramics,false,active,false
yeoju-premium-outlets,yeoju-market-place,false,active,false
yeoju-premium-outlets,ililhyang,false,active,false
paju-premium-outlets,10corso-como-magazzini,false,active,true
paju-premium-outlets,8-seconds,false,active,true
paju-premium-outlets,a-p-c,false,active,true
paju-premium-outlets,a-p-c-golf,false,active,true
paju-premium-outlets,abc-mart,false,active,true
paju-premium-outlets,adidas,false,active,true
paju-premium-outlets,agabang-flex,false,active,
paju-premium-outlets,allegri,false,active,true
paju-premium-outlets,allsaints,false,active,true
paju-premium-outlets,amazingcre,false,active,true
paju-premium-outlets,and-z-by-zio-zia,false,active,
paju-premium-outlets,andar,false,active,true
paju-premium-outlets,andersson-bell,false,active,
paju-premium-outlets,anewgolf,false,active,true
paju-premium-outlets,arcteryx,false,active,true
paju-premium-outlets,arena,false,active,
paju-premium-outlets,armani,false,active,true
paju-premium-outlets,aspesi,false,active,true
paju-premium-outlets,babara,false,active,true
paju-premium-outlets,barbara-vivien,false,active,true
paju-premium-outlets,barrel,false,active,
paju-premium-outlets,bcbgmaxazria,false,active,
paju-premium-outlets,beaker,false,active,true
paju-premium-outlets,beanpole,false,active,true
paju-premium-outlets,bebe-de-pino,false,active,
paju-premium-outlets,benebene,false,active,
paju-premium-outlets,benetton,false,active,true
paju-premium-outlets,benetton-kids,false,active,true
paju-premium-outlets,black-yak,false,active,true
paju-premium-outlets,boldest,false,active,
paju-premium-outlets,botticelli,false,active,true
paju-premium-outlets,brooks-brothers,false,active,true
paju-premium-outlets,c-p-company-coevo,false,active,true
paju-premium-outlets,callaway-golf,false,active,
paju-premium-outlets,calvin-klein,false,active,true
paju-premium-outlets,casamia,false,active,
paju-premium-outlets,champion-kids-cafe,false,active,
paju-premium-outlets,city-breeze,false,active,
paju-premium-outlets,club-monaco,false,active,true
paju-premium-outlets,coach,false,active,true
paju-premium-outlets,code-graphy,false,active,
paju-premium-outlets,columbia,false,active,
paju-premium-outlets,cometa-lux,false,active,true
paju-premium-outlets,converse-by-you,false,active,
paju-premium-outlets,couronne,false,active,true
paju-premium-outlets,covernat,false,active,true
paju-premium-outlets,cozynest,false,active,
paju-premium-outlets,crocs,false,active,true
paju-premium-outlets,customellow,false,active,true
paju-premium-outlets,daks,false,active,true
paju-premium-outlets,delonghi,false,active,
paju-premium-outlets,descente,false,active,true
paju-premium-outlets,descente-golf,false,active,true
paju-premium-outlets,dewl,false,active,true
paju-premium-outlets,diadora,false,active,true
paju-premium-outlets,discovery,false,active,true
paju-premium-outlets,dkny,false,active,true
paju-premium-outlets,dr-martens,false,active,true
paju-premium-outlets,dynafit,false,active,true
paju-premium-outlets,ecco,false,active,true
paju-premium-outlets,egoist,false,active,true
paju-premium-outlets,eider,false,active,true
paju-premium-outlets,eleventy,false,active,
paju-premium-outlets,fila,false,active,true
paju-premium-outlets,foot-joy,false,active,true
paju-premium-outlets,frat,false,active,true
paju-premium-outlets,galaxy-lansmere,false,active,true
paju-premium-outlets,giordano,false,active,true
paju-premium-outlets,goldendew-roseedor,false,active,true
paju-premium-outlets,golfzone-market,false,active,
paju-premium-outlets,guess,false,active,true
paju-premium-outlets,hago,false,active,true
paju-premium-outlets,hazzys,false,active,true
paju-premium-outlets,helen-kaminski,false,active,true
paju-premium-outlets,henry-cottons,false,active,true
paju-premium-outlets,heritage-kumkang,false,active,
paju-premium-outlets,herno,false,active,true
paju-premium-outlets,hour-passion,false,active,true
paju-premium-outlets,hugo-boss,false,active,true
paju-premium-outlets,hunter,false,active,
paju-premium-outlets,ilail,false,active,
paju-premium-outlets,iro,false,active,true
paju-premium-outlets,isabel-marant,false,active,true
paju-premium-outlets,it-michaa,false,active,
paju-premium-outlets,izzat-baba-izzat-collection,false,active,
paju-premium-outlets,j-lindeberg,false,active,true
paju-premium-outlets,jaju,false,active,true
paju-premium-outlets,jigott,false,active,true
paju-premium-outlets,jill-stuart,false,active,true
paju-premium-outlets,jill-stuart-new-york,false,active,true
paju-premium-outlets,joy-gryson,false,active,
paju-premium-outlets,junn-j,false,active,true
paju-premium-outlets,k2,false,active,true
paju-premium-outlets,kangol-kids,false,active,true
paju-premium-outlets,kodak-apparel,false,active,true
paju-premium-outlets,kolon-sport,false,active,true
paju-premium-outlets,kuho,false,active,true
paju-premium-outlets,lacoste,false,active,true
paju-premium-outlets,lanvin-collection,false,active,true
paju-premium-outlets,lap,false,active,true
paju-premium-outlets,laura-ashley,false,active,
paju-premium-outlets,le-coq-sportif,false,active,true
paju-premium-outlets,le-creuset,false,active,true
paju-premium-outlets,lebeige,false,active,true
paju-premium-outlets,lego,false,active,true
paju-premium-outlets,levis,false,active,true
paju-premium-outlets,lf-acc-multi,false,active,true
paju-premium-outlets,lifework,false,active,true
paju-premium-outlets,little-ground,false,active,true
paju-premium-outlets,loeuvre,false,active,
paju-premium-outlets,look-optics,false,active,
paju-premium-outlets,louis-quatorze,false,active,true
paju-premium-outlets,lucky-chouette-atelier,false,active,true
paju-premium-outlets,luxottica,false,active,
paju-premium-outlets,lynn,false,active,true
paju-premium-outlets,magicedition-by-room-seven,false,active,
paju-premium-outlets,maje,false,active,true
paju-premium-outlets,malbon-golf,false,active,true
paju-premium-outlets,mandarina-duck,false,active,true
paju-premium-outlets,marithe-francois-girbaud,false,active,true
paju-premium-outlets,marithe-kids,false,active,
paju-premium-outlets,mark-and-lona,false,active,true
paju-premium-outlets,master-bunny-edition,false,active,true
paju-premium-outlets,matin-kim,false,active,
paju-premium-outlets,max-mara,false,active,true
paju-premium-outlets,mcm,false,active,true
paju-premium-outlets,michaa,false,active,true
paju-premium-outlets,michael-kors,false,active,true
paju-premium-outlets,mine,false,active,true
paju-premium-outlets,misope,false,active,true
paju-premium-outlets,mlb-korea,false,active,true
paju-premium-outlets,mmlg,false,active,true
paju-premium-outlets,mojo-s-phine,false,active,true
paju-premium-outlets,musinsa-standard,false,active,
paju-premium-outlets,my-little-tiger,false,active,
paju-premium-outlets,national-geographic-apparel,false,active,true
paju-premium-outlets,nepa,false,active,true
paju-premium-outlets,nepa-kids,false,active,true
paju-premium-outlets,new-balance,false,active,true
paju-premium-outlets,new-balance-kids,false,active,true
paju-premium-outlets,new-era,false,active,true
paju-premium-outlets,nike,false,active,true
paju-premium-outlets,nike-golf,false,active,true
paju-premium-outlets,nike-kids-value-store,false,active,
paju-premium-outlets,no-brand,false,active,
paju-premium-outlets,nobis,false,active,
paju-premium-outlets,nordisk-pes,false,active,
paju-premium-outlets,o2nd,false,active,true
paju-premium-outlets,obscura,false,active,
paju-premium-outlets,obzee,false,active,true
paju-premium-outlets,off-label,false,active,true
paju-premium-outlets,oilily,false,active,
paju-premium-outlets,olive-young,false,active,
paju-premium-outlets,olzen,false,active,
paju-premium-outlets,paju-market,false,active,
paju-premium-outlets,pal-zileri,false,active,
paju-premium-outlets,patagonia,false,active,
paju-premium-outlets,paul-smith,false,active,true
paju-premium-outlets,pearly-gates,false,active,true
paju-premium-outlets,perfume-gallery-pes,false,active,
paju-premium-outlets,peserico,false,active,true
paju-premium-outlets,ping-golf,false,active,
paju-premium-outlets,plastic-island,false,active,true
paju-premium-outlets,platform-place,false,active,
paju-premium-outlets,polo-ralph-lauren,false,active,true
paju-premium-outlets,puma,false,active,true
paju-premium-outlets,pxg,false,active,true
paju-premium-outlets,raive,false,active,
paju-premium-outlets,raum,false,active,true
paju-premium-outlets,raum-men-barbour,false,active,true
paju-premium-outlets,rawrow-wwp,false,active,
paju-premium-outlets,renoma,false,active,true
paju-premium-outlets,repetto,false,active,
paju-premium-outlets,rockport,false,active,true
paju-premium-outlets,rogatis,false,active,true
paju-premium-outlets,salomon,false,active,
paju-premium-outlets,samsonite,false,active,true
paju-premium-outlets,sandro,false,active,true
paju-premium-outlets,satur,false,active,
paju-premium-outlets,second-run,false,active,true
paju-premium-outlets,series,false,active,true
paju-premium-outlets,shesmiss,false,active,true
paju-premium-outlets,shinsegae-factory-store-and-boon-the-shop,false,active,true
paju-premium-outlets,sieg,false,active,true
paju-premium-outlets,sierra-design,false,active,true
paju-premium-outlets,sisley,false,active,true
paju-premium-outlets,sjsj,false,active,true
paju-premium-outlets,skechers,false,active,true
paju-premium-outlets,slowear,false,active,true
paju-premium-outlets,snow-peak,false,active,true
paju-premium-outlets,sofraum,false,active,
paju-premium-outlets,solid-homme,false,active,true
paju-premium-outlets,songzio-homme,false,active,true
paju-premium-outlets,songzio-paris,false,active,true
paju-premium-outlets,st-andrews,false,active,true
paju-premium-outlets,st-dupont,false,active,
paju-premium-outlets,studio-tomboy,false,active,true
paju-premium-outlets,suecomma-bonnie,false,active,true
paju-premium-outlets,swarovski,false,active,true
paju-premium-outlets,system,false,active,true
paju-premium-outlets,tandy,false,active,true
paju-premium-outlets,taylormade,false,active,
paju-premium-outlets,tefal,false,active,true
paju-premium-outlets,the-cosmetics-company-store,false,active,true
paju-premium-outlets,the-north-face,false,active,true
paju-premium-outlets,theory,false,active,true
paju-premium-outlets,theory-man,false,active,true
paju-premium-outlets,thommcan,false,active,
paju-premium-outlets,thursday-island,false,active,true
paju-premium-outlets,time,false,active,true
paju-premium-outlets,time-homme,false,active,true
paju-premium-outlets,titleist,false,active,true
paju-premium-outlets,tom-greyhound,false,active,
paju-premium-outlets,tommy-hilfiger,false,active,true
paju-premium-outlets,tory-burch,false,active,true
paju-premium-outlets,triumph-elle,false,active,true
paju-premium-outlets,tumi,false,active,true
paju-premium-outlets,ugg,false,active,true
paju-premium-outlets,umbro,false,active,true
paju-premium-outlets,under-armour,false,active,true
paju-premium-outlets,vanessa-bruno,false,active,true
paju-premium-outlets,vans,false,active,true
paju-premium-outlets,venus-wacoal,false,active,true
paju-premium-outlets,villeroy-and-boch,false,active,
paju-premium-outlets,vivienne-westwood,false,active,true
paju-premium-outlets,vov,false,active,true
paju-premium-outlets,vunque,false,active,
paju-premium-outlets,waac,false,active,true
paju-premium-outlets,wacky-willy,false,active,
paju-premium-outlets,wiggle-wiggle,false,active,
paju-premium-outlets,wilson,false,active,
paju-premium-outlets,wine-and-more,false,active,
paju-premium-outlets,zadig-and-voltaire,false,active,
paju-premium-outlets,zegna,false,active,true
paju-premium-outlets,zooc,false,active,true
paju-premium-outlets,zwiling,false,active,true
busan-premium-outlets,8seconds,false,active,true
busan-premium-outlets,a-p-c,false,active,true
busan-premium-outlets,abc-mart,false,active,true
busan-premium-outlets,adidas,false,active,true
busan-premium-outlets,allegri,false,active,true
busan-premium-outlets,amazingcre,false,active,true
busan-premium-outlets,and-z,false,active,
busan-premium-outlets,anewgolf,false,active,true
busan-premium-outlets,arcteryx,false,active,true
busan-premium-outlets,armani,false,active,true
busan-premium-outlets,auntie-annes-p,false,active,
busan-premium-outlets,babara,false,active,true
busan-premium-outlets,barbara-vivien,false,active,true
busan-premium-outlets,barbour,false,active,true
busan-premium-outlets,bbc-earth,false,active,
busan-premium-outlets,beaker,false,active,true
busan-premium-outlets,beanpole,false,active,true
busan-premium-outlets,bebe-de-pino,false,active,
busan-premium-outlets,benebene,false,active,
busan-premium-outlets,benetton,false,active,true
busan-premium-outlets,benetton-kids,false,active,
busan-premium-outlets,black-yak,false,active,true
busan-premium-outlets,boldest,false,active,
busan-premium-outlets,boon-the-shop,false,active,
busan-premium-outlets,boss-golf,false,active,true
busan-premium-outlets,brompton-london,false,active,
busan-premium-outlets,brooks-brothers,false,active,true
busan-premium-outlets,brown-breath,false,active,true
busan-premium-outlets,brunello-cucinelli,false,active,true
busan-premium-outlets,c-p-company-coevo,false,active,true
busan-premium-outlets,callaway-golf,false,active,
busan-premium-outlets,calvin-klein,false,active,true
busan-premium-outlets,cambridge-members,false,active,
busan-premium-outlets,camper,false,active,true
busan-premium-outlets,casamia,false,active,
busan-premium-outlets,cc-collect,false,active,
busan-premium-outlets,challenger,false,active,
busan-premium-outlets,cleveland-golf,false,active,
busan-premium-outlets,club-monaco,false,active,true
busan-premium-outlets,coach,false,active,true
busan-premium-outlets,codegraphy,false,active,true
busan-premium-outlets,columbia,false,active,true
busan-premium-outlets,cometa-lux,false,active,true
busan-premium-outlets,converse,false,active,
busan-premium-outlets,corneliani,false,active,
busan-premium-outlets,couronne,false,active,
busan-premium-outlets,covernat,false,active,true
busan-premium-outlets,crocs,false,active,true
busan-premium-outlets,customellow,false,active,true
busan-premium-outlets,d-o-d,false,active,
busan-premium-outlets,daiso,false,active,
busan-premium-outlets,daks,false,active,true
busan-premium-outlets,daks-acc,false,active,true
busan-premium-outlets,deco,false,active,true
busan-premium-outlets,della-lana,false,active,true
busan-premium-outlets,demoo,false,active,true
busan-premium-outlets,descente,false,active,true
busan-premium-outlets,descente-golf,false,active,true
busan-premium-outlets,dewl,false,active,true
busan-premium-outlets,diadora,false,active,true
busan-premium-outlets,discovery,false,active,true
busan-premium-outlets,dkny,false,active,true
busan-premium-outlets,dunlop,false,active,true
busan-premium-outlets,dynafit,false,active,true
busan-premium-outlets,ecco,false,active,true
busan-premium-outlets,ee-place,false,active,true
busan-premium-outlets,egoist,false,active,
busan-premium-outlets,eider,false,active,true
busan-premium-outlets,emart24,false,active,
busan-premium-outlets,enfance,false,active,
busan-premium-outlets,etro,false,active,true
busan-premium-outlets,ettoi,false,active,
busan-premium-outlets,eye-avenue-pes,false,active,
busan-premium-outlets,fahren,false,active,
busan-premium-outlets,ferragamo,false,active,true
busan-premium-outlets,foot-joy,false,active,true
busan-premium-outlets,froops-korea-pes,false,active,
busan-premium-outlets,g-fore,false,active,true
busan-premium-outlets,galaxy,false,active,true
busan-premium-outlets,giordano,false,active,true
busan-premium-outlets,goal-studio-p,false,active,
busan-premium-outlets,golden-bear,false,active,
busan-premium-outlets,golden-dew,false,active,true
busan-premium-outlets,golfzone-market,false,active,
busan-premium-outlets,guess-jeans-underwear-kids,false,active,true
busan-premium-outlets,hago,false,active,
busan-premium-outlets,hazzys,false,active,true
busan-premium-outlets,helvesko-pes,false,active,
busan-premium-outlets,henry-cottons,false,active,true
busan-premium-outlets,heratige-kumkang,false,active,true
busan-premium-outlets,herno,false,active,true
busan-premium-outlets,hugo-boss,false,active,true
busan-premium-outlets,i-love-j,false,active,
busan-premium-outlets,ilail,false,active,
busan-premium-outlets,information-center,false,active,
busan-premium-outlets,iro,false,active,true
busan-premium-outlets,isabel-marant,false,active,true
busan-premium-outlets,issey-miyake-pleats-please,false,active,true
busan-premium-outlets,it-michaa,false,active,true
busan-premium-outlets,izzat-baba,false,active,
busan-premium-outlets,j-lindeberg,false,active,true
busan-premium-outlets,jaju,false,active,true
busan-premium-outlets,jigott,false,active,true
busan-premium-outlets,jill-stuart,false,active,true
busan-premium-outlets,jj-jigott,false,active,
busan-premium-outlets,jons,false,active,true
busan-premium-outlets,joy-gryson,false,active,
busan-premium-outlets,junn-j,false,active,true
busan-premium-outlets,k2,false,active,true
busan-premium-outlets,kodak,false,active,true
busan-premium-outlets,kolon-sports,false,active,true
busan-premium-outlets,kuho,false,active,true
busan-premium-outlets,lacoste,false,active,true
busan-premium-outlets,lap,false,active,true
busan-premium-outlets,le-coq-sportif,false,active,true
busan-premium-outlets,le-creuset,false,active,true
busan-premium-outlets,lebeige,false,active,true
busan-premium-outlets,lee,false,active,true
busan-premium-outlets,lego,false,active,
busan-premium-outlets,levis,false,active,true
busan-premium-outlets,lg-bestshop,false,active,
busan-premium-outlets,lifework,false,active,true
busan-premium-outlets,line,false,active,true
busan-premium-outlets,list,false,active,true
busan-premium-outlets,loeuvre,false,active,
busan-premium-outlets,look-optics-pes,false,active,
busan-premium-outlets,louis-quatorze,false,active,
busan-premium-outlets,lucky-chouette,false,active,true
busan-premium-outlets,luxottica,false,active,true
busan-premium-outlets,lynn-moe,false,active,true
busan-premium-outlets,maison-margiela,false,active,true
busan-premium-outlets,maje,false,active,true
busan-premium-outlets,malbon-golf,false,active,true
busan-premium-outlets,man-on-the-boon,false,active,
busan-premium-outlets,mandarina-duck,false,active,true
busan-premium-outlets,marithe-francois-girbaud,false,active,true
busan-premium-outlets,mark-and-lona,false,active,
busan-premium-outlets,master-bunny-edition,false,active,true
busan-premium-outlets,max-mara,false,active,true
busan-premium-outlets,metrocity,false,active,
busan-premium-outlets,michaa,false,active,true
busan-premium-outlets,michael-kors,false,active,true
busan-premium-outlets,mind-bridge,false,active,true
busan-premium-outlets,mine,false,active,true
busan-premium-outlets,mlb-korea,false,active,true
busan-premium-outlets,mmlg,false,active,true
busan-premium-outlets,moimolon,false,active,
busan-premium-outlets,mojo-s-phine,false,active,true
busan-premium-outlets,moncler,false,active,true
busan-premium-outlets,moschino,false,active,true
busan-premium-outlets,national-geographic-apparel,false,active,true
busan-premium-outlets,national-geographic-kids,false,active,
busan-premium-outlets,nepa,false,active,true
busan-premium-outlets,nepa-kids,false,active,
busan-premium-outlets,new-balance,false,active,true
busan-premium-outlets,new-balance-kids,false,active,true
busan-premium-outlets,new-era,false,active,true
busan-premium-outlets,nice-claup,false,active,
busan-premium-outlets,nike,false,active,true
busan-premium-outlets,nike-golf,false,active,true
busan-premium-outlets,nike-kids-value-store,false,active,true
busan-premium-outlets,no-brand,false,active,
busan-premium-outlets,no-manual,false,active,true
busan-premium-outlets,nordisk,false,active,true
busan-premium-outlets,o2nd,false,active,true
busan-premium-outlets,obzee,false,active,true
busan-premium-outlets,off-label,false,active,true
busan-premium-outlets,oilive-young,false,active,true
busan-premium-outlets,olzen,false,active,
busan-premium-outlets,on-and-on,false,active,true
busan-premium-outlets,openrunproject,false,active,
busan-premium-outlets,oryany,false,active,
busan-premium-outlets,pal-zileri,false,active,
busan-premium-outlets,patou,false,active,
busan-premium-outlets,paul-smith,false,active,true
busan-premium-outlets,pearly-gates,false,active,true
busan-premium-outlets,peserico,false,active,
busan-premium-outlets,philipp-plein-golf,false,active,true
busan-premium-outlets,ping-golf,false,active,true
busan-premium-outlets,plastic-island,false,active,
busan-premium-outlets,polham-kids,false,active,
busan-premium-outlets,polo-ralph-lauren,false,active,true
busan-premium-outlets,prendang,false,active,true
busan-premium-outlets,pxg,false,active,true
busan-premium-outlets,rare-factory,false,active,true
busan-premium-outlets,renoma,false,active,
busan-premium-outlets,rockport,false,active,true
busan-premium-outlets,rogatis,false,active,true
busan-premium-outlets,royal-copenhagen,false,active,true
busan-premium-outlets,s-i-village,false,active,true
busan-premium-outlets,salomon,false,active,true
busan-premium-outlets,samsonite,false,active,true
busan-premium-outlets,sandro,false,active,true
busan-premium-outlets,satur,false,active,
busan-premium-outlets,series,false,active,true
busan-premium-outlets,shinsegae-factory-store,false,active,true
busan-premium-outlets,shinsegae-l-and-b,false,active,
busan-premium-outlets,sieg,false,active,
busan-premium-outlets,sierra-design,false,active,
busan-premium-outlets,sjsj,false,active,true
busan-premium-outlets,skechers,false,active,true
busan-premium-outlets,snow-peak,false,active,true
busan-premium-outlets,soda,false,active,true
busan-premium-outlets,solid-homme,false,active,true
busan-premium-outlets,songzio-homme,false,active,true
busan-premium-outlets,spyder,false,active,true
busan-premium-outlets,st-andrews,false,active,
busan-premium-outlets,st-dupont,false,active,true
busan-premium-outlets,studio-tomboy,false,active,true
busan-premium-outlets,suecomma-bonnie,false,active,true
busan-premium-outlets,swarovski,false,active,true
busan-premium-outlets,system,false,active,
busan-premium-outlets,system-homme,false,active,true
busan-premium-outlets,tandy,false,active,true
busan-premium-outlets,taylormade,false,active,true
busan-premium-outlets,tefal,false,active,true
busan-premium-outlets,the-cosmetics-company-store,false,active,true
busan-premium-outlets,the-north-face,false,active,true
busan-premium-outlets,theilma,false,active,true
busan-premium-outlets,theory,false,active,
busan-premium-outlets,theory-men,false,active,true
busan-premium-outlets,thursday-island,false,active,true
busan-premium-outlets,time,false,active,true
busan-premium-outlets,time-homme,false,active,true
busan-premium-outlets,titleist,false,active,true
busan-premium-outlets,toebox,false,active,
busan-premium-outlets,tom-ford,false,active,true
busan-premium-outlets,tommy-hilfiger,false,active,true
busan-premium-outlets,top10-kids,false,active,
busan-premium-outlets,tumi,false,active,true
busan-premium-outlets,ugg,false,active,true
busan-premium-outlets,umbro,false,active,
busan-premium-outlets,under-armour,false,active,true
busan-premium-outlets,vanessa-bruno,false,active,true
busan-premium-outlets,vans,false,active,true
busan-premium-outlets,venus-wacoal,false,active,
busan-premium-outlets,versace,false,active,true
busan-premium-outlets,vivienne-westwood,false,active,true
busan-premium-outlets,vov,false,active,true
busan-premium-outlets,wide-angle,false,active,true
busan-premium-outlets,wilson,false,active,true
busan-premium-outlets,yale,false,active,
busan-premium-outlets,zegna,false,active,true
busan-premium-outlets,ziosongzio,false,active,true
busan-premium-outlets,zooc,false,active,true
genting-highlands-premium-outlets,aape,false,active,
genting-highlands-premium-outlets,adidas,false,active,
genting-highlands-premium-outlets,adidas-outlet-store-location-2,false,active,
genting-highlands-premium-outlets,aigner,false,active,
genting-highlands-premium-outlets,akemi-outlet,false,active,
genting-highlands-premium-outlets,anta,false,active,
genting-highlands-premium-outlets,anta-kids,false,active,
genting-highlands-premium-outlets,armani,false,active,
genting-highlands-premium-outlets,asics,false,active,
genting-highlands-premium-outlets,b-space-outlet,false,active,
genting-highlands-premium-outlets,ball-watch,false,active,
genting-highlands-premium-outlets,bally,false,active,
genting-highlands-premium-outlets,bath-and-body-works,false,active,
genting-highlands-premium-outlets,beauty-scents,false,active,
genting-highlands-premium-outlets,best-kacang-putih,false,active,
genting-highlands-premium-outlets,best-kacang-putih-location-2,false,active,
genting-highlands-premium-outlets,birkenstock-sup-sup,false,active,
genting-highlands-premium-outlets,bonia,false,active,
genting-highlands-premium-outlets,boss,false,active,
genting-highlands-premium-outlets,braun-buffel,false,active,
genting-highlands-premium-outlets,brooks-brothers,false,active,
genting-highlands-premium-outlets,burberry,false,active,
genting-highlands-premium-outlets,calvin-klein,false,active,
genting-highlands-premium-outlets,camel-active,false,active,
genting-highlands-premium-outlets,carlo-rino,false,active,
genting-highlands-premium-outlets,charles-and-keith,false,active,
genting-highlands-premium-outlets,citizen,false,active,
genting-highlands-premium-outlets,city-chain,false,active,
genting-highlands-premium-outlets,clarks,false,active,
genting-highlands-premium-outlets,coach,false,active,
genting-highlands-premium-outlets,converse,false,active,
genting-highlands-premium-outlets,cotton-on,false,active,
genting-highlands-premium-outlets,cotton-on-body,false,active,
genting-highlands-premium-outlets,cotton-on-kids,false,active,
genting-highlands-premium-outlets,crocs,false,active,
genting-highlands-premium-outlets,ferragamo,false,active,
genting-highlands-premium-outlets,fidani-chocolatier,false,active,
genting-highlands-premium-outlets,fila,false,active,
genting-highlands-premium-outlets,focus-point-outlet,false,active,
genting-highlands-premium-outlets,fossil,false,active,
genting-highlands-premium-outlets,furla,false,active,
genting-highlands-premium-outlets,g2000,false,active,
genting-highlands-premium-outlets,galeries-voir,false,active,
genting-highlands-premium-outlets,giordano,false,active,
genting-highlands-premium-outlets,godiva,false,active,
genting-highlands-premium-outlets,guess,false,active,
genting-highlands-premium-outlets,hour-passion,false,active,
genting-highlands-premium-outlets,hush-puppiestm,false,active,
genting-highlands-premium-outlets,jags-money,false,active,
genting-highlands-premium-outlets,kate-spade-new-york,false,active,
genting-highlands-premium-outlets,kenzo,false,active,
genting-highlands-premium-outlets,la-senza,false,active,
genting-highlands-premium-outlets,lacoste,false,active,
genting-highlands-premium-outlets,le-sportsac,false,active,
genting-highlands-premium-outlets,lee-sup-sup,false,active,
genting-highlands-premium-outlets,levis-sup-sup-outlet-store,false,active,
genting-highlands-premium-outlets,longchamp,false,active,
genting-highlands-premium-outlets,marc-jacobs,false,active,
genting-highlands-premium-outlets,max-mara,false,active,
genting-highlands-premium-outlets,melium-designer-outlet,false,active,
genting-highlands-premium-outlets,michael-kors,false,active,
genting-highlands-premium-outlets,montigo,false,active,
genting-highlands-premium-outlets,mynews,false,active,
genting-highlands-premium-outlets,new-balance,false,active,
genting-highlands-premium-outlets,nike,false,active,
genting-highlands-premium-outlets,obermain,false,active,
genting-highlands-premium-outlets,onitsuka-tiger,false,active,
genting-highlands-premium-outlets,pedro-outlet,false,active,
genting-highlands-premium-outlets,point-convenience-store,false,active,
genting-highlands-premium-outlets,polo-ralph-lauren,false,active,
genting-highlands-premium-outlets,polo-ralph-lauren-children,false,active,
genting-highlands-premium-outlets,poney-outlet,false,active,
genting-highlands-premium-outlets,puma,false,active,
genting-highlands-premium-outlets,renoma,false,active,
genting-highlands-premium-outlets,rip-curl,false,active,
genting-highlands-premium-outlets,sacoor-blue,false,active,
genting-highlands-premium-outlets,sacoor-outlet,false,active,
genting-highlands-premium-outlets,samsonite,false,active,
genting-highlands-premium-outlets,santa-barbara-polo-and-racquet-club,false,active,
genting-highlands-premium-outlets,sasa-outlet,false,active,
genting-highlands-premium-outlets,skechers,false,active,
genting-highlands-premium-outlets,soda,false,active,
genting-highlands-premium-outlets,stryv,false,active,
genting-highlands-premium-outlets,sunglass-hut,false,active,
genting-highlands-premium-outlets,superdry,false,active,
genting-highlands-premium-outlets,swarovski,false,active,
genting-highlands-premium-outlets,swatch,false,active,
genting-highlands-premium-outlets,tefal,false,active,
genting-highlands-premium-outlets,the-cosmetics-company-store,false,active,
genting-highlands-premium-outlets,timberland,false,active,
genting-highlands-premium-outlets,tomei,false,active,
genting-highlands-premium-outlets,tommy-hilfiger,false,active,
genting-highlands-premium-outlets,toy-world,false,active,
genting-highlands-premium-outlets,travel-for-all,false,active,
genting-highlands-premium-outlets,triumph,false,active,
genting-highlands-premium-outlets,tumi,false,active,
genting-highlands-premium-outlets,typo,false,active,
genting-highlands-premium-outlets,under-armour,false,active,
genting-highlands-premium-outlets,universal-traveller-outlet,false,active,
genting-highlands-premium-outlets,venchi,false,active,
genting-highlands-premium-outlets,victorias-secret,false,active,
genting-highlands-premium-outlets,wacoal,false,active,
genting-highlands-premium-outlets,watch-station-international,false,active,
genting-highlands-premium-outlets,watsons,false,active,
siam-premium-outlets,life,false,active,
siam-premium-outlets,7-eleven,false,active,
siam-premium-outlets,adidas,false,active,
siam-premium-outlets,albedo,false,active,
siam-premium-outlets,aldo,false,active,
siam-premium-outlets,alphakid,false,active,
siam-premium-outlets,american-eagle,false,active,
siam-premium-outlets,american-tourister,false,active,
siam-premium-outlets,anta,false,active,
siam-premium-outlets,arrow,false,active,
siam-premium-outlets,asics,false,active,
siam-premium-outlets,balenciaga,false,active,
siam-premium-outlets,bath-and-body-works,false,active,
siam-premium-outlets,beverly-hills-polo-club,false,active,
siam-premium-outlets,body-glove,false,active,
siam-premium-outlets,boots,false,active,
siam-premium-outlets,boss,false,active,
siam-premium-outlets,bp-world,false,active,
siam-premium-outlets,brandzale,false,active,
siam-premium-outlets,elle,false,coming-soon,
siam-premium-outlets,burberry,false,active,
siam-premium-outlets,b-me-by-wacoal,false,active,
siam-premium-outlets,calvin-klein,false,active,
siam-premium-outlets,camper,false,active,
siam-premium-outlets,carnival,false,active,
siam-premium-outlets,champion,false,active,
siam-premium-outlets,coach,false,active,
siam-premium-outlets,converse,false,active,
siam-premium-outlets,crocs,false,active,
siam-premium-outlets,daks,false,active,
siam-premium-outlets,dickies,false,active,
siam-premium-outlets,dosh,false,active,
siam-premium-outlets,dr-martens,false,active,
siam-premium-outlets,diane-von-furstenberg,false,active,
siam-premium-outlets,ecco,false,active,
siam-premium-outlets,element-72,false,active,
siam-premium-outlets,emilio-pucci,false,active,
siam-premium-outlets,era-won,false,active,
siam-premium-outlets,eveandboy,false,active,
siam-premium-outlets,ferragamo,false,active,
siam-premium-outlets,fitflop,false,active,
siam-premium-outlets,frank-lunette,false,active,
siam-premium-outlets,fred-perry,false,active,
siam-premium-outlets,furla,false,active,
siam-premium-outlets,givenchy,false,active,
siam-premium-outlets,glassaholic,false,active,
siam-premium-outlets,golf-revolution,false,active,
siam-premium-outlets,gq,false,active,
siam-premium-outlets,havaianas,false,active,
siam-premium-outlets,hoka,false,active,
siam-premium-outlets,hybrid-outfitters,false,active,
siam-premium-outlets,jelly-bunny,false,active,
siam-premium-outlets,jim-thompson,false,active,
siam-premium-outlets,josilins,false,active,
siam-premium-outlets,jubilee-diamond,false,active,
siam-premium-outlets,karl-lagerfeld,false,active,
siam-premium-outlets,kate-spade-new-york,false,active,
siam-premium-outlets,kipling,false,active,
siam-premium-outlets,lacoste,false,active,
siam-premium-outlets,le-coq-sportif,false,active,
siam-premium-outlets,le-creuset,false,active,
siam-premium-outlets,levis,false,active,
siam-premium-outlets,longchamp,false,active,
siam-premium-outlets,mango,false,active,
siam-premium-outlets,marc-jacobs,false,active,
siam-premium-outlets,max-mara,false,active,
siam-premium-outlets,michael-kors,false,active,
siam-premium-outlets,mlab,false,coming-soon,
siam-premium-outlets,montblanc,false,active,
siam-premium-outlets,new-balance,false,active,
siam-premium-outlets,new-era,false,active,
siam-premium-outlets,nike,false,active,
siam-premium-outlets,o-and-b,false,active,
siam-premium-outlets,geox,false,active,
siam-premium-outlets,oakley,false,active,
siam-premium-outlets,omazz,false,active,
siam-premium-outlets,onitsuka-tiger,false,active,
siam-premium-outlets,origani,false,active,
siam-premium-outlets,outlet-by-club-21,false,active,
siam-premium-outlets,owndays,false,active,
siam-premium-outlets,pasaya,false,active,
siam-premium-outlets,polo-ralph-lauren,false,active,
siam-premium-outlets,polo-world,false,active,
siam-premium-outlets,pomelo-outlet,false,active,
siam-premium-outlets,pp-space,false,active,
siam-premium-outlets,puma,false,coming-soon,
siam-premium-outlets,rev-runnr,false,active,
siam-premium-outlets,sabina,false,active,
siam-premium-outlets,salomon,false,active,
siam-premium-outlets,samsonite,false,active,
siam-premium-outlets,santas,false,active,
siam-premium-outlets,skechers,false,active,
siam-premium-outlets,smiley,false,active,
siam-premium-outlets,sunglass-hut,false,active,
siam-premium-outlets,swarovski,false,active,
siam-premium-outlets,swiss-watch,false,active,
siam-premium-outlets,takeo-kikuchi,false,active,
siam-premium-outlets,teva,false,active,
siam-premium-outlets,the-cosmetics-company-store,false,active,
siam-premium-outlets,the-north-face,false,active,
siam-premium-outlets,timberland,false,active,
siam-premium-outlets,tommy-hilfiger,false,active,
siam-premium-outlets,tory-burch,false,active,
siam-premium-outlets,tumi,false,active,
siam-premium-outlets,under-armour,false,active,
siam-premium-outlets,vans,false,active,
siam-premium-outlets,versace,false,active,
siam-premium-outlets,wacoal,false,active,
siam-premium-outlets,warrix,false,active,
siam-premium-outlets,watsons,false,active,
siam-premium-outlets,yaccomaricard,false,active,
siam-premium-outlets,bsc-lingerie,false,inactive,
siam-premium-outlets,o-b-outlet-store-geox,false,inactive,
siam-premium-outlets,the-travel-store,false,inactive,
