restaurantId,outletId,restaurantName,category,priceLevel,website,status,displayOrder,images
citygate-outlets-olea,citygate-outlets,Olea,Food & Beverages,,https://www.citygateoutlets.com.hk/en/dine/olea_updated,active,35,
citygate-outlets-a-cheng-goose,citygate-outlets,A Cheng Goose,Food & Beverages,,https://www.citygateoutlets.com.hk/en/dine/a-cheng-goose-200556,active,2,
citygate-outlets-andante,citygate-outlets,Andante,Food & Beverages,,https://www.citygateoutlets.com.hk/en/dine/andante,active,3,
citygate-outlets-bakehouse,citygate-outlets,Bakehouse,Food & Beverages,,https://www.citygateoutlets.com.hk/en/dine/bakehouse-200497,active,4,
citygate-outlets-blue-bottle-coffee,citygate-outlets,Blue Bottle Coffee,Cafe,,https://www.citygateoutlets.com.hk/en/dine/blue-bottle-coffee-200521,active,5,
citygate-outlets-canton-house,citygate-outlets,Canton House,Food & Beverages,,https://www.citygateoutlets.com.hk/en/dine/canton-house-200559,active,6,
citygate-outlets-chateraise,citygate-outlets,Châteraisé,Food & Beverages,,https://www.citygateoutlets.com.hk/en/dine/chateraise,active,7,
citygate-outlets-chef-hung-taiwanese-beef-noodle,citygate-outlets,Chef Hung Taiwanese Beef Noodle,Food & Beverages,,https://www.citygateoutlets.com.hk/en/dine/chef-hung-taiwanese-beef-noodle,active,8,
citygate-outlets-chun-shui-tang-culture-tea-house,citygate-outlets,Chun Shui Tang Culture Tea House,Food & Beverages,,https://www.citygateoutlets.com.hk/en/dine/chun-shui-tang,active,9,
citygate-outlets-cinnabon,citygate-outlets,Cinnabon,Food & Beverages,,https://www.citygateoutlets.com.hk/en/dine/cinnabon,active,10,
citygate-outlets-cupping-room-coffee-roasters,citygate-outlets,Cupping Room Coffee Roasters,Cafe,,https://www.citygateoutlets.com.hk/en/dine/cupping-room-200161,active,11,
citygate-outlets-dab-pa-modern-chinese-cuisine,citygate-outlets,Dab-pa Modern Chinese Cuisine,Food & Beverages,,https://www.citygateoutlets.com.hk/en/dine/dak-pa-peking--szechuan-cusine,active,12,
citygate-outlets-essence,citygate-outlets,Essence,Food & Beverages,,https://www.citygateoutlets.com.hk/en/dine/essence-novotel,active,13,
citygate-outlets-firebird,citygate-outlets,FireBird,Food & Beverages,,https://www.citygateoutlets.com.hk/en/dine/firebird-tsujihan-200289,active,14,
citygate-outlets-food-republic,citygate-outlets,Food Republic,Food & Beverages,,https://www.citygateoutlets.com.hk/en/dine/food-republic-200637,active,15,
citygate-outlets-fresh,citygate-outlets,Fresh,Food & Beverages,,https://www.citygateoutlets.com.hk/en/dine/fresh,active,16,
citygate-outlets-genki-sushi,citygate-outlets,Genki Sushi,Food & Beverages,,https://www.citygateoutlets.com.hk/en/dine/genkisushi,active,17,
citygate-outlets-golden-dragon,citygate-outlets,Golden Dragon,Food & Beverages,,https://www.citygateoutlets.com.hk/en/dine/golden-gragon-200564,active,18,
citygate-outlets-goobne-chicken,citygate-outlets,Goobne Chicken,Food & Beverages,,https://www.citygateoutlets.com.hk/en/dine/goobne-chicken,active,19,
citygate-outlets-gyu-kaku-j,citygate-outlets,Gyu-Kaku J,Food & Beverages,,https://www.citygateoutlets.com.hk/en/dine/gyu-kaku-200535,active,20,
citygate-outlets-hana-musubi,citygate-outlets,hana-musubi,Food & Beverages,,https://www.citygateoutlets.com.hk/en/dine/hana-musubi,active,21,
citygate-outlets-hannosuke,citygate-outlets,HANNOSUKE,Food & Beverages,,https://www.citygateoutlets.com.hk/en/dine/hannosuke,active,22,
citygate-outlets-jasmine,citygate-outlets,Jasmine,Food & Beverages,,https://www.citygateoutlets.com.hk/en/dine/jasmine,active,23,
citygate-outlets-kee-wah-bakery,citygate-outlets,Kee Wah Bakery,Food & Beverages,,https://www.citygateoutlets.com.hk/en/dine/kee-wah-bakery,active,24,
citygate-outlets-law-mark-kee,citygate-outlets,LAW MARK KEE,Food & Beverages,,https://www.citygateoutlets.com.hk/en/dine/law-mark-kee,active,25,
citygate-outlets-lian,citygate-outlets,LIAN,Food & Beverages,,https://www.citygateoutlets.com.hk/en/dine/lian,active,26,
citygate-outlets-luscious-yunnan-rice-noodles,citygate-outlets,Luscious Yunnan Rice Noodles,Food & Beverages,,https://www.citygateoutlets.com.hk/en/dine/luscious-yunnan-rice-noodles,active,27,
citygate-outlets-mcdonald-s-and-mccafe,citygate-outlets,McDonald's & McCafé,Cafe,,https://www.citygateoutlets.com.hk/en/dine/mcdonalds-restaurant-and-mccafe,active,28,
citygate-outlets-meet-fresh,citygate-outlets,Meet Fresh,Food & Beverages,,https://www.citygateoutlets.com.hk/en/dine/meet-fresh-200346,active,29,
citygate-outlets-mister-donut,citygate-outlets,Mister Donut,Food & Beverages,,https://www.citygateoutlets.com.hk/en/dine/mister-donut-200602,active,30,
citygate-outlets-moccato,citygate-outlets,Moccato,Food & Beverages,,https://www.citygateoutlets.com.hk/en/dine/moccato,active,31,
citygate-outlets-moon-lok-chiu-chow,citygate-outlets,Moon Lok Chiu Chow,Food & Beverages,,https://www.citygateoutlets.com.hk/en/dine/moon-lok-chiu-chow2,active,32,
citygate-outlets-nabe-urawa,citygate-outlets,Nabe Urawa,Food & Beverages,,https://www.citygateoutlets.com.hk/en/dine/nabe-urawa,active,33,
citygate-outlets-nha-trang-vietnamese-cuisine,citygate-outlets,Nha Trang Vietnamese Cuisine,Food & Beverages,,https://www.citygateoutlets.com.hk/en/dine/nha-trang,active,34,
citygate-outlets-oolaa,citygate-outlets,Oolaa,Food & Beverages,,https://www.citygateoutlets.com.hk/en/dine/oolaa-tung-chung,active,35,
citygate-outlets-oreryu-shio-ramen,citygate-outlets,Oreryu Shio Ramen,Food & Beverages,,https://www.citygateoutlets.com.hk/en/dine/oreryu-shio-ramen,active,36,
citygate-outlets-outback-steakhouse,citygate-outlets,Outback Steakhouse,Food & Beverages,,https://www.citygateoutlets.com.hk/en/dine/outback-steakhouse,active,37,
citygate-outlets-paradise-dynasty,citygate-outlets,Paradise Dynasty,Food & Beverages,,https://www.citygateoutlets.com.hk/en/dine/paradise-dynasty,inactive,38,
citygate-outlets-pho-le,citygate-outlets,Pho Le,Food & Beverages,,https://www.citygateoutlets.com.hk/en/dine/pho-le-200197,active,39,
citygate-outlets-pizzaexpress,citygate-outlets,PizzaExpress,Food & Beverages,,https://www.citygateoutlets.com.hk/en/dine/pizza-express,active,40,
citygate-outlets-pret-a-manger,citygate-outlets,Pret A Manger,Food & Beverages,,https://www.citygateoutlets.com.hk/en/dine/pret-a-manger,active,41,
citygate-outlets-que,citygate-outlets,QUE,Food & Beverages,,https://www.citygateoutlets.com.hk/en/dine/que,active,42,
citygate-outlets-shabu-days-by-mou-mou-club,citygate-outlets,Shabu Days by Mou Mou Club,Food & Beverages,,https://www.citygateoutlets.com.hk/en/dine/shabu-days-by-mou-mou-club-200538,active,43,
citygate-outlets-shake-shack,citygate-outlets,Shake Shack,Food & Beverages,,https://www.citygateoutlets.com.hk/en/dine/shake-shack,active,44,
citygate-outlets-shokudo-wara,citygate-outlets,Shokudo Wara,Food & Beverages,,https://www.citygateoutlets.com.hk/en/dine/shokudo-wara-200560,active,45,
citygate-outlets-silk,citygate-outlets,Silk.,Food & Beverages,,https://www.citygateoutlets.com.hk/en/dine/silk-200639,active,46,
citygate-outlets-starbucks-reservetm,citygate-outlets,Starbucks Reserve™,Cafe,,https://www.citygateoutlets.com.hk/en/dine/starbucks-reserve,active,47,
citygate-outlets-teawood-taiwanese-cafe-and-restaurant,citygate-outlets,TeaWood Taiwanese Cafe & Restaurant,Cafe,,https://www.citygateoutlets.com.hk/en/dine/teawood,active,48,
citygate-outlets-tenren-s-tea,citygate-outlets,TenRen's Tea,Food & Beverages,,https://www.citygateoutlets.com.hk/en/dine/tenren-tea,active,49,
citygate-outlets-the-enclave,citygate-outlets,The Enclave,Food & Beverages,,https://www.citygateoutlets.com.hk/en/dine/the-enclave,active,50,
citygate-outlets-the-pavilion,citygate-outlets,The Pavilion,Food & Beverages,,https://www.citygateoutlets.com.hk/en/dine/the-pavilion,active,51,
citygate-outlets-tsujihan,citygate-outlets,TSUJIHAN,Food & Beverages,,https://www.citygateoutlets.com.hk/en/dine/tsujihan-200293,active,52,
citygate-outlets-venchi,citygate-outlets,Venchi,Food & Beverages,,https://www.citygateoutlets.com.hk/en/dine/venchi,active,53,
citygate-outlets-watson-s-wine,citygate-outlets,Watson's Wine,Food & Beverages,,https://www.citygateoutlets.com.hk/en/dine/watsons-wine-cellar,active,54,
citygate-outlets-xihe-ya-yuan,citygate-outlets,XIHE YA YUAN,Food & Beverages,,https://www.citygateoutlets.com.hk/en/dine/xihe-ya-yuan,active,55,
mitsui-outlet-park-linkou-00540,mitsui-outlet-park-linkou,Kura Sushi,Food & Beverages,,https://www.mitsui-shopping-park.com.tw/mop/linkou/en/shopguide.html,active,1,
mitsui-outlet-park-linkou-70190,mitsui-outlet-park-linkou,Meet Fresh,Food & Beverages,,https://www.mitsui-shopping-park.com.tw/mop/linkou/en/shopguide.html,active,2,
mitsui-outlet-park-linkou-00111,mitsui-outlet-park-linkou,Donq,Food & Beverages,,https://www.mitsui-shopping-park.com.tw/mop/linkou/en/shopguide.html,active,3,
mitsui-outlet-park-linkou-70390,mitsui-outlet-park-linkou,The Secret Cake,Food & Beverages,,https://www.mitsui-shopping-park.com.tw/mop/linkou/en/shopguide.html,active,4,
mitsui-outlet-park-linkou-10120,mitsui-outlet-park-linkou,春水堂,Food & Beverages,,https://www.mitsui-shopping-park.com.tw/mop/linkou/en/shopguide.html,active,5,
mitsui-outlet-park-linkou-10241,mitsui-outlet-park-linkou,Starbucks,Cafe,,https://www.mitsui-shopping-park.com.tw/mop/linkou/en/shopguide.html,active,6,
mitsui-outlet-park-linkou-11180,mitsui-outlet-park-linkou,Godiva,Food & Beverages,,https://www.mitsui-shopping-park.com.tw/mop/linkou/en/shopguide.html,active,7,
mitsui-outlet-park-linkou-11360,mitsui-outlet-park-linkou,Paul,Food & Beverages,,https://www.mitsui-shopping-park.com.tw/mop/linkou/en/shopguide.html,active,8,
mitsui-outlet-park-linkou-20100,mitsui-outlet-park-linkou,Shin Yeh Cusine,Food & Beverages,,https://www.mitsui-shopping-park.com.tw/mop/linkou/en/shopguide.html,active,9,
mitsui-outlet-park-linkou-20110,mitsui-outlet-park-linkou,Dian Shui Luo,Food & Beverages,,https://www.mitsui-shopping-park.com.tw/mop/linkou/en/shopguide.html,active,10,
mitsui-outlet-park-linkou-20140,mitsui-outlet-park-linkou,靜岡勝政日式豬排,Food & Beverages,,https://www.mitsui-shopping-park.com.tw/mop/linkou/en/shopguide.html,active,11,
mitsui-outlet-park-linkou-20150,mitsui-outlet-park-linkou,CoCo壱番屋,Food & Beverages,,https://www.mitsui-shopping-park.com.tw/mop/linkou/en/shopguide.html,active,12,
mitsui-outlet-park-linkou-20160,mitsui-outlet-park-linkou,Kanpai,Food & Beverages,,https://www.mitsui-shopping-park.com.tw/mop/linkou/en/shopguide.html,active,13,
mitsui-outlet-park-linkou-20180,mitsui-outlet-park-linkou,Tonchin Ramen,Food & Beverages,,https://www.mitsui-shopping-park.com.tw/mop/linkou/en/shopguide.html,active,14,
mitsui-outlet-park-linkou-20210,mitsui-outlet-park-linkou,Turuhashifugetsu,Food & Beverages,,https://www.mitsui-shopping-park.com.tw/mop/linkou/en/shopguide.html,active,15,
mitsui-outlet-park-linkou-20410,mitsui-outlet-park-linkou,四川吳抄手,Food & Beverages,,https://www.mitsui-shopping-park.com.tw/mop/linkou/en/shopguide.html,active,16,
mitsui-outlet-park-linkou-20430,mitsui-outlet-park-linkou,Grazie,Food & Beverages,,https://www.mitsui-shopping-park.com.tw/mop/linkou/en/shopguide.html,active,17,
mitsui-outlet-park-linkou-20454,mitsui-outlet-park-linkou,bibimbap & korea BBQ ビビﾑ,Food & Beverages,,https://www.mitsui-shopping-park.com.tw/mop/linkou/en/shopguide.html,active,18,
mitsui-outlet-park-linkou-20457,mitsui-outlet-park-linkou,Chang Kee's Hainan Chi-fan,Food & Beverages,,https://www.mitsui-shopping-park.com.tw/mop/linkou/en/shopguide.html,active,19,
mitsui-outlet-park-linkou-20459,mitsui-outlet-park-linkou,金子半之助,Food & Beverages,,https://www.mitsui-shopping-park.com.tw/mop/linkou/en/shopguide.html,active,20,
mitsui-outlet-park-linkou-20462,mitsui-outlet-park-linkou,宮武讃岐烏龍麵,Food & Beverages,,https://www.mitsui-shopping-park.com.tw/mop/linkou/en/shopguide.html,active,21,
mitsui-outlet-park-linkou-21260,mitsui-outlet-park-linkou,Kua `Aina,Food & Beverages,,https://www.mitsui-shopping-park.com.tw/mop/linkou/en/shopguide.html,active,22,
mitsui-outlet-park-linkou-21270,mitsui-outlet-park-linkou,Japoli,Food & Beverages,,https://www.mitsui-shopping-park.com.tw/mop/linkou/en/shopguide.html,active,23,
mitsui-outlet-park-linkou-21280,mitsui-outlet-park-linkou,J.S. FOODIES TOKYO,Food & Beverages,,https://www.mitsui-shopping-park.com.tw/mop/linkou/en/shopguide.html,active,24,
mitsui-outlet-park-linkou-20464,mitsui-outlet-park-linkou,31冰淇淋,Food & Beverages,,https://www.mitsui-shopping-park.com.tw/mop/linkou/en/shopguide.html,active,25,
mitsui-outlet-park-linkou-70120,mitsui-outlet-park-linkou,翰林茶棧,Food & Beverages,,https://www.mitsui-shopping-park.com.tw/mop/linkou/en/shopguide.html,active,26,
mitsui-outlet-park-linkou-70370,mitsui-outlet-park-linkou,Häagen-Dazs 哈根達斯,Food & Beverages,,https://www.mitsui-shopping-park.com.tw/mop/linkou/en/shopguide.html,active,27,
mitsui-outlet-park-linkou-70360,mitsui-outlet-park-linkou,beard papa’s,Food & Beverages,,https://www.mitsui-shopping-park.com.tw/mop/linkou/en/shopguide.html,active,28,
mitsui-outlet-park-linkou-00118,mitsui-outlet-park-linkou,炸牛 元村,Food & Beverages,,https://www.mitsui-shopping-park.com.tw/mop/linkou/en/shopguide.html,active,29,
mitsui-outlet-park-linkou-20465,mitsui-outlet-park-linkou,于記杏仁,Food & Beverages,,https://www.mitsui-shopping-park.com.tw/mop/linkou/en/shopguide.html,active,30,
mitsui-outlet-park-linkou-20460,mitsui-outlet-park-linkou,飛機河粉,Food & Beverages,,https://www.mitsui-shopping-park.com.tw/mop/linkou/en/shopguide.html,active,31,
mitsui-outlet-park-linkou-20200,mitsui-outlet-park-linkou,點點心,Food & Beverages,,https://www.mitsui-shopping-park.com.tw/mop/linkou/en/shopguide.html,active,32,
mitsui-outlet-park-linkou-20090,mitsui-outlet-park-linkou,但馬屋,Food & Beverages,,https://www.mitsui-shopping-park.com.tw/mop/linkou/en/shopguide.html,active,33,
mitsui-outlet-park-linkou-20240,mitsui-outlet-park-linkou,韓國一隻雞,Food & Beverages,,https://www.mitsui-shopping-park.com.tw/mop/linkou/en/shopguide.html,active,34,
mitsui-outlet-park-linkou-20458,mitsui-outlet-park-linkou,牛品牛排專門店,Food & Beverages,,https://www.mitsui-shopping-park.com.tw/mop/linkou/en/shopguide.html,active,35,
mitsui-outlet-park-linkou-20456,mitsui-outlet-park-linkou,太陽蕃茄拉麵,Food & Beverages,,https://www.mitsui-shopping-park.com.tw/mop/linkou/en/shopguide.html,active,36,
mitsui-outlet-park-linkou-20453,mitsui-outlet-park-linkou,一風堂,Food & Beverages,,https://www.mitsui-shopping-park.com.tw/mop/linkou/en/shopguide.html,active,37,
mitsui-outlet-park-linkou-20466,mitsui-outlet-park-linkou,粟米肉粒,Food & Beverages,,https://www.mitsui-shopping-park.com.tw/mop/linkou/en/shopguide.html,active,38,
mitsui-outlet-park-linkou-20455,mitsui-outlet-park-linkou,加加港味,Food & Beverages,,https://www.mitsui-shopping-park.com.tw/mop/linkou/en/shopguide.html,active,39,
mitsui-outlet-park-linkou-20230,mitsui-outlet-park-linkou,彩豚屋,Food & Beverages,,https://www.mitsui-shopping-park.com.tw/mop/linkou/en/shopguide.html,active,40,
mitsui-outlet-park-linkou-20451,mitsui-outlet-park-linkou,肉のはせ川,Food & Beverages,,https://www.mitsui-shopping-park.com.tw/mop/linkou/en/shopguide.html,active,41,
mitsui-outlet-park-linkou-6e888b67ad17,mitsui-outlet-park-linkou,武藏野麵包(期間限定店),Food & Beverages,,https://www.mitsui-shopping-park.com.tw/mop/linkou/en/shopguide.html,active,42,
mitsui-outlet-park-linkou-50090,mitsui-outlet-park-linkou,PRESERVE,Food & Beverages,,https://www.mitsui-shopping-park.com.tw/mop/linkou/en/shopguide.html,active,43,
mitsui-outlet-park-linkou-50100,mitsui-outlet-park-linkou,JK STUDIO,Food & Beverages,,https://www.mitsui-shopping-park.com.tw/mop/linkou/en/shopguide.html,active,44,
mitsui-outlet-park-linkou-60140,mitsui-outlet-park-linkou,The Café By 想 林口,Cafe,,https://www.mitsui-shopping-park.com.tw/mop/linkou/en/shopguide.html,active,45,
mitsui-outlet-park-linkou-60180,mitsui-outlet-park-linkou,gelato pique cafe,Cafe,,https://www.mitsui-shopping-park.com.tw/mop/linkou/en/shopguide.html,active,46,
mitsui-outlet-park-linkou-70080,mitsui-outlet-park-linkou,極之好味,Food & Beverages,,https://www.mitsui-shopping-park.com.tw/mop/linkou/en/shopguide.html,active,47,
mitsui-outlet-park-linkou-70090,mitsui-outlet-park-linkou,林記海南雞飯,Food & Beverages,,https://www.mitsui-shopping-park.com.tw/mop/linkou/en/shopguide.html,active,48,
mitsui-outlet-park-linkou-70100,mitsui-outlet-park-linkou,訪韓國傳統豆腐鍋,Food & Beverages,,https://www.mitsui-shopping-park.com.tw/mop/linkou/en/shopguide.html,active,49,
mitsui-outlet-park-linkou-70110,mitsui-outlet-park-linkou,廟口鴨香飯,Food & Beverages,,https://www.mitsui-shopping-park.com.tw/mop/linkou/en/shopguide.html,active,50,
mitsui-outlet-park-linkou-70130,mitsui-outlet-park-linkou,Chicken Eater,Food & Beverages,,https://www.mitsui-shopping-park.com.tw/mop/linkou/en/shopguide.html,active,51,
mitsui-outlet-park-linkou-70140,mitsui-outlet-park-linkou,鰻鰻 EXPRESS,Food & Beverages,,https://www.mitsui-shopping-park.com.tw/mop/linkou/en/shopguide.html,active,52,
mitsui-outlet-park-linkou-70150,mitsui-outlet-park-linkou,東京油組総本店,Food & Beverages,,https://www.mitsui-shopping-park.com.tw/mop/linkou/en/shopguide.html,active,53,
mitsui-outlet-park-linkou-70160,mitsui-outlet-park-linkou,元気！もりちゃん亭,Food & Beverages,,https://www.mitsui-shopping-park.com.tw/mop/linkou/en/shopguide.html,active,54,
mitsui-outlet-park-linkou-70170,mitsui-outlet-park-linkou,粕粕咖哩POPOCURRY,Food & Beverages,,https://www.mitsui-shopping-park.com.tw/mop/linkou/en/shopguide.html,active,55,
mitsui-outlet-park-linkou-70180,mitsui-outlet-park-linkou,牛角次男坊,Food & Beverages,,https://www.mitsui-shopping-park.com.tw/mop/linkou/en/shopguide.html,active,56,
mitsui-outlet-park-linkou-70200,mitsui-outlet-park-linkou,NARA Thai Cuisine,Food & Beverages,,https://www.mitsui-shopping-park.com.tw/mop/linkou/en/shopguide.html,active,57,
mitsui-outlet-park-linkou-70210,mitsui-outlet-park-linkou,御前上茶,Food & Beverages,,https://www.mitsui-shopping-park.com.tw/mop/linkou/en/shopguide.html,active,58,
mitsui-outlet-park-linkou-70230,mitsui-outlet-park-linkou,上善豆家,Food & Beverages,,https://www.mitsui-shopping-park.com.tw/mop/linkou/en/shopguide.html,active,59,
mitsui-outlet-park-linkou-70240,mitsui-outlet-park-linkou,藍象廷,Food & Beverages,,https://www.mitsui-shopping-park.com.tw/mop/linkou/en/shopguide.html,active,60,
mitsui-outlet-park-linkou-70250,mitsui-outlet-park-linkou,忠青商行,Food & Beverages,,https://www.mitsui-shopping-park.com.tw/mop/linkou/en/shopguide.html,active,61,
mitsui-outlet-park-linkou-70260,mitsui-outlet-park-linkou,涓豆腐,Food & Beverages,,https://www.mitsui-shopping-park.com.tw/mop/linkou/en/shopguide.html,active,62,
mitsui-outlet-park-linkou-70270,mitsui-outlet-park-linkou,京昌園,Food & Beverages,,https://www.mitsui-shopping-park.com.tw/mop/linkou/en/shopguide.html,active,63,
mitsui-outlet-park-linkou-70280,mitsui-outlet-park-linkou,THE BBQ HOUSE,Food & Beverages,,https://www.mitsui-shopping-park.com.tw/mop/linkou/en/shopguide.html,active,64,
mitsui-outlet-park-linkou-70400,mitsui-outlet-park-linkou,大阪王將,Food & Beverages,,https://www.mitsui-shopping-park.com.tw/mop/linkou/en/shopguide.html,active,65,
mitsui-outlet-park-linkou-70410,mitsui-outlet-park-linkou,YAYOI彌生軒,Food & Beverages,,https://www.mitsui-shopping-park.com.tw/mop/linkou/en/shopguide.html,active,66,
mitsui-outlet-park-linkou-70420,mitsui-outlet-park-linkou,得正,Food & Beverages,,https://www.mitsui-shopping-park.com.tw/mop/linkou/en/shopguide.html,active,67,
mitsui-outlet-park-linkou-70430,mitsui-outlet-park-linkou,Suage北海道湯咖哩,Food & Beverages,,https://www.mitsui-shopping-park.com.tw/mop/linkou/en/shopguide.html,active,68,
mitsui-outlet-park-linkou-70381,mitsui-outlet-park-linkou,武藏野の洋菓子,Food & Beverages,,https://www.mitsui-shopping-park.com.tw/mop/linkou/en/shopguide.html,active,69,
mitsui-outlet-park-linkou-00700,mitsui-outlet-park-linkou,橫濱牛排,Food & Beverages,,https://www.mitsui-shopping-park.com.tw/mop/linkou/en/shopguide.html,active,70,
mitsui-outlet-park-linkou-00600,mitsui-outlet-park-linkou,客美多咖啡 Komeda‘s Coffee,Cafe,,https://www.mitsui-shopping-park.com.tw/mop/linkou/en/shopguide.html,active,71,
mitsui-outlet-park-linkou-21300,mitsui-outlet-park-linkou,TOASTERiA CAFE,Cafe,,https://www.mitsui-shopping-park.com.tw/mop/linkou/en/shopguide.html,active,72,
mitsui-outlet-park-linkou-60010,mitsui-outlet-park-linkou,KOI PLUS,Food & Beverages,,https://www.mitsui-shopping-park.com.tw/mop/linkou/en/shopguide.html,active,73,
mitsui-outlet-park-linkou-60280,mitsui-outlet-park-linkou,饗食天堂,Food & Beverages,,https://www.mitsui-shopping-park.com.tw/mop/linkou/en/shopguide.html,active,74,
mitsui-outlet-park-linkou-20220,mitsui-outlet-park-linkou,創作蛋包飯蘋果樹,Food & Beverages,,https://www.mitsui-shopping-park.com.tw/mop/linkou/en/shopguide.html,active,75,
mitsui-outlet-park-linkou-45dd96eda3d7,mitsui-outlet-park-linkou,窯幸福,Food & Beverages,,https://www.mitsui-shopping-park.com.tw/mop/linkou/en/shopguide.html,active,76,
mitsui-outlet-park-linkou-db4aaae0db54,mitsui-outlet-park-linkou,ㄛ店,Food & Beverages,,https://www.mitsui-shopping-park.com.tw/mop/linkou/en/shopguide.html,active,77,
mitsui-outlet-park-linkou-85237009dd66,mitsui-outlet-park-linkou,本氣梅酒,Food & Beverages,,https://www.mitsui-shopping-park.com.tw/mop/linkou/en/shopguide.html,active,78,
mitsui-outlet-park-linkou-melons,mitsui-outlet-park-linkou,Melons,Food & Beverages,,https://www.mitsui-shopping-park.com.tw/mop/linkou/en/shopguide.html,active,79,
mitsui-outlet-park-linkou-bc1c35732484,mitsui-outlet-park-linkou,心心甜心屋,Food & Beverages,,https://www.mitsui-shopping-park.com.tw/mop/linkou/en/shopguide.html,active,80,
mitsui-outlet-park-linkou-20461,mitsui-outlet-park-linkou,豆腐里,Food & Beverages,,https://www.mitsui-shopping-park.com.tw/mop/linkou/en/shopguide.html,active,81,
mitsui-outlet-park-linkou-0df8107515f0,mitsui-outlet-park-linkou,芋艿川,Food & Beverages,,https://www.mitsui-shopping-park.com.tw/mop/linkou/en/shopguide.html,active,82,
mitsui-outlet-park-linkou-57f6215d6154,mitsui-outlet-park-linkou,艷麗,Food & Beverages,,https://www.mitsui-shopping-park.com.tw/mop/linkou/en/shopguide.html,active,83,
mitsui-outlet-park-linkou-7ad9d42d8aca,mitsui-outlet-park-linkou,暮初食茶,Food & Beverages,,https://www.mitsui-shopping-park.com.tw/mop/linkou/en/shopguide.html,active,84,
mitsui-outlet-park-linkou-4eed2737d0ab,mitsui-outlet-park-linkou,小鱷先生,Food & Beverages,,https://www.mitsui-shopping-park.com.tw/mop/linkou/en/shopguide.html,active,85,
siam-premium-outlets-amazon-cafe,siam-premium-outlets,AMAZON CAFÉ,Cafe,,https://www.siampremiumoutlets.com/en/store,active,1,
siam-premium-outlets-bonchon,siam-premium-outlets,BONCHON,Food & Beverages,,https://www.siampremiumoutlets.com/en/store,active,2,
siam-premium-outlets-bread-talk,siam-premium-outlets,BREAD TALK,Food & Beverages,,https://www.siampremiumoutlets.com/en/store,active,3,
siam-premium-outlets-cha-tra-mue,siam-premium-outlets,CHA TRA MUE,Food & Beverages,,https://www.siampremiumoutlets.com/en/store,active,4,
siam-premium-outlets-kfc,siam-premium-outlets,KFC,Food & Beverages,,https://www.siampremiumoutlets.com/en/store,active,5,
siam-premium-outlets-oasis-eatery-food-court,siam-premium-outlets,OASIS EATERY FOOD COURT,Food & Beverages,,https://www.siampremiumoutlets.com/en/store,active,6,
siam-premium-outlets-olino-crepe-and-tea,siam-premium-outlets,OLINO CREPE & TEA,Food & Beverages,,https://www.siampremiumoutlets.com/en/store,active,7,
siam-premium-outlets-s-and-p,siam-premium-outlets,S&P,Food & Beverages,,https://www.siampremiumoutlets.com/en/store,active,8,
siam-premium-outlets-starbucks,siam-premium-outlets,STARBUCKS,Cafe,,https://www.siampremiumoutlets.com/en/store,active,9,
siam-premium-outlets-sushi-plus,siam-premium-outlets,SUSHI PLUS,Food & Beverages,,https://www.siampremiumoutlets.com/en/store,active,10,
desert-hills-premium-outlets-and-pasta,desert-hills-premium-outlets,&Pasta,Food & Beverages,,https://www.premiumoutlets.com/outlet/desert-hills/stores/print,active,1,
desert-hills-premium-outlets-birba,desert-hills-premium-outlets,Birba,Food & Beverages,,https://www.premiumoutlets.com/outlet/desert-hills/stores/print,active,2,
desert-hills-premium-outlets-bkk78-street-food,desert-hills-premium-outlets,BKK78 STREET FOOD,Food & Beverages,,https://www.premiumoutlets.com/outlet/desert-hills/stores/print,active,3,
desert-hills-premium-outlets-bkk78-west-village,desert-hills-premium-outlets,BKK78 West Village,Food & Beverages,,https://www.premiumoutlets.com/outlet/desert-hills/stores/print,active,4,
desert-hills-premium-outlets-boba-station,desert-hills-premium-outlets,Boba Station,Food & Beverages,,https://www.premiumoutlets.com/outlet/desert-hills/stores/print,active,5,
desert-hills-premium-outlets-crazy-cup-taquitos,desert-hills-premium-outlets,Crazy Cup Taquitos,Food & Beverages,,https://www.premiumoutlets.com/outlet/desert-hills/stores/print,active,6,
desert-hills-premium-outlets-five-guys,desert-hills-premium-outlets,Five Guys,Food & Beverages,,https://www.premiumoutlets.com/outlet/desert-hills/stores/print,active,7,
desert-hills-premium-outlets-hokulia,desert-hills-premium-outlets,Hokulia,Food & Beverages,,https://www.premiumoutlets.com/outlet/desert-hills/stores/print,active,8,
desert-hills-premium-outlets-kahala-coffee-traders,desert-hills-premium-outlets,Kahala Coffee Traders,Cafe,,https://www.premiumoutlets.com/outlet/desert-hills/stores/print,active,9,
desert-hills-premium-outlets-meat-me,desert-hills-premium-outlets,Meat Me,Food & Beverages,,https://www.premiumoutlets.com/outlet/desert-hills/stores/print,active,10,
desert-hills-premium-outlets-sbarro,desert-hills-premium-outlets,Sbarro,Food & Beverages,,https://www.premiumoutlets.com/outlet/desert-hills/stores/print,active,11,
desert-hills-premium-outlets-the-wok-360,desert-hills-premium-outlets,The Wok 360,Food & Beverages,,https://www.premiumoutlets.com/outlet/desert-hills/stores/print,active,12,
desert-hills-premium-outlets-wetzel-s-pretzels,desert-hills-premium-outlets,Wetzel's Pretzels,Food & Beverages,,https://www.premiumoutlets.com/outlet/desert-hills/stores/print,active,13,
desert-hills-premium-outlets-wetzel-s-pretzels-west-village,desert-hills-premium-outlets,Wetzel's Pretzels West Village,Food & Beverages,,https://www.premiumoutlets.com/outlet/desert-hills/stores/print,active,14,
las-vegas-north-premium-outlets-auntie-anne-s-pretzels,las-vegas-north-premium-outlets,Auntie Anne's Pretzels,Food & Beverages,,https://www.premiumoutlets.com/outlet/las-vegas-north/stores/print,active,1,
las-vegas-north-premium-outlets-auntie-anne-s-pretzels-location-2,las-vegas-north-premium-outlets,Auntie Anne's Pretzels (Location 2),Food & Beverages,,https://www.premiumoutlets.com/outlet/las-vegas-north/stores/print,active,2,
las-vegas-north-premium-outlets-fruitbite,las-vegas-north-premium-outlets,Fruitbite,Food & Beverages,,https://www.premiumoutlets.com/outlet/las-vegas-north/stores/print,active,3,
las-vegas-north-premium-outlets-green-leaf-s-and-bananas,las-vegas-north-premium-outlets,Green Leaf's & Bananas,Food & Beverages,,https://www.premiumoutlets.com/outlet/las-vegas-north/stores/print,active,4,
las-vegas-north-premium-outlets-haagen-dazs,las-vegas-north-premium-outlets,Haagen-Dazs,Food & Beverages,,https://www.premiumoutlets.com/outlet/las-vegas-north/stores/print,active,5,
las-vegas-north-premium-outlets-kung-pao-wok,las-vegas-north-premium-outlets,Kung Pao Wok,Food & Beverages,,https://www.premiumoutlets.com/outlet/las-vegas-north/stores/print,active,6,
las-vegas-north-premium-outlets-oba-boba,las-vegas-north-premium-outlets,Oba Boba,Food & Beverages,,https://www.premiumoutlets.com/outlet/las-vegas-north/stores/print,active,7,
las-vegas-north-premium-outlets-pa-q-pikes-colombian-food,las-vegas-north-premium-outlets,Pa Q Pikes Colombian Food,Food & Beverages,,https://www.premiumoutlets.com/outlet/las-vegas-north/stores/print,active,8,
las-vegas-north-premium-outlets-ramyun-cafe,las-vegas-north-premium-outlets,Ramyun Cafe,Cafe,,https://www.premiumoutlets.com/outlet/las-vegas-north/stores/print,active,9,
las-vegas-north-premium-outlets-shake-shack,las-vegas-north-premium-outlets,Shake Shack,Food & Beverages,,https://www.premiumoutlets.com/outlet/las-vegas-north/stores/print,active,10,
las-vegas-north-premium-outlets-snack-daddy,las-vegas-north-premium-outlets,Snack Daddy,Food & Beverages,,https://www.premiumoutlets.com/outlet/las-vegas-north/stores/print,active,11,
las-vegas-north-premium-outlets-south-philly-cheesesteaks-and-fries,las-vegas-north-premium-outlets,South Philly Cheesesteaks & Fries,Food & Beverages,,https://www.premiumoutlets.com/outlet/las-vegas-north/stores/print,active,12,
las-vegas-north-premium-outlets-starbucks-coffee,las-vegas-north-premium-outlets,Starbucks Coffee,Cafe,,https://www.premiumoutlets.com/outlet/las-vegas-north/stores/print,active,13,
las-vegas-north-premium-outlets-starbucks-coffee-kiosk,las-vegas-north-premium-outlets,Starbucks Coffee - Kiosk,Cafe,,https://www.premiumoutlets.com/outlet/las-vegas-north/stores/print,active,14,
las-vegas-north-premium-outlets-subway,las-vegas-north-premium-outlets,Subway,Food & Beverages,,https://www.premiumoutlets.com/outlet/las-vegas-north/stores/print,active,15,
las-vegas-north-premium-outlets-the-cheesecake-factory,las-vegas-north-premium-outlets,The Cheesecake Factory,Food & Beverages,,https://www.premiumoutlets.com/outlet/las-vegas-north/stores/print,active,16,
las-vegas-north-premium-outlets-villa-fresh-italian-kitchen,las-vegas-north-premium-outlets,Villa Fresh Italian Kitchen,Food & Beverages,,https://www.premiumoutlets.com/outlet/las-vegas-north/stores/print,active,17,
orlando-vineland-premium-outlets-asian-chao,orlando-vineland-premium-outlets,Asian Chao,Food & Beverages,,https://www.premiumoutlets.com/outlet/orlando-vineland/stores/print,active,1,
orlando-vineland-premium-outlets-auntie-anne-s-pretzels,orlando-vineland-premium-outlets,Auntie Anne's Pretzels,Food & Beverages,,https://www.premiumoutlets.com/outlet/orlando-vineland/stores/print,active,2,
orlando-vineland-premium-outlets-burnin-mouth,orlando-vineland-premium-outlets,Burnin' Mouth,Food & Beverages,,https://www.premiumoutlets.com/outlet/orlando-vineland/stores/print,active,3,
orlando-vineland-premium-outlets-caribbean-moonshine,orlando-vineland-premium-outlets,Caribbean Moonshine,Food & Beverages,,https://www.premiumoutlets.com/outlet/orlando-vineland/stores/print,active,4,
orlando-vineland-premium-outlets-charleys-philly-steaks,orlando-vineland-premium-outlets,Charleys Philly Steaks,Food & Beverages,,https://www.premiumoutlets.com/outlet/orlando-vineland/stores/print,active,5,
orlando-vineland-premium-outlets-ford-s-garage,orlando-vineland-premium-outlets,FORD'S GARAGE,Food & Beverages,,https://www.premiumoutlets.com/outlet/orlando-vineland/stores/print,active,6,
orlando-vineland-premium-outlets-green-beat,orlando-vineland-premium-outlets,Green Beat,Food & Beverages,,https://www.premiumoutlets.com/outlet/orlando-vineland/stores/print,active,7,
orlando-vineland-premium-outlets-haagen-dazs,orlando-vineland-premium-outlets,Haagen-Dazs,Food & Beverages,,https://www.premiumoutlets.com/outlet/orlando-vineland/stores/print,active,8,
orlando-vineland-premium-outlets-it-sugar,orlando-vineland-premium-outlets,IT'SUGAR,Food & Beverages,,https://www.premiumoutlets.com/outlet/orlando-vineland/stores/print,active,9,
orlando-vineland-premium-outlets-luccianos-il-maestro-del-gelato,orlando-vineland-premium-outlets,Lucciano’s Il Maestro del Gelato,Food & Beverages,,https://www.premiumoutlets.com/outlet/orlando-vineland/stores/print,active,10,
orlando-vineland-premium-outlets-pier-17,orlando-vineland-premium-outlets,Pier 17,Food & Beverages,,https://www.premiumoutlets.com/outlet/orlando-vineland/stores/print,active,11,
orlando-vineland-premium-outlets-poki-one-n-half,orlando-vineland-premium-outlets,Poki One N Half,Food & Beverages,,https://www.premiumoutlets.com/outlet/orlando-vineland/stores/print,active,12,
orlando-vineland-premium-outlets-sarku-japan,orlando-vineland-premium-outlets,Sarku Japan,Food & Beverages,,https://www.premiumoutlets.com/outlet/orlando-vineland/stores/print,active,13,
orlando-vineland-premium-outlets-shake-shack,orlando-vineland-premium-outlets,Shake Shack,Food & Beverages,,https://www.premiumoutlets.com/outlet/orlando-vineland/stores/print,active,14,
orlando-vineland-premium-outlets-starbucks-coffee,orlando-vineland-premium-outlets,Starbucks Coffee,Cafe,,https://www.premiumoutlets.com/outlet/orlando-vineland/stores/print,active,15,
orlando-vineland-premium-outlets-sundial-cafe,orlando-vineland-premium-outlets,Sundial Café,Cafe,,https://www.premiumoutlets.com/outlet/orlando-vineland/stores/print,active,16,
orlando-vineland-premium-outlets-villa-fresh-italian-kitchen,orlando-vineland-premium-outlets,Villa Fresh Italian Kitchen,Food & Beverages,,https://www.premiumoutlets.com/outlet/orlando-vineland/stores/print,active,17,
san-francisco-premium-outlets-and-pasta,san-francisco-premium-outlets,&Pasta,Food & Beverages,,https://www.premiumoutlets.com/outlet/san-francisco/stores/print,active,1,
san-francisco-premium-outlets-auntie-anne-s-and-cinnabon-cafe,san-francisco-premium-outlets,Auntie Anne's and Cinnabon Cafe,Cafe,,https://www.premiumoutlets.com/outlet/san-francisco/stores/print,active,2,
san-francisco-premium-outlets-charley-s-grilled-subs,san-francisco-premium-outlets,Charley's Grilled Subs,Food & Beverages,,https://www.premiumoutlets.com/outlet/san-francisco/stores/print,active,3,
san-francisco-premium-outlets-chipotle-mexican-grill,san-francisco-premium-outlets,Chipotle Mexican Grill,Food & Beverages,,https://www.premiumoutlets.com/outlet/san-francisco/stores/print,active,4,
san-francisco-premium-outlets-dumplinghaus,san-francisco-premium-outlets,dumplinghaus,Food & Beverages,,https://www.premiumoutlets.com/outlet/san-francisco/stores/print,active,5,
san-francisco-premium-outlets-haagen-dazs,san-francisco-premium-outlets,Haagen-Dazs,Food & Beverages,,https://www.premiumoutlets.com/outlet/san-francisco/stores/print,active,6,
san-francisco-premium-outlets-johnny-rockets,san-francisco-premium-outlets,Johnny Rockets,Food & Beverages,,https://www.premiumoutlets.com/outlet/san-francisco/stores/print,active,7,
san-francisco-premium-outlets-la-michoacana-frozen-delights,san-francisco-premium-outlets,La Michoacana Frozen Delights,Food & Beverages,,https://www.premiumoutlets.com/outlet/san-francisco/stores/print,active,8,
san-francisco-premium-outlets-laderach-chocolatier-suisse,san-francisco-premium-outlets,Laderach Chocolatier Suisse,Food & Beverages,,https://www.premiumoutlets.com/outlet/san-francisco/stores/print,coming-soon,9,
san-francisco-premium-outlets-popeye-s-chicken,san-francisco-premium-outlets,Popeye's Chicken,Food & Beverages,,https://www.premiumoutlets.com/outlet/san-francisco/stores/print,active,10,
san-francisco-premium-outlets-sbarro,san-francisco-premium-outlets,Sbarro,Food & Beverages,,https://www.premiumoutlets.com/outlet/san-francisco/stores/print,active,11,
san-francisco-premium-outlets-starbucks-coffee,san-francisco-premium-outlets,Starbucks Coffee,Cafe,,https://www.premiumoutlets.com/outlet/san-francisco/stores/print,active,12,
san-francisco-premium-outlets-suki-hana,san-francisco-premium-outlets,Suki Hana,Food & Beverages,,https://www.premiumoutlets.com/outlet/san-francisco/stores/print,active,13,
san-francisco-premium-outlets-tea-heart,san-francisco-premium-outlets,Tea Heart,Food & Beverages,,https://www.premiumoutlets.com/outlet/san-francisco/stores/print,active,14,
san-francisco-premium-outlets-tea-heart-kiosk,san-francisco-premium-outlets,Tea Heart Kiosk,Food & Beverages,,https://www.premiumoutlets.com/outlet/san-francisco/stores/print,active,15,
san-francisco-premium-outlets-ume,san-francisco-premium-outlets,UME,Food & Beverages,,https://www.premiumoutlets.com/outlet/san-francisco/stores/print,active,16,
san-francisco-premium-outlets-waikiki,san-francisco-premium-outlets,Waikiki,Food & Beverages,,https://www.premiumoutlets.com/outlet/san-francisco/stores/print,active,17,
san-francisco-premium-outlets-wetzel-s-pretzels,san-francisco-premium-outlets,Wetzel's Pretzels,Food & Beverages,,https://www.premiumoutlets.com/outlet/san-francisco/stores/print,active,18,
san-francisco-premium-outlets-wok-a-holic,san-francisco-premium-outlets,Wok A Holic,Food & Beverages,,https://www.premiumoutlets.com/outlet/san-francisco/stores/print,active,19,
sawgrass-mills-apropo-crepes,sawgrass-mills,Apropo Crepes,Food & Beverages,,https://www.simon.com/mall/sawgrass-mills/stores/print,active,1,
sawgrass-mills-arepasmania,sawgrass-mills,Arepasmania,Food & Beverages,,https://www.simon.com/mall/sawgrass-mills/stores/print,active,2,
sawgrass-mills-argentinian-empanadas-on-the-grill-and-grill-stop,sawgrass-mills,Argentinian Empanadas on the Grill & Grill Stop,Food & Beverages,,https://www.simon.com/mall/sawgrass-mills/stores/print,active,3,
sawgrass-mills-asian-chao,sawgrass-mills,Asian Chao,Food & Beverages,,https://www.simon.com/mall/sawgrass-mills/stores/print,active,4,
sawgrass-mills-asian-chao-2,sawgrass-mills,Asian Chao,Food & Beverages,,https://www.simon.com/mall/sawgrass-mills/stores/print,active,5,
sawgrass-mills-auntie-anne-s-pretzels,sawgrass-mills,Auntie Anne's Pretzels,Food & Beverages,,https://www.simon.com/mall/sawgrass-mills/stores/print,active,6,
sawgrass-mills-baba-s-halal,sawgrass-mills,Baba's Halal,Food & Beverages,,https://www.simon.com/mall/sawgrass-mills/stores/print,active,7,
sawgrass-mills-burger-king-east-dining-pavilion,sawgrass-mills,Burger King (East Dining Pavilion),Food & Beverages,,https://www.simon.com/mall/sawgrass-mills/stores/print,active,8,
sawgrass-mills-burger-king-west-dining-pavilion,sawgrass-mills,Burger King (West Dining Pavilion),Food & Beverages,,https://www.simon.com/mall/sawgrass-mills/stores/print,active,9,
sawgrass-mills-charleys-philly-steaks,sawgrass-mills,Charleys Philly Steaks,Food & Beverages,,https://www.simon.com/mall/sawgrass-mills/stores/print,active,10,
sawgrass-mills-charleys-philly-steaks-location-2,sawgrass-mills,Charleys Philly Steaks (Location 2),Food & Beverages,,https://www.simon.com/mall/sawgrass-mills/stores/print,active,11,
sawgrass-mills-chipotle-mexican-grill,sawgrass-mills,Chipotle Mexican Grill,Food & Beverages,,https://www.simon.com/mall/sawgrass-mills/stores/print,active,12,
sawgrass-mills-churromania,sawgrass-mills,Churromania,Food & Beverages,,https://www.simon.com/mall/sawgrass-mills/stores/print,active,13,
sawgrass-mills-cinnabon,sawgrass-mills,Cinnabon,Food & Beverages,,https://www.simon.com/mall/sawgrass-mills/stores/print,active,14,
sawgrass-mills-crepe-delicious,sawgrass-mills,Crepe Delicious,Food & Beverages,,https://www.simon.com/mall/sawgrass-mills/stores/print,active,15,
sawgrass-mills-currito-burrito,sawgrass-mills,Currito Burrito,Food & Beverages,,https://www.simon.com/mall/sawgrass-mills/stores/print,active,16,
sawgrass-mills-cvi-che-105,sawgrass-mills,CVI.CHE 105,Food & Beverages,,https://www.simon.com/mall/sawgrass-mills/stores/print,active,17,
sawgrass-mills-don-jediondo,sawgrass-mills,Don Jediondo,Food & Beverages,,https://www.simon.com/mall/sawgrass-mills/stores/print,active,18,
sawgrass-mills-don-jediondo-west,sawgrass-mills,Don Jediondo (West),Food & Beverages,,https://www.simon.com/mall/sawgrass-mills/stores/print,active,19,
sawgrass-mills-dunkin-baskin-robbins,sawgrass-mills,Dunkin Baskin Robbins,Food & Beverages,,https://www.simon.com/mall/sawgrass-mills/stores/print,active,20,
sawgrass-mills-firehouse-subs,sawgrass-mills,Firehouse Subs,Food & Beverages,,https://www.simon.com/mall/sawgrass-mills/stores/print,active,21,
sawgrass-mills-five-guys,sawgrass-mills,Five Guys,Food & Beverages,,https://www.simon.com/mall/sawgrass-mills/stores/print,active,22,
sawgrass-mills-grand-lux-cafe,sawgrass-mills,Grand Lux Cafe,Cafe,,https://www.simon.com/mall/sawgrass-mills/stores/print,active,23,
sawgrass-mills-green-leaf-s-and-bananas,sawgrass-mills,Green Leaf's & Bananas,Food & Beverages,,https://www.simon.com/mall/sawgrass-mills/stores/print,active,24,
sawgrass-mills-haagen-dazs,sawgrass-mills,Haagen-Dazs,Food & Beverages,,https://www.simon.com/mall/sawgrass-mills/stores/print,active,25,
sawgrass-mills-haagen-dazs-2,sawgrass-mills,Haagen-Dazs,Food & Beverages,,https://www.simon.com/mall/sawgrass-mills/stores/print,active,26,
sawgrass-mills-japan-cafe,sawgrass-mills,Japan Cafe,Cafe,,https://www.simon.com/mall/sawgrass-mills/stores/print,active,27,
sawgrass-mills-juan-valdez-colombian-coffee,sawgrass-mills,Juan Valdez Colombian Coffee,Cafe,,https://www.simon.com/mall/sawgrass-mills/stores/print,active,28,
sawgrass-mills-kelly-s-cajun-grill,sawgrass-mills,Kelly's Cajun Grill,Food & Beverages,,https://www.simon.com/mall/sawgrass-mills/stores/print,active,29,
sawgrass-mills-komma-tea,sawgrass-mills,Komma Tea,Food & Beverages,,https://www.simon.com/mall/sawgrass-mills/stores/print,active,30,
sawgrass-mills-la-dona-mexican-seafood-and-grill,sawgrass-mills,La Doña Mexican Seafood & Grill,Food & Beverages,,https://www.simon.com/mall/sawgrass-mills/stores/print,active,31,
sawgrass-mills-laderach-chocolatier-suisse,sawgrass-mills,Laderach Chocolatier Suisse,Food & Beverages,,https://www.simon.com/mall/sawgrass-mills/stores/print,active,32,
sawgrass-mills-luccianos-il-maestro-del-gelato,sawgrass-mills,Lucciano’s Il Maestro del Gelato,Food & Beverages,,https://www.simon.com/mall/sawgrass-mills/stores/print,active,33,
sawgrass-mills-miafruta,sawgrass-mills,MiaFruta,Food & Beverages,,https://www.simon.com/mall/sawgrass-mills/stores/print,active,34,
sawgrass-mills-nathan-s-famous,sawgrass-mills,Nathan's Famous,Food & Beverages,,https://www.simon.com/mall/sawgrass-mills/stores/print,active,35,
sawgrass-mills-osmow-s-shawarma,sawgrass-mills,Osmow's Shawarma,Food & Beverages,,https://www.simon.com/mall/sawgrass-mills/stores/print,active,36,
sawgrass-mills-p-f-chang-s,sawgrass-mills,P.F. Chang's,Food & Beverages,,https://www.simon.com/mall/sawgrass-mills/stores/print,active,37,
sawgrass-mills-popeyes-louisiana-kitchen,sawgrass-mills,Popeyes Louisiana Kitchen,Food & Beverages,,https://www.simon.com/mall/sawgrass-mills/stores/print,active,38,
sawgrass-mills-popeyes-louisiana-kitchen-second-location,sawgrass-mills,Popeyes Louisiana Kitchen (Second Location),Food & Beverages,,https://www.simon.com/mall/sawgrass-mills/stores/print,active,39,
sawgrass-mills-pure-green,sawgrass-mills,Pure Green,Food & Beverages,,https://www.simon.com/mall/sawgrass-mills/stores/print,active,40,
sawgrass-mills-rainforest-cafe,sawgrass-mills,Rainforest Cafe,Cafe,,https://www.simon.com/mall/sawgrass-mills/stores/print,active,41,
sawgrass-mills-sbarro-west,sawgrass-mills,Sbarro (West),Food & Beverages,,https://www.simon.com/mall/sawgrass-mills/stores/print,active,42,
sawgrass-mills-sbarro-the-italian-eatery,sawgrass-mills,Sbarro The Italian Eatery,Food & Beverages,,https://www.simon.com/mall/sawgrass-mills/stores/print,active,43,
sawgrass-mills-seasons-52,sawgrass-mills,Seasons 52,Food & Beverages,,https://www.simon.com/mall/sawgrass-mills/stores/print,active,44,
sawgrass-mills-shake-shack,sawgrass-mills,Shake Shack,Food & Beverages,,https://www.simon.com/mall/sawgrass-mills/stores/print,active,45,
sawgrass-mills-starbucks-coffee,sawgrass-mills,Starbucks Coffee,Cafe,,https://www.simon.com/mall/sawgrass-mills/stores/print,active,46,
sawgrass-mills-sushigami,sawgrass-mills,SushiGami,Food & Beverages,,https://www.simon.com/mall/sawgrass-mills/stores/print,active,47,
sawgrass-mills-texas-de-brazil,sawgrass-mills,Texas de Brazil,Food & Beverages,,https://www.simon.com/mall/sawgrass-mills/stores/print,active,48,
sawgrass-mills-the-baked-bear,sawgrass-mills,The Baked Bear,Food & Beverages,,https://www.simon.com/mall/sawgrass-mills/stores/print,active,49,
sawgrass-mills-the-cheesecake-factory,sawgrass-mills,The Cheesecake Factory,Food & Beverages,,https://www.simon.com/mall/sawgrass-mills/stores/print,active,50,
sawgrass-mills-the-taco-stand,sawgrass-mills,The Taco Stand,Food & Beverages,,https://www.simon.com/mall/sawgrass-mills/stores/print,active,51,
sawgrass-mills-tobu,sawgrass-mills,Tobu,Food & Beverages,,https://www.simon.com/mall/sawgrass-mills/stores/print,active,52,
sawgrass-mills-tommy-bahama-marlin-bar,sawgrass-mills,Tommy Bahama Marlin Bar,Food & Beverages,,https://www.simon.com/mall/sawgrass-mills/stores/print,active,53,
sawgrass-mills-villagio,sawgrass-mills,Villagio,Food & Beverages,,https://www.simon.com/mall/sawgrass-mills/stores/print,active,54,
sawgrass-mills-wetzel-s-pretzels,sawgrass-mills,Wetzel's Pretzels,Food & Beverages,,https://www.simon.com/mall/sawgrass-mills/stores/print,active,55,
sawgrass-mills-yard-house,sawgrass-mills,Yard House,Food & Beverages,,https://www.simon.com/mall/sawgrass-mills/stores/print,active,56,
sawgrass-mills-yummy-jungle-candy-shop,sawgrass-mills,Yummy Jungle Candy Shop,Food & Beverages,,https://www.simon.com/mall/sawgrass-mills/stores/print,active,57,
woodbury-common-premium-outlets-auntie-anne-s-pretzels,woodbury-common-premium-outlets,Auntie Anne's Pretzels,Food & Beverages,,https://www.premiumoutlets.com/outlet/woodbury-common/stores/print,active,1,
woodbury-common-premium-outlets-avocado-s-food,woodbury-common-premium-outlets,Avocado's Food,Food & Beverages,,https://www.premiumoutlets.com/outlet/woodbury-common/stores/print,active,2,
woodbury-common-premium-outlets-bareburger,woodbury-common-premium-outlets,Bareburger,Food & Beverages,,https://www.premiumoutlets.com/outlet/woodbury-common/stores/print,active,3,
woodbury-common-premium-outlets-black-dirt-bourbon-barn,woodbury-common-premium-outlets,Black Dirt Bourbon Barn,Food & Beverages,,https://www.premiumoutlets.com/outlet/woodbury-common/stores/print,active,4,
woodbury-common-premium-outlets-bollicine-and-co-champagne-bar,woodbury-common-premium-outlets,Bollicine & Co. Champagne Bar,Food & Beverages,,https://www.premiumoutlets.com/outlet/woodbury-common/stores/print,active,5,
woodbury-common-premium-outlets-chipotle,woodbury-common-premium-outlets,Chipotle,Food & Beverages,,https://www.premiumoutlets.com/outlet/woodbury-common/stores/print,active,6,
woodbury-common-premium-outlets-cinnabon,woodbury-common-premium-outlets,Cinnabon,Food & Beverages,,https://www.premiumoutlets.com/outlet/woodbury-common/stores/print,active,7,
woodbury-common-premium-outlets-everything-kosher,woodbury-common-premium-outlets,Everything Kosher,Food & Beverages,,https://www.premiumoutlets.com/outlet/woodbury-common/stores/print,active,8,
woodbury-common-premium-outlets-gong-cha,woodbury-common-premium-outlets,Gong Cha,Food & Beverages,,https://www.premiumoutlets.com/outlet/woodbury-common/stores/print,active,9,
woodbury-common-premium-outlets-haagen-dazs,woodbury-common-premium-outlets,Haagen-Dazs,Food & Beverages,,https://www.premiumoutlets.com/outlet/woodbury-common/stores/print,active,10,
woodbury-common-premium-outlets-haribo,woodbury-common-premium-outlets,HARIBO,Food & Beverages,,https://www.premiumoutlets.com/outlet/woodbury-common/stores/print,active,11,
woodbury-common-premium-outlets-jersey-mike-s-subs,woodbury-common-premium-outlets,Jersey Mike's Subs,Food & Beverages,,https://www.premiumoutlets.com/outlet/woodbury-common/stores/print,active,12,
woodbury-common-premium-outlets-just-kosher,woodbury-common-premium-outlets,Just Kosher,Food & Beverages,,https://www.premiumoutlets.com/outlet/woodbury-common/stores/print,active,13,
woodbury-common-premium-outlets-just-salad,woodbury-common-premium-outlets,Just Salad,Food & Beverages,,https://www.premiumoutlets.com/outlet/woodbury-common/stores/print,active,14,
woodbury-common-premium-outlets-kinton-ramen,woodbury-common-premium-outlets,KINTON RAMEN,Food & Beverages,,https://www.premiumoutlets.com/outlet/woodbury-common/stores/print,active,15,
woodbury-common-premium-outlets-kung-pao-wok,woodbury-common-premium-outlets,Kung Pao Wok,Food & Beverages,,https://www.premiumoutlets.com/outlet/woodbury-common/stores/print,active,16,
woodbury-common-premium-outlets-laderach-chocolatier-suisse,woodbury-common-premium-outlets,Laderach Chocolatier Suisse,Food & Beverages,,https://www.premiumoutlets.com/outlet/woodbury-common/stores/print,active,17,
woodbury-common-premium-outlets-laduree,woodbury-common-premium-outlets,Ladurée,Food & Beverages,,https://www.premiumoutlets.com/outlet/woodbury-common/stores/print,active,18,
woodbury-common-premium-outlets-lady-m-cake-boutique,woodbury-common-premium-outlets,Lady M Cake Boutique,Food & Beverages,,https://www.premiumoutlets.com/outlet/woodbury-common/stores/print,active,19,
woodbury-common-premium-outlets-lindt-chocolate,woodbury-common-premium-outlets,Lindt Chocolate,Food & Beverages,,https://www.premiumoutlets.com/outlet/woodbury-common/stores/print,active,20,
woodbury-common-premium-outlets-mcdonald-s,woodbury-common-premium-outlets,McDonald's,Food & Beverages,,https://www.premiumoutlets.com/outlet/woodbury-common/stores/print,active,21,
woodbury-common-premium-outlets-melt-shop,woodbury-common-premium-outlets,Melt Shop,Food & Beverages,,https://www.premiumoutlets.com/outlet/woodbury-common/stores/print,active,22,
woodbury-common-premium-outlets-pagoda-asian-grill-by-p-f-chang-s,woodbury-common-premium-outlets,Pagoda Asian Grill by P.F Chang's,Food & Beverages,,https://www.premiumoutlets.com/outlet/woodbury-common/stores/print,active,23,
woodbury-common-premium-outlets-parm,woodbury-common-premium-outlets,Parm,Food & Beverages,,https://www.premiumoutlets.com/outlet/woodbury-common/stores/print,active,24,
woodbury-common-premium-outlets-pinkberry,woodbury-common-premium-outlets,Pinkberry,Food & Beverages,,https://www.premiumoutlets.com/outlet/woodbury-common/stores/print,active,25,
woodbury-common-premium-outlets-playa-bowls,woodbury-common-premium-outlets,Playa Bowls,Food & Beverages,,https://www.premiumoutlets.com/outlet/woodbury-common/stores/print,active,26,
woodbury-common-premium-outlets-ralph-s-coffee,woodbury-common-premium-outlets,Ralph's Coffee,Cafe,,https://www.premiumoutlets.com/outlet/woodbury-common/stores/print,active,27,
woodbury-common-premium-outlets-shake-shack,woodbury-common-premium-outlets,Shake Shack,Food & Beverages,,https://www.premiumoutlets.com/outlet/woodbury-common/stores/print,active,28,
woodbury-common-premium-outlets-south-philly-cheesesteaks-and-fries,woodbury-common-premium-outlets,South Philly Cheesesteaks & Fries,Food & Beverages,,https://www.premiumoutlets.com/outlet/woodbury-common/stores/print,active,29,
woodbury-common-premium-outlets-starbucks-coffee,woodbury-common-premium-outlets,Starbucks Coffee,Cafe,,https://www.premiumoutlets.com/outlet/woodbury-common/stores/print,active,30,
woodbury-common-premium-outlets-the-coach-coffee-shop,woodbury-common-premium-outlets,The Coach Coffee Shop,Cafe,,https://www.premiumoutlets.com/outlet/woodbury-common/stores/print,active,31,
woodbury-common-premium-outlets-tony-benny-s,woodbury-common-premium-outlets,Tony + Benny's,Food & Beverages,,https://www.premiumoutlets.com/outlet/woodbury-common/stores/print,active,32,
woodbury-common-premium-outlets-umi-teriyaki,woodbury-common-premium-outlets,Umi Teriyaki,Food & Beverages,,https://www.premiumoutlets.com/outlet/woodbury-common/stores/print,active,33,
woodbury-common-premium-outlets-wetzel-s-pretzels,woodbury-common-premium-outlets,Wetzel's Pretzels,Food & Beverages,,https://www.premiumoutlets.com/outlet/woodbury-common/stores/print,active,34,
gotemba-premium-outlets-atami-osakana-syokudou,gotemba-premium-outlets,Atami Osakana Syokudou,,,https://www.premiumoutlets.co.jp/en/gotemba/brands/shop_name.html,active,1,
gotemba-premium-outlets-benitora-kitchen,gotemba-premium-outlets,Benitora Kitchen,,,https://www.premiumoutlets.co.jp/en/gotemba/brands/shop_name.html,active,2,
gotemba-premium-outlets-benitora-shaochi-ten,gotemba-premium-outlets,Benitora Shaochi Ten,,,https://www.premiumoutlets.co.jp/en/gotemba/brands/shop_name.html,active,3,
gotemba-premium-outlets-eggs-n-things-coffee,gotemba-premium-outlets,Eggs 'n Things Coffee,,,https://www.premiumoutlets.co.jp/en/gotemba/brands/shop_name.html,active,4,
gotemba-premium-outlets-fauchon,gotemba-premium-outlets,Fauchon,,,https://www.premiumoutlets.co.jp/en/gotemba/brands/shop_name.html,active,5,
gotemba-premium-outlets-food-bazaar,gotemba-premium-outlets,Food Bazaar,,,https://www.premiumoutlets.co.jp/en/gotemba/brands/shop_name.html,active,6,
gotemba-premium-outlets-fresh-juice-bar-karin-kiosk,gotemba-premium-outlets,Fresh Juice Bar Karin（Kiosk）,,,https://www.premiumoutlets.co.jp/en/gotemba/brands/shop_name.html,active,7,
gotemba-premium-outlets-fujiichi,gotemba-premium-outlets,Fujiichi,,,https://www.premiumoutlets.co.jp/en/gotemba/brands/shop_name.html,active,8,
gotemba-premium-outlets-futaba-fruits-parlor,gotemba-premium-outlets,Futaba Fruits Parlor,,,https://www.premiumoutlets.co.jp/en/gotemba/brands/shop_name.html,active,9,
gotemba-premium-outlets-gelato-pique-cafe,gotemba-premium-outlets,Gelato Pique Cafe,,,https://www.premiumoutlets.co.jp/en/gotemba/brands/shop_name.html,active,10,
gotemba-premium-outlets-gelato-pique-cafe-creperie,gotemba-premium-outlets,Gelato Pique Cafe Creperie,,,https://www.premiumoutlets.co.jp/en/gotemba/brands/shop_name.html,active,11,
gotemba-premium-outlets-godiva,gotemba-premium-outlets,Godiva,,,https://www.premiumoutlets.co.jp/en/gotemba/brands/shop_name.html,active,12,
gotemba-premium-outlets-godiva-chocolixer-drink-ice-cream,gotemba-premium-outlets,"Godiva Chocolixer (Drink,Ice Cream)",,,https://www.premiumoutlets.co.jp/en/gotemba/brands/shop_name.html,active,13,
gotemba-premium-outlets-gong-cha,gotemba-premium-outlets,Gong Cha,,,https://www.premiumoutlets.co.jp/en/gotemba/brands/shop_name.html,active,14,
gotemba-premium-outlets-gyukatsu-motomura,gotemba-premium-outlets,Gyukatsu Motomura,,,https://www.premiumoutlets.co.jp/en/gotemba/brands/shop_name.html,active,15,
gotemba-premium-outlets-hyorokutei,gotemba-premium-outlets,Hyorokutei,,,https://www.premiumoutlets.co.jp/en/gotemba/brands/shop_name.html,active,16,
gotemba-premium-outlets-idebok,gotemba-premium-outlets,Idebok,,,https://www.premiumoutlets.co.jp/en/gotemba/brands/shop_name.html,active,17,
gotemba-premium-outlets-kaneko-hannosuke,gotemba-premium-outlets,Kaneko Hannosuke,,,https://www.premiumoutlets.co.jp/en/gotemba/brands/shop_name.html,active,18,
gotemba-premium-outlets-laduree,gotemba-premium-outlets,Laduree,,,https://www.premiumoutlets.co.jp/en/gotemba/brands/shop_name.html,active,19,
gotemba-premium-outlets-lemonede-by-lemonica,gotemba-premium-outlets,Lemonede by Lemonica,,,https://www.premiumoutlets.co.jp/en/gotemba/brands/shop_name.html,active,20,
gotemba-premium-outlets-philly-s,gotemba-premium-outlets,Philly's,,,https://www.premiumoutlets.co.jp/en/gotemba/brands/shop_name.html,active,21,
gotemba-premium-outlets-pierre-marcolini,gotemba-premium-outlets,Pierre Marcolini,,,https://www.premiumoutlets.co.jp/en/gotemba/brands/shop_name.html,active,22,
gotemba-premium-outlets-salon-ginza-sabou-komeshokudo,gotemba-premium-outlets,Salon Ginza Sabou Komeshokudo,,,https://www.premiumoutlets.co.jp/en/gotemba/brands/shop_name.html,active,23,
gotemba-premium-outlets-san-grams-green-tea,gotemba-premium-outlets,San Grams Green Tea,,,https://www.premiumoutlets.co.jp/en/gotemba/brands/shop_name.html,active,24,
gotemba-premium-outlets-sawayaka,gotemba-premium-outlets,Sawayaka,,,https://www.premiumoutlets.co.jp/en/gotemba/brands/shop_name.html,active,25,
gotemba-premium-outlets-shake-shack,gotemba-premium-outlets,Shake Shack,,,https://www.premiumoutlets.co.jp/en/gotemba/brands/shop_name.html,active,26,
gotemba-premium-outlets-shizuoka-gotouchi-gourmet-express,gotemba-premium-outlets,Shizuoka Gotouchi Gourmet Express,,,https://www.premiumoutlets.co.jp/en/gotemba/brands/shop_name.html,active,27,
gotemba-premium-outlets-starbucks,gotemba-premium-outlets,Starbucks,,,https://www.premiumoutlets.co.jp/en/gotemba/brands/shop_name.html,active,28,
gotemba-premium-outlets-tamura-ginkatsutei,gotemba-premium-outlets,Tamura Ginkatsutei,,,https://www.premiumoutlets.co.jp/en/gotemba/brands/shop_name.html,active,29,
gotemba-premium-outlets-tensei,gotemba-premium-outlets,Tensei,,,https://www.premiumoutlets.co.jp/en/gotemba/brands/shop_name.html,active,30,
gotemba-premium-outlets-trattoria-tavola,gotemba-premium-outlets,Trattoria Tavola,,,https://www.premiumoutlets.co.jp/en/gotemba/brands/shop_name.html,active,31,
gotemba-premium-outlets-tully-s-coffee-tea-hill-side,gotemba-premium-outlets,Tully's Coffee & Tea (Hill Side),,,https://www.premiumoutlets.co.jp/en/gotemba/brands/shop_name.html,active,32,
gotemba-premium-outlets-tully-s-coffee-east,gotemba-premium-outlets,Tully's Coffee (East),,,https://www.premiumoutlets.co.jp/en/gotemba/brands/shop_name.html,active,33,
gotemba-premium-outlets-tully-s-coffee-west-kiosk,gotemba-premium-outlets,Tully's Coffee (West Kiosk),,,https://www.premiumoutlets.co.jp/en/gotemba/brands/shop_name.html,active,34,
gotemba-premium-outlets-udon-noodles-fujiyama-saryou,gotemba-premium-outlets,Udon Noodles Fujiyama Saryou,,,https://www.premiumoutlets.co.jp/en/gotemba/brands/shop_name.html,active,35,
gotemba-premium-outlets-uogashi,gotemba-premium-outlets,Uogashi,,,https://www.premiumoutlets.co.jp/en/gotemba/brands/shop_name.html,active,36,
gotemba-premium-outlets-wood-burning-steak,gotemba-premium-outlets,Wood Burning Steak,,,https://www.premiumoutlets.co.jp/en/gotemba/brands/shop_name.html,active,37,
mitsui-outlet-park-kisarazu-tully-s-coffee,mitsui-outlet-park-kisarazu,TULLY'S COFFEE,,,https://mitsui-shopping-park.com/en/mop/kisarazu/search/,active,1,
mitsui-outlet-park-kisarazu-gelato-pique-cafe-creperie,mitsui-outlet-park-kisarazu,Gelato pique cafe creperie,,,https://mitsui-shopping-park.com/en/mop/kisarazu/search/,active,2,
mitsui-outlet-park-kisarazu-kua-aina,mitsui-outlet-park-kisarazu,KUA AINA,,,https://mitsui-shopping-park.com/en/mop/kisarazu/search/,active,3,
mitsui-outlet-park-kisarazu-starbucks-coffee-japan-south-zone,mitsui-outlet-park-kisarazu,Starbucks Coffee Japan (South Zone),,,https://mitsui-shopping-park.com/en/mop/kisarazu/search/,active,4,
mitsui-outlet-park-kisarazu-tsukishima-monja-kuya,mitsui-outlet-park-kisarazu,Tsukishima Monja Kuya,,,https://mitsui-shopping-park.com/en/mop/kisarazu/search/,active,5,
mitsui-outlet-park-kisarazu-the-coach-coffee-shop,mitsui-outlet-park-kisarazu,The Coach Coffee Shop,,,https://mitsui-shopping-park.com/en/mop/kisarazu/search/,active,6,
mitsui-outlet-park-kisarazu-gourmet-conveyor-belt-sushi-hakodate-kantarou,mitsui-outlet-park-kisarazu,Gourmet conveyor belt sushi Hakodate Kantarou,,,https://mitsui-shopping-park.com/en/mop/kisarazu/search/,active,7,
mitsui-outlet-park-kisarazu-chakun-shoronpo,mitsui-outlet-park-kisarazu,Chakun Shoronpo,,,https://mitsui-shopping-park.com/en/mop/kisarazu/search/,active,8,
mitsui-outlet-park-kisarazu-eggs-n-things,mitsui-outlet-park-kisarazu,Eggs 'n Things,,,https://mitsui-shopping-park.com/en/mop/kisarazu/search/,active,9,
mitsui-outlet-park-kisarazu-taisiosobatouka,mitsui-outlet-park-kisarazu,TAISIOSOBATOUKA,,,https://mitsui-shopping-park.com/en/mop/kisarazu/search/,active,10,
mitsui-outlet-park-kisarazu-bairan,mitsui-outlet-park-kisarazu,Bairan,,,https://mitsui-shopping-park.com/en/mop/kisarazu/search/,active,11,
mitsui-outlet-park-kisarazu-great-steak,mitsui-outlet-park-kisarazu,GREAT STEAK,,,https://mitsui-shopping-park.com/en/mop/kisarazu/search/,active,12,
mitsui-outlet-park-kisarazu-tokachi-butadon-wakaba,mitsui-outlet-park-kisarazu,TOKACHI BUTADON WAKABA,,,https://mitsui-shopping-park.com/en/mop/kisarazu/search/,active,13,
mitsui-outlet-park-kisarazu-minamibousou-shunnsaichubou-wappajaya-kawana,mitsui-outlet-park-kisarazu,Minamibousou Shunnsaichubou Wappajaya Kawana,,,https://mitsui-shopping-park.com/en/mop/kisarazu/search/,active,14,
mitsui-outlet-park-kisarazu-tori-sanwa,mitsui-outlet-park-kisarazu,TORI SANWA,,,https://mitsui-shopping-park.com/en/mop/kisarazu/search/,active,15,
mitsui-outlet-park-kisarazu-miyatakesanukiudon,mitsui-outlet-park-kisarazu,MIYATAKESANUKIUDON,,,https://mitsui-shopping-park.com/en/mop/kisarazu/search/,active,16,
mitsui-outlet-park-kisarazu-hanbijae,mitsui-outlet-park-kisarazu,Hanbijae,,,https://mitsui-shopping-park.com/en/mop/kisarazu/search/,active,17,
mitsui-outlet-park-kisarazu-matsudo-tomita-seimen,mitsui-outlet-park-kisarazu,MATSUDO TOMITA SEIMEN,,,https://mitsui-shopping-park.com/en/mop/kisarazu/search/,active,18,
mitsui-outlet-park-kisarazu-sendai-tanya-rikyu,mitsui-outlet-park-kisarazu,Sendai Tanya Rikyu,,,https://mitsui-shopping-park.com/en/mop/kisarazu/search/,active,19,
mitsui-outlet-park-kisarazu-nihonbashi-tendon-kanekohannosuke,mitsui-outlet-park-kisarazu,Nihonbashi Tendon Kanekohannosuke,,,https://mitsui-shopping-park.com/en/mop/kisarazu/search/,active,20,
mitsui-outlet-park-kisarazu-ramen-express-hakata-ippudo,mitsui-outlet-park-kisarazu,RAMEN EXPRESS Hakata Ippudo,,,https://mitsui-shopping-park.com/en/mop/kisarazu/search/,active,21,
mitsui-outlet-park-kisarazu-curry-and-freshly-baked-nan-diya-express,mitsui-outlet-park-kisarazu,Curry & Freshly Baked NAN DIYA express,,,https://mitsui-shopping-park.com/en/mop/kisarazu/search/,active,22,
mitsui-outlet-park-kisarazu-kajukouboukarin,mitsui-outlet-park-kisarazu,KajukoubouKarin,,,https://mitsui-shopping-park.com/en/mop/kisarazu/search/,active,23,
mitsui-outlet-park-kisarazu-burdigala-express,mitsui-outlet-park-kisarazu,BURDIGALA EXPRESS,,,https://mitsui-shopping-park.com/en/mop/kisarazu/search/,active,24,
mitsui-outlet-park-kisarazu-motherfarm-cafe-and-softcream,mitsui-outlet-park-kisarazu,MOTHERFARM CAFE&SOFTCREAM,,,https://mitsui-shopping-park.com/en/mop/kisarazu/search/,active,25,
mitsui-outlet-park-kisarazu-godiva,mitsui-outlet-park-kisarazu,GODIVA,,,https://mitsui-shopping-park.com/en/mop/kisarazu/search/,active,26,
mitsui-outlet-park-kisarazu-sakagamike-cafe,mitsui-outlet-park-kisarazu,Sakagamike Cafe,,,https://mitsui-shopping-park.com/en/mop/kisarazu/search/,active,27,
mitsui-outlet-park-kisarazu-mr-farmer,mitsui-outlet-park-kisarazu,Mr.FARMER,,,https://mitsui-shopping-park.com/en/mop/kisarazu/search/,active,28,
mitsui-outlet-park-kisarazu-kyoto-uji-chaso-moritaen,mitsui-outlet-park-kisarazu,Kyoto Uji Chaso Moritaen,,,https://mitsui-shopping-park.com/en/mop/kisarazu/search/,active,29,
mitsui-outlet-park-kisarazu-pug,mitsui-outlet-park-kisarazu,PUG,,,https://mitsui-shopping-park.com/en/mop/kisarazu/search/,active,30,
mitsui-outlet-park-kisarazu-venchi,mitsui-outlet-park-kisarazu,Venchi,,,https://mitsui-shopping-park.com/en/mop/kisarazu/search/,active,31,
mitsui-outlet-park-kisarazu-cafe-lounge-the-tasting-experience-dean-and-de-luca,mitsui-outlet-park-kisarazu,CAFE LOUNGE THE TASTING EXPERIENCE DEAN & DE LUCA,,,https://mitsui-shopping-park.com/en/mop/kisarazu/search/,active,32,
mitsui-outlet-park-kisarazu-starbucks-coffee-japan-west-zone,mitsui-outlet-park-kisarazu,Starbucks Coffee Japan (West Zone),,,https://mitsui-shopping-park.com/en/mop/kisarazu/search/,active,33,
mitsui-outlet-park-kisarazu-shake-shack,mitsui-outlet-park-kisarazu,Shake Shack,,,https://mitsui-shopping-park.com/en/mop/kisarazu/search/,active,34,
mitsui-outlet-park-kisarazu-lindt-chocolat-boutique-and-cafe,mitsui-outlet-park-kisarazu,Lindt Chocolat Boutique & Cafe,,,https://mitsui-shopping-park.com/en/mop/kisarazu/search/,active,35,
mitsui-outlet-park-kisarazu-the-open-cafe,mitsui-outlet-park-kisarazu,THE OPEN CAFE,,,https://mitsui-shopping-park.com/en/mop/kisarazu/search/,active,36,
mitsui-outlet-park-kisarazu-momi-and-toy-s,mitsui-outlet-park-kisarazu,MOMI&TOY'S,,,https://mitsui-shopping-park.com/en/mop/kisarazu/search/,active,37,
rinku-premium-outlets-bagel-bagel,rinku-premium-outlets,Bagel & Bagel,,,https://www.premiumoutlets.co.jp/en/rinku/brands/shop_name.html,active,1,
rinku-premium-outlets-broil,rinku-premium-outlets,Broil,,,https://www.premiumoutlets.co.jp/en/rinku/brands/shop_name.html,active,2,
rinku-premium-outlets-crazy-crepes,rinku-premium-outlets,Crazy Crepes,,,https://www.premiumoutlets.co.jp/en/rinku/brands/shop_name.html,active,3,
rinku-premium-outlets-godiva,rinku-premium-outlets,Godiva,,,https://www.premiumoutlets.co.jp/en/rinku/brands/shop_name.html,active,4,
rinku-premium-outlets-gong-cha,rinku-premium-outlets,Gong Cha,,,https://www.premiumoutlets.co.jp/en/rinku/brands/shop_name.html,active,5,
rinku-premium-outlets-ilsoilso,rinku-premium-outlets,Ilsoilso,,,https://www.premiumoutlets.co.jp/en/rinku/brands/shop_name.html,active,6,
rinku-premium-outlets-ippudo,rinku-premium-outlets,Ippudo,,,https://www.premiumoutlets.co.jp/en/rinku/brands/shop_name.html,active,7,
rinku-premium-outlets-kamatake-udon,rinku-premium-outlets,Kamatake Udon,,,https://www.premiumoutlets.co.jp/en/rinku/brands/shop_name.html,active,8,
rinku-premium-outlets-kitkat,rinku-premium-outlets,Kitkat,,,https://www.premiumoutlets.co.jp/en/rinku/brands/shop_name.html,active,9,
rinku-premium-outlets-komeraku-rice-in-soup-fried-chicken,rinku-premium-outlets,"Komeraku ～ Rice in Soup, Fried Chicken",,,https://www.premiumoutlets.co.jp/en/rinku/brands/shop_name.html,active,10,
rinku-premium-outlets-korean-restaurant-bibim,rinku-premium-outlets,Korean Restaurant Bibim',,,https://www.premiumoutlets.co.jp/en/rinku/brands/shop_name.html,active,11,
rinku-premium-outlets-kua-aina,rinku-premium-outlets,Kua'aina,,,https://www.premiumoutlets.co.jp/en/rinku/brands/shop_name.html,active,12,
rinku-premium-outlets-kuzefukushouten,rinku-premium-outlets,Kuzefukushouten,,,https://www.premiumoutlets.co.jp/en/rinku/brands/shop_name.html,active,13,
rinku-premium-outlets-lindt,rinku-premium-outlets,Lindt,,,https://www.premiumoutlets.co.jp/en/rinku/brands/shop_name.html,active,14,
rinku-premium-outlets-luke-s-lobster,rinku-premium-outlets,Luke's Lobster,,,https://www.premiumoutlets.co.jp/en/rinku/brands/shop_name.html,active,15,
rinku-premium-outlets-mametora,rinku-premium-outlets,Mametora,,,https://www.premiumoutlets.co.jp/en/rinku/brands/shop_name.html,active,16,
rinku-premium-outlets-panda-express,rinku-premium-outlets,Panda Express,,,https://www.premiumoutlets.co.jp/en/rinku/brands/shop_name.html,active,17,
rinku-premium-outlets-rinku-food-park,rinku-premium-outlets,Rinku Food Park,,,https://www.premiumoutlets.co.jp/en/rinku/brands/shop_name.html,active,18,
rinku-premium-outlets-sandaya-honten,rinku-premium-outlets,Sandaya Honten,,,https://www.premiumoutlets.co.jp/en/rinku/brands/shop_name.html,active,19,
rinku-premium-outlets-shake-shack,rinku-premium-outlets,Shake Shack,,,https://www.premiumoutlets.co.jp/en/rinku/brands/shop_name.html,active,20,
rinku-premium-outlets-shin-chitose-kukou-sapporo-uogashi-57ban-ikikii-sushi,rinku-premium-outlets,Shin Chitose Kukou Sapporo Uogashi 57Ban Ikikii Sushi,,,https://www.premiumoutlets.co.jp/en/rinku/brands/shop_name.html,active,21,
rinku-premium-outlets-snow-peak-cafe-dining,rinku-premium-outlets,Snow Peak Cafe&Dining,,,https://www.premiumoutlets.co.jp/en/rinku/brands/shop_name.html,active,22,
rinku-premium-outlets-starbucks,rinku-premium-outlets,Starbucks,,,https://www.premiumoutlets.co.jp/en/rinku/brands/shop_name.html,active,23,
rinku-premium-outlets-starbucks-sea-side,rinku-premium-outlets,Starbucks Sea Side,,,https://www.premiumoutlets.co.jp/en/rinku/brands/shop_name.html,active,24,
rinku-premium-outlets-torisanwa,rinku-premium-outlets,Torisanwa,,,https://www.premiumoutlets.co.jp/en/rinku/brands/shop_name.html,active,25,
rinku-premium-outlets-tully-s-coffee,rinku-premium-outlets,Tully's Coffee,,,https://www.premiumoutlets.co.jp/en/rinku/brands/shop_name.html,active,26,
shisui-premium-outlets-binmugi,shisui-premium-outlets,Binmugi,,,https://www.premiumoutlets.co.jp/en/shisui/brands/shop_name.html,active,1,
shisui-premium-outlets-botejyu-express,shisui-premium-outlets,Botejyu Express,,,https://www.premiumoutlets.co.jp/en/shisui/brands/shop_name.html,active,2,
shisui-premium-outlets-cafe-dining-hannari,shisui-premium-outlets,Cafe & Dining Hannari,,,https://www.premiumoutlets.co.jp/en/shisui/brands/shop_name.html,active,3,
shisui-premium-outlets-cafe-comme-ca,shisui-premium-outlets,Cafe comme ca,,,https://www.premiumoutlets.co.jp/en/shisui/brands/shop_name.html,active,4,
shisui-premium-outlets-california-donuts-churros,shisui-premium-outlets,California Donuts＆Churros,,,https://www.premiumoutlets.co.jp/en/shisui/brands/shop_name.html,active,5,
shisui-premium-outlets-capricciosa,shisui-premium-outlets,Capricciosa,,,https://www.premiumoutlets.co.jp/en/shisui/brands/shop_name.html,active,6,
shisui-premium-outlets-delifrance,shisui-premium-outlets,Delifrance,,,https://www.premiumoutlets.co.jp/en/shisui/brands/shop_name.html,active,7,
shisui-premium-outlets-freshness-burger,shisui-premium-outlets,Freshness Burger,,,https://www.premiumoutlets.co.jp/en/shisui/brands/shop_name.html,active,8,
shisui-premium-outlets-garrett-popcorn-shops,shisui-premium-outlets,Garrett Popcorn Shops,,,https://www.premiumoutlets.co.jp/en/shisui/brands/shop_name.html,active,9,
shisui-premium-outlets-gelato-pique-cafe-creperie,shisui-premium-outlets,Gelato Pique Cafe Creperie,,,https://www.premiumoutlets.co.jp/en/shisui/brands/shop_name.html,active,10,
shisui-premium-outlets-godiva,shisui-premium-outlets,Godiva,,,https://www.premiumoutlets.co.jp/en/shisui/brands/shop_name.html,active,11,
shisui-premium-outlets-gong-cha,shisui-premium-outlets,Gong Cha,,,https://www.premiumoutlets.co.jp/en/shisui/brands/shop_name.html,active,12,
shisui-premium-outlets-ilsoilso,shisui-premium-outlets,Ilsoilso,,,https://www.premiumoutlets.co.jp/en/shisui/brands/shop_name.html,active,13,
shisui-premium-outlets-j-s-pancake-cafe,shisui-premium-outlets,J.S. Pancake Cafe,,,https://www.premiumoutlets.co.jp/en/shisui/brands/shop_name.html,active,14,
shisui-premium-outlets-kamukura-soup-with-noodles,shisui-premium-outlets,Kamukura Soup With Noodles,,,https://www.premiumoutlets.co.jp/en/shisui/brands/shop_name.html,active,15,
shisui-premium-outlets-korean-restaurant-bibim,shisui-premium-outlets,Korean Restaurant Bibim',,,https://www.premiumoutlets.co.jp/en/shisui/brands/shop_name.html,active,16,
shisui-premium-outlets-kuzefukushouten,shisui-premium-outlets,Kuzefukushouten,,,https://www.premiumoutlets.co.jp/en/shisui/brands/shop_name.html,active,17,
shisui-premium-outlets-lindt-chocolat-boutique-cafe,shisui-premium-outlets,Lindt Chocolat Boutique & Cafe,,,https://www.premiumoutlets.co.jp/en/shisui/brands/shop_name.html,active,18,
shisui-premium-outlets-maccha-house,shisui-premium-outlets,Maccha House,,,https://www.premiumoutlets.co.jp/en/shisui/brands/shop_name.html,active,19,
shisui-premium-outlets-nadaman-select-shop,shisui-premium-outlets,Nadaman Select Shop,,,https://www.premiumoutlets.co.jp/en/shisui/brands/shop_name.html,active,20,
shisui-premium-outlets-narita-dream-farm,shisui-premium-outlets,Narita Dream Farm,,,https://www.premiumoutlets.co.jp/en/shisui/brands/shop_name.html,active,21,
shisui-premium-outlets-plaza,shisui-premium-outlets,Plaza,,,https://www.premiumoutlets.co.jp/en/shisui/brands/shop_name.html,active,22,
shisui-premium-outlets-rockaway-burger,shisui-premium-outlets,Rockaway Burger,,,https://www.premiumoutlets.co.jp/en/shisui/brands/shop_name.html,active,23,
shisui-premium-outlets-sharin,shisui-premium-outlets,Sharin,,,https://www.premiumoutlets.co.jp/en/shisui/brands/shop_name.html,active,24,
shisui-premium-outlets-shinpachi-shokudo,shisui-premium-outlets,Shinpachi Shokudo,,,https://www.premiumoutlets.co.jp/en/shisui/brands/shop_name.html,active,25,
shisui-premium-outlets-souryutougyokudou,shisui-premium-outlets,Souryutougyokudou,,,https://www.premiumoutlets.co.jp/en/shisui/brands/shop_name.html,active,26,
shisui-premium-outlets-starbucks,shisui-premium-outlets,Starbucks,,,https://www.premiumoutlets.co.jp/en/shisui/brands/shop_name.html,active,27,
shisui-premium-outlets-sushi-choushimaru,shisui-premium-outlets,Sushi Choushimaru,,,https://www.premiumoutlets.co.jp/en/shisui/brands/shop_name.html,active,28,
shisui-premium-outlets-torikai,shisui-premium-outlets,Torikai,,,https://www.premiumoutlets.co.jp/en/shisui/brands/shop_name.html,active,29,
shisui-premium-outlets-unagi-kawatoyo,shisui-premium-outlets,Unagi Kawatoyo,,,https://www.premiumoutlets.co.jp/en/shisui/brands/shop_name.html,active,30,
shisui-premium-outlets-yogibo-store,shisui-premium-outlets,Yogibo Store,,,https://www.premiumoutlets.co.jp/en/shisui/brands/shop_name.html,active,31,
shisui-premium-outlets-31-ice-cream,shisui-premium-outlets,31 Ice Cream,,,https://www.premiumoutlets.co.jp/en/shisui/brands/shop_name.html,active,32,
kobe-sanda-premium-outlets-delifrance,kobe-sanda-premium-outlets,Delifrance,,,https://www.premiumoutlets.co.jp/en/kobesanda/brands/category.html,active,1,
kobe-sanda-premium-outlets-eggs-n-things,kobe-sanda-premium-outlets,Eggs 'n Things,,,https://www.premiumoutlets.co.jp/en/kobesanda/brands/category.html,active,2,
kobe-sanda-premium-outlets-enoteca-and-cases,kobe-sanda-premium-outlets,Enoteca & Cases,,,https://www.premiumoutlets.co.jp/en/kobesanda/brands/category.html,active,3,
kobe-sanda-premium-outlets-fresh-juice-bar-karin,kobe-sanda-premium-outlets,Fresh Juice Bar Karin（Kiosk）,,,https://www.premiumoutlets.co.jp/en/kobesanda/brands/category.html,active,4,
kobe-sanda-premium-outlets-gelato-pique-cafe,kobe-sanda-premium-outlets,Gelato Pique Cafe,,,https://www.premiumoutlets.co.jp/en/kobesanda/brands/category.html,active,5,
kobe-sanda-premium-outlets-godiva,kobe-sanda-premium-outlets,Godiva,,,https://www.premiumoutlets.co.jp/en/kobesanda/brands/category.html,active,6,
kobe-sanda-premium-outlets-ippudo,kobe-sanda-premium-outlets,Ippudo,,,https://www.premiumoutlets.co.jp/en/kobesanda/brands/category.html,active,7,
kobe-sanda-premium-outlets-kamatake-udon-sanda-oyakodon,kobe-sanda-premium-outlets,Kamatake Udon Sanda Oyakodon,,,https://www.premiumoutlets.co.jp/en/kobesanda/brands/category.html,active,8,
kobe-sanda-premium-outlets-kouran,kobe-sanda-premium-outlets,Kouran,,,https://www.premiumoutlets.co.jp/en/kobesanda/brands/category.html,active,9,
kobe-sanda-premium-outlets-kuaaina,kobe-sanda-premium-outlets,Kua'aina,,,https://www.premiumoutlets.co.jp/en/kobesanda/brands/category.html,active,10,
kobe-sanda-premium-outlets-lindt-chocolat-boutique-and-cafe,kobe-sanda-premium-outlets,Lindt Chocolat Boutique & Cafe,,,https://www.premiumoutlets.co.jp/en/kobesanda/brands/category.html,active,11,
kobe-sanda-premium-outlets-lupicia,kobe-sanda-premium-outlets,Lupicia,,,https://www.premiumoutlets.co.jp/en/kobesanda/brands/category.html,active,12,
kobe-sanda-premium-outlets-onikuya,kobe-sanda-premium-outlets,Onikuya,,,https://www.premiumoutlets.co.jp/en/kobesanda/brands/category.html,active,13,
kobe-sanda-premium-outlets-roast-beef-yoshimi,kobe-sanda-premium-outlets,Roast Beef Yoshimi,,,https://www.premiumoutlets.co.jp/en/kobesanda/brands/category.html,active,14,
kobe-sanda-premium-outlets-salon-ginza-sabou-komeshokudo,kobe-sanda-premium-outlets,Salon Ginza Sabou Komeshokudo,,,https://www.premiumoutlets.co.jp/en/kobesanda/brands/category.html,active,15,
kobe-sanda-premium-outlets-sandaya-honten,kobe-sanda-premium-outlets,Sandaya Honten,,,https://www.premiumoutlets.co.jp/en/kobesanda/brands/category.html,active,16,
kobe-sanda-premium-outlets-starbucks,kobe-sanda-premium-outlets,Starbucks,,,https://www.premiumoutlets.co.jp/en/kobesanda/brands/category.html,active,17,
kobe-sanda-premium-outlets-tana-forno,kobe-sanda-premium-outlets,Tana Forno,,,https://www.premiumoutlets.co.jp/en/kobesanda/brands/category.html,active,18,
kobe-sanda-premium-outlets-teppann-express,kobe-sanda-premium-outlets,Teppann Express,,,https://www.premiumoutlets.co.jp/en/kobesanda/brands/category.html,active,19,
kobe-sanda-premium-outlets-tsukiji-gindaco,kobe-sanda-premium-outlets,Tsukiji Gindaco,,,https://www.premiumoutlets.co.jp/en/kobesanda/brands/category.html,active,20,
kobe-sanda-premium-outlets-tullys-coffee-select,kobe-sanda-premium-outlets,Tully's Coffee Select,,,https://www.premiumoutlets.co.jp/en/kobesanda/brands/category.html,active,21,
sano-premium-outlets-crazy-crepes,sano-premium-outlets,Crazy Crepes,,,https://www.premiumoutlets.co.jp/en/sano/brands/category.html?tab=2,active,1,
sano-premium-outlets-godiva,sano-premium-outlets,Godiva,,,https://www.premiumoutlets.co.jp/en/sano/brands/category.html?tab=2,active,2,
sano-premium-outlets-starbucks-1,sano-premium-outlets,Starbucks,,,https://www.premiumoutlets.co.jp/en/sano/brands/category.html?tab=2,active,3,
sano-premium-outlets-starbucks-2,sano-premium-outlets,Starbucks,,,https://www.premiumoutlets.co.jp/en/sano/brands/category.html?tab=2,active,4,
sano-premium-outlets-bagel-and-bagel,sano-premium-outlets,Bagel & Bagel,,,https://www.premiumoutlets.co.jp/en/sano/brands/category.html?tab=2,active,5,
sano-premium-outlets-tsukiji-gindaco,sano-premium-outlets,Tsukiji Gindaco,,,https://www.premiumoutlets.co.jp/en/sano/brands/category.html?tab=2,active,6,
sano-premium-outlets-kua-aina,sano-premium-outlets,Kua'aina,,,https://www.premiumoutlets.co.jp/en/sano/brands/category.html?tab=2,active,7,
sano-premium-outlets-benitorasaiho,sano-premium-outlets,Benitorasaiho,,,https://www.premiumoutlets.co.jp/en/sano/brands/category.html?tab=2,active,8,
sano-premium-outlets-freshness-burger,sano-premium-outlets,Freshness Burger,,,https://www.premiumoutlets.co.jp/en/sano/brands/category.html?tab=2,active,9,
sano-premium-outlets-fresh-juice-bar-karin-kiosk,sano-premium-outlets,Fresh Juice Bar Karin（Kiosk）,,,https://www.premiumoutlets.co.jp/en/sano/brands/category.html?tab=2,active,10,
sano-premium-outlets-kuzefukushouten,sano-premium-outlets,Kuzefukushouten,,,https://www.premiumoutlets.co.jp/en/sano/brands/category.html?tab=2,active,11,
sano-premium-outlets-enoteca,sano-premium-outlets,Enoteca,,,https://www.premiumoutlets.co.jp/en/sano/brands/category.html?tab=2,active,12,
sano-premium-outlets-takashimaya-world-gourmet,sano-premium-outlets,Takashimaya World Gourmet,,,https://www.premiumoutlets.co.jp/en/sano/brands/category.html?tab=2,active,13,
sano-premium-outlets-capricciosa,sano-premium-outlets,Capricciosa,,,https://www.premiumoutlets.co.jp/en/sano/brands/category.html?tab=2,active,14,
sano-premium-outlets-soba-and-sauce-cutlet-shop-zen,sano-premium-outlets,Soba and sauce cutlet shop  Zen,,,https://www.premiumoutlets.co.jp/en/sano/brands/category.html?tab=2,active,15,
sano-premium-outlets-cheese-garden,sano-premium-outlets,Cheese Garden,,,https://www.premiumoutlets.co.jp/en/sano/brands/category.html?tab=2,active,16,
sano-premium-outlets-gong-cha,sano-premium-outlets,Gong Cha,,,https://www.premiumoutlets.co.jp/en/sano/brands/category.html?tab=2,active,17,
sano-premium-outlets-ippudo,sano-premium-outlets,Ippudo,,,https://www.premiumoutlets.co.jp/en/sano/brands/category.html?tab=2,active,18,
sano-premium-outlets-lindt-chocolat-boutique-and-cafe,sano-premium-outlets,Lindt Chocolat Boutique & Cafe,,,https://www.premiumoutlets.co.jp/en/sano/brands/category.html?tab=2,active,19,
sano-premium-outlets-uonuma-dining,sano-premium-outlets,Uonuma Dining,,,https://www.premiumoutlets.co.jp/en/sano/brands/category.html?tab=2,active,20,
sano-premium-outlets-gelato-pique-cafe,sano-premium-outlets,Gelato Pique Cafe,,,https://www.premiumoutlets.co.jp/en/sano/brands/category.html?tab=2,active,21,
sano-premium-outlets-curry-and-yakitate-naan-amara,sano-premium-outlets,Curry & Yakitate Naan Amara,,,https://www.premiumoutlets.co.jp/en/sano/brands/category.html?tab=2,active,22,
sano-premium-outlets-yamashita-honki-udon,sano-premium-outlets,Yamashita Honki Udon,,,https://www.premiumoutlets.co.jp/en/sano/brands/category.html?tab=2,active,23,
sano-premium-outlets-komeraku-seafood-rice-fried-chicken,sano-premium-outlets,"Komeraku～Seafood Rice,Fried Chicken",,,https://www.premiumoutlets.co.jp/en/sano/brands/category.html?tab=2,active,24,
sano-premium-outlets-korean-kitchen-shijan,sano-premium-outlets,Korean Kitchen Shijan,,,https://www.premiumoutlets.co.jp/en/sano/brands/category.html?tab=2,active,25,
sano-premium-outlets-bakery-restaurant-c,sano-premium-outlets,Bakery Restaurant C,,,https://www.premiumoutlets.co.jp/en/sano/brands/category.html?tab=2,active,26,
shanghai-village-dining-1,shanghai-village,Sue Hsiao Liu 苏小柳,,,https://sh.thebicestercollection.cn/en/dining,active,1,[]
shanghai-village-dining-2,shanghai-village,Café del Volcán,,,https://sh.thebicestercollection.cn/en/dining,active,2,[]
shanghai-village-dining-3,shanghai-village,% Arabica,,,https://sh.thebicestercollection.cn/en/dining,active,3,[]
shanghai-village-dining-4,shanghai-village,ZAKUZAKU,,,https://sh.thebicestercollection.cn/en/dining,active,4,[]
shanghai-village-dining-5,shanghai-village,T9tea,,,https://sh.thebicestercollection.cn/en/dining,active,5,[]
shanghai-village-dining-6,shanghai-village,FAT PHO 大發越南粉,,,https://sh.thebicestercollection.cn/en/dining,active,6,[]
shanghai-village-dining-7,shanghai-village,VENCHI闻绮,,,https://sh.thebicestercollection.cn/en/dining,active,7,[]
shanghai-village-dining-8,shanghai-village,MOMÉNTI,,,https://sh.thebicestercollection.cn/en/dining,active,8,[]
shanghai-village-dining-9,shanghai-village,Really Thai,,,https://sh.thebicestercollection.cn/en/dining,active,9,[]
shanghai-village-dining-10,shanghai-village,LA MATCHA 抹茶吧,,,https://sh.thebicestercollection.cn/en/dining,active,10,[]
shanghai-village-dining-11,shanghai-village,LOONG MIEN KOON 龙味馆,,,https://sh.thebicestercollection.cn/en/dining,active,11,[]
shanghai-village-dining-12,shanghai-village,BEEF & LIBERTY 尚牛社会,,,https://sh.thebicestercollection.cn/en/dining,active,12,[]
shanghai-village-dining-13,shanghai-village,CHAGEE霸王茶姬,,,https://sh.thebicestercollection.cn/en/dining,active,13,[]
shanghai-village-dining-14,shanghai-village,Yer-shari 耶里夏丽,,,https://sh.thebicestercollection.cn/en/dining,active,14,[]
shanghai-village-dining-15,shanghai-village,KOYA RAMEN 琥家拉面,,,https://sh.thebicestercollection.cn/en/dining,active,15,[]
shanghai-village-dining-16,shanghai-village,Huokao 伙靠,,,https://sh.thebicestercollection.cn/en/dining,active,16,[]
shanghai-village-dining-17,shanghai-village,UGLY GELATO,,,https://sh.thebicestercollection.cn/en/dining,active,17,[]
shanghai-village-dining-18,shanghai-village,STARBUCKS 星巴克,,,https://sh.thebicestercollection.cn/en/dining,active,18,[]
shanghai-village-dining-19,shanghai-village,Other Tea,,,https://sh.thebicestercollection.cn/en/dining,active,19,[]
shanghai-village-dining-20,shanghai-village,SHI HAO DIAN 食好點,,,https://sh.thebicestercollection.cn/en/dining,active,20,[]
designer-outlet-parndorf-amici-napoli,designer-outlet-parndorf,Amici Napoli,Restaurant,€€,https://www.mcarthurglen.com/en/outlets/at/designer-outlet-parndorf/food-drink/,active,1,
designer-outlet-parndorf-artner,designer-outlet-parndorf,Artner,Restaurant,€€,https://www.mcarthurglen.com/en/outlets/at/designer-outlet-parndorf/food-drink/,active,2,
designer-outlet-parndorf-asia-up,designer-outlet-parndorf,Asia Up,Restaurant,€€,https://www.mcarthurglen.com/en/outlets/at/designer-outlet-parndorf/food-drink/,active,3,
designer-outlet-parndorf-bistrot-italiano,designer-outlet-parndorf,Bistrot Italiano,Restaurant,€€,https://www.mcarthurglen.com/en/outlets/at/designer-outlet-parndorf/food-drink/,active,4,
designer-outlet-parndorf-burger-king,designer-outlet-parndorf,Burger King,Fast Food,€€,https://www.mcarthurglen.com/en/outlets/at/designer-outlet-parndorf/food-drink/,active,5,
designer-outlet-parndorf-cioco-bar,designer-outlet-parndorf,Cioco Bar,Restaurant,€€,https://www.mcarthurglen.com/en/outlets/at/designer-outlet-parndorf/food-drink/,active,6,
designer-outlet-parndorf-doner-bros,designer-outlet-parndorf,Döner Bros,Fast Food,€€,https://www.mcarthurglen.com/en/outlets/at/designer-outlet-parndorf/food-drink/,active,7,
designer-outlet-parndorf-le-burger,designer-outlet-parndorf,Le Burger,Fast Food,€€,https://www.mcarthurglen.com/en/outlets/at/designer-outlet-parndorf/food-drink/,active,8,
designer-outlet-parndorf-leon-street-food,designer-outlet-parndorf,Leon Street Food,Restaurant,€€,https://www.mcarthurglen.com/en/outlets/at/designer-outlet-parndorf/food-drink/,active,9,
designer-outlet-parndorf-lias,designer-outlet-parndorf,Lia's,Restaurant,€€,https://www.mcarthurglen.com/en/outlets/at/designer-outlet-parndorf/food-drink/,active,10,
designer-outlet-parndorf-lias-bistrot,designer-outlet-parndorf,Lia's Bistrot,Restaurant,€€,https://www.mcarthurglen.com/en/outlets/at/designer-outlet-parndorf/food-drink/,active,11,
designer-outlet-parndorf-myburgenland-bistro,designer-outlet-parndorf,myBurgenland Bistro,Restaurant,€€,https://www.mcarthurglen.com/en/outlets/at/designer-outlet-parndorf/food-drink/,active,12,
designer-outlet-parndorf-nannuk,designer-outlet-parndorf,Nannuk,Restaurant,€€,https://www.mcarthurglen.com/en/outlets/at/designer-outlet-parndorf/food-drink/,active,13,
designer-outlet-parndorf-nordsee,designer-outlet-parndorf,Nordsee,Restaurant,€€,https://www.mcarthurglen.com/en/outlets/at/designer-outlet-parndorf/food-drink/,active,14,
designer-outlet-parndorf-pretzels-paradise,designer-outlet-parndorf,Pretzels Paradise,Cafe,€€,https://www.mcarthurglen.com/en/outlets/at/designer-outlet-parndorf/food-drink/,active,15,
designer-outlet-parndorf-sacher-cafe,designer-outlet-parndorf,Sacher Café,Cafe,€€,https://www.mcarthurglen.com/en/outlets/at/designer-outlet-parndorf/food-drink/,active,16,
designer-outlet-parndorf-starbucks,designer-outlet-parndorf,Starbucks,Cafe,€€,https://www.mcarthurglen.com/en/outlets/at/designer-outlet-parndorf/food-drink/,active,17,
designer-outlet-parndorf-tommys-coffee,designer-outlet-parndorf,Tommy's Coffee,Cafe,€€,https://www.mcarthurglen.com/en/outlets/at/designer-outlet-parndorf/food-drink/,active,18,
designer-outlet-parndorf-wagamama,designer-outlet-parndorf,wagamama,Restaurant,€€,https://www.mcarthurglen.com/en/outlets/at/designer-outlet-parndorf/food-drink/,active,19,
designer-outlet-parndorf-wurstliebe,designer-outlet-parndorf,Wurstliebe,Restaurant,€€,https://www.mcarthurglen.com/en/outlets/at/designer-outlet-parndorf/food-drink/,active,20,
designer-outlet-salzburg-asia-cocos,designer-outlet-salzburg,Asia Cocos,Restaurant,€€,https://www.mcarthurglen.com/en/outlets/at/designer-outlet-salzburg/food-drink/,active,21,
designer-outlet-salzburg-burger-lounge,designer-outlet-salzburg,Burger Lounge,Fast Food,€€,https://www.mcarthurglen.com/en/outlets/at/designer-outlet-salzburg/food-drink/,active,22,
designer-outlet-salzburg-cafe-caprice,designer-outlet-salzburg,Café Caprice,Cafe,€€,https://www.mcarthurglen.com/en/outlets/at/designer-outlet-salzburg/food-drink/,active,23,
designer-outlet-salzburg-frozen-yoghurt,designer-outlet-salzburg,Frozen Yoghurt,Dessert,€€,https://www.mcarthurglen.com/en/outlets/at/designer-outlet-salzburg/food-drink/,active,24,
designer-outlet-salzburg-kaiten-asia,designer-outlet-salzburg,Kaiten Asia,Restaurant,€€,https://www.mcarthurglen.com/en/outlets/at/designer-outlet-salzburg/food-drink/,active,25,
designer-outlet-salzburg-mamas-deli,designer-outlet-salzburg,Mama's Deli,Restaurant,€€,https://www.mcarthurglen.com/en/outlets/at/designer-outlet-salzburg/food-drink/,active,26,
designer-outlet-salzburg-mcdonalds,designer-outlet-salzburg,McDonald's,Restaurant,€€,https://www.mcarthurglen.com/en/outlets/at/designer-outlet-salzburg/food-drink/,active,27,
designer-outlet-salzburg-rossopomodoro,designer-outlet-salzburg,Rossopomodoro,Restaurant,€€,https://www.mcarthurglen.com/en/outlets/at/designer-outlet-salzburg/food-drink/,active,28,
maasmechelen-village-cho-gao,maasmechelen-village,Cho Gao,Restaurant,€€,https://www.thebicestercollection.com/maasmechelen-village/en/dine/cho-gao/,active,1,
maasmechelen-village-churros-and-more,maasmechelen-village,Churros & More,Dessert,€€,https://www.thebicestercollection.com/maasmechelen-village/en/dine/,active,2,
maasmechelen-village-izy-coffee,maasmechelen-village,Izy Coffee,Cafe,€€,https://www.thebicestercollection.com/maasmechelen-village/en/dine/,active,3,
maasmechelen-village-le-pain-quotidien,maasmechelen-village,Le Pain Quotidien,Cafe,€€,https://www.thebicestercollection.com/maasmechelen-village/en/dine/le-pain-quotidien/,active,4,
maasmechelen-village-le-petit-belge,maasmechelen-village,Le Petit Belge,Restaurant,€€,https://www.thebicestercollection.com/maasmechelen-village/en/dine/le-petit-belge/,active,5,
maasmechelen-village-le-spritzz,maasmechelen-village,Le Spritzz,Bar,€€,https://www.thebicestercollection.com/maasmechelen-village/en/dine/,active,6,
designer-outlet-luxembourg-crepes-and-co,designer-outlet-luxembourg,Crêpes & Co,Crepes • Cafe,€€,https://www.designeroutletluxembourg.com/en/center/restaurants,active,1,
designer-outlet-luxembourg-el-pepper,designer-outlet-luxembourg,El Pepper,Fries • Burgers,€€,https://www.designeroutletluxembourg.com/en/center/restaurants,active,2,
designer-outlet-luxembourg-hoppy-restaurant,designer-outlet-luxembourg,Hoppy restaurant,Restaurant • Beer,€€,https://www.designeroutletluxembourg.com/en/center/restaurants,active,3,
fashion-arena-prague-outlet-cervene-jablko,fashion-arena-prague-outlet,Červené jablko,Chinese • Japanese,€€,https://www.fashion-arena.cz/en/restaurants/cervene-jablko,active,1,
fashion-arena-prague-outlet-costa-coffee,fashion-arena-prague-outlet,Costa Coffee,Coffee • Cafe,€€,https://www.fashion-arena.cz/en/restaurants/costa-coffee,active,2,
fashion-arena-prague-outlet-fruitisimo,fashion-arena-prague-outlet,Fruitisimo,Juice Bar • Ice Cream,€€,https://www.fashion-arena.cz/en/restaurants/fruitisimo,active,3,
fashion-arena-prague-outlet-regal-burger,fashion-arena-prague-outlet,Regal Burger,Burgers,€€,https://www.fashion-arena.cz/en/restaurants/regal-burger,active,4,
fashion-arena-prague-outlet-satyam,fashion-arena-prague-outlet,Satyam,Indian,€€,https://www.fashion-arena.cz/en/restaurants/satyam,active,5,
fashion-arena-prague-outlet-starbucks,fashion-arena-prague-outlet,Starbucks,Coffee • Cafe,€€,https://www.fashion-arena.cz/en/restaurants/starbucks,active,6,
fashion-arena-prague-outlet-wrap-n-roll,fashion-arena-prague-outlet,Wrap'N Roll,Asian Street Food,€€,https://www.fashion-arena.cz/en/restaurants/wrap-n-roll,active,7,
ros-designer-outlet-frankie-fox-caffe-bar,ros-designer-outlet,Frankie Fox Caffe Bar,Coffee Shop,€€,https://www.designeroutletcroatia.com/en/translate-to-english-restorani,active,1,
ros-designer-outlet-green-bar,ros-designer-outlet,Green Bar,Healthy Food,€€,https://www.designeroutletcroatia.com/en/translate-to-english-restorani,active,2,
ros-designer-outlet-leggiero,ros-designer-outlet,Leggiero,Coffee Shop,€€,https://www.designeroutletcroatia.com/en/translate-to-english-restorani,active,3,
ros-designer-outlet-mlinar-caffe,ros-designer-outlet,Mlinar Caffe,Coffee Shop,€€,https://www.designeroutletcroatia.com/en/translate-to-english-restorani,active,4,
ringsted-outlet-espresso-house,ringsted-outlet,Espresso House,Cafe,€€,https://ringsteddesigneroutlet.dk/en/map-ringsted-outlet/,active,1,
ringsted-outlet-mcdonalds,ringsted-outlet,McDonald's,Fast Food,€€,https://ringsteddesigneroutlet.dk/en/map-ringsted-outlet/,active,2,
ringsted-outlet-the-burger,ringsted-outlet,The Burger,Fast Food,€€,https://ringsteddesigneroutlet.dk/en/map-ringsted-outlet/,active,3,
t1-tallinn-bad-habits,t1-tallinn-outlet,Bad Habits,Restaurant • Street food,€€,https://t1tallinn.com/en/catering-category/restaurants/,active,1,
t1-tallinn-boost-juice-bar,t1-tallinn-outlet,Boost Juice Bar,Juice Bar,€€,https://t1tallinn.com/en/catering-category/restaurants/,active,2,
t1-tallinn-claudz-family-restaurant-and-cafe,t1-tallinn-outlet,Claudz – family restaurant and café,Restaurant • Cafe,€€,https://t1tallinn.com/en/catering-category/restaurants/,active,3,
t1-tallinn-crudo-pizza-pasta,t1-tallinn-outlet,Crudo Pizza & Pasta,Pizza • Pasta,€€,https://t1tallinn.com/en/catering-category/restaurants/,active,4,
t1-tallinn-doner-hesekebab-gyros,t1-tallinn-outlet,Döner HeseKebab® & Gyros,Kebab • Gyros,€€,https://t1tallinn.com/en/catering-category/restaurants/,active,5,
t1-tallinn-garage-sushi-burger,t1-tallinn-outlet,Garage Sushi & Burger,Sushi • Burgers,€€,https://t1tallinn.com/en/catering-category/restaurants/,active,6,
t1-tallinn-hesburger,t1-tallinn-outlet,Hesburger,Fast Food,€€,https://t1tallinn.com/en/catering-category/restaurants/,active,7,
t1-tallinn-monk-restoran,t1-tallinn-outlet,Monk Restoran,Restaurant,€€,https://t1tallinn.com/en/catering-category/restaurants/,active,8,
t1-tallinn-mumm-lounge-baar,t1-tallinn-outlet,MUMM Lounge baar,Bar • Cafe,€€,https://t1tallinn.com/en/catering-category/restaurants/,active,9,
t1-tallinn-osay-bubble-tea,t1-tallinn-outlet,OSAY Bubble Tea,Bubble Tea,€€,https://t1tallinn.com/en/catering-category/restaurants/,active,10,
t1-tallinn-pann-kook,t1-tallinn-outlet,Pann & Kook,Restaurant • Cafe,€€,https://t1tallinn.com/en/catering-category/restaurants/,active,11,
t1-tallinn-panorama-lounge,t1-tallinn-outlet,Panorama Lounge,Restaurant • Cafe,€€,https://t1tallinn.com/en/catering-category/restaurants/,active,12,
t1-tallinn-pelm-deli,t1-tallinn-outlet,Pelm Deli,Lunch,€€,https://t1tallinn.com/en/catering-category/restaurants/,active,13,
t1-tallinn-pelmen-kasitoo-kohvik,t1-tallinn-outlet,Pelmen Käsitöö Kohvik,Restaurant • Cafe,€€,https://t1tallinn.com/en/catering-category/restaurants/,active,14,
t1-tallinn-puffid-bakery,t1-tallinn-outlet,Puffid Bakery,Bakery • Cafe,€€,https://t1tallinn.com/en/catering-category/restaurants/,active,15,
t1-tallinn-restoran-pelm,t1-tallinn-outlet,Restoran Pelm,Restaurant,€€,https://t1tallinn.com/en/catering-category/restaurants/,active,16,
t1-tallinn-restoran-ribi,t1-tallinn-outlet,Restoran RIBI,Restaurant,€€,https://t1tallinn.com/en/catering-category/restaurants/,active,17,
t1-tallinn-roberts-coffee,t1-tallinn-outlet,Robert’s Coffee,Cafe,€€,https://t1tallinn.com/en/catering-category/restaurants/,active,18,
t1-tallinn-susi-grill-chill,t1-tallinn-outlet,SÜSI Grill & Chill,Grill • Street food,€€,https://t1tallinn.com/en/catering-category/restaurants/,active,19,
t1-tallinn-tokumaru,t1-tallinn-outlet,TOKUMARU,Restaurant,€€,https://t1tallinn.com/en/catering-category/restaurants/,active,20,
t1-tallinn-zumin-lounge-resto,t1-tallinn-outlet,Zumin Lounge resto,Restaurant • Cafe,€€,https://t1tallinn.com/en/catering-category/restaurants/,active,21,
ideapark-lempaala-outlet-bella-roma-and-daddys-diner-and-beefking,ideapark-lempaala-outlet,Bella Roma & Daddy's Diner & Beefking,Restaurant / café,€€,https://lempaala.ideapark.fi/en/shopping/shops-and-services/,active,1,
ideapark-lempaala-outlet-burger-king,ideapark-lempaala-outlet,Burger King,Restaurant / café,€€,https://lempaala.ideapark.fi/en/shopping/shops-and-services/,active,2,
ideapark-lempaala-outlet-espresso-house,ideapark-lempaala-outlet,Espresso House,Restaurant / café,€€,https://lempaala.ideapark.fi/en/shopping/shops-and-services/,active,3,
ideapark-lempaala-outlet-friends-and-brgrs,ideapark-lempaala-outlet,Friends & Brgrs,Restaurant / café,€€,https://lempaala.ideapark.fi/en/shopping/shops-and-services/,active,4,
ideapark-lempaala-outlet-hesburger,ideapark-lempaala-outlet,Hesburger,Restaurant / café,€€,https://lempaala.ideapark.fi/en/shopping/shops-and-services/,active,5,
ideapark-lempaala-outlet-kotipizza,ideapark-lempaala-outlet,Kotipizza,Restaurant / café,€€,https://lempaala.ideapark.fi/en/shopping/shops-and-services/,active,6,
ideapark-lempaala-outlet-pancho-villa,ideapark-lempaala-outlet,Pancho Villa,Restaurant / café,€€,https://lempaala.ideapark.fi/en/shopping/shops-and-services/,active,7,
ideapark-lempaala-outlet-pizza-hut,ideapark-lempaala-outlet,Pizza Hut,Restaurant / café,€€,https://lempaala.ideapark.fi/en/shopping/shops-and-services/,active,8,
ideapark-lempaala-outlet-rax-pizzabuffet,ideapark-lempaala-outlet,Rax Pizzabuffet,Restaurant / café,€€,https://lempaala.ideapark.fi/en/shopping/shops-and-services/,active,9,
ideapark-lempaala-outlet-seoul-good-ideapark,ideapark-lempaala-outlet,Seoul Good Ideapark,Restaurant / café,€€,https://lempaala.ideapark.fi/en/shopping/shops-and-services/,active,10,
ideapark-lempaala-outlet-subway,ideapark-lempaala-outlet,Subway,Restaurant / café,€€,https://lempaala.ideapark.fi/en/shopping/shops-and-services/,active,11,
amorino-provence,designer-outlet-provence,Amorino,Food,€€,https://www.mcarthurglen.com/en/outlets/fr/designer-outlet-provence/food-drink/amorino/,active,1,
bagelstein-provence,designer-outlet-provence,Bagelstein,Food,€€,https://www.mcarthurglen.com/en/outlets/fr/designer-outlet-provence/food-drink/bagelstein/,active,2,
farinella-provence,designer-outlet-provence,Farinella,Food,€€,https://www.mcarthurglen.com/en/outlets/fr/designer-outlet-provence/food-drink/farinella/,active,3,
five-guys-provence,designer-outlet-provence,Five Guys,Food,€€,https://www.mcarthurglen.com/en/outlets/fr/designer-outlet-provence/food-drink/five-guys/,active,4,
illy-cafe-provence,designer-outlet-provence,Illy Café,Cafe,€€,https://www.mcarthurglen.com/en/outlets/fr/designer-outlet-provence/food-drink/illy/,active,5,
jeff-de-bruges-provence,designer-outlet-provence,Jeff de Bruges,Confectionery,€€,https://www.mcarthurglen.com/en/outlets/fr/designer-outlet-provence/food-drink/jeff-de-bruges/,active,6,
lemporthe-provence,designer-outlet-provence,L'Emporthé,Restaurants & Cafés,€€,https://www.mcarthurglen.com/en/outlets/fr/designer-outlet-provence/food-drink/lemporthe/,active,7,
lindt-provence,designer-outlet-provence,Lindt,Confectionery,€€,https://www.mcarthurglen.com/en/outlets/fr/designer-outlet-provence/food-drink/lindt/,active,8,
ma-premiere-cantine-provence,designer-outlet-provence,Ma Première Cantine,Food,€€,https://www.mcarthurglen.com/en/outlets/fr/designer-outlet-provence/food-drink/ma-premiere-cantine/,active,9,
maison-yellow-provence,designer-outlet-provence,Maison Yellow,Food,€€,https://www.mcarthurglen.com/en/outlets/fr/designer-outlet-provence/food-drink/maison-yellow/,active,10,
olivadors-provence,designer-outlet-provence,Olivadors,Food,€€,https://www.mcarthurglen.com/en/outlets/fr/designer-outlet-provence/food-drink/olivadors/,active,11,
pokabowl-provence,designer-outlet-provence,Pokabowl,Food,€€,https://www.mcarthurglen.com/en/outlets/fr/designer-outlet-provence/food-drink/pokabowl/,active,12,
starbucks-provence,designer-outlet-provence,Starbucks,Cafe,€€,https://www.mcarthurglen.com/en/outlets/fr/designer-outlet-provence/food-drink/starbucks/,active,13,
amorino-troyes,designer-outlet-troyes,Amorino,Ice Cream,€€,https://www.mcarthurglen.com/en/outlets/fr/designer-outlet-troyes/restaurants/amorino/,active,1,
lindt-troyes,designer-outlet-troyes,Lindt,Confectionery,€€,https://www.mcarthurglen.com/en/outlets/fr/designer-outlet-troyes/restaurants/chocolat-bar-lindt/,active,2,
la-fringale-troyes,designer-outlet-troyes,La Fring'ale,Food,€€,https://www.mcarthurglen.com/en/outlets/fr/designer-outlet-troyes/restaurants/la-fringale/,active,3,
maison-caffet-troyes,designer-outlet-troyes,Maison Caffet,Tea & Coffee,€€,https://www.mcarthurglen.com/en/outlets/fr/designer-outlet-troyes/restaurants/maison-caffet/,active,4,
mezzo-di-pasta-troyes,designer-outlet-troyes,Mezzo di Pasta,Quick Service,€€,https://www.mcarthurglen.com/en/outlets/fr/designer-outlet-troyes/restaurants/mezzo-di-pasta/,active,5,
rosaparks-troyes,designer-outlet-troyes,Rosaparks,Food,€€,https://www.mcarthurglen.com/en/outlets/fr/designer-outlet-troyes/restaurants/rosaparks/,active,6,
starbucks-troyes,designer-outlet-troyes,Starbucks,Cafe,€€,https://www.mcarthurglen.com/en/outlets/fr/designer-outlet-troyes/restaurants/starbucks/,active,7,
amorino,la-vallee-village,Amorino,Ice Cream,€,https://www.thebicestercollection.com/la-vallee-village/fr/restaurant/amorino/,active,1,
art-cafe,la-vallee-village,Art café,Lunch,€€,https://www.thebicestercollection.com/la-vallee-village/fr/restaurant/art-cafe/,active,2,
laduree,la-vallee-village,Ladurée,Macarons,€€€,https://www.thebicestercollection.com/la-vallee-village/fr/restaurant/laduree/,active,3,
momus,la-vallee-village,Momus,Cafe,€€€,https://www.thebicestercollection.com/la-vallee-village/fr/restaurant/momus/,active,4,
pierre-herme,la-vallee-village,Pierre Hermé Paris,Chocolatier,€€€,https://www.thebicestercollection.com/la-vallee-village/fr/restaurant/pierre-herme-paris/,active,5,
pret-a-manger,la-vallee-village,Pret A Manger,Lunch,€€,https://www.thebicestercollection.com/la-vallee-village/fr/restaurant/pret-a-manger,active,6,
ralphs-coffee,la-vallee-village,Ralph's Coffee,Coffee,€€,https://www.thebicestercollection.com/la-vallee-village/en/dine/ralphs-coffee/,active,7,
wild-and-the-moon,la-vallee-village,Wild & The Moon,Lunch,€€,https://www.thebicestercollection.com/la-vallee-village/fr/restaurant/wild-and-the-moon/,active,8,
roppenheim-amorino,roppenheim-the-style-outlets,AMORINO,Ice Cream,€€,https://roppenheim.thestyleoutlets.fr/en/restaurants,active,1,
roppenheim-corner-nstreet,roppenheim-the-style-outlets,CORNER N'STREET,Restaurant,€€,https://roppenheim.thestyleoutlets.fr/en/restaurants,active,2,
roppenheim-kaimug,roppenheim-the-style-outlets,KAIMUG,Restaurant,€€,https://roppenheim.thestyleoutlets.fr/en/restaurants,active,3,
roppenheim-le-bretz,roppenheim-the-style-outlets,LE BRETZ,Restaurant,€€,https://roppenheim.thestyleoutlets.fr/en/restaurants,active,4,
roppenheim-macarons-inspirations,roppenheim-the-style-outlets,MACARONS & INSPIRATIONS,Macarons,€€,https://roppenheim.thestyleoutlets.fr/en/restaurants,active,5,
roppenheim-paul-le-cafe,roppenheim-the-style-outlets,PAUL LE CAFÉ,Cafe,€€,https://roppenheim.thestyleoutlets.fr/en/restaurants,active,6,
roppenheim-ruffs-burger,roppenheim-the-style-outlets,RUFF'S BURGER,Burgers,€€,https://roppenheim.thestyleoutlets.fr/en/restaurants,active,7,
roppenheim-segafredo-zanetti,roppenheim-the-style-outlets,SEGAFREDO ZANETTI,Cafe,€€,https://roppenheim.thestyleoutlets.fr/en/restaurants,active,8,
paris-giverny-amorino,paris-giverny-designer-outlet,Amorino,Ice Cream,€€,https://www.mcarthurglen.com/en/outlets/fr/designer-outlet-paris-giverny/restaurants/,active,1,
paris-giverny-as-du-pick,paris-giverny-designer-outlet,As du Pick,Restaurant,€€,https://www.mcarthurglen.com/en/outlets/fr/designer-outlet-paris-giverny/restaurants/,active,2,
paris-giverny-bollicineandco,paris-giverny-designer-outlet,Bollicine&Co.,Champagne Bar,€€,https://www.mcarthurglen.com/en/outlets/fr/designer-outlet-paris-giverny/restaurants/,active,3,
paris-giverny-five-guys,paris-giverny-designer-outlet,Five Guys,Fast Food,€€,https://www.mcarthurglen.com/en/outlets/fr/designer-outlet-paris-giverny/restaurants/,active,4,
paris-giverny-la-ruche,paris-giverny-designer-outlet,La Ruche,Cafe • Bakery,€€,https://www.mcarthurglen.com/en/outlets/fr/designer-outlet-paris-giverny/restaurants/,active,5,
paris-giverny-laduree,paris-giverny-designer-outlet,Ladurée,Cafe • Confectionery,€€,https://www.mcarthurglen.com/en/outlets/fr/designer-outlet-paris-giverny/restaurants/,active,6,
paris-giverny-les-hortensias,paris-giverny-designer-outlet,Les Hortensias,Brasserie • Cafe,€€,https://www.mcarthurglen.com/en/outlets/fr/designer-outlet-paris-giverny/restaurants/,active,7,
paris-giverny-lindt,paris-giverny-designer-outlet,Lindt,Chocolate • Cafe,€€,https://www.mcarthurglen.com/en/outlets/fr/designer-outlet-paris-giverny/restaurants/,active,8,
paris-giverny-obica,paris-giverny-designer-outlet,Obicà,Italian • Cafe,€€,https://www.mcarthurglen.com/en/outlets/fr/designer-outlet-paris-giverny/restaurants/,active,9,
paris-giverny-yumi,paris-giverny-designer-outlet,YUMI,Japanese • Cafe,€€,https://www.mcarthurglen.com/en/outlets/fr/designer-outlet-paris-giverny/restaurants/,active,10,
one-nation-paris-casa-de-nata,one-nation-paris,Casa de Nata,Portuguese pastries,€€,https://www.onenation.fr/en/restaurant-plaisir-outlet/,active,1,
one-nation-paris-crepa-go-go,one-nation-paris,Crêp'a Go-Go,Crepes,€,https://www.onenation.fr/en/restaurant-plaisir-outlet/,active,2,
one-nation-paris-eat-sushi,one-nation-paris,Eat Sushi,Sushi,€€,https://www.onenation.fr/en/restaurant-plaisir-outlet/,active,3,
one-nation-paris-haribo,one-nation-paris,Haribo,Confectionery,€€,https://www.onenation.fr/en/restaurant-plaisir-outlet/,active,4,
one-nation-paris-illy,one-nation-paris,Illy,Cafe,€€,https://www.onenation.fr/en/restaurant-plaisir-outlet/,active,5,
one-nation-paris-kusmi-tea,one-nation-paris,Kusmi Tea,Tea,€€,https://www.onenation.fr/en/restaurant-plaisir-outlet/,active,6,
one-nation-paris-lindt,one-nation-paris,Lindt,Chocolate • Cafe,€€,https://www.onenation.fr/en/restaurant-plaisir-outlet/,active,7,
one-nation-paris-lou-licious,one-nation-paris,Lou-Licious,Lebanese,€€,https://www.onenation.fr/en/restaurant-plaisir-outlet/,active,8,
one-nation-paris-maison-foude,one-nation-paris,Maison Foude,Restaurant,€€,https://www.onenation.fr/en/restaurant-plaisir-outlet/,active,9,
one-nation-paris-oliviers-and-co,one-nation-paris,Oliviers & Co,Fine foods,€€,https://www.onenation.fr/en/restaurant-plaisir-outlet/,active,10,
one-nation-paris-pizza-trattoria,one-nation-paris,Pizza Trattoria,Italian,€€,https://www.onenation.fr/en/restaurant-plaisir-outlet/,active,11,
the-village-outlet-angelina,the-village-outlet,Angelina,Restaurant,€€,https://thevillageoutlet.com/page/angelina,active,1,
the-village-outlet-bouillon-colette,the-village-outlet,Bouillon Colette,Restaurant,€€,https://thevillageoutlet.com/page/bouillon-colette,active,2,
the-village-outlet-giardino,the-village-outlet,Giardino,Restaurant,€€,https://thevillageoutlet.com/page/giardino,active,3,
the-village-outlet-bistrot-colette,the-village-outlet,Bistrot Colette,Restaurant,€€,https://thevillageoutlet.com/page/bistrot-colette,active,4,
the-village-outlet-rendez-vous-bocuse,the-village-outlet,Rendez-vous Bocuse,Restaurant,€€,https://thevillageoutlet.com/page/rdv-bocuse,active,5,
the-village-outlet-pokawa,the-village-outlet,Pokawa,Restaurant,€€,https://thevillageoutlet.com/page/pokawa,active,6,
the-village-outlet-lindt,the-village-outlet,Lindt,Confectionery,€€,https://thevillageoutlet.com/page/lindt,active,7,
the-village-outlet-pierre-herme,the-village-outlet,Pierre Hermé,Dessert,€€,https://thevillageoutlet.com/page/pierre-herme,active,8,
the-village-outlet-la-crepe-au-carre,the-village-outlet,La Crêpe au Carré,Creperie,€€,https://thevillageoutlet.com/page/la-crepe-au-carre,active,9,
the-village-outlet-starbucks,the-village-outlet,Starbucks,Cafe,€€,https://thevillageoutlet.com/page/starbucks,active,10,
the-village-outlet-amorino,the-village-outlet,Amorino,Ice Cream,€€,https://thevillageoutlet.com/page/amorino,active,11,
the-village-outlet-vegas-kitchen,the-village-outlet,Vegas Kitchen,Restaurant,€€,https://thevillageoutlet.com/page/vegas-kitchen,active,12,
roubaix-designer-outlet-belga-queen,roubaix-designer-outlet,Belga Queen,Food,€€,https://www.mcarthurglen.com/en/outlets/fr/designer-outlet-roubaix/food-drink/belga-queen2/,active,1,
roubaix-designer-outlet-creperie-ted,roubaix-designer-outlet,Crêperie Ted,Food,€€,https://www.mcarthurglen.com/en/outlets/fr/designer-outlet-roubaix/food-drink/,active,2,
roubaix-designer-outlet-friterie-sam,roubaix-designer-outlet,Friterie Sam,Food,€€,https://www.mcarthurglen.com/en/outlets/fr/designer-outlet-roubaix/food-drink/,active,3,
roubaix-designer-outlet-gusto,roubaix-designer-outlet,Gusto,Food,€€,https://www.mcarthurglen.com/en/outlets/fr/designer-outlet-roubaix/food-drink/,active,4,
roubaix-designer-outlet-la-mie-caline,roubaix-designer-outlet,La Mie Câline,Restaurants & Cafés,€€,https://www.mcarthurglen.com/en/outlets/fr/designer-outlet-roubaix/food-drink/,active,5,
roubaix-designer-outlet-leocorno,roubaix-designer-outlet,Leocorno,Restaurants & Cafés,€€,https://www.mcarthurglen.com/en/outlets/fr/designer-outlet-roubaix/food-drink/,active,6,
roubaix-designer-outlet-lindt,roubaix-designer-outlet,Lindt,Confectionery,€€,https://www.mcarthurglen.com/en/outlets/fr/designer-outlet-roubaix/food-drink/lindt/,active,7,
roubaix-designer-outlet-mcpie,roubaix-designer-outlet,McPie,Restaurants & Cafés,€€,https://www.mcarthurglen.com/en/outlets/fr/designer-outlet-roubaix/food-drink/mcpie/,active,8,
amigo-grill-bad-munstereifel,city-outlet-bad-munstereifel,Amigo Grill,Turkish • Grill,€,https://www.cityoutletbadmuenstereifel.com/en/plan-a-visit/gastronomy/,active,1,
bitburger-bierhaus-bad-munstereifel,city-outlet-bad-munstereifel,Bitburger Bierhaus,German • Beer House,€€,https://www.cityoutletbadmuenstereifel.com/en/plan-a-visit/gastronomy/,active,2,
marielle-bad-munstereifel,city-outlet-bad-munstereifel,Café | Bar & Restaurant Marielle,Cafe • Restaurant,€€,https://www.cityoutletbadmuenstereifel.com/en/plan-a-visit/gastronomy/,active,3,
khon-thai-bad-munstereifel,city-outlet-bad-munstereifel,Khon Thai - Restaurant,Thai,€€,https://www.cityoutletbadmuenstereifel.com/en/plan-a-visit/gastronomy/,active,4,
lemonpie-airstream-bad-munstereifel,city-outlet-bad-munstereifel,Lemonpie Airstream Food Truck,Crepes • Frozen Yogurt,€,https://www.cityoutletbadmuenstereifel.com/en/plan-a-visit/gastronomy/,active,5,
outlet-lounge-bad-munstereifel,city-outlet-bad-munstereifel,Outlet Lounge,Cafe • Bistro,€€,https://www.cityoutletbadmuenstereifel.com/en/plan-a-visit/gastronomy/,active,6,
the-big-fryup-foodtruck-bad-munstereifel,city-outlet-bad-munstereifel,The big Fryup Foodtruck,Burgers • Street Food,€,https://www.cityoutletbadmuenstereifel.com/en/plan-a-visit/gastronomy/,active,7,
cocos-berlin,designer-outlet-berlin,Cocos,Asian,€€,https://www.designeroutletberlin.com/en/restaurants,active,1,
coffee-bike-berlin,designer-outlet-berlin,Coffee-Bike,Coffee • Tea,€,https://www.designeroutletberlin.com/en/restaurants,active,2,
coniato-berlin,designer-outlet-berlin,Coniato,Ice Cream • Snacks,€,https://www.designeroutletberlin.com/en/restaurants,active,3,
currypom-berlin,designer-outlet-berlin,Currypom!,Currywurst • Pizza,€,https://www.designeroutletberlin.com/en/restaurants,active,4,
dean-david-berlin,designer-outlet-berlin,dean & david,Healthy • Bowls,€€,https://www.designeroutletberlin.com/en/restaurants,active,5,
five-guys-berlin,designer-outlet-berlin,Five Guys,Burgers,€€,https://www.designeroutletberlin.com/en/restaurants,active,6,
frittenwerk-berlin,designer-outlet-berlin,Frittenwerk,Poutine • Street Food,€€,https://www.designeroutletberlin.com/en/restaurants,active,7,
grill-pavillon-berlin,designer-outlet-berlin,Grill-Pavillon,Grill • Sausages,€,https://www.designeroutletberlin.com/en/restaurants,active,8,
la-creperie-berlin,designer-outlet-berlin,La Crêperie,Crepes,€,https://www.designeroutletberlin.com/en/restaurants,active,9,
nordsee-berlin,designer-outlet-berlin,Nordsee,Seafood,€€,https://www.designeroutletberlin.com/en/restaurants,active,10,
parmera-berlin,designer-outlet-berlin,Parmera,Pasta,€€,https://www.designeroutletberlin.com/en/restaurants,active,11,
starbucks-berlin,designer-outlet-berlin,Starbucks,Cafe,€€,https://www.designeroutletberlin.com/en/restaurants,active,12,
asiagourmet-neumunster,designer-outlet-neumunster,Asiagourmet,Asian • Quick Service,€€,https://www.mcarthurglen.com/en/outlets/de/designer-outlet-neumuenster/food-drink/,active,1,
bistrot-neumunster,designer-outlet-neumunster,Bistrot,Quick Service • Restaurant,€€,https://www.mcarthurglen.com/en/outlets/de/designer-outlet-neumuenster/food-drink/,active,2,
five-guys-neumunster,designer-outlet-neumunster,Five Guys,Burgers,€€,https://www.mcarthurglen.com/en/outlets/de/designer-outlet-neumuenster/food-drink/,active,3,
frittenwerk-neumunster,designer-outlet-neumunster,Frittenwerk,Poutine • Street Food,€€,https://www.mcarthurglen.com/en/outlets/de/designer-outlet-neumuenster/food-drink/,active,4,
giovanni-l-neumunster,designer-outlet-neumunster,Giovanni L.,Gelato,€,https://www.mcarthurglen.com/en/outlets/de/designer-outlet-neumuenster/food-drink/,active,5,
marche-movenpick-neumunster,designer-outlet-neumunster,Marché Mövenpick,Fresh • Restaurant,€€,https://www.mcarthurglen.com/en/outlets/de/designer-outlet-neumuenster/food-drink/,active,6,
nordsee-neumunster,designer-outlet-neumunster,Nordsee,Seafood,€€,https://www.mcarthurglen.com/en/outlets/de/designer-outlet-neumuenster/food-drink/,active,7,
starbucks-neumunster,designer-outlet-neumunster,Starbucks,Cafe,€€,https://www.mcarthurglen.com/en/outlets/de/designer-outlet-neumuenster/food-drink/,active,8,
tackmanns-coffee-house-neumunster,designer-outlet-neumunster,Tackmann's Coffee House,Cafe • Bakery,€,https://www.mcarthurglen.com/en/outlets/de/designer-outlet-neumuenster/food-drink/,active,9,
dean-david-wolfsburg,designer-outlets-wolfsburg,DEAN & DAVID,Healthy • Bowls,€€,https://www.designeroutlets-wolfsburg.de/gastronomie/,active,1,
five-guys-wolfsburg,designer-outlets-wolfsburg,Five Guys,Burgers,€€,https://www.designeroutlets-wolfsburg.de/gastronomie/,active,2,
frittenwerk-wolfsburg,designer-outlets-wolfsburg,FRITTENWERK,Poutine • Street Food,€€,https://www.designeroutlets-wolfsburg.de/gastronomie/,active,3,
losteria-wolfsburg,designer-outlets-wolfsburg,L’Osteria,Italian • Pizza,€€,https://www.designeroutlets-wolfsburg.de/gastronomie/,active,4,
starbucks-wolfsburg,designer-outlets-wolfsburg,Starbucks,Cafe,€€,https://www.designeroutlets-wolfsburg.de/gastronomie/,active,5,
ingolstadt-bollicine-co,ingolstadt-village,Bollicine&Co. Champagne Bar,Aperitif • Champagne Bar,€€€,https://www.thebicestercollection.com/ingolstadt-village/en/dine/,active,1,
ingolstadt-coffee-fellows,ingolstadt-village,Coffee Fellows,Coffee • Snacks,€€,https://www.thebicestercollection.com/ingolstadt-village/en/dine/,active,2,
ingolstadt-indochine,ingolstadt-village,Indochine,Vietnamese • Asian,€€,https://www.thebicestercollection.com/ingolstadt-village/en/dine/,active,3,
ingolstadt-laduree,ingolstadt-village,Ladurée Salon de Thé,Macarons • Cafe,€€€,https://www.thebicestercollection.com/ingolstadt-village/en/dine/,active,4,
ingolstadt-lindt-cafe,ingolstadt-village,Lindt Café,Coffee • Sweets,€€,https://www.thebicestercollection.com/ingolstadt-village/en/dine/,active,5,
ingolstadt-mancini,ingolstadt-village,Mancini,Italian • Pizza,€€,https://www.thebicestercollection.com/ingolstadt-village/en/dine/,active,6,
ingolstadt-mr-smash,ingolstadt-village,Mr. Smash & Co.,Burgers • On the go,€€,https://www.thebicestercollection.com/ingolstadt-village/en/dine/,active,7,
dean-david-montabaur,montabaur-the-style-outlets,dean & david,Healthy • Bowls,€€,https://outlet-montabaur.de/marken/dean-david,active,1,
olea-montabaur,montabaur-the-style-outlets,Olea,Italian • Restaurant,€€,https://outlet-montabaur.de/marken/dean-david,active,2,
pano-cafe-montabaur,montabaur-the-style-outlets,Pano Café,Cafe • Bakery,€€,https://outlet-montabaur.de/marken/dean-david,active,3,
pommes-freunde-montabaur,montabaur-the-style-outlets,Pommes Freunde,Street Food • Burgers,€€,https://outlet-montabaur.de/marken/dean-david,active,4,
starbucks-montabaur,montabaur-the-style-outlets,Starbucks,Coffee • Cafe,€€,https://outlet-montabaur.de/marken/dean-david,active,5,
almresi-metzingen,outletcity-metzingen,Almresi,Alpine • Restaurant,€€€,https://www.outletcity.com/en/metzingen/food-and-beverage/,active,1,
backerei-keim-metzingen,outletcity-metzingen,Bäckerei-Keim - Café & Snacks,Bakery • Cafe,€,https://www.outletcity.com/en/metzingen/food-and-beverage/,active,2,
bollicine-co-metzingen,outletcity-metzingen,Bollicine&Co. Champagne Bar,Champagne Bar,€€€,https://www.outletcity.com/en/metzingen/food-and-beverage/,active,3,
boss-cafe-metzingen,outletcity-metzingen,BOSS Café,Cafe • Snacks,€€,https://www.outletcity.com/en/metzingen/food-and-beverage/,active,4,
champa-sushi-bowl-metzingen,outletcity-metzingen,Champa Sushi & Bowl,Asian • Sushi,€€,https://www.outletcity.com/en/metzingen/food-and-beverage/,active,5,
cinnamood-metzingen,outletcity-metzingen,Cinnamood,Cinnamon Rolls • Coffee,€,https://www.outletcity.com/en/metzingen/food-and-beverage/,active,6,
frittenwerk-metzingen,outletcity-metzingen,Frittenwerk,Street Food,€€,https://www.outletcity.com/en/metzingen/food-and-beverage/,active,7,
keladams-kebab-metzingen,outletcity-metzingen,Keladam's Kebab,Kebab • Street Food,€,https://www.outletcity.com/en/metzingen/food-and-beverage/,active,8,
losteria-metzingen,outletcity-metzingen,L'Osteria,Italian • Pizza,€€,https://www.outletcity.com/en/metzingen/food-and-beverage/,active,9,
mcdonalds-metzingen,outletcity-metzingen,McDonald's,Burgers • Fast Food,€,https://www.outletcity.com/en/metzingen/food-and-beverage/,active,10,
moxy-bistro-metzingen,outletcity-metzingen,Moxy Bistro,Breakfast • Bistro,€€,https://www.outletcity.com/en/metzingen/food-and-beverage/,active,11,
ochaya-metzingen,outletcity-metzingen,Ochaya,Matcha • Drinks,€,https://www.outletcity.com/en/metzingen/food-and-beverage/,active,12,
starbucks-metzingen,outletcity-metzingen,Starbucks,Cafe,€€,https://www.outletcity.com/en/metzingen/food-and-beverage/,active,13,
tommys-coffee-metzingen,outletcity-metzingen,Tommy's Coffee,Coffee • Cakes,€€,https://www.outletcity.com/en/metzingen/food-and-beverage/,active,14,
zem-zem-coffee-metzingen,outletcity-metzingen,Zem Zem Coffee,Coffee,€,https://www.outletcity.com/en/metzingen/food-and-beverage/,active,15,
wertheim-cinnamood,wertheim-village,CINNAMOOD,Cinnamon Rolls • Coffee,€,https://www.thebicestercollection.com/wertheim-village/en/dine/,active,1,
wertheim-elaines-takeaway,wertheim-village,Elaine's TakeAway,Takeaway • Casual,€€,https://www.thebicestercollection.com/wertheim-village/en/dine/,active,2,
wertheim-la-piazza,wertheim-village,La Piazza,Italian • Restaurant,€€,https://www.thebicestercollection.com/wertheim-village/en/dine/,active,3,
wertheim-saigon-social-club,wertheim-village,Saigon Social Club,Asian Fusion,€€,https://www.thebicestercollection.com/wertheim-village/en/dine/,active,4,
wertheim-coffee-corner,wertheim-village,The Coffee Corner,Coffee • Breakfast,€€,https://www.thebicestercollection.com/wertheim-village/en/dine/,active,5,
wertheim-the-waffle,wertheim-village,The Waffle,Waffles • Sweets,€,https://www.thebicestercollection.com/wertheim-village/en/dine/,active,6,
coffee-bike-zweibrucken,zweibrucken-fashion-outlet,COFFEE-BIKE,Coffee,€,https://www.zweibrueckenfashionoutlet.com/en/restaurants,active,1,
dean-david-zweibrucken,zweibrucken-fashion-outlet,DEAN & DAVID,Healthy • Bowls,€€,https://www.zweibrueckenfashionoutlet.com/en/restaurants,active,2,
di-piu-zweibrucken,zweibrucken-fashion-outlet,Di Piu,Street Food,€,https://www.zweibrueckenfashionoutlet.com/en/restaurants,active,3,
donna-mia-zweibrucken,zweibrucken-fashion-outlet,DONNA MIA,Italian • Pizza,€€,https://www.zweibrueckenfashionoutlet.com/en/restaurants,active,4,
dunkin-donuts-zweibrucken,zweibrucken-fashion-outlet,DUNKIN DONUTS,Donuts • Coffee,€,https://www.zweibrueckenfashionoutlet.com/en/restaurants,active,5,
five-guys-zweibrucken,zweibrucken-fashion-outlet,FIVE GUYS,Burgers,€€,https://www.zweibrueckenfashionoutlet.com/en/restaurants,active,6,
frittenwerk-zweibrucken,zweibrucken-fashion-outlet,Frittenwerk,Poutine • Street Food,€€,https://www.zweibrueckenfashionoutlet.com/en/restaurants,active,7,
grand-cafe-zweibrucken,zweibrucken-fashion-outlet,GRAND CAFÉ,Cafe • Pastry,€€,https://www.zweibrueckenfashionoutlet.com/en/restaurants,active,8,
gusto-zweibrucken,zweibrucken-fashion-outlet,Gusto,Coffee • Snacks,€,https://www.zweibrueckenfashionoutlet.com/en/restaurants,active,9,
starbucks-zweibrucken,zweibrucken-fashion-outlet,STARBUCKS,Cafe,€€,https://www.zweibrueckenfashionoutlet.com/en/restaurants,active,10,
sushi-tomo-zweibrucken,zweibrucken-fashion-outlet,SUSHI TOMO,Sushi • Japanese,€€,https://www.zweibrueckenfashionoutlet.com/en/restaurants,active,11,
halle-leipzig-the-style-outlets-coffee-fellows,halle-leipzig-the-style-outlets,COFFEE FELLOWS,Coffee • Snacks,€€,https://halle.leipzig.thestyleoutlets.de/en/restaurants,active,1,
halle-leipzig-the-style-outlets-frittenwerk,halle-leipzig-the-style-outlets,FRITTENWERK,Fries • Street Food,€€,https://halle.leipzig.thestyleoutlets.de/en/restaurants,active,2,
halle-leipzig-the-style-outlets-global-doner,halle-leipzig-the-style-outlets,GLOBAL DÖNER,Döner • Quick Service,€,https://halle.leipzig.thestyleoutlets.de/en/restaurants,active,3,
halle-leipzig-the-style-outlets-mamalicious,halle-leipzig-the-style-outlets,MAMALICIOUS,Restaurant,€€,https://halle.leipzig.thestyleoutlets.de/en/restaurants,active,4,
halle-leipzig-the-style-outlets-starbucks,halle-leipzig-the-style-outlets,STARBUCKS,Coffee,€€,https://halle.leipzig.thestyleoutlets.de/en/restaurants,active,5,
designer-outlet-ochtrup-alice-premium-doner,designer-outlet-ochtrup,Alice Premium Döner,Fast Food,€€,https://www.mcarthurglen.com/en/outlets/de/designer-outlet-ochtrup/food-drink/,active,16,
designer-outlet-ochtrup-beltmans,designer-outlet-ochtrup,Beltman's,Cafe,€€,https://www.mcarthurglen.com/en/outlets/de/designer-outlet-ochtrup/food-drink/,active,17,
designer-outlet-ochtrup-frittenwerk,designer-outlet-ochtrup,Frittenwerk,Fast Food,€€,https://www.mcarthurglen.com/en/outlets/de/designer-outlet-ochtrup/food-drink/,active,18,
designer-outlet-ochtrup-frooters,designer-outlet-ochtrup,Frooters,Dessert,€€,https://www.mcarthurglen.com/en/outlets/de/designer-outlet-ochtrup/food-drink/,active,19,
designer-outlet-ochtrup-la-passione,designer-outlet-ochtrup,La Passione,Restaurant,€€,https://www.mcarthurglen.com/en/outlets/de/designer-outlet-ochtrup/food-drink/,active,20,
designer-outlet-ochtrup-pick-nick,designer-outlet-ochtrup,Pick Nick,Cafe,€€,https://www.mcarthurglen.com/en/outlets/de/designer-outlet-ochtrup/food-drink/,active,21,
designer-outlet-ochtrup-starbucks,designer-outlet-ochtrup,Starbucks,Cafe,€€,https://www.mcarthurglen.com/en/outlets/de/designer-outlet-ochtrup/food-drink/,active,22,
designer-outlet-athens-everest-exclusive,designer-outlet-athens,Everest Exclusive,Cafe • Quick Service,€€,https://designeroutletathens.gr/en/restaurants-cafe,active,1,
designer-outlet-athens-goodys-burger-house,designer-outlet-athens,Goody's Burger House,Burgers,€€,https://designeroutletathens.gr/en/restaurants-cafe,active,2,
designer-outlet-athens-il-barretto,designer-outlet-athens,Il Barretto,Cafe • Italian,€€,https://designeroutletathens.gr/en/restaurants-cafe,active,3,
designer-outlet-athens-its-all-greek,designer-outlet-athens,Ιt’s All Greek,Greek,€€,https://designeroutletathens.gr/en/restaurants-cafe,active,4,
designer-outlet-athens-la-pasteria,designer-outlet-athens,La Pasteria,Italian • Pasta,€€,https://designeroutletathens.gr/en/restaurants-cafe,active,5,
designer-outlet-athens-mikel-coffee,designer-outlet-athens,Mikel Coffee,Coffee,€€,https://designeroutletathens.gr/en/restaurants-cafe,active,6,
designer-outlet-athens-nueces,designer-outlet-athens,Nueces,Dessert • Nuts,€€,https://designeroutletathens.gr/en/restaurants-cafe,active,7,
designer-outlet-athens-petite-fleur,designer-outlet-athens,Petite Fleur,Cafe,€€,https://designeroutletathens.gr/en/restaurants-cafe,active,8,
designer-outlet-athens-starbucks,designer-outlet-athens,Starbucks®,Coffee,€€,https://designeroutletathens.gr/en/restaurants-cafe,active,9,
premier-outlet-budapest-black-coffee,premier-outlet-budapest,Black Coffee,Coffee Shop,€€,https://www.premieroutlet.hu/en/center/restaurants,active,1,
premier-outlet-budapest-chimichanga,premier-outlet-budapest,Chimichanga,Fast Food,€€,https://www.premieroutlet.hu/en/center/restaurants,active,2,
premier-outlet-budapest-churros-banditos,premier-outlet-budapest,Churros Banditos,Dessert Shop,€€,https://www.premieroutlet.hu/en/center/restaurants,active,3,
premier-outlet-budapest-coffee-and-pleasure,premier-outlet-budapest,Coffee & Pleasure,Coffee Shop,€€,https://www.premieroutlet.hu/en/center/restaurants,active,4,
premier-outlet-budapest-kato-neni-finomsagai,premier-outlet-budapest,Kató Néni Finomságai,Dessert Shop,€€,https://www.premieroutlet.hu/en/center/restaurants,active,5,
premier-outlet-budapest-kfc,premier-outlet-budapest,KFC,Fast Food,€€,https://www.premieroutlet.hu/en/center/restaurants,active,6,
premier-outlet-budapest-la-petite-anna,premier-outlet-budapest,La Petite Anna,Fast Food,€€,https://www.premieroutlet.hu/en/center/restaurants,active,7,
premier-outlet-budapest-lindt,premier-outlet-budapest,Lindt,Dessert Shop,€€,https://www.premieroutlet.hu/en/center/restaurants,active,8,
premier-outlet-budapest-ropogo,premier-outlet-budapest,Ropogó,Fast Food,€€,https://www.premieroutlet.hu/en/center/restaurants,active,9,
premier-outlet-budapest-starbucks,premier-outlet-budapest,Starbucks,Coffee Shop,€€,https://www.premieroutlet.hu/en/center/restaurants,active,10,
premier-outlet-budapest-subway,premier-outlet-budapest,Subway,Fast Food,€€,https://www.premieroutlet.hu/en/center/restaurants,active,11,
premier-outlet-budapest-vicino,premier-outlet-budapest,Vicino,Restaurant,€€,https://www.premieroutlet.hu/en/center/restaurants,active,12,
premier-outlet-budapest-wok-bar,premier-outlet-budapest,Wok Bar,Fast Food,€€,https://www.premieroutlet.hu/en/center/restaurants,active,13,
kildare-village-mani-pizza,kildare-village,Mani Pizza,Pizza,€€,https://www.thebicestercollection.com/kildare-village/en/dine/,active,1,
kildare-village-oakberry,kildare-village,Oakberry,On the go,€€,https://www.thebicestercollection.com/kildare-village/en/dine/,active,2,
kildare-village-pret-a-manger,kildare-village,Pret A Manger,Coffee,€€,https://www.thebicestercollection.com/kildare-village/en/dine/,active,3,
kildare-village-saba,kildare-village,Saba,Asian cuisine,€€,https://www.thebicestercollection.com/kildare-village/en/dine/saba/,active,4,
kildare-village-sprout-and-co,kildare-village,Sprout & Co.,All-day dining,€€,https://www.thebicestercollection.com/kildare-village/en/dine/,active,5,
via-jurmala-casa-mia,via-jurmala-outlet-village,Casa Mia,Restaurant,€€,https://viajurmala.com/en/restaurants-2/,active,1,
via-jurmala-gan-bei,via-jurmala-outlet-village,Gan Bei,Restaurant,€€,https://viajurmala.com/en/restaurants-2/,active,2,
via-jurmala-kafijas-banka,via-jurmala-outlet-village,Kafijas Banka,Cafe,€€,https://viajurmala.com/en/restaurants-2/,active,3,
via-jurmala-vandal,via-jurmala-outlet-village,VANDAL,Restaurant,€€,https://viajurmala.com/en/restaurants-2/,active,4,
outlet-park-vilnius-caif-cafe,outlet-park-vilnius,Caif Cafe,Cafe,€€,https://outletpark.lt/en/parduotuves,active,1,
outlet-park-vilnius-candy-pop,outlet-park-vilnius,Candy Pop,Food & Sweets,€€,https://outletpark.lt/en/parduotuves,active,2,
outlet-park-vilnius-soprano-gelato,outlet-park-vilnius,Soprano Gelato,Dessert,€€,https://outletpark.lt/en/parduotuves,active,3,
barberino-antica-focacceria-san-francesco,barberino,Antica Focacceria San Francesco,Italian • Sicilian,€€,https://www.barberinooutlet.com/en/store/antica-focacceria/,active,1,
barberino-caffe-mediceo,barberino,Caffè Mediceo,Cafe • Coffee,€€,https://www.barberinooutlet.com/en/store/caffe-mediceo/,active,2,
barberino-farinella,barberino,Farinella,Italian • Pizza,€€,https://www.barberinooutlet.com/en/store/farinella/,active,3,
barberino-hamericas,barberino,Hamerica's,Burgers • American,€€,https://www.barberinooutlet.com/en/store/hamericas/,active,4,
barberino-il-torracchione,barberino,Il Torracchione,Italian • Tuscan,€€,https://www.barberinooutlet.com/en/store/il-torracchione/,active,5,
barberino-la-piadineria,barberino,La Piadineria,Quick Service,€€,https://www.barberinooutlet.com/en/store/la-piadineria/,active,6,
barberino-lindt,barberino,Lindt,Chocolate • Cafe,€€,https://www.barberinooutlet.com/en/store/lindt/,active,7,
barberino-poke-house,barberino,Poke House,Healthy • Bowl,€€,https://www.barberinooutlet.com/en/store/poke-house/,active,8,
castel-romano-bollicineandco,castel-romano,Bollicine&Co,Restaurants & Cafés,€€,https://www.mcarthurglen.com/en/outlets/it/designer-outlet-castel-romano/food-drink/bollicine-co/,active,1,
castel-romano-bonetti,castel-romano,Bonetti,Restaurants & Cafés • Food • Tea & Coffee,€€,https://www.mcarthurglen.com/en/outlets/it/designer-outlet-castel-romano/food-drink/bonetti/,active,2,
castel-romano-eat-artisti-del-gusto-illy,castel-romano,Eat Artisti del Gusto - Illy,Restaurants & Cafés,€€,https://www.mcarthurglen.com/en/outlets/it/designer-outlet-castel-romano/food-drink/eat-artisti-del-gusto-illy/,active,3,
castel-romano-farinella,castel-romano,Farinella,Restaurants & Cafés • Food,€€,https://www.mcarthurglen.com/en/outlets/it/designer-outlet-castel-romano/food-drink/farinella/,active,4,
castel-romano-ham-holy-burger,castel-romano,Ham Holy Burger,Restaurants & Cafés,€€,https://www.mcarthurglen.com/en/outlets/it/designer-outlet-castel-romano/food-drink/ham-holy-burger/,active,5,
castel-romano-mcdonalds,castel-romano,McDonald's,Restaurants & Cafés,€€,https://www.mcarthurglen.com/en/outlets/it/designer-outlet-castel-romano/food-drink/mcdonalds/,active,6,
castel-romano-obica,castel-romano,Obicà,Restaurants & Cafés • Food • Café,€€,https://www.mcarthurglen.com/en/outlets/it/designer-outlet-castel-romano/food-drink/obica/,active,7,
castel-romano-signorvino,castel-romano,Signorvino,Food • Food Market,€€,https://www.mcarthurglen.com/en/outlets/it/designer-outlet-castel-romano/food-drink/signorvino/,active,8,
castel-romano-starbucks,castel-romano,Starbucks,Restaurants & Cafés • Café,€€,https://www.mcarthurglen.com/en/outlets/it/designer-outlet-castel-romano/food-drink/starbucks/,active,9,
castel-romano-venchi,castel-romano,Venchi,Restaurants & Cafés • Ice cream,€€,https://www.mcarthurglen.com/en/outlets/it/designer-outlet-castel-romano/food-drink/venchi/,active,10,
fidenza-koi-sushi,fidenza-village,Koi Sushi,Sushi,€€,https://www.thebicestercollection.com/fidenza-village/en/dine/koi-sushi/,active,1,
fidenza-lievita,fidenza-village,Lievità,Restaurant,€€,https://www.thebicestercollection.com/fidenza-village/en/dine/lievita/,active,2,
fidenza-lindt,fidenza-village,Lindt,Chocolate • Cafe,€€,https://www.thebicestercollection.com/fidenza-village/en/dine/lindt/,active,3,
fidenza-panino-giusto,fidenza-village,Panino Giusto,Restaurant,€€,https://www.thebicestercollection.com/fidenza-village/en/dine/panino-giusto/,active,4,
fidenza-parma-menu,fidenza-village,Parma Menù,Restaurant,€€,https://www.thebicestercollection.com/fidenza-village/en/dine/parma-menu/,active,5,
fidenza-signorvino,fidenza-village,Signorvino,Restaurant,€€,https://www.thebicestercollection.com/fidenza-village/en/dine/signorvino/,active,6,
fidenza-venchi,fidenza-village,Venchi,Chocolate • Gelato,€€,https://www.thebicestercollection.com/fidenza-village/en/dine/venchi/,active,7,
la-reggia-artisti-del-gusto,la-reggia,Artisti del Gusto,Restaurants & Cafés,€€,https://www.mcarthurglen.com/en/outlets/it/designer-outlet-la-reggia/food-drink/artisti-del-gusto/,active,1,
la-reggia-burger-king,la-reggia,Burger King,Restaurants & Cafés,€€,https://www.mcarthurglen.com/en/outlets/it/designer-outlet-la-reggia/food-drink/burger-king/,active,2,
la-reggia-farinella,la-reggia,Farinella,Restaurants & Cafés,€€,https://www.mcarthurglen.com/en/outlets/it/designer-outlet-la-reggia/food-drink/farinella/,active,3,
la-reggia-la-piadineria,la-reggia,La Piadineria,Quick Service • Restaurants & Cafés,€€,https://www.mcarthurglen.com/en/outlets/it/designer-outlet-la-reggia/food-drink/la-piadineria/,active,4,
la-reggia-poke-house,la-reggia,Poke House,Quick Service • Restaurants & Cafés,€€,https://www.mcarthurglen.com/en/outlets/it/designer-outlet-la-reggia/food-drink/poke-house/,active,5,
la-reggia-re-nero-caffe,la-reggia,Re Nero Caffè,Restaurants & Cafés • Food • Café,€€,https://www.mcarthurglen.com/en/outlets/it/designer-outlet-la-reggia/food-drink/re-nero-caffe/,active,6,
la-reggia-rossopomodoro,la-reggia,Rossopomodoro,Restaurants & Cafés,€€,https://www.mcarthurglen.com/en/outlets/it/designer-outlet-la-reggia/food-drink/rossopomodoro/,active,7,
la-reggia-starbucks,la-reggia,Starbucks,Restaurants & Cafés • Café,€€,https://www.mcarthurglen.com/en/outlets/it/designer-outlet-la-reggia/food-drink/starbucks/,active,8,
noventa-bistrot,noventa,Bistrot,Restaurants & Cafés,€€,https://www.mcarthurglen.com/en/outlets/it/designer-outlet-noventa-di-piave/food-drink/bistrot/,active,1,
noventa-bollicineandco,noventa,Bollicine&Co.,Restaurants & Cafés • Café,€€,https://www.mcarthurglen.com/en/outlets/it/designer-outlet-noventa-di-piave/food-drink/bollicine-co/,active,2,
noventa-bonetti,noventa,Bonetti,Restaurants & Cafés • Café • Ice cream,€€,https://www.mcarthurglen.com/en/outlets/it/designer-outlet-noventa-di-piave/food-drink/bonetti/,active,3,
noventa-farinella,noventa,Farinella,Restaurants & Cafés,€€,https://www.mcarthurglen.com/en/outlets/it/designer-outlet-noventa-di-piave/food-drink/farinella/,active,4,
noventa-hamericas,noventa,Hamerica's,Restaurants & Cafés,€€,https://www.mcarthurglen.com/en/outlets/it/designer-outlet-noventa-di-piave/food-drink/hamericas/,active,5,
noventa-jodys,noventa,Jody's,Restaurants & Cafés • Café,€€,https://www.mcarthurglen.com/en/outlets/it/designer-outlet-noventa-di-piave/food-drink/jodys/,active,6,
noventa-la-piadineria,noventa,La Piadineria,Quick Service • Restaurants & Cafés,€€,https://www.mcarthurglen.com/en/outlets/it/designer-outlet-noventa-di-piave/food-drink/la-piadineria/,active,7,
noventa-lindt,noventa,Lindt,Restaurants & Cafés • Confectionery,€€,https://www.mcarthurglen.com/en/outlets/it/designer-outlet-noventa-di-piave/food-drink/lindt/,active,8,
noventa-panino-giusto,noventa,Panino Giusto,Restaurants & Cafés,€€,https://www.mcarthurglen.com/en/outlets/it/designer-outlet-noventa-di-piave/food-drink/panino-giusto/,active,9,
noventa-starbucks,noventa,Starbucks,Restaurants & Cafés • Food,€€,https://www.mcarthurglen.com/en/outlets/it/designer-outlet-noventa-di-piave/food-drink/starbucks/,active,10,
noventa-sutto-caffe,noventa,Sutto Caffè,Restaurants & Cafés • Café,€€,https://www.mcarthurglen.com/en/outlets/it/designer-outlet-noventa-di-piave/food-drink/sutto-caffe/,active,11,
noventa-sutto-osteria,noventa,Sutto Osteria,Restaurants & Cafés,€€,https://www.mcarthurglen.com/en/outlets/it/designer-outlet-noventa-di-piave/food-drink/sutto-osteria/,active,12,
noventa-trame,noventa,Tramè,Restaurants & Cafés,€€,https://www.mcarthurglen.com/en/outlets/it/designer-outlet-noventa-di-piave/food-drink/trame/,active,13,
noventa-venchi,noventa,Venchi,Restaurants & Cafés • Café • Confectionery • Ice cream,€€,https://www.mcarthurglen.com/en/outlets/it/designer-outlet-noventa-di-piave/food-drink/venchi/,active,14,
serravalle-bollicine-co,serravalle-designer-outlet,Bollicine&Co,Kitchen • Dining • Food,€€,https://www.mcarthurglen.com/en/outlets/it/designer-outlet-serravalle/food-drink/bollicine-co/,active,1,
serravalle-bomaki,serravalle-designer-outlet,Bomaki,Restaurants & Cafés,€€,https://www.mcarthurglen.com/en/outlets/it/designer-outlet-serravalle/food-drink/bomaki/,active,2,
serravalle-bonetti,serravalle-designer-outlet,Bonetti,Quick Service • Restaurants & Cafés,€€,https://www.mcarthurglen.com/en/outlets/it/designer-outlet-serravalle/food-drink/bonetti/,active,3,
serravalle-cioccolati-italiani,serravalle-designer-outlet,Cioccolati Italiani,Restaurants & Cafés • Café,€€,https://www.mcarthurglen.com/en/outlets/it/designer-outlet-serravalle/food-drink/cioccolati-italiani/,active,4,
serravalle-eataly,serravalle-designer-outlet,Eataly,Gifting • Food • Food Market,€€,https://www.mcarthurglen.com/en/outlets/it/designer-outlet-serravalle/food-drink/eataly/,active,5,
serravalle-farinella,serravalle-designer-outlet,Farinella,Restaurants & Cafés • Food,€€,https://www.mcarthurglen.com/en/outlets/it/designer-outlet-serravalle/food-drink/farinella/,active,6,
serravalle-farinella-bakery,serravalle-designer-outlet,Farinella Bakery,Bakery,€€,https://www.mcarthurglen.com/en/outlets/it/designer-outlet-serravalle/food-drink/farinella-bakery/,active,7,
serravalle-focaccino,serravalle-designer-outlet,Focaccino,Restaurants & Cafés • Food,€€,https://www.mcarthurglen.com/en/outlets/it/designer-outlet-serravalle/food-drink/focaccino/,active,8,
serravalle-god-save-the-food,serravalle-designer-outlet,God Save The Food,Restaurants & Cafés,€€,https://www.mcarthurglen.com/en/outlets/it/designer-outlet-serravalle/food-drink/god-save-the-food/,active,9,
serravalle-la-piadineria,serravalle-designer-outlet,La Piadineria,Quick Service • Restaurants & Cafés,€€,https://www.mcarthurglen.com/en/outlets/it/designer-outlet-serravalle/food-drink/la-piadineria/,active,10,
serravalle-le-dolci-terre,serravalle-designer-outlet,Le Dolci Terre,Gifting • Food • Food Market,€€,https://www.mcarthurglen.com/en/outlets/it/designer-outlet-serravalle/food-drink/le-dolci-terre/,active,11,
serravalle-mc-donalds,serravalle-designer-outlet,Mc Donald's,Quick Service • Restaurants & Cafés,€,https://www.mcarthurglen.com/en/outlets/it/designer-outlet-serravalle/food-drink/mcdonalds/,active,12,
serravalle-obica,serravalle-designer-outlet,Obicà,Restaurants & Cafés,€€,https://www.mcarthurglen.com/en/outlets/it/designer-outlet-serravalle/food-drink/obica/,active,13,
serravalle-starbucks,serravalle-designer-outlet,Starbucks,Restaurants & Cafés • Café,€€,https://www.mcarthurglen.com/en/outlets/it/designer-outlet-serravalle/food-drink/starbucks/,active,14,
serravalle-wagamama,serravalle-designer-outlet,Wagamama,Restaurants & Cafés • Food,€€,https://www.mcarthurglen.com/en/outlets/it/designer-outlet-serravalle/food-drink/wagamama/,active,15,
firenze-toscanino-bistro,the-mall-firenze,ToscaNino Bistrò,Tuscan • Bistro,€€,https://firenze.themall.it/en/restaurants,active,1,
firenze-toscanino-restaurant-bottega,the-mall-firenze,ToscaNino Restaurant&Bottega,Tuscan • Restaurant & bottega,€€,https://firenze.themall.it/en/restaurants,active,2,
firenze-toscapino,the-mall-firenze,Toscapino,Street food • Food truck,€€,https://firenze.themall.it/en/restaurants,active,3,
valdichiana-village-badiani,valdichiana-village,Badiani,Gelato • Cafe,€€,https://www.valdichianadesignervillage.com/en/shops/shop/badiani,active,1,
valdichiana-village-billis,valdichiana-village,Billi's,Restaurant • Cafe,€€,https://www.valdichianadesignervillage.com/en/shops/shop/billis,active,2,
valdichiana-village-da-michele,valdichiana-village,Da Michele,Pizza,€€,https://www.valdichianadesignervillage.com/en/shops/shop/da-michele,active,3,
valdichiana-village-ice-village,valdichiana-village,Ice Village,Ice Cream,€€,https://www.valdichianadesignervillage.com/en/shops/shop/ice-village,active,4,
valdichiana-village-la-piadineria-yoyogurt,valdichiana-village,La Piadineria - Yoyogurt,Piadina • Frozen Yogurt,€€,https://www.valdichianadesignervillage.com/en/shops/shop/la-piadineria-yoyogurt,active,5,
valdichiana-village-old-wild-west,valdichiana-village,Old Wild West,Steakhouse • Burgers,€€,https://www.valdichianadesignervillage.com/en/shops/shop/old-wild-west,active,6,
valdichiana-village-poke-house,valdichiana-village,Poke House,Poke • Healthy,€€,https://www.valdichianadesignervillage.com/en/shops/shop/poke-house,active,7,
valdichiana-village-terre-di-masaccio,valdichiana-village,Terre di Masaccio,Restaurant • Tuscan,€€,https://www.valdichianadesignervillage.com/en/shops/shop/terre-di-masaccio,active,8,
palmanova-antica-pizzeria-da-michele,palmanova-designer-village,Antica Pizzeria Da Michele,Pizza • Restaurant,€€,https://www.palmanovadesignervillage.com/en/shops/shop/antica-pizzeria-da-michele,active,1,
palmanova-dallava-italian-excellence,palmanova-designer-village,Dall'Ava Italian Excellence,Restaurant,€€,https://www.palmanovadesignervillage.com/en/village/centre-map,active,2,
palmanova-dallava-italian-excellence-caffetteria-bakery,palmanova-designer-village,Dall’Ava Italian Excellence – Caffetteria Bakery,Cafe • Bakery,€€,https://www.palmanovadesignervillage.com/en/village/centre-map,active,3,
palmanova-hamericas,palmanova-designer-village,Hamerica's,Burgers • American,€€,https://www.palmanovadesignervillage.com/en/village/centre-map,active,4,
palmanova-la-piadineria,palmanova-designer-village,La Piadineria,Quick Service,€€,https://www.palmanovadesignervillage.com/en/village/centre-map,active,5,
franciacorta-il-cascinale,franciacorta-designer-village,Il Cascinale,Restaurant,€€,https://www.franciacortadesignervillage.com/en/shops/shop/il-cascinale,active,1,
franciacorta-mcdonalds,franciacorta-designer-village,McDonald's,Fast Food,€€,https://www.franciacortadesignervillage.com/en/shops/shop/mcdonalds,active,2,
franciacorta-poke-house,franciacorta-designer-village,Poke House,Healthy • Bowl,€€,https://www.franciacortadesignervillage.com/en/shops/shop/poke-house,active,3,
franciacorta-spontini,franciacorta-designer-village,Spontini,Pizza,€€,https://www.franciacortadesignervillage.com/en/shops/shop/spontini,active,4,
mantova-hamericas,mantova-village,Hamerica's,Burgers • American,€€,https://www.mantovavillage.it/en/shop-and-brands-by-category/mJqXvmZz,active,3,
mantova-i-bellini,mantova-village,I BELLINI,Cafe,€€,https://www.mantovavillage.it/en/shop-and-brands-by-category/mJqXvmZz,active,4,
mantova-la-piadineria,mantova-village,La Piadineria,Quick Service,€€,https://www.mantovavillage.it/en/shop-and-brands-by-category/mJqXvmZz,active,5,
mantova-lindt,mantova-village,Lindt,Chocolate • Cafe,€€,https://www.mantovavillage.it/en/shop-and-brands-by-category/mJqXvmZz,active,6,
mantova-pane-piero-pizza-focaccia,mantova-village,Pane Piero Pizza & Focaccia,Pizza • Bakery,€€,https://www.mantovavillage.it/en/shop-and-brands-by-category/mJqXvmZz,active,7,
mantova-poke-house,mantova-village,Poke House,Healthy • Bowl,€€,https://www.mantovavillage.it/en/shop-and-brands-by-category/mJqXvmZz,active,8,
mantova-renato-bosco,mantova-village,Renato Bosco,Pizza,€€,https://www.mantovavillage.it/en/shop-and-brands-by-category/mJqXvmZz,active,9,
mantova-antica-pizzeria-da-michele,mantova-village,Antica Pizzeria da Michele,Pizza,€€,https://www.mantovavillage.it/en/shop-and-brands-by-category/mJqXvmZz,active,1,
mantova-badiani,mantova-village,Badiani,Gelato,€€,https://www.mantovavillage.it/en/shop-and-brands-by-category/mJqXvmZz,active,2,
vicolungo-the-style-outlets-alice-pizza,vicolungo-the-style-outlets,ALICE PIZZA,Fast Food,€€,https://vicolungo.thestyleoutlets.it/en/restaurants,active,16,
vicolungo-the-style-outlets-antonino-il-banco-di-cannavacciuolo,vicolungo-the-style-outlets,"ANTONINO, IL BANCO DI CANNAVACCIUOLO",Restaurant,€€,https://vicolungo.thestyleoutlets.it/en/restaurants,active,17,
vicolungo-the-style-outlets-artandfood-wow-vicolungo,vicolungo-the-style-outlets,ART&FOOD WOW VICOLUNGO,Restaurant,€€,https://vicolungo.thestyleoutlets.it/en/restaurants,active,18,
vicolungo-the-style-outlets-befed,vicolungo-the-style-outlets,BEFED,Restaurant,€€,https://vicolungo.thestyleoutlets.it/en/restaurants,active,19,
vicolungo-the-style-outlets-billy-tacos,vicolungo-the-style-outlets,BILLY TACOS,Fast Food,€€,https://vicolungo.thestyleoutlets.it/en/restaurants,active,20,
vicolungo-the-style-outlets-botega-caffe-cacao,vicolungo-the-style-outlets,BOTEGA CAFFE CACAO,Restaurant,€€,https://vicolungo.thestyleoutlets.it/en/restaurants,active,21,
vicolungo-the-style-outlets-calavera,vicolungo-the-style-outlets,CALAVERA,Restaurant,€€,https://vicolungo.thestyleoutlets.it/en/restaurants,active,22,
vicolungo-the-style-outlets-emozioni-ditalia,vicolungo-the-style-outlets,EMOZIONI D'ITALIA,Restaurant,€€,https://vicolungo.thestyleoutlets.it/en/restaurants,active,23,
vicolungo-the-style-outlets-la-piadineria,vicolungo-the-style-outlets,LA PIADINERIA,Fast Food,€€,https://vicolungo.thestyleoutlets.it/en/restaurants,active,24,
vicolungo-the-style-outlets-lindt,vicolungo-the-style-outlets,LINDT,Dessert,€€,https://vicolungo.thestyleoutlets.it/en/restaurants,active,25,
vicolungo-the-style-outlets-linos-coffee,vicolungo-the-style-outlets,LINO'S COFFEE,Cafe,€€,https://vicolungo.thestyleoutlets.it/en/restaurants,active,26,
vicolungo-the-style-outlets-miscusi,vicolungo-the-style-outlets,MISCUSI,Restaurant,€€,https://vicolungo.thestyleoutlets.it/en/restaurants,active,27,
vicolungo-the-style-outlets-old-wild-west,vicolungo-the-style-outlets,OLD WILD WEST,Restaurant,€€,https://vicolungo.thestyleoutlets.it/en/restaurants,active,28,
vicolungo-the-style-outlets-parma-menu,vicolungo-the-style-outlets,PARMA MENÙ,Restaurant,€€,https://vicolungo.thestyleoutlets.it/en/restaurants,active,29,
vicolungo-the-style-outlets-pasticceria-pariani,vicolungo-the-style-outlets,PASTICCERIA PARIANI,Dessert,€€,https://vicolungo.thestyleoutlets.it/en/restaurants,active,30,
vicolungo-the-style-outlets-poke-house,vicolungo-the-style-outlets,POKE HOUSE,Restaurant,€€,https://vicolungo.thestyleoutlets.it/en/restaurants,active,31,
vicolungo-the-style-outlets-popeyes,vicolungo-the-style-outlets,POPEYES,Fast Food,€€,https://vicolungo.thestyleoutlets.it/en/restaurants,active,32,
vicolungo-the-style-outlets-roadhouse-meatery,vicolungo-the-style-outlets,ROADHOUSE MEATERY,Restaurant,€€,https://vicolungo.thestyleoutlets.it/en/restaurants,active,33,
vicolungo-the-style-outlets-signorvino,vicolungo-the-style-outlets,SIGNORVINO,Restaurant,€€,https://vicolungo.thestyleoutlets.it/en/restaurants,active,34,
castel-guelfo-the-style-outlets-alice-pizza,castel-guelfo-the-style-outlets,ALICE PIZZA,Fast Food,€€,https://castel-guelfo.thestyleoutlets.it/en/restaurants,active,35,
castel-guelfo-the-style-outlets-billy-tacos,castel-guelfo-the-style-outlets,BILLY TACOS,Fast Food,€€,https://castel-guelfo.thestyleoutlets.it/en/restaurants,active,36,
castel-guelfo-the-style-outlets-botega-caffe-cacao,castel-guelfo-the-style-outlets,BOTEGA CAFFE CACAO,Restaurant,€€,https://castel-guelfo.thestyleoutlets.it/en/restaurants,active,37,
castel-guelfo-the-style-outlets-farinella-bakery-e-coffee,castel-guelfo-the-style-outlets,FARINELLA BAKERY E COFFEE,Cafe,€€,https://castel-guelfo.thestyleoutlets.it/en/restaurants,active,38,
castel-guelfo-the-style-outlets-i-love-poke,castel-guelfo-the-style-outlets,I LOVE POKE,Restaurant,€€,https://castel-guelfo.thestyleoutlets.it/en/restaurants,active,39,
castel-guelfo-the-style-outlets-la-piadineria,castel-guelfo-the-style-outlets,LA PIADINERIA,Fast Food,€€,https://castel-guelfo.thestyleoutlets.it/en/restaurants,active,40,
castel-guelfo-the-style-outlets-lindt,castel-guelfo-the-style-outlets,LINDT,Dessert,€€,https://castel-guelfo.thestyleoutlets.it/en/restaurants,active,41,
castel-guelfo-the-style-outlets-roadhouse-meatery,castel-guelfo-the-style-outlets,ROADHOUSE MEATERY,Restaurant,€€,https://castel-guelfo.thestyleoutlets.it/en/restaurants,active,42,
puglia-village-bacio-di-latte,puglia-village,Bacio di Latte,Gelato • Cafe,€€,https://www.pugliavillage.it/en/shop-and-brands-by-category/mJqXvmZz,active,1,
puglia-village-bacio-di-puglia,puglia-village,Bacio di Puglia,Restaurant • Cafe,€€,https://www.pugliavillage.it/en/shop-and-brands/bacio-di-puglia-hykmbp_pg,active,2,
puglia-village-lindt,puglia-village,Lindt,Chocolate • Cafe,€€,https://www.pugliavillage.it/en/shop-and-brands-by-category/mJqXvmZz,active,3,
puglia-village-momi-poke,puglia-village,Momi Poke,Poke • Healthy,€€,https://www.pugliavillage.it/en/shop-and-brands-by-category/mJqXvmZz,active,4,
puglia-village-old-wild-west,puglia-village,Old Wild West,Restaurant • Steakhouse,€€,https://www.pugliavillage.it/en/shop-and-brands-by-category/mJqXvmZz,active,5,
puglia-village-whao,puglia-village,WHAO,Food & Drink,€€,https://www.pugliavillage.it/en/shop-and-brands-by-category/mJqXvmZz,active,6,
sicilia-outlet-village-caffe-vergnano,sicilia-outlet-village,Caffè Vergnano,Cafe • Bistro,€€,https://www.siciliaoutletvillage.com/en/brands/caffe-vergnano,active,1,
sicilia-outlet-village-fud-sud,sicilia-outlet-village,Fud Sud,Fast Casual • Restaurant,€€,https://www.siciliaoutletvillage.com/en/brands/fud-sud,active,2,
scalo-milano-outlet-more-doppio-malto,scalo-milano-outlet-more,Doppio Malto,Restaurant • Brewery,€€,https://www.scalomilano.it/en/stores/doppio-malto/,active,1,
scalo-milano-outlet-more-la-piadineria,scalo-milano-outlet-more,La Piadineria,Fast Food • Piadina,€€,https://www.scalomilano.it/en/stores/la-piadineria/,active,2,
scalo-milano-outlet-more-mi-scusi,scalo-milano-outlet-more,Mi scusi,Restaurant • Pasta,€€,https://www.scalomilano.it/en/stores/mi-scusi/,active,3,
scalo-milano-outlet-more-osteria-urbana-vino-e-cucina,scalo-milano-outlet-more,Osteria Urbana - Vino e Cucina,Restaurant • Italian,€€,https://www.scalomilano.it/en/stores/osteria-urbana-vino-e-cucina/,active,4,
scalo-milano-outlet-more-roadhouse-restaurant,scalo-milano-outlet-more,Roadhouse Restaurant,Restaurant • Steakhouse,€€,https://www.scalomilano.it/en/stores/roadhouse-restaurant/,active,5,
scalo-milano-outlet-more-rossopomodoro,scalo-milano-outlet-more,Rossopomodoro,Restaurant • Pizza,€€,https://www.scalomilano.it/en/stores/rossopomodoro/,active,6,
torino-outlet-village-caffe-e-bollicine,torino-outlet-village,Caffè e Bollicine,Cafe • Wine Bar,€€,https://www.torinooutletvillage.com/en/brands/caffe-e-bollicine,active,1,
torino-outlet-village-la-piadineria,torino-outlet-village,La Piadineria,Fast Casual • Piadina,€€,https://www.torinooutletvillage.com/en/brands/la-piadineria,active,2,
torino-outlet-village-re-nero-caffe,torino-outlet-village,Re Nero Caffè,Cafe • Mediterranean,€€,https://www.torinooutletvillage.com/marchi/re-nero-caffe,active,3,
mondovicino-outlet-village-caffe-bistrot-la-scuderia,mondovicino-outlet-village,Caffè Bistrot La Scuderia,Restaurants & Food Market,€€,https://mondovicino.it/en/negozi/caffe-bistrot-la-scuderia/,active,1,
mondovicino-outlet-village-caffetteria-le-fontane,mondovicino-outlet-village,Caffetteria Le Fontane,Cafe • Restaurants & Food Market,€€,https://mondovicino.it/en/food/,active,2,
mondovicino-outlet-village-i-partenopei-cafe-restaurant,mondovicino-outlet-village,I Partenopei CAFE’ – RESTAURANT,Cafe • Restaurant,€€,https://mondovicino.it/en/negozi/i-partenopei/,active,3,
mondovicino-outlet-village-love-it-pizza,mondovicino-outlet-village,Love IT Pizza,Pizza • Restaurants & Food Market,€€,https://mondovicino.it/en/food/,active,4,
mondovicino-outlet-village-sapori-della-regione,mondovicino-outlet-village,Sapori della Regione,Regional Food • Restaurants & Food Market,€€,https://mondovicino.it/en/food/,active,5,
brugnato-5terre-outlet-village-la-friggitoria-della-luna-blu,brugnato-5terre-outlet-village,La Friggitoria della Luna Blu,Fritti • Bakery • Cafe,€€,https://www.brugnato5terreoutletvillage.it/it/page/68/la-friggitoria-della-luna-blu,active,1,
brugnato-5terre-outlet-village-la-piadineria,brugnato-5terre-outlet-village,La Piadineria,Fast Casual • Piadina,€€,https://www.brugnato5terreoutletvillage.it/it/page/69/la-piadineria,active,2,
valmontone-outlet-alice-pizza,valmontone-outlet,ALICE PIZZA,Pizza,€€,https://www.valmontoneoutlet.com/en/foodcourt/,active,1,
valmontone-outlet-burger-king,valmontone-outlet,BURGER KING,Fast Food,€€,https://www.valmontoneoutlet.com/en/foodcourt/,active,2,
valmontone-outlet-calavera,valmontone-outlet,CALAVERA,Restaurant,€€,https://www.valmontoneoutlet.com/en/foodcourt/,active,3,
valmontone-outlet-casa-angelesi,valmontone-outlet,CASA ANGELESI,Restaurant,€€,https://www.valmontoneoutlet.com/en/foodcourt/,active,4,
valmontone-outlet-dispensa-emilia,valmontone-outlet,DISPENSA EMILIA,Italian • Fast Casual,€€,https://www.valmontoneoutlet.com/en/foodcourt/,active,5,
valmontone-outlet-fattoria-toccaferro,valmontone-outlet,FATTORIA TOCCAFERRO,Restaurant,€€,https://www.valmontoneoutlet.com/en/foodcourt/,active,6,
valmontone-outlet-kfc,valmontone-outlet,KFC,Fast Food,€€,https://www.valmontoneoutlet.com/en/foodcourt/,active,7,
valmontone-outlet-la-piadineria,valmontone-outlet,LA PIADINERIA,Fast Casual • Piadina,€€,https://www.valmontoneoutlet.com/en/foodcourt/,active,8,
valmontone-outlet-old-wild-west,valmontone-outlet,OLD WILD WEST,Restaurant,€€,https://www.valmontoneoutlet.com/en/foodcourt/,active,9,
valmontone-outlet-poke-house,valmontone-outlet,POKE HOUSE,Healthy • Bowl,€€,https://www.valmontoneoutlet.com/en/foodcourt/,active,10,
cilento-outlet-village-mcdonalds,cilento-outlet-village,McDonald's,Fast Food,€€,https://www.cilentooutlet.com/wp-content/uploads/2025/06/mappa-giugno.pdf,active,1,
cilento-outlet-village-pizzeria-verdevasinicola,cilento-outlet-village,Pizzeria Verdevasinicola,Pizza • Restaurant,€€,https://www.cilentooutlet.com/domenica-di-shopping-al-cilento-outlet-non-puoi-rinunciare-ad-una-pausa-pranzo-da-verdevasinicola-le-specialita-del-territorio-campano-rendono-unico-il-sapore-delle-sue-pizze-e-dei-piatti-della-trad/,active,2,
santangelo-outlet-village-ami-poke,santangelo-outlet-village,Ami Pokè,Healthy • Bowl,€€,https://santangeloutlet.com/en/food-court-2/,active,1,
santangelo-outlet-village-billy-tacos,santangelo-outlet-village,Billy Tacos,Tex Mex,€€,https://santangeloutlet.com/en/food-court-2/,active,2,
santangelo-outlet-village-burger-king,santangelo-outlet-village,Burger King,Fast Food,€€,https://santangeloutlet.com/en/food-court-2/,active,3,
santangelo-outlet-village-fattoria-toccaferro,santangelo-outlet-village,Fattoria Toccaferro,Bar • Pizzeria • Restaurant,€€,https://santangeloutlet.com/en/food-court-2/,active,4,
santangelo-outlet-village-nero-lab,santangelo-outlet-village,NERO.lab,Cafe,€€,https://santangeloutlet.com/en/food-court-2/,active,5,
santangelo-outlet-village-old-wild-west,santangelo-outlet-village,Old Wild West,Restaurant,€€,https://santangeloutlet.com/en/food-court-2/,active,6,
santangelo-outlet-village-sushiko,santangelo-outlet-village,Sushiko,Sushi,€€,https://santangeloutlet.com/en/food-court-2/,active,7,
designer-outlet-roermond-chez-margot,designer-outlet-roermond,Chez Margot,Restaurant,€€,https://www.mcarthurglen.com/en/outlets/nl/designer-outlet-roermond/food-drink/,active,1,
designer-outlet-roermond-cinnamood,designer-outlet-roermond,Cinnamood,Dessert,€€,https://www.mcarthurglen.com/en/outlets/nl/designer-outlet-roermond/food-drink/,active,2,
designer-outlet-roermond-crepes,designer-outlet-roermond,Crêpes,Restaurant,€€,https://www.mcarthurglen.com/en/outlets/nl/designer-outlet-roermond/food-drink/,active,3,
designer-outlet-roermond-doner-kebab,designer-outlet-roermond,Döner Kebab,Fast Food,€€,https://www.mcarthurglen.com/en/outlets/nl/designer-outlet-roermond/food-drink/,active,4,
designer-outlet-roermond-dunkin,designer-outlet-roermond,Dunkin',Restaurant,€€,https://www.mcarthurglen.com/en/outlets/nl/designer-outlet-roermond/food-drink/,active,5,
designer-outlet-roermond-frankies-churros,designer-outlet-roermond,Frankie's Churros,Dessert,€€,https://www.mcarthurglen.com/en/outlets/nl/designer-outlet-roermond/food-drink/,active,6,
designer-outlet-roermond-frites-boutique,designer-outlet-roermond,Frites Boutique,Restaurant,€€,https://www.mcarthurglen.com/en/outlets/nl/designer-outlet-roermond/food-drink/,active,7,
designer-outlet-roermond-go-to-italiano,designer-outlet-roermond,Go To Italiano,Cafe,€€,https://www.mcarthurglen.com/en/outlets/nl/designer-outlet-roermond/food-drink/,active,8,
designer-outlet-roermond-kafer,designer-outlet-roermond,Käfer,Restaurant,€€,https://www.mcarthurglen.com/en/outlets/nl/designer-outlet-roermond/food-drink/,active,9,
designer-outlet-roermond-kamps,designer-outlet-roermond,Kamps,Cafe,€€,https://www.mcarthurglen.com/en/outlets/nl/designer-outlet-roermond/food-drink/,active,10,
designer-outlet-roermond-kamps-to-go,designer-outlet-roermond,Kamps To Go,Cafe,€€,https://www.mcarthurglen.com/en/outlets/nl/designer-outlet-roermond/food-drink/,active,11,
designer-outlet-roermond-la-place,designer-outlet-roermond,La Place,Restaurant,€€,https://www.mcarthurglen.com/en/outlets/nl/designer-outlet-roermond/food-drink/,active,12,
designer-outlet-roermond-la-place-cuisine,designer-outlet-roermond,La Place Cuisine,Restaurant,€€,https://www.mcarthurglen.com/en/outlets/nl/designer-outlet-roermond/food-drink/,active,13,
designer-outlet-roermond-la-place-express,designer-outlet-roermond,La Place Express,Restaurant,€€,https://www.mcarthurglen.com/en/outlets/nl/designer-outlet-roermond/food-drink/,active,14,
designer-outlet-roermond-le-pain-quotidien,designer-outlet-roermond,Le Pain Quotidien,Cafe,€€,https://www.mcarthurglen.com/en/outlets/nl/designer-outlet-roermond/food-drink/,active,15,
designer-outlet-roermond-lindt,designer-outlet-roermond,Lindt,Dessert,€€,https://www.mcarthurglen.com/en/outlets/nl/designer-outlet-roermond/food-drink/,active,16,
designer-outlet-roermond-macarons,designer-outlet-roermond,Macarons,Dessert,€€,https://www.mcarthurglen.com/en/outlets/nl/designer-outlet-roermond/food-drink/,active,17,
designer-outlet-roermond-madaq,designer-outlet-roermond,MADAQ,Dessert,€€,https://www.mcarthurglen.com/en/outlets/nl/designer-outlet-roermond/food-drink/,active,18,
designer-outlet-roermond-mcdonalds,designer-outlet-roermond,McDonald's,Fast Food,€€,https://www.mcarthurglen.com/en/outlets/nl/designer-outlet-roermond/food-drink/,active,19,
designer-outlet-roermond-mood-to-go,designer-outlet-roermond,MOOD to go,Restaurant,€€,https://www.mcarthurglen.com/en/outlets/nl/designer-outlet-roermond/food-drink/,active,20,
designer-outlet-roermond-oakberry,designer-outlet-roermond,Oakberry,Restaurant,€€,https://www.mcarthurglen.com/en/outlets/nl/designer-outlet-roermond/food-drink/,active,21,
designer-outlet-roermond-pizzeria-positano-on-wheels,designer-outlet-roermond,Pizzeria Positano On Wheels,Restaurant,€€,https://www.mcarthurglen.com/en/outlets/nl/designer-outlet-roermond/food-drink/,active,22,
designer-outlet-roermond-pommes-frites,designer-outlet-roermond,Pommes Frites,Fast Food,€€,https://www.mcarthurglen.com/en/outlets/nl/designer-outlet-roermond/food-drink/,active,23,
designer-outlet-roermond-starbucks,designer-outlet-roermond,Starbucks,Cafe,€€,https://www.mcarthurglen.com/en/outlets/nl/designer-outlet-roermond/food-drink/,active,24,
designer-outlet-roermond-starbucks-to-go,designer-outlet-roermond,Starbucks To Go,Cafe,€€,https://www.mcarthurglen.com/en/outlets/nl/designer-outlet-roermond/food-drink/,active,25,
designer-outlet-roermond-sweet-avenue,designer-outlet-roermond,Sweet Avenue,Dessert,€€,https://www.mcarthurglen.com/en/outlets/nl/designer-outlet-roermond/food-drink/,active,26,
designer-outlet-roermond-the-burger-federation,designer-outlet-roermond,The Burger Federation,Fast Food,€€,https://www.mcarthurglen.com/en/outlets/nl/designer-outlet-roermond/food-drink/,active,27,
designer-outlet-roermond-wagamama,designer-outlet-roermond,Wagamama,Restaurant,€€,https://www.mcarthurglen.com/en/outlets/nl/designer-outlet-roermond/food-drink/,active,28,
designer-outlet-roermond-wurzt,designer-outlet-roermond,Wurzt,Fast Food,€€,https://www.mcarthurglen.com/en/outlets/nl/designer-outlet-roermond/food-drink/,active,29,
designer-outlet-roermond-yoyo-fresh-tea,designer-outlet-roermond,YoYo Fresh Tea,Cafe,€€,https://www.mcarthurglen.com/en/outlets/nl/designer-outlet-roermond/food-drink/,active,30,
designer-outlet-roosendaal-bonton,designer-outlet-roosendaal,Bonton,Restaurant,€€,https://www.mcarthurglen.com/en/outlets/nl/designer-outlet-roosendaal/food-drink/,active,31,
designer-outlet-roosendaal-casa-del-caffe,designer-outlet-roosendaal,Casa del Caffè,Cafe,€€,https://www.mcarthurglen.com/en/outlets/nl/designer-outlet-roosendaal/food-drink/,active,32,
designer-outlet-roosendaal-daans-churros,designer-outlet-roosendaal,Daan's Churros,Dessert,€€,https://www.mcarthurglen.com/en/outlets/nl/designer-outlet-roosendaal/food-drink/,active,33,
designer-outlet-roosendaal-dunkin,designer-outlet-roosendaal,Dunkin',Restaurant,€€,https://www.mcarthurglen.com/en/outlets/nl/designer-outlet-roosendaal/food-drink/,active,34,
designer-outlet-roosendaal-frites-atelier,designer-outlet-roosendaal,Frites Atelier,Restaurant,€€,https://www.mcarthurglen.com/en/outlets/nl/designer-outlet-roosendaal/food-drink/,active,35,
designer-outlet-roosendaal-la-place,designer-outlet-roosendaal,La Place,Restaurant,€€,https://www.mcarthurglen.com/en/outlets/nl/designer-outlet-roosendaal/food-drink/,active,36,
designer-outlet-roosendaal-lindt,designer-outlet-roosendaal,Lindt,Dessert,€€,https://www.mcarthurglen.com/en/outlets/nl/designer-outlet-roosendaal/food-drink/,active,37,
designer-outlet-roosendaal-per-tutti,designer-outlet-roosendaal,Per Tutti,Restaurant,€€,https://www.mcarthurglen.com/en/outlets/nl/designer-outlet-roosendaal/food-drink/,active,38,
amsterdam-the-style-outlets-coffee-fellows,amsterdam-the-style-outlets,COFFEE FELLOWS,Cafe,€€,https://amsterdam.thestyleoutlets.nl/en/restaurants,active,39,
amsterdam-the-style-outlets-pommes-frites,amsterdam-the-style-outlets,POMMES FRITES,Fast Food,€€,https://amsterdam.thestyleoutlets.nl/en/restaurants,active,40,
amsterdam-the-style-outlets-selva-oro,amsterdam-the-style-outlets,SELVA ORO,Restaurant,€€,https://amsterdam.thestyleoutlets.nl/en/restaurants,active,41,
amsterdam-the-style-outlets-starbucks,amsterdam-the-style-outlets,STARBUCKS,Cafe,€€,https://amsterdam.thestyleoutlets.nl/en/restaurants,active,42,
amsterdam-the-style-outlets-the-burger-federation,amsterdam-the-style-outlets,THE BURGER FEDERATION,Fast Food,€€,https://amsterdam.thestyleoutlets.nl/en/restaurants,active,43,
batavia-stad-fashion-outlet-coffeecompany,batavia-stad-fashion-outlet,Coffeecompany,Cafe,€€,https://www.bataviastad.nl/en/restaurants,active,44,
batavia-stad-fashion-outlet-de-ruyter-vis,batavia-stad-fashion-outlet,De Ruyter Vis,Restaurant,€€,https://www.bataviastad.nl/en/restaurants,active,45,
batavia-stad-fashion-outlet-dunkin,batavia-stad-fashion-outlet,Dunkin',Cafe,€€,https://www.bataviastad.nl/en/restaurants,active,46,
batavia-stad-fashion-outlet-ekmekci,batavia-stad-fashion-outlet,Ekmekci,Restaurant,€€,https://www.bataviastad.nl/en/restaurants,active,47,
batavia-stad-fashion-outlet-fashion-cafe,batavia-stad-fashion-outlet,Fashion Café,Cafe,€€,https://www.bataviastad.nl/en/restaurants,active,48,
batavia-stad-fashion-outlet-la-place,batavia-stad-fashion-outlet,La Place,Restaurant,€€,https://www.bataviastad.nl/en/restaurants,active,49,
batavia-stad-fashion-outlet-mcdonalds,batavia-stad-fashion-outlet,McDonald's,Restaurant,€€,https://www.bataviastad.nl/en/restaurants,active,50,
batavia-stad-fashion-outlet-salsa-shop,batavia-stad-fashion-outlet,Salsa Shop,Restaurant,€€,https://www.bataviastad.nl/en/restaurants,active,51,
batavia-stad-fashion-outlet-starbucks,batavia-stad-fashion-outlet,Starbucks,Cafe,€€,https://www.bataviastad.nl/en/restaurants,active,52,
batavia-stad-fashion-outlet-subway,batavia-stad-fashion-outlet,Subway,Fast Food,€€,https://www.bataviastad.nl/en/restaurants,active,53,
batavia-stad-fashion-outlet-twelve12,batavia-stad-fashion-outlet,Twelve12,Restaurant,€€,https://www.bataviastad.nl/en/restaurants,active,54,
norwegian-outlet-jaerbakeren-arne-johannesen,norwegian-outlet,Jærbakeren Arne Johannesen,Bakery • Cafe,€€,https://norwegianoutlet.no/mat-og-drikke/,active,1,
factory-ursus-costa-coffee,factory-ursus,Costa Coffee,Coffee • Cafe,€€,https://ursus.factory.pl/en/restaurants/restaurants,active,1,
factory-ursus-goraco-polecam,factory-ursus,Gorąco Polecam,Bakery • Cafe,€€,https://ursus.factory.pl/en/restaurants/restaurants,active,2,
factory-ursus-love-it,factory-ursus,Love It,Pizza • Italian,€€,https://ursus.factory.pl/en/restaurants/restaurants,active,3,
factory-ursus-so-coffee,factory-ursus,So Coffee,Coffee • Cafe,€€,https://ursus.factory.pl/en/restaurants/restaurants,active,4,
factory-annopol-grycan-lody-od-pokolen,factory-annopol,Grycan Lody od Pokoleń,Ice Cream • Dessert,€€,https://annopol.factory.pl/en/restaurants/restaurants,active,1,
factory-annopol-popolo-pizza-i-pasta,factory-annopol,Popolo Pizza i Pasta,Pizza • Italian,€€,https://annopol.factory.pl/en/restaurants/restaurants,active,2,
factory-annopol-so-coffee,factory-annopol,So Coffee,Coffee • Cafe,€€,https://annopol.factory.pl/en/restaurants/restaurants,active,3,
factory-annopol-sphinx,factory-annopol,Sphinx,Restaurant,€€,https://annopol.factory.pl/en/restaurants/restaurants,active,4,
wroclaw-fashion-outlet-in-asia,wroclaw-fashion-outlet,In Asia,Asian • Restaurant,€€,https://www.wroclawfashionoutlet.com/en/restaurants/in-asia,active,1,
wroclaw-fashion-outlet-krasnolod,wroclaw-fashion-outlet,Krasnolód,Ice Cream • Dessert,€€,https://www.wroclawfashionoutlet.com/en/restaurants,active,2,
wroclaw-fashion-outlet-pasibus,wroclaw-fashion-outlet,Pasibus,Burgers • Restaurant,€€,https://www.wroclawfashionoutlet.com/en/restaurants/pasibus-outlet,active,3,
wroclaw-fashion-outlet-so-coffee,wroclaw-fashion-outlet,So! Coffee,Coffee • Cafe,€€,https://www.wroclawfashionoutlet.com/en/restaurants/so-coffee-outlet,active,4,
wroclaw-fashion-outlet-starbucks,wroclaw-fashion-outlet,Starbucks,Coffee • Cafe,€€,https://www.wroclawfashionoutlet.com/en/news-next/starbucks-i-pasibus,active,5,
wroclaw-fashion-outlet-tutti-santi,wroclaw-fashion-outlet,Tutti Santi,Pizza • Italian,€€,https://www.wroclawfashionoutlet.com/en/restaurants/so-coffee-outlet,active,6,
wroclaw-fashion-outlet-wagozercy,wroclaw-fashion-outlet,Wagożercy,Polish • Restaurant,€€,https://www.wroclawfashionoutlet.com/en/restaurants/wagozercy,active,7,
designer-outlet-gdansk-da-mere,designer-outlet-gdansk,Da Mere,Restaurant,€€,https://www.designeroutletgdansk.pl/en/shopping/restaurants,active,1,
designer-outlet-gdansk-goraco-polecam,designer-outlet-gdansk,Gorąco Polecam,Bakery • Cafe,€€,https://www.designeroutletgdansk.pl/en/shopping/restaurants,active,2,
designer-outlet-gdansk-kebaya,designer-outlet-gdansk,Kebaya,Restaurant,€€,https://www.designeroutletgdansk.pl/en/shopping/restaurants,active,3,
designer-outlet-gdansk-kuchnia-smaku,designer-outlet-gdansk,Kuchnia Smaku,Restaurant,€€,https://www.designeroutletgdansk.pl/en/shopping/restaurants,active,4,
designer-outlet-gdansk-papa-gyros,designer-outlet-gdansk,Papa Gyros,Restaurant,€€,https://www.designeroutletgdansk.pl/en/shopping/restaurants,active,5,
designer-outlet-gdansk-so-coffee,designer-outlet-gdansk,So Coffee,Coffee • Cafe,€€,https://www.designeroutletgdansk.pl/en/shopping/restaurants,active,6,
designer-outlet-gdansk-thai-express,designer-outlet-gdansk,Thai Express,Restaurant,€€,https://www.designeroutletgdansk.pl/en/shopping/restaurants,active,7,
designer-outlet-sosnowiec-thai-express,designer-outlet-sosnowiec,Thai Express,Restaurant,€€,https://www.designeroutletsosnowiec.pl/en/centre/restaurants,active,1,
designer-outlet-sosnowiec-kuchnia-smaku,designer-outlet-sosnowiec,Kuchnia Smaku,Restaurant,€€,https://www.designeroutletsosnowiec.pl/en/centre/restaurants,active,2,
designer-outlet-sosnowiec-so-coffee,designer-outlet-sosnowiec,So Coffee,Coffee • Cafe,€€,https://www.designeroutletsosnowiec.pl/en/centre/restaurants,active,3,
designer-outlet-sosnowiec-goraco-polecam,designer-outlet-sosnowiec,Gorąco Polecam,Bakery • Cafe,€€,https://www.designeroutletsosnowiec.pl/en/centre/restaurants,active,4,
designer-outlet-sosnowiec-kebaya-kebab,designer-outlet-sosnowiec,Kebaya Kebab,Kebab • Restaurant,€€,https://www.designeroutletsosnowiec.pl/en/centre/restaurants,active,5,
designer-outlet-sosnowiec-carte-dor,designer-outlet-sosnowiec,Carte d'Or,Dessert,€€,https://www.designeroutletsosnowiec.pl/en/centre/restaurants,active,6,
designer-outlet-sosnowiec-big-beef-burger,designer-outlet-sosnowiec,Big Beef Burger,Burger • Restaurant,€€,https://www.designeroutletsosnowiec.pl/en/centre/restaurants,active,7,
designer-outlet-warszawa-green-caffe-nero,designer-outlet-warszawa,Green Caffè Nero,Coffee • Cafe,€€,https://www.designeroutletwarszawa.pl/en/discover/food-drink,active,1,
designer-outlet-warszawa-goraco-polecam,designer-outlet-warszawa,Gorąco Polecam,Bakery • Cafe,€€,https://www.designeroutletwarszawa.pl/en/discover/food-drink,active,2,
designer-outlet-warszawa-kuchnia-smaku,designer-outlet-warszawa,Kuchnia Smaku,Restaurant,€€,https://www.designeroutletwarszawa.pl/en/discover/food-drink,active,3,
designer-outlet-warszawa-los-santos-bar,designer-outlet-warszawa,Los Santos Bar,Bar • Restaurant,€€,https://www.designeroutletwarszawa.pl/en/discover/food-drink,active,4,
designer-outlet-warszawa-subway,designer-outlet-warszawa,Subway,Sandwiches • Fast Food,€€,https://www.designeroutletwarszawa.pl/en/discover/food-drink,active,5,
designer-outlet-warszawa-thai-express,designer-outlet-warszawa,Thai Express,Thai • Restaurant,€€,https://www.designeroutletwarszawa.pl/en/discover/food-drink,active,6,
designer-outlet-warszawa-vita-cafe,designer-outlet-warszawa,Vita Cafe,Cafe,€€,https://www.designeroutletwarszawa.pl/en/discover/food-drink,active,7,
freeport-lisboa-fashion-outlet-28,freeport-lisboa-fashion-outlet,28,Cafe,€€,https://www.freeportfashionoutlet.pt/en/restaurants/28,active,1,
freeport-lisboa-fashion-outlet-basilico,freeport-lisboa-fashion-outlet,Basílico,Restaurant,€€,https://www.freeportfashionoutlet.pt/en/restaurants/basilico,active,2,
freeport-lisboa-fashion-outlet-canas-y-tapas,freeport-lisboa-fashion-outlet,Cañas y Tapas,Restaurant,€€,https://www.freeportfashionoutlet.pt/en/restaurants/canas-y-tapas,active,3,
freeport-lisboa-fashion-outlet-hamburgueria-portuguesa-by-farnel,freeport-lisboa-fashion-outlet,Hamburgueria Portuguesa by Farnel,Fast Food,€€,https://www.freeportfashionoutlet.pt/en/restaurants/hamburgueria-portuguesa-by-farnel,active,4,
freeport-lisboa-fashion-outlet-lindt,freeport-lisboa-fashion-outlet,Lindt,Dessert,€€,https://www.freeportfashionoutlet.pt/en/restaurants/lindt,active,5,
freeport-lisboa-fashion-outlet-nairobi,freeport-lisboa-fashion-outlet,Nairóbi,Cafe,€€,https://www.freeportfashionoutlet.pt/en/restaurants/nairobi,active,6,
freeport-lisboa-fashion-outlet-o-farnel,freeport-lisboa-fashion-outlet,O Farnel,Restaurant,€€,https://www.freeportfashionoutlet.pt/en/restaurants/o-farnel,active,7,
freeport-lisboa-fashion-outlet-portela,freeport-lisboa-fashion-outlet,Portela,Cafe,€€,https://www.freeportfashionoutlet.pt/en/restaurants/portela,active,8,
freeport-lisboa-fashion-outlet-sabores-com-alma,freeport-lisboa-fashion-outlet,Sabores com Alma,Restaurant,€€,https://www.freeportfashionoutlet.pt/en/restaurants/sabores-com-alma,active,9,
freeport-lisboa-fashion-outlet-selfish-with-a-twist,freeport-lisboa-fashion-outlet,Selfish with a Twist,Restaurant,€€,https://www.freeportfashionoutlet.pt/en/restaurants/selfish-with-a-twist,active,10,
freeport-lisboa-fashion-outlet-starbucks,freeport-lisboa-fashion-outlet,Starbucks,Cafe,€€,https://www.freeportfashionoutlet.pt/en/restaurants/starbucks,active,11,
vila-do-conde-porto-fashion-outlet-andi-amo,vila-do-conde-porto-fashion-outlet,AndiAmo,Restaurant,€€,https://www.viladocondefashionoutlet.pt/en/restaurants/andi-amo,active,12,
vila-do-conde-porto-fashion-outlet-delfina,vila-do-conde-porto-fashion-outlet,Delfina,Restaurant,€€,https://www.viladocondefashionoutlet.pt/en/restaurants/delfina,active,13,
vila-do-conde-porto-fashion-outlet-duforno,vila-do-conde-porto-fashion-outlet,Duforno,Restaurant,€€,https://www.viladocondefashionoutlet.pt/en/restaurants/duforno,active,14,
vila-do-conde-porto-fashion-outlet-h3,vila-do-conde-porto-fashion-outlet,H3,Fast Food,€€,https://www.viladocondefashionoutlet.pt/en/restaurants/h3,active,15,
vila-do-conde-porto-fashion-outlet-pappa-lab,vila-do-conde-porto-fashion-outlet,Pappa'Lab,Restaurant,€€,https://www.viladocondefashionoutlet.pt/en/restaurants/pappa-lab,active,18,
vila-do-conde-porto-fashion-outlet-sibuya,vila-do-conde-porto-fashion-outlet,Sibuya,Restaurant,€€,https://www.viladocondefashionoutlet.pt/en/restaurants/sibuya,active,19,
vila-do-conde-porto-fashion-outlet-starbucks,vila-do-conde-porto-fashion-outlet,Starbucks,Cafe,€€,https://www.viladocondefashionoutlet.pt/en/restaurants/starbucks,active,20,
vila-do-conde-porto-fashion-outlet-vila-953,vila-do-conde-porto-fashion-outlet,Vila 953,Restaurant,€€,https://www.viladocondefashionoutlet.pt/en/restaurants/vila-953,active,23,
vila-do-conde-porto-fashion-outlet-vitaminas,vila-do-conde-porto-fashion-outlet,Vitaminas,Restaurant,€€,https://www.viladocondefashionoutlet.pt/en/restaurants/vitaminas,active,25,
fashion-house-bucharest-5-to-go,fashion-house-outlet-centre-bucharest,5 To Go,Cafe,€,https://fashionhouse.ro/militari/brands/,active,1,
fashion-house-bucharest-maroon,fashion-house-outlet-centre-bucharest,Maroon,Restaurant,€€,https://fashionhouse.ro/militari/brands/maroon/,active,2,
fashion-house-bucharest-shan-xi-food-coffee,fashion-house-outlet-centre-bucharest,Shan-Xi Food & Coffee,Cafe • Restaurant,€€,https://fashionhouse.ro/militari/brands/shan-xi-food-coffee/,active,3,
fashion-house-bucharest-teds-coffee-co,fashion-house-outlet-centre-bucharest,TED’s Coffee CO,Cafe,€€,https://fashionhouse.ro/militari/brands/,active,4,
fashion-house-outlet-centre-pallady-fornetti,fashion-house-outlet-centre-pallady,FORNETTI,Bakery • Cafe,€,https://fashionhouse.ro/pallady/brands/fornetti/,active,1,
fashion-house-outlet-centre-pallady-maroon-restaurant,fashion-house-outlet-centre-pallady,Maroon Restaurant,Restaurant,€€,https://fashionhouse.ro/pallady/brands/maroon-restaurant/,active,2,
designer-outlet-malaga-ben-and-jerrys,designer-outlet-malaga,Ben & Jerry's,Dessert,€€,https://www.mcarthurglen.com/en/outlets/es/designer-outlet-malaga/food-drinks/,active,1,
designer-outlet-malaga-five-guys,designer-outlet-malaga,Five Guys,Fast Food,€€,https://www.mcarthurglen.com/en/outlets/es/designer-outlet-malaga/food-drinks/,active,2,
designer-outlet-malaga-la-pecera,designer-outlet-malaga,La Pecera,Dessert,€€,https://www.mcarthurglen.com/en/outlets/es/designer-outlet-malaga/food-drinks/,active,3,
designer-outlet-malaga-sabor-a-espana,designer-outlet-malaga,Sabor a España,Dessert,€€,https://www.mcarthurglen.com/en/outlets/es/designer-outlet-malaga/food-drinks/,active,4,
designer-outlet-malaga-santo-cielo,designer-outlet-malaga,Santo Cielo,Cafe,€€,https://www.mcarthurglen.com/en/outlets/es/designer-outlet-malaga/food-drinks/,active,5,
designer-outlet-malaga-starbucks,designer-outlet-malaga,Starbucks,Cafe,€€,https://www.mcarthurglen.com/en/outlets/es/designer-outlet-malaga/food-drinks/,active,6,
las-rozas-village-cristina-oria,las-rozas-village,Cristina Oria,Restaurant,€€,https://www.thebicestercollection.com/las-rozas-village/en/dine/,active,7,
las-rozas-village-joselito-kiosk,las-rozas-village,Joselito Kiosk,Restaurant,€€,https://www.thebicestercollection.com/las-rozas-village/en/dine/,active,8,
las-rozas-village-joselitos-restaurant,las-rozas-village,Joselito's Restaurant,Restaurant,€€,https://www.thebicestercollection.com/las-rozas-village/en/dine/,active,9,
las-rozas-village-lindt,las-rozas-village,Lindt,Dessert,€€,https://www.thebicestercollection.com/las-rozas-village/en/dine/,active,10,
las-rozas-village-mentidero-sal-y-brasas,las-rozas-village,Mentidero Sal y Brasas,Restaurant,€€,https://www.thebicestercollection.com/las-rozas-village/en/dine/,active,11,
las-rozas-village-mistura,las-rozas-village,Mistura,Dessert,€€,https://www.thebicestercollection.com/las-rozas-village/en/dine/,active,12,
viladecans-burger-king,viladecans-the-style-outlets,BURGER KING,Fast Food,€€,https://viladecans.thestyleoutlets.es/en/restaurants,active,1,
viladecans-casa-carmen,viladecans-the-style-outlets,CASA CARMEN,Restaurant,€€,https://viladecans.thestyleoutlets.es/en/restaurants,active,2,
viladecans-chalito,viladecans-the-style-outlets,CHALITO,Restaurant,€€,https://viladecans.thestyleoutlets.es/en/restaurants,active,3,
viladecans-five-guys,viladecans-the-style-outlets,FIVE GUYS,Fast Food,€€,https://viladecans.thestyleoutlets.es/en/restaurants,active,4,
viladecans-grosso-napoletano,viladecans-the-style-outlets,GROSSO NAPOLETANO,Pizza,€€,https://viladecans.thestyleoutlets.es/en/restaurants,active,5,
viladecans-harry,viladecans-the-style-outlets,HARRY,Restaurant,€€,https://viladecans.thestyleoutlets.es/en/restaurants,active,6,
viladecans-llaollao,viladecans-the-style-outlets,LLAOLLAO,Frozen Yogurt,€€,https://viladecans.thestyleoutlets.es/en/restaurants,active,7,
viladecans-starbucks,viladecans-the-style-outlets,STARBUCKS,Cafe,€€,https://viladecans.thestyleoutlets.es/en/restaurants,active,8,
viladecans-sushisom,viladecans-the-style-outlets,SUSHISOM,Sushi,€€,https://viladecans.thestyleoutlets.es/en/restaurants,active,9,
viladecans-udon,viladecans-the-style-outlets,UDON,Asian,€€,https://viladecans.thestyleoutlets.es/en/restaurants,active,10,
la-roca-village-andreu,la-roca-village,Andreu,Restaurant,€€,https://www.larocavillage.com/en/food-and-drink/,active,13,
la-roca-village-atmosferas-mordisco,la-roca-village,Atmósferas Mordisco,Restaurant,€€,https://www.larocavillage.com/en/food-and-drink/,active,14,
la-roca-village-corso-iluzione,la-roca-village,Corso Iluzione,Restaurant,€€,https://www.larocavillage.com/en/food-and-drink/,active,15,
la-roca-village-centric,la-roca-village,Cèntric,Restaurant,€€,https://www.larocavillage.com/en/food-and-drink/,active,16,
la-roca-village-dino,la-roca-village,Dino,Restaurant,€€,https://www.larocavillage.com/en/food-and-drink/,active,17,
la-roca-village-farggi-1957,la-roca-village,Farggi 1957,Dessert,€€,https://www.larocavillage.com/en/food-and-drink/,active,18,
mallorca-fashion-outlet-amorino,mallorca-fashion-outlet,Amorino,Dessert,€€,https://www.mallorcafashionoutlet.com/en/restaurants,active,1,
mallorca-fashion-outlet-block-house,mallorca-fashion-outlet,Block House,Restaurant,€€,https://www.mallorcafashionoutlet.com/en/restaurants,active,2,
mallorca-fashion-outlet-coffee-fellows,mallorca-fashion-outlet,Coffee Fellows,Cafe,€€,https://www.mallorcafashionoutlet.com/en/restaurants,active,3,
mallorca-fashion-outlet-diablito,mallorca-fashion-outlet,Diablito,Restaurant,€€,https://www.mallorcafashionoutlet.com/en/restaurants,active,4,
mallorca-fashion-outlet-dont-cry-for-me,mallorca-fashion-outlet,Don't Cry For Me,Restaurant,€€,https://www.mallorcafashionoutlet.com/en/restaurants,active,5,
mallorca-fashion-outlet-dumpling-hub,mallorca-fashion-outlet,Dumpling Hub,Restaurant,€€,https://www.mallorcafashionoutlet.com/en/restaurants,active,6,
mallorca-fashion-outlet-fosters-hollywood,mallorca-fashion-outlet,Foster's Hollywood,Restaurant,€€,https://www.mallorcafashionoutlet.com/en/restaurants,active,7,
mallorca-fashion-outlet-ginos,mallorca-fashion-outlet,Ginos,Italian,€€,https://www.mallorcafashionoutlet.com/en/restaurants,active,8,
mallorca-fashion-outlet-haagen-dazs,mallorca-fashion-outlet,Häagen Dazs,Ice Cream,€€,https://www.mallorcafashionoutlet.com/en/restaurants,active,9,
mallorca-fashion-outlet-lindt,mallorca-fashion-outlet,Lindt,Dessert,€€,https://www.mallorcafashionoutlet.com/en/restaurants,active,10,
mallorca-fashion-outlet-mcdonalds,mallorca-fashion-outlet,McDonald's,Fast Food,€€,https://www.mallorcafashionoutlet.com/en/restaurants,active,11,
mallorca-fashion-outlet-skalop,mallorca-fashion-outlet,Skalop,Restaurant,€€,https://www.mallorcafashionoutlet.com/en/restaurants,active,12,
mallorca-fashion-outlet-starbucks,mallorca-fashion-outlet,Starbucks,Cafe,€€,https://www.mallorcafashionoutlet.com/en/restaurants,active,13,
mallorca-fashion-outlet-enrique-tomas,mallorca-fashion-outlet,Enrique Tomás,Restaurant,€€,https://www.mallorcafashionoutlet.com/en/restaurants,active,14,
mallorca-fashion-outlet-losteria,mallorca-fashion-outlet,L'Osteria,Italian,€€,https://www.mallorcafashionoutlet.com/en/restaurants,active,15,
sevilla-fashion-outlet-100-montaditos,sevilla-fashion-outlet,100 Montaditos,Restaurant,€€,https://www.sevillafashionoutlet.com/en/restaurants,active,1,
sevilla-fashion-outlet-five-guys,sevilla-fashion-outlet,Five Guys,Fast Food,€€,https://www.sevillafashionoutlet.com/en/restaurants,active,2,
sevilla-fashion-outlet-mito,sevilla-fashion-outlet,Mito,Dessert,€€,https://www.sevillafashionoutlet.com/en/restaurants,active,3,
sevilla-fashion-outlet-miro-tapas,sevilla-fashion-outlet,Miro Tapas,Restaurant,€€,https://www.sevillafashionoutlet.com/en/restaurants,active,4,
sevilla-fashion-outlet-pinsere,sevilla-fashion-outlet,Pinsere,Italian,€€,https://www.sevillafashionoutlet.com/en/restaurants,active,5,
sevilla-fashion-outlet-santa-gloria,sevilla-fashion-outlet,Santa Gloria,Bakery • Cafe,€€,https://www.sevillafashionoutlet.com/en/restaurants,active,6,
sevilla-fashion-outlet-starbucks,sevilla-fashion-outlet,Starbucks,Cafe,€€,https://www.sevillafashionoutlet.com/en/restaurants,active,7,
getafe-the-style-outlets-cafe-y-te,getafe-the-style-outlets,CAFÉ Y TE,Cafe,€€,https://getafe.thestyleoutlets.es/en/restaurants,active,1,
getafe-the-style-outlets-five-guys,getafe-the-style-outlets,FIVE GUYS,Fast Food,€€,https://getafe.thestyleoutlets.es/en/restaurants,active,2,
getafe-the-style-outlets-harry-the-coffee-collective,getafe-the-style-outlets,HARRY THE COFFEE COLLECTIVE,Cafe,€€,https://getafe.thestyleoutlets.es/en/restaurants,active,3,
getafe-the-style-outlets-rodilla,getafe-the-style-outlets,RODILLA,Restaurant,€€,https://getafe.thestyleoutlets.es/en/restaurants,active,4,
getafe-the-style-outlets-the-chatter-cafe,getafe-the-style-outlets,THE CHATTER CAFÉ,Cafe,€€,https://getafe.thestyleoutlets.es/en/restaurants,active,5,
san-sebastian-de-los-reyes-the-style-outlets-five-guys,san-sebastian-de-los-reyes-the-style-outlets,FIVE GUYS,Fast Food,€€,https://ss-de-los-reyes.thestyleoutlets.es/en/restaurants,active,1,
san-sebastian-de-los-reyes-the-style-outlets-grosso-napoletano,san-sebastian-de-los-reyes-the-style-outlets,GROSSO NAPOLETANO,Italian,€€,https://ss-de-los-reyes.thestyleoutlets.es/en/restaurants,active,2,
san-sebastian-de-los-reyes-the-style-outlets-starbucks-coffee,san-sebastian-de-los-reyes-the-style-outlets,STARBUCKS COFFEE,Cafe,€€,https://ss-de-los-reyes.thestyleoutlets.es/en/restaurants,active,3,
san-sebastian-de-los-reyes-the-style-outlets-the-chatter-cafe,san-sebastian-de-los-reyes-the-style-outlets,THE CHATTER CAFÉ,Cafe,€€,https://ss-de-los-reyes.thestyleoutlets.es/en/restaurants,active,4,
coruna-the-style-outlets-llaollao,coruna-the-style-outlets,LLAOLLAO,Frozen Yogurt,€€,https://coruna.thestyleoutlets.es/en/restaurants/restaurants,active,1,
coruna-the-style-outlets-burger-king,coruna-the-style-outlets,BURGER KING,Fast Food,€€,https://coruna.thestyleoutlets.es/en/restaurants/restaurants,active,2,
coruna-the-style-outlets-panaria,coruna-the-style-outlets,PANARIA,Bakery Cafe,€€,https://coruna.thestyleoutlets.es/en/restaurants/restaurants,active,3,
sambil-madrid-100-montaditos,sambil-madrid,100 Montaditos,Tapas • Bar,€€,https://sambilmadrid.es/restauracion/,active,1,
sambil-madrid-acadios-kebab,sambil-madrid,Acadios Kebab,Kebab,€€,https://sambilmadrid.es/restauracion/,active,2,
sambil-madrid-anubis-cocteleria,sambil-madrid,Anubis Coctelería,Bar • Cocktails,€€,https://sambilmadrid.es/restauracion/,active,3,
sambil-madrid-burger-king,sambil-madrid,Burger King,Fast Food,€€,https://sambilmadrid.es/restauracion/,active,4,
sambil-madrid-candy-candy,sambil-madrid,Candy Candy,Dessert,€€,https://sambilmadrid.es/restauracion/,active,5,
sambil-madrid-el-reino-asador,sambil-madrid,El Reino Asador,Buffet • Asian,€€,https://sambilmadrid.es/marcas-restauracion/reino-asador/,active,6,
sambil-madrid-pure-and-bowl,sambil-madrid,Pure & Bowl,Healthy • Bowls,€€,https://sambilmadrid.es/marcas-restauracion/purebowl/,active,7,
hede-fashion-outlet-dine,hede-fashion-outlet,Diné,Burgers,€€,https://www.hedefashionoutlet.se/en/restaurants,active,1,
hede-fashion-outlet-espresso-house,hede-fashion-outlet,Espresso House,Coffee • Cafe,€€,https://www.hedefashionoutlet.se/en/restaurants,active,2,
hede-fashion-outlet-mena-mano,hede-fashion-outlet,Mena Mano,Bowls • Pizza,€€,https://www.hedefashionoutlet.se/en/restaurants,active,3,
hede-fashion-outlet-triumfglass-ice-cream-truck,hede-fashion-outlet,Triumfglass - Ice Cream Truck,Ice Cream • Dessert,€,https://www.hedefashionoutlet.se/en/restaurants,active,4,
landquart-all-about-crepe,landquart-fashion-outlet,All about Crêpe,Crêpes,€€,https://www.landquartfashionoutlet.ch/en/restaurants/all-about-crepe-outlet,active,1,
foxtown-braceria-elvetica-bistrot,foxtown-factory-stores,Braceria Elvetica Bistrot,Burgers & Grill,€€,https://www.foxtown.com/en/article/11317/wood-avenue-bar,active,1,
foxtown-chalet-suisse,foxtown-factory-stores,Chalet Suisse,Risotto and Traditional Cuisine,€€,https://www.foxtown.com/en/article/11404/chalet-suisse,active,2,
foxtown-fashion-caffe,foxtown-factory-stores,Fashion Caffe,The Piadina,€€,https://www.foxtown.com/en/article/10540/fashion-bar,active,3,
landquart-coffee-fellows,landquart-fashion-outlet,Coffee Fellows,Coffee & Bagels,€€,https://www.landquartfashionoutlet.ch/en/news-next/new-store-openings-april-2026,active,2,
landquart-five-guys,landquart-fashion-outlet,Five Guys,Burgers,€€,https://www.landquartfashionoutlet.ch/en/restaurants/five-guys,active,3,
landquart-gondola-cafe,landquart-fashion-outlet,Gondola Café,Cafe,€€,https://www.landquartfashionoutlet.ch/en/restaurants/eventtrailer-outlet,active,4,
landquart-hot-biron,landquart-fashion-outlet,Hot Biron,Street Food,€€,https://www.landquartfashionoutlet.ch/en/restaurants/hot-biron,active,5,
foxtown-il-caffe,foxtown-factory-stores,Il Caffè,The Crepe,€€,https://www.foxtown.com/en/article/11143/il-caffe,active,4,
foxtown-la-focacceria-della-corte,foxtown-factory-stores,La Focacceria della Corte,Focacceria,€€,https://www.foxtown.com/en/article/11148/the-place-sweet-salt,active,5,
foxtown-latte-macchiato,foxtown-factory-stores,Latte Macchiato,Bakery & Caffè,€€,https://www.foxtown.com/en/article/11147/the-place-juices,active,6,
landquart-margaux-restaurant,landquart-fashion-outlet,Margaux Restaurant,Mediterranean,€€,https://www.landquartfashionoutlet.ch/en/restaurants/margaux-restaurant-outlet,active,6,
foxtown-maui-poke,foxtown-factory-stores,Maui Poke,Poke,€€,https://www.foxtown.com/en/article/12074/maui-poke,active,7,
fashion-fish-restaurant-grano,fashion-fish-factory-outlet,Restaurant Grano,Pasta & Sandwiches,€€,https://www.fashionfish.ch/en/outlet/gastronomie,active,1,
fashion-fish-saturday-food-truck,fashion-fish-factory-outlet,Foodtruck,Saturday Food Truck,€€,https://www.fashionfish.ch/en/outlet/gastronomie,active,2,
foxtown-spaghetti-store,foxtown-factory-stores,Spaghetti Store,Pasta & Pizza,€€,https://www.foxtown.com/en/article/11144/spaghetti-store,active,8,
landquart-starbucks,landquart-fashion-outlet,Starbucks,Cafe,€€,https://www.landquartfashionoutlet.ch/en/restaurants/starbucks-outlet,active,7,
landquart-subway,landquart-fashion-outlet,Subway,Sandwiches,€€,https://www.landquartfashionoutlet.ch/en/restaurants/subway-outlet,active,8,
foxtown-the-asian,foxtown-factory-stores,The Asian,Fusion Restaurant,€€,https://www.foxtown.com/en/article/11145/the-place-asian,active,9,
bicester-village-cecconis,bicester-village,Cecconi's,Restaurant,££,https://www.thebicestercollection.com/bicester-village/en/dine/,active,1,
bicester-village-la-tua-pasta,bicester-village,La Tua Pasta,Restaurant,££,https://www.thebicestercollection.com/bicester-village/en/dine/,active,2,
bicester-village-ottolenghi,bicester-village,Ottolenghi,Restaurant,££,https://www.thebicestercollection.com/bicester-village/en/dine/,active,3,
bicester-village-ralphs-coffee,bicester-village,Ralph's Coffee,Cafe,££,https://www.thebicestercollection.com/bicester-village/en/dine/,active,4,
bicester-village-shan-shui,bicester-village,Shan Shui,Restaurant,££,https://www.thebicestercollection.com/bicester-village/en/dine/,active,5,
bicester-village-the-double-red-duke,bicester-village,The Double Red Duke,Restaurant,££,https://www.thebicestercollection.com/bicester-village/en/dine/,active,6,
cheshire-oaks-auntie-annes,cheshire-oaks,Auntie Anne's,Fast Food,££,https://www.mcarthurglen.com/en/outlets/uk/designer-outlet-cheshire-oaks/food-drink/,active,7,
cheshire-oaks-bakers-and-baristas,cheshire-oaks,Bakers & Baristas,Cafe,££,https://www.mcarthurglen.com/en/outlets/uk/designer-outlet-cheshire-oaks/food-drink/,active,8,
cheshire-oaks-bubbleology,cheshire-oaks,Bubbleology,Dessert,££,https://www.mcarthurglen.com/en/outlets/uk/designer-outlet-cheshire-oaks/food-drink/,active,9,
cheshire-oaks-chit-n-chaat,cheshire-oaks,Chit 'n' Chaat,Restaurant,££,https://www.mcarthurglen.com/en/outlets/uk/designer-outlet-cheshire-oaks/food-drink/,active,10,
cheshire-oaks-comptoir-libanais,cheshire-oaks,Comptoir Libanais,Restaurant,££,https://www.mcarthurglen.com/en/outlets/uk/designer-outlet-cheshire-oaks/food-drink/,active,11,
cheshire-oaks-costa-coffee,cheshire-oaks,Costa Coffee,Cafe,££,https://www.mcarthurglen.com/en/outlets/uk/designer-outlet-cheshire-oaks/food-drink/,active,12,
cheshire-oaks-eds-easy-diner,cheshire-oaks,Ed's Easy Diner,Restaurant,££,https://www.mcarthurglen.com/en/outlets/uk/designer-outlet-cheshire-oaks/food-drink/,active,13,
cheshire-oaks-five-guys,cheshire-oaks,Five Guys,Fast Food,££,https://www.mcarthurglen.com/en/outlets/uk/designer-outlet-cheshire-oaks/food-drink/,active,14,
cheshire-oaks-gails-bakery,cheshire-oaks,Gail's Bakery,Cafe,££,https://www.mcarthurglen.com/en/outlets/uk/designer-outlet-cheshire-oaks/food-drink/,active,15,
cheshire-oaks-greggs,cheshire-oaks,Greggs,Fast Food,££,https://www.mcarthurglen.com/en/outlets/uk/designer-outlet-cheshire-oaks/food-drink/,active,16,
cheshire-oaks-harry-ramsdens,cheshire-oaks,Harry Ramsdens,Restaurant,££,https://www.mcarthurglen.com/en/outlets/uk/designer-outlet-cheshire-oaks/food-drink/,active,17,
cheshire-oaks-joe-and-the-juice,cheshire-oaks,Joe and The Juice,Cafe,££,https://www.mcarthurglen.com/en/outlets/uk/designer-outlet-cheshire-oaks/food-drink/,active,18,
cheshire-oaks-krispy-kreme,cheshire-oaks,Krispy Kreme,Dessert,££,https://www.mcarthurglen.com/en/outlets/uk/designer-outlet-cheshire-oaks/food-drink/,active,19,
cheshire-oaks-mcdonalds,cheshire-oaks,McDonald's,Fast Food,££,https://www.mcarthurglen.com/en/outlets/uk/designer-outlet-cheshire-oaks/food-drink/,active,20,
cheshire-oaks-mowgli,cheshire-oaks,Mowgli,Restaurant,££,https://www.mcarthurglen.com/en/outlets/uk/designer-outlet-cheshire-oaks/food-drink/,active,21,
cheshire-oaks-pho,cheshire-oaks,PHO,Restaurant,££,https://www.mcarthurglen.com/en/outlets/uk/designer-outlet-cheshire-oaks/food-drink/,active,22,
cheshire-oaks-pizza-express,cheshire-oaks,Pizza Express,Restaurant,££,https://www.mcarthurglen.com/en/outlets/uk/designer-outlet-cheshire-oaks/food-drink/,active,23,
cheshire-oaks-pret-a-manger,cheshire-oaks,Pret A Manger,Cafe,££,https://www.mcarthurglen.com/en/outlets/uk/designer-outlet-cheshire-oaks/food-drink/,active,24,
cheshire-oaks-slim-chickens,cheshire-oaks,Slim Chickens,Fast Food,££,https://www.mcarthurglen.com/en/outlets/uk/designer-outlet-cheshire-oaks/food-drink/,active,25,
cheshire-oaks-starbucks,cheshire-oaks,Starbucks,Cafe,££,https://www.mcarthurglen.com/en/outlets/uk/designer-outlet-cheshire-oaks/food-drink/,active,26,
cheshire-oaks-tortilla,cheshire-oaks,Tortilla,Fast Food,££,https://www.mcarthurglen.com/en/outlets/uk/designer-outlet-cheshire-oaks/food-drink/,active,27,
cheshire-oaks-wagamama,cheshire-oaks,Wagamama,Restaurant,££,https://www.mcarthurglen.com/en/outlets/uk/designer-outlet-cheshire-oaks/food-drink/,active,28,
cheshire-oaks-yo-sushi,cheshire-oaks,YO! Sushi,Restaurant,££,https://www.mcarthurglen.com/en/outlets/uk/designer-outlet-cheshire-oaks/food-drink/,active,29,
york-designer-outlet-200-degrees-coffee,york-designer-outlet,200 Degrees Coffee,Cafe,££,https://www.mcarthurglen.com/en/outlets/uk/designer-outlet-york/food-drink/,active,30,
york-designer-outlet-bagel-factory,york-designer-outlet,Bagel Factory,Restaurant,££,https://www.mcarthurglen.com/en/outlets/uk/designer-outlet-york/food-drink/,active,31,
york-designer-outlet-brewd,york-designer-outlet,Brew'd,Cafe,££,https://www.mcarthurglen.com/en/outlets/uk/designer-outlet-york/food-drink/,active,32,
york-designer-outlet-caffe-nero,york-designer-outlet,Caffe Nero,Cafe,££,https://www.mcarthurglen.com/en/outlets/uk/designer-outlet-york/food-drink/,active,33,
york-designer-outlet-caffe-valeria,york-designer-outlet,Caffe Valeria,Cafe,££,https://www.mcarthurglen.com/en/outlets/uk/designer-outlet-york/food-drink/,active,34,
york-designer-outlet-chopstix,york-designer-outlet,Chopstix,Fast Food,££,https://www.mcarthurglen.com/en/outlets/uk/designer-outlet-york/food-drink/,active,35,
york-designer-outlet-five-guys,york-designer-outlet,Five Guys,Fast Food,££,https://www.mcarthurglen.com/en/outlets/uk/designer-outlet-york/food-drink/,active,36,
york-designer-outlet-krispy-kreme,york-designer-outlet,Krispy Kreme,Dessert,££,https://www.mcarthurglen.com/en/outlets/uk/designer-outlet-york/food-drink/,active,37,
york-designer-outlet-mcdonalds,york-designer-outlet,McDonald's,Fast Food,££,https://www.mcarthurglen.com/en/outlets/uk/designer-outlet-york/food-drink/,active,38,
york-designer-outlet-pizza-express,york-designer-outlet,Pizza Express,Restaurant,££,https://www.mcarthurglen.com/en/outlets/uk/designer-outlet-york/food-drink/,active,39,
york-designer-outlet-pret-a-manger,york-designer-outlet,Pret A Manger,Cafe,££,https://www.mcarthurglen.com/en/outlets/uk/designer-outlet-york/food-drink/,active,40,
york-designer-outlet-shakamaka,york-designer-outlet,Shakamaka,Dessert,££,https://www.mcarthurglen.com/en/outlets/uk/designer-outlet-york/food-drink/,active,41,
york-designer-outlet-slim-chickens,york-designer-outlet,Slim Chickens,Fast Food,££,https://www.mcarthurglen.com/en/outlets/uk/designer-outlet-york/food-drink/,active,42,
york-designer-outlet-starbucks,york-designer-outlet,Starbucks,Cafe,££,https://www.mcarthurglen.com/en/outlets/uk/designer-outlet-york/food-drink/,active,43,
york-designer-outlet-the-fishermans-wife,york-designer-outlet,The Fisherman's Wife,Restaurant,££,https://www.mcarthurglen.com/en/outlets/uk/designer-outlet-york/food-drink/,active,44,
york-designer-outlet-wagamama,york-designer-outlet,Wagamama,Restaurant,££,https://www.mcarthurglen.com/en/outlets/uk/designer-outlet-york/food-drink/,active,45,
york-designer-outlet-yo,york-designer-outlet,YO!,Restaurant,££,https://www.mcarthurglen.com/en/outlets/uk/designer-outlet-york/food-drink/,active,46,
junction-32-outlet-200-degrees-coffee,junction-32-outlet,200 Degrees Coffee,Cafe,££,https://frasersplusleeds.co.uk/eat/,active,47,
junction-32-outlet-bakers-and-baristas,junction-32-outlet,Bakers + Baristas,Cafe,££,https://frasersplusleeds.co.uk/eat/,active,48,
junction-32-outlet-cadbury-outlet,junction-32-outlet,Cadbury Outlet,Dessert,££,https://frasersplusleeds.co.uk/eat/,active,49,
junction-32-outlet-chopstix,junction-32-outlet,Chopstix,Fast Food,££,https://frasersplusleeds.co.uk/eat/,active,50,
junction-32-outlet-costa,junction-32-outlet,Costa,Restaurant,££,https://frasersplusleeds.co.uk/eat/,active,51,
junction-32-outlet-for-the-love-of-hot-dogs,junction-32-outlet,For the Love of Hot Dogs,Fast Food,££,https://frasersplusleeds.co.uk/eat/,active,52,
junction-32-outlet-grape-tree,junction-32-outlet,Grape Tree,Food,££,https://frasersplusleeds.co.uk/eat/,active,53,
junction-32-outlet-greggs,junction-32-outlet,Greggs,Fast Food,££,https://frasersplusleeds.co.uk/eat/,active,54,
junction-32-outlet-holland-and-barrett,junction-32-outlet,Holland & Barrett,Food,££,https://frasersplusleeds.co.uk/eat/,active,55,
junction-32-outlet-krispy-kreme,junction-32-outlet,Krispy Kreme,Dessert,££,https://frasersplusleeds.co.uk/eat/,active,56,
junction-32-outlet-starbucks,junction-32-outlet,Starbucks,Cafe,££,https://frasersplusleeds.co.uk/eat/,active,57,
junction-32-outlet-subway,junction-32-outlet,Subway,Fast Food,££,https://frasersplusleeds.co.uk/eat/,active,58,
junction-32-outlet-the-nutella-donut-co,junction-32-outlet,The Nutella Donut Co,Dessert,££,https://frasersplusleeds.co.uk/eat/,active,59,
junction-32-outlet-tillys-kitchen,junction-32-outlet,Tilly's Kitchen,Restaurant,££,https://frasersplusleeds.co.uk/eat/,active,60,
caledonia-park-burger-king,caledonia-park,Burger King,Fast Food,££,https://caledoniapark.com/brand_categories/food-drink/,active,61,
caledonia-park-cadbury,caledonia-park,Cadbury,Dessert,££,https://caledoniapark.com/brand_categories/food-drink/,active,62,
caledonia-park-churro-loco,caledonia-park,Churro Loco,Dessert,££,https://caledoniapark.com/brand_categories/food-drink/,active,63,
caledonia-park-cornish-bakery,caledonia-park,Cornish Bakery,Cafe,££,https://caledoniapark.com/brand_categories/food-drink/,active,64,
caledonia-park-costa-coffee,caledonia-park,Costa Coffee,Cafe,££,https://caledoniapark.com/brand_categories/food-drink/,active,65,
caledonia-park-drummuir-farm,caledonia-park,Drummuir Farm,Food,££,https://caledoniapark.com/brand_categories/food-drink/,active,66,
caledonia-park-greggs,caledonia-park,Greggs,Fast Food,££,https://caledoniapark.com/brand_categories/food-drink/,active,67,
caledonia-park-pizza-express,caledonia-park,Pizza Express,Restaurant,££,https://caledoniapark.com/brand_categories/food-drink/,active,68,
caledonia-park-starbucks,caledonia-park,Starbucks,Cafe,££,https://caledoniapark.com/brand_categories/food-drink/,active,69,
caledonia-park-subway,caledonia-park,Subway,Fast Food,££,https://caledoniapark.com/brand_categories/food-drink/,active,70,
caledonia-park-the-sweet-emporium,caledonia-park,The Sweet Emporium,Dessert,££,https://caledoniapark.com/brand_categories/food-drink/,active,71,
ashford-designer-outlet-caffe-nero,ashford-designer-outlet,Caffè Nero,Cafe,££,https://www.mcarthurglen.com/en/outlets/uk/designer-outlet-ashford/food-drink/,active,72,
ashford-designer-outlet-churros-time,ashford-designer-outlet,Churros Time,Dessert,££,https://www.mcarthurglen.com/en/outlets/uk/designer-outlet-ashford/food-drink/,active,73,
ashford-designer-outlet-cornish-bakery,ashford-designer-outlet,Cornish Bakery,Cafe,££,https://www.mcarthurglen.com/en/outlets/uk/designer-outlet-ashford/food-drink/,active,74,
ashford-designer-outlet-costa-coffee,ashford-designer-outlet,Costa Coffee,Cafe,££,https://www.mcarthurglen.com/en/outlets/uk/designer-outlet-ashford/food-drink/,active,75,
ashford-designer-outlet-five-guys,ashford-designer-outlet,Five Guys,Fast Food,££,https://www.mcarthurglen.com/en/outlets/uk/designer-outlet-ashford/food-drink/,active,76,
ashford-designer-outlet-kokoro,ashford-designer-outlet,KOKORO,Restaurant,££,https://www.mcarthurglen.com/en/outlets/uk/designer-outlet-ashford/food-drink/,active,77,
ashford-designer-outlet-krispy-kreme,ashford-designer-outlet,Krispy Kreme,Dessert,££,https://www.mcarthurglen.com/en/outlets/uk/designer-outlet-ashford/food-drink/,active,78,
ashford-designer-outlet-nandos,ashford-designer-outlet,Nando's,Fast Food,££,https://www.mcarthurglen.com/en/outlets/uk/designer-outlet-ashford/food-drink/,active,79,
ashford-designer-outlet-pizza-express,ashford-designer-outlet,Pizza Express,Restaurant,££,https://www.mcarthurglen.com/en/outlets/uk/designer-outlet-ashford/food-drink/,active,80,
ashford-designer-outlet-pret-a-manger,ashford-designer-outlet,Pret A Manger,Cafe,££,https://www.mcarthurglen.com/en/outlets/uk/designer-outlet-ashford/food-drink/,active,81,
ashford-designer-outlet-slim-chickens,ashford-designer-outlet,Slim Chickens,Fast Food,££,https://www.mcarthurglen.com/en/outlets/uk/designer-outlet-ashford/food-drink/,active,82,
ashford-designer-outlet-starbucks,ashford-designer-outlet,Starbucks,Cafe,££,https://www.mcarthurglen.com/en/outlets/uk/designer-outlet-ashford/food-drink/,active,83,
ashford-designer-outlet-top-dog,ashford-designer-outlet,Top Dog,Fast Food,££,https://www.mcarthurglen.com/en/outlets/uk/designer-outlet-ashford/food-drink/,active,84,
ashford-designer-outlet-wagamama,ashford-designer-outlet,Wagamama,Restaurant,££,https://www.mcarthurglen.com/en/outlets/uk/designer-outlet-ashford/food-drink/,active,85,
ashford-designer-outlet-yo-sushi,ashford-designer-outlet,YO! Sushi,Restaurant,££,https://www.mcarthurglen.com/en/outlets/uk/designer-outlet-ashford/food-drink/,active,86,
bridgend-designer-outlet-chopstix,bridgend-designer-outlet,Chopstix,Fast Food,££,https://www.mcarthurglen.com/en/outlets/uk/designer-outlet-bridgend/food-drink/,active,87,
bridgend-designer-outlet-costa-coffee,bridgend-designer-outlet,Costa Coffee,Cafe,££,https://www.mcarthurglen.com/en/outlets/uk/designer-outlet-bridgend/food-drink/,active,88,
bridgend-designer-outlet-cwtch-x-crafty-smuggler,bridgend-designer-outlet,Cwtch X Crafty Smuggler,Cafe,££,https://www.mcarthurglen.com/en/outlets/uk/designer-outlet-bridgend/food-drink/,active,89,
bridgend-designer-outlet-five-guys,bridgend-designer-outlet,Five Guys,Fast Food,££,https://www.mcarthurglen.com/en/outlets/uk/designer-outlet-bridgend/food-drink/,active,90,
bridgend-designer-outlet-greggs,bridgend-designer-outlet,Greggs,Fast Food,££,https://www.mcarthurglen.com/en/outlets/uk/designer-outlet-bridgend/food-drink/,active,91,
bridgend-designer-outlet-krispy-kreme,bridgend-designer-outlet,Krispy Kreme,Dessert,££,https://www.mcarthurglen.com/en/outlets/uk/designer-outlet-bridgend/food-drink/,active,92,
bridgend-designer-outlet-love-churros,bridgend-designer-outlet,Love Churros,Dessert,££,https://www.mcarthurglen.com/en/outlets/uk/designer-outlet-bridgend/food-drink/,active,93,
bridgend-designer-outlet-mcdonalds,bridgend-designer-outlet,McDonald's,Restaurant,££,https://www.mcarthurglen.com/en/outlets/uk/designer-outlet-bridgend/food-drink/,active,94,
bridgend-designer-outlet-mowgli,bridgend-designer-outlet,Mowgli,Restaurant,££,https://www.mcarthurglen.com/en/outlets/uk/designer-outlet-bridgend/food-drink/,active,95,
bridgend-designer-outlet-nandos,bridgend-designer-outlet,Nando's,Fast Food,££,https://www.mcarthurglen.com/en/outlets/uk/designer-outlet-bridgend/food-drink/,active,96,
bridgend-designer-outlet-pogo-bakery,bridgend-designer-outlet,Pogo Bakery,Cafe,££,https://www.mcarthurglen.com/en/outlets/uk/designer-outlet-bridgend/food-drink/,active,97,
bridgend-designer-outlet-slim-chickens,bridgend-designer-outlet,Slim Chickens,Fast Food,££,https://www.mcarthurglen.com/en/outlets/uk/designer-outlet-bridgend/food-drink/,active,98,
bridgend-designer-outlet-starbucks,bridgend-designer-outlet,Starbucks,Cafe,££,https://www.mcarthurglen.com/en/outlets/uk/designer-outlet-bridgend/food-drink/,active,99,
bridgend-designer-outlet-wagamama,bridgend-designer-outlet,Wagamama,Restaurant,££,https://www.mcarthurglen.com/en/outlets/uk/designer-outlet-bridgend/food-drink/,active,100,
bridgend-designer-outlet-zizzi,bridgend-designer-outlet,Zizzi,Restaurant,££,https://www.mcarthurglen.com/en/outlets/uk/designer-outlet-bridgend/food-drink/,active,101,
clarks-village-bills,clarks-village,Bill's,Cafe,££,https://www.clarksvillage.co.uk/en/eat-listing,active,102,
clarks-village-pizzaexpress,clarks-village,PizzaExpress,Restaurant,££,https://www.clarksvillage.co.uk/en/eat-listing,active,103,
clarks-village-the-cornish-bakery,clarks-village,The Cornish Bakery,Restaurant,££,https://www.clarksvillage.co.uk/en/eat-listing,active,104,
clarks-village-wagamama,clarks-village,Wagamama,Restaurant,££,https://www.clarksvillage.co.uk/en/eat-listing,active,105,
dalton-park-cafebar-1838,dalton-park,Cafebar 1838,Restaurant,££,https://www.dalton-park.co.uk/stores/cafe-bar-1838,active,106,
dalton-park-bakers-baristas,dalton-park,Bakers + Baristas,Cafe,££,https://www.dalton-park.co.uk/stores/cafe-bar-1838,active,107,
dalton-park-costa-coffee,dalton-park,Costa Coffee,Cafe,££,https://www.dalton-park.co.uk/stores/cafe-bar-1838,active,108,
dalton-park-etto,dalton-park,Etto,Fast Food,££,https://www.dalton-park.co.uk/stores/cafe-bar-1838,active,109,
dalton-park-greggs,dalton-park,Greggs,Fast Food,££,https://www.dalton-park.co.uk/stores/cafe-bar-1838,active,110,
east-midlands-designer-outlet-starbucks,east-midlands-designer-outlet,Starbucks,Cafe,££,https://fraserspluseastmidlands.com/,active,111,
east-midlands-designer-outlet-doughnotts,east-midlands-designer-outlet,Doughnotts,Dessert,££,https://fraserspluseastmidlands.com/,active,112,
east-midlands-designer-outlet-pizza-express,east-midlands-designer-outlet,Pizza Express,Restaurant,££,https://fraserspluseastmidlands.com/,active,113,
east-midlands-designer-outlet-costa-coffee,east-midlands-designer-outlet,Costa Coffee,Cafe,££,https://fraserspluseastmidlands.com/,active,114,
east-midlands-designer-outlet-five-guys,east-midlands-designer-outlet,Five Guys,Fast Food,££,https://fraserspluseastmidlands.com/,active,115,
east-midlands-designer-outlet-love-churros,east-midlands-designer-outlet,Love Churros,Dessert,££,https://fraserspluseastmidlands.com/,active,116,
east-midlands-designer-outlet-bb-s,east-midlands-designer-outlet,BB’s,Cafe,££,https://fraserspluseastmidlands.com/,active,117,
east-midlands-designer-outlet-200-degrees-coffee,east-midlands-designer-outlet,200 Degrees Coffee,Cafe,££,https://fraserspluseastmidlands.com/,active,118,
east-midlands-designer-outlet-wagamama,east-midlands-designer-outlet,Wagamama,Restaurant,££,https://fraserspluseastmidlands.com/,active,119,
east-midlands-designer-outlet-fluffy-fluffy,east-midlands-designer-outlet,Fluffy Fluffy,Dessert,££,https://fraserspluseastmidlands.com/,active,120,
east-midlands-designer-outlet-rose-deli,east-midlands-designer-outlet,Rose Deli,Cafe,££,https://fraserspluseastmidlands.com/,active,121,
east-midlands-designer-outlet-kouzina-greek,east-midlands-designer-outlet,Kouzina Greek,Restaurant,££,https://fraserspluseastmidlands.com/,active,122,
east-midlands-designer-outlet-slim-chickens,east-midlands-designer-outlet,Slim Chickens,Fast Food,££,https://fraserspluseastmidlands.com/,active,123,
east-midlands-designer-outlet-chopstix,east-midlands-designer-outlet,Chopstix,Fast Food,££,https://fraserspluseastmidlands.com/,active,124,
gloucester-quays-bubble-citea,gloucester-quays,Bubble CiTea,Dessert,££,https://gloucesterquays.co.uk/food-drink/,active,125,
gloucester-quays-costa-coffee,gloucester-quays,Costa Coffee,Cafe,££,https://gloucesterquays.co.uk/food-drink/,active,126,
gloucester-quays-anatolian-palace,gloucester-quays,Anatolian Palace,Restaurant,££,https://gloucesterquays.co.uk/food-drink/,active,127,
gloucester-quays-subway,gloucester-quays,Subway,Fast Food,££,https://gloucesterquays.co.uk/food-drink/,active,128,
gloucester-quays-bill-s,gloucester-quays,Bill’s,Cafe,££,https://gloucesterquays.co.uk/food-drink/,active,129,
gloucester-quays-pret,gloucester-quays,Pret,Restaurant,££,https://gloucesterquays.co.uk/food-drink/,active,130,
gloucester-quays-bakers-barista,gloucester-quays,Bakers + Barista,Cafe,££,https://gloucesterquays.co.uk/food-drink/,active,131,
gloucester-quays-muse-brasserie,gloucester-quays,Muse Brasserie,Restaurant,££,https://gloucesterquays.co.uk/food-drink/,active,132,
gloucester-quays-pizza-express,gloucester-quays,Pizza Express,Restaurant,££,https://gloucesterquays.co.uk/food-drink/,active,133,
gloucester-quays-zizzi,gloucester-quays,Zizzi,Restaurant,££,https://gloucesterquays.co.uk/food-drink/,active,134,
gloucester-quays-portivo-lounge,gloucester-quays,Portivo Lounge,Restaurant,££,https://gloucesterquays.co.uk/food-drink/,active,135,
gloucester-quays-brewhouse-and-kitchen,gloucester-quays,Brewhouse & Kitchen,Restaurant,££,https://gloucesterquays.co.uk/food-drink/,active,136,
gloucester-quays-wagamama,gloucester-quays,Wagamama,Restaurant,££,https://gloucesterquays.co.uk/food-drink/,active,137,
gloucester-quays-coal-kitchen,gloucester-quays,Coal Kitchen,Restaurant,££,https://gloucesterquays.co.uk/food-drink/,active,138,
gloucester-quays-banchina,gloucester-quays,Banchina,Cafe,££,https://gloucesterquays.co.uk/food-drink/,active,139,
gloucester-quays-nando-s,gloucester-quays,Nando’s,Fast Food,££,https://gloucesterquays.co.uk/food-drink/,active,140,
gloucester-quays-five-guys,gloucester-quays,Five Guys,Fast Food,££,https://gloucesterquays.co.uk/food-drink/,active,141,
gloucester-quays-cornish-bakery,gloucester-quays,Cornish Bakery,Cafe,££,https://gloucesterquays.co.uk/food-drink/,active,142,
gunwharf-quays-carluccio-s,gunwharf-quays,Carluccio’s,Restaurant,££,https://www.gunwharf-quays.com/en/eat-listing,active,143,
gunwharf-quays-frankie-and-benny-s,gunwharf-quays,Frankie & Benny’s,Restaurant,££,https://www.gunwharf-quays.com/en/eat-listing,active,144,
gunwharf-quays-wagamama,gunwharf-quays,Wagamama,Restaurant,££,https://www.gunwharf-quays.com/en/eat-listing,active,145,
gunwharf-quays-cosy-club,gunwharf-quays,Cosy Club,Restaurant,££,https://www.gunwharf-quays.com/en/eat-listing,active,146,
lakeside-village-costa-coffee,lakeside-village,Costa Coffee,Cafe,££,https://lakeside-village.co.uk/store-category/food-drink/,active,147,
lakeside-village-costa-drive-thru,lakeside-village,Costa Drive Thru,Cafe,££,https://lakeside-village.co.uk/store-category/food-drink/,active,148,
lakeside-village-etto,lakeside-village,Etto,Fast Food,££,https://lakeside-village.co.uk/store-category/food-drink/,active,149,
lakeside-village-greggs,lakeside-village,Greggs,Fast Food,££,https://lakeside-village.co.uk/store-category/food-drink/,active,150,
lakeside-village-jamaica-blue,lakeside-village,Jamaica Blue,Cafe,££,https://lakeside-village.co.uk/store-category/food-drink/,active,151,
lakeside-village-kfc,lakeside-village,KFC,Fast Food,££,https://lakeside-village.co.uk/store-category/food-drink/,active,152,
lakeside-village-mcdonald-s,lakeside-village,McDonald’s,Fast Food,££,https://lakeside-village.co.uk/store-category/food-drink/,active,153,
lakeside-village-pizza-hut,lakeside-village,Pizza Hut,Restaurant,££,https://lakeside-village.co.uk/store-category/food-drink/,active,154,
icon-outlet-at-the-o2-ask-italian,icon-outlet-at-the-o2,ASK Italian,Restaurant,££,https://www.theo2.co.uk/restaurants-and-bars,active,155,
icon-outlet-at-the-o2-afrikana,icon-outlet-at-the-o2,Afrikana,Restaurant,££,https://www.theo2.co.uk/restaurants-and-bars,active,156,
icon-outlet-at-the-o2-all-bar-one,icon-outlet-at-the-o2,All Bar One,Restaurant,££,https://www.theo2.co.uk/restaurants-and-bars,active,157,
icon-outlet-at-the-o2-busaba,icon-outlet-at-the-o2,Busaba,Restaurant,££,https://www.theo2.co.uk/restaurants-and-bars,active,158,
icon-outlet-at-the-o2-cabana,icon-outlet-at-the-o2,Cabana,Restaurant,££,https://www.theo2.co.uk/restaurants-and-bars,active,159,
icon-outlet-at-the-o2-cafe-mint,icon-outlet-at-the-o2,Cafe Mint,Cafe,££,https://www.theo2.co.uk/restaurants-and-bars,active,160,
icon-outlet-at-the-o2-chipotle,icon-outlet-at-the-o2,Chipotle,Fast Food,££,https://www.theo2.co.uk/restaurants-and-bars,active,161,
icon-outlet-at-the-o2-costa-coffee,icon-outlet-at-the-o2,Costa Coffee,Cafe,££,https://www.theo2.co.uk/restaurants-and-bars,active,162,
icon-outlet-at-the-o2-five-guys,icon-outlet-at-the-o2,Five Guys,Fast Food,££,https://www.theo2.co.uk/restaurants-and-bars,active,163,
icon-outlet-at-the-o2-frankie-and-bennys,icon-outlet-at-the-o2,Frankie & Benny’s,Restaurant,££,https://www.theo2.co.uk/restaurants-and-bars,active,164,
icon-outlet-at-the-o2-gaucho,icon-outlet-at-the-o2,Gaucho,Restaurant,££,https://www.theo2.co.uk/restaurants-and-bars,active,165,
icon-outlet-at-the-o2-german-doner-kebab,icon-outlet-at-the-o2,German Doner Kebab,Fast Food,££,https://www.theo2.co.uk/restaurants-and-bars,active,166,
icon-outlet-at-the-o2-gordon-ramsay-street-burger,icon-outlet-at-the-o2,Gordon Ramsay Street Burger,Restaurant,££,https://www.theo2.co.uk/restaurants-and-bars,active,167,
icon-outlet-at-the-o2-haidilao-hot-pot,icon-outlet-at-the-o2,Haidilao Hot Pot,Restaurant,££,https://www.theo2.co.uk/restaurants-and-bars,active,168,
icon-outlet-at-the-o2-haute-dolci,icon-outlet-at-the-o2,Haute Dolci,Dessert,££,https://www.theo2.co.uk/restaurants-and-bars,active,169,
icon-outlet-at-the-o2-jimmys-world-grill-and-bar,icon-outlet-at-the-o2,Jimmy’s World Grill & Bar,Restaurant,££,https://www.theo2.co.uk/restaurants-and-bars,active,170,
icon-outlet-at-the-o2-kfc,icon-outlet-at-the-o2,KFC,Fast Food,££,https://www.theo2.co.uk/restaurants-and-bars,active,171,
icon-outlet-at-the-o2-kitchen-pizzeria,icon-outlet-at-the-o2,Kitchen Pizzeria,Fast Food,££,https://www.theo2.co.uk/restaurants-and-bars,active,172,
icon-outlet-at-the-o2-las-iguanas,icon-outlet-at-the-o2,Las Iguanas,Restaurant,££,https://www.theo2.co.uk/restaurants-and-bars,active,173,
icon-outlet-at-the-o2-maki-and-ramen,icon-outlet-at-the-o2,Maki & Ramen,Fast Food,££,https://www.theo2.co.uk/restaurants-and-bars,active,174,
icon-outlet-at-the-o2-marugame-udon,icon-outlet-at-the-o2,Marugame Udon,Fast Food,££,https://www.theo2.co.uk/restaurants-and-bars,active,175,
icon-outlet-at-the-o2-nandos,icon-outlet-at-the-o2,Nando’s,Fast Food,££,https://www.theo2.co.uk/restaurants-and-bars,active,176,
icon-outlet-at-the-o2-pizzaexpress,icon-outlet-at-the-o2,PizzaExpress,Restaurant,££,https://www.theo2.co.uk/restaurants-and-bars,active,177,
icon-outlet-at-the-o2-rodizio-rico,icon-outlet-at-the-o2,Rodizio Rico,Restaurant,££,https://www.theo2.co.uk/restaurants-and-bars,active,178,
icon-outlet-at-the-o2-scarlet-rasoi,icon-outlet-at-the-o2,Scarlet Rasoi,Restaurant,££,https://www.theo2.co.uk/restaurants-and-bars,active,179,
icon-outlet-at-the-o2-slim-chickens,icon-outlet-at-the-o2,Slim Chickens,Fast Food,££,https://www.theo2.co.uk/restaurants-and-bars,active,180,
icon-outlet-at-the-o2-slug-and-lettuce,icon-outlet-at-the-o2,Slug & Lettuce,Restaurant,££,https://www.theo2.co.uk/restaurants-and-bars,active,181,
icon-outlet-at-the-o2-snowflake-luxury-gelato,icon-outlet-at-the-o2,Snowflake Luxury Gelato,Dessert,££,https://www.theo2.co.uk/restaurants-and-bars,active,182,
icon-outlet-at-the-o2-starbucks,icon-outlet-at-the-o2,Starbucks,Cafe,££,https://www.theo2.co.uk/restaurants-and-bars,active,183,
icon-outlet-at-the-o2-tgi-fridays,icon-outlet-at-the-o2,TGI Fridays™,Restaurant,££,https://www.theo2.co.uk/restaurants-and-bars,active,184,
icon-outlet-at-the-o2-the-observatory,icon-outlet-at-the-o2,The Observatory,Restaurant,££,https://www.theo2.co.uk/restaurants-and-bars,active,185,
icon-outlet-at-the-o2-thunderbird-fried-chicken,icon-outlet-at-the-o2,Thunderbird Fried Chicken,Fast Food,££,https://www.theo2.co.uk/restaurants-and-bars,active,186,
icon-outlet-at-the-o2-wasabi,icon-outlet-at-the-o2,Wasabi,Fast Food,££,https://www.theo2.co.uk/restaurants-and-bars,active,187,
icon-outlet-at-the-o2-wetherspoon,icon-outlet-at-the-o2,Wetherspoon,Restaurant,££,https://www.theo2.co.uk/restaurants-and-bars,active,188,
icon-outlet-at-the-o2-zizzi,icon-outlet-at-the-o2,Zizzi,Restaurant,££,https://www.theo2.co.uk/restaurants-and-bars,active,189,
london-designer-outlet-afrikana,london-designer-outlet,Afrikana,Restaurant,££,https://www.londondesigneroutlet.com/store-category/food-films/,active,190,
london-designer-outlet-amorino,london-designer-outlet,Amorino,Dessert,££,https://www.londondesigneroutlet.com/store-category/food-films/,active,191,
london-designer-outlet-beirut-wonders-lebanese-street-food,london-designer-outlet,Beirut Wonders – Lebanese Street Food,Fast Food,££,https://www.londondesigneroutlet.com/store-category/food-films/,active,192,
london-designer-outlet-big-moes,london-designer-outlet,Big Moe’s,Restaurant,££,https://www.londondesigneroutlet.com/store-category/food-films/,active,193,
london-designer-outlet-chaboba-bubble-tea,london-designer-outlet,Chaboba Bubble Tea,Dessert,££,https://www.londondesigneroutlet.com/store-category/food-films/,active,194,
london-designer-outlet-churros-buenos,london-designer-outlet,Churros Buenos,Dessert,££,https://www.londondesigneroutlet.com/store-category/food-films/,active,195,
london-designer-outlet-costa-coffee,london-designer-outlet,Costa Coffee,Cafe,££,https://www.londondesigneroutlet.com/store-category/food-films/,active,196,
london-designer-outlet-dumdum-donutterie,london-designer-outlet,DumDum Donutterie,Dessert,££,https://www.londondesigneroutlet.com/store-category/food-films/,active,197,
london-designer-outlet-frankie-and-bennys,london-designer-outlet,Frankie & Benny’s,Restaurant,££,https://www.londondesigneroutlet.com/store-category/food-films/,active,198,
london-designer-outlet-jrc-global-buffet,london-designer-outlet,JRC Global Buffet,Restaurant,££,https://www.londondesigneroutlet.com/store-category/food-films/,active,199,
london-designer-outlet-las-iguanas,london-designer-outlet,Las Iguanas,Restaurant,££,https://www.londondesigneroutlet.com/store-category/food-films/,active,200,
london-designer-outlet-nandos,london-designer-outlet,Nando’s,Fast Food,££,https://www.londondesigneroutlet.com/store-category/food-films/,active,201,
london-designer-outlet-opa-greek-bakery-and-patisserie,london-designer-outlet,Opa! Greek Bakery & Patisserie,Cafe,££,https://www.londondesigneroutlet.com/store-category/food-films/,active,202,
london-designer-outlet-pizzaexpress,london-designer-outlet,PizzaExpress,Restaurant,££,https://www.londondesigneroutlet.com/store-category/food-films/,active,203,
london-designer-outlet-pret-a-manger,london-designer-outlet,Pret A Manger,Cafe,££,https://www.londondesigneroutlet.com/store-category/food-films/,active,204,
london-designer-outlet-tandoori-fusion,london-designer-outlet,Tandoori Fusion,Fast Food,££,https://www.londondesigneroutlet.com/store-category/food-films/,active,205,
london-designer-outlet-wagamama,london-designer-outlet,Wagamama,Restaurant,££,https://www.londondesigneroutlet.com/store-category/food-films/,active,206,
london-designer-outlet-wenzels-the-bakers,london-designer-outlet,Wenzel’s the Bakers,Cafe,££,https://www.londondesigneroutlet.com/store-category/food-films/,active,207,
springfields-outlet-the-parlour-restaurant,springfields-outlet,The Parlour Restaurant,Restaurant,££,https://springfieldsoutlet.co.uk/food-drink/,active,208,
springfields-outlet-the-noshery-co-cafe-and-restaurant,springfields-outlet,The Noshery Co. Cafe & Restaurant,Cafe,££,https://springfieldsoutlet.co.uk/food-drink/,active,209,
springfields-outlet-petalo-lounge,springfields-outlet,Petalo Lounge,Restaurant,££,https://springfieldsoutlet.co.uk/food-drink/,active,210,
springfields-outlet-springys-american-diner,springfields-outlet,Springy’s American Diner,Restaurant,££,https://springfieldsoutlet.co.uk/food-drink/,active,211,
springfields-outlet-caff-nero,springfields-outlet,Caffè Nero,Cafe,££,https://springfieldsoutlet.co.uk/food-drink/,active,212,
springfields-outlet-costa-coffee,springfields-outlet,Costa Coffee,Cafe,££,https://springfieldsoutlet.co.uk/food-drink/,active,213,
springfields-outlet-subway,springfields-outlet,Subway,Fast Food,££,https://springfieldsoutlet.co.uk/food-drink/,active,214,
springfields-outlet-cadbury-outlet,springfields-outlet,Cadbury Outlet,Dessert,££,https://springfieldsoutlet.co.uk/food-drink/,active,215,
springfields-outlet-the-sweet-emporium,springfields-outlet,The Sweet Emporium,Dessert,££,https://springfieldsoutlet.co.uk/food-drink/,active,216,
swindon-designer-outlet-auntie-annes,swindon-designer-outlet,Auntie Anne’s,Fast Food,££,https://designeroutletswindon.com/eat/,active,217,
swindon-designer-outlet-bubbleology,swindon-designer-outlet,Bubbleology,Dessert,££,https://designeroutletswindon.com/eat/,active,218,
swindon-designer-outlet-costa-coffee,swindon-designer-outlet,Costa Coffee,Cafe,££,https://designeroutletswindon.com/eat/,active,219,
swindon-designer-outlet-don-churro,swindon-designer-outlet,Don Churro,Dessert,££,https://designeroutletswindon.com/eat/,active,220,
swindon-designer-outlet-el-mexicana,swindon-designer-outlet,El Mexicana,Fast Food,££,https://designeroutletswindon.com/eat/,active,221,
swindon-designer-outlet-five-guys,swindon-designer-outlet,Five Guys,Fast Food,££,https://designeroutletswindon.com/eat/,active,222,
swindon-designer-outlet-greggs,swindon-designer-outlet,Greggs,Fast Food,££,https://designeroutletswindon.com/eat/,active,223,
swindon-designer-outlet-kfc,swindon-designer-outlet,KFC,Fast Food,££,https://designeroutletswindon.com/eat/,active,224,
swindon-designer-outlet-kouzina-greek,swindon-designer-outlet,Kouzina Greek,Restaurant,££,https://designeroutletswindon.com/eat/,active,225,
swindon-designer-outlet-krispy-kreme-doughnuts,swindon-designer-outlet,Krispy Kreme Doughnuts,Dessert,££,https://designeroutletswindon.com/eat/,active,226,
swindon-designer-outlet-pizza-express,swindon-designer-outlet,Pizza Express,Restaurant,££,https://designeroutletswindon.com/eat/,active,227,
swindon-designer-outlet-slim-chickens,swindon-designer-outlet,Slim Chickens,Fast Food,££,https://designeroutletswindon.com/eat/,active,228,
swindon-designer-outlet-soho-coffee,swindon-designer-outlet,SOHO Coffee,Cafe,££,https://designeroutletswindon.com/eat/,active,229,
swindon-designer-outlet-starbucks,swindon-designer-outlet,Starbucks,Cafe,££,https://designeroutletswindon.com/eat/,active,230,
swindon-designer-outlet-subway,swindon-designer-outlet,Subway,Fast Food,££,https://designeroutletswindon.com/eat/,active,231,
swindon-designer-outlet-wagamama,swindon-designer-outlet,Wagamama,Restaurant,££,https://designeroutletswindon.com/eat/,active,232,
the-boulevard-banbridge-bakers-and-baristas,the-boulevard-banbridge,Baker’s & Barista’s,Cafe,££,https://the-boulevard.co.uk/stores/,active,233,
the-boulevard-banbridge-mcdonalds,the-boulevard-banbridge,McDonald's,Fast Food,££,https://the-boulevard.co.uk/stores/,active,234,
the-boulevard-banbridge-salt-kitchen,the-boulevard-banbridge,Salt Kitchen,Restaurant,££,https://the-boulevard.co.uk/stores/,active,235,
the-boulevard-banbridge-starbucks,the-boulevard-banbridge,Starbucks,Cafe,££,https://the-boulevard.co.uk/stores/,active,236,
the-galleria-outlet-bite-and-feast,the-galleria-outlet,Bite & Feast,Restaurant,££,https://thegalleria.co.uk/blogs/stores?category=Food+and+Drink&sort=az,active,237,
the-galleria-outlet-burger-king,the-galleria-outlet,Burger King,Fast Food,££,https://thegalleria.co.uk/blogs/stores?category=Food+and+Drink&sort=az,active,238,
the-galleria-outlet-caff-nero,the-galleria-outlet,Caffè Nero,Cafe,££,https://thegalleria.co.uk/blogs/stores?category=Food+and+Drink&sort=az,active,239,
the-galleria-outlet-prezzo,the-galleria-outlet,Prezzo,Restaurant,££,https://thegalleria.co.uk/blogs/stores?category=Food+and+Drink&sort=az,active,240,
the-galleria-outlet-sumac-and-saffron,the-galleria-outlet,Sumac & Saffron,Restaurant,££,https://thegalleria.co.uk/blogs/stores?category=Food+and+Drink&sort=az,active,241,
the-galleria-outlet-the-real-china,the-galleria-outlet,The Real China,Restaurant,££,https://thegalleria.co.uk/blogs/stores?category=Food+and+Drink&sort=az,active,242,
west-midlands-designer-outlet-200-degrees-coffee,west-midlands-designer-outlet,200 Degrees Coffee,Cafe,££,https://www.mcarthurglen.com/en/outlets/uk/designer-outlet-west-midlands/food-drink/,active,243,
west-midlands-designer-outlet-doughnotts,west-midlands-designer-outlet,Doughnotts,Dessert,££,https://www.mcarthurglen.com/en/outlets/uk/designer-outlet-west-midlands/food-drink/,active,244,
west-midlands-designer-outlet-five-guys,west-midlands-designer-outlet,Five Guys,Fast Food,££,https://www.mcarthurglen.com/en/outlets/uk/designer-outlet-west-midlands/food-drink/,active,245,
west-midlands-designer-outlet-kouzina-greek,west-midlands-designer-outlet,Kouzina Greek,Restaurant,££,https://www.mcarthurglen.com/en/outlets/uk/designer-outlet-west-midlands/food-drink/,active,246,
west-midlands-designer-outlet-love-churros,west-midlands-designer-outlet,Love Churros,Dessert,££,https://www.mcarthurglen.com/en/outlets/uk/designer-outlet-west-midlands/food-drink/,active,247,
west-midlands-designer-outlet-meli-caf-and-patisserie,west-midlands-designer-outlet,Meli Café & Patisserie,Cafe,££,https://www.mcarthurglen.com/en/outlets/uk/designer-outlet-west-midlands/food-drink/,active,248,
west-midlands-designer-outlet-phata-phat,west-midlands-designer-outlet,Phata Phat,Restaurant,££,https://www.mcarthurglen.com/en/outlets/uk/designer-outlet-west-midlands/food-drink/,active,249,
west-midlands-designer-outlet-pizza-express,west-midlands-designer-outlet,Pizza Express,Restaurant,££,https://www.mcarthurglen.com/en/outlets/uk/designer-outlet-west-midlands/food-drink/,active,250,
west-midlands-designer-outlet-slim-chickens,west-midlands-designer-outlet,Slim Chickens,Fast Food,££,https://www.mcarthurglen.com/en/outlets/uk/designer-outlet-west-midlands/food-drink/,active,251,
west-midlands-designer-outlet-starbucks,west-midlands-designer-outlet,Starbucks,Cafe,££,https://www.mcarthurglen.com/en/outlets/uk/designer-outlet-west-midlands/food-drink/,active,252,
west-midlands-designer-outlet-wagamama,west-midlands-designer-outlet,Wagamama,Restaurant,££,https://www.mcarthurglen.com/en/outlets/uk/designer-outlet-west-midlands/food-drink/,active,253,
clarks-village-caffe-nero,clarks-village,Caffè Nero,Cafe,££,https://www.clarksvillage.co.uk/en/eat-listing,active,900,
clarks-village-slim-chickens,clarks-village,Slim Chickens,Fast Food,££,https://www.clarksvillage.co.uk/en/eat-listing/slim-chickens,active,901,
dalton-park-dancing-betty,dalton-park,Dancing Betty,Restaurant,££,https://www.dalton-park.co.uk/,active,902,
dalton-park-kfc,dalton-park,KFC,Fast Food,££,https://www.dalton-park.co.uk/,active,903,
gunwharf-quays-giggling-squid,gunwharf-quays,Giggling Squid,Restaurant,££,https://www.gunwharf-quays.com/en/eat-listing,active,904,
gunwharf-quays-nandos,gunwharf-quays,Nando's,Restaurant,££,https://www.gunwharf-quays.com/en/eat-listing,active,905,
gunwharf-quays-pizzaexpress,gunwharf-quays,PizzaExpress,Restaurant,££,https://www.gunwharf-quays.com/en/eat-listing,active,906,
the-boulevard-banbridge-burger-king,the-boulevard-banbridge,Burger King,Fast Food,££,https://the-boulevard.co.uk/plan-your-visit/,active,907,
the-boulevard-banbridge-costa-coffee,the-boulevard-banbridge,Costa Coffee,Cafe,££,https://the-boulevard.co.uk/plan-your-visit/,active,908,
the-galleria-outlet-costa-coffee,the-galleria-outlet,Costa Coffee,Cafe,££,https://thegalleria.co.uk/,active,909,
the-galleria-outlet-nandos,the-galleria-outlet,Nando's,Restaurant,££,https://thegalleria.co.uk/,active,910,
the-galleria-outlet-pizzaexpress,the-galleria-outlet,PizzaExpress,Restaurant,££,https://thegalleria.co.uk/,active,911,
the-galleria-outlet-wagamama,the-galleria-outlet,Wagamama,Restaurant,££,https://thegalleria.co.uk/,active,912,
london-designer-outlet-mowchi,london-designer-outlet,Mowchi,Cafe,££,https://www.londondesigneroutlet.com/store-category/food-films/,active,913,
fleetwood-outlet-costa-coffee,fleetwood-outlet,Costa Coffee,Cafe,££,https://affinitylancashire.com/dog-policy/,active,914,
fleetwood-outlet-katies,fleetwood-outlet,Katie's,Cafe,££,https://affinitylancashire.com/stores/katies/,active,915,
fleetwood-outlet-poppies-tearoom,fleetwood-outlet,Poppies Tearoom,Cafe,££,https://affinitylancashire.com/dog-policy/,active,916,
fleetwood-outlet-the-coffee-box-and-bistro,fleetwood-outlet,The Coffee Box & Bistro,Cafe,££,https://affinitylancashire.com/dog-policy/,active,917,
livingston-designer-outlet-bakers-and-baristas,livingston-designer-outlet,Bakers and Baristas,Cafe,££,https://livingston-designer-outlet.co.uk/store-directory,active,918,
livingston-designer-outlet-cafebar-1962,livingston-designer-outlet,Cafebar 1962,Restaurant,££,https://livingston-designer-outlet.co.uk/stores/cafebar-1962,active,919,
livingston-designer-outlet-caffe-nero,livingston-designer-outlet,Caffe Nero,Cafe,££,https://livingston-designer-outlet.co.uk/store-directory,active,920,
livingston-designer-outlet-chopstix-noodle-bar,livingston-designer-outlet,Chopstix Noodle Bar,Fast Food,££,https://livingston-designer-outlet.co.uk/store-directory,active,921,
livingston-designer-outlet-costa-coffee,livingston-designer-outlet,Costa Coffee,Cafe,££,https://livingston-designer-outlet.co.uk/store-directory,active,922,
livingston-designer-outlet-hamilton-and-brown,livingston-designer-outlet,Hamilton and Brown,Food,££,https://livingston-designer-outlet.co.uk/stores/hamilton-and-brown,active,923,
livingston-designer-outlet-hot-flame,livingston-designer-outlet,Hot Flame,Restaurant,££,https://livingston-designer-outlet.co.uk/stores/hot-flame,active,924,
livingston-designer-outlet-kastriots-gyros-2-go,livingston-designer-outlet,Kastriot’s Gyros 2 Go,Fast Food,££,https://livingston-designer-outlet.co.uk/store-directory,active,925,
livingston-designer-outlet-mcdonalds,livingston-designer-outlet,McDonald’s,Fast Food,££,https://livingston-designer-outlet.co.uk/store-directory,active,926,
livingston-designer-outlet-millies-cookies,livingston-designer-outlet,Millie’s Cookies,Dessert,££,https://livingston-designer-outlet.co.uk/store-directory,active,927,
livingston-designer-outlet-pizza-express,livingston-designer-outlet,Pizza Express,Restaurant,££,https://livingston-designer-outlet.co.uk/store-directory,active,928,
livingston-designer-outlet-pizza-hut,livingston-designer-outlet,Pizza Hut,Restaurant,££,https://livingston-designer-outlet.co.uk/store-directory,active,929,
livingston-designer-outlet-starbucks,livingston-designer-outlet,Starbucks,Cafe,££,https://livingston-designer-outlet.co.uk/store-directory,active,930,
livingston-designer-outlet-subway,livingston-designer-outlet,Subway,Fast Food,££,https://livingston-designer-outlet.co.uk/store-directory,active,931,
livingston-designer-outlet-tikka-nation,livingston-designer-outlet,Tikka Nation,Fast Food,££,https://livingston-designer-outlet.co.uk/store-directory,active,932,
livingston-designer-outlet-wetherspoon,livingston-designer-outlet,Wetherspoon,Restaurant,££,https://livingston-designer-outlet.co.uk/store-directory,active,933,
braintree-village-bills,braintree-village,Bill's,Restaurant,££,https://www.braintree-village.com/en/eat-listing,active,1,
braintree-village-brick-lane-bagel-co,braintree-village,Brick Lane Bagel Co,Bagels,££,https://www.braintree-village.com/en/eat-listing,active,2,
braintree-village-churros,braintree-village,Churros,Dessert,££,https://www.braintree-village.com/en/eat-listing,active,3,
braintree-village-cornish-bakery,braintree-village,Cornish Bakery,Bakery Cafe,££,https://www.braintree-village.com/en/eat-listing,active,4,
braintree-village-costa-coffee,braintree-village,Costa Coffee,Cafe,££,https://www.braintree-village.com/en/eat-listing,active,5,
braintree-village-gelato-e-ciambella,braintree-village,Gelato è Ciambella,Dessert,££,https://www.braintree-village.com/en/eat-listing,active,6,
braintree-village-pizzaexpress,braintree-village,PizzaExpress,Restaurant,££,https://www.braintree-village.com/en/eat-listing,active,7,
braintree-village-pret-a-manger,braintree-village,Pret A Manger,Cafe,££,https://www.braintree-village.com/en/eat-listing,active,8,
braintree-village-smashed,braintree-village,SMÄSHED,Burgers,££,https://www.braintree-village.com/en/eat-listing,active,9,
braintree-village-the-real-greek,braintree-village,The Real Greek,Greek,££,https://www.braintree-village.com/en/eat-listing,active,10,
braintree-village-thick-or-thin-piadina,braintree-village,Thick or Thin? Piadina,Piadina,££,https://www.braintree-village.com/en/eat-listing,active,11,
braintree-village-top-dog,braintree-village,Top Dog,Street Food,££,https://www.braintree-village.com/en/eat-listing,active,12,
braintree-village-wildwood,braintree-village,Wildwood,Restaurant,££,https://www.braintree-village.com/en/eat-listing,active,13,
affinity-sterling-mills-bakers-and-baristas,affinity-sterling-mills,Bakers + Baristas,Cafe,££,https://www.sterlingmills.com/stores-at-sterling-mills/bbs-coffee-and-muffins,active,1,
affinity-sterling-mills-costa,affinity-sterling-mills,Costa,Cafe,££,https://www.sterlingmills.com/stores-at-sterling-mills/costa,active,2,
affinity-sterling-mills-greggs,affinity-sterling-mills,Greggs,Fast Food,££,https://www.sterlingmills.com/stores-at-sterling-mills/greggs,active,3,
viaport-asia-outlet-shopping-agazade-cag-kebabi,viaport-asia-outlet-shopping,Ağazade Cağ Kebabı,,,https://www.viaport.com.tr/tr/magazalar,active,1,
viaport-asia-outlet-shopping-arbys,viaport-asia-outlet-shopping,Arby's,,,https://www.viaport.com.tr/tr/magazalar,active,2,
viaport-asia-outlet-shopping-baydoner,viaport-asia-outlet-shopping,Baydöner,,,https://www.viaport.com.tr/tr/magazalar,active,3,
viaport-asia-outlet-shopping-bereket-doner,viaport-asia-outlet-shopping,Bereket Döner,,,https://www.viaport.com.tr/tr/magazalar,active,4,
viaport-asia-outlet-shopping-burger-yiyelim,viaport-asia-outlet-shopping,Burger Yiyelim,,,https://www.viaport.com.tr/tr/magazalar,active,5,
viaport-asia-outlet-shopping-bottega,viaport-asia-outlet-shopping,Bottega,,,https://www.viaport.com.tr/tr/magazalar,active,6,
viaport-asia-outlet-shopping-burger-king,viaport-asia-outlet-shopping,Burger King,,,https://www.viaport.com.tr/tr/magazalar,active,7,
viaport-asia-outlet-shopping-burger-king-2,viaport-asia-outlet-shopping,Burger King - 2,,,https://www.viaport.com.tr/tr/magazalar,active,8,
viaport-asia-outlet-shopping-cajun-corner,viaport-asia-outlet-shopping,Cajun Corner,,,https://www.viaport.com.tr/tr/magazalar,active,9,
viaport-asia-outlet-shopping-captain-burger,viaport-asia-outlet-shopping,Captain Burger,,,https://www.viaport.com.tr/tr/magazalar,active,10,
viaport-asia-outlet-shopping-colombia-coffee,viaport-asia-outlet-shopping,Colombia Coffee,,,https://www.viaport.com.tr/tr/magazalar,active,11,
viaport-asia-outlet-shopping-chef-kavurma,viaport-asia-outlet-shopping,Chef Kavurma,,,https://www.viaport.com.tr/tr/magazalar,active,12,
viaport-asia-outlet-shopping-durumle,viaport-asia-outlet-shopping,Dürümle,,,https://www.viaport.com.tr/tr/magazalar,active,13,
viaport-asia-outlet-shopping-dml-turk-kahvesi,viaport-asia-outlet-shopping,DML Türk Kahvesi,,,https://www.viaport.com.tr/tr/magazalar,active,14,
viaport-asia-outlet-shopping-doyuyo,viaport-asia-outlet-shopping,Doyuyo,,,https://www.viaport.com.tr/tr/magazalar,active,15,
viaport-asia-outlet-shopping-firuz-baklava,viaport-asia-outlet-shopping,Firuz Baklava,,,https://www.viaport.com.tr/tr/magazalar,active,16,
viaport-asia-outlet-shopping-gunaydin-kofte-doner,viaport-asia-outlet-shopping,Günaydın Köfte & Döner,,,https://www.viaport.com.tr/tr/magazalar,active,17,
viaport-asia-outlet-shopping-green-salads,viaport-asia-outlet-shopping,Green Salads,,,https://www.viaport.com.tr/tr/magazalar,active,18,
viaport-asia-outlet-shopping-greenwich-coffee,viaport-asia-outlet-shopping,Greenwich Coffee,,,https://www.viaport.com.tr/tr/magazalar,active,19,
viaport-asia-outlet-shopping-happy-moons,viaport-asia-outlet-shopping,Happy Moon's,,,https://www.viaport.com.tr/tr/magazalar,active,20,
viaport-asia-outlet-shopping-hd-iskender,viaport-asia-outlet-shopping,HD İskender,,,https://www.viaport.com.tr/tr/magazalar,active,21,
viaport-asia-outlet-shopping-hd-iskender-2,viaport-asia-outlet-shopping,HD İskender - 2,,,https://www.viaport.com.tr/tr/magazalar,active,22,
viaport-asia-outlet-shopping-helvaci-ali,viaport-asia-outlet-shopping,Helvacı Ali,,,https://www.viaport.com.tr/tr/magazalar,active,23,
viaport-asia-outlet-shopping-kazan-kofte,viaport-asia-outlet-shopping,Kazan Köfte,,,https://www.viaport.com.tr/tr/magazalar,active,24,
viaport-asia-outlet-shopping-kavale,viaport-asia-outlet-shopping,Kavale,,,https://www.viaport.com.tr/tr/magazalar,active,25,
viaport-asia-outlet-shopping-captain-doner,viaport-asia-outlet-shopping,Captain Döner,,,https://www.viaport.com.tr/tr/magazalar,active,26,
viaport-asia-outlet-shopping-ziyafe-kayseri-mutfagi,viaport-asia-outlet-shopping,Ziyafe Kayseri Mutfağı,,,https://www.viaport.com.tr/tr/magazalar,active,27,
viaport-asia-outlet-shopping-krispy-kreme,viaport-asia-outlet-shopping,Krispy Kreme,,,https://www.viaport.com.tr/tr/magazalar,active,28,
viaport-asia-outlet-shopping-magnolia-shop,viaport-asia-outlet-shopping,Magnolia Shop,,,https://www.viaport.com.tr/tr/magazalar,active,29,
viaport-asia-outlet-shopping-makarnam,viaport-asia-outlet-shopping,Makarnam,,,https://www.viaport.com.tr/tr/magazalar,active,30,
viaport-asia-outlet-shopping-maydonoz-doner,viaport-asia-outlet-shopping,Maydonoz Döner,,,https://www.viaport.com.tr/tr/magazalar,active,31,
viaport-asia-outlet-shopping-mado,viaport-asia-outlet-shopping,Mado,,,https://www.viaport.com.tr/tr/magazalar,active,32,
viaport-asia-outlet-shopping-mcdonalds,viaport-asia-outlet-shopping,McDonald's,,,https://www.viaport.com.tr/tr/magazalar,active,33,
viaport-asia-outlet-shopping-pep-fries,viaport-asia-outlet-shopping,Pep&Fries,,,https://www.viaport.com.tr/tr/magazalar,active,34,
viaport-asia-outlet-shopping-pidem,viaport-asia-outlet-shopping,Pidem,,,https://www.viaport.com.tr/tr/magazalar,active,35,
viaport-asia-outlet-shopping-popeyes,viaport-asia-outlet-shopping,Popeyes,,,https://www.viaport.com.tr/tr/magazalar,active,36,
viaport-asia-outlet-shopping-saloon-burger,viaport-asia-outlet-shopping,Saloon Burger,,,https://www.viaport.com.tr/tr/magazalar,active,37,
viaport-asia-outlet-shopping-starbucks,viaport-asia-outlet-shopping,Starbucks,,,https://www.viaport.com.tr/tr/magazalar,active,38,
viaport-asia-outlet-shopping-serander-cafe,viaport-asia-outlet-shopping,Serander Cafe,,,https://www.viaport.com.tr/tr/magazalar,active,39,
viaport-asia-outlet-shopping-simit-sarayi,viaport-asia-outlet-shopping,Simit Sarayı,,,https://www.viaport.com.tr/tr/magazalar,active,40,
viaport-asia-outlet-shopping-simit-sarayi-2,viaport-asia-outlet-shopping,Simit Sarayı - 2,,,https://www.viaport.com.tr/tr/magazalar,active,41,
viaport-asia-outlet-shopping-simit-sarayi-3,viaport-asia-outlet-shopping,Simit Sarayı - 3,,,https://www.viaport.com.tr/tr/magazalar,active,42,
viaport-asia-outlet-shopping-sutliye,viaport-asia-outlet-shopping,Sütliye,,,https://www.viaport.com.tr/tr/magazalar,active,43,
viaport-asia-outlet-shopping-tavuk-dunyasi,viaport-asia-outlet-shopping,Tavuk Dünyası,,,https://www.viaport.com.tr/tr/magazalar,active,44,
viaport-asia-outlet-shopping-the-co-coffee,viaport-asia-outlet-shopping,The Co Coffee,,,https://www.viaport.com.tr/tr/magazalar,active,45,
viaport-asia-outlet-shopping-usta-donerci-sbarro,viaport-asia-outlet-shopping,Usta Dönerci Sbarro,,,https://www.viaport.com.tr/tr/magazalar,active,46,
viaport-asia-outlet-shopping-pilav-tanem,viaport-asia-outlet-shopping,Pilav Tanem,,,https://www.viaport.com.tr/tr/magazalar,active,47,
viaport-asia-outlet-shopping-islak-burger,viaport-asia-outlet-shopping,Islak Burger,,,https://www.viaport.com.tr/tr/magazalar,active,48,
viaport-asia-outlet-shopping-1401-coffee,viaport-asia-outlet-shopping,1401 Coffee,,,https://www.viaport.com.tr/tr/magazalar,active,49,
olivium-outlet-center-burger-king,olivium-outlet-center,Burger King,,,https://olivium.com.tr/tr/foods,active,1,
olivium-outlet-center-popeyes,olivium-outlet-center,Popeyes,,,https://olivium.com.tr/tr/foods,active,2,
olivium-outlet-center-arbys,olivium-outlet-center,Arby's,,,https://olivium.com.tr/tr/foods,active,3,
olivium-outlet-center-pidem,olivium-outlet-center,Pidem,,,https://olivium.com.tr/tr/foods,active,4,
olivium-outlet-center-bursa-kebap-evi,olivium-outlet-center,Bursa Kebap Evi,,,https://olivium.com.tr/tr/foods,active,5,
olivium-outlet-center-terra-pizza,olivium-outlet-center,Terra Pizza,,,https://olivium.com.tr/tr/foods,active,6,
olivium-outlet-center-tavuk-dunyasi,olivium-outlet-center,Tavuk Dünyası,,,https://olivium.com.tr/tr/foods,active,7,
olivium-outlet-center-hd-iskender,olivium-outlet-center,HD İskender,,,https://olivium.com.tr/tr/foods,active,8,
olivium-outlet-center-green-salads,olivium-outlet-center,Green Salads,,,https://olivium.com.tr/tr/foods,active,9,
olivium-outlet-center-saloon-burger,olivium-outlet-center,Saloon Burger,,,https://olivium.com.tr/tr/foods,active,10,
olivium-outlet-center-durumle,olivium-outlet-center,Dürümle,,,https://olivium.com.tr/tr/foods,active,11,
olivium-outlet-center-cajun-corner,olivium-outlet-center,Cajun Corner,,,https://olivium.com.tr/tr/foods,active,12,
olivium-outlet-center-kumpirbox,olivium-outlet-center,Kumpirbox,,,https://olivium.com.tr/tr/foods,active,13,
olivium-outlet-center-chef-salads,olivium-outlet-center,Chef Salads,,,https://olivium.com.tr/tr/foods,active,14,
olivium-outlet-center-asli-cafe,olivium-outlet-center,Aslı Cafe,,,https://olivium.com.tr/tr/foods,active,15,
olivium-outlet-center-caribou-coffee,olivium-outlet-center,Caribou Coffee,,,https://olivium.com.tr/tr/foods,active,16,
olivium-outlet-center-kofte-piyaz-kadirgali,olivium-outlet-center,Köfte Piyaz Kadırgalı,,,https://olivium.com.tr/tr/foods,active,17,
olivium-outlet-center-my-donuts,olivium-outlet-center,My Donut's,,,https://olivium.com.tr/tr/foods,active,18,
olivium-outlet-center-richards-coffee,olivium-outlet-center,Richard's Coffee,,,https://olivium.com.tr/tr/foods,active,19,
olivium-outlet-center-caffe-nero,olivium-outlet-center,Caffè Nero,,,https://olivium.com.tr/tr/foods,active,20,
olivium-outlet-center-cilgin-waffle,olivium-outlet-center,Çılgın Waffle,,,https://olivium.com.tr/tr/foods,active,21,
olivium-outlet-center-usta-doner,olivium-outlet-center,Usta Döner,,,https://olivium.com.tr/tr/foods,active,22,
olivium-outlet-center-sbarro,olivium-outlet-center,Sbarro,,,https://olivium.com.tr/tr/foods,active,23,
olivium-outlet-center-barrels-oil,olivium-outlet-center,Barrels & Oil,,,https://olivium.com.tr/tr/foods,active,24,
olivium-outlet-center-kasap-doner,olivium-outlet-center,Kasap Döner,,,https://olivium.com.tr/tr/foods,active,25,
starcity-outlet-alacati-muhallebicisi,starcity-outlet,Alaçatı Muhallebicisi,,,https://www.starcity.com.tr/app/index.php,active,1,
starcity-outlet-arbys,starcity-outlet,Arbys,,,https://www.starcity.com.tr/app/index.php,active,2,
starcity-outlet-baydoner,starcity-outlet,Baydöner,,,https://www.starcity.com.tr/app/index.php,active,3,
starcity-outlet-bereket-doner,starcity-outlet,Bereket Döner,,,https://www.starcity.com.tr/app/index.php,active,4,
starcity-outlet-big-bubble-tea,starcity-outlet,Big Bubble Tea,,,https://www.starcity.com.tr/app/index.php,active,5,
starcity-outlet-burger-king,starcity-outlet,Burger King,,,https://www.starcity.com.tr/app/index.php,active,6,
starcity-outlet-bursa-kebap-evi,starcity-outlet,Bursa Kebap Evi,,,https://www.starcity.com.tr/app/index.php,active,7,
starcity-outlet-caribou-coffee,starcity-outlet,Caribou Coffee,,,https://www.starcity.com.tr/app/index.php,active,8,
starcity-outlet-carls-jr,starcity-outlet,Carl’s Jr.,,,https://www.starcity.com.tr/app/index.php,active,9,
starcity-outlet-doyuyo,starcity-outlet,Doyuyo,,,https://www.starcity.com.tr/app/index.php,active,10,
starcity-outlet-durumle,starcity-outlet,Dürümle,,,https://www.starcity.com.tr/app/index.php,active,11,
starcity-outlet-green-salads,starcity-outlet,Green Salads,,,https://www.starcity.com.tr/app/index.php,active,12,
starcity-outlet-hd-iskender,starcity-outlet,Hd İskender,,,https://www.starcity.com.tr/app/index.php,active,13,
starcity-outlet-kahve-dunyasi,starcity-outlet,Kahve Dünyası,,,https://www.starcity.com.tr/app/index.php,active,14,
starcity-outlet-pidem,starcity-outlet,Pidem,,,https://www.starcity.com.tr/app/index.php,active,15,
starcity-outlet-popeyes,starcity-outlet,Popeyes,,,https://www.starcity.com.tr/app/index.php,active,16,
starcity-outlet-saloon-burger,starcity-outlet,Saloon Burger,,,https://www.starcity.com.tr/app/index.php,active,17,
starcity-outlet-sbarro,starcity-outlet,Sbarro,,,https://www.starcity.com.tr/app/index.php,active,18,
starcity-outlet-sokak-simiti,starcity-outlet,Sokak Simit'i,,,https://www.starcity.com.tr/app/index.php,active,19,
starcity-outlet-starbucks,starcity-outlet,Starbucks,,,https://www.starcity.com.tr/app/index.php,active,20,
starcity-outlet-tavuk-dunyasi,starcity-outlet,Tavuk Dünyası,,,https://www.starcity.com.tr/app/index.php,active,21,
starcity-outlet-tea-more,starcity-outlet,Tea&more,,,https://www.starcity.com.tr/app/index.php,active,22,
starcity-outlet-terra-pizza,starcity-outlet,Terra Pizza,,,https://www.starcity.com.tr/app/index.php,active,23,
starcity-outlet-usta-donerci,starcity-outlet,Usta Dönerci,,,https://www.starcity.com.tr/app/index.php,active,24,
venezia-mega-outlet-pidem,venezia-mega-outlet,Pidem,Fast Food,,https://veneziamegaoutlet.com/index.php/foods,active,1,
venezia-mega-outlet-saloon-burger,venezia-mega-outlet,Saloon Burger,Fast Food,,https://veneziamegaoutlet.com/index.php/foods,active,2,
venezia-mega-outlet-arbys,venezia-mega-outlet,Arby's,Fast Food,,https://veneziamegaoutlet.com/index.php/foods,active,3,
venezia-mega-outlet-burger-king,venezia-mega-outlet,Burger King,Fast Food,,https://veneziamegaoutlet.com/index.php/foods,active,4,
venezia-mega-outlet-popeyes,venezia-mega-outlet,Popeyes,Fast Food,,https://veneziamegaoutlet.com/index.php/foods,active,5,
venezia-mega-outlet-doyuyo,venezia-mega-outlet,Doyuyo!,Fast Food,,https://veneziamegaoutlet.com/index.php/foods,active,6,
venezia-mega-outlet-terra-pizza,venezia-mega-outlet,Terra Pizza,Fast Food,,https://veneziamegaoutlet.com/index.php/foods,active,7,
venezia-mega-outlet-durumle,venezia-mega-outlet,Dürümle,Fast Food,,https://veneziamegaoutlet.com/index.php/foods,active,8,
venezia-mega-outlet-harbi-burger,venezia-mega-outlet,Harbi Burger,Fast Food,,https://veneziamegaoutlet.com/index.php/foods,active,9,
venezia-mega-outlet-burger-yiyelim,venezia-mega-outlet,Burger Yiyelim,Fast Food,,https://veneziamegaoutlet.com/index.php/foods,active,10,
venezia-mega-outlet-kibris-limonatacisi,venezia-mega-outlet,Kıbrıs Limonatacısı,Restaurant & Cafe,,https://veneziamegaoutlet.com/index.php/foods,active,11,
venezia-mega-outlet-cafe-del-nord,venezia-mega-outlet,Cafe Del Nord,Restaurant & Cafe,,https://veneziamegaoutlet.com/index.php/foods,active,12,
venezia-mega-outlet-dawn-cafe,venezia-mega-outlet,Dawn Cafe,Restaurant & Cafe,,https://veneziamegaoutlet.com/index.php/foods,active,13,
venezia-mega-outlet-faruk-gulluoglu,venezia-mega-outlet,Faruk Güllüoğlu,Restaurant & Cafe,,https://veneziamegaoutlet.com/index.php/foods,active,14,
venezia-mega-outlet-dilek-pastanesi,venezia-mega-outlet,Dilek Pastanesi,Restaurant & Cafe,,https://veneziamegaoutlet.com/index.php/foods,active,15,
venezia-mega-outlet-usta-donerci,venezia-mega-outlet,Usta Dönerci,Restaurant & Cafe,,https://veneziamegaoutlet.com/index.php/foods,active,16,
venezia-mega-outlet-gonul-kahvesi,venezia-mega-outlet,Gönül Kahvesi,Restaurant & Cafe,,https://veneziamegaoutlet.com/index.php/foods,active,17,
venezia-mega-outlet-starbucks-avm-kati,venezia-mega-outlet,Starbucks - AVM Katı,Restaurant & Cafe,,https://veneziamegaoutlet.com/index.php/foods,active,18,
venezia-mega-outlet-mado,venezia-mega-outlet,Mado,Restaurant & Cafe,,https://veneziamegaoutlet.com/index.php/foods,active,19,
venezia-mega-outlet-kayseri-mutfagi,venezia-mega-outlet,Kayseri Mutfağı,Restaurant & Cafe,,https://veneziamegaoutlet.com/index.php/foods,active,20,
venezia-mega-outlet-kahve-dunyasi,venezia-mega-outlet,Kahve Dünyası,Restaurant & Cafe,,https://veneziamegaoutlet.com/index.php/foods,active,21,
venezia-mega-outlet-green-salads,venezia-mega-outlet,Green Salads,Restaurant & Cafe,,https://veneziamegaoutlet.com/index.php/foods,active,22,
venezia-mega-outlet-starbucks-cadde-kati,venezia-mega-outlet,Starbucks - Cadde Katı,Restaurant & Cafe,,https://veneziamegaoutlet.com/index.php/foods,active,23,
venezia-mega-outlet-vitamin-juice,venezia-mega-outlet,Vitamin Juice,Restaurant & Cafe,,https://veneziamegaoutlet.com/index.php/foods,active,24,
venezia-mega-outlet-tavuk-dunyasi,venezia-mega-outlet,Tavuk Dünyası,Restaurant & Cafe,,https://veneziamegaoutlet.com/index.php/foods,active,25,
venezia-mega-outlet-hd-iskender,venezia-mega-outlet,HD İskender,Restaurant & Cafe,,https://veneziamegaoutlet.com/index.php/foods,active,26,
venezia-mega-outlet-krispy-kreme,venezia-mega-outlet,Krispy Kreme,Restaurant & Cafe,,https://veneziamegaoutlet.com/index.php/foods,active,27,
venezia-mega-outlet-levent-borek,venezia-mega-outlet,Levent Börek,Restaurant & Cafe,,https://veneziamegaoutlet.com/index.php/foods,active,28,
venezia-mega-outlet-big-bubble-tea,venezia-mega-outlet,Big Bubble Tea,Restaurant & Cafe,,https://veneziamegaoutlet.com/index.php/foods,active,29,
venezia-mega-outlet-tchibo,venezia-mega-outlet,Tchibo,Restaurant & Cafe,,https://veneziamegaoutlet.com/index.php/foods,active,30,
venezia-mega-outlet-oses-cigkofte,venezia-mega-outlet,Oses Çiğköfte,Restaurant & Cafe,,https://veneziamegaoutlet.com/index.php/foods,active,31,
venezia-mega-outlet-afyon-lokum-atolyesi,venezia-mega-outlet,Afyon Lokum Atölyesi,Restaurant & Cafe,,https://veneziamegaoutlet.com/index.php/foods,active,32,
venezia-mega-outlet-hello-sweetie,venezia-mega-outlet,Hello Sweetie,Restaurant & Cafe,,https://veneziamegaoutlet.com/index.php/foods,active,33,
venezia-mega-outlet-helvaci-ali,venezia-mega-outlet,Helvacı Ali,Restaurant & Cafe,,https://veneziamegaoutlet.com/index.php/foods,active,34,
venezia-mega-outlet-bi-dilim,venezia-mega-outlet,Bi Dilim,Restaurant & Cafe,,https://veneziamegaoutlet.com/index.php/foods,active,35,
venezia-mega-outlet-mr-cheesy,venezia-mega-outlet,Mr. Cheesy,Restaurant & Cafe,,https://veneziamegaoutlet.com/index.php/foods,active,36,
venezia-mega-outlet-vesca-cikolata,venezia-mega-outlet,Vesca Çikolata,Restaurant & Cafe,,https://veneziamegaoutlet.com/index.php/foods,active,37,
venezia-mega-outlet-cold-stone,venezia-mega-outlet,Cold Stone,Restaurant & Cafe,,https://veneziamegaoutlet.com/index.php/foods,active,38,
212-outlet-coolan-sweet-cafe,212-outlet,Coolan Sweet Cafe,,,https://212outlet.com/tr/yeme-icme/,active,1,
212-outlet-incir,212-outlet,İncir,,,https://212outlet.com/tr/yeme-icme/,active,2,
212-outlet-pidem,212-outlet,Pidem,,,https://212outlet.com/tr/yeme-icme/,active,3,
212-outlet-bursa-kebap-evi,212-outlet,Bursa Kebap Evi,,,https://212outlet.com/tr/yeme-icme/,active,4,
212-outlet-burger-king,212-outlet,Burger King,,,https://212outlet.com/tr/yeme-icme/,active,5,
212-outlet-kasap-doner,212-outlet,Kasap Döner,,,https://212outlet.com/tr/yeme-icme/,active,6,
212-outlet-arbys,212-outlet,Arby’s,,,https://212outlet.com/tr/yeme-icme/,active,7,
212-outlet-kumpir-box,212-outlet,Kumpir Box,,,https://212outlet.com/tr/yeme-icme/,active,8,
212-outlet-illede-doner,212-outlet,İllede Döner,,,https://212outlet.com/tr/yeme-icme/,active,9,
212-outlet-popeyes,212-outlet,Popeyes,,,https://212outlet.com/tr/yeme-icme/,active,10,
212-outlet-green-salads,212-outlet,Green Salads,,,https://212outlet.com/tr/yeme-icme/,active,11,
212-outlet-saloon-burger,212-outlet,Saloon Burger,,,https://212outlet.com/tr/yeme-icme/,active,12,
212-outlet-adabella-pizza,212-outlet,Adabella Pizza,,,https://212outlet.com/tr/yeme-icme/,active,13,
212-outlet-mc-donalds,212-outlet,Mc Donalds,,,https://212outlet.com/tr/yeme-icme/,active,14,
212-outlet-manti-ev-yemekleri,212-outlet,Mantı & Ev Yemekleri,,,https://212outlet.com/tr/yeme-icme/,active,15,
212-outlet-usta-donerci,212-outlet,Usta Dönerci,,,https://212outlet.com/tr/yeme-icme/,active,16,
212-outlet-durumle,212-outlet,Dürümle,,,https://212outlet.com/tr/yeme-icme/,active,17,
212-outlet-terra-pizza,212-outlet,Terra Pizza,,,https://212outlet.com/tr/yeme-icme/,active,18,
212-outlet-tavuk-dunyasi,212-outlet,Tavuk Dünyası,,,https://212outlet.com/tr/yeme-icme/,active,19,
212-outlet-diyar-lahmacun,212-outlet,Diyar Lahmacun,,,https://212outlet.com/tr/yeme-icme/,active,20,
212-outlet-durumcu-esnaf,212-outlet,Dürümcü Esnaf,,,https://212outlet.com/tr/yeme-icme/,active,21,
212-outlet-hd-iskender,212-outlet,HD İskender,,,https://212outlet.com/tr/yeme-icme/,active,22,
212-outlet-cit-cit,212-outlet,Çıt Çıt,,,https://212outlet.com/tr/yeme-icme/,active,23,
212-outlet-sweet-lush,212-outlet,Sweet Lush,,,https://212outlet.com/tr/yeme-icme/,active,24,
212-outlet-mado,212-outlet,Mado,,,https://212outlet.com/tr/yeme-icme/,active,25,
212-outlet-starbucks,212-outlet,Starbucks,,,https://212outlet.com/tr/yeme-icme/,active,26,
212-outlet-w-espresso,212-outlet,W Espresso,,,https://212outlet.com/tr/yeme-icme/,active,27,
212-outlet-cizbiz-kofte,212-outlet,Cızbız Köfte,,,https://212outlet.com/tr/yeme-icme/,active,28,
212-outlet-simit-sarayi,212-outlet,Simit Sarayı,,,https://212outlet.com/tr/yeme-icme/,active,29,
212-outlet-amasya-et-urunleri,212-outlet,Amasya Et Ürünleri,,,https://212outlet.com/tr/yeme-icme/,active,30,
212-outlet-safa-tatlicisi,212-outlet,Safa Tatlıcısı,,,https://212outlet.com/tr/yeme-icme/,active,31,
212-outlet-ice-corner,212-outlet,İce Corner,,,https://212outlet.com/tr/yeme-icme/,active,32,
212-outlet-cigkoftem,212-outlet,Çiğköftem,,,https://212outlet.com/tr/yeme-icme/,active,33,
212-outlet-boston-donuts,212-outlet,Boston Donuts,,,https://212outlet.com/tr/yeme-icme/,active,34,
212-outlet-nb-corn,212-outlet,NB Corn,,,https://212outlet.com/tr/yeme-icme/,active,35,
212-outlet-chocnette,212-outlet,Choc'nette,,,https://212outlet.com/tr/yeme-icme/,active,36,
212-outlet-meshur-safranbolu-lokumcusu,212-outlet,Meşhur Safranbolu Lokumcusu,,,https://212outlet.com/tr/yeme-icme/,active,37,
212-outlet-poffle-waffle,212-outlet,Poffle Waffle,,,https://212outlet.com/tr/yeme-icme/,active,38,
optimum-premium-outlet-istanbul-arbys,optimum-premium-outlet-istanbul,ARBY'S,,,https://optimumistanbul.com/tr/markalar,active,1,
optimum-premium-outlet-istanbul-asur-kahvesi,optimum-premium-outlet-istanbul,Asur Kahvesi,,,https://optimumistanbul.com/tr/markalar,active,2,
optimum-premium-outlet-istanbul-bay-doner,optimum-premium-outlet-istanbul,BAY DÖNER,,,https://optimumistanbul.com/tr/markalar,active,3,
optimum-premium-outlet-istanbul-boston-donuts,optimum-premium-outlet-istanbul,BOSTON DONUTS,,,https://optimumistanbul.com/tr/markalar,active,4,
optimum-premium-outlet-istanbul-burger-king,optimum-premium-outlet-istanbul,BURGER KING,,,https://optimumistanbul.com/tr/markalar,active,5,
optimum-premium-outlet-istanbul-bursa-kebap-evi,optimum-premium-outlet-istanbul,BURSA KEBAP EVİ,,,https://optimumistanbul.com/tr/markalar,active,6,
optimum-premium-outlet-istanbul-cops,optimum-premium-outlet-istanbul,ÇÖPS,,,https://optimumistanbul.com/tr/markalar,active,7,
optimum-premium-outlet-istanbul-durumle,optimum-premium-outlet-istanbul,DÜRÜMLE,,,https://optimumistanbul.com/tr/markalar,active,8,
optimum-premium-outlet-istanbul-green-salads,optimum-premium-outlet-istanbul,GREEN SALADS,,,https://optimumistanbul.com/tr/markalar,active,9,
optimum-premium-outlet-istanbul-haribo,optimum-premium-outlet-istanbul,HARIBO,,,https://optimumistanbul.com/tr/markalar,active,10,
optimum-premium-outlet-istanbul-kaffee-schutz,optimum-premium-outlet-istanbul,Kaffee Schütz,,,https://optimumistanbul.com/tr/markalar,active,11,
optimum-premium-outlet-istanbul-kahve-dunyasi,optimum-premium-outlet-istanbul,KAHVE DÜNYASI,,,https://optimumistanbul.com/tr/markalar,active,12,
optimum-premium-outlet-istanbul-kayseri-mutfagi,optimum-premium-outlet-istanbul,KAYSERİ MUTFAĞI,,,https://optimumistanbul.com/tr/markalar,active,13,
optimum-premium-outlet-istanbul-macaroni-express,optimum-premium-outlet-istanbul,MACARONI EXPRESS,,,https://optimumistanbul.com/tr/markalar,active,14,
optimum-premium-outlet-istanbul-ozsut,optimum-premium-outlet-istanbul,ÖZSÜT,,,https://optimumistanbul.com/tr/markalar,active,15,
optimum-premium-outlet-istanbul-pidem,optimum-premium-outlet-istanbul,PİDEM,,,https://optimumistanbul.com/tr/markalar,active,16,
optimum-premium-outlet-istanbul-popeyes,optimum-premium-outlet-istanbul,POPEYES,,,https://optimumistanbul.com/tr/markalar,active,17,
optimum-premium-outlet-istanbul-saloon-burger,optimum-premium-outlet-istanbul,SALOON BURGER,,,https://optimumistanbul.com/tr/markalar,active,18,
optimum-premium-outlet-istanbul-saray-muhallebicisi,optimum-premium-outlet-istanbul,SARAY MUHALLEBİCİSİ,,,https://optimumistanbul.com/tr/markalar,active,19,
optimum-premium-outlet-istanbul-starbucks,optimum-premium-outlet-istanbul,STARBUCKS,,,https://optimumistanbul.com/tr/markalar,active,20,
optimum-premium-outlet-istanbul-subway,optimum-premium-outlet-istanbul,SUBWAY,,,https://optimumistanbul.com/tr/markalar,active,21,
optimum-premium-outlet-istanbul-sutlu,optimum-premium-outlet-istanbul,SÜTLÜ,,,https://optimumistanbul.com/tr/markalar,active,22,
optimum-premium-outlet-istanbul-tavuk-dunyasi,optimum-premium-outlet-istanbul,TAVUK DÜNYASI,,,https://optimumistanbul.com/tr/markalar,active,23,
optimum-premium-outlet-istanbul-terra-pizza,optimum-premium-outlet-istanbul,TERRA PIZZA,,,https://optimumistanbul.com/tr/markalar,active,24,
optimum-premium-outlet-istanbul-the-corner-tantuni,optimum-premium-outlet-istanbul,THE CORNER TANTUNİ,,,https://optimumistanbul.com/tr/markalar,active,25,
optimum-premium-outlet-istanbul-usta-donerci,optimum-premium-outlet-istanbul,USTA DÖNERCİ,,,https://optimumistanbul.com/tr/markalar,active,26,
izmir-optimum-arbys,izmir-optimum,ARBY'S,,,https://izmiroptimum.com/tr/markalar,active,1,
izmir-optimum-bay-doner,izmir-optimum,BAY DÖNER,,,https://izmiroptimum.com/tr/markalar,active,2,
izmir-optimum-big-bubble-tea,izmir-optimum,BIG BUBBLE TEA,,,https://izmiroptimum.com/tr/markalar,active,3,
izmir-optimum-bisquitte,izmir-optimum,BISQUITTE,,,https://izmiroptimum.com/tr/markalar,active,4,
izmir-optimum-bombaci-zeydan,izmir-optimum,BOMBACI ZEYDAN,,,https://izmiroptimum.com/tr/markalar,active,5,
izmir-optimum-burger-king,izmir-optimum,BURGER KING,,,https://izmiroptimum.com/tr/markalar,active,6,
izmir-optimum-burger-yiyelim,izmir-optimum,BURGER YİYELİM,,,https://izmiroptimum.com/tr/markalar,active,7,
izmir-optimum-bursa-ishak-bey,izmir-optimum,BURSA İSHAK BEY,,,https://izmiroptimum.com/tr/markalar,active,8,
izmir-optimum-bursa-kebap-evi,izmir-optimum,BURSA KEBAP EVİ,,,https://izmiroptimum.com/tr/markalar,active,9,
izmir-optimum-cajun-corner,izmir-optimum,CAJUN CORNER,,,https://izmiroptimum.com/tr/markalar,active,10,
izmir-optimum-chocnette,izmir-optimum,CHOCNETTE,,,https://izmiroptimum.com/tr/markalar,active,11,
izmir-optimum-cookshop,izmir-optimum,COOKSHOP,,,https://izmiroptimum.com/tr/markalar,active,12,
izmir-optimum-cops,izmir-optimum,ÇÖPS,,,https://izmiroptimum.com/tr/markalar,active,13,
izmir-optimum-doyuyo,izmir-optimum,DOYUYO,,,https://izmiroptimum.com/tr/markalar,active,14,
izmir-optimum-durumle,izmir-optimum,DÜRÜMLE,,,https://izmiroptimum.com/tr/markalar,active,15,
izmir-optimum-el-ele-cafe,izmir-optimum,EL ELE CAFE,,,https://izmiroptimum.com/tr/markalar,active,16,
izmir-optimum-fruitbox,izmir-optimum,FRUITBOX,,,https://izmiroptimum.com/tr/markalar,active,17,
izmir-optimum-gloria-jeans,izmir-optimum,GLORİA JEANS,,,https://izmiroptimum.com/tr/markalar,active,18,
izmir-optimum-green-salads,izmir-optimum,GREEN SALADS,,,https://izmiroptimum.com/tr/markalar,active,19,
izmir-optimum-happy-moons,izmir-optimum,HAPPY MOON'S,,,https://izmiroptimum.com/tr/markalar,active,20,
izmir-optimum-hd-iskender,izmir-optimum,HD İSKENDER,,,https://izmiroptimum.com/tr/markalar,active,21,
izmir-optimum-hello-sweetie,izmir-optimum,HELLO SWEETIE,,,https://izmiroptimum.com/tr/markalar,active,22,
izmir-optimum-helvaci-ali,izmir-optimum,HELVACI ALİ,,,https://izmiroptimum.com/tr/markalar,active,23,
izmir-optimum-hisaronu-sutlu-1942,izmir-optimum,HİSARÖNÜ SÜTLÜ 1942,,,https://izmiroptimum.com/tr/markalar,active,24,
izmir-optimum-ikbal,izmir-optimum,İKBAL,,,https://izmiroptimum.com/tr/markalar,active,25,
izmir-optimum-kahve-diyari,izmir-optimum,KAHVE DİYARI,,,https://izmiroptimum.com/tr/markalar,active,26,
izmir-optimum-kahve-dunyasi,izmir-optimum,KAHVE DÜNYASI,,,https://izmiroptimum.com/tr/markalar,active,27,
izmir-optimum-kfc,izmir-optimum,KFC,,,https://izmiroptimum.com/tr/markalar,active,28,
izmir-optimum-macaroni,izmir-optimum,MACARONI,,,https://izmiroptimum.com/tr/markalar,active,29,
izmir-optimum-macaroni-express,izmir-optimum,MACARONI EXPRESS,,,https://izmiroptimum.com/tr/markalar,active,30,
izmir-optimum-mado,izmir-optimum,MADO,,,https://izmiroptimum.com/tr/markalar,active,31,
izmir-optimum-mc-donalds,izmir-optimum,MC DONALD´S,,,https://izmiroptimum.com/tr/markalar,active,32,
izmir-optimum-meshur-hisaronu-sambalicisi,izmir-optimum,MEŞHUR HİSARÖNÜ ŞAMBALİCİSİ,,,https://izmiroptimum.com/tr/markalar,active,33,
izmir-optimum-mr-kumpir,izmir-optimum,MR KUMPİR,,,https://izmiroptimum.com/tr/markalar,active,34,
izmir-optimum-ohannes-burger,izmir-optimum,OHANNES BURGER,,,https://izmiroptimum.com/tr/markalar,active,35,
izmir-optimum-ozsut,izmir-optimum,ÖZSÜT,,,https://izmiroptimum.com/tr/markalar,active,36,
izmir-optimum-pasa-firini,izmir-optimum,PAŞA FIRINI,,,https://izmiroptimum.com/tr/markalar,active,37,
izmir-optimum-pasaport-pizza,izmir-optimum,PASAPORT PİZZA,,,https://izmiroptimum.com/tr/markalar,active,38,
izmir-optimum-pide-by-pide,izmir-optimum,PİDE BY PİDE,,,https://izmiroptimum.com/tr/markalar,active,39,
izmir-optimum-pidem,izmir-optimum,PİDEM,,,https://izmiroptimum.com/tr/markalar,active,40,
izmir-optimum-piq-cafe,izmir-optimum,PİQ CAFE,,,https://izmiroptimum.com/tr/markalar,active,41,
izmir-optimum-popeyes,izmir-optimum,POPEYES,,,https://izmiroptimum.com/tr/markalar,active,42,
izmir-optimum-reyhan-pastanesi,izmir-optimum,REYHAN PASTANESİ,,,https://izmiroptimum.com/tr/markalar,active,43,
izmir-optimum-sbarro,izmir-optimum,SBARRO,,,https://izmiroptimum.com/tr/markalar,active,44,
izmir-optimum-starbucks,izmir-optimum,STARBUCKS,,,https://izmiroptimum.com/tr/markalar,active,45,
izmir-optimum-tantunizm,izmir-optimum,TANTUNİZM,,,https://izmiroptimum.com/tr/markalar,active,46,
izmir-optimum-tavuk-dunyasi,izmir-optimum,TAVUK DÜNYASI,,,https://izmiroptimum.com/tr/markalar,active,47,
izmir-optimum-terra-pizza,izmir-optimum,TERRA PİZZA,,,https://izmiroptimum.com/tr/markalar,active,48,
izmir-optimum-tuck-coffee,izmir-optimum,TUCK COFFEE,,,https://izmiroptimum.com/tr/markalar,active,49,
izmir-optimum-usta-donerci,izmir-optimum,USTA DÖNERCİ,,,https://izmiroptimum.com/tr/markalar,active,50,
izmir-optimum-vongole-hot-dog-street-foods,izmir-optimum,VONGOLE HOT DOG&STREET FOODS,,,https://izmiroptimum.com/tr/markalar,active,51,
izmir-optimum-yobaba,izmir-optimum,YOBABA,,,https://izmiroptimum.com/tr/markalar,active,52,
izmir-optimum-yomumu,izmir-optimum,YOMUMU,,,https://izmiroptimum.com/tr/markalar,active,53,
deepo-outlet-center-arbys,deepo-outlet-center,ARBY'S,,,https://www.deepo.com.tr/TR/taste,active,1,
deepo-outlet-center-arifoglu,deepo-outlet-center,ARİFOĞLU,,,https://www.deepo.com.tr/TR/taste,active,2,
deepo-outlet-center-baydoner,deepo-outlet-center,BAYDÖNER,,,https://www.deepo.com.tr/TR/taste,active,3,
deepo-outlet-center-burger-king,deepo-outlet-center,BURGER KING,,,https://www.deepo.com.tr/TR/taste,active,4,
deepo-outlet-center-cafe-nero,deepo-outlet-center,CAFE NERO,,,https://www.deepo.com.tr/TR/taste,active,5,
deepo-outlet-center-choc-nette,deepo-outlet-center,Choc Nette,,,https://www.deepo.com.tr/TR/taste,active,6,
deepo-outlet-center-cold-stone,deepo-outlet-center,COLD STONE,,,https://www.deepo.com.tr/TR/taste,active,7,
deepo-outlet-center-cookshop,deepo-outlet-center,COOKSHOP,,,https://www.deepo.com.tr/TR/taste,active,8,
deepo-outlet-center-depo-kafe,deepo-outlet-center,DEPO KAFE,,,https://www.deepo.com.tr/TR/taste,active,9,
deepo-outlet-center-doner-stop,deepo-outlet-center,DÖNER STOP,,,https://www.deepo.com.tr/TR/taste,active,10,
deepo-outlet-center-espressolab,deepo-outlet-center,ESPRESSOLAB,,,https://www.deepo.com.tr/TR/taste,active,11,
deepo-outlet-center-fistikoglu-kuruyemis,deepo-outlet-center,FISTIKOĞLU KURUYEMİŞ,,,https://www.deepo.com.tr/TR/taste,active,12,
deepo-outlet-center-greyder-cafe,deepo-outlet-center,GREYDER CAFE,,,https://www.deepo.com.tr/TR/taste,active,13,
deepo-outlet-center-hello-sweetie-haribo,deepo-outlet-center,HELLO SWEETIE HARIBO,,,https://www.deepo.com.tr/TR/taste,active,14,
deepo-outlet-center-kahve-dunyasi,deepo-outlet-center,KAHVE DÜNYASI,,,https://www.deepo.com.tr/TR/taste,active,15,
deepo-outlet-center-kfc,deepo-outlet-center,KFC,,,https://www.deepo.com.tr/TR/taste,active,16,
deepo-outlet-center-kofteci-ramiz,deepo-outlet-center,KÖFTECİ RAMİZ,,,https://www.deepo.com.tr/TR/taste,active,17,
deepo-outlet-center-mado-cafe,deepo-outlet-center,MADO CAFE,,,https://www.deepo.com.tr/TR/taste,active,18,
deepo-outlet-center-mado-dondurma,deepo-outlet-center,Mado Dondurma,,,https://www.deepo.com.tr/TR/taste,active,19,
deepo-outlet-center-mcdonalds,deepo-outlet-center,MCDONALD'S,,,https://www.deepo.com.tr/TR/taste,active,20,
deepo-outlet-center-pide-by-pide,deepo-outlet-center,PİDE BY PİDE,,,https://www.deepo.com.tr/TR/taste,active,21,
deepo-outlet-center-popeyes,deepo-outlet-center,POPEYES,,,https://www.deepo.com.tr/TR/taste,active,22,
deepo-outlet-center-simit-sarayi,deepo-outlet-center,SIMIT SARAYI,,,https://www.deepo.com.tr/TR/taste,active,23,
deepo-outlet-center-starbucks,deepo-outlet-center,STARBUCKS,,,https://www.deepo.com.tr/TR/taste,active,24,
deepo-outlet-center-tavuk-dunyasi,deepo-outlet-center,TAVUK DÜNYASI,,,https://www.deepo.com.tr/TR/taste,active,25,
dubai-outlet-mall-al-khawabi-restaurant,dubai-outlet-mall,Al Khawabi Restaurant,,,https://dubaioutletmall.com/shops/,active,1,
dubai-outlet-mall-baskin-robbins,dubai-outlet-mall,Baskin Robbins,,,https://dubaioutletmall.com/shops/,active,2,
dubai-outlet-mall-binous-healthy-food,dubai-outlet-mall,Binous Healthy Food,,,https://dubaioutletmall.com/shops/,active,3,
dubai-outlet-mall-bonberry-desert-cafe,dubai-outlet-mall,Bonberry Desert Cafe,,,https://dubaioutletmall.com/shops/,active,4,
dubai-outlet-mall-burger-king,dubai-outlet-mall,Burger King,,,https://dubaioutletmall.com/shops/,active,5,
dubai-outlet-mall-chowking-orient-restaurant,dubai-outlet-mall,Chowking Orient Restaurant,,,https://dubaioutletmall.com/shops/,active,6,
dubai-outlet-mall-cold-stone-creamery,dubai-outlet-mall,Cold Stone Creamery,,,https://dubaioutletmall.com/shops/,active,7,
dubai-outlet-mall-costa-coffee,dubai-outlet-mall,Costa Coffee,,,https://dubaioutletmall.com/shops/,active,8,
dubai-outlet-mall-crepe-world,dubai-outlet-mall,Crepe World,,,https://dubaioutletmall.com/shops/,active,9,
dubai-outlet-mall-curries-and-grills,dubai-outlet-mall,Curries and Grills,,,https://dubaioutletmall.com/shops/,active,10,
dubai-outlet-mall-el-mondo,dubai-outlet-mall,El Mondo,,,https://dubaioutletmall.com/shops/,active,11,
dubai-outlet-mall-french-bakery,dubai-outlet-mall,French Bakery,,,https://dubaioutletmall.com/shops/,active,12,
dubai-outlet-mall-ginseng-sweets,dubai-outlet-mall,Ginseng Sweets,,,https://dubaioutletmall.com/shops/,active,13,
dubai-outlet-mall-hatam-restaurant,dubai-outlet-mall,Hatam Restaurant,,,https://dubaioutletmall.com/shops/,active,14,
dubai-outlet-mall-island-tea-cafe,dubai-outlet-mall,Island Tea Cafe,,,https://dubaioutletmall.com/shops/,active,15,
dubai-outlet-mall-kfc,dubai-outlet-mall,KFC,,,https://dubaioutletmall.com/shops/,active,16,
dubai-outlet-mall-macao-imperial-tea,dubai-outlet-mall,Macao Imperial Tea,,,https://dubaioutletmall.com/shops/,active,17,
dubai-outlet-mall-mazzah,dubai-outlet-mall,Mazzah,,,https://dubaioutletmall.com/shops/,active,18,
dubai-outlet-mall-mcdonalds,dubai-outlet-mall,McDonald's,,,https://dubaioutletmall.com/shops/,active,19,
dubai-outlet-mall-new-york-fries,dubai-outlet-mall,New York Fries,,,https://dubaioutletmall.com/shops/,active,20,
dubai-outlet-mall-panda-chinese-restaurant,dubai-outlet-mall,Panda Chinese Restaurant,,,https://dubaioutletmall.com/shops/,active,21,
dubai-outlet-mall-pick-and-mix-outlet,dubai-outlet-mall,Pick & Mix Outlet,,,https://dubaioutletmall.com/shops/,active,22,
dubai-outlet-mall-piero-pizza-and-pasta-and-grills,dubai-outlet-mall,Piero Pizza & Pasta & Grills,,,https://dubaioutletmall.com/shops/,active,23,
dubai-outlet-mall-sableh-sweets,dubai-outlet-mall,Sableh Sweets,,,https://dubaioutletmall.com/shops/,active,24,
dubai-outlet-mall-snack-duck,dubai-outlet-mall,Snack Duck,,,https://dubaioutletmall.com/shops/,active,25,
dubai-outlet-mall-starbucks-coffee,dubai-outlet-mall,Starbucks Coffee,,,https://dubaioutletmall.com/shops/,active,26,
dubai-outlet-mall-subway,dubai-outlet-mall,Subway,,,https://dubaioutletmall.com/shops/,active,27,
dubai-outlet-mall-texas-chicken,dubai-outlet-mall,Texas Chicken,,,https://dubaioutletmall.com/shops/,active,28,
dubai-outlet-mall-tim-hortons,dubai-outlet-mall,Tim Hortons,,,https://dubaioutletmall.com/shops/,active,29,
dubai-outlet-mall-tom-yum-thai-restaurant,dubai-outlet-mall,Tom Yum Thai Restaurant,,,https://dubaioutletmall.com/shops/,active,30,
dubai-outlet-mall-wheel-35-and-super-slice-pizza,dubai-outlet-mall,Wheel 35 & Super Slice Pizza,,,https://dubaioutletmall.com/shops/,active,31,
the-outlet-village-buffalitos-restaurant,the-outlet-village,Buffalitos Restaurant,,,https://theoutletvillage.ae/en/directory,active,1,
the-outlet-village-caffe-nero,the-outlet-village,Caffè Nero,,,https://theoutletvillage.ae/en/directory,active,2,
the-outlet-village-candy-hearts,the-outlet-village,Candy Hearts,,,https://theoutletvillage.ae/en/directory,active,3,
the-outlet-village-godiva,the-outlet-village,Godiva,,,https://theoutletvillage.ae/en/directory,active,4,
the-outlet-village-oakberry-acai,the-outlet-village,Oakberry Açaí,,,https://theoutletvillage.ae/en/directory,active,5,
the-outlet-village-operation-falafel,the-outlet-village,Operation Falafel,,,https://theoutletvillage.ae/en/directory,active,6,
the-outlet-village-project-pie-and-papa-murphys,the-outlet-village,Project Pie & Papa Murphy's,,,https://theoutletvillage.ae/en/directory,active,7,
the-outlet-village-salties-restaurant,the-outlet-village,Salties Restaurant,,,https://theoutletvillage.ae/en/directory,active,8,
the-outlet-village-starbucks,the-outlet-village,Starbucks,,,https://theoutletvillage.ae/en/directory,active,9,
the-outlet-village-urban-seafood,the-outlet-village,Urban Seafood,,,https://theoutletvillage.ae/en/directory,active,10,
al-khiran-hybrid-outlet-mall-arabica,al-khiran-hybrid-outlet-mall,% Arabica,,,https://arabica.coffee/en/location/arabica-kuwait/,active,1,
al-khiran-hybrid-outlet-mall-baskin-robbins,al-khiran-hybrid-outlet-mall,Baskin-Robbins,,,https://www.baskinrobbinsmea.com/en/kw/store-locator,active,2,
al-khiran-hybrid-outlet-mall-burger-king,al-khiran-hybrid-outlet-mall,Burger King,,,https://www.burgerking.com.kw/,active,3,
al-khiran-hybrid-outlet-mall-chilis,al-khiran-hybrid-outlet-mall,Chili's,,,https://www.chilis.com.kw/,active,4,
al-khiran-hybrid-outlet-mall-chocomelt,al-khiran-hybrid-outlet-mall,Chocomelt,,,https://chocomelt.net/,active,5,
al-khiran-hybrid-outlet-mall-cold-stone-creamery,al-khiran-hybrid-outlet-mall,Cold Stone Creamery,,,https://www.coldstonecreamery.com/stores/kuwait/,active,6,
al-khiran-hybrid-outlet-mall-five-guys,al-khiran-hybrid-outlet-mall,Five Guys,,,https://restaurants.fiveguys.com.kw/,active,7,
al-khiran-hybrid-outlet-mall-hardees,al-khiran-hybrid-outlet-mall,Hardee's,,,https://www.hardees.com.kw/,active,8,
al-khiran-hybrid-outlet-mall-jollibee,al-khiran-hybrid-outlet-mall,Jollibee,,,https://www.jollibee.com.kw/store-locator/,active,9,
al-khiran-hybrid-outlet-mall-joe-and-the-juice,al-khiran-hybrid-outlet-mall,Joe & The Juice,,,https://www.joejuice.com/stores,active,10,
al-khiran-hybrid-outlet-mall-kfc,al-khiran-hybrid-outlet-mall,KFC,,,https://www.kfc.com.kw/,active,11,
al-khiran-hybrid-outlet-mall-lavazza,al-khiran-hybrid-outlet-mall,Lavazza,,,https://www.lavazza.com/en/coffee-shops,active,12,
al-khiran-hybrid-outlet-mall-mado,al-khiran-hybrid-outlet-mall,MADO,,,https://mado.com.tr/,active,13,
al-khiran-hybrid-outlet-mall-papa-johns,al-khiran-hybrid-outlet-mall,Papa John's,,,https://www.papajohns.com.kw/,active,14,
al-khiran-hybrid-outlet-mall-pizza-hut,al-khiran-hybrid-outlet-mall,Pizza Hut,,,https://www.kuwait.pizzahut.me/,active,15,
al-khiran-hybrid-outlet-mall-pret-a-manger,al-khiran-hybrid-outlet-mall,Pret A Manger,,,https://www.pret.com/en-KW/find-a-pret,active,16,
al-khiran-hybrid-outlet-mall-starbucks,al-khiran-hybrid-outlet-mall,Starbucks,,,https://locations.starbucks.com.kw/directory/al-ahmadi/al-khiran-hybrid-outlet-mall,active,17,
al-khiran-hybrid-outlet-mall-subway,al-khiran-hybrid-outlet-mall,Subway,,,https://restaurants.subway.com/kuwait,active,18,
al-khiran-hybrid-outlet-mall-taco-bell,al-khiran-hybrid-outlet-mall,Taco Bell,,,https://www.tacobell.com.kw/,active,19,
al-khiran-hybrid-outlet-mall-tim-hortons,al-khiran-hybrid-outlet-mall,Tim Hortons,,,https://timhortonsgcc.com/locations/,active,20,
al-khiran-hybrid-outlet-mall-tobys-estate,al-khiran-hybrid-outlet-mall,Toby's Estate,,,https://www.tobysestate.com.kw/,active,21,
damanegi-yeoju,yeoju-premium-outlets,Damanegi,Specialized Restaurants,,,active,1,
asojeong-yeoju,yeoju-premium-outlets,Asojeong,Specialized Restaurants,,,active,2,
outback-steakhouse-yeoju,yeoju-premium-outlets,Outback Steakhouse,Specialized Restaurants,,,active,3,
yilyilhyang-yeoju,yeoju-premium-outlets,Yilyilhyang,Specialized Restaurants,,,active,4,
five-guys-burgers-yeoju,yeoju-premium-outlets,Five Guys Burgers,Specialized Restaurants,,,active,5,
gongcha-yeoju,yeoju-premium-outlets,Gongcha,Café&Snack,,,active,6,
loro-a-nook-yeoju,yeoju-premium-outlets,Loro a nook,Café&Snack,,,active,7,
bhc-pop-cafe-snack-yeoju,yeoju-premium-outlets,BHC POP,Café&Snack,,,active,8,
starbucks-1-yeoju,yeoju-premium-outlets,Starbucks,Café&Snack,,,active,9,
starbucks-2-yeoju,yeoju-premium-outlets,Starbucks,Café&Snack,,,active,10,
streetchurros-yeoju,yeoju-premium-outlets,Streetchurros,Café&Snack,,,active,11,
eggdrop-yeoju,yeoju-premium-outlets,EGGDROP,Café&Snack,,,active,12,
jackson-pizza-yeoju,yeoju-premium-outlets,Jackson Pizza,Café&Snack,,,active,13,
knotted-yeoju,yeoju-premium-outlets,Knotted,Café&Snack,,,active,14,
twitzel-yeoju,yeoju-premium-outlets,Twitzel,Café&Snack,,,active,15,
tin-tin-express-yeoju,yeoju-premium-outlets,TIN TIN Express,Taste Village,,,active,16,
bongwoori-soban-yeoju,yeoju-premium-outlets,Bongwoori Soban,Taste Village,,,active,17,
bhc-pop-taste-village-yeoju,yeoju-premium-outlets,BHC POP,Taste Village,,,active,18,
saboten-yeoju,yeoju-premium-outlets,Saboten,Taste Village,,,active,19,
solsot-yeoju,yeoju-premium-outlets,Solsot,Taste Village,,,active,20,
shima-sushi-yeoju,yeoju-premium-outlets,Shima Sushi,Taste Village,,,active,21,
onsen-tendon-yeoju,yeoju-premium-outlets,Onsen Tendon,Taste Village,,,active,22,
leegane-yeoju,yeoju-premium-outlets,LEEGANE,Taste Village,,,active,23,
taco-bell-yeoju,yeoju-premium-outlets,Taco Bell,Taste Village,,,active,24,
original-paldang-kaljebi-yeoju,yeoju-premium-outlets,The original Paldang kaljebi,Taste Village,,,active,25,
palseonsaeng-yeoju,yeoju-premium-outlets,Palseonsaeng,Taste Village,,,active,26,
pizzeriao-yeoju,yeoju-premium-outlets,Pizzeriao,Taste Village,,,active,27,
halff-coffee-yeoju,yeoju-premium-outlets,HALFF COFFEE,Taste Village,,,active,28,
hwanee-bansang-yeoju,yeoju-premium-outlets,Hwanee Bansang,Taste Village,,,active,29,
hwasunbanjeom-yeoju,yeoju-premium-outlets,Hwasunbanjeom,Taste Village,,,active,30,
restaurant-1242-paju,paju-premium-outlets,갓잇 타코,Food & Beverage,,,active,1,
restaurant-8077-paju,paju-premium-outlets,공차,Food & Beverage,,,active,2,
restaurant-1238-paju,paju-premium-outlets,그로어스,Food & Beverage,,,active,3,
restaurant-1185-paju,paju-premium-outlets,만포면옥,Food & Beverage,,,active,4,
restaurant-1317-paju,paju-premium-outlets,메가엠지씨커피,Food & Beverage,,,active,5,
restaurant-1279-paju,paju-premium-outlets,미지,Food & Beverage,,,active,6,
restaurant-1202-paju,paju-premium-outlets,보난자커피,Food & Beverage,,,active,7,
restaurant-1342-paju,paju-premium-outlets,봉계타,Food & Beverage,,,active,8,
restaurant-1284-paju,paju-premium-outlets,브릭커리,Food & Beverage,,,active,9,
restaurant-1318-paju,paju-premium-outlets,비와별닭갈비,Food & Beverage,,,active,10,
restaurant-1328-paju,paju-premium-outlets,사과떡볶이,Food & Beverage,,,active,11,
restaurant-1182-paju,paju-premium-outlets,사보텐,Food & Beverage,,,active,12,
restaurant-1252-paju,paju-premium-outlets,생어거스틴,Food & Beverage,,,active,13,
restaurant-1123-paju,paju-premium-outlets,솔솥,Food & Beverage,,,active,14,
restaurant-1296-paju,paju-premium-outlets,쉐이크쉑,Food & Beverage,,,active,15,
restaurant-1113-paju,paju-premium-outlets,스시마고,Food & Beverage,,,active,16,
b1-paju,paju-premium-outlets,스타벅스 B1,Food & Beverage,,,active,17,
l2-paju,paju-premium-outlets,스타벅스 L2,Food & Beverage,,,active,18,
p-paju,paju-premium-outlets,아메리칸트레일러(P),Food & Beverage,,,active,19,
restaurant-1221-paju,paju-premium-outlets,아우어베이커리,Food & Beverage,,,active,20,
restaurant-1064-paju,paju-premium-outlets,아웃백,Food & Beverage,,,active,21,
restaurant-1253-paju,paju-premium-outlets,안또이,Food & Beverage,,,active,22,
restaurant-1256-paju,paju-premium-outlets,어화선생,Food & Beverage,,,active,23,
restaurant-1224-paju,paju-premium-outlets,올드페리도넛,Food & Beverage,,,active,24,
restaurant-1223-paju,paju-premium-outlets,잭슨피자,Food & Beverage,,,active,25,
restaurant-1038-paju,paju-premium-outlets,카츄마마,Food & Beverage,,,active,26,
restaurant-1162-paju,paju-premium-outlets,한강로칼국수,Food & Beverage,,,active,27,
restaurant-1322-paju,paju-premium-outlets,효종갱,Food & Beverage,,,active,28,
tg-no-1-by-busan,busan-premium-outlets,TG No.1 by 팔선생,Food & Beverage,,,active,1,
restaurant-1487-busan,busan-premium-outlets,간코,Food & Beverage,,,active,2,
restaurant-8044-busan,busan-premium-outlets,공차,Food & Beverage,,,active,3,
restaurant-1471-busan,busan-premium-outlets,노티드,Food & Beverage,,,active,4,
restaurant-1481-busan,busan-premium-outlets,닭집애,Food & Beverage,,,active,5,
restaurant-1473-busan,busan-premium-outlets,더타코부스,Food & Beverage,,,active,6,
restaurant-1488-busan,busan-premium-outlets,뜸솥,Food & Beverage,,,active,7,
restaurant-8047-busan,busan-premium-outlets,명랑핫도그,Food & Beverage,,,active,8,
restaurant-1389-busan,busan-premium-outlets,보난자커피,Food & Beverage,,,active,9,
restaurant-1543-busan,busan-premium-outlets,부엌간,Food & Beverage,,,active,10,
restaurant-1556-busan,busan-premium-outlets,부엌간 차이니즈,Food & Beverage,,,active,11,
restaurant-1523-busan,busan-premium-outlets,블루보틀커피,Food & Beverage,,,active,12,
restaurant-1492-busan,busan-premium-outlets,소이연남,Food & Beverage,,,active,13,
restaurant-1515-busan,busan-premium-outlets,쉐이크쉑,Food & Beverage,,,active,14,
restaurant-3001-busan,busan-premium-outlets,스타벅스,Food & Beverage,,,active,15,
restaurant-1482-busan,busan-premium-outlets,써브웨이,Food & Beverage,,,active,16,
restaurant-1548-busan,busan-premium-outlets,애슐리퀸즈,Food & Beverage,,,active,17,
restaurant-3002-busan,busan-premium-outlets,앤티앤스,Food & Beverage,,,active,18,
restaurant-1558-busan,busan-premium-outlets,에키노마에,Food & Beverage,,,active,19,
restaurant-1407-busan,busan-premium-outlets,오복수산,Food & Beverage,,,active,20,
restaurant-1493-busan,busan-premium-outlets,온센,Food & Beverage,,,active,21,
restaurant-1491-busan,busan-premium-outlets,잠바주스,Food & Beverage,,,active,22,
restaurant-1538-busan,busan-premium-outlets,잣품은 그집 호두과자,Food & Beverage,,,active,23,
restaurant-1454-busan,busan-premium-outlets,잭슨후라이드치킨,Food & Beverage,,,active,24,
restaurant-1486-busan,busan-premium-outlets,청사포돼지국밥,Food & Beverage,,,active,25,
restaurant-1456-busan,busan-premium-outlets,캔디드마인즈,Food & Beverage,,,active,26,
restaurant-1472-busan,busan-premium-outlets,클랩피자,Food & Beverage,,,active,27,
restaurant-1483-busan,busan-premium-outlets,풍원장,Food & Beverage,,,active,28,
restaurant-1539-busan,busan-premium-outlets,필동함박,Food & Beverage,,,active,29,
restaurant-1490-busan,busan-premium-outlets,핏제리아오,Food & Beverage,,,active,30,
restaurant-1527-busan,busan-premium-outlets,한와담소반,Food & Beverage,,,active,31,
restaurant-1494-busan,busan-premium-outlets,홍미단,Food & Beverage,,,active,32,
umi-nasi-ayam-genting-highlands,genting-highlands-premium-outlets,Umi Nasi Ayam,Food Court,,,active,1,
the-grove-genting-highlands,genting-highlands-premium-outlets,The Grove,Food & Beverages,,http://thegrove.com.my/,active,2,
the-coffee-bean-tea-leaf-location-2-genting-highlands,genting-highlands-premium-outlets,The Coffee Bean & Tea Leaf (Location 2),Food & Beverages,,,active,3,
the-coffee-bean-tea-leaf-genting-highlands,genting-highlands-premium-outlets,The Coffee Bean & Tea Leaf,Food & Beverages,,https://www.coffeebean.com.my/,active,4,
the-chicken-rice-shop-genting-highlands,genting-highlands-premium-outlets,The Chicken Rice Shop,Food & Beverages,,https://www.thechickenriceshop.com/,active,5,
tealive-genting-highlands,genting-highlands-premium-outlets,Tealive,Food & Beverages,,,active,6,
starbucks-coffee-genting-highlands,genting-highlands-premium-outlets,Starbucks Coffee,Food & Beverages,,https://www.starbucks.com.my/,active,7,
peranakan-place-genting-highlands,genting-highlands-premium-outlets,Peranakan Place,Food & Beverages,,,active,8,
only-mee-genting-highlands,genting-highlands-premium-outlets,Only Mee,Food Court,,,active,9,
oldtown-white-coffee-genting-highlands,genting-highlands-premium-outlets,OLDTOWN White Coffee,Food & Beverages,,http://www.oldtown.com.my/,active,10,
new-rainbow-river-fish-restaurant-genting-highlands,genting-highlands-premium-outlets,New Rainbow River Fish Restaurant,Food & Beverages,,,active,11,
nasi-campur-lauk-lauk-genting-highlands,genting-highlands-premium-outlets,Nasi Campur & Lauk Lauk,Food Court,,,active,12,
marrybrown-genting-highlands,genting-highlands-premium-outlets,Marrybrown,Food Court,,https://marrybrown.com/,active,13,
madam-kwans-select-genting-highlands,genting-highlands-premium-outlets,Madam Kwan's Select,Food & Beverages,,,active,14,
krispy-kreme-doughnuts-genting-highlands,genting-highlands-premium-outlets,Krispy Kreme Doughnuts,Food & Beverages,,http://www.krispykreme.com.my/,active,15,
jr-curry-genting-highlands,genting-highlands-premium-outlets,JR Curry,Food Court,,,active,16,
ichiban-ramen-genting-highlands,genting-highlands-premium-outlets,Ichiban Ramen,Food & Beverages,,,active,17,
hot-plate-genting-highlands,genting-highlands-premium-outlets,Hot Plate,Food Court,,,active,18,
hot-cold-drinks-genting-highlands,genting-highlands-premium-outlets,Hot & Cold Drinks,Food Court,,,active,19,
golden-bites-genting-highlands,genting-highlands-premium-outlets,Golden Bites,Food & Beverages,,,active,20,
famous-amos-genting-highlands,genting-highlands-premium-outlets,Famous Amos,Food & Beverages,,,active,21,
easy-store-genting-highlands,genting-highlands-premium-outlets,Easy Store,Food Court,,,active,22,
dubuyo-genting-highlands,genting-highlands-premium-outlets,DubuYo,Food & Beverages,,https://www.dubuyo.com/,active,23,
dome-cafe-genting-highlands,genting-highlands-premium-outlets,DÔME Café,Food & Beverages,,https://www.domecafe.com.my/,active,24,
burger-king-genting-highlands,genting-highlands-premium-outlets,Burger King,Food & Beverages,,http://www.burgerking.com.my/,active,25,
boost-genting-highlands,genting-highlands-premium-outlets,BOOST,Food & Beverages,,,active,26,
baskin-robbins-genting-highlands,genting-highlands-premium-outlets,Baskin-Robbins,Food & Beverages,,https://www.baskinrobbins.com.my/content/baskinrobbins/en.html,active,27,
auntie-annes-genting-highlands,genting-highlands-premium-outlets,Auntie Anne's,Food & Beverages,,,active,28,
ali-muthu-ah-hock-kopitiam-genting-highlands,genting-highlands-premium-outlets,"Ali, Muthu & Ah Hock Kopitiam",Food & Beverages,,,active,29,
absolute-thai-highlands-genting-highlands,genting-highlands-premium-outlets,Absolute Thai Highlands,Food & Beverages,,,active,30,
