guideId,outletId,originType,mode,provider,line,boardingPoint,destination,estimatedDurationMin,estimatedDurationMax,estimatedFareMin,estimatedFareMax,currency,fareAccuracy,sourceNote,officialCheckNote,confidence,officialProviderUrl,operator,alightingPoint,suppressDerivedDurationFallback,transferPoints,displayDuration,walkNote,displayFare,checkedAt,sourceUrls,fareUnit
kansai-airport-to-rinku-premium-outlets-sky-shuttle,rinku-premium-outlets,airport,shuttle,Rinku Premium Outlets / Sky Shuttle,Sky Shuttle,"Kansai Airport Terminal 1, 1F, Bus Stop 12",Rinku Premium Outlets,15,15,300,300,JPY,exact,"Official Rinku Premium Outlets access information publishes the direct Sky Shuttle from Kansai Airport Terminal 1, 1F Bus Stop 12 to Rinku Premium Outlets, approximately 15 minutes, with a JPY 300 adult one-way fare and JPY 150 child fare.",Confirm the current Sky Shuttle timetable before travel.,exact,https://www.premiumoutlets.co.jp/en/rinku/access/access_bus.html,,,,,,,,,,
ibn-battuta-to-the-outlet-village-dpr1-bus,the-outlet-village,station,bus,Dubai RTA,DPR1,Ibn Battuta Metro Station Bus Stop,The Outlet Village,,,,,,,"Dubai Parks and Resorts publishes RTA Bus DPR1 from Ibn Battuta Metro Station to Dubai Parks and Resorts, with departures approximately every 75 minutes. The Outlet Village official information identifies direct bus access from Ibn Battuta.",Confirm the current DPR1 departure and return timetable with Dubai RTA before travel.,partial,https://www.dubaiparksandresorts.com/en/park-informations,Dubai RTA,Dubai Parks and Resorts,true,,,,,,,
shanghai-metro-to-shanghai-village,shanghai-village,station,metro,Shanghai Metro / Shanghai International Resort shuttle,Shanghai Metro Line 11 → Resort Shuttle Bus 1,"Disney Resort Station, Exit 4",Shanghai Village,,,,,,,"The official Shanghai government destination page supports Metro Line 11 to Disney Resort Station, Exit 4, followed by Resort Shuttle Bus 1 to Bicester Village station. It does not publish a shuttle fare, frequency, timetable, or numeric total journey time.",,partial,https://english.shanghai.gov.cn/en-ShoppingCenters/20231207/ce0ae172266e4411a9b7ab6f52d69e45.html,Shanghai Metro / Shanghai International Resort shuttle,Bicester Village station,true,"[""Disney Resort Station, Exit 4""]",,,,,,
central-shanghai-to-shanghai-village-taxi,shanghai-village,cityCenter,taxi,,,Central Shanghai,"Shanghai Village, 88 Shendi East Road",45,45,,,,,The official Shanghai government destination page publishes an approximately 45-minute drive from central Shanghai. Metered or app fare remains variable and no numeric fare is asserted.,,exact,https://english.shanghai.gov.cn/en-ShoppingCenters/20231207/ce0ae172266e4411a9b7ab6f52d69e45.html,,,true,,,,,,,
pvg-to-shanghai-village-taxi,shanghai-village,airport,taxi,,,Shanghai Pudong International Airport (PVG),"Shanghai Village, 88 Shendi East Road",20,20,,,,,The official Shanghai government destination page publishes an approximately 20-minute drive from Shanghai Pudong International Airport. Metered or app fare remains variable and no numeric fare is asserted.,,exact,https://english.shanghai.gov.cn/en-ShoppingCenters/20231207/ce0ae172266e4411a9b7ab6f52d69e45.html,,,true,,,,,,,
jr-gotemba-station-to-gotemba-premium-outlets-shuttle,gotemba-premium-outlets,shuttle,shuttle,Gotemba Premium Outlets,,JR Gotemba Station Otomeguchi Exit,Gotemba Premium Outlets,,,,,,,"Gotemba Premium Outlets publishes the complimentary shuttle between JR Gotemba Station and the outlet. The stored guide provides the approved boarding point, regular departure pattern, travel-time range and return stop guidance.",,exact,https://www.premiumoutlets.co.jp/en/gotemba/access/,,,,,10–20 min,,,,,
al-ghubaiba-to-dubai-outlet-mall-rta-bus-66,dubai-outlet-mall,station,bus,Dubai RTA,"66 toward Faqa, Terminus",Al Ghubaiba Bus Station,Dubai Outlet Mall,,,5,7.5,AED,estimated,"Dubai Outlet Mall's official bus schedule identifies Dubai Outlet Mall 01 near the easternmost entrance and says RTA public buses serve the mall from Al Ghubaiba Station. Current RTA timetable evidence for Bus 66 identifies the Al Ghubaiba Bus Station to Faqa, Terminus direction and includes Dubai Outlet Mall on that route, so Bus 66 is stored as the single primary instead of a multi-route choice. The AED 5–7.50 adult one-way estimate uses one payment product only: anonymous nol Silver Card ordinary e-purse fares for either two adjacent zones or more than two zones under the current RTA zone table. The precise zone count for the stored Al Ghubaiba-to-Dubai Outlet Mall 01 ride could not be conclusively verified from stable official route-zone data, so the Silver Card fare is estimated. Travel to Al Ghubaiba, nol card purchase cost, hotel shuttle, parking, taxi costs and final walking are excluded. Official mall information describes hourly public buses and instructs riders to confirm RTA timings; confirm weekday, Friday, Saturday, Sunday and last return Bus 66 service before shopping.","Confirm Bus 66 from Al Ghubaiba Bus Station toward Faqa, Terminus, Dubai Outlet Mall 01, return trips toward Al Ghubaiba, operating-day coverage, the current timetable and the applicable anonymous nol Silver Card zone fare with Dubai RTA before boarding.",partial,https://dubaioutletmall.com/bus-schedule/,Dubai Bus,Dubai Outlet Mall 01,true,,,The final signed pedestrian access from Dubai Outlet Mall 01 to the mall entrance is free and excluded from the fare.,,,,
prague-centre-to-fashion-arena-metro-shuttle,fashion-arena-prague-outlet,cityCenter,metro,PID,Metro A → Bus 238 toward Fashion Arena Štěrboholy,Můstek,Fashion Arena Prague Outlet,,,46,50,CZK,estimated,"Official PID routing supports Metro A from Můstek to Depo Hostivař and regular paid PID Bus 238, operated by Vega Tour s.r.o., toward and alighting at Fashion Arena Štěrboholy. The 2026 adult 90-minute fare is CZK 46 in the PID Lítačka app or CZK 50 on paper and covers both legs without double-counting; travel to Můstek and final walking are excluded.",Confirm Bus 238 toward Fashion Arena Štěrboholy and the current 90-minute adult PID app or paper fare before boarding.,exact,https://pid.cz/zastavkove-jizdni-rady/?cid=238&type=bus,Dopravní podnik hl. m. Prahy / Vega Tour s.r.o.,Fashion Arena Štěrboholy,true,"[""Depo Hostivař""]",,The final walk from the PID stop is free and excluded.,,,,
zagreb-centre-to-roses-designer-outlet-taxi,ros-designer-outlet,cityCenter,taxi,Licensed Zagreb taxi / private hire,,Ban Jelačić Square,"Roses Designer Outlet, Ulica Vrankovec 1, Sveti Križ Začretje",,,90,100,EUR,estimated,"The official outlet access page supports the approximately 55 km road route from Ban Jelačić Square via A2 Exit 4. Eko Taxi Zagreb's published tariff checked 2026-08-04 is EUR 2.90 start + EUR 1.40/km + EUR 0.22/min: 55 km and 45 minutes calculate to EUR 89.80, rounded up to the EUR 90 minimum. The EUR 100 maximum represents the same 55 km with 60 minutes (EUR 93.10) plus an allowance of up to EUR 6.90 for the A2 toll and calculation rounding. Because Eko requires fares outside the city area to be agreed in advance, this is an estimated tariff reference rather than a fixed quote. Demand, traffic-related time and waiting can increase the agreed or metered fare beyond the displayed range; night, weekend, booking and luggage supplements are not included, and free outlet parking is excluded.","Check the current Eko Taxi Zagreb tariff at https://www.ekotaxi.hr/cities/zagreb, obtain an out-of-city point-to-point quote, and confirm A2 toll treatment before departure.",partial,https://www.ekotaxi.hr/cities/zagreb,,,true,,,,,,,
budapest-kelenfold-to-premier-outlet-bus,premier-outlet-budapest,cityCenter,bus,BKK / MÁV Személyszállítási Zrt.,Metro M4 → regional bus 760 / 762 / 767,Kálvin tér,Premier Outlet Budapest,,,1000,1250,HUF,estimated,"Official BKK products provide a HUF 600 30-minute ticket or HUF 850 90-minute ticket for a transfer-valid city journey from Metro M4 at Kálvin tér to the applicable Budapest section of regional Bus 760, 762 or 767; the HUF 400 metropolitan-area ticket covers only the suburban section beyond the Budapest boundary to Biatorbágy, Premier Outlet. The HUF 1,000–1,250 range combines one applicable BKK time-based product with that suburban ticket without treating a HUF 500 single ticket as transferable or the HUF 400 ticket as the complete bus fare. Applicability and connection time determine the city product, so the full fare remains estimated. Travel to Kálvin tér and final walking are excluded.","Confirm in BKK and MÁV/Volán planners that the selected 760, 762 or 767 accepts the chosen BKK time-based product within Budapest, then buy the separate metropolitan-area ticket for the section outside Budapest.",exact,https://bkk.hu/en/tickets-and-passes/prices/90-minute-ticket/,BKK / MÁV-csoport,"Biatorbágy, Premier Outlet",true,"[""Budapest-Kelenföld""]",About 20 min for the Kelenföld–outlet bus segment,The final walk is free and excluded.,,,,
designer-outlet-athens-metro-bus,designer-outlet-athens,cityCenter,metro,OASA,Metro Line 3 → Bus 319,Syntagma,Designer Outlet Athens,,,1.2,2.4,EUR,estimated,Official outlet directions and OASA Telematics support STASY Metro Line 3 from Syntagma to Doukissis Plakentias followed by OSY Bus 319 to the real Εκπτωτικό Χωριό stop. One EUR 1.20 standard adult 90-minute ticket covers both modes when completed within validity; the EUR 2.40 upper endpoint allows a second standard ticket if required. Travel to Syntagma and free final pedestrian access are excluded.,Confirm Bus 319 service to Εκπτωτικό Χωριό in OASA Telematics and whether one 90-minute ticket remains valid for the complete journey.,exact,https://telematics.oasa.gr/,STASY / OSY,Εκπτωτικό Χωριό,true,"[""Doukissis Plakentias""]",,Final pedestrian access from the officially published Εκπτωτικό Χωριό stop is free and excluded.,,,,
bucharest-center-to-fashion-house-militari-car,fashion-house-outlet-centre-bucharest,cityCenter,taxi,Licensed Bucharest taxi / private hire,,Piața Unirii,"Fashion House Outlet Centre Militari, Strada Comerțului 7-13, Domnești",,,55,74,RON,estimated,"The official outlet address supports an approximately 21 km route from Piața Unirii to West Park Militari, with reasonable routing variation up to approximately 23 km. The current licensed-provider tariff range is RON 2.59–3.19/km: Speed Taxi publishes RON 2.89–3.19/km and Meridian Taxi publishes RON 2.59/km standard and RON 2.89/km Plus. The displayed daytime distance-based range is therefore RON 55 (21 × 2.59, rounded up) to RON 74 (23 × 3.19, rounded up). No motorway toll is expected or included. Waiting, traffic-related meter time, night charges, weekend variation, booking fees, luggage charges and other supplements may increase the actual fare beyond the displayed estimate; none is included in the upper endpoint, and free outlet parking is excluded.","Confirm the current Speed Taxi or Meridian Taxi per-kilometre tariff, route distance and supplements before departure.",partial,https://www.speedtaxi.ro/get/,,,true,,,,,,,
bucharest-centre-to-fashion-house-pallady-licensed-taxi,fashion-house-outlet-centre-pallady,cityCenter,taxi,Licensed Bucharest taxi / private hire,,Piața Unirii,"Fashion House Outlet Centre Pallady, A2 km 15, Cernica, Ilfov",,,70,96,RON,estimated,"The official outlet address supports an approximately 27 km route from Piața Unirii to A2 km 15, Cernica, with reasonable routing variation up to approximately 30 km. The current licensed-provider tariff range is RON 2.59–3.19/km: Speed Taxi publishes RON 2.89–3.19/km and Meridian Taxi publishes RON 2.59/km standard and RON 2.89/km Plus. The displayed daytime distance-based range is therefore RON 70 (27 × 2.59, rounded up) to RON 96 (30 × 3.19, rounded up). No motorway toll is expected or included. Waiting, traffic-related meter time, night charges, weekend variation, booking fees, luggage charges and other supplements may increase the actual fare beyond the displayed estimate; none is included in the upper endpoint, and free outlet parking is excluded.","Confirm the current Speed Taxi or Meridian Taxi per-kilometre tariff, A2 access, route distance and supplements before departure.",partial,https://www.speedtaxi.ro/get/,,,true,,,,,,,
copenhagen-to-ringsted-outlet-train-bus,ringsted-outlet,cityCenter,train,DSB / Rejseplanen,,København H,Ringsted Designer Outlet,,,100,150,DKK,estimated,"Official DSB, Rejseplanen and outlet directions support rail from København H to Ringsted Station followed by a Movia local bus. Because the official outlet lists several routes across service periods, no single line or fabricated outlet stop is stored; Rejseplanen must select the current documented itinerary. The DKK 100–150 adult one-way range covers the complete selected train-and-bus journey after København H without double-counting through-ticket validity; travel to København H and final walking are excluded.","Use Rejseplanen to confirm the current Movia line, direction, documented alighting stop, through-ticket validity and complete adult fare for Klosterparks Allé before boarding.",partial,https://www.rejseplanen.dk/,DSB / Movia,,true,"[""Ringsted Station""]",,The Rejseplanen-selected final stop and pedestrian access to Klosterparks Allé vary with the operating local service; the final walk is free and excluded from the fare.,,,,
tampere-to-ideapark-lempaala-outlet-bus,ideapark-lempaala-outlet,cityCenter,bus,Nysse,50 toward Lempäälä / Ideapark,"Koskipuisto, Tampere",Ideapark Lempäälä,,,4.7,5.5,EUR,estimated,"Official Nysse line, zone and fare information supports Koiviston Auto Tampere Oy Line 50 from Koskipuisto to Ideapark in Zone C, requiring ABC validity from central Tampere. The EUR 4.70–5.50 adult one-way range reflects the current applicable contactless/mobile and advance-ticket purchase products; it covers the bus after the stored Tampere origin and excludes upstream travel and final walking.","Confirm Line 50 toward Lempäälä / Ideapark, the Koskipuisto platform, ABC validity and the current adult purchase-method price in Nysse.",exact,https://www.nysse.fi/en/tickets-and-fares/single-ticket.html,Koiviston Auto Tampere Oy,Ideapark,true,,,Pedestrian access from the Ideapark stop to the selected entrance is free and excluded.,,,,
gothenburg-to-hede-fashion-outlet-train-walk,hede-fashion-outlet,cityCenter,train,Västtrafik,Commuter train toward Kungsbacka,Göteborg Central,Hede Fashion Outlet,,,111,111,SEK,exact,"Official Västtrafik route and single-ticket information supports the Västtågen commuter train from Göteborg Central toward Kungsbacka, Hede station, required ABC validity and the SEK 111 paying-adult single ticket. The fare covers only Göteborg Central–Hede; airport travel and the final walk are excluded.","Confirm the Kungsbacka direction, Hede stop and current ABC adult single-ticket price on the official Västtrafik ticket page before travel.",exact,https://www.vasttrafik.se/en/Tickets/single-tickets/,Västtågen,Hede station,true,,,The walk from Hede station to Hede Fashion Outlet is free and excluded from the fare.,,,,
oslo-to-norwegian-outlet-train-walk,norwegian-outlet,cityCenter,train,Ruter / Vy,R21 toward Moss,Oslo S,Oslo Fashion Outlet,,,120,160,NOK,estimated,"Official Ruter/Vy planning supports the R21 rail journey from Oslo S to Vestby station. No unidentified local bus or fabricated outlet stop is asserted. The NOK 120–160 adult range covers the paid Oslo S–Vestby rail journey with the required Ruter zones; it excludes travel to Oslo S, the free final walk and any optional licensed taxi. The outlet's direct free shuttle is seasonal, including 6 July–15 August 2026, so it remains secondary.","Confirm R21 operation, the required Ruter zones and adult fare, and assess the walk or separately priced licensed taxi from Vestby station before travel.",partial,https://ruter.no/en/journey-planner/,Vy,Vestby station,true,,,The last mile from Vestby station is a free pedestrian route; a licensed local taxi is an optional separately priced fallback and is not included in the rail fare.,,,,
tallinn-center-to-t1-outlet-tram,t1-tallinn-outlet,cityCenter,metro,Tallinn public transport,Tram 4 toward Suur-Paala,Viru / central Tallinn,T1 Tallinn,,,2,2,EUR,exact,"Official Tallinn transport information supports Tram 4 from central Tallinn toward its current Suur-Paala terminal and the Ülemiste jaam stop. The exact EUR 2 non-resident adult one-hour ticket covers the tram after the stored central origin; resident free-travel eligibility is not used, and final walking is excluded.","Confirm Tram 4 toward Suur-Paala, Ülemiste jaam and the current EUR 2 non-resident adult one-hour ticket in the official planner before boarding.",exact,https://transport.tallinn.ee/,Tallinna Linnatransport,Ülemiste jaam,true,,,The short walk from Ülemiste jaam to T1 is free and excluded.,,,,
riga-to-via-jurmala-outlet-village-bus,via-jurmala-outlet-village,cityCenter,bus,Rīgas satiksme,4 toward Piņķi,Abrenes iela,Via Jurmala Outlet Village,,,1.15,1.15,EUR,exact,Official Rīgas satiksme information supports a direct Bus 4 journey from Abrenes iela to the real Piņķi stop. The exact EUR 1.15 ordinary adult one-trip ticket covers that single bus without a transfer; the EUR 1.50 90-minute product is not required. Upstream travel and final walking are excluded.,"Confirm Bus 4 toward Piņķi, the Abrenes iela stand, Piņķi stop and the current one-trip adult ticket before boarding.",exact,https://www.rigassatiksme.lv/en/tickets-and-e-ticket/types-and-prices-of-tickets/ticket-for-a-certain-number-of-trips/,Rīgas satiksme,Piņķi,true,,,The pedestrian connection from the official Piņķi stop to Via Jurmala Outlet Village is free and excluded.,,,,
vilnius-center-to-outlet-park-vilnius-bus,outlet-park-vilnius,cityCenter,bus,JUDU,5 toward Žirmūnai,Žaliasis tiltas,Outlet Park / Ogmios Miestas,,,1.25,1.25,EUR,exact,"The official JUDU route and tariff information supports Bus 5 from Žaliasis tiltas toward Žirmūnai, the Verkių st. stop and the exact EUR 1.25 adult 60-minute/contactless fare. The fare covers the stored public-transport journey only; travel to Žaliasis tiltas and final walking are excluded.","Confirm Bus 5 toward Žirmūnai, Verkių st. service and the current adult 60-minute/contactless price in JUDU before travel.",exact,https://judu.lt/en/for-public-transport-passengers/ticket-types-and-prices/,Vilnius public transport,Verkių st.,true,,,The final walk from Verkių st. into the shopping area is free and excluded.,,,,
kildare-village-dublin-heuston-train-shuttle,kildare-village,cityCenter,train,Irish Rail / Kildare Village,Dublin Heuston–Kildare,Dublin Heuston,Kildare Village,35,35,10,20,EUR,estimated,"Official Kildare Village guidance supports the approximately 35-minute Irish Rail segment from Dublin Heuston to Kildare. The complimentary station shuttle is date- and announcement-dependent, not a guaranteed daily transfer. The EUR 10–20 adult one-way estimate covers only the variable Irish Rail fare after Dublin Heuston; travel to Heuston, any scheduled complimentary shuttle and final walking are excluded, while an optional licensed taxi is separately priced.","Confirm the Irish Rail departure and adult fare, check the official Village shuttle announcement for the travel date, and use the walking route or a licensed local taxi when no shuttle is scheduled.",partial,https://www.thebicestercollection.com/kildare-village/en/getting-here/train,Iarnród Éireann,Kildare Station,true,,35 min rail segment,"When officially scheduled, the station shuttle is complimentary; otherwise walking or a separately priced licensed local taxi is available. No shuttle or final-walk charge is included in the rail fare.",,,,
warsaw-centre-to-factory-ursus-train-walk,factory-ursus,cityCenter,train,Warszawski Transport Publiczny / Koleje Mazowieckie,S1 / regional rail toward Ursus,Warszawa Śródmieście,Factory Ursus,,,4.4,7,PLN,estimated,"The official Factory Ursus access information identifies the Ursus location, while official WTP and Koleje Mazowieckie journey information supports suburban rail from Warszawa Śródmieście to the Ursus-area stations. The estimated adult one-way PLN 4.40–7 range covers the valid Warsaw public-transport or regional-rail ticket from the stored central-Warsaw origin; it excludes the free final walk and does not add any journey taken before Warszawa Śródmieście.","Confirm the operator, destination station, zone validity and current adult fare in the official WTP or Koleje Mazowieckie planner before boarding.",partial,https://www.wtp.waw.pl/rozklady-jazdy/,SKM Warszawa / Koleje Mazowieckie,Warszawa Ursus Północny / Warszawa Ursus,true,,,The final walk from the selected Ursus station to Factory Ursus is free and excluded from the fare.,,,,
warsaw-centre-to-factory-annopol-metro-tram,factory-annopol,cityCenter,metro,Warszawski Transport Publiczny,M2 toward Bródno,Świętokrzyska,Factory Annopol,,,4.4,4.4,PLN,exact,"Factory Annopol's official information places the centre about 600 m from Bródno station and describes the M2 trip from central Warsaw. The exact adult one-way PLN 4.40 fare is the current Zone 1 WTP ticket and covers the journey from the stored central-Warsaw origin to Bródno, without double-counting metro, tram or bus validity; the final walk is free and excluded.",Confirm the M2 service and select a currently valid WTP adult ticket for the complete paid journey before travel.,exact,https://www.wtp.waw.pl/rozklady-jazdy/,Metro Warszawskie,Bródno,true,,,The approximately 600 m walk from Bródno to Factory Annopol is free and excluded from the fare; a separate tram or bus is not required by the stored primary route.,,,,
wroclaw-city-to-wroclaw-fashion-outlet-tram-bus,wroclaw-fashion-outlet,cityCenter,bus,Wrocław public transport,106 / 107 / 119 / 132 / 319,Wrocław city centre / Wrocław Główny,Wrocław Fashion Outlet,,,4.6,7,PLN,estimated,"The official outlet access information identifies Mińska (Rondo Rotm. Pileckiego) as the stop for lines 106, 107, 119, 132 and 319. The conservative adult one-way PLN 4.60–7 range covers the complete MPK urban-transit journey after the stored city-centre origin, including a valid transfer where the planner requires one; it excludes the free final pedestrian connection.","Use the official Wrocław planner to confirm the current city-centre boarding stop, the Mińska (Rondo Rotm. Pileckiego) service, direction, any transfer and adult ticket validity for the travel time.",partial,https://www.wroclaw.pl/komunikacja/rozklad-jazdy,MPK Wrocław,Mińska (Rondo Rotm. Pileckiego),true,,,The final pedestrian connection from the official outlet-area stop is free and excluded from the fare.,,,,
gdansk-wrzeszcz-to-designer-outlet-gdansk-bus,designer-outlet-gdansk,station,bus,ZTM Gdańsk,115 toward Jaworzniaków,Wrzeszcz PKP,Designer Outlet Gdańsk,,,4.8,4.8,PLN,exact,Designer Outlet Gdańsk's official directions list bus 115 from Wrzeszcz PKP and the Czermińskiego stop. The exact adult one-way PLN 4.80 standard single fare covers only that ZTM Gdańsk bus journey from the stored Wrzeszcz origin; upstream rail and the free final walk are excluded.,"Confirm the current Wrzeszcz PKP platform, Jaworzniaków direction, Czermińskiego stop and adult ticket price in the official ZTM timetable.",exact,https://ztm.gda.pl/rozklady/linia-115.html,Gdańskie Autobusy i Tramwaje,Czermińskiego,true,,,The final walk from Czermińskiego is free and excluded; upstream rail to Gdańsk Wrzeszcz is outside this journey.,,,,
katowice-to-designer-outlet-sosnowiec-bus,designer-outlet-sosnowiec,cityCenter,bus,ZTM GZM,A / E / J,Katowice city centre,Designer Outlet Sosnowiec,,,4.6,7,PLN,estimated,"The official outlet directions list ZTM GZM buses A, E and J and the Sosnowiec Jęzor Centrum Handlowe stop. The conservative adult one-way PLN 4.60–7 range covers the complete integrated regional bus journey from the stored Katowice origin, including a planner-required transfer without double-counting; the final walk is free and excluded.","Confirm which of A, E or J serves the selected Katowice stop, whether a transfer is required, and the applicable current adult time ticket in the official ZTM GZM planner.",partial,https://rj.metropoliaztm.pl/,,Sosnowiec Jęzor Centrum Handlowe,true,,,The final walk from Sosnowiec Jęzor Centrum Handlowe is free and excluded from the fare.,,,,
warsaw-wilanowska-to-designer-outlet-warszawa-bus,designer-outlet-warszawa,station,bus,Warszawski Transport Publiczny,709 / 727 toward Piaseczno,Metro Wilanowska,Designer Outlet Warszawa,,,7,7,PLN,exact,Designer Outlet Warszawa's official directions list buses 709 and 727 from Metro Wilanowska to Energetyczna. The exact adult one-way PLN 7 fare is the current Zone 1+2 90-minute WTP ticket and covers only the public-transport journey from the stored Wilanowska origin with the required zone validity; travel to Wilanowska and the free final walk are excluded.,"Confirm the current Metro Wilanowska boarding stand, Piaseczno direction, Energetyczna stop, zone validity and adult ticket price in the official WTP timetable.",exact,https://www.wtp.waw.pl/rozklady-jazdy/,,Energetyczna,true,,,The final walk from Energetyczna is free and excluded; travel used to reach Metro Wilanowska is outside this journey.,,,,
brussels-to-maasmechelen-train-bus,maasmechelen-village,cityCenter,train,NMBS/SNCB / De Lijn,Brussels → Genk,Brussels,Maasmechelen Village,,,15,30,EUR,estimated,The official Village page directs visitors to Genk by rail and then De Lijn Line 45 to Maasmechelen Village. The estimated total fare range conservatively combines a variable Brussels–Genk rail fare with the official local-bus fare component; check current NMBS/SNCB and De Lijn prices before travel.,,partial,https://www.thebicestercollection.com/maasmechelen-village/en/visit/getting-here,NMBS/SNCB / De Lijn,Genk,true,"[""45 → Maasmechelen Village""]",,,,,,
designer-outlet-luxembourg-train-bus,designer-outlet-luxembourg,cityCenter,train,CFL / SNCB / TEC,Luxembourg → Arlon,Luxembourg,Designer Outlet Luxembourg,,,8,15,EUR,estimated,"The official outlet directs visitors from Luxembourg to Arlon by train and then to the Messancy Outlet stop by TEC Lines 16 or 20. The estimated total range allows for the cross-border rail ticket and current TEC fare; check current CFL, SNCB and TEC prices before travel.",,exact,https://www.designeroutletluxembourg.com/en/directions,CFL / SNCB / TEC,Arlon,true,"[""16 / 20 → Messancy Outlet""]",,,,,,
salzburg-city-to-designer-outlet-salzburg-bus,designer-outlet-salzburg,cityCenter,bus,Salzburg Verkehr,2,Salzburg Hauptbahnhof,Designer Outlet Salzburg,,,3,5,EUR,estimated,The official outlet publishes Bus Line 2 from Salzburg Hauptbahnhof via Mirabellplatz to its DOC Himmelreich stop. The estimated fare range covers a current single local-bus ticket without treating an older fare as fixed; check Salzburg Verkehr prices before travel.,,exact,https://www.mcarthurglen.com/en/outlets/at/designer-outlet-salzburg/services/,Salzburg Verkehr,DOC Himmelreich,true,,,,,,,
foxtown-lugano-train,foxtown-factory-stores,cityCenter,train,SBB / TILO,Lugano → Mendrisio S. Martino,Lugano,FoxTown Factory Stores,,,8,15,CHF,estimated,Official Ticino tourism information publishes a direct station connection between Mendrisio S. Martino and FoxTown. The estimated CHF 8–15 range preserves the repository's verified pre-completion Lugano rail estimate; check the current SBB/TILO price before travel.,,partial,https://www.ticino.ch/en/commons/details/FoxTown-Factory-Stores/87292.html,SBB / TILO,Mendrisio S. Martino,true,,,Mendrisio S. Martino station is directly connected to the FoxTown extension.,,,,
landquart-zurich-train,landquart-fashion-outlet,cityCenter,train,SBB,Zürich HB → Landquart,Zürich HB,Landquart Fashion Outlet,,,20,45,CHF,estimated,The official outlet publishes direct station adjacency and approximately one rail hour from Zurich. The conservative fare range allows for current SBB ticket and reduction-card variation; check the journey price and do not present the rail indication as a verified door-to-door duration.,,exact,https://www.landquartfashionoutlet.ch/en/neue-parkplatzsituation-beim-landquart-fashion-outlet,SBB,Landquart,true,,,Landquart Fashion Outlet is directly next to Landquart railway station.,,,,
fashion-fish-zurich-train,fashion-fish-factory-outlet,cityCenter,train,SBB,Zürich HB → Schönenwerd,Zürich HB,FASHION FISH,,,15,35,CHF,estimated,The official FASHION FISH journey page places the outlet directly next to Schönenwerd station. The conservative fare range allows for current SBB ticket and reduction-card variation; check the Zürich HB journey price before travel.,,partial,https://www.fashionfish.ch/en/outlet/how-to-find-us,SBB,Schönenwerd,true,,,FASHION FISH is directly next to Schönenwerd station.,,,,
lisbon-to-freeport-lisboa-shuttle,freeport-lisboa-fashion-outlet,shuttle,shuttle,Freeport Outlet Shuttle,,Marquês de Pombal,Freeport Lisboa Fashion Outlet,,,14,20,EUR,estimated,The official outlet publishes a return shuttle sold through the Cityrama kiosk at Marquês de Pombal and on board. The estimated range starts at the repository's previously verified €14 return price and allows for a current-price change; check the official fare and return departure before travel.,,exact,https://www.freeportfashionoutlet.pt/en/news-next/shuttle-en,Cityrama,,true,,,,,,,
porto-to-vila-do-conde-fashion-outlet-metro,vila-do-conde-porto-fashion-outlet,cityCenter,metro,Metro do Porto,B,Trindade,Vila do Conde Porto Fashion Outlet,,,3,5,EUR,estimated,The official outlet publishes direct access from its VC Fashion Outlet–Modivas station on Metro do Porto Line B. The estimated range conservatively covers the required Andante journey from Trindade; check the current zone fare before travel.,,exact,https://www.viladocondefashionoutlet.pt/en/sustainable,Metro do Porto,VC Fashion Outlet–Modivas,true,,,The outlet has direct pedestrian access from the VC Fashion Outlet–Modivas station.,,,,
amsterdam-to-roermond-train,designer-outlet-roermond,cityCenter,train,NS,Amsterdam Centraal → Roermond,Amsterdam Centraal,Designer Outlet Roermond,,,25,35,EUR,estimated,The estimated EUR 25–35 range conservatively covers the variable NS rail ticket from Amsterdam Centraal to Roermond; the separate walk to the outlet is free. Check the current NS journey price before travel.,,exact,https://www.mcarthurglen.com/en/outlets/nl/designer-outlet-roermond/plan-your-visit/,NS,Roermond,true,,,Roermond station is approximately 15 minutes on foot from Designer Outlet Roermond.,,,,
rotterdam-to-roosendaal-train-bus,designer-outlet-roosendaal,cityCenter,train,NS / Bravo,Rotterdam Centraal → Roosendaal,Rotterdam Centraal,Designer Outlet Roosendaal,,,15,20,EUR,estimated,Current Bravo route information lists Line 161 between Roosendaal Station and Designer Outlet Roosendaal. The estimated EUR 15–20 total range conservatively covers the NS rail and Bravo bus components; check both current operator prices before travel.,,exact,https://bravo.info/dienstregeling-buslijnen-regio-roosendaal,NS / Bravo,Roosendaal,true,"[""161 → Designer Outlet Roosendaal""]",,,,,,
amsterdam-centraal-to-amsterdam-style-outlets-train-walk,amsterdam-the-style-outlets,cityCenter,train,NS,Amsterdam Centraal → Halfweg-Zwanenburg,Amsterdam Centraal,Amsterdam The Style Outlets,,,4,6,EUR,estimated,The official outlet publishes an approximately 10-minute train position from Amsterdam Centraal and a direct station connection. The estimated EUR 4–6 range conservatively covers the NS rail ticket; the final walk is free. Check the current NS journey price and do not present the rail indication as a verified door-to-door duration.,,exact,https://amsterdam.thestyleoutlets.nl/en/how-to-get-there,NS,Halfweg-Zwanenburg,true,,,Halfweg-Zwanenburg has a direct pedestrian connection to Amsterdam The Style Outlets.,,,,
amsterdam-to-batavia-stad-train-bus,batavia-stad-fashion-outlet,cityCenter,train,NS / RRReis,Amsterdam Centraal → Lelystad Centrum,Amsterdam Centraal,Batavia Stad Fashion Outlet,,,15,20,EUR,estimated,The estimated EUR 15–20 total range conservatively covers the NS connection to Lelystad Centrum and RRReis Line 13 to Batavia Stad; check both current operator prices before travel.,,partial,https://www.rrreis.nl/lelystad,NS / RRReis,Lelystad Centrum,true,"[""13 → Batavia Stad""]",,,,,,
cardiff-to-bridgend-designer-outlet-public-transport,bridgend-designer-outlet,cityCenter,train,Transport for Wales,Cardiff Central → Bridgend,Cardiff Central,McArthurGlen Designer Outlet Bridgend,,,10,25,GBP,estimated,"The estimated GBP 10–25 adult one-way total covers the Transport for Wales standard-class train from Cardiff Central to Bridgend plus the separate local bus toward Sainsbury’s. It allows for advance, off-peak, anytime, booking and local-bus ticket variation, avoids assuming an integrated through ticket, and excludes Railcards, premium fares and the free final walk from Sainsbury’s; check both current journey prices before travel. No total duration is published.",,partial,https://www.mcarthurglen.com/en/outlets/uk/designer-outlet-bridgend/plan-your-visit/,Transport for Wales,Bridgend,true,"[""Bridgend → Sainsbury's""]",,Sainsbury's is less than five minutes on foot from the outlet.,,,,
gretna-to-caledonia-park-public-transport,caledonia-park,station,walking,,,Gretna Green,Caledonia Park,,,,,,,The official centre page describes Gretna Green station as a short walk from Caledonia Park; no exact walking duration is published.,,exact,https://caledoniapark.com/getting-here/,,,true,,,,,,,
street-to-clarks-village-car,clarks-village,taxiUber,taxi,,,Street,Clarks Village,,,5,10,GBP,estimated,"The estimated GBP 5–10 total covers only a licensed local taxi from the stored Street origin to Clarks Village on a normal daytime journey. It conservatively allows for the local minimum charge or short distance; traffic, waiting, luggage, night, weekend and booking conditions can change the fare. Travel to Street is excluded; confirm the current total when booking.",,partial,https://www.clarksvillage.co.uk/en/plan-my-visit/getting-here,,,true,,,,,,,
durham-to-dalton-park-public-transport,dalton-park,cityCenter,bus,Go North East,65,Durham,Dalton Park,,,3,6,GBP,estimated,"The official outlet lists Go North East service 65 between Durham and Dalton Park. The estimated adult one-way range covers that bus only, excludes travel to Durham and the final walk, and does not treat a temporary fare cap as a permanent exact fare; check the current operator fare before travel.",,exact,https://www.dalton-park.co.uk/getting-here/,Go North East,Dalton Park,true,,,,,,,
nottingham-to-east-midlands-designer-outlet-car,east-midlands-designer-outlet,taxiUber,taxi,,,Nottingham,Frasers Plus Designer Outlet East Midlands,,,40,70,GBP,estimated,"The estimated GBP 40–70 total covers only a licensed taxi or verified private-hire journey from the stored Nottingham origin to Frasers Plus Designer Outlet East Midlands under normal daytime conditions. It is conservatively derived from the documented Nottingham-to-outlet road distance and local licensed-taxi tariff basis; free outlet parking is excluded. Traffic, waiting, luggage, minimum charge, night, weekend and booking conditions can change the fare; confirm the current quote before travel.",,partial,https://fraserspluseastmidlands.com/,,,true,,,,,,,
blackpool-to-fleetwood-outlet-public-transport,fleetwood-outlet,cityCenter,bus,Blackpool Transport,1,Blackpool,Fleetwood Outlet,,,3,6,GBP,estimated,"The official outlet publishes Blackpool Transport service 1 from Blackpool to Affinity Lancashire. The estimated adult one-way range allows for current single-ticket and payment-method variation, excludes tram, rail, taxi and final walking alternatives, and is not a day-ticket price; check the current operator fare before travel.",,exact,https://www.fleetwoodoutlet.com/,Blackpool Transport,Affinity Lancashire,true,,,,,,,
edinburgh-glasgow-to-livingston-designer-outlet-public-transport,livingston-designer-outlet,cityCenter,bus,Lothian Country,X27 / X28,Edinburgh,Livingston Designer Outlet,,,3,6,GBP,estimated,"Livingston Designer Outlet publishes a bus terminal directly in front of the centre and regular Edinburgh services. The estimated adult one-way range covers Lothian Country X27 or X28 from the stored Edinburgh origin to Livingston Bus Terminal, excludes any Glasgow-origin travel and the final walk, and should be checked against the current operator fare.",,partial,https://www.lothianbuses.com/our-services/lothian-country/,Lothian Country,Livingston Bus Terminal,true,,,,,,,
spalding-to-springfields-outlet-public-transport,springfields-outlet,cityCenter,bus,Stagecoach,37,Spalding,Springfields Designer Outlet & Leisure,,,2,5,GBP,estimated,"The official Springfields page lists Stagecoach service 37 from Spalding. The estimated GBP 2–5 adult one-way range covers only that bus from the stored Spalding origin, excludes upstream rail, taxi, parking and final walking access, and does not treat a temporary fare cap as permanent exact pricing; check the current Stagecoach fare and timetable before travel.",,exact,https://springfieldsoutlet.co.uk/,Stagecoach,Springfields,true,,,,,,,
banbridge-to-the-boulevard-banbridge-public-transport,the-boulevard-banbridge,cityCenter,bus,Translink,330C,Banbridge Town Centre,The Boulevard Banbridge,,,3,7,GBP,estimated,"The official centre page publishes Translink service 330C from Banbridge Town Centre to Banbridge Outlet Park. The estimated GBP 3–7 adult one-way range covers only that stored journey, excludes Belfast, Dublin, airport and other upstream travel, parking and final pedestrian access, and does not treat any cap or promotion as permanent exact pricing; check the current Translink fare and timetable before travel.",,exact,https://the-boulevard.co.uk/,Translink,"Banbridge, Outlet Park (The Boulevard)",true,,,,,,,
hatfield-to-the-galleria-outlet-public-transport,the-galleria-outlet,station,walking,,,Hatfield Station,The Galleria Outlet Shopping Centre,25,25,,,,,,,exact,https://thegalleria.co.uk/pages/about,,,,,,,,,,
braintree-village-train-guide,braintree-village,station,walking,,,Braintree Freeport,Braintree Village,,,,,,,Greater Anglia identifies Braintree Freeport station as adjacent to Braintree Village; no exact walking duration is required.,,exact,https://www.greateranglia.co.uk/travel-information/station-information/btp,,,true,,,,,,,
affinity-sterling-mills-bus-guide,affinity-sterling-mills,cityCenter,bus,,,Stirling Bus Station,Affinity Sterling Mills,,,5,10,GBP,estimated,"The official outlet publishes regular bus connections toward Tillicoultry and identifies Stirling Bus Station as the nearest major bus station. The conservative operator-dependent GBP 5–10 adult one-way range covers only a currently verified bus connection from the stored Stirling Bus Station origin toward Tillicoultry and the outlet; it excludes ScotRail, Alloa and all upstream travel. Confirm the current operator, route, stop and fare before travel.",,partial,https://www.sterlingmills.com/find-us,,,true,,,,,,,
london-marylebone-to-bicester-train,bicester-village,cityCenter,train,Chiltern Railways,London Marylebone → Bicester Village,London Marylebone,Bicester Village,,,15,45,GBP,estimated,"The official Village page publishes the direct Chiltern Railways journey from London Marylebone to Bicester Village station. The conservative adult standard-class one-way range allows for advance, off-peak, anytime and booking-date variation; it excludes London or Heathrow connections, coach travel, Railcards, premium travel and the free final walk. Check the current Chiltern fare before travel.",,exact,https://www.thebicestercollection.com/bicester-village/en/getting-here/train/,Chiltern Railways,Bicester Village,true,,,,,,,
liverpool-to-cheshire-oaks-train-bus,cheshire-oaks,cityCenter,bus,Stagecoach,1 / X1,Liverpool,Cheshire Oaks Designer Outlet,,,3,6,GBP,estimated,Official Stagecoach services 1 and X1 connect Liverpool and Cheshire Oaks. The estimated adult one-way range allows for service and payment-method variation and covers only the documented bus from the stored Liverpool origin; no rail component or final walk is charged. Check the current Stagecoach fare before travel.,,exact,https://www.stagecoachbus.com/promos-and-offers/merseyside-and-south-lancashire/stagecoach-service-1---x1,Stagecoach,Cheshire Oaks,true,,,,,,,
london-to-ashford-designer-outlet-train,ashford-designer-outlet,cityCenter,train,Southeastern,London St Pancras International → Ashford International,London St Pancras International,Ashford Designer Outlet,,,20,50,GBP,estimated,"The official outlet publishes the Southeastern high-speed segment from London St Pancras International to Ashford International and a separate free final walk. The conservative adult standard-class one-way range allows for advance, off-peak, anytime and booking-date variation; it excludes other London terminals, Railcards, premium travel and the walk. Check the current Southeastern fare before travel.",,exact,https://www.mcarthurglen.com/en/outlets/uk/designer-outlet-ashford/plan-your-visit/,Southeastern,Ashford International,true,,,Ashford International is less than five minutes on foot from the outlet.,,,,
york-to-york-designer-outlet-public-transport,york-designer-outlet,cityCenter,bus,First York,7,York Railway Station,York Designer Outlet,,,3,5,GBP,estimated,"First York service 7 links York Railway Station with Designer Outlet Park & Ride. The estimated adult one-way range covers only Service 7 from the stored York origin, excludes rail travel to York, parking and final pedestrian access, and does not treat a temporary cap as an exact permanent fare. Check the current First York fare before travel.",,exact,https://www.firstbus.co.uk/york/routes-and-maps/york-park-ride/designer-outlet-park-ride,First York,Designer Outlet Park & Ride,true,,,,,,,
gloucester-to-gloucester-quays-public-transport,gloucester-quays,cityCenter,walking,,,Gloucester,Gloucester Quays,10,10,,,,,,,exact,https://gloucesterquays.co.uk/about-us/getting-here/,,,,,,,,,,
portsmouth-to-gunwharf-quays-public-transport,gunwharf-quays,cityCenter,walking,,,Portsmouth,Gunwharf Quays,,,,,,,Portsmouth Harbour and The Hard Interchange are the closest public transport connections for Gunwharf Quays; follow current signed pedestrian access.,,partial,https://www.gunwharf-quays.com/en/plan-my-visit/getting-here,,,true,,,,,,,
london-to-icon-outlet-at-the-o2-public-transport,icon-outlet-at-the-o2,cityCenter,metro,TfL,Jubilee → North Greenwich,,Outlet Shopping at The O2,20,20,3,7,GBP,estimated,"The current official O2 page publishes approximately 20 minutes from Central London to North Greenwich on the Jubilee line. The estimated GBP 3–7 adult one-way range covers TfL travel from the generic stored London city-centre origin to North Greenwich and allows for starting station, zone, peak, off-peak and payment-method variation; it excludes the free final walk to The O2, Uber Boat, taxi, airport and parking costs.",,exact,https://www.theo2.co.uk/visit-us/tube,London Underground,North Greenwich,,,,,,,,
london-to-london-designer-outlet-public-transport,london-designer-outlet,cityCenter,train,Chiltern Railways,London Marylebone → Wembley Stadium,London Marylebone,London Designer Outlet,,,4,10,GBP,estimated,"The official outlet publishes the Chiltern Railways segment from London Marylebone to Wembley Stadium; final pedestrian access is separate. The estimated GBP 4–10 adult standard-class one-way range allows for advance, walk-up, off-peak, anytime and purchase-condition variation and excludes Tube, bus, taxi, airport, parking, Railcards, premium fares and the free final walk.",,exact,https://www.londondesigneroutlet.com/getting-here/,Chiltern Railways,Wembley Stadium,true,,,,,,,
swindon-to-swindon-designer-outlet-public-transport,swindon-designer-outlet,cityCenter,walking,,,Swindon,Frasers Plus Designer Outlet Swindon,15,15,,,,,,,exact,https://designeroutletswindon.com/plan-my-visit/,,,,,,,,,,
birmingham-to-west-midlands-designer-outlet-public-transport,west-midlands-designer-outlet,cityCenter,bus,National Express West Midlands,X51,Birmingham,Designer Outlet West Midlands,,,3,6,GBP,estimated,"The official outlet publishes the National Express West Midlands X51 connection from Birmingham to Designer Outlet West Midlands. The estimated GBP 3–6 adult one-way range covers only that stored bus journey, excludes train, taxi, private transfer, parking and final pedestrian access, and does not treat a fare cap as permanent exact pricing; check the current operator fare and timetable.",,exact,https://prod-designer.mcarthurglen.com/en/outlets/uk/designer-outlet-west-midlands/plan-your-visit/,National Express West Midlands,Designer Outlet West Midlands,true,,,,,,,
doncaster-to-lakeside-village-public-transport,lakeside-village,cityCenter,bus,First South Yorkshire,372,Doncaster Interchange,Lakeside Village Outlet Shopping,,,2,5,GBP,estimated,"Current First South Yorkshire service 372 links Doncaster Interchange and Lakeside Village. The estimated GBP 2–5 adult one-way range covers only that bus from the stored Doncaster origin, excludes upstream rail, free customer parking and final pedestrian access, and does not treat a temporary fare cap as permanent exact pricing; check the current operator fare and timetable.",,exact,https://www.firstbus.co.uk/south-yorkshire/plan-journey/timetables?day=mf&service=371%2F372%2F373,First South Yorkshire,Lakeside Village,true,,,,,,,
leeds-to-junction-32-outlet-public-transport,junction-32-outlet,cityCenter,bus,Arriva Yorkshire / West Yorkshire Metro,141,Leeds City Bus Station,Frasers Plus Designer Outlet Leeds,,,3,6,GBP,estimated,"Current West Yorkshire Metro service 141 links Leeds City Bus Station and Junction 32 Outlet Village. The estimated adult one-way range covers that Arriva Yorkshire bus only, rather than a day pass; it excludes rail travel to Leeds and the final walk, and does not treat a temporary cap as a permanent exact fare. Check the current operator fare before travel.",,exact,https://wymetro.com/buses/bus-timetables/timetable/?ServiceNumber=141,Arriva Yorkshire,Junction 32 Outlet Village,true,,,,,,,
cologne-city-center-to-city-outlet-bad-munstereifel,city-outlet-bad-munstereifel,cityCenter,train,DB / VRS,RB24 → Euskirchen → S23,Köln Hbf,City Outlet Bad Münstereifel,,,10,20,EUR,estimated,The estimated EUR 10–20 total range covers the integrated DB/VRS rail journey from Köln Hbf via RB24 and S23 to Bad Münstereifel without double-counting the Euskirchen connection; the final walk is free. Check the current through-ticket fare before travel.,,exact,https://www.cityoutletbadmuenstereifel.com/en/plan-a-visit/approach/,DB / VRS,Bad Münstereifel,true,,,Bad Münstereifel station is approximately 150 metres from the pedestrian shopping zone.,,,,
berlin-city-center-to-designer-outlet-berlin,designer-outlet-berlin,shuttle,shuttle,Designer Outlet Berlin Shuttle,,Kurfürstendamm 225 / Hard Rock Café,Designer Outlet Berlin,30,30,,,,,Free direct shuttle on Fridays and Saturdays; event services may also be published.,,exact,https://www.designeroutletberlin.com/anfahrt/shuttle-bus,,,,,,,,,,
hamburg-city-center-to-designer-outlet-neumunster,designer-outlet-neumunster,cityCenter,train,DB / NAH.SH / Stadtwerke Neumünster,Hamburg Hbf → Neumünster Bahnhof → 7 / 77,Hamburg Hbf,Designer Outlet Neumünster,,,12,25,EUR,estimated,The estimated EUR 12–25 total range combines the Hamburg–Neumünster DB/NAH.SH rail component with the Stadtwerke Neumünster Bus 7/77 component. Check both current fares before travel.,,partial,https://inte-outlets.mcarthurglen.com/en/outlets/de/designer-outlet-neumuenster/plan-your-visit/by-public-transport/,DB / NAH.SH / Stadtwerke Neumünster,Designer Outlet Neumünster,true,,,,,,,
hannover-city-center-to-designer-outlets-wolfsburg,designer-outlets-wolfsburg,cityCenter,train,Deutsche Bahn,Hannover Hbf → Wolfsburg Hbf,Hannover Hbf,Designer Outlets Wolfsburg,,,15,30,EUR,estimated,The estimated EUR 15–30 range covers the variable Deutsche Bahn fare from Hannover Hbf to Wolfsburg Hbf; the two-minute final walk is free. Check the current DB journey price before travel.,,partial,https://www.designeroutlets-wolfsburg.de/en/getting-there/,Deutsche Bahn,Wolfsburg Hbf,true,,,Designer Outlets Wolfsburg is approximately two minutes on foot from Wolfsburg Hbf.,,,,
munich-city-center-to-ingolstadt-village-train-bus,ingolstadt-village,cityCenter,train,DB / VGI,München Hbf → Ingolstadt Hbf → 22,München Hbf,Ingolstadt Village,,,20,35,EUR,estimated,The estimated EUR 20–35 total range combines the variable DB rail fare from München Hbf to Ingolstadt Hbf with the VGI Line 22 bus fare to Ingolstadt Village. Check both current operator prices before travel; the amount is not the bus-only fare.,,exact,https://www.thebicestercollection.com/ingolstadt-village/en/getting-here/train/,DB / VGI,Ingolstadt Village,true,,,,,,,
frankfurt-city-center-to-montabaur-the-style-outlets,montabaur-the-style-outlets,cityCenter,train,Deutsche Bahn,Frankfurt (Main) Hbf → Montabaur ICE,Frankfurt (Main) Hbf,Outlet Montabaur,,,18,35,EUR,estimated,The estimated EUR 18–35 range allows for advance and flexible DB/ICE ticket variation from Frankfurt (Main) Hbf to Montabaur ICE; the final walk is free. Check the current DB journey price before travel.,,partial,https://www.montabaur.de/leben/einkaufen-in-montabaur/ice-park-montabaur/,Deutsche Bahn,Montabaur ICE,true,,,Outlet Montabaur is located in the ICE-Park directly beside Montabaur ICE.,,,,
stuttgart-city-center-to-outletcity-metzingen,outletcity-metzingen,cityCenter,train,DB / bwegt,RE6 / MEX12 / MEX18,Stuttgart Hbf,Outletcity Metzingen,,,10,15,EUR,estimated,The estimated EUR 10–15 range covers the regional rail journey from Stuttgart Hbf to Metzingen (Württ) on RE6/MEX12/MEX18; the final walk is free. Check the current DB/bwegt fare before travel; the separate shopping-shuttle price is not included.,,exact,https://www.outletcity.com/en/metzingen/getting-there/train-station-metzingen/,DB / bwegt,Metzingen (Württ),true,,,Outletcity is a few minutes on foot from Metzingen (Württ).,,,,
frankfurt-city-center-to-wertheim-village,wertheim-village,shuttle,shuttle,Wertheim Village Shopping Express,,Frankfurt,Wertheim Village,,,20,35,EUR,estimated,The current Shopping Express fare could not be reverified as an exact official amount. The conservative estimated EUR 20–35 return range covers the recommended direct Frankfurt–Wertheim Village Shopping Express round trip; check the current official fare and booking terms before travel and do not rely on expired promotions.,,exact,https://www.thebicestercollection.com/wertheim-village/en/services/shopping-express/,,,true,,,,,,,
saarbrucken-city-center-to-zweibrucken-fashion-outlet,zweibrucken-fashion-outlet,cityCenter,train,DB / VRN / Stadtbus Zweibrücken,Saarbrücken Hbf → Zweibrücken → Stadtbus,Saarbrücken Hbf,Zweibrücken Fashion Outlet,,,8,15,EUR,estimated,"The estimated EUR 8–15 total range combines the regional rail journey from Saarbrücken to Zweibrücken with the current official city-bus connection to the outlet, allowing for DB/VRN/SaarVV fare coverage. Check current rail and bus prices before travel; the amount is not the local-bus-only fare.",,partial,https://www.viaoutlets.com/portfolio/zweibrucken-fashion-outlet,DB / VRN / Stadtbus Zweibrücken,Zweibrücken Fashion Outlet,true,,,,,,,
halle-leipzig-style-outlets-saturday-shuttle,halle-leipzig-the-style-outlets,shuttle,shuttle,Halle Leipzig Free Shuttle,,Leipzig Hbf – Bussteig O / Halle (Saale) Hbf – Bussteig 5,Halle Leipzig The Style Outlets,,,,,,,Free Saturday service from Leipzig and Halle; reservation required.,,exact,https://halle.leipzig.thestyleoutlets.de/en/services/free-shuttle-bus-service,,,true,,,,,,,
muenster-to-designer-outlet-ochtrup-train-walk,designer-outlet-ochtrup,cityCenter,train,Deutsche Bahn,Münster Hbf → Ochtrup Bahnhof,Münster Hbf,Designer Outlet Ochtrup,,,8,15,EUR,estimated,The estimated EUR 8–15 range covers the regional rail fare from Münster Hbf to Ochtrup Bahnhof; the official 20-minute final walk is free. Check the current Deutsche Bahn fare before travel; no paid local transfer is included.,,exact,https://prod-www.mcarthurglen.com/en/outlets/de/designer-outlet-ochtrup/plan-your-visit-/arrival/by-public-transport/,Deutsche Bahn,Ochtrup Bahnhof,true,,,The official outlet page publishes a 20-minute walk from Ochtrup Bahnhof.,,,,
madrid-moncloa-to-las-rozas-bus,las-rozas-village,cityCenter,bus,CRTM,625 / 628 / 629,Intercambiador de Moncloa,Las Rozas Village,30,30,2,5,EUR,estimated,"The estimated EUR 2–5 fare covers one CRTM interurban bus journey from Moncloa to Las Rozas Village on Line 625, 628 or 629. It excludes the free final access and outlet parking; check the current zone fare before travel.",,exact,https://www.thebicestercollection.com/las-rozas-village/en/visit/getting-here,CRTM,Las Rozas Village,,,,,,,,
malaga-centro-to-designer-outlet-train,designer-outlet-malaga,cityCenter,train,Renfe Cercanías,C1,Málaga Centro-Alameda,Designer Outlet Málaga,12,12,2,4,EUR,estimated,The estimated EUR 2–4 fare covers one Renfe Cercanías C1 journey from Málaga Centro-Alameda or Málaga-María Zambrano to Plaza Mayor. It is a city-centre estimate rather than the airport one-stop fare and excludes the free final pedestrian access; check the current Renfe fare.,,exact,https://www.mcarthurglen.com/en/outlets/es/designer-outlet-malaga/plan-your-visit/,Renfe Cercanías,Plaza Mayor,,,,,,,,
barcelona-to-viladecans-style-outlets-train,viladecans-the-style-outlets,cityCenter,train,Rodalies de Catalunya / Renfe,R2 / R2 Sud,Barcelona Sants,Viladecans The Style Outlets,,,3,6,EUR,estimated,The estimated EUR 3–6 fare covers one Rodalies journey from the stored Barcelona city-centre origin via Barcelona Sants to Viladecans. The final walk of less than 100 metres is free and excluded; check the current Rodalies fare and applicable zone before travel.,,exact,https://www.viladecans.cat/en/viladecans-style-outlets,Rodalies de Catalunya / Renfe,Viladecans,true,,,Viladecans is approximately five minutes on foot from the centre.,,,,
barcelona-to-la-roca-village-shopping-express,la-roca-village,shuttle,shuttle,Shopping Express / Catalunya Bus Turístic,,Estació del Nord,La Roca Village,40,40,20,30,EUR,estimated,The current coach price could not be reverified as an exact official fare. The conservative estimated EUR 20–30 return range covers the recommended direct Shopping Express coach round trip from Barcelona Estació del Nord to La Roca Village; check the current official booking price and do not rely on expired promotions.,,exact,https://www.thebicestercollection.com/la-roca-village/en/getting-here/shopping-express-vueling,,,,,,,,,,
palma-to-mallorca-fashion-outlet-train,mallorca-fashion-outlet,cityCenter,train,TIB / SFM,T1 / T2 / T3,Palma Estació Intermodal,Mallorca Fashion Outlet,,,2,4,EUR,estimated,"The estimated EUR 2–4 fare covers one TIB/SFM rail journey from Palma Estació Intermodal to Es Caülls on T1, T2 or T3. The final pedestrian connection is free and excluded; check the current zonal fare before travel.",,exact,https://www.tib.org/en/linies-i-horaris/tren,TIB / SFM,Es Caülls,true,,,,,,,
seville-to-sevilla-fashion-outlet-car-parking,sevilla-fashion-outlet,cityCenter,taxi,,,Sevilla,Sevilla Fashion Outlet,15,15,20,30,EUR,estimated,"The conservative range is derived from the route distance and applicable regulated taxi tariff. The estimated EUR 20–30 range covers a licensed taxi or private transfer from the stored Seville city-centre origin to Sevilla Fashion Outlet under normal daytime conditions. It excludes free outlet parking; traffic, supplements, luggage, night, weekend or booking charges may change the final fare. The discontinued outlet bus is not included.",,exact,https://www.sevillafashionoutlet.com/en/visit-sevilla,,,,,,,,,,
getafe-style-outlets-car-parking-guide,getafe-the-style-outlets,taxiUber,taxi,,,Madrid / Getafe,Getafe The Style Outlets,,,30,45,EUR,estimated,"The conservative range is derived from the route distance and applicable regulated taxi tariff. The estimated EUR 30–45 range covers a licensed taxi or private transfer from the stored Madrid city-centre origin to Getafe The Style Outlets under normal daytime conditions, not a short local Getafe trip. It excludes outlet parking; traffic, supplements, luggage, night, weekend or booking charges may change the final fare.",,partial,https://getafe.thestyleoutlets.es/en/how-to-get-there,,,true,,,,,,,
san-sebastian-reyes-style-outlets-car-parking-guide,san-sebastian-de-los-reyes-the-style-outlets,taxiUber,taxi,,,Madrid / San Sebastián de los Reyes,San Sebastián de los Reyes The Style Outlets,,,30,45,EUR,estimated,"The conservative range is derived from the route distance and applicable regulated taxi tariff. The estimated EUR 30–45 range covers a licensed taxi or private transfer from the stored Madrid city-centre origin to San Sebastián de los Reyes The Style Outlets under normal daytime conditions, not a short local trip. It excludes outlet parking; traffic, supplements, luggage, night, weekend or booking charges may change the final fare.",,partial,https://ss-de-los-reyes.thestyleoutlets.es/en/how-to-get-there,,,true,,,,,,,
a-coruna-airport-to-coruna-style-outlets-ground-transport,coruna-the-style-outlets,airport,taxi,,,A Coruña (LCG),Coruña The Style Outlets,,,7,12,EUR,estimated,"The conservative range is derived from the documented short airport-origin route and applicable regulated taxi tariff. The estimated EUR 7–12 range covers the short licensed taxi journey from the stored A Coruña Airport (LCG) origin to Coruña The Style Outlets under normal daytime conditions, rather than a city-centre journey. It excludes free outlet parking; traffic, airport or other supplements, luggage, night, weekend or booking charges may change the final fare.",,partial,https://coruna.thestyleoutlets.es/en/how-to-get-there,,,true,,,,,,,
sambil-madrid-metro-guide,sambil-madrid,cityCenter,metro,Metro de Madrid / CRTM,11,Plaza Elíptica,Sambil Madrid,,,2,5,EUR,estimated,"The estimated EUR 2–5 fare covers the CRTM/Metro journey from the stored Madrid city-centre origin to La Fortuna on Metro Line 11, including the documented B1 fare-zone requirement. The final walk to Sambil Madrid is free and excluded; check the current ticket and zone rules before travel.",,exact,https://www.leganes.org/equipamientos-comerciales,Metro de Madrid / CRTM,La Fortuna,true,,,,,,,
vienna-to-parndorf-train-bus,designer-outlet-parndorf,cityCenter,train,ÖBB,Wien Hauptbahnhof → Parndorf Ort,Wien Hauptbahnhof,Designer Outlet Parndorf,,,5,20,EUR,estimated,The official outlet and ÖBB publish rail access to Parndorf Ort followed by the official train-station bus to Designer Outlet Parndorf. The estimated EUR 5–20 range preserves the repository's verified pre-completion rail-and-bus estimate; check both current fares and timetables before travel.,,exact,https://www.mcarthurglen.com/en/outlets/at/designer-outlet-parndorf/plan-your-visit/,ÖBB,Parndorf Ort,true,"[""Parndorf Ort station bus → Designer Outlet Parndorf""]",,,,,,
paris-to-la-vallee-rer-a,la-vallee-village,cityCenter,train,RATP / SNCF,RER A,Central Paris RER A station,La Vallée Village,45,60,3,5,EUR,estimated,"The official outlet publishes the RER A route to Val d'Europe. The estimated EUR 3–5 range conservatively allows for the current Île-de-France rail ticket from central Paris; check the current RATP, Île-de-France Mobilités or SNCF price before travel.","Confirm live RER A service with RATP, Île-de-France Mobilités, or SNCF.",exact,https://www.thebicestercollection.com/la-vallee-village/en/getting-here/rer-train/,RATP / SNCF,Val d'Europe / Serris-Montévrain,,,,Walk through Val d'Europe shopping centre to La Vallée Village.,,,,
cdg-to-la-vallee-tgv-rer,la-vallee-village,airport,train,SNCF / RATP,TGV / RER A,Paris Charles de Gaulle Airport Terminal 2 SNCF/TGV station,La Vallée Village,25,45,5,25,EUR,estimated,,Confirm SNCF/TGV and RER A times before buying tickets.,exact,,SNCF / RATP,Val d'Europe / Serris-Montévrain,,"[""Marne-la-Vallée Chessy""]",,Walk through Val d'Europe shopping centre to La Vallée Village.,,,,
paris-to-la-vallee-shopping-express,la-vallee-village,shuttle,shuttle,Shopping Express,,Hotel Pullman Paris Bercy,La Vallée Village,45,60,25,30,EUR,estimated,,Reservation is required; confirm departure and return times on the official booking page.,exact,,,,,,,,,,,
marseille-to-provence-train-bus,designer-outlet-provence,cityCenter,train,SNCF TER / Premium BAM,TER → Miramas FS → Premium BAM,Marseille Saint-Charles,Designer Outlet Provence,,,13,20,EUR,estimated,The estimated EUR 13–20 total range preserves the repository's verified pre-completion Marseille–Miramas rail and local-transfer estimate and allows for current SNCF TER and Premium BAM pricing; check both operator prices before travel.,,exact,https://www.mcarthurglen.com/en/outlets/fr/designer-outlet-provence/plan-your-visit/,SNCF TER / Premium BAM,,true,,,,,,,
troyes-station-to-designer-outlet-troyes-bus,designer-outlet-troyes,cityCenter,bus,TCAT,1,Gare Voltaire,Designer Outlet Troyes,20,20,2,3,EUR,estimated,The estimated EUR 2–3 range conservatively covers the current TCAT Line 1 local-bus ticket from Gare Voltaire to Magasins; check the current TCAT price before travel.,,exact,https://www.mcarthurglen.com/en/outlets/fr/designer-outlet-troyes/services/,TCAT,Magasins,,,,,,,,
la-verpilliere-to-the-village-outlet-walk,the-village-outlet,cityCenter,walking,,,La Verpillière,The Village Outlet,12,12,,,,,The official outlet publishes the 12-minute walking route from La Verpillière. The walking route itself is free; any separate rail journey to La Verpillière is not included.,,exact,https://thevillageoutlet.com/page/acces,,,,,,,,,,
lille-to-roubaix-designer-outlet-public-transport,roubaix-designer-outlet,cityCenter,metro,Ilévia,M2,Gare Lille Flandres,Roubaix Designer Outlet,,,2,3,EUR,estimated,The estimated EUR 2–3 range conservatively covers a current Ilévia M2 ticket from Gare Lille Flandres to Roubaix Eurotéléport; check the current Ilévia price before travel.,,exact,https://www.mcarthurglen.com/en/outlets/fr/designer-outlet-roubaix/plan-your-visit/,Ilévia,Roubaix Eurotéléport,true,,,Roubaix Eurotéléport is approximately one minute on foot from the outlet.,,,,
strasbourg-to-roppenheim-official-shuttle,roppenheim-the-style-outlets,shuttle,shuttle,Roppenheim Strasbourg Shuttle,,Strasbourg – 3 Boulevard de Metz,Roppenheim The Style Outlets,,,,,,,Daily service from Strasbourg FS; reservation required. The official shuttle is free when reserved.,,exact,https://roppenheim.thestyleoutlets.fr/en/services/strasbourg-shuttle,,,true,,,,,,,
paris-to-paris-giverny-designer-outlet-shuttle,paris-giverny-designer-outlet,shuttle,shuttle,McArthurGlen Paris-Giverny Shuttle,,Pullman Paris Tour Eiffel,Designer Outlet Paris-Giverny,,,30,45,EUR,estimated,Direct service operates Friday through Sunday. The estimated EUR 30–45 range conservatively covers the current return shuttle without restoring an older promotional price; check the current official booking price and terms.,,exact,https://www.mcarthurglen.com/en/outlets/fr/designer-outlet-paris-giverny/whats-on/shuttle-bus/,,,true,,,,,,,
paris-montparnasse-to-one-nation-paris-train-bus,one-nation-paris,cityCenter,train,Transilien / Île-de-France Mobilités,N → Villepreux-les-Clayes → 5101,Paris Montparnasse,One Nation Paris,,,3,6,EUR,estimated,Bus 5101 serves One Nation Paris Outlet as its first stop from Villepreux-les-Clayes; a published 10-minute walk is the alternative. The estimated EUR 3–6 total range conservatively covers the Line N and bus journey; check the current Île-de-France Mobilités price before travel.,,exact,https://www.onenation.fr/en/outlet-mall-access/,Transilien / Île-de-France Mobilités,One Nation Paris Outlet,true,,,,,,,
serravalle-milan-official-shuttle,serravalle-designer-outlet,shuttle,shuttle,Zani Viaggi / Frigerio Viaggi,,Milano Centrale / Largo Cairoli,Serravalle Designer Outlet,60,90,25,35,EUR,estimated,"The estimated EUR 25–35 adult return range covers only the recommended official partner shuttles from Milan operated by Zani Viaggi or Frigerio Viaggi. Zani pricing starts from the repository-supported €25 return value; partner and selected departure prices can differ, so check the official booking conditions.",Book the official partner shuttle and confirm the return departure on your ticket.,exact,https://www.mcarthurglen.com/en/outlets/it/designer-outlet-serravalle/plan-your-visit/,,,,,,,,,,
serravalle-train-bus,serravalle-designer-outlet,cityCenter,train,Trenitalia,Outlet Link,,Serravalle Designer Outlet,90,120,2,25,EUR,estimated,,Confirm the combined Trenitalia train and Outlet Link bus timetable.,partial,,,,,"[""Arquata Scrivia / Serravalle Scrivia / Novi Ligure""]",,,,,,
barberino-florence-smn-shuttle,barberino,shuttle,shuttle,Barberino Outlet shuttle service,,Firenze Santa Maria Novella – Sightseeing Visitor Center,Barberino Outlet,,,13,20,EUR,estimated,"The estimated EUR 13–20 return range covers only the official Florence SMN–Barberino shuttle. The current exact fare could not be independently reverified, so check the official ticket price and conditions before travel; Bologna, taxi, fuel and toll costs are excluded.",Check the official seasonal shuttle times before travel.,exact,https://www.barberinooutlet.com/en/news-and-events/shuttle-bus-service-florence-station-barberino-outlet/,,,,,,,,,,
castel-romano-termini-shuttle,castel-romano,shuttle,shuttle,,,"Via Giolitti 48, Roma Termini",Castel Romano Designer Outlet,,,18,18,EUR,exact,"The official route-fact provenance supports the €18 adult round-trip fare for the Via Giolitti 48, Roma Termini shuttle. Child concessions are supplementary and do not make the adult route free; check current official ticket conditions.",Check current departure and return times on the official page.,exact,https://www.mcarthurglen.com/en/outlets/it/designer-outlet-castel-romano/services/shuttle-bus-service/,,,,,,,,,,
castel-romano-eur-fermi-shuttle,castel-romano,shuttle,shuttle,,,EUR Fermi Underground Station,Castel Romano Designer Outlet,,,13,13,EUR,exact,Adult round trip €13; the published under-25 offer is free.,Check current conditions and times on the official page.,exact,https://www.mcarthurglen.com/en/outlets/it/designer-outlet-castel-romano/services/shuttle-bus-service/,,,,,,,,,,
fidenza-milan-shopping-express,fidenza-village,shuttle,shuttle,Fidenza Village Shopping Express,Fidenza Village Shopping Express,"Piazza della Repubblica 5, Via Turati corner, Milan",Fidenza Village,90,90,10,10,EUR,exact,The official route-fact provenance supports the €10 paying-adult Shopping Express fare from Milan. Children ages 5–11 are €5 and ages 0–4 travel free as supplementary conditions; arrive at least 15 minutes before departure and confirm the current adult fare when booking.,Confirm current times and fares when booking.,exact,https://www.thebicestercollection.com/fidenza-village/en/getting-here/shopping-express/,,,,,,,,,,
la-reggia-naples-public-transport,la-reggia,cityCenter,train,Trenitalia / AIR Campania,La Reggia Designer Outlet Link / AIR Campania 08-UC,Napoli Centrale,La Reggia Designer Outlet,,,5,8,EUR,estimated,The estimated EUR 5–8 one-way total covers the Napoli Centrale–Caserta regional train and the La Reggia Outlet Link bus without double-counting a combined Trenitalia ticket. Existing authoritative provenance records the bus supplement as €1.30 each way; check the current through-ticket or component prices before travel.,Check current train and Outlet Link times before travel.,exact,https://www.trenitalia.com/en/connections/la-reggia-designer-outlet-link.html,Trenitalia / AIR Campania,,true,"[""Caserta railway station""]",,,,,,
noventa-venice-atvo-direct-bus,noventa,cityCenter,bus,ATVO,,Venezia Piazzale Roma,Noventa di Piave Designer Outlet,,,9.2,9.2,EUR,exact,The official route-fact provenance supports the €9.20 adult return ticket from Venezia Piazzale Roma. Children under 6 travelling free is supplementary and does not replace the paying-adult fare; check current booking conditions.,Check current times and booking conditions on the official page.,exact,https://www.mcarthurglen.com/en/outlets/it/designer-outlet-noventa-di-piave/services/bus-connection/,ATVO,,,,,,,,,
noventa-mestre-atvo-direct-bus,noventa,cityCenter,bus,ATVO,,Mestre FS,Noventa di Piave Designer Outlet,,,9.2,9.2,EUR,exact,"Daily service via Venezia Piazzale Roma, Venice Marco Polo Airport, and San Donà di Piave; return fare €9.20 and children under 6 travel free.",Check current times and booking conditions on the official page.,exact,https://www.mcarthurglen.com/en/outlets/it/designer-outlet-noventa-di-piave/services/bus-connection/,ATVO,,,,,,,,,
noventa-marco-polo-airport-atvo,noventa,airport,bus,ATVO,,Venezia Marco Polo (VCE),Noventa di Piave Designer Outlet,,,9.2,9.2,EUR,exact,"Daily service via Venezia Piazzale Roma, Mestre Bus Terminal / Railway Station, and San Donà di Piave; return fare €9.20 and children under 6 travel free.",Check current times and booking conditions on the official page.,exact,https://www.mcarthurglen.com/en/outlets/it/designer-outlet-noventa-di-piave/services/bus-connection/,ATVO,,,,,,,,,
the-mall-firenze-florence-direct-bus,the-mall-firenze,cityCenter,bus,Busitalia,The Mall by Bus,"Piazzale Montelungo, Firenze",The Mall Firenze,,,18,18,EUR,exact,"The primary paying-adult fare is the official €18 same-day return ticket; the official adult one-way fare is €9.50. Reduced fares are €5 one way and €9 return for children under 12, while children under 4 travel free with a paying adult; concessions are supplementary and do not make the primary route free.",Check current outward and return times on the official Busitalia page.,exact,https://www.fsbusitalia.it/eng/tourism/outlet-the-mall---florence-direct-bus.html,Busitalia,,,,,,,,,
scalo-milano-shuttle-guide,scalo-milano-outlet-more,shuttle,shuttle,Scalo Milano Shuttle Bus,,Piazza della Repubblica 5 / Via Lorenzini 30 / Via Ripamonti 426,Scalo Milano Outlet & More,,,5,10,EUR,estimated,"The estimated EUR 5–10 paying-adult return fare covers only the current official Scalo Milano shuttle from the three stored Milan stops. It excludes expired promotional free bookings, discount campaigns and other transport modes; verify the current official booking total.",Check the official booking page for current times and terms.,exact,https://www.scalomilano.it/en/reach-us/,,,true,,,,,,,
scalo-milano-train-bus-guide,scalo-milano-outlet-more,cityCenter,train,,Passante Ferroviario S13,Milano S13,Scalo Milano Outlet & More,,,,,,,"The official page also lists ATM 220, Line 94, and Line 155 bus connections.",Check current train and bus times and fares before travel.,exact,https://www.scalomilano.it/en/reach-us/,,Locate Triulzi,true,,,Locate Triulzi station is a short walk from Gate 1.,,,,
torino-outlet-village-public-transport-guide,torino-outlet-village,cityCenter,train,GTT / SFM,"Tram 4 / SFM 1, 2, 4, 6, 7 → Torino Stura → GTT SE1 / SE2",Torino / Torino Lingotto / Torino Porta Susa / Torino Rebaudengo,Torino Outlet Village,,,3,6,EUR,estimated,"The estimated EUR 3–6 adult one-way total covers the documented local Tram 4 or SFM journey to Torino Stura and GTT SE1 or SE2 to Nervi from the stored Turin city-centre origin. It avoids double-counting integrated local transport, excludes high-speed Trenitalia or Italo intercity fares, and does not charge for the final walk.",Check current GTT and SFM times before travel.,exact,https://www.torinooutletvillage.com/en/find-us,GTT / SFM,Nervi,true,,,,,,,
valdichiana-village-arezzo-train-bus,valdichiana-village,cityCenter,bus,Tiemme,LS5,Arezzo Terminal Tiemme,Valdichiana Designer Village,50,50,3,6,EUR,estimated,The estimated EUR 3–6 one-way fare covers only Tiemme Line LS5 from Arezzo Terminal Tiemme to Valdichiana Designer Village. The walk from Arezzo station to the terminal and any upstream Trenitalia journey are excluded; check the current Tiemme fare.,Check the current LS5 timetable before travel.,exact,https://www.valdichianadesignervillage.com/en/directions,Tiemme,,,,,,,,,
brescia-station-to-franciacorta-designer-village-bus,franciacorta-designer-village,cityCenter,bus,Arriva / SIA,LS029,Brescia SIA,Franciacorta Designer Village,25,25,3,5,EUR,estimated,The estimated EUR 3–5 one-way fare covers only the SIA/Arriva Line LS029 bus from the Brescia station bus area to Franciacorta Designer Village. Upstream rail and walking sections are excluded; check the current operator fare.,Check the current LS029 timetable before travel.,exact,https://www.franciacortadesignervillage.com/en/directions,Arriva / SIA,,,,,,,,,
mantova-station-to-mantova-village-bus,mantova-village,cityCenter,bus,APAM,31A,Viale Piave 4A,Mantova Village,30,30,3,5,EUR,estimated,The estimated EUR 3–5 one-way fare covers only APAM Line 31A from Viale Piave 4A to Mantova Village. The official segments remain a free published 10-minute walk from Mantova FS followed by a published 20-minute bus ride; upstream rail is excluded.,Check the current APAM 31A timetable before travel.,exact,https://www.mantovavillage.it/en/contact-and-information,APAM,,,,,,,,,
milan-to-vicolungo-style-outlets-shuttle,vicolungo-the-style-outlets,shuttle,shuttle,Vicolungo Shuttle Service,,Milano Centrale – Piazza IV Novembre,Vicolungo The Style Outlets,,,20,30,EUR,estimated,"The estimated EUR 20–30 paying-adult return fare covers only the recommended shuttle from Milano Centrale, Piazza IV Novembre, to Vicolungo The Style Outlets. Temporary promotions and discount codes, as well as train, taxi, private-transfer and car costs, are excluded; check the current official booking total.","Check current operating dates, fares, and booking terms.",exact,https://vicolungo.thestyleoutlets.it/en/tourism/services/shuttle-service,,,true,,,,,,,
castel-san-pietro-to-castel-guelfo-style-outlets-last-mile,castel-guelfo-the-style-outlets,shuttle,shuttle,Castel Guelfo Shuttle,Castel San Pietro Terme FS → TPER Martiri Partigiani → Castel Guelfo,Castel San Pietro Terme FS,Castel Guelfo The Style Outlets,5,5,,,,,The official free shuttle covers only Castel San Pietro Terme FS to Castel Guelfo The Style Outlets and operates Monday through Sunday; upstream rail to the stored station origin is excluded.,Check current shuttle times before travel.,exact,https://castel-guelfo.thestyleoutlets.it/en/tourism/services/shuttle-service,,,,"[""TPER Martiri Partigiani""]",,,,,,
puglia-village-bari-shuttle-guide,puglia-village,shuttle,shuttle,Puglia Village Shuttle,,Bari Centrale – Piazza Aldo Moro / Corso Vittorio Emanuele II – Via Melo / Porto di Bari,Puglia Village,,,,,,,The official free shuttle covers only the selected Bari pickup point to Puglia Village and operates Friday through Sunday and holidays; local travel to the pickup point is excluded.,Check current shuttle times before travel.,exact,https://www.pugliavillage.it/en/news-and-events/free-shuttle-from-bari-r1ttraifbe,,,true,,,,,,,
sicilia-outlet-village-bus-shuttle-guide,sicilia-outlet-village,shuttle,shuttle,Interbus / SAIS Autolinee / Sicilia Outlet Village Shuttle,,Palermo / Messina / Catania / Cefalù,Sicilia Outlet Village,,,10,30,EUR,estimated,"The estimated EUR 10–30 adult one-way fare covers only the selected official Interbus, SAIS Autolinee or dedicated outlet route from the stored Palermo, Messina, Catania or Cefalù departure locations. The final price varies by selected departure location and operator; taxi and private-car costs are excluded.",Check the selected official route and current terms.,partial,https://www.siciliaoutletvillage.com/en/find-us,,,true,,,,,,,
valmontone-outlet-train-shuttle-guide,valmontone-outlet,cityCenter,train,Valmontone Outlet / Trenitalia,Valmontone Outlet Link,Valmontone FS,Valmontone Outlet,,,1.5,1.5,EUR,exact,The €1.50 paying-passenger fare covers only the official shuttle from the stored Valmontone FS origin to Valmontone Outlet; upstream Trenitalia rail is excluded. The shuttle operates Wednesday through Sunday and holidays; a combined train and shuttle ticket is available through Trenitalia.,Check current shuttle and train times before travel.,exact,https://www.valmontoneoutlet.com/en/news-events/valmontone-outlet-link-for-even-more-convenient-shopping/,Valmontone Outlet / Trenitalia,,true,,,,,,,
cervignano-station-to-palmanova-designer-village-local-transfer,palmanova-designer-village,cityCenter,taxi,,,Cervignano-Aquileia-Grado,Palmanova Designer Village,13,13,25,40,EUR,estimated,"The estimated EUR 25–40 normal-daytime licensed taxi/verified transfer fare covers the documented approximately 12 km route from the stored Cervignano-Aquileia-Grado station origin to Palmanova Designer Village. It excludes the upstream train fare; traffic, supplements, luggage, night, weekend and booking conditions can change the total, so confirm with the licensed provider.",,exact,https://www.palmanovadesignervillage.com/en/directions,,,,,,,,,,
mondovicino-outlet-village-train-bus-guide,mondovicino-outlet-village,cityCenter,bus,Mondovì Circolare Urbana,,Mondovì FS,Mondovicino Outlet Village,,,2,3,EUR,estimated,The estimated EUR 2–3 adult one-way fare covers only the urban circular bus from the stored Mondovì FS origin to Mondovicino Outlet Village. Upstream rail to Mondovì and any pedestrian connection are excluded; the official outlet page links current weekday and holiday timetables.,,exact,https://mondovicino.it/en/come-visit/,Mondovì Circolare Urbana,,true,,,,,,,
brugnato-5terre-outlet-village-shuttle-guide,brugnato-5terre-outlet-village,shuttle,shuttle,Brugnato 5Terre Shuttle,,Genova / Rapallo / Chiavari / Sestri Levante / Livorno / Pisa / Versilia,Brugnato 5Terre Outlet Village,,,5,5,EUR,exact,"Official departure areas include Genova, Rapallo, Chiavari, Sestri Levante, Livorno, Pisa, Viareggio, Lido di Camaiore, Marina di Pietrasanta, Forte dei Marmi, Marina di Massa, and Marina di Carrara; €5 per person, cash at departure, reservation required.",,partial,https://www.brugnato5terreoutletvillage.it/it/page/28/bus-navetta,,,true,,,,,,,
cilento-outlet-village-train-guide,cilento-outlet-village,cityCenter,taxi,,,Battipaglia FS,Cilento Outlet,,,25,40,EUR,estimated,"The estimated EUR 25–40 normal-daytime licensed taxi or verified pickup fare covers only the documented approximately 10 km route from the exact stored Battipaglia FS origin to Cilento Outlet. Upstream rail and the outlet's free parking are excluded; traffic, supplements, luggage, night, weekend and booking conditions can change the total.",,partial,https://www.cilentooutlet.com/how-to-reach-us/?lang=en,,,true,,,,,,,
santangelo-outlet-village-train-guide,santangelo-outlet-village,cityCenter,taxi,,,Pescara Centrale,Santangelo Outlet Village,15,15,20,35,EUR,estimated,"The estimated EUR 20–35 normal-daytime licensed taxi or verified transfer fare covers only the official outlet's supported 15-minute route from the exact stored Pescara Centrale origin to Santangelo Outlet Village. Upstream rail and free parking are excluded; traffic, supplements, luggage, night, weekend and booking conditions can change the total.",,partial,https://santangeloutlet.com/en/how-to-get-there/,,,,,,,,,,
santangelo-outlet-village-bus-guide,santangelo-outlet-village,cityCenter,bus,TUA Abruzzo,Pescara ↔ Città Sant’Angelo,Pescara,Santangelo Outlet Village,,,,,,,The official outlet page links the TUA Abruzzo Pescara–Città Sant’Angelo timetable without publishing an exact outlet stop or total duration.,,partial,https://santangeloutlet.com/en/how-to-get-there/,TUA Abruzzo,,true,,,,,,,
saw-to-viaport-asia-licensed-taxi,viaport-asia-outlet-shopping,airport,taxi,Licensed Istanbul taxi,,Sabiha Gökçen International Airport arrivals taxi rank,"Viaport Asia Outlet Shopping, Yenişehir Mahallesi, Dedepaşa Caddesi No:19, Pendik",,,312,408,TRY,estimated,"Official Sabiha Gökçen ground-transport information supports licensed taxis at the airport, and Viaport publishes the destination address at Yenişehir Mahallesi, Dedepaşa Caddesi No:19, Pendik plus approximately 10-minute airport proximity. The official İBB / UKOME / Toplu Ulaşım Hizmetleri yellow taxi tariff is effective 20.07.2026 under the 17.07.2026, Decision No. 813 tariff document: opening fee TRY 71.94, distance tariff TRY 47.92/km, waiting/time tariff TRY 598.90/hour, minimum fare TRY 230 and conversion speed 12.50 km/hour. The estimated TRY 312–408 range uses the retained 5.0–7.0 km local Pendik road-distance range: 71.94 + 47.92 × 5.0 km = TRY 311.54, displayed as TRY 312, through 71.94 + 47.92 × 7.0 km = TRY 407.38, displayed as TRY 408. The minimum fare does not bind because both calculated endpoints exceed TRY 230; no airport flat fare or toll is expected for this local Pendik route. Traffic or low-speed meter time may increase the actual fare; waiting is not included in the numeric range. Booking, luggage and other supplements are not included, and travel before the arrivals taxi rank, parking and final walking are excluded.","Confirm the licensed airport taxi rank, active taximeter or licensed app quote, current İBB/TUHİM taxi tariff effective 20.07.2026 and Viaport address before travel.",partial,https://www.sabihagokcen.aero/kisisellestirilmis-giris-sayfasi/gelis/havalimanimizda/seyahatinizi-planlayin,,,true,,,,,,,
istanbul-to-viaport-asia-iett,viaport-asia-outlet-shopping,cityCenter,bus,İETT,134 toward Dedepaşa Bulvarı / Viaport corridor,Kartal,Viaport Asia Outlet Shopping,,,,,,,"Official İETT route information classifies 134 as KADEMELİ TARİFE and supports a Kartal-departure direction toward the Dedepaşa Bulvarı / Viaport corridor, but the currently published service is highly limited with isolated early-morning Kartal departures around 08:05–08:10 and no reliable post-shopping return matching 10:00–22:00 outlet hours. The staged fare is not stored because the exact Kartal-to-Dedepaşa Caddesi charge is not represented here; verify operation and fare before treating this as a secondary alternative.","Do not use this as the permanent primary. Confirm İETT 134 operating that day, the Kartal departure, Dedepaşa Caddesi stop in the selected direction and the current staged adult fare before travel.",partial,https://iett.istanbul/RouteDetail?hkod=134,İETT,Dedepaşa Caddesi,true,,,The pedestrian connection from Dedepaşa Caddesi along the outlet-address corridor is free and excluded.,,,,
pendik-area-to-viaport-asia-minibus,viaport-asia-outlet-shopping,cityCenter,bus,Public minibus,Pendik–Kurtköy–Viaport / Pendik–Velibaba–Viaport / Kartal–Sultanbeyli–Viaport / Dudullu–Yedpa–Viaport / Çekmeköy–Madenler–Viaport,,Viaport Asia Outlet Shopping,,,,,,,,Confirm the current local minibus boarding and return arrangements.,partial,,,,,,,,,,,
istanbul-to-viaport-asia-car,viaport-asia-outlet-shopping,taxiUber,taxi,,,,Viaport Asia Outlet Shopping,,,,,,,Verified road access includes free visitor parking for drivers.,"Check traffic, taxi fare, and return pickup before travel.",partial,,,,,,,,,,,
sirkeci-to-olivium-kazlicesme-rail,olivium-outlet-center,cityCenter,train,Sirkeci–Kazlıçeşme Rail,Sirkeci–Kazlıçeşme rail service,Sirkeci,Olivium Outlet Center,,,37.4,37.4,TRY,exact,"Official TCDD Sirkeci–Kazlıçeşme rail-service information supports the direct Sirkeci to Kazlıçeşme route. The current official İstanbul public-transport tariff category for Sirkeci–Kazlıçeşme Yüzeysel sets the ordinary adult first-boarding fare at TRY 37.40 for one visitor-compatible İstanbulkart full-fare validation; no Marmaray distance refund or standard metro fare is used. Travel to Sirkeci, card purchase cost and final walking are excluded.","Confirm the Sirkeci–Kazlıçeşme service, Kazlıçeşme stop and current adult tariff on the official TCDD/Marmaray tariff page before travel.",exact,https://www.tcddtasimacilik.gov.tr/marmaray/tr/sirkeci_kazlicesme_ucretlendirme,TCDD Taşımacılık,Kazlıçeşme,true,,,The official approximately five-minute final walk is free and excluded.,,,,
zeytinburnu-to-olivium-local-connection,olivium-outlet-center,cityCenter,bus,,M1A / T1 / Metrobüs + bus or minibus,Zeytinburnu,Olivium Outlet Center,,,,,,,,Confirm the current local connection and return service at Zeytinburnu.,partial,,,,,"[""Zeytinburnu""]",,,,,,
istanbul-to-olivium-iett,olivium-outlet-center,cityCenter,bus,İETT,93 / 93C / 93M / 93T / BN3 / MR11 / MR20 / 97E,,Olivium Outlet Center,,,,,,,,"Confirm the current İETT boarding point, stop, and timetable before travel.",exact,,İETT,,,,,,,,,
istanbul-asian-side-to-olivium-ferry-rail,olivium-outlet-center,cityCenter,ferry,,Ferry or sea bus + T1 or Marmaray,,Olivium Outlet Center,,,,,,,,Choose one complete ferry and rail alternative and confirm return services.,partial,,,,,"[""Eminönü / T1"",""Yenikapı / Marmaray""]",,,,,,
istanbul-to-olivium-car,olivium-outlet-center,taxiUber,taxi,,,,Olivium Outlet Center,,,,,,,,"Check traffic, taxi fare, and return pickup before travel.",partial,,,,,,,,,,,
istanbul-to-starcity-m9,starcity-outlet,cityCenter,metro,Metro İstanbul,M1A / M9 toward Olimpiyat,Yenikapı,StarCity Outlet,,,92.4,92.4,TRY,exact,"Official Metro İstanbul network information supports M1A from Yenikapı and the physical Yenibosna transfer to M9 toward Olimpiyat, then Doğu Sanayi. The exact TRY 92.40 fare is two anonymous İstanbulkart full validations: M1A boarding TRY 46.20 plus M9 boarding TRY 46.20; anonymous cards receive no transfer discount. Travel to Yenikapı, card purchase cost and final walking are excluded.","Confirm the line, direction, boarding and alighting points, adult payment product and fare on the official provider before travel.",exact,https://www.metro.istanbul/Hatlarimiz/HatDetay?hat=M9,Metro İstanbul,Doğu Sanayi,true,"[""Yenibosna: M1A to M9""]",,The approximately 500-metre final walk is free and excluded.,,,,
metrobus-to-starcity-local-connection,starcity-outlet,cityCenter,bus,,Metrobüs + local bus/minibus/M9 connection,Şirinevler / Yenibosna / Sefaköy,StarCity Outlet,,,,,,,,Confirm the most convenient current local and return connection.,partial,,,Şirinevler / Yenibosna / Sefaköy,,,,,,,,
istanbul-to-starcity-iett,starcity-outlet,cityCenter,bus,İETT,31 / 31E / 36AY / 78B / 79F / 79G / 79K / 79Ş / 89YB / 98B / 98H / 98T,,StarCity Outlet,,,,,,,,"Confirm the current İETT boarding point, nearby stop, and timetable.",exact,,İETT,Dr. Enver Ören Kültür Merkezi / Alışveriş Merkezi – Bahçelievler,,,,,,,,
sirinevler-sefakoy-to-starcity-minibus,starcity-outlet,cityCenter,bus,Public minibus,Şirinevler–Yenibosna / Küçükçekmece–Sefaköy,,StarCity Outlet,,,,,,,,Confirm the current local minibus boarding and return arrangements.,partial,,,,,,,,,,,
istanbul-to-starcity-car,starcity-outlet,taxiUber,taxi,,,,StarCity Outlet,,,,,,,Verified road access includes free visitor parking for drivers.,"Check traffic, taxi fare, and return pickup before travel.",partial,,,,,,,,,,,
istanbul-to-venezia-t4,venezia-mega-outlet,cityCenter,metro,Metro İstanbul,T1 / T4 toward Mescid-i Selam,Eminönü,Venezia Mega Outlet,,,92.4,92.4,TRY,exact,"Official Metro İstanbul network information supports T1 from Eminönü, the physical Topkapı transfer and T4 tram toward Mescid-i Selam to Kiptaş–Venezia. The exact TRY 92.40 fare is two anonymous İstanbulkart full validations: T1 boarding TRY 46.20 plus T4 boarding TRY 46.20; anonymous cards receive no transfer discount. Upstream travel, card purchase cost and final walking are excluded.","Confirm the line, direction, boarding and alighting points, adult payment product and fare on the official provider before travel.",exact,https://www.metro.istanbul/Hatlarimiz/HatDetay?hat=T4,Metro İstanbul,Kiptaş–Venezia,true,"[""Topkapı: T1 to T4""]",,The final pedestrian connection is free and excluded.,,,,
istanbul-to-venezia-m7,venezia-mega-outlet,cityCenter,metro,,M7,,Venezia Mega Outlet,,,,,,,,Confirm the current M7 service and return timetable before travel.,exact,,Metro İstanbul,Karadeniz Mahallesi,,,,,,,,
metrobus-to-venezia-t4,venezia-mega-outlet,cityCenter,bus,,Metrobüs + T4,,Venezia Mega Outlet,,,,,,,,Confirm both current Metrobüs and T4 connections before travel.,exact,,,Kiptaş–Venezia,,"[""Edirnekapı / Şehitlik""]",,,,,,
yenikapi-to-venezia-m1a-t4,venezia-mega-outlet,cityCenter,train,,Marmaray / M1A / T4,Yenikapı,Venezia Mega Outlet,,,,,,,,"Confirm all current Marmaray, M1A, and T4 connections before travel.",exact,,,Kiptaş–Venezia,,"[""M1A"",""Topkapı–Ulubatlı"",""T4""]",,,,,,
istanbul-to-venezia-iett,venezia-mega-outlet,cityCenter,bus,İETT,36A / 36E / 36M / 36V / 36CY / 36EM / 336 / 336E / 336M / 336Y / 79KM,,Venezia Mega Outlet,,,,,,,,"Confirm the current İETT boarding point, stop, and timetable before travel.",exact,,İETT,,,,,,,,,
istanbul-to-venezia-car-taxi,venezia-mega-outlet,taxiUber,taxi,Venezia Mega Taxi / Karadeniz Taxi,,,Venezia Mega Outlet,,,,,,,,Confirm taxi pickup and return arrangements before travel.,partial,,,,,,,,,,,
istanbul-to-212-m9,212-outlet,cityCenter,metro,Metro İstanbul,M1A / M9 toward Olimpiyat,Yenikapı,212 Outlet,,,92.4,92.4,TRY,exact,"Official Metro İstanbul network information supports M1A from Yenikapı, the physical Yenibosna transfer and M9 toward Olimpiyat to 212 Outlet–Halkalı Caddesi. The exact TRY 92.40 fare is two anonymous İstanbulkart full validations: M1A boarding TRY 46.20 plus M9 boarding TRY 46.20; anonymous cards receive no transfer discount. Travel to Yenikapı, card purchase cost and final walking are excluded.","Confirm the line, direction, boarding and alighting points, adult payment product and fare on the official provider before travel.",exact,https://www.metro.istanbul/Hatlarimiz/HatDetay?hat=M9,Metro İstanbul,212 Outlet–Halkalı Caddesi,true,"[""Yenibosna: M1A to M9""]",,Use Exit 1; the final pedestrian connection is free and excluded.,,,,
atakoy-to-212-marmaray-m9,212-outlet,cityCenter,train,Marmaray / Metro İstanbul,Marmaray / M9,Marmaray network,212 Outlet,,,,,,,,Confirm the current Marmaray and M9 connections before travel.,exact,,Marmaray / Metro İstanbul,212 Outlet–Halkalı Caddesi,,"[""Ataköy""]",,Use Exit 1 for the outlet access.,,,,
yenibosna-to-212-m1a-m9,212-outlet,cityCenter,metro,Metro İstanbul,M1A / M9,M1A network,212 Outlet,,,,,,,,Confirm the current M1A and M9 connections before travel.,exact,,Metro İstanbul,212 Outlet–Halkalı Caddesi,,"[""Yenibosna""]",,Use Exit 1 for the outlet access.,,,,
mahmutbey-to-212-m7-m3-m9,212-outlet,cityCenter,metro,Metro İstanbul,M7 / M3 / M9,M7 network,212 Outlet,,,,,,,,"Confirm the current M7, M3, and M9 connections before travel.",exact,,Metro İstanbul,212 Outlet–Halkalı Caddesi,,"[""Mahmutbey"",""İkitelli Sanayi""]",,Use Exit 1 for the outlet access.,,,,
istoc-sirinevler-to-212-minibus,212-outlet,cityCenter,bus,Public minibus,İstoç–Şirinevler / A-48 İkitelli Organize Sanayi,İstoç / Şirinevler,212 Outlet,,,,,,,,Confirm the current minibus boarding point and return service locally.,partial,,,,,,,,,,,
istanbul-to-212-iett,212-outlet,cityCenter,bus,İETT,HT13 / 89T / 89C / 98T / 98H,,212 Outlet,,,,,,,,"Confirm the current İETT boarding point, stop, and timetable before travel.",exact,,İETT,,,,,,,,,
istanbul-to-212-road-access,212-outlet,taxiUber,taxi,,,,212 Outlet,,,,,,,"Verified road access includes free indoor visitor parking for approximately 3,500 vehicles.","Check traffic, taxi fare, and return pickup before travel.",partial,,,,,,,,,,,
istanbul-to-optimum-yenisahra-metro,optimum-premium-outlet-istanbul,cityCenter,metro,Metro İstanbul,M4 toward Sabiha Gökçen Havalimanı,Kadıköy,Optimum Premium Outlet,,,46.2,46.2,TRY,exact,"Official Metro İstanbul information supports the direct M4 journey from Kadıköy toward Sabiha Gökçen Havalimanı to Yenisahra. The exact TRY 46.20 ordinary-adult anonymous İstanbulkart single validation covers the complete stored metro journey with no transfer. Travel to Kadıköy, card purchase cost and final walking are excluded.","Confirm the line, direction, boarding and alighting points, adult payment product and fare on the official provider before travel.",exact,https://www.metro.istanbul/Hatlarimiz/HatDetay?hat=M4,Metro İstanbul,Yenisahra,true,,,The final pedestrian connection is free and excluded.,,,,
yenisahra-to-optimum-bus-minibus,optimum-premium-outlet-istanbul,cityCenter,bus,Municipal bus / public minibus,,Yenisahra / E5 corridor,Optimum Premium Outlet,,,,,,,,Confirm the current Yenisahra boarding point and return service before travel.,partial,,,,,,,,,,,
istanbul-to-optimum-road-access,optimum-premium-outlet-istanbul,taxiUber,taxi,,,,Optimum Premium Outlet,,,,,,,Official outlet access information identifies the Yenisahra exit and E5 roadside access.,"Check traffic, taxi fare, and return pickup before travel.",partial,,,,,,,,,,,
izmir-to-optimum-izban-esbas,izmir-optimum,cityCenter,train,İZBAN,Southbound İZBAN toward Cumaovası / Tepeköy,Alsancak,İzmir Optimum,,,40,40,TRY,exact,"Official İzmir municipal tariff information sets the current full İZBAN fare at TRY 40 for the base journey plus TRY 1.50 per kilometre above 20 km. The selected Alsancak–Esbaş pair is treated within the 20 km base-fare bucket, so the exact ordinary full fare is TRY 40; no visitor refund is claimed. Travel to Alsancak, reusable İzmirim Kart purchase cost and final walking are excluded.","Confirm the line, direction, boarding and alighting points, adult payment product and fare on the official provider before travel.",exact,https://www.izban.com.tr/,İZBAN,Esbaş,true,,,The final pedestrian connection is free and excluded.,,,,
izmir-metro-to-optimum-izban-transfer,izmir-optimum,cityCenter,metro,İzmir Metro / İZBAN,İzmir Metro / İZBAN,,İzmir Optimum,,,,,,,,Confirm the current İzmir Metro and İZBAN transfer before travel.,exact,,İzmir Metro / İZBAN,Esbaş,,"[""Halkapınar"",""Hilal""]",,,,,,
akcay-caddesi-to-optimum-bus-minibus,izmir-optimum,cityCenter,bus,Municipal bus / public minibus,Akçay Caddesi airport-direction corridor,Akçay Caddesi,İzmir Optimum,,,,,,,,Confirm the current Akçay Caddesi boarding point and return service.,partial,,,Esbaş,,,,,,,,
izmir-to-optimum-road-access,izmir-optimum,taxiUber,taxi,,,,İzmir Optimum,,,,,,,Official access information identifies the Gaziemir exit and Akçay Caddesi approach.,"Check traffic, taxi fare, and return pickup before travel.",partial,,,,,,,,,,,
antalya-to-deepo-antray-t1,deepo-outlet-center,cityCenter,metro,Antalya Ulaşım,T1A toward Havalimanı,İsmetpaşa,Deepo Outlet Center,,,42,42,TRY,exact,"Official Antalya Ulaşım information supports Antray T1A from central İsmetpaşa on the Havalimanı branch to Sinan. The exact TRY 42 ordinary full Antalyakart fare comes from the current municipal tariff decision and applies to the transfer-free tram journey; the municipal online fare page may not expose the tariff table. Travel to İsmetpaşa, AntalyaKart purchase cost and final walking are excluded.","Confirm the line, direction, boarding and alighting points, adult payment product and fare on the official provider before travel.",exact,https://www.antalyaulasim.com.tr/,Antalya Ulaşım,Sinan,true,,,The final pedestrian connection is free and excluded.,,,,
antalya-bus-station-airport-to-deepo-600,deepo-outlet-center,cityCenter,bus,Antalya Ulaşım,600 / 600G,Antalya Bus Station / Antalya Airport,Deepo Outlet Center,,,,,,,,"Confirm the current 600 or 600G route, stop, and timetable before travel.",exact,,Antalya Ulaşım,,,,,,,,,
antalya-to-deepo-public-buses,deepo-outlet-center,cityCenter,bus,Antalya Ulaşım,511 / AF04 / BA22 / 45 / SA19 / SA65 / 188 / MAN47,,Deepo Outlet Center,,,,,,,,"Confirm the current operator route, stop, and return service before travel.",exact,,Antalya Ulaşım,,,,,,,,,
antalya-to-deepo-road-taxi,deepo-outlet-center,taxiUber,taxi,,,Deepo Outlet Center taxi stand,Deepo Outlet Center,,,,,,,Official Deepo information publishes road access and an on-site taxi stand.,"Check traffic, taxi fare, taxi-stand availability, and return pickup before travel.",partial,,,,,,,,,,,
narita-airport-to-shisui-premium-outlets-direct-bus,shisui-premium-outlets,airport,bus,Narita Airport / Shisui Premium Outlets direct bus,,Narita Airport Terminal 2 1F No.3 / Terminal 1 1F No.30,Shisui Premium Outlets,15,20,500,500,JPY,exact,"Current official Shisui access pages publish the Narita Airport direct bus at JPY 500 one way. The English access overview shows approximately 20 minutes while the Japanese detailed bus page shows approximately 15 minutes, so the displayed estimate is 15–20 minutes.",Confirm the current timetable before travel.,exact,https://www.premiumoutlets.co.jp/en/shisui/access/,,,true,,,,,,,
tokyo-station-to-shisui-premium-outlets-direct-bus,shisui-premium-outlets,cityCenter,bus,Direct highway bus,,Bus Terminal Tokyo Yaesu No.A02,Shisui Premium Outlets,50,50,1300,1300,JPY,exact,"Official Shisui Premium Outlets access information publishes the Tokyo Station direct bus at JPY 1,300 one way and approximately 50 minutes.",Confirm the current timetable before travel.,exact,https://www.premiumoutlets.co.jp/en/shisui/access/,,,true,,,,,,,
sannomiya-to-kobe-sanda-premium-outlets-direct-bus,kobe-sanda-premium-outlets,cityCenter,bus,Shinki Bus,,Shinki Bus Kobe-Sannomiya Bus Terminal,Kobe-Sanda Premium Outlets,50,50,700,700,JPY,exact,Official Kobe-Sanda Premium Outlets timetable publishes JPY 700 adult one-way fare and approximately 50 minutes from Sannomiya.,Confirm the current Shinki Bus timetable before travel.,exact,https://www.premiumoutlets.co.jp/en/kobesanda/access/bus_schedule_root2.html,,,true,,,,,,,
kansai-airport-to-kobe-sanda-premium-outlets-bus,kobe-sanda-premium-outlets,airport,bus,Kansai Airport Limousine Bus + Shinki Bus,,Kansai International Airport,Kobe-Sanda Premium Outlets,120,140,2900,2900,JPY,exact,"Combined current adult one-way fares: JPY 2,200 Kansai Airport to Kobe Sannomiya airport limousine plus JPY 700 Sannomiya to Kobe-Sanda Premium Outlets Shinki Bus. Total JPY 2,900; total journey time depends on transfer waiting time.",Confirm both the airport limousine and Shinki Bus timetables before travel.,partial,https://www.premiumoutlets.co.jp/en/kobesanda/access/,,,true,"[""Kobe Sannomiya""]",,,,,,
tokyo-station-to-sano-premium-outlets-direct-bus,sano-premium-outlets,cityCenter,bus,JR Bus Kanto Marronnier Tokyo,,Tokyo Station Yaesu South Exit,Sano Premium Outlets,90,90,1600,1600,JPY,exact,"Current official Sano Premium Outlets information publishes the Marronnier Tokyo/Shinjuku highway bus at approximately 90 minutes and JPY 1,600 one way per person. Since January 2026, passengers use Sano Shintoshin Bus Terminal, approximately three minutes on foot from the outlet.",Confirm the current JR Bus Kanto timetable before travel.,exact,https://www.premiumoutlets.co.jp/sano/information/info210.html,,Sano Shintoshin Bus Terminal,true,,,,,,,
haneda-airport-to-sano-premium-outlets-direct-bus,sano-premium-outlets,airport,bus,Kanto Bus / Tokyo Airport Transportation Marronnier airport bus,,Haneda Airport terminal bus stop,Sano Premium Outlets,95,140,4600,4600,JPY,exact,"Current Kanto Bus fare effective July 1, 2026 is JPY 4,600 adult and JPY 2,300 child between Haneda Airport and Sano Shintoshin Bus Terminal. Current schedules vary by terminal and service; Sano Premium Outlets summarizes the journey as approximately 120 minutes.",Confirm the current airport-bus timetable and terminal boarding point before travel.,exact,https://www.kantobus.co.jp/airport/maronie02.html,,Sano Shintoshin Bus Terminal,true,,,,,,,
new-york-to-woodbury-common-bus,woodbury-common-premium-outlets,cityCenter,shuttle,Woodbury Bus,Woodbury Common shuttle,1651 Broadway / W 51st Street (McDonald’s),Woodbury Common — Bus Plaza 2,60,90,45,45,USD,exact,Operator advertises round-trip tickets starting at USD 45; booking fees and selected service can increase the total. The upper bound is not a price cap.,"Reserve the outbound and return journey in advance; use the pickup details in your booking confirmation. Arrive 15 minutes before departure. The outlet return pickup is Bus Plaza 2. The displayed price is the advertised base ticket; booking fees, taxes and optional extras may increase the total. Check the operator’s timetable and last return before departure. Journey ranges are planning estimates and include walking/transfer allowance; long waits and heavy traffic can add time.",partial,https://www.woodburybus.com/,Woodbury Bus,Woodbury Common — Bus Plaza 2,true,[],Approx. 60–90 min,,"from USD 45 (adult, round trip)",2026-09-12,"[""https://www.woodburybus.com/""]",roundTripFrom
fort-lauderdale-to-sawgrass-mills-bus-22,sawgrass-mills,station,bus,Broward County Transit,22,Fort Lauderdale Tri-Rail Station,Sawgrass Mills — West Dining Pavilion / Marshalls,45,75,2,2,USD,exact,"BCT regular adult one-way fare USD 2; the estimate covers route 22 from the station, not airport travel.",Carry exact cash or use the operator’s accepted pass/payment method; drivers may not give change. Check the operator’s timetable and last return before departure. Journey ranges are planning estimates and include walking/transfer allowance; long waits and heavy traffic can add time.,partial,https://www.broward.org/bct/Schedules,Broward County Transit,Sawgrass Mills — West Dining Pavilion / Marshalls,true,[],Approx. 45–75 min,,"USD 2 (adult, one way)",2026-09-12,"[""https://www.broward.org/bct/Schedules"",""https://www.browardcdn.org/api/public/content/5d0ce92381ce4f1f9f4429f85dfc5d5c?v=655f7345"",""https://webapps.broward.org/NewsRelease/View.aspx?intMessageID=16207""]",oneWay
international-drive-to-orlando-vineland-trolley,orlando-vineland-premium-outlets,cityCenter,bus,I-RIDE Trolley,Red Line (southbound),International Drive / SeaWorld,Orlando Vineland Premium Outlets,20,45,2,2,USD,exact,Adult single fare USD 2. Journey depends on the boarding stop; estimate starts in the SeaWorld section of International Drive.,Carry exact cash or use the operator’s accepted pass/payment method; drivers may not give change. Check the operator’s timetable and last return before departure. Journey ranges are planning estimates and include walking/transfer allowance; long waits and heavy traffic can add time.,partial,https://www.internationaldriveorlando.com/iride-trolley/,I-RIDE Trolley,Orlando Vineland Premium Outlets,true,[],Approx. 20–45 min,,"USD 2 (adult, one way)",2026-09-12,"[""https://www.internationaldriveorlando.com/iride-trolley/"",""https://www.idrivedistrict.com/i-ride-trolley/""]",oneWay
downtown-las-vegas-to-north-premium-outlets-loop,las-vegas-north-premium-outlets,cityCenter,shuttle,City of Las Vegas Downtown Loop,Downtown Loop,Fremont Street Experience / Main Street,Las Vegas North Premium Outlets — S Grand Central Parkway,15,35,0,0,USD,exact,City-operated Downtown Loop is free; journey time depends on the loop and wait.,This is a circulating downtown shuttle. Check today’s operating hours and the direction of the loop for the return trip. Check the operator’s timetable and last return before departure. Journey ranges are planning estimates and include walking/transfer allowance; long waits and heavy traffic can add time.,partial,https://www.lasvegasnevada.gov/Residents/Parking-Transportation/Downtown-Loop,City of Las Vegas Downtown Loop,Las Vegas North Premium Outlets — S Grand Central Parkway,true,[],Approx. 15–35 min,,Free,2026-09-12,"[""https://www.lasvegasnevada.gov/Residents/Parking-Transportation/Downtown-Loop""]",oneWay
anaheim-to-desert-hills-premium-outlets-tour,desert-hills-premium-outlets,cityCenter,shuttle,Anaheim Tour Company,Desert Hills shopping tour,Anaheim hotel pickup (booking confirmation),Desert Hills Premium Outlets,75,90,79,79,USD,exact,Published adult round-trip tour price USD 79; child and group prices differ. One-way driving estimate; the full shopping excursion takes about nine hours.,"Reserve the outbound and return journey in advance; use the pickup details in your booking confirmation. Departure is from Anaheim, not Palm Springs. Tours currently run Wednesday and Saturday; pickup is around 08:30–08:45. The full shopping excursion takes about 9 hours. The displayed price is the advertised base ticket; booking fees, taxes and optional extras may increase the total. Check the operator’s timetable and last return before departure. Journey ranges are planning estimates and include walking/transfer allowance; long waits and heavy traffic can add time.",partial,https://anaheimtourcompany.com/la-hollywood-tours/desert-hills-premium-outlets-shopping-tour/,Anaheim Tour Company,Desert Hills Premium Outlets,true,[],Approx. 75–90 min,,"USD 79 (adult, round trip)",2026-09-12,"[""https://anaheimtourcompany.com/la-hollywood-tours/desert-hills-premium-outlets-shopping-tour/""]",roundTrip
dublin-pleasanton-bart-to-san-francisco-premium-outlets,san-francisco-premium-outlets,station,bus,Wheels (LAVTA),14,Dublin/Pleasanton BART Station,San Francisco Premium Outlets / Livermore Outlets Drive,15,30,2.5,2.5,USD,exact,Wheels adult cash single fare USD 2.50; BART travel to the station is separate. Transfer credit may reduce the fare with Clipper.,The quoted fare covers Wheels route 14 only. Travel to Dublin/Pleasanton on BART costs extra; Clipper transfer credit may reduce the bus fare. Wheels’ adult day pass is USD 4. Check the operator’s timetable and last return before departure. Journey ranges are planning estimates and include walking/transfer allowance; long waits and heavy traffic can add time.,partial,https://www.wheelsbus.com/routes/route-14/,Wheels (LAVTA),San Francisco Premium Outlets / Livermore Outlets Drive,true,[],Approx. 15–30 min,,"USD 2.5 (adult, one way)",2026-09-12,"[""https://www.wheelsbus.com/routes/route-14/"",""https://www.wheelsbus.com/fares/""]",oneWay
siam-paragon-to-siam-premium-outlets-shuttle,siam-premium-outlets,cityCenter,shuttle,Siam Premium Outlets / Trip CS,Siam Paragon shuttle,"Siam Paragon — Gate 1, South Wing, G Floor (Lock Box / Bangkok Bank)",Siam Premium Outlets — 7-Eleven / Entrance A,60,90,150,150,THB,exact,Published THB 150 one-way fare. LINE @tripcs or +66 80 924 3300 for reservations. Outbound 10:00/14:00; return 12:00/16:00 at verification.,"Reserve the outbound and return journey in advance; use the pickup details in your booking confirmation. Outbound: 10:00 / 14:00; return: 12:00 / 16:00, as checked. Book through LINE @tripcs or +66 80 924 3300 and reconfirm the chosen return. Check the operator’s timetable and last return before departure. Journey ranges are planning estimates and include walking/transfer allowance; long waits and heavy traffic can add time.",partial,https://www.siampremiumoutlets.com/en/getting_there,Siam Premium Outlets / Trip CS,Siam Premium Outlets — 7-Eleven / Entrance A,true,[],Approx. 60–90 min,,"THB 150 (adult, one way)",2026-09-12,"[""https://www.siampremiumoutlets.com/en/getting_there""]",oneWay
hkg-to-citygate-outlets-bus,citygate-outlets,airport,bus,Citybus / Long Win Bus,S1,Hong Kong Airport — Terminal 1 (Cheong Tat Road),Tung Chung Station / Citygate Outlets,10,20,3.7,3.7,HKD,estimated,"Route confirmed by outlet; HKD 3.70 from current third-party route data. Fare is marked estimated pending direct operator confirmation; it is for S1 only, not S64.","The fare estimate is for S1. S64 is an alternative mentioned by the outlet, with its own fare and timetable; check the operator before choosing it. Check the operator’s timetable and last return before departure. Journey ranges are planning estimates and include walking/transfer allowance; long waits and heavy traffic can add time.",partial,https://www.citygateoutlets.com.hk/en/visit/get-here/,Citybus / Long Win Bus,Tung Chung Station / Citygate Outlets,true,[],Approx. 10–20 min,,"Approx. HKD 3.7 (adult, one way)",2026-09-12,"[""https://www.citygateoutlets.com.hk/en/visit/get-here/"",""https://hkbus.app/en/route/s1-1-tung-chung-station-airport-%28circular%29""]",oneWay
central-hong-kong-to-citygate-outlets-mtr,citygate-outlets,cityCenter,metro,MTR,Tung Chung Line,Hong Kong Station,Tung Chung Station — Exit C,30,40,24.3,28,HKD,exact,"Adult Hong Kong–Tung Chung: HKD 24.30 Octopus/contactless, HKD 28 single journey ticket; official fare matrices page 7 currently linked from MTR fare pages.","Adult fare range: HKD 24.30 with Octopus/contactless; HKD 28 for a single journey ticket. Use Tung Chung Line, not Airport Express. Check the operator’s timetable and last return before departure. Journey ranges are planning estimates and include walking/transfer allowance; long waits and heavy traffic can add time.",partial,https://www.mtr.com.hk/en/customer/tickets/index.php,MTR,Tung Chung Station — Exit C,true,[],Approx. 30–40 min,,"HKD 24.3–28 (adult, one way)",2026-09-12,"[""https://www.mtr.com.hk/en/customer/tickets/index.php"",""https://www.mtr.com.hk/archive/ch/pdf/1_Metro_Fare_Matrix_FAM2024_Master_v3.pdf"",""https://www.mtr.com.hk/archive/ch/pdf/fam2024/sjst_mtr_fare_2024.pdf""]",oneWay
tpe-to-mitsui-outlet-park-linkou-airport-mrt,mitsui-outlet-park-linkou,airport,train,Taoyuan Metro,Airport MRT Commuter,A12 Airport Terminal 1 / A13 Airport Terminal 2,A9 Linkou Station,25,40,60,60,TWD,exact,"Official station fare matrix: A1–A9 TWD 75; A12/A13–A9 TWD 60. Duration includes 5–10 minutes walking; express trains skip A9, so use a commuter service.","Use a Commuter train that stops at A9. Express trains skip A9; if already on an Express, change at A8 to a Commuter train heading to A9. From A9, allow 5–10 minutes to walk to the outlet; follow signs for the correct building. Check the operator’s timetable and last return before departure. Journey ranges are planning estimates and include walking/transfer allowance; long waits and heavy traffic can add time.",partial,https://www.tymetro.com.tw/tymetro-new/en/_pages/travel-guide/road.html,Taoyuan Metro,A9 Linkou Station,true,[],Approx. 25–40 min,,"TWD 60 (adult, one way)",2026-09-12,"[""https://www.tymetro.com.tw/tymetro-new/en/_pages/travel-guide/road.html"",""https://www.tymetro.com.tw/tymetro-new/en/_images/document/travel-guide/price.pdf"",""https://www.mitsui-shopping-park.com.tw/mop/linkou/en/access.html""]",oneWay
taipei-main-station-to-mitsui-outlet-park-linkou,mitsui-outlet-park-linkou,cityCenter,train,Taoyuan Metro,Airport MRT Commuter,A1 Taipei Main Station,A9 Linkou Station,40,50,75,75,TWD,exact,"Official station fare matrix: A1–A9 TWD 75; A12/A13–A9 TWD 60. Duration includes 5–10 minutes walking; express trains skip A9, so use a commuter service.","Use a Commuter train that stops at A9. Express trains skip A9; if already on an Express, change at A8 to a Commuter train heading to A9. From A9, allow 5–10 minutes to walk to the outlet; follow signs for the correct building. Check the operator’s timetable and last return before departure. Journey ranges are planning estimates and include walking/transfer allowance; long waits and heavy traffic can add time.",partial,https://www.tymetro.com.tw/tymetro-new/en/_pages/travel-guide/road.html,Taoyuan Metro,A9 Linkou Station,true,[],Approx. 40–50 min,,"TWD 75 (adult, one way)",2026-09-12,"[""https://www.tymetro.com.tw/tymetro-new/en/_pages/travel-guide/road.html"",""https://www.tymetro.com.tw/tymetro-new/en/_images/document/travel-guide/price.pdf"",""https://www.mitsui-shopping-park.com.tw/mop/linkou/en/access.html""]",oneWay
myeongdong-to-yeoju-premium-outlets,yeoju-premium-outlets,station,bus,Seoul Metro / Seoul Express Bus Terminal,Line 4 → Line 3 → Yeoju Premium Outlets express,Myeongdong,Yeoju Premium Outlets,110,140,8000,10000,KRW,estimated,"Planning budget combines the outlet-published KRW 6,400 express bus segment with the feeder metro fare and distance supplements. Not an operator through-ticket price.","Reserve the outbound and return journey in advance; use the pickup details in your booking confirmation. This is a planning budget for the full route, not a guaranteed through fare. Payment method, distance supplements and transfer discounts affect the amount; airport/express tickets can be separate. Check the operator’s timetable and last return before departure. Journey ranges are planning estimates and include walking/transfer allowance; long waits and heavy traffic can add time.",partial,https://app.premiumoutlets.co.kr/rpage/en/map/index/01,Seoul Metro / Seoul Express Bus Terminal,Yeoju Premium Outlets,true,"[""Chungmuro"",""Seoul Express Bus Terminal — Platform 29""]",Approx. 110–140 min,,"Approx. KRW 8,000–10,000 (adult, one way)",2026-09-12,"[""https://app.premiumoutlets.co.kr/rpage/en/map/index/01""]",oneWay
hongik-university-to-yeoju-premium-outlets,yeoju-premium-outlets,station,bus,Seoul Metro / Seoul Express Bus Terminal,Line 2 → Line 9 → Yeoju Premium Outlets express,Hongik University,Yeoju Premium Outlets,100,130,8000,10000,KRW,estimated,"Planning budget combines the outlet-published KRW 6,400 express bus segment with the feeder metro fare and distance supplements. Not an operator through-ticket price.","Reserve the outbound and return journey in advance; use the pickup details in your booking confirmation. This is a planning budget for the full route, not a guaranteed through fare. Payment method, distance supplements and transfer discounts affect the amount; airport/express tickets can be separate. Check the operator’s timetable and last return before departure. Journey ranges are planning estimates and include walking/transfer allowance; long waits and heavy traffic can add time.",partial,https://app.premiumoutlets.co.kr/rpage/en/map/index/01,Seoul Metro / Seoul Express Bus Terminal,Yeoju Premium Outlets,true,"[""Dangsan"",""Seoul Express Bus Terminal — Platform 29""]",Approx. 100–130 min,,"Approx. KRW 8,000–10,000 (adult, one way)",2026-09-12,"[""https://app.premiumoutlets.co.kr/rpage/en/map/index/01""]",oneWay
gangnam-to-yeoju-premium-outlets,yeoju-premium-outlets,station,bus,Seoul Metro / Seoul Express Bus Terminal,Line 2 → Line 3 → Yeoju Premium Outlets express,Gangnam,Yeoju Premium Outlets,100,130,8000,10000,KRW,estimated,"Planning budget combines the outlet-published KRW 6,400 express bus segment with the feeder metro fare and distance supplements. Not an operator through-ticket price.","Reserve the outbound and return journey in advance; use the pickup details in your booking confirmation. This is a planning budget for the full route, not a guaranteed through fare. Payment method, distance supplements and transfer discounts affect the amount; airport/express tickets can be separate. Check the operator’s timetable and last return before departure. Journey ranges are planning estimates and include walking/transfer allowance; long waits and heavy traffic can add time.",partial,https://app.premiumoutlets.co.kr/rpage/en/map/index/01,Seoul Metro / Seoul Express Bus Terminal,Yeoju Premium Outlets,true,"[""Gyodae"",""Seoul Express Bus Terminal — Platform 29""]",Approx. 100–130 min,,"Approx. KRW 8,000–10,000 (adult, one way)",2026-09-12,"[""https://app.premiumoutlets.co.kr/rpage/en/map/index/01""]",oneWay
hongik-university-to-paju-premium-outlets,paju-premium-outlets,station,bus,Gyeonggi Bus (G-Bus),2200,Hongik University — Exit 1,Paju Premium Outlets,65,90,3200,3400,KRW,estimated,"Planning range around the October 2025 Gyeonggi metropolitan-bus adult base fare KRW 3,200; payment method and future fare changes may differ.","This is a planning budget for the full route, not a guaranteed through fare. Payment method, distance supplements and transfer discounts affect the amount; airport/express tickets can be separate. Check the operator’s timetable and last return before departure. Journey ranges are planning estimates and include walking/transfer allowance; long waits and heavy traffic can add time.",partial,https://app.premiumoutlets.co.kr/rpage/en/map/index/02,Gyeonggi Bus (G-Bus),Paju Premium Outlets,true,[],Approx. 65–90 min,,"Approx. KRW 3,200–3,400 (adult, one way)",2026-09-12,"[""https://app.premiumoutlets.co.kr/rpage/en/map/index/02"",""https://gits.gg.go.kr/""]",oneWay
myeongdong-to-paju-premium-outlets,paju-premium-outlets,station,bus,Seoul Metro / Gyeonggi Bus,Line 4 → AREX (all-stop) → 2200,Myeongdong,Paju Premium Outlets,95,125,4500,6000,KRW,estimated,"Planning budget includes metro/AREX feeder travel plus bus 2200; Myeongdong is Line 4, not Line 2. Actual transfer/distance charges depend on payment method.","This is a planning budget for the full route, not a guaranteed through fare. Payment method, distance supplements and transfer discounts affect the amount; airport/express tickets can be separate. Check the operator’s timetable and last return before departure. Journey ranges are planning estimates and include walking/transfer allowance; long waits and heavy traffic can add time.",partial,https://app.premiumoutlets.co.kr/rpage/en/map/index/02,Seoul Metro / Gyeonggi Bus,Paju Premium Outlets,true,"[""Seoul Station"",""Hongik University — Exit 1""]",Approx. 95–125 min,,"Approx. KRW 4,500–6,000 (adult, one way)",2026-09-12,"[""https://app.premiumoutlets.co.kr/rpage/en/map/index/02""]",oneWay
incheon-airport-to-paju-premium-outlets,paju-premium-outlets,airport,bus,Airport Limousine / Gyeonggi Bus,6002 → 2200,Incheon Airport — T1/T2 airport bus area,Paju Premium Outlets,120,165,20200,22000,KRW,estimated,"Budget combines official KRW 17,000 airport limousine fare with around KRW 3,200 bus 2200; transfers are paid separately. Allow for terminal and traffic differences.","This is a planning budget for the full route, not a guaranteed through fare. Payment method, distance supplements and transfer discounts affect the amount; airport/express tickets can be separate. Check the operator’s timetable and last return before departure. Journey ranges are planning estimates and include walking/transfer allowance; long waits and heavy traffic can add time.",partial,https://app.premiumoutlets.co.kr/rpage/en/map/index/02,Airport Limousine / Gyeonggi Bus,Paju Premium Outlets,true,"[""Hapjeong""]",Approx. 120–165 min,,"Approx. KRW 20,200–22,000 (adult, one way)",2026-09-12,"[""https://app.premiumoutlets.co.kr/rpage/en/map/index/02"",""https://www.airportlimousine.co.kr/en/sub/sub02_01.php"",""https://www.airportlimousine.co.kr/en/sub/sub01.php?cat_no=2""]",oneWay
bujeon-to-busan-premium-outlets,busan-premium-outlets,station,train,Busan Transit / KORAIL,Donghae Line → 302,Bujeon,Busan Premium Outlets,75,105,3500,5000,KRW,estimated,"Planning budget for the stated two-leg route, allowing separate cash fares and distance charges. Busan regular/express fares differ; transfer discounts may lower the total. Not a verified operator through fare.","This is a planning budget for the full route, not a guaranteed through fare. Payment method, distance supplements and transfer discounts affect the amount; airport/express tickets can be separate. Check the operator’s timetable and last return before departure. Journey ranges are planning estimates and include walking/transfer allowance; long waits and heavy traffic can add time.",partial,https://app.premiumoutlets.co.kr/rpage/en/map/index/03,Busan Transit / KORAIL,Busan Premium Outlets,true,"[""Jwacheon""]",Approx. 75–105 min,,"Approx. KRW 3,500–5,000 (adult, one way)",2026-09-12,"[""https://app.premiumoutlets.co.kr/rpage/en/map/index/03"",""https://www.busan.go.kr/eng/index""]",oneWay
haeundae-to-busan-premium-outlets,busan-premium-outlets,cityCenter,bus,Busan Transit / KORAIL,1003 → 8,Haeundae Beach,Busan Premium Outlets,80,110,3500,5500,KRW,estimated,"Planning budget for the stated two-leg route, allowing separate cash fares and distance charges. Busan regular/express fares differ; transfer discounts may lower the total. Not a verified operator through fare.","This is a planning budget for the full route, not a guaranteed through fare. Payment method, distance supplements and transfer discounts affect the amount; airport/express tickets can be separate. Check the operator’s timetable and last return before departure. Journey ranges are planning estimates and include walking/transfer allowance; long waits and heavy traffic can add time.",partial,https://app.premiumoutlets.co.kr/rpage/en/map/index/03,Busan Transit / KORAIL,Busan Premium Outlets,true,"[""Gijang Telephone Office""]",Approx. 80–110 min,,"Approx. KRW 3,500–5,500 (adult, one way)",2026-09-12,"[""https://app.premiumoutlets.co.kr/rpage/en/map/index/03"",""https://www.busan.go.kr/eng/index""]",oneWay
gimhae-airport-to-busan-premium-outlets,busan-premium-outlets,airport,bus,Busan Transit / KORAIL,307 → 3008,Gimhae Airport,Busan Premium Outlets,130,165,4000,6500,KRW,estimated,"Planning budget for the stated two-leg route, allowing separate cash fares and distance charges. Busan regular/express fares differ; transfer discounts may lower the total. Not a verified operator through fare.","This is a planning budget for the full route, not a guaranteed through fare. Payment method, distance supplements and transfer discounts affect the amount; airport/express tickets can be separate. Check the operator’s timetable and last return before departure. Journey ranges are planning estimates and include walking/transfer allowance; long waits and heavy traffic can add time.",partial,https://app.premiumoutlets.co.kr/rpage/en/map/index/03,Busan Transit / KORAIL,Busan Premium Outlets,true,"[""Dongnae""]",Approx. 130–165 min,,"Approx. KRW 4,000–6,500 (adult, one way)",2026-09-12,"[""https://app.premiumoutlets.co.kr/rpage/en/map/index/03"",""https://www.busan.go.kr/eng/index""]",oneWay
kl-sentral-to-genting-highlands-premium-outlets,genting-highlands-premium-outlets,station,bus,Genting Express,Genting Express,KL Sentral — Lower Ground Floor bus counter,Awana Bus Terminal,60,90,10,10,MYR,exact,Outlet-published adult one-way bus-only fare MYR 10; cable car is separate and is not needed to reach the outlet.,Walk from Awana Bus Terminal to the outlet in the same mid-hill complex. A cable-car ticket is not needed for this visit. Check the operator’s timetable and last return before departure. Journey ranges are planning estimates and include walking/transfer allowance; long waits and heavy traffic can add time.,partial,https://www.premiumoutlets.com.my/genting-highlands-premium-outlets/directions,Genting Express,Awana Bus Terminal,true,[],Approx. 60–90 min,,"MYR 10 (adult, one way)",2026-09-12,"[""https://www.premiumoutlets.com.my/genting-highlands-premium-outlets/directions""]",oneWay
klia-to-genting-highlands-premium-outlets,genting-highlands-premium-outlets,airport,bus,Genting Express,Genting Express,KLIA Terminal 1 / Terminal 2 bus counter,Awana Bus Terminal,120,180,35,35,MYR,exact,Outlet-published adult one-way fare MYR 35. Duration is a planning range including terminal differences and traffic.,Walk from Awana Bus Terminal to the outlet in the same mid-hill complex. A cable-car ticket is not needed for this visit. Check the operator’s timetable and last return before departure. Journey ranges are planning estimates and include walking/transfer allowance; long waits and heavy traffic can add time.,partial,https://www.premiumoutlets.com.my/genting-highlands-premium-outlets/directions,Genting Express,Awana Bus Terminal,true,[],Approx. 120–180 min,,"MYR 35 (adult, one way)",2026-09-12,"[""https://www.premiumoutlets.com.my/genting-highlands-premium-outlets/directions""]",oneWay
kuala-lumpur-to-genting-highlands-premium-outlets-taxi,genting-highlands-premium-outlets,cityCenter,taxi,Licensed taxi / ride-hailing,Taxi / ride-hailing,Kuala Lumpur city centre,Genting Highlands Premium Outlets — Awana,45,90,90,150,MYR,estimated,"Indicative vehicle budget, not a metered-fare promise; a third-party route estimate is around MYR 90–140. Rounded contingency upper bound MYR 150 excludes tolls, waiting and surge pricing.","Indicative price per vehicle; tolls, waiting and surge pricing may be extra. Obtain a confirmed quote before boarding. Check the operator’s timetable and last return before departure. Journey ranges are planning estimates and include walking/transfer allowance; long waits and heavy traffic can add time.",partial,https://www.premiumoutlets.com.my/genting-highlands-premium-outlets/directions,Licensed taxi / ride-hailing,Genting Highlands Premium Outlets — Awana,true,[],Approx. 45–90 min,,"Approx. MYR 90–150 (per vehicle, one way)",2026-09-12,"[""https://www.premiumoutlets.com.my/genting-highlands-premium-outlets/directions"",""https://www.rome2rio.com/s/Kuala-Lumpur/Genting-Highlands""]",vehicle
