guideId,outletId,originType,originId,transportationType,title,estimatedDuration,estimatedCost,recommended,steps,updatedAt
rinku-town-station-to-rinku-premium-outlets-walk,rinku-premium-outlets,station,rinku-town-station,walking,Rinku Town Station to Rinku Premium Outlets on foot,Approx. 6–10 min,Free,true,"[{""order"":1,""description"":""Exit at Rinku Town Station.""},{""order"":2,""description"":""Follow the pedestrian signs toward Rinku Premium Outlets.""},{""order"":3,""description"":""Allow extra time when carrying luggage or using an entrance farther from the station.""}]",2026-08-10
kansai-airport-to-rinku-premium-outlets-train,rinku-premium-outlets,airport,kansai-international-airport,train,Kansai International Airport to Rinku Premium Outlets by train,Approx. 15–20 min including the walk,Approx. JPY 370 one way,true,"[{""order"":1,""description"":""At Kansai International Airport Station, board a JR Kansai Airport Rapid or Nankai Airport train that stops at Rinku Town.""},{""order"":2,""description"":""Ride one stop across the airport bridge to Rinku Town Station.""},{""order"":3,""description"":""Alight at Rinku Town Station.""},{""order"":4,""description"":""Follow the pedestrian signs to Rinku Premium Outlets.""}]",2026-08-10
kansai-airport-to-rinku-premium-outlets-sky-shuttle,rinku-premium-outlets,airport,kansai-international-airport,shuttle,Kansai International Airport to Rinku Premium Outlets by Sky Shuttle,Approx. 15 min,JPY 300 one way adult; JPY 150 child,true,"[{""order"":1,""description"":""At Kansai Airport Terminal 1, go to the 1F bus area and Bus Stop 12.""},{""order"":2,""description"":""Board the direct Sky Shuttle for Rinku Premium Outlets.""},{""order"":3,""description"":""Pay JPY 300 one way for an adult or JPY 150 for a child.""},{""order"":4,""description"":""Ride approximately 15 minutes directly to Rinku Premium Outlets.""},{""order"":5,""description"":""Confirm the current return timetable before shopping.""}]",2026-08-13
tokyo-station-to-gotemba-premium-outlets-bus,gotemba-premium-outlets,station,tokyo-station,bus,Tokyo Station to Gotemba Premium Outlets by direct highway bus,Approx. 1 hr 40 min; traffic may affect travel time,"JPY 1,900–2,200 one way when booked in advance; same-day purchase +JPY 100; onboard fare JPY 2,500",true,"[{""order"":1,""description"":""Go to Tokyo Station Yaesu South Exit.""},{""order"":2,""description"":""Board the direct highway bus signed for Gotemba Premium Outlets.""},{""order"":3,""description"":""Use the reserved fare for the selected travel day; advance fares are JPY 1,900–2,200.""},{""order"":4,""description"":""Keep the same bus for the entire journey.""},{""order"":5,""description"":""Alight directly at Gotemba Premium Outlets.""}]",2026-08-10
shinjuku-highway-bus-terminal-to-gotemba-premium-outlets-bus,gotemba-premium-outlets,station,shinjuku-highway-bus-terminal,bus,Shinjuku Highway Bus Terminal to Gotemba Premium Outlets by direct highway bus,Approx. 1 hr 40–1 hr 50 min; traffic may affect travel time,"JPY 1,900–2,200 one way on JR Bus depending on day/service; Odakyu Bus JPY 2,000 one way",true,"[{""order"":1,""description"":""Go to Shinjuku Highway Bus Terminal (Busta Shinjuku).""},{""order"":2,""description"":""Board a JR Bus or Odakyu direct service signed for Gotemba Premium Outlets.""},{""order"":3,""description"":""Use the fare for the selected service: JPY 1,900–2,200 on JR Bus or JPY 2,000 on Odakyu Bus.""},{""order"":4,""description"":""Keep the same bus for the entire journey.""},{""order"":5,""description"":""Travel directly without transfer.""}]",2026-08-10
jr-gotemba-station-to-gotemba-premium-outlets-shuttle,gotemba-premium-outlets,station,jr-gotemba-station,shuttle,JR Gotemba Station to Gotemba Premium Outlets by free shuttle,Approx. 10–20 min; traffic varies,Free,true,"[{""order"":1,""description"":""Exit JR Gotemba Station at Otomeguchi Exit.""},{""order"":2,""description"":""Board the official free shuttle for Gotemba Premium Outlets.""},{""order"":3,""description"":""Regular daytime departures leave at :00, :15, :30 and :45 each hour.""},{""order"":4,""description"":""Ride via Tomei Gotemba IC to the outlet.""},{""order"":5,""description"":""For the return, use the outlet shuttle stop; regular departures are at :10, :25, :40 and :55.""}]",2026-08-10
tokyo-station-to-mitsui-outlet-park-kisarazu-bus,mitsui-outlet-park-kisarazu,station,tokyo-station,bus,Tokyo Station to Mitsui Outlet Park Kisarazu by direct express bus,Approx. 50 min; traffic varies,"JPY 1,500 one way adult; JPY 750 child",true,"[{""order"":1,""description"":""Go to Bus Terminal Tokyo Yaesu beneath Tokyo Midtown Yaesu.""},{""order"":2,""description"":""Board a direct service for Mitsui Outlet Park Kisarazu.""},{""order"":3,""description"":""Pay the current JPY 1,500 adult fare using the supported payment method.""},{""order"":4,""description"":""Travel directly via the Tokyo Bay Aqua-Line.""},{""order"":5,""description"":""Alight at Mitsui Outlet Park Kisarazu.""}]",2026-08-10
shinjuku-highway-bus-terminal-to-mitsui-outlet-park-kisarazu-bus,mitsui-outlet-park-kisarazu,station,shinjuku-highway-bus-terminal,bus,Shinjuku to Mitsui Outlet Park Kisarazu by direct express bus,Approx. 62 min; traffic varies,"JPY 1,600 one way adult; JPY 800 child",true,"[{""order"":1,""description"":""Go to Busta Shinjuku.""},{""order"":2,""description"":""Board the direct express bus signed for Mitsui Outlet Park Kisarazu.""},{""order"":3,""description"":""Pay the JPY 1,600 adult fare or JPY 800 child fare.""},{""order"":4,""description"":""Travel directly across the Tokyo Bay Aqua-Line.""},{""order"":5,""description"":""Alight at Mitsui Outlet Park Kisarazu.""}]",2026-08-10
haneda-airport-to-mitsui-outlet-park-kisarazu-bus,mitsui-outlet-park-kisarazu,airport,haneda-airport,bus,Haneda Airport to Mitsui Outlet Park Kisarazu by direct airport bus,Approx. 25–40 min depending on terminal/service; traffic varies,"JPY 1,400 one way adult; JPY 700 child",true,"[{""order"":1,""description"":""Go to the appropriate Haneda Airport limousine-bus stop/ticket facility for the current terminal.""},{""order"":2,""description"":""Select the direct Mitsui Outlet Park Kisarazu service.""},{""order"":3,""description"":""Purchase/pay the JPY 1,400 adult fare.""},{""order"":4,""description"":""Board the direct Keikyu/Kominato service.""},{""order"":5,""description"":""Travel across the Tokyo Bay Aqua-Line and alight at the outlet.""}]",2026-08-10
jr-sodegaura-station-to-mitsui-outlet-park-kisarazu-bus,mitsui-outlet-park-kisarazu,station,jr-sodegaura-station,bus,JR Sodegaura Station to Mitsui Outlet Park Kisarazu by local bus,Approx. 10 min; traffic varies,JPY 200 cash / JPY 199 IC one way adult,true,"[{""order"":1,""description"":""Exit JR Sodegaura Station toward the North Exit.""},{""order"":2,""description"":""Find the local bus for Mitsui Outlet Park Kisarazu.""},{""order"":3,""description"":""Use cash or compatible transportation IC card.""},{""order"":4,""description"":""Ride approximately 10 minutes.""},{""order"":5,""description"":""Alight at the outlet.""}]",2026-08-10
jr-kisarazu-station-to-mitsui-outlet-park-kisarazu-bus,mitsui-outlet-park-kisarazu,station,jr-kisarazu-station,bus,JR Kisarazu Station to Mitsui Outlet Park Kisarazu by local bus,Approx. 20 min; traffic varies,JPY 360 cash / JPY 356 IC one way adult,true,"[{""order"":1,""description"":""Exit JR Kisarazu Station toward the West Exit.""},{""order"":2,""description"":""Find the local Mitsui Outlet Park Kisarazu service.""},{""order"":3,""description"":""Use cash or compatible transportation IC card.""},{""order"":4,""description"":""Ride approximately 20 minutes.""},{""order"":5,""description"":""Alight at the outlet.""}]",2026-08-10
narita-airport-to-shisui-premium-outlets-direct-bus,shisui-premium-outlets,airport,narita-international-airport,bus,Narita International Airport to Shisui Premium Outlets by direct bus,Approx. 15–20 min,JPY 500 one way adult,true,"[{""order"":1,""description"":""At Narita Airport Terminal 2, use the 1F No.3 bus stop; at Terminal 1, use the 1F No.30 bus stop.""},{""order"":2,""description"":""Board the direct bus for Shisui Premium Outlets.""},{""order"":3,""description"":""Pay JPY 500 one way; contactless credit-card payment is available on the official service.""},{""order"":4,""description"":""Ride approximately 20 minutes directly to Shisui Premium Outlets.""},{""order"":5,""description"":""Confirm the current timetable before travel because seats cannot be reserved.""}]",2026-08-14
tokyo-station-to-shisui-premium-outlets-direct-bus,shisui-premium-outlets,station,tokyo-station,bus,Tokyo Station to Shisui Premium Outlets by direct bus,Approx. 50 min; traffic may affect travel time,"JPY 1,300 one way adult",true,"[{""order"":1,""description"":""Go to Bus Terminal Tokyo Yaesu, bus stop A02.""},{""order"":2,""description"":""Board the direct bus for Shisui Premium Outlets.""},{""order"":3,""description"":""Pay JPY 1,300 one way adult fare.""},{""order"":4,""description"":""Ride approximately 50 minutes directly to the outlet.""},{""order"":5,""description"":""Confirm the current timetable before travel because seats cannot be reserved.""}]",2026-08-14
sannomiya-to-kobe-sanda-premium-outlets-direct-bus,kobe-sanda-premium-outlets,city_center,sannomiya-station,bus,Sannomiya Station to Kobe-Sanda Premium Outlets by direct Shinki Bus,Approx. 50 min; some services may take longer,JPY 700 one way adult; JPY 350 child,true,"[{""order"":1,""description"":""Go to Shinki Bus Kobe-Sannomiya Bus Terminal.""},{""order"":2,""description"":""Board the direct Shinki Bus for Kobe-Sanda Premium Outlets.""},{""order"":3,""description"":""Pay JPY 700 one way for an adult or JPY 350 for a child.""},{""order"":4,""description"":""Ride approximately 50 minutes; some services may operate via intermediate points.""},{""order"":5,""description"":""Alight at Kobe-Sanda Premium Outlets and confirm the current return timetable before shopping.""}]",2026-08-14
kansai-airport-to-kobe-sanda-premium-outlets-bus,kobe-sanda-premium-outlets,airport,kansai-international-airport,bus,Kansai International Airport to Kobe-Sanda Premium Outlets via Kobe Sannomiya,Approx. 2 hr - 2 hr 20 min including transfer; traffic and connection time vary,"Approx. JPY 2,900 one way adult",true,"[{""order"":1,""description"":""At Kansai International Airport, board the Airport Limousine Bus for Kobe Sannomiya.""},{""order"":2,""description"":""The airport limousine segment takes approximately 65 minutes and costs JPY 2,200 one way adult.""},{""order"":3,""description"":""At Kobe Sannomiya, transfer to the Shinki Bus for Kobe-Sanda Premium Outlets.""},{""order"":4,""description"":""The outlet bus takes approximately 50 minutes and costs JPY 700 one way adult.""},{""order"":5,""description"":""Allow transfer time and confirm both current timetables before travel.""}]",2026-08-14
tokyo-station-to-sano-premium-outlets-direct-bus,sano-premium-outlets,station,tokyo-station,bus,Tokyo Station to Sano Premium Outlets by direct Marronnier highway bus,Approx. 90 min; traffic may affect travel time,"JPY 1,600 one way adult",true,"[{""order"":1,""description"":""Go to the JR highway-bus boarding area at Tokyo Station Yaesu South Exit.""},{""order"":2,""description"":""Board the Marronnier Tokyo highway bus for Sano Shintoshin Bus Terminal.""},{""order"":3,""description"":""Pay JPY 1,600 one way adult fare.""},{""order"":4,""description"":""Ride approximately 90 minutes to Sano Shintoshin Bus Terminal; traffic may affect travel time.""},{""order"":5,""description"":""From the bus terminal, walk approximately 3 minutes to Sano Premium Outlets.""}]",2026-08-14
haneda-airport-to-sano-premium-outlets-direct-bus,sano-premium-outlets,airport,haneda-airport,bus,Haneda Airport to Sano Premium Outlets by direct Marronnier airport bus,"Approx. 2 hr; service, terminal and traffic conditions may vary","JPY 4,600 one way adult; JPY 2,300 child",true,"[{""order"":1,""description"":""At Haneda Airport, use the current Marronnier airport-bus boarding point for your terminal.""},{""order"":2,""description"":""Board the direct Kanto Bus / Airport Limousine service for Sano Shintoshin Bus Terminal.""},{""order"":3,""description"":""Pay JPY 4,600 one way for an adult or JPY 2,300 for a child.""},{""order"":4,""description"":""Allow approximately 2 hours; scheduled journey time varies by terminal and service and traffic may cause delays.""},{""order"":5,""description"":""Alight at Sano Shintoshin Bus Terminal and walk approximately 3 minutes to Sano Premium Outlets.""}]",2026-08-14
shanghai-metro-to-shanghai-village,shanghai-village,station,disney-resort-station,metro,Metro Line 11 and Resort Shuttle Bus 1 to Shanghai Village,Metro time depends on journey origin; the official source does not publish a shuttle schedule,Metro fare depends on journey origin; the official source does not publish the shuttle fare,true,"[{""order"":1,""description"":""Take Shanghai Metro Line 11 to Disney Resort Station.""},{""order"":2,""description"":""Use Exit 4.""},{""order"":3,""description"":""Board Resort Shuttle Bus 1.""},{""order"":4,""description"":""Alight at Bicester Village station.""},{""order"":5,""description"":""Follow the signed access to Shanghai Village.""}]",2026-08-12
central-shanghai-to-shanghai-village-taxi,shanghai-village,city_center,central-shanghai,taxi,Central Shanghai to Shanghai Village by taxi or ride-hailing,Approximately 45 minutes from central Shanghai; traffic may vary,"Metered or app fare varies with traffic, origin and demand",true,"[{""order"":1,""description"":""Request a taxi or ride-hailing vehicle in central Shanghai.""},{""order"":2,""description"":""Set Shanghai Village, 88 Shendi East Road, as the destination.""},{""order"":3,""description"":""Confirm the destination before departure.""},{""order"":4,""description"":""Alight at the Shanghai Village passenger drop-off area.""}]",2026-08-12
pvg-to-shanghai-village-taxi,shanghai-village,airport,pvg,taxi,PVG to Shanghai Village by taxi or ride-hailing,Approximately 20 minutes; traffic may vary,Metered or app fare varies with traffic and demand,true,"[{""order"":1,""description"":""At PVG, follow signs to the official taxi rank or request a ride-hailing pickup.""},{""order"":2,""description"":""Set Shanghai Village, 88 Shendi East Road, as the destination.""},{""order"":3,""description"":""Confirm the destination before departure.""},{""order"":4,""description"":""Alight at the Shanghai Village passenger drop-off area.""}]",2026-08-12
barberino-florence-smn-shuttle,barberino,city_center,florence-city-center,shuttle,Florence SMN to Barberino Outlet by Official Shuttle,≈30–40 min (estimated); check official timetable,Estimated €13–20 return; check current official ticket details,true,"[{""order"":1,""description"":""Open Barberino's official shuttle information and confirm the current Florence schedule, ticket rules, and return departures before you travel.""},{""order"":2,""description"":""Go to Firenze Santa Maria Novella and reach the MySightseeing/Sightseeing Visitor Center meeting point in the station ticket-hall area at least 15–20 minutes before departure.""},{""order"":3,""description"":""Board the official shuttle to Barberino Designer Outlet and keep your ticket or booking available for inspection.""},{""order"":4,""description"":""On arrival, follow the outlet signs from the shuttle stop to Guest Services and the shops.""},{""order"":5,""description"":""Before shopping, confirm the same-day return shuttle time and boarding point so you do not miss the last service back to Florence.""}]",2026-07-02
barberino-bologna-weekend-shuttle,barberino,city_center,bologna-city-center,shuttle,Bologna Bus Station to Barberino Outlet by Official Weekend Shuttle,≈60–75 min (estimated); check official timetable,Check official ticket details,false,"[{""order"":1,""description"":""Confirm on Barberino's official access page that the Bologna shuttle is operating on your date; it is normally a limited Saturday, Sunday, and public-holiday service.""},{""order"":2,""description"":""Buy the ticket through the official booking link before travel, because on-board availability is not guaranteed.""},{""order"":3,""description"":""Go to Bologna Autostazione at Piazza XX Settembre 6, next to Bologna Centrale, and use the platform shown on the current ticket or timetable.""},{""order"":4,""description"":""Take the direct shuttle to Barberino Designer Outlet and follow signs from the coach stop to the shopping area.""},{""order"":5,""description"":""Confirm the fixed return departure from Barberino before shopping, allowing extra time to reach the coach stop.""}]",2026-07-02
barberino-florence-airport-car,barberino,airport,florence-airport,taxi,"Florence Airport to Barberino Outlet by Taxi, Rental Car, or Private Transfer",≈25–40 min (estimated),Confirm with provider,false,"[{""order"":1,""description"":""From Florence Airport, use a licensed taxi, rental car, or pre-booked private transfer; confirm the fare and luggage space before departure.""},{""order"":2,""description"":""Travel north toward Barberino di Mugello, following motorway or road signs for Barberino Designer Outlet.""},{""order"":3,""description"":""Use the outlet parking areas if driving, or agree a drop-off point close to the main entrance with your driver.""},{""order"":4,""description"":""If returning to the airport, pre-arrange the pickup time before shopping and allow extra time for A1 traffic.""},{""order"":5,""description"":""For a lower-cost public option, first reach Firenze Santa Maria Novella and use the official outlet shuttle from the station area.""}]",2026-07-02
barberino-florence-car-parking,barberino,city_center,florence-city-center,taxi,Florence to Barberino Outlet by Car with Outlet Parking,≈30–45 min (estimated),≈€8–15 fuel/tolls each way (estimated); taxi/private transfer confirm with provider,false,"[{""order"":1,""description"":""Leave central Florence toward the A1 northbound and follow signs for Barberino di Mugello and Barberino Designer Outlet.""},{""order"":2,""description"":""Use the official outlet parking on arrival; note your parking area before entering the shops.""},{""order"":3,""description"":""If using a taxi or private transfer, confirm the fare, waiting policy, and exact return pickup location before leaving the vehicle.""},{""order"":4,""description"":""For the return, allow extra time at weekends, during sales, and around Florence evening traffic.""}]",2026-07-02
castel-romano-termini-shuttle,castel-romano,city_center,rome-city-center,shuttle,Rome Termini to Castel Romano by Official Shuttle,About 30 min by road; check official timetable,€18 adult return; check current official ticket conditions,true,"[{""order"":1,""description"":""Check Castel Romano's official shuttle page for current Termini times, ticket conditions, and return departures.""},{""order"":2,""description"":""Go to the Termini departure point at Via Giolitti 48 and arrive early enough for boarding.""},{""order"":3,""description"":""Board the official shuttle to Castel Romano Designer Outlet at Via Ponte di Piscina Cupa 64.""},{""order"":4,""description"":""On arrival, follow signs from the shuttle stop to the main entrance and Guest Services.""},{""order"":5,""description"":""Before shopping, confirm the return shuttle departure to Termini and keep your ticket available.""}]",2026-07-02
castel-romano-eur-fermi-shuttle,castel-romano,city_center,rome-eur-fermi,shuttle,EUR Fermi to Castel Romano by Official Shuttle,≈25–35 min (estimated); check official timetable,€13 round trip adult; under-25 EUR Fermi shuttle noted as free by outlet services; confirm official ticket details,false,"[{""order"":1,""description"":""Check the official Castel Romano shuttle timetable for the EUR Fermi route on your shopping date.""},{""order"":2,""description"":""Go to the EUR Fermi departure point on Viale America 266, above EUR Fermi metro station.""},{""order"":3,""description"":""Board the official shuttle to Castel Romano Designer Outlet and keep your booking or ticket ready.""},{""order"":4,""description"":""Get off at the outlet stop and follow signs to the shops.""},{""order"":5,""description"":""Confirm the same-day return departures to EUR Fermi before shopping.""}]",2026-07-02
castel-romano-airport-car,castel-romano,airport,rome-airports,taxi,"Rome Airports to Castel Romano by Taxi, Rental Car, or Private Transfer",≈20–35 min from Ciampino or ≈25–45 min from Fiumicino (estimated),Confirm with provider,false,"[{""order"":1,""description"":""From Fiumicino or Ciampino, choose a licensed taxi, rental car, or pre-booked transfer and confirm the fare, luggage space, meeting point, and return pickup.""},{""order"":2,""description"":""Travel toward Castel Romano; the outlet's official access guidance notes routes from Rome via Via Pontina or Via di Trigoria.""},{""order"":3,""description"":""Use the outlet parking areas if driving, or agree a drop-off point at Via Ponte di Piscina Cupa 64.""},{""order"":4,""description"":""If connecting to a flight after shopping, book the return pickup before entering the outlet and allow a traffic buffer.""},{""order"":5,""description"":""If avoiding a direct road transfer, first reach Rome city center and use the official Termini or EUR Fermi shuttle.""}]",2026-07-02
castel-romano-rome-car-parking,castel-romano,city_center,rome-city-center,taxi,Rome to Castel Romano by Car with Outlet Parking,About 30 min by road,≈€8–15 fuel/tolls each way (estimated); taxi/private transfer confirm with provider,false,"[{""order"":1,""description"":""Leave Rome toward Castel Romano using Via Pontina or Via di Trigoria, as indicated by the outlet's official access page.""},{""order"":2,""description"":""Drive to Via Ponte di Piscina Cupa 64 and follow the outlet signs for visitor parking.""},{""order"":3,""description"":""Park in the outlet car parks and note the area or entrance for your return.""},{""order"":4,""description"":""For taxi or private transfer, confirm the fare and exact return pickup point before leaving the vehicle.""},{""order"":5,""description"":""Allow additional time for Rome ring-road, Pontina, and weekend shopping traffic on the return.""}]",2026-07-02
fidenza-milan-shopping-express,fidenza-village,city_center,milan-city-center,shuttle,Milan to Fidenza Village by Official Shopping Express,90 min each way,€10 adult fare; children 5–11 €5 and ages 0–4 free; check current booking conditions,true,"[{""order"":1,""description"":""Book the official Fidenza Village Shopping Express and confirm the timetable; tickets must be purchased at least five minutes before departure.""},{""order"":2,""description"":""Go to Piazza della Repubblica 5, at the corner with Via Turati and in front of the newsstand near MM3, at least 15 minutes before the 9:45 departure.""},{""order"":3,""description"":""Board the Shopping Express to Fidenza Village; the official schedule shows arrival at 11:15.""},{""order"":4,""description"":""On arrival, follow Village signs from the coach stop to the entrance and Concierge/Guest Services.""},{""order"":5,""description"":""Use the official 17:00 return from Fidenza Village, with arrival at Piazza della Repubblica around 18:30 subject to traffic.""}]",2026-07-02
fidenza-train-local-transfer,fidenza-village,station,fidenza-station,train,Fidenza Station to Fidenza Village by Local Transfer,≈10–15 min from Fidenza station by local transfer (estimated); rail time varies by origin,≈€8–15 local taxi (estimated); rail fare check official rail timetable,false,"[{""order"":1,""description"":""Use the official rail timetable to travel to Fidenza station from Milan, Bologna, Parma, or your starting city.""},{""order"":2,""description"":""At Fidenza station, use the station taxi rank or confirm the current local bus/transfer option to Via Federico Fellini 1 before leaving the station area.""},{""order"":3,""description"":""Continue to Fidenza Village and ask the driver or local provider where the return pickup will be.""},{""order"":4,""description"":""Before shopping, check the last practical return transfer to Fidenza station and your onward train.""}]",2026-07-02
fidenza-airports-via-milan,fidenza-village,airport,milan-airports,shuttle,Milan Airports to Fidenza Village via Milan Shopping Express,≈3–4 hr total one way including airport-city transfer and Shopping Express (estimated),Shopping Express €10 adult plus official airport transfer fare,false,"[{""order"":1,""description"":""From Malpensa, Linate, or Bergamo, use the official airport train or coach connection to reach central Milan.""},{""order"":2,""description"":""Allow enough buffer to reach Piazza della Repubblica 5 at least 15 minutes before the official Shopping Express departure.""},{""order"":3,""description"":""Take the booked Shopping Express to Fidenza Village.""},{""order"":4,""description"":""For the return, confirm the Shopping Express arrival in Milan and book an onward official airport connection that leaves enough time for traffic and check-in.""},{""order"":5,""description"":""If the coach timing does not fit your flight, use the official chauffeur/private-transfer contact or a rail route confirmed through official operators.""}]",2026-07-02
fidenza-milan-car-parking,fidenza-village,city_center,milan-city-center,taxi,Milan to Fidenza Village by Car with Free Parking,≈70–90 min (estimated),≈€8–15 fuel/tolls each way (estimated); chauffeur/private transfer confirm with provider,false,"[{""order"":1,""description"":""Drive from Milan toward Fidenza Village at Via Federico Fellini 1, 43036 Fidenza.""},{""order"":2,""description"":""Use the Village's official free parking; electric car charging points are also noted by the Village.""},{""order"":3,""description"":""If using the official chauffeur/private-transfer option, contact Concierge at least 24 hours in advance and confirm pickup, fare, and return details.""},{""order"":4,""description"":""For the return to Milan, allow extra time for motorway traffic and sales-period congestion.""}]",2026-07-02
la-reggia-naples-shuttle,la-reggia,city_center,naples-city-center,shuttle,Naples to La Reggia by Official Shuttle Service,≈45–70 min (estimated); check official timetable,Check official ticket details,false,"[{""order"":1,""description"":""Open La Reggia's official plan-your-visit page and confirm the Naples shuttle timetable and pickup points for your date.""},{""order"":2,""description"":""Use the official Naples stop shown for your departure, such as central Naples/port/hotel pickup points if listed in the current schedule.""},{""order"":3,""description"":""Board the shuttle to La Reggia Designer Outlet at S.P. 336 ex-Sannitica, Marcianise.""},{""order"":4,""description"":""On arrival, note the return shuttle stop before entering the shops.""},{""order"":5,""description"":""Confirm the last return to Naples before shopping, because older printed schedules may not reflect current operations.""}]",2026-08-03
la-reggia-naples-public-transport,la-reggia,city_center,naples-city-center,train,Napoli Centrale to La Reggia by Train and Outlet Link Bus,,Estimated €5–8 one-way total for train and Outlet Link bus; check current through-ticket fare,true,"[{""order"":1,""description"":""Take an official regional train from Napoli Centrale to Caserta railway station.""},{""order"":2,""description"":""From in front of Caserta railway station, board the AIR Campania / Trenitalia La Reggia Designer Outlet Link bus to the outlet.""},{""order"":3,""description"":""The Outlet Link runs daily and its bus connections are coordinated with train times; check the current official timetable before travel.""},{""order"":4,""description"":""Buy a combined ticket through Trenitalia channels; the one-way connection costs €1.30 and the rail ticket is charged separately.""},{""order"":5,""description"":""Confirm the return Outlet Link bus and regional train before shopping.""}]",2026-08-03
la-reggia-naples-car,la-reggia,city_center,naples-city-center,taxi,"Naples to La Reggia by Car, Taxi, or Private Transfer",≈25–40 min (estimated),≈€8–15 fuel/tolls each way (estimated); taxi/private transfer confirm with provider,false,"[{""order"":1,""description"":""Choose a rental car, taxi, or private transfer from Naples and confirm fare, pickup point, motorway toll handling, and return pickup before departure.""},{""order"":2,""description"":""Travel toward Marcianise; the official outlet page places La Reggia adjacent to the A1 motorway at the Caserta Sud exit.""},{""order"":3,""description"":""Use the outlet parking area or the agreed drop-off at S.P. 336 ex-Sannitica.""},{""order"":4,""description"":""For the return, allow extra time for A1, Caserta Sud, and shopping-period traffic.""}]",2026-07-02
la-reggia-naples-airport-transfer,la-reggia,airport,naples-airport,taxi,"Naples Airport to La Reggia by Taxi, Rental Car, or Private Transfer",≈20–35 min (estimated),Confirm with provider,false,"[{""order"":1,""description"":""From Naples Airport, choose a licensed taxi, rental car, or pre-booked private transfer and confirm fare, meeting point, luggage space, and return pickup.""},{""order"":2,""description"":""Travel toward Marcianise and the A1 Caserta Sud area noted on the outlet's official access page.""},{""order"":3,""description"":""Use La Reggia parking if driving, or agree a drop-off point near the entrance.""},{""order"":4,""description"":""If returning to the airport, reconfirm pickup time before shopping and leave a buffer for security and traffic.""}]",2026-07-02
noventa-venice-atvo-direct-bus,noventa,city_center,venice-city-center,bus,Venice Piazzale Roma to Noventa di Piave by ATVO Direct Bus,About 90 min; check official timetable,€9.20 adult return; children under 6 free; check current booking conditions,true,"[{""order"":1,""description"":""Check the official McArthurGlen/ATVO Noventa bus page and book if required; the outlet lists daily ATVO connections from Venice Piazzale Roma.""},{""order"":2,""description"":""Go to the ATVO departure stop at Venezia Piazzale Roma for the direct Noventa di Piave Designer Outlet service.""},{""order"":3,""description"":""Board the no-change bus and follow the current official timetable.""},{""order"":4,""description"":""Get off at the outlet stop at Via Marco Polo 1 and follow signs to the main entrance.""},{""order"":5,""description"":""Before shopping, confirm your return departure on the official page.""}]",2026-07-02
noventa-mestre-atvo-direct-bus,noventa,station,mestre-station,bus,Mestre Railway Station to Noventa di Piave by ATVO Direct Bus,≈60–75 min (estimated); check official timetable,Return ticket €9.20; children under 6 free,false,"[{""order"":1,""description"":""Check the official ATVO/McArthurGlen timetable for the Mestre railway station stop before travel.""},{""order"":2,""description"":""Go to the Mestre Bus Terminal/Railway Station ATVO stop shown in the current schedule.""},{""order"":3,""description"":""Take the ATVO bus toward Noventa di Piave Designer Outlet; the route also links Venice Piazzale Roma and Marco Polo Airport.""},{""order"":4,""description"":""On arrival, note the exact outlet return stop before entering the shops.""},{""order"":5,""description"":""Use the booked or confirmed return bus to Mestre railway station and allow for traffic.""}]",2026-07-02
noventa-marco-polo-airport-atvo,noventa,airport,venice-marco-polo-airport,bus,Venice Marco Polo Airport to Noventa di Piave by ATVO Direct Bus,≈45–60 min (estimated); check official timetable,Return ticket €9.20; children under 6 free,false,"[{""order"":1,""description"":""Check the official ATVO/McArthurGlen timetable because the direct outlet bus includes Marco Polo International Airport as an intermediate stop.""},{""order"":2,""description"":""Book or confirm your ticket before travel, then go to the ATVO stop at Marco Polo Airport.""},{""order"":3,""description"":""Ride directly to Noventa di Piave Designer Outlet and follow signs from the bus stop to the entrance.""},{""order"":4,""description"":""Confirm the return bus to Marco Polo Airport before shopping, especially if connecting to a flight.""}]",2026-07-02
noventa-venice-car-parking,noventa,city_center,venice-city-center,taxi,Venice Area to Noventa di Piave by Car with Outlet Parking,≈35–50 min (estimated),≈€8–15 fuel/tolls each way (estimated); taxi/private transfer confirm with provider,false,"[{""order"":1,""description"":""From the Venice mainland or Mestre, drive toward Noventa di Piave Designer Outlet at Via Marco Polo 1.""},{""order"":2,""description"":""Follow motorway signs for the Noventa di Piave area and the outlet, then use the official visitor parking.""},{""order"":3,""description"":""During special parking operations, follow the outlet's current extra-parking signs and any free parking shuttle instructions.""},{""order"":4,""description"":""For taxi or private transfer, confirm fare, tolls, and the exact return pickup point before shopping.""},{""order"":5,""description"":""Allow extra time on the return for A4/E70 and Venice access traffic.""}]",2026-07-02
serravalle-milan-official-shuttle,serravalle-designer-outlet,city_center,milan-city-center,shuttle,Milan to Serravalle Designer Outlet by Official Partner Shuttle,90 min from Milan by Zani Viaggi; McArthurGlen notes about 60 min by road,Estimated €25–35 adult return with an official partner; check selected operator,true,"[{""order"":1,""description"":""Check Serravalle's official bus connection page for current daily partner shuttles, pickup points, fares, and return times.""},{""order"":2,""description"":""Book an official partner listed by the outlet, such as Zani Viaggi or Frigerio Viaggi; Zani departures are from Milano Centrale railway station and Largo Cairoli, while Frigerio also lists Piazza IV Novembre, Via Fatebenefratelli/Piazza San Marco, and Via Paleocapa.""},{""order"":3,""description"":""Arrive at the exact Milan pickup point on your ticket at least 15 minutes before departure, because seats and return options depend on the selected partner service.""},{""order"":4,""description"":""Ride the direct partner shuttle to Serravalle Designer Outlet and follow signs from the coach stop to the shops and Guest Services.""},{""order"":5,""description"":""Before shopping, confirm the same-day return departure: current official examples include Zani returns at 16:15, 17:15, and 19:15, and Frigerio around 18:30, subject to the ticket you booked.""}]",2026-07-02
serravalle-train-bus,serravalle-designer-outlet,city_center,milan-city-center,train,Milan to Serravalle by Trenitalia Train + Serravalle Outlet Link Bus,≈90–120 min total (estimated); check official rail timetable,Official Outlet Link bus €2 each way plus rail fare,false,"[{""order"":1,""description"":""Use Trenitalia and select 'Serravalle Outlet' as the arrival or departure location so the train and dedicated Outlet Link bus can be purchased together.""},{""order"":2,""description"":""Travel by official rail service from Milan toward the Turin-Genoa regional line, using the itinerary Trenitalia offers via Arquata Scrivia, Serravalle Scrivia, or Novi Ligure.""},{""order"":3,""description"":""At the interchange station, look for the dedicated-livery bus waiting in front of the station and board for Serravalle Designer Outlet.""},{""order"":4,""description"":""Keep the combined ticket available; Trenitalia states the station-to-outlet bus supplement is €2 one way, with children aged 4–12 free on that bus fare.""},{""order"":5,""description"":""Before shopping, check the last Outlet Link bus back to your station and the onward train to Milan, because the bus timetable follows outlet opening days and may vary.""}]",2026-07-02
serravalle-genoa-bus-or-car,serravalle-designer-outlet,city_center,genoa-city-center,bus,Genoa to Serravalle by Officially Listed FlixBus or Car,≈60–75 min by listed coach (estimated); about 45 min by car,Confirm FlixBus fare; car fuel/tolls ≈€8–15 each way (estimated),false,"[{""order"":1,""description"":""Check Serravalle's official bus connection page for the currently listed Genoa service and book through the official FlixBus link if the times suit your shopping day.""},{""order"":2,""description"":""Use the listed Genova Fanti d'Italia departure point and confirm the outlet-bound stop on your ticket before travel.""},{""order"":3,""description"":""Ride to Serravalle Designer Outlet, then note the arrival stop for your return.""},{""order"":4,""description"":""Before shopping, confirm the available return departures; the outlet page lists examples such as 13:16 and 21:16 from Serravalle, subject to current booking availability.""},{""order"":5,""description"":""If driving instead, follow the A7 toward Serravalle Scrivia; McArthurGlen notes Genoa is about 45 minutes by car, and visitor parking is available at the centre.""}]",2026-07-02
serravalle-milan-airports-via-city,serravalle-designer-outlet,airport,milan-airports,shuttle,Milan Airports to Serravalle via Milan Partner Shuttle,≈2–3 hr total one way including airport-city transfer (estimated),Official airport transfer fare plus Zani Viaggi from €25 return or partner fare,false,"[{""order"":1,""description"":""From Malpensa, Linate, or Bergamo, use the official airport train or coach connection to reach central Milan with enough buffer for luggage and traffic.""},{""order"":2,""description"":""Book the official Serravalle partner shuttle that best matches your airport arrival; current outlet-listed Milan pickups include Centrale, Largo Cairoli, Brera/San Marco, Cadorna, Navigli, and Corso Buenos Aires depending on partner.""},{""order"":3,""description"":""Go to the exact pickup point shown on your partner ticket and board the direct shuttle to Serravalle Designer Outlet.""},{""order"":4,""description"":""For the return, confirm both the fixed shuttle return time to Milan and your onward official airport connection before shopping.""},{""order"":5,""description"":""If the schedules do not protect your flight time, use a licensed taxi, rental car, or pre-booked transfer and confirm the fare directly with the provider.""}]",2026-07-02
the-mall-firenze-florence-direct-bus,the-mall-firenze,city_center,florence-city-center,bus,Florence to The Mall Firenze by Official The Mall by Bus,≈35–50 min (estimated); check official timetable,€18 adult return (€9.50 one way); reduced return €9; under 4 free with paying adult,true,"[{""order"":1,""description"":""Open The Mall Firenze visit page and Busitalia's official The Mall by Bus page to confirm the current timetable and ticket rules for your shopping date.""},{""order"":2,""description"":""Go to the Piazzale Montelungo bus terminal, a few minutes' walk from Firenze Santa Maria Novella station, and arrive before departure; online tickets receive priority boarding.""},{""order"":3,""description"":""Board the direct Busitalia The Mall by Bus service from Florence to The Mall Firenze at Via Europa 8, Leccio Reggello.""},{""order"":4,""description"":""Keep the ticket available; Busitalia lists tickets online, on board without a price increase, through Trenitalia channels, and through supported ticket apps.""},{""order"":5,""description"":""Before shopping, check the current outward and return times on the official Busitalia page.""}]",2026-08-03
the-mall-firenze-florence-airport-via-city,the-mall-firenze,airport,florence-airport,bus,Florence Airport to The Mall Firenze via Florence Direct Bus,≈60–90 min total one way including airport-city transfer (estimated),Official airport transfer fare plus bus one way €9.50 or round trip €18,false,"[{""order"":1,""description"":""From Florence Airport, use the official airport tram, taxi, or licensed transfer to reach Firenze Santa Maria Novella / central Florence.""},{""order"":2,""description"":""Walk from SMN to the Piazzale Montelungo bus terminal and allow enough buffer for the next official The Mall by Bus departure.""},{""order"":3,""description"":""Buy or show your Busitalia ticket and take the direct bus to The Mall Firenze, Via Europa 8, Leccio Reggello.""},{""order"":4,""description"":""For the return, confirm both the direct bus back to Florence and your onward airport connection before shopping, especially for evening flights.""},{""order"":5,""description"":""If the bus timetable does not fit your flight, use a licensed taxi, rental car, or pre-booked private transfer and confirm the fare with the provider.""}]",2026-07-02
the-mall-firenze-train-local-transfer,the-mall-firenze,city_center,florence-city-center,train,Florence to The Mall Firenze by Train plus Local Transfer,≈60–90 min total (estimated),≈€8–15 total with local transfer (estimated); confirm official rail and local fares,false,"[{""order"":1,""description"":""Use the official rail timetable from Firenze Santa Maria Novella to the Valdarno/Reggello area only if the direct Busitalia The Mall by Bus timetable does not suit you.""},{""order"":2,""description"":""Book the train shown by the official rail operator and confirm the practical arrival station for a taxi or local bus toward Leccio Reggello before leaving Florence.""},{""order"":3,""description"":""At the arrival station, use an official local taxi rank or confirmed local bus connection to The Mall Firenze, Via Europa 8.""},{""order"":4,""description"":""Ask the local provider where to meet for the return transfer and keep enough time for your onward train to Florence.""},{""order"":5,""description"":""For most travellers, prefer the official direct bus because it is purpose-built for The Mall Firenze and avoids an unconfirmed local transfer.""}]",2026-07-02
the-mall-firenze-car-transfer,the-mall-firenze,city_center,florence-city-center,taxi,"Florence to The Mall Firenze by Car, Taxi, or Private Transfer",≈35–50 min (estimated),≈€8–15 fuel/tolls each way (estimated); taxi/private transfer confirm with provider,false,"[{""order"":1,""description"":""From Florence, take the A1 motorway in the direction of Rome, as described by The Mall Firenze's official visit page.""},{""order"":2,""description"":""Leave the motorway at the Incisa-Reggello exit, keep right toward Pontassieve, and continue as far as Leccio.""},{""order"":3,""description"":""Drive to The Mall Firenze at Via Europa 8, 50066 Leccio Reggello (FI), then use the outlet parking area or your agreed drop-off point.""},{""order"":4,""description"":""If using a taxi or private transfer, confirm the fare, tolls, luggage capacity, waiting policy, and exact return pickup point before leaving the vehicle.""},{""order"":5,""description"":""For the return to Florence, allow extra time for A1 traffic; if switching to the direct bus, check the official Busitalia return timetable before shopping.""}]",2026-07-02
valdichiana-village-florence-car,valdichiana-village,city_center,florence-city-center,taxi,Florence to Valdichiana Village by Car,60 min from Florence,Parking complimentary; fuel/tolls/taxi costs vary,false,"[{""order"":1,""description"":""Check Valdichiana Designer Village's official directions page for current access information and opening hours.""},{""order"":2,""description"":""Drive south from Florence toward Foiano della Chiana; the outlet states it is about a 60-minute drive from Florence.""},{""order"":3,""description"":""Follow signs to Via Enzo Ferrari 5, 52045 Foiano della Chiana, and use the Village parking areas.""},{""order"":4,""description"":""If using a taxi or private transfer, confirm the round-trip fare, waiting policy, and pickup point before leaving the vehicle.""},{""order"":5,""description"":""For the return to Florence, allow extra time for A1 traffic and weekend shopping peaks.""}]",2026-07-03
valdichiana-village-arezzo-train-bus,valdichiana-village,station,arezzo-station,bus,Arezzo Station to Valdichiana Village by Tiemme Bus LS5,50 min by bus from Arezzo Terminal Tiemme,Estimated €3–6 one way for Tiemme LS5 only; station walk free; upstream rail excluded,true,"[{""order"":1,""description"":""Use Trenitalia to reach Arezzo station, then confirm the current Tiemme Line LS5 timetable from Arezzo Terminal Tiemme.""},{""order"":2,""description"":""Walk from Arezzo station to the Tiemme bus terminal and board Line LS5 toward Foiano/Bettolle.""},{""order"":3,""description"":""Ride to the Valdichiana Designer Village stop; the outlet's official page lists a 50-minute bus journey.""},{""order"":4,""description"":""Follow the signed pedestrian route from the bus stop to the Village entrance.""},{""order"":5,""description"":""Before shopping, check the last LS5 return to Arezzo Terminal Tiemme and your onward Trenitalia connection.""}]",2026-08-03
valdichiana-village-florence-airport-car,valdichiana-village,airport,florence-airport,taxi,Florence Airport to Valdichiana Village by Rental Car or Transfer,≈70–90 min (estimated),Confirm taxi/private transfer provider; parking complimentary,false,"[{""order"":1,""description"":""From Florence Airport, pick up a rental car or meet your pre-booked transfer and confirm luggage space and return pickup.""},{""order"":2,""description"":""Travel via the Florence motorway network toward the A1 south and Foiano della Chiana.""},{""order"":3,""description"":""Arrive at Valdichiana Designer Village, Via Enzo Ferrari 5, and use the marked parking or drop-off area.""},{""order"":4,""description"":""For the return to the airport, set the pickup before shopping and add a traffic and check-in buffer.""}]",2026-07-03
udine-to-palmanova-designer-village-car,palmanova-designer-village,city_center,udine-city-center,taxi,Udine to Palmanova Designer Village by Car or Taxi,25 min from Udine,Parking free; taxi/private transfer confirm with provider,false,"[{""order"":1,""description"":""Set the destination to Palmanova Designer Village, Aiello del Friuli, by the A4 Palmanova exit.""},{""order"":2,""description"":""Drive south from Udine toward the A4 / Palmanova area; the official directions page states the Village is about 25 minutes from Udine.""},{""order"":3,""description"":""Follow the outlet and A4 Palmanova exit signs to the visitor parking areas.""},{""order"":4,""description"":""For a taxi or private transfer, agree the return pickup point and fare before entering the shops.""},{""order"":5,""description"":""For the return to Udine, allow extra time around weekend and sale-period traffic near the motorway exit.""}]",2026-07-03
trieste-to-palmanova-designer-village-train-taxi,palmanova-designer-village,city_center,trieste-city-center,train,Trieste to Palmanova Designer Village by Train and Local Transfer,≈60-90 min (estimated),Check official Trenitalia fare + local taxi/bus fare,false,"[{""order"":1,""description"":""From Trieste Centrale, check official Trenitalia services toward Cervignano-Aquileia-Grado or Palmanova, depending on the best current connection.""},{""order"":2,""description"":""Take the confirmed train and continue from the nearest practical station by local bus when available or licensed taxi to Palmanova Designer Village.""},{""order"":3,""description"":""If using regional buses, verify the Arriva Udine / TPL FVG stop and timetable before travel, because the Village is outside the historic town center.""},{""order"":4,""description"":""For the return, book or confirm the local transfer back to the station before shopping, then check the Trenitalia timetable to Trieste.""}]",2026-07-03
venice-airport-to-palmanova-designer-village-car,palmanova-designer-village,airport,venice-marco-polo-airport,taxi,Venice Marco Polo Airport to Palmanova Designer Village by Car,≈1h10-1h30 (estimated),Parking free; taxi/private transfer confirm with provider,false,"[{""order"":1,""description"":""From Venice Marco Polo Airport, use a rental car, licensed taxi, or pre-booked transfer and confirm the fare, luggage space, and pickup point.""},{""order"":2,""description"":""Follow the A4 motorway east toward Trieste and exit at Palmanova, as highlighted by the official Village directions.""},{""order"":3,""description"":""Continue to Palmanova Designer Village visitor parking in Aiello del Friuli.""},{""order"":4,""description"":""For the return to the airport, pre-book pickup or allow a motorway traffic buffer before your flight.""}]",2026-07-03
cervignano-station-to-palmanova-designer-village-local-transfer,palmanova-designer-village,station,cervignano-aquileia-grado-station,taxi,Cervignano-Aquileia-Grado to Palmanova Designer Village by Taxi,13 min,Estimated €25–40 daytime station-to-outlet taxi; upstream rail excluded; confirm supplements,true,"[{""order"":1,""description"":""Check the train time through the official Trenitalia channel.""},{""order"":2,""description"":""Reach Cervignano-Aquileia-Grado station.""},{""order"":3,""description"":""Arrange a licensed taxi or verified road transfer before travelling.""},{""order"":4,""description"":""Travel the official 12 km / approximately 13-minute road connection from the station to the outlet.""},{""order"":5,""description"":""Confirm the return transfer before shopping.""}]",2026-08-03
brescia-station-to-franciacorta-designer-village-bus,franciacorta-designer-village,station,brescia-station,bus,Brescia Station to Franciacorta Designer Village by Bus,25 min bus (official outlet estimate),Estimated €3–5 one way for LS029 bus only; upstream rail and walking excluded,true,"[{""order"":1,""description"":""Travel to Brescia railway station and walk to the SIA / Arriva bus area serving the Franciacorta routes.""},{""order"":2,""description"":""Check the official bus operator timetable for Line LS029 from Brescia toward Ome / Monticelli Brusati before boarding.""},{""order"":3,""description"":""Ride the confirmed bus toward Franciacorta Designer Village / Rodengo Saiano and get off at the outlet stop when served.""},{""order"":4,""description"":""Before shopping, check official LS029 return departures to Brescia because evening and holiday service may differ.""}]",2026-08-03
milan-to-franciacorta-designer-village-train-bus,franciacorta-designer-village,city_center,milan-city-center,train,Milan to Franciacorta Designer Village by Train and Bus,46 min train to Brescia + 25 min bus (official outlet estimates),check official Trenitalia and bus fares,false,"[{""order"":1,""description"":""From Milano Centrale, check official Trenitalia departures to Brescia; the outlet access page lists Milan to Brescia by train as 46 minutes.""},{""order"":2,""description"":""At Brescia, continue from the bus station area on official Line LS029 toward Ome / Monticelli Brusati when the timetable fits.""},{""order"":3,""description"":""Get off at Franciacorta Designer Village / the closest official outlet stop and follow pedestrian signs into the centre.""},{""order"":4,""description"":""For the return, check both the official bus timetable to Brescia and Trenitalia departures back to Milan before leaving the outlet.""}]",2026-07-04
verona-to-franciacorta-designer-village-train-bus,franciacorta-designer-village,city_center,verona-city-center,train,Verona to Franciacorta Designer Village by Train and Bus,30 min train to Brescia + 25 min bus (official outlet estimates),check official Trenitalia and bus fares,false,"[{""order"":1,""description"":""From Verona Porta Nuova, check official Trenitalia departures to Brescia; the outlet access page lists Verona to Brescia by train as 30 minutes.""},{""order"":2,""description"":""At Brescia, check official Line LS029 from the SIA / Arriva bus station area toward Ome / Monticelli Brusati.""},{""order"":3,""description"":""Ride the bus to the outlet area and follow signs into Franciacorta Designer Village.""},{""order"":4,""description"":""Check official return times for the bus to Brescia and the train to Verona before shopping.""}]",2026-07-04
franciacorta-designer-village-car-parking-guide,franciacorta-designer-village,city_center,brescia-city-center,taxi,Franciacorta Designer Village by Car or Taxi,check traffic,parking free; taxi fare confirm with provider,false,"[{""order"":1,""description"":""Set the destination to Franciacorta Designer Village, Rodengo Saiano, and confirm the current road approach before departure.""},{""order"":2,""description"":""Use the A4 / A35 and local road guidance shown by the official outlet access page or official motorway operators.""},{""order"":3,""description"":""Park in the visitor parking area and note the entrance used for your return.""},{""order"":4,""description"":""If using a taxi or private transfer, confirm the return pickup point and fare before entering the shops.""}]",2026-07-04
mantova-station-to-mantova-village-bus,mantova-village,station,mantova-station,bus,Mantova Station to Mantova Village by Bus,30 min total: 10 min walk plus 20 min bus,Estimated €3–5 one way for APAM bus only; 10-minute walk free; upstream rail excluded,true,"[{""order"":1,""description"":""Arrive at Mantova station and use the official outlet directions to walk about 600 m to the Line 31A stop at Viale Piave 4A.""},{""order"":2,""description"":""Check the official APAM timetable for Line 31A before boarding toward Mantova Village.""},{""order"":3,""description"":""Ride Line 31A to the Mantova Village / Fashion Outlet Village stop and follow the pedestrian route into the Village.""},{""order"":4,""description"":""Before shopping, check official APAM return departures to Mantova station.""}]",2026-08-03
verona-to-mantova-village-train-bus,mantova-village,city_center,verona-city-center,train,Verona to Mantova Village by Train and Bus,check official timetable + 20 min bus without traffic,check official Trenitalia and APAM fares,false,"[{""order"":1,""description"":""From Verona Porta Nuova, check official Trenitalia trains to Mantova station.""},{""order"":2,""description"":""At Mantova station, follow the official outlet directions to the Viale Piave 4A stop for APAM Line 31A.""},{""order"":3,""description"":""Take Line 31A to Mantova Village after checking the official APAM timetable.""},{""order"":4,""description"":""For the return, check APAM Line 31A and Trenitalia departures before leaving the Village.""}]",2026-07-04
mantova-village-car-parking-guide,mantova-village,city_center,mantova-city-center,taxi,Mantova Village by Car or Taxi,check traffic,parking free; taxi fare confirm with provider,false,"[{""order"":1,""description"":""Set the destination to Mantova Village in Bagnolo San Vito and confirm the route before departure.""},{""order"":2,""description"":""Follow official road signs to the Village and use the visitor parking areas on arrival.""},{""order"":3,""description"":""If travelling by taxi or private transfer, confirm the fare and return pickup point before shopping.""},{""order"":4,""description"":""Allow extra time around sale periods or weekends before returning to Mantova station or the motorway.""}]",2026-07-04
milan-to-vicolungo-style-outlets-shuttle,vicolungo-the-style-outlets,city_center,milan-centrale,shuttle,Milan to Vicolungo The Style Outlets by Shuttle Bus,,Approx. €20–30 paying-adult return; check current official booking total,true,"[{""order"":1,""description"":""Open Vicolungo The Style Outlets' official Shuttle Service page and confirm the current Milan operating days, reservation rules, fare and return time.""},{""order"":2,""description"":""Go to the confirmed Milan Central Station pickup point early with your reservation or payment method accepted by the operator.""},{""order"":3,""description"":""Ride the shuttle to Vicolungo The Style Outlets and note the return stop when you arrive.""},{""order"":4,""description"":""Before shopping, confirm the official return departure; seasonal promotions and timetables can change.""}]",2026-08-03
turin-to-vicolungo-style-outlets-shuttle,vicolungo-the-style-outlets,city_center,turin-city-center,shuttle,Turin to Vicolungo The Style Outlets by Shuttle Bus,Check official shuttle timetable,Check official operator fare before travel,false,"[{""order"":1,""description"":""Check the official Vicolungo shuttle page and the named operator booking page for Turin pickup points, operating dates and fare.""},{""order"":2,""description"":""Use only the pickup point confirmed for your date, such as Porta Nuova, Porta Susa or another official stop listed by the operator.""},{""order"":3,""description"":""Ride the shuttle to Vicolungo The Style Outlets and verify the return stop on arrival.""},{""order"":4,""description"":""Before shopping, check the return time and whether booking is mandatory or recommended for that service.""}]",2026-07-04
vicolungo-style-outlets-car-parking-guide,vicolungo-the-style-outlets,city_center,milan-or-turin-city-center,taxi,Driving or Taxi to Vicolungo The Style Outlets,Check traffic,Check official parking terms; taxi/private transfer fare varies,false,"[{""order"":1,""description"":""Set navigation to Vicolungo The Style Outlets and check the official access page before departure.""},{""order"":2,""description"":""Approach via the motorway route recommended by the outlet and current road operator information.""},{""order"":3,""description"":""Follow on-site parking signs and check current parking or EV charging information when you arrive.""},{""order"":4,""description"":""If using a taxi or private transfer, confirm the fare and return pickup point before shopping.""}]",2026-07-04
bologna-to-castel-guelfo-style-outlets-bus,castel-guelfo-the-style-outlets,city_center,bologna-city-center,bus,Bologna to Castel Guelfo The Style Outlets by Bus and Last-Mile Shuttle,Check official TPER timetable,Check official TPER fare before travel,false,"[{""order"":1,""description"":""Use the official TPER journey planner for Bologna to Castel San Pietro Terme / Castel Guelfo The Style Outlets before travel.""},{""order"":2,""description"":""Board only the bus connection shown by TPER for your date, allowing time for any transfer at Castel San Pietro Terme.""},{""order"":3,""description"":""For the final leg, use the official local shuttle or bus stop listed in the current timetable and walk only on marked pedestrian routes.""},{""order"":4,""description"":""Before shopping, check the return bus or shuttle timetable because evening and holiday service can differ.""}]",2026-07-04
castel-san-pietro-to-castel-guelfo-style-outlets-last-mile,castel-guelfo-the-style-outlets,station,castel-san-pietro-terme-station,shuttle,Castel San Pietro Terme Station to Castel Guelfo The Style Outlets,5 min,Free,true,"[{""order"":1,""description"":""Check current shuttle times at Castel San Pietro Terme FS.""},{""order"":2,""description"":""Board the free Castel Guelfo shuttle.""},{""order"":3,""description"":""The route serves TPER Martiri Partigiani before continuing to the outlet.""},{""order"":4,""description"":""Confirm the return shuttle time before shopping.""}]",2026-08-03
castel-guelfo-style-outlets-car-parking-guide,castel-guelfo-the-style-outlets,city_center,bologna-city-center,taxi,Driving or Taxi to Castel Guelfo The Style Outlets,About 20 minutes from Bologna when traffic is clear; check traffic,Check official parking terms; taxi/private transfer fare varies,false,"[{""order"":1,""description"":""Set navigation to Castel Guelfo The Style Outlets, Via del Commercio 4/2, and check the official access page before departure.""},{""order"":2,""description"":""Use the A14 toward the Castel San Pietro Terme exit when it is the confirmed best route for current traffic.""},{""order"":3,""description"":""Follow on-site parking signs and check current parking rules on arrival.""},{""order"":4,""description"":""If using a taxi or private transfer from Bologna or the airport, confirm fare and return pickup before shopping.""}]",2026-07-04
puglia-village-bari-shuttle-guide,puglia-village,city_center,bari-city-center,shuttle,Bari to Puglia Village by Official Shuttle Bus,,Free,true,"[{""order"":1,""description"":""Open the official Puglia Village shuttle information and confirm that the Bari shuttle is operating on your travel date.""},{""order"":2,""description"":""Use only the official Bari stop listed for your booking, such as Bari Central Station, Corso Vittorio Emanuele II, or the Port of Bari.""},{""order"":3,""description"":""Board the shuttle to Puglia Village and keep any booking confirmation or ticket terms available.""},{""order"":4,""description"":""Before shopping, confirm the return shuttle time and pickup point from the current official timetable.""}]",2026-08-03
puglia-village-molfetta-train-bus-guide,puglia-village,station,molfetta-station,train,Bari Centrale to Puglia Village via Molfetta Station,16-30 min train from Bari Centrale + 33 min bus without traffic,Check official Trenitalia and MTM Molfetta fares,false,"[{""order"":1,""description"":""Check Trenitalia for current trains from Bari Centrale to Molfetta station before travel.""},{""order"":2,""description"":""At Molfetta station, use MTM Molfetta Line 4 or Line 6 for the final leg to Puglia Village.""},{""order"":3,""description"":""Confirm the current bus direction, stop, and fare with the official local timetable before boarding.""},{""order"":4,""description"":""Check the return bus and train times before shopping, especially for evenings, Sundays, and holidays.""}]",2026-07-05
puglia-village-car-parking-airport-guide,puglia-village,airport,bari-airport,taxi,Bari Airport or Bari Area to Puglia Village by Road,21 min without traffic via SS16 from Bari Airport,"Parking available; confirm taxi, rental-car or transfer fare",false,"[{""order"":1,""description"":""Set navigation to Puglia Village, Via dei Portuali 12, zona Calderina, Molfetta.""},{""order"":2,""description"":""From Bari Airport, follow the SS16 road access listed on the official directions page.""},{""order"":3,""description"":""If driving, use the signed parking areas A-B-C-D-E-F listed by the Village.""},{""order"":4,""description"":""If using a taxi, ask the Info Point or your provider to confirm availability, fare, and the return pickup location.""}]",2026-07-05
sicilia-outlet-village-bus-shuttle-guide,sicilia-outlet-village,city_center,sicily-destinations,shuttle,Sicily Destinations to Sicilia Outlet Village by Bus or Shuttle,,Approx. €10–30 adult one way; varies by departure and operator,true,"[{""order"":1,""description"":""Use Sicilia Outlet Village's official bus links and check Interbus or Sais Autolinee for the current route, stop, and timetable.""},{""order"":2,""description"":""For outlet shuttle routes, use only the dedicated official route pages for Palermo, Messina, the Taormina Coast, Cefalù, or another listed departure.""},{""order"":3,""description"":""Book or buy tickets only through the official operator or route booking channel for the service you plan to use.""},{""order"":4,""description"":""Before shopping, confirm the return bus or shuttle time and stop with the same official operator.""}]",2026-08-03
sicilia-outlet-village-car-transfer-airport-guide,sicilia-outlet-village,airport,catania-palermo-airports,taxi,"Catania, Palermo, or Sicily Locations to Sicilia Outlet Village by Road",30 min from Catania or Enna; 70 min from Palermo or Taormina,Large free parking available; taxi/private transfer fare varies,false,"[{""order"":1,""description"":""Set navigation to Sicilia Outlet Village, A19, 94011 Agira EN, and use the Dittaino-Outlet highway exit.""},{""order"":2,""description"":""Follow signs to the large free visitor parking areas on arrival.""},{""order"":3,""description"":""For airport access, check Sais Autolinee from Catania Airport or Palermo Airport only when the official timetable confirms a suitable Village stop.""},{""order"":4,""description"":""If using taxi or NCC private transfer, contact the provider or the Village Info Point to confirm fare, pickup point, and return plan.""}]",2026-07-05
scalo-milano-shuttle-guide,scalo-milano-outlet-more,city_center,milan-city-center,shuttle,Milan to Scalo Milano by Official Shuttle Bus,,Approx. €5–10 paying-adult return; check current official booking total,true,"[{""order"":1,""description"":""Check Scalo Milano's official shuttle information and linked booking channel for the current schedule and booking terms.""},{""order"":2,""description"":""Choose an official Milan stop, such as Piazza della Repubblica, Via Lorenzini/Fondazione Prada, or Via Ripamonti/IEO.""},{""order"":3,""description"":""Reserve the shuttle through the official booking channel and keep your confirmation available.""},{""order"":4,""description"":""Confirm the same-day return departure from Scalo Milano before shopping.""}]",2026-08-03
scalo-milano-train-bus-guide,scalo-milano-outlet-more,station,locate-triulzi-station,train,Milan Area to Scalo Milano by Train or Public Bus,,Check official rail or bus fare,false,"[{""order"":1,""description"":""Use the official rail timetable for Passante Ferroviario S13 services to Locate Triulzi.""},{""order"":2,""description"":""Alight at Locate Triulzi station, which Scalo Milano lists near Gate 1.""},{""order"":3,""description"":""For bus travel, verify current stops and timetables for ATM 220 Locate di Triulzi-Rozzano, 94 Pavia-Milano Romolo, or 155 San Zenone Po-Milano Famagosta.""},{""order"":4,""description"":""Check your return S13 or bus time before shopping.""}]",2026-08-03
scalo-milano-car-parking-airport-guide,scalo-milano-outlet-more,airport,milan-airports,taxi,Milan or Airports to Scalo Milano by Road,15 min from central Milan; airport timing varies by traffic,"Free covered and uncovered parking; confirm airport taxi, rental-car or transfer fare",false,"[{""order"":1,""description"":""Set navigation to Scalo Milano Outlet & More, Via Milano 5, Locate Triulzi.""},{""order"":2,""description"":""Follow the official route guidance from Milan toward SS 412 Val Tidone and Locate Triulzi.""},{""order"":3,""description"":""From Malpensa or Linate, use an official airport taxi, rental car, or confirmed transfer provider via the road routes listed by Scalo Milano.""},{""order"":4,""description"":""Use Scalo Milano's free covered or uncovered parking if driving; do not rely on a dedicated airport shuttle unless one is officially published.""}]",2026-07-05
torino-outlet-village-public-transport-guide,torino-outlet-village,city_center,turin-city-center,train,"Turin to Torino Outlet Village by Tram, Train, and GTT Bus",,Approx. €3–6 adult one-way local transport total,true,"[{""order"":1,""description"":""For the tram route, take Tram 4 toward Falchera to Stura Station, then GTT bus SE1 or SE2 from the terminus by the Stura GTT multi-storey car park to Nervi.""},{""order"":2,""description"":""For the train route, use SFM lines 1, 2, 4, 6 or 7 from Torino Lingotto, Porta Susa, or Rebaudengo to Torino Stura.""},{""order"":3,""description"":""Continue from Torino Stura by GTT bus SE1 or SE2 and get off at Nervi after the confirmed four-stop bus segment.""},{""order"":4,""description"":""Check both the return bus and onward tram or train times before shopping.""}]",2026-08-03
torino-outlet-village-car-transfer-airport-guide,torino-outlet-village,airport,turin-airport,taxi,"Turin Airport, Turin, or West Milan to Torino Outlet Village by Road",About 15 min from Turin Airport; 10 min from Turin city center; 50 min from West Milan,Confirm taxi or private-transfer fare; fuel and tolls vary,false,"[{""order"":1,""description"":""Set navigation to Torino Outlet Village, Via Torino 160-162.""},{""order"":2,""description"":""Use the Turin-Milan highway access listed by the outlet, with Settimo Torinese or Falchera-Abbadia di Stura as the recommended exits when appropriate for your route.""},{""order"":3,""description"":""From Turin Airport, use the taxi service listed by the official find-us page and confirm the fare with the provider.""},{""order"":4,""description"":""For private transfer, contact the outlet email or phone number on the find-us page and confirm pickup point and return timing.""}]",2026-07-05
mondovicino-outlet-village-train-bus-guide,mondovicino-outlet-village,station,mondovi-station,bus,Mondovì FS to Mondovicino Outlet Village by Urban Circular Bus,,Approx. €2–3 adult one-way urban bus fare,true,"[{""order"":1,""description"":""Check the current weekday or holiday urban circular timetable linked by Mondovicino.""},{""order"":2,""description"":""Depart from Mondovì FS on the urban circular bus.""},{""order"":3,""description"":""Confirm that the selected service is travelling in the correct direction for Mondovicino Outlet Village.""},{""order"":4,""description"":""Check the return time before shopping.""}]",2026-08-03
mondovicino-outlet-village-road-airport-guide,mondovicino-outlet-village,airport,cuneo-turin-genoa-malpensa-nice-airports,taxi,Road and Airport Access to Mondovicino Outlet Village,30 min from Cuneo; 1 hr from Turin; 1 hr 30 min from Genoa; 2 hr 30 min from Milan Malpensa or Nice,"Confirm airport taxi, rental-car or transfer fare; fuel and tolls vary",false,"[{""order"":1,""description"":""From Turin or Savona, use the A6 Torino-Savona and exit at Mondovì as listed by Mondovicino.""},{""order"":2,""description"":""From Cuneo, use SS28; from the Langhe, use SP12; from the Côte d'Azur, use A10 then A6 when that route matches current conditions.""},{""order"":3,""description"":""From Cuneo, Turin, Genoa, Milan Malpensa, or Nice airports, use an official airport taxi, rental car, or confirmed transfer provider.""},{""order"":4,""description"":""Do not rely on a dedicated airport shuttle unless Mondovicino publishes one for your travel date.""}]",2026-07-05
brugnato-5terre-outlet-village-train-taxi-guide,brugnato-5terre-outlet-village,station,la-spezia-or-levanto-station,train,La Spezia or Levanto Station to Brugnato 5Terre Outlet Village by Taxi,Rail timing varies by origin; onward taxi required,Check official rail fare and taxi fare,false,"[{""order"":1,""description"":""Use the official rail timetable to travel to La Spezia or Levanto, the railway stations listed by the outlet access guidance.""},{""order"":2,""description"":""Before departure, verify taxi availability from the chosen station for the onward trip to Brugnato 5Terre Outlet Village.""},{""order"":3,""description"":""Continue by taxi to the Outlet Village and agree the return pickup point or taxi contact before leaving the vehicle.""},{""order"":4,""description"":""Before shopping, check both the return taxi arrangement and the onward train departure from La Spezia or Levanto.""}]",2026-07-05
brugnato-5terre-outlet-village-road-airport-guide,brugnato-5terre-outlet-village,airport,pisa-or-genoa-airport,taxi,Pisa or Genoa Airport to Brugnato 5Terre Outlet Village by Road,Check official airport ground transport and road conditions,"Confirm airport rail, taxi, rental-car or transfer fare; fuel and tolls vary",false,"[{""order"":1,""description"":""From Pisa or Genoa airport, use official airport ground transport information to choose a licensed taxi, rental car, rail connection, or confirmed transfer.""},{""order"":2,""description"":""If driving, follow the outlet's official road guidance toward the A12 Genova-Livorno and the Brugnato motorway exit.""},{""order"":3,""description"":""For approaches from Milan use A1-A15/E33, from Parma use A15/E33, and from Genova or La Spezia use A12/E80 when those routes match current conditions.""},{""order"":4,""description"":""Do not rely on a dedicated airport shuttle unless the outlet publishes one for your travel date; confirm the return airport transfer before shopping.""}]",2026-07-05
brugnato-5terre-outlet-village-shuttle-guide,brugnato-5terre-outlet-village,city_center,liguria-or-tuscany-shuttle-points,shuttle,Brugnato 5Terre Outlet Village Shuttle from Liguria or Tuscany,,€5 per person; cash at departure,true,"[{""order"":1,""description"":""Check the official Brugnato shuttle information for the current operating dates and departure locations in Liguria and Tuscany.""},{""order"":2,""description"":""Complete the mandatory reservation through the Infopoint.""},{""order"":3,""description"":""Arrive early at the confirmed departure point and have the €5 cash payment ready.""},{""order"":4,""description"":""Travel by shuttle to Brugnato 5Terre Outlet Village.""},{""order"":5,""description"":""Confirm the return time before shopping.""}]",2026-08-03
valmontone-outlet-train-shuttle-guide,valmontone-outlet,station,valmontone-station,train,Valmontone Station to Valmontone Outlet by Official Shuttle,,€1.50 outlet shuttle from Valmontone station; upstream train excluded,true,"[{""order"":1,""description"":""Use Trenitalia to plan a rail journey to Valmontone station and check Valmontone Outlet's official Link information before travel.""},{""order"":2,""description"":""Confirm the outlet shuttle is operating for your date; the transportation record verifies Wednesday-through-Sunday and holiday service.""},{""order"":3,""description"":""At Valmontone station, board the official outlet shuttle only after confirming the current departure time and fare.""},{""order"":4,""description"":""Before shopping, confirm the return shuttle from the outlet to Valmontone station and your onward train.""}]",2026-08-03
cilento-outlet-village-train-guide,cilento-outlet-village,station,battipaglia-station,taxi,Battipaglia FS to Cilento Outlet by Taxi,,Approx. €25–40 daytime taxi from Battipaglia FS; upstream train excluded,true,"[{""order"":1,""description"":""Travel by train to Battipaglia FS.""},{""order"":2,""description"":""Arrange a licensed taxi or verified pickup before travelling.""},{""order"":3,""description"":""Use the 10 km road transfer to the outlet.""},{""order"":4,""description"":""Confirm the return pickup and train time before shopping.""}]",2026-08-03
santangelo-outlet-village-train-guide,santangelo-outlet-village,station,pescara-centrale-station,taxi,Pescara Centrale to Santangelo Outlet Village by Taxi,15 min,Approx. €20–35 daytime taxi from Pescara Centrale; upstream train excluded,true,"[{""order"":1,""description"":""Use Trenitalia to plan a rail journey to Pescara Centrale, the station listed by Santangelo Outlet Village.""},{""order"":2,""description"":""Before travelling, confirm the onward transport option for the 15-minute connection from Pescara Centrale to the outlet.""},{""order"":3,""description"":""Continue to Santangelo Outlet Village only after confirming the stop, fare or pickup point for the onward connection.""},{""order"":4,""description"":""Check both return onward transport and train times before shopping.""}]",2026-08-03
santangelo-outlet-village-bus-guide,santangelo-outlet-village,city_center,pescara-city-center,bus,Pescara to Santangelo Outlet Village by Bus,,Check the current TUA fare,false,"[{""order"":1,""description"":""Check the current TUA timetable before travelling.""},{""order"":2,""description"":""Confirm the correct stop for the outlet before boarding in Pescara.""},{""order"":3,""description"":""Confirm the final walking or local connection from the verified stop to the outlet.""},{""order"":4,""description"":""Check the return service in advance.""}]",2026-08-03
riga-to-via-jurmala-outlet-village-bus,via-jurmala-outlet-village,city_center,riga-city-center,bus,Riga to Via Jurmala Outlet Village by Bus,,€1.15,true,"[{""order"":1,""description"":""From Riga, check the official Rīgas satiksme timetable for Bus Route 4 or Route 32 toward Piņķi / Via Jurmala Outlet Village.""},{""order"":2,""description"":""Board the confirmed service from the listed Riga stop only after checking the official timetable for the shopping date.""},{""order"":3,""description"":""Get off at the official Piņķi stop, then follow the pedestrian route to Via Jurmala Outlet Village.""},{""order"":4,""description"":""Before shopping, check the official return timetable for Route 4 or Route 32 back toward Riga.""}]",2026-07-04
babite-station-to-via-jurmala-outlet-village-bus,via-jurmala-outlet-village,station,babite-station,bus,Babīte Station to Via Jurmala Outlet Village by Bus,check official timetable,check official fare,false,"[{""order"":1,""description"":""Arrive at Babīte by official passenger train after checking the Vivi / Latvian rail timetable from Riga or Jūrmala.""},{""order"":2,""description"":""At Babīte, check the official Route 4 timetable toward Piņķi / Via Jurmala Outlet Village.""},{""order"":3,""description"":""Board Route 4 when it fits your train arrival, or use a licensed taxi if the official bus timetable does not work.""},{""order"":4,""description"":""For the return, check both the Route 4 bus timetable and the onward train timetable before leaving the outlet.""}]",2026-07-04
jurmala-to-via-jurmala-outlet-village-train-bus,via-jurmala-outlet-village,city_center,jurmala-city-center,train,Jūrmala to Via Jurmala Outlet Village by Train and Bus,check official timetable,check official train and bus fares,false,"[{""order"":1,""description"":""From Jūrmala, check official Vivi / Latvian rail services toward Babīte.""},{""order"":2,""description"":""Travel by train to Babīte, then connect to official Bus Route 4 toward Piņķi / Via Jurmala Outlet Village if the timetable fits.""},{""order"":3,""description"":""Complete the last-mile bus ride or use a licensed taxi from Babīte when no convenient official bus is available.""},{""order"":4,""description"":""Check official return bus and train times before shopping.""}]",2026-07-04
via-jurmala-outlet-village-car-parking-guide,via-jurmala-outlet-village,city_center,riga-city-center,taxi,Via Jurmala Outlet Village by Car or Taxi,check traffic,parking at outlet; taxi fare confirm with provider,false,"[{""order"":1,""description"":""Follow the official outlet driving directions from Riga or Jūrmala toward Piņķi, Saliena and Exupery International School.""},{""order"":2,""description"":""Use the Via Jurmala Outlet Village parking lot indicated by the official access page.""},{""order"":3,""description"":""If using Smile Taxi or another licensed taxi, confirm the fare and return pickup point before shopping.""},{""order"":4,""description"":""For the return by car, re-check the official route because missed turns near the Jūrmala approach may require a turnaround.""}]",2026-07-04
vilnius-center-to-outlet-park-vilnius-bus,outlet-park-vilnius,city_center,vilnius-city-center,bus,Vilnius City Centre to Outlet Park by Public Bus,,€1.25,true,"[{""order"":1,""description"":""Open the official JUDU journey planner and set the destination near Outlet Park / Ogmios Miestas before leaving central Vilnius.""},{""order"":2,""description"":""Choose a JUDU bus or trolleybus itinerary to the closest operating stop and check the official timetable for the shopping date.""},{""order"":3,""description"":""Ride to the confirmed stop, then follow the signed pedestrian route into the Outlet Park / Ogmios Miestas shopping area.""},{""order"":4,""description"":""Before shopping, check official return departures in JUDU so you know which stop and line to use back to the city centre.""}]",2026-07-04
vilnius-airport-to-outlet-park-vilnius-bus,outlet-park-vilnius,airport,vilnius-airport,bus,Vilnius Airport to Outlet Park by Public Transport,check official timetable,check official fare,false,"[{""order"":1,""description"":""At Vilnius Airport, use the official airport and JUDU information to choose the current public-transport connection toward Outlet Park / Ogmios Miestas.""},{""order"":2,""description"":""If the planner requires a transfer in central Vilnius, confirm both legs and the official timetable before boarding.""},{""order"":3,""description"":""Travel to the closest confirmed stop for Outlet Park and complete the last-mile walk on marked pedestrian routes.""},{""order"":4,""description"":""For the return to the airport, check official JUDU times and allow a flight check-in buffer.""}]",2026-07-04
outlet-park-vilnius-car-parking-guide,outlet-park-vilnius,city_center,vilnius-city-center,taxi,Outlet Park Vilnius by Car or Taxi,check traffic,check official parking terms; taxi fare confirm with provider,false,"[{""order"":1,""description"":""Set the destination to Outlet Park / Ogmios Miestas and confirm the active vehicle entrance before departure.""},{""order"":2,""description"":""For self-drive parking, use the official parking operator information for the Outlet Park / V. Pociūno area and check the current free-time and payment rules.""},{""order"":3,""description"":""If using a taxi or ride-hail, agree the pickup point near the shopping area before entering the centre.""},{""order"":4,""description"":""Before leaving, pay or validate parking as required by the official parking operator and confirm the exit route.""}]",2026-07-04
stuttgart-city-center-to-outletcity-metzingen,outletcity-metzingen,city_center,stuttgart-city-center,train,Stuttgart city center to Outletcity Metzingen by train,,≈€10–15 total (estimated); check current DB or bwegt fare,true,"[{""order"":1,""description"":""Use Deutsche Bahn or bwegt for Stuttgart Hbf to Metzingen (Württ); Outletcity lists Metzingen (Württ) station as the train access point.""},{""order"":2,""description"":""Board a regional connection toward Metzingen, changing at Reutlingen or Tübingen only if the official planner requires it for your departure.""},{""order"":3,""description"":""At Metzingen (Württ), follow signs toward Outletcity; the walk to Hugo-Boss-Platz and the main shopping streets is about 10-15 minutes.""},{""order"":4,""description"":""For the return, check the evening DB/bwegt departure from Metzingen before shopping and allow time to walk back to the station.""},{""order"":5,""description"":""Use DB/bwegt on the day and do not rely on historic schedules because regional train transfers can change.""},{""order"":6,""description"":""Before checkout, confirm you are walking 10-15 minutes back to Metzingen (Württ) station; if you miss the final planned connection, use the official operator app for the next train/bus or ask Outletcity guest services about taxi/private transfer options.""}]",2026-07-01
stuttgart-airport-to-outletcity-metzingen,outletcity-metzingen,airport,stuttgart-airport,shuttle,Stuttgart Airport to Outletcity Metzingen,≈35-50 min (estimated),€10 round-trip advance / €12 on bus / €8.50 one-way (official shuttle fare),false,"[{""order"":1,""description"":""Check the official Outletcity Shopping Shuttle Line 1 timetable for Stuttgart Airport and surrounding stops before booking.""},{""order"":2,""description"":""Book online where possible; Outletcity states advance round-trip tickets cost €10, while onboard purchase is €12 round-trip or €8.50 one-way.""},{""order"":3,""description"":""Board at the airport pickup point shown on the official booking/timetable and ride directly to Outletcity Metzingen.""},{""order"":4,""description"":""Keep the return departure time from Outletcity available; if the shuttle does not run for your flight time, use DB/bwegt via Stuttgart Hbf or a taxi/private transfer.""}]",2026-07-01
metzingen-station-to-outletcity-metzingen,outletcity-metzingen,station,metzingen-station,walking,Metzingen station to Outletcity Metzingen,≈10-15 min (estimated),Free,false,"[{""order"":1,""description"":""Arrive at Metzingen (Württ), the station named by Outletcity for train arrivals.""},{""order"":2,""description"":""Exit toward central Metzingen and follow pedestrian signs/navigation to Hugo-Boss-Platz 4 and the Outletcity shopping streets.""},{""order"":3,""description"":""Use a taxi only if you have heavy luggage or accessibility needs; the normal last-mile route is a short walk.""},{""order"":4,""description"":""For the return, leave the shops early enough for the 10-15 minute walk and recheck your DB/bwegt platform.""}]",2026-07-01
outletcity-metzingen-direct-shuttle,outletcity-metzingen,city_center,stuttgart-city-center,shuttle,Stuttgart direct Shopping Shuttle to Outletcity Metzingen,≈35-50 min (estimated),€10 round-trip advance / €12 on bus / €8.50 one-way (official shuttle fare),false,"[{""order"":1,""description"":""Open the official Outletcity Shopping Shuttle page and choose Line 2 from Stuttgart city center to Outletcity Metzingen and back.""},{""order"":2,""description"":""Book online in advance where possible for the €10 round-trip fare; confirm the exact pickup point and operating day on the timetable.""},{""order"":3,""description"":""Arrive at the confirmed Stuttgart pickup point early and keep your booking ready for boarding.""},{""order"":4,""description"":""On arrival, note the Outletcity return stop and departure time before entering the shops.""},{""order"":5,""description"":""If Line 2 is not operating on your date, use the Stuttgart Hbf to Metzingen (Württ) train guide instead.""}]",2026-07-01
outletcity-metzingen-public-transport,outletcity-metzingen,city_center,stuttgart-city-center,bus,Public transport and bus options to Outletcity Metzingen,≈40-60 min (estimated),≈€8-15 (estimated),false,"[{""order"":1,""description"":""Use bwegt or DB for regional train options and the official Outletcity page for bus links, including eXpresso and Swiss Eurobus where relevant.""},{""order"":2,""description"":""Enter Metzingen (Württ) or Outletcity Metzingen as the destination and select the connection that matches your shopping hours.""},{""order"":3,""description"":""If routed by rail, walk from Metzingen station; if routed by bus, get off only at the stop named in the official timetable.""},{""order"":4,""description"":""Buy the correct operator ticket before boarding and keep enough time for the final walk or stop transfer.""},{""order"":5,""description"":""Recheck the last return connection on DB/bwegt or the bus operator before checkout.""}]",2026-07-01
outletcity-metzingen-by-car,outletcity-metzingen,city_center,stuttgart-city-center,taxi,Driving to Outletcity Metzingen,"≈30 min (official from Stuttgart, traffic-dependent)",Parking: P4/P4.1 free; other car parks confirm on site,false,"[{""order"":1,""description"":""Set navigation to OUTLETCITY METZINGEN, Hugo-Boss-Platz 4, 72555 Metzingen, the address on the official arrival page.""},{""order"":2,""description"":""Drive from Stuttgart toward Metzingen and follow local Outletcity parking signs on arrival.""},{""order"":3,""description"":""Choose the official car park closest to your shops: P0, P1, P2, P3, or the free P4/P4.1 parking spaces listed by Outletcity.""},{""order"":4,""description"":""For the return, save your parking location, check live traffic toward Stuttgart, and follow the signed exit route rather than stopping near store entrances.""}]",2026-07-01
outletcity-metzingen-parking,outletcity-metzingen,city_center,stuttgart-city-center,walking,Parking guidance for Outletcity Metzingen,On site,P4/P4.1 free (official); other parking confirm on site,false,"[{""order"":1,""description"":""Check the official parking list before driving; Outletcity lists garages P0-P3, free spaces P4 and P4.1, and e-charging at several car parks.""},{""order"":2,""description"":""Follow signs to the designated visitor car park instead of stopping at Hugo-Boss-Platz or shop entrances.""},{""order"":3,""description"":""If you need EV charging, choose one of the official e-charging locations and confirm availability on arrival.""},{""order"":4,""description"":""Keep any ticket/payment instructions and note the pedestrian route from your car park back to the shops and later to your return exit.""}]",2026-07-01
munich-city-center-to-ingolstadt-village,ingolstadt-village,city_center,munich-city-center,shuttle,Munich city center to Ingolstadt Village by Shopping Express,≈45 min (official),Confirm with provider,false,"[{""order"":1,""description"":""Use the official Ingolstadt Village Getting Here page and book the Shopping Express seat before travel.""},{""order"":2,""description"":""Board at the Munich pickup point shown on the official booking confirmation; the Village states the Shopping Express runs Munich to Ingolstadt Village and back Monday to Saturday.""},{""order"":3,""description"":""Ride directly to Ingolstadt Village, then check the return stop and departure time before shopping.""},{""order"":4,""description"":""If your date is sold out or the coach is not operating, use the train plus bus 22 route instead.""}]",2026-07-01
munich-city-center-to-ingolstadt-village-train-bus,ingolstadt-village,city_center,munich-city-center,train,Munich to Ingolstadt Village by Train and VGI 22,,≈€20–35 total (estimated); check current DB and VGI fares,true,"[{""order"":1,""description"":""Travel from München Hbf to Ingolstadt Hbf using the current DB connection.""},{""order"":2,""description"":""Transfer to VGI 22.""},{""order"":3,""description"":""Alight directly at Ingolstadt Village.""},{""order"":4,""description"":""Check the return bus and train before shopping.""}]",2026-07-01
munich-airport-to-ingolstadt-village,ingolstadt-village,airport,munich-airport,bus,Munich Airport to Ingolstadt Village,≈1 hr 25 min-1 hr 55 min (estimated),≈€15-30 (estimated),false,"[{""order"":1,""description"":""Use the official VGI Airport Express between Munich Airport and Ingolstadt; VGI lists stops at Munich Airport Center and Terminal 2 and Ingolstadt Nordbahnhof/ZOB.""},{""order"":2,""description"":""From Ingolstadt Nordbahnhof or ZOB, change to VGI bus 20 for Ingolstadt Village, as listed on the official Village Getting Here page.""},{""order"":3,""description"":""If your connection uses Ingolstadt Hbf instead, continue by VGI bus 22 directly to the Village.""},{""order"":4,""description"":""Before shopping, confirm the Airport Express return timetable because airport tickets and regional tickets can have separate rules.""}]",2026-07-01
ingolstadt-hbf-to-ingolstadt-village,ingolstadt-village,station,ingolstadt-hbf,bus,Ingolstadt Hbf to Ingolstadt Village,25 min,Check current VGI fare,false,"[{""order"":1,""description"":""Exit Ingolstadt Hbf and find the VGI bus stop for line 22 toward Ingolstadt Village.""},{""order"":2,""description"":""Take bus 22; the official Ingolstadt Village train page states the journey takes approximately 25 minutes and stops right in front of the Village.""},{""order"":3,""description"":""Check the VGI real-time display or timetable for the exact departure and return times.""},{""order"":4,""description"":""For the return, board bus 22 at the Village stop back toward Ingolstadt Hbf.""}]",2026-07-01
ingolstadt-village-by-car,ingolstadt-village,city_center,munich-city-center,taxi,Driving to Ingolstadt Village,≈45-70 min (estimated),Parking free (official),false,"[{""order"":1,""description"":""Set navigation to Ingolstadt Village, Otto-Hahn-Straße 1, 85055 Ingolstadt.""},{""order"":2,""description"":""Drive from Munich via the A9 toward Ingolstadt and follow local signs to the Village.""},{""order"":3,""description"":""The official Village visit page states the centre is directly on the A9 and offers complimentary parking and EV charging points.""},{""order"":4,""description"":""For the return, check live motorway traffic before leaving the car park.""}]",2026-07-01
frankfurt-city-center-to-wertheim-village,wertheim-village,city_center,frankfurt-city-center,shuttle,Frankfurt city center to Wertheim Village by Shopping Express,,≈€20–35 return (estimated); check current official fare and booking terms,true,"[{""order"":1,""description"":""Use the official Wertheim Village visit page and Shopping Express booking link; the Village says it is 45 minutes from Frankfurt and next to the A3.""},{""order"":2,""description"":""Book the Frankfurt Shopping Express in advance and confirm the exact city-center pickup point and operating day.""},{""order"":3,""description"":""Ride directly to Wertheim Village and note the return stop before shopping.""},{""order"":4,""description"":""If the coach is unavailable, use DB from Frankfurt toward Wertheim/Würzburg and a local bus or taxi for the final leg.""},{""order"":5,""description"":""Reserve before travel and confirm fare, pickup point, luggage rules, and the return departure time with the Shopping Express provider.""}]",2026-07-01
frankfurt-airport-to-wertheim-village,wertheim-village,airport,frankfurt-airport,train,Frankfurt Airport to Wertheim Village,≈1 hr 30 min-2 hr 15 min (estimated),≈€20-40 (estimated),false,"[{""order"":1,""description"":""Use DB from Frankfurt Flughafen Fernbahnhof/Regionalbahnhof toward Wertheim, usually changing through Frankfurt Hbf, Aschaffenburg, Würzburg, or Lauda depending on the timetable.""},{""order"":2,""description"":""From Wertheim station, use the official local connection shown by the planner or take a short taxi to Wertheim Village.""},{""order"":3,""description"":""For airport returns, choose a connection with extra buffer for rail changes and security.""},{""order"":4,""description"":""If travelling on a Shopping Express operating day, compare the airport-to-city transfer plus coach with the rail option before booking.""}]",2026-07-01
wertheim-station-to-wertheim-village,wertheim-village,station,wertheim-station,bus,Wertheim station to Wertheim Village,≈10-20 min (estimated),≈€3-15 (estimated),false,"[{""order"":1,""description"":""Arrive at Wertheim station and check the official local transport planner for the next bus to Wertheim Village or Almosenberg.""},{""order"":2,""description"":""If no suitable bus is due, take a short local taxi to the Village.""},{""order"":3,""description"":""Get off at the Village/Almosenberg stop named by the operator and follow pedestrian signs to the boutiques.""},{""order"":4,""description"":""For the return, check the last bus or pre-book a taxi before leaving the shops.""}]",2026-07-01
wertheim-village-public-transport,wertheim-village,city_center,frankfurt-city-center,train,Frankfurt to Wertheim Village by train and local transfer,≈1 hr 45 min-2 hr 30 min (estimated),≈€20-35 (estimated),false,"[{""order"":1,""description"":""Use DB for Frankfurt Hbf to Wertheim; the official Village page confirms train access from Frankfurt and Würzburg.""},{""order"":2,""description"":""Change only as shown in the official planner, commonly via Aschaffenburg, Würzburg, or Lauda depending on departure.""},{""order"":3,""description"":""At Wertheim station, continue by the official local bus if it matches your arrival, or use a taxi for the short last mile.""},{""order"":4,""description"":""Buy rail and local tickets according to the operator rules and recheck the return before shopping.""},{""order"":5,""description"":""Use the official Village page for Shopping Express context, DB for rail, and the local operator for the Wertheim station last mile; keep separate tickets for coach, rail, and local bus where required.""},{""order"":6,""description"":""Confirm the last useful bus/taxi from Wertheim Village before shopping; if you miss the planned return, ask Concierge/Guest Services to help confirm the next DB/local bus option or a taxi.""}]",2026-07-01
wertheim-village-by-car,wertheim-village,city_center,frankfurt-city-center,taxi,Driving to Wertheim Village,"≈45 min (official, traffic-dependent)",Parking free (official),false,"[{""order"":1,""description"":""Set navigation to Wertheim Village, Almosenberg, 97877 Wertheim.""},{""order"":2,""description"":""Drive from Frankfurt via the A3 toward Wertheim; the official page says the Village is next to the A3 motorway.""},{""order"":3,""description"":""Follow signs to the complimentary Village car parks and EV charging points.""},{""order"":4,""description"":""For the return, save your car park area and check live A3 traffic toward Frankfurt before leaving.""}]",2026-07-01
wertheim-village-parking,wertheim-village,city_center,frankfurt-city-center,walking,Parking guidance for Wertheim Village,On site,Free (official),false,"[{""order"":1,""description"":""Use the official Visit page before arrival; Wertheim Village states parking is complimentary and EV charging points are available.""},{""order"":2,""description"":""Follow the signed visitor parking route and parking attendants if present.""},{""order"":3,""description"":""If you need accessible, reserved, or EV parking, confirm current availability with Guest Services before travel.""},{""order"":4,""description"":""Note your parking zone and pedestrian entrance for a simple return after shopping.""}]",2026-07-01
berlin-city-center-to-designer-outlet-berlin,designer-outlet-berlin,city_center,berlin-city-center,shuttle,Berlin city center to Designer Outlet Berlin by free shuttle,30 min,Free,true,"[{""order"":1,""description"":""Use the official Designer Outlet Berlin directions page before departure.""},{""order"":2,""description"":""On Fridays, Saturdays and event days, board the free shuttle at Kurfürstendamm 225/Hard Rock Café at the listed time.""},{""order"":3,""description"":""Ride the non-stop shuttle to Designer Outlet Berlin; the official page states the journey is 30 minutes.""},{""order"":4,""description"":""Check the same official shuttle section for the return time to Berlin before you start shopping.""}]",2026-07-01
berlin-city-center-to-designer-outlet-berlin-train,designer-outlet-berlin,city_center,berlin-city-center,train,Berlin city center to Designer Outlet Berlin by train and shuttle,≈45-70 min (estimated),≈€4-8 (estimated),false,"[{""order"":1,""description"":""Use the official VBB/DB journey planner from central Berlin to Wustermark station.""},{""order"":2,""description"":""At Wustermark station, use the outlet-confirmed free shuttle/local transfer or continue by taxi if the shuttle is not running.""},{""order"":3,""description"":""Allow extra time on Sundays or event days because shuttle times can differ.""},{""order"":4,""description"":""For the return, confirm both the Wustermark connection and the final Berlin train before leaving the outlet.""}]",2026-07-01
berlin-airport-to-designer-outlet-berlin,designer-outlet-berlin,airport,berlin-airport,train,Berlin Brandenburg Airport to Designer Outlet Berlin,≈1 hr 30 min-2 hr 10 min (estimated),≈€5-12 (estimated),false,"[{""order"":1,""description"":""Use the official VBB/DB planner from BER Airport to Wustermark station or Designer Outlet Berlin.""},{""order"":2,""description"":""Change in Berlin as instructed by the planner, then continue toward Wustermark.""},{""order"":3,""description"":""From Wustermark, use the outlet shuttle/local connection or taxi to the centre.""},{""order"":4,""description"":""Check the return route before shopping to protect airport check-in time.""}]",2026-07-01
wustermark-station-to-designer-outlet-berlin,designer-outlet-berlin,station,wustermark-station,shuttle,Wustermark station to Designer Outlet Berlin,≈10-15 min (estimated),Free if outlet shuttle operates; taxi ≈€12-20 (estimated),false,"[{""order"":1,""description"":""Arrive at Wustermark station and check the outlet directions page or station notices for the free shuttle connection.""},{""order"":2,""description"":""Board only the current outlet-confirmed shuttle or use a local taxi if no shuttle is available.""},{""order"":3,""description"":""Keep the return shuttle time available before entering the shops.""},{""order"":4,""description"":""If returning late, check the VBB/DB train departure from Wustermark first.""}]",2026-07-01
designer-outlet-berlin-by-car,designer-outlet-berlin,city_center,berlin-city-center,taxi,Driving to Designer Outlet Berlin,30 min from downtown Berlin (official),Parking free (official),false,"[{""order"":1,""description"":""Set navigation to Designer Outlet Berlin, Alter Spandauer Weg 1, 14641 Wustermark.""},{""order"":2,""description"":""Follow the B5 toward Wustermark; the official directions page states the outlet is directly on the B5 and about 30 minutes from downtown Berlin.""},{""order"":3,""description"":""Use the visitor parking in front of the entrance; the official page lists 3,000 free spaces, disabled parking and 10 EV charging stations.""},{""order"":4,""description"":""For the return, check live B5 and Berlin traffic before leaving.""}]",2026-07-01
hamburg-city-center-to-designer-outlet-neumunster,designer-outlet-neumunster,city_center,hamburg-city-center,train,Hamburg to Designer Outlet Neumünster via Neumünster Bahnhof,,"≈€12–25 total (estimated); check current DB, NAH.SH and Stadtwerke Neumünster fares",true,"[{""order"":1,""description"":""Travel from Hamburg Hbf to Neumünster Bahnhof using the current DB/NAH.SH connection.""},{""order"":2,""description"":""Transfer to Stadtwerke Neumünster bus 7 or 77.""},{""order"":3,""description"":""Alight at Designer Outlet Neumünster.""},{""order"":4,""description"":""Check both return connections before shopping.""}]",2026-07-01
hamburg-airport-to-designer-outlet-neumunster,designer-outlet-neumunster,airport,hamburg-airport,train,Hamburg Airport to Designer Outlet Neumünster,≈1 hr 20 min-1 hr 50 min (estimated),≈€12-25 (estimated),false,"[{""order"":1,""description"":""Use HVV/DB from Hamburg Airport to Hamburg Hbf, then a train to Neumünster.""},{""order"":2,""description"":""At Neumünster station, continue to Oderstraße 10 by local bus or taxi.""},{""order"":3,""description"":""Allow buffer time for the airport-to-Hbf transfer and confirm the date-specific train timetable.""},{""order"":4,""description"":""For the return, check the Hamburg Airport connection before leaving the centre.""}]",2026-07-01
neumunster-station-to-designer-outlet-neumunster,designer-outlet-neumunster,station,neumunster-station,bus,Neumünster Bahnhof to Designer Outlet Neumünster by Bus,,Check current Stadtwerke Neumünster fare,false,"[{""order"":1,""description"":""Arrive at Neumünster station and use the local operator journey planner for buses toward Oderstraße/Designer Outlet.""},{""order"":2,""description"":""If the next bus is not convenient, take a taxi for the short last-mile trip.""},{""order"":3,""description"":""Get off at the stop shown by the official local timetable for Designer Outlet Neumünster/Oderstraße.""},{""order"":4,""description"":""Check the return bus or taxi plan before shopping.""}]",2026-07-01
designer-outlet-neumunster-by-car,designer-outlet-neumunster,city_center,hamburg-city-center,taxi,Driving to Designer Outlet Neumünster,≈45-70 min (estimated),Confirm with outlet,false,"[{""order"":1,""description"":""Set navigation to Designer Outlet Neumünster, Oderstraße 10, 24539 Neumünster.""},{""order"":2,""description"":""Use the official McArthurGlen plan-your-visit page and route planner link before departure.""},{""order"":3,""description"":""The official page states the centre is 30 minutes from Hamburg north and Kiel; allow longer from central Hamburg and during A7 traffic.""},{""order"":4,""description"":""Follow on-site parking signs and confirm current parking conditions with the outlet before arrival.""}]",2026-07-01
hannover-city-center-to-designer-outlets-wolfsburg,designer-outlets-wolfsburg,city_center,hannover-city-center,train,Hannover to Designer Outlets Wolfsburg via Wolfsburg Hbf,,≈€15–30 (estimated); check current Deutsche Bahn fare,true,"[{""order"":1,""description"":""Use DB from Hannover Hbf to Wolfsburg Hauptbahnhof.""},{""order"":2,""description"":""On arrival, walk from Wolfsburg Hauptbahnhof; the official outlet access page states the station is only two minutes on foot from the outlets.""},{""order"":3,""description"":""The outlets are next to the central station and opposite Autostadt, so follow signs toward An der Vorburg.""},{""order"":4,""description"":""For return, check DB departures from Wolfsburg Hbf before leaving the centre.""}]",2026-07-01
hannover-airport-to-designer-outlets-wolfsburg,designer-outlets-wolfsburg,airport,hannover-airport,train,Hannover Airport to Designer Outlets Wolfsburg,≈1 hr 15 min-1 hr 45 min (estimated),≈€18-35 (estimated),false,"[{""order"":1,""description"":""Use GVH/DB from Hannover Airport to Hannover Hbf, then DB to Wolfsburg Hbf.""},{""order"":2,""description"":""Walk about two minutes from Wolfsburg Hbf to Designer Outlets Wolfsburg.""},{""order"":3,""description"":""Confirm airport return connections before shopping because the airport leg requires a transfer in Hannover.""},{""order"":4,""description"":""Allow extra time for evening flights.""}]",2026-07-01
wolfsburg-hbf-to-designer-outlets-wolfsburg,designer-outlets-wolfsburg,station,wolfsburg-hbf,walking,Wolfsburg Hauptbahnhof to Designer Outlets Wolfsburg,2 min,Free,false,"[{""order"":1,""description"":""Exit Wolfsburg Hauptbahnhof toward the city centre/Autostadt side.""},{""order"":2,""description"":""Walk to Designer Outlets Wolfsburg at An der Vorburg 1; the official access page says the main station is only two minutes away on foot.""},{""order"":3,""description"":""For local buses, the official page says all public buses serve Wolfsburg central bus station only a few metres from the centre toward Porschestraße.""},{""order"":4,""description"":""For the return, use Wolfsburg Hbf or the central bus station and check live departures.""}]",2026-07-01
designer-outlets-wolfsburg-by-car,designer-outlets-wolfsburg,city_center,hannover-city-center,taxi,Driving to Designer Outlets Wolfsburg,≈60-85 min (estimated),Parking from €1 first 2 hr; then from €0.50/hr (official),false,"[{""order"":1,""description"":""Set navigation to Designer Outlets Wolfsburg, An der Vorburg 1, 38440 Wolfsburg, or the official coordinates 52.4284, 10.7956.""},{""order"":2,""description"":""From the A39, take the Wolfsburg Zentrum exit and follow signs for Designer Outlets.""},{""order"":3,""description"":""Use the on-site paid parking; the official access page lists about 1,000 spaces and a 1.90 m height limit for the tunnel/underground garages.""},{""order"":4,""description"":""The first 20 minutes are free; 0-120 minutes cost €1.00, with higher hourly charges after that.""}]",2026-07-01
cologne-city-center-to-city-outlet-bad-munstereifel,city-outlet-bad-munstereifel,city_center,cologne-city-center,train,Cologne to City Outlet Bad Münstereifel via Euskirchen,,≈€10–20 total (estimated); check current DB or VRS fare,true,"[{""order"":1,""description"":""Check the RB24 departure from Köln Hbf to Euskirchen.""},{""order"":2,""description"":""Take RB24 to Euskirchen.""},{""order"":3,""description"":""Change to S23.""},{""order"":4,""description"":""Get off at Bad Münstereifel and use the official 150-metre pedestrian connection.""},{""order"":5,""description"":""Check the return S23 and RB24 connection before shopping.""}]",2026-07-01
cologne-airport-to-city-outlet-bad-munstereifel,city-outlet-bad-munstereifel,airport,cologne-airport,train,Cologne Bonn Airport to City Outlet Bad Münstereifel,≈1 hr 45 min-2 hr 20 min (estimated),≈€10-25 (estimated),false,"[{""order"":1,""description"":""Use DB/VRS from Cologne Bonn Airport toward Köln Hbf or another official connection point, then continue by RB24 to Euskirchen.""},{""order"":2,""description"":""Change at Euskirchen to S23 for Bad Münstereifel.""},{""order"":3,""description"":""Walk the final 150 metres from Bad Münstereifel station to the pedestrian zone as described by the official outlet page.""},{""order"":4,""description"":""Confirm the airport return connection before shopping, especially for evening flights.""}]",2026-07-01
bad-munstereifel-station-to-city-outlet-bad-munstereifel,city-outlet-bad-munstereifel,station,bad-munstereifel-station,walking,Bad Münstereifel station to City Outlet Bad Münstereifel,≈2-5 min (official distance 150 m),Free,false,"[{""order"":1,""description"":""Exit Bad Münstereifel station toward the town centre.""},{""order"":2,""description"":""Walk about 150 metres to the pedestrian zone; the official outlet directions page states the station is only about 150 metres away.""},{""order"":3,""description"":""Use the pedestrian-zone entrances for the outlet stores throughout the historic town centre.""},{""order"":4,""description"":""For the return, walk back to the same station and check S23 departures toward Euskirchen.""}]",2026-07-01
city-outlet-bad-munstereifel-public-transport,city-outlet-bad-munstereifel,city_center,cologne-city-center,bus,Regional bus options to City Outlet Bad Münstereifel,Check official timetable,VRS/NRW ticket accepted where valid (official),false,"[{""order"":1,""description"":""Use train as the primary route from Cologne; the official page lists RB24 to Euskirchen and S23 to Bad Münstereifel.""},{""order"":2,""description"":""For regional bus alternatives, check VRS/DB for district buses 801 and connections from Rheinbach and Mechernich, which are listed by the official outlet.""},{""order"":3,""description"":""Use only date-specific operator timetables because rural bus frequencies vary.""},{""order"":4,""description"":""For return travel, confirm the last bus or use the S23/RB24 rail route.""}]",2026-07-01
city-outlet-bad-munstereifel-by-car,city-outlet-bad-munstereifel,city_center,cologne-city-center,taxi,Driving to City Outlet Bad Münstereifel,≈55-80 min (estimated),Confirm parking locally,false,"[{""order"":1,""description"":""Drive toward Bad Münstereifel and use exit 112 Bad Münstereifel/Mechernich, as stated on the official outlet directions page.""},{""order"":2,""description"":""Follow signs toward Bad Münstereifel; after the town sign on L165, continue downhill and follow parking-lot signs.""},{""order"":3,""description"":""Use official parking areas including station parking and further spaces toward Schleidtal under the underpass bridge.""},{""order"":4,""description"":""For the return, save the car park location and check live traffic toward Cologne.""}]",2026-07-01
frankfurt-city-center-to-montabaur-the-style-outlets,montabaur-the-style-outlets,city_center,frankfurt-city-center,train,Frankfurt to Outlet Montabaur via Montabaur ICE,,≈€18–35 (estimated); check current Deutsche Bahn fare,true,"[{""order"":1,""description"":""Check the current Deutsche Bahn connection from Frankfurt (Main) Hbf.""},{""order"":2,""description"":""Travel to Montabaur ICE.""},{""order"":3,""description"":""Walk from the ICE-Park station area to Outlet Montabaur.""},{""order"":4,""description"":""Check the return service before shopping.""}]",2026-07-01
frankfurt-airport-to-montabaur-the-style-outlets,montabaur-the-style-outlets,airport,frankfurt-airport,train,Frankfurt Airport to Montabaur The Style Outlets,≈35-60 min (estimated),≈€18-35 (estimated),false,"[{""order"":1,""description"":""Use DB from Frankfurt Flughafen Fernbahnhof to Montabaur and select a direct ICE when available.""},{""order"":2,""description"":""At Montabaur station, exit toward the outlet and walk to the signed entrance.""},{""order"":3,""description"":""For airport returns, choose a train that leaves enough buffer for airline check-in and security.""},{""order"":4,""description"":""If no convenient ICE is available, compare a DB connection via Limburg/Koblenz with a pre-booked taxi or rental car.""}]",2026-07-01
montabaur-station-to-montabaur-the-style-outlets,montabaur-the-style-outlets,station,montabaur-station,walking,Montabaur ICE to Outlet Montabaur on Foot,,Free,false,"[{""order"":1,""description"":""Arrive at Montabaur ICE station and exit toward the outlet side of the station area.""},{""order"":2,""description"":""Follow pedestrian signs/navigation to Montabaur The Style Outlets; the centre is adjacent to the station area.""},{""order"":3,""description"":""Use a taxi only for accessibility needs, heavy luggage, or bad weather.""},{""order"":4,""description"":""For the return, allow 5-10 minutes to walk back and check the DB departure board.""}]",2026-07-01
montabaur-the-style-outlets-by-car,montabaur-the-style-outlets,city_center,frankfurt-city-center,taxi,Driving to Montabaur The Style Outlets,≈55-75 min (estimated),Parking: confirm with outlet,false,"[{""order"":1,""description"":""Set navigation to Montabaur The Style Outlets, using the official outlet location near Montabaur ICE station and the A3 corridor.""},{""order"":2,""description"":""Drive from Frankfurt via the A3 toward Montabaur and follow local outlet/ICE station signs.""},{""order"":3,""description"":""On arrival, use signed visitor parking and confirm any time limits or validation requirements on site.""},{""order"":4,""description"":""For the return, check live A3 traffic toward Frankfurt before leaving the car park.""}]",2026-07-01
montabaur-the-style-outlets-parking,montabaur-the-style-outlets,city_center,frankfurt-city-center,walking,Parking guidance for Montabaur The Style Outlets,On site,Confirm with outlet,false,"[{""order"":1,""description"":""Before driving, check the official outlet information for current parking rules because the outlet sits next to Montabaur ICE station.""},{""order"":2,""description"":""Follow visitor parking signs rather than station commuter parking unless the outlet directs you there.""},{""order"":3,""description"":""Confirm any free-period, ticket validation, EV charging, or accessibility parking rules on arrival.""},{""order"":4,""description"":""Save your parking location and the pedestrian route to the shops for the return.""}]",2026-07-01
saarbrucken-city-center-to-zweibrucken-fashion-outlet,zweibrucken-fashion-outlet,city_center,saarbrucken-city-center,train,Saarbrücken to Zweibrücken Fashion Outlet by Rail and City Bus,,"≈€8–15 total (estimated); check current DB, VRN and SaarVV fares",true,"[{""order"":1,""description"":""Check the current route from Saarbrücken Hbf to Zweibrücken.""},{""order"":2,""description"":""Continue using the current official city bus connection.""},{""order"":3,""description"":""Alight at the stop confirmed for Zweibrücken Fashion Outlet.""},{""order"":4,""description"":""Check both return connections before shopping.""}]",2026-07-01
saarbrucken-airport-to-zweibrucken-fashion-outlet,zweibrucken-fashion-outlet,airport,saarbrucken-airport,bus,Saarbrücken Airport to Zweibrücken Fashion Outlet,≈55-90 min (estimated),≈€8-20 (estimated),false,"[{""order"":1,""description"":""Use the official airport/local transport planner from Saarbrücken Airport to Saarbrücken Hbf or directly toward Zweibrücken if available.""},{""order"":2,""description"":""Continue by DB/VRN to Zweibrücken Hbf and change to the local bus for Fashion Outlet.""},{""order"":3,""description"":""If travelling with luggage or during gaps in the bus timetable, compare the public transport route with a pre-booked taxi.""},{""order"":4,""description"":""For the return to the airport, confirm the airport bus and outlet-city bus times before shopping.""}]",2026-07-01
zweibrucken-hbf-to-zweibrucken-fashion-outlet,zweibrucken-fashion-outlet,station,zweibrucken-hbf,bus,Zweibrücken to Zweibrücken Fashion Outlet by City Bus,,Check current VRN fare,false,"[{""order"":1,""description"":""Arrive at Zweibrücken Hbf and check the Stadtbus/VRN departure for Fashion Outlet or Londoner Bogen.""},{""order"":2,""description"":""Board the bus only if it matches your shopping and return time; VIA Outlets confirms city bus connectivity Monday to Saturday.""},{""order"":3,""description"":""Get off at the Fashion Outlet stop and walk into the centre.""},{""order"":4,""description"":""For the return, check the stop timetable before entering the shops; take a taxi if the next bus is not practical.""}]",2026-07-01
zweibrucken-fashion-outlet-public-transport,zweibrucken-fashion-outlet,city_center,saarbrucken-city-center,bus,Public transport to Zweibrücken Fashion Outlet,≈45-70 min (estimated),≈€8-15 (estimated),false,"[{""order"":1,""description"":""Plan the full route in DB/VRN/SaarVV from Saarbrücken to Zweibrücken Fashion Outlet rather than relying on a copied fixed timetable.""},{""order"":2,""description"":""Use the train to Zweibrücken Hbf when fastest, then the local city bus to the outlet.""},{""order"":3,""description"":""Check if your fare covers both the rail and local bus legs; buy a separate local ticket if the planner requires it.""},{""order"":4,""description"":""Recheck the return on the day because the official operator note limits the city bus connection to Monday-Saturday.""}]",2026-07-01
zweibrucken-fashion-outlet-by-car,zweibrucken-fashion-outlet,city_center,saarbrucken-city-center,taxi,Driving to Zweibrücken Fashion Outlet,≈25-40 min (estimated),Parking free (official press information),false,"[{""order"":1,""description"":""Set navigation to Zweibrücken Fashion Outlet, Londoner Bogen 10-90, 66482 Zweibrücken, the address on the official centre page.""},{""order"":2,""description"":""Drive via the A8 toward exit 34 Contwig; official VIA Outlets information says the centre is directly at exit 34.""},{""order"":3,""description"":""Follow parking signs on site; official press information states the centre has 2,900 free parking spaces.""},{""order"":4,""description"":""For the return, save the car park location and check live traffic toward Saarbrücken before leaving.""}]",2026-07-01
zweibrucken-fashion-outlet-parking,zweibrucken-fashion-outlet,city_center,saarbrucken-city-center,walking,Parking guidance for Zweibrücken Fashion Outlet,On site,Free (official press information),false,"[{""order"":1,""description"":""Use the official Parking & Route page for the address and route; the centre amenities include parking and EV charging.""},{""order"":2,""description"":""Follow signed visitor parking after leaving the A8 at Contwig, not delivery or staff routes.""},{""order"":3,""description"":""Official press information states 2,900 free parking spaces; confirm EV charging or accessible spaces on arrival if needed.""},{""order"":4,""description"":""Note your parking row and the closest entrance so you can return easily after shopping.""}]",2026-07-01
halle-leipzig-style-outlets-saturday-shuttle,halle-leipzig-the-style-outlets,city_center,leipzig-city-center,shuttle,Leipzig or Halle Main Station to Halle Leipzig The Style Outlets by Free Saturday Shuttle,,Free,true,"[{""order"":1,""description"":""Open Halle Leipzig The Style Outlets' official how-to-get-there page and check the free Saturday shuttle booking link and departure times.""},{""order"":2,""description"":""Go to the confirmed Leipzig main station or Halle bus station pickup point early with any required reservation.""},{""order"":3,""description"":""Ride the free shuttle to Berliner Straße 1, 06796 Sandersdorf-Brehna, and note the outlet return stop on arrival.""},{""order"":4,""description"":""Before shopping, confirm the same-day return shuttle departure; if it is not operating, use the train route via Brehna.""}]",2026-07-03
halle-leipzig-style-outlets-train-brehna,halle-leipzig-the-style-outlets,station,brehna-station,train,Halle or Leipzig to Halle Leipzig The Style Outlets by S-Bahn to Brehna,13 min train from Halle to Brehna; Leipzig connections vary,Check official DB/MDV fare,false,"[{""order"":1,""description"":""Check official DB or MDV times to Brehna before leaving; the outlet lists S-Bahn S8 from Halle toward Lutherstadt Wittenberg, Bitterfeld, or Dessau to Brehna.""},{""order"":2,""description"":""From Halle, board the S8 to Brehna; from Leipzig, use the official planner for the best connection via Halle, Bitterfeld, or another interchange.""},{""order"":3,""description"":""At Brehna station, continue to the outlet by the signed local route or a short taxi if preferred.""},{""order"":4,""description"":""For the return, check the last Brehna train connection before shopping and allow time to reach the station.""}]",2026-07-03
halle-leipzig-style-outlets-airport-car,halle-leipzig-the-style-outlets,airport,leipzig-halle-airport,taxi,Leipzig/Halle Airport to Halle Leipzig The Style Outlets by Car or Taxi,≈20–30 min (estimated),Taxi/private transfer confirm with provider; parking complimentary,false,"[{""order"":1,""description"":""From Leipzig/Halle Airport, use a licensed taxi, rental car, or pre-booked transfer to Sandersdorf-Brehna.""},{""order"":2,""description"":""Follow motorway/local road signs toward the A9/Brehna area and Halle Leipzig The Style Outlets.""},{""order"":3,""description"":""Use the outlet parking areas at Berliner Straße 1 or agree a main-entrance drop-off point.""},{""order"":4,""description"":""For a return flight, book pickup before shopping and allow extra time for traffic and airport procedures.""}]",2026-07-03
halle-leipzig-style-outlets-car-parking,halle-leipzig-the-style-outlets,city_center,halle-leipzig-city-center,taxi,Leipzig or Halle to Halle Leipzig The Style Outlets by Car with Parking,≈25–40 min from Leipzig or Halle (estimated),Parking complimentary; fuel/taxi/private transfer costs vary,false,"[{""order"":1,""description"":""Check the outlet's official directions and parking information before travel.""},{""order"":2,""description"":""Drive toward Sandersdorf-Brehna and follow signs for Halle Leipzig The Style Outlets, Berliner Straße 1.""},{""order"":3,""description"":""Park in the outlet customer parking areas and note your zone before entering the centre.""},{""order"":4,""description"":""If using a taxi/private transfer, confirm the return pickup point and fare before shopping.""},{""order"":5,""description"":""For the return, allow additional time around A9 traffic, Saturdays, and sale periods.""}]",2026-07-03
muenster-to-designer-outlet-ochtrup-train-walk,designer-outlet-ochtrup,city_center,muenster-city-center,train,Münster to Designer Outlet Ochtrup via Ochtrup Bahnhof,,≈€8–15 (estimated); check current Deutsche Bahn fare,true,"[{""order"":1,""description"":""Use the official DB journey planner for Münster Hauptbahnhof to Ochtrup Bahnhof before travel.""},{""order"":2,""description"":""Take the confirmed regional train toward Ochtrup, checking live platform and disruption information.""},{""order"":3,""description"":""From Ochtrup Bahnhof, follow the safest signed walking route or use a local bus/taxi if the official planner recommends it.""},{""order"":4,""description"":""Before shopping, check official DB return departures from Ochtrup so you know the latest practical connection.""}]",2026-07-04
ochtrup-station-to-designer-outlet-ochtrup-bus-walk,designer-outlet-ochtrup,station,ochtrup-station,bus,Ochtrup Station to Designer Outlet Ochtrup by Local Bus or Walk,Check official local timetable; walking route varies,Check official local fare before travel,false,"[{""order"":1,""description"":""At Ochtrup Bahnhof, check the official local transport planner for buses toward the Designer Outlet / FOC area.""},{""order"":2,""description"":""If a convenient bus is shown, board only after confirming the direction, stop name and return timetable.""},{""order"":3,""description"":""If walking, use marked pavements and crossings from the station to the outlet rather than informal roadside shortcuts.""},{""order"":4,""description"":""Before shopping, decide whether to return by bus, on foot or by taxi and confirm the timing.""}]",2026-07-04
designer-outlet-ochtrup-car-coach-parking-guide,designer-outlet-ochtrup,city_center,muenster-or-enschede-city-center,taxi,"Driving, Taxi or Coach Parking at Designer Outlet Ochtrup",Check traffic,Check official parking terms; taxi/private transfer fare varies,false,"[{""order"":1,""description"":""Check Designer Outlet Ochtrup's official plan-your-visit page and set navigation to the outlet before departure.""},{""order"":2,""description"":""Drive, take a licensed taxi/private transfer or arrive by coach, allowing extra time around weekends and sale events.""},{""order"":3,""description"":""Follow on-site signs to visitor parking; coach groups should use the official coach parking guidance and confirm arrangements in advance.""},{""order"":4,""description"":""If not driving yourself, confirm the return pickup point and fare before shopping.""}]",2026-07-04
designer-outlet-athens-city-center-car,designer-outlet-athens,city_center,athens-city-center,taxi,Athens City Centre to Designer Outlet Athens by Car or Taxi,,Approx. EUR 35–55,false,"[{""order"":1,""description"":""Board a licensed taxi at Syntagma Square and confirm that the meter is operating before leaving.""},{""order"":2,""description"":""Drive or take a licensed taxi/private transfer toward Spata and the Yalou commercial area, following signs for Designer Outlet Athens.""},{""order"":3,""description"":""The fare estimate covers the taxi from Syntagma Square; waiting, night, booking, toll and luggage supplements may vary, and free parking is excluded.""},{""order"":4,""description"":""If using a taxi or app ride, agree a return pickup point near the main entrance before shopping.""},{""order"":5,""description"":""For the return to Athens, allow extra time for Attiki Odos and city-centre traffic.""}]",2026-07-03
designer-outlet-athens-airport-car,designer-outlet-athens,airport,athens-airport,taxi,Athens Airport to Designer Outlet Athens by Taxi or Rental Car,15 min from Athens Airport,Taxi/private transfer confirm with provider; parking complimentary,false,"[{""order"":1,""description"":""From Athens International Airport, use an official taxi, rental car, or pre-booked transfer; the outlet operator describes the centre as about 15 minutes from the airport.""},{""order"":2,""description"":""Follow road signs toward Spata, Yalou, and Designer Outlet Athens.""},{""order"":3,""description"":""Park in the outlet customer parking or agree a clearly signed drop-off point with your driver.""},{""order"":4,""description"":""For a flight connection after shopping, arrange the return taxi or car pickup before entering the shops and allow airport security/check-in time.""}]",2026-07-03
designer-outlet-athens-metro-bus,designer-outlet-athens,city_center,athens-city-center,metro,Syntagma to Designer Outlet Athens by Metro and Bus 319,,Approx. EUR 1.20–2.40,true,"[{""order"":1,""description"":""At Syntagma, validate an OASA adult ticket and take Metro Line 3 toward Doukissis Plakentias.""},{""order"":2,""description"":""At Doukissis Plakentias, transfer from STASY Metro Line 3 to OSY Bus 319.""},{""order"":3,""description"":""Ride Bus 319 to the officially published Εκπτωτικό Χωριό (Designer Outlet) stop.""},{""order"":4,""description"":""The fare allows for a second standard ticket if the complete journey exceeds the first ticket's 90-minute validity; final pedestrian access is free.""},{""order"":5,""description"":""Check OASA Telematics for the current Bus 319 departure and return service before travel.""}]",2026-08-04
paris-to-la-vallee-rer-a,la-vallee-village,city_center,paris-city-center,train,Paris City Center to La Vallée Village by RER A,Less than 1 hour,Estimated €3–5; check the current RER A fare,true,"[{""order"":1,""description"":""Start at a central Paris RER A station served by RER A, such as Châtelet-Les Halles, Auber, Charles de Gaulle-Étoile, or Nation, and confirm live service on RATP, Île-de-France Mobilités, or SNCF before travelling.""},{""order"":2,""description"":""Take RER A towards Marne-la-Vallée Chessy.""},{""order"":3,""description"":""Get off at Val d'Europe/Serris-Montévrain, one stop before Marne-la-Vallée Chessy / Parcs Disneyland.""},{""order"":4,""description"":""On leaving the station, turn right and walk through the Val d'Europe shopping centre.""},{""order"":5,""description"":""Continue to La Vallée Village; the official outlet guidance describes this as a 10-minute walk from the station.""},{""order"":6,""description"":""For the return trip, use the same Val d'Europe/Serris-Montévrain RER A station and confirm the Paris-bound timetable before leaving the Village.""}]",2026-07-01
paris-to-la-vallee-shopping-express,la-vallee-village,city_center,paris-city-center,shuttle,Paris City Center to La Vallée Village by Shopping Express® Shuttle,≈45-60 min (estimated),Confirm with provider,true,"[{""order"":1,""description"":""Book Shopping Express® tickets online before travelling; the official page says reservation is required and tickets cannot be bought on board.""},{""order"":2,""description"":""Go to Hotel Pullman Paris Bercy, 1 rue de Libourne, 75012 Paris.""},{""order"":3,""description"":""Use metro line 14 to Cour St Emilion, exits 1-2, or bus lines 24, 111, or 109 to Terroirs de France.""},{""order"":4,""description"":""Meet the representative with a Paris City Vision sign outside the hotel.""},{""order"":5,""description"":""Confirm the selected half-day or full-day departure and return times on the official booking page before you go.""},{""order"":6,""description"":""Return on your booked Shopping Express® service from La Vallée Village; do not assume seats are available without a reservation.""}]",2026-07-01
cdg-to-la-vallee-tgv-rer,la-vallee-village,airport,charles-de-gaulle-airport,train,Charles de Gaulle Airport to La Vallée Village by Rail,≈25-45 min (estimated),Check official timetable,false,"[{""order"":1,""description"":""At Paris Charles de Gaulle Airport, follow airport signs to the SNCF/TGV railway station at Terminal 2.""},{""order"":2,""description"":""Check SNCF for TGV services to Marne-la-Vallée Chessy / Parcs Disneyland before buying a ticket.""},{""order"":3,""description"":""From Marne-la-Vallée Chessy, continue one stop by RER A to Val d'Europe/Serris-Montévrain when service is operating, or confirm another official local connection.""},{""order"":4,""description"":""At Val d'Europe/Serris-Montévrain, turn right after exiting and walk through the Val d'Europe shopping centre to La Vallée Village.""},{""order"":5,""description"":""For the return trip, confirm both the RER A and SNCF/TGV timetables before leaving the Village.""}]",2026-07-01
disneyland-to-la-vallee-local-shuttle,la-vallee-village,station,disneyland-paris,shuttle,Disneyland Paris Area to La Vallée Village,10 min from Disneyland Paris area,€6 adult return / €3 child return,false,"[{""order"":1,""description"":""Start in the Disneyland Paris / Marne-la-Vallée Chessy area.""},{""order"":2,""description"":""Ask your Disney Resort hotel concierge or the La Vallée Village Welcome Center to book the regular shuttle bus.""},{""order"":3,""description"":""Confirm the current return-ticket price and departure time with the booking point before boarding.""},{""order"":4,""description"":""Use the return shuttle booked through the hotel concierge or Welcome Center; confirm the final return time before shopping.""}]",2026-07-01
paris-to-la-vallee-car-parking,la-vallee-village,city_center,paris-city-center,taxi,Paris City Center to La Vallée Village by Car or Taxi,40 min from Paris,Parking free; taxi fare confirm with provider,false,"[{""order"":1,""description"":""Set the destination to La Vallée Village, 3 Cours de la Garonne, 77700 Serris, France.""},{""order"":2,""description"":""Confirm traffic conditions before leaving Paris; official outlet guidance describes the drive as about 40 minutes from Paris.""},{""order"":3,""description"":""Use the official La Vallée Village parking areas; the outlet states that parking is free and ample.""},{""order"":4,""description"":""For taxi or ride-hail returns, confirm pickup availability and fare with the provider before the Village closes.""}]",2026-07-01
paris-to-troyes-train,designer-outlet-troyes,city_center,paris-city-center,train,Paris City Center to Designer Outlet Troyes by Train,1h29 train + ≈20-30 min local transfer (estimated),TER fare from €3-21 when available; local fare check TCAT,false,"[{""order"":1,""description"":""Go to Paris Est station and check SNCF Connect or TER Fluo Grand Est for Paris to Troyes services.""},{""order"":2,""description"":""Take the official SNCF/TER service to Troyes; do not rely on a fixed departure time without checking the timetable.""},{""order"":3,""description"":""Arrive at Troyes station.""},{""order"":4,""description"":""Continue to Designer Outlet Troyes in Pont-Sainte-Marie by TCAT bus, demand-responsive transport when available, or taxi.""},{""order"":5,""description"":""For the return trip, confirm the Troyes to Paris Est train timetable before leaving the outlet.""}]",2026-07-01
troyes-station-to-designer-outlet-troyes-bus,designer-outlet-troyes,station,troyes-station,bus,Troyes Station to Designer Outlet Troyes by TCAT Line 1,20 min,Estimated €2–3; check the current TCAT fare,true,"[{""order"":1,""description"":""Exit Troyes station and go to the Gare Voltaire stop.""},{""order"":2,""description"":""Take TCAT Line 1 toward Pont-Sainte-Marie or Creney.""},{""order"":3,""description"":""Alight at the Magasins stop.""},{""order"":4,""description"":""Follow the signed route from Magasins to Designer Outlet Troyes.""},{""order"":5,""description"":""Check the return Line 1 timetable before shopping.""}]",2026-08-03
paris-to-troyes-car-parking,designer-outlet-troyes,city_center,paris-city-center,taxi,Paris City Center to Designer Outlet Troyes by Car,≈2h00-2h20 (estimated),Parking free; taxi fare confirm with provider,false,"[{""order"":1,""description"":""Set the destination to Designer Outlet Troyes, Voie du Bois, 10150 Pont-Sainte-Marie.""},{""order"":2,""description"":""Follow official road navigation towards Troyes / Pont-Sainte-Marie and confirm traffic before departure.""},{""order"":3,""description"":""Use the outlet's on-site parking areas; the official services page states parking is free with no time limit and electric charging is available.""},{""order"":4,""description"":""For the return trip to Paris, confirm motorway conditions and any taxi or ride-service fare with the provider.""}]",2026-07-01
marseille-to-provence-train-bus,designer-outlet-provence,city_center,marseille-city-center,train,Marseille to Designer Outlet Provence by TER and Premium BAM,,Estimated €13–20 total; check current SNCF TER and Premium BAM fares,true,"[{""order"":1,""description"":""Check the Marseille Saint-Charles–Miramas TER timetable through the official SNCF channel.""},{""order"":2,""description"":""Take the TER to Miramas FS.""},{""order"":3,""description"":""At Miramas FS, verify the current Premium BAM connection time.""},{""order"":4,""description"":""Continue on Premium BAM to Designer Outlet Provence.""},{""order"":5,""description"":""Check the return BAM and TER connections before shopping.""}]",2026-08-03
marseille-airport-to-provence-train,designer-outlet-provence,airport,marseille-airport,train,Marseille Provence Airport to Designer Outlet Provence by Train and Local Transfer,≈45-70 min (estimated),€1.20 airport-station bus + ≈€8-15 train/local transfer (estimated),false,"[{""order"":1,""description"":""At Marseille Provence Airport, go to bus station platform 5 and use the official lebus+ 13 link to Vitrolles-Aéroport Marseille Provence (VAMP) station; the airport states this link takes about 5 minutes.""},{""order"":2,""description"":""Check SNCF Connect for TER train options from Vitrolles-Aéroport Marseille Provence towards Miramas.""},{""order"":3,""description"":""At Miramas station, confirm the local bus, shopping shuttle when offered by McArthurGlen, or taxi connection to McArthurGlen Provence.""},{""order"":4,""description"":""For the return trip, confirm the Miramas to Vitrolles-Aéroport Marseille Provence train and the lebus+ 13 airport-station shuttle before leaving the outlet.""}]",2026-07-01
marseille-airport-to-provence-car,designer-outlet-provence,airport,marseille-airport,taxi,Marseille Provence Airport to Designer Outlet Provence by Car or Taxi,35-45 min from nearby cities,Parking free; taxi fare confirm with provider,false,"[{""order"":1,""description"":""Exit Marseille Provence Airport and set the destination to McArthurGlen Provence - Village de Marques, Mas de la Péronne, Miramas 13140.""},{""order"":2,""description"":""Confirm traffic and fare with the taxi, ride-service, or rental-car provider before departure.""},{""order"":3,""description"":""Follow official navigation to Miramas and the outlet access roads.""},{""order"":4,""description"":""Use the outlet parking areas and confirm electric-vehicle charging or accessibility needs with Guest Services before travelling.""},{""order"":5,""description"":""For the return trip to the airport, confirm pickup time and fare with the provider before the outlet closes.""}]",2026-07-01
provence-direct-shuttle-confirm,designer-outlet-provence,city_center,marseille-city-center,shuttle,Designer Outlet Provence Shuttle or Direct Bus Confirmation,,Check current official fare and booking terms,false,"[{""order"":1,""description"":""Check the official McArthurGlen Provence shuttle information before travelling.""},{""order"":2,""description"":""Use a shuttle or direct coach only when listed by the outlet or an official transport operator for your travel date.""},{""order"":3,""description"":""Confirm the departure point, return point, current fare, and booking terms with the official provider.""},{""order"":4,""description"":""If no official shuttle is available, use the TER to Miramas and the confirmed Premium BAM connection.""}]",2026-08-03
lyon-to-the-village-outlet-car-parking,the-village-outlet,city_center,lyon-city-center,taxi,Lyon to The Village Outlet by Car or Taxi,about 30 minutes from Lyon according to the outlet; check traffic,free parking; taxi/private-transfer fare confirm with provider,false,"[{""order"":1,""description"":""Set navigation to The Village Outlet, Parc du Couvent, Villefontaine, and check the official access page before departure.""},{""order"":2,""description"":""Use the A43 motorway toward Villefontaine and take Exit 6 Villefontaine as listed by the outlet.""},{""order"":3,""description"":""Follow the centre access signs and use the official free visitor parking on arrival.""},{""order"":4,""description"":""If using a taxi or private transfer, confirm the fare and return pickup point before entering the centre.""}]",2026-07-05
lyon-to-the-village-outlet-bus,the-village-outlet,city_center,lyon-city-center,bus,Lyon to The Village Outlet by Bus,check official operator timetable,check official operator fare before travel,false,"[{""order"":1,""description"":""Check the official operator timetable for Express 5 between Lyon and Villefontaine or line 2990 before travelling.""},{""order"":2,""description"":""Board only a confirmed service serving The Village stop or the outlet access stop shown by the operator.""},{""order"":3,""description"":""After alighting, follow the signed pedestrian route to The Village Outlet entrance.""},{""order"":4,""description"":""Before shopping, confirm the return bus time and stop with the official operator.""}]",2026-07-05
la-verpilliere-to-the-village-outlet-walk,the-village-outlet,station,la-verpilliere-station,walking,La Verpillière to The Village Outlet on Foot,12 min,Free,true,"[{""order"":1,""description"":""Take an official TER service to La Verpillière and check the timetable before travelling.""},{""order"":2,""description"":""Exit at La Verpillière and follow the pedestrian route to The Village Outlet.""},{""order"":3,""description"":""Allow the published 12 minutes for the walk.""},{""order"":4,""description"":""Check the return TER departure before shopping.""}]",2026-08-03
the-village-outlet-free-event-shuttle,the-village-outlet,city_center,lyon-city-center,shuttle,The Village Outlet Free Event Shuttle,runs only during selected commercial and event periods; check official shuttle page,free when offered,false,"[{""order"":1,""description"":""Open The Village Outlet's official shuttle page before travelling and verify whether a free shuttle is operating for your shopping date.""},{""order"":2,""description"":""Confirm the current pickup point, operating dates, and whether reservation or availability limits apply with the outlet.""},{""order"":3,""description"":""Use the shuttle only if it is listed for your date; otherwise choose the official bus, train, or car access option.""},{""order"":4,""description"":""On arrival, confirm the same-day return point and time before shopping.""}]",2026-07-05
lille-to-roubaix-designer-outlet-car-parking,roubaix-designer-outlet,city_center,lille-city-center,taxi,Lille to Roubaix Designer Outlet by Car or Taxi,15 minutes from Lille city centre according to McArthurGlen; check traffic,parking validation terms vary; taxi/private-transfer fare confirm with provider,false,"[{""order"":1,""description"":""Set navigation to Designer Outlet Roubaix, 44 Mail de Lannoy, 59100 Roubaix.""},{""order"":2,""description"":""Drive or take a licensed taxi from Lille city centre; McArthurGlen describes the centre as a 15-minute drive from Lille.""},{""order"":3,""description"":""Use the centre parking and check current validation terms before shopping; McArthurGlen services information lists 1 hour 30 minutes free with a qualifying purchase.""},{""order"":4,""description"":""If not driving yourself, agree the return pickup point and fare before entering the outlet.""}]",2026-07-05
lille-to-roubaix-designer-outlet-public-transport,roubaix-designer-outlet,city_center,lille-city-center,metro,Lille to Roubaix Designer Outlet via Roubaix Eurotéléport,,Estimated €2–3; check the current Ilévia fare,true,"[{""order"":1,""description"":""Check the current Ilévia M2 timetable from Gare Lille Flandres.""},{""order"":2,""description"":""Take M2 directly to Roubaix Eurotéléport.""},{""order"":3,""description"":""Walk approximately one minute from Roubaix Eurotéléport to Roubaix Designer Outlet.""},{""order"":4,""description"":""Check the return M2 departure before shopping.""}]",2026-08-03
lille-airport-to-roubaix-designer-outlet-ground-transport,roubaix-designer-outlet,airport,lille-airport,bus,Lille Airport to Roubaix Designer Outlet by Ground Transport,check official airport and local transport timetable,check official operator or taxi fare before travel,false,"[{""order"":1,""description"":""At Lille Airport, use official airport ground-transport information to choose a bus, public-transport connection, taxi, or rental car toward Roubaix.""},{""order"":2,""description"":""Connect only to an official Lille-area metro, tramway, or bus route confirmed for Roubaix Designer Outlet.""},{""order"":3,""description"":""Continue to 44 Mail de Lannoy and use the confirmed stop, station, or taxi drop-off for the centre.""},{""order"":4,""description"":""For the return to the airport, confirm both the local connection and airport ground-transport timetable before leaving the outlet.""}]",2026-07-05
strasbourg-to-roppenheim-official-shuttle,roppenheim-the-style-outlets,city_center,strasbourg-city-center,shuttle,Strasbourg to Roppenheim The Style Outlets by Official Shuttle,,Free,true,"[{""order"":1,""description"":""Reserve a seat through the official Roppenheim Strasbourg shuttle page.""},{""order"":2,""description"":""Go to the Lufthansa bus stop at Strasbourg – 3 Boulevard de Metz.""},{""order"":3,""description"":""Check the current outbound and return times on the official page.""},{""order"":4,""description"":""Take the reserved shuttle to Roppenheim The Style Outlets.""},{""order"":5,""description"":""Confirm the return boarding details before shopping.""}]",2026-08-03
strasbourg-to-roppenheim-train-walk,roppenheim-the-style-outlets,station,strasbourg-station,train,Strasbourg Station to Roppenheim The Style Outlets by Train,≈45 min train + ≈20-30 min walk/taxi (estimated),Check official SNCF / TER fare,false,"[{""order"":1,""description"":""At Strasbourg station, check SNCF Connect or TER Grand Est for trains toward Roppenheim.""},{""order"":2,""description"":""Take the official train to Roppenheim station when a convenient service is available.""},{""order"":3,""description"":""From Roppenheim station, continue to the outlet by local taxi or walk only if conditions are suitable; the outlet is outside the village center.""},{""order"":4,""description"":""For the return, check the Roppenheim to Strasbourg rail timetable before leaving the outlet and allow time to reach the station.""}]",2026-07-03
strasbourg-airport-to-roppenheim-rail-transfer,roppenheim-the-style-outlets,airport,strasbourg-airport,train,Strasbourg Airport to Roppenheim The Style Outlets by Rail and Shuttle,≈1h15-1h45 (estimated),Check official SNCF / TER fare; shuttle free when reserved,false,"[{""order"":1,""description"":""At Strasbourg Airport, use the official airport rail link from Entzheim-Aéroport station to Strasbourg station.""},{""order"":2,""description"":""From Strasbourg station, either join the reserved official Roppenheim shuttle if its timetable fits, or take an SNCF/TER train to Roppenheim.""},{""order"":3,""description"":""If arriving by train at Roppenheim, use a local taxi or suitable walking route to reach 1 Route de l'Europe.""},{""order"":4,""description"":""For the return to the airport, confirm the shuttle or TER times back to Strasbourg and the airport rail connection before leaving the outlet.""}]",2026-07-03
strasbourg-to-roppenheim-car-parking,roppenheim-the-style-outlets,city_center,strasbourg-city-center,taxi,Strasbourg to Roppenheim The Style Outlets by Car,≈35-50 min (estimated),Parking free; taxi/private transfer confirm with provider,false,"[{""order"":1,""description"":""Set the destination to Roppenheim The Style Outlets, 1 Route de l'Europe, 67480 Roppenheim.""},{""order"":2,""description"":""Drive north from Strasbourg toward Roppenheim and confirm traffic before departure.""},{""order"":3,""description"":""Use the outlet's visitor parking areas and note the parking row for your return.""},{""order"":4,""description"":""If using a taxi or private transfer, agree the return pickup time and exact meeting point before entering the outlet.""}]",2026-07-03
paris-to-paris-giverny-designer-outlet-shuttle,paris-giverny-designer-outlet,city_center,paris-pullman-tour-eiffel,shuttle,Paris to Designer Outlet Paris-Giverny by Official Shuttle,,Estimated €30–45 return; check the current official fare and booking terms,true,"[{""order"":1,""description"":""Check the official Friday-through-Sunday shuttle availability and current booking terms.""},{""order"":2,""description"":""Go to Pullman Paris Tour Eiffel with the booking confirmation.""},{""order"":3,""description"":""Take the direct shuttle to Designer Outlet Paris-Giverny.""},{""order"":4,""description"":""Confirm the same-day return time and meeting point before shopping.""}]",2026-08-03
paris-saint-lazare-to-paris-giverny-designer-outlet-train-shuttle,paris-giverny-designer-outlet,station,paris-saint-lazare-station,train,Paris Saint-Lazare to Designer Outlet Paris-Giverny by Train and Local Shuttle,check official SNCF and shuttle timetable,check official SNCF fare; shuttle fare check official operator,false,"[{""order"":1,""description"":""From Paris Saint-Lazare, check official SNCF / TER Nomad train departures to Vernon-Giverny.""},{""order"":2,""description"":""At Vernon-Giverny station, check the official local shuttle or bus connection toward Giverny / McArthurGlen Paris-Giverny before leaving the station.""},{""order"":3,""description"":""Use the confirmed local shuttle, bus, or licensed taxi for the last-mile transfer to the outlet.""},{""order"":4,""description"":""For the return, check both the local transfer and SNCF train timetable before leaving the outlet.""}]",2026-07-04
paris-airport-to-paris-giverny-designer-outlet-transfer,paris-giverny-designer-outlet,airport,paris-cdg-airport,train,Paris Charles de Gaulle Airport to Designer Outlet Paris-Giverny by Rail and Transfer,check official timetable,check official rail fares; taxi/private transfer confirm with provider,false,"[{""order"":1,""description"":""At Paris Charles de Gaulle Airport, use official airport rail information to reach Paris Saint-Lazare via central Paris connections.""},{""order"":2,""description"":""From Paris Saint-Lazare, check official SNCF / TER Nomad trains to Vernon-Giverny.""},{""order"":3,""description"":""At Vernon-Giverny, continue by official local shuttle, bus, or licensed taxi to Designer Outlet Paris-Giverny.""},{""order"":4,""description"":""For the return to the airport, check official rail and last-mile times and allow a flight check-in buffer.""}]",2026-07-04
paris-giverny-designer-outlet-car-parking-guide,paris-giverny-designer-outlet,city_center,paris-city-center,taxi,Designer Outlet Paris-Giverny by Car or Taxi,45 min from Paris / Versailles / Rouen area (official outlet positioning); check traffic,parking check official outlet terms; taxi/private transfer confirm with provider,false,"[{""order"":1,""description"":""Set the destination to McArthurGlen Designer Outlet Paris-Giverny, Avenue du Capitaine Vandière de Vitrac, Douains.""},{""order"":2,""description"":""Use the official outlet driving guidance via the A13 / A14 corridor and confirm traffic before departure.""},{""order"":3,""description"":""Park in the official visitor parking area and note the entrance used.""},{""order"":4,""description"":""If using a taxi or private transfer, agree the return pickup point and fare before entering the outlet.""}]",2026-07-04
paris-montparnasse-to-one-nation-paris-train-bus,one-nation-paris,city_center,paris-montparnasse,train,Paris Montparnasse to One Nation Paris by Train and Bus,,Estimated €3–6 total; check the current Île-de-France Mobilités fare,true,"[{""order"":1,""description"":""Check the Line N timetable from Paris Montparnasse.""},{""order"":2,""description"":""Take Line N toward Plaisir Grignon and alight at Villepreux-les-Clayes.""},{""order"":3,""description"":""Transfer to bus 5101 and alight at its first stop, One Nation Paris Outlet.""},{""order"":4,""description"":""If 5101 is unavailable, use the official 10-minute walking alternative.""},{""order"":5,""description"":""Check the return 5101 and Line N times before shopping.""}]",2026-08-03
villepreux-les-clayes-to-one-nation-paris-walk,one-nation-paris,station,villepreux-les-clayes-station,walking,Villepreux-les-Clayes Station to One Nation Paris on Foot,about 10 minutes on foot according to the outlet,free walk; check rail fare separately,false,"[{""order"":1,""description"":""Exit Villepreux-les-Clayes station and confirm the pedestrian route to One Nation Paris before leaving the station area.""},{""order"":2,""description"":""Walk the official last-mile route toward 1 avenue du Président Kennedy / One Nation Paris Outlet; the outlet describes the station as about 10 minutes on foot.""},{""order"":3,""description"":""Use crossings and signed pedestrian paths rather than cutting through car parks or roadways.""},{""order"":4,""description"":""For the return, leave enough time to walk back and check the official Line N departure before leaving the outlet.""}]",2026-07-04
villepreux-les-clayes-to-one-nation-paris-bus-5101,one-nation-paris,station,villepreux-les-clayes-station,bus,Villepreux-les-Clayes Station to One Nation Paris by Bus 5101,first stop from Villepreux-les-Clayes according to the outlet; check official timetable,check official Île-de-France Mobilités fare before travel,false,"[{""order"":1,""description"":""At Villepreux-les-Clayes station, check the official Île-de-France Mobilités timetable for bus line 5101.""},{""order"":2,""description"":""Board bus 5101 only if the official timetable confirms service; the outlet says the first stop is One Nation Paris Outlet.""},{""order"":3,""description"":""Alight at One Nation Paris Outlet and note the stop location for the return.""},{""order"":4,""description"":""Before shopping, confirm the return 5101 and Line N connections so you are not left with only a walking option.""}]",2026-07-04
paris-to-one-nation-paris-car-parking,one-nation-paris,city_center,paris-city-center,taxi,Paris to One Nation Paris by Car or Taxi,check traffic; official route via A13 then A12/N12,parking check outlet terms; taxi/private transfer confirm with provider,false,"[{""order"":1,""description"":""Set navigation to One Nation Paris, 1 avenue du Président Kennedy, 78340 Les Clayes-sous-Bois.""},{""order"":2,""description"":""Follow the official road guidance via the A13 motorway, then A12/N12 toward Dreux, taking the Plaisir / Centre Commercial Regional exit and signs for One Nation Paris Outlet.""},{""order"":3,""description"":""Use the official visitor parking area and note your parking sector.""},{""order"":4,""description"":""If using a taxi or private transfer, confirm the fare and return pickup before entering the outlet.""}]",2026-07-04
london-marylebone-to-bicester-train,bicester-village,city_center,london-marylebone,train,London Marylebone to Bicester Village by Train,,Estimated £15–45 adult one way; check current Chiltern Railways fare,true,"[{""order"":1,""description"":""Check the current Chiltern Railways timetable from London Marylebone.""},{""order"":2,""description"":""Take the direct Chiltern Railways service to Bicester Village.""},{""order"":3,""description"":""Follow the signed pedestrian route from Bicester Village station to the Village.""},{""order"":4,""description"":""Check the current return train before shopping.""}]",2026-08-03
london-victoria-to-bicester-coach,bicester-village,city_center,london-victoria,bus,London to Bicester Village by Official Coach,≈1 hr 40 min–2 hr 10 min (estimated),Check official timetable,false,"[{""order"":1,""description"":""Check the official Bicester Village coach page and the named operator timetable before booking.""},{""order"":2,""description"":""Go to the confirmed Evan Evans Tours departure point in London.""},{""order"":3,""description"":""Board the direct coach service to Bicester Village.""},{""order"":4,""description"":""Confirm the same-day return departure time with the operator before leaving the coach.""}]",2026-07-01
heathrow-to-bicester-public-transport,bicester-village,airport,heathrow-airport,train,Heathrow Airport to Bicester Village by Public Transport,≈1 hr 50 min–2 hr 20 min (estimated),≈£35–85 (estimated),false,"[{""order"":1,""description"":""Check Heathrow, Transport for London, National Rail and Chiltern Railways journey planners for the current route.""},{""order"":2,""description"":""Travel from Heathrow to London and connect to London Marylebone.""},{""order"":3,""description"":""Take a Chiltern Railways train from London Marylebone to Bicester Village station.""},{""order"":4,""description"":""Follow signs from Bicester Village station to the Village entrance.""},{""order"":5,""description"":""For the return trip, confirm the last train connection back through London before you travel.""}]",2026-07-01
london-to-bicester-car,bicester-village,city_center,london-city-center,taxi,London to Bicester Village by Car or Chauffeur,≈1 hr 30 min–2 hr 15 min by road from central London (estimated),Confirm with provider; outlet parking is complimentary,false,"[{""order"":1,""description"":""Set Bicester Village, 50 Pingle Drive, Bicester OX26 6WD as the destination and check the official Village getting-here page before departure.""},{""order"":2,""description"":""Confirm traffic, fare, luggage capacity, and waiting policy with the chauffeur or taxi provider.""},{""order"":3,""description"":""Use the official Village parking guidance on arrival; complimentary parking and EV charging are available.""},{""order"":4,""description"":""Agree a return pickup point and time before shopping.""}]",2026-07-01
liverpool-to-cheshire-oaks-train-bus,cheshire-oaks,city_center,liverpool-city-center,bus,Liverpool to Cheshire Oaks by Stagecoach 1/X1,,Estimated £3–6 adult one way; check current Stagecoach fare,true,"[{""order"":1,""description"":""Check the current 1/X1 timetable from Liverpool.""},{""order"":2,""description"":""Board a verified 1 or X1 service towards Cheshire Oaks.""},{""order"":3,""description"":""Alight at Cheshire Oaks.""},{""order"":4,""description"":""Check the return 1/X1 time before shopping.""}]",2026-08-03
liverpool-airport-to-cheshire-oaks-car,cheshire-oaks,airport,liverpool-airport,taxi,Liverpool Airport to Cheshire Oaks by Car or Taxi,≈35–50 min by road (estimated),Confirm with provider; outlet parking is free,false,"[{""order"":1,""description"":""Confirm the current road route from Liverpool John Lennon Airport to Kinsey Road, Ellesmere Port CH65 9JJ using the official outlet by-plane and by-car guidance.""},{""order"":2,""description"":""Use a taxi, pre-booked transfer, or rental car and confirm the fare before departure.""},{""order"":3,""description"":""Follow official Cheshire Oaks parking signs on arrival.""},{""order"":4,""description"":""Book or confirm the return transfer before closing time.""}]",2026-07-01
ashford-international-to-ashford-designer-outlet-walk,ashford-designer-outlet,station,ashford-international-station,walking,Ashford International to Ashford Designer Outlet on Foot,≈10 min walk (estimated),Free,false,"[{""order"":1,""description"":""Check the official Ashford Designer Outlet visit page before travel for current walking and cycling guidance.""},{""order"":2,""description"":""Arrive at Ashford International, which the outlet identifies as the closest rail access for visitors.""},{""order"":3,""description"":""Follow signed pedestrian routes from the station area to Kimberley Way and the outlet entrances.""},{""order"":4,""description"":""For the return trip, allow time to walk back to Ashford International and check the official rail timetable.""}]",2026-07-01
london-to-ashford-designer-outlet-train,ashford-designer-outlet,city_center,london-city-center,train,London to Ashford Designer Outlet via Ashford International,,Estimated £20–50 adult one way; check current Southeastern fare,true,"[{""order"":1,""description"":""Check the current Southeastern service from London St Pancras International.""},{""order"":2,""description"":""Travel to Ashford International.""},{""order"":3,""description"":""Follow the official walking route to Ashford Designer Outlet.""},{""order"":4,""description"":""Check the return train before shopping.""}]",2026-08-03
ashford-designer-outlet-car-parking,ashford-designer-outlet,city_center,ashford-city-center,taxi,Ashford to Ashford Designer Outlet by Car or Taxi,≈5–10 min drive from Ashford town centre (estimated),Parking £3 every four hours; local taxi ≈£8–12 (estimated),false,"[{""order"":1,""description"":""Set Ashford Designer Outlet, Kimberley Way, Kent TN24 0SD as the destination.""},{""order"":2,""description"":""Approach via the M20 Junction 9, Junction 10, Junction 10a, A20, A2070 or A28 as advised by the official outlet page.""},{""order"":3,""description"":""Use the outlet car parks; parking is free for up to 30 minutes, for blue badge holders and after 5 pm.""},{""order"":4,""description"":""Confirm a return taxi pickup point at the outlet entrances or check onward travel before leaving the centre.""}]",2026-07-01
york-to-york-designer-outlet-car,york-designer-outlet,city_center,york-city-center,taxi,York to York Designer Outlet by Car or Taxi,15 min drive from York,Taxi ≈£12–20 (estimated); parking is free,false,"[{""order"":1,""description"":""Review the official getting-here or plan-your-visit page for York Designer Outlet before setting off.""},{""order"":2,""description"":""Set St Nicholas Avenue, Fulford, York YO19 4TA as the destination and follow official road signs on approach.""},{""order"":3,""description"":""Use the official parking guidance on arrival: Free parking.""},{""order"":4,""description"":""Confirm a safe return pickup point or check traffic before leaving.""}]",2026-07-01
york-to-york-designer-outlet-public-transport,york-designer-outlet,city_center,york-city-center,bus,York Railway Station to York Designer Outlet by First York 7,,Estimated £3–5 adult one way; check current First York fare,true,"[{""order"":1,""description"":""Check the current First York 7 timetable from York Railway Station.""},{""order"":2,""description"":""Board service 7 for Designer Outlet Park & Ride.""},{""order"":3,""description"":""Alight at Designer Outlet Park & Ride.""},{""order"":4,""description"":""Check the return service before shopping.""}]",2026-08-03
airport-to-york-designer-outlet-transfer,york-designer-outlet,airport,nearest-airport,taxi,Nearest Airport to York Designer Outlet by Transfer,≈45–60 min by road from Leeds Bradford Airport (estimated),Confirm with provider,false,"[{""order"":1,""description"":""Check the official York Designer Outlet page and Leeds Bradford Airport onward travel guidance before booking.""},{""order"":2,""description"":""Use a pre-booked airport taxi, private transfer or rental car to St Nicholas Avenue, Fulford, York YO19 4TA.""},{""order"":3,""description"":""Confirm fare, luggage capacity, pickup point and return arrangements with the provider.""},{""order"":4,""description"":""On arrival, follow official signs to guest services, entrances and parking or drop-off areas.""}]",2026-07-01
gloucester-to-gloucester-quays-car,gloucester-quays,city_center,gloucester-city-center,taxi,Gloucester to Gloucester Quays by Car or Taxi,≈5–10 min drive from Gloucester city centre (estimated),Taxi ≈£8–12 (estimated); confirm official car park tariff,false,"[{""order"":1,""description"":""Review the official Gloucester Quays getting-here page before setting off.""},{""order"":2,""description"":""Set GL1 5SH as the destination and follow official road signs on approach.""},{""order"":3,""description"":""Use the official parking guidance on arrival: Ticketless and cashless parking; confirm tariff.""},{""order"":4,""description"":""Confirm a safe return pickup point or check traffic before leaving.""}]",2026-07-01
gloucester-to-gloucester-quays-public-transport,gloucester-quays,city_center,gloucester-city-center,walking,Gloucester to Gloucester Quays on Foot,10 min,Free,true,"[{""order"":1,""description"":""Follow pedestrian directions from Gloucester to Gloucester Quays.""},{""order"":2,""description"":""Use the approximately 10-minute walking route published by the official source.""},{""order"":3,""description"":""Follow the same safe pedestrian route on your return.""}]",2026-08-03
airport-to-gloucester-quays-transfer,gloucester-quays,airport,nearest-airport,taxi,Nearest Airport to Gloucester Quays by Transfer,≈60–75 min by road from Bristol Airport (estimated),Confirm with provider,false,"[{""order"":1,""description"":""Check the official Gloucester Quays getting-here page and Bristol Airport onward travel guidance before booking.""},{""order"":2,""description"":""Use an airport taxi, pre-booked transfer or rental car to Gloucester Quays, GL1 5SH.""},{""order"":3,""description"":""Confirm fare, luggage capacity, pickup point and return arrangements with the provider.""},{""order"":4,""description"":""On arrival, follow official signs to guest services, entrances and parking or drop-off areas.""}]",2026-07-01
street-to-clarks-village-car,clarks-village,city_center,street-city-center,taxi,Street to Clarks Village by Taxi,,Estimated £5–10 total daytime taxi fare; confirm when booking,true,"[{""order"":1,""description"":""Confirm the official Clarks Village address.""},{""order"":2,""description"":""Use a licensed taxi or pre-arranged transfer within Street.""},{""order"":3,""description"":""Confirm the fare and return pickup point before travel.""}]",2026-08-03
street-to-clarks-village-public-transport,clarks-village,city_center,street-city-center,bus,Street to Clarks Village by Public Transport,,Check current journey planner,false,"[{""order"":1,""description"":""Check the official Clarks Village getting-here page and current journey planner.""},{""order"":2,""description"":""Use only a currently verified local public transport connection to Street.""},{""order"":3,""description"":""Confirm the stop and return connection before travel.""}]",2026-08-03
airport-to-clarks-village-transfer,clarks-village,airport,nearest-airport,taxi,Nearest Airport to Clarks Village by Transfer,≈55–70 min by road from Bristol Airport (estimated),Confirm with provider,false,"[{""order"":1,""description"":""Check the official Clarks Village getting-here page and Bristol Airport onward travel guidance before booking.""},{""order"":2,""description"":""Use an airport taxi, pre-booked transfer or rental car to Clarks Village, Street.""},{""order"":3,""description"":""Confirm fare, luggage capacity, pickup point and return arrangements with the provider.""},{""order"":4,""description"":""On arrival, follow official signs to guest services, entrances and parking or drop-off areas.""}]",2026-07-01
durham-to-dalton-park-car,dalton-park,city_center,durham-city-center,taxi,Durham to Dalton Park by Car or Taxi,≈20 min (estimated),Taxi ≈£35–50 (estimated),false,"[{""order"":1,""description"":""Review the official Dalton Park getting-here page before setting off.""},{""order"":2,""description"":""Set Murton, Co Durham SR7 9HU as the destination and follow official road signs on approach.""},{""order"":3,""description"":""Use the official parking guidance on arrival: Free parking; 1,500 spaces.""},{""order"":4,""description"":""Confirm a safe return pickup point or check traffic before leaving.""}]",2026-07-01
durham-to-dalton-park-public-transport,dalton-park,city_center,durham-city-center,bus,Durham to Dalton Park by Go North East 65,,Estimated £3–6 adult one way; check current Go North East fare,true,"[{""order"":1,""description"":""Check the current Service 65 from Durham.""},{""order"":2,""description"":""Board Go North East 65.""},{""order"":3,""description"":""Alight at Dalton Park.""},{""order"":4,""description"":""Check the return service before shopping.""}]",2026-08-03
airport-to-dalton-park-transfer,dalton-park,airport,nearest-airport,taxi,Nearest Airport to Dalton Park by Transfer,≈30–45 min by road from Newcastle International Airport; ≈35–50 min from Teesside International Airport (estimated),Confirm with provider,false,"[{""order"":1,""description"":""Check the official Dalton Park getting-here page and airport onward travel guidance before booking.""},{""order"":2,""description"":""Newcastle International Airport is 25 miles north; Teesside International Airport is 29 miles south.""},{""order"":3,""description"":""Confirm fare, luggage capacity, pickup point and return arrangements with the provider.""},{""order"":4,""description"":""On arrival, follow official signs to guest services, entrances and parking or drop-off areas.""}]",2026-07-01
blackpool-to-fleetwood-outlet-public-transport,fleetwood-outlet,city_center,blackpool-city-center,bus,Blackpool to Fleetwood Outlet by Blackpool Transport 1,,Estimated £3–6 adult one way; check current Blackpool Transport fare,true,"[{""order"":1,""description"":""Check the current Service 1 from Blackpool.""},{""order"":2,""description"":""Board Service 1 towards Fleetwood.""},{""order"":3,""description"":""Alight at Affinity Lancashire.""},{""order"":4,""description"":""Check the return Service 1 before shopping.""}]",2026-08-03
poulton-le-fylde-to-fleetwood-outlet-train-bus,fleetwood-outlet,station,poulton-le-fylde-station,train,Poulton-le-Fylde Station to Affinity Lancashire by Bus,Poulton-le-Fylde station is 7 miles from the outlet,Check official rail and bus fares,false,"[{""order"":1,""description"":""Check National Rail and the official bus operator timetable before travelling to Poulton-le-Fylde.""},{""order"":2,""description"":""Arrive at Poulton-le-Fylde, which Affinity Lancashire lists as the nearest train station.""},{""order"":3,""description"":""Continue from Poulton-le-Fylde by bus 14, 74 or 75 to the centre as listed by the outlet, checking the current operator timetable for stops and times.""},{""order"":4,""description"":""Confirm the return bus and onward rail times before leaving the outlet.""}]",2026-07-05
fleetwood-to-fleetwood-outlet-car,fleetwood-outlet,city_center,fleetwood-city-center,taxi,Fleetwood to Affinity Lancashire by Car,Check live road conditions,Parking is free; check live road costs if applicable,false,"[{""order"":1,""description"":""Review the official Affinity Lancashire getting-here and parking pages before setting off.""},{""order"":2,""description"":""Set Anchorage Road, Fleetwood FY7 6AE as the destination; for regional road access, the outlet directs drivers to exit the M55 at Junction 3 and take the A585 to Fleetwood.""},{""order"":3,""description"":""Use the official parking guidance on arrival: Over 700 free car parking spaces and 10 free coach parking spaces are available on site.""},{""order"":4,""description"":""Check traffic before leaving and follow official parking or drop-off signs on site.""}]",2026-07-05
livingston-to-livingston-designer-outlet-car,livingston-designer-outlet,city_center,livingston-city-center,taxi,Livingston to Livingston Designer Outlet by Car,Check live road conditions,Parking is charged outside 6pm–8am,false,"[{""order"":1,""description"":""Review the official Livingston Designer Outlet getting-here and parking information before setting off.""},{""order"":2,""description"":""Set EH54 6QX as the destination and follow signs for Designer Outlet Centre or Designer Outlet 2.""},{""order"":3,""description"":""Use the official parking guidance on arrival: Car parks are pay and display or pay on foot, with free parking from 6pm to 8am daily.""},{""order"":4,""description"":""Check traffic before leaving and follow official parking or drop-off signs on site.""}]",2026-07-05
edinburgh-glasgow-to-livingston-designer-outlet-public-transport,livingston-designer-outlet,city_center,edinburgh-city-center,bus,Edinburgh to Livingston Designer Outlet by X27/X28,,Estimated £3–6 adult one way; check current Lothian Country fare,true,"[{""order"":1,""description"":""Check the current X27/X28 times from Edinburgh.""},{""order"":2,""description"":""Board the appropriate service towards Livingston.""},{""order"":3,""description"":""Alight at Livingston Bus Terminal.""},{""order"":4,""description"":""Continue from the terminal to the outlet entrance.""},{""order"":5,""description"":""Check the return service before shopping.""}]",2026-08-03
airport-to-livingston-designer-outlet-transfer,livingston-designer-outlet,airport,nearest-airport,taxi,Edinburgh or Glasgow Airport to Livingston Designer Outlet by Transfer,Approximately 30 min from Edinburgh Airport; approximately 60 min from Glasgow Airport,"Confirm airport bus, rail, taxi or transfer fare",false,"[{""order"":1,""description"":""Check the official Livingston Designer Outlet getting-here page and airport onward-travel guidance before booking.""},{""order"":2,""description"":""Use Edinburgh Airport or Glasgow Airport access as listed by the outlet; Edinburgh Airport is approximately 30 minutes away and Glasgow Airport is approximately 60 minutes away.""},{""order"":3,""description"":""Confirm fare, luggage capacity, pickup point and return arrangements with your chosen airport bus, rail, taxi or transfer provider.""},{""order"":4,""description"":""On arrival, follow official signs to guest services, entrances and parking or drop-off areas.""}]",2026-07-05
leeds-to-junction-32-outlet-car,junction-32-outlet,city_center,leeds-city-center,taxi,Leeds to Junction 32 Outlet Shopping Village by Car,≈25–40 min by road from Leeds city centre (estimated),Parking is free; check live road costs if applicable,false,"[{""order"":1,""description"":""Review the official Frasers Plus Designer Outlet Leeds guest information page before setting off.""},{""order"":2,""description"":""Set WF10 4FR as the destination and follow official road signs on approach.""},{""order"":3,""description"":""Use the official parking guidance on arrival: Free parking; 1,400 spaces.""},{""order"":4,""description"":""Check traffic before leaving and follow official parking or drop-off signs on site.""}]",2026-07-01
leeds-to-junction-32-outlet-public-transport,junction-32-outlet,city_center,leeds-city-center,bus,Leeds to Frasers Plus Designer Outlet Leeds by Bus 141,,Estimated £3–6 adult one way; check current Arriva Yorkshire fare,true,"[{""order"":1,""description"":""Check the current West Yorkshire Metro 141 timetable from Leeds City Bus Station.""},{""order"":2,""description"":""Board Arriva Yorkshire service 141 for Junction 32 Outlet Village.""},{""order"":3,""description"":""Alight at Junction 32 Outlet Village.""},{""order"":4,""description"":""Check the return service before shopping.""}]",2026-08-03
airport-to-junction-32-outlet-transfer,junction-32-outlet,airport,nearest-airport,taxi,Nearest Airport to Junction 32 Outlet Shopping Village by Transfer,≈40–55 min by road from Leeds Bradford Airport (estimated),Confirm with provider,false,"[{""order"":1,""description"":""Check the official centre guest information page and airport onward travel guidance before booking.""},{""order"":2,""description"":""Use official Leeds Bradford Airport onward-travel options toward Leeds, then rail/bus toward Glasshoughton or Castleford, or arrange road travel to WF10 4FR; no dedicated airport shuttle is published.""},{""order"":3,""description"":""Confirm fare, luggage capacity, pickup point and return arrangements with the provider.""},{""order"":4,""description"":""On arrival, follow official signs to guest services, entrances and parking or drop-off areas.""}]",2026-07-01
gretna-to-caledonia-park-car,caledonia-park,city_center,gretna-city-center,taxi,Gretna to Caledonia Park by Car or Taxi,≈5 min by road or ≈15–20 min walk from Gretna town centre (estimated),Taxi ≈£6–10 (estimated); parking is free,false,"[{""order"":1,""description"":""Review the official Caledonia Park getting-here page before setting off.""},{""order"":2,""description"":""Set Gretna DG16 as the destination and follow official road signs on approach.""},{""order"":3,""description"":""Use the official parking guidance on arrival: Free parking and dedicated coach parking.""},{""order"":4,""description"":""Confirm a safe return pickup point or check traffic before leaving.""}]",2026-07-01
gretna-to-caledonia-park-public-transport,caledonia-park,station,gretna-green-station,walking,Gretna Green to Caledonia Park on Foot,,Free,true,"[{""order"":1,""description"":""Check the current train to Gretna Green.""},{""order"":2,""description"":""Alight at Gretna Green.""},{""order"":3,""description"":""Follow Caledonia Park's official pedestrian directions.""},{""order"":4,""description"":""Check the return train before shopping.""}]",2026-08-03
airport-to-caledonia-park-transfer,caledonia-park,airport,nearest-airport,taxi,Nearest Airport to Caledonia Park by Transfer,≈1 hr 20 min–1 hr 45 min by road from Newcastle Airport (estimated),Confirm with provider,false,"[{""order"":1,""description"":""Check the official Caledonia Park getting-here page and airport onward travel guidance before booking.""},{""order"":2,""description"":""Use a pre-booked airport taxi, private transfer or rental car to Caledonia Park, Glasgow Road, Gretna DG16 5GG.""},{""order"":3,""description"":""Confirm fare, luggage capacity, pickup point and return arrangements with the provider.""},{""order"":4,""description"":""On arrival, follow official signs to guest services, entrances and parking or drop-off areas.""}]",2026-07-01
portsmouth-to-gunwharf-quays-car,gunwharf-quays,city_center,portsmouth-city-center,taxi,Portsmouth to Gunwharf Quays by Car or Taxi,≈5–15 min drive from Portsmouth city centre (estimated),Taxi ≈£8–15 (estimated); car park from £3.50 up to 2 hours,false,"[{""order"":1,""description"":""Review the official Gunwharf Quays getting-here and parking pages before setting off.""},{""order"":2,""description"":""Set Gunwharf Quays House, Portsmouth PO1 3TZ as the destination and follow official road signs on approach.""},{""order"":3,""description"":""Use the official parking guidance on arrival: 24-hour car park; check official tariff.""},{""order"":4,""description"":""Confirm a safe return pickup point or check traffic before leaving.""}]",2026-07-01
portsmouth-to-gunwharf-quays-public-transport,gunwharf-quays,city_center,portsmouth-city-center,walking,Portsmouth to Gunwharf Quays on Foot,,Free,true,"[{""order"":1,""description"":""Follow current signed pedestrian access from Portsmouth to Gunwharf Quays.""},{""order"":2,""description"":""Portsmouth Harbour and The Hard Interchange are the closest public transport connections.""},{""order"":3,""description"":""Use the same signed pedestrian access on your return.""}]",2026-08-03
gosport-to-gunwharf-quays-ferry,gunwharf-quays,city_center,gosport-city-center,ferry,Gosport to Gunwharf Quays by Ferry,≈5 min Gosport Ferry crossing to Portsmouth Harbour; check the official timetable before travel,Check official Gosport Ferry fares before travel,false,"[{""order"":1,""description"":""Review the official Gunwharf Quays getting-here page and the Gosport Ferry timetable and fares before travel.""},{""order"":2,""description"":""Board the Gosport Ferry from Gosport for the short crossing to Portsmouth Harbour.""},{""order"":3,""description"":""From Portsmouth Harbour, follow the signed pedestrian route to Gunwharf Quays.""},{""order"":4,""description"":""Before shopping, confirm the last suitable return sailing and current ticket options with Gosport Ferry.""}]",2026-07-03
airport-to-gunwharf-quays-transfer,gunwharf-quays,airport,nearest-airport,taxi,Nearest Airport to Gunwharf Quays by Transfer,≈25–40 min by road from Southampton Airport (estimated),Confirm with provider,false,"[{""order"":1,""description"":""Check the official Gunwharf Quays getting-here page and Southampton Airport onward travel guidance before booking.""},{""order"":2,""description"":""Use an airport taxi, pre-booked transfer or rental car to Gunwharf Quays House, Portsmouth PO1 3TZ.""},{""order"":3,""description"":""Confirm fare, luggage capacity, pickup point and return arrangements with the provider.""},{""order"":4,""description"":""On arrival, follow official signs to guest services, entrances and parking or drop-off areas.""}]",2026-07-01
hatfield-to-the-galleria-outlet-car,the-galleria-outlet,city_center,hatfield-city-center,taxi,Hatfield to The Galleria Outlet Shopping by Car or Taxi,≈5–10 min from Hatfield town centre (estimated),Parking from £1.30 weekdays; £3 all day Sat/Sun/Bank Holidays; free after 6 pm; taxi ≈£7–10 (estimated),false,"[{""order"":1,""description"":""Review The Galleria official centre information and car-park pages before setting off.""},{""order"":2,""description"":""Set sat nav to AL10 9TF, not the postal address, and approach via the A1(M) junction 3 or 4 and the A1001.""},{""order"":3,""description"":""Enter the north, plaza or multi-storey car park from the signed roundabouts; external car parks are open 24 hours and the multi-storey closes 30 minutes after the centre.""},{""order"":4,""description"":""If using a taxi, ask for The Galleria Outlet Shopping Centre on Comet Way and agree the return pickup point before shopping.""}]",2026-07-01
hatfield-to-the-galleria-outlet-public-transport,the-galleria-outlet,station,hatfield-station,walking,Hatfield Station to The Galleria on Foot,25 min,Free,true,"[{""order"":1,""description"":""Follow the official pedestrian directions from Hatfield Station.""},{""order"":2,""description"":""Use the official 25-minute walking connection.""},{""order"":3,""description"":""Check the return train before shopping if needed.""}]",2026-08-03
airport-to-the-galleria-outlet-transfer,the-galleria-outlet,airport,nearest-airport,taxi,Nearest Airport to The Galleria Outlet Shopping by Transfer,≈35–50 min by road from London Luton Airport; ≈45–70 min from Heathrow Airport (estimated),Confirm with provider,false,"[{""order"":1,""description"":""Check airport onward-travel guidance and The Galleria official directions before booking a transfer.""},{""order"":2,""description"":""Use a licensed airport taxi, pre-booked transfer or rental car to The Galleria, Comet Way, Hatfield; for sat nav use AL10 9TF.""},{""order"":3,""description"":""Confirm fare, luggage capacity, airport pickup point and any waiting charges with the provider before departure.""},{""order"":4,""description"":""On arrival, use the signed car parks or agreed drop-off point, and confirm the return pickup point before shopping.""}]",2026-07-01
spalding-to-springfields-outlet-car,springfields-outlet,city_center,spalding-city-center,taxi,Spalding to Springfields Outlet Shopping & Leisure by Car or Taxi,≈5–10 min from Spalding town centre (estimated),Confirm with provider; parking tariff check official car-park signs,false,"[{""order"":1,""description"":""Review Springfields' official how-to-find-us page before setting off.""},{""order"":2,""description"":""Set sat nav to PE12 6EU, Camel Gate, Spalding; Springfields is next to the A16.""},{""order"":3,""description"":""Use the clearly signed on-site Main, Garden Centre or South car park; accessible and parent-and-child bays are in the Main Car Park.""},{""order"":4,""description"":""If using a taxi, arrange pickup at a safe outlet entrance or by the on-site bus stop before shopping.""}]",2026-07-01
spalding-to-springfields-outlet-public-transport,springfields-outlet,city_center,spalding-city-center,bus,Spalding to Springfields by Stagecoach 37,,£2–5 one way,true,"[{""order"":1,""description"":""Check the current Service 37 from Spalding.""},{""order"":2,""description"":""Board Stagecoach 37.""},{""order"":3,""description"":""Alight at Springfields.""},{""order"":4,""description"":""Check the return service.""}]",2026-08-03
airport-to-springfields-outlet-transfer,springfields-outlet,airport,nearest-airport,taxi,Nearest Airport to Springfields Outlet Shopping & Leisure by Transfer,≈75–100 min by road from East Midlands Airport; ≈80–110 min from Stansted Airport (estimated),Confirm with provider,false,"[{""order"":1,""description"":""Check airport onward-travel guidance and Springfields' official directions before booking.""},{""order"":2,""description"":""Book a licensed airport taxi, pre-booked transfer or rental car to Springfields, Camel Gate, Spalding PE12 6EU.""},{""order"":3,""description"":""Confirm fare, luggage capacity, pickup point, waiting charges and return arrangements with the provider.""},{""order"":4,""description"":""On arrival, follow signs for the on-site car parks, drop-off area, entrances and information point.""}]",2026-07-01
banbridge-to-the-boulevard-banbridge-car,the-boulevard-banbridge,city_center,banbridge-city-center,taxi,Banbridge to The Boulevard Banbridge by Car or Taxi,≈5–10 min from Banbridge town centre (estimated),Free parking; taxi ≈£6–10 (estimated),false,"[{""order"":1,""description"":""Review The Boulevard official getting-here page before setting off.""},{""order"":2,""description"":""Set The Boulevard, Outlet Park, Banbridge BT32 4LF as the destination; the centre is on the A1 Belfast-Dublin road minutes from Banbridge.""},{""order"":3,""description"":""Use one of the free on-site car or coach parking spaces, including signed parent-and-child and disabled spaces.""},{""order"":4,""description"":""If arriving by taxi, use the designated taxi collection point in Car Park B beside M&S Outlet for return pickup.""}]",2026-07-01
banbridge-to-the-boulevard-banbridge-public-transport,the-boulevard-banbridge,city_center,banbridge-town-centre,bus,Banbridge Town Centre to The Boulevard by Translink 330C,,£3–7 one way,true,"[{""order"":1,""description"":""Check the current 330C timetable from Banbridge Town Centre.""},{""order"":2,""description"":""Board Translink 330C to Outlet Park.""},{""order"":3,""description"":""Alight at Banbridge, Outlet Park (The Boulevard).""},{""order"":4,""description"":""Check the return service before shopping.""}]",2026-08-03
airport-to-the-boulevard-banbridge-transfer,the-boulevard-banbridge,airport,nearest-airport,taxi,Nearest Airport to The Boulevard Banbridge by Transfer,≈30–45 min by road from Belfast International Airport; ≈35–50 min from Belfast City Airport (estimated),Confirm with provider,false,"[{""order"":1,""description"":""Check airport onward-travel guidance and The Boulevard official directions before booking.""},{""order"":2,""description"":""Book a licensed airport taxi, pre-booked transfer or rental car to The Boulevard, Outlet Park, Banbridge BT32 4LF.""},{""order"":3,""description"":""Confirm fare, luggage capacity, pickup point and waiting charges before departure.""},{""order"":4,""description"":""Use the designated taxi collection point in Car Park B beside M&S Outlet for return pickup.""}]",2026-07-01
cardiff-to-bridgend-designer-outlet-car,bridgend-designer-outlet,city_center,cardiff-city-center,taxi,Cardiff to Bridgend Designer Outlet by Car or Taxi,30 min drive from Cardiff,Free parking; taxi/transfer confirm with provider,false,"[{""order"":1,""description"":""Review Bridgend Designer Outlet's official plan-your-visit page before setting off.""},{""order"":2,""description"":""Set The Derwen, Bridgend CF32 9SU as the destination and route toward Bridgend from Cardiff or Swansea.""},{""order"":3,""description"":""Allow around 30 minutes by road from Cardiff in normal conditions, matching the outlet's official guidance for nearby cities.""},{""order"":4,""description"":""Use the outlet car park and confirm the return pickup point if travelling by taxi or private transfer.""}]",2026-07-01
cardiff-to-bridgend-designer-outlet-public-transport,bridgend-designer-outlet,city_center,cardiff-central,train,Cardiff to Bridgend Designer Outlet via Bridgend,,£10–25 total one way,true,"[{""order"":1,""description"":""Check the current Cardiff Central–Bridgend train.""},{""order"":2,""description"":""Travel with Transport for Wales to Bridgend.""},{""order"":3,""description"":""Check the current local bus connection and continue to Sainsbury's.""},{""order"":4,""description"":""Walk from Sainsbury's to the outlet.""},{""order"":5,""description"":""Check return bus and train connections before shopping.""}]",2026-08-03
airport-to-bridgend-designer-outlet-transfer,bridgend-designer-outlet,airport,nearest-airport,taxi,Nearest Airport to Bridgend Designer Outlet by Transfer,≈30–45 min by road from Cardiff Airport (estimated),Confirm with provider,false,"[{""order"":1,""description"":""Check Cardiff Airport onward-travel guidance and Bridgend Designer Outlet's official plan-your-visit page before booking.""},{""order"":2,""description"":""Book a licensed airport taxi, pre-booked transfer or rental car to Bridgend Designer Outlet, The Derwen, Bridgend CF32 9SU.""},{""order"":3,""description"":""Confirm fare, luggage capacity, pickup point, waiting charges and return arrangements with the provider.""},{""order"":4,""description"":""On arrival, follow official signs to the outlet car park, entrances and Guest Services.""}]",2026-07-01
nottingham-to-east-midlands-designer-outlet-car,east-midlands-designer-outlet,city_center,nottingham-city-center,taxi,Nottingham to Frasers Plus Designer Outlet East Midlands by Taxi,,£40–70 daytime taxi,true,"[{""order"":1,""description"":""Confirm the current official outlet address.""},{""order"":2,""description"":""Use a licensed taxi or pre-arranged transfer from Nottingham.""},{""order"":3,""description"":""Confirm the fare and return pickup point before travel.""}]",2026-08-03
nottingham-to-east-midlands-designer-outlet-public-transport,east-midlands-designer-outlet,city_center,nottingham-city-center,bus,Nottingham to East Midlands Designer Outlet by Public Transport,,Check current journey planner,false,"[{""order"":1,""description"":""Check the current Frasers Plus East Midlands site and official journey planners.""},{""order"":2,""description"":""Use only a public transport connection verified for your travel date.""},{""order"":3,""description"":""Confirm every operator, stop and return connection before travel.""}]",2026-08-03
airport-to-east-midlands-designer-outlet-transfer,east-midlands-designer-outlet,airport,nearest-airport,taxi,Nearest Airport to East Midlands Designer Outlet by Transfer,≈30–45 min by road from East Midlands Airport (estimated),Confirm with provider,false,"[{""order"":1,""description"":""Check East Midlands Airport onward-travel guidance and East Midlands Designer Outlet's official plan-your-visit page before booking.""},{""order"":2,""description"":""Book a licensed airport taxi, pre-booked transfer or rental car to East Midlands Designer Outlet, Mansfield Road, South Normanton DE55 2JW.""},{""order"":3,""description"":""Confirm fare, luggage capacity, pickup point, waiting charges and return arrangements with the provider.""},{""order"":4,""description"":""On arrival, follow signs to the free customer car park, drop-off area and Guest Services; do not use the outlet car park for Big Green Coach departures.""}]",2026-07-01
swindon-to-swindon-designer-outlet-car,swindon-designer-outlet,city_center,swindon-city-center,taxi,Swindon to Swindon Designer Outlet by Car or Taxi,≈5–10 min drive from Swindon town centre (estimated),"Parking £2.50 for up to 5 hours, then £12; taxi ≈£8–12 (estimated)",false,"[{""order"":1,""description"":""Review the official Swindon Designer Outlet plan-my-visit page before setting off.""},{""order"":2,""description"":""Set Frasers Plus Designer Outlet Swindon, Kemble Drive, Swindon SN2 2DY as the destination; use SN2 2NA for the North Car Park or SN5 7JL for the West Car Park.""},{""order"":3,""description"":""On arrival, use the ticketless car parks, enter your registration at the payment machines before leaving or tap your card at the exit barriers.""},{""order"":4,""description"":""For drop-off or pickup, use the first 15 minutes free parking period and agree the same pickup point for the return journey.""}]",2026-07-02
swindon-to-swindon-designer-outlet-public-transport,swindon-designer-outlet,city_center,swindon-city-center,walking,Swindon to Frasers Plus Designer Outlet Swindon on Foot,15 min,Free,true,"[{""order"":1,""description"":""Follow directions from Swindon Town Centre or Swindon station.""},{""order"":2,""description"":""Use the official 15-minute walking route.""},{""order"":3,""description"":""Follow the same signed walking route on your return.""}]",2026-08-03
airport-to-swindon-designer-outlet-transfer,swindon-designer-outlet,airport,nearest-airport,taxi,Nearest Airport to Swindon Designer Outlet by Transfer,≈60–90 min by road from Bristol Airport or Heathrow Airport (estimated),Confirm with provider,false,"[{""order"":1,""description"":""Check the official Swindon Designer Outlet plan-my-visit page and your airport onward-travel page before booking.""},{""order"":2,""description"":""From Bristol Airport or Heathrow Airport, pre-book a licensed taxi, private transfer or rental car to Kemble Drive, Swindon SN2 2DY.""},{""order"":3,""description"":""Confirm fare, luggage capacity, pickup point and return arrangements with the provider.""},{""order"":4,""description"":""On arrival, follow official signs to guest services, entrances and parking or drop-off areas.""}]",2026-07-02
birmingham-to-west-midlands-designer-outlet-car,west-midlands-designer-outlet,city_center,birmingham-city-center,taxi,Birmingham to West Midlands Designer Outlet by Car or Taxi,30 min drive from Birmingham City Centre,Taxi/transfer confirm with provider; parking free,false,"[{""order"":1,""description"":""Review the official West Midlands Designer Outlet plan-your-visit page before setting off.""},{""order"":2,""description"":""Set Designer Outlet West Midlands, Eastern Way, Cannock WS11 7JZ as the destination and follow official road signs on approach.""},{""order"":3,""description"":""Use the free customer parking on arrival; EV charging is available.""},{""order"":4,""description"":""If using a taxi or private hire from Birmingham, confirm fare, pickup point and return waiting policy before departure.""}]",2026-07-02
birmingham-to-west-midlands-designer-outlet-public-transport,west-midlands-designer-outlet,city_center,birmingham-city-center,bus,Birmingham to Designer Outlet West Midlands by X51,,£3–6 one way,true,"[{""order"":1,""description"":""Check the current National Express West Midlands X51 timetable from Birmingham.""},{""order"":2,""description"":""Board the X51 for Designer Outlet West Midlands.""},{""order"":3,""description"":""Alight at Designer Outlet West Midlands.""},{""order"":4,""description"":""Check the return service before shopping.""}]",2026-08-03
airport-to-west-midlands-designer-outlet-transfer,west-midlands-designer-outlet,airport,nearest-airport,taxi,Nearest Airport to West Midlands Designer Outlet by Transfer,≈35–50 min by road from Birmingham Airport (estimated),Confirm with provider,false,"[{""order"":1,""description"":""Check the official West Midlands Designer Outlet plan-your-visit page and Birmingham Airport onward-travel guidance before booking.""},{""order"":2,""description"":""Pre-book a licensed airport taxi, private transfer or rental car to Designer Outlet West Midlands, Eastern Way, Cannock WS11 7JZ.""},{""order"":3,""description"":""Confirm fare, luggage capacity, pickup point and return arrangements with the provider.""},{""order"":4,""description"":""On arrival, follow official signs to guest services, entrances and parking or drop-off areas.""}]",2026-07-02
london-to-icon-outlet-at-the-o2-car,icon-outlet-at-the-o2,city_center,london-city-center,taxi,London to Outlet Shopping at The O2 by Car or Taxi,≈25–45 min by road from central London (estimated),Confirm with provider; 4 hours free parking with £35 outlet spend,false,"[{""order"":1,""description"":""Review the official Outlet Shopping at The O2 getting-here page and The O2 travel disruption updates before setting off.""},{""order"":2,""description"":""Set The O2, SE10 0DX as the destination; use Millennium Way or Edmund Halley Way for route planners and follow signs from the M25, A2, A20 or M11.""},{""order"":3,""description"":""Park in Car Parks 2, 3 or 4; outlet shoppers can claim 4 hours free parking with £35 or more spend by taking receipts and the parking ticket to the Welcome Desk.""},{""order"":4,""description"":""For taxi pickup, agree a North Greenwich or The O2 meeting point and check event traffic before leaving.""}]",2026-07-02
london-to-icon-outlet-at-the-o2-public-transport,icon-outlet-at-the-o2,city_center,london-city-center,metro,London to Outlet Shopping at The O2 via North Greenwich,20 min,£3–7 one way,true,"[{""order"":1,""description"":""Check the current TfL Jubilee line service to North Greenwich.""},{""order"":2,""description"":""Travel on the Jubilee line to North Greenwich.""},{""order"":3,""description"":""Follow signs from North Greenwich to The O2.""},{""order"":4,""description"":""Check the return service before shopping.""}]",2026-08-03
central-london-to-icon-outlet-at-the-o2-uber-boat,icon-outlet-at-the-o2,city_center,london-city-center,ferry,Central London to Outlet Shopping at The O2 by Uber Boat,North Greenwich Pier is about a 5 min walk from The O2; check the official Uber Boat timetable for live journey times,Check official Uber Boat by Thames Clippers fares before travel,false,"[{""order"":1,""description"":""Review The O2 official river bus access page plus the Uber Boat by Thames Clippers timetable and fares before travel.""},{""order"":2,""description"":""Use an Uber Boat by Thames Clippers service from a suitable central London pier to North Greenwich Pier.""},{""order"":3,""description"":""From North Greenwich Pier, follow signs for The O2 and Outlet Shopping at The O2.""},{""order"":4,""description"":""Before shopping, confirm the last suitable return boat and current ticket/payment options with Uber Boat by Thames Clippers.""}]",2026-07-03
airport-to-icon-outlet-at-the-o2-transfer,icon-outlet-at-the-o2,airport,nearest-airport,taxi,Nearest Airport to Outlet Shopping at The O2 by Transfer,≈10–20 min by road from London City Airport (estimated),Confirm with provider,false,"[{""order"":1,""description"":""Check the official Outlet Shopping at The O2 getting-here page and London City Airport onward-travel guidance before booking.""},{""order"":2,""description"":""From London City Airport, use an official taxi, pre-booked transfer or public transport connection toward North Greenwich and The O2, SE10 0DX.""},{""order"":3,""description"":""Confirm fare, luggage capacity, pickup point and return arrangements with the provider.""},{""order"":4,""description"":""On arrival, follow official signs to guest services, entrances and parking or drop-off areas.""}]",2026-07-02
doncaster-to-lakeside-village-car,lakeside-village,city_center,doncaster-city-center,taxi,Doncaster to Lakeside Village Outlet Shopping by Car or Taxi,≈5–10 min drive from Doncaster city centre (estimated),Taxi ≈£8–12 (estimated); parking free for customers,false,"[{""order"":1,""description"":""Review the official Lakeside Village how-to-find-us page before setting off.""},{""order"":2,""description"":""Set Lakeside Village, White Rose Way, Doncaster DN4 5PH as the destination and follow the brown Lakeside signs from M18 Junction 3.""},{""order"":3,""description"":""Use the free customer parking only while shopping at Lakeside Village; do not leave site or park outside marked bays.""},{""order"":4,""description"":""Confirm a safe return taxi pickup point near the outlet entrances or check traffic before leaving.""}]",2026-07-02
doncaster-to-lakeside-village-public-transport,lakeside-village,city_center,doncaster-city-center,bus,Doncaster Interchange to Lakeside Village by Bus 372,,£2–5 one way,true,"[{""order"":1,""description"":""Check the current First South Yorkshire 372 timetable from Doncaster Interchange.""},{""order"":2,""description"":""Board service 372 for Lakeside Village.""},{""order"":3,""description"":""Alight at Lakeside Village.""},{""order"":4,""description"":""Check the return service before shopping.""}]",2026-08-03
airport-to-lakeside-village-transfer,lakeside-village,airport,nearest-airport,taxi,Nearest Airport to Lakeside Village Outlet Shopping by Transfer,≈60–90 min by road from Leeds Bradford or Manchester Airport (estimated),Confirm with provider,false,"[{""order"":1,""description"":""Check the official Lakeside Village how-to-find-us page and your transport provider before booking, as the outlet does not publish a dedicated airport transfer.""},{""order"":2,""description"":""From Leeds Bradford or Manchester Airport, pre-book a licensed taxi, private transfer or rental car to Lakeside Village, White Rose Way, Doncaster DN4 5PH.""},{""order"":3,""description"":""Confirm fare, luggage capacity, pickup point and return arrangements with the provider.""},{""order"":4,""description"":""On arrival, follow official signs to guest services, entrances and parking or drop-off areas.""}]",2026-07-02
london-to-london-designer-outlet-car,london-designer-outlet,city_center,london-city-center,taxi,London to London Designer Outlet by Car or Taxi,≈30–60 min by road from central London (estimated),Taxi confirm with provider; Red/Pink Car Park £2.50–£7.50 for up to 6 hours,false,"[{""order"":1,""description"":""Review the official London Designer Outlet getting-here page and Wembley Park parking information before setting off.""},{""order"":2,""description"":""Set London Designer Outlet, Wembley Park Boulevard, HA9 0FD as the destination; use HA9 8DS for Red Car Park.""},{""order"":3,""description"":""Use Red Car Park, the nearest car park to LDO, and pay before returning to the vehicle because ANPR is in use.""},{""order"":4,""description"":""Check whether a Wembley Stadium or OVO Arena Wembley event-day tariff applies; LDO guests spending over £40 may be able to validate for the normal first-six-hours tariff in Red Parking.""}]",2026-07-02
london-to-london-designer-outlet-public-transport,london-designer-outlet,city_center,london-city-center,train,London Marylebone to London Designer Outlet via Wembley Stadium,,£4–10 one way,true,"[{""order"":1,""description"":""Check the current Chiltern Railways service from London Marylebone.""},{""order"":2,""description"":""Travel to Wembley Stadium station.""},{""order"":3,""description"":""Follow pedestrian signs to London Designer Outlet.""},{""order"":4,""description"":""Check the return train before shopping.""}]",2026-08-03
airport-to-london-designer-outlet-transfer,london-designer-outlet,airport,nearest-airport,taxi,Nearest Airport to London Designer Outlet by Transfer,≈25–45 min by road from Heathrow Airport (estimated),Confirm with provider,false,"[{""order"":1,""description"":""Check the official London Designer Outlet getting-here page, TfL and airport onward-travel guidance before booking.""},{""order"":2,""description"":""From Heathrow Airport, use the official Elizabeth line/Tube connections toward central London and Wembley, or pre-book a licensed taxi or private transfer to HA9 0FD.""},{""order"":3,""description"":""Confirm fare, luggage capacity, pickup point and return arrangements with the provider.""},{""order"":4,""description"":""On arrival, follow official signs to guest services, entrances and parking or drop-off areas.""}]",2026-07-02
braintree-village-train-guide,braintree-village,station,braintree-freeport-station,walking,Braintree Freeport to Braintree Village on Foot,,Free,true,"[{""order"":1,""description"":""Check the current train to Braintree Freeport.""},{""order"":2,""description"":""Alight at Braintree Freeport.""},{""order"":3,""description"":""Follow signs from the station to Braintree Village.""},{""order"":4,""description"":""Check the return train before shopping.""}]",2026-08-03
braintree-village-bus-guide,braintree-village,city_center,braintree-town-centre,bus,Braintree Village by Bus via Stephensons of Essex,Check official bus timetable,Check official bus fare,false,"[{""order"":1,""description"":""Use the Stephensons of Essex bus times linked from Braintree Village's official getting-here page before travelling.""},{""order"":2,""description"":""Confirm the current route and stop for Braintree Village or the closest Braintree stop before boarding.""},{""order"":3,""description"":""Walk from the confirmed stop to Braintree Village at Charter Way, Chapel Hill, following safe pedestrian routes.""},{""order"":4,""description"":""Before shopping, check the last suitable Stephensons return service for your route.""}]",2026-07-05
braintree-village-car-parking-guide,braintree-village,city_center,braintree-town-centre,taxi,Braintree Village by Car with Outlet Shopper Parking,Check live traffic,Free parking for up to 6 hours for outlet shoppers; road costs vary,false,"[{""order"":1,""description"":""Set navigation to Braintree Village, Charter Way, Chapel Hill, Braintree, Essex CM77 8YH.""},{""order"":2,""description"":""Use the live traffic link from the official getting-here page before driving.""},{""order"":3,""description"":""Park in one of the official outlet car parks; Braintree Village lists more than 1,660 spaces, including accessible, family, and coach spaces.""},{""order"":4,""description"":""Outlet shoppers can park free for up to 6 hours; if staying longer, visit Guest Services for validation as instructed by the official parking page.""}]",2026-07-05
affinity-sterling-mills-bus-guide,affinity-sterling-mills,city_center,stirling-bus-station,bus,Stirling Bus Station to Affinity Sterling Mills by Bus,,£5–10 one way,true,"[{""order"":1,""description"":""Check the current connection from Stirling Bus Station towards Tillicoultry.""},{""order"":2,""description"":""Verify the operator, route and stop near the outlet.""},{""order"":3,""description"":""Travel to Tillicoultry on the verified service.""},{""order"":4,""description"":""Check the return service before shopping.""}]",2026-08-03
affinity-sterling-mills-train-bus-guide,affinity-sterling-mills,station,alloa-station,train,Alloa Station to Affinity Sterling Mills by Local Bus,Alloa station is 3 miles away; onward bus timing varies,Check ScotRail and bus fares,false,"[{""order"":1,""description"":""Use ScotRail or National Rail to plan a journey to Alloa, the nearest railway station listed by Affinity Sterling Mills.""},{""order"":2,""description"":""Before travelling, confirm the current local bus timetable from Alloa toward Tillicoultry and the outlet area.""},{""order"":3,""description"":""Continue by the verified local bus connection to the stop serving Affinity Sterling Mills.""},{""order"":4,""description"":""Check both the return bus and onward rail times before shopping.""}]",2026-07-06
malaga-centro-to-designer-outlet-train,designer-outlet-malaga,city_center,malaga-city-center,train,Málaga City Centre to Designer Outlet Málaga by Train,12 min,Estimated €2–4; check the current Renfe Cercanías fare,true,"[{""order"":1,""description"":""Start at Málaga Centro-Alameda or Málaga-María Zambrano and check the official Renfe Cercanías C1 departures towards Fuengirola.""},{""order"":2,""description"":""Take the C1 train to Plaza Mayor; Designer Outlet Málaga is next to the station.""},{""order"":3,""description"":""Follow signs from Plaza Mayor station through the Plaza Mayor retail area to Designer Outlet Málaga.""},{""order"":4,""description"":""For the return, use Plaza Mayor station and confirm the next C1 train back towards Málaga Centro-Alameda before leaving the centre.""}]",2026-08-03
malaga-airport-to-designer-outlet-train,designer-outlet-malaga,airport,malaga-airport,train,Málaga Airport to Designer Outlet Málaga,One train stop / ≈5 min (official centre estimate by car),≈€1.80–3 (estimated),false,"[{""order"":1,""description"":""At Málaga-Costa del Sol Airport station, check official Renfe Cercanías C1 departures towards Fuengirola.""},{""order"":2,""description"":""Take the C1 train one stop to Plaza Mayor; the centre describes this as an on-site train link from the airport.""},{""order"":3,""description"":""Exit at Plaza Mayor and walk directly to Designer Outlet Málaga, which is next to the station.""},{""order"":4,""description"":""For the return to the airport, confirm the next C1 departure from Plaza Mayor before shopping.""}]",2026-07-02
malaga-to-designer-outlet-bus,designer-outlet-malaga,city_center,malaga-city-center,bus,Málaga City Centre to Designer Outlet Málaga by Bus,≈25–35 min (estimated),≈€1.40–2 (estimated),false,"[{""order"":1,""description"":""From central Málaga, check the official EMT Málaga Line 5 timetable from Alameda Principal / Córdoba towards Plaza Mayor or Parque de Ocio.""},{""order"":2,""description"":""Board Line 5 towards Plaza Mayor / Parque de Ocio.""},{""order"":3,""description"":""Get off at Plaza Mayor stop #2267, which the centre lists as right next to Designer Outlet Málaga.""},{""order"":4,""description"":""Before shopping, confirm the return Line 5 departure from Plaza Mayor back towards central Málaga.""}]",2026-07-02
madrid-moncloa-to-las-rozas-bus,las-rozas-village,city_center,madrid-moncloa,bus,Madrid Moncloa to Las Rozas Village by Bus,30 min,Estimated €2–5; check the current CRTM fare,true,"[{""order"":1,""description"":""At Madrid Moncloa Interchange, check the official CRTM timetable for interurban bus lines 625, 628, or 629 towards Las Rozas.""},{""order"":2,""description"":""Board the confirmed Moncloa service; Las Rozas Village states these lines reach the Village in about 30 minutes.""},{""order"":3,""description"":""Get off at the stop directly in front of Las Rozas Village.""},{""order"":4,""description"":""Check the return 625, 628, or 629 departure from the Village stop before shopping.""}]",2026-08-03
madrid-atocha-to-las-rozas-train,las-rozas-village,city_center,madrid-atocha,train,Madrid Atocha to Las Rozas Village by Train and Taxi,25 min train plus local transfer (official train duration),≈€8–15 (estimated),false,"[{""order"":1,""description"":""Check official Renfe Cercanías Madrid services from Atocha to El Pinar de Las Rozas before travelling.""},{""order"":2,""description"":""Take a Cercanías train towards El Pinar de Las Rozas; Las Rozas Village lists the train journey from Madrid as 25 minutes.""},{""order"":3,""description"":""At El Pinar de Las Rozas, take a local taxi or rideshare for the final 3 km to Las Rozas Village.""},{""order"":4,""description"":""For the return, arrange the short taxi transfer back to El Pinar de Las Rozas and confirm the next Cercanías departure to Madrid.""}]",2026-07-02
madrid-airport-to-las-rozas-car,las-rozas-village,airport,madrid-airport,taxi,Madrid-Barajas Airport to Las Rozas Village by Car,≈30–40 min (estimated),≈€35–55 (estimated),false,"[{""order"":1,""description"":""From Adolfo Suárez Madrid-Barajas Airport, confirm pickup at your terminal and the road route to Las Rozas Village before departure.""},{""order"":2,""description"":""Use a taxi, chauffeur, or rental car; central Madrid taxis are officially listed at roughly €35, so confirm the airport fare before you travel.""},{""order"":3,""description"":""Arrive by road and use the official Las Rozas Village parking guidance; parking is complimentary for Village guests.""},{""order"":4,""description"":""Confirm return pickup or onward travel before shopping, especially for evening airport transfers.""}]",2026-07-02
barcelona-to-viladecans-style-outlets-train,viladecans-the-style-outlets,city_center,barcelona-city-center,train,Barcelona to Viladecans The Style Outlets by Train,,Estimated €3–6; check the current Rodalies fare,true,"[{""order"":1,""description"":""From Barcelona Sants, Passeig de Gràcia or another served station, check the official Rodalies timetable for trains to Viladecans.""},{""order"":2,""description"":""Take the confirmed Rodalies service to Viladecans station.""},{""order"":3,""description"":""Exit Viladecans station and walk the signed route to Viladecans The Style Outlets, which official tourism information places less than 100 m from the entrance.""},{""order"":4,""description"":""Before shopping, check official Rodalies return departures to Barcelona.""}]",2026-08-03
barcelona-airport-to-viladecans-style-outlets-bus,viladecans-the-style-outlets,airport,barcelona-el-prat-airport,bus,Barcelona Airport to Viladecans The Style Outlets by Bus,check official timetable,check official AMB fare,false,"[{""order"":1,""description"":""At Barcelona-El Prat Airport, check the official AMB / Baixbus timetable for Line L99 serving Viladecans and the outlet area.""},{""order"":2,""description"":""Board the confirmed L99 airport bus only after checking the official stop and timetable for your terminal.""},{""order"":3,""description"":""Get off at the stop serving Viladecans The Style Outlets and follow the pedestrian route to Ctra. de la Vila, 90.""},{""order"":4,""description"":""Check the official return timetable to the airport before shopping, especially for evening flights.""}]",2026-07-04
barcelona-to-viladecans-style-outlets-bus,viladecans-the-style-outlets,city_center,barcelona-placa-espanya,bus,Barcelona Plaça Espanya to Viladecans The Style Outlets by Bus,check official timetable,check official AMB fare,false,"[{""order"":1,""description"":""From Plaça Espanya / Gran Via, check official AMB or Baixbus timetables for lines serving Viladecans and the outlet area.""},{""order"":2,""description"":""Board the confirmed bus toward Viladecans and verify the stop closest to Ctra. de la Vila, 90.""},{""order"":3,""description"":""Walk from the confirmed stop to Viladecans The Style Outlets using signed pedestrian routes.""},{""order"":4,""description"":""Before shopping, check official return departures to Barcelona.""}]",2026-07-04
viladecans-style-outlets-car-parking-guide,viladecans-the-style-outlets,city_center,barcelona-city-center,taxi,Viladecans The Style Outlets by Car or Taxi,15 min from Barcelona / 10 min from airport (official tourism estimate); check traffic,"more than 1,700 free parking spaces; taxi fare confirm with provider",false,"[{""order"":1,""description"":""Set the destination to Viladecans The Style Outlets, Ctra. de la Vila, 90, Viladecans.""},{""order"":2,""description"":""Use the official access guidance via C-32 exit 50 and follow signs to the centre.""},{""order"":3,""description"":""Park in the official visitor car park; official tourism information lists more than 1,700 free spaces.""},{""order"":4,""description"":""If using a taxi, use the on-site taxi rank for the return or confirm a licensed pickup point before shopping.""}]",2026-07-04
barcelona-to-la-roca-village-shopping-express,la-roca-village,city_center,barcelona-estacio-del-nord,shuttle,Barcelona to La Roca Village by Shopping Express Coach,40 min,Estimated €20–30 return; check the current official fare and booking terms,true,"[{""order"":1,""description"":""Open La Roca Village's official Getting Here page or Catalunya Bus Turístic Shopping Express page and check current operating days, fare and reservation rules.""},{""order"":2,""description"":""Go to the confirmed Barcelona Estació del Nord departure point early with your booking or ticket.""},{""order"":3,""description"":""Ride the Shopping Express coach directly to La Roca Village and note the exact return stop when you arrive.""},{""order"":4,""description"":""Before shopping, confirm the official return departure time and any ticket conditions for changing your return.""}]",2026-08-03
barcelona-to-la-roca-village-car-parking,la-roca-village,city_center,barcelona-city-center,taxi,Barcelona to La Roca Village by Car or Taxi,About 40 minutes; check traffic,Free parking at the Village; taxi/private transfer fare varies,false,"[{""order"":1,""description"":""Set navigation to La Roca Village, Santa Agnès de Malanyanes, and check the official Village access page before departure.""},{""order"":2,""description"":""Drive or take a licensed taxi/private transfer toward La Roca del Vallès, allowing extra time around weekends and sale periods.""},{""order"":3,""description"":""Use the Village's official free parking and electric-car charging guidance on arrival.""},{""order"":4,""description"":""If not driving yourself, agree the return pickup point and fare before entering the boutiques.""}]",2026-07-04
palma-to-mallorca-fashion-outlet-train,mallorca-fashion-outlet,city_center,palma-intermodal,train,Palma to Mallorca Fashion Outlet via Es Caülls,,Estimated €2–4; check the current TIB/SFM fare,true,"[{""order"":1,""description"":""Start at Palma Intermodal Station and check the official TIB/SFM rail timetable for trains stopping at Es Caülls.""},{""order"":2,""description"":""Board the confirmed train toward Es Caülls; Mallorca Fashion Outlet's official sustainability information describes a direct railway line to the centre.""},{""order"":3,""description"":""Alight at Es Caülls and use the marked pedestrian route to Mallorca Fashion Outlet.""},{""order"":4,""description"":""Before shopping, check the official return train timetable and fare validity for the Palma-bound trip.""}]",2026-08-03
mallorca-airport-to-mallorca-fashion-outlet-bus-train,mallorca-fashion-outlet,airport,palma-de-mallorca-airport,bus,Palma de Mallorca Airport to Mallorca Fashion Outlet by Bus and Train,check official EMT/TIB connections,check official EMT and TIB/SFM fares before travel,false,"[{""order"":1,""description"":""At Palma de Mallorca Airport, use official airport/EMT guidance for the bus connection into Palma city centre or Palma Intermodal Station.""},{""order"":2,""description"":""At Palma Intermodal, check the official TIB/SFM train timetable to Es Caülls before boarding.""},{""order"":3,""description"":""Take the confirmed train to Es Caülls and walk the official last-mile route to Mallorca Fashion Outlet.""},{""order"":4,""description"":""For the airport return, verify both the train and airport-bus timetables and leave a flight buffer.""}]",2026-07-04
mallorca-fashion-outlet-car-parking-guide,mallorca-fashion-outlet,city_center,palma-city-center,taxi,Mallorca Fashion Outlet by Car or Taxi,about 10 minutes from Palma according to the outlet; check traffic,free parking; taxi fare confirm with provider,false,"[{""order"":1,""description"":""Set navigation to Mallorca Fashion Outlet, Autovía Palma-Inca, Km 7.1, salida 8.""},{""order"":2,""description"":""Drive or take a licensed taxi toward exit 8; the official centre page positions the outlet 10 minutes from Palma.""},{""order"":3,""description"":""Use the official free parking and note your parking area before entering the centre.""},{""order"":4,""description"":""If using a taxi or ride service, confirm the return pickup point and fare before shopping.""}]",2026-07-04
sevilla-airport-to-sevilla-fashion-outlet-car-taxi,sevilla-fashion-outlet,airport,sevilla-airport,taxi,Seville Airport to Sevilla Fashion Outlet by Car or Taxi,very short airport-area transfer; check traffic,confirm taxi/private-transfer fare before travel,false,"[{""order"":1,""description"":""From Seville Airport, set the destination to Sevilla Fashion Outlet, Calle Finca los Espartales, San José de la Rinconada.""},{""order"":2,""description"":""Use a licensed taxi, ride-hail, private transfer, or rental car; confirm the fare method before leaving the terminal.""},{""order"":3,""description"":""Follow the road access to the outlet and use the official visitor parking area if driving.""},{""order"":4,""description"":""For the return to the airport, pre-book or confirm pickup early because the outlet states its bus service is cancelled.""}]",2026-07-04
seville-to-sevilla-fashion-outlet-car-parking,sevilla-fashion-outlet,city_center,seville-city-center,taxi,Sevilla to Sevilla Fashion Outlet by Taxi,15 min,Estimated €20–30 taxi/private-transfer fare; confirm the current licensed-provider price,true,"[{""order"":1,""description"":""Set navigation to Sevilla Fashion Outlet, Calle Finca los Espartales, San José de la Rinconada.""},{""order"":2,""description"":""Drive or take a licensed taxi/private transfer; the official centre page positions the outlet 15 minutes from Seville.""},{""order"":3,""description"":""Use the official free parking and electric-charger guidance on arrival.""},{""order"":4,""description"":""Do not rely on an outlet shuttle: the official notice says the bus transportation service is no longer available from February 10.""}]",2026-08-03
coruna-the-style-outlets-car-parking-guide,coruna-the-style-outlets,city_center,a-coruna-city-center,taxi,A Coruña to Coruña The Style Outlets by Car or Taxi,check live traffic,free parking; taxi/private-transfer fare confirm with provider,false,"[{""order"":1,""description"":""Set navigation to Coruña The Style Outlets, Avenida de Alvedro 5, Nacional 550 km 9.5, 15189 Culleredo, A Coruña.""},{""order"":2,""description"":""Use the official directions page and live traffic to approach the centre by car or licensed taxi.""},{""order"":3,""description"":""Park in the official free customer parking; the centre lists more than 1,000 car spaces, plus motorcycle and bicycle parking areas.""},{""order"":4,""description"":""If using a taxi or private transfer, confirm the return pickup point and fare before entering the centre.""}]",2026-07-05
coruna-the-style-outlets-public-transport-guide,coruna-the-style-outlets,city_center,a-coruna-city-center,bus,A Coruña to Coruña The Style Outlets by Public Transport,check official operator timetable,check official operator fare before travel,false,"[{""order"":1,""description"":""Check the official A Coruña-area transport operators for current bus or rail access to Culleredo before travelling.""},{""order"":2,""description"":""Travel only on a route confirmed by the official operator or the centre's official public-transport access page.""},{""order"":3,""description"":""After alighting near Avenida de Alvedro / Nacional 550, follow signed pedestrian access to the outlet.""},{""order"":4,""description"":""Before shopping, confirm the return timetable to A Coruña or your onward destination.""}]",2026-07-05
a-coruna-airport-to-coruna-style-outlets-ground-transport,coruna-the-style-outlets,airport,a-coruna-airport,taxi,A Coruña (LCG) to Coruña The Style Outlets by Taxi,,Estimated €7–12 taxi fare; confirm the current licensed-provider price,true,"[{""order"":1,""description"":""At A Coruña Airport, use official airport ground-transport information for taxi, public transport, or car access.""},{""order"":2,""description"":""Continue to Coruña The Style Outlets at Avenida de Alvedro 5; the centre describes its location as beside the airport.""},{""order"":3,""description"":""If driving, use the official free customer parking on arrival.""},{""order"":4,""description"":""For the return to the airport, confirm pickup or the official ground-transport timetable before shopping.""}]",2026-08-03
madrid-to-getafe-style-outlets-public-transport,getafe-the-style-outlets,city_center,madrid-city-center,bus,Madrid to Getafe The Style Outlets by Public Transport,check official CRTM timetable,check official CRTM fare before travel,false,"[{""order"":1,""description"":""Use the official CRTM journey planner for Getafe The Style Outlets, Avda. Río Guadalquivir, 15, and verify whether bus, MetroSur, Cercanías, or a combination is best for your date.""},{""order"":2,""description"":""Travel only on the route confirmed by CRTM or the centre's official public-transport page for the current timetable.""},{""order"":3,""description"":""After alighting, follow pedestrian crossings and centre signs to the outlet entrance.""},{""order"":4,""description"":""Before shopping, check the official return departures to Madrid and the correct fare zone.""}]",2026-07-04
getafe-style-outlets-car-parking-guide,getafe-the-style-outlets,city_center,madrid-city-center,taxi,Madrid or Getafe to Getafe The Style Outlets by Taxi,,Estimated €30–45 taxi/private-transfer fare from Madrid city centre; confirm the current licensed-provider price,true,"[{""order"":1,""description"":""Set navigation to Getafe The Style Outlets, Avda. Río Guadalquivir, 15, 28906 Getafe.""},{""order"":2,""description"":""Use the official centre directions page and live traffic to choose the approach by car or licensed taxi.""},{""order"":3,""description"":""Follow on-site signs to visitor parking and note your parking area for the return.""},{""order"":4,""description"":""If not driving yourself, agree the return taxi or ride-hail pickup point before entering the centre.""}]",2026-08-03
madrid-to-san-sebastian-reyes-style-outlets-public-transport,san-sebastian-de-los-reyes-the-style-outlets,city_center,madrid-city-center,bus,Madrid to San Sebastián de los Reyes The Style Outlets by Public Transport,check official CRTM timetable,check official CRTM fare before travel,false,"[{""order"":1,""description"":""Use the official CRTM journey planner for C/ Salvador de Madariaga, s/n, San Sebastián de los Reyes, and confirm the best metro, bus, Cercanías, or combined route.""},{""order"":2,""description"":""Travel on the route shown by CRTM or the centre's official public-transport page for your date; do not assume frequencies are unchanged.""},{""order"":3,""description"":""Walk from the confirmed stop or station to the outlet using signed crossings and pedestrian routes.""},{""order"":4,""description"":""Check the official return timetable to Madrid before shopping, especially for evenings and Sundays.""}]",2026-07-04
san-sebastian-reyes-style-outlets-car-parking-guide,san-sebastian-de-los-reyes-the-style-outlets,city_center,madrid-city-center,taxi,Madrid or San Sebastián de los Reyes to The Style Outlets by Taxi,,Estimated €30–45 taxi/private-transfer fare from Madrid city centre; confirm the current licensed-provider price,true,"[{""order"":1,""description"":""Set navigation to San Sebastián de los Reyes The Style Outlets, C/ Salvador de Madariaga, s/n, 28702 San Sebastián de los Reyes.""},{""order"":2,""description"":""Use the official centre directions page and live traffic for the approach by car, taxi, or private transfer.""},{""order"":3,""description"":""Follow on-site parking signs and note the entrance or parking sector used.""},{""order"":4,""description"":""If using a taxi, confirm the return pickup point and fare method before shopping.""}]",2026-08-03
sambil-madrid-metro-guide,sambil-madrid,city_center,madrid-city-center,metro,Madrid to Sambil Madrid via Metro Line 11,,Estimated €2–5; check the current CRTM fare,true,"[{""order"":1,""description"":""Use the official CRTM or Metro planner to reach Metro Line 11 toward La Fortuna.""},{""order"":2,""description"":""Travel to La Fortuna station, which CRTM lists on Metro Line 11 in fare zone B1.""},{""order"":3,""description"":""Exit at La Fortuna and follow the pedestrian route to Sambil Madrid at C/ de Mondragón s/n, Leganés.""},{""order"":4,""description"":""Before shopping, check the official Line 11 return timetable and fare requirements.""}]",2026-08-03
sambil-madrid-bus-guide,sambil-madrid,city_center,madrid-city-center,bus,Madrid to Sambil Madrid by Bus to La Fortuna,Check official CRTM timetable,Check official CRTM fare,false,"[{""order"":1,""description"":""Use the official CRTM planner to confirm whether bus 1, 486, 487, or N802 is the correct service for your origin and time of day.""},{""order"":2,""description"":""Board only the confirmed bus toward La Fortuna and verify the current stop before travel.""},{""order"":3,""description"":""Get off at the confirmed La Fortuna stop and walk to Sambil Madrid at C/ de Mondragón s/n.""},{""order"":4,""description"":""Check the official return bus times before shopping, especially if relying on the night route.""}]",2026-07-05
sambil-madrid-car-guide,sambil-madrid,city_center,madrid-city-center,taxi,Madrid to Sambil Madrid by Car or Taxi,Check live traffic,Road costs vary; check centre parking terms; taxi fare confirm with provider,false,"[{""order"":1,""description"":""Set navigation to Sambil Madrid, C/ de Mondragón s/n, 28917 Leganés.""},{""order"":2,""description"":""Use the official car access via exit 30 of the M-40 and follow current traffic conditions.""},{""order"":3,""description"":""Check the centre's current parking terms before travel, because the transportation record does not verify a parking price or free-parking rule.""},{""order"":4,""description"":""If using a taxi or private transfer, confirm the fare method and return pickup point before entering the centre.""}]",2026-07-05
foxtown-lugano-train,foxtown-factory-stores,city_center,lugano-city-center,train,Lugano to FoxTown via Mendrisio S. Martino,,Estimated CHF 8–15; check current SBB/TILO fare,true,"[{""order"":1,""description"":""Check the Lugano–Mendrisio S. Martino connection with SBB.""},{""order"":2,""description"":""Travel to Mendrisio S. Martino using the current SBB/TILO connection.""},{""order"":3,""description"":""Get off at Mendrisio S. Martino.""},{""order"":4,""description"":""Follow the direct station connection to FoxTown.""},{""order"":5,""description"":""Check the return train before shopping.""}]",2026-08-03
foxtown-malpensa-airport-car,foxtown-factory-stores,airport,milan-malpensa-airport,taxi,Milan Malpensa Airport to FoxTown by Car or Private Transfer,≈45–60 min (estimated),Confirm with provider,false,"[{""order"":1,""description"":""From Milan Malpensa, choose a rental car, licensed taxi, or pre-booked private transfer and confirm cross-border pricing, luggage space, and pickup location.""},{""order"":2,""description"":""Travel north toward Switzerland and Mendrisio; FoxTown's official visit page lists Via Angelo Maspoli 18, 6850 Mendrisio as the destination address.""},{""order"":3,""description"":""Keep passports or travel documents available for the Italy-Switzerland border area, even when routine checks are not expected.""},{""order"":4,""description"":""Use the outlet parking/drop-off area on arrival and agree the exact return pickup point before leaving the vehicle.""},{""order"":5,""description"":""For an airport return, pre-book the pickup before shopping and add a traffic and border buffer for flights from Malpensa.""}]",2026-07-02
foxtown-mendrisio-station-train,foxtown-factory-stores,station,mendrisio-s-martino-station,walking,Mendrisio S. Martino Station to FoxTown on Foot,Direct station connection; ≈5–10 min (estimated),Free after rail fare,false,"[{""order"":1,""description"":""Plan your rail trip to Mendrisio S. Martino on the official SBB timetable; FoxTown states that the stores are directly connected to this railway station.""},{""order"":2,""description"":""After leaving the train, follow the FoxTown signs from the platform/station area toward the outlet connection.""},{""order"":3,""description"":""If you instead arrive at Mendrisio main station, use SBB/PostBus/AMSA options to continue to Mendrisio S. Martino or the Mendrisio, via Morèe bus stop.""},{""order"":4,""description"":""Keep your public-transport ticket because FoxTown advertises a Green Ticket benefit for visitors arriving by public transportation.""},{""order"":5,""description"":""For the return, check the departure board or SBB app and walk back to Mendrisio S. Martino with enough time before the train leaves.""}]",2026-07-02
foxtown-lugano-car-parking,foxtown-factory-stores,city_center,lugano-city-center,taxi,Lugano to FoxTown by Car with Outlet Parking,≈20–30 min (estimated),Confirm parking conditions with the centre; taxi/private transfer confirm with provider,false,"[{""order"":1,""description"":""Set navigation to FoxTown Factory Stores, Via Angelo Maspoli 18, 6850 Mendrisio, the address shown on the official visit page.""},{""order"":2,""description"":""Drive south from Lugano toward Mendrisio and follow local signs for FoxTown as you approach the outlet.""},{""order"":3,""description"":""Park in the visitor parking area and note the level, row, or entrance before entering the shops.""},{""order"":4,""description"":""If using a taxi or private transfer, confirm the fare, waiting policy, and return pickup point before leaving the vehicle.""},{""order"":5,""description"":""For the return to Lugano, allow extra time during weekends, sales periods, and evening traffic around Mendrisio and the A2 corridor.""}]",2026-07-02
foxtown-return-trip,foxtown-factory-stores,station,mendrisio-s-martino-station,train,"FoxTown Return Trip by Train, Bus, or Car","≈20–60 min (estimated, depending on destination)",≈CHF 8–15 (estimated) for nearby public-transport trips; confirm road transfer with provider,false,"[{""order"":1,""description"":""Before shopping, decide whether you will return by train from Mendrisio S. Martino, by PostBus/AMSA from Mendrisio, via Morèe, or by the same car or transfer that brought you.""},{""order"":2,""description"":""For rail, check SBB live departures and walk back through the direct station connection before your train time.""},{""order"":3,""description"":""For bus, FoxTown's official bus page names Autopostale/PostBus and AMSA line 2 to Mendrisio, via Morèe; verify the current stop, line, and last departure.""},{""order"":4,""description"":""For taxi or private transfer, reconfirm the pickup point at the outlet and allow for shopping bags and border-area traffic.""},{""order"":5,""description"":""Keep receipts, public-transport tickets, and any tax-free paperwork together before leaving the centre.""}]",2026-07-02
landquart-zurich-train,landquart-fashion-outlet,city_center,zurich-city-center,train,Zürich HB to Landquart Fashion Outlet via Landquart,,Estimated CHF 20–45; check current SBB fare,true,"[{""order"":1,""description"":""Check the Zürich HB–Landquart connection with SBB.""},{""order"":2,""description"":""Travel to Landquart.""},{""order"":3,""description"":""Get off at Landquart.""},{""order"":4,""description"":""Walk from the station to the outlet directly next to it.""},{""order"":5,""description"":""Check the return train before shopping.""}]",2026-08-03
landquart-zurich-airport-train,landquart-fashion-outlet,airport,zurich-airport,train,Zurich Airport to Landquart Fashion Outlet by Train,≈75–90 min (estimated),Check official SBB fare,false,"[{""order"":1,""description"":""At Zurich Airport, use the official SBB timetable for Zürich Flughafen to Landquart, usually with a change at Zürich HB or another mainline station depending on the departure.""},{""order"":2,""description"":""Buy the correct ticket before boarding and check platform information in the airport rail station.""},{""order"":3,""description"":""Travel to Landquart station and follow signs from the station area to Landquart Fashion Outlet at Alpenblick 5.""},{""order"":4,""description"":""If travelling with luggage, use station/outlet facilities as appropriate and keep enough time for the walk between train and shops.""},{""order"":5,""description"":""For the airport return, check SBB live connections to Zürich Flughafen before shopping and allow a flight check-in buffer.""}]",2026-07-02
landquart-station-walk,landquart-fashion-outlet,station,landquart-station,walking,Landquart Station to Landquart Fashion Outlet on Foot,Immediately adjacent to Landquart station; ≈5 min (estimated),Free after rail fare,false,"[{""order"":1,""description"":""Arrive at Landquart railway station by SBB or RhB and exit toward the outlet side of the station.""},{""order"":2,""description"":""Follow pedestrian signs toward Landquart Fashion Outlet; official operator information describes the station as immediately adjacent to the outlet.""},{""order"":3,""description"":""Enter the shopping village and note your return path back to the station before you start shopping.""},{""order"":4,""description"":""If using an SBB RailAway or outlet benefit, keep the rail ticket available for any required validation.""},{""order"":5,""description"":""For the return, walk back to Landquart station and confirm the correct platform for Zürich, Chur, St. Gallen, or RhB onward travel.""}]",2026-07-02
landquart-zurich-car-parking,landquart-fashion-outlet,city_center,zurich-city-center,taxi,Zurich to Landquart Fashion Outlet by Car with Parking,60 min by car from Zurich,Confirm visitor parking conditions with the centre; taxi/private transfer confirm with provider,false,"[{""order"":1,""description"":""Set navigation to Landquart Fashion Outlet, Alpenblick 5, 7302 Landquart.""},{""order"":2,""description"":""Drive from Zurich toward Landquart; official operator guidance describes the outlet as about 60 minutes from Zurich by car.""},{""order"":3,""description"":""On arrival, follow signs for the centre parking areas, including the South Parking Garage where appropriate.""},{""order"":4,""description"":""The official directions page lists 1,550 parking spaces directly at the centre, EV charging stations, accessible parking, and motorhome/camper parking; note your parking area before shopping.""},{""order"":5,""description"":""For the return to Zurich, allow extra time around weekend shopping peaks and Alpine holiday traffic.""}]",2026-07-02
landquart-return-trip,landquart-fashion-outlet,station,landquart-station,train,Landquart Fashion Outlet Return Trip by Train or Car,"≈15–90 min (estimated, depending on destination)",Check official SBB/RhB fare; road transfers confirm with provider,false,"[{""order"":1,""description"":""Before shopping, check your return train or car route because Landquart is a rail junction for SBB and RhB services.""},{""order"":2,""description"":""For Zurich, use SBB departures from Landquart; for Chur, Davos, Klosters, or other Graubünden destinations, verify whether SBB or RhB is the correct operator.""},{""order"":3,""description"":""If returning by car, note your parking zone and use the same centre parking exit signs you used on arrival.""},{""order"":4,""description"":""If using a taxi or private transfer, reconfirm the pickup point near Alpenblick 5 and allow for shopping bags.""},{""order"":5,""description"":""Leave the shops early enough to reach the station platform or parking garage, especially near closing time and during busy sales periods.""}]",2026-07-02
fashion-fish-zurich-train,fashion-fish-factory-outlet,city_center,zurich-city-center,train,Zürich HB to FASHION FISH via Schönenwerd,,Estimated CHF 15–35; check current SBB fare,true,"[{""order"":1,""description"":""Check the Zürich HB–Schönenwerd connection with SBB.""},{""order"":2,""description"":""Travel to Schönenwerd.""},{""order"":3,""description"":""Get off at Schönenwerd.""},{""order"":4,""description"":""Walk from the station to FASHION FISH directly next to it.""},{""order"":5,""description"":""Check the return train before shopping.""}]",2026-08-03
fashion-fish-zurich-airport-train,fashion-fish-factory-outlet,airport,zurich-airport,train,Zurich Airport to Fashion Fish Factory Outlet by Train,≈55–75 min (estimated),Check official SBB fare,false,"[{""order"":1,""description"":""From Zürich Flughafen station, check the official SBB timetable to Schönenwerd and choose the connection with the most convenient transfer.""},{""order"":2,""description"":""Buy the ticket before boarding and travel via Zürich HB, Aarau, or Olten as directed by SBB for your exact departure time.""},{""order"":3,""description"":""Arrive at Schönenwerd station and walk to Fashion Fish at Parkstrasse 1, directly next to the station area.""},{""order"":4,""description"":""If travelling with luggage, keep the walk simple by using the station-side entrance and avoid tight flight connections after shopping.""},{""order"":5,""description"":""For the return to Zurich Airport, check SBB live departures to Zürich Flughafen and add a flight check-in buffer.""}]",2026-07-02
fashion-fish-schoenenwerd-station-walk,fashion-fish-factory-outlet,station,schoenenwerd-station,walking,Schönenwerd Station to Fashion Fish on Foot,Directly next to Schönenwerd station; ≈5 min (estimated),Free after rail fare,false,"[{""order"":1,""description"":""Arrive at Schönenwerd station after checking the official SBB timetable for your origin.""},{""order"":2,""description"":""Exit the station toward Parkstrasse and follow signs for Fashion Fish Factory Outlet.""},{""order"":3,""description"":""Walk to Parkstrasse 1; the official access page states that the outlet is directly next to Schönenwerd station.""},{""order"":4,""description"":""If you arrived by train or bus, keep the ticket because Fashion Fish services mention benefits for visitors showing a train or bus ticket at the information desk.""},{""order"":5,""description"":""For the return, check SBB departures before leaving the outlet and walk back to the station a few minutes before departure.""}]",2026-07-02
fashion-fish-zurich-car-parking,fashion-fish-factory-outlet,city_center,zurich-city-center,taxi,Zurich to Fashion Fish by Car with Paid Parking,≈40–50 min (estimated); 10 min from Aarau West motorway exit (official),Paid parking; confirm current tariff with the centre,false,"[{""order"":1,""description"":""Set navigation to Fashion Fish, Parkstrasse 1, 5012 Schönenwerd.""},{""order"":2,""description"":""Drive from Zurich toward the A1 corridor and Aarau/Schönenwerd; Fashion Fish's official access page notes the outlet is 10 minutes from the Aarau West motorway exit.""},{""order"":3,""description"":""On arrival, park in the outdoor parking lot or follow signs to the underground parking garage in the FASHION FISH base.""},{""order"":4,""description"":""Fashion Fish states that parking on the site is chargeable and that EV charging is available in front of the FASHION FISH base; remember your license plate for payment.""},{""order"":5,""description"":""For the return to Zurich, allow extra time for A1 traffic around Aarau and Zurich, especially late afternoon and on Saturdays.""}]",2026-07-02
fashion-fish-return-trip,fashion-fish-factory-outlet,station,schoenenwerd-station,train,"Fashion Fish Return Trip by Train, Bus, or Car","≈5–75 min (estimated, depending on destination)",Check official SBB fare; paid parking or road transfers confirm with provider,false,"[{""order"":1,""description"":""Before shopping, confirm whether you will return from Schönenwerd station, by local bus, or from the paid parking areas.""},{""order"":2,""description"":""For rail, use the official SBB timetable from Schönenwerd to Zurich, Basel, Bern, Lucerne, Olten, or Aarau.""},{""order"":3,""description"":""For bus, use SBB/local operator live planning because the official Fashion Fish access page confirms bus access but does not publish a specific line on the access page.""},{""order"":4,""description"":""For car, remember your license plate and payment method for the chargeable parking system before leaving the site.""},{""order"":5,""description"":""Leave enough time to reach the station or garage before closing; Fashion Fish is closed on Sundays under its regular opening pattern.""}]",2026-07-02
amsterdam-to-roermond-train,designer-outlet-roermond,city_center,amsterdam-city-center,train,Amsterdam to Designer Outlet Roermond via Roermond,,Estimated €25–35; check the current NS fare,true,"[{""order"":1,""description"":""Check the Amsterdam Centraal–Roermond connection with NS.""},{""order"":2,""description"":""Travel to Roermond using the current NS connection.""},{""order"":3,""description"":""Alight at Roermond.""},{""order"":4,""description"":""Use the official approximately 15-minute walking connection.""},{""order"":5,""description"":""Check the return train before shopping.""}]",2026-08-03
eindhoven-airport-to-roermond-car,designer-outlet-roermond,airport,eindhoven-airport,taxi,Eindhoven Airport to Designer Outlet Roermond by Car,≈45-60 min (estimated),Confirm with provider,false,"[{""order"":1,""description"":""From Eindhoven Airport, follow the signed road route toward the A2/A73 corridor and Roermond, checking current traffic before departure.""},{""order"":2,""description"":""Use a taxi, rental car, or pre-booked transfer; confirm the fare with the provider before leaving the airport.""},{""order"":3,""description"":""Navigate to Stadsweide 2, 6041 TD Roermond and follow Designer Outlet Roermond parking signs on arrival.""},{""order"":4,""description"":""Use the official parking guidance: the first 30 minutes are free, standard parking is €7 per day, and premium parking is €12.50 per day if booked/available.""},{""order"":5,""description"":""If not driving yourself, agree the return pickup point and time before shopping.""}]",2026-07-01
flixbus-to-roermond-outlet,designer-outlet-roermond,city_center,regional-city-centres,bus,Regional Cities to Designer Outlet Roermond by FlixBus,Check official timetable,Check official timetable,false,"[{""order"":1,""description"":""Check FlixBus for current services from your departure city to Roermond Station or directly to Designer Outlet Roermond.""},{""order"":2,""description"":""Book only after confirming the exact arrival stop, departure time, luggage rules, and return time on FlixBus.""},{""order"":3,""description"":""If your coach arrives at Roermond Station, follow the signed walking route to Designer Outlet Roermond; allow about 10-15 minutes on foot.""},{""order"":4,""description"":""If your coach stops directly at Designer Outlet Roermond, confirm the return stop location before entering the centre.""}]",2026-07-01
rotterdam-to-roosendaal-train-bus,designer-outlet-roosendaal,city_center,rotterdam-city-center,train,Rotterdam to Designer Outlet Roosendaal via Roosendaal,,Estimated €15–20 total; check current NS and Bravo fares,true,"[{""order"":1,""description"":""Check the Rotterdam Centraal–Roosendaal train with NS.""},{""order"":2,""description"":""Travel to Roosendaal with NS.""},{""order"":3,""description"":""At Roosendaal, check the current Bravo Line 161 connection.""},{""order"":4,""description"":""Continue to the Designer Outlet Roosendaal stop.""},{""order"":5,""description"":""Check the return bus and train before shopping.""}]",2026-08-03
rotterdam-airport-to-roosendaal-car,designer-outlet-roosendaal,airport,rotterdam-airport,taxi,Rotterdam The Hague Airport to Designer Outlet Roosendaal by Car,≈45-60 min (estimated),Confirm with provider,false,"[{""order"":1,""description"":""From Rotterdam The Hague Airport, check current traffic and follow the signed motorway route toward Roosendaal.""},{""order"":2,""description"":""Use a taxi, rental car, or pre-booked transfer; confirm the fare with the provider before leaving the airport.""},{""order"":3,""description"":""Navigate to Rosada 70, 4703 TB Roosendaal and follow Designer Outlet Roosendaal parking signs on arrival.""},{""order"":4,""description"":""Use the official Roosendaal parking guidance: standard parking costs €5 per day and is payable by card or cash.""},{""order"":5,""description"":""If not driving yourself, agree the return pickup point and time before shopping.""}]",2026-07-01
amsterdam-centraal-to-amsterdam-style-outlets-train-walk,amsterdam-the-style-outlets,city_center,amsterdam-centraal,train,Amsterdam Centraal to Amsterdam The Style Outlets via Halfweg-Zwanenburg,,Estimated €4–6; check the current NS fare,true,"[{""order"":1,""description"":""Check the Amsterdam Centraal–Halfweg-Zwanenburg train.""},{""order"":2,""description"":""Travel to Halfweg-Zwanenburg with NS.""},{""order"":3,""description"":""Alight at Halfweg-Zwanenburg.""},{""order"":4,""description"":""Follow the direct pedestrian connection from the station toward the outlet.""},{""order"":5,""description"":""Check the return train before shopping.""}]",2026-08-03
amsterdam-style-outlets-car-parking-guide,amsterdam-the-style-outlets,city_center,amsterdam-city-center,taxi,Driving or Taxi to Amsterdam The Style Outlets with Parking,Check traffic,Check official outlet/SugarCity parking fees; taxi fare varies,false,"[{""order"":1,""description"":""Set navigation to Amsterdam The Style Outlets, SugarCity Ring 1, Halfweg, and check the official outlet and SugarCity parking pages before travel.""},{""order"":2,""description"":""Drive or take a licensed taxi/private transfer to Halfweg, allowing extra time during weekends and holidays.""},{""order"":3,""description"":""Use the car park under the outlet when available; SugarCity notes overflow parking can be used during peak periods, with different fees possible.""},{""order"":4,""description"":""If using a taxi, confirm the fare and return pickup point before shopping.""}]",2026-07-04
amsterdam-to-batavia-stad-shuttle-bus,batavia-stad-fashion-outlet,city_center,amsterdam-north-overhoeksplein,shuttle,Amsterdam to Batavia Stad Fashion Outlet by Official Shuttle Bus,Check official shuttle timetable,Check official Batavia Stad shuttle fare before booking,false,"[{""order"":1,""description"":""Open Batavia Stad Fashion Outlet's official shuttle bus page and confirm the Amsterdam pickup point, operating dates, fare and return time.""},{""order"":2,""description"":""Go to the confirmed Amsterdam North / Overhoeksplein pickup point early with your reservation.""},{""order"":3,""description"":""Ride the shuttle to Batavia Stad Fashion Outlet and note the return pickup location at the Information Centre or current official stop.""},{""order"":4,""description"":""Before shopping, confirm the same-day return departure; do not rely on old timetable screenshots.""}]",2026-07-04
amsterdam-to-batavia-stad-train-bus,batavia-stad-fashion-outlet,city_center,amsterdam-centraal,train,Amsterdam to Batavia Stad via Lelystad Centrum,,Estimated €15–20 total; check current NS and RRReis fares,true,"[{""order"":1,""description"":""Check the Amsterdam Centraal–Lelystad Centrum train with NS.""},{""order"":2,""description"":""Travel to Lelystad Centrum with NS.""},{""order"":3,""description"":""At Lelystad Centrum, check the current RRReis Line 13 connection.""},{""order"":4,""description"":""Take Line 13 to the Batavia Stad stop.""},{""order"":5,""description"":""Check the return bus and train before shopping.""}]",2026-08-03
batavia-stad-car-parking-guide,batavia-stad-fashion-outlet,city_center,amsterdam-city-center,taxi,Driving or Taxi to Batavia Stad Fashion Outlet,Check traffic,Check official parking terms; taxi/private transfer fare varies,false,"[{""order"":1,""description"":""Set navigation to Batavia Stad Fashion Outlet, Bataviaplein 267, Lelystad, and check current traffic before departure.""},{""order"":2,""description"":""Use a rental car, licensed taxi or private transfer only after confirming the fare or rental terms.""},{""order"":3,""description"":""Follow official Batavia Stad parking signs on arrival and check on-site or official parking information for current rules.""},{""order"":4,""description"":""If not driving yourself, agree the return pickup point before entering the outlet.""}]",2026-07-04
brussels-airport-to-maasmechelen-car,maasmechelen-village,airport,brussels-airport,taxi,Brussels Airport to Maasmechelen Village by Car,≈1 hr (estimated),Confirm with provider,false,"[{""order"":1,""description"":""From Brussels Airport, use a taxi, rental car, or pre-booked transfer to Zetellaan 100, 3630 Maasmechelen.""},{""order"":2,""description"":""Allow about one hour by road in normal traffic, matching the Village's official airport guidance.""},{""order"":3,""description"":""On arrival, use the official complimentary parking areas or taxi drop-off.""},{""order"":4,""description"":""For the return trip, pre-book pickup or confirm taxi availability before shopping.""}]",2026-07-02
brussels-to-maasmechelen-shopping-express,maasmechelen-village,city_center,brussels-city-center,shuttle,Brussels City Centre to Maasmechelen Village by Shopping Express,Check official Shopping Express® timetable,Check official timetable,false,"[{""order"":1,""description"":""Check the official Shopping Express® booking page for the current Brussels pickup point, operating dates, fare, and return time.""},{""order"":2,""description"":""Arrive at the confirmed pickup point early with your booking confirmation.""},{""order"":3,""description"":""Travel directly to Maasmechelen Village and note the coach parking or drop-off point for your return.""},{""order"":4,""description"":""Before shopping, confirm the same-day return departure time with the operator.""}]",2026-07-02
brussels-to-maasmechelen-train-bus,maasmechelen-village,city_center,brussels-city-center,train,Brussels to Maasmechelen Village via Genk,,Estimated €15–30 total; check current NMBS/SNCB and De Lijn fares,true,"[{""order"":1,""description"":""Check the Brussels–Genk connection with NMBS/SNCB.""},{""order"":2,""description"":""Travel to Genk using the current train connection.""},{""order"":3,""description"":""Get off at Genk.""},{""order"":4,""description"":""Continue to Maasmechelen Village using the current De Lijn 45 connection.""},{""order"":5,""description"":""Check the return bus and train connections before shopping.""}]",2026-08-03
maastricht-to-maasmechelen-car,maasmechelen-village,city_center,maastricht-city-center,taxi,Maastricht to Maasmechelen Village by Car,Travel times vary by traffic,Confirm with provider,false,"[{""order"":1,""description"":""Drive or take a taxi from Maastricht to Zetellaan 100, 3630 Maasmechelen.""},{""order"":2,""description"":""Follow current navigation and local signage to Maasmechelen Village.""},{""order"":3,""description"":""Use the Village's complimentary parking, which includes EV charging points.""},{""order"":4,""description"":""For the return trip, agree pickup time and location with your taxi or transfer provider.""}]",2026-07-02
maasmechelen-car-parking,maasmechelen-village,city_center,driving,taxi,Driving and Parking at Maasmechelen Village,About 1 hr from Brussels; travel times vary by origin and traffic,Free parking,false,"[{""order"":1,""description"":""Set navigation to Maasmechelen Village, Zetellaan 100, 3630 Maasmechelen, Belgium.""},{""order"":2,""description"":""Follow current navigation and local signage to Maasmechelen Village.""},{""order"":3,""description"":""Park in the official complimentary car park; the Village states there are 1,550 spaces plus nearby free car parks.""},{""order"":4,""description"":""Before leaving, note your parking area and exit route for a smoother return drive.""}]",2026-07-02
designer-outlet-luxembourg-city-car,designer-outlet-luxembourg,city_center,luxembourg-city-center,taxi,Luxembourg City Centre to Designer Outlet Luxembourg by Car,30 min from Luxembourg city centre,Parking complimentary; fuel/taxi/private transfer costs vary,false,"[{""order"":1,""description"":""Check Designer Outlet Luxembourg's official directions page for current access notes and opening hours before leaving.""},{""order"":2,""description"":""Drive from Luxembourg city toward Messancy, Belgium; the outlet states it is reachable from Luxembourg city centre within about 30 minutes.""},{""order"":3,""description"":""Follow signs to Designer Outlet Luxembourg, Rue d'Arlon 199, and use the customer parking areas.""},{""order"":4,""description"":""If using a taxi or private transfer, agree the fare, cross-border pickup point, and return pickup time before shopping.""},{""order"":5,""description"":""For the return, allow extra time for cross-border and Friday/Saturday shopping traffic.""}]",2026-07-03
designer-outlet-luxembourg-airport-car,designer-outlet-luxembourg,airport,luxembourg-airport,taxi,Luxembourg Airport to Designer Outlet Luxembourg by Taxi or Rental Car,≈30–40 min (estimated),Taxi/private transfer confirm with provider; parking complimentary,false,"[{""order"":1,""description"":""From Luxembourg Airport, use an official taxi, rental car, or pre-booked cross-border transfer to Messancy.""},{""order"":2,""description"":""Travel via Luxembourg city or the motorway route toward Arlon/Messancy, following navigation to Rue d'Arlon 199.""},{""order"":3,""description"":""Use outlet parking if driving, or agree a drop-off point close to the main entrance.""},{""order"":4,""description"":""For a return to the airport, pre-book pickup before shopping and allow extra time for border and airport formalities.""}]",2026-07-03
designer-outlet-luxembourg-train-bus,designer-outlet-luxembourg,city_center,luxembourg-city-center,train,Luxembourg to Designer Outlet Luxembourg via Arlon,,"Estimated €8–15 total; check current CFL, SNCB and TEC fares",true,"[{""order"":1,""description"":""Check the Luxembourg–Arlon train connection with CFL/SNCB.""},{""order"":2,""description"":""Travel to Arlon.""},{""order"":3,""description"":""Get off at Arlon.""},{""order"":4,""description"":""Continue to the Messancy Outlet stop using the current TEC 16 or 20 connection.""},{""order"":5,""description"":""Check the return bus and train connections before shopping.""}]",2026-08-03
lisbon-to-freeport-lisboa-shuttle,freeport-lisboa-fashion-outlet,city_center,lisbon-city-center,shuttle,Lisbon to Freeport Lisboa Fashion Outlet by Official Shuttle,,Estimated €14–20 return; check current official shuttle fare,true,"[{""order"":1,""description"":""Check the current shuttle time and Marquês de Pombal departure on the official page.""},{""order"":2,""description"":""Complete the current ticket purchase or reservation if required.""},{""order"":3,""description"":""Arrive early at the Marquês de Pombal departure point.""},{""order"":4,""description"":""Travel to the outlet with the Freeport Outlet Shuttle.""},{""order"":5,""description"":""Confirm the return shuttle time before shopping.""}]",2026-08-03
lisbon-airport-to-freeport-lisboa-car,freeport-lisboa-fashion-outlet,airport,lisbon-airport,taxi,Lisbon Airport to Freeport Lisboa Fashion Outlet by Car or Taxi,≈25-35 min by road (estimated),Taxi/ride-hail ≈€30-50 (estimated); rental car costs vary,false,"[{""order"":1,""description"":""From Lisbon Airport, continue by taxi, ride-hail, rental car, or pre-booked transfer toward Alcochete.""},{""order"":2,""description"":""Use the Vasco da Gama Bridge route when traffic makes it practical, then follow navigation to Av. Euro 2004, 2890-154 Alcochete.""},{""order"":3,""description"":""Allow about 25-35 minutes in normal traffic; check current road conditions before leaving the terminal.""},{""order"":4,""description"":""For the return trip to the airport, book pickup in advance and leave extra time for bridge and airport traffic.""}]",2026-07-03
lisbon-to-freeport-lisboa-carris-bus,freeport-lisboa-fashion-outlet,station,lisbon-public-transport,bus,Lisbon to Freeport Lisboa Fashion Outlet by Carris Metropolitana Bus,Check official Carris Metropolitana timetable,Check official Carris Metropolitana fare,false,"[{""order"":1,""description"":""Plan the trip on Carris Metropolitana before departure; the outlet highlights Freeport access by lines 4501, 4504, 4600 and reinforced 4702 services.""},{""order"":2,""description"":""Travel from Lisbon to the confirmed Freeport / Alcochete stop shown in the official timetable.""},{""order"":3,""description"":""After alighting, follow pedestrian signs or the short walking route to the outlet entrance.""},{""order"":4,""description"":""Before shopping, check the return timetable and last useful bus back toward Lisbon so you do not miss the connection.""}]",2026-07-03
freeport-lisboa-car-parking,freeport-lisboa-fashion-outlet,city_center,driving,taxi,Driving and Parking at Freeport Lisboa Fashion Outlet,≈30 min from central Lisbon (estimated),Free parking; fuel and tolls vary,false,"[{""order"":1,""description"":""Set navigation to Freeport Lisboa Fashion Outlet, Av. Euro 2004, 2890-154 Alcochete.""},{""order"":2,""description"":""From Lisbon, use the current fastest route, commonly via the Vasco da Gama Bridge, and follow Alcochete / Freeport signs.""},{""order"":3,""description"":""Park in the official outlet car park and note your parking section before entering the centre.""},{""order"":4,""description"":""For the return drive, check traffic toward Lisbon and bridge conditions before leaving the car park.""}]",2026-07-03
freeport-lisboa-return-trip,freeport-lisboa-fashion-outlet,city_center,return-trip,bus,Return Trip from Freeport Lisboa Fashion Outlet to Lisbon,≈30 min by shuttle/car; bus times vary (estimated),Included with official shuttle return ticket; public bus fares vary,false,"[{""order"":1,""description"":""If you arrived by official shuttle, confirm the return pickup point and departure time when you arrive at Freeport.""},{""order"":2,""description"":""If you arrived by Carris Metropolitana bus, re-check the live or official timetable before the final hour of shopping.""},{""order"":3,""description"":""If returning by taxi or ride-hail, request pickup at the outlet entrance or the designated drop-off area and allow for evening traffic.""},{""order"":4,""description"":""Keep your shuttle ticket, public transport card, or ride booking ready until you are back in Lisbon.""}]",2026-07-03
porto-to-vila-do-conde-fashion-outlet-metro,vila-do-conde-porto-fashion-outlet,city_center,porto-city-center,metro,Porto Trindade to Vila do Conde Porto Fashion Outlet by Metro B,,Estimated €3–5; check current Metro do Porto fare,true,"[{""order"":1,""description"":""Check the Line B service from Trindade.""},{""order"":2,""description"":""Board Metro do Porto Line B.""},{""order"":3,""description"":""Get off at VC Fashion Outlet–Modivas.""},{""order"":4,""description"":""Use the direct pedestrian connection to the outlet entrance.""},{""order"":5,""description"":""Check the return metro before shopping.""}]",2026-08-03
porto-airport-to-vila-do-conde-fashion-outlet-car,vila-do-conde-porto-fashion-outlet,airport,porto-airport,taxi,Porto Airport to Vila do Conde Porto Fashion Outlet by Car or Taxi,10 min by road,Taxi/ride-hail ≈€12-25 (estimated),false,"[{""order"":1,""description"":""From Porto Airport, take a taxi, ride-hail, rental car, or pre-booked transfer toward Modivas.""},{""order"":2,""description"":""The outlet operator lists the centre as 10 minutes from Porto International Airport.""},{""order"":3,""description"":""Use Avenida Fonte Cova, 4485-592 Modivas, and follow signs for Vila do Conde Porto Fashion Outlet.""},{""order"":4,""description"":""For the return airport trip, book pickup early and allow extra time for baggage, terminal access, and traffic.""}]",2026-07-03
porto-to-vila-do-conde-fashion-outlet-public-transport,vila-do-conde-porto-fashion-outlet,station,porto-trindade-station,metro,Porto Trindade to Vila do Conde Porto Fashion Outlet by Public Transport,≈30-35 min (official/estimated),Check official Andante fare,false,"[{""order"":1,""description"":""Start at Porto Trindade or another convenient Metro do Porto station and validate the correct Andante ticket before boarding.""},{""order"":2,""description"":""Take the direct metro service toward VC Fashion Outlet / Modivas; the operator advertises a 30-minute direct metro connection from Porto.""},{""order"":3,""description"":""Leave the station at VC Fashion Outlet / Modivas and use the direct pedestrian access to the shopping centre.""},{""order"":4,""description"":""For the return, confirm the platform and next departure toward Porto on the official Metro do Porto information before exiting the centre.""}]",2026-07-03
vila-do-conde-fashion-outlet-car-parking,vila-do-conde-porto-fashion-outlet,city_center,driving,taxi,Driving and Parking at Vila do Conde Porto Fashion Outlet,20 min from central Porto; 10 min from Porto Airport,Free parking,false,"[{""order"":1,""description"":""Set navigation to Vila do Conde Porto Fashion Outlet, Avenida Fonte Cova, 4485-592 Modivas.""},{""order"":2,""description"":""Use the A28 / Modivas access according to current navigation; the operator highlights direct A28 motorway access.""},{""order"":3,""description"":""Park in the official free parking area and note the entrance used for an easier return to your car.""},{""order"":4,""description"":""Before leaving, check A28 traffic toward Porto, Vila do Conde, the cruise terminal, or the airport.""}]",2026-07-03
vila-do-conde-fashion-outlet-return-trip,vila-do-conde-porto-fashion-outlet,city_center,return-trip,metro,Return Trip from Vila do Conde Porto Fashion Outlet to Porto,30 min by direct metro; road times vary,Check official Andante fare; road costs vary,false,"[{""order"":1,""description"":""For metro returns, walk back to VC Fashion Outlet / Modivas and check the next departure toward Porto before leaving the centre.""},{""order"":2,""description"":""Validate or keep your Andante ticket ready for inspection on Metro do Porto.""},{""order"":3,""description"":""For car, taxi, or ride-hail returns, use the official parking or pickup area and check current A28 traffic.""},{""order"":4,""description"":""If connecting to Porto Airport or the cruise terminal, leave a buffer beyond the advertised 10-15 minute road access times.""}]",2026-07-03
copenhagen-to-ringsted-outlet-train-bus,ringsted-outlet,city_center,copenhagen-city-center,train,Copenhagen City Centre to Ringsted Outlet by Train and Bus,,Approx. DKK 100–150,true,"[{""order"":1,""description"":""Use DSB or Rejseplanen to choose a train from Copenhagen Central Station to Ringsted Station.""},{""order"":2,""description"":""The outlet's official directions state regional and InterCity trains reach Ringsted in around 35 minutes from Copenhagen Central, with 4-6 trains per hour.""},{""order"":3,""description"":""At Ringsted Station, use Rejseplanen to select the currently operating Movia local bus and its documented stop for Klosterparks Allé; do not assume one line applies at every service period.""},{""order"":4,""description"":""For the return trip, check Rejseplanen for the next bus back to Ringsted Station and your train onward to Copenhagen before shopping late.""}]",2026-07-03
copenhagen-airport-to-ringsted-outlet-rail,ringsted-outlet,airport,copenhagen-airport,train,Copenhagen Airport to Ringsted Outlet by Rail and Local Bus,≈50-65 min to Ringsted plus local transfer (estimated),Check official DSB/Rejseplanen fare,false,"[{""order"":1,""description"":""From Copenhagen Airport, use DSB or Rejseplanen to find the best rail connection to Ringsted Station, changing in Copenhagen if required.""},{""order"":2,""description"":""Travel to Ringsted Station and keep your ticket valid for the selected itinerary.""},{""order"":3,""description"":""Continue from Ringsted Station by the next suitable local bus listed in the outlet's official directions.""},{""order"":4,""description"":""For the return to the airport, check the full bus-plus-train itinerary before leaving the outlet and allow airport check-in buffer time.""}]",2026-07-03
ringsted-station-to-ringsted-outlet-bus,ringsted-outlet,station,ringsted-station,bus,Ringsted Station to Ringsted Outlet by Local Bus,Short bus ride from Ringsted Station,Check official Rejseplanen / local bus fare,false,"[{""order"":1,""description"":""At Ringsted Station, check the official departure board, Rejseplanen, or the outlet's linked timetables for the next bus.""},{""order"":2,""description"":""Use one of the outlet-listed routes serving the area: 401A, 240, 540, 405, 408, 404 or 415.""},{""order"":3,""description"":""Get off at the stop closest to Ringsted Designer Outlet, Klosterparks Allé 1, and follow pedestrian signs to the entrance.""},{""order"":4,""description"":""Before returning to the station, check the next bus time so you can connect with your onward train.""}]",2026-07-03
ringsted-outlet-car-parking-guide,ringsted-outlet,city_center,driving,taxi,Driving and Parking at Ringsted Designer Outlet,Minutes from E20 exit 36; ≈40-45 min from Copenhagen (estimated),Free parking,false,"[{""order"":1,""description"":""Set navigation to Ringsted Designer Outlet, Klosterparks Allé 1, DK-4100 Ringsted.""},{""order"":2,""description"":""Use the E20 and take exit 36 Ringsted N, as listed in the outlet's official driving directions.""},{""order"":3,""description"":""Park in the official free parking area in front of the outlet village; the outlet lists more than 850 free spaces with no time limit.""},{""order"":4,""description"":""For the return drive, check E20 traffic toward Copenhagen, Odense, or your next destination before leaving the car park.""}]",2026-07-03
ringsted-outlet-return-trip,ringsted-outlet,city_center,return-trip,train,Return Trip from Ringsted Outlet to Copenhagen or Ringsted Station,Short bus ride plus ≈35 min train to Copenhagen,Check official DSB/Rejseplanen fare,false,"[{""order"":1,""description"":""If returning by public transport, check Rejseplanen for the next local bus from the outlet area to Ringsted Station.""},{""order"":2,""description"":""At Ringsted Station, board the planned regional or InterCity train toward Copenhagen or your onward destination.""},{""order"":3,""description"":""If returning by car, leave via the official car park and follow signs back to E20 exit 36 Ringsted N.""},{""order"":4,""description"":""Build in extra time on weekends and sale periods, especially when connecting to airport trains or long-distance rail.""}]",2026-07-03
vienna-to-parndorf-shuttle,designer-outlet-parndorf,city_center,vienna-city-center,shuttle,Vienna to Designer Outlet Parndorf by Shuttle Bus,Check official timetable,Check official timetable,false,"[{""order"":1,""description"":""Check the official Designer Outlet Parndorf shuttle page for current Vienna departures, prices, and return times.""},{""order"":2,""description"":""Go to the confirmed Vienna pickup point; official outlet pages identify downtown Vienna at the State Opera for shuttle services.""},{""order"":3,""description"":""Board the shuttle bus to Designer Outlet Parndorf.""},{""order"":4,""description"":""Confirm the return shuttle departure time before shopping.""}]",2026-07-01
vienna-to-parndorf-train-bus,designer-outlet-parndorf,city_center,vienna-city-center,train,Vienna to Designer Outlet Parndorf via Parndorf Ort,,Estimated €5–20 total; check current ÖBB and station-bus fares,true,"[{""order"":1,""description"":""Check the Wien Hauptbahnhof–Parndorf Ort train with ÖBB.""},{""order"":2,""description"":""Travel to Parndorf Ort with ÖBB.""},{""order"":3,""description"":""Get off at Parndorf Ort.""},{""order"":4,""description"":""Continue to Designer Outlet Parndorf using the current official station bus.""},{""order"":5,""description"":""Check the return bus and train connections.""}]",2026-08-03
vienna-airport-to-parndorf-car,designer-outlet-parndorf,airport,vienna-airport,taxi,Vienna Airport to Designer Outlet Parndorf by Car,Check official route planner,Confirm with provider,false,"[{""order"":1,""description"":""Confirm the current road route from Vienna Airport to Designer Outlet Straße 1, 7111 Parndorf.""},{""order"":2,""description"":""Use a taxi, rental car, or transfer and confirm the fare before departure.""},{""order"":3,""description"":""Use the official free parking zones in and around the centre on arrival.""},{""order"":4,""description"":""Confirm return pickup or onward transport before shopping.""}]",2026-07-01
vienna-to-parndorf-car,designer-outlet-parndorf,city_center,vienna-city-center,taxi,Vienna to Designer Outlet Parndorf by Car,About 40 minutes,"Free centre parking; road, fuel, rental or taxi costs vary",false,"[{""order"":1,""description"":""Set navigation to Designer Outlet Straße 1, 7111 Parndorf and allow time for traffic leaving Vienna.""},{""order"":2,""description"":""Follow the signed route to Designer Outlet Parndorf and use the free parking zones in and around the centre.""},{""order"":3,""description"":""If charging an electric vehicle, use the official EV charging areas near car park P1 or opposite adidas when available.""},{""order"":4,""description"":""For the return trip, re-check traffic toward Vienna before leaving the car park.""}]",2026-07-01
bratislava-to-parndorf-shuttle,designer-outlet-parndorf,city_center,bratislava-city-center,shuttle,Bratislava to Designer Outlet Parndorf by Shuttle Bus,Check official timetable,Check official timetable,false,"[{""order"":1,""description"":""Check the official Designer Outlet Parndorf shuttle page for Bratislava service dates, pickup point, price, and return time.""},{""order"":2,""description"":""Go to the confirmed Bratislava pickup point.""},{""order"":3,""description"":""Board the shuttle bus to Designer Outlet Parndorf.""},{""order"":4,""description"":""Confirm the return shuttle departure before shopping.""}]",2026-07-01
budapest-to-parndorf-flixbus,designer-outlet-parndorf,city_center,budapest-city-center,bus,Budapest to Designer Outlet Parndorf by FlixBus,Check official timetable,Check official timetable,false,"[{""order"":1,""description"":""Check the official FlixBus timetable and Designer Outlet Parndorf travel page before booking.""},{""order"":2,""description"":""Book only a service confirmed for Designer Outlet Parndorf or a suitable Parndorf stop.""},{""order"":3,""description"":""On arrival, follow outlet signs to the centre entrance.""},{""order"":4,""description"":""Confirm the return coach stop and departure time before shopping.""}]",2026-07-01
salzburg-city-to-designer-outlet-salzburg-bus,designer-outlet-salzburg,city_center,salzburg-city-center,bus,Salzburg Hauptbahnhof to Designer Outlet Salzburg by Bus 2,,Estimated €3–5; check current Salzburg Verkehr fare,true,"[{""order"":1,""description"":""Check the Line 2 timetable from Salzburg Hauptbahnhof.""},{""order"":2,""description"":""Board Line 2 toward DOC Himmelreich.""},{""order"":3,""description"":""Get off at DOC Himmelreich.""},{""order"":4,""description"":""Continue to the outlet entrance.""},{""order"":5,""description"":""Check the return service before shopping.""}]",2026-08-03
salzburg-airport-to-designer-outlet-salzburg-walk,designer-outlet-salzburg,airport,salzburg-airport,walking,Salzburg Airport to Designer Outlet Salzburg Last-Mile Walk,Short last-mile walk; check map before travel,Free on foot,false,"[{""order"":1,""description"":""Confirm the pedestrian route from Salzburg Airport to Designer Outlet Salzburg before leaving the terminal.""},{""order"":2,""description"":""Use signed pavements and crossings only; the outlet is near the airport but road layouts can make the exact walking route important.""},{""order"":3,""description"":""If carrying luggage or travelling in poor weather, use an official taxi or the Salzburg public-transport planner instead of walking.""},{""order"":4,""description"":""For the return to the airport, leave extra time for security and re-check the walking route or local bus option.""}]",2026-07-04
salzburg-to-designer-outlet-salzburg-car-parking,designer-outlet-salzburg,city_center,salzburg-city-center,taxi,Driving or Taxi to Designer Outlet Salzburg with Parking,About 10 minutes from Salzburg; check traffic,Check official parking terms; taxi fare confirm with provider,false,"[{""order"":1,""description"":""Set navigation to Designer Outlet Salzburg, Kasernenstraße 1, Wals-Himmelreich, and check current traffic before departure.""},{""order"":2,""description"":""Follow the outlet's official road directions to the parking garage or signed parking areas.""},{""order"":3,""description"":""If using the P+R option, check Salzburg.info and Salzburg Verkehr rules for the current combo ticket, validity and participating bus lines before parking.""},{""order"":4,""description"":""If using a taxi or airport transfer, confirm fare and pickup point before shopping.""}]",2026-07-04
warsaw-centre-to-factory-ursus-train-walk,factory-ursus,city_center,warsaw-city-center,train,Warsaw City Centre to Factory Ursus by Train and Walk,,Approx. PLN 4.40-7 adult one-way (estimated),true,"[{""order"":1,""description"":""From Warszawa Centralna, Warszawa Śródmieście or another central stop, plan a suburban rail trip with the official Warsaw public transport or Koleje Mazowieckie planner toward Warszawa Ursus Północny or Warszawa Ursus.""},{""order"":2,""description"":""Ride the selected SKM or Koleje Mazowieckie service to the Ursus area; keep the ticket valid for the chosen operator and zone.""},{""order"":3,""description"":""Walk from the station toward Factory Ursus at Plac Czerwca 1976 r. 6, following local pedestrian signs and map directions.""},{""order"":4,""description"":""For the return trip, check the next rail departure before leaving the shops because evening and weekend frequencies can differ.""}]",2026-08-04
warsaw-chopin-airport-to-factory-ursus-car-public-transport,factory-ursus,airport,warsaw-chopin-airport,taxi,Warsaw Chopin Airport to Factory Ursus by Taxi or Public Transport,≈15-25 min by car/taxi; ≈35-55 min by public transport (estimated),Taxi/ride-hail ≈PLN 35-70 (estimated); public transport fare check ZTM,false,"[{""order"":1,""description"":""From Warsaw Chopin Airport, choose taxi, ride-hail, rental car, or the official ZTM rail/bus planner depending on luggage and traffic.""},{""order"":2,""description"":""By car or taxi, set Factory Ursus, Plac Czerwca 1976 r. 6, and compare the S2/S8 or local-road routing in live traffic.""},{""order"":3,""description"":""By public transport, use official ZTM routing from the airport toward Ursus, normally combining rail and/or bus with a final walk to the outlet.""},{""order"":4,""description"":""For the return to the airport, leave extra buffer time for security and possible road congestion around Warsaw.""}]",2026-07-03
warsaw-public-transport-to-factory-ursus-bus-train,factory-ursus,station,warsaw-public-transport,bus,Warsaw Public Transport to Factory Ursus by Bus or Train,≈30-45 min from central Warsaw depending on route (estimated),Check official ZTM fare,false,"[{""order"":1,""description"":""Open the official ZTM Warszawa journey planner and enter Factory Ursus or Plac Czerwca 1976 r. 6 as the destination.""},{""order"":2,""description"":""Choose between rail to an Ursus station and bus connections to the Ursus-Ratusz / Plac Czerwca 1976 r. area.""},{""order"":3,""description"":""After alighting, follow the marked pedestrian route to the shopping entrances and note the stop name for the return journey.""},{""order"":4,""description"":""Before finishing shopping, check the official timetable for the last useful bus or train back toward central Warsaw.""}]",2026-07-03
factory-ursus-car-parking-guide,factory-ursus,city_center,driving,taxi,Driving and Parking at Factory Ursus,≈20-30 min from central Warsaw (estimated),Parking check centre signage; fuel/ride-hail costs vary,false,"[{""order"":1,""description"":""Set navigation to Factory Ursus, Plac Czerwca 1976 r. 6, 02-495 Warszawa.""},{""order"":2,""description"":""Use the official outlet access page or Google Maps routing to compare S8, Aleje Jerozolimskie and local Ursus approaches.""},{""order"":3,""description"":""Park in the centre car park; the official Factory Ursus parking page lists 888 car spaces and 28 bicycle spaces.""},{""order"":4,""description"":""For the return drive, check traffic before leaving the car park, especially at weekday peaks and sale periods.""}]",2026-07-03
factory-ursus-return-trip,factory-ursus,city_center,return-trip,train,Return Trip from Factory Ursus to Warsaw Centre or Airport,≈20-30 min by train to central Warsaw; airport times vary (estimated),Check official ZTM/Koleje Mazowieckie fare; taxi costs vary,false,"[{""order"":1,""description"":""If returning by rail, walk back to the selected Ursus station and confirm the platform and operator before boarding.""},{""order"":2,""description"":""If returning by bus, use the official ZTM planner from the nearest Ursus stop to your destination.""},{""order"":3,""description"":""If returning to Warsaw Chopin Airport, add a transfer buffer and compare taxi travel time against public transport.""},{""order"":4,""description"":""If driving, exit the car park toward the current fastest route and re-check live traffic before joining main roads.""}]",2026-07-03
warsaw-centre-to-factory-annopol-metro-tram,factory-annopol,city_center,warsaw-city-center,metro,"Warsaw City Centre to Factory Annopol by Metro, Tram or Walk",,PLN 4.40 adult one-way,true,"[{""order"":1,""description"":""From central Warsaw, take Metro M2 toward Bródno using the official ZTM timetable or journey planner.""},{""order"":2,""description"":""The official Factory Annopol news page states the outlet is about 600 m from Bródno metro station and around 20 minutes by M2 from the city centre.""},{""order"":3,""description"":""From Bródno, walk about 600 m to Factory Annopol or use a short ZTM tram/bus connection if it fits the timetable.""},{""order"":4,""description"":""For the return trip, check the M2 and any tram/bus connection times before leaving the centre.""}]",2026-08-04
warsaw-chopin-airport-to-factory-annopol-taxi-transit,factory-annopol,airport,warsaw-chopin-airport,taxi,Warsaw Chopin Airport to Factory Annopol by Taxi or Public Transport,≈30-45 min by car/taxi; ≈50-75 min by public transport (estimated),Taxi/ride-hail ≈PLN 70-120 (estimated); public transport fare check ZTM,false,"[{""order"":1,""description"":""From Warsaw Chopin Airport, decide between taxi/ride-hail, rental car, or official ZTM public transport via central Warsaw.""},{""order"":2,""description"":""By car, set Factory Annopol, Annopol 2, 03-236 Warszawa, and check live routing via S8/Trasa Toruńska or alternative city roads.""},{""order"":3,""description"":""By public transport, use ZTM routing from the airport to Metro M2 and continue toward Bródno, Annopol or Toruńska stops.""},{""order"":4,""description"":""For the airport return, allow a larger buffer than the scheduled journey time because cross-city transfers can be delayed.""}]",2026-07-03
warsaw-public-transport-to-factory-annopol-bus-tram,factory-annopol,station,warsaw-public-transport,bus,"Warsaw Public Transport to Factory Annopol by Metro, Tram or Bus",≈30-45 min from central Warsaw (estimated),Check official ZTM fare,false,"[{""order"":1,""description"":""Use the official ZTM Warszawa planner for Factory Annopol, Annopol 2, or nearby Annopol / Toruńska / Inowłodzka stops.""},{""order"":2,""description"":""Select the best current combination of Metro M2, tram and bus; construction and timetable changes can alter the preferred stop.""},{""order"":3,""description"":""After alighting, follow pedestrian crossings and signs to the outlet entrance rather than walking across roadways informally.""},{""order"":4,""description"":""Before returning, check the official timetable for the next service back to Metro M2 or central Warsaw.""}]",2026-07-03
factory-annopol-car-parking-guide,factory-annopol,city_center,driving,taxi,Driving and Parking at Factory Annopol,≈20-35 min from central Warsaw (estimated),Parking check centre signage; fuel/ride-hail costs vary,false,"[{""order"":1,""description"":""Set navigation to Factory Annopol, Annopol 2, 03-236 Warszawa.""},{""order"":2,""description"":""Use the official outlet access page or Google Maps routing to choose between S8/Trasa Toruńska and local Warsaw approaches.""},{""order"":3,""description"":""Follow on-site signs to customer parking and note the entrance or parking section for an easier return.""},{""order"":4,""description"":""For the return drive, check traffic toward central Warsaw, the airport, or S8 before leaving the parking area.""}]",2026-07-03
factory-annopol-return-trip,factory-annopol,city_center,return-trip,metro,Return Trip from Factory Annopol to Warsaw Centre or Airport,≈20 min M2 from Bródno to the centre plus walk/transfer; airport times vary (estimated),Check official ZTM fare; taxi costs vary,false,"[{""order"":1,""description"":""If returning by metro, walk or connect back to Bródno and board Metro M2 toward central Warsaw.""},{""order"":2,""description"":""If returning by tram or bus, confirm the stop direction and the next official ZTM departure before leaving the outlet.""},{""order"":3,""description"":""If returning to Warsaw Chopin Airport, compare public transport against a taxi and leave airport check-in buffer time.""},{""order"":4,""description"":""If driving, exit toward the selected route and re-check S8/Trasa Toruńska traffic before committing.""}]",2026-07-03
wroclaw-city-to-wroclaw-fashion-outlet-tram-bus,wroclaw-fashion-outlet,city_center,wroclaw-city-center,bus,Wrocław City Centre to Wrocław Fashion Outlet by Public Transport,,Approx. PLN 4.60-7 adult one-way (estimated),true,"[{""order"":1,""description"":""Check Wrocław Fashion Outlet's official information and the official Wrocław public-transport planner for lines 106, 107, 119, 132 or 319 to Mińska (Rondo Rotm. Pileckiego).""},{""order"":2,""description"":""From the city centre or main station, board only the route confirmed by the official planner for your date and direction.""},{""order"":3,""description"":""Alight at Mińska (Rondo Rotm. Pileckiego) and follow signed pedestrian crossings to the outlet entrance.""},{""order"":4,""description"":""Before shopping, check the return tram or bus departures and fare validity.""}]",2026-08-04
wroclaw-airport-to-wroclaw-fashion-outlet-bus-taxi,wroclaw-fashion-outlet,airport,wroclaw-airport,bus,Wrocław Airport to Wrocław Fashion Outlet by Bus or Taxi,Check official planner; taxi time depends on traffic,Check official public-transport fare or confirm taxi fare,false,"[{""order"":1,""description"":""At Wrocław Airport, compare the official city public-transport planner with a licensed taxi or ride-hail before choosing.""},{""order"":2,""description"":""If travelling by bus, use only the route and stop sequence currently shown by the official planner toward the Wrocław Fashion Outlet / Mińska area.""},{""order"":3,""description"":""If travelling by taxi, confirm the fare method and set Wrocław Fashion Outlet as the destination before departure.""},{""order"":4,""description"":""For the airport return, leave extra time and check public-transport departures or taxi availability before shopping.""}]",2026-07-04
wroclaw-fashion-outlet-car-parking-guide,wroclaw-fashion-outlet,city_center,wroclaw-city-center,taxi,Driving or Taxi to Wrocław Fashion Outlet with Parking,Check traffic,Check official parking rules; taxi fare varies,false,"[{""order"":1,""description"":""Set navigation to Wrocław Fashion Outlet and check the outlet's official parking FAQ before departure.""},{""order"":2,""description"":""Drive or take a licensed taxi toward the outlet, allowing extra time around airport-road and weekend traffic.""},{""order"":3,""description"":""Follow on-site parking signs and check the current free-parking or ticket rules when you arrive.""},{""order"":4,""description"":""If using a taxi, agree the return pickup point before entering the centre.""}]",2026-07-04
gdansk-wrzeszcz-to-designer-outlet-gdansk-bus,designer-outlet-gdansk,station,gdansk-wrzeszcz-pkp,bus,Gdańsk Wrzeszcz to Designer Outlet Gdańsk by Bus,,PLN 4.80 adult one-way,true,"[{""order"":1,""description"":""At Wrzeszcz PKP, check the official ZTM Gdańsk timetable for line 115 toward Jaworzniaków.""},{""order"":2,""description"":""Board line 115 only after confirming the current stop and direction.""},{""order"":3,""description"":""Alight at Czermińskiego, the stop listed by Designer Outlet Gdańsk, and walk to the outlet entrance.""},{""order"":4,""description"":""Check the official return timetable before shopping; frequencies can vary by day and time.""}]",2026-08-04
gdansk-to-designer-outlet-gdansk-public-transport,designer-outlet-gdansk,city_center,gdansk-city-center,bus,Gdańsk City Centre to Designer Outlet Gdańsk by Public Transport,check official ZTM Gdańsk timetable,check official ZTM Gdańsk fare before travel,false,"[{""order"":1,""description"":""Use the official ZTM Gdańsk planner from Gdańsk Główny or your central stop to Designer Outlet Gdańsk.""},{""order"":2,""description"":""The outlet lists bus lines 115, 155, 156 and 174 serving nearby Czermińskiego or Przywidzka stops; choose only the route confirmed by the official planner.""},{""order"":3,""description"":""Walk from the confirmed stop to the outlet using marked pedestrian crossings.""},{""order"":4,""description"":""Before returning, check the current ZTM timetable and ticket validity.""}]",2026-07-04
designer-outlet-gdansk-car-parking-guide,designer-outlet-gdansk,city_center,gdansk-city-center,taxi,Designer Outlet Gdańsk by Car or Taxi,check traffic,free parking over 1000 spaces; taxi fare confirm with provider,false,"[{""order"":1,""description"":""Set navigation to Designer Outlet Gdańsk and use the official route guidance from Gdańsk Główny via Kartuska or Armii Krajowej to ul. Jabłoniowa, or from S6 via Szadółki / Otomin.""},{""order"":2,""description"":""Drive or take a licensed taxi, checking live traffic before departure.""},{""order"":3,""description"":""Use the outlet's free car park, which the official page lists as having over 1000 spaces.""},{""order"":4,""description"":""If travelling by taxi, confirm the return pickup point and fare before shopping.""}]",2026-07-04
katowice-to-designer-outlet-sosnowiec-bus,designer-outlet-sosnowiec,city_center,katowice-city-center,bus,Katowice to Designer Outlet Sosnowiec by Bus,,Approx. PLN 4.60-7 adult one-way (estimated),true,"[{""order"":1,""description"":""From central Katowice, check the official ZTM Metropolia timetable for buses A, E or J toward Sosnowiec Jęzor Centrum Handlowe.""},{""order"":2,""description"":""Board the confirmed service only after checking the current direction and fare zone.""},{""order"":3,""description"":""Get off at Sosnowiec Jęzor Centrum Handlowe, the stop listed by Designer Outlet Sosnowiec, and walk to the entrance.""},{""order"":4,""description"":""Before shopping, check official return departures to Katowice.""}]",2026-08-04
sosnowiec-to-designer-outlet-sosnowiec-train-walk,designer-outlet-sosnowiec,station,sosnowiec-main-station,train,Sosnowiec or Katowice to Designer Outlet Sosnowiec by Train and Walk,check official rail timetable,check official rail fare before travel,false,"[{""order"":1,""description"":""Check official Koleje Śląskie / rail timetables from Katowice, Sosnowiec or Jaworzno toward Sosnowiec Jęzor Południowy.""},{""order"":2,""description"":""Travel to Sosnowiec Jęzor Południowy, the station listed by Designer Outlet Sosnowiec.""},{""order"":3,""description"":""Use map directions and pedestrian crossings for the last-mile walk to the outlet.""},{""order"":4,""description"":""Confirm the return train timetable before shopping because local rail frequency can vary.""}]",2026-07-04
designer-outlet-sosnowiec-car-parking-guide,designer-outlet-sosnowiec,city_center,katowice-city-center,taxi,Designer Outlet Sosnowiec by Car or Taxi,check traffic,check official parking terms; taxi fare confirm with provider,false,"[{""order"":1,""description"":""Set navigation to Designer Outlet Sosnowiec using the official coordinates 50.2283076, 19.1770165 or the outlet name.""},{""order"":2,""description"":""Drive or take a licensed taxi from Katowice, Sosnowiec or Jaworzno, checking traffic before departure.""},{""order"":3,""description"":""Follow on-site signs to customer parking and note the entrance used.""},{""order"":4,""description"":""If using a taxi, agree the return pickup point and fare method before entering the centre.""}]",2026-07-04
warsaw-wilanowska-to-designer-outlet-warszawa-bus,designer-outlet-warszawa,station,metro-wilanowska,bus,Metro Wilanowska to Designer Outlet Warszawa by Bus,,PLN 7 adult one-way,true,"[{""order"":1,""description"":""At Metro Wilanowska, check the official WTP/ZTM Warszawa timetable for bus 709 or 727 toward Piaseczno / Energetyczna.""},{""order"":2,""description"":""Board the confirmed bus only after verifying the current stop, direction and fare zone.""},{""order"":3,""description"":""Alight at Energetyczna, the stop listed by Designer Outlet Warszawa, and walk to Puławska 42E.""},{""order"":4,""description"":""Check the official return timetable to Metro Wilanowska before shopping.""}]",2026-08-04
warsaw-chopin-airport-to-designer-outlet-warszawa-car,designer-outlet-warszawa,airport,warsaw-chopin-airport,taxi,Warsaw Chopin Airport to Designer Outlet Warszawa by Car or Taxi,about 20 minutes according to the outlet; check traffic,confirm taxi/private-transfer fare before travel,false,"[{""order"":1,""description"":""From Warsaw Chopin Airport, set the destination to Designer Outlet Warszawa, Puławska 42E, Piaseczno.""},{""order"":2,""description"":""Use a licensed taxi, ride-hail, private transfer or rental car; the official outlet information positions the centre about 20 minutes from the airport.""},{""order"":3,""description"":""Follow ul. Puławska toward Piaseczno and turn into ul. Energetyczna as described by the outlet, or follow current navigation.""},{""order"":4,""description"":""For the return to the airport, confirm pickup and allow a flight buffer.""}]",2026-07-04
designer-outlet-warszawa-car-parking-guide,designer-outlet-warszawa,city_center,warsaw-city-center,taxi,Designer Outlet Warszawa by Car or Taxi,about 30 minutes from Warsaw city centre according to the outlet; check traffic,check official parking terms; taxi fare confirm with provider,false,"[{""order"":1,""description"":""Set navigation to Designer Outlet Warszawa, Puławska 42E, 05-500 Piaseczno.""},{""order"":2,""description"":""The official directions route starts from Warsaw along ul. Puławska toward Piaseczno, turning left into ul. Energetyczna near Auchan and Amic Energy; use live navigation for current conditions.""},{""order"":3,""description"":""Follow on-site customer parking signs at the outlet.""},{""order"":4,""description"":""If using a taxi or private transfer, confirm the return pickup point and fare before shopping.""}]",2026-07-04
gothenburg-to-hede-fashion-outlet-train-walk,hede-fashion-outlet,city_center,gothenburg-city-center,train,Gothenburg City Centre to Hede Fashion Outlet by Train and Walk,,SEK 111,true,"[{""order"":1,""description"":""From Göteborg Central, use the official Västtrafik planner for trains toward Kungsbacka and choose a service stopping at Hede station.""},{""order"":2,""description"":""Ride to Hede station, keeping your Västtrafik ticket active for the selected zones.""},{""order"":3,""description"":""Walk from Hede station to Hede Fashion Outlet, Kungsparksvägen 80, following pedestrian routes and local signs.""},{""order"":4,""description"":""For the return trip, check the next Västtrafik train toward Göteborg Central before leaving the shops.""}]",2026-07-03
gothenburg-landvetter-airport-to-hede-fashion-outlet,hede-fashion-outlet,airport,gothenburg-landvetter-airport,taxi,Gothenburg Landvetter Airport to Hede Fashion Outlet by Car or Transit,45 min by road from Gothenburg Landvetter Airport (official VIA Outlets); public transport varies,Taxi/transfer fare check provider; public transport fare check operators,false,"[{""order"":1,""description"":""From Gothenburg Landvetter Airport, choose rental car, taxi, pre-booked transfer, or airport coach plus Västtrafik connections.""},{""order"":2,""description"":""By road, set Hede Fashion Outlet, Kungsparksvägen 80, 434 39 Kungsbacka; VIA Outlets lists the centre 45 minutes from the airport.""},{""order"":3,""description"":""By public transport, use official airport coach information to reach Gothenburg and the official Västtrafik planner for the train onward to Hede.""},{""order"":4,""description"":""For the return to Landvetter, pre-check coach, train and transfer times and allow airport security buffer time.""}]",2026-07-03
vasttrafik-to-hede-fashion-outlet-train-bus,hede-fashion-outlet,station,gothenburg-central-station,train,Västtrafik Public Transport to Hede Fashion Outlet,≈20-25 min train plus walk; bus alternatives check official timetable (estimated),Check official Västtrafik fare,false,"[{""order"":1,""description"":""Plan the complete journey in the official Västtrafik app or website, selecting Hede station or the nearest Kungsbacka/Hede bus stop.""},{""order"":2,""description"":""Use the train when available for the most direct trip from Gothenburg; choose bus alternatives from Kungsbacka or nearby suburbs when the planner recommends them.""},{""order"":3,""description"":""From the station or stop, follow the walking route to Kungsparksvägen 80 and the outlet entrances.""},{""order"":4,""description"":""Before shopping late, save the return itinerary in Västtrafik so you know the last practical connection.""}]",2026-07-03
hede-fashion-outlet-car-parking-guide,hede-fashion-outlet,city_center,driving,taxi,Driving and Parking at Hede Fashion Outlet,30 min from Gothenburg city; 45 min from Gothenburg Landvetter Airport (official VIA Outlets),Parking check centre signage; road costs vary,false,"[{""order"":1,""description"":""Set navigation to Hede Fashion Outlet, Kungsparksvägen 80, 434 39 Kungsbacka.""},{""order"":2,""description"":""VIA Outlets lists Hede Fashion Outlet 30 minutes from Gothenburg city and 45 minutes from Gothenburg Landvetter Airport; check live E6 traffic before departure.""},{""order"":3,""description"":""Use the official centre route/parking information and follow on-site parking signs when you arrive.""},{""order"":4,""description"":""For the return drive, check E6 conditions toward Gothenburg, Kungsbacka or Landvetter before leaving the car park.""}]",2026-07-03
hede-fashion-outlet-return-trip,hede-fashion-outlet,city_center,return-trip,train,Return Trip from Hede Fashion Outlet to Gothenburg or Landvetter Airport,≈20-25 min train to Göteborg Central plus walk; 45 min by road to Landvetter (estimated/official road time),Check official Västtrafik fare; taxi/transfer costs vary,false,"[{""order"":1,""description"":""If returning by train, walk back to Hede station and board the planned Västtrafik service toward Göteborg Central.""},{""order"":2,""description"":""If returning by the official seasonal free shopping bus, confirm that it is operating and note the Heden, Bohusgatan drop-off in central Gothenburg.""},{""order"":3,""description"":""If returning to Gothenburg Landvetter Airport, compare taxi/transfer timing with train plus airport coach and leave extra airport buffer time.""},{""order"":4,""description"":""If driving, exit the outlet car park and re-check E6 and airport-route traffic before starting the return journey.""}]",2026-07-03
oslo-to-norwegian-outlet-train-walk,norwegian-outlet,city_center,oslo-city-center,train,Oslo S to Oslo Fashion Outlet by Train and Walk,,Approx. NOK 120–160,true,"[{""order"":1,""description"":""From Oslo S, use the official Ruter or Vy planner for a train to Vestby station.""},{""order"":2,""description"":""Leave at Vestby station and follow the pedestrian route toward Oslo Fashion Outlet, Vestbyveien 155.""},{""order"":3,""description"":""Complete the last-mile walk from Vestby station; use a licensed local taxi instead if the walk is unsuitable.""},{""order"":4,""description"":""Confirm the return train from Vestby before shopping.""}]",2026-08-04
oslo-to-norwegian-outlet-shuttle,norwegian-outlet,city_center,oslo-city-center,shuttle,Oslo City Centre to Oslo Fashion Outlet by Official Shuttle,,Free official shuttle during published seasonal periods; seats subject to availability,false,"[{""order"":1,""description"":""Check the Oslo Fashion Outlet shuttle page for published seasonal dates; the confirmed summer 2026 period is 6 July–15 August.""},{""order"":2,""description"":""Go to Oslo Central Station and find the official Oslo Fashion Outlet bus at platform 40.""},{""order"":3,""description"":""When the published seasonal service is operating, board the free electric shuttle to Oslo Fashion Outlet; each departure has 50 seats subject to availability.""},{""order"":4,""description"":""For the return trip, walk about 2 minutes from the centre entrance to the Vestby shuttle pickup and use one of the listed return departures to Oslo S.""}]",2026-07-03
oslo-airport-to-norwegian-outlet-rail-shuttle,norwegian-outlet,airport,oslo-airport,train,Oslo Airport to Oslo Fashion Outlet by Rail and Shuttle or Local Transfer,≈75-100 min total by airport rail plus Oslo/Vestby connection (estimated),Check official Flytoget/Vy/Ruter fare; outlet shuttle free when operating,false,"[{""order"":1,""description"":""From Oslo Airport, use the official airport rail, Vy or Ruter journey planner to reach Oslo S.""},{""order"":2,""description"":""If the outlet shuttle is operating, transfer at Oslo S to the platform 40 shuttle and continue directly to Vestby.""},{""order"":3,""description"":""If the shuttle is not practical, use official Vy/Ruter planning from Oslo S to Vestby station and complete the last mile by local bus, taxi or walking route.""},{""order"":4,""description"":""For the airport return, confirm the last outlet-to-Oslo shuttle or Vestby train connection and leave extra time for airport security.""}]",2026-07-03
vestby-station-to-norwegian-outlet-local-transfer,norwegian-outlet,station,vestby-station,bus,"Vestby Station to Oslo Fashion Outlet by Local Bus, Taxi or Walk",≈10-15 min local road transfer or ≈30-35 min walk (estimated),Check official Ruter fare; taxi fare varies,false,"[{""order"":1,""description"":""Plan the rail leg to Vestby station in the official Vy or Ruter planner.""},{""order"":2,""description"":""At Vestby station, check Ruter/Entur for current local bus departures toward the outlet area before choosing a taxi or walking route.""},{""order"":3,""description"":""Travel to Oslo Fashion Outlet, Vestbyveien 155, and follow pedestrian signs from the nearest stop or drop-off point to the entrance.""},{""order"":4,""description"":""Before leaving the outlet, check the next local bus or pre-book a taxi so you can connect back to your planned Vestby train.""}]",2026-07-03
norwegian-outlet-car-parking-guide,norwegian-outlet,city_center,driving,taxi,Driving and Parking at Oslo Fashion Outlet,≈25-35 min from Oslo city centre; ≈60-75 min from Oslo Airport (estimated),Free parking; road costs vary,false,"[{""order"":1,""description"":""Set navigation to Oslo Fashion Outlet, Vestbyveien 155, 1543 Vestby.""},{""order"":2,""description"":""Drive south from Oslo toward Vestby and check live E6 traffic before departure, especially at weekends and sale periods.""},{""order"":3,""description"":""Use the official parking areas on arrival; the centre's route information highlights free parking for shoppers.""},{""order"":4,""description"":""For the return drive, re-check E6 conditions toward Oslo, Moss or Oslo Airport before leaving the car park.""}]",2026-07-03
norwegian-outlet-return-trip,norwegian-outlet,city_center,return-trip,shuttle,Return Trip from Oslo Fashion Outlet to Oslo or Oslo Airport,≈25-35 min by shuttle to Oslo S; airport return adds rail time (estimated),Free shuttle when operating; rail/local fares check official operators,false,"[{""order"":1,""description"":""If using the outlet shuttle, note the return departure times from Vestby before you start shopping.""},{""order"":2,""description"":""Walk to the official pickup point near the centre entrance and board the Oslo-bound shuttle when operating.""},{""order"":3,""description"":""If returning by public transport instead, use Ruter/Entur from the outlet area to Vestby station and connect with Vy/Ruter rail toward Oslo S.""},{""order"":4,""description"":""For Oslo Airport, continue from Oslo S by official airport rail or Vy service and allow a security buffer.""}]",2026-07-03
tampere-to-ideapark-lempaala-outlet-bus,ideapark-lempaala-outlet,city_center,tampere-city-center,bus,Tampere City Centre to Ideapark Lempäälä Outlet by Bus,,Approx. €4.70–5.50,true,"[{""order"":1,""description"":""Use the official Tampere regional transport planner and set the destination to Ideapark Lempäälä or Ideaparkinkatu 4.""},{""order"":2,""description"":""Board the listed regional bus from Tampere and confirm the stop closest to your preferred Ideapark entrance.""},{""order"":3,""description"":""For the return journey, check the last bus before shopping because evening and weekend frequencies can vary.""}]",2026-07-03
ideapark-lempaala-outlet-car-parking-guide,ideapark-lempaala-outlet,city_center,driving,taxi,Driving and Parking at Ideapark Lempäälä Outlet,≈20 min from Tampere city centre (estimated),Road costs vary; customer parking is free,false,"[{""order"":1,""description"":""Set navigation to Ideaparkinkatu 4, 37570 Lempäälä.""},{""order"":2,""description"":""Drive via Highway 3 / E12 and follow signs for Ideapark customer parking.""},{""order"":3,""description"":""Choose the parking area nearest your planned entrance and note the same entrance for your return.""}]",2026-07-03
prague-centre-to-fashion-arena-metro-shuttle,fashion-arena-prague-outlet,city_center,prague-city-center,metro,Prague City Centre to Fashion Arena by Metro A and Bus 238,,Approx. CZK 46–50,true,"[{""order"":1,""description"":""From central Prague, take metro line A toward Depo Hostivař, the final station on line A.""},{""order"":2,""description"":""At Depo Hostivař, follow signs to the regular paid PID bus 238 toward Fashion Arena Štěrboholy; this is not an outlet shuttle.""},{""order"":3,""description"":""Ride bus 238 via Malešická továrna, Na Homoli and Průmyslová to Fashion Arena Štěrboholy, as listed by the outlet.""},{""order"":4,""description"":""For the return, use bus 238 back to Depo Hostivař and transfer to metro line A toward the city centre.""}]",2026-07-03
prague-airport-to-fashion-arena-public-transport,fashion-arena-prague-outlet,airport,prague-vaclav-havel-airport,bus,Václav Havel Airport Prague to Fashion Arena by Public Transport or Car,≈35-50 min by car; ≈60-80 min by public transport (estimated),Check official PID/DPP fare; taxi/transfer confirm with provider,false,"[{""order"":1,""description"":""From the airport, use official Prague Airport/PID information to reach the metro network, then connect to metro line A.""},{""order"":2,""description"":""Travel on metro line A to Depo Hostivař.""},{""order"":3,""description"":""Transfer to bus 238 and ride to Fashion Arena Štěrboholy.""},{""order"":4,""description"":""For the return to the airport, check the full PID/DPP itinerary before leaving and allow extra time for terminal security.""}]",2026-07-03
prague-main-station-to-fashion-arena-metro-bus,fashion-arena-prague-outlet,station,prague-main-station,train,Prague Main Station to Fashion Arena by Metro and Bus 238,≈35-50 min from Praha hlavní nádraží (estimated),Check official PID/DPP fare; rail fare separate if arriving from outside Prague,false,"[{""order"":1,""description"":""Arrive at Praha hlavní nádraží and follow signs to the Prague metro network.""},{""order"":2,""description"":""Use the metro to connect to line A toward Depo Hostivař, validating the correct PID/DPP ticket for your journey.""},{""order"":3,""description"":""At Depo Hostivař, board bus 238 to Fashion Arena Štěrboholy.""},{""order"":4,""description"":""For the return to the station, ride bus 238 back to Depo Hostivař and allow transfer time across the metro network.""}]",2026-07-03
fashion-arena-prague-car-parking-guide,fashion-arena-prague-outlet,city_center,driving,taxi,Driving and Free Parking at Fashion Arena Prague Outlet,≈20-30 min from central Prague; ≈35-50 min from airport (estimated),Free parking; road costs vary,false,"[{""order"":1,""description"":""Set navigation to Fashion Arena Prague Outlet, Zamenhofova 440, Praha-Štěrboholy, 108 00.""},{""order"":2,""description"":""Drive toward Štěrboholy and check live Prague ring-road and city traffic before departure.""},{""order"":3,""description"":""Use the outlet's official free parking on arrival; the practical information page also lists e-car charging.""},{""order"":4,""description"":""For the return drive, re-check traffic toward central Prague, the airport or your hotel before leaving the car park.""}]",2026-07-03
fashion-arena-prague-return-trip,fashion-arena-prague-outlet,city_center,return-trip,bus,"Return Trip from Fashion Arena to Prague Centre, Station or Airport",≈30-45 min to central Prague by bus/metro; airport timing ≈60-80 min (estimated),Check official PID/DPP fare; taxi/transfer fare varies,false,"[{""order"":1,""description"":""Check the official bus 238 timetable for departures from Fashion Arena Štěrboholy back to Depo Hostivař.""},{""order"":2,""description"":""At Depo Hostivař, transfer to metro line A for central Prague or onward metro/bus links.""},{""order"":3,""description"":""If returning to Praha hlavní nádraží or Václav Havel Airport, plan the full PID/DPP route before leaving the outlet.""},{""order"":4,""description"":""If driving or taking a taxi, use the official free parking/drop-off area and check live Prague traffic before departure.""}]",2026-07-03
budapest-kelenfold-to-premier-outlet-bus,premier-outlet-budapest,city_center,budapest-city-center,bus,Central Budapest to Premier Outlet via Kelenföld,About 20 minutes for the Kelenföld-to-outlet bus segment,"Approx. HUF 1,000–1,250",true,"[{""order"":1,""description"":""From Kálvin tér in central Budapest, take BKK Metro M4 to Budapest-Kelenföld.""},{""order"":2,""description"":""At Kelenföld, board Volánbusz route 760, 762 or 767 toward Biatorbágy.""},{""order"":3,""description"":""Ride directly to the Biatorbágy, Premier Outlet stop; the official outlet access page lists the bus trip from Kelenföld at about 20 minutes.""},{""order"":4,""description"":""Follow the pedestrian route from the stop into Premier Outlet Budapest.""},{""order"":5,""description"":""For the return trip, use the same Biatorbágy, Premier Outlet stop and check the current Volánbusz timetable back to Budapest-Kelenföld before shopping.""}]",2026-07-03
budapest-airport-to-premier-outlet-car,premier-outlet-budapest,airport,budapest-airport,taxi,Budapest Airport to Premier Outlet Budapest by Car or Taxi,About 35-45 minutes,"Taxi, rental and fuel costs vary; centre parking is free",false,"[{""order"":1,""description"":""From Budapest Ferenc Liszt International Airport, use an official taxi, pre-booked transfer or rental car.""},{""order"":2,""description"":""Set navigation to Premier Outlet Budapest, Biatorbágy, beside the M1/M7 motorway corridor west of Budapest.""},{""order"":3,""description"":""Allow extra time around Budapest peak periods; the airport-to-outlet drive is a realistic estimate of about 35-45 minutes.""},{""order"":4,""description"":""Use the outlet's free customer parking on arrival.""},{""order"":5,""description"":""For the return trip, pre-book pickup or re-check airport traffic before leaving the car park.""}]",2026-07-03
kelenfold-to-premier-outlet-public-transport,premier-outlet-budapest,station,budapest-kelenfold-station,bus,Kelenföld Station to Premier Outlet Budapest by Public Transport,About 20 minutes by direct bus,Check official Volánbusz fare,false,"[{""order"":1,""description"":""Arrive at Budapest-Kelenföld station by rail, metro M4, tram or city bus.""},{""order"":2,""description"":""Find the regional bus stands and confirm the next 760, 762 or 767 departure to Biatorbágy, Premier Outlet.""},{""order"":3,""description"":""Board the direct bus and keep your ticket valid for the regional section beyond Budapest.""},{""order"":4,""description"":""Get off at Biatorbágy, Premier Outlet, which stops directly at the outlet centre according to the official access page.""},{""order"":5,""description"":""Return from the same stop toward Budapest-Kelenföld; check official timetable screens or the Volánbusz planner for the last convenient bus.""}]",2026-07-03
budapest-to-premier-outlet-car-parking,premier-outlet-budapest,city_center,budapest-city-center,taxi,Budapest to Premier Outlet Budapest by Car and Free Parking,About 20-30 minutes,"1,600 free outlet parking spaces; road, fuel or taxi costs vary",false,"[{""order"":1,""description"":""Leave Budapest toward Biatorbágy on the M1/M7 motorway corridor and follow signs for Premier Outlet.""},{""order"":2,""description"":""Allow about 20-30 minutes in normal traffic from central Budapest.""},{""order"":3,""description"":""Park in one of the official 1,600 free customer parking spaces.""},{""order"":4,""description"":""Note your parking area and the nearest entrance before shopping.""},{""order"":5,""description"":""For the return trip, re-check traffic toward Budapest before leaving, especially on weekends and late afternoons.""}]",2026-07-03
kildare-village-dublin-heuston-train-shuttle,kildare-village,city_center,dublin-city-center,train,Dublin Heuston to Kildare Village by Irish Rail and Complimentary Shuttle,35 min rail segment,Approx. €10–20,true,"[{""order"":1,""description"":""Check the official Kildare Village train guidance and Irish Rail timetable for Dublin Heuston to Kildare on your shopping date.""},{""order"":2,""description"":""Travel from Dublin city centre to Dublin Heuston and board an Irish Rail service to Kildare; the Village notes the train journey takes 35 minutes from Heuston with frequent services.""},{""order"":3,""description"":""At Kildare Station, use the complimentary Village shuttle only when it is officially scheduled; otherwise confirm the walking route or use a licensed local taxi.""},{""order"":4,""description"":""Check the Village shuttle page for your travel date rather than assuming a daily station transfer.""},{""order"":5,""description"":""For the return, confirm the last practical shuttle back to Kildare station and your Irish Rail departure to Dublin before leaving the shops.""}]",2026-07-03
kildare-village-dublin-airport-coach,kildare-village,airport,dublin-airport,bus,Dublin Airport to Kildare Village by Coach or via Dublin Heuston,≈60–90 min direct coach or ≈90–120 min via Dublin Heuston (estimated),Check official coach or Irish Rail fare,false,"[{""order"":1,""description"":""Use Kildare Village's official coach guidance and the current airport coach operator timetable before travel; services and pickup points can change.""},{""order"":2,""description"":""If a direct airport coach fits your flight, board at the signed Dublin Airport coach stop with your booking or payment method ready.""},{""order"":3,""description"":""If no direct coach fits, take an official airport bus to Dublin city centre or Heuston, then use Irish Rail to Kildare station and the complimentary Village shuttle.""},{""order"":4,""description"":""Keep luggage manageable and confirm where coaches or taxis drop off at Kildare Village.""},{""order"":5,""description"":""For the return to the airport, book the coach or rail-and-airport-bus connection before shopping and allow a flight check-in buffer.""}]",2026-07-03
kildare-village-car-parking,kildare-village,city_center,dublin-city-center,taxi,Dublin to Kildare Village by Car with Complimentary Parking,60 min from central Dublin,Parking complimentary; fuel/tolls vary,false,"[{""order"":1,""description"":""Follow Kildare Village's official car guidance toward Nurney Road, Kildare Town, using the M7 and the signed Kildare access route.""},{""order"":2,""description"":""Use the Village's complimentary parking areas on arrival and note your car park zone before entering the open-air streets.""},{""order"":3,""description"":""If using a taxi or private transfer, agree the fare, waiting terms, and return pickup point before leaving the vehicle.""},{""order"":4,""description"":""For the return to Dublin, allow extra time for M7 and city-centre traffic, especially weekends and sale periods.""}]",2026-07-03
zagreb-to-roses-weekend-bus,ros-designer-outlet,city_center,zagreb-city-center,bus,Zagreb to Roses Designer Outlet by Official Weekend Bus,Check official timetable,Check official outlet fare information,false,"[{""order"":1,""description"":""Check the official Roses Designer Outlet Plan Your Visit page before travel because the Zagreb bus is listed for Saturdays and Sundays.""},{""order"":2,""description"":""Use an official Zagreb stop listed by the outlet; published departures include Zagreb to Roses at 10:00 and 15:30.""},{""order"":3,""description"":""Ride the bus to Roses Designer Outlet in Sveti Križ Začretje.""},{""order"":4,""description"":""On arrival, confirm the return bus stop before entering the centre.""},{""order"":5,""description"":""For the return trip, use the outlet-listed Roses to Zagreb departures at 14:00 or 20:00 when operating.""}]",2026-07-03
zagreb-centre-to-roses-designer-outlet-taxi,ros-designer-outlet,city_center,zagreb-main-square,taxi,Zagreb Centre to Roses Designer Outlet by Licensed Taxi,,Approx. EUR 90–100,true,"[{""order"":1,""description"":""Board a licensed taxi or pre-booked private-hire vehicle at Ban Jelačić Square and confirm the metered or quoted fare.""},{""order"":2,""description"":""Travel to Roses Designer Outlet, Ulica Vrankovec 1, Sveti Križ Začretje, using the A2/E59 and Exit 4.""},{""order"":3,""description"":""Traffic, waiting, booking and motorway toll treatment can change the fare; free outlet parking is excluded.""}]",2026-08-04
zagreb-airport-to-roses-car,ros-designer-outlet,airport,zagreb-airport,taxi,Zagreb Airport to Roses Designer Outlet by Car or Taxi,About 45-60 minutes,"Taxi, rental, toll and fuel costs vary; centre parking is free",false,"[{""order"":1,""description"":""From Zagreb Airport, use an official taxi, pre-booked transfer or rental car.""},{""order"":2,""description"":""Set navigation to Roses Designer Outlet, Sveti Križ Začretje, near Exit 4 on the A2/E59 motorway.""},{""order"":3,""description"":""Drive around Zagreb toward the A2/E59 motorway and continue north toward Krapina and Macelj.""},{""order"":4,""description"":""Leave at Exit 4 Sveti Križ Začretje and follow outlet signs to the parking areas.""},{""order"":5,""description"":""For the return trip to the airport, allow extra time for motorway traffic, tolls and flight check-in.""}]",2026-07-03
zagreb-station-to-roses-public-transport,ros-designer-outlet,station,zagreb-main-station,bus,Zagreb Rail or Bus Station to Roses Designer Outlet,Check official timetable; about 45-60 minutes by road,Check official bus or rail fare,false,"[{""order"":1,""description"":""Arrive at Zagreb Glavni kolodvor or Zagreb bus station and check official Croatian rail or bus planners for current connections toward Sveti Križ Začretje or Krapina.""},{""order"":2,""description"":""On weekends, prefer the official outlet bus from Zagreb when its timetable matches your shopping plan.""},{""order"":3,""description"":""If using regional transport, confirm the nearest usable stop and the final taxi or walking connection before departing Zagreb.""},{""order"":4,""description"":""Keep the return timetable available because local connections may be infrequent.""},{""order"":5,""description"":""For the return trip, leave enough daylight and connection buffer to reach Zagreb station or bus terminal.""}]",2026-07-03
zagreb-to-roses-car-parking,ros-designer-outlet,city_center,zagreb-city-center,taxi,Zagreb to Roses Designer Outlet by Car and Free Parking,About 35-45 minutes,"More than 1,000 free parking spaces; toll, fuel or taxi costs vary",false,"[{""order"":1,""description"":""Drive north from Zagreb toward the A2/E59 motorway for Krapina and Macelj.""},{""order"":2,""description"":""Leave at Exit 4, Sveti Križ Začretje; the official outlet page advises navigating by postal code or Sveti Križ Začretje because the centre is directly by the exit.""},{""order"":3,""description"":""Follow signs into Roses Designer Outlet and use the free parking in and around the centre.""},{""order"":4,""description"":""Note your parking area before shopping.""},{""order"":5,""description"":""For the return trip, re-check A2/E59 traffic toward Zagreb before leaving, especially on Sunday evenings.""}]",2026-07-03
bucharest-center-to-fashion-house-militari-car,fashion-house-outlet-centre-bucharest,city_center,bucharest-city-center,taxi,Bucharest City Center to Fashion House Outlet Centre Bucharest by Car or Taxi,,Approx. RON 55–74,true,"[{""order"":1,""description"":""Board a licensed taxi at Piața Unirii and set the destination to Fashion House Outlet Centre Bucharest, Strada Comerțului 7-13, Domnești, Ilfov.""},{""order"":2,""description"":""Leave central Bucharest toward Militari and the A1 motorway; the official contact page places the outlet in West Park Militari, and operator information describes direct A1 / ring-road access.""},{""order"":3,""description"":""Confirm traffic before departure because the A1 and western ring-road approaches can slow at peak times.""},{""order"":4,""description"":""The estimate covers the taxi from Piața Unirii; waiting, traffic, night, weekend, booking, toll and luggage variation may apply, while parking is excluded.""},{""order"":5,""description"":""For the return trip, book the taxi or ride-hail pickup before the outlet closes and allow extra time for evening traffic back into Bucharest.""}]",2026-07-03
bucharest-center-to-fashion-house-militari-public-transport,fashion-house-outlet-centre-bucharest,city_center,bucharest-city-center,bus,Bucharest City Center to Fashion House Outlet Centre Bucharest by Metro and Bus,≈45-70 min (estimated),Check official STB / Metrorex fares,false,"[{""order"":1,""description"":""From central Bucharest, take Metrorex line M3 toward Preciziei and get off at Păcii or Preciziei, whichever has the best onward bus connection on the official planner.""},{""order"":2,""description"":""Transfer to an official STB metropolitan bus serving the West Park / Fashion House area, commonly via Militari / A1 corridor stops; confirm the live route and stop name before boarding.""},{""order"":3,""description"":""Get off at the West Park / Fashion House stop closest to Strada Comerțului 7-13 and walk to the outlet entrance.""},{""order"":4,""description"":""Buy or validate both metro and STB tickets according to the official fare rules before travel.""},{""order"":5,""description"":""For the return, check the last STB bus from West Park toward Păcii or Preciziei before shopping, then continue by metro back to the city center.""}]",2026-07-03
otp-airport-to-fashion-house-militari-transfer,fashion-house-outlet-centre-bucharest,airport,bucharest-henri-coanda-airport,taxi,Bucharest Henri Coandă Airport to Fashion House Outlet Centre Bucharest,≈35-60 min (estimated),Taxi or ride-hail fare confirm with provider,false,"[{""order"":1,""description"":""At Henri Coandă Airport, use an official taxi, ride-hail pickup, rental car, or pre-booked transfer and confirm luggage space and fare before leaving the terminal.""},{""order"":2,""description"":""Travel toward Bucharest's western side and West Park Militari, then set the final destination to Strada Comerțului 7-13, Domnești, Ilfov.""},{""order"":3,""description"":""If using public transport from the airport, first use the official airport rail link to București Nord, then continue across the city by metro and bus; this is usually slower than a direct road transfer.""},{""order"":4,""description"":""For the return to the airport, pre-book pickup from the outlet and allow a generous traffic buffer for flights.""}]",2026-07-03
gara-de-nord-to-fashion-house-militari-public-transport,fashion-house-outlet-centre-bucharest,station,bucharest-north-station,train,Bucharest North Station to Fashion House Outlet Centre Bucharest,≈50-75 min (estimated),Check official Metrorex / STB fares,false,"[{""order"":1,""description"":""From București Nord, use Metrorex to reach the M3 corridor toward Păcii or Preciziei, changing lines as required by the official journey planner.""},{""order"":2,""description"":""At Păcii or Preciziei, transfer to the official STB bus connection toward West Park / Fashion House on Strada Comerțului.""},{""order"":3,""description"":""Walk from the West Park / Fashion House stop to the outlet entrance.""},{""order"":4,""description"":""For the return, check the STB bus frequency before leaving the outlet, then reconnect to Metrorex for București Nord.""}]",2026-07-03
bucharest-centre-to-fashion-house-pallady-licensed-taxi,fashion-house-outlet-centre-pallady,city_center,bucharest-city-center,taxi,Central Bucharest to Fashion House Outlet Centre Pallady by Licensed Taxi,,Approx. RON 70–96,true,"[{""order"":1,""description"":""Board a licensed taxi at Piața Unirii and set the destination to Fashion House Outlet Centre Pallady, Intrarea pe A2, km 15, Cernica, Ilfov.""},{""order"":2,""description"":""Travel toward Autostrada Soarelui A2 and use the Cernica exit area identified by the official Pallady page.""},{""order"":3,""description"":""The estimate covers the complete taxi journey from Piața Unirii; traffic, waiting, night, weekend, booking, toll and luggage variation may apply, while free parking is excluded.""}]",2026-07-05
bucharest-to-fashion-house-pallady-car-a2-cernica,fashion-house-outlet-centre-pallady,city_center,driving,taxi,Driving to Fashion House Outlet Centre Pallady via A2/Cernica,Check current traffic,Road costs vary; customer parking is free,false,"[{""order"":1,""description"":""Set navigation to Fashion House Outlet Centre Pallady, A2 km 15, Cernica, Ilfov.""},{""order"":2,""description"":""Use the A2/Cernica access described by the outlet and follow current signed road access.""},{""order"":3,""description"":""This driving alternative does not represent free parking as a passenger fare.""}]",2026-08-04
tallinn-center-to-t1-outlet-tram,t1-tallinn-outlet,city_center,tallinn-city-center,metro,Tallinn City Center to T1 Tallinn Outlet by Tram,,€2,true,"[{""order"":1,""description"":""From central Tallinn, use the official Tallinn public transport planner for a Tram 4 toward Suur-Paala that stops at Ülemiste jaam or another T1-adjacent stop.""},{""order"":2,""description"":""Ride to the T1 / Ülemiste area; T1's official access page states the centre is at a transport hub reachable by tram, bus, and train.""},{""order"":3,""description"":""Follow signs from the stop toward T1 Tallinn and the outlet shops inside the centre.""},{""order"":4,""description"":""Validate a Tallinn public transport ticket unless you are entitled to free travel under official city rules.""},{""order"":5,""description"":""For the return, use the same nearby tram stop toward the city center and check live departures before leaving T1.""}]",2026-07-03
tallinn-airport-to-t1-outlet-tram-walk,t1-tallinn-outlet,airport,tallinn-airport,walking,Tallinn Airport to T1 Tallinn Outlet,≈5-10 min by tram or taxi; ≈15-20 min walk (estimated),Walk free; check official public transport fare,false,"[{""order"":1,""description"":""From Tallinn Airport terminal, choose the official tram connection toward Ülemiste / city center, a short taxi, or the signposted pedestrian route toward T1.""},{""order"":2,""description"":""If using tram, validate a ticket and ride one stop toward the T1 / Ülemiste area when service is operating.""},{""order"":3,""description"":""If walking, use the airport-area pedestrian crossings and paths toward Peterburi tee and T1 Tallinn; allow more time with luggage or in winter weather.""},{""order"":4,""description"":""Enter T1 Tallinn and follow internal signs to the outlet area.""},{""order"":5,""description"":""For the return to the airport, confirm tram departures or allow enough time to walk back through the terminal approach before your flight.""}]",2026-07-03
ulemiste-station-to-t1-outlet-train,t1-tallinn-outlet,station,ulemiste-station,train,Ülemiste Station to T1 Tallinn Outlet,≈5-10 min walk (estimated),Walk free after train arrival,false,"[{""order"":1,""description"":""Arrive at Ülemiste railway station using an official Elron train service and check live train times before travelling.""},{""order"":2,""description"":""Exit the station toward T1 Tallinn / Peterburi tee, following the signed pedestrian route to the shopping centre.""},{""order"":3,""description"":""Walk into T1 Tallinn and continue to the outlet shops.""},{""order"":4,""description"":""For the return, check Elron departures from Ülemiste before leaving the outlet so you can time the short walk back to the platform.""}]",2026-07-03
tallinn-center-to-t1-outlet-car-parking,t1-tallinn-outlet,city_center,tallinn-city-center,taxi,Tallinn City Center to T1 Tallinn Outlet by Car or Taxi,≈10-20 min (estimated),Parking terms check T1; taxi or ride-hail fare confirm with provider,false,"[{""order"":1,""description"":""Set the destination to T1 Tallinn, Peterburi tee 2, Tallinn.""},{""order"":2,""description"":""Drive or take a licensed taxi / ride-hail east from the city center toward Ülemiste and Peterburi tee.""},{""order"":3,""description"":""Use T1's official parking access and check the current parking terms on arrival.""},{""order"":4,""description"":""For the return, confirm the pickup point with your driver or note the car-park level before entering the shops.""}]",2026-07-03
saw-to-viaport-asia-licensed-taxi,viaport-asia-outlet-shopping,airport,sabiha-gokcen-airport,taxi,Sabiha Gökçen Airport to Viaport Asia by Licensed Taxi,,Approx. TRY 312–408,true,"[{""order"":1,""description"":""Use the official licensed taxi rank outside the airport arrivals exit.""},{""order"":2,""description"":""Set Viaport Asia Outlet Shopping, Yenişehir Mahallesi, Dedepaşa Caddesi No:19, Pendik as the exact destination.""},{""order"":3,""description"":""Confirm that the taximeter is active or obtain a licensed app-based quote.""},{""order"":4,""description"":""Traffic, waiting, booking, luggage and other supplements may increase the final total.""},{""order"":5,""description"":""Arrange the return pickup separately.""}]",2026-08-04
istanbul-to-viaport-asia-iett,viaport-asia-outlet-shopping,city_center,city-center,bus,Istanbul to Viaport Asia by Limited İETT 134 Bus,,,false,"[{""order"":1,""description"":""Verify same-day İETT 134 operation before relying on this limited Kartal-departure alternative.""},{""order"":2,""description"":""If a useful 134 departure is running, board at Kartal toward the Dedepaşa Bulvarı / Viaport corridor.""},{""order"":3,""description"":""Alight at Dedepaşa Caddesi and follow the free pedestrian connection along the outlet-address corridor to Viaport Asia.""}]",2026-08-04
pendik-area-to-viaport-asia-minibus,viaport-asia-outlet-shopping,station,pendik-center,bus,Pendik Area to Viaport Asia by Public Minibus,,,false,"[{""order"":1,""description"":""Start at Pendik centre or the most convenient point on a listed corridor.""},{""order"":2,""description"":""Confirm the current minibus boarding point locally before boarding.""},{""order"":3,""description"":""Use Pendik–Kurtköy–Viaport, Pendik–Velibaba–Viaport, Kartal–Sultanbeyli–Viaport, Dudullu–Yedpa–Viaport, or Çekmeköy–Madenler–Viaport.""},{""order"":4,""description"":""Alight at the Viaport Asia stop used by the current service.""},{""order"":5,""description"":""Confirm the return minibus point and operating hours before shopping.""}]",2026-07-22
istanbul-to-viaport-asia-car,viaport-asia-outlet-shopping,city_center,istanbul-city-center,taxi,Istanbul to Viaport Asia by Taxi or Road Access,,,false,"[{""order"":1,""description"":""Set Yenişehir Mahallesi, Dedepaşa Caddesi No:19, Pendik, İstanbul as the destination.""},{""order"":2,""description"":""Check current traffic before departure.""},{""order"":3,""description"":""Follow current road navigation to Viaport Asia.""},{""order"":4,""description"":""Use the verified free visitor parking if driving.""},{""order"":5,""description"":""For taxi or ride-hail return travel, arrange the pickup location before leaving the vehicle.""}]",2026-07-22
sirkeci-to-olivium-kazlicesme-rail,olivium-outlet-center,city_center,city-center,train,Istanbul to Olivium by Sirkeci–Kazlıçeşme Rail,,TRY 37.40,true,"[{""order"":1,""description"":""Board the Sirkeci–Kazlıçeşme rail service at Sirkeci.""},{""order"":2,""description"":""Travel directly to Kazlıçeşme using one ordinary adult İstanbulkart full-fare validation.""},{""order"":3,""description"":""Alight at Kazlıçeşme and follow the approximately five-minute free walk to Olivium.""}]",2026-08-04
istanbul-to-olivium-marmaray,olivium-outlet-center,city_center,sirkeci-marmaray,train,Istanbul to Olivium by Marmaray,,,false,"[{""order"":1,""description"":""Board Marmaray at Sirkeci toward Halkalı.""},{""order"":2,""description"":""Check the current Marmaray/TCDD station-pair fare before travel.""},{""order"":3,""description"":""Alight at Kazlıçeşme and follow the approximately five-minute free walk to Olivium.""}]",2026-08-04
zeytinburnu-to-olivium-local-connection,olivium-outlet-center,station,zeytinburnu-transfer-hub,bus,Zeytinburnu Transfer Hub to Olivium,About 10 min onward by bus or minibus,,false,"[{""order"":1,""description"":""Reach Zeytinburnu using M1A, T1, or Metrobüs.""},{""order"":2,""description"":""Confirm the current onward bus or minibus connection.""},{""order"":3,""description"":""Continue toward Olivium.""},{""order"":4,""description"":""Alight at the closest current stop identified by the operator.""},{""order"":5,""description"":""Confirm the return connection to Zeytinburnu before shopping.""}]",2026-07-22
istanbul-to-olivium-iett,olivium-outlet-center,city_center,istanbul-city-center,bus,Istanbul to Olivium by İETT Bus,,,false,"[{""order"":1,""description"":""Check İETT for the most convenient current boarding point.""},{""order"":2,""description"":""Select one of the officially listed Olivium lines: 93, 93C, 93M, 93T, BN3, MR11, MR20, or 97E.""},{""order"":3,""description"":""Board toward Zeytinburnu or Kazlıçeşme as applicable.""},{""order"":4,""description"":""Alight at the current stop identified by İETT for Olivium.""},{""order"":5,""description"":""Confirm the return timetable before shopping.""}]",2026-07-22
istanbul-asian-side-to-olivium-ferry-rail,olivium-outlet-center,city_center,istanbul-asian-side,ferry,Istanbul Asian Side to Olivium by Ferry and Rail,,,false,"[{""order"":1,""description"":""Choose one complete alternative rather than combining both routes.""},{""order"":2,""description"":""For the first alternative, travel from Kadıköy or Üsküdar to Eminönü by ferry.""},{""order"":3,""description"":""Continue on T1 toward Zeytinburnu and use the current local connection to Olivium.""},{""order"":4,""description"":""For the second alternative, travel from Bostancı or Kadıköy to Yenikapı by ferry.""},{""order"":5,""description"":""Continue by Marmaray to Kazlıçeşme and follow pedestrian directions to Olivium.""},{""order"":6,""description"":""Confirm the return services for the alternative you selected before shopping.""}]",2026-07-22
istanbul-to-olivium-car,olivium-outlet-center,city_center,istanbul-city-center,taxi,Istanbul to Olivium by Taxi or Road Access,,,false,"[{""order"":1,""description"":""Set Prof. Dr. Muammer Aksoy Cad. No:30, Zeytinburnu, İstanbul as the destination.""},{""order"":2,""description"":""Check current traffic or taxi fare before departure.""},{""order"":3,""description"":""Follow current road navigation to Olivium.""},{""order"":4,""description"":""Confirm the return taxi or ride-hail pickup location before shopping.""}]",2026-07-22
istanbul-to-starcity-m9,starcity-outlet,city_center,city-center,metro,Istanbul to StarCity by M9 Metro,,TRY 92.40,true,"[{""order"":1,""description"":""Board M1A at Yenikapı toward Atatürk Havalimanı.""},{""order"":2,""description"":""Transfer physically at Yenibosna to M9 toward Olimpiyat.""},{""order"":3,""description"":""Alight at Doğu Sanayi and follow the approximately 500-metre free walk to StarCity.""}]",2026-08-04
metrobus-to-starcity-local-connection,starcity-outlet,station,sirinevler-yenibosna-sefakoy,bus,Metrobüs to StarCity by Local Connection,,,false,"[{""order"":1,""description"":""Use Metrobüs to Şirinevler, Yenibosna, or Sefaköy.""},{""order"":2,""description"":""Confirm the most convenient current local connection.""},{""order"":3,""description"":""Continue by municipal bus, minibus, or M9 Metro.""},{""order"":4,""description"":""Alight at the current stop or station serving StarCity.""},{""order"":5,""description"":""Confirm the return local and Metrobüs connection before shopping.""}]",2026-07-22
istanbul-to-starcity-iett,starcity-outlet,city_center,istanbul-city-center,bus,Istanbul to StarCity by İETT Bus,,,false,"[{""order"":1,""description"":""Check İETT for the most convenient current boarding point.""},{""order"":2,""description"":""Choose an official line: 31, 31E, 36AY, 78B, 79F, 79G, 79K, 79Ş, 89YB, 98B, 98H, or 98T.""},{""order"":3,""description"":""Use the current İETT route and stop information for the selected line.""},{""order"":4,""description"":""Alight near Dr. Enver Ören Kültür Merkezi or Alışveriş Merkezi – Bahçelievler as applicable.""},{""order"":5,""description"":""Confirm the return timetable before shopping.""}]",2026-07-22
sirinevler-sefakoy-to-starcity-minibus,starcity-outlet,station,sirinevler-sefakoy,bus,Şirinevler or Sefaköy to StarCity by Public Minibus,,,false,"[{""order"":1,""description"":""Start at Şirinevler or Sefaköy.""},{""order"":2,""description"":""Confirm the current minibus boarding point locally before boarding.""},{""order"":3,""description"":""Use the Şirinevler–Yenibosna or Küçükçekmece–Sefaköy public minibus corridor.""},{""order"":4,""description"":""Alight at the current stop serving StarCity.""},{""order"":5,""description"":""Confirm the return service locally before shopping.""}]",2026-07-22
istanbul-to-starcity-car,starcity-outlet,city_center,istanbul-city-center,taxi,Istanbul to StarCity by Taxi or Road Access,,,false,"[{""order"":1,""description"":""Set Yenibosna Merkez Mahallesi, Değirmenbahçe Caddesi No:34, Bahçelievler, İstanbul as the destination.""},{""order"":2,""description"":""Check current traffic or taxi fare before departure.""},{""order"":3,""description"":""Follow current road navigation to StarCity.""},{""order"":4,""description"":""Use the free visitor parking if driving.""},{""order"":5,""description"":""Arrange the return taxi or ride-hail pickup separately, as free parking does not cover taxi fare.""}]",2026-07-22
istanbul-to-venezia-t4,venezia-mega-outlet,city_center,city-center,metro,Istanbul to Venezia Mega Outlet by T4 Tram,,TRY 92.40,true,"[{""order"":1,""description"":""Board T1 at Eminönü toward Bağcılar.""},{""order"":2,""description"":""Transfer at Topkapı to T4 toward Mescid-i Selam.""},{""order"":3,""description"":""Alight at Kiptaş–Venezia and follow the free pedestrian connection to the outlet.""}]",2026-08-04
istanbul-to-venezia-m7,venezia-mega-outlet,city_center,istanbul-city-center,metro,Istanbul to Venezia Mega Outlet by M7 Metro,,,false,"[{""order"":1,""description"":""Connect to the M7 Yıldız or Mecidiyeköy–Mahmutbey line.""},{""order"":2,""description"":""Travel toward Karadeniz Mahallesi.""},{""order"":3,""description"":""Alight at Karadeniz Mahallesi.""},{""order"":4,""description"":""Follow current station and outlet signage.""},{""order"":5,""description"":""Confirm the return service before shopping.""}]",2026-07-22
metrobus-to-venezia-t4,venezia-mega-outlet,station,edirnekapi-sehitlik,bus,Metrobüs to Venezia Mega Outlet by T4,,,false,"[{""order"":1,""description"":""Use Metrobüs to Edirnekapı or Şehitlik.""},{""order"":2,""description"":""Follow signs to the T4 transfer.""},{""order"":3,""description"":""Take T4 toward Kiptaş–Venezia.""},{""order"":4,""description"":""Alight at Kiptaş–Venezia.""},{""order"":5,""description"":""Use 34AS only as an alternative official connection when it is more convenient.""},{""order"":6,""description"":""Confirm both return connections before shopping.""}]",2026-07-22
yenikapi-to-venezia-m1a-t4,venezia-mega-outlet,station,yenikapi,train,Yenikapı to Venezia Mega Outlet by M1A and T4,,,false,"[{""order"":1,""description"":""Arrive at Yenikapı by Marmaray.""},{""order"":2,""description"":""Transfer to M1A.""},{""order"":3,""description"":""Alight at Topkapı–Ulubatlı.""},{""order"":4,""description"":""Transfer to T4.""},{""order"":5,""description"":""Alight at Kiptaş–Venezia.""},{""order"":6,""description"":""Confirm all return connections before shopping.""}]",2026-07-22
istanbul-to-venezia-iett,venezia-mega-outlet,city_center,istanbul-city-center,bus,Istanbul to Venezia Mega Outlet by İETT Bus,,,false,"[{""order"":1,""description"":""Check İETT for current boarding points, stops, and schedules before travelling.""},{""order"":2,""description"":""Select one of the officially listed lines: 36A, 36E, 36M, 36V, 36CY, 36EM, 336, 336E, 336M, 336Y, or 79KM.""},{""order"":3,""description"":""Board the selected service using the current İETT route information.""},{""order"":4,""description"":""Alight at the current stop identified by İETT for Venezia Mega Outlet.""},{""order"":5,""description"":""Confirm the return timetable before shopping.""}]",2026-07-22
istanbul-to-venezia-car-taxi,venezia-mega-outlet,city_center,istanbul-city-center,taxi,Istanbul to Venezia Mega Outlet by Taxi or Road Access,,,false,"[{""order"":1,""description"":""Set Karadeniz Mahallesi, Eski Edirne Asfaltı Caddesi No:408, Gaziosmanpaşa, İstanbul as the destination.""},{""order"":2,""description"":""Check current traffic or taxi fare before departure.""},{""order"":3,""description"":""Follow current road navigation to Venezia Mega Outlet.""},{""order"":4,""description"":""Confirm the Venezia Mega Taxi or Karadeniz Taxi pickup arrangement when relevant.""},{""order"":5,""description"":""Arrange the return pickup before shopping.""}]",2026-07-22
istanbul-to-212-m9,212-outlet,city_center,city-center,metro,Istanbul to 212 Outlet by M9 Metro,,TRY 92.40,true,"[{""order"":1,""description"":""Board M1A at Yenikapı toward Atatürk Havalimanı.""},{""order"":2,""description"":""Transfer physically at Yenibosna to M9 toward Olimpiyat.""},{""order"":3,""description"":""Alight at 212 Outlet–Halkalı Caddesi and use Exit 1 for the free pedestrian access.""}]",2026-08-04
atakoy-to-212-marmaray-m9,212-outlet,station,atakoy-marmaray,train,Marmaray to 212 Outlet via Ataköy and M9,,,false,"[{""order"":1,""description"":""Reach a convenient Marmaray station.""},{""order"":2,""description"":""Travel by Marmaray to Ataköy.""},{""order"":3,""description"":""Follow the current transfer signs from Marmaray to M9.""},{""order"":4,""description"":""Take M9 to 212 Outlet–Halkalı Caddesi station.""},{""order"":5,""description"":""Use Exit 1 and follow current signs to 212 Outlet.""},{""order"":6,""description"":""Confirm both return connections before shopping.""}]",2026-07-23
yenibosna-to-212-m1a-m9,212-outlet,station,yenibosna-m1a,metro,M1A to 212 Outlet via Yenibosna and M9,,,false,"[{""order"":1,""description"":""Take the M1A Yenikapı–Atatürk Havalimanı Metro line to Yenibosna.""},{""order"":2,""description"":""Follow the current transfer signs from M1A to M9.""},{""order"":3,""description"":""Board M9 toward 212 Outlet–Halkalı Caddesi.""},{""order"":4,""description"":""Alight at 212 Outlet–Halkalı Caddesi station.""},{""order"":5,""description"":""Use Exit 1 and follow current signs to 212 Outlet.""},{""order"":6,""description"":""Confirm both return metro services before shopping.""}]",2026-07-23
mahmutbey-to-212-m7-m3-m9,212-outlet,station,mahmutbey-m7,metro,M7 to 212 Outlet via M3 and M9,,,false,"[{""order"":1,""description"":""Take M7 to Mahmutbey.""},{""order"":2,""description"":""Transfer from M7 to M3 at Mahmutbey.""},{""order"":3,""description"":""Travel on M3 to İkitelli Sanayi.""},{""order"":4,""description"":""Transfer from M3 to M9 at İkitelli Sanayi.""},{""order"":5,""description"":""Alight at 212 Outlet–Halkalı Caddesi station and use Exit 1.""},{""order"":6,""description"":""Confirm all return metro connections before shopping.""}]",2026-07-23
istoc-sirinevler-to-212-minibus,212-outlet,station,istoc-sirinevler,bus,İstoç or Şirinevler to 212 Outlet by Public Minibus,,,false,"[{""order"":1,""description"":""Start from İstoç, Şirinevler, or a convenient point on the listed minibus corridor.""},{""order"":2,""description"":""Confirm the current boarding point locally before boarding.""},{""order"":3,""description"":""Use the İstoç–Şirinevler or A-48 İkitelli Organize Sanayi minibus service.""},{""order"":4,""description"":""Alight at the current stop serving 212 Outlet.""},{""order"":5,""description"":""Confirm the return minibus boarding point before shopping.""}]",2026-07-23
istanbul-to-212-iett,212-outlet,city_center,istanbul-city-center,bus,Istanbul to 212 Outlet by İETT Bus,,,false,"[{""order"":1,""description"":""Check İETT for the most convenient current boarding point.""},{""order"":2,""description"":""Choose line HT13, 89T, 89C, 98T, or 98H.""},{""order"":3,""description"":""Board the selected service using the current İETT route information.""},{""order"":4,""description"":""Alight at the current stop identified by İETT for 212 Outlet.""},{""order"":5,""description"":""Confirm the return route and practical service before shopping.""}]",2026-07-23
istanbul-to-212-road-access,212-outlet,city_center,istanbul-city-center,taxi,Istanbul to 212 Outlet by Taxi or Road Access,,,false,"[{""order"":1,""description"":""Set Taşocağı Yolu Caddesi No:5, Mahmutbey, Bağcılar, İstanbul as the destination.""},{""order"":2,""description"":""Check current traffic or taxi fare before departure.""},{""order"":3,""description"":""Follow current road navigation to 212 Outlet.""},{""order"":4,""description"":""Use the verified free indoor visitor parking if driving.""},{""order"":5,""description"":""For taxi or ride-hail travel, arrange the return pickup before shopping.""}]",2026-07-23
istanbul-to-optimum-yenisahra-metro,optimum-premium-outlet-istanbul,city_center,city-center,metro,Istanbul to Optimum Premium Outlet by Metro,,TRY 46.20,true,"[{""order"":1,""description"":""Board M4 at Kadıköy toward Sabiha Gökçen Havalimanı.""},{""order"":2,""description"":""Travel directly on M4 to Yenisahra.""},{""order"":3,""description"":""Alight at Yenisahra and follow the free pedestrian connection to Optimum.""}]",2026-08-04
yenisahra-to-optimum-bus-minibus,optimum-premium-outlet-istanbul,station,yenisahra-e5,bus,Yenisahra to Optimum Premium Outlet by Bus or Minibus,,,false,"[{""order"":1,""description"":""Reach the Yenisahra stop area on the E5 highway.""},{""order"":2,""description"":""Confirm the current bus or public minibus service before boarding.""},{""order"":3,""description"":""Use a service stopping at the Yenisahra outlet-access area.""},{""order"":4,""description"":""Alight at the current stop serving Optimum Premium Outlet.""},{""order"":5,""description"":""Confirm the return boarding point before shopping.""}]",2026-07-23
istanbul-to-optimum-road-access,optimum-premium-outlet-istanbul,city_center,istanbul-city-center,taxi,Istanbul to Optimum Premium Outlet by Taxi or Road Access,,,false,"[{""order"":1,""description"":""Set Yenisahra Mahallesi, Elibol Sokak No:2/B, Ataşehir, İstanbul as the destination.""},{""order"":2,""description"":""Check current traffic or taxi fare before departure.""},{""order"":3,""description"":""From the E5 highway toward Kartal, use the Yenisahra exit.""},{""order"":4,""description"":""From the Kadıköy direction, follow current navigation to the outlet beside the main road.""},{""order"":5,""description"":""Arrange the return taxi or ride-hail pickup before shopping.""}]",2026-07-23
izmir-to-optimum-izban-esbas,izmir-optimum,city_center,city-center,train,Izmir to İzmir Optimum by İZBAN,,TRY 40,true,"[{""order"":1,""description"":""Board İZBAN at Alsancak on a southbound service toward Cumaovası or Tepeköy.""},{""order"":2,""description"":""Travel directly to Esbaş and complete any required distance-fare settlement.""},{""order"":3,""description"":""Alight at Esbaş and follow the free pedestrian connection to İzmir Optimum.""}]",2026-08-04
izmir-metro-to-optimum-izban-transfer,izmir-optimum,station,izmir-metro-network,metro,İzmir Metro to İzmir Optimum via İZBAN,,,false,"[{""order"":1,""description"":""Take İzmir Metro toward Halkapınar or Hilal.""},{""order"":2,""description"":""Alight at the transfer point that is most convenient for the current service.""},{""order"":3,""description"":""Transfer from İzmir Metro to İZBAN.""},{""order"":4,""description"":""Continue by İZBAN to Esbaş station.""},{""order"":5,""description"":""Follow the current station or outlet access signs to İzmir Optimum.""},{""order"":6,""description"":""Confirm both return services before shopping.""}]",2026-07-23
akcay-caddesi-to-optimum-bus-minibus,izmir-optimum,station,akcay-caddesi,bus,Akçay Caddesi to İzmir Optimum by Bus or Minibus,,,false,"[{""order"":1,""description"":""Reach a convenient boarding point on Akçay Caddesi.""},{""order"":2,""description"":""Confirm a current bus or public minibus travelling toward Adnan Menderes Airport.""},{""order"":3,""description"":""Board the selected service toward Esbaş.""},{""order"":4,""description"":""Alight at Esbaş for İzmir Optimum.""},{""order"":5,""description"":""Confirm the return boarding point and service before shopping.""}]",2026-07-23
izmir-to-optimum-road-access,izmir-optimum,city_center,izmir-city-center,taxi,Izmir to İzmir Optimum by Taxi or Road Access,,,false,"[{""order"":1,""description"":""Set Akçay Caddesi No:101, Gaziemir, İzmir as the destination.""},{""order"":2,""description"":""Check current traffic or taxi fare before departure.""},{""order"":3,""description"":""Use the Gaziemir exit from the Çeşme–Aydın ring road when appropriate.""},{""order"":4,""description"":""Alternatively, follow Akçay Caddesi toward Gaziemir.""},{""order"":5,""description"":""Arrange the return taxi or ride-hail pickup before shopping.""}]",2026-07-23
antalya-to-deepo-antray-t1,deepo-outlet-center,city_center,city-center,metro,Antalya to Deepo Outlet Center by Antray T1,,TRY 42,true,"[{""order"":1,""description"":""Board Antray T1A at İsmetpaşa toward Havalimanı.""},{""order"":2,""description"":""Remain on the airport branch to Sinan.""},{""order"":3,""description"":""Alight at Sinan and follow the free pedestrian connection to Deepo Outlet Center.""}]",2026-08-04
antalya-bus-station-airport-to-deepo-600,deepo-outlet-center,station,antalya-bus-station-airport-corridor,bus,Antalya Bus Station or Airport to Deepo by Bus 600 or 600G,,,false,"[{""order"":1,""description"":""Start from Antalya Bus Station, Antalya Airport, or a verified boarding point on the corridor.""},{""order"":2,""description"":""Confirm whether line 600 or 600G is the appropriate current service.""},{""order"":3,""description"":""Board the selected service on the Bus Station–Airport corridor.""},{""order"":4,""description"":""Alight at the current stop serving Deepo Outlet Center.""},{""order"":5,""description"":""Confirm the return stop and service before shopping.""}]",2026-07-23
antalya-to-deepo-public-buses,deepo-outlet-center,city_center,antalya-city-center,bus,Antalya to Deepo Outlet Center by Public Bus,,,false,"[{""order"":1,""description"":""Check Antalya Ulaşım for the most convenient current boarding point.""},{""order"":2,""description"":""Choose line 511, AF04, BA22, 45, SA19, SA65, 188, or MAN47.""},{""order"":3,""description"":""Board the selected service using the current operator route information.""},{""order"":4,""description"":""Alight at the current stop serving Deepo Outlet Center.""},{""order"":5,""description"":""Confirm the return route and practical service before shopping.""}]",2026-07-23
antalya-to-deepo-road-taxi,deepo-outlet-center,city_center,antalya-city-center,taxi,Antalya to Deepo Outlet Center by Taxi or Road Access,,,false,"[{""order"":1,""description"":""Set Altınova Sinan Mahallesi, Serik Caddesi No:309, Kepez, Antalya as the destination.""},{""order"":2,""description"":""Check current traffic or taxi fare before departure.""},{""order"":3,""description"":""Follow current road navigation to Deepo Outlet Center.""},{""order"":4,""description"":""Use the published on-site Deepo taxi stand when arranging local taxi travel.""},{""order"":5,""description"":""Confirm the return pickup before shopping.""}]",2026-07-23
al-ghubaiba-to-dubai-outlet-mall-rta-bus-66,dubai-outlet-mall,station,al-ghubaiba-bus-station,bus,Al Ghubaiba to Dubai Outlet Mall by RTA Bus 66,Approx. 65–80 min,Approx. AED 5–7.50,true,"[{""order"":1,""description"":""Start at Al Ghubaiba Bus Station, the official RTA boarding station for Bus 66 toward Faqa, Terminus.""},{""order"":2,""description"":""Board only RTA Bus 66 in the Faqa, Terminus direction.""},{""order"":3,""description"":""Remain on Bus 66 along Dubai–Al Ain Road to Dubai Outlet Mall 01.""},{""order"":4,""description"":""Alight at Dubai Outlet Mall 01, the official mall stop for the selected direction.""},{""order"":5,""description"":""Follow the signed pedestrian access from the stop to Dubai Outlet Mall’s easternmost entrance.""},{""order"":6,""description"":""For the return trip, board Bus 66 at Dubai Outlet Mall 02 in the Al Ghubaiba Bus Station direction.""}]",2026-08-04
downtown-dubai-to-dubai-outlet-mall-taxi,dubai-outlet-mall,city_center,downtown-dubai,taxi,Downtown Dubai to Dubai Outlet Mall by taxi,Approx. 25–40 min; traffic may affect travel time,Approx. AED 65–90 by metered taxi,false,"[{""order"":1,""description"":""Start at an official taxi rank in Downtown Dubai or request a licensed ride-hailing pickup.""},{""order"":2,""description"":""Set Dubai Outlet Mall on Dubai–Al Ain Road as the destination.""},{""order"":3,""description"":""Travel via Dubai–Al Ain Road and alight at the mall’s signed taxi drop-off.""}]",2026-08-10
dxb-to-dubai-outlet-mall-taxi,dubai-outlet-mall,airport,DXB,taxi,DXB to Dubai Outlet Mall by taxi,Approx. 25–40 min; traffic may affect travel time,Approx. AED 75–100 by airport taxi,false,"[{""order"":1,""description"":""Follow signs from arrivals to the official taxi rank at your DXB terminal.""},{""order"":2,""description"":""Tell the dispatcher Dubai Outlet Mall on Dubai–Al Ain Road.""},{""order"":3,""description"":""Use the metered airport taxi and alight at the mall’s signed taxi drop-off.""}]",2026-08-10
ibn-battuta-to-the-outlet-village-dpr1-bus,the-outlet-village,station,ibn-battuta-metro-station,bus,Ibn Battuta Metro Station to The Outlet Village by DPR1 bus,,,true,"[{""order"":1,""description"":""Go to the bus stop at Ibn Battuta Metro Station.""},{""order"":2,""description"":""Board RTA Bus DPR1 for Dubai Parks and Resorts.""},{""order"":3,""description"":""Remain on DPR1 until Dubai Parks and Resorts.""},{""order"":4,""description"":""Alight at the Dubai Parks and Resorts transport stop.""},{""order"":5,""description"":""Follow the signed access to The Outlet Village.""},{""order"":6,""description"":""Confirm the current DPR1 return timetable before shopping.""}]",2026-08-13
downtown-dubai-to-the-outlet-village-taxi,the-outlet-village,city_center,downtown-dubai,taxi,Downtown Dubai to The Outlet Village by taxi,Approx. 40–55 min; traffic varies,Approx. AED 115–145 by taxi; app fares vary,true,"[{""order"":1,""description"":""Request a licensed taxi or ride-hailing pickup in Downtown Dubai.""},{""order"":2,""description"":""Set The Outlet Village at Dubai Parks and Resorts as the destination.""},{""order"":3,""description"":""Use the metered taxi or displayed app fare and alight at the signed destination entrance.""}]",2026-08-10
dxb-to-the-outlet-village-taxi,the-outlet-village,airport,DXB,taxi,DXB to The Outlet Village by taxi,Approx. 50–65 min; traffic varies,Approx. AED 150–190 by airport taxi,true,"[{""order"":1,""description"":""Follow signs to the official taxi rank at your DXB terminal.""},{""order"":2,""description"":""Tell the dispatcher The Outlet Village at Dubai Parks and Resorts in Jebel Ali.""},{""order"":3,""description"":""Use the metered airport taxi service to the mall’s signed drop-off.""}]",2026-08-10
dwc-to-the-outlet-village-taxi,the-outlet-village,airport,DWC,taxi,DWC to The Outlet Village by taxi,Approx. 25–35 min; traffic varies,Approx. AED 55–80 by airport taxi,true,"[{""order"":1,""description"":""Follow signs to the official taxi rank at Al Maktoum International Airport.""},{""order"":2,""description"":""Request The Outlet Village at Dubai Parks and Resorts.""},{""order"":3,""description"":""Travel by metered taxi to the signed mall drop-off.""}]",2026-08-10
kuwait-city-to-al-khiran-hybrid-outlet-mall-taxi,al-khiran-hybrid-outlet-mall,city_center,kuwait-city-kuwait-towers,taxi,Kuwait City to Al Khiran Hybrid Outlet Mall by taxi,Approx. 80–100 min; traffic varies,Approx. KWD 27–35 by taxi; app quotes vary,true,"[{""order"":1,""description"":""Request a licensed taxi or ride-hailing pickup in Kuwait City.""},{""order"":2,""description"":""Select Al Khiran Hybrid Outlet Mall, using the waterfront mall pin rather than Khiran Square or Norma Mall.""},{""order"":3,""description"":""Use the quoted app fare or taxi meter and schedule a return pickup from the mall’s main taxi point.""}]",2026-08-10
kwi-to-al-khiran-hybrid-outlet-mall-taxi,al-khiran-hybrid-outlet-mall,airport,KWI,taxi,KWI to Al Khiran Hybrid Outlet Mall by taxi,Approx. 65–85 min; traffic varies,KWD 19 by official airport taxi; ride-hailing/app quotes may vary,true,"[{""order"":1,""description"":""Follow terminal signs to an official Kuwait International Airport taxi or use a licensed ride-hailing pickup.""},{""order"":2,""description"":""Select Al Khiran Hybrid Outlet Mall, using the saved destination pin before leaving KWI.""},{""order"":3,""description"":""Use the airport-taxi fare and schedule a return pickup from the mall’s main taxi point.""}]",2026-08-10
new-york-to-woodbury-common-bus,woodbury-common-premium-outlets,city_center,new-york,shuttle,1651 Broadway / W 51st Street (McDonald’s) → Woodbury Common — Bus Plaza 2,Approx. 60–90 min,"from USD 45 (adult, round trip)",true,"[{""order"":1,""description"":""Board Woodbury Common shuttle at 1651 Broadway / W 51st Street (McDonald’s); alight at Woodbury Common — Bus Plaza 2.""},{""order"":2,""description"":""Follow the pedestrian signs to the outlet entrance.""},{""order"":3,""description"":""Reserve the outbound and return journey in advance; use the pickup details in your booking confirmation. Arrive 15 minutes before departure. The outlet return pickup is Bus Plaza 2. The displayed price is the advertised base ticket; booking fees, taxes and optional extras may increase the total. Check the operator’s timetable and last return before departure. Journey ranges are planning estimates and include walking/transfer allowance; long waits and heavy traffic can add time.""}]",2026-09-12
fort-lauderdale-to-sawgrass-mills-bus-22,sawgrass-mills,station,fort-lauderdale-tri-rail,bus,Fort Lauderdale Tri-Rail Station → Sawgrass Mills — West Dining Pavilion / Marshalls,Approx. 45–75 min,"USD 2 (adult, one way)",true,"[{""order"":1,""description"":""Board 22 at Fort Lauderdale Tri-Rail Station; alight at Sawgrass Mills — West Dining Pavilion / Marshalls.""},{""order"":2,""description"":""Follow the pedestrian signs to the outlet entrance.""},{""order"":3,""description"":""Carry exact cash or use the operator’s accepted pass/payment method; drivers may not give change. Check the operator’s timetable and last return before departure. Journey ranges are planning estimates and include walking/transfer allowance; long waits and heavy traffic can add time.""}]",2026-09-12
international-drive-to-orlando-vineland-trolley,orlando-vineland-premium-outlets,city_center,international-drive,bus,International Drive / SeaWorld → Orlando Vineland Premium Outlets,Approx. 20–45 min,"USD 2 (adult, one way)",true,"[{""order"":1,""description"":""Board Red Line (southbound) at International Drive / SeaWorld; alight at Orlando Vineland Premium Outlets.""},{""order"":2,""description"":""Follow the pedestrian signs to the outlet entrance.""},{""order"":3,""description"":""Carry exact cash or use the operator’s accepted pass/payment method; drivers may not give change. Check the operator’s timetable and last return before departure. Journey ranges are planning estimates and include walking/transfer allowance; long waits and heavy traffic can add time.""}]",2026-09-12
downtown-las-vegas-to-north-premium-outlets-loop,las-vegas-north-premium-outlets,city_center,downtown-las-vegas,shuttle,Fremont Street Experience / Main Street → Las Vegas North Premium Outlets — S Grand Central Parkway,Approx. 15–35 min,Free,true,"[{""order"":1,""description"":""Board Downtown Loop at Fremont Street Experience / Main Street; alight at Las Vegas North Premium Outlets — S Grand Central Parkway.""},{""order"":2,""description"":""Follow the pedestrian signs to the outlet entrance.""},{""order"":3,""description"":""This is a circulating downtown shuttle. Check today’s operating hours and the direction of the loop for the return trip. Check the operator’s timetable and last return before departure. Journey ranges are planning estimates and include walking/transfer allowance; long waits and heavy traffic can add time.""}]",2026-09-12
anaheim-to-desert-hills-premium-outlets-tour,desert-hills-premium-outlets,city_center,anaheim,shuttle,Anaheim hotel pickup (booking confirmation) → Desert Hills Premium Outlets,Approx. 75–90 min,"USD 79 (adult, round trip)",true,"[{""order"":1,""description"":""Board Desert Hills shopping tour at Anaheim hotel pickup (booking confirmation); alight at Desert Hills Premium Outlets.""},{""order"":2,""description"":""Follow the pedestrian signs to the outlet entrance.""},{""order"":3,""description"":""Reserve the outbound and return journey in advance; use the pickup details in your booking confirmation. Departure is from Anaheim, not Palm Springs. Tours currently run Wednesday and Saturday; pickup is around 08:30–08:45. The full shopping excursion takes about 9 hours. The displayed price is the advertised base ticket; booking fees, taxes and optional extras may increase the total. Check the operator’s timetable and last return before departure. Journey ranges are planning estimates and include walking/transfer allowance; long waits and heavy traffic can add time.""}]",2026-09-12
dublin-pleasanton-bart-to-san-francisco-premium-outlets,san-francisco-premium-outlets,station,dublin-pleasanton-bart,bus,Dublin/Pleasanton BART Station → San Francisco Premium Outlets / Livermore Outlets Drive,Approx. 15–30 min,"USD 2.5 (adult, one way)",true,"[{""order"":1,""description"":""Board 14 at Dublin/Pleasanton BART Station; alight at San Francisco Premium Outlets / Livermore Outlets Drive.""},{""order"":2,""description"":""Follow the pedestrian signs to the outlet entrance.""},{""order"":3,""description"":""The quoted fare covers Wheels route 14 only. Travel to Dublin/Pleasanton on BART costs extra; Clipper transfer credit may reduce the bus fare. Wheels’ adult day pass is USD 4. Check the operator’s timetable and last return before departure. Journey ranges are planning estimates and include walking/transfer allowance; long waits and heavy traffic can add time.""}]",2026-09-12
siam-paragon-to-siam-premium-outlets-shuttle,siam-premium-outlets,city_center,siam-paragon,shuttle,"Siam Paragon — Gate 1, South Wing, G Floor (Lock Box / Bangkok Bank) → Siam Premium Outlets — 7-Eleven / Entrance A",Approx. 60–90 min,"THB 150 (adult, one way)",true,"[{""order"":1,""description"":""Board Siam Paragon shuttle at Siam Paragon — Gate 1, South Wing, G Floor (Lock Box / Bangkok Bank); alight at Siam Premium Outlets — 7-Eleven / Entrance A.""},{""order"":2,""description"":""Follow the pedestrian signs to the outlet entrance.""},{""order"":3,""description"":""Reserve the outbound and return journey in advance; use the pickup details in your booking confirmation. Outbound: 10:00 / 14:00; return: 12:00 / 16:00, as checked. Book through LINE @tripcs or +66 80 924 3300 and reconfirm the chosen return. Check the operator’s timetable and last return before departure. Journey ranges are planning estimates and include walking/transfer allowance; long waits and heavy traffic can add time.""}]",2026-09-12
hkg-to-citygate-outlets-bus,citygate-outlets,airport,HKG,bus,Hong Kong Airport — Terminal 1 (Cheong Tat Road) → Tung Chung Station / Citygate Outlets,Approx. 10–20 min,"Approx. HKD 3.7 (adult, one way)",true,"[{""order"":1,""description"":""Board S1 at Hong Kong Airport — Terminal 1 (Cheong Tat Road); alight at Tung Chung Station / Citygate Outlets.""},{""order"":2,""description"":""Follow the pedestrian signs to the outlet entrance.""},{""order"":3,""description"":""The fare estimate is for S1. S64 is an alternative mentioned by the outlet, with its own fare and timetable; check the operator before choosing it. Check the operator’s timetable and last return before departure. Journey ranges are planning estimates and include walking/transfer allowance; long waits and heavy traffic can add time.""}]",2026-09-12
central-hong-kong-to-citygate-outlets-mtr,citygate-outlets,city_center,hong-kong-station,metro,Hong Kong Station → Tung Chung Station — Exit C,Approx. 30–40 min,"HKD 24.3–28 (adult, one way)",true,"[{""order"":1,""description"":""Board Tung Chung Line at Hong Kong Station; alight at Tung Chung Station — Exit C.""},{""order"":2,""description"":""Follow the pedestrian signs to the outlet entrance.""},{""order"":3,""description"":""Adult fare range: HKD 24.30 with Octopus/contactless; HKD 28 for a single journey ticket. Use Tung Chung Line, not Airport Express. Check the operator’s timetable and last return before departure. Journey ranges are planning estimates and include walking/transfer allowance; long waits and heavy traffic can add time.""}]",2026-09-12
tpe-to-mitsui-outlet-park-linkou-airport-mrt,mitsui-outlet-park-linkou,airport,TPE,train,A12 Airport Terminal 1 / A13 Airport Terminal 2 → A9 Linkou Station,Approx. 25–40 min,"TWD 60 (adult, one way)",true,"[{""order"":1,""description"":""Board Airport MRT Commuter at A12 Airport Terminal 1 / A13 Airport Terminal 2; alight at A9 Linkou Station.""},{""order"":2,""description"":""Follow the pedestrian signs to the outlet entrance.""},{""order"":3,""description"":""Use a Commuter train that stops at A9. Express trains skip A9; if already on an Express, change at A8 to a Commuter train heading to A9. From A9, allow 5–10 minutes to walk to the outlet; follow signs for the correct building. Check the operator’s timetable and last return before departure. Journey ranges are planning estimates and include walking/transfer allowance; long waits and heavy traffic can add time.""}]",2026-09-12
taipei-main-station-to-mitsui-outlet-park-linkou,mitsui-outlet-park-linkou,city_center,taipei-main-station,train,A1 Taipei Main Station → A9 Linkou Station,Approx. 40–50 min,"TWD 75 (adult, one way)",true,"[{""order"":1,""description"":""Board Airport MRT Commuter at A1 Taipei Main Station; alight at A9 Linkou Station.""},{""order"":2,""description"":""Follow the pedestrian signs to the outlet entrance.""},{""order"":3,""description"":""Use a Commuter train that stops at A9. Express trains skip A9; if already on an Express, change at A8 to a Commuter train heading to A9. From A9, allow 5–10 minutes to walk to the outlet; follow signs for the correct building. Check the operator’s timetable and last return before departure. Journey ranges are planning estimates and include walking/transfer allowance; long waits and heavy traffic can add time.""}]",2026-09-12
myeongdong-to-yeoju-premium-outlets,yeoju-premium-outlets,station,myeongdong-station,bus,Myeongdong → Yeoju Premium Outlets,Approx. 110–140 min,"Approx. KRW 8,000–10,000 (adult, one way)",true,"[{""order"":1,""description"":""Board Line 4 at Myeongdong; alight at Chungmuro.""},{""order"":2,""description"":""Transfer: Board Line 3 at Chungmuro; alight at Express Bus Terminal.""},{""order"":3,""description"":""Transfer: Board Yeoju Premium Outlets express at Seoul Express Bus Terminal — Platform 29; alight at Yeoju Premium Outlets.""},{""order"":4,""description"":""Follow the pedestrian signs to the outlet entrance.""},{""order"":5,""description"":""Reserve the outbound and return journey in advance; use the pickup details in your booking confirmation. This is a planning budget for the full route, not a guaranteed through fare. Payment method, distance supplements and transfer discounts affect the amount; airport/express tickets can be separate. Check the operator’s timetable and last return before departure. Journey ranges are planning estimates and include walking/transfer allowance; long waits and heavy traffic can add time.""}]",2026-09-12
hongik-university-to-yeoju-premium-outlets,yeoju-premium-outlets,station,hongik-university-station,bus,Hongik University → Yeoju Premium Outlets,Approx. 100–130 min,"Approx. KRW 8,000–10,000 (adult, one way)",true,"[{""order"":1,""description"":""Board Line 2 at Hongik University; alight at Dangsan.""},{""order"":2,""description"":""Transfer: Board Line 9 at Dangsan; alight at Express Bus Terminal.""},{""order"":3,""description"":""Transfer: Board Yeoju Premium Outlets express at Seoul Express Bus Terminal — Platform 29; alight at Yeoju Premium Outlets.""},{""order"":4,""description"":""Follow the pedestrian signs to the outlet entrance.""},{""order"":5,""description"":""Reserve the outbound and return journey in advance; use the pickup details in your booking confirmation. This is a planning budget for the full route, not a guaranteed through fare. Payment method, distance supplements and transfer discounts affect the amount; airport/express tickets can be separate. Check the operator’s timetable and last return before departure. Journey ranges are planning estimates and include walking/transfer allowance; long waits and heavy traffic can add time.""}]",2026-09-12
gangnam-to-yeoju-premium-outlets,yeoju-premium-outlets,station,gangnam-station,bus,Gangnam → Yeoju Premium Outlets,Approx. 100–130 min,"Approx. KRW 8,000–10,000 (adult, one way)",true,"[{""order"":1,""description"":""Board Line 2 at Gangnam; alight at Gyodae.""},{""order"":2,""description"":""Transfer: Board Line 3 at Gyodae; alight at Express Bus Terminal.""},{""order"":3,""description"":""Transfer: Board Yeoju Premium Outlets express at Seoul Express Bus Terminal — Platform 29; alight at Yeoju Premium Outlets.""},{""order"":4,""description"":""Follow the pedestrian signs to the outlet entrance.""},{""order"":5,""description"":""Reserve the outbound and return journey in advance; use the pickup details in your booking confirmation. This is a planning budget for the full route, not a guaranteed through fare. Payment method, distance supplements and transfer discounts affect the amount; airport/express tickets can be separate. Check the operator’s timetable and last return before departure. Journey ranges are planning estimates and include walking/transfer allowance; long waits and heavy traffic can add time.""}]",2026-09-12
hongik-university-to-paju-premium-outlets,paju-premium-outlets,station,hongik-university-station,bus,Hongik University — Exit 1 → Paju Premium Outlets,Approx. 65–90 min,"Approx. KRW 3,200–3,400 (adult, one way)",true,"[{""order"":1,""description"":""Board 2200 at Hongik University — Exit 1; alight at Paju Premium Outlets.""},{""order"":2,""description"":""Follow the pedestrian signs to the outlet entrance.""},{""order"":3,""description"":""This is a planning budget for the full route, not a guaranteed through fare. Payment method, distance supplements and transfer discounts affect the amount; airport/express tickets can be separate. Check the operator’s timetable and last return before departure. Journey ranges are planning estimates and include walking/transfer allowance; long waits and heavy traffic can add time.""}]",2026-09-12
myeongdong-to-paju-premium-outlets,paju-premium-outlets,station,myeongdong-station,bus,Myeongdong → Paju Premium Outlets,Approx. 95–125 min,"Approx. KRW 4,500–6,000 (adult, one way)",true,"[{""order"":1,""description"":""Board Line 4 at Myeongdong; alight at Seoul Station.""},{""order"":2,""description"":""Transfer: Board AREX (all-stop) at Seoul Station; alight at Hongik University — Exit 1.""},{""order"":3,""description"":""Transfer: Board 2200 at Hongik University — Exit 1; alight at Paju Premium Outlets.""},{""order"":4,""description"":""Follow the pedestrian signs to the outlet entrance.""},{""order"":5,""description"":""This is a planning budget for the full route, not a guaranteed through fare. Payment method, distance supplements and transfer discounts affect the amount; airport/express tickets can be separate. Check the operator’s timetable and last return before departure. Journey ranges are planning estimates and include walking/transfer allowance; long waits and heavy traffic can add time.""}]",2026-09-12
incheon-airport-to-paju-premium-outlets,paju-premium-outlets,airport,ICN,bus,Incheon Airport — T1/T2 airport bus area → Paju Premium Outlets,Approx. 120–165 min,"Approx. KRW 20,200–22,000 (adult, one way)",false,"[{""order"":1,""description"":""Board 6002 at Incheon Airport — T1/T2 airport bus area; alight at Hapjeong / Holt Children’s Welfare Society.""},{""order"":2,""description"":""Transfer: Board 2200 at Hapjeong; alight at Paju Premium Outlets.""},{""order"":3,""description"":""Follow the pedestrian signs to the outlet entrance.""},{""order"":4,""description"":""This is a planning budget for the full route, not a guaranteed through fare. Payment method, distance supplements and transfer discounts affect the amount; airport/express tickets can be separate. Check the operator’s timetable and last return before departure. Journey ranges are planning estimates and include walking/transfer allowance; long waits and heavy traffic can add time.""}]",2026-09-12
bujeon-to-busan-premium-outlets,busan-premium-outlets,station,bujeon-station,train,Bujeon → Busan Premium Outlets,Approx. 75–105 min,"Approx. KRW 3,500–5,000 (adult, one way)",true,"[{""order"":1,""description"":""Board Donghae Line at Bujeon; alight at Jwacheon.""},{""order"":2,""description"":""Transfer: Board 302 at Jwacheon; alight at Busan Premium Outlets.""},{""order"":3,""description"":""Follow the pedestrian signs to the outlet entrance.""},{""order"":4,""description"":""This is a planning budget for the full route, not a guaranteed through fare. Payment method, distance supplements and transfer discounts affect the amount; airport/express tickets can be separate. Check the operator’s timetable and last return before departure. Journey ranges are planning estimates and include walking/transfer allowance; long waits and heavy traffic can add time.""}]",2026-09-12
haeundae-to-busan-premium-outlets,busan-premium-outlets,city_center,haeundae,bus,Haeundae Beach → Busan Premium Outlets,Approx. 80–110 min,"Approx. KRW 3,500–5,500 (adult, one way)",false,"[{""order"":1,""description"":""Board 1003 at Haeundae Beach; alight at Gijang Telephone Office.""},{""order"":2,""description"":""Transfer: Board 8 at Gijang Telephone Office; alight at Busan Premium Outlets.""},{""order"":3,""description"":""Follow the pedestrian signs to the outlet entrance.""},{""order"":4,""description"":""This is a planning budget for the full route, not a guaranteed through fare. Payment method, distance supplements and transfer discounts affect the amount; airport/express tickets can be separate. Check the operator’s timetable and last return before departure. Journey ranges are planning estimates and include walking/transfer allowance; long waits and heavy traffic can add time.""}]",2026-09-12
gimhae-airport-to-busan-premium-outlets,busan-premium-outlets,airport,PUS,bus,Gimhae Airport → Busan Premium Outlets,Approx. 130–165 min,"Approx. KRW 4,000–6,500 (adult, one way)",false,"[{""order"":1,""description"":""Board 307 at Gimhae Airport; alight at Dongnae.""},{""order"":2,""description"":""Transfer: Board 3008 at Dongnae; alight at Busan Premium Outlets.""},{""order"":3,""description"":""Follow the pedestrian signs to the outlet entrance.""},{""order"":4,""description"":""This is a planning budget for the full route, not a guaranteed through fare. Payment method, distance supplements and transfer discounts affect the amount; airport/express tickets can be separate. Check the operator’s timetable and last return before departure. Journey ranges are planning estimates and include walking/transfer allowance; long waits and heavy traffic can add time.""}]",2026-09-12
kl-sentral-to-genting-highlands-premium-outlets,genting-highlands-premium-outlets,station,kl-sentral,bus,KL Sentral — Lower Ground Floor bus counter → Awana Bus Terminal,Approx. 60–90 min,"MYR 10 (adult, one way)",true,"[{""order"":1,""description"":""Board Genting Express at KL Sentral — Lower Ground Floor bus counter; alight at Awana Bus Terminal.""},{""order"":2,""description"":""Follow the pedestrian signs to the outlet entrance.""},{""order"":3,""description"":""Walk from Awana Bus Terminal to the outlet in the same mid-hill complex. A cable-car ticket is not needed for this visit. Check the operator’s timetable and last return before departure. Journey ranges are planning estimates and include walking/transfer allowance; long waits and heavy traffic can add time.""}]",2026-09-12
klia-to-genting-highlands-premium-outlets,genting-highlands-premium-outlets,airport,KUL,bus,KLIA Terminal 1 / Terminal 2 bus counter → Awana Bus Terminal,Approx. 120–180 min,"MYR 35 (adult, one way)",false,"[{""order"":1,""description"":""Board Genting Express at KLIA Terminal 1 / Terminal 2 bus counter; alight at Awana Bus Terminal.""},{""order"":2,""description"":""Follow the pedestrian signs to the outlet entrance.""},{""order"":3,""description"":""Walk from Awana Bus Terminal to the outlet in the same mid-hill complex. A cable-car ticket is not needed for this visit. Check the operator’s timetable and last return before departure. Journey ranges are planning estimates and include walking/transfer allowance; long waits and heavy traffic can add time.""}]",2026-09-12
kuala-lumpur-to-genting-highlands-premium-outlets-taxi,genting-highlands-premium-outlets,city_center,kuala-lumpur,taxi,Kuala Lumpur city centre → Genting Highlands Premium Outlets — Awana,Approx. 45–90 min,"Approx. MYR 90–150 (per vehicle, one way)",false,"[{""order"":1,""description"":""Board Taxi / ride-hailing at Kuala Lumpur city centre; alight at Genting Highlands Premium Outlets — Awana.""},{""order"":2,""description"":""Follow the pedestrian signs to the outlet entrance.""},{""order"":3,""description"":""Indicative price per vehicle; tolls, waiting and surge pricing may be extra. Obtain a confirmed quote before boarding. Check the operator’s timetable and last return before departure. Journey ranges are planning estimates and include walking/transfer allowance; long waits and heavy traffic can add time.""}]",2026-09-12
