transportationId,outletId,transportType,title,duration,cost,tip,status,displayOrder
new-york-to-woodbury-common-bus,woodbury-common-premium-outlets,shuttle,1651 Broadway / W 51st Street (McDonald’s) → Woodbury Common — Bus Plaza 2,Approx. 60–90 min,"from USD 45 (adult, round trip)","Board Woodbury Common shuttle at 1651 Broadway / W 51st Street (McDonald’s); alight at Woodbury Common — Bus Plaza 2. Follow the pedestrian signs to the outlet entrance. Reserve the outbound and return journey in advance; use the pickup details in your booking confirmation. Arrive 15 minutes before departure. The outlet return pickup is Bus Plaza 2. The displayed price is the advertised base ticket; booking fees, taxes and optional extras may increase the total. Check the operator’s timetable and last return before departure. Journey ranges are planning estimates and include walking/transfer allowance; long waits and heavy traffic can add time.",active,1
fort-lauderdale-to-sawgrass-mills-bus-22,sawgrass-mills,bus,Fort Lauderdale Tri-Rail Station → Sawgrass Mills — West Dining Pavilion / Marshalls,Approx. 45–75 min,"USD 2 (adult, one way)",Board 22 at Fort Lauderdale Tri-Rail Station; alight at Sawgrass Mills — West Dining Pavilion / Marshalls. Follow the pedestrian signs to the outlet entrance. Carry exact cash or use the operator’s accepted pass/payment method; drivers may not give change. Check the operator’s timetable and last return before departure. Journey ranges are planning estimates and include walking/transfer allowance; long waits and heavy traffic can add time.,active,2
international-drive-to-orlando-vineland-trolley,orlando-vineland-premium-outlets,bus,International Drive / SeaWorld → Orlando Vineland Premium Outlets,Approx. 20–45 min,"USD 2 (adult, one way)",Board Red Line (southbound) at International Drive / SeaWorld; alight at Orlando Vineland Premium Outlets. Follow the pedestrian signs to the outlet entrance. Carry exact cash or use the operator’s accepted pass/payment method; drivers may not give change. Check the operator’s timetable and last return before departure. Journey ranges are planning estimates and include walking/transfer allowance; long waits and heavy traffic can add time.,active,3
downtown-las-vegas-to-north-premium-outlets-loop,las-vegas-north-premium-outlets,shuttle,Fremont Street Experience / Main Street → Las Vegas North Premium Outlets — S Grand Central Parkway,Approx. 15–35 min,Free,Board Downtown Loop at Fremont Street Experience / Main Street; alight at Las Vegas North Premium Outlets — S Grand Central Parkway. Follow the pedestrian signs to the outlet entrance. This is a circulating downtown shuttle. Check today’s operating hours and the direction of the loop for the return trip. Check the operator’s timetable and last return before departure. Journey ranges are planning estimates and include walking/transfer allowance; long waits and heavy traffic can add time.,active,4
anaheim-to-desert-hills-premium-outlets-tour,desert-hills-premium-outlets,shuttle,Anaheim hotel pickup (booking confirmation) → Desert Hills Premium Outlets,Approx. 75–90 min,"USD 79 (adult, round trip)","Board Desert Hills shopping tour at Anaheim hotel pickup (booking confirmation); alight at Desert Hills Premium Outlets. Follow the pedestrian signs to the outlet entrance. Reserve the outbound and return journey in advance; use the pickup details in your booking confirmation. Departure is from Anaheim, not Palm Springs. Tours currently run Wednesday and Saturday; pickup is around 08:30–08:45. The full shopping excursion takes about 9 hours. The displayed price is the advertised base ticket; booking fees, taxes and optional extras may increase the total. Check the operator’s timetable and last return before departure. Journey ranges are planning estimates and include walking/transfer allowance; long waits and heavy traffic can add time.",active,5
dublin-pleasanton-bart-to-san-francisco-premium-outlets,san-francisco-premium-outlets,bus,Dublin/Pleasanton BART Station → San Francisco Premium Outlets / Livermore Outlets Drive,Approx. 15–30 min,"USD 2.5 (adult, one way)",Board 14 at Dublin/Pleasanton BART Station; alight at San Francisco Premium Outlets / Livermore Outlets Drive. Follow the pedestrian signs to the outlet entrance. The quoted fare covers Wheels route 14 only. Travel to Dublin/Pleasanton on BART costs extra; Clipper transfer credit may reduce the bus fare. Wheels’ adult day pass is USD 4. Check the operator’s timetable and last return before departure. Journey ranges are planning estimates and include walking/transfer allowance; long waits and heavy traffic can add time.,active,6
siam-paragon-to-siam-premium-outlets-shuttle,siam-premium-outlets,shuttle,"Siam Paragon — Gate 1, South Wing, G Floor (Lock Box / Bangkok Bank) → Siam Premium Outlets — 7-Eleven / Entrance A",Approx. 60–90 min,"THB 150 (adult, one way)","Board Siam Paragon shuttle at Siam Paragon — Gate 1, South Wing, G Floor (Lock Box / Bangkok Bank); alight at Siam Premium Outlets — 7-Eleven / Entrance A. Follow the pedestrian signs to the outlet entrance. Reserve the outbound and return journey in advance; use the pickup details in your booking confirmation. Outbound: 10:00 / 14:00; return: 12:00 / 16:00, as checked. Book through LINE @tripcs or +66 80 924 3300 and reconfirm the chosen return. Check the operator’s timetable and last return before departure. Journey ranges are planning estimates and include walking/transfer allowance; long waits and heavy traffic can add time.",active,7
hkg-to-citygate-outlets-bus,citygate-outlets,bus,Hong Kong Airport — Terminal 1 (Cheong Tat Road) → Tung Chung Station / Citygate Outlets,Approx. 10–20 min,"Approx. HKD 3.7 (adult, one way)","Board S1 at Hong Kong Airport — Terminal 1 (Cheong Tat Road); alight at Tung Chung Station / Citygate Outlets. Follow the pedestrian signs to the outlet entrance. The fare estimate is for S1. S64 is an alternative mentioned by the outlet, with its own fare and timetable; check the operator before choosing it. Check the operator’s timetable and last return before departure. Journey ranges are planning estimates and include walking/transfer allowance; long waits and heavy traffic can add time.",active,8
central-hong-kong-to-citygate-outlets-mtr,citygate-outlets,metro,Hong Kong Station → Tung Chung Station — Exit C,Approx. 30–40 min,"HKD 24.3–28 (adult, one way)","Board Tung Chung Line at Hong Kong Station; alight at Tung Chung Station — Exit C. Follow the pedestrian signs to the outlet entrance. Adult fare range: HKD 24.30 with Octopus/contactless; HKD 28 for a single journey ticket. Use Tung Chung Line, not Airport Express. Check the operator’s timetable and last return before departure. Journey ranges are planning estimates and include walking/transfer allowance; long waits and heavy traffic can add time.",active,9
tpe-to-mitsui-outlet-park-linkou-airport-mrt,mitsui-outlet-park-linkou,train,A12 Airport Terminal 1 / A13 Airport Terminal 2 → A9 Linkou Station,Approx. 25–40 min,"TWD 60 (adult, one way)","Board Airport MRT Commuter at A12 Airport Terminal 1 / A13 Airport Terminal 2; alight at A9 Linkou Station. Follow the pedestrian signs to the outlet entrance. Use a Commuter train that stops at A9. Express trains skip A9; if already on an Express, change at A8 to a Commuter train heading to A9. From A9, allow 5–10 minutes to walk to the outlet; follow signs for the correct building. Check the operator’s timetable and last return before departure. Journey ranges are planning estimates and include walking/transfer allowance; long waits and heavy traffic can add time.",active,10
taipei-main-station-to-mitsui-outlet-park-linkou,mitsui-outlet-park-linkou,train,A1 Taipei Main Station → A9 Linkou Station,Approx. 40–50 min,"TWD 75 (adult, one way)","Board Airport MRT Commuter at A1 Taipei Main Station; alight at A9 Linkou Station. Follow the pedestrian signs to the outlet entrance. Use a Commuter train that stops at A9. Express trains skip A9; if already on an Express, change at A8 to a Commuter train heading to A9. From A9, allow 5–10 minutes to walk to the outlet; follow signs for the correct building. Check the operator’s timetable and last return before departure. Journey ranges are planning estimates and include walking/transfer allowance; long waits and heavy traffic can add time.",active,11
myeongdong-to-yeoju-premium-outlets,yeoju-premium-outlets,bus,Myeongdong → Yeoju Premium Outlets,Approx. 110–140 min,"Approx. KRW 8,000–10,000 (adult, one way)","Board Line 4 at Myeongdong; alight at Chungmuro. Transfer: Board Line 3 at Chungmuro; alight at Express Bus Terminal. Transfer: Board Yeoju Premium Outlets express at Seoul Express Bus Terminal — Platform 29; alight at Yeoju Premium Outlets. Follow the pedestrian signs to the outlet entrance. Reserve the outbound and return journey in advance; use the pickup details in your booking confirmation. This is a planning budget for the full route, not a guaranteed through fare. Payment method, distance supplements and transfer discounts affect the amount; airport/express tickets can be separate. Check the operator’s timetable and last return before departure. Journey ranges are planning estimates and include walking/transfer allowance; long waits and heavy traffic can add time.",active,12
hongik-university-to-yeoju-premium-outlets,yeoju-premium-outlets,bus,Hongik University → Yeoju Premium Outlets,Approx. 100–130 min,"Approx. KRW 8,000–10,000 (adult, one way)","Board Line 2 at Hongik University; alight at Dangsan. Transfer: Board Line 9 at Dangsan; alight at Express Bus Terminal. Transfer: Board Yeoju Premium Outlets express at Seoul Express Bus Terminal — Platform 29; alight at Yeoju Premium Outlets. Follow the pedestrian signs to the outlet entrance. Reserve the outbound and return journey in advance; use the pickup details in your booking confirmation. This is a planning budget for the full route, not a guaranteed through fare. Payment method, distance supplements and transfer discounts affect the amount; airport/express tickets can be separate. Check the operator’s timetable and last return before departure. Journey ranges are planning estimates and include walking/transfer allowance; long waits and heavy traffic can add time.",active,13
gangnam-to-yeoju-premium-outlets,yeoju-premium-outlets,bus,Gangnam → Yeoju Premium Outlets,Approx. 100–130 min,"Approx. KRW 8,000–10,000 (adult, one way)","Board Line 2 at Gangnam; alight at Gyodae. Transfer: Board Line 3 at Gyodae; alight at Express Bus Terminal. Transfer: Board Yeoju Premium Outlets express at Seoul Express Bus Terminal — Platform 29; alight at Yeoju Premium Outlets. Follow the pedestrian signs to the outlet entrance. Reserve the outbound and return journey in advance; use the pickup details in your booking confirmation. This is a planning budget for the full route, not a guaranteed through fare. Payment method, distance supplements and transfer discounts affect the amount; airport/express tickets can be separate. Check the operator’s timetable and last return before departure. Journey ranges are planning estimates and include walking/transfer allowance; long waits and heavy traffic can add time.",active,14
hongik-university-to-paju-premium-outlets,paju-premium-outlets,bus,Hongik University — Exit 1 → Paju Premium Outlets,Approx. 65–90 min,"Approx. KRW 3,200–3,400 (adult, one way)","Board 2200 at Hongik University — Exit 1; alight at Paju Premium Outlets. Follow the pedestrian signs to the outlet entrance. This is a planning budget for the full route, not a guaranteed through fare. Payment method, distance supplements and transfer discounts affect the amount; airport/express tickets can be separate. Check the operator’s timetable and last return before departure. Journey ranges are planning estimates and include walking/transfer allowance; long waits and heavy traffic can add time.",active,15
myeongdong-to-paju-premium-outlets,paju-premium-outlets,bus,Myeongdong → Paju Premium Outlets,Approx. 95–125 min,"Approx. KRW 4,500–6,000 (adult, one way)","Board Line 4 at Myeongdong; alight at Seoul Station. Transfer: Board AREX (all-stop) at Seoul Station; alight at Hongik University — Exit 1. Transfer: Board 2200 at Hongik University — Exit 1; alight at Paju Premium Outlets. Follow the pedestrian signs to the outlet entrance. This is a planning budget for the full route, not a guaranteed through fare. Payment method, distance supplements and transfer discounts affect the amount; airport/express tickets can be separate. Check the operator’s timetable and last return before departure. Journey ranges are planning estimates and include walking/transfer allowance; long waits and heavy traffic can add time.",active,16
incheon-airport-to-paju-premium-outlets,paju-premium-outlets,bus,Incheon Airport — T1/T2 airport bus area → Paju Premium Outlets,Approx. 120–165 min,"Approx. KRW 20,200–22,000 (adult, one way)","Board 6002 at Incheon Airport — T1/T2 airport bus area; alight at Hapjeong / Holt Children’s Welfare Society. Transfer: Board 2200 at Hapjeong; alight at Paju Premium Outlets. Follow the pedestrian signs to the outlet entrance. This is a planning budget for the full route, not a guaranteed through fare. Payment method, distance supplements and transfer discounts affect the amount; airport/express tickets can be separate. Check the operator’s timetable and last return before departure. Journey ranges are planning estimates and include walking/transfer allowance; long waits and heavy traffic can add time.",active,17
bujeon-to-busan-premium-outlets,busan-premium-outlets,train,Bujeon → Busan Premium Outlets,Approx. 75–105 min,"Approx. KRW 3,500–5,000 (adult, one way)","Board Donghae Line at Bujeon; alight at Jwacheon. Transfer: Board 302 at Jwacheon; alight at Busan Premium Outlets. Follow the pedestrian signs to the outlet entrance. This is a planning budget for the full route, not a guaranteed through fare. Payment method, distance supplements and transfer discounts affect the amount; airport/express tickets can be separate. Check the operator’s timetable and last return before departure. Journey ranges are planning estimates and include walking/transfer allowance; long waits and heavy traffic can add time.",active,18
haeundae-to-busan-premium-outlets,busan-premium-outlets,bus,Haeundae Beach → Busan Premium Outlets,Approx. 80–110 min,"Approx. KRW 3,500–5,500 (adult, one way)","Board 1003 at Haeundae Beach; alight at Gijang Telephone Office. Transfer: Board 8 at Gijang Telephone Office; alight at Busan Premium Outlets. Follow the pedestrian signs to the outlet entrance. This is a planning budget for the full route, not a guaranteed through fare. Payment method, distance supplements and transfer discounts affect the amount; airport/express tickets can be separate. Check the operator’s timetable and last return before departure. Journey ranges are planning estimates and include walking/transfer allowance; long waits and heavy traffic can add time.",active,19
gimhae-airport-to-busan-premium-outlets,busan-premium-outlets,bus,Gimhae Airport → Busan Premium Outlets,Approx. 130–165 min,"Approx. KRW 4,000–6,500 (adult, one way)","Board 307 at Gimhae Airport; alight at Dongnae. Transfer: Board 3008 at Dongnae; alight at Busan Premium Outlets. Follow the pedestrian signs to the outlet entrance. This is a planning budget for the full route, not a guaranteed through fare. Payment method, distance supplements and transfer discounts affect the amount; airport/express tickets can be separate. Check the operator’s timetable and last return before departure. Journey ranges are planning estimates and include walking/transfer allowance; long waits and heavy traffic can add time.",active,20
kl-sentral-to-genting-highlands-premium-outlets,genting-highlands-premium-outlets,bus,KL Sentral — Lower Ground Floor bus counter → Awana Bus Terminal,Approx. 60–90 min,"MYR 10 (adult, one way)",Board Genting Express at KL Sentral — Lower Ground Floor bus counter; alight at Awana Bus Terminal. Follow the pedestrian signs to the outlet entrance. Walk from Awana Bus Terminal to the outlet in the same mid-hill complex. A cable-car ticket is not needed for this visit. Check the operator’s timetable and last return before departure. Journey ranges are planning estimates and include walking/transfer allowance; long waits and heavy traffic can add time.,active,21
klia-to-genting-highlands-premium-outlets,genting-highlands-premium-outlets,bus,KLIA Terminal 1 / Terminal 2 bus counter → Awana Bus Terminal,Approx. 120–180 min,"MYR 35 (adult, one way)",Board Genting Express at KLIA Terminal 1 / Terminal 2 bus counter; alight at Awana Bus Terminal. Follow the pedestrian signs to the outlet entrance. Walk from Awana Bus Terminal to the outlet in the same mid-hill complex. A cable-car ticket is not needed for this visit. Check the operator’s timetable and last return before departure. Journey ranges are planning estimates and include walking/transfer allowance; long waits and heavy traffic can add time.,active,22
kuala-lumpur-to-genting-highlands-premium-outlets-taxi,genting-highlands-premium-outlets,taxi,Kuala Lumpur city centre → Genting Highlands Premium Outlets — Awana,Approx. 45–90 min,"Approx. MYR 90–150 (per vehicle, one way)","Board Taxi / ride-hailing at Kuala Lumpur city centre; alight at Genting Highlands Premium Outlets — Awana. Follow the pedestrian signs to the outlet entrance. Indicative price per vehicle; tolls, waiting and surge pricing may be extra. Obtain a confirmed quote before boarding. Check the operator’s timetable and last return before departure. Journey ranges are planning estimates and include walking/transfer allowance; long waits and heavy traffic can add time.",active,23
narita-airport-to-shisui-premium-outlets-direct-bus,shisui-premium-outlets,bus,Narita International Airport to Shisui Premium Outlets by direct bus,Approx. 15–20 min,JPY 500 one way adult,"At Narita Airport Terminal 2, use the 1F No.3 bus stop; at Terminal 1, use the 1F No.30 bus stop. Board the direct bus for Shisui Premium Outlets. Pay JPY 500 one way; contactless credit-card payment is available on the official service. Ride approximately 20 minutes directly to Shisui Premium Outlets. Confirm the current timetable before travel because seats cannot be reserved.",active,1
tokyo-station-to-shisui-premium-outlets-direct-bus,shisui-premium-outlets,bus,Tokyo Station to Shisui Premium Outlets by direct bus,Approx. 50 min; traffic may affect travel time,"JPY 1,300 one way adult","Go to Bus Terminal Tokyo Yaesu, bus stop A02. Board the direct bus for Shisui Premium Outlets. Pay JPY 1,300 one way adult fare. Ride approximately 50 minutes directly to the outlet. Confirm the current timetable before travel because seats cannot be reserved.",active,2
sannomiya-to-kobe-sanda-premium-outlets-direct-bus,kobe-sanda-premium-outlets,bus,Sannomiya Station to Kobe-Sanda Premium Outlets by direct Shinki Bus,Approx. 50 min; some services may take longer,JPY 700 one way adult; JPY 350 child,Go to Shinki Bus Kobe-Sannomiya Bus Terminal. Board the direct Shinki Bus for Kobe-Sanda Premium Outlets. Pay JPY 700 one way for an adult or JPY 350 for a child. Ride approximately 50 minutes; some services may operate via intermediate points. Alight at Kobe-Sanda Premium Outlets and confirm the current return timetable before shopping.,active,3
kansai-airport-to-kobe-sanda-premium-outlets-bus,kobe-sanda-premium-outlets,bus,Kansai International Airport to Kobe-Sanda Premium Outlets via Kobe Sannomiya,Approx. 2 hr - 2 hr 20 min including transfer; traffic and connection time vary,"Approx. JPY 2,900 one way adult","At Kansai International Airport, board the Airport Limousine Bus for Kobe Sannomiya. The airport limousine segment takes approximately 65 minutes and costs JPY 2,200 one way adult. At Kobe Sannomiya, transfer to the Shinki Bus for Kobe-Sanda Premium Outlets. The outlet bus takes approximately 50 minutes and costs JPY 700 one way adult. Allow transfer time and confirm both current timetables before travel.",active,4
tokyo-station-to-sano-premium-outlets-direct-bus,sano-premium-outlets,bus,Tokyo Station to Sano Premium Outlets by direct Marronnier highway bus,Approx. 90 min; traffic may affect travel time,"JPY 1,600 one way adult","Go to the JR highway-bus boarding area at Tokyo Station Yaesu South Exit. Board the Marronnier Tokyo highway bus for Sano Shintoshin Bus Terminal. Pay JPY 1,600 one way adult fare. Ride approximately 90 minutes to Sano Shintoshin Bus Terminal; traffic may affect travel time. From the bus terminal, walk approximately 3 minutes to Sano Premium Outlets.",active,5
haneda-airport-to-sano-premium-outlets-direct-bus,sano-premium-outlets,bus,Haneda Airport to Sano Premium Outlets by direct Marronnier airport bus,"Approx. 2 hr; service, terminal and traffic conditions may vary","JPY 4,600 one way adult; JPY 2,300 child","At Haneda Airport, use the current Marronnier airport-bus boarding point for your terminal. Board the direct Kanto Bus / Airport Limousine service for Sano Shintoshin Bus Terminal. Pay JPY 4,600 one way for an adult or JPY 2,300 for a child. Allow approximately 2 hours; scheduled journey time varies by terminal and service and traffic may cause delays. Alight at Sano Shintoshin Bus Terminal and walk approximately 3 minutes to Sano Premium Outlets.",active,6
rinku-premium-outlets-rinku-town-walk,rinku-premium-outlets,walk,Walk from Rinku Town Station,Approx. 6–10 min,Free,Follow pedestrian signs from Rinku Town Station. Walking time varies with the entrance used and luggage.,active,1
rinku-premium-outlets-kansai-airport-train,rinku-premium-outlets,train,Train from Kansai International Airport to Rinku Town,Approx. 5–10 min on a direct local/airport service; timetable varies,Approximately JPY 370 one way; confirm the current fare,"Take a train that stops at Rinku Town, then walk to the outlet. Confirm the operator, stopping pattern, fare and timetable on the travel day.",active,2
rinku-premium-outlets-car,rinku-premium-outlets,car,Car / On-site Parking,Varies by origin and traffic,"Parking charges, tolls, fuel and rental costs vary",On-site parking is available. Confirm current parking charges and busy-period arrangements; airport and coastal-road traffic can affect travel time.,active,3
gotemba-premium-outlets-tokyo-bus,gotemba-premium-outlets,bus,Direct highway bus from Tokyo Station,Approx. 1 hr 40 min; timetable and traffic vary,"JPY 1,900–2,200 one way when booked in advance depending on day/service; same-day purchase +JPY 100; onboard fare JPY 2,500","Depart from Tokyo Station Yaesu South Exit. This is a direct service; advance reservation is recommended. Weekend, holiday and specific-day pricing differs.",active,1
gotemba-premium-outlets-shinjuku-bus,gotemba-premium-outlets,bus,Direct highway bus from Shinjuku,Approx. 1 hr 40–1 hr 50 min; timetable and traffic vary,"JPY 1,900–2,200 one way on JR Bus depending on day/service; Odakyu Bus JPY 2,000 one way; same-day/onboard conditions vary",Depart from Shinjuku Highway Bus Terminal. No transfer is required; advance reservation is recommended.,active,2
gotemba-premium-outlets-jr-gotemba-shuttle,gotemba-premium-outlets,shuttle,Free shuttle from JR Gotemba Station,Approx. 10–20 min; traffic varies,Free,"From Otomeguchi Exit, normal departures are at :00, :15, :30 and :45. Travel is about 5–10 min to Tomei Gotemba IC plus 5–10 min onward. Outlet returns depart at :10, :25, :40 and :55; confirm the day's first and last buses.",active,3
gotemba-premium-outlets-car,gotemba-premium-outlets,car,Car / Free Parking,Varies by origin and traffic,"Parking is free; tolls, fuel and rental costs vary","Parking is officially free. Overflow/off-site parking may be used on weekends, holidays and crowded days. Traffic can be heavy during sales and peak periods.",active,4
mitsui-outlet-park-kisarazu-tokyo-bus,mitsui-outlet-park-kisarazu,bus,Direct express bus from Tokyo Station,Approx. 50 min; traffic varies,"JPY 1,500 one way adult; JPY 750 child","Use the direct bus between Bus Terminal Tokyo Yaesu / Tokyo Station Yaesu area and Mitsui Outlet Park Kisarazu. Current fare is JPY 1,500 adult / JPY 750 child. Traffic on the Tokyo Bay Aqua-Line can affect journey time.",active,1
mitsui-outlet-park-kisarazu-shinjuku-bus,mitsui-outlet-park-kisarazu,bus,Direct express bus from Shinjuku,Approx. 62 min; traffic varies,"JPY 1,600 one way adult; JPY 800 child",Use the direct service from Busta Shinjuku / Shinjuku Expressway Bus Terminal. Traffic can affect travel time.,active,2
mitsui-outlet-park-kisarazu-haneda-bus,mitsui-outlet-park-kisarazu,bus,Direct airport bus from Haneda Airport,Approx. 25–40 min depending on terminal/service; traffic varies,"JPY 1,400 one way adult; JPY 700 child","Direct Keikyu/Kominato airport-bus service. Terminal-specific journey time varies: roughly 25 minutes from Terminal 1, 30 minutes from Terminal 2 and 40 minutes from Terminal 3 on representative services.",active,3
mitsui-outlet-park-kisarazu-sodegaura-bus,mitsui-outlet-park-kisarazu,bus,Local bus from JR Sodegaura Station,Approx. 10 min; traffic varies,JPY 200 cash / JPY 199 IC one way adult,Use the local bus from Sodegaura Station North Exit. PASMO/Suica-compatible IC fare is currently JPY 199; cash fare JPY 200.,active,4
mitsui-outlet-park-kisarazu-kisarazu-station-bus,mitsui-outlet-park-kisarazu,bus,Local bus from JR Kisarazu Station,Approx. 20 min; traffic varies,JPY 360 cash / JPY 356 IC one way adult,Use the local bus from Kisarazu Station West Exit. PASMO/Suica-compatible IC fare is currently JPY 356; cash fare JPY 360.,active,5
mitsui-outlet-park-kisarazu-car,mitsui-outlet-park-kisarazu,car,Car / Free Parking,Varies by origin and traffic,"Parking is free; expressway tolls, fuel and rental costs vary",The outlet is approximately 1 km from Kisarazu Kaneda IC on the Tokyo Bay Aqua-Line and about 4.5 km from Sodegaura IC from the Chiba side. Aqua-Line congestion can materially affect travel time.,active,6
shanghai-village-metro,shanghai-village,metro,Metro Line 11 + Resort Shuttle Bus 1,Origin dependent,Origin dependent,Use Exit 4 at Disney Resort Station.,active,1
shanghai-village-taxi,shanghai-village,taxi,Central Shanghai taxi / ride-hailing,Approx. 45 min,Metered/app fare,Set 88 Shendi East Road as the destination.,active,2
shanghai-village-pvg,shanghai-village,taxi,PVG taxi / ride-hailing,Approx. 20 min,Metered/app fare,Traffic affects time and fare.,active,3
barberino-car,barberino,car,Car via A1 motorway,≈30–40 min from Florence by car,Varies by route and provider,Official directions list A1 motorway access at the Barberino exit; keep traffic-dependent car timing as an estimate and use the official route link before departure.,active,1
barberino-parking,barberino,car,Free parking at the outlet,On site,Free parking,Official McArthurGlen services list free parking at Barberino Designer Outlet; follow centre signage on arrival.,active,2
barberino-shuttle,barberino,bus,Shuttle from Firenze Santa Maria Novella,30 min from Firenze Santa Maria Novella,From €13 one-way; check official ticket details,"Official Barberino and Trenitalia Outlet Link information lists a non-stop 30-minute shuttle from Firenze Santa Maria Novella, with three daily round trips; verify the current seasonal departures before travel.",active,3
barberino-train-shuttle,barberino,train,Train to Firenze SMN + outlet shuttle,Train to Firenze SMN + 30 min Outlet Link bus,Check Trenitalia combined ticket,"Trenitalia officially sells Barberino Outlet Link as a train plus non-stop bus connection from Firenze Santa Maria Novella; fare varies by rail origin, so price the combined ticket in Trenitalia channels.",active,4
barberino-private-transfer,barberino,taxi,Private transfer from hotel,≈30–45 min from Florence (estimated),Confirm with Infopoint,Official information lists hotel pick-up private transfer reservations through the outlet Infopoint; confirm availability before travel.,active,5
barberino-airport,barberino,airport,Florence Airport via Florence SMN shuttle,≈15-25 min airport to Firenze SMN + 30 min outlet shuttle (estimated),Airport tram/bus fare + official shuttle fare,"Use official Florence Airport ground transport to reach Firenze Santa Maria Novella, then use the official Barberino shuttle/Outlet Link; no dedicated airport-to-outlet shuttle is published.",active,6
castel-romano-car,castel-romano,car,Car from Rome,About 30 min from Rome,Varies by route and provider,Official McArthurGlen information positions Castel Romano Designer Outlet about 30 minutes from Rome; follow official directions to Via Ponte di Piscina Cupa.,active,1
castel-romano-parking,castel-romano,car,Free parking at the outlet,On site,Free parking,Official services list free parking at Castel Romano Designer Outlet; follow parking signage on arrival.,active,2
castel-romano-shuttle,castel-romano,bus,Shuttle from Termini or EUR Fermi,"Termini departures 09:30, 10:30, 11:30, 12:30; EUR Fermi departures 10:00, 11:00, 12:00, 13:00",€18 return from Termini or €13 return from EUR Fermi; free under 10,"Official McArthurGlen/Cilia shuttle information lists daily departures from Termini and EUR Fermi, with return departures from Castel Romano from 16:30; verify same-day service on the official page.",active,3
castel-romano-train-bus,castel-romano,train,Trenitalia train + bus Outlet Link,≈30–45 min bus segment from Roma Termini (estimated),Check Trenitalia combined fare,"Trenitalia officially lists Castel Romano Designer Outlet Link as a train plus bus service from Roma Termini, with buses departing from Via Giolitti 48.",active,4
castel-romano-airport,castel-romano,airport,Rome airports via Termini/EUR or road transfer,≈25-40 min by car from Fiumicino or Ciampino; airport rail/bus + outlet shuttle via Rome (estimated),Confirm airport train/bus plus outlet shuttle or taxi fare,"Use official Rome airport ground transport to reach Termini/EUR for the official outlet shuttle, or book an airport taxi/transfer; no dedicated airport-to-outlet shuttle is published.",active,5
fidenza-coach,fidenza-village,bus,Coach service from Milan,1 hr 30 min from Milan Piazza della Repubblica,€10 adult; €5 children 5–11; free infants 0–4,"The official Shopping Express page lists a 9:45 departure from Milan and 11:15 arrival at Fidenza Village, returning 17:00 to 18:30; book on the official channel.",active,1
fidenza-car,fidenza-village,car,Car via A1 motorway,About 60 min from Milan or Bologna; about 20 min from Parma,Varies by route and provider,"Official destination information places Fidenza Village near the A1 Milan-Bologna motorway at Fidenza/Salsomaggiore Terme, with access from Milan, Bologna and Parma.",active,2
fidenza-parking,fidenza-village,car,On-site parking,On site,Free parking,Use the official Village directions and on-site signage for the complimentary parking areas; confirm any special parking arrangements with Guest Services.,active,3
fidenza-train,fidenza-village,train,Train to Fidenza station + local transfer,≈60–90 min from Milan or Bologna by rail; last-mile transfer varies (estimated),Check official Trenitalia fare; last-mile fare varies,"Use official Trenitalia services to Fidenza station, then confirm the current local bus, taxi or Village transfer option with official local transport or Concierge before travelling.",active,4
fidenza-private-transfer,fidenza-village,taxi,Private chauffeur transfer,≈60 min from Milan or Bologna (estimated),Confirm with Concierge,Fidenza Village officially offers chauffeur booking via Concierge with at least 24 hours' notice; provide transfer details when reserving.,active,5
fidenza-airport,fidenza-village,airport,Milan/Bologna airports by car or rail + coach,"≈60-90 min by car from Milan Linate, Malpensa or Bologna airports (estimated)","Confirm airport rail, coach, taxi or transfer fare",Use official airport ground transport to reach Milan for the official Shopping Express or continue by rail/car; no dedicated airport-to-village shuttle is published.,active,6
la-reggia-car,la-reggia,car,Car via A1 Caserta Sud,≈20–30 min from Naples; ≈15 min from Caserta,Varies by route and provider,Official McArthurGlen information says La Reggia is adjacent to the A1 motorway at Caserta Sud and about 20 minutes from Naples; check traffic before departure.,active,1
la-reggia-parking,la-reggia,car,Free parking at the outlet,On site,Free parking,"Official services list more than 3,000 free parking spaces at La Reggia Designer Outlet.",active,2
la-reggia-public-transport,la-reggia,bus,Public transport via Naples or Caserta,≈35–50 min from Naples; ≈20–30 min from Caserta (estimated),≈€3–8 (estimated),McArthurGlen lists public transport for La Reggia but does not publish current route details or fares on the access page; use the official local transport provider timetable before travelling.,active,3
la-reggia-shuttle,la-reggia,shuttle,Shuttle service from Naples,Naples departures around 10:00 and 15:30 by stop; return about 19:00,Confirm with official booking provider,"McArthurGlen's access page lists a Naples shuttle service; current booking pages list Naples pickup points including Municipio, Piazza Vittoria, Molo Beverello and Naples Central Station. Confirm times, fare and operating dates before travel.",active,4
la-reggia-train-bus,la-reggia,train,Train to Caserta + official outlet bus link,≈75–90 min from Naples by train + bus (estimated),Check Trenitalia/official local transport fare,Use official rail to Caserta and the officially referenced public-transport/Outlet Link connection toward La Reggia; verify current bus departures and ticketing before travel.,active,5
la-reggia-airport,la-reggia,airport,Naples Airport road transfer or city connection,≈20-35 min by car from Naples Airport (estimated),"Confirm airport taxi, rental-car or transfer fare","Use official Naples Airport ground transport for taxi, rental car or bus into Naples before onward outlet transport; no dedicated airport-to-outlet shuttle is published.",active,6
noventa-car,noventa,car,Car to Noventa di Piave,30 min from Venice by car,Varies by route and provider,Use the official McArthurGlen directions for Noventa di Piave Designer Outlet and confirm traffic conditions before leaving Venice or nearby airports.,active,1
noventa-parking,noventa,car,Outlet parking,On site,Free parking,Official outlet information lists parking and may announce extra parking with free shuttle during busy dates; check the official plan-your-visit page before travel.,active,2
noventa-atvo-bus,noventa,bus,ATVO direct bus from Venice and Mestre,90 min from Venice Piazzale Roma; 75 min from Mestre,€9.20 return; free under 6,"ATVO and McArthurGlen officially list direct Venice, Mestre and airport buses to Noventa di Piave Designer Outlet with a published return fare; check the current ATVO timetable before travel.",active,3
noventa-train-bus,noventa,train,Train to Venezia Mestre + ATVO/Outlet Link bus,Train to Mestre + under 1 hr bus to the outlet,Check Trenitalia combined fare or ATVO fare,Trenitalia officially sells Noventa di Piave Designer Outlet Link as train plus bus via Venezia Mestre; ATVO also lists Mestre Railway Station as a direct-bus stop. Verify the current timetable before travel.,active,4
noventa-airport-bus,noventa,bus,ATVO airport connection,55 min from Venice Marco Polo Airport,€9.20 return on outlet service; confirm airport fare rules with ATVO,"ATVO official outlet service information lists Marco Polo Airport as an intermediate stop; confirm current airport stops, times and ticket validity with ATVO.",active,5
noventa-airport,noventa,airport,Venice Marco Polo / Treviso airport ATVO access,≈30-45 min from Venice Marco Polo or Treviso Airport by car; ATVO bus check official timetable,Check official ATVO fare or airport taxi/transfer fare,"ATVO and the outlet officially list airport bus access serving Noventa di Piave; verify current airport stop, dates and timetable before travel.",active,6
serravalle-car,serravalle-designer-outlet,car,"Car from Milan, Genoa or Turin","About 1 hr from Milan, 45 min from Genoa, under 90 min from Turin",Varies by route and provider,"Official McArthurGlen directions list convenient road access from Milan, Genoa and Turin; check traffic and route conditions before departure.",active,1
serravalle-parking,serravalle-designer-outlet,car,Free parking at the outlet,On site,Free parking,Official services list free parking at Serravalle Designer Outlet; follow outlet parking signage on arrival.,active,2
serravalle-shuttle,serravalle-designer-outlet,shuttle,Daily shuttle from Milan,≈90 min from Milan by official coach (estimated),€25 return; €10 children 4–12; free under 4,"Official McArthurGlen Bus Connection information lists daily Zani Viaggi and Frigerio Viaggi departures from Milan Centrale, Cairoli, Brera, Cadorna, Buenos Aires and Navigli, with the published return fare; book through the official partner link and confirm the selected departure.",active,3
serravalle-genoa-bus,serravalle-designer-outlet,bus,FlixBus from Genoa,≈35–50 min from Genoa (estimated),≈€8–15 (estimated),"Official McArthurGlen Bus Connection information lists daily FlixBus services from Genova Fanti d’Italia to Serravalle; fare varies by travel date, so book and verify the exact stop with FlixBus.",active,4
serravalle-train-bus,serravalle-designer-outlet,train,Trenitalia train + Outlet Link bus,≈90–120 min from Milan depending on connection (estimated),Check Trenitalia combined fare,"McArthurGlen lists the Trenitalia Serravalle Designer Outlet LINK as a combined train plus bus ticket from Serravalle Scrivia, Arquata Scrivia and Novi Ligure stations; select 'Serravalle Outlet' in Trenitalia channels for the current combined itinerary.",active,5
serravalle-airports,serravalle-designer-outlet,airport,Nearby airports by car or transfer,≈60–90 min from Milan airports or Genoa Airport (estimated),Confirm with provider,"Official McArthurGlen plan-your-visit information flags nearby airports and private transfer options, but does not publish airport transfer fares; confirm pickup point, price and timing with the chosen provider.",active,6
firenze-car,the-mall-firenze,car,Car via A1 Incisa-Reggello,≈30–45 min from Florence by car,Varies by route and provider,"The Mall Firenze official visit page lists Via Europa 8, Leccio Reggello, and directions to leave the motorway at Incisa-Reggello; check traffic before departure.",active,1
firenze-parking,the-mall-firenze,car,On-site parking,On site,Free parking,The Mall Firenze official visit page lists the outlet address and Google directions; use on-site signage for the customer parking areas when arriving by car.,active,2
firenze-direct-bus,the-mall-firenze,bus,The Mall by Bus from Florence,≈50–60 min from Florence (estimated),€9.50 one-way or €18 return,"Busitalia officially operates The Mall by Bus from Piazzale Montelungo near Firenze Santa Maria Novella to The Mall Firenze, with published fares and same-day return validity; confirm the current timetable before travel.",active,3
firenze-train-taxi,the-mall-firenze,train,Train to Rignano sull'Arno-Reggello + taxi,≈35–50 min train and taxi from Florence (estimated),≈€8–15 (estimated),"Use official Trenitalia services from Firenze Santa Maria Novella to Rignano sull'Arno-Reggello, then a short local taxi or arranged transfer to The Mall Firenze; confirm taxi availability for the last-mile segment.",active,4
firenze-airport,the-mall-firenze,airport,Florence Airport by car or taxi,≈35–50 min from Florence Airport (estimated),Confirm with provider,The Mall Firenze travel guide places Florence Airport about 45 km from the outlet; use the airport's official taxi or transfer providers and confirm the fare before departure.,active,5
valdichiana-village-car-parking,valdichiana-village,car,Car to Foiano della Chiana,≈60–75 min from Florence; ≈35–45 min from Arezzo (estimated),Parking available; fuel and tolls vary,"Official Valdichiana Designer Village information lists the centre at Via Enzo Ferrari 5, Foiano della Chiana; use the official directions link and local signage for parking.",active,1
valdichiana-village-train-bus,valdichiana-village,train,Train to Arezzo + LS5 bus,50 min bus from Arezzo Terminal Tiemme to Valdichiana Designer Village,Check Trenitalia and Autolinee Toscane fares,"Official directions list train access to Arezzo station, then Tiemme/Autolinee Toscane LS5 bus from Arezzo Terminal to Valdichiana Designer Village.",active,2
valdichiana-village-bus,valdichiana-village,bus,Autolinee Toscane LS5 bus,50 min from Arezzo Terminal Tiemme,Check Autolinee Toscane fare,Official directions identify LS5 Arezzo-Foiano-Bettolle as the public bus route serving Valdichiana Designer Village; verify current departure times before travelling.,active,3
valdichiana-village-airports,valdichiana-village,airport,Florence or Perugia airport access,≈70–90 min from Florence Airport; ≈60–80 min from Perugia Airport (estimated),"Confirm rental car, taxi or transfer fare","Use official airport ground transport or rental car channels, then drive to Foiano della Chiana; no official dedicated airport shuttle is published on the outlet directions page.",active,4
palmanova-car-parking,palmanova-designer-village,car,Car via A4 Palmanova exit,25 min from Udine; ≈35-45 min from Trieste; ≈75-90 min from Venice (estimated),Parking available; fuel and tolls vary,"The official directions page says Palmanova Designer Village is just 25 minutes from Udine and sits near the A4 Palmanova exit linking Venice, Trieste and Austria.",active,1
palmanova-train-cervignano,palmanova-designer-village,train,Train to Cervignano-Aquileia-Grado + taxi/car,Train varies + 13 min / 12 km by car from station,Check Trenitalia fare; taxi/transfer extra,"The official directions page lists public transport by train to Cervignano-Aquileia-Grado station, then continuing 12 km / 13 minutes by car to the Village; verify Trenitalia times before travel.",active,2
palmanova-bus-fvg,palmanova-designer-village,bus,TPL FVG regional bus toward Palmanova/Aiello del Friuli,Regional bus times vary; plan with TPL FVG,Check official TPL FVG fare,"Use official TPL FVG journey planning for regional buses serving Palmanova or Aiello del Friuli, then complete the last mile by local taxi or on foot where practical; services vary by route and day.",active,3
palmanova-airports,palmanova-designer-village,airport,Trieste or Venice airport access,≈20-30 min from Trieste Airport; ≈75-90 min from Venice Airport by car (estimated),"Confirm with airport taxi, rental-car or transfer provider","Use official Trieste Airport or Venice Airport ground-transport channels for rental cars, taxis or transfers; no official dedicated outlet airport shuttle is published.",active,4
franciacorta-car,franciacorta-designer-village,car,Car to Rodengo Saiano,≈15-25 min from Brescia; traffic varies,"Fuel, tolls and provider costs vary","Use the official Franciacorta Designer Village directions to Via del Borgo 1, Rodengo Saiano; check traffic before travel.",active,1
franciacorta-parking,franciacorta-designer-village,car,On-site parking,On site,Check centre parking information,Arrive by car using the official Village directions and follow on-site parking signage; confirm any parking restrictions on the official page before travel.,active,2
franciacorta-train-brescia,franciacorta-designer-village,train,Train to Brescia + LS029 bus,"46 min from Milano Centrale or 30 min from Verona Porta Nuova to Brescia, then 25 min by bus",Check official Trenitalia and bus fares,"The official directions page lists trains to Brescia from Milano Centrale, Verona Porta Nuova and Iseo, then bus line LS029 from Brescia SIA Station; verify current timetables before travel.",active,3
franciacorta-bus-ls029,franciacorta-designer-village,bus,Brescia SIA Station bus LS029,25 min from Brescia SIA Station,Check official bus fare,Use the officially listed LS029 Brescia - Ome - Monticelli - Brusati bus from Brescia SIA Station; check operator timetable and stop details before travel.,active,4
franciacorta-airport,franciacorta-designer-village,airport,"Bergamo, Milan or Verona airport access",Airport rail/bus via Brescia or road transfer; timing varies,"Check official airport, rail, bus or transfer fare","Use official airport ground transport to reach Brescia/Milan/Verona rail or bus connections, then continue with the official train plus LS029 route; no dedicated airport-to-village shuttle was verified.",active,5
mantova-car,mantova-village,car,Car via SP 413 or A22,13 km / 15 min from Mantova station without traffic; 48 km / 31 min from Verona Porta Nuova without traffic,"Fuel, tolls and provider costs vary",Official Mantova Village directions list SP 413 from Mantova and the A22 toll motorway from Verona; check traffic before departure.,active,1
mantova-parking,mantova-village,car,Village parking,On site,Check centre parking information,Use official Mantova Village directions to arrive by car and follow on-site parking signage; confirm parking details with the centre before travel.,active,2
mantova-train-car,mantova-village,train,Train to Mantova or Verona + road transfer,Train varies + 13 km from Mantova station or 48 km from Verona Porta Nuova,Check Trenitalia fare; taxi/car cost varies,"The official directions page lists Trenitalia to Mantova station or Verona Porta Nuova, then continuing by SP 413/A22 by car or taxi; verify rail and transfer availability before travel.",active,3
mantova-train-bus,mantova-village,bus,Train + Bus from Mantova station,Check official APAM/rail timetable,Check official APAM and Trenitalia fares,"Mantova Village's official page includes a Train + Bus option from Mantova station; use official APAM and Trenitalia timetables for current lines, times and fares before travel.",active,4
mantova-airport,mantova-village,airport,Verona Airport via Verona or road transfer,Airport bus/rail via Verona + road transfer; timing varies,"Check official airport, rail, bus or transfer fare","Use official Verona Airport ground transport toward Verona Porta Nuova, then continue by the official Mantova Village Verona route; no dedicated airport-to-village shuttle was verified.",active,5
valmontone-outlet-car,valmontone-outlet,car,Car via A1 Valmontone or Colleferro,Check live traffic,"Fuel, tolls and provider costs vary","Official Valmontone Outlet directions say to take the A1 south from Rome and exit at Valmontone, or take the A1 north from Naples and exit at Colleferro, then continue to Via della Pace.",active,1
valmontone-outlet-shuttle,valmontone-outlet,shuttle,Valmontone station shuttle,"Station departures 11:15, 14:00 and 16:40; outlet returns 14:15, 17:00 and 19:15",€1.50,"Official Valmontone Outlet Link information lists the shuttle from Valmontone train station to the outlet, available Wednesday through Sunday and on holidays; verify current service before travel.",active,2
valmontone-outlet-train-shuttle,valmontone-outlet,train,Train to Valmontone + outlet shuttle,Train to Valmontone station + official shuttle,Check Trenitalia fare plus €1.50 shuttle unless included in a combined ticket,Official Valmontone Outlet information references a Trenitalia partnership and combined train plus shuttle ticket for travel to Valmontone station and onward outlet shuttle.,active,3
cilento-outlet-village-car,cilento-outlet-village,car,Car via Battipaglia exit / SS18,20 minutes by car from the Amalfi Coast area,"Fuel, tolls and provider costs vary","Official Cilento Outlet directions list the Salerno-Reggio Calabria motorway, Battipaglia exit, and SS18 Salerno-Paestum km 79+250 at San Nicola Varco, Eboli.",active,1
cilento-outlet-village-parking,cilento-outlet-village,car,Outlet parking,On site,Check centre parking information,"Official Cilento Outlet centre information says the outlet has over 4,500 parking spaces and comfortable areas reserved for tourist buses.",active,2
cilento-outlet-village-train,cilento-outlet-village,train,Train to Battipaglia station,Battipaglia station is 10 km from the Village,Check official rail fare; onward transport extra,"Official Cilento Outlet directions list Battipaglia station as 10 km from the Village; arrange onward official taxi, local transport or pickup before travelling.",active,3
cilento-outlet-village-airport,cilento-outlet-village,airport,Naples Capodichino Airport,Naples Capodichino Airport is 90 km from the Village,"Confirm airport ground transport, rental-car, taxi or transfer fare",Official Cilento Outlet directions list Naples Capodichino Airport as 90 km from the Village; no dedicated airport shuttle was verified.,active,4
santangelo-outlet-village-car,santangelo-outlet-village,car,Car via Pescara Nord exit,Check live traffic,"Fuel, tolls and provider costs vary","Official Santangelo Outlet Village directions list motorway access via A24, A25 and A14 with the Pescara Nord exit.",active,1
santangelo-outlet-village-train,santangelo-outlet-village,train,Train to Pescara Centrale,15 minutes from Pescara Centrale station,Check official Trenitalia fare; onward transport extra,"Official Santangelo Outlet Village directions list Pescara Centrale station and link to Trenitalia, with the outlet 15 minutes from the station.",active,2
santangelo-outlet-village-bus,santangelo-outlet-village,bus,Pescara - Città Sant'Angelo line,Check official TUA Abruzzo timetable,Check official bus fare,"Official Santangelo Outlet Village directions link to TUA Abruzzo timetables for the Pescara - Città Sant'Angelo line; verify the current route, stop and fare before travel.",active,3
santangelo-outlet-village-airport-pescara,santangelo-outlet-village,airport,Pescara or Ancona airport access,15 minutes from Pescara Airport; 60 minutes from Ancona Airport,"Confirm airport ground transport, rental-car, taxi or transfer fare","Official Santangelo Outlet Village directions list Pescara Airport 15 minutes away and Ancona Airport 60 minutes away, with links to the official airport sites.",active,4
vicolungo-car-parking,vicolungo-the-style-outlets,car,By Car / Parking,Use A4/A26 Biandrate-Vicolungo area,Check official parking information,The official outlet page lists car access to Piazza S. Caterina / Via Papa Giovanni XXIII. Follow official directions and check current parking information before travel.,active,1
vicolungo-cavourese-shuttle,vicolungo-the-style-outlets,shuttle,Cavourese shuttle from Milan / Novara,Check official Cavourese timetable,Check official Cavourese fare,Official operator Cavourese publishes Vicolungo Outlet Bus service from Milan and Novara on selected days. Book ahead and check the official timetable/fare before travel.,active,2
vicolungo-airport-malpensa,vicolungo-the-style-outlets,airport,Milan Malpensa Airport,About 33 km by road,Check onward transport fare,"Milan Malpensa is the nearest major airport listed for this outlet; continue by car, taxi/confirmed transfer, or official rail/bus via Novara/Milan. No dedicated airport shuttle was verified.",active,3
castel-guelfo-car-parking,castel-guelfo-the-style-outlets,car,By Car / Parking,A14 exit Castel San Pietro Terme,Check official parking information,"The official outlet pages list Via del Commercio 4/2 and A14 Bologna-Ancona, exit Castel San Pietro Terme. Follow official directions and check current parking information before travel.",active,1
castel-guelfo-train-shuttle,castel-guelfo-the-style-outlets,train,Train to Castel San Pietro Terme + shuttle,Check Trenitalia and shuttle timetable,Check official train fare; shuttle terms may vary,"Use Trenitalia to Castel San Pietro Terme, then only use a current official outlet/operator shuttle if published for your travel date. Check official timetable/fare before travel.",active,2
castel-guelfo-bus-205,castel-guelfo-the-style-outlets,bus,TPER regional bus,Check official TPER timetable,Check official TPER fare,"Use official TPER journey planning for buses serving the Castel Guelfo outlet area; verify the route, stop, timetable, and fare before travel.",active,3
castel-guelfo-airport-bologna,castel-guelfo-the-style-outlets,airport,Bologna Airport,About 35 km by road,Check onward transport fare,"From Bologna Airport, continue by car, taxi/confirmed transfer, or official public transport via Bologna and Castel San Pietro Terme. No dedicated airport shuttle was verified.",active,4
puglia-village-car-parking,puglia-village,car,Car to Molfetta / on-site parking,SS16 from Bari Airport: 21 min without traffic,"Parking available; fuel, tolls and provider costs vary","The official Puglia Village directions list Via dei Portuali 12 in Molfetta, Bari Airport via SS16, and parking areas A-B-C-D-E-F; follow official directions and on-site signage.",active,1
puglia-village-train-bus,puglia-village,train,Train to Molfetta + local bus,16-30 min train from Bari Centrale + 33 min bus without traffic,Check official Trenitalia and MTM Molfetta fares,"Official directions list Trenitalia from Bari Centrale to Molfetta station, then MTM Molfetta Line 4 or Line 6 from Molfetta station to Puglia Village; verify current timetables before travel.",active,2
puglia-village-shuttle-bari,puglia-village,shuttle,Shuttle bus from Bari,Check official shuttle timetable,Check official booking terms,"Puglia Village officially lists shuttle bus stops at Bari Central Station, Corso Vittorio Emanuele II and the Port of Bari; use the official timetable link before travelling.",active,3
puglia-village-taxi,puglia-village,taxi,Taxi booking via Info Point,Timing varies by pickup point,Confirm fare with provider,The official Puglia Village page says the Info Point can help with directions or taxi booking; contact the centre before travel for current availability.,active,4
puglia-village-airport-bari,puglia-village,airport,Bari Airport by road,21 min without traffic via SS16 from Bari Airport,"Confirm airport taxi, rental-car or transfer fare",Official directions list Bari Airport 27 km away and SS16 road access to Puglia Village; use official airport ground transport or rental car channels.,active,5
sicilia-outlet-village-car-parking,sicilia-outlet-village,car,Car via A19 Dittaino-Outlet exit,30 min from Catania or Enna; 70 min from Palermo or Taormina,Large free parking available; fuel and tolls vary,The official find-us page places the Village on the A19 Palermo-Catania highway at the Dittaino-Outlet exit and lists large free visitor parking.,active,1
sicilia-outlet-village-bus,sicilia-outlet-village,bus,Public bus with Interbus or Sais Autolinee,Check official operator timetable,Check official Interbus or Sais fare,Sicilia Outlet Village officially points visitors to Interbus and Sais Autolinee for public-bus schedules and bookings; verify the current route and stop before travel.,active,2
sicilia-outlet-village-shuttle,sicilia-outlet-village,shuttle,Outlet shuttle from Sicily destinations,Weekly departures; timetable varies by route,Check official route booking page,"The official page lists shuttle routes from Palermo, Messina, the Taormina Coast and Cefalù with dedicated booking/timetable pages; book only after checking the official route page.",active,3
sicilia-outlet-village-taxi-transfer,sicilia-outlet-village,taxi,Taxi or private transfer,Timing varies by pickup point,Confirm fare with provider,"Sicilia Outlet Village officially says taxi or NCC private transfer can be booked from any location in Sicily, with Info Point assistance by email.",active,4
sicilia-outlet-village-airport,sicilia-outlet-village,airport,Catania or Palermo airport via Sais Autolinee,About 30 min from Catania Airport; about 70 min from Palermo Airport,Check official Sais Autolinee fare,The official find-us page states Catania and Palermo airports are connected to the Village by Sais Autolinee bus service; confirm airport stop and timetable before travel.,active,5
scalo-milano-car-parking,scalo-milano-outlet-more,car,Car or motorcycle from Milan,15 min from central Milan,Free covered and uncovered parking; fuel and provider costs vary,"Official Scalo Milano directions list Via Milano 5, Locate Triulzi, route via SS 412 Val Tidone, and large free covered and uncovered parking on arrival.",active,1
scalo-milano-shuttle,scalo-milano-outlet-more,shuttle,Shuttle bus from Milan,"Departures from Milan at 10:00, 14:45 and 17:30; returns at 13:30, 16:00 and 19:00",Free booking with current official promo code; verify terms,"Official Scalo Milano shuttle information lists stops at Piazza della Repubblica, Via Lorenzini/Fondazione Prada and Via Ripamonti/IEO; reserve on the official linked booking channel and verify current promo-code validity.",active,2
scalo-milano-train,scalo-milano-outlet-more,train,S13 train to Locate Triulzi,Station is a few steps from Gate 1,Check official rail fare,"The official directions page says Scalo Milano is served by Locate Triulzi station near Gate 1 on the Passante Ferroviario S13, with metro interchanges at Porta Venezia, Porta Garibaldi, Repubblica and Rogoredo.",active,3
scalo-milano-bus,scalo-milano-outlet-more,bus,ATM and regional buses,Check official operator timetable,Check official fare,Official Scalo Milano directions list ATM 220 Locate di Triulzi-Rozzano plus lines 94 Pavia-Milano Romolo and 155 San Zenone Po-Milano Famagosta; verify current stops and timetables before travel.,active,4
scalo-milano-airports,scalo-milano-outlet-more,airport,Malpensa or Linate airport by road,Timing varies by airport traffic,"Confirm airport taxi, rental-car or transfer fare",Official directions provide road routes from Malpensa and Linate airports via Milan's western ring road/A1 toward SS 412 Val Tidone and Locate Triulzi; no dedicated airport shuttle was verified.,active,5
torino-outlet-village-car,torino-outlet-village,car,Car via Turin-Milan highway,10 min from Turin city center; 50 min from West Milan,"Fuel, tolls and provider costs vary","Official directions place Torino Outlet Village near the Turin-Milan highway, with recommended exits Settimo Torinese (A5-A4) or Falchera-Abbadia di Stura (A55), at Via Torino 160-162.",active,1
torino-outlet-village-public-transport,torino-outlet-village,bus,Tram 4 + GTT bus SE1/SE2,Bus segment: 4 stops from Stura to Nervi,Check official GTT fare,"Official directions say to take Tram 4 toward Falchera to Stura Station, then GTT bus SE1 or SE2 from the terminus by the Stura multi-storey car park to Nervi.",active,2
torino-outlet-village-train-bus,torino-outlet-village,train,SFM train to Torino Stura + GTT bus,9 min train journey from listed Turin stations + 4 bus stops,Check official Trenitalia/Italo/SFM and GTT fares,"Official directions list SFM lines 1, 2, 4, 6 or 7 from Torino Lingotto, Porta Susa or Rebaudengo to Torino Stura, then GTT SE1 or SE2 to Nervi.",active,3
torino-outlet-village-airport-taxi,torino-outlet-village,airport,Turin Airport by taxi,About 15 min from Turin Airport,Confirm taxi fare with provider,The official find-us page states Turin Airport is linked to Torino Outlet Village by taxi service in about 15 minutes.,active,4
torino-outlet-village-private-transfer,torino-outlet-village,taxi,Private transfer on request,Timing varies by pickup point,Confirm with the outlet,Torino Outlet Village officially offers private transfer on request; contact the outlet email or phone number listed on the official find-us page for booking information.,active,5
mondovicino-outlet-village-car,mondovicino-outlet-village,car,Car via A6 Mondovì exit,A6 Torino-Savona exit Mondovì; timing varies by origin,"Fuel, tolls and provider costs vary","Official Mondovicino directions list A6 Torino-Savona exit Mondovì from Turin or Savona, SS28 from Cuneo, SP12 from the Langhe, and A10 then A6 from the Côte d'Azur.",active,1
mondovicino-outlet-village-train-bus,mondovicino-outlet-village,train,Train to Mondovì + urban circular bus,Check official urban circular timetable,Check official train and bus fares,Official Mondovicino directions say the outlet is connected to Mondovì railway station by the urban circular transport system and link to the current weekday/holiday timetable.,active,2
mondovicino-outlet-village-airports,mondovicino-outlet-village,airport,"Cuneo, Turin, Genoa, Malpensa or Nice airports by car",30 min from Cuneo; 1 hr from Turin; 1 hr 30 min from Genoa; 2 hr 30 min from Milan Malpensa or Nice,"Confirm airport taxi, rental-car or transfer fare","The official directions page lists car access from Cuneo, Turin, Genoa, Milan Malpensa and Nice airports; no dedicated airport shuttle was verified.",active,3
brugnato-5terre-outlet-village-car,brugnato-5terre-outlet-village,car,Car via A12 Brugnato exit,Timing varies by origin,"Fuel, tolls and provider costs vary","Official directions list the Brugnato motorway exit on the A12 Genova-Livorno, with approaches from Milan via A1-A15/E33, Parma via A15/E33, and Genova or La Spezia via A12/E80.",active,1
brugnato-5terre-outlet-village-airport,brugnato-5terre-outlet-village,airport,Pisa or Genoa airports,Check official airport ground transport and road conditions,"Confirm airport rail, taxi, rental-car or transfer fare","The official access page lists Pisa and Genoa as the nearest airports; no dedicated airport shuttle details were verified, so continue by official ground transport, taxi, rental car or confirmed transfer.",active,2
brugnato-5terre-outlet-village-train-taxi,brugnato-5terre-outlet-village,train,Train to La Spezia or Levanto + taxi,Rail timing varies by origin; onward taxi required,Check official rail fare and taxi fare,"Official directions list La Spezia and Levanto as the nearest railway stations, with taxi service onward to the Outlet Village; verify current train times and taxi availability before travel.",active,3
brugnato-5terre-outlet-village-shuttle,brugnato-5terre-outlet-village,shuttle,Outlet shuttle from Liguria and Tuscany departure points,Check current shuttle dates with the outlet,Confirm when booking,The official page says the shuttle service is available from main departure locations in Liguria and Tuscany; check upcoming dates and reserve through the official phone/WhatsApp channel before travel.,active,4
via-jurmala-car,via-jurmala-outlet-village,car,Car from Riga or Jūrmala,≈10 min from Riga Airport; timing from Riga/Jūrmala varies,Fuel and provider costs vary,Official Via Jurmala directions route drivers from Riga via Kārļa Ulmaņa gatve toward Piņķi/Saliena and from Jūrmala via the Piņķi exit; follow current road signs and traffic conditions.,active,1
via-jurmala-parking,via-jurmala-outlet-village,car,Outlet Village parking lot,On site,Check official parking information,The official directions point drivers to the Via Jurmala Outlet Village parking lot behind Exupery International School; follow on-site signs and check current rules on arrival.,active,2
via-jurmala-bus-4-32,via-jurmala-outlet-village,bus,Riga buses 4 and 32 to Piņķi / Via Jurmala,Check official Riga public transport timetable,Check official operator fare,The official outlet page lists Bus Route No. 4 Abrenes iela - Piņķi / Via Jurmala Outlet Village and Bus Route No. 32 Abrenes iela - Piņķi / Via Jurmala Outlet Village; verify current departures before travel.,active,3
via-jurmala-train-babite,via-jurmala-outlet-village,train,Train to Babīte + bus 4,Train to Babīte plus local bus; timetable varies,Check official rail and bus fares,"Official Via Jurmala directions list train Rīga - Babīte and Tukums/Jūrmala - Babīte, then Bus No. 4 from Babīte Station to the outlet; check official train and bus schedules before travel.",active,4
via-jurmala-taxi,via-jurmala-outlet-village,taxi,Smile Taxi,Road timing varies,Confirm fare with provider,"The official Via Jurmala contacts page lists Smile Taxi as a taxi option; confirm fare, pickup point and availability before travel.",active,5
via-jurmala-airport,via-jurmala-outlet-village,airport,Riga Airport road access,≈10 min by car/taxi from Riga Airport,"Check official airport taxi, bus or transfer fare",LiveRiga and the outlet's location information place Via Jurmala close to Riga Airport; use official airport ground transport or taxi and confirm the fare before travel.,active,6
outlet-park-vilnius-car,outlet-park-vilnius,car,Car to Ogmios City / Verkių g.,≈10-20 min from central Vilnius depending on traffic,"Fuel, parking and provider costs vary",Outlet Park's official site places the centre in Ogmios City at Verkių g. 29; use official maps and check traffic before travel.,active,1
outlet-park-vilnius-parking,outlet-park-vilnius,car,Ogmios City / Outlet Park parking,On site,Check official centre parking signs,Use the official centre address and on-site parking signs; do not assume free or unlimited parking without checking current rules at arrival.,active,2
outlet-park-vilnius-bus,outlet-park-vilnius,bus,Vilnius public transport to Ogmios City,Check official JUDU/Trafi timetable,Check official JUDU fare,Use official Vilnius public transport planning through JUDU/Trafi for stops around Verkių g. and Ogmios City; verify the current route and fare before travel.,active,3
outlet-park-vilnius-airport,outlet-park-vilnius,airport,Vilnius Airport via city bus or taxi,Airport-to-city public transport or taxi timing varies,"Check official airport transport, JUDU or taxi fare","Use official Vilnius Airport ground transport to reach the city, then continue by JUDU/Trafi public transport or taxi to Outlet Park; no dedicated airport-to-outlet shuttle was verified.",active,4
kildare-village-car-parking,kildare-village,car,Car via M7 + free parking,≈40–55 min from Dublin by car (estimated),Free parking; fuel and tolls vary,Official Kildare Village information lists the Village in Kildare town with visitor parking; route via the M7 and confirm live traffic before departure.,active,1
kildare-village-train,kildare-village,train,Irish Rail to Kildare town,35 min from Dublin Heuston to Kildare town,Check Irish Rail fare,The official Kildare Village train page says Kildare town is 35 minutes from Dublin Heuston with services about every half hour; book or verify tickets with Irish Rail.,active,2
kildare-village-station-shuttle,kildare-village,shuttle,Complimentary shuttle from Kildare Train Station,≈5–10 min from Kildare Train Station (estimated),Free when operating,The official shuttle page lists a complimentary shuttle between Kildare Train Station and the Village on announced dates; check the page before travelling because current dates may be seasonal.,active,3
kildare-village-dublin-coach,kildare-village,bus,Dublin Coach M7 / Portarlington Connector,≈55–75 min from Dublin city (estimated),Check Dublin Coach fare,"Dublin Coach officially states its M7 service and Portarlington Connector stop at Kildare Village; confirm current stops, timetable and fare before travelling.",active,4
kildare-village-dublin-airport,kildare-village,airport,Dublin Airport by car or rail connection,≈50–70 min by car from Dublin Airport (estimated),"Confirm taxi, transfer, rail or coach fare","Use official Dublin Airport onward transport options into Dublin, then Irish Rail from Heuston or Dublin Coach; direct car timing varies with M50/M7 traffic.",active,5
designer-outlet-athens-car-parking,designer-outlet-athens,car,Car via Attiki Odos,30 min from Athens downtown; 15 min from Athens International Airport,Parking available; fuel and tolls vary,"Official centre information places Designer Outlet Athens in Spata, next to Attica Zoological Park, with Attiki Odos exits 18 and 16R for car access.",active,1
designer-outlet-athens-metro-bus,designer-outlet-athens,bus,Metro to Doukissis Plakentias + bus 319,≈45–65 min from central Athens (estimated),Check official OASA fare,The official centre page says the nearest station is Doukissis Plakentias and lists bus 319 from the metro station to Spata and Designer Outlet Athens; verify the same-day OASA timetable.,active,2
designer-outlet-athens-airport,designer-outlet-athens,airport,Athens International Airport access,15 min from Athens International Airport by car,Confirm taxi or transfer fare,"Official outlet information lists the centre 15 minutes from Athens International Airport; the airport publishes official taxi, bus and metro onward transport options for connections.",active,3
designer-outlet-athens-train-bus,designer-outlet-athens,train,Suburban rail or metro to Doukissis Plakentias + bus,≈35–55 min from Athens Airport or city interchange (estimated),Check official rail/metro and OASA fares,"Use official Athens rail/metro services to Doukissis Plakentias, then continue by official bus 319 as listed by Designer Outlet Athens.",active,4
metzingen-car-parking,outletcity-metzingen,car,Car + Outletcity parking,30 min from Stuttgart,Free parking at P4/P4.1; paid garage rates not published,"Official getting-there information places Outletcity about 30 minutes from Stuttgart and lists garages P0-P3, free spaces P4/P4.1, and EV charging points.",active,1
metzingen-shopping-shuttle,outletcity-metzingen,shuttle,Shopping Shuttle from Stuttgart,Check official timetable,Advance round trip €10; on bus round trip €12 / one-way €8.50,Official Shopping Shuttle runs several times a week from Stuttgart city centre and Stuttgart Airport area; book online and confirm current times.,active,2
metzingen-train,outletcity-metzingen,train,Train to Metzingen (Württ),≈35–50 min from Stuttgart Hbf (estimated),≈€8–15 (estimated),Official getting-there information lists Metzingen (Württ) station for train access; use official rail or local transport providers for current departures.,active,3
metzingen-bus,outletcity-metzingen,bus,Bus and regional transport,eXpresso hourly; other buses check official timetable,≈€8–15 (estimated); Swiss shuttle fare check provider,"Official options include bwegt regional transport, the hourly eXpresso bus, Eurobus Shuttle Swiss, and bus parking for tour groups.",active,4
metzingen-airport,outletcity-metzingen,airport,Stuttgart Airport via eXpresso bus or shuttle,≈20-30 min by road from Stuttgart Airport; eXpresso bus check official timetable,Check official eXpresso/Shopping Shuttle fare or airport taxi fare,Official Outletcity access includes the Stuttgart Airport area and eXpresso regional bus connections; verify current airport-area stop and timetable before travel.,active,5
ingolstadt-car-parking,ingolstadt-village,car,Car + complimentary parking,45 min from Munich,Complimentary parking; check EV charging fees,The Village is directly on the A9 motorway and officially lists complimentary parking and EV charging points.,active,1
ingolstadt-shopping-express,ingolstadt-village,bus,Shopping Express from Munich,Check official timetable,Check official booking page,"Official Shopping Express runs from Munich to Ingolstadt Village and back Monday to Saturday, with departures from Karlsplatz and BMW Welt; book ahead and confirm current departures.",active,2
ingolstadt-train-bus,ingolstadt-village,train,Train + local bus,≈20–35 min from Ingolstadt Hbf (estimated); hourly buses,≈€3–5 (estimated),"Official directions route Central Station via bus 10 or 11 to Brückenkopf, then bus 20 to the Village; from Ingolstadt Nordbahnhof use bus 20 direct. Official bus timetables should be checked before travel.",active,3
ingolstadt-private-transfer,ingolstadt-village,taxi,Chauffeur service / private transfer,Confirm with provider,Confirm with provider,The official getting-here page lists a Chauffeur Service for private transfer arrivals; retain provider confirmation because pricing and pickup details depend on the requested transfer.,active,4
ingolstadt-airport,ingolstadt-village,airport,Munich Airport by car or rail/bus,≈45-60 min by car from Munich Airport; rail/bus via Munich or Ingolstadt check official timetable,Confirm MVV/DB fare or airport taxi/transfer fare,"Use official Munich Airport ground transport, then DB/local bus connections to Ingolstadt Village or an airport road transfer; no dedicated airport shuttle is published.",active,5
wertheim-car-parking,wertheim-village,car,Car + complimentary parking,Just under 1 hour from Frankfurt,Complimentary parking; check EV charging fees,"Official Village information lists train, bus, and car access plus more than 2,500 complimentary parking spaces and EV chargers.",active,1
wertheim-shopping-express,wertheim-village,bus,Shopping Express from Frankfurt,Check official timetable,Check official booking page,Official Shopping Express runs from Frankfurt to Wertheim Village and back Monday to Saturday; book ahead and confirm current departures.,active,2
wertheim-train-bus,wertheim-village,train,Train / bus connections,≈35–50 min from Würzburg Hbf by regional rail/bus (estimated),≈€8–15 (estimated),Official Village materials describe train and bus access from Frankfurt and Würzburg; confirm current public-transport connections with the operator.,active,3
wertheim-private-transfer,wertheim-village,taxi,Private transfer / group shuttle on request,Confirm with provider,Confirm with provider,Official partner information lists private transfers on request and a shuttle bus service for groups on request.,active,4
wertheim-airport,wertheim-village,airport,Frankfurt Airport by car or Frankfurt coach connection,≈55-75 min by car from Frankfurt Airport; airport rail to Frankfurt + Shopping Express check official timetable,"Confirm airport rail, Shopping Express, taxi or transfer fare","Use official Frankfurt Airport ground transport to Frankfurt city for the official Shopping Express, or arrange a road transfer; no dedicated airport-to-village shuttle is published.",active,5
berlin-car-parking,designer-outlet-berlin,car,Car + free parking,30 min from downtown Berlin; 25 min from Potsdam,Free parking; check EV charging terms,"Official directions place the outlet directly on the B5 motorway and list 3,000 free parking spaces, disabled parking spaces, and 10 EV charging stations.",active,1
berlin-free-shuttle,designer-outlet-berlin,shuttle,Free shuttle bus from Berlin,30 min non-stop; check official timetable,Free; reserve seat if required,"Official shuttle information lists service from Kurfürstendamm 225 / Hard Rock Café on Fridays, Saturdays, and events; confirm current departures before travel.",active,2
berlin-public-transport,designer-outlet-berlin,bus,Public transport / A05 Express Bus,≈45–60 min from central Berlin (estimated),≈€4–8 (estimated),Official directions confirm public-transport access; use the official rail/VBB provider for current Berlin-Elstal/Wustermark connections and fares before travel.,active,3
berlin-train,designer-outlet-berlin,train,Regional train to Elstal + local bus,"≈25 min by regional train from Berlin Hbf to Elstal, then local bus/short transfer (estimated)",Check official VBB/DB fare,Designer Outlet Berlin officially lists public transport access; use VBB or DB for regional trains toward Elstal/Wustermark and the official local connection to the centre.,active,4
berlin-airport,designer-outlet-berlin,airport,Berlin Brandenburg Airport via Berlin public transport or car,≈45-70 min by car; rail/bus via Berlin-Elstal/Wustermark check official timetable,Confirm VBB/DB fare or airport taxi/transfer fare,Use official BER ground transport and VBB/DB connections via Berlin toward Elstal/Wustermark before the outlet connection; no dedicated airport-to-outlet shuttle is published.,active,5
neumunster-car-parking,designer-outlet-neumunster,car,Car + centre parking,30 min from Hamburg north or Kiel,Parking €5 per day; first hour free; Premium Parking €10,"Official centre information lists 3,000 parking spaces, disabled parking on P1, Premium Parking, and paid EV charging on P1.",active,1
neumunster-public-transport,designer-outlet-neumunster,bus,Public transport to Oderstraße,≈55–75 min from Hamburg Hbf by train + local connection (estimated),≈€8–15 (estimated),The official visit page lists public transport as an arrival option; confirm current Neumünster train and local bus/taxi connections with the transport provider.,active,2
neumunster-group-ferry,designer-outlet-neumunster,bus,Ferry and group bookings,Confirm with provider,Confirm with provider,Official visit information includes ferry and group-booking arrival sections; retain provider confirmation because group/ferry routing and prices vary by origin and operator.,active,3
neumunster-train,designer-outlet-neumunster,train,Train to Neumünster + local connection,"≈45–60 min train from Hamburg Hbf to Neumünster, then local bus/taxi (estimated)",Check official NAH.SH/HVV/DB fare,"Official centre information lists public transport as an arrival option. Use official rail to Neumünster station, then confirm the current local bus or taxi connection to Oderstraße before travel.",active,4
neumunster-airport,designer-outlet-neumunster,airport,Hamburg Airport via train or car,≈45-60 min by car; S-Bahn/train via Hamburg Hbf and Neumünster check official timetable,Confirm HVV/DB fare or airport taxi/transfer fare,"Use official Hamburg Airport ground transport to Hamburg Hbf, then rail to Neumünster with local onward transport; no dedicated airport shuttle is published.",active,5
wolfsburg-car-parking,designer-outlets-wolfsburg,car,Car + paid outlet parking,≈60–75 min from Hannover by car (estimated),First 20 min free; 20-120 min €1; 2-4 hours €0.50/hour; from 5th hour €1.50/hour; from 8th hour €5/hour,"Official parking information lists about 1,000 paid spaces, family and accessible spaces, motorcycle parking, and a 1.90 m height limit for tunnel and garage access.",active,1
wolfsburg-train,designer-outlets-wolfsburg,train,Train to Wolfsburg Hauptbahnhof,2 min walk from station,Check provider fare,Official directions state Wolfsburg Hauptbahnhof is only a two-minute walk from Designer Outlets Wolfsburg.,active,2
wolfsburg-bus,designer-outlets-wolfsburg,bus,Bus to Wolfsburg central bus station,A few metres from Wolfsburg ZOB,≈€2–4 (estimated),"Official directions say all local public transport bus lines serve Wolfsburg ZOB, a few metres from the centre toward Porschestraße.",active,3
wolfsburg-airport,designer-outlets-wolfsburg,airport,Hannover Airport via rail or car,≈60-80 min by car; S-Bahn/ICE via Hannover Hbf to Wolfsburg check official timetable,Confirm GVH/DB fare or airport taxi/transfer fare,"Use official Hannover Airport rail access to Hannover Hbf, then DB services to Wolfsburg Hauptbahnhof; the outlet is a short walk from the station.",active,4
bad-munstereifel-car-parking,city-outlet-bad-munstereifel,car,Car + town parking,≈50–70 min from Cologne by car (estimated),"Free spaces in Im Goldenen Tal; paid spaces in Trierer Straße, Kölner Straße, and under Schleidtalstraße","Official directions say to use A1 exit 112 Bad Münstereifel/Mechernich and follow parking guidance; official services list about 2,200 spaces in town.",active,1
bad-munstereifel-train,city-outlet-bad-munstereifel,train,Train to Bad Münstereifel,≈80–100 min from Cologne Hbf (estimated); station about 150 m from pedestrian zone,VRS/NRW/Germany Ticket accepted where valid; otherwise ≈€8–15 (estimated),"Official directions list direct S23/RB23 Voreifelbahn connections via Euskirchen to Bad Münstereifel, with the station close to the outlet area.",active,2
bad-munstereifel-bus-groups,city-outlet-bad-munstereifel,bus,Coach groups and bus parking,Confirm with outlet,Free bus parking; confirm group details with outlet,Official services list free bus parking on Schießbachstraße at the L234 and a free group package for groups of 12 or more by registration.,active,3
bad-munstereifel-airport,city-outlet-bad-munstereifel,airport,Cologne Bonn Airport via rail or car,≈55-75 min by car; rail via Cologne/Euskirchen check official timetable,"Confirm airport rail, taxi or rental-car fare",Use official Cologne Bonn Airport ground transport and DB/VRS rail connections via Cologne and Euskirchen to Bad Münstereifel; no dedicated airport shuttle is published.,active,4
montabaur-car-parking,montabaur-the-style-outlets,car,Car via A3,≈35–50 min from Koblenz or Limburg by car (estimated),Free parking; check EV charging fees,Official outlet information lists the centre at Am Fashion Outlet 72 and shows free parking spaces and charging-station services; use A3/Montabaur routing for car access.,active,1
montabaur-train,montabaur-the-style-outlets,train,ICE train to Montabaur,Short walk from ICE station,Check provider fare,Official outlet information places the centre next to Montabaur ICE train station.,active,2
montabaur-bus,montabaur-the-style-outlets,bus,RMV bus connections,≈35–50 min from Koblenz or Limburg by regional bus (estimated),≈€8–15 (estimated),Official outlet information places the centre beside Montabaur transport links; confirm current regional bus connections and fares with the transport provider.,active,3
montabaur-airport,montabaur-the-style-outlets,airport,Frankfurt Airport ICE access,≈30-45 min by ICE to Montabaur + short walk; ≈55-75 min by car (estimated),Check official DB fare or airport taxi/transfer fare,"Frankfurt Airport has an official long-distance rail station; use DB ICE services to Montabaur station next to the outlet, or official airport road transport.",active,4
zweibrucken-car-parking,zweibrucken-fashion-outlet,car,Car + outlet parking,≈35–50 min from Saarbrücken by car (estimated),Parking available; confirm EV charging fees,Official centre information lists Londoner Bogen 10-90 with parking and charging-station amenities; operator information places the outlet directly at A8 exit 34.,active,1
zweibrucken-bus,zweibrucken-fashion-outlet,bus,Bus from Zweibrücken,Hourly Monday-Saturday; ≈10–15 min from Zweibrücken city/Hbf (estimated),≈€3–5 (estimated),Official operator information notes a bus connection with the city of Zweibrücken every hour from Monday to Saturday; confirm same-day schedules with the local provider.,active,2
zweibrucken-train-bus,zweibrucken-fashion-outlet,train,Train to Zweibrücken + bus,≈35–50 min from Saarbrücken Hbf via Zweibrücken + bus (estimated),≈€8–15 (estimated),"Use official rail and local bus planners for connections via Zweibrücken, then continue by the official hourly city bus connection to the outlet.",active,3
zweibrucken-airport,zweibrucken-fashion-outlet,airport,Saarbrücken Airport by road or rail/bus connection,≈25-40 min by car from Saarbrücken Airport (estimated),"Confirm airport taxi, rental-car or regional transit fare","Use official Saarbrücken Airport ground transport to Saarbrücken, then rail/local bus via Zweibrücken or a road transfer; no dedicated airport shuttle is published.",active,4
halle-leipzig-style-outlets-car-parking,halle-leipzig-the-style-outlets,car,Car via A9 + outlet parking,≈25–35 min from Leipzig or Halle by car (estimated),Free parking; fuel varies,"Official outlet information lists Berliner Straße 1 in Sandersdorf-Brehna and parking; regional tourism information notes convenient A9 access and about 1,800 parking spaces.",active,1
halle-leipzig-style-outlets-train,halle-leipzig-the-style-outlets,train,S-Bahn S8 to Brehna,"13 min from Halle by train, then local walk or taxi",Check MDV/DB fare,"Official directions list S-Bahn S8 from Halle toward Lutherstadt Wittenberg, Bitterfeld or Dessau to Brehna, with an approximate 13-minute train journey from Halle.",active,2
halle-leipzig-style-outlets-shuttle,halle-leipzig-the-style-outlets,bus,Free Saturday shuttle from Leipzig and Halle,≈25–40 min from Leipzig Hbf or Halle bus station (estimated),Free; booking required where offered,Official directions advertise a free shuttle bus every Saturday from Leipzig main station and Halle bus station; check the official booking page for current departure times.,active,3
halle-leipzig-style-outlets-airport,halle-leipzig-the-style-outlets,airport,Leipzig/Halle Airport by car or S-Bahn,≈20–30 min by car from Leipzig/Halle Airport (estimated),"Confirm taxi, rental car or MDV/DB fare",Leipzig/Halle Airport officially has its own rail station below check-in with Deutsche Bahn connections; connect by rail via Halle/Leipzig or use the outlet's A9-area road access.,active,4
ochtrup-car-parking,designer-outlet-ochtrup,car,By Car / Parking,"Use Laurenzstraße 51-55, Ochtrup",Check official parking information,"McArthurGlen's official Ochtrup service information points visitors to the How to Get Here page for car, train, bike, public-transport, and parking details. Check current parking terms before travel.",active,1
ochtrup-train-bahnhof,designer-outlet-ochtrup,train,Train to Ochtrup Bahnhof,Check official DB / regional timetable,Check official rail fare,"Official centre information says the outlet is reachable by train. Use DB or the regional operator to Ochtrup Bahnhof, then walk or use local transport; check timetable/fare before travel.",active,2
ochtrup-local-bus,designer-outlet-ochtrup,bus,Local bus to the outlet area,Check official regional bus timetable,Check official fare,"Use official NRW/regional journey planning for buses serving central Ochtrup and the outlet area. Verify the exact stop, timetable, and fare before travel.",active,3
ochtrup-airports,designer-outlet-ochtrup,airport,Regional airports,Check official road/rail route,Check onward transport fare,"For air arrivals, use nearby regional airports such as Münster/Osnabrück or Düsseldorf and continue by official rail/bus, car, or confirmed transfer. No dedicated airport shuttle was verified.",active,4
la-vallee-shuttle-paris,la-vallee-village,bus,Shopping Express® Shuttle from Paris,≈40-50 min (estimated),Confirm with provider,Official Shopping Express® shuttle runs direct from Hotel Pullman Paris Bercy at 09:00 with 14:30 or 18:45 returns; advance online reservation is required and tickets are not sold on board.,active,1
la-vallee-train,la-vallee-village,train,RER A / TGV Train Access,≈40-50 min (estimated),≈€5-8 (estimated),Take RER A from Paris toward Marne-la-Vallée and alight at Val d’Europe; TGV services use Marne-la-Vallée-Chessy-Parcs Disney®. Check official rail timetables before travelling.,active,2
la-vallee-car-parking,la-vallee-village,car,Car / Parking,40 min,Free parking,La Vallée Village states it is just 40 minutes from Paris by car and offers ample free parking.,active,3
la-vallee-disney-shuttle,la-vallee-village,bus,Disney® Resort Hotels Shuttle,≈10 min (estimated),€6 adult return / €3 child return,Regular shuttle bus from Disney® Resort hotels to the Village; book through your hotel concierge or the La Vallée Village Welcome Center.,active,4
la-vallee-airport,la-vallee-village,airport,Paris Charles de Gaulle / Orly airport access,≈10-20 min by TGV from CDG to Marne-la-Vallée-Chessy + local transfer; ≈35-50 min by car (estimated),"Check official TGV, airport shuttle, taxi or transfer fare",Use official Paris airport ground transport or TGV to Marne-la-Vallée-Chessy/Val d’Europe connections before the Village transfer; no dedicated airport-to-village shuttle is published.,active,5
troyes-car-parking,designer-outlet-troyes,car,Car / Motorcycle / Free Parking,≈15-25 min (estimated),Free parking,"The official outlet page lists car and motorcycle access, and the services page confirms free parking throughout the centre with no time limits.",active,1
troyes-train,designer-outlet-troyes,train,Train to Troyes + Local Transfer,Rail time varies by origin + about 20 min by TCAT bus from Troyes,Check official SNCF fare plus TCAT fare,"Use SNCF services to Troyes, then continue by official TCAT bus lines 1 or 12 toward Pont-Sainte-Marie/Creney, or by taxi; rail times and fares vary by departure.",active,2
troyes-local-bus,designer-outlet-troyes,bus,TCAT Bus Lines 1 and 12,About 20 min from central Troyes by bus,Check official TCAT fare,McArthurGlen states the centre is about 20 minutes from central Troyes by bus; take TCAT lines 1 or 12 toward Pont-Sainte-Marie or Creney and get off at Magasins.,active,3
troyes-airport,designer-outlet-troyes,airport,Paris airports via rail to Troyes + local bus/taxi,≈2-3 hr via Paris rail connections + Troyes local transfer (estimated),Check official SNCF/airport transit fare,"Use official Paris airport ground transport into Paris, SNCF services to Troyes, then TCAT bus or taxi; no dedicated airport-to-outlet shuttle is published.",active,4
provence-shuttle,designer-outlet-provence,shuttle,McArthurGlen Shuttle from Marseille or Aix-en-Provence,"10:00 departures; 16:00 return; selected days until August 29, 2026",€15 round trip; free for children under 12,"Official McArthurGlen Provence shuttle service is available by reservation from Marseille or Aix-en-Provence until August 29, 2026, operating Wednesdays, Saturdays, public holidays and Sundays July 5, July 12 and August 23.",active,1
provence-car-parking,designer-outlet-provence,car,Car / Free Parking,45 min,Free parking,"The official outlet page says the centre is 45 minutes by car from Marseille, Aix-en-Provence and Avignon; free parking is available throughout the centre with no time limits.",active,2
provence-train,designer-outlet-provence,train,Train to Miramas,Rail time varies by origin; Miramas station is about 10-15 min onward by BAM bus,Check official SNCF fare,"Miramas station is served by TGV and TER trains, including routes from Paris and regional links from Marseille, Avignon, Nîmes and Montpellier; confirm times with SNCF.",active,3
provence-bus-bam,designer-outlet-provence,bus,BAM Direct Bus from Miramas Station,≈10-15 min (estimated),Check official BAM fare,"The official outlet services page lists the direct premium BAM line between Miramas SNCF station, downtown Miramas and the Village of Brands; check official BAM details for current ticketing.",active,4
provence-airports,designer-outlet-provence,airport,Nearby Airports,≈35-50 min (estimated),Confirm with provider,"The official outlet page lists nearby airports as an access category; Marseille Provence Airport is a realistic road transfer, but fares depend on the chosen taxi, ride-hail or transfer provider.",active,5
the-village-outlet-car-parking,the-village-outlet,car,Car via A43 Exit 6 / Free Parking,About 30 min from Lyon,Free parking,"The official access information places The Village Outlet at Parc du Couvent in Villefontaine, accessible via the A43 motorway Exit 6 Villefontaine, and official site copy references free parking; check live traffic before travel.",active,1
the-village-outlet-bus,the-village-outlet,bus,Lyon / Villefontaine Bus Access,Check official operator timetable,Check official operator fare,"The official access page lists bus access between Lyon and Villefontaine using Express 5 to The Village stop, and line 2990; verify the current route, stop and timetable with the official operator before travelling.",active,2
the-village-outlet-train,the-village-outlet,train,TER to La Verpillière,About 12 min walk from La Verpillière station,Check official TER/SNCF fare,The official opening/access information lists access from Gare La Verpillière as a 12-minute walk; use official SNCF/TER channels for current train times and fares.,active,3
the-village-outlet-shuttle,the-village-outlet,shuttle,Free Event Shuttle,Runs only during selected commercial and event periods,Free,"The official shuttle page states free shuttles are provided for visitors during The Village Outlet's commercial and event highlights; confirm current dates, pickup points and reservations before travel.",active,4
roubaix-designer-outlet-car,roubaix-designer-outlet,car,Car from Lille / Belgium,15 min from Lille city centre,Road and parking costs vary,"McArthurGlen states Roubaix Designer Outlet is a 15-minute drive from Lille city centre and is conveniently accessible from Lille, Arras and Belgium; check live traffic before travel.",active,1
roubaix-designer-outlet-parking,roubaix-designer-outlet,car,Centre Parking,On site,1 hr 30 min free with qualifying purchase,The official McArthurGlen search result for Roubaix states visitors can enjoy 1 hour 30 minutes of free parking with a purchase of €30 or more; confirm current parking validation terms before travel.,active,2
roubaix-designer-outlet-public-transport,roubaix-designer-outlet,bus,Public Transport from Lille and Surrounding Areas,Check official public transport timetable,Check official operator fare,"McArthurGlen states the centre is easily accessible by public transport and lists tramway, metro and bus access categories, including bus services from Lille and surrounding areas; verify the current route with the official operator before travelling.",active,3
roubaix-designer-outlet-airport,roubaix-designer-outlet,airport,Airport Access via Official Ground Transport,Check official airport and local transport timetable,Check official operator or taxi fare,"McArthurGlen lists plane access as a getting-here category for Roubaix; use official airport ground transport and local public transport, taxi or rental-car options for the last mile.",active,4
roppenheim-car-parking,roppenheim-the-style-outlets,car,Car / on-site parking,≈30-40 min from Strasbourg; ≈25-35 min from Baden-Baden (estimated),Free parking,"The official Roppenheim access page lists the centre at 1 Route de L’Europe and provides car directions; the official parking page lists 1,713 car spaces, 21 motorcycle spaces and 62 bicycle spaces.",active,1
roppenheim-strasbourg-shuttle,roppenheim-the-style-outlets,shuttle,Free shuttle from Strasbourg,≈40-50 min (estimated),Free with reservation,"Roppenheim's official booking partner page lists a Strasbourg shuttle with compulsory outbound and return reservation, bookable until 1 hour before departure; confirm current operating days before travel.",active,2
roppenheim-bus-231,roppenheim-the-style-outlets,bus,Cross-border bus 231 Soufflenheim - Rastatt,Runs during outlet opening hours; verify line 231 times,Check official regional bus fare,Official accessibility information for the centre references cross-border bus line 231 between Soufflenheim and Rastatt running during outlet opening hours; verify the current timetable and stop before travelling.,active,3
roppenheim-train-taxi,roppenheim-the-style-outlets,train,Train to Roppenheim or nearby stations + taxi/bus,≈35-60 min from Strasbourg with last-mile transfer (estimated),Check SNCF/TER or DB fare,"Use official SNCF/TER Grand Est or DB channels to reach Roppenheim, Baden-Baden or Rastatt, then continue by local bus, shuttle or taxi; rail schedules and last-mile options vary by day.",active,4
roppenheim-airports,roppenheim-the-style-outlets,airport,Baden-Airpark or Strasbourg Airport access,≈25-45 min by car/taxi from Baden-Airpark; ≈45-60 min from Strasbourg Airport (estimated),"Confirm with airport taxi, rental-car or transfer provider","For airport arrivals, use official airport ground-transport services to arrange a taxi, rental car or transfer; no official dedicated airport shuttle to the outlet is published.",active,5
paris-giverny-shuttle,paris-giverny-designer-outlet,shuttle,Direct shuttle from Paris,Runs Friday to Sunday; check official schedule,Check official shuttle fare and promotions,Official McArthurGlen information advertises a direct shuttle from Paris departing Pullman Tour Eiffel to Paris-Giverny Designer Outlet; reserve and verify current operating dates before travel.,active,1
paris-giverny-car,paris-giverny-designer-outlet,car,Car via A13 exit 16,"45 min from Paris, Versailles or Rouen","Fuel, tolls and provider costs vary","Official McArthurGlen directions state the centre is directly at Exit 16 of the A13 and about 45 minutes from Paris, Versailles and Rouen; check traffic before travel.",active,2
paris-giverny-parking,paris-giverny-designer-outlet,car,Free parking and EV charging,On site,Free parking; EV charging fees may apply,"Official services list free parking with no time limits and more than 120 electric-car charging stations subject to availability, with fees applicable for charging.",active,3
paris-giverny-train,paris-giverny-designer-outlet,train,Train to Vernon-Giverny + local transfer,"45 min from Paris or 40 min from Rouen to Vernon-Giverny, then local transfer",Check official SNCF/TER fare,"Official McArthurGlen information lists Vernon-Giverny station as 45 minutes from Paris and 40 minutes from Rouen; confirm the onward shuttle, bus or taxi option and rail timetable before travel.",active,4
paris-giverny-airport,paris-giverny-designer-outlet,airport,Paris airports via Paris rail/shuttle or road transfer,Airport transfer to Paris + shuttle/train; road timing varies,"Check official airport transport, SNCF, shuttle or transfer fare","Use official Paris airport ground transport into Paris for the McArthurGlen shuttle or rail via Vernon-Giverny, or arrange a taxi/transfer; no dedicated airport-to-outlet shuttle was verified.",active,5
one-nation-paris-car-parking,one-nation-paris,car,Car / Free Parking,About 30 min from Paris,Free parking,"Official One Nation Paris access information lists free parking and car access from Paris via A13, A12 and N12 toward Dreux, exiting at Plaisir / Centre Commercial Régional and following One Nation Paris signs.",active,1
one-nation-paris-train-line-n,one-nation-paris,train,Transilien Line N to Villepreux-les-Clayes,Train time varies; about 10 min walk or short bus connection from station,Check official Transilien fare,"Official One Nation Paris access information says to take Transilien Line N from Paris Montparnasse toward Plaisir Grignon or Mantes-la-Jolie and alight at Villepreux-les-Clayes, then walk about 10 minutes or connect by bus.",active,2
one-nation-paris-bus-5101,one-nation-paris,bus,Bus 5101 from Villepreux-les-Clayes,First stop from Villepreux-les-Clayes station,Check official Île-de-France Mobilités fare,"Official One Nation Paris access information lists bus line 5101 from Villepreux-les-Clayes station, with One Nation Paris Outlet as the first stop; confirm the current timetable before travelling.",active,3
t1-tallinn-car-parking,t1-tallinn-outlet,car,Car / T1 parking,≈5-10 min from central Tallinn; ≈3-5 min from Tallinn Airport (estimated),4 hours free parking; paid extension if needed,"T1 Tallinn's official access page lists Peterburi tee 2 and says parking is free for 4 hours in the underground car park and parking garage, with automatic start recording and paid extension available in the centre.",active,1
t1-tallinn-bus,t1-tallinn-outlet,bus,Tallinn city bus to T1 stops,≈10-20 min from central Tallinn (estimated),Check official Tallinn public transport fare,"T1 Tallinn's official access page lists nearby Kivimurru, Pae and Ülemiste jaam bus stops; use the official Tallinn transport planner for current routes and departures.",active,2
t1-tallinn-tram,t1-tallinn-outlet,train,Tram 2 or 4 to Majaka põik,≈10-15 min from central Tallinn (estimated),Check official Tallinn public transport fare,"The official T1 access page lists tram lines 2 and 4 to Majaka põik; this is a useful city-centre and airport-side connection, subject to current Tallinn transport timetables.",active,3
t1-tallinn-train-ulemiste,t1-tallinn-outlet,train,Train to Ülemiste station,"≈10 min from Tallinn Balti jaam to Ülemiste, then short walk (estimated)",Check official Elron fare,T1 Tallinn's official access page lists train access via Ülemiste; use official Elron or Tallinn transport channels for the current timetable.,active,4
t1-tallinn-airport,t1-tallinn-outlet,airport,Tallinn Airport access,≈3-5 min by car/taxi; ≈20-25 min walk (estimated),Taxi/ride-hail varies; public transport fare if using bus or tram,"T1 is next to Tallinn Airport and the airport's official public-transport page confirms bus, tram and taxi links from the airport area; use official airport and Tallinn transport information for current stop details.",active,5
affinity-sterling-mills-car-parking,affinity-sterling-mills,car,Car / Free parking,Check live traffic,Free parking with no time limit,"Official Affinity Sterling Mills directions list car access to Devon Vale, Tillicoultry FK13 6HQ and state that parking is free with no time limit; follow the brown tourist signs from the A908.",active,1
affinity-sterling-mills-bus,affinity-sterling-mills,bus,Bus to Tillicoultry,Check official timetable,Check official bus fare,"Official Affinity Sterling Mills directions say regular bus services run to and from Tillicoultry from Glasgow, Stirling, Alloa and St Andrews, and that an hourly service stops just outside Mountain Warehouse; verify current operator timetables before travel.",active,2
affinity-sterling-mills-train-bus,affinity-sterling-mills,train,Train to Alloa + local bus,Alloa station is 3 miles away; onward bus timing varies,Check ScotRail and bus fares,"Official Affinity Sterling Mills directions identify Alloa as the nearest railway station, 3 miles from the outlet, with mainline rail links connecting to local bus timetables.",active,3
bicester-train,bicester-village,train,Train to Bicester Village,From 46 minutes from London Marylebone,Check official timetable,"Official Bicester Village and Chiltern Railways pages list the dedicated Bicester Village station at the door to the Village, direct trains from London Marylebone and Oxford, and Birmingham Moor Street access via Bicester North shuttle bus.",active,1
bicester-car,bicester-village,car,Car / Parking,Less than 1 hour from Heathrow or Birmingham International by car; 2 hours from Gatwick or Stansted,Free parking; reserved parking available,"Official Bicester Village directions list 50 Pingle Drive OX26 6WD, complimentary parking, reserved parking services and airport driving directions via the M40/A41.",active,2
bicester-bus,bicester-village,bus,Direct Bus,Stagecoach from central Oxford every 15 minutes,≈£3-8 single/day ticket (estimated),Official Bicester Village directions list the Stagecoach bus from central Oxford every 15 minutes; check Stagecoach for live timetables and fares.,active,3
bicester-chauffeur,bicester-village,taxi,Official Chauffeur Partner,≈1h 20-2h from central London by chauffeur/taxi (estimated),Confirm with provider,"Official Bicester Village directions list local taxis from Bicester plus London and Oxford chauffeur/taxi providers; fares vary by vehicle class, pickup and demand.",active,4
bicester-airport,bicester-village,airport,Heathrow / Birmingham airport road access,Less than 1 hour by car from Heathrow or Birmingham International; about 2 hours from Gatwick or Stansted,"Confirm airport taxi, rail or transfer fare",Official Bicester Village directions include airport driving access; use official airport ground transport or rail to London/Oxford/Bicester for onward travel.,active,5
cheshire-oaks-car,cheshire-oaks,car,Car / Parking,"Under 1 hour from Chester, Liverpool and Manchester",Free parking,"Official McArthurGlen plan-your-visit page lists Cheshire Oaks as under an hour's drive from Chester, Liverpool and Manchester, with Kinsey Road, Ellesmere Port CH65 9JJ as the centre address.",active,1
cheshire-oaks-train-bus,cheshire-oaks,train,Train & Bus,≈35-50 min from Liverpool/Chester rail gateways with onward bus (estimated),Rail fare varies; onward bus ≈£2-5 single (estimated),Official McArthurGlen directions confirm Cheshire Oaks is accessible by public transport via train and bus; use National Rail and local bus operators for current connections to Ellesmere Port/Chester and the outlet.,active,2
cheshire-oaks-bus,cheshire-oaks,bus,Local bus to Cheshire Oaks,≈15–30 min from Ellesmere Port or Chester rail/bus gateways (estimated),Check official local bus fare,Official McArthurGlen directions state Cheshire Oaks is accessible by public transport via bus as well as train. Use official local bus operators for current services to the outlet before travelling.,active,3
cheshire-oaks-plane,cheshire-oaks,airport,Airport Access,≈35-50 min by road from Liverpool John Lennon Airport; ≈40-60 min from Manchester Airport (estimated),Taxi/transfer ≈£45-90 (estimated),Official McArthurGlen directions include plane access; use the airport or chosen transfer provider to confirm live travel times and fares.,active,4
york-designer-outlet-car-parking,york-designer-outlet,car,Car / Parking,15 minutes from York; 40 minutes from Leeds; 45 minutes from Leeds Bradford Airport,Free parking,"Official McArthurGlen directions list St Nicholas Avenue / YO19 4TA, car access from York, Leeds and Leeds Bradford Airport, free on-site parking, accessible/family bays and EV charging.",active,1
york-designer-outlet-train,york-designer-outlet,train,Train,15 minutes onward by bus from York railway station,Rail fare varies; onward bus ≈£2-5 single (estimated),"Official McArthurGlen information lists York station for onward bus access to York Designer Outlet, with direct rail services to York from major UK cities.",active,2
york-designer-outlet-bus,york-designer-outlet,bus,Bus,15 minutes from York railway station / city centre by bus,≈£2-5 single (estimated),Official McArthurGlen directions list daily bus services from Selby and York city centre to York Designer Outlet; check the operator timetable before travelling.,active,3
york-designer-outlet-airport-access,york-designer-outlet,airport,Airport Access,45 minutes from Leeds Bradford Airport by road,Taxi/transfer ≈£70-110 (estimated),Official McArthurGlen directions reference Leeds Bradford Airport road access; confirm current fares with your chosen taxi or transfer provider.,active,4
york-designer-outlet-cycle,york-designer-outlet,walking,Cycle,≈20-30 min cycle from York city centre (estimated),Free,Official McArthurGlen directions include cycle access; confirm current route and cycle parking details before travelling.,active,5
ashford-designer-outlet-car-parking,ashford-designer-outlet,car,Car / Parking,"Easy access from M20 Junctions 9, 10 or 10a",£3 every four hours,"Official McArthurGlen pages list Kimberley Way TN24 0SD, access from the M20 via Junctions 9, 10 or 10a and the A20, A2070 and A28; parking is free up to 30 minutes, for Blue Badge holders and after 5pm.",active,1
ashford-designer-outlet-train,ashford-designer-outlet,train,Train via Ashford International,38 minutes from London; station is under 5 minutes' walk,Check official timetable,Official McArthurGlen pages say Ashford Designer Outlet is 38 minutes by train from London and Ashford International is less than a five minute walk; exit from the international side and follow centre signage.,active,2
ashford-designer-outlet-coach,ashford-designer-outlet,bus,Coach,≈1-2 hours from London / Kent coach origins (estimated),Confirm with provider,Official McArthurGlen plan-your-visit information lists coach access; use the coach operator or Guest Services to confirm current drop-off and booking details; estimated durations vary by origin and traffic.,active,3
ashford-designer-outlet-cycle-walking,ashford-designer-outlet,walking,Cycling / Walking,Under 5 minutes' walk from Ashford International,Free,"Official McArthurGlen pages list cycling and walking access, with the rail station less than a five minute walk from the centre.",active,4
ashford-airport,ashford-designer-outlet,airport,London airports via rail to Ashford International,≈1h 30-2h 30 via London rail connections from major London airports (estimated),Check official airport rail and National Rail fare,"Use official airport rail/coach links into London, then National Rail high-speed services to Ashford International; no dedicated airport shuttle is published.",active,5
gloucester-quays-car-parking,gloucester-quays,car,Car / Parking,10 minutes' walk from Gloucester city centre,£3 for 0-2 hours; £5.50 for 2-4 hours; £8 for 4-6 hours; £15 for 6-24 hours,"Official getting-here page lists M5 Junction 12 northbound and Junction 11 southbound, GL1 5SH sat nav, a ticketless cashless 1,400-space 24/7 car park, Blue Badge spaces and Level 2 EV charging.",active,1
gloucester-quays-train-bus,gloucester-quays,train,Train & Bus via Gloucester,20 minutes' walk from Gloucester Station; bus station is a few minutes from the station,Check official timetable,"Official getting-here page says Gloucester Station is a 20 minute walk and Gloucester Bus Station is a few minutes from the train station, with regular routes stopping directly outside Gloucester Quays.",active,2
gloucester-quays-bus,gloucester-quays,bus,Local Bus,≈5-15 min from Gloucester Bus Station / city centre (estimated),≈£2-3 single (estimated),"Official getting-here page lists regular bus routes stopping directly outside Gloucester Quays; use Stagecoach journey planner for current routes, times and fares.",active,3
gloucester-quays-cycle-walk,gloucester-quays,walking,Cycling / Walking,10 minutes' walk from Gloucester city centre,Free,Official getting-here page says Gloucester Quays is a convenient 10 minute walk from Gloucester city centre and cycle parking is next to the car park entrance.,active,4
gloucester-quays-airport,gloucester-quays,airport,Bristol or Birmingham airports via rail/road,≈60-80 min by car from Bristol or Birmingham airports (estimated),"Confirm airport rail, coach, taxi or rental-car fare","Use official airport ground transport to Bristol/Birmingham rail stations, then National Rail to Gloucester with local walk/bus; no dedicated airport shuttle is published.",active,5
clarks-village-car-parking,clarks-village,car,Car / Parking,≈45-70 min from Bristol or Bath by car (estimated),Official council car park: £1.20 for 1 hour; £3.50 for 5 hours; £5.80 all day,"Official Clarks Village pages list car access, parking information, car park charges, accessible parking and the centre address at Farm Road, Street BA16 0BB; Somerset Council publishes the nearby Mendip Clarks Village car park charges.",active,1
clarks-village-bus,clarks-village,bus,Bus,≈1h 20-1h 35 from Bristol by First Bus 376; ≈30-45 min from Wells (estimated),≈£3-8 single/day ticket (estimated),"Official getting-here page links to First Bus times for current services to Clarks Village; First Bus route 376 serves Street via Bristol, Wells and Glastonbury, so check the operator before travel.",active,2
clarks-village-train,clarks-village,train,Train / Public Transport,≈35-50 min onward from Castle Cary by bus/taxi (estimated),Rail fare varies; onward bus/taxi ≈£3-25 (estimated),"Official getting-here page links to National Rail train updates; Castle Cary is the nearest practical rail gateway, with onward bus/taxi connections to Street that should be checked before travelling.",active,3
clarks-village-airport,clarks-village,airport,Bristol Airport by road or bus connection,≈45-65 min by car from Bristol Airport (estimated),"Confirm airport bus, taxi or transfer fare",Use official Bristol Airport ground transport to Bristol or onward regional bus/taxi connections toward Street; no dedicated airport shuttle is published.,active,4
dalton-park-car-parking,dalton-park,car,Car / Parking,5 minutes from Seaham; 20 minutes from Sunderland and Durham; 30 minutes from Newcastle and Middlesbrough,Free parking; EV charging 25p per kWh,"Official pages list A19 access via the B1285 for Murton, SR7 9HU sat nav, 1,500 free car spaces, disabled bays, 7 coach bays and 6 Pod Point EV chargers.",active,1
dalton-park-bus,dalton-park,bus,Bus,"≈25-55 min from Sunderland, Durham, Peterlee or Stockton (estimated)",≈£2-4 single (estimated),"Official getting-here page lists Go North East routes X6, X10, X1A, 61, 65 and term-time 861 plus Arriva route 22 serving Dalton Park; use Go North East or Arriva journey planners for live times and fares.",active,2
dalton-park-train,dalton-park,train,Train via Seaham or Durham,5 minutes by car from Seaham Station; 20 minutes by car from Durham Station,Rail fare varies; onward taxi ≈£8-15 from Seaham or ≈£25-40 from Durham (estimated),"Official getting-here page says Seaham is the nearest station, served by Northern Rail and Grand Central, and Durham Rail Station is approximately 20 minutes away by car.",active,3
dalton-park-coach,dalton-park,bus,Coach / Group Trips,Confirm with provider,Free coach parking,"Official coach page lists 7 free coach bays, a dedicated drop-off and pick-up point next to Cineworld, pre-arrival form requests 48 hours before arrival and benefits for groups of 20 or more.",active,4
dalton-park-bike,dalton-park,walking,Bike,≈15-25 min cycle from Seaham; longer routes vary (estimated),Free,"Official getting-here page lists the active travel bridge, controlled crossings over A19 slip roads and B1285, National Cycle Network 1 access, e-bike chargers and a bike shelter near KFC opposite Cineworld.",active,5
dalton-park-airport-access,dalton-park,airport,Airport Access,25 miles from Newcastle International Airport; 29 miles from Teesside International Airport; ≈35-55 min by car (estimated),Taxi/transfer ≈£55-90 (estimated),Official getting-here page lists Newcastle International Airport 25 miles north and Teesside International Airport 29 miles south; confirm onward road or taxi costs with your provider.,active,6
fleetwood-outlet-car-parking,fleetwood-outlet,car,Car / Parking,"Exit M55 at Junction 3, then take the A585 to Fleetwood",Free parking,"Official Affinity Lancashire directions list Anchorage Road, Fleetwood FY7 6AE, M55 Junction 3 then A585 access, over 700 free car parking spaces and 10 free coach parking spaces on site.",active,1
fleetwood-outlet-train-bus,fleetwood-outlet,train,"Train via Poulton-le-Fylde, then bus",Poulton-le-Fylde station is 7 miles from the outlet,Check official rail and bus fares,"Official Affinity Lancashire directions say Poulton-le-Fylde is the nearest station, 7 miles from the outlet, with onward buses 14, 74 or 75 to the centre.",active,2
fleetwood-outlet-tram,fleetwood-outlet,train,Blackpool Tramway,Fisherman's Walk tram stop is a short 5-minute walk away,Check official tram fare,"Official Affinity Lancashire directions list the Blackpool to Fleetwood tramway, with Fisherman's Walk tram stop a short five-minute walk from the outlet.",active,3
fleetwood-outlet-bus,fleetwood-outlet,bus,Bus,Services stop at the front door or nearby stops,Check official bus fare,"Official Affinity Lancashire directions list Blackpool Transport bus 1 from Blackpool to Fleetwood stopping at the front door, Archway Travel 74 at the centre entrance, and nearby services 75, 14 and 24.",active,4
livingston-designer-outlet-car-parking,livingston-designer-outlet,car,Car / Parking,Follow signs for Designer Outlet Centre or Designer Outlet 2,Pay and display or pay on foot; free from 6pm to 8am,"Official Livingston Designer Outlet directions list EH54 6QX, car parks that are pay and display or pay on foot, and free parking from 6pm to 8am with charges outside those times.",active,1
livingston-designer-outlet-bus,livingston-designer-outlet,bus,Bus,Bus terminal located in front of the outlet,Check official Traveline Scotland fare,Official Livingston Designer Outlet directions state that a bus terminal is located in front of the outlet and direct travellers to Traveline Scotland for regular services from Glasgow and Edinburgh.,active,2
livingston-designer-outlet-train-taxi,livingston-designer-outlet,train,Train via Livingston North or Livingston South,Short taxi ride from Livingston South Station,Check official ScotRail fare; confirm taxi fare locally,"Official Livingston Designer Outlet directions say ScotRail runs regular trains from Edinburgh to Livingston North and from Glasgow to Livingston South, and the outlet is a short taxi distance from Livingston South Station.",active,3
livingston-designer-outlet-airport,livingston-designer-outlet,airport,Edinburgh / Glasgow Airport Access,Approximately 30 minutes from Edinburgh Airport; approximately 60 minutes from Glasgow Airport,"Confirm airport bus, rail, taxi or transfer fare","Official Livingston Designer Outlet directions list both Edinburgh and Glasgow airports for air access, with Edinburgh Airport approximately 30 minutes away and Glasgow Airport approximately 60 minutes away.",active,4
junction-32-car-parking,junction-32-outlet,car,Car / Parking,2 minutes from M62 Junction 32,Free parking,"Official Frasers Plus Designer Outlet Leeds guest information lists access from M62 Junction 32/A639, postcode WF10 4FR, 1,400 free spaces, accessible spaces, 10 coach bays and EV charging.",active,1
junction-32-train,junction-32-outlet,train,Train,5 minutes' walk from Glasshoughton Station; Castleford is 5-10 minutes away by bus/taxi,Rail fare varies; onward bus/taxi ≈£2-10 (estimated),"Official guest information lists Glasshoughton Station a five-minute walk away on the Pontefract Line, with Castleford Station as an alternative for bus or taxi onward travel.",active,2
junction-32-bus,junction-32-outlet,bus,Bus,"≈20-45 min from Castleford, Pontefract, Wakefield or Leeds by bus (estimated)",≈£2-5 single (estimated),"Official guest information lists buses from Castleford, Pontefract, Wakefield and Leeds, with a stop directly outside Frasers Plus Designer Outlet Leeds; check West Yorkshire Metro or Arriva for current times.",active,3
junction-32-airport,junction-32-outlet,airport,Leeds Bradford Airport via road or Leeds rail/bus,≈35-55 min by car from Leeds Bradford Airport (estimated),"Confirm airport bus, rail, taxi or transfer fare","Use official Leeds Bradford Airport ground transport to Leeds for rail/bus toward Glasshoughton/Castleford, or arrange a road transfer; no dedicated airport shuttle is published.",active,4
caledonia-park-car-parking,caledonia-park,car,Car / Parking,1 minute from M6/M74/A75 Gretna exit,Free parking; 5 hour maximum stay,"Official Caledonia Park getting-here page lists DG16 5GG, brown-sign access from the M6/M74/A75 Gretna exit, free parking by the shops, disabled and parent/child spaces, 24/7 Tesla chargers and motorhome/campervan parking in North and South car parks.",active,1
caledonia-park-train,caledonia-park,train,Train,Short walk from Gretna Green station,Check official timetable,Official Caledonia Park getting-here page says Gretna Green station is a short walk away and is served by trains from Carlisle and Dumfries directions; check National Rail/ScotRail for live times and fares.,active,2
caledonia-park-bus-coach,caledonia-park,bus,Bus / Coach,On-site bus stops; Stagecoach stops on Glasgow Road,≈£2-8 single/local fare (estimated); coach fares vary,"Official Caledonia Park getting-here page lists on-site bus stops for most buses serving Carlisle, Dumfries and the surrounding area, notes Stagecoach uses Glasgow Road, and provides dedicated coach access/parking information.",active,3
caledonia-park-airport,caledonia-park,airport,Newcastle or Glasgow airports by car/rail connection,≈80-110 min by car from Newcastle or Glasgow airports (estimated),"Confirm airport rail, taxi or rental-car fare","Use official airport ground transport to Carlisle, Glasgow or Newcastle rail/bus connections, then continue to Gretna Green; no dedicated airport shuttle is published.",active,4
gunwharf-quays-car-parking,gunwharf-quays,car,Car / Parking,≈5-10 min from M275 Junction 1 after reaching Portsmouth (estimated),Official tariff: £3.50-£3.70 up to 2 hours; £9.40-£9.70 up to 7 hours; £28 up to 24 hours; premium parking £14 for up to 6 hours,"Official getting-here and parking pages list car access to PO1 3TZ and a 24-hour, seven-day car park with car park tariff, accessible parking, EV charging, QwikPark, premium parking, weekend travel advice and alternative parking information.",active,1
gunwharf-quays-train,gunwharf-quays,train,Train,Portsmouth Harbour station is next door; ≈1h 35-2h 10 from London by train (estimated),≈£15-45 rail fare (estimated),Official getting-here page lists public transport and links to National Rail train times for travel to Gunwharf Quays; use Portsmouth Harbour for the shortest walk.,active,2
gunwharf-quays-bus,gunwharf-quays,bus,Bus,≈5-20 min from central Portsmouth stops (estimated),≈£2-3 single (estimated),Official getting-here page lists public transport and links to Portsmouth bus time checks for services to Gunwharf Quays; The Hard Interchange is the closest major stop.,active,3
gunwharf-quays-park-ride,gunwharf-quays,bus,Portsmouth Park & Ride,≈11-15 min bus to The Hard / Gunwharf Quays (estimated),Official Park & Ride day ticket £5 for up to five people,Official getting-here page lists Park & Ride and links to Portsmouth Park & Ride information; Portsmouth Park & Ride publishes day-ticket pricing and serves The Hard for Gunwharf Quays.,active,4
gunwharf-quays-ferry,gunwharf-quays,ferry,Ferry,≈5 min Gosport Ferry crossing; sailings generally every 15 min (check official timetable),Official Gosport Ferry adult 10-trip £22.40; combined daily return bus & ferry £6.10,Official Gunwharf Quays pages describe ferry access; Gosport Ferry publishes current running times and ticket prices for the short crossing to Portsmouth Harbour.,active,5
gunwharf-quays-bike,gunwharf-quays,walking,Bike,≈10-20 min cycle from central Portsmouth areas (estimated),Free,Official getting-here page lists bike access to Gunwharf Quays; confirm current cycle routes and cycle parking details before travelling.,active,6
gunwharf-quays-airport,gunwharf-quays,airport,Southampton or Gatwick airports via rail/road,≈30-45 min by car from Southampton Airport; rail via Portsmouth Harbour check official timetable,Check official rail fare or airport taxi/transfer fare,"Use official Southampton or Gatwick airport rail links to Portsmouth Harbour or Portsmouth & Southsea, then walk or use local transport; no dedicated airport shuttle is published.",active,7
the-galleria-outlet-car-parking,the-galleria-outlet,car,Car / Parking,≈5-15 min from central Hatfield; ≈25-45 min from central London by car (estimated),Check official parking tariffs,Official The Galleria information lists sat nav AL10 9TF and car park entrances on both roundabouts; use the official parking page for current tariffs before travelling.,active,1
the-galleria-outlet-train-bus,the-galleria-outlet,train,"Train via Hatfield, then bus/taxi","≈25-35 min train from London King's Cross to Hatfield, plus ≈10-20 min onward bus (estimated)",Check official timetable,Official travel information lists rail access via Hatfield; use National Rail for the train and Uno or local operators for the onward bus to The Galleria.,active,2
the-galleria-outlet-bus,the-galleria-outlet,bus,Local Bus,≈10-25 min from Hatfield Station / town centre (estimated),≈£2-4 single (estimated),Official and Uno operator information list buses stopping at The Galleria; check the operator timetable for current services and fares.,active,3
galleria-airport,the-galleria-outlet,airport,Luton / Stansted / Heathrow airport access,≈30-45 min by car from Luton Airport; longer from Stansted or Heathrow (estimated),"Confirm airport bus, rail, taxi or transfer fare",Use official airport ground transport to Hatfield rail/bus connections or a road transfer; no dedicated airport shuttle is published.,active,4
springfields-outlet-car-parking,springfields-outlet,car,Car / Parking,≈5-10 min from Spalding town centre; access via A16/Camel Gate (estimated),Confirm with provider,"Official map-directions page lists PE12 6EU, Camel Gate access from the A16 and three on-site car parks; check the official parking page for current charges.",active,1
springfields-outlet-bus,springfields-outlet,bus,Bus,≈10-15 min from Spalding Railway Station / Bus Station (estimated),≈£2-4 single (estimated),Official page says Springfields is a short distance from Spalding Bus Station and has an on-site bus stop; check the bus operator timetable before travelling.,active,2
springfields-outlet-train-bus,springfields-outlet,train,"Train via Spalding, then bus/taxi",≈10-15 min onward bus/taxi from Spalding Railway Station (estimated),Check official rail timetable; onward bus ≈£2-4 single (estimated),Official page says Springfields is a short distance from Spalding Railway Station; use National Rail for train times and the bus operator for onward services.,active,3
springfields-outlet-foot-cycle,springfields-outlet,walking,Foot / Cycle,≈20-30 min walk or ≈5-10 min cycle from Spalding town centre / station (estimated),Free,Official page says Springfields is a short distance from Spalding Town Centre and provides bike racks by the Main Car Park and Camel Gate.,active,4
springfields-airport,springfields-outlet,airport,East Midlands or Stansted airports by road/rail,≈80-110 min by car from East Midlands or Stansted airports (estimated),"Confirm airport rail, coach, taxi or rental-car fare","Use official airport ground transport to rail connections for Spalding, then local bus/taxi to Springfields; no dedicated airport shuttle is published.",active,5
the-boulevard-banbridge-car-parking,the-boulevard-banbridge,car,Car / Parking,≈30-40 min from Belfast; ≈80-100 min from Dublin (estimated),Free parking,"Official getting-here page lists A1 Belfast to Dublin road access and over 1,300 free car and coach parking spaces with parent-and-child and disabled spaces.",active,1
the-boulevard-banbridge-train-bus-taxi,the-boulevard-banbridge,train,"Train to nearby station, then bus/taxi","≈25-40 min train from Belfast to Lisburn/Portadown, plus ≈20-35 min onward bus/taxi (estimated)",Check official timetable,"Official page lists Belfast-Dublin and Belfast-Portadown rail services, with closest stations Lisburn, Portadown, Lurgan, Moira and Newry; use Translink for current rail and onward connections.",active,2
the-boulevard-banbridge-dedicated-bus-public-transport,the-boulevard-banbridge,bus,Dedicated Bus / Public Transport,≈45-70 min from Belfast Europa / Great Victoria Street to Banbridge Outlet Park (estimated),Check official timetable,"Official page says to use Translink and select 'Banbridge, Outlet Park (The Boulevard)' as the destination, and also links Bus Éireann for Republic of Ireland journeys.",active,3
banbridge-airport,the-boulevard-banbridge,airport,Belfast airports via road or bus connection,≈30-45 min by car from Belfast International or Belfast City Airport (estimated),"Confirm airport bus, taxi or transfer fare","Use official Belfast airport ground transport to Belfast, then coach/bus or road transfer toward Banbridge; no dedicated airport shuttle is published.",active,4
bridgend-designer-outlet-car-parking,bridgend-designer-outlet,car,Car / Parking,30 minutes from Cardiff and Swansea,Free parking,"Official McArthurGlen pages list access at M4 Junction 36, 30 minutes from Cardiff and Swansea, EV charging and free parking with no time limits.",active,1
bridgend-designer-outlet-train-bus,bridgend-designer-outlet,train,"Train via Bridgend, then bus",15-minute bus ride from Bridgend station,Check official rail timetable; onward bus ≈£2-3 single (estimated),Official McArthurGlen travel guide says Bridgend train station is a 15-minute bus ride from the outlet; check rail and local bus operators before travelling.,active,2
bridgend-designer-outlet-bus,bridgend-designer-outlet,bus,Local Bus,15 minutes from Bridgend station,≈£2-3 single (estimated),"Official McArthurGlen travel guide lists onward bus access from Bridgend train station; use the local bus operator for current routes, times and fares.",active,3
bridgend-designer-outlet-airport-access,bridgend-designer-outlet,airport,Airport Access,≈30-45 min from Cardiff Airport by car/taxi (estimated),≈£45-70 taxi (estimated),Official information references Cardiff International Airport road access; confirm current fares and availability with your chosen airport transfer provider.,active,4
east-midlands-designer-outlet-car-parking,east-midlands-designer-outlet,car,Car / Parking,≈5 min from M1 Junction 28; ≈20-35 min from Nottingham/Derby/Chesterfield by car (estimated),Free parking,"Official Frasers Plus East Midlands address is Mansfield Road, South Normanton DE55 2JW; official visitor information lists car access, free parking and EV charging.",active,1
east-midlands-designer-outlet-bus,east-midlands-designer-outlet,bus,Bus,Less than 15 min from Alfreton station on the nines; ≈60-90 min from Nottingham with connections (estimated),≈£2-7 single/day ticket (estimated),Official centre and Trent Barton information list bus access to East Midlands Designer Outlet; Trent Barton lists the nines serving East Midlands Designer Outlet South.,active,2
east-midlands-designer-outlet-train-bus,east-midlands-designer-outlet,train,"Train via Alfreton, then bus",Less than 15 min onward bus from Alfreton station; rail time varies by origin,Check official rail timetable; onward bus ≈£2-4 single (estimated),Official transport information lists rail access via local stations with onward bus; Trent Barton says passengers can connect at Alfreton with the nines to East Midlands Designer Outlet.,active,3
east-midlands-airport,east-midlands-designer-outlet,airport,East Midlands Airport by road or regional bus/taxi,≈25-40 min by car from East Midlands Airport (estimated),"Confirm airport bus, taxi or rental-car fare",Use official East Midlands Airport ground transport and regional bus/taxi connections toward South Normanton; no dedicated airport shuttle is published.,active,4
swindon-designer-outlet-car-parking,swindon-designer-outlet,car,Car / Parking,≈10-20 min from M4 Junction 16 (estimated),Free 15 min; £2.50 for first 5 hours; £12 longer; free with £100+ spend,"Official Designer Outlet Swindon page lists Kemble Drive SN2 2DY, access just off M4 Junction 16, parking open 05:00-23:00 and validated free parking when spending £100+ on site.",active,1
swindon-designer-outlet-train,swindon-designer-outlet,train,Train via Swindon,15 minutes walk from Swindon station,Check official rail fare,Official Designer Outlet Swindon page says the outlet is a 15-minute walk from Swindon train station and the town centre; follow the street markings.,active,2
swindon-designer-outlet-bus,swindon-designer-outlet,bus,Bus,≈5-15 min from Swindon town centre / bus station (estimated),≈£2-4 single (estimated),Official Designer Outlet Swindon page lists public transport access; use the current Swindon bus timetable for live routes and fares.,active,3
swindon-designer-outlet-foot-cycle,swindon-designer-outlet,walking,Foot / Cycle,15 minutes walk from Swindon station and town centre,Free,"Official Designer Outlet Swindon page says the outlet is a 15-minute walk from Swindon train station and the town centre, with cycle parking in the North A Car Park.",active,4
swindon-airport,swindon-designer-outlet,airport,Heathrow or Bristol airports by road/rail,≈60-75 min by car from Heathrow or Bristol airports (estimated),"Confirm airport coach, rail, taxi or rental-car fare","Use official airport coach/rail links to Swindon station, then local bus/walk/taxi to the outlet; no dedicated airport shuttle is published.",active,5
west-midlands-designer-outlet-car-parking,west-midlands-designer-outlet,car,Car / Parking,30 minutes from Birmingham City Centre,Free parking,"Official McArthurGlen directions list Eastern Way, Cannock WS11 7JZ, car access, free parking and a 30-minute drive from Birmingham City Centre.",active,1
west-midlands-designer-outlet-electric-charge-points,west-midlands-designer-outlet,car,Electric Charge Points,On site,Confirm with provider,Official plan-your-visit page lists electric charge points; confirm live charger pricing and availability with the provider before travelling.,active,2
west-midlands-designer-outlet-train,west-midlands-designer-outlet,train,Train via Cannock,5-10 minutes walk from Cannock station; ≈50 min from Birmingham New Street (estimated),Check official rail fare,Official McArthurGlen directions list train access via Cannock; West Midlands Railway says the outlet is a 5-10 minute walk from Cannock station.,active,3
west-midlands-designer-outlet-bus,west-midlands-designer-outlet,bus,Bus,On-site stops; Cannock Bus Station 9 minutes walk,≈£2-4 single (estimated),"Official McArthurGlen directions list bus access; Transport for West Midlands lists routes X51, 60, 60A, 23, 25 and 26 serving outlet or nearby stops.",active,4
west-midlands-designer-outlet-coach-group-bookings,west-midlands-designer-outlet,bus,Coach / Group Bookings,Confirm with provider,Confirm with provider,"Official plan-your-visit page lists coach and group bookings; confirm trip timings, drop-off and group rates with the centre or coach provider.",active,5
west-midlands-airport,west-midlands-designer-outlet,airport,Birmingham Airport via rail/road,≈35-50 min by car from Birmingham Airport; rail via Birmingham/Cannock check official timetable,Check official rail fare or airport taxi/transfer fare,"Use official Birmingham Airport rail access to Birmingham International, then rail/bus via Birmingham and Cannock or a road transfer; no dedicated airport shuttle is published.",active,6
icon-outlet-at-the-o2-tube,icon-outlet-at-the-o2,train,Tube via North Greenwich,≈15-25 min from central London Jubilee line origins (estimated),Check official TfL fare,Official The O2 and outlet pages list North Greenwich on the Jubilee line for access to Outlet Shopping at The O2; use TfL for live service and fares.,active,1
icon-outlet-at-the-o2-bus,icon-outlet-at-the-o2,bus,Bus,Check official TfL timetable,£1.75 adult bus fare,Official The O2 travel information lists bus access to North Greenwich; check current TfL timetables and service status before travelling.,active,2
icon-outlet-at-the-o2-car-parking,icon-outlet-at-the-o2,car,Car / Parking,≈20-45 min from central London (estimated),4 hours free with £35+ outlet spend validation; otherwise confirm with provider,"Official Outlet Shopping at The O2 page lists SE10 0DX, Car Parks 2, 3 or 4, over 2,000 spaces and a four-hour free parking offer when eligible spend is validated.",active,3
icon-outlet-at-the-o2-boat,icon-outlet-at-the-o2,ferry,Boat via North Greenwich Pier,North Greenwich Pier is 5 minutes from main entrance; boats every 10-20 minutes,Check official boat fare,"Official The O2 and Uber Boat pages list river access via North Greenwich Pier, a 5-minute walk from the main entrance, with services every 10-20 minutes.",active,4
icon-outlet-at-the-o2-airport-access,icon-outlet-at-the-o2,airport,Airport Access,≈45-90 min from major London airports (estimated),≈£8-15 by public transport from London airports (estimated),"Official The O2 travel page says London airports are connected via tube and rail services; plan the live route with TfL, rail and airport operators.",active,5
lakeside-village-car-parking,lakeside-village,car,Car / Parking,≈5-10 min from Doncaster town centre (estimated),Free parking,"Official Lakeside Village getting-here page links free parking and directions for car access at White Rose Way, Doncaster.",active,1
lakeside-village-bus-park-ride,lakeside-village,bus,Bus / Park & Ride,Buses approximately every 15 minutes to Doncaster town centre,≈£2-4 single (estimated),"Official getting-here page lists White Rose Way 70 Park and Ride and local bus services, with buses approximately every 15 minutes to Doncaster town centre; check Travel South Yorkshire for live details.",active,2
lakeside-village-train,lakeside-village,train,Train via Doncaster,≈15-25 min onward bus/taxi from Doncaster station (estimated),Check official rail fare; onward bus ≈£2-4 single (estimated),Official getting-here page references Doncaster town centre bus connections; use National Rail and Travel South Yorkshire for rail plus onward bus details.,active,3
lakeside-village-airport,lakeside-village,airport,Doncaster Sheffield-area airport alternatives via rail/road,"≈60-90 min by car from Leeds Bradford, East Midlands or Manchester airports (estimated)","Confirm airport rail, coach, taxi or rental-car fare","Use official airport ground transport to Doncaster rail/bus connections, then local bus/taxi to Lakeside Village; no dedicated airport shuttle is published.",active,4
london-designer-outlet-car-parking,london-designer-outlet,car,Car / Parking,≈30-60 min from central London (estimated),Non-event Red/Pink parking £2.50 for 0-1h; £6.50 for 4-5h; £28 for 12-24h,Official getting-here and FAQ pages list Wembley Park Red Car Park opposite the LDO main entrance; Wembley Park publishes non-event tariffs and notes event-day rates may differ.,active,1
london-designer-outlet-train,london-designer-outlet,train,Train via Wembley Stadium,9 minutes from London Marylebone,Check official rail fare,Official London Designer Outlet getting-here page says Wembley Stadium is the closest station and LDO is 9 minutes by train from London Marylebone.,active,2
london-designer-outlet-tube,london-designer-outlet,train,Tube via Wembley Park,12 minutes from Baker Street; 19 minutes from Bond Street,Check official TfL fare,"Official London Designer Outlet and Wembley Park pages list Wembley Park on the Jubilee and Metropolitan lines, including direct West End and City services.",active,3
london-designer-outlet-bus,london-designer-outlet,bus,Bus,≈10-30 min from nearby north-west London hubs (estimated),£1.75 adult bus fare,"Official London Designer Outlet page lists multiple bus routes serving the centre, including 18, 83, 92, 182, 206, 223, 224 and 297; check TfL before travelling.",active,4
london-designer-outlet-cycle-walking,london-designer-outlet,walking,Cycle / Walking,10 minutes walk from Wembley Park or Wembley Stadium stations,Free,Official London Designer Outlet homepage lists the centre as 10 minutes walk from Wembley Park or Wembley Stadium stations and the getting-here page lists walking and bicycle access.,active,5
london-designer-outlet-airport,london-designer-outlet,airport,Heathrow / London airports via rail or Underground,≈30-45 min by car from Heathrow; Underground/rail via central London check official timetable,Check official TfL/rail fare or airport taxi fare,Use official London airport ground transport and TfL/National Rail connections to Wembley Park or Wembley Stadium; no dedicated airport shuttle is published.,active,6
braintree-village-car,braintree-village,car,"Car to Charter Way, Chapel Hill",Check live traffic,Road costs vary; parking terms apply,"Official Braintree Village pages list the address as Charter Way, Chapel Hill, Braintree, Essex CM77 8YH and provide live traffic updates from the getting-here page.",active,1
braintree-village-parking,braintree-village,car,Free outlet shopper parking,On site,Free for up to 6 hours for outlet shoppers,"Official parking information says Braintree Village has two car parks with over 1,660 spaces, including accessible, family and coach spaces; shoppers staying over 6 hours should validate parking at Guest Services.",active,2
braintree-village-train,braintree-village,train,Train updates via National Rail,Check official National Rail timetable,Check official rail fare,The official getting-here page includes train access and links to National Rail train updates; verify the current rail route to Braintree before travel.,active,3
braintree-village-bus,braintree-village,bus,Bus updates via Stephensons of Essex,Check official bus timetable,Check official bus fare,The official getting-here page includes bus access and links to Stephensons of Essex bus times; confirm the current route and stop before travel.,active,4
las-rozas-car,las-rozas-village,car,Car / Complimentary Parking,30 min from Madrid,Free parking,"Official Las Rozas Village directions state the Village is just 30 minutes from Madrid by car, with complimentary on-site parking.",active,1
las-rozas-train,las-rozas-village,train,Cercanías Train to El Pinar de Las Rozas,25 min by train + 3 km taxi transfer,≈€2–5 train + taxi transfer (estimated),"Official Village directions recommend C8A, C8B or C10 from Madrid Atocha to El Pinar de Las Rozas, then a short taxi for the final 3 km; check Renfe for current times.",active,2
las-rozas-bus,las-rozas-village,bus,Bus 625 / 628 / 629 from Moncloa,about 30 min,≈€2–4 (estimated),"Official Village directions list Moncloa Exchanger bus lines 625, 628 and 629 arriving in front of Las Rozas Village; confirm the current CRTM timetable before travelling.",active,3
las-rozas-taxi,las-rozas-village,taxi,Taxi / Ride-hailing from Central Madrid,30–40 min,roughly €35,Official Village directions state taxis from central Madrid take approximately 30 to 40 minutes and cost roughly €35; check the fare before travelling.,active,4
las-rozas-airport,las-rozas-village,airport,Madrid Airport via Madrid public transport or road transfer,≈30-45 min by car from Madrid Airport; metro/train/bus via Madrid check official timetable,Confirm CRTM/Renfe fare or airport taxi/transfer fare,"Use official Madrid Airport transport into Madrid for bus 625/628/629 or Cercanías connections, or arrange a taxi/transfer; no dedicated airport-to-village shuttle is published.",active,5
malaga-car,designer-outlet-malaga,car,Car / Free Parking,5 min from airport / 15 min from Málaga city centre / 35 min from Marbella,Free parking,"Official centre directions state the outlet is a 5-minute car journey from Málaga Airport, 15 minutes from Málaga city centre and 35 minutes from Marbella; parking is free with no time limit.",active,1
malaga-airport,designer-outlet-malaga,train,Airport Train Access,one stop from airport,€1.80,Official centre directions state the on-site train links Málaga Airport to the centre in one stop; Renfe Cercanías Málaga single tickets for zones 1/2 are €1.80.,active,2
malaga-train,designer-outlet-malaga,train,RENFE Cercanías C1 to Plaza Mayor,≈10–15 min from Málaga centre (estimated),€1.80,"Official services list RENFE Cercanías C1 to Plaza Mayor station, next to Designer Outlet Málaga; Renfe lists Málaga Centro, Málaga-María Zambrano, Aeropuerto and Plaza Mayor on line C1.",active,3
malaga-bus,designer-outlet-malaga,bus,EMT Málaga Line 5 to Plaza Mayor,≈35–50 min (estimated),≈€1.40–2 (estimated),Official services list Line 5 towards Plaza Mayor and stop #2267/Plaza Mayor beside the centre; confirm current EMT Málaga times before travelling.,active,4
malaga-airport-access,designer-outlet-malaga,airport,Málaga Airport one-stop train or road access,One Cercanías stop from Málaga Airport; 5 min by car,€1.80 train fare; taxi/transfer varies,Official centre directions list Málaga Airport one stop away by RENFE Cercanías C1 and about five minutes by car; confirm current Renfe times before travel.,active,5
viladecans-car,viladecans-the-style-outlets,car,Car to Ctra. de la Vila,≈10-15 min from Barcelona-El Prat Airport or central Barcelona depending on traffic,"Fuel, tolls and provider costs vary","Use the official Viladecans The Style Outlets directions to Ctra. de la Vila 90, Viladecans; check traffic before departure.",active,1
viladecans-parking,viladecans-the-style-outlets,car,Centre parking,On site,Check official parking page,The centre publishes an official parking page; follow on-site signs and confirm current parking rules before travel.,active,2
viladecans-train,viladecans-the-style-outlets,train,Rodalies train to Viladecans,Station is near the centre; train timing varies,Check official Rodalies/Renfe fare,"Use official Rodalies/Renfe services to Viladecans station, then follow the signed short walk to the outlet; verify current line and timetable before travel.",active,3
viladecans-bus,viladecans-the-style-outlets,bus,Metropolitan bus to Viladecans,Check official AMB/ATM timetable,Check official AMB/ATM fare,Plan bus access with the official Barcelona metropolitan transport operators for stops serving Ctra. de la Vila and Viladecans station; verify the current route before travel.,active,4
viladecans-airport,viladecans-the-style-outlets,airport,Barcelona-El Prat Airport access,≈10 min by car/taxi; public transport via official Barcelona-area services varies,Check official airport transport or taxi/transfer fare,"The outlet is close to Barcelona-El Prat Airport; use official airport ground transport, taxi or Barcelona-area public transport and confirm the route before travel.",active,5
la-roca-car-parking,la-roca-village,car,By Car / Free Parking,About 40 min from Barcelona,Free parking; check EV charging terms,"The official Village getting-here page lists free parking and electric car charging points at La Roca Village, Santa Agnès de Malanyanes. Check current access information before travel.",active,1
la-roca-shopping-express,la-roca-village,shuttle,Shopping Express from Barcelona,Check official Shopping Express timetable,Check official Shopping Express fare,La Roca Village's official Shopping Express coach runs from Barcelona Estació del Nord direct to the Village. Book ahead and check the official timetable/fare before travel.,active,2
la-roca-sagales-bus,la-roca-village,bus,Sagalés regional bus,Check official Sagalés timetable,Check official Sagalés fare,"Use official Sagalés route planning for regional bus service to the La Roca Village / Centro Comercial area; confirm the exact stop, timetable, and fare before travel.",active,3
la-roca-airport,la-roca-village,airport,Barcelona-El Prat Airport,About 40 km by road,Check onward transport fare,"Use Barcelona-El Prat Airport, then continue by car, official coach/bus connections via Barcelona, or a confirmed transfer. No dedicated airport shuttle was verified; check official fares before travel.",active,4
mallorca-fashion-outlet-car-parking,mallorca-fashion-outlet,car,Car / Free Parking,About 10 min from Palma,Free parking,"Official Mallorca Fashion Outlet information places the centre on Autovía Palma-Inca, km 7.1, exit 8 and states it is just 10 minutes from Palma with free parking; check live road conditions before travel.",active,1
mallorca-fashion-outlet-train,mallorca-fashion-outlet,train,SFM Train Access,Check official SFM timetable,Check official SFM fare,"The official centre services list a train station. Use official SFM Mallorca rail information for the current stop, timetable and fare before travelling.",active,2
sevilla-fashion-outlet-car-parking,sevilla-fashion-outlet,car,Car / Free Parking,About 15 min from Sevilla,Free parking,"Official Sevilla Fashion Outlet information places the centre at Polígono Industrial Los Espartales by the A-4, km 531 and states it is only 15 minutes from Sevilla with free parking.",active,1
sevilla-fashion-outlet-airport,sevilla-fashion-outlet,airport,Sevilla Airport Road Access,Short road transfer; timing varies by traffic,"Taxi, ride-hail or car costs vary","The official outlet homepage describes the centre as next to the airport. Use official Sevilla Airport ground transport plus taxi, ride-hail or rental car for the last-mile road transfer; no dedicated airport shuttle was verified.",active,2
coruna-the-style-outlets-car,coruna-the-style-outlets,car,Car to Avenida de Alvedro,Check live traffic,Road costs vary; parking is free,"The official directions page lists car access and places Coruña The Style Outlets at Avenida de Alvedro 5, Nacional 550 km 9.5, beside the airport in Culleredo; check live traffic before travel.",active,1
coruna-the-style-outlets-parking,coruna-the-style-outlets,car,Free Centre Parking,On site,Free parking,"The official parking page states Coruña The Style Outlets has free customer parking with more than 1,000 car spaces, plus motorcycle and bicycle parking areas.",active,2
coruna-the-style-outlets-public-transport,coruna-the-style-outlets,bus,Public Transport to Culleredo,Check official operator timetable,Check official operator fare,The official directions page lists public-transport access for Coruña The Style Outlets. Plan current bus or rail access with official A Coruña-area transport operators before travelling.,active,3
coruna-the-style-outlets-airport,coruna-the-style-outlets,airport,A Coruña Airport Access,Beside the airport; last-mile timing varies,Check official airport transport or taxi fare,"The official directions page describes Coruña The Style Outlets as beside the airport. Use official A Coruña Airport ground transport, taxi or car access for the last mile.",active,4
getafe-the-style-outlets-car,getafe-the-style-outlets,car,Car to Avenida Río Guadalquivir,Check live traffic,Road costs vary; check centre parking terms,"The official Getafe The Style Outlets access page lists car access and the centre address at Avenida Río Guadalquivir 15, Getafe; follow the official route and current road conditions.",active,1
getafe-the-style-outlets-public-transport,getafe-the-style-outlets,bus,Public Transport to Getafe,Check official Madrid transport planner,Check official CRTM fare,The official access page lists public-transport access for Getafe The Style Outlets. Plan the current bus or rail connection with official Madrid transport operators before travelling.,active,2
san-sebastian-de-los-reyes-the-style-outlets-car,san-sebastian-de-los-reyes-the-style-outlets,car,Car to Calle Salvador de Madariaga,Check live traffic,Road costs vary; check centre parking terms,The official San Sebastián de los Reyes The Style Outlets access page lists car access and the centre address at Calle Salvador de Madariaga s/n; follow the official route and current road conditions.,active,1
san-sebastian-de-los-reyes-the-style-outlets-public-transport,san-sebastian-de-los-reyes-the-style-outlets,bus,Public Transport to San Sebastián de los Reyes,Check official Madrid transport planner,Check official CRTM fare,"The official access page lists public-transport access for San Sebastián de los Reyes The Style Outlets. Plan the current bus, metro or rail connection with official Madrid transport operators before travelling.",active,2
sambil-madrid-car,sambil-madrid,car,Car via M-40 exit 30,Check live traffic,Road costs vary; check centre parking terms,"The official Sambil Madrid contact page lists car access from exit 30 of the M-40 to C/ de Mondragón s/n, Leganés.",active,1
sambil-madrid-metro,sambil-madrid,train,Metro Line 11 to La Fortuna,Check official Metro/CRTM timetable,Check official CRTM fare for zone B1,The official Sambil Madrid contact page lists Metro line 11 to La Fortuna; CRTM confirms La Fortuna is in fare zone B1 and connects with Metro 11.,active,2
sambil-madrid-bus,sambil-madrid,bus,Bus 1 / 486 / 487 / N802,Check official CRTM timetable,Check official CRTM fare,"The official Sambil Madrid contact page lists bus 1, 486, 487 and N802, and CRTM lists these routes as La Fortuna station correspondences; verify the current stop and timetable before travel.",active,3
foxtown-car,foxtown-factory-stores,car,By Car / Parking,≈20 min from Lugano / ≈50 min from Milan (estimated),Confirm parking conditions with the centre,"FoxTown's official visit page says the centre is a few minutes from the Italian border and can be reached by car. Use Via Angelo Maspoli 18, 6850 Mendrisio and confirm current parking conditions before travelling.",active,1
foxtown-train,foxtown-factory-stores,train,By Train to Mendrisio S. Martino,Directly connected to Mendrisio S. Martino station; ≈20 min from Lugano / ≈2 hr 15 min from Zürich HB (estimated),Check official SBB timetable,FoxTown's official train page says the centre is directly connected to Mendrisio S. Martino railway station. Book and verify live connections on SBB; public-transport visitors can use the Green Ticket promotion for 10% off participating stores.,active,2
foxtown-bus,foxtown-factory-stores,bus,"By Bus to Mendrisio, Via Morèe",AMSA line 2 runs about every 30 min; check official timetable,Check official PostBus or AMSA fare,"FoxTown's official bus page lists Autopostale/PostBus and AMSA line 2 to the Mendrisio, via Morèe stop. AMSA line 2 operates daily from 05:48 to 23:49 with about 30-minute frequency.",active,3
foxtown-airport,foxtown-factory-stores,airport,Airport Access,≈25 min from Lugano Airport / ≈45-60 min from Milan Malpensa (estimated),Confirm onward transport with provider,"Use Lugano Airport for regional access or Milan Malpensa for wider international service, then continue by rental car, taxi, rail, or bus according to the latest official provider schedules.",active,4
foxtown-major-city,foxtown-factory-stores,train,Nearby Major City Access,≈20 min from Lugano / ≈50 min from Milan by car; ≈2 hr 15 min from Zürich HB by train (estimated),Check official SBB or operator fare,"For Lugano, Milan, Como, or Zürich, compare SBB/TILO rail connections with road travel to Mendrisio before departure.",active,5
landquart-car,landquart-fashion-outlet,car,By Car / Parking,≈1 hr 10 min from Zürich / ≈1 hr from St. Gallen (estimated),Confirm visitor parking conditions with the centre,"The official directions page lists 1,550 parking spaces directly at the centre, including the South Parking Garage, EV charging, accessible spaces, and motorhome/camper parking.",active,1
landquart-train,landquart-fashion-outlet,train,By Train to Landquart,Directly next to Landquart railway station; around 1 hr from Zurich by train,Check official SBB timetable; RailAway offers may apply,Landquart Fashion Outlet's official directions page says the outlet is directly next to Landquart railway station. The centre also advertises SBB RailAway combined offers with a VIP Pass for 10% off participating stores.,active,2
landquart-airport,landquart-fashion-outlet,airport,Airport Access,≈1 hr 10 min from Zurich Airport by car / ≈1 hr 15 min by train via Zürich HB (estimated),Check official SBB or airport onward-transport fare,Zurich Airport is the most practical major airport for Landquart. Continue by rail to Landquart station or by rental car/taxi using current airport and SBB schedules.,active,3
landquart-major-city,landquart-fashion-outlet,train,Nearby Major City Access,Around 1 hr by train from Zurich; ≈15 min from Chur (estimated),Check official SBB or RhB fare,"Use SBB or RhB services to Landquart station, then walk directly to the outlet. Check live timetables because journey times and fares vary by origin and departure.",active,4
fashion-fish-car,fashion-fish-factory-outlet,car,By Car / Paid Parking,10 min from Aarau West motorway exit (official); ≈40 min from Zurich / Basel / Lucerne (estimated),Paid parking; confirm current parking tariff with the centre,Fashion Fish's official access page says Schönenwerd is easy to reach via the A1 and A2 motorways and is 10 minutes from the Aarau West exit. Use the outdoor car park or follow signs to the underground garage in FASHION FISH base; parking and EV charging are chargeable.,active,1
fashion-fish-train,fashion-fish-factory-outlet,train,By Train to Schönenwerd,Directly next to Schönenwerd station; ≈35-45 min from Zürich HB / ≈5 min from Aarau (estimated),Check official SBB timetable,Fashion Fish's official access page says the outlet is directly next to Schönenwerd station and is optimally reachable by public transport. Plan live rail connections with SBB.,active,2
fashion-fish-bus,fashion-fish-factory-outlet,bus,Local Bus / Public Transport,Check official timetable,Check official timetable,"The official access page says Schönenwerd is reachable by train, bus, or car, but does not name a specific bus line. Use SBB or the local operator for current bus routes and fares to Schönenwerd.",active,3
fashion-fish-airport,fashion-fish-factory-outlet,airport,Airport Access,≈45 min from Zurich Airport / ≈50 min from Basel Airport by car (estimated),Confirm onward transport with provider,"Zurich Airport and Basel EuroAirport are both practical choices. Continue by rental car, taxi, or rail via Zürich HB/Basel SBB and check official provider schedules before travelling.",active,4
fashion-fish-major-city,fashion-fish-factory-outlet,train,Nearby Major City Access,≈35-45 min from Zurich / ≈35-50 min from Basel or Lucerne / ≈5 min from Aarau (estimated),Check official SBB timetable,"Fashion Fish's official access page highlights easy access from Zürich, Bern, Basel, Lucerne, Olten, and Aarau. Use SBB for current times and fares to Schönenwerd station.",active,5
roermond-car,designer-outlet-roermond,car,Car / Parking,45 min from Eindhoven or Maastricht,First 30 minutes free; full day €7; premium parking €12.50,Official centre directions state a 45-minute drive from Eindhoven or Maastricht; official services list regular and premium parking fees.,active,1
roermond-flixbus,designer-outlet-roermond,bus,FlixBus,Check official timetable,Check official timetable,"Official centre services say FlixBus offers daily rides from cities in the Netherlands, Belgium, and Germany to Roermond Station or directly to the outlet; verify live routes, times, and prices with FlixBus.",active,2
roermond-train,designer-outlet-roermond,train,Train to Roermond,1 hr 50 min from Amsterdam Central (official package); then 10-15 min walk (official/estimated),€37.50 NS off-peak day return offer; €45 Discover Holland package,"Official centre services link to NS/Discover Holland train offers. NS lists an off-peak day return to Roermond, while Discover Holland lists a package with a train e-ticket and outlet discount.",active,3
roermond-public-transport,designer-outlet-roermond,bus,Public Transport from Roermond Station,≈10-15 min walk or short local bus ride (estimated),≈€1-3 local bus fare (estimated),Official centre directions list public transport and Roermond Station access; confirm the current local bus route and departure time before travelling.,active,4
roermond-airports,designer-outlet-roermond,airport,Nearby Airports,"≈45-60 min from Eindhoven, Maastricht, or Düsseldorf airports (estimated)",Confirm with provider,"Official centre directions list nearby airports; fare varies by airport, taxi, rail, shuttle, and traffic, so confirm onward ground transport with the airport or chosen provider.",active,5
roermond-private-transfer,designer-outlet-roermond,taxi,Private Transfer,Confirm with provider,Confirm with provider,"Official centre directions list private transfer as an option; durations and fares depend on pickup point, vehicle, and provider.",active,6
roosendaal-car,designer-outlet-roosendaal,car,Car / Parking,30 min from Rotterdam or Antwerp,Full day €5,Official centre directions state Designer Outlet Roosendaal is a 30-minute drive from Rotterdam and Antwerp; official services list the full-day parking fee.,active,1
roosendaal-bus,designer-outlet-roosendaal,bus,Bus from Roosendaal Station,5 min from Roosendaal train station,≈€1-3 local bus fare (estimated),Official centre services state Roosendaal train station is a 5-minute bus ride away and list routes 112 daily and 104 Monday to Friday; check NS or the local operator for live departures.,active,2
roosendaal-train,designer-outlet-roosendaal,train,Train to Roosendaal + Local Bus,Check official timetable + 5 min bus from Roosendaal station,Check official timetable; local bus ≈€1-3 (estimated),Official centre services note frequent Nederlandse Spoorwegen services from across the country and a 5-minute bus connection from Roosendaal station; train fare and duration depend on origin and departure time.,active,3
roosendaal-airports,designer-outlet-roosendaal,airport,Rotterdam or Antwerp airport via rail/bus or car,≈45-60 min by car from Rotterdam The Hague or Antwerp airports (estimated),"Confirm airport rail/bus, taxi or rental-car fare","Use official airport ground transport to Rotterdam, Antwerp or Roosendaal rail/bus connections, then local bus to the outlet; no dedicated airport shuttle is published.",active,4
amsterdam-style-outlets-car-parking,amsterdam-the-style-outlets,car,By Car / Outlet Parking,"Use SugarCity Ring 1, Halfweg",Check official parking rate,"The official outlet page gives SugarCity Ring 1 as the address, and official SugarCity parking information says outlet visitors can use the car park under the outlet with overflow parking at peak times. Check current parking terms before travel.",active,1
amsterdam-style-outlets-train-halfweg,amsterdam-the-style-outlets,train,Train to Halfweg-Zwanenburg,Check official NS timetable,Check official NS fare,"Use official NS journey planning to Halfweg-Zwanenburg station, then walk to Amsterdam The Style Outlets. Check the official timetable/fare before travel.",active,2
amsterdam-style-outlets-bus-halfweg,amsterdam-the-style-outlets,bus,Local bus to Halfweg-Zwanenburg,Check official 9292 / Connexxion timetable,Check official operator fare,"Use official Dutch public-transport planning for buses serving Station Halfweg-Zwanenburg / Halfweg near the outlet; confirm stop, timetable, and fare before travel.",active,3
amsterdam-style-outlets-airport,amsterdam-the-style-outlets,airport,Amsterdam Schiphol Airport,Check official train/bus or road route,Check official fare,"From Schiphol, use official NS/9292 planning to Halfweg-Zwanenburg or travel by car/taxi. No dedicated airport shuttle was verified; check official timetable/fare before travel.",active,4
batavia-stad-car-parking,batavia-stad-fashion-outlet,car,By Car / Parking,"Use Bataviaplein 60, Lelystad",Check official parking rate,"The official practical-information page lists Parking & Route at Bataviaplein 60, Lelystad. Follow official route signs and check current parking terms before travel.",active,1
batavia-stad-train-bus,batavia-stad-fashion-outlet,train,Train to Lelystad Centrum + bus,Check official NS / 9292 timetable,Check official fare,"Use NS to Lelystad Centrum, then official local bus planning to Batavia Stad / Bataviaplein. Check the current bus route, timetable, and fare before travel.",active,2
batavia-stad-bus-lelystad,batavia-stad-fashion-outlet,bus,Local bus from Lelystad,Check official 9292 timetable,Check official operator fare,"Official Dutch public-transport planners list local bus options between Lelystad Centrum and the Batavia Stad area; verify the exact stop, route, timetable, and fare before travel.",active,3
batavia-stad-airport,batavia-stad-fashion-outlet,airport,Amsterdam Schiphol Airport,Check official rail/bus or road route,Check official fare,"From Schiphol, use official NS/9292 planning via Lelystad Centrum or continue by car/confirmed transfer. No dedicated official airport shuttle was verified.",active,4
maasmechelen-car,maasmechelen-village,car,Car / Free Parking,About 1 hr from Brussels; travel times vary by origin and traffic,Free parking; fuel/tolls vary,"Official Village directions list complimentary parking, EV charging points, and 1,550 parking spaces; use the official directions link or navigation to Zetellaan 100 before travelling.",active,1
maasmechelen-train-bus,maasmechelen-village,train,Train to Genk + De Lijn Bus 45,Check current NMBS/SNCB and De Lijn schedules,Check current NMBS/SNCB fares; official Village directions list a €6 De Lijn day pass,"Official directions list train access via Genk station, then De Lijn bus 45 to Maasmechelen Village; check NMBS/SNCB and De Lijn before travelling.",active,2
maasmechelen-bus,maasmechelen-village,bus,De Lijn Bus 45 from Genk or Hasselt,60 min,€6 day pass,Official Village directions state hourly De Lijn bus 45 runs from Genk or Hasselt train stations to Maasmechelen Village.,active,3
maasmechelen-shopping-express,maasmechelen-village,shuttle,Shopping Express® Brussels,Check official Shopping Express® timetable,Check official timetable,Official Village directions list a luxury Shopping Express® bus between Brussels and Maasmechelen Village on certain dates; book and confirm return time with the operator.,active,4
maasmechelen-airport,maasmechelen-village,airport,Airport Access,≈1 hr from Brussels Airport; ≈25 min from Maastricht Aachen Airport; ≈90 min from Düsseldorf Airport,Confirm with provider,"Official Village directions list Brussels Airport, Maastricht Aachen Airport, and Düsseldorf Airport driving access; confirm taxi, rental car, or transfer pricing before departure.",active,5
designer-outlet-luxembourg-car-parking,designer-outlet-luxembourg,car,Car via E411 / N81 + free parking,≈30 min from Luxembourg City; ≈15 min from Arlon (estimated),Free parking; fuel and tolls vary,"Official directions list access from Belgium, France, Luxembourg and Germany via E411/A6/E25 and N81, plus free car and bus parking at the centre.",active,1
designer-outlet-luxembourg-bus,designer-outlet-luxembourg,bus,TEC bus 16 or 20 to Messancy Outlet,≈15–25 min from Arlon station (estimated),Check TEC fare,Official directions list TEC bus 16 from Arlon/Virton/Athus and TEC bus 20 from Châtillon/Rachecourt/Arlon to the Messancy Outlet stop in front of the centre.,active,2
designer-outlet-luxembourg-train-bus,designer-outlet-luxembourg,train,Train to Arlon + TEC bus,≈45–70 min from Luxembourg City via Arlon (estimated),Check SNCB/CFL and TEC fares,"Official directions advise travellers from France or Luxembourg to take the train to Arlon station, then TEC bus 16 or 20 to Messancy Outlet.",active,3
designer-outlet-luxembourg-airport,designer-outlet-luxembourg,airport,Luxembourg Airport by car or train/bus connection,≈30–45 min from Luxembourg Airport by car (estimated),"Confirm taxi, rental car or public transport fares","Use official Luxembourg Airport ground transport to Luxembourg City, then rail to Arlon plus TEC bus, or drive via the A6/E25 and N81 route listed by the outlet.",active,4
parndorf-car,designer-outlet-parndorf,car,By Car / Free Parking,40 min from Vienna / 25 min from Bratislava / about 2 hr from Budapest,Free parking,"Use Designer Outlet Straße 1, 7111 Parndorf. The official centre offers free parking zones in and around the centre and EV charging near car park P1 and opposite adidas.",active,1
parndorf-train,designer-outlet-parndorf,train,By Train via Parndorf Ort,6 min station-bus ride from Parndorf Ort to the centre; check train timetable,Check official train timetable,"Travel by train to Parndorf Ort, then take the official train-station bus from Parndorf Ort station to the centre.",active,2
parndorf-vienna-shuttle,designer-outlet-parndorf,shuttle,Shuttle Bus from Vienna,Monday-Saturday; multiple Vienna departures and returns,Check official Vienna Sightseeing / BLAGUSS booking fare,"Designer Outlet Parndorf lists shuttle buses from Vienna, and official booking partners list service from the Vienna State Opera/Opernring area to the outlet; book ahead and confirm the selected return.",active,3
parndorf-bratislava-shuttle,designer-outlet-parndorf,shuttle,Shuttle Bus from Bratislava,Check official shuttle availability,Check official shuttle availability,"Designer Outlet Parndorf lists Bratislava shuttle access, but current public booking details can vary; verify the official outlet access page or booking partner before relying on this service.",active,4
parndorf-budapest-shuttle,designer-outlet-parndorf,shuttle,Shuttle Bus from Budapest,Check official shuttle availability,Check official shuttle availability,Designer Outlet Parndorf lists Budapest shuttle access and FlixBus also serves Parndorf Designer Outlet from Hungary; verify the current official outlet or operator booking page before travelling.,active,5
parndorf-flixbus-budapest,designer-outlet-parndorf,bus,FlixBus from Budapest,Check official FlixBus schedule,Check official FlixBus fare,The official centre lists FlixBus from Budapest. Book only a service with a suitable Designer Outlet Parndorf or Parndorf stop and verify return times.,active,6
parndorf-taxi,designer-outlet-parndorf,taxi,By Taxi,Confirm with provider,Confirm with provider,The official centre lists Taxi Parndorf service and recommends booking transport in advance.,active,7
parndorf-airports,designer-outlet-parndorf,airport,Nearby Airports,About 40 km from Vienna Airport / about 45 km from Bratislava Airport,Confirm onward transport with provider,"Use Vienna International Airport or Bratislava Airport, then continue by rental car, taxi, transfer, or public transport according to the latest official schedules.",active,8
salzburg-car-parking,designer-outlet-salzburg,car,By Car / Outlet Parking,About 10 min drive from Salzburg city,Check official parking information,"Use Kasernenstraße 1, Wals-Himmelreich. The official centre says it is a short drive from Salzburg and accessible by public transport; Salzburg's official P+R page lists the Designer Outlet car park for city access, so check current parking terms before travel.",active,1
salzburg-bus-2-10-27,designer-outlet-salzburg,bus,Salzburg trolleybus / bus,Check Salzburg Verkehr timetable,Check official Salzburg Verkehr fare,"Official Salzburg P+R information lists Obus lines 2 and 10, plus line 27, serving the Designer Outlet/Himmelreich area. Check the official timetable and fare before travel.",active,2
salzburg-airport,designer-outlet-salzburg,airport,Salzburg Airport nearby,About 1 km from Salzburg Airport,Check onward transport fare,"The outlet is next to Salzburg Airport; use official airport ground transport, taxi, local bus, or car directions and confirm current fares before travel.",active,3
freeport-lisboa-car-parking,freeport-lisboa-fashion-outlet,car,By Car / Free Parking,≈30 min from central Lisbon (estimated),Free parking; fuel/tolls vary,"Use Av. Euro 2004, 2890-154 Alcochete. The official centre address is in Alcochete, and road access from Lisbon is typically via the Vasco da Gama Bridge; check traffic before travelling.",active,1
freeport-lisboa-shuttle,freeport-lisboa-fashion-outlet,bus,Official Freeport Outlet Shuttle from Lisbon,≈30 min from Lisbon (estimated),€14 return; free for children under 12,"The official Freeport Outlet Shuttle runs daily between Lisbon and Freeport Lisboa Fashion Outlet. Tickets are sold at the official Cityrama kiosk in Marquês de Pombal and on board, and include a return ticket plus VIP Day Pass.",active,2
freeport-lisboa-bus,freeport-lisboa-fashion-outlet,bus,Carris Metropolitana Bus to Freeport,Times vary by line; plan with Carris Metropolitana,Check official Carris Metropolitana fare,"The official centre says Carris Metropolitana serves Freeport with lines 4501, 4504, 4600 and reinforced line 4702 timetables. Plan the trip on Carris Metropolitana before travelling.",active,3
freeport-lisboa-airport,freeport-lisboa-fashion-outlet,airport,Lisbon Airport Access,≈25-35 min by car/taxi from Lisbon Airport (estimated),Taxi/ride-hail ≈€30-50 (estimated); public transport fare varies,"Lisbon Airport is the practical airport for Alcochete. Continue by rental car, taxi, ride-hail, private transfer, or public transport via Lisbon according to current airport and operator information.",active,4
freeport-lisboa-major-city,freeport-lisboa-fashion-outlet,bus,Nearby Major City Access from Lisbon,≈30 min by road from Lisbon; bus times vary,Official shuttle €14 return; public bus fare check provider,"For central Lisbon, compare the official Freeport Outlet Shuttle with Carris Metropolitana services and road travel before departure.",active,5
vila-do-conde-car-parking,vila-do-conde-porto-fashion-outlet,car,By Car / Free Parking,20 min from central Porto; 10 min from Porto Airport,Free parking,"Use Avenida Fonte Cova, 4485-592 Modivas. VIA Outlets lists direct A-28 highway access, strong motorway connections, and free parking.",active,1
vila-do-conde-metro,vila-do-conde-porto-fashion-outlet,train,Metro do Porto to VC Fashion Outlet / Modivas,30 min from Porto by direct metro line,Check official Metro do Porto / Andante fare,VIA Outlets states the centre has a direct metro line to Porto in 30 minutes and direct access from the metro line. Use Metro do Porto to VC Fashion Outlet / Modivas and check current Andante fares.,active,2
vila-do-conde-shuttle,vila-do-conde-porto-fashion-outlet,bus,Shuttle availability via centre,Check official shuttle availability,Check official shuttle availability,"VIA Outlets' portfolio notes that shuttle service is available, but the public visitor page emphasizes metro, road access and parking; confirm current shuttle details directly with Vila do Conde Porto Fashion Outlet before relying on it.",active,3
vila-do-conde-airport,vila-do-conde-porto-fashion-outlet,airport,Porto Airport Access,10 min from Porto International Airport by road,Taxi/ride-hail ≈€12-25 (estimated); metro fare check operator,"VIA Outlets lists the centre 10 minutes from Porto International Airport. Continue by rental car, taxi, ride-hail, transfer, or Metro do Porto according to current airport and metro information.",active,4
vila-do-conde-major-city,vila-do-conde-porto-fashion-outlet,train,Nearby Major City Access from Porto,20 min by car / 30 min by metro from Porto,Metro fare check official operator; road costs vary,"For Porto city trips, compare the direct Metro do Porto service with road travel via the A-28. The centre is also listed as 15 minutes from Porto Cruise Terminal by VIA Outlets.",active,5
fashion-house-bucharest-car-parking,fashion-house-outlet-centre-bucharest,car,Car via A1 / West Park Militari,≈25-40 min from central Bucharest (estimated),Free parking,"The outlet record is for Fashion House Militari at the A1 Bucharest-Pitești motorway, km 13.5, West Park. Fashion House official information highlights on-site parking; allow extra time for A1 and Bucharest ring-road traffic.",active,1
fashion-house-bucharest-bus-137,fashion-house-outlet-centre-bucharest,bus,STB bus to West Park / Militari,≈40-90 min from Bucharest depending on start point (estimated),Check official STB fare,"Use official STB/TPBI journey planning for routes serving West Park or nearby Militari stops, then walk to the outlet. Public transport times vary strongly by origin and traffic, so verify the current route before travel.",active,2
fashion-house-bucharest-metro-bus,fashion-house-outlet-centre-bucharest,train,Metro toward Militari + local bus or taxi,≈45-70 min from central Bucharest (estimated),Check Metrorex and STB fares,"A practical public-transport option is Metrorex Line M3 toward the west side of Bucharest, then an official STB/TPBI bus or taxi for the final leg to West Park Militari; confirm connections on the day of travel.",active,3
fashion-house-bucharest-airport,fashion-house-outlet-centre-bucharest,airport,Bucharest Henri Coandă Airport access,≈35-60 min by car or taxi (estimated),"Confirm with official taxi, ride-hail or rental-car provider","From Bucharest Henri Coandă Airport, the simplest route is by car, official airport taxi, ride-hail or rental car via the northern ring-road/A1 approaches; no official dedicated outlet airport shuttle is published.",active,4
fashion-house-pallady-car-a2-cernica,fashion-house-outlet-centre-pallady,car,Car via Autostrada Soarelui A2 / Cernica exit,"Official source verifies the location on A2, km 15; check current map directions before departure",Not specified by official source,"Fashion House identifies Pallady at the entrance to A2, km 15, Cernica, Ilfov, and describes it as opened on Autostrada Soarelui A2, km 15 at the Cernica exit. Use current official map navigation for the final approach.",active,1
ringsted-outlet-car-parking,ringsted-outlet,car,By Car / Free Parking,Minutes from E20 exit 36; ≈40-45 min from Copenhagen (estimated),Free parking,"Use Klosterparks Allé 1, DK-4100 Ringsted. The official outlet directions say to take E20 exit 36 Ringsted N and list more than 850 free parking spaces with no time limit in front of the outlet village.",active,1
ringsted-outlet-train,ringsted-outlet,train,Train to Ringsted Station,Around 35 min from Copenhagen Central Station,Check official DSB/Rejseplanen fare,"Official directions state regional and InterCity trains stop at Ringsted Station about 4-6 times every hour, with around 35 minutes journey time from Copenhagen Central Station. Continue by local bus or walking route.",active,2
ringsted-outlet-bus,ringsted-outlet,bus,Local Bus from Ringsted Station,Short bus ride from Ringsted Station,Check official Rejseplanen / local bus fare,"Official directions list regular departures from Ringsted Station on bus routes 401A, 240, 540, 405, 408, 404 and 415. Check the linked official timetables or Rejseplanen before travelling.",active,3
ringsted-outlet-airport,ringsted-outlet,airport,Copenhagen Airport Access,≈45-55 min by car / ≈50-65 min by train via Copenhagen or direct services when available (estimated),Rail fare check official DSB/Rejseplanen; taxi/transfer fare confirm with provider,"Copenhagen Airport is the main airport for Ringsted. Use DSB/Rejseplanen for rail connections to Ringsted Station or continue by rental car, taxi, or transfer via the E20.",active,4
ringsted-outlet-major-city,ringsted-outlet,train,Nearby Major City Access from Copenhagen,Around 35 min by train from Copenhagen Central; ≈40-45 min by car (estimated),Check official DSB/Rejseplanen fare; road costs vary,"For Copenhagen trips, official outlet directions recommend train access to Ringsted Station plus a short bus ride, while road access is via the E20 motorway.",active,5
factory-ursus-car-parking,factory-ursus,car,By Car / Parking,≈20-30 min from central Warsaw (estimated),Parking check centre signage; fuel/ride-hail costs vary,"Use Plac Czerwca 1976 r. 6, 02-495 Warszawa. The official Factory Ursus access page lists car routing via Google Maps and the centre parking page; check live traffic for the S8, Aleje Jerozolimskie and local Ursus streets before travelling.",active,1
factory-ursus-train,factory-ursus,train,Train / SKM to Warszawa Ursus Północny,≈20-30 min from Warszawa Śródmieście or Central area plus ≈10 min walk (estimated),Check official ZTM/Koleje Mazowieckie fare,"Use official Warsaw public transport and rail planners for services to Warszawa Ursus Północny or nearby Ursus stations, then walk to Factory Ursus. The official outlet page points visitors to public-transport directions for the Plac Czerwca 1976 r. address.",active,2
factory-ursus-bus,factory-ursus,bus,Warsaw Public Bus to Ursus,≈30-45 min from central Warsaw depending on route and traffic (estimated),Check official ZTM fare,Plan with the official ZTM Warszawa journey planner for buses serving the Ursus-Ratusz / Plac Czerwca 1976 r. area. The outlet access page links to public-transport directions; verify the current stop and line before departure.,active,3
factory-ursus-airport,factory-ursus,airport,Warsaw Chopin Airport Access,≈15-25 min by car/taxi from Warsaw Chopin Airport; ≈35-55 min by public transport (estimated),Taxi/ride-hail ≈PLN 35-70 (estimated); public transport fare check ZTM,"Warsaw Chopin Airport is the closest major airport. Continue by taxi, ride-hail, rental car, or ZTM rail/bus connections via Warsaw; check official airport and ZTM planners for live options.",active,4
factory-ursus-major-city,factory-ursus,train,Nearby Major City Access from Warsaw Centre,≈20-30 min by train or ≈20-30 min by car from central Warsaw (estimated),Check official ZTM/Koleje Mazowieckie fare; road costs vary,"From central Warsaw, compare ZTM/Koleje Mazowieckie rail to Ursus with road travel to the official Factory Ursus address. Public transport is usually the more predictable option during peak road traffic.",active,5
factory-annopol-car-parking,factory-annopol,car,By Car / Parking,≈20-35 min from central Warsaw (estimated),Parking check centre signage; fuel/ride-hail costs vary,"Use Annopol 2, 03-236 Warszawa. The official Factory Annopol access page lists car routing via Google Maps and the centre parking page; check live traffic for S8/Trasa Toruńska and local Białołęka access before travelling.",active,1
factory-annopol-tram-metro,factory-annopol,train,Metro + Tram to Annopol / Toruńska,≈30-45 min from central Warsaw (estimated),Check official ZTM fare,Use official ZTM Warszawa planning for Metro M2 toward Bródno and tram connections serving Annopol or Toruńska stops. The official outlet access page links visitors to public-transport directions for the Annopol address.,active,2
factory-annopol-bus,factory-annopol,bus,Warsaw Public Bus to Annopol,≈30-50 min from central Warsaw depending on route and traffic (estimated),Check official ZTM fare,"Plan buses to the Annopol / Toruńska / Inowłodzka area with the official ZTM Warszawa journey planner. Verify current lines and stop changes before travel, especially during roadworks around Annopol.",active,3
factory-annopol-airport,factory-annopol,airport,Warsaw Chopin Airport Access,≈30-45 min by car/taxi from Warsaw Chopin Airport; ≈50-75 min by public transport (estimated),Taxi/ride-hail ≈PLN 70-120 (estimated); public transport fare check ZTM,"Warsaw Chopin Airport is the practical airport for Factory Annopol. Use official airport ground-transport information and ZTM planners for connections via central Warsaw, metro, tram or bus.",active,4
factory-annopol-major-city,factory-annopol,bus,Nearby Major City Access from Warsaw Centre,≈30-45 min by public transport or ≈20-35 min by car from central Warsaw (estimated),Check official ZTM fare; road costs vary,"From central Warsaw, compare Metro M2 plus tram/bus via ZTM with road travel to the official Factory Annopol address. Public transport can be preferable when S8 or Trasa Toruńska traffic is heavy.",active,5
wroclaw-fashion-outlet-car-parking,wroclaw-fashion-outlet,car,By Car / Parking,About 15 min west of Wrocław centre,Check official parking terms,Official Wrocław Fashion Outlet FAQ includes parking information and public-transport access; VIA Outlets describes the centre as west of the city and near the airport. Check current parking terms before travel.,active,1
wroclaw-fashion-outlet-tram,wroclaw-fashion-outlet,bus,Wrocław public transport,Check official MPK/Wrocław timetable,Check official fare,"Official centre FAQ lists public-transport access, and VIA Outlets notes a direct tram line from the city. Use official MPK/Wrocław journey planning and check the timetable/fare before travel.",active,2
wroclaw-fashion-outlet-airport,wroclaw-fashion-outlet,airport,Wrocław Airport nearby,About 5 min from Wrocław Airport,Check onward transport fare,"VIA Outlets describes Wrocław Fashion Outlet as about five minutes from Wrocław Airport. Continue by official public transport, car, or taxi/confirmed transfer and check current fares before travel.",active,3
designer-outlet-gdansk-car-parking,designer-outlet-gdansk,car,Car / Free Parking,Check live traffic,Free parking,"Official Designer Outlet Gdańsk directions list access from Gdańsk Główny via Kartuska or Armii Krajowej to Jabłoniowa, or from the S6 bypass via Szadółki/Otomin, with more than 1,000 free parking spaces.",active,1
designer-outlet-gdansk-bus,designer-outlet-gdansk,bus,Gdańsk Public Transport,Check official ZTM Gdańsk planner,Check official ZTM Gdańsk fare,"Use official ZTM Gdańsk journey planning for bus connections to the Przywidzka / Szadółki area, then confirm the current stop and walking route to Designer Outlet Gdańsk.",active,2
designer-outlet-sosnowiec-car,designer-outlet-sosnowiec,car,Car to Designer Outlet Sosnowiec,Check live traffic,Check centre parking terms,"Official Designer Outlet Sosnowiec directions provide the centre GPS coordinates 50.2283076, 19.1770165 for car access; check live traffic before travelling.",active,1
designer-outlet-sosnowiec-bus,designer-outlet-sosnowiec,bus,Bus from Sosnowiec or Katowice,Check official operator timetable,Check official fare,"Official Designer Outlet Sosnowiec directions list buses S and 26 from central Sosnowiec and buses A, E and J from central Katowice, alighting at Sosnowiec Jęzor Centrum Handlowe.",active,2
designer-outlet-sosnowiec-train,designer-outlet-sosnowiec,train,Train to Sosnowiec Jęzor Południowy,Check official rail timetable,Check official rail fare,"Official Designer Outlet Sosnowiec directions list train access from Katowice, Sosnowiec and Jaworzno to Sosnowiec Jęzor Południowy station; verify current rail times before travelling.",active,3
designer-outlet-warszawa-car,designer-outlet-warszawa,car,Car via Puławska and Energetyczna,Check live traffic,Road costs vary; check centre parking terms,"Official Designer Outlet Warszawa directions advise driving from Warsaw along Puławska toward Piaseczno, then turning left into Energetyczna near the Amic Energy petrol station, where the centre is visible on the right.",active,1
designer-outlet-warszawa-bus,designer-outlet-warszawa,bus,ZTM Bus 709 or 727 to Energetyczna,Check official ZTM timetable,Check official ZTM fare,Official Designer Outlet Warszawa directions list bus lines 709 and 727 and instruct visitors to alight at Energetyczna; verify current ZTM Warszawa times before travelling.,active,2
hede-fashion-outlet-car-parking,hede-fashion-outlet,car,By Car / Parking,30 min from Gothenburg city; 45 min from Gothenburg Landvetter Airport,Parking check centre signage; road costs vary,"Use Kungsparksvägen 80, 434 39 Kungsbacka. VIA Outlets lists Hede Fashion Outlet 30 minutes from Gothenburg city and 45 minutes from Gothenburg Landvetter Airport; the official centre page provides Parking & Route with Google Maps routing.",active,1
hede-fashion-outlet-train,hede-fashion-outlet,train,Västtrafik Train to Hede Station,≈20-25 min from Göteborg Central to Hede Station plus ≈8-10 min walk (estimated),Check official Västtrafik fare,"Use Västtrafik trains between Göteborg Central and Hede Station, then walk to Kungsparksvägen 80. Confirm current train frequency, accessibility and fares in the official Västtrafik planner before travelling.",active,2
hede-fashion-outlet-bus,hede-fashion-outlet,bus,Västtrafik Local Bus to Kungsbacka/Hede,Check official timetable,Check official Västtrafik fare,Use the official Västtrafik planner for buses serving the Kungsbacka Hedebrovägen / Hede area near the outlet. Bus routing can be useful from Kungsbacka and nearby suburbs when train times are inconvenient.,active,3
hede-fashion-outlet-shuttle,hede-fashion-outlet,shuttle,Official Free Shuttle Bus from Gothenburg,"≈30 min from Heden, Bohusgatan to Hede Fashion Outlet (estimated)",Free of charge when operating,"The official Hede Fashion Outlet shuttle page says the free shopping bus runs during selected summer weeks from Heden, Bohusgatan in central Gothenburg to the small entrance at the outlet. Seats are first come, and times may vary with traffic, so check the official shuttle page before relying on it.",active,4
hede-fashion-outlet-airport,hede-fashion-outlet,airport,Gothenburg Landvetter Airport Access,45 min by road from Gothenburg Landvetter Airport,Taxi/transfer fare check provider; public transport fare check operators,"VIA Outlets lists Hede Fashion Outlet 45 minutes from Gothenburg Landvetter Airport. Continue by rental car, taxi, private transfer, or airport coach plus Västtrafik connections via Gothenburg or Kungsbacka.",active,5
hede-fashion-outlet-major-city,hede-fashion-outlet,train,Nearby Major City Access from Gothenburg,30 min from Gothenburg city; 30 min from Gothenburg Central Station,Check official Västtrafik fare; road costs vary,VIA Outlets lists the centre 30 minutes from Gothenburg city and 30 minutes from Gothenburg Central Station. Compare Västtrafik rail to Hede Station with road travel and the official seasonal shuttle when operating.,active,6
norwegian-outlet-car-parking,norwegian-outlet,car,By Car / Free Parking,25 min from Oslo,Free parking,"Use Vestbyveien 155, 1543 Vestby. The official Oslo Fashion Outlet route page says the centre is 25 minutes from Oslo and offers 1,000 free parking spaces plus 37 electric-vehicle charging stations.",active,1
norwegian-outlet-train,norwegian-outlet,train,Train to Vestby Station,≈25-35 min by train from Oslo S plus local onward transfer (estimated),Check official Vy/Ruter fare,"Use official Vy or Ruter journey planners for trains from Oslo S to Vestby station, then continue by local bus, taxi or walking route to Oslo Fashion Outlet.",active,2
norwegian-outlet-bus,norwegian-outlet,bus,Local Bus to Vestby / Outlet Area,Check official Ruter timetable,Check official Ruter fare,Plan local bus access through the official Ruter planner for stops around Vestbyveien and Vestby station; routes and stop patterns can change by day and season.,active,3
norwegian-outlet-oslo-shuttle,norwegian-outlet,shuttle,Official Saturday Shuttle from Oslo,25 min from Oslo (road time; traffic may vary),Check official shuttle details,"The official outlet route page states that a Saturday shuttle bus runs direct from Oslo to Vestby with several departures. Confirm current pickup point, times, booking rules and fare before travelling.",active,4
norwegian-outlet-airport,norwegian-outlet,airport,Oslo Airport Access,≈60-75 min by car from Oslo Airport (estimated),Rail/bus fare check official operators; taxi/transfer confirm with provider,"From Oslo Airport, use the official airport train or Vy/Ruter services into Oslo for onward train/bus connections to Vestby, or continue by rental car or transfer via the E6.",active,5
norwegian-outlet-oslo-city,norwegian-outlet,train,Nearby Major City Access from Oslo,25 min by car from Oslo; ≈35-50 min by public transport plus onward transfer (estimated),Check official Vy/Ruter fare; road costs vary,"For Oslo trips, compare direct road travel with Vy/Ruter rail to Vestby and onward local transport; the official outlet page positions the centre as a short trip from Oslo.",active,6
ideapark-lempaala-outlet-car-parking,ideapark-lempaala-outlet,car,By Car via Highway 3 / E12,≈20 min from Tampere city centre; ≈20-25 min from Tampere-Pirkkala Airport (estimated),Road costs vary; customer parking is free,"Use Ideaparkinkatu 4, 37570 Lempäälä. Ideapark is beside the Tampere-Helsinki motorway corridor with large signed customer parking areas.",active,1
ideapark-lempaala-outlet-bus,ideapark-lempaala-outlet,bus,Regional Bus from Tampere,Check official Nysse timetable,Check official Nysse fare,Use the official Tampere regional public transport planner for current bus connections to Ideapark Lempäälä and return services.,active,2
ideapark-lempaala-outlet-train-bus,ideapark-lempaala-outlet,train,Train to Tampere or Lempäälä + Bus/Taxi,Timing varies by VR and local transfer,"Check official VR, Nysse and taxi fares","Arrive by VR train at Tampere or Lempäälä, then continue with the official local bus planner or taxi to Ideaparkinkatu 4.",active,3
ideapark-lempaala-outlet-airport,ideapark-lempaala-outlet,airport,Tampere-Pirkkala Airport Access,≈20-25 min by car (estimated),Taxi/transfer confirm with provider; public transport fare check official operators,"From Tampere-Pirkkala Airport, use taxi, rental car or official local transport connections via Tampere/Lempäälä to reach Ideapark.",active,4
fashion-arena-prague-car-parking,fashion-arena-prague-outlet,car,By Car / Free Parking,≈20-30 min from central Prague (estimated),Free parking,"Use Zamenhofova 440, Praha-Štěrboholy, 108 00. The official practical information page lists free parking and e-car charging; road access is via the Štěrboholy / Prague ring-road area.",active,1
fashion-arena-prague-shuttle-238,fashion-arena-prague-outlet,shuttle,Official Shuttle Bus 238 from Metro A Depo Hostivař,≈10-15 min from Depo Hostivař to Fashion Arena Štěrboholy (estimated),Check official shuttle/timetable details,"The official shuttle page states bus 238 departs from the final metro A station Depo Hostivař via Malešická továrna, Na Homoli and Průmyslová to Fashion Arena Štěrboholy. Check the official shuttle timetable before travelling.",active,2
fashion-arena-prague-metro-bus,fashion-arena-prague-outlet,bus,Prague Public Transport via Metro A + Bus 238,≈30-45 min from central Prague (estimated),Check official PID/DPP fare,"Use Prague metro line A to Depo Hostivař, then continue on bus 238 to Fashion Arena Štěrboholy. Confirm current PID/DPP ticket validity, accessibility and live departures before travelling.",active,3
fashion-arena-prague-train,fashion-arena-prague-outlet,train,Rail to Prague + Metro/Bus Connection,Check official České dráhy / PID timetable,Check official rail and PID fares,"Arrive at Prague main railway station or another Prague rail gateway, transfer to the metro network, then use line A toward Depo Hostivař and bus 238 to Fashion Arena Štěrboholy.",active,4
fashion-arena-prague-airport,fashion-arena-prague-outlet,airport,Václav Havel Airport Prague Access,≈35-50 min by car / ≈60-80 min by public transport (estimated),PID fare check official tariff; taxi/transfer confirm with provider,"From Václav Havel Airport Prague, use official airport/PID connections into the metro network and continue to Depo Hostivař for bus 238, or use taxi, transfer or rental car across Prague.",active,5
fashion-arena-prague-city-centre,fashion-arena-prague-outlet,bus,Nearby Major City Access from Prague Centre,≈20-30 min by car / ≈30-45 min by metro and shuttle bus (estimated),Check official PID/DPP fare; road costs vary,"For central Prague trips, the official centre highlights transport from downtown and the shuttle from metro A. Compare road travel with PID/DPP metro plus bus 238 before departure.",active,6
premier-outlet-budapest-car-parking,premier-outlet-budapest,car,By Car / Parking,≈20-30 min from central Budapest (estimated),Parking available; road costs vary,"Use Premier Outlet Budapest, Biatorbágy. The official directions page highlights direct access from Budapest and on-site arrival by road; allow extra time during M1/M7 peak traffic.",active,1
premier-outlet-budapest-volanbusz-760-762-767,premier-outlet-budapest,bus,Direct Bus from Budapest-Kelenföld,"20 min from Budapest-Kelenföld to Biatorbágy, Premier Outlet (official)",Check official Volánbusz/MÁV timetable and tariff,"The official outlet directions list buses 760, 762 and 767 from Budapest-Kelenföld station directly to the Biatorbágy, Premier Outlet stop. Reach Kelenföld by metro M4, tram 19/49/1 or connecting buses.",active,2
premier-outlet-budapest-cityrama-vip-shuttle,premier-outlet-budapest,shuttle,Official VIP Shuttle from Central Budapest,Check official Cityrama booking details,Small fee; check official Cityrama booking details,"Premier Outlet Budapest lists an official Cityrama VIP Shuttle from the heart of Budapest for a half-day shopping experience. Register in advance and verify pickup point, fee and return time.",active,3
premier-outlet-budapest-rail-kelenfold-connection,premier-outlet-budapest,train,Rail to Budapest-Kelenföld + Direct Bus,Check official MÁV timetable; then 20 min by direct outlet bus (official bus duration),Check official MÁV and Volánbusz fares,"Arrive at Budapest-Kelenföld by national or suburban rail, then transfer to official bus 760, 762 or 767 for the direct ride to Biatorbágy, Premier Outlet.",active,4
premier-outlet-budapest-airport,premier-outlet-budapest,airport,Budapest Airport Access,≈35-50 min by car / ≈60-80 min by public transport via Budapest-Kelenföld (estimated),Airport taxi/transfer fares vary; public transport check official tariff,"From Budapest Ferenc Liszt International Airport, continue by rental car, taxi or transfer, or use official airport-city transport into Budapest and connect to Kelenföld for buses 760, 762 or 767.",active,5
premier-outlet-budapest-major-city-access,premier-outlet-budapest,bus,Nearby Major City Access from Budapest,20 min by direct bus from Kelenföld (official) / ≈20-30 min by car from central Budapest (estimated),Check official Volánbusz/MÁV tariff; road costs vary,"For most visitors, Budapest-Kelenföld is the simplest public-transport gateway because the official outlet buses stop directly at the centre.",active,6
ros-designer-outlet-car-parking,ros-designer-outlet,car,By Car / Free Parking,≈20-30 min from central Zagreb (estimated),Free parking,"Use Designer Outlet Croatia, Alfreda Nobela 4, Sop, 10361 Sesvete-Kraljevec. The official services page lists free parking and the centre is opposite IKEA in the Rugvica commercial zone.",active,1
ros-designer-outlet-zagreb-bus,ros-designer-outlet,bus,Zagreb Public Bus to IKEA / Rugvica Area,≈35-55 min from central Zagreb (estimated),Check official ZET tariff,Use official ZET route and timetable tools for buses serving the IKEA / Rugvica commercial area near Designer Outlet Croatia. Confirm the nearest stop and evening return times before travelling.,active,2
ros-designer-outlet-train-sesvetski-kraljevec,ros-designer-outlet,train,Rail to Sesvetski Kraljevec + Walk/Taxi,≈25-35 min by train from Zagreb Glavni kolodvor plus ≈25-30 min walk or short taxi (estimated),Check official HŽPP fare; taxi costs vary,"Use official HŽPP suburban/regional trains toward Sesvetski Kraljevec, then continue on foot only if conditions suit or take a short taxi/rideshare to the outlet.",active,3
ros-designer-outlet-airport-zagreb,ros-designer-outlet,airport,Zagreb Airport Access,≈15-25 min by car from Zagreb Airport (estimated),Taxi/transfer/rental-car costs vary; public transport check official airport and ZET tariffs,"From Zagreb Franjo Tuđman Airport, continue by rental car, taxi or transfer. By public transport, use official airport-city services into Zagreb and connect with ZET/HŽPP options toward Sesvete/Rugvica.",active,4
ros-designer-outlet-major-city-access,ros-designer-outlet,car,Nearby Major City Access from Zagreb,≈20-30 min by car / ≈35-60 min by public transport from central Zagreb (estimated),Check official ZET/HŽPP fares; road costs vary,Designer Outlet Croatia is in the Zagreb east / Rugvica commercial area. Compare driving with official ZET bus or HŽPP rail connections before departure.,active,5
viaport-asia-iett-bus,viaport-asia-outlet-shopping,bus,İETT Buses to Viaport Asia,,,"Use İETT lines 132K, KM25, KM27, 16KH, 134 or 130H; confirm the current route and stop before travel.",active,1
viaport-asia-public-minibus,viaport-asia-outlet-shopping,bus,Public Minibus to Viaport Asia,,,"Use a Pendik–Kurtköy–Viaport, Pendik–Velibaba–Viaport, Kartal–Sultanbeyli–Viaport, Dudullu–Yedpa–Viaport or Çekmeköy–Madenler–Viaport minibus.",active,2
viaport-asia-car-free-parking,viaport-asia-outlet-shopping,car,Car / Free Parking,,Free parking,"Use Viaport Asia at Yenişehir Mahallesi, Dedepaşa Caddesi No:19, Pendik. Official outlet information confirms free parking.",active,3
olivium-marmaray-kazlicesme,olivium-outlet-center,train,Marmaray to Kazlıçeşme,,,"From Kazlıçeşme, the official outlet guidance indicates an approximately five-minute walk.",active,1
olivium-m1a-zeytinburnu,olivium-outlet-center,metro,M1A Metro to Zeytinburnu,,,"From Zeytinburnu, the official outlet guidance indicates an approximately 10-minute onward bus or minibus connection.",active,2
olivium-t1-zeytinburnu,olivium-outlet-center,train,T1 Tram to Zeytinburnu,,,"From Zeytinburnu, the official outlet guidance indicates an approximately 10-minute onward bus or minibus connection.",active,3
olivium-metrobus-zeytinburnu,olivium-outlet-center,bus,Metrobüs to Zeytinburnu,,,"From Zeytinburnu, the official outlet guidance indicates an approximately 10-minute onward bus or minibus connection.",active,4
olivium-municipal-buses,olivium-outlet-center,bus,Municipal Buses to Olivium,,,"Use lines 93, 93C, 93M, 93T, BN3, MR11, MR20 or 97E; confirm the current route and stop before travel.",active,5
olivium-ferry-sea-access,olivium-outlet-center,ferry,Ferry / Sea Access,,,"Travel Kadıköy or Üsküdar → Eminönü → T1, or Bostancı or Kadıköy → Yenikapı → Marmaray → Kazlıçeşme.",active,6
olivium-car-access,olivium-outlet-center,car,Car Access,,,"Use Olivium Outlet Center, Prof. Dr. Muammer Aksoy Cad. No:30, Zeytinburnu.",active,7
starcity-m9-dogu-sanayi,starcity-outlet,metro,M9 Metro to Doğu Sanayi,,,Doğu Sanayi station is approximately 500 metres from StarCity Outlet.,active,1
starcity-metrobus-local-connection,starcity-outlet,bus,Metrobüs + Local Connection,,,"Transfer at Şirinevler, Yenibosna or Sefaköy, then continue by minibus, bus or M9.",active,2
starcity-iett-buses,starcity-outlet,bus,İETT Buses to StarCity,,,"Use lines 31, 31E, 36AY, 78B, 79F, 79G, 79K, 79Ş, 89YB, 98B, 98H or 98T. Nearby official stops include Dr. Enver Ören Kültür Merkezi and Alışveriş Merkezi – Bahçelievler.",active,3
starcity-minibuses,starcity-outlet,bus,Minibus to StarCity,,,Use the Şirinevler–Yenibosna or Küçükçekmece–Sefaköy minibus routes.,active,4
starcity-car-free-parking,starcity-outlet,car,Car / Free Parking,,Free parking,"Use StarCity Outlet at Yenibosna Merkez Mahallesi, Değirmenbahçe Caddesi No:34, Bahçelievler. Official outlet information confirms free parking.",active,5
venezia-t4-kiptas,venezia-mega-outlet,train,T4 Tram to Kiptaş–Venezia,,,Take the T4 tram to Kiptaş–Venezia.,active,1
venezia-m7-karadeniz-mahallesi,venezia-mega-outlet,metro,M7 Metro to Karadeniz Mahallesi,,,Take the M7 metro to Karadeniz Mahallesi.,active,2
venezia-metrobus-t4-transfer,venezia-mega-outlet,bus,Metrobüs + T4,,,Transfer at Edirnekapı/Şehitlik for the T4 tram to Kiptaş–Venezia.,active,3
venezia-marmaray-m1a-t4,venezia-mega-outlet,train,Marmaray + M1A + T4,,,Travel Yenikapı → M1A → Topkapı–Ulubatlı → T4 → Kiptaş–Venezia.,active,4
venezia-iett-buses,venezia-mega-outlet,bus,İETT Buses to Venezia Mega Outlet,,,"Use lines 36A, 36E, 36M, 36V, 36CY, 36EM, 336, 336E, 336M, 336Y or 79KM; confirm the current route and stop before travel.",active,5
venezia-car-access,venezia-mega-outlet,car,Car Access,,,"Use Venezia Mega Outlet at Karadeniz Mahallesi, Eski Edirne Asfaltı Caddesi No:408, Gaziosmanpaşa.",active,6
venezia-taxi,venezia-mega-outlet,taxi,Venezia Mega Taxi / Karadeniz Taxi,,,Use Venezia Mega Taxi or Karadeniz Taxi for local taxi access.,active,7
212-m9-halkali-caddesi,212-outlet,metro,M9 Metro to 212 Outlet–Halkalı Caddesi,,,Take the M9 Ataköy–Olimpiyat Metro line to 212 Outlet–Halkalı Caddesi station and use Exit 1.,active,1
212-marmaray-m9-atakoy,212-outlet,train,Marmaray + M9 via Ataköy,,,"Transfer from Marmaray to the M9 Metro line at Ataköy, then continue to 212 Outlet–Halkalı Caddesi station.",active,2
212-m1a-m9-yenibosna,212-outlet,metro,M1A + M9 via Yenibosna,,,"Transfer from the M1A Yenikapı–Atatürk Havalimanı Metro line to M9 at Yenibosna, then continue to 212 Outlet–Halkalı Caddesi station.",active,3
212-m7-m3-m9-transfer,212-outlet,metro,M7 + M3 + M9 Metro Transfer,,,"Take M7 to Mahmutbey, transfer to M3, then transfer to M9 at İkitelli Sanayi and continue to 212 Outlet–Halkalı Caddesi station.",active,4
212-public-minibuses,212-outlet,bus,Public Minibuses to 212 Outlet,,,Use the İstoç–Şirinevler or A-48 İkitelli Organize Sanayi minibus services listed by 212 Outlet.,active,5
212-iett-buses,212-outlet,bus,Buses to 212 Outlet,,,"Use lines HT13, 89T, 89C, 98T or 98H; confirm the current route and stop before travel.",active,6
212-car-free-indoor-parking,212-outlet,car,Car / Free Indoor Parking,,Free parking,"Use 212 Outlet at Taşocağı Yolu Caddesi No:5, Mahmutbey, Bağcılar. Official outlet information confirms free indoor parking for approximately 3,500 vehicles.",active,7
optimum-istanbul-metro-yenisahra,optimum-premium-outlet-istanbul,metro,Kadıköy–Sabiha Gökçen Metro to Yenisahra,,,Take the Kadıköy–Sabiha Gökçen Metro line to Yenisahra station for Optimum Premium Outlet.,active,1
optimum-istanbul-yenisahra-buses,optimum-premium-outlet-istanbul,bus,Buses via Yenisahra,,,Use buses serving the Yenisahra stop on the E5 highway and confirm the current line before travel.,active,2
optimum-istanbul-yenisahra-minibuses,optimum-premium-outlet-istanbul,bus,Minibuses via Yenisahra,,,Use minibuses serving the Yenisahra stop on the E5 highway and confirm the current service before travel.,active,3
optimum-istanbul-car-e5-access,optimum-premium-outlet-istanbul,car,Car Access via the E5 Highway,,,"From the E5 highway toward Kartal, use the Yenisahra exit; from the Kadıköy direction, Optimum Premium Outlet is directly beside the main road at Elibol Sokak No:2/B.",active,4
izmir-optimum-izban-esbas,izmir-optimum,train,İZBAN to Esbaş,,,Take the Cumaovası–Aliağa İZBAN line to Esbaş station for İzmir Optimum.,active,1
izmir-optimum-metro-izban-transfer,izmir-optimum,metro,Metro + İZBAN via Halkapınar or Hilal,,,"Transfer from İzmir Metro to İZBAN at Halkapınar or Hilal, then continue on the Cumaovası–Aliağa line to Esbaş.",active,2
izmir-optimum-airport-direction-buses,izmir-optimum,bus,Buses via Akçay Caddesi,,,Use buses travelling along Akçay Caddesi toward Adnan Menderes Airport and get off at Esbaş.,active,3
izmir-optimum-airport-direction-minibuses,izmir-optimum,bus,Minibuses via Akçay Caddesi,,,Use minibuses travelling along Akçay Caddesi toward Adnan Menderes Airport and get off at Esbaş.,active,4
izmir-optimum-car-access,izmir-optimum,car,Car Access,,,Follow the Gaziemir exit from the Çeşme–Aydın ring road or travel toward Gaziemir via Akçay Caddesi to reach İzmir Optimum at Akçay Caddesi No:101.,active,5
deepo-antray-t1-sinan,deepo-outlet-center,train,Antray T1 via Sinan,,,Use the Antray T1 Fatih–Havalimanı–Expo corridor and alight at Sinan for Deepo Outlet Center access; confirm current service before travel.,active,1
deepo-airport-bus-600-600g,deepo-outlet-center,bus,Airport / Bus Station Buses 600 and 600G,,,Use the official 600 or 600G bus corridor between Antalya Bus Station and Antalya Airport for Deepo access; confirm the current stop before travel.,active,2
deepo-public-buses,deepo-outlet-center,bus,Public Buses to Deepo Outlet Center,,,"Official Deepo access information lists lines 511, AF04, BA22, 45, SA19, SA65, 188 and MAN47; confirm the current route and stop before travel.",active,3
deepo-car-access,deepo-outlet-center,car,Car Access,,,"Use Deepo Outlet Center at Altınova Sinan Mahallesi, Serik Caddesi No:309, Kepez, Antalya.",active,4
deepo-taxi-stand,deepo-outlet-center,taxi,Deepo Taxi Stand,,,Deepo Outlet Center publishes an on-site taxi stand for local taxi access.,active,5
dubai-outlet-mall-rta-bus-66,dubai-outlet-mall,bus,RTA Bus 66 from Al Ghubaiba,,Approx. AED 5–7.50,"Take RTA Bus 66 from Al Ghubaiba Bus Station toward Faqa, Terminus and alight at Dubai Outlet Mall 01 near the mall’s easternmost entrance. Confirm the current timetable, return service and nol Silver Card fare with RTA before travel.",active,1
dubai-outlet-mall-free-hotel-shuttle,dubai-outlet-mall,shuttle,Free Hotel Shuttle,,Free when confirmed with the mall,"Dubai Outlet Mall states that it operates a free shuttle service to various hotels in and around Dubai, but participating hotels vary. Contact the mall Tourism Department to confirm the current hotel, pickup point, timetable, reservation requirements and return service before relying on it.",active,2
dubai-outlet-mall-car-parking,dubai-outlet-mall,car,Car / Parking,,,"Drive to Dubai Outlet Mall on Dubai–Al Ain Road, Route 66. The official mall FAQ confirms ample parking facilities; check current access and parking conditions before travel.",active,3
the-outlet-village-car-parking,the-outlet-village,car,Car / Parking,"Approx. 25–65 min from DWC, Ibn Battuta or central Dubai; traffic varies",Parking is available; fuel and rental costs vary,Drive to Dubai Parks and Resorts in Jebel Ali and follow signs for The Outlet Village; parking is available at the destination.,active,1
the-outlet-village-taxi,the-outlet-village,taxi,Taxi / Ride-hailing,"Approx. 25–65 min, depending on origin and traffic","Approx. AED 55–190, depending on origin; app fares vary",Use the official destination pin and confirm the estimated fare before departure; journey time varies materially with Dubai traffic.,active,2
the-outlet-village-ibn-battuta-connection,the-outlet-village,bus,Ibn Battuta public-transport connection,Approx. 35–55 min after boarding; verify current timetable,Approx. AED 5–7.50 with a standard nol card; confirm current zones/fare,The official mall FAQ identifies buses from Ibn Battuta Mall Metro Station. Verify the current RTA connection and timetable before travel because the mall does not publish a route number.,active,3
the-outlet-village-hotel-shuttle,the-outlet-village,shuttle,Participating hotel shuttle,"Depends on participating hotel, route and stops",Confirm with participating hotel; inclusion or fee varies,"Some hotels offer a shuttle to the destination. Confirm participation, booking, pickup and return directly with your hotel before relying on it.",active,4
al-khiran-hybrid-outlet-mall-car,al-khiran-hybrid-outlet-mall,car,Drive from Kuwait City or KWI,"Approx. 65–100 min, depending on origin and traffic",Parking is available; fuel and rental costs vary,"Use Arabian Gulf Road toward Al Khiran and navigate to the official mall pin. Tamdeen confirms 4,884 parking spaces; road conditions and journey time vary.",active,1
al-khiran-hybrid-outlet-mall-taxi,al-khiran-hybrid-outlet-mall,taxi,Taxi / Ride-hailing,"Approx. 65–100 min, depending on origin and traffic","Approx. KWD 19–35 depending on origin/service; official KWI airport taxi fare to Al Khiran is KWD 19, while city/app quotes vary","Enter the full mall name and Al Khiran pin, not Khiran Square or Norma Mall. Arrange or confirm a return ride because no scheduled mall public-transport service was verified.",active,2
